sample_index,elapsed_s,power_W
0,0.0,5.313
1,1.0,5.394
2,2.0,5.676
3,3.0,5.635
4,4.0,5.716
5,5.0,5.595
6,6.0,5.635
7,7.0,5.586
8,8.0,5.595
9,9.0,5.595
10,10.0,5.676
11,11.0,5.676
12,12.0,5.635
13,13.0,5.676
14,14.0,5.595
15,15.0,5.635
16,16.0,5.877
17,17.0,6.521
18,18.0,6.832
19,19.0,6.511
20,20.0,6.109
21,21.0,6.038
22,22.0,5.998
23,23.0,6.712
24,24.0,6.511
25,25.0,6.35
26,26.0,6.229
27,27.0,5.917
28,28.0,5.957
29,29.0,7.113
30,30.0,6.752
31,31.0,6.269
32,32.0,5.998
33,33.0,5.957
34,34.0,6.239
35,35.0,6.631
36,36.0,6.792
37,37.0,6.159
38,38.0,5.998
39,39.0,5.877
40,40.0,6.521
41,41.0,6.993
42,42.0,6.591
43,43.0,6.199
44,44.0,5.957
45,45.0,5.917
46,46.0,6.481
47,47.0,6.561
48,48.0,6.39
49,49.0,6.189
50,50.0,5.917
51,52.0,5.917
52,53.0,7.033
53,54.0,6.832
54,55.0,6.31
55,56.0,5.998
56,57.0,5.917
57,58.0,6.551
58,59.0,6.913
59,60.0,6.631
60,61.0,6.078
61,62.0,6.038
62,63.0,5.877
63,64.0,6.481
64,65.0,6.712
65,66.0,6.43
66,67.0,6.038
67,68.0,5.998
68,69.0,5.877
69,70.0,7.274
70,71.0,6.712
71,72.0,6.36
72,73.0,6.038
73,74.0,5.998
74,75.0,5.998
75,76.0,6.671
76,77.0,6.792
77,78.0,6.239
78,79.0,5.998
79,80.0,5.917
80,81.0,6.561
81,82.0,6.913
82,83.0,6.551
83,84.0,6.118
84,85.0,5.917
85,86.0,5.917
86,87.0,6.763
87,88.0,6.551
88,89.0,6.35
89,90.0,6.159
90,91.0,5.957
91,92.0,5.877
92,93.0,6.913
93,94.0,6.712
94,95.0,6.31
95,96.0,6.038
96,97.0,5.917
97,98.0,6.551
98,99.0,6.993
99,100.0,6.671
100,101.0,6.279
101,102.0,5.998
102,103.0,5.917
103,104.0,6.44
104,105.0,6.591
105,106.0,6.44
106,107.0,5.998
107,108.0,5.957
108,109.0,5.917
109,110.0,7.194
110,111.0,6.631
111,112.0,6.279
112,113.0,6.038
113,114.0,5.917
114,115.0,6.279
115,116.0,6.712
116,117.0,6.712
117,118.0,6.118
118,119.0,5.957
119,120.0,5.877
120,121.0,6.521
121,122.0,6.752
122,123.0,6.551
123,124.0,6.078
124,125.0,6.038
125,126.0,5.917
126,127.0,7.113
127,128.0,6.832
128,129.0,6.36
129,130.0,6.078
130,131.0,5.998
131,132.0,5.877
132,133.0,6.792
133,134.0,6.631
134,135.0,6.239
135,136.0,6.038
136,137.0,5.877
137,138.0,6.521
138,139.0,7.033
139,140.0,6.551
140,141.0,6.159
141,142.0,5.957
142,143.0,5.917
143,144.0,6.44
144,145.0,6.481
145,147.0,6.4
146,148.0,6.159
147,149.0,5.917
148,150.0,5.877
149,151.0,7.033
150,152.0,6.792
151,153.0,6.279
152,154.0,5.998
153,155.0,5.917
154,156.0,6.481
155,157.0,6.913
156,158.0,6.631
157,159.0,6.078
158,160.0,6.038
159,161.0,5.837
160,162.0,6.44
161,163.0,6.712
162,164.0,6.44
163,165.0,6.038
164,166.0,5.998
165,167.0,5.917
166,168.0,7.234
167,169.0,6.752
168,170.0,6.36
169,171.0,6.078
170,172.0,5.957
171,173.0,5.957
172,174.0,6.671
173,175.0,6.752
174,176.0,6.159
175,177.0,6.038
176,178.0,5.877
177,179.0,6.601
178,180.0,6.913
179,181.0,6.561
180,182.0,6.118
181,183.0,5.957
182,184.0,5.917
183,185.0,6.763
184,186.0,6.521
185,187.0,6.4
186,188.0,6.159
187,189.0,5.957
188,190.0,5.877
189,191.0,6.913
190,192.0,6.712
191,193.0,6.32
192,194.0,5.998
193,195.0,5.877
194,196.0,6.561
195,197.0,6.993
196,198.0,6.752
197,199.0,6.239
198,200.0,5.998
199,201.0,5.877
200,202.0,6.44
201,203.0,6.642
202,204.0,6.39
203,205.0,5.998
204,206.0,5.957
205,207.0,5.877
206,208.0,7.234
207,209.0,6.631
208,210.0,6.279
209,211.0,5.998
210,212.0,5.917
211,213.0,6.279
212,214.0,6.671
213,215.0,6.712
214,216.0,6.118
215,217.0,5.957
216,218.0,5.877
217,219.0,6.521
218,220.0,6.792
219,221.0,6.511
220,222.0,6.118
221,223.0,5.957
222,224.0,5.917
223,225.0,6.993
224,226.0,6.792
225,227.0,6.269
226,228.0,6.118
227,229.0,5.998
228,230.0,5.917
229,231.0,6.792
230,232.0,6.671
231,233.0,6.239
232,234.0,6.078
233,235.0,5.877
234,236.0,6.521
235,237.0,7.073
236,238.0,6.631
237,239.0,6.199
238,240.0,5.998
239,241.0,5.917
240,243.0,6.44
241,244.0,6.521
242,245.0,6.44
243,246.0,6.118
244,247.0,5.917
245,248.0,5.877
246,249.0,7.033
247,250.0,6.752
248,251.0,6.189
249,252.0,5.998
250,253.0,5.917
251,254.0,6.44
252,255.0,6.872
253,256.0,6.631
254,257.0,6.038
255,258.0,6.038
256,259.0,5.837
257,260.0,6.481
258,261.0,6.712
259,262.0,6.44
260,263.0,6.038
261,264.0,5.957
262,265.0,5.877
263,266.0,7.194
264,267.0,6.752
265,268.0,6.35
266,269.0,6.038
267,270.0,5.957
268,271.0,5.877
269,272.0,6.671
270,273.0,6.712
271,274.0,6.199
272,275.0,5.998
273,276.0,5.877
274,277.0,6.601
275,278.0,6.953
276,279.0,6.511
277,280.0,6.159
278,281.0,5.917
279,282.0,5.917
280,283.0,6.631
281,284.0,6.511
282,285.0,6.35
283,286.0,6.199
284,287.0,5.877
285,288.0,5.917
286,289.0,6.953
287,290.0,6.752
288,291.0,6.32
289,292.0,5.998
290,293.0,5.877
291,294.0,6.601
292,295.0,6.993
293,296.0,6.682
294,297.0,6.239
295,298.0,5.998
296,299.0,5.917
297,300.0,6.44
298,301.0,6.631
299,302.0,6.36
300,303.0,5.998
301,304.0,5.957
302,305.0,5.756
303,306.0,5.877
304,307.0,6.44
305,308.0,6.481
306,309.0,6.4
307,310.0,6.159
308,311.0,5.917
309,312.0,5.796
310,313.0,5.837
311,314.0,6.44
312,315.0,6.712
313,316.0,6.44
314,317.0,6.078
315,318.0,5.957
316,319.0,5.796
317,320.0,5.595
318,321.0,5.877
319,322.0,7.154
320,323.0,6.682
321,324.0,6.239
322,325.0,5.998
323,326.0,5.917
324,327.0,5.716
325,328.0,5.877
326,329.0,6.792
327,330.0,6.642
328,331.0,6.239
329,332.0,6.038
330,333.0,5.917
331,334.0,5.676
332,335.0,5.877
333,336.0,6.872
334,338.0,6.712
335,339.0,6.279
336,340.0,6.078
337,341.0,5.917
338,342.0,5.716
339,343.0,5.877
340,344.0,6.993
341,345.0,6.752
342,346.0,6.36
343,347.0,5.957
344,348.0,5.917
345,349.0,5.676
346,350.0,5.917
347,351.0,7.073
348,352.0,6.832
349,353.0,6.199
350,354.0,5.998
351,355.0,5.917
352,356.0,5.676
353,357.0,5.877
354,358.0,6.993
355,359.0,6.792
356,360.0,6.279
357,361.0,5.957
358,362.0,5.917
359,363.0,5.716
360,364.0,5.877
361,365.0,6.792
362,366.0,6.601
363,367.0,6.239
364,368.0,6.038
365,369.0,5.877
366,370.0,5.676
367,371.0,5.877
368,372.0,6.671
369,373.0,6.671
370,374.0,6.199
371,375.0,5.998
372,376.0,5.877
373,377.0,5.716
374,378.0,5.877
375,379.0,6.722
376,380.0,6.722
377,381.0,6.199
378,382.0,5.998
379,383.0,5.877
380,384.0,5.676
381,385.0,6.038
382,386.0,6.642
383,387.0,6.792
384,388.0,6.159
385,389.0,5.998
386,390.0,5.877
387,391.0,5.676
388,392.0,6.118
389,393.0,6.642
390,394.0,6.792
391,395.0,6.159
392,396.0,5.957
393,397.0,5.877
394,398.0,5.676
395,399.0,6.36
396,400.0,6.792
397,401.0,6.712
398,402.0,6.078
399,403.0,5.998
400,404.0,5.837
401,405.0,5.716
402,406.0,5.998
403,407.0,6.682
404,408.0,6.763
405,409.0,6.199
406,410.0,5.998
407,411.0,5.877
408,412.0,5.676
409,413.0,6.279
410,414.0,6.712
411,415.0,6.682
412,416.0,6.078
413,417.0,5.957
414,418.0,5.837
415,419.0,5.676
416,420.0,6.4
417,421.0,6.872
418,422.0,6.642
419,423.0,6.038
420,424.0,6.038
421,425.0,5.837
422,426.0,5.676
423,427.0,6.561
424,428.0,6.993
425,429.0,6.682
426,430.0,6.239
427,431.0,5.957
428,433.0,5.877
429,434.0,5.635
430,435.0,6.521
431,436.0,6.993
432,437.0,6.561
433,438.0,6.159
434,439.0,5.998
435,440.0,5.837
436,441.0,5.635
437,442.0,6.239
438,443.0,6.671
439,444.0,6.722
440,445.0,6.118
441,446.0,5.957
442,447.0,5.877
443,448.0,5.676
444,449.0,5.917
445,450.0,6.924
446,451.0,6.722
447,452.0,6.279
448,453.0,6.118
449,454.0,5.998
450,455.0,5.756
451,456.0,5.635
452,457.0,6.561
453,458.0,6.883
454,459.0,6.601
455,460.0,6.118
456,461.0,5.957
457,462.0,5.837
458,463.0,5.676
459,464.0,6.521
460,465.0,6.803
461,466.0,6.521
462,467.0,6.078
463,468.0,5.998
464,469.0,5.837
465,470.0,5.635
466,471.0,6.521
467,472.0,6.763
468,473.0,6.481
469,474.0,6.078
470,475.0,5.998
471,476.0,5.796
472,477.0,5.877
473,478.0,6.4
474,479.0,6.561
475,480.0,6.481
476,481.0,5.957
477,482.0,5.917
478,483.0,5.796
479,484.0,5.917
480,485.0,6.44
481,486.0,6.642
482,487.0,6.36
483,488.0,5.998
484,489.0,5.957
485,490.0,5.796
486,491.0,5.877
487,492.0,6.44
488,493.0,6.481
489,494.0,6.44
490,495.0,6.118
491,496.0,5.917
492,497.0,5.756
493,498.0,5.635
494,499.0,6.561
495,500.0,7.033
496,501.0,6.671
497,502.0,6.239
498,503.0,6.038
499,504.0,5.917
500,505.0,5.676
501,506.0,5.877
502,507.0,6.872
503,508.0,6.722
504,509.0,6.279
505,510.0,6.118
506,511.0,5.877
507,512.0,5.716
508,513.0,5.877
509,514.0,6.883
510,515.0,6.642
511,516.0,6.279
512,517.0,6.038
513,518.0,5.917
514,519.0,5.676
515,520.0,5.917
516,521.0,6.682
517,522.0,6.682
518,523.0,6.159
519,524.0,5.998
520,525.0,5.877
521,526.0,5.676
522,528.0,5.877
523,529.0,6.722
524,530.0,6.642
525,531.0,6.199
526,532.0,5.998
527,533.0,5.877
528,534.0,5.676
529,535.0,5.917
530,536.0,6.682
531,537.0,6.722
532,538.0,6.159
533,539.0,5.998
534,540.0,5.877
535,541.0,5.635
536,542.0,5.877
537,543.0,7.154
538,544.0,6.682
539,545.0,6.239
540,546.0,6.038
541,547.0,5.917
542,548.0,5.716
543,549.0,5.877
544,550.0,7.033
545,551.0,6.763
546,552.0,6.36
547,553.0,5.957
548,554.0,5.917
549,555.0,5.716
550,556.0,5.877
551,557.0,7.194
552,558.0,6.642
553,559.0,6.279
554,560.0,6.038
555,561.0,5.917
556,562.0,5.716
557,563.0,5.877
558,564.0,7.314
559,565.0,6.682
560,566.0,6.32
561,567.0,6.038
562,568.0,5.957
563,569.0,5.756
564,570.0,5.917
565,571.0,7.033
566,572.0,6.843
567,573.0,6.239
568,574.0,5.998
569,575.0,5.917
570,576.0,5.676
571,577.0,5.877
572,578.0,7.033
573,579.0,6.763
574,580.0,6.199
575,581.0,5.957
576,582.0,5.917
577,583.0,5.676
578,584.0,5.877
579,585.0,6.953
580,586.0,6.763
581,587.0,6.36
582,588.0,5.957
583,589.0,5.917
584,590.0,5.676
585,591.0,5.877
586,592.0,6.953
587,593.0,6.722
588,594.0,6.32
589,595.0,5.957
590,596.0,5.877
591,597.0,5.676
592,598.0,5.877
593,599.0,6.803
594,600.0,6.642
595,601.0,6.239
596,602.0,6.038
597,603.0,5.877
598,604.0,5.676
599,605.0,5.877
600,606.0,7.073
601,607.0,6.843
602,608.0,6.32
603,609.0,6.078
604,610.0,5.957
605,611.0,5.756
606,612.0,5.877
607,613.0,7.274
608,614.0,6.642
609,615.0,6.32
610,616.0,6.038
611,617.0,5.957
612,618.0,5.716
613,619.0,5.917
614,620.0,7.073
615,621.0,6.763
616,623.0,6.239
617,624.0,5.998
618,625.0,5.917
619,626.0,5.756
620,627.0,5.877
621,628.0,7.113
622,629.0,6.763
623,630.0,6.239
624,631.0,5.957
625,632.0,5.917
626,633.0,5.716
627,634.0,5.877
628,635.0,6.843
629,636.0,6.642
630,637.0,6.239
631,638.0,6.038
632,639.0,5.877
633,640.0,5.676
634,641.0,5.837
635,642.0,6.924
636,643.0,6.722
637,644.0,6.32
638,645.0,5.957
639,646.0,5.877
640,647.0,5.716
641,648.0,5.877
642,649.0,6.843
643,650.0,6.642
644,651.0,6.239
645,652.0,6.038
646,653.0,5.877
647,654.0,5.676
648,655.0,5.877
649,656.0,7.154
650,657.0,6.682
651,658.0,6.239
652,659.0,6.038
653,660.0,5.917
654,661.0,5.756
655,662.0,5.877
656,663.0,7.073
657,664.0,6.832
658,665.0,6.36
659,666.0,6.078
660,667.0,6.078
661,668.0,5.756
662,669.0,5.917
663,670.0,7.194
664,671.0,6.763
665,672.0,6.36
666,673.0,6.078
667,674.0,5.957
668,675.0,5.756
669,676.0,5.877
670,677.0,7.194
671,678.0,6.832
672,679.0,6.44
673,680.0,6.078
674,681.0,5.998
675,682.0,5.716
676,683.0,5.877
677,684.0,7.314
678,685.0,6.722
679,686.0,6.32
680,687.0,6.038
681,688.0,5.917
682,689.0,5.756
683,690.0,5.877
684,691.0,7.194
685,692.0,6.763
686,693.0,6.36
687,694.0,6.078
688,695.0,5.917
689,696.0,5.716
690,697.0,5.877
691,698.0,6.993
692,699.0,6.803
693,700.0,6.36
694,701.0,5.957
695,702.0,5.917
696,703.0,5.716
697,704.0,5.917
698,705.0,7.154
699,706.0,6.682
700,707.0,6.279
701,708.0,5.998
702,709.0,5.917
703,710.0,5.716
704,711.0,5.877
705,712.0,6.44
706,713.0,6.601
707,714.0,6.36
708,715.0,5.998
709,717.0,5.957
710,718.0,5.756
711,719.0,5.877
712,720.0,6.44
713,721.0,6.521
714,722.0,6.4
715,723.0,6.118
716,724.0,5.917
717,725.0,5.796
718,726.0,5.877
719,727.0,6.44
720,728.0,6.521
721,729.0,6.481
722,730.0,6.078
723,731.0,5.957
724,732.0,5.756
725,733.0,5.716
726,734.0,6.44
727,735.0,6.924
728,736.0,6.642
729,737.0,6.118
730,738.0,6.038
731,739.0,5.877
732,740.0,5.877
733,741.0,6.44
734,742.0,6.682
735,743.0,6.4
736,744.0,5.998
737,745.0,5.957
738,746.0,5.796
739,747.0,5.877
740,748.0,6.4
741,749.0,6.561
742,750.0,6.44
743,751.0,6.038
744,752.0,5.917
745,753.0,5.756
746,754.0,5.917
747,755.0,6.601
748,756.0,6.521
749,757.0,6.36
750,758.0,6.159
751,759.0,5.877
752,760.0,5.756
753,761.0,5.877
754,762.0,7.033
755,763.0,6.803
756,764.0,6.32
757,765.0,6.118
758,766.0,5.998
759,767.0,5.756
760,768.0,5.877
761,769.0,6.883
762,770.0,6.682
763,771.0,6.279
764,772.0,6.118
765,773.0,5.957
766,774.0,5.756
767,775.0,5.877
768,776.0,6.682
769,777.0,6.481
770,778.0,6.36
771,779.0,6.159
772,780.0,5.917
773,781.0,5.756
774,782.0,5.917
775,783.0,6.993
776,784.0,6.803
777,785.0,6.279
778,786.0,6.118
779,787.0,5.957
780,788.0,5.796
781,789.0,5.877
782,790.0,7.154
783,791.0,6.803
784,792.0,6.4
785,793.0,6.038
786,794.0,5.957
787,795.0,5.716
788,796.0,5.877
789,797.0,7.314
790,798.0,6.682
791,799.0,6.32
792,800.0,6.038
793,801.0,5.917
794,802.0,5.716
795,803.0,5.877
796,804.0,7.274
797,805.0,6.682
798,806.0,6.279
799,807.0,6.038
800,808.0,5.917
801,809.0,5.716
802,810.0,5.877
803,812.0,7.194
804,813.0,6.642
805,814.0,6.279
806,815.0,5.998
807,816.0,5.917
808,817.0,5.716
809,818.0,5.877
810,819.0,7.194
811,820.0,6.642
812,821.0,6.279
813,822.0,6.038
814,823.0,5.917
815,824.0,5.716
816,825.0,5.917
817,826.0,7.154
818,827.0,6.722
819,828.0,6.239
820,829.0,5.998
821,830.0,5.917
822,831.0,5.756
823,832.0,5.877
824,833.0,7.274
825,834.0,6.722
826,835.0,6.279
827,836.0,6.038
828,837.0,5.917
829,838.0,5.756
830,839.0,5.877
831,840.0,7.314
832,841.0,6.682
833,842.0,6.32
834,843.0,5.998
835,844.0,5.957
836,845.0,5.716
837,846.0,5.877
838,847.0,7.073
839,848.0,6.763
840,849.0,6.199
841,850.0,5.957
842,851.0,5.917
843,852.0,5.716
844,853.0,5.877
845,854.0,6.953
846,855.0,6.763
847,856.0,6.32
848,857.0,5.957
849,858.0,5.877
850,859.0,5.676
851,860.0,5.837
852,861.0,6.883
853,862.0,6.682
854,863.0,6.279
855,864.0,6.078
856,865.0,5.877
857,866.0,5.756
858,867.0,5.877
859,868.0,6.953
860,869.0,6.803
861,870.0,6.279
862,871.0,5.957
863,872.0,5.917
864,873.0,5.716
865,874.0,5.917
866,875.0,7.314
867,876.0,6.722
868,877.0,6.36
869,878.0,6.038
870,879.0,5.957
871,880.0,5.716
872,881.0,5.917
873,882.0,6.4
874,883.0,6.561
875,884.0,6.481
876,885.0,5.998
877,886.0,5.917
878,887.0,5.796
879,888.0,5.796
880,889.0,6.481
881,890.0,6.763
882,891.0,6.481
883,892.0,6.038
884,893.0,6.038
885,894.0,5.837
886,895.0,5.837
887,896.0,6.44
888,897.0,6.763
889,898.0,6.521
890,899.0,6.078
891,900.0,5.998
892,901.0,5.796
893,902.0,5.716
894,903.0,6.481
895,904.0,6.722
896,905.0,6.481
897,907.0,6.078
898,908.0,5.957
899,909.0,5.837
900,910.0,5.635
901,911.0,6.561
902,912.0,6.913
903,913.0,6.521
904,914.0,6.159
905,915.0,5.957
906,916.0,5.837
907,917.0,5.635
908,918.0,6.481
909,919.0,6.953
910,920.0,6.521
911,921.0,6.159
912,922.0,5.917
913,923.0,5.877
914,924.0,5.877
915,925.0,6.4
916,926.0,6.561
917,927.0,6.481
918,928.0,5.998
919,929.0,5.917
920,930.0,5.796
921,931.0,5.877
922,932.0,6.803
923,933.0,6.601
924,934.0,6.32
925,935.0,6.159
926,936.0,5.957
927,937.0,5.796
928,938.0,5.877
929,939.0,6.924
930,940.0,6.682
931,941.0,6.32
932,942.0,6.118
933,943.0,6.038
934,944.0,5.756
935,945.0,5.877
936,946.0,6.924
937,947.0,6.763
938,948.0,6.279
939,949.0,6.118
940,950.0,5.998
941,951.0,5.796
942,952.0,5.877
943,953.0,6.964
944,954.0,6.722
945,955.0,6.279
946,956.0,6.078
947,957.0,5.957
948,958.0,5.756
949,959.0,5.877
950,960.0,6.4
951,961.0,6.521
952,962.0,6.44
953,963.0,6.038
954,964.0,5.957
955,965.0,5.756
956,966.0,5.635
957,967.0,6.481
958,968.0,6.722
959,969.0,6.481
960,970.0,6.078
961,971.0,5.998
962,972.0,5.837
963,973.0,5.635
964,974.0,6.561
965,975.0,7.033
966,976.0,6.682
967,977.0,6.239
968,978.0,5.998
969,979.0,5.877
970,980.0,5.595
971,981.0,5.555
972,982.0,6.481
973,983.0,6.763
974,984.0,6.561
975,985.0,6.078
976,986.0,5.998
977,987.0,5.796
978,988.0,5.635
979,989.0,6.561
980,990.0,6.964
981,991.0,6.561
982,992.0,6.199
983,993.0,5.998
984,994.0,5.917
985,995.0,5.635
986,996.0,6.521
987,997.0,7.154
988,998.0,6.642
989,999.0,6.199
990,1001.0,5.998
991,1002.0,5.877
992,1003.0,5.716
993,1004.0,6.561
994,1005.0,7.004
995,1006.0,6.601
996,1007.0,6.199
997,1008.0,5.998
998,1009.0,5.917
999,1010.0,5.676
1000,1011.0,6.36
1001,1012.0,6.883
1002,1013.0,6.642
1003,1014.0,6.078
1004,1015.0,6.038
1005,1016.0,5.837
1006,1017.0,5.635
1007,1018.0,6.561
1008,1019.0,7.004
1009,1020.0,6.722
1010,1021.0,6.239
1011,1022.0,5.998
1012,1023.0,5.877
1013,1024.0,5.635
1014,1025.0,6.561
1015,1026.0,7.004
1016,1027.0,6.682
1017,1028.0,6.279
1018,1029.0,5.998
1019,1030.0,5.917
1020,1031.0,5.635
1021,1032.0,6.521
1022,1033.0,7.113
1023,1034.0,6.642
1024,1035.0,6.199
1025,1036.0,5.957
1026,1037.0,5.877
1027,1038.0,5.635
1028,1039.0,6.521
1029,1040.0,7.073
1030,1041.0,6.601
1031,1042.0,6.199
1032,1043.0,5.957
1033,1044.0,5.877
1034,1045.0,5.635
1035,1046.0,6.561
1036,1047.0,7.004
1037,1048.0,6.682
1038,1049.0,6.239
1039,1050.0,5.998
1040,1051.0,5.877
1041,1052.0,5.676
1042,1053.0,6.521
1043,1054.0,7.073
1044,1055.0,6.682
1045,1056.0,6.279
1046,1057.0,5.998
1047,1058.0,5.917
1048,1059.0,5.635
1049,1060.0,6.601
1050,1061.0,6.953
1051,1062.0,6.682
1052,1063.0,6.239
1053,1064.0,6.038
1054,1065.0,5.877
1055,1066.0,5.635
1056,1067.0,6.561
1057,1068.0,6.924
1058,1069.0,6.601
1059,1070.0,6.159
1060,1071.0,6.038
1061,1072.0,5.917
1062,1073.0,5.635
1063,1074.0,6.561
1064,1075.0,6.924
1065,1076.0,6.601
1066,1077.0,6.199
1067,1078.0,5.998
1068,1079.0,5.917
1069,1080.0,5.635
1070,1081.0,6.521
1071,1082.0,7.073
1072,1083.0,6.601
1073,1084.0,6.199
1074,1085.0,5.957
1075,1086.0,5.877
1076,1087.0,5.635
1077,1088.0,6.481
1078,1089.0,6.993
1079,1090.0,6.521
1080,1091.0,6.159
1081,1092.0,5.957
1082,1093.0,5.877
1083,1094.0,5.635
1084,1096.0,6.561
1085,1097.0,6.803
1086,1098.0,6.601
1087,1099.0,6.078
1088,1100.0,5.917
1089,1101.0,5.837
1090,1102.0,5.716
1091,1103.0,6.44
1092,1104.0,6.763
1093,1105.0,6.44
1094,1106.0,6.078
1095,1107.0,6.038
1096,1108.0,5.837
1097,1109.0,5.877
1098,1110.0,6.44
1099,1111.0,6.601
1100,1112.0,6.481
1101,1113.0,5.957
1102,1114.0,5.957
1103,1115.0,5.837
1104,1116.0,5.957
1105,1117.0,6.481
1106,1118.0,6.521
1107,1119.0,6.36
1108,1120.0,6.239
1109,1121.0,5.917
1110,1122.0,5.796
1111,1123.0,5.917
1112,1124.0,6.44
1113,1125.0,6.682
1114,1126.0,6.4
1115,1127.0,5.998
1116,1128.0,5.957
1117,1129.0,5.796
1118,1130.0,5.877
1119,1131.0,6.481
1120,1132.0,6.481
1121,1133.0,6.4
1122,1134.0,6.159
1123,1135.0,5.917
1124,1136.0,5.756
1125,1137.0,5.917
1126,1138.0,6.803
1127,1139.0,6.601
1128,1140.0,6.32
1129,1141.0,6.118
1130,1142.0,5.957
1131,1143.0,5.756
1132,1144.0,5.877
1133,1145.0,6.4
1134,1146.0,6.561
1135,1147.0,6.481
1136,1148.0,5.998
1137,1149.0,5.917
1138,1150.0,5.796
1139,1151.0,5.917
1140,1152.0,6.44
1141,1153.0,6.642
1142,1154.0,6.36
1143,1155.0,5.998
1144,1156.0,5.917
1145,1157.0,5.796
1146,1158.0,5.877
1147,1159.0,6.843
1148,1160.0,6.601
1149,1161.0,6.44
1150,1162.0,6.118
1151,1163.0,5.998
1152,1164.0,5.756
1153,1165.0,5.917
1154,1166.0,6.44
1155,1167.0,6.642
1156,1168.0,6.36
1157,1169.0,6.038
1158,1170.0,5.917
1159,1171.0,5.837
1160,1172.0,5.877
1161,1173.0,6.44
1162,1174.0,6.561
1163,1175.0,6.481
1164,1176.0,6.078
1165,1177.0,5.957
1166,1178.0,5.917
1167,1179.0,5.917
1168,1180.0,6.44
1169,1181.0,6.642
1170,1182.0,6.44
1171,1183.0,6.078
1172,1184.0,5.957
1173,1185.0,5.796
1174,1186.0,5.877
1175,1188.0,6.521
1176,1189.0,6.481
1177,1190.0,6.4
1178,1191.0,6.199
1179,1192.0,5.917
1180,1193.0,5.756
1181,1194.0,5.877
1182,1195.0,7.165
1183,1196.0,6.803
1184,1197.0,6.4
1185,1198.0,6.038
1186,1199.0,5.957
1187,1200.0,5.716
1188,1201.0,5.877
1189,1202.0,7.234
1190,1203.0,6.722
1191,1204.0,6.32
1192,1205.0,6.078
1193,1206.0,5.917
1194,1207.0,5.756
1195,1208.0,5.877
1196,1209.0,6.521
1197,1210.0,6.481
1198,1211.0,6.44
1199,1212.0,6.199
1200,1213.0,5.917
1201,1214.0,5.756
1202,1215.0,5.917
1203,1216.0,6.883
1204,1217.0,6.722
1205,1218.0,6.279
1206,1219.0,6.118
1207,1220.0,5.998
1208,1221.0,5.756
1209,1222.0,5.877
1210,1223.0,7.125
1211,1224.0,6.803
1212,1225.0,6.36
1213,1226.0,6.078
1214,1227.0,5.998
1215,1228.0,5.756
1216,1229.0,5.957
1217,1230.0,7.274
1218,1231.0,6.722
1219,1232.0,6.36
1220,1233.0,6.038
1221,1234.0,5.957
1222,1235.0,5.756
1223,1236.0,5.917
1224,1237.0,7.234
1225,1238.0,6.803
1226,1239.0,6.36
1227,1240.0,6.078
1228,1241.0,5.957
1229,1242.0,5.756
1230,1243.0,5.877
1231,1244.0,7.234
1232,1245.0,6.642
1233,1246.0,6.279
1234,1247.0,5.998
1235,1248.0,5.957
1236,1249.0,5.716
1237,1250.0,5.917
1238,1251.0,7.044
1239,1252.0,6.803
1240,1253.0,6.199
1241,1254.0,5.998
1242,1255.0,5.877
1243,1256.0,5.716
1244,1257.0,5.877
1245,1258.0,7.205
1246,1259.0,6.722
1247,1260.0,6.239
1248,1261.0,6.038
1249,1262.0,5.917
1250,1263.0,5.676
1251,1264.0,5.917
1252,1265.0,7.154
1253,1266.0,6.682
1254,1267.0,6.239
1255,1268.0,6.038
1256,1269.0,5.917
1257,1270.0,5.716
1258,1271.0,5.837
1259,1272.0,6.44
1260,1273.0,6.521
1261,1274.0,6.481
1262,1275.0,6.038
1263,1276.0,5.957
1264,1277.0,5.756
1265,1278.0,5.676
1266,1279.0,6.481
1267,1280.0,6.803
1268,1281.0,6.521
1269,1283.0,6.078
1270,1284.0,5.957
1271,1285.0,5.837
1272,1286.0,5.635
1273,1287.0,6.481
1274,1288.0,6.722
1275,1289.0,6.481
1276,1290.0,6.078
1277,1291.0,5.998
1278,1292.0,5.796
1279,1293.0,5.877
1280,1294.0,6.44
1281,1295.0,6.682
1282,1296.0,6.4
1283,1297.0,5.998
1284,1298.0,5.957
1285,1299.0,5.796
1286,1300.0,5.877
1287,1301.0,6.44
1288,1302.0,6.561
1289,1303.0,6.44
1290,1304.0,5.998
1291,1305.0,5.917
1292,1306.0,5.796
1293,1307.0,5.877
1294,1308.0,6.642
1295,1309.0,6.44
1296,1310.0,6.36
1297,1311.0,6.159
1298,1312.0,5.877
1299,1313.0,5.756
1300,1314.0,5.877
1301,1315.0,7.004
1302,1316.0,6.803
1303,1317.0,6.279
1304,1318.0,6.118
1305,1319.0,5.957
1306,1320.0,5.796
1307,1321.0,5.837
1308,1322.0,7.073
1309,1323.0,6.763
1310,1324.0,6.239
1311,1325.0,5.998
1312,1326.0,5.917
1313,1327.0,5.716
1314,1328.0,5.917
1315,1329.0,7.085
1316,1330.0,6.843
1317,1331.0,6.199
1318,1332.0,5.998
1319,1333.0,5.877
1320,1334.0,5.756
1321,1335.0,5.877
1322,1336.0,6.924
1323,1337.0,6.682
1324,1338.0,6.279
1325,1339.0,6.038
1326,1340.0,5.877
1327,1341.0,5.676
1328,1342.0,5.877
1329,1343.0,7.004
1330,1344.0,6.803
1331,1345.0,6.279
1332,1346.0,5.957
1333,1347.0,5.917
1334,1348.0,5.716
1335,1349.0,5.877
1336,1350.0,7.073
1337,1351.0,6.843
1338,1352.0,6.36
1339,1353.0,6.078
1340,1354.0,5.957
1341,1355.0,5.716
1342,1356.0,5.837
1343,1357.0,6.642
1344,1358.0,6.481
1345,1359.0,6.44
1346,1360.0,6.159
1347,1361.0,5.917
1348,1362.0,5.756
1349,1363.0,5.877
1350,1364.0,6.44
1351,1365.0,6.682
1352,1366.0,6.36
1353,1367.0,5.998
1354,1368.0,5.957
1355,1369.0,5.796
1356,1370.0,5.877
1357,1371.0,6.4
1358,1372.0,6.521
1359,1373.0,6.44
1360,1374.0,6.078
1361,1375.0,5.917
1362,1376.0,5.756
1363,1378.0,5.917
1364,1379.0,6.4
1365,1380.0,6.561
1366,1381.0,6.44
1367,1382.0,6.118
1368,1383.0,5.917
1369,1384.0,5.837
1370,1385.0,5.877
1371,1386.0,6.682
1372,1387.0,6.481
1373,1388.0,6.4
1374,1389.0,6.159
1375,1390.0,5.917
1376,1391.0,5.796
1377,1392.0,5.877
1378,1393.0,7.073
1379,1394.0,6.763
1380,1395.0,6.239
1381,1396.0,5.957
1382,1397.0,5.917
1383,1398.0,5.716
1384,1399.0,5.877
1385,1400.0,6.993
1386,1401.0,6.763
1387,1402.0,6.32
1388,1403.0,5.957
1389,1404.0,5.877
1390,1405.0,5.676
1391,1406.0,5.877
1392,1407.0,6.883
1393,1408.0,6.682
1394,1409.0,6.279
1395,1410.0,6.078
1396,1411.0,5.877
1397,1412.0,5.716
1398,1413.0,5.877
1399,1414.0,7.234
1400,1415.0,6.763
1401,1416.0,6.4
1402,1417.0,6.078
1403,1418.0,5.957
1404,1419.0,5.756
1405,1420.0,5.877
1406,1421.0,7.194
1407,1422.0,6.803
1408,1423.0,6.36
1409,1424.0,6.078
1410,1425.0,5.998
1411,1426.0,5.756
1412,1427.0,5.877
1413,1428.0,7.274
1414,1429.0,6.763
1415,1430.0,6.36
1416,1431.0,6.078
1417,1432.0,5.957
1418,1433.0,5.756
1419,1434.0,5.877
1420,1435.0,7.073
1421,1436.0,6.722
1422,1437.0,6.279
1423,1438.0,5.998
1424,1439.0,5.957
1425,1440.0,5.716
1426,1441.0,5.917
1427,1442.0,7.004
1428,1443.0,6.843
1429,1444.0,6.239
1430,1445.0,5.998
1431,1446.0,5.917
1432,1447.0,5.716
1433,1448.0,5.877
1434,1449.0,7.004
1435,1450.0,6.763
1436,1451.0,6.199
1437,1452.0,5.998
1438,1453.0,5.877
1439,1454.0,5.716
1440,1455.0,5.837
1441,1456.0,6.993
1442,1457.0,6.803
1443,1458.0,6.199
1444,1459.0,5.957
1445,1460.0,5.917
1446,1461.0,5.716
1447,1462.0,5.877
1448,1463.0,7.044
1449,1464.0,6.763
1450,1465.0,6.279
1451,1466.0,6.118
1452,1467.0,5.957
1453,1468.0,5.756
1454,1469.0,5.635
1455,1470.0,6.561
1456,1471.0,6.964
1457,1473.0,6.722
1458,1474.0,6.279
1459,1475.0,6.038
1460,1476.0,5.917
1461,1477.0,5.635
1462,1478.0,6.561
1463,1479.0,7.044
1464,1480.0,6.682
1465,1481.0,6.239
1466,1482.0,5.998
1467,1483.0,5.917
1468,1484.0,5.635
1469,1485.0,6.601
1470,1486.0,6.924
1471,1487.0,6.601
1472,1488.0,6.159
1473,1489.0,6.038
1474,1490.0,5.877
1475,1491.0,5.716
1476,1492.0,6.601
1477,1493.0,6.964
1478,1494.0,6.561
1479,1495.0,6.159
1480,1496.0,5.998
1481,1497.0,5.877
1482,1498.0,5.635
1483,1499.0,6.521
1484,1500.0,7.113
1485,1501.0,6.601
1486,1502.0,6.199
1487,1503.0,5.957
1488,1504.0,5.877
1489,1505.0,5.635
1490,1506.0,6.521
1491,1507.0,6.883
1492,1508.0,6.601
1493,1509.0,6.078
1494,1510.0,5.917
1495,1511.0,5.837
1496,1512.0,5.635
1497,1513.0,6.521
1498,1514.0,6.843
1499,1515.0,6.561
1500,1516.0,6.078
1501,1517.0,5.917
1502,1518.0,5.837
1503,1519.0,5.635
1504,1520.0,6.521
1505,1521.0,6.843
1506,1522.0,6.601
1507,1523.0,6.118
1508,1524.0,5.917
1509,1525.0,5.837
1510,1526.0,5.635
1511,1527.0,6.481
1512,1528.0,7.004
1513,1529.0,6.521
1514,1530.0,6.159
1515,1531.0,5.917
1516,1532.0,5.837
1517,1533.0,5.635
1518,1534.0,6.521
1519,1535.0,6.763
1520,1536.0,6.561
1521,1537.0,6.078
1522,1538.0,5.998
1523,1539.0,5.837
1524,1540.0,5.917
1525,1541.0,6.4
1526,1542.0,6.561
1527,1543.0,6.44
1528,1544.0,6.118
1529,1545.0,5.917
1530,1546.0,5.837
1531,1547.0,5.877
1532,1548.0,6.561
1533,1549.0,6.481
1534,1550.0,6.4
1535,1551.0,6.159
1536,1552.0,5.917
1537,1553.0,5.756
1538,1554.0,5.877
1539,1555.0,7.274
1540,1556.0,6.682
1541,1557.0,6.279
1542,1558.0,5.998
1543,1559.0,5.917
1544,1560.0,5.716
1545,1561.0,5.877
1546,1562.0,6.722
1547,1563.0,6.601
1548,1564.0,6.199
1549,1565.0,6.038
1550,1566.0,5.877
1551,1568.0,5.676
1552,1569.0,5.837
1553,1570.0,6.964
1554,1571.0,6.722
1555,1572.0,6.32
1556,1573.0,5.957
1557,1574.0,5.877
1558,1575.0,5.676
1559,1576.0,6.32
1560,1577.0,6.803
1561,1578.0,6.682
1562,1579.0,6.078
1563,1580.0,5.957
1564,1581.0,5.837
1565,1582.0,5.676
1566,1583.0,6.561
1567,1584.0,6.924
1568,1585.0,6.561
1569,1586.0,6.159
1570,1587.0,5.998
1571,1588.0,5.917
1572,1589.0,5.635
1573,1590.0,6.601
1574,1591.0,6.993
1575,1592.0,6.722
1576,1593.0,6.279
1577,1594.0,6.038
1578,1595.0,5.917
1579,1596.0,5.676
1580,1597.0,6.521
1581,1598.0,7.033
1582,1599.0,6.682
1583,1600.0,6.279
1584,1601.0,5.998
1585,1602.0,5.917
1586,1603.0,5.676
1587,1604.0,6.561
1588,1605.0,7.004
1589,1606.0,6.561
1590,1607.0,6.159
1591,1608.0,5.917
1592,1609.0,5.837
1593,1610.0,5.635
1594,1611.0,6.521
1595,1612.0,7.113
1596,1613.0,6.601
1597,1614.0,6.199
1598,1615.0,5.957
1599,1616.0,5.877
1600,1617.0,5.635
1601,1618.0,6.521
1602,1619.0,6.843
1603,1620.0,6.601
1604,1621.0,6.078
1605,1622.0,5.917
1606,1623.0,5.837
1607,1624.0,5.635
1608,1625.0,6.481
1609,1626.0,6.763
1610,1627.0,6.481
1611,1628.0,6.038
1612,1629.0,5.998
1613,1630.0,5.796
1614,1631.0,5.716
1615,1632.0,6.481
1616,1633.0,6.803
1617,1634.0,6.481
1618,1635.0,6.078
1619,1636.0,5.998
1620,1637.0,5.796
1621,1638.0,5.877
1622,1639.0,6.682
1623,1640.0,6.481
1624,1641.0,6.36
1625,1642.0,6.159
1626,1643.0,5.917
1627,1644.0,5.756
1628,1645.0,5.917
1629,1646.0,6.4
1630,1647.0,6.521
1631,1648.0,6.4
1632,1649.0,6.118
1633,1650.0,5.917
1634,1651.0,5.796
1635,1652.0,5.877
1636,1653.0,6.44
1637,1654.0,6.601
1638,1655.0,6.481
1639,1656.0,6.038
1640,1657.0,5.957
1641,1658.0,5.756
1642,1659.0,5.917
1643,1660.0,7.004
1644,1662.0,6.803
1645,1663.0,6.279
1646,1664.0,6.078
1647,1665.0,5.957
1648,1666.0,5.716
1649,1667.0,5.877
1650,1668.0,7.125
1651,1669.0,6.803
1652,1670.0,6.36
1653,1671.0,6.078
1654,1672.0,5.957
1655,1673.0,5.716
1656,1674.0,5.837
1657,1675.0,7.234
1658,1676.0,6.642
1659,1677.0,6.279
1660,1678.0,5.998
1661,1679.0,5.917
1662,1680.0,5.716
1663,1681.0,5.877
1664,1682.0,7.113
1665,1683.0,6.843
1666,1684.0,6.36
1667,1685.0,6.078
1668,1686.0,5.957
1669,1687.0,5.756
1670,1688.0,5.877
1671,1689.0,6.964
1672,1690.0,6.722
1673,1691.0,6.279
1674,1692.0,6.078
1675,1693.0,5.998
1676,1694.0,5.716
1677,1695.0,5.877
1678,1696.0,7.274
1679,1697.0,6.722
1680,1698.0,6.32
1681,1699.0,6.038
1682,1700.0,5.917
1683,1701.0,5.796
1684,1702.0,5.877
1685,1703.0,7.073
1686,1704.0,6.763
1687,1705.0,6.239
1688,1706.0,5.957
1689,1707.0,5.917
1690,1708.0,5.676
1691,1709.0,5.877
1692,1710.0,6.993
1693,1711.0,6.803
1694,1712.0,6.36
1695,1713.0,5.998
1696,1714.0,5.917
1697,1715.0,5.716
1698,1716.0,5.877
1699,1717.0,7.033
1700,1718.0,6.843
1701,1719.0,6.279
1702,1720.0,5.998
1703,1721.0,5.917
1704,1722.0,5.756
1705,1723.0,5.877
1706,1724.0,7.113
1707,1725.0,6.722
1708,1726.0,6.239
1709,1727.0,5.957
1710,1728.0,5.917
1711,1729.0,5.716
1712,1730.0,5.877
1713,1731.0,6.843
1714,1732.0,6.682
1715,1733.0,6.239
1716,1734.0,6.078
1717,1735.0,5.877
1718,1736.0,5.676
1719,1737.0,5.917
1720,1738.0,6.682
1721,1739.0,6.722
1722,1740.0,6.199
1723,1741.0,5.998
1724,1742.0,5.877
1725,1743.0,5.676
1726,1744.0,6.32
1727,1745.0,6.722
1728,1746.0,6.722
1729,1747.0,6.078
1730,1748.0,5.957
1731,1749.0,5.837
1732,1750.0,5.676
1733,1751.0,5.837
1734,1752.0,6.883
1735,1753.0,6.682
1736,1754.0,6.279
1737,1755.0,6.038
1738,1756.0,5.877
1739,1758.0,5.676
1740,1759.0,5.877
1741,1760.0,6.843
1742,1761.0,6.682
1743,1762.0,6.239
1744,1763.0,6.078
1745,1764.0,5.877
1746,1765.0,5.716
1747,1766.0,5.837
1748,1767.0,6.722
1749,1768.0,6.682
1750,1769.0,6.199
1751,1770.0,6.038
1752,1771.0,5.877
1753,1772.0,5.676
1754,1773.0,6.561
1755,1774.0,6.964
1756,1775.0,6.682
1757,1776.0,6.239
1758,1777.0,5.998
1759,1778.0,5.877
1760,1779.0,5.635
1761,1780.0,6.561
1762,1781.0,7.085
1763,1782.0,6.682
1764,1783.0,6.239
1765,1784.0,5.998
1766,1785.0,5.877
1767,1786.0,5.676
1768,1787.0,5.837
1769,1788.0,7.234
1770,1789.0,6.642
1771,1790.0,6.279
1772,1791.0,6.038
1773,1792.0,5.917
1774,1793.0,5.716
1775,1794.0,5.877
1776,1795.0,7.044
1777,1796.0,6.803
1778,1797.0,6.239
1779,1798.0,5.998
1780,1799.0,5.917
1781,1800.0,5.716
1782,1801.0,5.877
1783,1802.0,7.274
1784,1803.0,6.642
1785,1804.0,6.32
1786,1805.0,5.998
1787,1806.0,5.957
1788,1807.0,5.676
1789,1808.0,5.796
1790,1809.0,6.44
1791,1810.0,6.763
1792,1811.0,6.44
1793,1812.0,6.038
1794,1813.0,5.957
1795,1814.0,5.837
1796,1815.0,5.877
1797,1816.0,6.44
1798,1817.0,6.642
1799,1818.0,6.481
1800,1819.0,5.998
1801,1820.0,5.998
1802,1821.0,5.796
1803,1822.0,5.877
1804,1823.0,6.4
1805,1824.0,6.601
1806,1825.0,6.36
1807,1826.0,5.998
1808,1827.0,5.917
1809,1828.0,5.756
1810,1829.0,5.877
1811,1830.0,6.4
1812,1831.0,6.561
1813,1832.0,6.44
1814,1833.0,6.078
1815,1834.0,5.917
1816,1835.0,5.796
1817,1836.0,5.877
1818,1837.0,7.125
1819,1838.0,6.803
1820,1839.0,6.36
1821,1840.0,6.078
1822,1841.0,5.957
1823,1842.0,5.716
1824,1843.0,5.877
1825,1844.0,7.165
1826,1845.0,6.682
1827,1846.0,6.239
1828,1847.0,5.998
1829,1848.0,5.917
1830,1849.0,5.716
1831,1850.0,5.837
1832,1852.0,7.234
1833,1853.0,6.722
1834,1854.0,6.36
1835,1855.0,6.038
1836,1856.0,5.957
1837,1857.0,5.756
1838,1858.0,5.917
1839,1859.0,7.194
1840,1860.0,6.803
1841,1861.0,6.36
1842,1862.0,6.078
1843,1863.0,5.957
1844,1864.0,5.756
1845,1865.0,5.595
1846,1866.0,6.561
1847,1867.0,7.004
1848,1868.0,6.722
1849,1869.0,6.239
1850,1870.0,6.038
1851,1871.0,5.877
1852,1872.0,5.716
1853,1873.0,6.481
1854,1874.0,6.843
1855,1875.0,6.561
1856,1876.0,6.118
1857,1877.0,5.957
1858,1878.0,5.837
1859,1879.0,5.635
1860,1880.0,6.521
1861,1881.0,6.924
1862,1882.0,6.481
1863,1883.0,6.118
1864,1884.0,5.957
1865,1885.0,5.837
1866,1886.0,5.635
1867,1887.0,6.481
1868,1888.0,6.763
1869,1889.0,6.561
1870,1890.0,6.118
1871,1891.0,5.998
1872,1892.0,5.837
1873,1893.0,5.917
1874,1894.0,6.763
1875,1895.0,6.601
1876,1896.0,6.32
1877,1897.0,6.118
1878,1898.0,5.957
1879,1899.0,5.796
1880,1900.0,5.877
1881,1901.0,7.274
1882,1902.0,6.682
1883,1903.0,6.32
1884,1904.0,6.038
1885,1905.0,5.917
1886,1906.0,5.716
1887,1907.0,5.877
1888,1908.0,6.843
1889,1909.0,6.682
1890,1910.0,6.239
1891,1911.0,6.078
1892,1912.0,5.877
1893,1913.0,5.756
1894,1914.0,6.561
1895,1915.0,7.004
1896,1916.0,6.682
1897,1917.0,6.279
1898,1918.0,5.998
1899,1919.0,5.917
1900,1920.0,5.756
1901,1921.0,6.481
1902,1922.0,6.722
1903,1923.0,6.481
1904,1924.0,6.038
1905,1925.0,5.998
1906,1926.0,5.796
1907,1927.0,5.635
1908,1928.0,5.877
1909,1929.0,7.073
1910,1930.0,6.803
1911,1931.0,6.32
1912,1932.0,6.078
1913,1933.0,5.957
1914,1934.0,5.756
1915,1935.0,5.877
1916,1936.0,7.314
1917,1937.0,6.682
1918,1938.0,6.32
1919,1939.0,6.038
1920,1940.0,5.917
1921,1941.0,5.756
1922,1942.0,5.877
1923,1943.0,6.44
1924,1944.0,6.521
1925,1945.0,6.4
1926,1947.0,6.159
1927,1948.0,5.917
1928,1949.0,5.796
1929,1950.0,5.917
1930,1951.0,7.033
1931,1952.0,6.803
1932,1953.0,6.239
1933,1954.0,5.957
1934,1955.0,5.917
1935,1956.0,5.676
1936,1957.0,5.595
1937,1958.0,6.481
1938,1959.0,6.964
1939,1960.0,6.521
1940,1961.0,6.159
1941,1962.0,5.917
1942,1963.0,5.837
1943,1964.0,5.635
1944,1965.0,6.521
1945,1966.0,7.085
1946,1967.0,6.601
1947,1968.0,6.159
1948,1969.0,5.957
1949,1970.0,5.917
1950,1971.0,5.676
1951,1972.0,6.521
1952,1973.0,7.044
1953,1974.0,6.682
1954,1975.0,6.279
1955,1976.0,5.998
1956,1977.0,5.917
1957,1978.0,5.676
1958,1979.0,5.917
1959,1980.0,6.924
1960,1981.0,6.763
1961,1982.0,6.36
1962,1983.0,5.998
1963,1984.0,5.877
1964,1985.0,5.756
1965,1986.0,5.877
1966,1987.0,7.113
1967,1988.0,6.722
1968,1989.0,6.279
1969,1990.0,5.998
1970,1991.0,5.917
1971,1992.0,5.716
1972,1993.0,5.837
1973,1994.0,7.154
1974,1995.0,6.642
1975,1996.0,6.279
1976,1997.0,6.038
1977,1998.0,5.917
1978,1999.0,5.716
1979,2000.0,5.877
1980,2001.0,7.113
1981,2002.0,6.642
1982,2003.0,6.279
1983,2004.0,6.038
1984,2005.0,5.917
1985,2006.0,5.716
1986,2007.0,5.877
1987,2008.0,7.085
1988,2009.0,6.722
1989,2010.0,6.279
1990,2011.0,5.998
1991,2012.0,5.917
1992,2013.0,5.676
1993,2014.0,5.877
1994,2015.0,7.314
1995,2016.0,6.722
1996,2017.0,6.32
1997,2018.0,6.038
1998,2019.0,5.957
1999,2020.0,5.796
2000,2021.0,5.877
2001,2022.0,7.044
2002,2023.0,6.803
2003,2024.0,6.32
2004,2025.0,6.078
2005,2026.0,5.998
2006,2027.0,5.716
2007,2028.0,5.877
2008,2029.0,7.194
2009,2030.0,6.642
2010,2031.0,6.279
2011,2032.0,6.038
2012,2033.0,5.917
2013,2034.0,5.756
2014,2035.0,5.837
2015,2036.0,6.44
2016,2037.0,6.561
2017,2038.0,6.481
2018,2039.0,5.998
2019,2040.0,5.957
2020,2042.0,5.756
2021,2043.0,5.676
2022,2044.0,6.521
2023,2045.0,6.964
2024,2046.0,6.481
2025,2047.0,6.118
2026,2048.0,5.957
2027,2049.0,5.837
2028,2050.0,5.837
2029,2051.0,6.44
2030,2052.0,6.682
2031,2053.0,6.4
2032,2054.0,5.998
2033,2055.0,5.957
2034,2056.0,5.796
2035,2057.0,5.756
2036,2058.0,6.44
2037,2059.0,6.722
2038,2060.0,6.44
2039,2061.0,6.038
2040,2062.0,5.957
2041,2063.0,5.796
2042,2064.0,5.635
2043,2065.0,6.561
2044,2066.0,6.924
2045,2067.0,6.481
2046,2068.0,6.159
2047,2069.0,5.917
2048,2070.0,5.837
2049,2071.0,5.635
2050,2072.0,6.481
2051,2073.0,6.722
2052,2074.0,6.521
2053,2075.0,6.078
2054,2076.0,5.998
2055,2077.0,5.796
2056,2078.0,5.877
2057,2079.0,6.44
2058,2080.0,6.642
2059,2081.0,6.36
2060,2082.0,5.998
2061,2083.0,5.957
2062,2084.0,5.837
2063,2085.0,5.837
2064,2086.0,6.4
2065,2087.0,6.561
2066,2088.0,6.481
2067,2089.0,6.038
2068,2090.0,5.957
2069,2091.0,5.756
2070,2092.0,5.917
2071,2093.0,6.924
2072,2094.0,6.763
2073,2095.0,6.279
2074,2096.0,6.159
2075,2097.0,5.998
2076,2098.0,5.796
2077,2099.0,5.877
2078,2100.0,6.924
2079,2101.0,6.722
2080,2102.0,6.279
2081,2103.0,6.078
2082,2104.0,5.957
2083,2105.0,5.756
2084,2106.0,5.877
2085,2107.0,6.924
2086,2108.0,6.722
2087,2109.0,6.279
2088,2110.0,6.118
2089,2111.0,5.998
2090,2112.0,5.796
2091,2113.0,5.676
2092,2114.0,6.561
2093,2115.0,6.924
2094,2116.0,6.481
2095,2117.0,6.118
2096,2118.0,5.917
2097,2119.0,5.837
2098,2120.0,5.635
2099,2121.0,5.555
2100,2122.0,6.481
2101,2123.0,6.763
2102,2124.0,6.481
2103,2125.0,6.078
2104,2126.0,5.998
2105,2127.0,5.837
2106,2128.0,5.716
2107,2129.0,6.481
2108,2130.0,6.763
2109,2131.0,6.481
2110,2132.0,6.038
2111,2133.0,5.998
2112,2134.0,5.837
2113,2136.0,5.917
2114,2137.0,6.601
2115,2138.0,6.481
2116,2139.0,6.36
2117,2140.0,6.199
2118,2141.0,5.917
2119,2142.0,5.796
2120,2143.0,5.877
2121,2144.0,6.763
2122,2145.0,6.521
2123,2146.0,6.4
2124,2147.0,6.159
2125,2148.0,5.957
2126,2149.0,5.756
2127,2150.0,5.917
2128,2151.0,6.481
2129,2152.0,6.521
2130,2153.0,6.4
2131,2154.0,6.159
2132,2155.0,5.917
2133,2156.0,5.796
2134,2157.0,5.917
2135,2158.0,6.44
2136,2159.0,6.642
2137,2160.0,6.4
2138,2161.0,5.998
2139,2162.0,5.917
2140,2163.0,5.796
2141,2164.0,5.877
2142,2165.0,6.44
2143,2166.0,6.601
2144,2167.0,6.36
2145,2168.0,5.998
2146,2169.0,5.957
2147,2170.0,5.796
2148,2171.0,5.676
2149,2172.0,6.481
2150,2173.0,6.763
2151,2174.0,6.481
2152,2175.0,6.038
2153,2176.0,5.998
2154,2177.0,5.837
2155,2178.0,5.877
2156,2179.0,6.44
2157,2180.0,6.601
2158,2181.0,6.36
2159,2182.0,5.998
2160,2183.0,5.957
2161,2184.0,5.796
2162,2185.0,5.877
2163,2186.0,6.44
2164,2187.0,6.521
2165,2188.0,6.4
2166,2189.0,6.159
2167,2190.0,5.917
2168,2191.0,5.796
2169,2192.0,5.877
2170,2193.0,6.803
2171,2194.0,6.561
2172,2195.0,6.36
2173,2196.0,6.159
2174,2197.0,5.998
2175,2198.0,5.756
2176,2199.0,5.917
2177,2200.0,7.165
2178,2201.0,6.843
2179,2202.0,6.4
2180,2203.0,6.078
2181,2204.0,5.957
2182,2205.0,5.796
2183,2206.0,5.877
2184,2207.0,7.234
2185,2208.0,6.763
2186,2209.0,6.36
2187,2210.0,6.038
2188,2211.0,5.957
2189,2212.0,5.716
2190,2213.0,5.877
2191,2214.0,7.274
2192,2215.0,6.642
2193,2216.0,6.32
2194,2217.0,6.038
2195,2218.0,5.917
2196,2219.0,5.716
2197,2220.0,5.877
2198,2221.0,7.314
2199,2222.0,6.722
2200,2223.0,6.32
2201,2224.0,6.038
2202,2225.0,5.917
2203,2226.0,5.716
2204,2227.0,5.877
2205,2228.0,7.154
2206,2230.0,6.722
2207,2231.0,6.239
2208,2232.0,5.998
2209,2233.0,5.917
2210,2234.0,5.676
2211,2235.0,5.877
2212,2236.0,7.085
2213,2237.0,6.763
2214,2238.0,6.199
2215,2239.0,5.998
2216,2240.0,5.917
2217,2241.0,5.716
2218,2242.0,5.877
2219,2243.0,6.993
2220,2244.0,6.763
2221,2245.0,6.4
2222,2246.0,5.957
2223,2247.0,5.917
2224,2248.0,5.676
2225,2249.0,5.877
2226,2250.0,6.803
2227,2251.0,6.682
2228,2252.0,6.239
2229,2253.0,6.078
2230,2254.0,5.877
2231,2255.0,5.716
2232,2256.0,5.877
2233,2257.0,6.722
2234,2258.0,6.722
2235,2259.0,6.199
2236,2260.0,5.998
2237,2261.0,5.917
2238,2262.0,5.676
2239,2263.0,6.118
2240,2264.0,6.642
2241,2265.0,6.763
2242,2266.0,6.159
2243,2267.0,5.957
2244,2268.0,5.877
2245,2269.0,5.676
2246,2270.0,6.32
2247,2271.0,6.803
2248,2272.0,6.682
2249,2273.0,6.078
2250,2274.0,5.998
2251,2275.0,5.877
2252,2276.0,5.716
2253,2277.0,6.521
2254,2278.0,7.044
2255,2279.0,6.561
2256,2280.0,6.159
2257,2281.0,5.957
2258,2282.0,5.877
2259,2283.0,5.756
2260,2284.0,6.481
2261,2285.0,6.763
2262,2286.0,6.481
2263,2287.0,6.038
2264,2288.0,5.998
2265,2289.0,5.837
2266,2290.0,5.676
2267,2291.0,6.481
2268,2292.0,6.993
2269,2293.0,6.521
2270,2294.0,6.159
2271,2295.0,5.957
2272,2296.0,5.877
2273,2297.0,5.756
2274,2298.0,6.481
2275,2299.0,6.763
2276,2300.0,6.44
2277,2301.0,6.038
2278,2302.0,5.998
2279,2303.0,5.796
2280,2304.0,5.917
2281,2305.0,6.481
2282,2306.0,6.561
2283,2307.0,6.4
2284,2308.0,6.159
2285,2309.0,5.917
2286,2310.0,5.837
2287,2311.0,5.877
2288,2312.0,6.642
2289,2313.0,6.44
2290,2314.0,6.4
2291,2315.0,6.199
2292,2316.0,5.917
2293,2317.0,5.756
2294,2318.0,5.917
2295,2319.0,6.642
2296,2320.0,6.44
2297,2321.0,6.36
2298,2322.0,6.159
2299,2323.0,5.877
2300,2325.0,5.756
2301,2326.0,5.877
2302,2327.0,7.085
2303,2328.0,6.763
2304,2329.0,6.199
2305,2330.0,5.998
2306,2331.0,5.917
2307,2332.0,5.756
2308,2333.0,6.239
2309,2334.0,6.682
2310,2335.0,6.763
2311,2336.0,6.118
2312,2337.0,5.957
2313,2338.0,5.877
2314,2339.0,5.676
2315,2340.0,5.877
2316,2341.0,6.843
2317,2342.0,6.682
2318,2343.0,6.239
2319,2344.0,6.078
2320,2345.0,5.917
2321,2346.0,5.716
2322,2347.0,6.4
2323,2348.0,6.883
2324,2349.0,6.642
2325,2350.0,6.078
2326,2351.0,6.038
2327,2352.0,5.877
2328,2353.0,5.635
2329,2354.0,6.561
2330,2355.0,6.924
2331,2356.0,6.601
2332,2357.0,6.199
2333,2358.0,6.038
2334,2359.0,5.917
2335,2360.0,5.716
2336,2361.0,6.521
2337,2362.0,7.073
2338,2363.0,6.601
2339,2364.0,6.199
2340,2365.0,5.957
2341,2366.0,5.877
2342,2367.0,5.676
2343,2368.0,6.521
2344,2369.0,6.953
2345,2370.0,6.561
2346,2371.0,6.159
2347,2372.0,5.957
2348,2373.0,5.837
2349,2374.0,5.716
2350,2375.0,6.763
2351,2376.0,6.883
2352,2377.0,6.601
2353,2378.0,6.078
2354,2379.0,5.917
2355,2380.0,5.837
2356,2381.0,5.635
2357,2382.0,6.481
2358,2383.0,6.763
2359,2384.0,6.521
2360,2385.0,6.078
2361,2386.0,5.998
2362,2387.0,5.796
2363,2388.0,5.595
2364,2389.0,5.837
2365,2390.0,6.803
2366,2391.0,6.642
2367,2392.0,6.239
2368,2393.0,6.078
2369,2394.0,5.877
2370,2395.0,5.676
2371,2396.0,5.837
2372,2397.0,6.722
2373,2398.0,6.642
2374,2399.0,6.199
2375,2400.0,5.998
2376,2401.0,5.877
2377,2402.0,5.676
2378,2403.0,5.595
2379,2404.0,6.481
2380,2405.0,6.803
2381,2406.0,6.521
2382,2407.0,6.118
2383,2408.0,5.998
2384,2409.0,5.837
2385,2410.0,5.595
2386,2411.0,6.601
2387,2412.0,6.924
2388,2413.0,6.601
2389,2414.0,6.159
2390,2415.0,6.038
2391,2416.0,5.877
2392,2417.0,5.716
2393,2418.0,6.561
2394,2420.0,7.044
2395,2421.0,6.682
2396,2422.0,6.279
2397,2423.0,5.998
2398,2424.0,5.957
2399,2425.0,5.635
2400,2426.0,6.078
2401,2427.0,6.642
2402,2428.0,6.803
2403,2429.0,6.118
2404,2430.0,5.957
2405,2431.0,5.877
2406,2432.0,5.676
2407,2433.0,5.837
2408,2434.0,7.033
2409,2435.0,6.763
2410,2436.0,6.239
2411,2437.0,5.957
2412,2438.0,5.877
2413,2439.0,5.635
2414,2440.0,5.635
2415,2441.0,6.4
2416,2442.0,6.763
2417,2443.0,6.682
2418,2444.0,6.078
2419,2445.0,5.957
2420,2446.0,5.837
2421,2447.0,5.716
2422,2448.0,5.877
2423,2449.0,6.803
2424,2450.0,6.642
2425,2451.0,6.279
2426,2452.0,6.038
2427,2453.0,5.877
2428,2454.0,5.676
2429,2455.0,5.877
2430,2456.0,6.883
2431,2457.0,6.682
2432,2458.0,6.239
2433,2459.0,6.078
2434,2460.0,5.877
2435,2461.0,5.716
2436,2462.0,5.877
2437,2463.0,7.234
2438,2464.0,6.642
2439,2465.0,6.32
2440,2466.0,5.998
2441,2467.0,5.957
2442,2468.0,5.716
2443,2469.0,5.917
2444,2470.0,7.073
2445,2471.0,6.763
2446,2472.0,6.239
2447,2473.0,5.998
2448,2474.0,5.917
2449,2475.0,5.716
2450,2476.0,5.837
2451,2477.0,6.481
2452,2478.0,6.642
2453,2479.0,6.4
2454,2480.0,5.998
2455,2481.0,5.957
2456,2482.0,5.796
2457,2483.0,5.877
2458,2484.0,6.44
2459,2485.0,6.642
2460,2486.0,6.36
2461,2487.0,5.998
2462,2488.0,5.957
2463,2489.0,5.796
2464,2490.0,5.917
2465,2491.0,6.4
2466,2492.0,6.561
2467,2493.0,6.44
2468,2494.0,6.078
2469,2495.0,5.917
2470,2496.0,5.796
2471,2497.0,5.877
2472,2498.0,6.4
2473,2499.0,6.521
2474,2500.0,6.44
2475,2501.0,6.078
2476,2502.0,5.917
2477,2503.0,5.756
2478,2504.0,5.877
2479,2505.0,6.4
2480,2506.0,6.561
2481,2507.0,6.44
2482,2508.0,6.118
2483,2509.0,5.917
2484,2510.0,5.796
2485,2511.0,5.877
2486,2512.0,6.44
2487,2514.0,6.682
2488,2515.0,6.44
2489,2516.0,5.998
2490,2517.0,5.998
2491,2518.0,5.837
2492,2519.0,5.917
2493,2520.0,6.4
2494,2521.0,6.521
2495,2522.0,6.44
2496,2523.0,6.118
2497,2524.0,5.917
2498,2525.0,5.837
2499,2526.0,5.917
2500,2527.0,7.194
2501,2528.0,6.803
2502,2529.0,6.36
2503,2530.0,6.078
2504,2531.0,5.998
2505,2532.0,5.756
2506,2533.0,5.917
2507,2534.0,7.234
2508,2535.0,6.722
2509,2536.0,6.32
2510,2537.0,6.078
2511,2538.0,5.957
2512,2539.0,5.756
2513,2540.0,5.877
2514,2541.0,7.004
2515,2542.0,6.803
2516,2543.0,6.239
2517,2544.0,5.998
2518,2545.0,5.917
2519,2546.0,5.716
2520,2547.0,5.998
2521,2548.0,6.642
2522,2549.0,6.682
2523,2550.0,6.199
2524,2551.0,6.038
2525,2552.0,5.877
2526,2553.0,5.676
2527,2554.0,5.877
2528,2555.0,6.843
2529,2556.0,6.722
2530,2557.0,6.279
2531,2558.0,5.998
2532,2559.0,5.877
2533,2560.0,5.716
2534,2561.0,5.877
2535,2562.0,7.234
2536,2563.0,6.642
2537,2564.0,6.32
2538,2565.0,6.038
2539,2566.0,5.957
2540,2567.0,5.796
2541,2568.0,5.957
2542,2569.0,6.4
2543,2570.0,6.561
2544,2571.0,6.481
2545,2572.0,6.038
2546,2573.0,5.957
2547,2574.0,5.837
2548,2575.0,5.877
2549,2576.0,6.4
2550,2577.0,6.521
2551,2578.0,6.481
2552,2579.0,6.078
2553,2580.0,5.957
2554,2581.0,5.756
2555,2582.0,5.676
2556,2583.0,6.481
2557,2584.0,7.073
2558,2585.0,6.601
2559,2586.0,6.199
2560,2587.0,5.957
2561,2588.0,5.917
2562,2589.0,5.635
2563,2590.0,6.521
2564,2591.0,6.763
2565,2592.0,6.521
2566,2593.0,6.078
2567,2594.0,5.957
2568,2595.0,5.837
2569,2596.0,5.877
2570,2597.0,6.44
2571,2598.0,6.642
2572,2599.0,6.36
2573,2600.0,5.998
2574,2601.0,5.957
2575,2602.0,5.796
2576,2603.0,5.877
2577,2604.0,6.44
2578,2605.0,6.601
2579,2606.0,6.4
2580,2607.0,5.998
2581,2609.0,5.917
2582,2610.0,5.796
2583,2611.0,5.877
2584,2612.0,6.883
2585,2613.0,6.642
2586,2614.0,6.32
2587,2615.0,6.118
2588,2616.0,5.998
2589,2617.0,5.756
2590,2618.0,5.877
2591,2619.0,7.234
2592,2620.0,6.682
2593,2621.0,6.279
2594,2622.0,6.038
2595,2623.0,5.917
2596,2624.0,5.716
2597,2625.0,5.877
2598,2626.0,6.883
2599,2627.0,6.682
2600,2628.0,6.279
2601,2629.0,6.078
2602,2630.0,5.917
2603,2631.0,5.676
2604,2632.0,6.32
2605,2633.0,6.803
2606,2634.0,6.722
2607,2635.0,6.118
2608,2636.0,5.957
2609,2637.0,5.837
2610,2638.0,5.676
2611,2639.0,5.877
2612,2640.0,6.44
2613,2641.0,6.601
2614,2642.0,6.4
2615,2643.0,5.998
2616,2644.0,5.998
2617,2645.0,5.796
2618,2646.0,5.917
2619,2647.0,6.763
2620,2648.0,6.561
2621,2649.0,6.32
2622,2650.0,6.118
2623,2651.0,5.957
2624,2652.0,5.756
2625,2653.0,5.877
2626,2654.0,7.113
2627,2655.0,6.843
2628,2656.0,6.36
2629,2657.0,6.078
2630,2658.0,5.957
2631,2659.0,5.756
2632,2660.0,5.877
2633,2661.0,7.194
2634,2662.0,6.682
2635,2663.0,6.279
2636,2664.0,5.998
2637,2665.0,5.917
2638,2666.0,5.716
2639,2667.0,6.078
2640,2668.0,6.601
2641,2669.0,6.803
2642,2670.0,6.199
2643,2671.0,5.998
2644,2672.0,5.837
2645,2673.0,5.716
2646,2674.0,5.877
2647,2675.0,7.004
2648,2676.0,6.803
2649,2677.0,6.32
2650,2678.0,5.957
2651,2679.0,5.917
2652,2680.0,5.716
2653,2681.0,5.877
2654,2682.0,6.953
2655,2683.0,6.763
2656,2684.0,6.32
2657,2685.0,5.957
2658,2686.0,5.877
2659,2687.0,5.716
2660,2688.0,5.877
2661,2689.0,6.722
2662,2690.0,6.722
2663,2691.0,6.239
2664,2692.0,5.998
2665,2693.0,5.917
2666,2694.0,5.676
2667,2695.0,6.279
2668,2696.0,6.642
2669,2697.0,6.763
2670,2698.0,6.078
2671,2699.0,5.998
2672,2700.0,5.837
2673,2701.0,5.676
2674,2702.0,6.279
2675,2704.0,6.722
2676,2705.0,6.682
2677,2706.0,6.078
2678,2707.0,5.957
2679,2708.0,5.837
2680,2709.0,5.676
2681,2710.0,6.561
2682,2711.0,6.924
2683,2712.0,6.601
2684,2713.0,6.078
2685,2714.0,5.998
2686,2715.0,5.837
2687,2716.0,5.635
2688,2717.0,6.481
2689,2718.0,7.033
2690,2719.0,6.561
2691,2720.0,6.199
2692,2721.0,5.957
2693,2722.0,5.877
2694,2723.0,5.676
2695,2724.0,6.481
2696,2725.0,6.763
2697,2726.0,6.521
2698,2727.0,6.078
2699,2728.0,5.998
2700,2729.0,5.837
2701,2730.0,5.877
2702,2731.0,6.521
2703,2732.0,6.481
2704,2733.0,6.4
2705,2734.0,6.199
2706,2735.0,5.917
2707,2736.0,5.796
2708,2737.0,5.917
2709,2738.0,6.924
2710,2739.0,6.722
2711,2740.0,6.279
2712,2741.0,6.118
2713,2742.0,5.998
2714,2743.0,5.796
2715,2744.0,5.877
2716,2745.0,6.642
2717,2746.0,6.44
2718,2747.0,6.4
2719,2748.0,6.199
2720,2749.0,5.917
2721,2750.0,5.756
2722,2751.0,5.917
2723,2752.0,6.481
2724,2753.0,6.521
2725,2754.0,6.4
2726,2755.0,6.199
2727,2756.0,5.917
2728,2757.0,5.756
2729,2758.0,5.877
2730,2759.0,6.803
2731,2760.0,6.601
2732,2761.0,6.32
2733,2762.0,6.118
2734,2763.0,5.957
2735,2764.0,5.756
2736,2765.0,5.877
2737,2766.0,7.154
2738,2767.0,6.803
2739,2768.0,6.4
2740,2769.0,6.038
2741,2770.0,5.957
2742,2771.0,5.716
2743,2772.0,5.877
2744,2773.0,6.953
2745,2774.0,6.763
2746,2775.0,6.32
2747,2776.0,5.957
2748,2777.0,5.917
2749,2778.0,5.716
2750,2779.0,5.877
2751,2780.0,6.722
2752,2781.0,6.682
2753,2782.0,6.199
2754,2783.0,5.998
2755,2784.0,5.877
2756,2785.0,5.676
2757,2786.0,6.279
2758,2787.0,6.722
2759,2788.0,6.722
2760,2789.0,6.078
2761,2790.0,5.957
2762,2791.0,5.837
2763,2792.0,5.676
2764,2793.0,6.561
2765,2794.0,6.924
2766,2795.0,6.561
2767,2796.0,6.159
2768,2798.0,5.998
2769,2799.0,5.877
2770,2800.0,5.676
2771,2801.0,6.36
2772,2802.0,6.843
2773,2803.0,6.722
2774,2804.0,6.078
2775,2805.0,6.038
2776,2806.0,5.837
2777,2807.0,5.716
2778,2808.0,6.32
2779,2809.0,6.843
2780,2810.0,6.722
2781,2811.0,6.078
2782,2812.0,5.957
2783,2813.0,5.837
2784,2814.0,5.635
2785,2815.0,5.837
2786,2816.0,7.194
2787,2817.0,6.642
2788,2818.0,6.279
2789,2819.0,5.998
2790,2820.0,5.917
2791,2821.0,5.676
2792,2822.0,5.877
2793,2823.0,7.194
2794,2824.0,6.763
2795,2825.0,6.36
2796,2826.0,6.038
2797,2827.0,5.957
2798,2828.0,5.716
2799,2829.0,5.676
2800,2830.0,6.521
2801,2831.0,6.843
2802,2832.0,6.601
2803,2833.0,6.078
2804,2834.0,5.957
2805,2835.0,5.837
2806,2836.0,5.676
2807,2837.0,6.561
2808,2838.0,6.964
2809,2839.0,6.521
2810,2840.0,6.159
2811,2841.0,5.917
2812,2842.0,5.837
2813,2843.0,5.635
2814,2844.0,6.561
2815,2845.0,7.044
2816,2846.0,6.682
2817,2847.0,6.239
2818,2848.0,5.998
2819,2849.0,5.877
2820,2850.0,5.756
2821,2851.0,6.481
2822,2852.0,6.763
2823,2853.0,6.44
2824,2854.0,6.078
2825,2855.0,5.998
2826,2856.0,5.837
2827,2857.0,5.635
2828,2858.0,6.521
2829,2859.0,6.763
2830,2860.0,6.561
2831,2861.0,6.078
2832,2862.0,6.038
2833,2863.0,5.837
2834,2864.0,5.716
2835,2865.0,6.521
2836,2866.0,7.113
2837,2867.0,6.642
2838,2868.0,6.239
2839,2869.0,5.957
2840,2870.0,5.877
2841,2871.0,5.676
2842,2872.0,5.837
2843,2873.0,6.913
2844,2874.0,6.722
2845,2875.0,6.32
2846,2876.0,5.957
2847,2877.0,5.917
2848,2878.0,5.716
2849,2879.0,5.877
2850,2880.0,7.004
2851,2881.0,6.803
2852,2882.0,6.279
2853,2883.0,6.078
2854,2884.0,5.957
2855,2885.0,5.716
2856,2886.0,5.595
2857,2887.0,6.521
2858,2888.0,6.763
2859,2889.0,6.521
2860,2890.0,6.078
2861,2891.0,5.998
2862,2893.0,5.796
2863,2894.0,5.635
2864,2895.0,5.877
2865,2896.0,7.033
2866,2897.0,6.803
2867,2898.0,6.279
2868,2899.0,5.998
2869,2900.0,5.998
2870,2901.0,5.676
2871,2902.0,5.877
2872,2903.0,6.803
2873,2904.0,6.642
2874,2905.0,6.239
2875,2906.0,6.038
2876,2907.0,5.877
2877,2908.0,5.716
2878,2909.0,6.199
2879,2910.0,6.682
2880,2911.0,6.722
2881,2912.0,6.4
2882,2913.0,5.998
2883,2914.0,5.917
2884,2915.0,5.676
2885,2916.0,6.601
2886,2917.0,6.964
2887,2918.0,6.642
2888,2919.0,6.159
2889,2920.0,6.038
2890,2921.0,5.877
2891,2922.0,5.676
2892,2923.0,6.481
2893,2924.0,6.993
2894,2925.0,6.561
2895,2926.0,6.159
2896,2927.0,5.957
2897,2928.0,5.877
2898,2929.0,5.635
2899,2930.0,6.521
2900,2931.0,6.964
2901,2932.0,6.481
2902,2933.0,6.159
2903,2934.0,5.998
2904,2935.0,5.877
2905,2936.0,5.716
2906,2937.0,6.481
2907,2938.0,6.763
2908,2939.0,6.481
2909,2940.0,6.038
2910,2941.0,5.998
2911,2942.0,5.796
2912,2943.0,5.635
2913,2944.0,6.481
2914,2945.0,6.993
2915,2946.0,6.521
2916,2947.0,6.159
2917,2948.0,5.917
2918,2949.0,5.957
2919,2950.0,5.676
2920,2951.0,6.521
2921,2952.0,6.843
2922,2953.0,6.601
2923,2954.0,6.078
2924,2955.0,5.917
2925,2956.0,5.837
2926,2957.0,5.837
2927,2958.0,6.481
2928,2959.0,6.722
2929,2960.0,6.44
2930,2961.0,6.078
2931,2962.0,5.957
2932,2963.0,5.837
2933,2964.0,5.877
2934,2965.0,6.481
2935,2966.0,6.561
2936,2967.0,6.521
2937,2968.0,5.998
2938,2969.0,5.957
2939,2970.0,5.756
2940,2971.0,5.957
2941,2972.0,6.843
2942,2973.0,6.682
2943,2974.0,6.32
2944,2975.0,6.159
2945,2976.0,5.998
2946,2977.0,5.756
2947,2978.0,5.917
2948,2979.0,7.044
2949,2980.0,6.763
2950,2981.0,6.32
2951,2982.0,6.078
2952,2983.0,5.957
2953,2984.0,5.796
2954,2985.0,5.877
2955,2987.0,6.561
2956,2988.0,6.521
2957,2989.0,6.36
2958,2990.0,6.199
2959,2991.0,5.877
2960,2992.0,5.756
2961,2993.0,5.877
2962,2994.0,6.964
2963,2995.0,6.763
2964,2996.0,6.279
2965,2997.0,6.118
2966,2998.0,5.998
2967,2999.0,5.756
2968,3000.0,5.877
2969,3001.0,6.924
2970,3002.0,6.722
2971,3003.0,6.32
2972,3004.0,6.038
2973,3005.0,5.917
2974,3006.0,5.676
2975,3007.0,5.998
2976,3008.0,6.642
2977,3009.0,6.763
2978,3010.0,6.159
2979,3011.0,5.998
2980,3012.0,5.837
2981,3013.0,5.716
2982,3014.0,5.877
2983,3015.0,6.803
2984,3016.0,6.642
2985,3017.0,6.279
2986,3018.0,6.038
2987,3019.0,5.917
2988,3020.0,5.716
2989,3021.0,5.917
2990,3022.0,6.763
2991,3023.0,6.642
2992,3024.0,6.239
2993,3025.0,6.078
2994,3026.0,5.877
2995,3027.0,5.716
2996,3028.0,6.279
2997,3029.0,6.803
2998,3030.0,6.682
2999,3031.0,6.118
3000,3032.0,5.957
3001,3033.0,5.837
3002,3034.0,5.676
3003,3035.0,6.521
3004,3036.0,7.154
3005,3037.0,6.642
3006,3038.0,6.199
3007,3039.0,5.957
3008,3040.0,5.998
3009,3041.0,5.635
3010,3042.0,6.521
3011,3043.0,6.803
3012,3044.0,6.561
3013,3045.0,6.118
3014,3046.0,5.957
3015,3047.0,5.877
3016,3048.0,5.676
3017,3049.0,6.521
3018,3050.0,6.872
3019,3051.0,6.601
3020,3052.0,6.118
3021,3053.0,5.917
3022,3054.0,5.837
3023,3055.0,5.676
3024,3056.0,6.521
3025,3057.0,6.953
3026,3058.0,6.561
3027,3059.0,6.159
3028,3060.0,5.957
3029,3061.0,5.877
3030,3062.0,5.837
3031,3063.0,6.481
3032,3064.0,6.752
3033,3065.0,6.44
3034,3066.0,6.078
3035,3067.0,5.957
3036,3068.0,5.837
3037,3069.0,5.877
3038,3070.0,6.44
3039,3071.0,6.601
3040,3072.0,6.4
3041,3073.0,5.998
3042,3074.0,5.998
3043,3075.0,5.796
3044,3076.0,5.917
3045,3077.0,6.4
3046,3078.0,6.601
3047,3079.0,6.36
3048,3081.0,5.998
3049,3082.0,5.957
3050,3083.0,5.796
3051,3084.0,5.917
3052,3085.0,6.722
3053,3086.0,6.44
3054,3087.0,6.36
3055,3088.0,6.199
3056,3089.0,5.917
3057,3090.0,5.796
3058,3091.0,5.877
3059,3092.0,6.4
3060,3093.0,6.521
3061,3094.0,6.481
3062,3095.0,5.957
3063,3096.0,5.957
3064,3097.0,5.796
3065,3098.0,5.877
3066,3099.0,6.883
3067,3100.0,6.642
3068,3101.0,6.32
3069,3102.0,6.159
3070,3103.0,5.917
3071,3104.0,5.837
3072,3105.0,5.917
3073,3106.0,7.154
3074,3107.0,6.803
3075,3108.0,6.32
3076,3109.0,6.078
3077,3110.0,5.998
3078,3111.0,5.756
3079,3112.0,5.877
3080,3113.0,7.154
3081,3114.0,6.642
3082,3115.0,6.279
3083,3116.0,6.038
3084,3117.0,5.957
3085,3118.0,5.756
3086,3119.0,5.877
3087,3120.0,7.314
3088,3121.0,6.722
3089,3122.0,6.36
3090,3123.0,6.038
3091,3124.0,5.957
3092,3125.0,5.716
3093,3126.0,5.917
3094,3127.0,7.113
3095,3128.0,6.722
3096,3129.0,6.239
3097,3130.0,6.038
3098,3131.0,5.917
3099,3132.0,5.716
3100,3133.0,5.837
3101,3134.0,6.481
3102,3135.0,6.722
3103,3136.0,6.4
3104,3137.0,6.038
3105,3138.0,5.957
3106,3139.0,5.877
3107,3140.0,5.877
3108,3141.0,7.154
3109,3142.0,6.763
3110,3143.0,6.36
3111,3144.0,6.038
3112,3145.0,5.957
3113,3146.0,5.756
3114,3147.0,5.877
3115,3148.0,7.085
3116,3149.0,6.843
3117,3150.0,6.32
3118,3151.0,6.118
3119,3152.0,5.957
3120,3153.0,5.756
3121,3154.0,5.877
3122,3155.0,7.154
3123,3156.0,6.642
3124,3157.0,6.279
3125,3158.0,5.998
3126,3159.0,5.917
3127,3160.0,5.716
3128,3161.0,5.877
3129,3162.0,6.872
3130,3163.0,6.722
3131,3164.0,6.279
3132,3165.0,6.078
3133,3166.0,5.877
3134,3167.0,5.716
3135,3168.0,6.32
3136,3169.0,6.883
3137,3170.0,6.682
3138,3171.0,6.078
3139,3172.0,6.038
3140,3173.0,5.877
3141,3174.0,5.676
3142,3176.0,6.561
3143,3177.0,7.044
3144,3178.0,6.722
3145,3179.0,6.239
3146,3180.0,5.998
3147,3181.0,5.877
3148,3182.0,5.716
3149,3183.0,6.521
3150,3184.0,7.044
3151,3185.0,6.561
3152,3186.0,6.159
3153,3187.0,5.957
3154,3188.0,5.877
3155,3189.0,5.635
3156,3190.0,5.837
3157,3191.0,6.913
3158,3192.0,6.722
3159,3193.0,6.32
3160,3194.0,5.998
3161,3195.0,5.917
3162,3196.0,5.676
3163,3197.0,5.877
3164,3198.0,7.314
3165,3199.0,6.722
3166,3200.0,6.32
3167,3201.0,6.038
3168,3202.0,5.917
3169,3203.0,5.716
3170,3204.0,5.837
3171,3205.0,6.993
3172,3206.0,6.803
3173,3207.0,6.32
3174,3208.0,5.957
3175,3209.0,5.917
3176,3210.0,5.676
3177,3211.0,5.877
3178,3212.0,6.722
3179,3213.0,6.561
3180,3214.0,6.36
3181,3215.0,6.159
3182,3216.0,5.917
3183,3217.0,5.796
3184,3218.0,5.877
3185,3219.0,7.234
3186,3220.0,6.763
3187,3221.0,6.36
3188,3222.0,6.038
3189,3223.0,5.957
3190,3224.0,5.716
3191,3225.0,5.917
3192,3226.0,6.44
3193,3227.0,6.601
3194,3228.0,6.4
3195,3229.0,6.159
3196,3230.0,5.917
3197,3231.0,5.796
3198,3232.0,5.877
3199,3233.0,7.073
3200,3234.0,6.792
3201,3235.0,6.36
3202,3236.0,6.078
3203,3237.0,5.998
3204,3238.0,5.756
3205,3239.0,5.877
3206,3240.0,6.993
3207,3241.0,6.763
3208,3242.0,6.36
3209,3243.0,5.957
3210,3244.0,5.917
3211,3245.0,5.676
3212,3246.0,5.877
3213,3247.0,6.642
3214,3248.0,6.722
3215,3249.0,6.159
3216,3250.0,6.038
3217,3251.0,5.877
3218,3252.0,5.676
3219,3253.0,6.159
3220,3254.0,6.601
3221,3255.0,6.763
3222,3256.0,6.118
3223,3257.0,5.957
3224,3258.0,5.877
3225,3259.0,5.676
3226,3260.0,6.521
3227,3261.0,7.113
3228,3262.0,6.601
3229,3263.0,6.199
3230,3264.0,5.998
3231,3265.0,5.877
3232,3266.0,5.635
3233,3267.0,5.837
3234,3268.0,6.803
3235,3269.0,6.642
3236,3270.0,6.239
3237,3272.0,6.038
3238,3273.0,5.917
3239,3274.0,5.676
3240,3275.0,6.239
3241,3276.0,6.682
3242,3277.0,6.843
3243,3278.0,6.118
3244,3279.0,5.998
3245,3280.0,5.877
3246,3281.0,5.676
3247,3282.0,6.44
3248,3283.0,6.924
3249,3284.0,6.642
3250,3285.0,6.078
3251,3286.0,6.038
3252,3287.0,5.877
3253,3288.0,5.635
3254,3289.0,6.521
3255,3290.0,6.883
3256,3291.0,6.642
3257,3292.0,6.038
3258,3293.0,6.038
3259,3294.0,5.837
3260,3295.0,5.676
3261,3296.0,6.481
3262,3297.0,6.763
3263,3298.0,6.521
3264,3299.0,6.078
3265,3300.0,5.998
3266,3301.0,5.877
3267,3302.0,5.635
3268,3303.0,6.521
3269,3304.0,7.113
3270,3305.0,6.601
3271,3306.0,6.199
3272,3307.0,5.957
3273,3308.0,5.877
3274,3309.0,5.635
3275,3310.0,6.561
3276,3311.0,6.883
3277,3312.0,6.601
3278,3313.0,6.118
3279,3314.0,5.917
3280,3315.0,5.837
3281,3316.0,5.635
3282,3317.0,6.521
3283,3318.0,6.843
3284,3319.0,6.561
3285,3320.0,6.078
3286,3321.0,5.917
3287,3322.0,5.837
3288,3323.0,5.716
3289,3324.0,6.481
3290,3325.0,6.722
3291,3326.0,6.481
3292,3327.0,6.038
3293,3328.0,5.998
3294,3329.0,5.796
3295,3330.0,5.877
3296,3331.0,6.4
3297,3332.0,6.642
3298,3333.0,6.4
3299,3334.0,5.998
3300,3335.0,5.917
3301,3336.0,5.837
3302,3337.0,5.877
3303,3338.0,6.44
3304,3339.0,6.642
3305,3340.0,6.44
3306,3341.0,5.998
3307,3342.0,5.998
3308,3343.0,5.796
3309,3344.0,5.957
3310,3345.0,7.274
3311,3346.0,6.682
3312,3347.0,6.279
3313,3348.0,5.998
3314,3349.0,5.917
3315,3350.0,5.756
3316,3351.0,6.561
3317,3352.0,7.004
3318,3353.0,6.682
3319,3354.0,6.239
3320,3355.0,5.998
3321,3356.0,5.877
3322,3357.0,5.635
3323,3358.0,6.521
3324,3359.0,6.843
3325,3360.0,6.601
3326,3361.0,6.078
3327,3362.0,5.917
3328,3363.0,5.837
3329,3364.0,5.917
3330,3366.0,6.4
3331,3367.0,6.521
3332,3368.0,6.481
3333,3369.0,6.078
3334,3370.0,5.917
3335,3371.0,5.756
3336,3372.0,5.877
3337,3373.0,6.763
3338,3374.0,6.561
3339,3375.0,6.32
3340,3376.0,6.159
3341,3377.0,5.917
3342,3378.0,5.796
3343,3379.0,5.676
3344,3380.0,6.481
3345,3381.0,6.763
3346,3382.0,6.481
3347,3383.0,6.038
3348,3384.0,5.998
3349,3385.0,5.796
3350,3386.0,5.595
3351,3387.0,5.796
3352,3388.0,6.481
3353,3389.0,6.682
3354,3390.0,6.44
3355,3391.0,5.998
3356,3392.0,5.998
3357,3393.0,5.756
3358,3394.0,5.676
3359,3395.0,6.521
3360,3396.0,6.843
3361,3397.0,6.601
3362,3398.0,6.159
3363,3399.0,5.957
3364,3400.0,5.837
3365,3401.0,5.635
3366,3402.0,6.481
3367,3403.0,6.763
3368,3404.0,6.521
3369,3405.0,6.078
3370,3406.0,5.998
3371,3407.0,5.837
3372,3408.0,5.917
3373,3409.0,6.44
3374,3410.0,6.682
3375,3411.0,6.4
3376,3412.0,5.998
3377,3413.0,5.957
3378,3414.0,5.796
3379,3415.0,5.877
3380,3416.0,6.4
3381,3417.0,6.561
3382,3418.0,6.481
3383,3419.0,6.038
3384,3420.0,5.917
3385,3421.0,5.796
3386,3422.0,5.877
3387,3423.0,6.722
3388,3424.0,6.521
3389,3425.0,6.36
3390,3426.0,6.159
3391,3427.0,5.957
3392,3428.0,5.796
3393,3429.0,5.877
3394,3430.0,6.481
3395,3431.0,6.521
3396,3432.0,6.4
3397,3433.0,6.159
3398,3434.0,5.917
3399,3435.0,5.796
3400,3436.0,5.877
3401,3437.0,7.113
3402,3438.0,6.843
3403,3439.0,6.36
3404,3440.0,6.078
3405,3441.0,5.957
3406,3442.0,5.716
3407,3443.0,5.877
3408,3444.0,7.194
3409,3445.0,6.642
3410,3446.0,6.279
3411,3447.0,6.038
3412,3448.0,5.917
3413,3449.0,5.716
3414,3450.0,5.877
3415,3451.0,6.521
3416,3452.0,6.481
3417,3453.0,6.4
3418,3454.0,6.159
3419,3455.0,5.917
3420,3456.0,5.796
3421,3457.0,5.917
3422,3458.0,6.601
3423,3460.0,6.481
3424,3461.0,6.36
3425,3462.0,6.159
3426,3463.0,5.877
3427,3464.0,5.756
3428,3465.0,5.877
3429,3466.0,6.924
3430,3467.0,6.722
3431,3468.0,6.279
3432,3469.0,6.118
3433,3470.0,5.957
3434,3471.0,5.756
3435,3472.0,5.756
3436,3473.0,6.44
3437,3474.0,6.722
3438,3475.0,6.44
3439,3476.0,6.038
3440,3477.0,5.998
3441,3478.0,5.796
3442,3479.0,5.917
3443,3480.0,6.4
3444,3481.0,6.521
3445,3482.0,6.44
3446,3483.0,6.118
3447,3484.0,5.917
3448,3485.0,5.796
3449,3486.0,5.877
3450,3487.0,6.44
3451,3488.0,6.601
3452,3489.0,6.44
3453,3490.0,5.998
3454,3491.0,5.957
3455,3492.0,5.796
3456,3493.0,5.917
3457,3494.0,6.601
3458,3495.0,6.481
3459,3496.0,6.36
3460,3497.0,6.199
3461,3498.0,5.877
3462,3499.0,5.796
3463,3500.0,5.877
3464,3501.0,7.355
3465,3502.0,6.682
3466,3503.0,6.32
3467,3504.0,6.038
3468,3505.0,5.917
3469,3506.0,5.716
3470,3507.0,5.877
3471,3508.0,6.883
3472,3509.0,6.682
3473,3510.0,6.279
3474,3511.0,6.038
3475,3512.0,5.917
3476,3513.0,5.676
3477,3514.0,5.877
3478,3515.0,6.964
3479,3516.0,6.763
3480,3517.0,6.36
3481,3518.0,5.957
3482,3519.0,5.877
3483,3520.0,5.716
3484,3521.0,5.877
3485,3522.0,6.913
3486,3523.0,6.722
3487,3524.0,6.279
3488,3525.0,6.078
3489,3526.0,5.877
3490,3527.0,5.676
3491,3528.0,5.877
3492,3529.0,6.883
3493,3530.0,6.722
3494,3531.0,6.279
3495,3532.0,6.078
3496,3533.0,5.877
3497,3534.0,5.676
3498,3535.0,5.877
3499,3536.0,6.763
3500,3537.0,6.601
3501,3538.0,6.199
3502,3539.0,6.038
3503,3540.0,5.877
3504,3541.0,5.676
3505,3542.0,5.877
3506,3543.0,6.883
3507,3544.0,6.763
3508,3545.0,6.32
3509,3546.0,6.118
3510,3547.0,5.877
3511,3548.0,5.676
3512,3549.0,5.595
3513,3550.0,6.481
3514,3551.0,6.872
3515,3552.0,6.682
3516,3553.0,6.038
3517,3555.0,6.078
3518,3556.0,5.877
3519,3557.0,5.676
3520,3558.0,6.561
3521,3559.0,6.913
3522,3560.0,6.601
3523,3561.0,6.159
3524,3562.0,5.998
3525,3563.0,5.917
3526,3564.0,5.676
3527,3565.0,6.561
3528,3566.0,6.924
3529,3567.0,6.561
3530,3568.0,6.159
3531,3569.0,6.038
3532,3570.0,5.877
3533,3571.0,5.716
3534,3572.0,5.877
3535,3573.0,6.843
3536,3574.0,6.682
3537,3575.0,6.279
3538,3576.0,6.078
3539,3577.0,5.917
3540,3578.0,5.716
3541,3579.0,5.635
3542,3580.0,6.521
3543,3581.0,6.792
3544,3582.0,6.561
3545,3583.0,6.078
3546,3584.0,6.038
3547,3585.0,5.837
3548,3586.0,5.917
3549,3587.0,6.4
3550,3588.0,6.671
3551,3589.0,6.4
3552,3590.0,5.998
3553,3591.0,5.957
3554,3592.0,5.756
3555,3593.0,5.595
3556,3594.0,6.601
3557,3595.0,6.913
3558,3596.0,6.601
3559,3597.0,6.159
3560,3598.0,6.038
3561,3599.0,5.917
3562,3600.0,5.676
3563,3601.0,5.837
3564,3602.0,6.763
3565,3603.0,6.642
3566,3604.0,6.239
3567,3605.0,5.998
3568,3606.0,5.917
3569,3607.0,5.716
3570,3608.0,5.917
3571,3609.0,6.883
3572,3610.0,6.722
3573,3611.0,6.279
3574,3612.0,6.078
3575,3613.0,5.877
3576,3614.0,5.676
3577,3615.0,6.199
3578,3616.0,6.601
3579,3617.0,6.763
3580,3618.0,6.118
3581,3619.0,5.957
3582,3620.0,5.877
3583,3621.0,5.676
3584,3622.0,6.279
3585,3623.0,6.722
3586,3624.0,6.682
3587,3625.0,6.078
3588,3626.0,5.917
3589,3627.0,5.837
3590,3628.0,5.676
3591,3629.0,6.561
3592,3630.0,6.924
3593,3631.0,6.561
3594,3632.0,6.078
3595,3633.0,6.038
3596,3634.0,5.837
3597,3635.0,5.676
3598,3636.0,6.038
3599,3637.0,6.722
3600,3638.0,6.722
3601,3639.0,6.199
3602,3640.0,5.998
3603,3641.0,5.877
3604,3642.0,5.676
3605,3643.0,5.957
3606,3644.0,6.682
3607,3645.0,6.682
3608,3646.0,6.199
3609,3647.0,6.038
3610,3649.0,5.877
3611,3650.0,5.756
3612,3651.0,6.481
3613,3652.0,7.033
3614,3653.0,6.561
3615,3654.0,6.239
3616,3655.0,5.957
3617,3656.0,5.917
3618,3657.0,5.756
3619,3658.0,6.521
3620,3659.0,6.722
3621,3660.0,6.561
3622,3661.0,6.118
3623,3662.0,5.957
3624,3663.0,5.837
3625,3664.0,5.957
3626,3665.0,6.4
3627,3666.0,6.561
3628,3667.0,6.481
3629,3668.0,5.998
3630,3669.0,5.957
3631,3670.0,5.796
3632,3671.0,5.877
3633,3672.0,6.44
3634,3673.0,6.682
3635,3674.0,6.4
3636,3675.0,6.038
3637,3676.0,5.957
3638,3677.0,5.837
3639,3678.0,5.877
3640,3679.0,6.4
3641,3680.0,6.521
3642,3681.0,6.44
3643,3682.0,6.078
3644,3683.0,5.917
3645,3684.0,5.756
3646,3685.0,5.917
3647,3686.0,6.521
3648,3687.0,6.481
3649,3688.0,6.4
3650,3689.0,6.199
3651,3690.0,5.917
3652,3691.0,5.796
3653,3692.0,5.877
3654,3693.0,6.682
3655,3694.0,6.481
3656,3695.0,6.4
3657,3696.0,6.159
3658,3697.0,5.917
3659,3698.0,5.756
3660,3699.0,5.635
3661,3700.0,6.481
3662,3701.0,6.763
3663,3702.0,6.521
3664,3703.0,6.078
3665,3704.0,5.998
3666,3705.0,5.837
3667,3706.0,5.635
3668,3707.0,6.521
3669,3708.0,6.722
3670,3709.0,6.521
3671,3710.0,6.078
3672,3711.0,6.038
3673,3712.0,5.837
3674,3713.0,5.917
3675,3714.0,6.4
3676,3715.0,6.642
3677,3716.0,6.36
3678,3717.0,6.038
3679,3718.0,5.917
3680,3719.0,5.837
3681,3720.0,5.917
3682,3721.0,7.234
3683,3722.0,6.722
3684,3723.0,6.32
3685,3724.0,6.078
3686,3725.0,5.957
3687,3726.0,5.716
3688,3727.0,5.877
3689,3728.0,6.953
3690,3729.0,6.722
3691,3730.0,6.32
3692,3731.0,5.957
3693,3732.0,5.917
3694,3733.0,5.716
3695,3734.0,6.279
3696,3735.0,6.722
3697,3736.0,6.682
3698,3737.0,6.078
3699,3738.0,5.957
3700,3739.0,5.837
3701,3740.0,5.676
3702,3741.0,5.837
3703,3742.0,6.722
3704,3744.0,6.642
3705,3745.0,6.199
3706,3746.0,5.998
3707,3747.0,5.877
3708,3748.0,5.676
3709,3749.0,6.32
3710,3750.0,6.803
3711,3751.0,6.682
3712,3752.0,6.118
3713,3753.0,5.998
3714,3754.0,5.877
3715,3755.0,5.716
3716,3756.0,6.239
3717,3757.0,6.722
3718,3758.0,6.722
3719,3759.0,6.118
3720,3760.0,5.957
3721,3761.0,5.877
3722,3762.0,5.676
3723,3763.0,6.44
3724,3764.0,6.924
3725,3765.0,6.682
3726,3766.0,6.038
3727,3767.0,6.078
3728,3768.0,5.837
3729,3769.0,5.716
3730,3770.0,6.36
3731,3771.0,6.883
3732,3772.0,6.682
3733,3773.0,6.078
3734,3774.0,5.998
3735,3775.0,5.837
3736,3776.0,5.676
3737,3777.0,6.521
3738,3778.0,7.004
3739,3779.0,6.682
3740,3780.0,6.239
3741,3781.0,6.038
3742,3782.0,5.917
3743,3783.0,5.676
3744,3784.0,6.601
3745,3785.0,7.004
3746,3786.0,6.682
3747,3787.0,6.239
3748,3788.0,5.998
3749,3789.0,5.877
3750,3790.0,5.676
3751,3791.0,6.601
3752,3792.0,6.964
3753,3793.0,6.561
3754,3794.0,6.159
3755,3795.0,5.998
3756,3796.0,5.877
3757,3797.0,5.676
3758,3798.0,6.521
3759,3799.0,6.843
3760,3800.0,6.601
3761,3801.0,6.078
3762,3802.0,5.917
3763,3803.0,5.837
3764,3804.0,5.917
3765,3805.0,6.4
3766,3806.0,6.601
3767,3807.0,6.4
3768,3808.0,5.998
3769,3809.0,5.917
3770,3810.0,5.837
3771,3811.0,5.676
3772,3812.0,6.521
3773,3813.0,6.803
3774,3814.0,6.521
3775,3815.0,6.078
3776,3816.0,6.038
3777,3817.0,5.837
3778,3818.0,5.676
3779,3819.0,6.279
3780,3820.0,6.803
3781,3821.0,6.682
3782,3822.0,6.118
3783,3823.0,5.957
3784,3824.0,5.877
3785,3825.0,5.676
3786,3826.0,6.481
3787,3827.0,6.763
3788,3828.0,6.521
3789,3829.0,6.078
3790,3830.0,5.998
3791,3831.0,5.837
3792,3832.0,5.676
3793,3833.0,6.481
3794,3834.0,6.763
3795,3835.0,6.481
3796,3836.0,6.038
3797,3837.0,5.998
3798,3839.0,5.796
3799,3840.0,5.877
3800,3841.0,6.4
3801,3842.0,6.521
3802,3843.0,6.44
3803,3844.0,6.118
3804,3845.0,5.917
3805,3846.0,5.756
3806,3847.0,5.877
3807,3848.0,6.44
3808,3849.0,6.601
3809,3850.0,6.44
3810,3851.0,5.998
3811,3852.0,5.957
3812,3853.0,5.796
3813,3854.0,5.917
3814,3855.0,6.924
3815,3856.0,6.682
3816,3857.0,6.279
3817,3858.0,6.118
3818,3859.0,5.957
3819,3860.0,5.756
3820,3861.0,5.877
3821,3862.0,6.964
3822,3863.0,6.722
3823,3864.0,6.279
3824,3865.0,6.118
3825,3866.0,5.998
3826,3867.0,5.756
3827,3868.0,5.917
3828,3869.0,7.113
3829,3870.0,6.763
3830,3871.0,6.239
3831,3872.0,6.038
3832,3873.0,5.917
3833,3874.0,5.756
3834,3875.0,5.837
3835,3876.0,7.234
3836,3877.0,6.752
3837,3878.0,6.4
3838,3879.0,6.038
3839,3880.0,5.957
3840,3881.0,5.716
3841,3882.0,5.877
3842,3883.0,7.194
3843,3884.0,6.682
3844,3885.0,6.239
3845,3886.0,5.998
3846,3887.0,5.917
3847,3888.0,5.716
3848,3889.0,5.877
3849,3890.0,7.125
3850,3891.0,6.843
3851,3892.0,6.4
3852,3893.0,6.159
3853,3894.0,5.998
3854,3895.0,5.716
3855,3896.0,5.595
3856,3897.0,5.877
3857,3898.0,6.722
3858,3899.0,6.642
3859,3900.0,6.199
3860,3901.0,6.038
3861,3902.0,5.877
3862,3903.0,5.676
3863,3904.0,6.4
3864,3905.0,6.883
3865,3906.0,6.642
3866,3907.0,6.078
3867,3908.0,6.038
3868,3909.0,5.877
3869,3910.0,5.676
3870,3911.0,6.521
3871,3912.0,7.154
3872,3913.0,6.642
3873,3914.0,6.199
3874,3915.0,5.998
3875,3916.0,5.877
3876,3917.0,5.676
3877,3918.0,6.521
3878,3919.0,6.872
3879,3920.0,6.561
3880,3921.0,6.118
3881,3922.0,5.917
3882,3923.0,5.877
3883,3924.0,5.716
3884,3925.0,6.481
3885,3926.0,6.763
3886,3927.0,6.481
3887,3928.0,6.038
3888,3929.0,6.038
3889,3930.0,5.796
3890,3932.0,5.716
3891,3933.0,6.521
3892,3934.0,6.803
3893,3935.0,6.521
3894,3936.0,6.078
3895,3937.0,5.998
3896,3938.0,5.837
3897,3939.0,5.917
3898,3940.0,6.44
3899,3941.0,6.601
3900,3942.0,6.36
3901,3943.0,5.998
3902,3944.0,5.917
3903,3945.0,5.756
3904,3946.0,5.595
3905,3947.0,6.199
3906,3948.0,6.642
3907,3949.0,6.763
3908,3950.0,6.118
3909,3951.0,5.957
3910,3952.0,5.837
3911,3953.0,5.676
3912,3954.0,6.44
3913,3955.0,6.883
3914,3956.0,6.601
3915,3957.0,6.038
3916,3958.0,6.038
3917,3959.0,5.837
3918,3960.0,5.635
3919,3961.0,6.561
3920,3962.0,7.004
3921,3963.0,6.722
3922,3964.0,6.279
3923,3965.0,5.998
3924,3966.0,5.877
3925,3967.0,5.676
3926,3968.0,6.521
3927,3969.0,6.924
3928,3970.0,6.601
3929,3971.0,6.118
3930,3972.0,5.917
3931,3973.0,5.837
3932,3974.0,5.635
3933,3975.0,6.521
3934,3976.0,6.722
3935,3977.0,6.521
3936,3978.0,6.078
3937,3979.0,6.038
3938,3980.0,5.796
3939,3981.0,5.837
3940,3982.0,6.44
3941,3983.0,6.763
3942,3984.0,6.4
3943,3985.0,6.078
3944,3986.0,5.957
3945,3987.0,5.837
3946,3988.0,5.635
3947,3989.0,6.36
3948,3990.0,6.883
3949,3991.0,6.682
3950,3992.0,6.118
3951,3993.0,6.038
3952,3994.0,5.837
3953,3995.0,5.796
3954,3996.0,6.44
3955,3997.0,6.722
3956,3998.0,6.44
3957,3999.0,6.038
3958,4000.0,5.957
3959,4001.0,5.796
3960,4002.0,5.877
3961,4003.0,6.4
3962,4004.0,6.642
3963,4005.0,6.36
3964,4006.0,5.998
3965,4007.0,5.957
3966,4008.0,5.796
3967,4009.0,5.635
3968,4010.0,6.561
3969,4011.0,6.913
3970,4012.0,6.521
3971,4013.0,6.118
3972,4014.0,5.957
3973,4015.0,5.837
3974,4016.0,5.635
3975,4017.0,6.481
3976,4018.0,6.964
3977,4019.0,6.521
3978,4020.0,6.159
3979,4021.0,5.917
3980,4022.0,5.877
3981,4023.0,5.676
3982,4024.0,6.561
3983,4026.0,6.913
3984,4027.0,6.521
3985,4028.0,6.118
3986,4029.0,5.957
3987,4030.0,5.837
3988,4031.0,5.877
3989,4032.0,6.44
3990,4033.0,6.722
3991,4034.0,6.4
3992,4035.0,6.038
3993,4036.0,5.957
3994,4037.0,5.837
3995,4038.0,5.877
3996,4039.0,6.44
3997,4040.0,6.521
3998,4041.0,6.44
3999,4042.0,6.078
4000,4043.0,5.917
4001,4044.0,5.756
4002,4045.0,5.877
4003,4046.0,6.561
4004,4047.0,6.481
4005,4048.0,6.4
4006,4049.0,6.199
4007,4050.0,5.917
4008,4051.0,5.756
4009,4052.0,5.877
4010,4053.0,7.234
4011,4054.0,6.763
4012,4055.0,6.36
4013,4056.0,6.038
4014,4057.0,5.917
4015,4058.0,5.756
4016,4059.0,5.837
4017,4060.0,7.274
4018,4061.0,6.682
4019,4062.0,6.279
4020,4063.0,6.038
4021,4064.0,5.957
4022,4065.0,5.796
4023,4066.0,6.561
4024,4067.0,7.033
4025,4068.0,6.682
4026,4069.0,6.239
4027,4070.0,5.998
4028,4071.0,5.877
4029,4072.0,5.716
4030,4073.0,6.521
4031,4074.0,7.004
4032,4075.0,6.682
4033,4076.0,6.279
4034,4077.0,5.998
4035,4078.0,5.917
4036,4079.0,5.716
4037,4080.0,6.561
4038,4081.0,6.872
4039,4082.0,6.561
4040,4083.0,6.118
4041,4084.0,5.957
4042,4085.0,5.837
4043,4086.0,5.957
4044,4087.0,6.4
4045,4088.0,6.642
4046,4089.0,6.4
4047,4090.0,6.038
4048,4091.0,5.957
4049,4092.0,5.837
4050,4093.0,5.877
4051,4094.0,6.601
4052,4095.0,6.481
4053,4096.0,6.36
4054,4097.0,6.159
4055,4098.0,5.877
4056,4099.0,5.756
4057,4100.0,5.877
4058,4101.0,6.642
4059,4102.0,6.481
4060,4103.0,6.36
4061,4104.0,6.159
4062,4105.0,5.877
4063,4106.0,5.756
4064,4107.0,5.917
4065,4108.0,6.763
4066,4109.0,6.561
4067,4110.0,6.32
4068,4111.0,6.159
4069,4112.0,5.998
4070,4113.0,5.756
4071,4114.0,5.877
4072,4115.0,6.44
4073,4116.0,6.521
4074,4117.0,6.481
4075,4118.0,6.118
4076,4119.0,5.917
4077,4121.0,5.756
4078,4122.0,5.635
4079,4123.0,6.521
4080,4124.0,6.993
4081,4125.0,6.722
4082,4126.0,6.279
4083,4127.0,5.998
4084,4128.0,5.917
4085,4129.0,5.635
4086,4130.0,6.32
4087,4131.0,6.803
4088,4132.0,6.722
4089,4133.0,6.078
4090,4134.0,5.998
4091,4135.0,5.837
4092,4136.0,5.676
4093,4137.0,6.279
4094,4138.0,6.763
4095,4139.0,6.763
4096,4140.0,6.118
4097,4141.0,5.957
4098,4142.0,5.877
4099,4143.0,5.635
4100,4144.0,6.561
4101,4145.0,6.913
4102,4146.0,6.642
4103,4147.0,6.078
4104,4148.0,6.038
4105,4149.0,5.837
4106,4150.0,5.676
4107,4151.0,6.521
4108,4152.0,6.843
4109,4153.0,6.601
4110,4154.0,6.078
4111,4155.0,5.917
4112,4156.0,5.837
4113,4157.0,5.635
4114,4158.0,6.481
4115,4159.0,6.993
4116,4160.0,6.561
4117,4161.0,6.159
4118,4162.0,5.957
4119,4163.0,5.877
4120,4164.0,5.635
4121,4165.0,6.481
4122,4166.0,6.722
4123,4167.0,6.521
4124,4168.0,6.078
4125,4169.0,5.998
4126,4170.0,5.837
4127,4171.0,5.917
4128,4172.0,6.44
4129,4173.0,6.642
4130,4174.0,6.36
4131,4175.0,5.998
4132,4176.0,5.957
4133,4177.0,5.837
4134,4178.0,5.716
4135,4179.0,6.521
4136,4180.0,6.843
4137,4181.0,6.561
4138,4182.0,6.118
4139,4183.0,5.957
4140,4184.0,5.877
4141,4185.0,5.957
4142,4186.0,6.4
4143,4187.0,6.601
4144,4188.0,6.4
4145,4189.0,5.998
4146,4190.0,5.957
4147,4191.0,5.837
4148,4192.0,5.877
4149,4193.0,6.44
4150,4194.0,6.521
4151,4195.0,6.521
4152,4196.0,5.998
4153,4197.0,5.998
4154,4198.0,5.796
4155,4199.0,5.917
4156,4200.0,6.481
4157,4201.0,6.521
4158,4202.0,6.44
4159,4203.0,6.078
4160,4204.0,5.917
4161,4205.0,5.796
4162,4206.0,5.877
4163,4207.0,6.682
4164,4208.0,6.44
4165,4209.0,6.36
4166,4210.0,6.199
4167,4211.0,5.917
4168,4212.0,5.756
4169,4213.0,5.595
4170,4214.0,6.4
4171,4216.0,6.843
4172,4217.0,6.682
4173,4218.0,6.078
4174,4219.0,5.957
4175,4220.0,5.837
4176,4221.0,5.676
4177,4222.0,6.32
4178,4223.0,6.763
4179,4224.0,6.682
4180,4225.0,6.118
4181,4226.0,5.998
4182,4227.0,5.877
4183,4228.0,5.676
4184,4229.0,6.561
4185,4230.0,6.924
4186,4231.0,6.601
4187,4232.0,6.159
4188,4233.0,6.038
4189,4234.0,5.917
4190,4235.0,5.676
4191,4236.0,6.521
4192,4237.0,6.843
4193,4238.0,6.601
4194,4239.0,6.118
4195,4240.0,5.917
4196,4241.0,5.877
4197,4242.0,5.635
4198,4243.0,6.601
4199,4244.0,6.803
4200,4245.0,6.561
4201,4246.0,6.078
4202,4247.0,5.998
4203,4248.0,5.837
4204,4249.0,5.635
4205,4250.0,5.837
4206,4251.0,6.763
4207,4252.0,6.601
4208,4253.0,6.239
4209,4254.0,6.038
4210,4255.0,5.917
4211,4256.0,5.676
4212,4257.0,6.481
4213,4258.0,6.883
4214,4259.0,6.642
4215,4260.0,6.038
4216,4261.0,6.038
4217,4262.0,5.837
4218,4263.0,5.635
4219,4264.0,6.561
4220,4265.0,7.004
4221,4266.0,6.642
4222,4267.0,6.199
4223,4268.0,5.998
4224,4269.0,5.917
4225,4270.0,5.676
4226,4271.0,6.521
4227,4272.0,7.125
4228,4273.0,6.642
4229,4274.0,6.239
4230,4275.0,5.957
4231,4276.0,5.877
4232,4277.0,5.676
4233,4278.0,6.521
4234,4279.0,6.803
4235,4280.0,6.561
4236,4281.0,6.078
4237,4282.0,5.957
4238,4283.0,5.837
4239,4284.0,5.877
4240,4285.0,6.481
4241,4286.0,6.722
4242,4287.0,6.4
4243,4288.0,6.038
4244,4289.0,5.957
4245,4290.0,5.796
4246,4291.0,5.796
4247,4292.0,6.44
4248,4293.0,6.722
4249,4294.0,6.44
4250,4295.0,6.038
4251,4296.0,5.998
4252,4297.0,5.796
4253,4298.0,5.877
4254,4299.0,6.44
4255,4300.0,6.722
4256,4301.0,6.4
4257,4302.0,6.038
4258,4303.0,5.957
4259,4304.0,5.837
4260,4305.0,5.917
4261,4306.0,6.44
4262,4307.0,6.642
4263,4308.0,6.4
4264,4310.0,5.998
4265,4311.0,5.998
4266,4312.0,5.796
4267,4313.0,5.756
4268,4314.0,6.481
4269,4315.0,6.803
4270,4316.0,6.481
4271,4317.0,6.038
4272,4318.0,5.998
4273,4319.0,5.796
4274,4320.0,5.635
4275,4321.0,6.481
4276,4322.0,6.883
4277,4323.0,6.601
4278,4324.0,6.038
4279,4325.0,6.038
4280,4326.0,5.837
4281,4327.0,5.676
4282,4328.0,6.521
4283,4329.0,7.044
4284,4330.0,6.561
4285,4331.0,6.159
4286,4332.0,5.957
4287,4333.0,5.837
4288,4334.0,5.676
4289,4335.0,6.521
4290,4336.0,6.883
4291,4337.0,6.561
4292,4338.0,6.118
4293,4339.0,5.917
4294,4340.0,5.837
4295,4341.0,5.716
4296,4342.0,6.481
4297,4343.0,6.763
4298,4344.0,6.481
4299,4345.0,6.038
4300,4346.0,5.998
4301,4347.0,5.796
4302,4348.0,5.796
4303,4349.0,6.44
4304,4350.0,6.763
4305,4351.0,6.44
4306,4352.0,6.078
4307,4353.0,5.998
4308,4354.0,5.837
4309,4355.0,5.635
4310,4356.0,6.561
4311,4357.0,6.964
4312,4358.0,6.682
4313,4359.0,6.239
4314,4360.0,6.038
4315,4361.0,5.917
4316,4362.0,5.676
4317,4363.0,6.521
4318,4364.0,7.125
4319,4365.0,6.642
4320,4366.0,6.239
4321,4367.0,5.957
4322,4368.0,5.877
4323,4369.0,5.635
4324,4370.0,6.561
4325,4371.0,6.964
4326,4372.0,6.642
4327,4373.0,6.239
4328,4374.0,6.038
4329,4375.0,5.917
4330,4376.0,5.635
4331,4377.0,6.481
4332,4378.0,6.964
4333,4379.0,6.521
4334,4380.0,6.118
4335,4381.0,5.917
4336,4382.0,5.837
4337,4383.0,5.635
4338,4384.0,6.481
4339,4385.0,6.964
4340,4386.0,6.521
4341,4387.0,6.159
4342,4388.0,5.957
4343,4389.0,5.837
4344,4390.0,5.635
4345,4391.0,6.521
4346,4392.0,7.044
4347,4393.0,6.561
4348,4394.0,6.159
4349,4395.0,5.957
4350,4396.0,5.877
4351,4397.0,5.676
4352,4398.0,6.561
4353,4399.0,6.964
4354,4400.0,6.481
4355,4401.0,6.159
4356,4402.0,5.957
4357,4404.0,5.877
4358,4405.0,5.676
4359,4406.0,6.521
4360,4407.0,6.964
4361,4408.0,6.561
4362,4409.0,6.159
4363,4410.0,5.957
4364,4411.0,5.837
4365,4412.0,5.917
4366,4413.0,6.44
4367,4414.0,6.722
4368,4415.0,6.4
4369,4416.0,6.038
4370,4417.0,5.957
4371,4418.0,5.837
4372,4419.0,5.877
4373,4420.0,6.481
4374,4421.0,6.642
4375,4422.0,6.4
4376,4423.0,5.998
4377,4424.0,5.998
4378,4425.0,5.796
4379,4426.0,5.877
4380,4427.0,7.274
4381,4428.0,6.722
4382,4429.0,6.32
4383,4430.0,6.038
4384,4431.0,5.917
4385,4432.0,5.716
4386,4433.0,5.917
4387,4434.0,7.274
4388,4435.0,6.682
4389,4436.0,6.279
4390,4437.0,6.038
4391,4438.0,5.917
4392,4439.0,5.716
4393,4440.0,5.877
4394,4441.0,7.033
4395,4442.0,6.803
4396,4443.0,6.32
4397,4444.0,5.957
4398,4445.0,5.917
4399,4446.0,5.716
4400,4447.0,6.118
4401,4448.0,6.601
4402,4449.0,6.803
4403,4450.0,6.118
4404,4451.0,5.998
4405,4452.0,5.837
4406,4453.0,5.676
4407,4454.0,6.44
4408,4455.0,6.924
4409,4456.0,6.601
4410,4457.0,6.078
4411,4458.0,6.038
4412,4459.0,5.837
4413,4460.0,5.635
4414,4461.0,6.601
4415,4462.0,6.964
4416,4463.0,6.642
4417,4464.0,6.199
4418,4465.0,6.038
4419,4466.0,5.877
4420,4467.0,5.716
4421,4468.0,6.521
4422,4469.0,7.113
4423,4470.0,6.601
4424,4471.0,6.199
4425,4472.0,5.957
4426,4473.0,5.917
4427,4474.0,5.676
4428,4475.0,6.521
4429,4476.0,6.964
4430,4477.0,6.521
4431,4478.0,6.159
4432,4479.0,5.917
4433,4480.0,5.837
4434,4481.0,5.635
4435,4482.0,6.36
4436,4483.0,6.843
4437,4484.0,6.682
4438,4485.0,6.078
4439,4486.0,5.998
4440,4487.0,5.837
4441,4488.0,5.676
4442,4489.0,6.521
4443,4490.0,7.044
4444,4491.0,6.682
4445,4492.0,6.239
4446,4493.0,5.957
4447,4494.0,5.917
4448,4495.0,5.635
4449,4496.0,6.561
4450,4497.0,6.924
4451,4499.0,6.521
4452,4500.0,6.118
4453,4501.0,5.917
4454,4502.0,5.837
4455,4503.0,5.796
4456,4504.0,6.44
4457,4505.0,6.722
4458,4506.0,6.44
4459,4507.0,6.038
4460,4508.0,5.998
4461,4509.0,5.796
4462,4510.0,5.877
4463,4511.0,6.481
4464,4512.0,6.481
4465,4513.0,6.4
4466,4514.0,6.159
4467,4515.0,5.957
4468,4516.0,5.756
4469,4517.0,5.877
4470,4518.0,6.481
4471,4519.0,6.521
4472,4520.0,6.44
4473,4521.0,6.199
4474,4522.0,5.917
4475,4523.0,5.837
4476,4524.0,5.877
4477,4525.0,6.843
4478,4526.0,6.601
4479,4527.0,6.36
4480,4528.0,6.118
4481,4529.0,5.998
4482,4530.0,5.756
4483,4531.0,5.877
4484,4532.0,7.044
4485,4533.0,6.803
4486,4534.0,6.279
4487,4535.0,6.078
4488,4536.0,5.957
4489,4537.0,5.716
4490,4538.0,5.877
4491,4539.0,7.165
4492,4540.0,6.843
4493,4541.0,6.4
4494,4542.0,6.038
4495,4543.0,5.957
4496,4544.0,5.756
4497,4545.0,5.877
4498,4546.0,7.274
4499,4547.0,6.722
4500,4548.0,6.32
4501,4549.0,6.078
4502,4550.0,5.957
4503,4551.0,5.716
4504,4552.0,5.877
4505,4553.0,7.194
4506,4554.0,6.642
4507,4555.0,6.279
4508,4556.0,5.998
4509,4557.0,5.917
4510,4558.0,5.756
4511,4559.0,5.877
4512,4560.0,6.843
4513,4561.0,6.642
4514,4562.0,6.279
4515,4563.0,6.038
4516,4564.0,5.917
4517,4565.0,5.676
4518,4566.0,5.877
4519,4567.0,7.165
4520,4568.0,6.682
4521,4569.0,6.239
4522,4570.0,5.998
4523,4571.0,5.917
4524,4572.0,5.756
4525,4573.0,5.917
4526,4574.0,6.883
4527,4575.0,7.004
4528,4576.0,6.481
4529,4577.0,6.078
4530,4578.0,5.917
4531,4579.0,5.676
4532,4580.0,5.917
4533,4581.0,6.722
4534,4582.0,6.682
4535,4583.0,6.199
4536,4584.0,5.998
4537,4585.0,5.877
4538,4586.0,5.676
4539,4587.0,5.837
4540,4588.0,6.803
4541,4589.0,6.642
4542,4590.0,6.199
4543,4591.0,6.038
4544,4593.0,5.877
4545,4594.0,5.716
4546,4595.0,6.239
4547,4596.0,6.642
4548,4597.0,6.722
4549,4598.0,6.118
4550,4599.0,5.957
4551,4600.0,5.877
4552,4601.0,5.676
4553,4602.0,5.877
4554,4603.0,6.682
4555,4604.0,6.682
4556,4605.0,6.159
4557,4606.0,6.078
4558,4607.0,5.877
4559,4608.0,5.676
4560,4609.0,5.917
4561,4610.0,6.924
4562,4611.0,6.682
4563,4612.0,6.279
4564,4613.0,6.078
4565,4614.0,5.917
4566,4615.0,5.676
4567,4616.0,5.756
4568,4617.0,6.44
4569,4618.0,6.722
4570,4619.0,6.44
4571,4620.0,6.038
4572,4621.0,5.957
4573,4622.0,5.837
4574,4623.0,5.877
4575,4624.0,6.44
4576,4625.0,6.521
4577,4626.0,6.44
4578,4627.0,6.118
4579,4628.0,5.957
4580,4629.0,5.756
4581,4630.0,5.917
4582,4631.0,6.4
4583,4632.0,6.642
4584,4633.0,6.4
4585,4634.0,6.038
4586,4635.0,5.957
4587,4636.0,5.837
4588,4637.0,5.716
4589,4638.0,6.561
4590,4639.0,7.085
4591,4640.0,6.682
4592,4641.0,6.239
4593,4642.0,5.957
4594,4643.0,5.877
4595,4644.0,5.676
4596,4645.0,6.561
4597,4646.0,6.924
4598,4647.0,6.601
4599,4648.0,6.159
4600,4649.0,5.998
4601,4650.0,5.917
4602,4651.0,5.676
4603,4652.0,6.521
4604,4653.0,7.125
4605,4654.0,6.682
4606,4655.0,6.239
4607,4656.0,5.957
4608,4657.0,5.877
4609,4658.0,5.635
4610,4659.0,6.521
4611,4660.0,7.044
4612,4661.0,6.561
4613,4662.0,6.159
4614,4663.0,5.957
4615,4664.0,5.877
4616,4665.0,5.676
4617,4666.0,6.239
4618,4667.0,6.682
4619,4668.0,6.722
4620,4669.0,6.118
4621,4670.0,5.957
4622,4671.0,5.877
4623,4672.0,5.676
4624,4673.0,6.521
4625,4674.0,7.004
4626,4675.0,6.561
4627,4676.0,6.159
4628,4677.0,5.998
4629,4678.0,5.877
4630,4679.0,5.676
4631,4680.0,6.481
4632,4681.0,7.004
4633,4682.0,6.521
4634,4683.0,6.159
4635,4684.0,5.917
4636,4685.0,5.877
4637,4686.0,5.635
4638,4688.0,6.481
4639,4689.0,6.722
4640,4690.0,6.481
4641,4691.0,6.078
4642,4692.0,5.998
4643,4693.0,5.796
4644,4694.0,5.877
4645,4695.0,6.4
4646,4696.0,6.561
4647,4697.0,6.481
4648,4698.0,6.038
4649,4699.0,5.957
4650,4700.0,5.756
4651,4701.0,5.877
4652,4702.0,6.722
4653,4703.0,6.561
4654,4704.0,6.4
4655,4705.0,6.159
4656,4706.0,5.917
4657,4707.0,5.756
4658,4708.0,5.877
4659,4709.0,7.314
4660,4710.0,6.682
4661,4711.0,6.32
4662,4712.0,6.038
4663,4713.0,5.957
4664,4714.0,5.716
4665,4715.0,5.917
4666,4716.0,7.314
4667,4717.0,6.722
4668,4718.0,6.32
4669,4719.0,6.038
4670,4720.0,5.917
4671,4721.0,5.756
4672,4722.0,5.877
4673,4723.0,6.993
4674,4724.0,6.763
4675,4725.0,6.36
4676,4726.0,5.957
4677,4727.0,5.917
4678,4728.0,5.716
4679,4729.0,5.917
4680,4730.0,6.964
4681,4731.0,6.803
4682,4732.0,6.279
4683,4733.0,5.998
4684,4734.0,5.917
4685,4735.0,5.756
4686,4736.0,5.877
4687,4737.0,6.924
4688,4738.0,6.722
4689,4739.0,6.32
4690,4740.0,5.957
4691,4741.0,5.917
4692,4742.0,5.716
4693,4743.0,5.877
4694,4744.0,6.763
4695,4745.0,6.642
4696,4746.0,6.239
4697,4747.0,6.038
4698,4748.0,5.877
4699,4749.0,5.716
4700,4750.0,5.877
4701,4751.0,6.924
4702,4752.0,6.763
4703,4753.0,6.32
4704,4754.0,5.957
4705,4755.0,5.917
4706,4756.0,5.756
4707,4757.0,6.32
4708,4758.0,6.682
4709,4759.0,6.722
4710,4760.0,6.118
4711,4761.0,5.957
4712,4762.0,5.877
4713,4763.0,5.676
4714,4764.0,5.877
4715,4765.0,7.085
4716,4766.0,6.843
4717,4767.0,6.279
4718,4768.0,6.118
4719,4769.0,5.998
4720,4770.0,5.716
4721,4771.0,5.635
4722,4772.0,5.957
4723,4773.0,6.682
4724,4774.0,6.682
4725,4775.0,6.199
4726,4776.0,6.038
4727,4777.0,5.877
4728,4778.0,5.837
4729,4779.0,5.917
4730,4780.0,6.521
4731,4781.0,6.561
4732,4783.0,6.4
4733,4784.0,6.159
4734,4785.0,5.957
4735,4786.0,5.756
4736,4787.0,5.676
4737,4788.0,5.877
4738,4789.0,6.803
4739,4790.0,6.601
4740,4791.0,6.239
4741,4792.0,6.038
4742,4793.0,5.877
4743,4794.0,5.676
4744,4795.0,6.32
4745,4796.0,6.843
4746,4797.0,6.642
4747,4798.0,6.078
4748,4799.0,5.998
4749,4800.0,5.837
4750,4801.0,5.676
4751,4802.0,6.521
4752,4803.0,6.964
4753,4804.0,6.521
4754,4805.0,6.118
4755,4806.0,5.917
4756,4807.0,5.837
4757,4808.0,5.676
4758,4809.0,6.521
4759,4810.0,6.803
4760,4811.0,6.561
4761,4812.0,6.118
4762,4813.0,5.917
4763,4814.0,5.837
4764,4815.0,5.635
4765,4816.0,6.601
4766,4817.0,6.924
4767,4818.0,6.601
4768,4819.0,6.118
4769,4820.0,6.038
4770,4821.0,5.877
4771,4822.0,5.676
4772,4823.0,6.561
4773,4824.0,6.924
4774,4825.0,6.601
4775,4826.0,6.159
4776,4827.0,6.038
4777,4828.0,5.877
4778,4829.0,5.676
4779,4830.0,6.642
4780,4831.0,6.924
4781,4832.0,6.561
4782,4833.0,6.118
4783,4834.0,5.957
4784,4835.0,5.877
4785,4836.0,5.796
4786,4837.0,6.481
4787,4838.0,6.843
4788,4839.0,6.44
4789,4840.0,6.078
4790,4841.0,5.998
4791,4842.0,5.837
4792,4843.0,5.635
4793,4844.0,6.561
4794,4845.0,6.924
4795,4846.0,6.481
4796,4847.0,6.279
4797,4848.0,5.917
4798,4849.0,5.837
4799,4850.0,5.635
4800,4851.0,6.561
4801,4852.0,6.924
4802,4853.0,6.481
4803,4854.0,6.118
4804,4855.0,5.957
4805,4856.0,5.837
4806,4857.0,5.635
4807,4858.0,6.521
4808,4859.0,6.883
4809,4860.0,6.601
4810,4861.0,6.118
4811,4862.0,5.917
4812,4863.0,5.837
4813,4864.0,5.635
4814,4865.0,6.521
4815,4866.0,6.763
4816,4867.0,6.561
4817,4868.0,6.078
4818,4869.0,5.998
4819,4870.0,5.837
4820,4871.0,5.796
4821,4872.0,6.481
4822,4873.0,6.722
4823,4874.0,6.44
4824,4875.0,6.078
4825,4877.0,5.998
4826,4878.0,5.837
4827,4879.0,5.877
4828,4880.0,6.4
4829,4881.0,6.561
4830,4882.0,6.481
4831,4883.0,6.078
4832,4884.0,5.957
4833,4885.0,5.796
4834,4886.0,5.877
4835,4887.0,6.601
4836,4888.0,6.481
4837,4889.0,6.36
4838,4890.0,6.199
4839,4891.0,5.877
4840,4892.0,5.837
4841,4893.0,5.877
4842,4894.0,6.883
4843,4895.0,6.642
4844,4896.0,6.279
4845,4897.0,6.118
4846,4898.0,5.957
4847,4899.0,5.756
4848,4900.0,5.877
4849,4901.0,7.154
4850,4902.0,6.722
4851,4903.0,6.239
4852,4904.0,6.038
4853,4905.0,5.917
4854,4906.0,5.716
4855,4907.0,5.877
4856,4908.0,6.924
4857,4909.0,6.722
4858,4910.0,6.279
4859,4911.0,6.038
4860,4912.0,5.877
4861,4913.0,5.676
4862,4914.0,6.199
4863,4915.0,6.642
4864,4916.0,6.722
4865,4917.0,6.118
4866,4918.0,5.957
4867,4919.0,5.877
4868,4920.0,5.635
4869,4921.0,6.601
4870,4922.0,6.924
4871,4923.0,6.601
4872,4924.0,6.118
4873,4925.0,6.038
4874,4926.0,5.837
4875,4927.0,5.676
4876,4928.0,6.521
4877,4929.0,7.044
4878,4930.0,6.642
4879,4931.0,6.239
4880,4932.0,5.957
4881,4933.0,5.957
4882,4934.0,5.676
4883,4935.0,5.917
4884,4936.0,6.722
4885,4937.0,6.722
4886,4938.0,6.199
4887,4939.0,6.038
4888,4940.0,5.877
4889,4941.0,5.716
4890,4942.0,5.877
4891,4943.0,6.803
4892,4944.0,6.601
4893,4945.0,6.239
4894,4946.0,5.998
4895,4947.0,5.917
4896,4948.0,5.676
4897,4949.0,5.877
4898,4950.0,7.154
4899,4951.0,6.682
4900,4952.0,6.239
4901,4953.0,5.998
4902,4954.0,5.957
4903,4955.0,5.756
4904,4956.0,5.877
4905,4957.0,7.165
4906,4958.0,6.803
4907,4959.0,6.4
4908,4960.0,6.078
4909,4961.0,5.957
4910,4962.0,5.756
4911,4963.0,5.877
4912,4964.0,6.561
4913,4965.0,6.521
4914,4966.0,6.4
4915,4967.0,6.199
4916,4968.0,5.917
4917,4969.0,5.796
4918,4970.0,5.917
4919,4972.0,6.642
4920,4973.0,6.481
4921,4974.0,6.36
4922,4975.0,6.159
4923,4976.0,5.877
4924,4977.0,5.796
4925,4978.0,5.917
4926,4979.0,7.044
4927,4980.0,6.803
4928,4981.0,6.279
4929,4982.0,6.078
4930,4983.0,5.998
4931,4984.0,5.756
4932,4985.0,5.877
4933,4986.0,7.234
4934,4987.0,6.682
4935,4988.0,6.279
4936,4989.0,6.038
4937,4990.0,5.917
4938,4991.0,5.756
4939,4992.0,5.877
4940,4993.0,7.085
4941,4994.0,6.803
4942,4995.0,6.279
4943,4996.0,5.957
4944,4997.0,5.957
4945,4998.0,5.676
4946,4999.0,5.917
4947,5000.0,6.924
4948,5001.0,6.763
4949,5002.0,6.32
4950,5003.0,5.998
4951,5004.0,5.877
4952,5005.0,5.676
4953,5006.0,5.877
4954,5007.0,6.763
4955,5008.0,6.601
4956,5009.0,6.199
4957,5010.0,6.038
4958,5011.0,5.877
4959,5012.0,5.676
4960,5013.0,6.521
4961,5014.0,6.924
4962,5015.0,6.601
4963,5016.0,6.078
4964,5017.0,5.998
4965,5018.0,5.837
4966,5019.0,5.635
4967,5020.0,6.561
4968,5021.0,6.924
4969,5022.0,6.601
4970,5023.0,6.199
4971,5024.0,6.038
4972,5025.0,5.917
4973,5026.0,5.635
4974,5027.0,6.159
4975,5028.0,6.601
4976,5029.0,6.763
4977,5030.0,6.118
4978,5031.0,5.957
4979,5032.0,5.877
4980,5033.0,5.635
4981,5034.0,6.561
4982,5035.0,6.924
4983,5036.0,6.601
4984,5037.0,6.078
4985,5038.0,6.038
4986,5039.0,5.837
4987,5040.0,5.676
4988,5041.0,6.521
4989,5042.0,6.964
4990,5043.0,6.481
4991,5044.0,6.159
4992,5045.0,5.917
4993,5046.0,5.877
4994,5047.0,5.635
4995,5048.0,6.521
4996,5049.0,6.803
4997,5050.0,6.601
4998,5051.0,6.118
4999,5052.0,5.998
5000,5053.0,5.837
5001,5054.0,5.917
5002,5055.0,6.763
5003,5056.0,6.561
5004,5057.0,6.32
5005,5058.0,6.118
5006,5059.0,5.957
5007,5060.0,5.756
5008,5061.0,5.877
5009,5062.0,7.044
5010,5063.0,6.803
5011,5064.0,6.32
5012,5065.0,6.078
5013,5067.0,5.957
5014,5068.0,5.756
5015,5069.0,5.877
5016,5070.0,7.234
5017,5071.0,6.722
5018,5072.0,6.36
5019,5073.0,6.038
5020,5074.0,5.957
5021,5075.0,5.716
5022,5076.0,5.877
5023,5077.0,7.004
5024,5078.0,6.763
5025,5079.0,6.279
5026,5080.0,6.118
5027,5081.0,5.957
5028,5082.0,5.756
5029,5083.0,5.877
5030,5084.0,7.165
5031,5085.0,6.803
5032,5086.0,6.4
5033,5087.0,6.038
5034,5088.0,5.957
5035,5089.0,5.716
5036,5090.0,5.877
5037,5091.0,7.154
5038,5092.0,6.843
5039,5093.0,6.4
5040,5094.0,6.078
5041,5095.0,5.957
5042,5096.0,5.756
5043,5097.0,5.957
5044,5098.0,7.314
5045,5099.0,6.682
5046,5100.0,6.32
5047,5101.0,6.038
5048,5102.0,5.957
5049,5103.0,5.716
5050,5104.0,5.917
5051,5105.0,7.125
5052,5106.0,6.763
5053,5107.0,6.239
5054,5108.0,6.038
5055,5109.0,5.917
5056,5110.0,5.756
5057,5111.0,5.877
5058,5112.0,7.274
5059,5113.0,6.763
5060,5114.0,6.36
5061,5115.0,6.038
5062,5116.0,5.957
5063,5117.0,5.716
5064,5118.0,5.917
5065,5119.0,6.4
5066,5120.0,6.561
5067,5121.0,6.44
5068,5122.0,6.038
5069,5123.0,5.917
5070,5124.0,5.796
5071,5125.0,5.877
5072,5126.0,6.601
5073,5127.0,6.481
5074,5128.0,6.36
5075,5129.0,6.159
5076,5130.0,5.917
5077,5131.0,5.756
5078,5132.0,5.877
5079,5133.0,7.113
5080,5134.0,6.803
5081,5135.0,6.36
5082,5136.0,6.078
5083,5137.0,5.957
5084,5138.0,5.716
5085,5139.0,5.877
5086,5140.0,7.234
5087,5141.0,6.803
5088,5142.0,6.36
5089,5143.0,6.078
5090,5144.0,5.957
5091,5145.0,5.756
5092,5146.0,5.837
5093,5147.0,7.154
5094,5148.0,6.682
5095,5149.0,6.279
5096,5150.0,5.998
5097,5151.0,5.917
5098,5152.0,5.716
5099,5153.0,5.877
5100,5154.0,7.004
5101,5155.0,6.803
5102,5156.0,6.279
5103,5157.0,5.957
5104,5158.0,5.877
5105,5159.0,5.716
5106,5161.0,5.837
5107,5162.0,6.883
5108,5163.0,6.722
5109,5164.0,6.279
5110,5165.0,6.038
5111,5166.0,5.877
5112,5167.0,5.676
5113,5168.0,5.837
5114,5169.0,6.682
5115,5170.0,6.682
5116,5171.0,6.199
5117,5172.0,5.998
5118,5173.0,5.877
5119,5174.0,5.676
5120,5175.0,6.481
5121,5176.0,6.964
5122,5177.0,6.521
5123,5178.0,6.159
5124,5179.0,5.957
5125,5180.0,5.877
5126,5181.0,5.635
5127,5182.0,6.481
5128,5183.0,6.803
5129,5184.0,6.561
5130,5185.0,6.118
5131,5186.0,5.917
5132,5187.0,5.837
5133,5188.0,5.716
5134,5189.0,6.481
5135,5190.0,6.722
5136,5191.0,6.44
5137,5192.0,6.038
5138,5193.0,5.998
5139,5194.0,5.796
5140,5195.0,5.676
5141,5196.0,6.481
5142,5197.0,6.763
5143,5198.0,6.521
5144,5199.0,6.118
5145,5200.0,5.998
5146,5201.0,5.837
5147,5202.0,5.635
5148,5203.0,6.561
5149,5204.0,6.883
5150,5205.0,6.561
5151,5206.0,6.118
5152,5207.0,5.917
5153,5208.0,5.837
5154,5209.0,5.676
5155,5210.0,6.561
5156,5211.0,6.953
5157,5212.0,6.481
5158,5213.0,6.159
5159,5214.0,5.917
5160,5215.0,5.877
5161,5216.0,5.635
5162,5217.0,6.561
5163,5218.0,6.843
5164,5219.0,6.561
5165,5220.0,6.118
5166,5221.0,5.917
5167,5222.0,5.837
5168,5223.0,5.635
5169,5224.0,6.561
5170,5225.0,6.924
5171,5226.0,6.601
5172,5227.0,6.159
5173,5228.0,6.038
5174,5229.0,5.877
5175,5230.0,5.676
5176,5231.0,6.521
5177,5232.0,7.085
5178,5233.0,6.601
5179,5234.0,6.199
5180,5235.0,5.998
5181,5236.0,5.877
5182,5237.0,5.635
5183,5238.0,6.521
5184,5239.0,6.964
5185,5240.0,6.521
5186,5241.0,6.118
5187,5242.0,5.957
5188,5243.0,5.837
5189,5244.0,5.676
5190,5245.0,6.521
5191,5246.0,6.924
5192,5247.0,6.521
5193,5248.0,6.118
5194,5249.0,5.917
5195,5250.0,5.837
5196,5251.0,5.635
5197,5252.0,6.521
5198,5253.0,7.004
5199,5254.0,6.561
5200,5256.0,6.159
5201,5257.0,5.957
5202,5258.0,5.877
5203,5259.0,5.676
5204,5260.0,6.561
5205,5261.0,6.883
5206,5262.0,6.601
5207,5263.0,6.118
5208,5264.0,5.917
5209,5265.0,5.877
5210,5266.0,5.676
5211,5267.0,6.561
5212,5268.0,6.883
5213,5269.0,6.561
5214,5270.0,6.118
5215,5271.0,5.957
5216,5272.0,5.837
5217,5273.0,5.716
5218,5274.0,6.481
5219,5275.0,6.722
5220,5276.0,6.481
5221,5277.0,6.038
5222,5278.0,5.998
5223,5279.0,5.837
5224,5280.0,5.676
5225,5281.0,6.44
5226,5282.0,6.763
5227,5283.0,6.44
5228,5284.0,6.038
5229,5285.0,5.957
5230,5286.0,5.837
5231,5287.0,5.635
5232,5288.0,5.877
5233,5289.0,7.154
5234,5290.0,6.682
5235,5291.0,6.279
5236,5292.0,6.038
5237,5293.0,5.917
5238,5294.0,5.716
5239,5295.0,5.877
5240,5296.0,7.085
5241,5297.0,6.722
5242,5298.0,6.239
5243,5299.0,5.998
5244,5300.0,5.917
5245,5301.0,5.716
5246,5302.0,5.877
5247,5303.0,6.964
5248,5304.0,6.803
5249,5305.0,6.32
5250,5306.0,5.957
5251,5307.0,5.877
5252,5308.0,5.716
5253,5309.0,5.877
5254,5310.0,6.843
5255,5311.0,6.642
5256,5312.0,6.279
5257,5313.0,6.078
5258,5314.0,5.917
5259,5315.0,5.716
5260,5316.0,6.36
5261,5317.0,6.763
5262,5318.0,6.722
5263,5319.0,6.118
5264,5320.0,5.998
5265,5321.0,5.877
5266,5322.0,5.716
5267,5323.0,6.199
5268,5324.0,6.642
5269,5325.0,6.803
5270,5326.0,6.159
5271,5327.0,5.998
5272,5328.0,5.877
5273,5329.0,5.676
5274,5330.0,6.199
5275,5331.0,6.601
5276,5332.0,6.763
5277,5333.0,6.159
5278,5334.0,5.957
5279,5335.0,5.877
5280,5336.0,5.676
5281,5337.0,5.877
5282,5338.0,6.722
5283,5339.0,6.642
5284,5340.0,6.199
5285,5341.0,6.038
5286,5342.0,5.877
5287,5343.0,5.676
5288,5344.0,5.877
5289,5345.0,6.763
5290,5346.0,6.601
5291,5347.0,6.239
5292,5348.0,6.038
5293,5349.0,5.877
5294,5351.0,5.676
5295,5352.0,6.279
5296,5353.0,6.642
5297,5354.0,6.722
5298,5355.0,6.118
5299,5356.0,5.957
5300,5357.0,5.837
5301,5358.0,5.716
5302,5359.0,6.561
5303,5360.0,6.924
5304,5361.0,6.601
5305,5362.0,6.118
5306,5363.0,5.998
5307,5364.0,5.877
5308,5365.0,5.676
5309,5366.0,6.561
5310,5367.0,7.004
5311,5368.0,6.722
5312,5369.0,6.239
5313,5370.0,5.998
5314,5371.0,5.877
5315,5372.0,5.676
5316,5373.0,6.561
5317,5374.0,7.004
5318,5375.0,6.682
5319,5376.0,6.32
5320,5377.0,5.998
5321,5378.0,5.917
5322,5379.0,5.635
5323,5380.0,6.521
5324,5381.0,7.073
5325,5382.0,6.601
5326,5383.0,6.199
5327,5384.0,5.998
5328,5385.0,5.877
5329,5386.0,5.635
5330,5387.0,6.521
5331,5388.0,6.843
5332,5389.0,6.601
5333,5390.0,6.078
5334,5391.0,5.917
5335,5392.0,5.837
5336,5393.0,5.635
5337,5394.0,6.481
5338,5395.0,6.763
5339,5396.0,6.521
5340,5397.0,6.078
5341,5398.0,5.998
5342,5399.0,5.796
5343,5400.0,5.756
5344,5401.0,6.44
5345,5402.0,6.682
5346,5403.0,6.44
5347,5404.0,6.038
5348,5405.0,5.998
5349,5406.0,5.796
5350,5407.0,5.917
5351,5408.0,6.4
5352,5409.0,6.601
5353,5410.0,6.44
5354,5411.0,5.998
5355,5412.0,5.917
5356,5413.0,5.796
5357,5414.0,5.877
5358,5415.0,6.561
5359,5416.0,6.481
5360,5417.0,6.4
5361,5418.0,6.199
5362,5419.0,5.917
5363,5420.0,5.756
5364,5421.0,5.877
5365,5422.0,7.085
5366,5423.0,6.843
5367,5424.0,6.32
5368,5425.0,6.118
5369,5426.0,5.957
5370,5427.0,5.756
5371,5428.0,5.877
5372,5429.0,7.355
5373,5430.0,6.682
5374,5431.0,6.32
5375,5432.0,6.038
5376,5433.0,5.957
5377,5434.0,5.716
5378,5435.0,5.877
5379,5436.0,7.154
5380,5437.0,6.763
5381,5438.0,6.239
5382,5439.0,5.998
5383,5440.0,5.917
5384,5441.0,5.676
5385,5442.0,5.877
5386,5443.0,7.004
5387,5445.0,6.803
5388,5446.0,6.36
5389,5447.0,5.957
5390,5448.0,5.917
5391,5449.0,5.676
5392,5450.0,5.877
5393,5451.0,6.843
5394,5452.0,6.682
5395,5453.0,6.279
5396,5454.0,6.038
5397,5455.0,5.877
5398,5456.0,5.716
5399,5457.0,5.877
5400,5458.0,6.803
5401,5459.0,6.642
5402,5460.0,6.239
5403,5461.0,6.038
5404,5462.0,5.877
5405,5463.0,5.676
5406,5464.0,5.877
5407,5465.0,6.763
5408,5466.0,6.642
5409,5467.0,6.199
5410,5468.0,5.998
5411,5469.0,5.877
5412,5470.0,5.676
5413,5471.0,5.877
5414,5472.0,6.722
5415,5473.0,6.682
5416,5474.0,6.199
5417,5475.0,6.038
5418,5476.0,5.877
5419,5477.0,5.716
5420,5478.0,5.877
5421,5479.0,7.355
5422,5480.0,6.682
5423,5481.0,6.36
5424,5482.0,6.038
5425,5483.0,5.957
5426,5484.0,5.716
5427,5485.0,5.716
5428,5486.0,6.481
5429,5487.0,6.722
5430,5488.0,6.481
5431,5489.0,6.038
5432,5490.0,5.998
5433,5491.0,5.796
5434,5492.0,5.635
5435,5493.0,6.561
5436,5494.0,6.964
5437,5495.0,6.682
5438,5496.0,6.239
5439,5497.0,5.998
5440,5498.0,5.917
5441,5499.0,5.676
5442,5500.0,5.917
5443,5501.0,6.682
5444,5502.0,6.722
5445,5503.0,6.159
5446,5504.0,5.998
5447,5505.0,5.877
5448,5506.0,5.676
5449,5507.0,5.837
5450,5508.0,6.722
5451,5509.0,6.682
5452,5510.0,6.199
5453,5511.0,5.998
5454,5512.0,5.877
5455,5513.0,5.676
5456,5514.0,5.998
5457,5515.0,6.642
5458,5516.0,6.752
5459,5517.0,6.159
5460,5518.0,5.998
5461,5519.0,5.877
5462,5520.0,5.676
5463,5521.0,6.199
5464,5522.0,6.682
5465,5523.0,6.722
5466,5524.0,6.159
5467,5525.0,5.957
5468,5526.0,5.877
5469,5527.0,5.716
5470,5528.0,6.279
5471,5529.0,6.682
5472,5530.0,6.763
5473,5531.0,6.118
5474,5532.0,5.998
5475,5533.0,5.837
5476,5534.0,5.676
5477,5535.0,6.44
5478,5536.0,6.913
5479,5537.0,6.642
5480,5538.0,6.038
5481,5540.0,6.038
5482,5541.0,5.837
5483,5542.0,5.635
5484,5543.0,5.837
5485,5544.0,6.883
5486,5545.0,6.682
5487,5546.0,6.279
5488,5547.0,6.078
5489,5548.0,5.877
5490,5549.0,5.676
5491,5550.0,5.877
5492,5551.0,7.194
5493,5552.0,6.642
5494,5553.0,6.279
5495,5554.0,6.078
5496,5555.0,5.917
5497,5556.0,5.716
5498,5557.0,5.877
5499,5558.0,7.033
5500,5559.0,6.803
5501,5560.0,6.239
5502,5561.0,5.957
5503,5562.0,5.917
5504,5563.0,5.676
5505,5564.0,5.917
5506,5565.0,6.883
5507,5566.0,6.722
5508,5567.0,6.279
5509,5568.0,6.078
5510,5569.0,5.877
5511,5570.0,5.716
5512,5571.0,5.877
5513,5572.0,6.883
5514,5573.0,6.682
5515,5574.0,6.279
5516,5575.0,6.038
5517,5576.0,5.877
5518,5577.0,5.676
5519,5578.0,6.038
5520,5579.0,6.642
5521,5580.0,6.803
5522,5581.0,6.159
5523,5582.0,5.998
5524,5583.0,5.877
5525,5584.0,5.716
5526,5585.0,6.36
5527,5586.0,6.883
5528,5587.0,6.682
5529,5588.0,6.078
5530,5589.0,5.998
5531,5590.0,5.837
5532,5591.0,5.676
5533,5592.0,6.561
5534,5593.0,7.113
5535,5594.0,6.642
5536,5595.0,6.239
5537,5596.0,5.998
5538,5597.0,5.877
5539,5598.0,5.635
5540,5599.0,6.521
5541,5600.0,6.964
5542,5601.0,6.481
5543,5602.0,6.118
5544,5603.0,5.917
5545,5604.0,5.837
5546,5605.0,5.635
5547,5606.0,6.521
5548,5607.0,6.843
5549,5608.0,6.561
5550,5609.0,6.078
5551,5610.0,5.917
5552,5611.0,5.837
5553,5612.0,5.676
5554,5613.0,6.561
5555,5614.0,6.924
5556,5615.0,6.642
5557,5616.0,6.038
5558,5617.0,6.038
5559,5618.0,5.837
5560,5619.0,5.676
5561,5620.0,6.32
5562,5621.0,6.763
5563,5622.0,6.682
5564,5623.0,6.159
5565,5624.0,5.957
5566,5625.0,5.877
5567,5626.0,5.635
5568,5627.0,6.118
5569,5628.0,6.601
5570,5629.0,6.803
5571,5630.0,6.118
5572,5631.0,5.998
5573,5632.0,5.877
5574,5634.0,5.716
5575,5635.0,6.279
5576,5636.0,6.763
5577,5637.0,6.682
5578,5638.0,6.118
5579,5639.0,5.957
5580,5640.0,5.917
5581,5641.0,5.676
5582,5642.0,6.601
5583,5643.0,6.964
5584,5644.0,6.682
5585,5645.0,6.239
5586,5646.0,5.998
5587,5647.0,5.917
5588,5648.0,5.676
5589,5649.0,6.521
5590,5650.0,7.113
5591,5651.0,6.642
5592,5652.0,6.199
5593,5653.0,5.957
5594,5654.0,5.877
5595,5655.0,5.716
5596,5656.0,6.44
5597,5657.0,6.883
5598,5658.0,6.601
5599,5659.0,6.038
5600,5660.0,6.038
5601,5661.0,5.837
5602,5662.0,5.676
5603,5663.0,6.561
5604,5664.0,6.924
5605,5665.0,6.601
5606,5666.0,6.199
5607,5667.0,5.998
5608,5668.0,5.917
5609,5669.0,5.676
5610,5670.0,6.521
5611,5671.0,7.125
5612,5672.0,6.642
5613,5673.0,6.239
5614,5674.0,5.998
5615,5675.0,5.877
5616,5676.0,5.635
5617,5677.0,6.521
5618,5678.0,6.843
5619,5679.0,6.642
5620,5680.0,6.118
5621,5681.0,5.917
5622,5682.0,5.837
5623,5683.0,5.676
5624,5684.0,6.561
5625,5685.0,7.044
5626,5686.0,6.682
5627,5687.0,6.279
5628,5688.0,5.998
5629,5689.0,5.917
5630,5690.0,5.635
5631,5691.0,6.521
5632,5692.0,6.953
5633,5693.0,6.561
5634,5694.0,6.118
5635,5695.0,5.998
5636,5696.0,5.837
5637,5697.0,5.676
5638,5698.0,6.481
5639,5699.0,6.993
5640,5700.0,6.521
5641,5701.0,6.159
5642,5702.0,5.957
5643,5703.0,5.837
5644,5704.0,5.635
5645,5705.0,6.561
5646,5706.0,6.924
5647,5707.0,6.481
5648,5708.0,6.118
5649,5709.0,5.917
5650,5710.0,5.837
5651,5711.0,5.635
5652,5712.0,6.521
5653,5713.0,6.763
5654,5714.0,6.521
5655,5715.0,6.078
5656,5716.0,5.998
5657,5717.0,5.837
5658,5718.0,5.635
5659,5719.0,5.837
5660,5720.0,6.843
5661,5721.0,6.682
5662,5722.0,6.279
5663,5723.0,6.038
5664,5724.0,5.877
5665,5725.0,5.676
5666,5726.0,6.239
5667,5727.0,6.642
5668,5729.0,6.763
5669,5730.0,6.118
5670,5731.0,5.998
5671,5732.0,5.877
5672,5733.0,5.716
5673,5734.0,6.159
5674,5735.0,6.642
5675,5736.0,6.763
5676,5737.0,6.159
5677,5738.0,5.957
5678,5739.0,5.877
5679,5740.0,5.676
5680,5741.0,6.4
5681,5742.0,6.843
5682,5743.0,6.682
5683,5744.0,6.078
5684,5745.0,6.038
5685,5746.0,5.837
5686,5747.0,5.716
5687,5748.0,6.239
5688,5749.0,6.763
5689,5750.0,6.682
5690,5751.0,6.118
5691,5752.0,5.957
5692,5753.0,5.837
5693,5754.0,5.676
5694,5755.0,5.957
5695,5756.0,6.642
5696,5757.0,6.722
5697,5758.0,6.159
5698,5759.0,5.957
5699,5760.0,5.877
5700,5761.0,5.676
5701,5762.0,6.078
5702,5763.0,6.682
5703,5764.0,6.803
5704,5765.0,6.159
5705,5766.0,5.998
5706,5767.0,5.837
5707,5768.0,5.676
5708,5769.0,6.078
5709,5770.0,6.642
5710,5771.0,6.803
5711,5772.0,6.159
5712,5773.0,5.957
5713,5774.0,5.877
5714,5775.0,5.676
5715,5776.0,6.4
5716,5777.0,6.883
5717,5778.0,6.682
5718,5779.0,6.078
5719,5780.0,6.038
5720,5781.0,5.837
5721,5782.0,5.635
5722,5783.0,6.44
5723,5784.0,6.883
5724,5785.0,6.601
5725,5786.0,6.078
5726,5787.0,6.038
5727,5788.0,5.837
5728,5789.0,5.635
5729,5790.0,6.279
5730,5791.0,6.682
5731,5792.0,6.763
5732,5793.0,6.078
5733,5794.0,5.998
5734,5795.0,5.837
5735,5796.0,5.676
5736,5797.0,5.877
5737,5798.0,6.722
5738,5799.0,6.521
5739,5800.0,6.36
5740,5801.0,6.159
5741,5802.0,5.917
5742,5803.0,5.756
5743,5804.0,5.917
5744,5805.0,6.883
5745,5806.0,6.682
5746,5807.0,6.279
5747,5808.0,6.118
5748,5809.0,5.957
5749,5810.0,5.716
5750,5811.0,5.877
5751,5812.0,6.4
5752,5813.0,6.601
5753,5814.0,6.4
5754,5815.0,5.998
5755,5816.0,5.917
5756,5817.0,5.796
5757,5818.0,5.796
5758,5819.0,6.44
5759,5820.0,6.682
5760,5821.0,6.44
5761,5822.0,6.038
5762,5824.0,5.957
5763,5825.0,5.796
5764,5826.0,5.917
5765,5827.0,6.4
5766,5828.0,6.601
5767,5829.0,6.44
5768,5830.0,5.998
5769,5831.0,5.917
5770,5832.0,5.796
5771,5833.0,6.521
5772,5834.0,5.998
5773,5835.0,5.796
5774,5836.0,5.676
5775,5837.0,5.676
5776,5838.0,5.635
