sample_index,elapsed_s,power_W
0,0.0,5.434
1,1.0,5.394
2,2.0,5.676
3,3.0,5.676
4,4.0,5.676
5,5.0,5.676
6,6.0,5.676
7,7.0,5.635
8,8.0,5.635
9,9.0,5.676
10,10.0,5.716
11,11.0,5.716
12,12.0,5.676
13,13.0,5.716
14,14.0,5.676
15,15.0,5.676
16,16.0,5.837
17,17.0,6.601
18,18.0,6.993
19,19.0,6.883
20,20.0,6.239
21,21.0,5.998
22,22.0,5.957
23,23.0,6.078
24,24.0,6.642
25,25.0,6.722
26,26.0,6.159
27,27.0,6.038
28,28.0,5.877
29,29.0,6.521
30,30.0,7.044
31,31.0,6.601
32,32.0,6.239
33,33.0,5.998
34,34.0,5.917
35,35.0,6.44
36,36.0,6.642
37,37.0,6.4
38,38.0,6.038
39,39.0,5.998
40,40.0,5.917
41,41.0,7.274
42,42.0,6.763
43,43.0,6.4
44,44.0,6.038
45,45.0,5.998
46,46.0,5.917
47,47.0,6.722
48,48.0,6.722
49,49.0,6.199
50,50.0,5.998
51,51.0,5.877
52,52.0,6.561
53,53.0,6.924
54,54.0,6.521
55,55.0,6.118
56,56.0,5.957
57,57.0,5.877
58,58.0,6.722
59,59.0,6.481
60,60.0,6.36
61,61.0,6.159
62,62.0,5.917
63,63.0,5.877
64,64.0,6.964
65,65.0,6.722
66,66.0,6.32
67,67.0,5.998
68,68.0,5.917
69,69.0,6.561
70,70.0,6.993
71,71.0,6.682
72,72.0,6.279
73,73.0,5.998
74,74.0,5.957
75,76.0,6.4
76,77.0,6.642
77,78.0,6.36
78,79.0,6.038
79,80.0,5.957
80,81.0,5.917
81,82.0,7.234
82,83.0,6.682
83,84.0,6.279
84,85.0,6.078
85,86.0,5.917
86,87.0,6.239
87,88.0,6.682
88,89.0,6.722
89,90.0,6.118
90,91.0,5.957
91,92.0,5.877
92,93.0,6.521
93,94.0,6.803
94,95.0,6.561
95,96.0,6.078
96,97.0,5.998
97,98.0,5.917
98,99.0,7.004
99,100.0,6.803
100,101.0,6.279
101,102.0,6.118
102,103.0,5.998
103,104.0,5.877
104,105.0,6.803
105,106.0,6.642
106,107.0,6.239
107,108.0,6.078
108,109.0,5.877
109,110.0,6.561
110,111.0,7.073
111,112.0,6.642
112,113.0,6.199
113,114.0,5.998
114,115.0,5.917
115,116.0,6.44
116,117.0,6.561
117,118.0,6.481
118,119.0,6.078
119,120.0,5.957
120,121.0,5.877
121,122.0,7.125
122,123.0,6.763
123,124.0,6.239
124,125.0,5.998
125,126.0,5.917
126,127.0,6.4
127,128.0,6.924
128,129.0,6.682
129,130.0,6.078
130,131.0,6.038
131,132.0,5.837
132,133.0,6.481
133,134.0,6.763
134,135.0,6.44
135,136.0,6.038
136,137.0,5.998
137,138.0,5.877
138,139.0,7.234
139,140.0,6.763
140,141.0,6.36
141,142.0,6.038
142,143.0,5.957
143,144.0,5.877
144,145.0,6.682
145,146.0,6.682
146,147.0,6.199
147,148.0,5.998
148,149.0,5.877
149,150.0,6.561
150,151.0,6.964
151,152.0,6.521
152,153.0,6.199
153,154.0,5.917
154,155.0,5.957
155,156.0,6.642
156,157.0,6.481
157,158.0,6.36
158,159.0,6.159
159,160.0,5.877
160,161.0,5.877
161,162.0,6.964
162,163.0,6.763
163,164.0,6.32
164,165.0,5.957
165,166.0,5.917
166,167.0,6.561
167,168.0,6.964
168,169.0,6.601
169,170.0,6.239
170,172.0,5.998
171,173.0,5.917
172,174.0,6.44
173,175.0,6.642
174,176.0,6.36
175,177.0,6.038
176,178.0,5.957
177,179.0,5.917
178,180.0,7.274
179,181.0,6.682
180,182.0,6.279
181,183.0,6.038
182,184.0,5.917
183,185.0,6.239
184,186.0,6.642
185,187.0,6.803
186,188.0,6.118
187,189.0,5.998
188,190.0,5.877
189,191.0,6.561
190,192.0,6.803
191,193.0,6.601
192,194.0,6.118
193,195.0,5.957
194,196.0,5.917
195,197.0,7.044
196,198.0,6.803
197,199.0,6.239
198,200.0,6.078
199,201.0,5.957
200,202.0,5.877
201,203.0,6.803
202,204.0,6.642
203,205.0,6.239
204,206.0,6.038
205,207.0,5.877
206,208.0,6.521
207,209.0,7.073
208,210.0,6.601
209,211.0,6.199
210,212.0,5.998
211,213.0,5.917
212,214.0,6.4
213,215.0,6.521
214,216.0,6.44
215,217.0,6.078
216,218.0,5.957
217,219.0,5.877
218,220.0,7.113
219,221.0,6.763
220,222.0,6.239
221,223.0,5.998
222,224.0,5.957
223,225.0,6.4
224,226.0,6.924
225,227.0,6.642
226,228.0,6.078
227,229.0,6.038
228,230.0,5.837
229,231.0,6.481
230,232.0,6.722
231,233.0,6.44
232,234.0,6.038
233,235.0,5.998
234,236.0,5.877
235,237.0,7.194
236,238.0,6.763
237,239.0,6.36
238,240.0,6.038
239,241.0,5.957
240,242.0,5.877
241,243.0,6.722
242,244.0,6.682
243,245.0,6.199
244,246.0,5.998
245,247.0,5.877
246,248.0,6.521
247,249.0,7.004
248,250.0,6.481
249,251.0,6.159
250,252.0,5.957
251,253.0,5.917
252,254.0,6.642
253,255.0,6.481
254,256.0,6.36
255,257.0,6.199
256,258.0,5.917
257,259.0,5.917
258,260.0,6.964
259,261.0,6.803
260,262.0,6.32
261,263.0,5.957
262,264.0,5.877
263,266.0,6.561
264,267.0,6.964
265,268.0,6.601
266,269.0,6.199
267,270.0,6.038
268,271.0,5.917
269,272.0,6.44
270,273.0,6.682
271,274.0,6.36
272,275.0,5.998
273,276.0,5.957
274,277.0,5.917
275,278.0,7.274
276,279.0,6.682
277,280.0,6.279
278,281.0,6.038
279,282.0,5.957
280,283.0,6.239
281,284.0,6.642
282,285.0,6.763
283,286.0,6.118
284,287.0,5.998
285,288.0,5.877
286,289.0,6.561
287,290.0,6.803
288,291.0,6.601
289,292.0,6.118
290,293.0,5.957
291,294.0,5.917
292,295.0,7.004
293,296.0,6.722
294,297.0,6.36
295,298.0,6.118
296,299.0,5.998
297,300.0,5.877
298,301.0,6.843
299,302.0,6.682
300,303.0,6.239
301,304.0,6.038
302,305.0,5.877
303,306.0,5.676
304,307.0,6.239
305,308.0,6.682
306,309.0,6.763
307,310.0,6.118
308,311.0,5.957
309,312.0,5.877
310,313.0,5.716
311,314.0,6.078
312,315.0,7.004
313,316.0,6.803
314,317.0,6.32
315,318.0,5.957
316,319.0,5.917
317,320.0,5.716
318,321.0,5.676
319,322.0,6.601
320,323.0,7.004
321,324.0,6.722
322,325.0,6.239
323,326.0,6.078
324,327.0,5.917
325,328.0,5.756
326,329.0,6.561
327,330.0,6.964
328,331.0,6.481
329,332.0,6.159
330,333.0,5.917
331,334.0,5.877
332,335.0,5.716
333,336.0,6.561
334,337.0,7.044
335,338.0,6.561
336,339.0,6.239
337,340.0,5.957
338,341.0,5.877
339,342.0,5.676
340,343.0,6.521
341,344.0,6.964
342,345.0,6.521
343,346.0,6.118
344,347.0,5.957
345,348.0,5.837
346,349.0,5.796
347,350.0,6.561
348,351.0,7.004
349,352.0,6.722
350,353.0,6.279
351,354.0,5.998
352,355.0,5.917
353,356.0,5.676
354,357.0,6.601
355,358.0,7.044
356,359.0,6.722
357,361.0,6.32
358,362.0,6.038
359,363.0,5.917
360,364.0,5.756
361,365.0,6.481
362,366.0,6.993
363,367.0,6.521
364,368.0,6.199
365,369.0,5.957
366,370.0,5.917
367,371.0,5.716
368,372.0,6.521
369,373.0,6.803
370,374.0,6.521
371,375.0,6.118
372,376.0,5.957
373,377.0,5.837
374,378.0,5.676
375,379.0,6.521
376,380.0,6.763
377,381.0,6.521
378,382.0,6.078
379,383.0,6.038
380,384.0,5.796
381,385.0,5.756
382,386.0,6.44
383,387.0,6.722
384,388.0,6.44
385,389.0,6.038
386,390.0,5.957
387,391.0,5.837
388,392.0,5.957
389,393.0,6.44
390,394.0,6.642
391,395.0,6.481
392,396.0,5.998
393,397.0,5.998
394,398.0,5.796
395,399.0,5.998
396,400.0,6.44
397,401.0,6.642
398,402.0,6.44
399,403.0,6.038
400,404.0,5.998
401,405.0,5.796
402,406.0,5.877
403,407.0,6.44
404,408.0,6.682
405,409.0,6.4
406,410.0,5.998
407,411.0,5.957
408,412.0,5.796
409,413.0,5.957
410,414.0,6.44
411,415.0,6.601
412,416.0,6.4
413,417.0,5.998
414,418.0,5.957
415,419.0,5.796
416,420.0,5.957
417,421.0,6.561
418,422.0,7.194
419,423.0,6.481
420,424.0,6.239
421,425.0,5.877
422,426.0,5.796
423,427.0,5.957
424,428.0,6.843
425,429.0,6.601
426,430.0,6.36
427,431.0,6.118
428,432.0,6.038
429,433.0,5.756
430,434.0,5.957
431,435.0,6.964
432,436.0,6.722
433,437.0,6.279
434,438.0,6.118
435,439.0,5.998
436,440.0,5.756
437,441.0,5.756
438,442.0,6.44
439,443.0,6.722
440,444.0,6.44
441,445.0,6.038
442,446.0,5.957
443,447.0,5.796
444,448.0,5.676
445,449.0,6.32
446,450.0,6.763
447,451.0,6.722
448,452.0,6.078
449,453.0,5.957
450,454.0,5.837
451,456.0,5.796
452,457.0,5.917
453,458.0,7.085
454,459.0,6.803
455,460.0,6.32
456,461.0,6.078
457,462.0,5.998
458,463.0,5.716
459,464.0,5.998
460,465.0,6.561
461,466.0,6.521
462,467.0,6.36
463,468.0,6.239
464,469.0,5.917
465,470.0,5.837
466,471.0,5.917
467,472.0,6.44
468,473.0,6.682
469,474.0,6.4
470,475.0,5.998
471,476.0,5.957
472,477.0,5.796
473,478.0,5.957
474,479.0,6.44
475,480.0,6.642
476,481.0,6.4
477,482.0,5.998
478,483.0,5.957
479,484.0,5.796
480,485.0,5.957
481,486.0,6.44
482,487.0,6.682
483,488.0,6.36
484,489.0,6.038
485,490.0,5.957
486,491.0,5.837
487,492.0,5.917
488,493.0,6.561
489,494.0,6.481
490,495.0,6.44
491,496.0,6.199
492,497.0,5.957
493,498.0,5.756
494,499.0,5.756
495,500.0,6.36
496,501.0,6.924
497,502.0,6.682
498,503.0,6.118
499,504.0,6.038
500,505.0,5.837
501,506.0,5.716
502,507.0,5.877
503,508.0,6.763
504,509.0,6.601
505,510.0,6.199
506,511.0,6.038
507,512.0,5.877
508,513.0,5.716
509,514.0,5.917
510,515.0,6.803
511,516.0,6.642
512,517.0,6.239
513,518.0,6.038
514,519.0,5.917
515,520.0,5.716
516,521.0,6.159
517,522.0,6.642
518,523.0,6.763
519,524.0,6.159
520,525.0,5.957
521,526.0,5.877
522,527.0,5.716
523,528.0,6.601
524,529.0,6.924
525,530.0,6.601
526,531.0,6.159
527,532.0,6.038
528,533.0,5.877
529,534.0,5.756
530,535.0,6.561
531,536.0,7.004
532,537.0,6.682
533,538.0,6.239
534,539.0,5.998
535,540.0,5.877
536,541.0,5.676
537,542.0,5.877
538,543.0,6.953
539,544.0,6.763
540,545.0,6.32
541,546.0,5.957
542,547.0,5.917
543,548.0,5.716
544,549.0,5.957
545,551.0,7.234
546,552.0,6.722
547,553.0,6.32
548,554.0,6.038
549,555.0,5.957
550,556.0,5.756
551,557.0,5.917
552,558.0,7.125
553,559.0,6.843
554,560.0,6.36
555,561.0,6.078
556,562.0,5.998
557,563.0,5.716
558,564.0,5.998
559,565.0,6.521
560,566.0,6.521
561,567.0,6.4
562,568.0,6.239
563,569.0,5.917
564,570.0,5.837
565,571.0,5.957
566,572.0,6.561
567,573.0,6.521
568,574.0,6.4
569,575.0,6.199
570,576.0,5.917
571,577.0,5.756
572,578.0,5.957
573,579.0,6.44
574,580.0,6.521
575,581.0,6.44
576,582.0,6.118
577,583.0,5.917
578,584.0,5.756
579,585.0,5.957
580,586.0,6.481
581,587.0,6.521
582,588.0,6.4
583,589.0,6.199
584,590.0,5.917
585,591.0,5.796
586,592.0,5.917
587,593.0,6.763
588,594.0,6.521
589,595.0,6.36
590,596.0,6.118
591,597.0,5.957
592,598.0,5.756
593,599.0,5.957
594,600.0,6.803
595,601.0,6.642
596,602.0,6.36
597,603.0,6.159
598,604.0,5.957
599,605.0,5.796
600,606.0,5.676
601,607.0,6.521
602,608.0,6.803
603,609.0,6.561
604,610.0,6.118
605,611.0,5.957
606,612.0,5.837
607,613.0,5.716
608,614.0,6.561
609,615.0,6.843
610,616.0,6.601
611,617.0,6.078
612,618.0,5.917
613,619.0,5.837
614,620.0,5.716
615,621.0,6.601
616,622.0,6.964
617,623.0,6.481
618,624.0,6.159
619,625.0,5.917
620,626.0,5.877
621,627.0,5.716
622,628.0,6.481
623,629.0,6.883
624,630.0,6.642
625,631.0,6.038
626,632.0,6.078
627,633.0,5.837
628,634.0,5.756
629,635.0,6.521
630,636.0,7.073
631,637.0,6.561
632,638.0,6.239
633,639.0,5.957
634,640.0,5.917
635,641.0,5.716
636,642.0,6.521
637,643.0,7.044
638,644.0,6.561
639,646.0,6.159
640,647.0,5.957
641,648.0,5.877
642,649.0,5.676
643,650.0,6.521
644,651.0,6.843
645,652.0,6.601
646,653.0,6.078
647,654.0,5.917
648,655.0,5.837
649,656.0,5.716
650,657.0,6.521
651,658.0,7.044
652,659.0,6.561
653,660.0,6.159
654,661.0,5.957
655,662.0,5.877
656,663.0,5.716
657,664.0,6.521
658,665.0,6.763
659,666.0,6.521
660,667.0,6.078
661,668.0,6.038
662,669.0,5.837
663,670.0,5.716
664,671.0,6.561
665,672.0,6.953
666,673.0,6.481
667,674.0,6.159
668,675.0,5.957
669,676.0,5.877
670,677.0,5.676
671,678.0,6.561
672,679.0,6.924
673,680.0,6.521
674,681.0,6.118
675,682.0,5.917
676,683.0,5.837
677,684.0,5.676
678,685.0,6.481
679,686.0,6.763
680,687.0,6.521
681,688.0,6.078
682,689.0,6.038
683,690.0,5.837
684,691.0,5.716
685,692.0,6.521
686,693.0,6.803
687,694.0,6.561
688,695.0,6.118
689,696.0,5.957
690,697.0,5.837
691,698.0,5.756
692,699.0,6.561
693,700.0,6.803
694,701.0,6.601
695,702.0,6.118
696,703.0,5.998
697,704.0,5.837
698,705.0,5.756
699,706.0,6.521
700,707.0,6.964
701,708.0,6.601
702,709.0,6.118
703,710.0,6.038
704,711.0,5.837
705,712.0,5.716
706,713.0,5.877
707,714.0,7.113
708,715.0,6.722
709,716.0,6.239
710,717.0,5.998
711,718.0,5.917
712,719.0,5.716
713,720.0,5.877
714,721.0,6.993
715,722.0,6.803
716,723.0,6.36
717,724.0,5.957
718,725.0,5.877
719,726.0,5.756
720,727.0,5.877
721,728.0,7.033
722,729.0,6.843
723,730.0,6.32
724,731.0,5.957
725,732.0,5.917
726,733.0,5.716
727,734.0,5.676
728,735.0,6.481
729,736.0,6.763
730,737.0,6.521
731,738.0,6.118
732,739.0,5.998
733,741.0,5.877
734,742.0,5.917
735,743.0,7.073
736,744.0,6.763
737,745.0,6.32
738,746.0,6.078
739,747.0,5.957
740,748.0,5.756
741,749.0,5.917
742,750.0,7.314
743,751.0,6.722
744,752.0,6.32
745,753.0,6.038
746,754.0,5.957
747,755.0,5.716
748,756.0,5.917
749,757.0,7.113
750,758.0,6.722
751,759.0,6.239
752,760.0,5.998
753,761.0,5.917
754,762.0,5.756
755,763.0,5.917
756,764.0,6.993
757,765.0,6.803
758,766.0,6.32
759,767.0,5.957
760,768.0,5.957
761,769.0,5.716
762,770.0,5.917
763,771.0,6.993
764,772.0,6.832
765,773.0,6.32
766,774.0,5.998
767,775.0,5.917
768,776.0,5.796
769,777.0,5.877
770,778.0,7.234
771,779.0,6.642
772,780.0,6.279
773,781.0,5.998
774,782.0,5.917
775,783.0,5.756
776,784.0,5.877
777,785.0,6.993
778,786.0,6.763
779,787.0,6.36
780,788.0,5.957
781,789.0,5.917
782,790.0,5.756
783,791.0,5.917
784,792.0,7.004
785,793.0,6.803
786,794.0,6.36
787,795.0,5.957
788,796.0,5.917
789,797.0,5.716
790,798.0,5.877
791,799.0,6.964
792,800.0,6.763
793,801.0,6.32
794,802.0,5.917
795,803.0,5.917
796,804.0,5.716
797,805.0,5.917
798,806.0,6.843
799,807.0,6.722
800,808.0,6.239
801,809.0,6.078
802,810.0,5.877
803,811.0,5.756
804,812.0,5.877
805,813.0,6.883
806,814.0,6.642
807,815.0,6.239
808,816.0,6.038
809,817.0,5.877
810,818.0,5.716
811,819.0,6.159
812,820.0,6.601
813,821.0,6.763
814,822.0,6.159
815,823.0,5.957
816,824.0,5.877
817,825.0,5.716
818,826.0,6.239
819,827.0,6.642
820,828.0,6.763
821,829.0,6.118
822,830.0,5.998
823,831.0,5.837
824,832.0,5.716
825,833.0,6.36
826,834.0,6.883
827,836.0,6.682
828,837.0,6.078
829,838.0,5.998
830,839.0,5.877
831,840.0,5.676
832,841.0,6.601
833,842.0,6.924
834,843.0,6.642
835,844.0,6.159
836,845.0,6.078
837,846.0,5.877
838,847.0,5.756
839,848.0,6.521
840,849.0,7.113
841,850.0,6.682
842,851.0,6.239
843,852.0,5.998
844,853.0,5.877
845,854.0,5.716
846,855.0,6.601
847,856.0,6.964
848,857.0,6.481
849,858.0,6.159
850,859.0,5.917
851,860.0,5.837
852,861.0,5.676
853,862.0,6.561
854,863.0,6.843
855,864.0,6.601
856,865.0,6.078
857,866.0,5.917
858,867.0,5.877
859,868.0,5.756
860,869.0,6.561
861,870.0,7.044
862,871.0,6.682
863,872.0,6.199
864,873.0,6.038
865,874.0,5.877
866,875.0,5.716
867,876.0,6.4
868,877.0,6.763
869,878.0,6.722
870,879.0,6.078
871,880.0,5.998
872,881.0,5.877
873,882.0,5.756
874,883.0,6.279
875,884.0,6.682
876,885.0,6.763
877,886.0,6.118
878,887.0,5.998
879,888.0,5.877
880,889.0,5.716
881,890.0,6.159
882,891.0,6.642
883,892.0,6.722
884,893.0,6.159
885,894.0,5.998
886,895.0,5.877
887,896.0,5.716
888,897.0,6.159
889,898.0,6.642
890,899.0,6.722
891,900.0,6.159
892,901.0,6.038
893,902.0,5.917
894,903.0,5.716
895,904.0,5.877
896,905.0,6.763
897,906.0,6.601
898,907.0,6.239
899,908.0,6.038
900,909.0,5.917
901,910.0,5.716
902,911.0,5.917
903,912.0,7.073
904,913.0,6.763
905,914.0,6.239
906,915.0,6.078
907,916.0,5.917
908,917.0,5.796
909,918.0,5.917
910,919.0,7.234
911,920.0,6.682
912,921.0,6.279
913,922.0,5.998
914,923.0,5.917
915,924.0,5.756
916,925.0,5.877
917,926.0,6.843
918,927.0,6.682
919,928.0,6.279
920,929.0,6.038
921,931.0,5.917
922,932.0,5.716
923,933.0,5.917
924,934.0,6.803
925,935.0,6.642
926,936.0,6.239
927,937.0,6.038
928,938.0,5.877
929,939.0,5.716
930,940.0,5.877
931,941.0,6.763
932,942.0,6.601
933,943.0,6.239
934,944.0,5.998
935,945.0,5.917
936,946.0,5.676
937,947.0,5.917
938,948.0,6.722
939,949.0,6.722
940,950.0,6.159
941,951.0,6.038
942,952.0,5.877
943,953.0,5.756
944,954.0,5.917
945,955.0,6.722
946,956.0,6.682
947,957.0,6.199
948,958.0,6.038
949,959.0,5.877
950,960.0,5.716
951,961.0,5.877
952,962.0,6.872
953,963.0,6.722
954,964.0,6.279
955,965.0,6.078
956,966.0,5.917
957,967.0,5.756
958,968.0,5.957
959,969.0,6.521
960,970.0,6.521
961,971.0,6.4
962,972.0,6.199
963,973.0,5.917
964,974.0,5.796
965,975.0,5.716
966,976.0,6.561
967,977.0,6.843
968,978.0,6.642
969,979.0,6.078
970,980.0,5.957
971,981.0,5.837
972,982.0,5.716
973,983.0,5.877
974,984.0,6.481
975,985.0,6.521
976,986.0,6.521
977,987.0,6.118
978,988.0,5.957
979,989.0,5.756
980,990.0,5.676
981,991.0,6.561
982,992.0,6.924
983,993.0,6.521
984,994.0,6.118
985,995.0,5.917
986,996.0,5.837
987,997.0,5.716
988,998.0,6.521
989,999.0,6.763
990,1000.0,6.521
991,1001.0,6.078
992,1002.0,5.998
993,1003.0,5.837
994,1004.0,5.917
995,1005.0,6.4
996,1006.0,6.561
997,1007.0,6.481
998,1008.0,6.038
999,1009.0,5.957
1000,1010.0,5.756
1001,1011.0,5.957
1002,1012.0,6.722
1003,1013.0,6.561
1004,1014.0,6.32
1005,1015.0,6.159
1006,1016.0,5.917
1007,1017.0,5.796
1008,1018.0,5.917
1009,1019.0,7.154
1010,1020.0,6.803
1011,1021.0,6.4
1012,1022.0,6.078
1013,1023.0,5.957
1014,1024.0,5.756
1015,1026.0,5.917
1016,1027.0,7.314
1017,1028.0,6.682
1018,1029.0,6.32
1019,1030.0,6.038
1020,1031.0,5.957
1021,1032.0,5.716
1022,1033.0,5.917
1023,1034.0,7.234
1024,1035.0,6.682
1025,1036.0,6.279
1026,1037.0,6.038
1027,1038.0,5.917
1028,1039.0,5.756
1029,1040.0,5.877
1030,1041.0,7.154
1031,1042.0,6.682
1032,1043.0,6.279
1033,1044.0,5.998
1034,1045.0,5.917
1035,1046.0,5.716
1036,1047.0,5.957
1037,1048.0,7.154
1038,1049.0,6.682
1039,1050.0,6.239
1040,1051.0,6.038
1041,1052.0,5.957
1042,1053.0,5.796
1043,1054.0,5.877
1044,1055.0,7.194
1045,1056.0,6.682
1046,1057.0,6.239
1047,1058.0,5.998
1048,1059.0,5.917
1049,1060.0,5.716
1050,1061.0,5.917
1051,1062.0,7.194
1052,1063.0,6.642
1053,1064.0,6.279
1054,1065.0,5.998
1055,1066.0,5.917
1056,1067.0,5.716
1057,1068.0,5.917
1058,1069.0,7.194
1059,1070.0,6.642
1060,1071.0,6.279
1061,1072.0,6.038
1062,1073.0,5.917
1063,1074.0,5.756
1064,1075.0,5.917
1065,1076.0,7.234
1066,1077.0,6.642
1067,1078.0,6.32
1068,1079.0,5.998
1069,1080.0,5.957
1070,1081.0,5.716
1071,1082.0,5.957
1072,1083.0,6.993
1073,1084.0,6.883
1074,1085.0,6.279
1075,1086.0,5.998
1076,1087.0,5.917
1077,1088.0,5.796
1078,1089.0,5.877
1079,1090.0,6.964
1080,1091.0,6.722
1081,1092.0,6.32
1082,1093.0,5.957
1083,1094.0,5.877
1084,1095.0,5.716
1085,1096.0,5.917
1086,1097.0,6.843
1087,1098.0,6.682
1088,1099.0,6.279
1089,1100.0,6.038
1090,1101.0,5.877
1091,1102.0,5.716
1092,1103.0,5.877
1093,1104.0,6.722
1094,1105.0,6.642
1095,1106.0,6.199
1096,1107.0,6.038
1097,1108.0,5.877
1098,1109.0,5.716
1099,1110.0,5.917
1100,1111.0,6.682
1101,1112.0,6.722
1102,1113.0,6.199
1103,1114.0,5.998
1104,1115.0,5.917
1105,1116.0,5.716
1106,1117.0,6.239
1107,1118.0,6.601
1108,1119.0,6.803
1109,1121.0,6.118
1110,1122.0,6.038
1111,1123.0,5.877
1112,1124.0,5.716
1113,1125.0,6.561
1114,1126.0,6.924
1115,1127.0,6.601
1116,1128.0,6.199
1117,1129.0,5.998
1118,1130.0,5.877
1119,1131.0,5.716
1120,1132.0,6.481
1121,1133.0,6.993
1122,1134.0,6.521
1123,1135.0,6.159
1124,1136.0,5.957
1125,1137.0,5.877
1126,1138.0,5.676
1127,1139.0,6.521
1128,1140.0,6.763
1129,1141.0,6.561
1130,1142.0,6.078
1131,1143.0,5.998
1132,1144.0,5.837
1133,1145.0,5.716
1134,1146.0,6.561
1135,1147.0,7.004
1136,1148.0,6.682
1137,1149.0,6.279
1138,1150.0,6.038
1139,1151.0,5.957
1140,1152.0,5.716
1141,1153.0,6.642
1142,1154.0,6.924
1143,1155.0,6.642
1144,1156.0,6.159
1145,1157.0,6.038
1146,1158.0,5.917
1147,1159.0,5.716
1148,1160.0,6.521
1149,1161.0,7.113
1150,1162.0,6.642
1151,1163.0,6.199
1152,1164.0,5.998
1153,1165.0,5.877
1154,1166.0,5.716
1155,1167.0,6.521
1156,1168.0,7.044
1157,1169.0,6.561
1158,1170.0,6.199
1159,1171.0,5.957
1160,1172.0,5.877
1161,1173.0,5.716
1162,1174.0,6.561
1163,1175.0,7.125
1164,1176.0,6.642
1165,1177.0,6.199
1166,1178.0,5.998
1167,1179.0,5.877
1168,1180.0,5.756
1169,1181.0,6.521
1170,1182.0,7.004
1171,1183.0,6.521
1172,1184.0,6.199
1173,1185.0,5.957
1174,1186.0,5.917
1175,1187.0,5.676
1176,1188.0,6.561
1177,1189.0,6.803
1178,1190.0,6.561
1179,1191.0,6.078
1180,1192.0,5.998
1181,1193.0,5.837
1182,1194.0,5.917
1183,1195.0,6.44
1184,1196.0,6.601
1185,1197.0,6.4
1186,1198.0,5.998
1187,1199.0,5.957
1188,1200.0,5.756
1189,1201.0,5.957
1190,1202.0,6.44
1191,1203.0,6.521
1192,1204.0,6.44
1193,1205.0,6.118
1194,1206.0,5.917
1195,1207.0,5.796
1196,1208.0,5.676
1197,1209.0,6.521
1198,1210.0,6.722
1199,1211.0,6.521
1200,1212.0,6.078
1201,1213.0,6.038
1202,1215.0,5.837
1203,1216.0,5.756
1204,1217.0,6.561
1205,1218.0,6.843
1206,1219.0,6.561
1207,1220.0,6.118
1208,1221.0,5.957
1209,1222.0,5.877
1210,1223.0,5.716
1211,1224.0,6.521
1212,1225.0,6.763
1213,1226.0,6.521
1214,1227.0,6.078
1215,1228.0,5.998
1216,1229.0,5.837
1217,1230.0,5.957
1218,1231.0,6.44
1219,1232.0,6.561
1220,1233.0,6.481
1221,1234.0,5.957
1222,1235.0,5.957
1223,1236.0,5.756
1224,1237.0,5.957
1225,1238.0,6.521
1226,1239.0,6.481
1227,1240.0,6.36
1228,1241.0,6.199
1229,1242.0,5.917
1230,1243.0,5.796
1231,1244.0,5.917
1232,1245.0,7.154
1233,1246.0,6.803
1234,1247.0,6.4
1235,1248.0,6.078
1236,1249.0,5.998
1237,1250.0,5.756
1238,1251.0,5.957
1239,1252.0,7.234
1240,1253.0,6.682
1241,1254.0,6.279
1242,1255.0,6.078
1243,1256.0,5.917
1244,1257.0,5.796
1245,1258.0,5.917
1246,1259.0,7.033
1247,1260.0,6.803
1248,1261.0,6.239
1249,1262.0,5.998
1250,1263.0,5.917
1251,1264.0,5.716
1252,1265.0,5.877
1253,1266.0,6.953
1254,1267.0,6.722
1255,1268.0,6.32
1256,1269.0,5.957
1257,1270.0,5.917
1258,1271.0,5.716
1259,1272.0,5.917
1260,1273.0,6.4
1261,1274.0,6.601
1262,1275.0,6.521
1263,1276.0,5.998
1264,1277.0,5.957
1265,1278.0,5.796
1266,1279.0,5.676
1267,1280.0,6.521
1268,1281.0,6.763
1269,1282.0,6.561
1270,1283.0,6.118
1271,1284.0,6.038
1272,1285.0,5.837
1273,1286.0,5.756
1274,1287.0,6.481
1275,1288.0,6.803
1276,1289.0,6.481
1277,1290.0,6.118
1278,1291.0,5.998
1279,1292.0,5.837
1280,1293.0,5.837
1281,1294.0,6.44
1282,1295.0,6.682
1283,1296.0,6.4
1284,1297.0,6.038
1285,1298.0,5.957
1286,1299.0,5.796
1287,1300.0,5.917
1288,1301.0,6.4
1289,1302.0,6.521
1290,1303.0,6.44
1291,1304.0,6.078
1292,1305.0,5.917
1293,1306.0,5.756
1294,1307.0,5.957
1295,1308.0,6.722
1296,1310.0,6.521
1297,1311.0,6.32
1298,1312.0,6.159
1299,1313.0,5.917
1300,1314.0,5.796
1301,1315.0,5.917
1302,1316.0,7.154
1303,1317.0,6.843
1304,1318.0,6.4
1305,1319.0,6.078
1306,1320.0,5.998
1307,1321.0,5.756
1308,1322.0,5.957
1309,1323.0,7.004
1310,1324.0,6.843
1311,1325.0,6.32
1312,1326.0,5.957
1313,1327.0,5.917
1314,1328.0,5.716
1315,1329.0,5.917
1316,1330.0,7.113
1317,1331.0,6.763
1318,1332.0,6.279
1319,1333.0,5.998
1320,1334.0,5.917
1321,1335.0,5.716
1322,1336.0,5.877
1323,1337.0,6.993
1324,1338.0,6.803
1325,1339.0,6.32
1326,1340.0,5.957
1327,1341.0,5.917
1328,1342.0,5.716
1329,1343.0,5.917
1330,1344.0,6.913
1331,1345.0,6.722
1332,1346.0,6.279
1333,1347.0,6.078
1334,1348.0,5.877
1335,1349.0,5.796
1336,1350.0,5.877
1337,1351.0,6.993
1338,1352.0,6.763
1339,1353.0,6.36
1340,1354.0,5.957
1341,1355.0,5.957
1342,1356.0,5.716
1343,1357.0,5.957
1344,1358.0,7.194
1345,1359.0,6.682
1346,1360.0,6.279
1347,1361.0,5.998
1348,1362.0,5.917
1349,1363.0,5.716
1350,1364.0,5.917
1351,1365.0,7.113
1352,1366.0,6.843
1353,1367.0,6.36
1354,1368.0,6.078
1355,1369.0,5.957
1356,1370.0,5.756
1357,1371.0,5.917
1358,1372.0,7.194
1359,1373.0,6.642
1360,1374.0,6.279
1361,1375.0,5.998
1362,1376.0,5.917
1363,1377.0,5.716
1364,1378.0,5.917
1365,1379.0,7.274
1366,1380.0,6.682
1367,1381.0,6.32
1368,1382.0,6.078
1369,1383.0,5.957
1370,1384.0,5.796
1371,1385.0,5.877
1372,1386.0,7.033
1373,1387.0,6.763
1374,1388.0,6.4
1375,1389.0,5.957
1376,1390.0,5.957
1377,1391.0,5.756
1378,1392.0,6.521
1379,1393.0,6.883
1380,1394.0,6.642
1381,1395.0,6.078
1382,1396.0,6.038
1383,1397.0,5.837
1384,1398.0,5.716
1385,1399.0,6.601
1386,1400.0,6.924
1387,1401.0,6.601
1388,1402.0,6.159
1389,1403.0,6.038
1390,1404.0,5.877
1391,1406.0,5.716
1392,1407.0,6.561
1393,1408.0,6.993
1394,1409.0,6.682
1395,1410.0,6.279
1396,1411.0,5.998
1397,1412.0,5.917
1398,1413.0,5.716
1399,1414.0,6.601
1400,1415.0,7.033
1401,1416.0,6.722
1402,1417.0,6.239
1403,1418.0,6.038
1404,1419.0,5.917
1405,1420.0,5.796
1406,1421.0,6.601
1407,1422.0,6.964
1408,1423.0,6.561
1409,1424.0,6.118
1410,1425.0,6.038
1411,1426.0,5.877
1412,1427.0,5.716
1413,1428.0,6.521
1414,1429.0,7.033
1415,1430.0,6.682
1416,1431.0,6.239
1417,1432.0,5.998
1418,1433.0,5.917
1419,1434.0,5.716
1420,1435.0,6.521
1421,1436.0,6.843
1422,1437.0,6.561
1423,1438.0,6.118
1424,1439.0,5.957
1425,1440.0,5.837
1426,1441.0,5.716
1427,1442.0,6.521
1428,1443.0,6.872
1429,1444.0,6.561
1430,1445.0,6.118
1431,1446.0,5.957
1432,1447.0,5.877
1433,1448.0,5.716
1434,1449.0,6.561
1435,1450.0,6.803
1436,1451.0,6.642
1437,1452.0,6.118
1438,1453.0,5.957
1439,1454.0,5.837
1440,1455.0,5.796
1441,1456.0,6.561
1442,1457.0,7.154
1443,1458.0,6.682
1444,1459.0,6.32
1445,1460.0,5.998
1446,1461.0,5.917
1447,1462.0,5.716
1448,1463.0,6.601
1449,1464.0,6.924
1450,1465.0,6.601
1451,1466.0,6.038
1452,1467.0,6.038
1453,1468.0,5.877
1454,1469.0,5.676
1455,1470.0,5.917
1456,1471.0,7.073
1457,1472.0,6.763
1458,1473.0,6.199
1459,1474.0,5.998
1460,1475.0,5.917
1461,1476.0,5.756
1462,1477.0,5.917
1463,1478.0,7.234
1464,1479.0,6.763
1465,1480.0,6.4
1466,1481.0,6.078
1467,1482.0,5.998
1468,1483.0,5.716
1469,1484.0,5.957
1470,1485.0,6.803
1471,1486.0,6.601
1472,1487.0,6.32
1473,1488.0,6.159
1474,1489.0,5.957
1475,1490.0,5.837
1476,1491.0,5.917
1477,1492.0,6.964
1478,1493.0,6.682
1479,1494.0,6.279
1480,1495.0,6.118
1481,1496.0,5.998
1482,1497.0,5.756
1483,1498.0,5.917
1484,1500.0,6.763
1485,1501.0,6.561
1486,1502.0,6.32
1487,1503.0,6.159
1488,1504.0,5.957
1489,1505.0,5.756
1490,1506.0,5.957
1491,1507.0,6.964
1492,1508.0,6.722
1493,1509.0,6.279
1494,1510.0,6.118
1495,1511.0,5.957
1496,1512.0,5.756
1497,1513.0,5.917
1498,1514.0,7.004
1499,1515.0,6.763
1500,1516.0,6.32
1501,1517.0,6.118
1502,1518.0,5.998
1503,1519.0,5.756
1504,1520.0,5.957
1505,1521.0,7.234
1506,1522.0,6.722
1507,1523.0,6.279
1508,1524.0,6.078
1509,1525.0,5.917
1510,1526.0,5.796
1511,1527.0,5.917
1512,1528.0,7.314
1513,1529.0,6.682
1514,1530.0,6.32
1515,1531.0,6.038
1516,1532.0,5.917
1517,1533.0,5.756
1518,1534.0,5.877
1519,1535.0,6.993
1520,1536.0,6.752
1521,1537.0,6.36
1522,1538.0,5.957
1523,1539.0,5.917
1524,1540.0,5.716
1525,1541.0,5.917
1526,1542.0,6.722
1527,1543.0,6.722
1528,1544.0,6.199
1529,1545.0,5.998
1530,1546.0,5.877
1531,1547.0,5.756
1532,1548.0,6.199
1533,1549.0,6.642
1534,1550.0,6.763
1535,1551.0,6.159
1536,1552.0,5.957
1537,1553.0,5.877
1538,1554.0,5.756
1539,1555.0,6.642
1540,1556.0,6.924
1541,1557.0,6.642
1542,1558.0,6.159
1543,1559.0,6.078
1544,1560.0,5.877
1545,1561.0,5.756
1546,1562.0,6.561
1547,1563.0,6.792
1548,1564.0,6.511
1549,1565.0,6.078
1550,1566.0,5.998
1551,1567.0,5.837
1552,1568.0,5.676
1553,1569.0,6.521
1554,1570.0,7.154
1555,1571.0,6.631
1556,1572.0,6.199
1557,1573.0,5.957
1558,1574.0,5.917
1559,1575.0,5.676
1560,1576.0,6.521
1561,1577.0,6.752
1562,1578.0,6.511
1563,1579.0,6.078
1564,1580.0,6.038
1565,1581.0,5.796
1566,1582.0,5.716
1567,1583.0,6.481
1568,1584.0,6.792
1569,1585.0,6.47
1570,1586.0,6.078
1571,1587.0,5.998
1572,1588.0,5.877
1573,1589.0,5.676
1574,1590.0,6.561
1575,1591.0,6.752
1576,1592.0,6.561
1577,1593.0,6.078
1578,1595.0,6.038
1579,1596.0,5.837
1580,1597.0,5.676
1581,1598.0,6.481
1582,1599.0,6.722
1583,1600.0,6.481
1584,1601.0,6.078
1585,1602.0,5.998
1586,1603.0,5.796
1587,1604.0,5.756
1588,1605.0,6.481
1589,1606.0,6.763
1590,1607.0,6.481
1591,1608.0,6.078
1592,1609.0,5.998
1593,1610.0,5.796
1594,1611.0,5.716
1595,1612.0,6.481
1596,1613.0,6.792
1597,1614.0,6.481
1598,1615.0,6.038
1599,1616.0,5.998
1600,1617.0,5.796
1601,1618.0,5.957
1602,1619.0,6.4
1603,1620.0,6.561
1604,1621.0,6.44
1605,1622.0,6.078
1606,1623.0,5.917
1607,1624.0,5.837
1608,1625.0,5.957
1609,1626.0,6.642
1610,1627.0,6.481
1611,1628.0,6.4
1612,1629.0,6.159
1613,1630.0,5.877
1614,1631.0,5.756
1615,1632.0,5.917
1616,1633.0,7.033
1617,1634.0,6.803
1618,1635.0,6.279
1619,1636.0,6.078
1620,1637.0,5.998
1621,1638.0,5.756
1622,1639.0,5.917
1623,1640.0,6.993
1624,1641.0,6.832
1625,1642.0,6.279
1626,1643.0,5.957
1627,1644.0,5.917
1628,1645.0,5.716
1629,1646.0,5.877
1630,1647.0,6.913
1631,1648.0,6.722
1632,1649.0,6.32
1633,1650.0,6.078
1634,1651.0,5.917
1635,1652.0,5.716
1636,1653.0,5.917
1637,1654.0,6.722
1638,1655.0,6.642
1639,1656.0,6.199
1640,1657.0,6.078
1641,1658.0,5.877
1642,1659.0,5.796
1643,1660.0,6.239
1644,1661.0,6.722
1645,1662.0,6.722
1646,1663.0,6.118
1647,1664.0,5.957
1648,1665.0,5.837
1649,1666.0,5.716
1650,1667.0,6.481
1651,1668.0,6.913
1652,1669.0,6.601
1653,1670.0,6.038
1654,1671.0,6.038
1655,1672.0,5.837
1656,1673.0,5.676
1657,1674.0,6.561
1658,1675.0,7.113
1659,1676.0,6.642
1660,1677.0,6.199
1661,1678.0,6.038
1662,1679.0,5.877
1663,1680.0,5.716
1664,1681.0,6.561
1665,1682.0,6.964
1666,1683.0,6.521
1667,1684.0,6.159
1668,1685.0,5.917
1669,1686.0,5.877
1670,1687.0,5.676
1671,1689.0,6.521
1672,1690.0,6.722
1673,1691.0,6.521
1674,1692.0,6.078
1675,1693.0,6.038
1676,1694.0,5.796
1677,1695.0,5.998
1678,1696.0,6.481
1679,1697.0,6.561
1680,1698.0,6.4
1681,1699.0,6.159
1682,1700.0,5.917
1683,1701.0,5.796
1684,1702.0,5.957
1685,1703.0,6.722
1686,1704.0,6.561
1687,1705.0,6.32
1688,1706.0,6.159
1689,1707.0,5.957
1690,1708.0,5.756
1691,1709.0,5.917
1692,1710.0,7.113
1693,1711.0,6.872
1694,1712.0,6.36
1695,1713.0,6.078
1696,1714.0,5.998
1697,1715.0,5.756
1698,1716.0,5.957
1699,1717.0,7.154
1700,1718.0,6.803
1701,1719.0,6.4
1702,1720.0,6.078
1703,1721.0,5.957
1704,1722.0,5.796
1705,1723.0,5.917
1706,1724.0,7.274
1707,1725.0,6.642
1708,1726.0,6.32
1709,1727.0,5.998
1710,1728.0,5.957
1711,1729.0,5.716
1712,1730.0,5.917
1713,1731.0,6.872
1714,1732.0,6.722
1715,1733.0,6.279
1716,1734.0,6.078
1717,1735.0,5.877
1718,1736.0,5.716
1719,1737.0,6.038
1720,1738.0,6.642
1721,1739.0,6.763
1722,1740.0,6.118
1723,1741.0,5.998
1724,1742.0,5.877
1725,1743.0,5.716
1726,1744.0,6.4
1727,1745.0,6.883
1728,1746.0,6.642
1729,1747.0,6.078
1730,1748.0,6.038
1731,1749.0,5.877
1732,1750.0,5.676
1733,1751.0,5.917
1734,1752.0,6.722
1735,1753.0,6.722
1736,1754.0,6.199
1737,1755.0,6.038
1738,1756.0,5.877
1739,1757.0,5.756
1740,1758.0,5.877
1741,1759.0,6.803
1742,1760.0,6.601
1743,1761.0,6.239
1744,1762.0,5.998
1745,1763.0,5.917
1746,1764.0,5.716
1747,1765.0,6.4
1748,1766.0,6.883
1749,1767.0,6.642
1750,1768.0,6.078
1751,1769.0,6.038
1752,1770.0,5.837
1753,1771.0,5.716
1754,1772.0,6.521
1755,1773.0,6.953
1756,1774.0,6.521
1757,1775.0,6.118
1758,1776.0,5.957
1759,1777.0,5.837
1760,1778.0,5.716
1761,1779.0,6.561
1762,1780.0,6.924
1763,1781.0,6.521
1764,1782.0,6.118
1765,1784.0,5.917
1766,1785.0,5.877
1767,1786.0,5.635
1768,1787.0,5.917
1769,1788.0,6.803
1770,1789.0,6.682
1771,1790.0,6.239
1772,1791.0,6.078
1773,1792.0,5.877
1774,1793.0,5.796
1775,1794.0,5.917
1776,1795.0,6.883
1777,1796.0,6.682
1778,1797.0,6.279
1779,1798.0,6.038
1780,1799.0,5.917
1781,1800.0,5.716
1782,1801.0,5.877
1783,1802.0,6.993
1784,1803.0,6.763
1785,1804.0,6.32
1786,1805.0,5.917
1787,1806.0,5.917
1788,1807.0,5.676
1789,1808.0,5.998
1790,1809.0,6.44
1791,1810.0,6.601
1792,1811.0,6.44
1793,1812.0,5.998
1794,1813.0,5.917
1795,1814.0,5.837
1796,1815.0,5.917
1797,1816.0,6.481
1798,1817.0,6.521
1799,1818.0,6.44
1800,1819.0,6.159
1801,1820.0,5.917
1802,1821.0,5.756
1803,1822.0,5.998
1804,1823.0,6.521
1805,1824.0,6.521
1806,1825.0,6.4
1807,1826.0,6.239
1808,1827.0,5.917
1809,1828.0,5.837
1810,1829.0,5.917
1811,1830.0,6.763
1812,1831.0,6.521
1813,1832.0,6.4
1814,1833.0,6.159
1815,1834.0,5.917
1816,1835.0,5.796
1817,1836.0,5.917
1818,1837.0,7.314
1819,1838.0,6.682
1820,1839.0,6.32
1821,1840.0,6.038
1822,1841.0,5.957
1823,1842.0,5.756
1824,1843.0,5.917
1825,1844.0,6.993
1826,1845.0,6.803
1827,1846.0,6.279
1828,1847.0,5.957
1829,1848.0,5.917
1830,1849.0,5.756
1831,1850.0,5.917
1832,1851.0,7.194
1833,1852.0,6.752
1834,1853.0,6.4
1835,1854.0,6.038
1836,1855.0,5.957
1837,1856.0,5.756
1838,1857.0,5.957
1839,1858.0,7.154
1840,1859.0,6.792
1841,1860.0,6.36
1842,1861.0,6.078
1843,1862.0,5.957
1844,1863.0,5.796
1845,1864.0,5.635
1846,1865.0,6.601
1847,1866.0,6.993
1848,1867.0,6.763
1849,1868.0,6.239
1850,1869.0,5.998
1851,1870.0,5.917
1852,1871.0,5.716
1853,1872.0,6.521
1854,1873.0,6.993
1855,1874.0,6.521
1856,1875.0,6.159
1857,1876.0,5.957
1858,1877.0,5.877
1859,1879.0,5.716
1860,1880.0,6.561
1861,1881.0,6.993
1862,1882.0,6.682
1863,1883.0,6.279
1864,1884.0,5.998
1865,1885.0,5.917
1866,1886.0,5.676
1867,1887.0,6.521
1868,1888.0,6.993
1869,1889.0,6.561
1870,1890.0,6.159
1871,1891.0,5.998
1872,1892.0,5.877
1873,1893.0,6.038
1874,1894.0,6.4
1875,1895.0,6.561
1876,1896.0,6.44
1877,1897.0,6.118
1878,1898.0,5.917
1879,1899.0,5.877
1880,1900.0,5.957
1881,1901.0,6.763
1882,1902.0,6.481
1883,1903.0,6.36
1884,1904.0,6.159
1885,1905.0,5.877
1886,1906.0,5.756
1887,1907.0,5.917
1888,1908.0,7.154
1889,1909.0,6.722
1890,1910.0,6.239
1891,1911.0,5.998
1892,1912.0,5.957
1893,1913.0,5.796
1894,1914.0,6.038
1895,1915.0,6.642
1896,1916.0,6.763
1897,1917.0,6.159
1898,1918.0,5.998
1899,1919.0,5.877
1900,1920.0,5.837
1901,1921.0,5.917
1902,1922.0,6.913
1903,1923.0,6.722
1904,1924.0,6.32
1905,1925.0,6.038
1906,1926.0,5.917
1907,1927.0,5.716
1908,1928.0,5.676
1909,1929.0,6.279
1910,1930.0,6.722
1911,1931.0,6.722
1912,1932.0,6.159
1913,1933.0,5.957
1914,1934.0,5.917
1915,1935.0,5.716
1916,1936.0,6.32
1917,1937.0,6.722
1918,1938.0,6.682
1919,1939.0,6.118
1920,1940.0,5.957
1921,1941.0,5.877
1922,1942.0,5.716
1923,1943.0,5.917
1924,1944.0,6.964
1925,1945.0,6.763
1926,1946.0,6.32
1927,1947.0,5.957
1928,1948.0,5.877
1929,1949.0,5.756
1930,1950.0,6.642
1931,1951.0,6.924
1932,1952.0,6.601
1933,1953.0,6.118
1934,1954.0,6.038
1935,1955.0,5.877
1936,1956.0,5.716
1937,1957.0,5.957
1938,1958.0,6.682
1939,1959.0,6.521
1940,1960.0,6.36
1941,1961.0,6.199
1942,1962.0,5.877
1943,1963.0,5.796
1944,1964.0,5.917
1945,1965.0,6.561
1946,1966.0,6.481
1947,1967.0,6.44
1948,1968.0,6.199
1949,1969.0,5.917
1950,1970.0,5.796
1951,1971.0,5.957
1952,1972.0,6.481
1953,1973.0,6.521
1954,1975.0,6.44
1955,1976.0,5.957
1956,1977.0,5.957
1957,1978.0,5.796
1958,1979.0,5.756
1959,1980.0,6.481
1960,1981.0,6.722
1961,1982.0,6.481
1962,1983.0,6.078
1963,1984.0,6.038
1964,1985.0,5.877
1965,1986.0,5.796
1966,1987.0,6.481
1967,1988.0,6.763
1968,1989.0,6.481
1969,1990.0,6.078
1970,1991.0,6.038
1971,1992.0,5.837
1972,1993.0,5.716
1973,1994.0,6.481
1974,1995.0,6.803
1975,1996.0,6.642
1976,1997.0,6.159
1977,1998.0,5.917
1978,1999.0,5.877
1979,2000.0,5.756
1980,2001.0,6.561
1981,2002.0,6.803
1982,2003.0,6.601
1983,2004.0,6.078
1984,2005.0,5.917
1985,2006.0,5.837
1986,2007.0,5.716
1987,2008.0,6.481
1988,2009.0,6.722
1989,2010.0,6.521
1990,2011.0,6.078
1991,2012.0,5.957
1992,2013.0,5.837
1993,2014.0,5.716
1994,2015.0,6.521
1995,2016.0,7.113
1996,2017.0,6.601
1997,2018.0,6.239
1998,2019.0,5.998
1999,2020.0,5.917
2000,2021.0,5.756
2001,2022.0,6.601
2002,2023.0,6.964
2003,2024.0,6.682
2004,2025.0,6.239
2005,2026.0,6.038
2006,2027.0,5.917
2007,2028.0,5.756
2008,2029.0,6.481
2009,2030.0,7.004
2010,2031.0,6.521
2011,2032.0,6.199
2012,2033.0,5.957
2013,2034.0,5.917
2014,2035.0,5.676
2015,2036.0,5.957
2016,2037.0,6.682
2017,2038.0,6.722
2018,2039.0,6.199
2019,2040.0,5.998
2020,2041.0,5.877
2021,2042.0,5.756
2022,2043.0,5.998
2023,2044.0,6.4
2024,2045.0,6.561
2025,2046.0,6.44
2026,2047.0,5.998
2027,2048.0,5.917
2028,2049.0,5.796
2029,2050.0,5.957
2030,2051.0,6.481
2031,2052.0,6.481
2032,2053.0,6.4
2033,2054.0,6.159
2034,2055.0,5.917
2035,2056.0,5.796
2036,2057.0,5.716
2037,2058.0,6.481
2038,2059.0,6.803
2039,2060.0,6.481
2040,2061.0,6.078
2041,2062.0,5.998
2042,2063.0,5.837
2043,2064.0,5.716
2044,2065.0,6.561
2045,2066.0,6.924
2046,2067.0,6.521
2047,2069.0,6.118
2048,2070.0,5.998
2049,2071.0,5.877
2050,2072.0,5.756
2051,2073.0,6.521
2052,2074.0,7.033
2053,2075.0,6.561
2054,2076.0,6.159
2055,2077.0,5.957
2056,2078.0,5.877
2057,2079.0,5.756
2058,2080.0,6.561
2059,2081.0,6.993
2060,2082.0,6.682
2061,2083.0,6.239
2062,2084.0,5.998
2063,2085.0,5.917
2064,2086.0,5.676
2065,2087.0,6.521
2066,2088.0,7.004
2067,2089.0,6.561
2068,2090.0,6.159
2069,2091.0,5.998
2070,2092.0,5.837
2071,2093.0,5.716
2072,2094.0,6.561
2073,2095.0,6.964
2074,2096.0,6.481
2075,2097.0,6.159
2076,2098.0,5.957
2077,2099.0,5.877
2078,2100.0,5.716
2079,2101.0,6.601
2080,2102.0,6.993
2081,2103.0,6.722
2082,2104.0,6.239
2083,2105.0,6.038
2084,2106.0,5.877
2085,2107.0,5.716
2086,2108.0,6.078
2087,2109.0,6.642
2088,2110.0,6.803
2089,2111.0,6.159
2090,2112.0,5.998
2091,2113.0,5.837
2092,2114.0,5.716
2093,2115.0,5.877
2094,2116.0,7.033
2095,2117.0,6.803
2096,2118.0,6.32
2097,2119.0,5.917
2098,2120.0,5.917
2099,2121.0,5.716
2100,2122.0,5.635
2101,2123.0,5.877
2102,2124.0,7.004
2103,2125.0,6.803
2104,2126.0,6.32
2105,2127.0,5.957
2106,2128.0,5.917
2107,2129.0,5.716
2108,2130.0,5.917
2109,2131.0,6.924
2110,2132.0,6.763
2111,2133.0,6.32
2112,2134.0,5.998
2113,2135.0,5.917
2114,2136.0,5.796
2115,2137.0,6.279
2116,2138.0,6.763
2117,2139.0,6.722
2118,2140.0,6.159
2119,2141.0,5.957
2120,2142.0,5.877
2121,2143.0,5.716
2122,2144.0,6.682
2123,2145.0,6.964
2124,2146.0,6.561
2125,2147.0,6.199
2126,2148.0,5.998
2127,2149.0,5.998
2128,2150.0,5.716
2129,2151.0,6.521
2130,2152.0,7.073
2131,2153.0,6.561
2132,2154.0,6.159
2133,2155.0,5.957
2134,2156.0,5.877
2135,2157.0,5.716
2136,2158.0,6.561
2137,2159.0,6.924
2138,2160.0,6.682
2139,2161.0,6.078
2140,2162.0,6.038
2141,2164.0,5.877
2142,2165.0,5.716
2143,2166.0,6.601
2144,2167.0,6.924
2145,2168.0,6.642
2146,2169.0,6.078
2147,2170.0,6.078
2148,2171.0,5.837
2149,2172.0,5.796
2150,2173.0,6.36
2151,2174.0,6.924
2152,2175.0,6.682
2153,2176.0,6.078
2154,2177.0,6.038
2155,2178.0,5.837
2156,2179.0,5.716
2157,2180.0,6.561
2158,2181.0,7.033
2159,2182.0,6.682
2160,2183.0,6.239
2161,2184.0,5.998
2162,2185.0,5.877
2163,2186.0,5.716
2164,2187.0,6.601
2165,2188.0,6.964
2166,2189.0,6.642
2167,2190.0,6.199
2168,2191.0,6.038
2169,2192.0,5.917
2170,2193.0,5.716
2171,2194.0,6.561
2172,2195.0,7.033
2173,2196.0,6.682
2174,2197.0,6.32
2175,2198.0,5.998
2176,2199.0,5.917
2177,2200.0,5.676
2178,2201.0,6.601
2179,2202.0,7.033
2180,2203.0,6.561
2181,2204.0,6.159
2182,2205.0,5.998
2183,2206.0,5.837
2184,2207.0,5.756
2185,2208.0,6.561
2186,2209.0,6.953
2187,2210.0,6.521
2188,2211.0,6.159
2189,2212.0,5.957
2190,2213.0,5.837
2191,2214.0,5.676
2192,2215.0,6.561
2193,2216.0,6.843
2194,2217.0,6.601
2195,2218.0,6.32
2196,2219.0,5.957
2197,2220.0,5.837
2198,2221.0,5.676
2199,2222.0,6.561
2200,2223.0,6.803
2201,2224.0,6.642
2202,2225.0,6.078
2203,2226.0,5.998
2204,2227.0,5.796
2205,2228.0,5.716
2206,2229.0,6.561
2207,2230.0,6.964
2208,2231.0,6.521
2209,2232.0,6.159
2210,2233.0,5.957
2211,2234.0,5.877
2212,2235.0,5.676
2213,2236.0,6.561
2214,2237.0,6.913
2215,2238.0,6.601
2216,2239.0,6.118
2217,2240.0,5.957
2218,2241.0,5.837
2219,2242.0,5.756
2220,2243.0,6.521
2221,2244.0,6.763
2222,2245.0,6.521
2223,2246.0,6.078
2224,2247.0,5.998
2225,2248.0,5.796
2226,2249.0,5.676
2227,2250.0,6.481
2228,2251.0,6.763
2229,2252.0,6.481
2230,2253.0,6.078
2231,2254.0,5.998
2232,2255.0,5.796
2233,2256.0,5.917
2234,2258.0,6.44
2235,2259.0,6.601
2236,2260.0,6.4
2237,2261.0,5.998
2238,2262.0,5.957
2239,2263.0,5.796
2240,2264.0,5.957
2241,2265.0,6.4
2242,2266.0,6.601
2243,2267.0,6.44
2244,2268.0,5.998
2245,2269.0,5.917
2246,2270.0,5.837
2247,2271.0,5.917
2248,2272.0,6.601
2249,2273.0,6.481
2250,2274.0,6.44
2251,2275.0,6.159
2252,2276.0,5.957
2253,2277.0,5.796
2254,2278.0,5.957
2255,2279.0,7.274
2256,2280.0,6.682
2257,2281.0,6.279
2258,2282.0,6.038
2259,2283.0,5.957
2260,2284.0,5.716
2261,2285.0,5.917
2262,2286.0,6.843
2263,2287.0,6.682
2264,2288.0,6.239
2265,2289.0,6.078
2266,2290.0,5.877
2267,2291.0,5.716
2268,2292.0,5.917
2269,2293.0,7.194
2270,2294.0,6.642
2271,2295.0,6.279
2272,2296.0,5.998
2273,2297.0,5.957
2274,2298.0,5.716
2275,2299.0,5.957
2276,2300.0,6.883
2277,2301.0,6.722
2278,2302.0,6.279
2279,2303.0,6.118
2280,2304.0,5.877
2281,2305.0,5.756
2282,2306.0,6.118
2283,2307.0,6.682
2284,2308.0,6.803
2285,2309.0,6.199
2286,2310.0,5.957
2287,2311.0,5.957
2288,2312.0,5.716
2289,2313.0,6.36
2290,2314.0,6.883
2291,2315.0,6.642
2292,2316.0,6.078
2293,2317.0,6.038
2294,2318.0,5.877
2295,2319.0,5.676
2296,2320.0,6.36
2297,2321.0,6.883
2298,2322.0,6.682
2299,2323.0,6.078
2300,2324.0,6.038
2301,2325.0,5.837
2302,2326.0,5.756
2303,2327.0,6.521
2304,2328.0,6.763
2305,2329.0,6.481
2306,2330.0,6.078
2307,2331.0,5.998
2308,2332.0,5.837
2309,2333.0,5.917
2310,2334.0,6.964
2311,2335.0,6.722
2312,2336.0,6.32
2313,2337.0,6.118
2314,2338.0,5.998
2315,2339.0,5.716
2316,2340.0,5.998
2317,2341.0,6.44
2318,2342.0,6.601
2319,2343.0,6.44
2320,2344.0,6.159
2321,2345.0,5.917
2322,2346.0,5.796
2323,2347.0,5.957
2324,2348.0,7.314
2325,2349.0,6.722
2326,2350.0,6.32
2327,2351.0,6.038
2328,2352.0,5.917
2329,2354.0,5.756
2330,2355.0,5.917
2331,2356.0,7.154
2332,2357.0,6.722
2333,2358.0,6.239
2334,2359.0,5.998
2335,2360.0,5.917
2336,2361.0,5.756
2337,2362.0,5.917
2338,2363.0,6.913
2339,2364.0,6.722
2340,2365.0,6.279
2341,2366.0,6.038
2342,2367.0,5.877
2343,2368.0,5.756
2344,2369.0,5.877
2345,2370.0,6.803
2346,2371.0,6.642
2347,2372.0,6.279
2348,2373.0,6.038
2349,2374.0,5.917
2350,2375.0,5.716
2351,2376.0,6.038
2352,2377.0,6.682
2353,2378.0,6.803
2354,2379.0,6.159
2355,2380.0,6.038
2356,2381.0,5.917
2357,2382.0,5.716
2358,2383.0,6.32
2359,2384.0,6.763
2360,2385.0,6.682
2361,2386.0,6.078
2362,2387.0,5.957
2363,2388.0,5.837
2364,2389.0,5.676
2365,2390.0,5.877
2366,2391.0,6.924
2367,2392.0,6.722
2368,2393.0,6.32
2369,2394.0,6.078
2370,2395.0,5.998
2371,2396.0,5.756
2372,2397.0,5.957
2373,2398.0,7.113
2374,2399.0,6.843
2375,2400.0,6.36
2376,2401.0,6.078
2377,2402.0,5.998
2378,2403.0,5.796
2379,2404.0,5.635
2380,2405.0,6.4
2381,2406.0,6.883
2382,2407.0,6.682
2383,2408.0,6.078
2384,2409.0,6.078
2385,2410.0,5.837
2386,2411.0,5.796
2387,2412.0,5.877
2388,2413.0,7.044
2389,2414.0,6.763
2390,2415.0,6.32
2391,2416.0,5.957
2392,2417.0,5.917
2393,2418.0,5.756
2394,2419.0,5.877
2395,2420.0,6.803
2396,2421.0,6.642
2397,2422.0,6.239
2398,2423.0,6.038
2399,2424.0,5.877
2400,2425.0,5.676
2401,2426.0,5.917
2402,2427.0,7.355
2403,2428.0,6.722
2404,2429.0,6.32
2405,2430.0,6.038
2406,2431.0,5.957
2407,2432.0,5.756
2408,2433.0,5.917
2409,2434.0,6.561
2410,2435.0,6.481
2411,2436.0,6.4
2412,2437.0,6.199
2413,2438.0,5.917
2414,2439.0,5.716
2415,2440.0,5.716
2416,2441.0,5.917
2417,2442.0,7.033
2418,2443.0,6.763
2419,2444.0,6.36
2420,2445.0,5.957
2421,2446.0,5.998
2422,2448.0,5.756
2423,2449.0,5.957
2424,2450.0,6.682
2425,2451.0,6.722
2426,2452.0,6.159
2427,2453.0,5.998
2428,2454.0,5.877
2429,2455.0,5.716
2430,2456.0,6.279
2431,2457.0,6.722
2432,2458.0,6.682
2433,2459.0,6.078
2434,2460.0,5.957
2435,2461.0,5.837
2436,2462.0,5.716
2437,2463.0,6.118
2438,2464.0,6.682
2439,2465.0,6.803
2440,2466.0,6.159
2441,2467.0,5.998
2442,2468.0,5.877
2443,2469.0,5.716
2444,2470.0,5.917
2445,2471.0,6.722
2446,2472.0,6.964
2447,2473.0,6.199
2448,2474.0,6.038
2449,2475.0,5.877
2450,2476.0,5.756
2451,2477.0,5.917
2452,2478.0,6.481
2453,2479.0,6.642
2454,2480.0,6.4
2455,2481.0,5.998
2456,2482.0,5.998
2457,2483.0,5.796
2458,2484.0,5.917
2459,2485.0,6.44
2460,2486.0,6.601
2461,2487.0,6.4
2462,2488.0,5.998
2463,2489.0,5.957
2464,2490.0,5.796
2465,2491.0,5.957
2466,2492.0,6.481
2467,2493.0,6.521
2468,2494.0,6.4
2469,2495.0,6.159
2470,2496.0,5.917
2471,2497.0,5.796
2472,2498.0,5.957
2473,2499.0,6.722
2474,2500.0,6.521
2475,2501.0,6.36
2476,2502.0,6.159
2477,2503.0,5.917
2478,2504.0,5.756
2479,2505.0,5.957
2480,2506.0,6.642
2481,2507.0,6.481
2482,2508.0,6.36
2483,2509.0,6.199
2484,2510.0,5.877
2485,2511.0,5.796
2486,2512.0,5.957
2487,2513.0,6.481
2488,2514.0,6.601
2489,2515.0,6.4
2490,2516.0,5.998
2491,2517.0,5.998
2492,2518.0,5.796
2493,2519.0,5.917
2494,2520.0,6.843
2495,2521.0,6.642
2496,2522.0,6.32
2497,2523.0,6.118
2498,2524.0,5.998
2499,2525.0,5.796
2500,2526.0,5.917
2501,2527.0,7.274
2502,2528.0,6.682
2503,2529.0,6.32
2504,2530.0,6.038
2505,2531.0,5.998
2506,2532.0,5.756
2507,2533.0,5.877
2508,2534.0,7.085
2509,2535.0,6.722
2510,2536.0,6.279
2511,2537.0,5.998
2512,2538.0,5.917
2513,2539.0,5.716
2514,2540.0,5.917
2515,2541.0,6.803
2516,2542.0,6.682
2517,2544.0,6.239
2518,2545.0,6.118
2519,2546.0,5.877
2520,2547.0,5.796
2521,2548.0,6.36
2522,2549.0,6.763
2523,2550.0,6.682
2524,2551.0,6.159
2525,2552.0,5.998
2526,2553.0,5.917
2527,2554.0,5.716
2528,2555.0,5.917
2529,2556.0,7.033
2530,2557.0,6.803
2531,2558.0,6.239
2532,2559.0,5.998
2533,2560.0,5.917
2534,2561.0,5.716
2535,2562.0,5.917
2536,2563.0,7.154
2537,2564.0,6.642
2538,2565.0,6.279
2539,2566.0,6.038
2540,2567.0,5.957
2541,2568.0,5.756
2542,2569.0,5.877
2543,2570.0,6.843
2544,2571.0,6.682
2545,2572.0,6.32
2546,2573.0,5.998
2547,2574.0,5.917
2548,2575.0,5.716
2549,2576.0,5.917
2550,2577.0,6.843
2551,2578.0,6.682
2552,2579.0,6.239
2553,2580.0,6.078
2554,2581.0,5.877
2555,2582.0,5.756
2556,2583.0,5.917
2557,2584.0,7.234
2558,2585.0,6.763
2559,2586.0,6.44
2560,2587.0,6.038
2561,2588.0,5.998
2562,2589.0,5.756
2563,2590.0,5.917
2564,2591.0,7.073
2565,2592.0,6.763
2566,2593.0,6.239
2567,2594.0,5.957
2568,2595.0,5.917
2569,2596.0,5.716
2570,2597.0,5.917
2571,2598.0,7.004
2572,2599.0,6.803
2573,2600.0,6.32
2574,2601.0,5.957
2575,2602.0,5.917
2576,2603.0,5.756
2577,2604.0,5.877
2578,2605.0,7.044
2579,2606.0,6.763
2580,2607.0,6.239
2581,2608.0,5.957
2582,2609.0,5.917
2583,2610.0,5.716
2584,2611.0,5.917
2585,2612.0,6.763
2586,2613.0,6.642
2587,2614.0,6.199
2588,2615.0,6.038
2589,2616.0,5.877
2590,2617.0,5.756
2591,2618.0,6.36
2592,2619.0,6.924
2593,2620.0,6.642
2594,2621.0,6.118
2595,2622.0,6.038
2596,2623.0,5.917
2597,2624.0,5.716
2598,2625.0,6.561
2599,2626.0,6.924
2600,2627.0,6.481
2601,2628.0,6.118
2602,2629.0,5.917
2603,2630.0,5.837
2604,2631.0,5.957
2605,2632.0,6.44
2606,2633.0,6.642
2607,2634.0,6.4
2608,2635.0,5.998
2609,2636.0,5.957
2610,2637.0,5.756
2611,2639.0,5.676
2612,2640.0,5.877
2613,2641.0,6.993
2614,2642.0,6.763
2615,2643.0,6.36
2616,2644.0,5.957
2617,2645.0,5.917
2618,2646.0,5.716
2619,2647.0,5.957
2620,2648.0,6.642
2621,2649.0,6.722
2622,2650.0,6.159
2623,2651.0,5.998
2624,2652.0,5.877
2625,2653.0,5.756
2626,2654.0,6.279
2627,2655.0,6.722
2628,2656.0,6.722
2629,2657.0,6.159
2630,2658.0,5.957
2631,2659.0,5.917
2632,2660.0,5.716
2633,2661.0,6.601
2634,2662.0,6.993
2635,2663.0,6.682
2636,2664.0,6.239
2637,2665.0,5.998
2638,2666.0,5.917
2639,2667.0,5.957
2640,2668.0,6.481
2641,2669.0,6.601
2642,2670.0,6.36
2643,2671.0,5.998
2644,2672.0,5.957
2645,2673.0,5.796
2646,2674.0,5.957
2647,2675.0,6.481
2648,2676.0,6.521
2649,2677.0,6.4
2650,2678.0,6.159
2651,2679.0,5.917
2652,2680.0,5.796
2653,2681.0,5.957
2654,2682.0,6.803
2655,2683.0,6.561
2656,2684.0,6.36
2657,2685.0,6.118
2658,2686.0,5.998
2659,2687.0,5.756
2660,2688.0,5.957
2661,2689.0,7.234
2662,2690.0,6.682
2663,2691.0,6.279
2664,2692.0,6.038
2665,2693.0,5.917
2666,2694.0,5.756
2667,2695.0,5.917
2668,2696.0,7.033
2669,2697.0,6.803
2670,2698.0,6.279
2671,2699.0,5.957
2672,2700.0,5.877
2673,2701.0,5.716
2674,2702.0,5.917
2675,2703.0,6.883
2676,2704.0,6.682
2677,2705.0,6.279
2678,2706.0,6.078
2679,2707.0,5.877
2680,2708.0,5.756
2681,2709.0,5.877
2682,2710.0,6.722
2683,2711.0,6.682
2684,2712.0,6.199
2685,2713.0,6.038
2686,2714.0,5.877
2687,2715.0,5.716
2688,2716.0,6.239
2689,2717.0,6.682
2690,2718.0,6.722
2691,2719.0,6.118
2692,2720.0,5.957
2693,2721.0,5.877
2694,2722.0,5.716
2695,2723.0,6.601
2696,2724.0,6.924
2697,2725.0,6.601
2698,2726.0,6.159
2699,2727.0,6.038
2700,2728.0,5.917
2701,2729.0,5.756
2702,2730.0,6.521
2703,2731.0,7.085
2704,2733.0,6.642
2705,2734.0,6.239
2706,2735.0,5.998
2707,2736.0,5.877
2708,2737.0,5.716
2709,2738.0,6.561
2710,2739.0,6.913
2711,2740.0,6.481
2712,2741.0,6.118
2713,2742.0,5.957
2714,2743.0,5.837
2715,2744.0,5.837
2716,2745.0,6.44
2717,2746.0,6.682
2718,2747.0,6.4
2719,2748.0,5.998
2720,2749.0,5.998
2721,2750.0,5.796
2722,2751.0,5.716
2723,2752.0,6.561
2724,2753.0,6.924
2725,2754.0,6.481
2726,2755.0,6.159
2727,2756.0,5.917
2728,2757.0,5.877
2729,2758.0,5.716
2730,2759.0,6.481
2731,2760.0,6.763
2732,2761.0,6.481
2733,2762.0,6.038
2734,2763.0,6.038
2735,2764.0,5.796
2736,2765.0,5.917
2737,2766.0,6.44
2738,2767.0,6.722
2739,2768.0,6.4
2740,2769.0,5.998
2741,2770.0,5.957
2742,2771.0,5.796
2743,2772.0,5.957
2744,2773.0,6.722
2745,2774.0,6.561
2746,2775.0,6.32
2747,2776.0,6.159
2748,2777.0,5.917
2749,2778.0,5.756
2750,2779.0,5.917
2751,2780.0,7.274
2752,2781.0,6.682
2753,2782.0,6.279
2754,2783.0,6.038
2755,2784.0,5.917
2756,2785.0,5.716
2757,2786.0,5.917
2758,2787.0,7.073
2759,2788.0,6.803
2760,2789.0,6.199
2761,2790.0,6.038
2762,2791.0,5.917
2763,2792.0,5.756
2764,2793.0,5.877
2765,2794.0,6.993
2766,2795.0,6.722
2767,2796.0,6.36
2768,2797.0,5.917
2769,2798.0,5.957
2770,2799.0,5.716
2771,2800.0,5.957
2772,2801.0,7.194
2773,2802.0,6.642
2774,2803.0,6.279
2775,2804.0,5.998
2776,2805.0,5.917
2777,2806.0,5.716
2778,2807.0,5.917
2779,2808.0,7.234
2780,2809.0,6.642
2781,2810.0,6.279
2782,2811.0,5.998
2783,2812.0,5.917
2784,2813.0,5.716
2785,2814.0,5.957
2786,2815.0,6.44
2787,2816.0,6.601
2788,2817.0,6.44
2789,2818.0,5.957
2790,2819.0,5.957
2791,2820.0,5.756
2792,2821.0,5.957
2793,2822.0,6.4
2794,2823.0,6.561
2795,2824.0,6.44
2796,2825.0,6.078
2797,2826.0,5.917
2798,2827.0,5.796
2799,2829.0,5.676
2800,2830.0,6.561
2801,2831.0,6.964
2802,2832.0,6.561
2803,2833.0,6.159
2804,2834.0,5.998
2805,2835.0,5.837
2806,2836.0,5.756
2807,2837.0,6.521
2808,2838.0,6.803
2809,2839.0,6.481
2810,2840.0,6.078
2811,2841.0,5.998
2812,2842.0,5.796
2813,2843.0,5.716
2814,2844.0,6.521
2815,2845.0,6.843
2816,2846.0,6.561
2817,2847.0,6.118
2818,2848.0,5.957
2819,2849.0,5.837
2820,2850.0,5.957
2821,2851.0,6.561
2822,2852.0,6.521
2823,2853.0,6.561
2824,2854.0,6.199
2825,2855.0,5.917
2826,2856.0,5.796
2827,2857.0,5.957
2828,2858.0,6.4
2829,2859.0,6.561
2830,2860.0,6.44
2831,2861.0,6.159
2832,2862.0,5.917
2833,2863.0,5.796
2834,2864.0,5.917
2835,2865.0,6.843
2836,2866.0,6.561
2837,2867.0,6.36
2838,2868.0,6.118
2839,2869.0,5.998
2840,2870.0,5.756
2841,2871.0,5.756
2842,2872.0,6.561
2843,2873.0,7.085
2844,2874.0,6.682
2845,2875.0,6.239
2846,2876.0,5.998
2847,2877.0,5.877
2848,2878.0,5.716
2849,2879.0,6.601
2850,2880.0,6.924
2851,2881.0,6.561
2852,2882.0,6.199
2853,2883.0,6.038
2854,2884.0,5.877
2855,2885.0,5.676
2856,2886.0,5.917
2857,2887.0,7.274
2858,2888.0,6.682
2859,2889.0,6.279
2860,2890.0,6.038
2861,2891.0,5.917
2862,2892.0,5.716
2863,2893.0,5.676
2864,2894.0,6.561
2865,2895.0,7.004
2866,2896.0,6.722
2867,2897.0,6.279
2868,2898.0,6.078
2869,2899.0,5.917
2870,2900.0,5.756
2871,2901.0,6.521
2872,2902.0,7.113
2873,2903.0,6.601
2874,2904.0,6.239
2875,2905.0,5.998
2876,2906.0,5.917
2877,2907.0,5.716
2878,2908.0,6.521
2879,2909.0,6.763
2880,2910.0,6.44
2881,2911.0,6.078
2882,2912.0,5.998
2883,2913.0,5.796
2884,2914.0,5.917
2885,2915.0,6.44
2886,2916.0,6.682
2887,2917.0,6.4
2888,2918.0,5.998
2889,2919.0,5.957
2890,2920.0,5.796
2891,2921.0,5.998
2892,2923.0,6.481
2893,2924.0,6.481
2894,2925.0,6.4
2895,2926.0,6.199
2896,2927.0,5.917
2897,2928.0,5.796
2898,2929.0,5.917
2899,2930.0,6.763
2900,2931.0,6.561
2901,2932.0,6.36
2902,2933.0,6.118
2903,2934.0,5.957
2904,2935.0,5.756
2905,2936.0,5.917
2906,2937.0,7.113
2907,2938.0,6.763
2908,2939.0,6.239
2909,2940.0,5.998
2910,2941.0,5.917
2911,2942.0,5.756
2912,2943.0,5.917
2913,2944.0,6.642
2914,2945.0,6.481
2915,2946.0,6.36
2916,2947.0,6.159
2917,2948.0,5.877
2918,2949.0,5.756
2919,2950.0,5.957
2920,2951.0,6.44
2921,2952.0,6.561
2922,2953.0,6.44
2923,2954.0,6.118
2924,2955.0,5.917
2925,2956.0,5.756
2926,2957.0,5.957
2927,2958.0,6.924
2928,2959.0,6.682
2929,2960.0,6.279
2930,2961.0,6.118
2931,2962.0,5.998
2932,2963.0,5.756
2933,2964.0,5.917
2934,2965.0,7.274
2935,2966.0,6.722
2936,2967.0,6.36
2937,2968.0,6.038
2938,2969.0,5.957
2939,2970.0,5.716
2940,2971.0,5.957
2941,2972.0,7.044
2942,2973.0,6.843
2943,2974.0,6.239
2944,2975.0,5.998
2945,2976.0,5.917
2946,2977.0,5.796
2947,2978.0,5.957
2948,2979.0,7.234
2949,2980.0,6.763
2950,2981.0,6.4
2951,2982.0,6.038
2952,2983.0,5.957
2953,2984.0,5.756
2954,2985.0,6.078
2955,2986.0,6.44
2956,2987.0,6.561
2957,2988.0,6.44
2958,2989.0,6.078
2959,2990.0,5.917
2960,2991.0,5.796
2961,2992.0,5.957
2962,2993.0,6.883
2963,2994.0,6.642
2964,2995.0,6.279
2965,2996.0,6.118
2966,2997.0,5.998
2967,2998.0,5.756
2968,2999.0,5.917
2969,3000.0,7.004
2970,3001.0,6.763
2971,3002.0,6.4
2972,3003.0,5.957
2973,3004.0,5.917
2974,3005.0,5.716
2975,3006.0,6.118
2976,3007.0,6.601
2977,3008.0,6.803
2978,3009.0,6.118
2979,3010.0,5.998
2980,3011.0,5.877
2981,3012.0,5.756
2982,3013.0,5.877
2983,3014.0,6.763
2984,3015.0,6.682
2985,3016.0,6.239
2986,3018.0,6.038
2987,3019.0,5.877
2988,3020.0,5.756
2989,3021.0,6.561
2990,3022.0,6.924
2991,3023.0,6.601
2992,3024.0,6.118
2993,3025.0,5.998
2994,3026.0,5.837
2995,3027.0,5.716
2996,3028.0,6.521
2997,3029.0,7.044
2998,3030.0,6.561
2999,3031.0,6.199
3000,3032.0,5.957
3001,3033.0,5.877
3002,3034.0,5.716
3003,3035.0,6.481
3004,3036.0,6.763
3005,3037.0,6.521
3006,3038.0,6.118
3007,3039.0,5.998
3008,3040.0,5.837
3009,3041.0,5.957
3010,3042.0,6.481
3011,3043.0,6.642
3012,3044.0,6.4
3013,3045.0,5.998
3014,3046.0,5.998
3015,3047.0,5.796
3016,3048.0,5.998
3017,3049.0,6.4
3018,3050.0,6.642
3019,3051.0,6.4
3020,3052.0,6.038
3021,3053.0,5.998
3022,3054.0,5.796
3023,3055.0,5.917
3024,3056.0,6.44
3025,3057.0,6.682
3026,3058.0,6.36
3027,3059.0,5.998
3028,3060.0,5.957
3029,3061.0,5.796
3030,3062.0,5.957
3031,3063.0,6.44
3032,3064.0,6.601
3033,3065.0,6.44
3034,3066.0,5.998
3035,3067.0,5.957
3036,3068.0,5.796
3037,3069.0,5.877
3038,3070.0,6.44
3039,3071.0,6.722
3040,3072.0,6.4
3041,3073.0,6.038
3042,3074.0,5.957
3043,3075.0,5.877
3044,3076.0,5.957
3045,3077.0,6.481
3046,3078.0,6.682
3047,3079.0,6.44
3048,3080.0,6.038
3049,3081.0,5.998
3050,3082.0,5.837
3051,3083.0,6.038
3052,3084.0,6.4
3053,3085.0,6.642
3054,3086.0,6.36
3055,3087.0,6.038
3056,3088.0,5.998
3057,3089.0,5.756
3058,3090.0,5.796
3059,3091.0,6.481
3060,3092.0,6.722
3061,3093.0,6.481
3062,3094.0,6.078
3063,3095.0,5.957
3064,3096.0,5.837
3065,3097.0,5.957
3066,3098.0,6.4
3067,3099.0,6.561
3068,3100.0,6.44
3069,3101.0,5.998
3070,3102.0,5.957
3071,3103.0,5.796
3072,3104.0,5.957
3073,3105.0,6.481
3074,3106.0,6.521
3075,3107.0,6.44
3076,3108.0,6.078
3077,3109.0,5.917
3078,3110.0,5.796
3079,3111.0,5.917
3080,3112.0,7.125
3081,3114.0,6.803
3082,3115.0,6.279
3083,3116.0,6.118
3084,3117.0,6.038
3085,3118.0,5.756
3086,3119.0,5.957
3087,3120.0,7.194
3088,3121.0,6.843
3089,3122.0,6.4
3090,3123.0,6.118
3091,3124.0,5.957
3092,3125.0,5.716
3093,3126.0,5.917
3094,3127.0,7.234
3095,3128.0,6.642
3096,3129.0,6.279
3097,3130.0,5.998
3098,3131.0,5.917
3099,3132.0,5.756
3100,3133.0,5.957
3101,3134.0,6.4
3102,3135.0,6.561
3103,3136.0,6.481
3104,3137.0,5.998
3105,3138.0,5.957
3106,3139.0,5.837
3107,3140.0,5.917
3108,3141.0,6.924
3109,3142.0,6.763
3110,3143.0,6.32
3111,3144.0,5.957
3112,3145.0,5.877
3113,3146.0,5.756
3114,3147.0,5.998
3115,3148.0,6.682
3116,3149.0,6.763
3117,3150.0,6.199
3118,3151.0,5.998
3119,3152.0,5.917
3120,3153.0,5.796
3121,3154.0,6.36
3122,3155.0,6.763
3123,3156.0,6.722
3124,3157.0,6.078
3125,3158.0,5.998
3126,3159.0,5.837
3127,3160.0,5.716
3128,3161.0,6.561
3129,3162.0,7.004
3130,3163.0,6.682
3131,3164.0,6.239
3132,3165.0,5.998
3133,3166.0,5.877
3134,3167.0,5.756
3135,3168.0,6.481
3136,3169.0,6.763
3137,3170.0,6.44
3138,3171.0,6.038
3139,3172.0,5.998
3140,3173.0,5.837
3141,3174.0,5.957
3142,3175.0,6.4
3143,3176.0,6.521
3144,3177.0,6.481
3145,3178.0,6.038
3146,3179.0,5.917
3147,3180.0,5.756
3148,3181.0,5.957
3149,3182.0,6.763
3150,3183.0,6.561
3151,3184.0,6.32
3152,3185.0,6.239
3153,3186.0,5.917
3154,3187.0,5.796
3155,3188.0,5.676
3156,3189.0,6.561
3157,3190.0,7.073
3158,3191.0,6.642
3159,3192.0,6.199
3160,3193.0,6.038
3161,3194.0,5.877
3162,3195.0,5.716
3163,3196.0,6.078
3164,3197.0,6.642
3165,3198.0,6.803
3166,3199.0,6.159
3167,3200.0,5.998
3168,3201.0,5.877
3169,3202.0,5.716
3170,3203.0,6.521
3171,3204.0,6.924
3172,3205.0,6.601
3173,3206.0,6.078
3174,3208.0,6.038
3175,3209.0,5.837
3176,3210.0,5.676
3177,3211.0,5.917
3178,3212.0,6.924
3179,3213.0,6.722
3180,3214.0,6.279
3181,3215.0,6.078
3182,3216.0,5.877
3183,3217.0,5.756
3184,3218.0,5.917
3185,3219.0,6.722
3186,3220.0,6.722
3187,3221.0,6.199
3188,3222.0,5.998
3189,3223.0,5.877
3190,3224.0,5.716
3191,3225.0,5.917
3192,3226.0,6.924
3193,3227.0,6.763
3194,3228.0,6.32
3195,3229.0,6.038
3196,3230.0,5.877
3197,3231.0,5.796
3198,3232.0,5.917
3199,3233.0,6.722
3200,3234.0,6.722
3201,3235.0,6.159
3202,3236.0,5.998
3203,3237.0,5.877
3204,3238.0,5.716
3205,3239.0,6.561
3206,3240.0,7.044
3207,3241.0,6.642
3208,3242.0,6.239
3209,3243.0,5.998
3210,3244.0,5.877
3211,3245.0,5.716
3212,3246.0,6.481
3213,3247.0,6.763
3214,3248.0,6.521
3215,3249.0,6.078
3216,3250.0,6.038
3217,3251.0,5.877
3218,3252.0,5.716
3219,3253.0,6.481
3220,3254.0,6.763
3221,3255.0,6.481
3222,3256.0,6.078
3223,3257.0,5.998
3224,3258.0,5.837
3225,3259.0,5.957
3226,3260.0,6.803
3227,3261.0,6.561
3228,3262.0,6.36
3229,3263.0,6.118
3230,3264.0,5.998
3231,3265.0,5.756
3232,3266.0,5.716
3233,3267.0,6.481
3234,3268.0,6.843
3235,3269.0,6.521
3236,3270.0,6.078
3237,3271.0,5.998
3238,3272.0,5.796
3239,3273.0,5.957
3240,3274.0,6.44
3241,3275.0,6.642
3242,3276.0,6.36
3243,3277.0,5.998
3244,3278.0,5.957
3245,3279.0,5.796
3246,3280.0,5.957
3247,3281.0,6.44
3248,3282.0,6.521
3249,3283.0,6.44
3250,3284.0,6.118
3251,3285.0,5.917
3252,3286.0,5.756
3253,3287.0,5.957
3254,3288.0,6.682
3255,3289.0,6.481
3256,3290.0,6.36
3257,3291.0,6.159
3258,3292.0,5.877
3259,3293.0,5.796
3260,3294.0,5.917
3261,3295.0,7.073
3262,3296.0,6.763
3263,3297.0,6.239
3264,3298.0,5.957
3265,3299.0,5.957
3266,3300.0,5.716
3267,3301.0,5.957
3268,3303.0,7.314
3269,3304.0,6.763
3270,3305.0,6.32
3271,3306.0,6.038
3272,3307.0,5.917
3273,3308.0,5.756
3274,3309.0,5.917
3275,3310.0,7.194
3276,3311.0,6.642
3277,3312.0,6.279
3278,3313.0,5.998
3279,3314.0,5.917
3280,3315.0,5.716
3281,3316.0,5.877
3282,3317.0,7.113
3283,3318.0,6.763
3284,3319.0,6.239
3285,3320.0,5.957
3286,3321.0,5.917
3287,3322.0,5.756
3288,3323.0,5.917
3289,3324.0,6.964
3290,3325.0,6.763
3291,3326.0,6.32
3292,3327.0,5.998
3293,3328.0,5.877
3294,3329.0,5.756
3295,3330.0,5.877
3296,3331.0,6.843
3297,3332.0,6.682
3298,3333.0,6.279
3299,3334.0,6.038
3300,3335.0,5.917
3301,3336.0,5.837
3302,3337.0,6.36
3303,3338.0,6.803
3304,3339.0,6.722
3305,3340.0,6.078
3306,3341.0,5.998
3307,3342.0,5.877
3308,3343.0,5.716
3309,3344.0,6.561
3310,3345.0,6.872
3311,3346.0,6.521
3312,3347.0,6.118
3313,3348.0,5.917
3314,3349.0,5.877
3315,3350.0,5.957
3316,3351.0,7.274
3317,3352.0,6.682
3318,3353.0,6.279
3319,3354.0,6.038
3320,3355.0,5.917
3321,3356.0,5.756
3322,3357.0,5.877
3323,3358.0,6.924
3324,3359.0,6.682
3325,3360.0,6.32
3326,3361.0,6.038
3327,3362.0,5.957
3328,3363.0,5.756
3329,3364.0,6.279
3330,3365.0,6.682
3331,3366.0,6.722
3332,3367.0,6.118
3333,3368.0,5.998
3334,3369.0,5.837
3335,3370.0,5.756
3336,3371.0,6.561
3337,3372.0,7.044
3338,3373.0,6.682
3339,3374.0,6.279
3340,3375.0,5.998
3341,3376.0,5.957
3342,3377.0,5.716
3343,3378.0,6.038
3344,3379.0,6.642
3345,3380.0,6.763
3346,3381.0,6.159
3347,3382.0,5.998
3348,3383.0,5.877
3349,3384.0,5.676
3350,3385.0,5.635
3351,3386.0,6.199
3352,3387.0,6.601
3353,3388.0,6.763
3354,3389.0,6.118
3355,3390.0,5.957
3356,3391.0,5.877
3357,3392.0,5.716
3358,3393.0,5.877
3359,3394.0,6.843
3360,3395.0,6.722
3361,3396.0,6.279
3362,3398.0,6.078
3363,3399.0,5.877
3364,3400.0,5.716
3365,3401.0,5.877
3366,3402.0,6.964
3367,3403.0,6.722
3368,3404.0,6.32
3369,3405.0,5.998
3370,3406.0,5.917
3371,3407.0,5.716
3372,3408.0,5.917
3373,3409.0,6.883
3374,3410.0,6.722
3375,3411.0,6.279
3376,3412.0,6.118
3377,3413.0,5.877
3378,3414.0,5.756
3379,3415.0,5.957
3380,3416.0,6.924
3381,3417.0,6.722
3382,3418.0,6.279
3383,3419.0,5.998
3384,3420.0,5.877
3385,3421.0,5.716
3386,3422.0,5.877
3387,3423.0,6.722
3388,3424.0,6.642
3389,3425.0,6.199
3390,3426.0,5.998
3391,3427.0,5.877
3392,3428.0,5.716
3393,3429.0,5.917
3394,3430.0,6.883
3395,3431.0,6.722
3396,3432.0,6.279
3397,3433.0,6.078
3398,3434.0,5.877
3399,3435.0,5.716
3400,3436.0,5.877
3401,3437.0,6.722
3402,3438.0,6.722
3403,3439.0,6.199
3404,3440.0,5.998
3405,3441.0,5.877
3406,3442.0,5.716
3407,3443.0,6.36
3408,3444.0,6.843
3409,3445.0,6.722
3410,3446.0,6.078
3411,3447.0,6.038
3412,3448.0,5.877
3413,3449.0,5.756
3414,3450.0,5.877
3415,3451.0,7.004
3416,3452.0,6.763
3417,3453.0,6.32
3418,3454.0,5.957
3419,3455.0,5.917
3420,3456.0,5.756
3421,3457.0,5.998
3422,3458.0,6.682
3423,3459.0,6.722
3424,3460.0,6.159
3425,3461.0,5.998
3426,3462.0,5.877
3427,3463.0,5.716
3428,3464.0,6.44
3429,3465.0,6.883
3430,3466.0,6.642
3431,3467.0,6.038
3432,3468.0,6.078
3433,3469.0,5.837
3434,3470.0,5.716
3435,3471.0,5.877
3436,3472.0,7.004
3437,3473.0,6.763
3438,3474.0,6.36
3439,3475.0,5.957
3440,3476.0,5.917
3441,3477.0,5.756
3442,3478.0,5.917
3443,3479.0,7.004
3444,3480.0,6.883
3445,3481.0,6.279
3446,3482.0,6.038
3447,3483.0,5.917
3448,3484.0,5.756
3449,3485.0,5.877
3450,3486.0,7.194
3451,3487.0,6.682
3452,3488.0,6.239
3453,3489.0,5.998
3454,3490.0,5.917
3455,3491.0,5.716
3456,3493.0,5.917
3457,3494.0,6.763
3458,3495.0,6.601
3459,3496.0,6.199
3460,3497.0,5.998
3461,3498.0,5.877
3462,3499.0,5.756
3463,3500.0,6.561
3464,3501.0,6.924
3465,3502.0,6.601
3466,3503.0,6.078
3467,3504.0,6.038
3468,3505.0,5.837
3469,3506.0,5.716
3470,3507.0,6.521
3471,3508.0,7.044
3472,3509.0,6.561
3473,3510.0,6.199
3474,3511.0,5.998
3475,3512.0,5.877
3476,3513.0,5.716
3477,3514.0,6.038
3478,3515.0,6.642
3479,3516.0,6.803
3480,3517.0,6.159
3481,3518.0,6.038
3482,3519.0,5.877
3483,3520.0,5.796
3484,3521.0,5.957
3485,3522.0,6.722
3486,3523.0,6.722
3487,3524.0,6.199
3488,3525.0,5.998
3489,3526.0,5.877
3490,3527.0,5.756
3491,3528.0,5.917
3492,3529.0,6.924
3493,3530.0,6.722
3494,3531.0,6.32
3495,3532.0,5.998
3496,3533.0,5.917
3497,3534.0,5.716
3498,3535.0,5.917
3499,3536.0,7.004
3500,3537.0,6.843
3501,3538.0,6.279
3502,3539.0,5.998
3503,3540.0,5.917
3504,3541.0,5.756
3505,3542.0,5.957
3506,3543.0,7.234
3507,3544.0,6.763
3508,3545.0,6.4
3509,3546.0,6.038
3510,3547.0,5.998
3511,3548.0,5.716
3512,3549.0,5.676
3513,3550.0,5.877
3514,3551.0,6.883
3515,3552.0,6.682
3516,3553.0,6.32
3517,3554.0,6.078
3518,3555.0,5.917
3519,3556.0,5.716
3520,3557.0,5.917
3521,3558.0,6.722
3522,3559.0,6.722
3523,3560.0,6.199
3524,3561.0,5.998
3525,3562.0,5.877
3526,3563.0,5.716
3527,3564.0,6.159
3528,3565.0,6.601
3529,3566.0,6.803
3530,3567.0,6.118
3531,3568.0,5.998
3532,3569.0,5.837
3533,3570.0,5.756
3534,3571.0,5.877
3535,3572.0,6.964
3536,3573.0,6.722
3537,3574.0,6.32
3538,3575.0,5.957
3539,3576.0,5.917
3540,3577.0,5.716
3541,3578.0,5.716
3542,3579.0,6.601
3543,3580.0,6.964
3544,3581.0,6.601
3545,3582.0,6.239
3546,3583.0,5.998
3547,3584.0,5.917
3548,3585.0,5.716
3549,3586.0,6.561
3550,3588.0,7.085
3551,3589.0,6.601
3552,3590.0,6.199
3553,3591.0,5.998
3554,3592.0,5.877
3555,3593.0,5.756
3556,3594.0,5.877
3557,3595.0,6.924
3558,3596.0,6.722
3559,3597.0,6.279
3560,3598.0,6.078
3561,3599.0,5.877
3562,3600.0,5.716
3563,3601.0,5.877
3564,3602.0,7.194
3565,3603.0,6.642
3566,3604.0,6.279
3567,3605.0,5.998
3568,3606.0,5.917
3569,3607.0,5.716
3570,3608.0,5.917
3571,3609.0,7.073
3572,3610.0,6.763
3573,3611.0,6.199
3574,3612.0,5.998
3575,3613.0,5.917
3576,3614.0,5.756
3577,3615.0,5.877
3578,3616.0,6.843
3579,3617.0,6.642
3580,3618.0,6.279
3581,3619.0,6.078
3582,3620.0,5.917
3583,3621.0,5.716
3584,3622.0,5.917
3585,3623.0,6.682
3586,3624.0,6.722
3587,3625.0,6.159
3588,3626.0,6.038
3589,3627.0,5.877
3590,3628.0,5.796
3591,3629.0,6.279
3592,3630.0,6.722
3593,3631.0,6.803
3594,3632.0,6.118
3595,3633.0,5.998
3596,3634.0,5.877
3597,3635.0,5.716
3598,3636.0,5.877
3599,3637.0,6.763
3600,3638.0,6.601
3601,3639.0,6.199
3602,3640.0,6.038
3603,3641.0,5.917
3604,3642.0,5.716
3605,3643.0,5.917
3606,3644.0,6.843
3607,3645.0,6.682
3608,3646.0,6.279
3609,3647.0,6.078
3610,3648.0,5.877
3611,3649.0,5.796
3612,3650.0,6.521
3613,3651.0,7.044
3614,3652.0,6.682
3615,3653.0,6.279
3616,3654.0,5.998
3617,3655.0,5.917
3618,3656.0,5.796
3619,3657.0,6.601
3620,3658.0,6.924
3621,3659.0,6.601
3622,3660.0,6.078
3623,3661.0,6.078
3624,3662.0,5.877
3625,3663.0,5.796
3626,3664.0,6.521
3627,3665.0,7.033
3628,3666.0,6.561
3629,3667.0,6.199
3630,3668.0,5.998
3631,3669.0,5.877
3632,3670.0,5.716
3633,3671.0,6.521
3634,3672.0,7.113
3635,3673.0,6.642
3636,3674.0,6.239
3637,3675.0,5.998
3638,3676.0,5.917
3639,3677.0,5.716
3640,3678.0,6.521
3641,3679.0,6.964
3642,3680.0,6.521
3643,3681.0,6.159
3644,3682.0,5.957
3645,3684.0,5.837
3646,3685.0,5.716
3647,3686.0,6.561
3648,3687.0,6.883
3649,3688.0,6.521
3650,3689.0,6.118
3651,3690.0,5.917
3652,3691.0,5.877
3653,3692.0,5.676
3654,3693.0,6.521
3655,3694.0,6.803
3656,3695.0,6.481
3657,3696.0,6.078
3658,3697.0,6.038
3659,3698.0,5.796
3660,3699.0,5.716
3661,3700.0,6.561
3662,3701.0,6.964
3663,3702.0,6.561
3664,3703.0,6.199
3665,3704.0,6.038
3666,3705.0,5.917
3667,3706.0,5.716
3668,3707.0,6.521
3669,3708.0,6.924
3670,3709.0,6.601
3671,3710.0,6.118
3672,3711.0,6.038
3673,3712.0,5.837
3674,3713.0,5.716
3675,3714.0,6.561
3676,3715.0,6.924
3677,3716.0,6.481
3678,3717.0,6.118
3679,3718.0,5.957
3680,3719.0,5.837
3681,3720.0,5.998
3682,3721.0,6.521
3683,3722.0,6.481
3684,3723.0,6.4
3685,3724.0,6.199
3686,3725.0,5.917
3687,3726.0,5.796
3688,3727.0,5.917
3689,3728.0,7.234
3690,3729.0,6.763
3691,3730.0,6.36
3692,3731.0,6.038
3693,3732.0,5.998
3694,3733.0,5.756
3695,3734.0,5.957
3696,3735.0,6.763
3697,3736.0,6.642
3698,3737.0,6.199
3699,3738.0,6.078
3700,3739.0,5.877
3701,3740.0,5.756
3702,3741.0,5.917
3703,3742.0,6.682
3704,3743.0,6.722
3705,3744.0,6.159
3706,3745.0,5.998
3707,3746.0,5.877
3708,3747.0,5.716
3709,3748.0,6.601
3710,3749.0,6.924
3711,3750.0,6.561
3712,3751.0,6.159
3713,3752.0,6.078
3714,3753.0,5.877
3715,3754.0,5.716
3716,3755.0,6.521
3717,3756.0,7.085
3718,3757.0,6.642
3719,3758.0,6.199
3720,3759.0,5.998
3721,3760.0,5.877
3722,3761.0,5.716
3723,3762.0,6.481
3724,3763.0,7.004
3725,3764.0,6.521
3726,3765.0,6.159
3727,3766.0,5.957
3728,3767.0,5.877
3729,3768.0,5.957
3730,3769.0,6.481
3731,3770.0,6.601
3732,3771.0,6.4
3733,3772.0,5.998
3734,3773.0,5.998
3735,3774.0,5.796
3736,3775.0,5.998
3737,3776.0,6.763
3738,3777.0,6.561
3739,3779.0,6.32
3740,3780.0,6.118
3741,3781.0,5.917
3742,3782.0,5.756
3743,3783.0,5.957
3744,3784.0,7.154
3745,3785.0,6.803
3746,3786.0,6.36
3747,3787.0,6.078
3748,3788.0,5.957
3749,3789.0,5.756
3750,3790.0,5.917
3751,3791.0,7.314
3752,3792.0,6.682
3753,3793.0,6.32
3754,3794.0,5.998
3755,3795.0,5.957
3756,3796.0,5.756
3757,3797.0,5.917
3758,3798.0,6.763
3759,3799.0,6.642
3760,3800.0,6.199
3761,3801.0,6.038
3762,3802.0,5.877
3763,3803.0,5.756
3764,3804.0,6.36
3765,3805.0,6.924
3766,3806.0,6.642
3767,3807.0,6.118
3768,3808.0,6.038
3769,3809.0,5.917
3770,3810.0,5.716
3771,3811.0,6.601
3772,3812.0,7.113
3773,3813.0,6.642
3774,3814.0,6.199
3775,3815.0,5.957
3776,3816.0,5.877
3777,3817.0,5.676
3778,3818.0,5.877
3779,3819.0,6.682
3780,3820.0,6.722
3781,3821.0,6.199
3782,3822.0,5.998
3783,3823.0,5.877
3784,3824.0,5.756
3785,3825.0,6.481
3786,3826.0,6.993
3787,3827.0,6.521
3788,3828.0,6.159
3789,3829.0,5.957
3790,3830.0,5.877
3791,3831.0,5.716
3792,3832.0,6.601
3793,3833.0,6.924
3794,3834.0,6.521
3795,3835.0,6.118
3796,3836.0,5.957
3797,3837.0,5.837
3798,3838.0,5.877
3799,3839.0,6.44
3800,3840.0,6.722
3801,3841.0,6.44
3802,3842.0,6.118
3803,3843.0,5.998
3804,3844.0,5.837
3805,3845.0,5.676
3806,3846.0,6.601
3807,3847.0,7.113
3808,3848.0,6.682
3809,3849.0,6.199
3810,3850.0,5.957
3811,3851.0,5.877
3812,3852.0,5.957
3813,3853.0,6.481
3814,3854.0,6.642
3815,3855.0,6.4
3816,3856.0,5.998
3817,3857.0,5.957
3818,3858.0,5.796
3819,3859.0,5.998
3820,3860.0,6.4
3821,3861.0,6.561
3822,3862.0,6.44
3823,3863.0,6.078
3824,3864.0,5.917
3825,3865.0,5.796
3826,3866.0,5.917
3827,3867.0,7.194
3828,3868.0,6.763
3829,3869.0,6.4
3830,3870.0,6.038
3831,3871.0,5.957
3832,3873.0,5.716
3833,3874.0,5.957
3834,3875.0,7.125
3835,3876.0,6.843
3836,3877.0,6.36
3837,3878.0,6.118
3838,3879.0,5.957
3839,3880.0,5.796
3840,3881.0,5.957
3841,3882.0,6.843
3842,3883.0,6.601
3843,3884.0,6.36
3844,3885.0,6.118
3845,3886.0,5.957
3846,3887.0,5.756
3847,3888.0,5.957
3848,3889.0,6.924
3849,3890.0,6.682
3850,3891.0,6.279
3851,3892.0,6.118
3852,3893.0,5.998
3853,3894.0,5.716
3854,3895.0,5.676
3855,3896.0,6.038
3856,3897.0,6.642
3857,3898.0,6.763
3858,3899.0,6.159
3859,3900.0,5.998
3860,3901.0,5.877
3861,3902.0,5.716
3862,3903.0,6.601
3863,3904.0,6.924
3864,3905.0,6.601
3865,3906.0,6.159
3866,3907.0,6.078
3867,3908.0,5.877
3868,3909.0,5.716
3869,3910.0,6.561
3870,3911.0,6.964
3871,3912.0,6.481
3872,3913.0,6.159
3873,3914.0,5.957
3874,3915.0,5.877
3875,3916.0,5.917
3876,3917.0,6.481
3877,3918.0,6.722
3878,3919.0,6.44
3879,3920.0,5.998
3880,3921.0,5.998
3881,3922.0,5.796
3882,3923.0,5.957
3883,3924.0,6.44
3884,3925.0,6.521
3885,3926.0,6.4
3886,3927.0,6.118
3887,3928.0,5.917
3888,3929.0,5.756
3889,3930.0,5.917
3890,3931.0,6.561
3891,3932.0,6.481
3892,3933.0,6.36
3893,3934.0,6.199
3894,3935.0,5.877
3895,3936.0,5.756
3896,3937.0,5.917
3897,3938.0,7.274
3898,3939.0,6.803
3899,3940.0,6.36
3900,3941.0,6.078
3901,3942.0,5.957
3902,3943.0,5.716
3903,3944.0,5.716
3904,3945.0,6.481
3905,3946.0,6.803
3906,3947.0,6.481
3907,3948.0,6.078
3908,3949.0,6.078
3909,3950.0,5.837
3910,3951.0,5.957
3911,3952.0,6.481
3912,3953.0,6.561
3913,3954.0,6.521
3914,3955.0,6.038
3915,3956.0,5.957
3916,3957.0,5.796
3917,3958.0,5.957
3918,3959.0,6.601
3919,3960.0,6.561
3920,3961.0,6.4
3921,3962.0,6.199
3922,3963.0,5.917
3923,3964.0,5.756
3924,3965.0,5.917
3925,3966.0,7.274
3926,3968.0,6.722
3927,3969.0,6.32
3928,3970.0,6.038
3929,3971.0,5.917
3930,3972.0,5.756
3931,3973.0,5.917
3932,3974.0,7.234
3933,3975.0,6.642
3934,3976.0,6.279
3935,3977.0,5.998
3936,3978.0,5.917
3937,3979.0,5.716
3938,3980.0,5.957
3939,3981.0,7.274
3940,3982.0,6.682
3941,3983.0,6.279
3942,3984.0,6.038
3943,3985.0,5.917
3944,3986.0,5.796
3945,3987.0,5.957
3946,3988.0,6.481
3947,3989.0,6.601
3948,3990.0,6.44
3949,3991.0,5.998
3950,3992.0,5.998
3951,3993.0,5.796
3952,3994.0,5.957
3953,3995.0,7.274
3954,3996.0,6.682
3955,3997.0,6.32
3956,3998.0,6.038
3957,3999.0,5.917
3958,4000.0,5.796
3959,4001.0,5.957
3960,4002.0,7.125
3961,4003.0,6.843
3962,4004.0,6.4
3963,4005.0,6.118
3964,4006.0,5.957
3965,4007.0,5.756
3966,4008.0,5.957
3967,4009.0,6.44
3968,4010.0,6.561
3969,4011.0,6.481
3970,4012.0,6.078
3971,4013.0,5.957
3972,4014.0,5.796
3973,4015.0,5.837
3974,4016.0,6.44
3975,4017.0,6.763
3976,4018.0,6.4
3977,4019.0,6.078
3978,4020.0,5.957
3979,4021.0,5.837
3980,4022.0,5.837
3981,4023.0,6.561
3982,4024.0,6.722
3983,4025.0,6.521
3984,4026.0,6.038
3985,4027.0,5.998
3986,4028.0,5.796
3987,4029.0,5.877
3988,4030.0,6.44
3989,4031.0,6.682
3990,4032.0,6.4
3991,4033.0,6.038
3992,4034.0,5.957
3993,4035.0,5.796
3994,4036.0,5.957
3995,4037.0,6.44
3996,4038.0,6.561
3997,4039.0,6.4
3998,4040.0,6.118
3999,4041.0,5.917
4000,4042.0,5.796
4001,4043.0,5.957
4002,4044.0,6.44
4003,4045.0,6.601
4004,4046.0,6.36
4005,4047.0,5.998
4006,4048.0,5.957
4007,4049.0,5.796
4008,4050.0,5.957
4009,4051.0,6.481
4010,4052.0,6.521
4011,4053.0,6.4
4012,4054.0,6.199
4013,4055.0,5.917
4014,4056.0,5.837
4015,4057.0,5.917
4016,4058.0,6.481
4017,4059.0,6.682
4018,4060.0,6.44
4019,4061.0,6.038
4020,4063.0,5.998
4021,4064.0,5.796
4022,4065.0,5.917
4023,4066.0,6.803
4024,4067.0,6.642
4025,4068.0,6.239
4026,4069.0,6.038
4027,4070.0,5.877
4028,4071.0,5.756
4029,4072.0,5.917
4030,4073.0,6.763
4031,4074.0,6.642
4032,4075.0,6.199
4033,4076.0,6.038
4034,4077.0,5.877
4035,4078.0,5.716
4036,4079.0,6.239
4037,4080.0,6.642
4038,4081.0,6.763
4039,4082.0,6.118
4040,4083.0,5.957
4041,4084.0,5.877
4042,4085.0,5.716
4043,4086.0,6.561
4044,4087.0,6.832
4045,4088.0,6.601
4046,4089.0,6.118
4047,4090.0,5.957
4048,4091.0,5.837
4049,4092.0,5.877
4050,4093.0,6.481
4051,4094.0,6.763
4052,4095.0,6.44
4053,4096.0,6.078
4054,4097.0,5.957
4055,4098.0,5.837
4056,4099.0,5.676
4057,4100.0,6.521
4058,4101.0,6.722
4059,4102.0,6.481
4060,4103.0,6.078
4061,4104.0,6.038
4062,4105.0,5.796
4063,4106.0,5.877
4064,4107.0,6.481
4065,4108.0,6.682
4066,4109.0,6.4
4067,4110.0,5.998
4068,4111.0,5.998
4069,4112.0,5.796
4070,4113.0,5.716
4071,4114.0,6.521
4072,4115.0,6.803
4073,4116.0,6.521
4074,4117.0,6.118
4075,4118.0,5.998
4076,4119.0,5.837
4077,4120.0,5.676
4078,4121.0,6.32
4079,4122.0,6.722
4080,4123.0,6.722
4081,4124.0,6.118
4082,4125.0,5.998
4083,4126.0,5.837
4084,4127.0,5.716
4085,4128.0,6.199
4086,4129.0,6.682
4087,4130.0,6.763
4088,4131.0,6.159
4089,4132.0,5.957
4090,4133.0,5.917
4091,4134.0,5.716
4092,4135.0,6.521
4093,4136.0,6.883
4094,4137.0,6.601
4095,4138.0,6.078
4096,4139.0,6.038
4097,4140.0,5.837
4098,4141.0,5.676
4099,4142.0,6.601
4100,4143.0,6.964
4101,4144.0,6.642
4102,4145.0,6.239
4103,4146.0,5.998
4104,4147.0,5.917
4105,4148.0,5.716
4106,4149.0,6.481
4107,4150.0,6.763
4108,4151.0,6.521
4109,4152.0,6.078
4110,4153.0,6.038
4111,4154.0,5.837
4112,4155.0,5.676
4113,4156.0,6.521
4114,4158.0,6.763
4115,4159.0,6.521
4116,4160.0,6.078
4117,4161.0,6.038
4118,4162.0,5.796
4119,4163.0,5.957
4120,4164.0,6.44
4121,4165.0,6.642
4122,4166.0,6.36
4123,4167.0,6.038
4124,4168.0,5.957
4125,4169.0,5.877
4126,4170.0,5.957
4127,4171.0,6.642
4128,4172.0,6.481
4129,4173.0,6.36
4130,4174.0,6.159
4131,4175.0,5.877
4132,4176.0,5.756
4133,4177.0,5.957
4134,4178.0,6.44
4135,4179.0,6.521
4136,4180.0,6.481
4137,4181.0,5.998
4138,4182.0,5.957
4139,4183.0,5.796
4140,4184.0,5.957
4141,4185.0,7.194
4142,4186.0,6.763
4143,4187.0,6.4
4144,4188.0,6.078
4145,4189.0,5.957
4146,4190.0,5.796
4147,4191.0,5.917
4148,4192.0,7.314
4149,4193.0,6.722
4150,4194.0,6.36
4151,4195.0,6.038
4152,4196.0,5.998
4153,4197.0,5.756
4154,4198.0,5.957
4155,4199.0,7.154
4156,4200.0,6.682
4157,4201.0,6.279
4158,4202.0,6.078
4159,4203.0,5.957
4160,4204.0,5.796
4161,4205.0,5.917
4162,4206.0,7.085
4163,4207.0,6.763
4164,4208.0,6.239
4165,4209.0,5.998
4166,4210.0,5.917
4167,4211.0,5.756
4168,4212.0,5.676
4169,4213.0,6.561
4170,4214.0,6.843
4171,4215.0,6.561
4172,4216.0,6.118
4173,4217.0,5.957
4174,4218.0,5.837
4175,4219.0,5.716
4176,4220.0,6.521
4177,4221.0,6.964
4178,4222.0,6.521
4179,4223.0,6.159
4180,4224.0,5.957
4181,4225.0,5.877
4182,4226.0,5.716
4183,4227.0,6.521
4184,4228.0,6.763
4185,4229.0,6.521
4186,4230.0,6.078
4187,4231.0,6.038
4188,4232.0,5.837
4189,4233.0,6.038
4190,4234.0,6.44
4191,4235.0,6.682
4192,4236.0,6.36
4193,4237.0,6.038
4194,4238.0,5.957
4195,4239.0,5.877
4196,4240.0,5.917
4197,4241.0,6.481
4198,4242.0,6.682
4199,4243.0,6.4
4200,4244.0,5.998
4201,4245.0,5.957
4202,4246.0,5.796
4203,4247.0,5.635
4204,4248.0,6.118
4205,4249.0,6.601
4206,4250.0,6.803
4207,4252.0,6.118
4208,4253.0,5.957
4209,4254.0,5.877
4210,4255.0,5.716
4211,4256.0,6.521
4212,4257.0,6.924
4213,4258.0,6.601
4214,4259.0,6.078
4215,4260.0,6.038
4216,4261.0,5.877
4217,4262.0,5.716
4218,4263.0,6.561
4219,4264.0,7.125
4220,4265.0,6.642
4221,4266.0,6.199
4222,4267.0,5.998
4223,4268.0,5.877
4224,4269.0,5.716
4225,4270.0,6.521
4226,4271.0,7.004
4227,4272.0,6.521
4228,4273.0,6.199
4229,4274.0,5.957
4230,4275.0,5.917
4231,4276.0,5.756
4232,4277.0,6.521
4233,4278.0,6.722
4234,4279.0,6.481
4235,4280.0,6.038
4236,4281.0,5.957
4237,4282.0,5.796
4238,4283.0,5.957
4239,4284.0,6.44
4240,4285.0,6.561
4241,4286.0,6.44
4242,4287.0,5.957
4243,4288.0,5.957
4244,4289.0,5.756
4245,4290.0,5.917
4246,4291.0,6.44
4247,4292.0,6.601
4248,4293.0,6.4
4249,4294.0,5.998
4250,4295.0,5.917
4251,4296.0,5.796
4252,4297.0,5.917
4253,4298.0,6.642
4254,4299.0,6.481
4255,4300.0,6.4
4256,4301.0,6.199
4257,4302.0,5.917
4258,4303.0,5.756
4259,4304.0,5.957
4260,4305.0,6.964
4261,4306.0,6.763
4262,4307.0,6.279
4263,4308.0,6.159
4264,4309.0,5.998
4265,4310.0,5.796
4266,4311.0,5.917
4267,4312.0,7.314
4268,4313.0,6.682
4269,4314.0,6.32
4270,4315.0,6.038
4271,4316.0,5.957
4272,4317.0,5.756
4273,4318.0,5.957
4274,4319.0,6.4
4275,4320.0,6.561
4276,4321.0,6.44
4277,4322.0,5.998
4278,4323.0,5.957
4279,4324.0,5.756
4280,4325.0,5.957
4281,4326.0,6.763
4282,4327.0,6.561
4283,4328.0,6.32
4284,4329.0,6.118
4285,4330.0,5.957
4286,4331.0,5.756
4287,4332.0,5.917
4288,4333.0,7.314
4289,4334.0,6.763
4290,4335.0,6.36
4291,4336.0,6.038
4292,4337.0,5.957
4293,4338.0,5.716
4294,4339.0,5.957
4295,4340.0,7.004
4296,4341.0,6.803
4297,4342.0,6.279
4298,4343.0,6.118
4299,4344.0,5.957
4300,4345.0,5.796
4301,4347.0,5.917
4302,4348.0,7.274
4303,4349.0,6.763
4304,4350.0,6.4
4305,4351.0,6.038
4306,4352.0,5.998
4307,4353.0,5.716
4308,4354.0,5.957
4309,4355.0,6.4
4310,4356.0,6.521
4311,4357.0,6.44
4312,4358.0,6.078
4313,4359.0,5.917
4314,4360.0,5.796
4315,4361.0,5.917
4316,4362.0,6.763
4317,4363.0,6.561
4318,4364.0,6.32
4319,4365.0,6.118
4320,4366.0,5.957
4321,4367.0,5.756
4322,4368.0,5.917
4323,4369.0,6.803
4324,4370.0,6.561
4325,4371.0,6.32
4326,4372.0,6.118
4327,4373.0,5.998
4328,4374.0,5.756
4329,4375.0,5.957
4330,4376.0,7.314
4331,4377.0,6.722
4332,4378.0,6.32
4333,4379.0,6.078
4334,4380.0,5.957
4335,4381.0,5.796
4336,4382.0,5.877
4337,4383.0,7.355
4338,4384.0,6.722
4339,4385.0,6.36
4340,4386.0,6.038
4341,4387.0,5.998
4342,4388.0,5.756
4343,4389.0,5.957
4344,4390.0,7.085
4345,4391.0,6.763
4346,4392.0,6.239
4347,4393.0,5.998
4348,4394.0,5.917
4349,4395.0,5.756
4350,4396.0,5.957
4351,4397.0,7.194
4352,4398.0,6.642
4353,4399.0,6.279
4354,4400.0,5.998
4355,4401.0,5.917
4356,4402.0,5.756
4357,4403.0,5.917
4358,4404.0,7.274
4359,4405.0,6.682
4360,4406.0,6.32
4361,4407.0,6.038
4362,4408.0,5.957
4363,4409.0,5.756
4364,4410.0,5.917
4365,4411.0,6.722
4366,4412.0,6.763
4367,4413.0,6.199
4368,4414.0,6.038
4369,4415.0,5.877
4370,4416.0,5.756
4371,4417.0,6.44
4372,4418.0,6.924
4373,4419.0,6.642
4374,4420.0,6.078
4375,4421.0,6.038
4376,4422.0,5.877
4377,4423.0,5.756
4378,4424.0,6.521
4379,4425.0,6.763
4380,4426.0,6.481
4381,4427.0,6.038
4382,4428.0,5.998
4383,4429.0,5.796
4384,4430.0,5.957
4385,4431.0,6.44
4386,4432.0,6.521
4387,4433.0,6.44
4388,4434.0,6.118
4389,4435.0,5.917
4390,4436.0,5.756
4391,4437.0,5.957
4392,4438.0,6.803
4393,4439.0,6.601
4394,4440.0,6.32
4395,4442.0,6.118
4396,4443.0,5.998
4397,4444.0,5.796
4398,4445.0,5.917
4399,4446.0,7.154
4400,4447.0,6.682
4401,4448.0,6.279
4402,4449.0,5.998
4403,4450.0,5.957
4404,4451.0,5.756
4405,4452.0,5.917
4406,4453.0,6.883
4407,4454.0,6.763
4408,4455.0,6.279
4409,4456.0,6.118
4410,4457.0,5.877
4411,4458.0,5.796
4412,4459.0,5.957
4413,4460.0,6.924
4414,4461.0,6.682
4415,4462.0,6.32
4416,4463.0,6.078
4417,4464.0,5.917
4418,4465.0,5.716
4419,4466.0,6.199
4420,4467.0,6.601
4421,4468.0,6.763
4422,4469.0,6.118
4423,4470.0,5.957
4424,4471.0,5.917
4425,4472.0,5.716
4426,4473.0,6.4
4427,4474.0,6.883
4428,4475.0,6.642
4429,4476.0,6.038
4430,4477.0,6.078
4431,4478.0,5.877
4432,4479.0,5.716
4433,4480.0,5.877
4434,4481.0,6.803
4435,4482.0,6.601
4436,4483.0,6.239
4437,4484.0,6.078
4438,4485.0,5.877
4439,4486.0,5.716
4440,4487.0,6.36
4441,4488.0,6.803
4442,4489.0,6.722
4443,4490.0,6.078
4444,4491.0,6.038
4445,4492.0,5.837
4446,4493.0,5.756
4447,4494.0,6.561
4448,4495.0,7.073
4449,4496.0,6.682
4450,4497.0,6.279
4451,4498.0,5.998
4452,4499.0,5.917
4453,4500.0,5.676
4454,4501.0,6.521
4455,4502.0,6.803
4456,4503.0,6.521
4457,4504.0,6.078
4458,4505.0,5.998
4459,4506.0,5.837
4460,4507.0,5.957
4461,4508.0,6.44
4462,4509.0,6.601
4463,4510.0,6.44
4464,4511.0,5.998
4465,4512.0,5.957
4466,4513.0,5.796
4467,4514.0,5.957
4468,4515.0,6.44
4469,4516.0,6.682
4470,4517.0,6.36
4471,4518.0,6.038
4472,4519.0,5.957
4473,4520.0,5.837
4474,4521.0,5.957
4475,4522.0,6.763
4476,4523.0,6.521
4477,4524.0,6.36
4478,4525.0,6.159
4479,4526.0,5.957
4480,4527.0,5.756
4481,4528.0,5.998
4482,4529.0,6.682
4483,4530.0,6.521
4484,4531.0,6.36
4485,4532.0,6.199
4486,4533.0,5.877
4487,4534.0,5.837
4488,4535.0,5.957
4489,4537.0,7.004
4490,4538.0,6.722
4491,4539.0,6.279
4492,4540.0,6.118
4493,4541.0,5.957
4494,4542.0,5.756
4495,4543.0,5.917
4496,4544.0,7.234
4497,4545.0,6.601
4498,4546.0,6.279
4499,4547.0,5.998
4500,4548.0,5.917
4501,4549.0,5.716
4502,4550.0,5.917
4503,4551.0,6.993
4504,4552.0,6.843
4505,4553.0,6.279
4506,4554.0,5.957
4507,4555.0,5.917
4508,4556.0,5.756
4509,4557.0,5.877
4510,4558.0,6.843
4511,4559.0,6.642
4512,4560.0,6.239
4513,4561.0,6.038
4514,4562.0,5.917
4515,4563.0,5.756
4516,4564.0,5.957
4517,4565.0,7.085
4518,4566.0,6.763
4519,4567.0,6.239
4520,4568.0,6.038
4521,4569.0,5.917
4522,4570.0,5.796
4523,4571.0,5.877
4524,4572.0,6.803
4525,4573.0,6.601
4526,4574.0,6.239
4527,4575.0,6.038
4528,4576.0,5.877
4529,4577.0,5.756
4530,4578.0,6.159
4531,4579.0,6.763
4532,4580.0,7.044
4533,4581.0,6.4
4534,4582.0,6.239
4535,4583.0,6.159
4536,4584.0,5.716
4537,4585.0,6.038
4538,4586.0,6.642
4539,4587.0,6.803
4540,4588.0,6.159
4541,4589.0,5.998
4542,4590.0,5.877
4543,4591.0,5.756
4544,4592.0,6.038
4545,4593.0,6.964
4546,4594.0,6.722
4547,4595.0,6.279
4548,4596.0,6.078
4549,4597.0,5.917
4550,4598.0,5.716
4551,4599.0,5.917
4552,4600.0,6.993
4553,4601.0,6.843
4554,4602.0,6.279
4555,4603.0,5.998
4556,4604.0,5.917
4557,4605.0,5.837
4558,4606.0,5.917
4559,4607.0,7.073
4560,4608.0,6.803
4561,4609.0,6.239
4562,4610.0,5.957
4563,4611.0,5.917
4564,4612.0,5.756
4565,4613.0,5.635
4566,4614.0,6.561
4567,4615.0,6.924
4568,4616.0,6.521
4569,4617.0,6.159
4570,4618.0,5.917
4571,4619.0,5.877
4572,4620.0,5.756
4573,4621.0,6.481
4574,4622.0,6.763
4575,4623.0,6.481
4576,4624.0,6.038
4577,4625.0,5.957
4578,4626.0,5.837
4579,4627.0,5.957
4580,4628.0,6.44
4581,4629.0,6.642
4582,4630.0,6.4
4583,4632.0,5.998
4584,4633.0,5.957
4585,4634.0,5.837
4586,4635.0,5.957
4587,4636.0,6.44
4588,4637.0,6.682
4589,4638.0,6.4
4590,4639.0,6.078
4591,4640.0,5.957
4592,4641.0,5.837
4593,4642.0,5.998
4594,4643.0,6.763
4595,4644.0,6.521
4596,4645.0,6.36
4597,4646.0,6.159
4598,4647.0,5.917
4599,4648.0,5.756
4600,4649.0,5.917
4601,4650.0,7.194
4602,4651.0,6.803
4603,4652.0,6.4
4604,4653.0,6.038
4605,4654.0,5.957
4606,4655.0,5.756
4607,4656.0,5.917
4608,4657.0,7.274
4609,4658.0,6.763
4610,4659.0,6.32
4611,4660.0,6.038
4612,4661.0,5.957
4613,4662.0,5.756
4614,4663.0,5.917
4615,4664.0,7.154
4616,4665.0,6.803
4617,4666.0,6.4
4618,4667.0,6.078
4619,4668.0,5.998
4620,4669.0,5.756
4621,4670.0,5.917
4622,4671.0,6.924
4623,4672.0,6.803
4624,4673.0,6.32
4625,4674.0,5.998
4626,4675.0,5.917
4627,4676.0,5.756
4628,4677.0,5.917
4629,4678.0,6.964
4630,4679.0,6.722
4631,4680.0,6.36
4632,4681.0,5.998
4633,4682.0,5.957
4634,4683.0,5.716
4635,4684.0,5.877
4636,4685.0,6.682
4637,4686.0,6.722
4638,4687.0,6.199
4639,4688.0,5.998
4640,4689.0,5.877
4641,4690.0,5.716
4642,4691.0,6.36
4643,4692.0,6.843
4644,4693.0,6.682
4645,4694.0,6.078
4646,4695.0,6.038
4647,4696.0,5.837
4648,4697.0,5.716
4649,4698.0,6.561
4650,4699.0,7.154
4651,4700.0,6.642
4652,4701.0,6.239
4653,4702.0,5.957
4654,4703.0,5.877
4655,4704.0,5.716
4656,4705.0,6.44
4657,4706.0,6.883
4658,4707.0,6.682
4659,4708.0,6.078
4660,4709.0,6.078
4661,4710.0,5.837
4662,4711.0,5.756
4663,4712.0,6.561
4664,4713.0,6.993
4665,4714.0,6.601
4666,4715.0,6.239
4667,4716.0,5.998
4668,4717.0,5.917
4669,4718.0,5.716
4670,4719.0,6.521
4671,4720.0,6.924
4672,4721.0,6.601
4673,4722.0,6.078
4674,4723.0,6.038
4675,4724.0,5.837
4676,4725.0,5.716
4677,4727.0,6.36
4678,4728.0,6.722
4679,4729.0,6.722
4680,4730.0,6.118
4681,4731.0,5.998
4682,4732.0,5.837
4683,4733.0,5.716
4684,4734.0,6.44
4685,4735.0,6.872
4686,4736.0,6.642
4687,4737.0,6.078
4688,4738.0,5.957
4689,4739.0,5.877
4690,4740.0,5.716
4691,4741.0,6.561
4692,4742.0,7.113
4693,4743.0,6.682
4694,4744.0,6.239
4695,4745.0,6.038
4696,4746.0,5.917
4697,4747.0,5.756
4698,4748.0,6.521
4699,4749.0,7.113
4700,4750.0,6.601
4701,4751.0,6.239
4702,4752.0,5.998
4703,4753.0,5.877
4704,4754.0,5.756
4705,4755.0,6.561
4706,4756.0,6.924
4707,4757.0,6.521
4708,4758.0,6.159
4709,4759.0,5.957
4710,4760.0,5.877
4711,4761.0,5.676
4712,4762.0,5.917
4713,4763.0,6.843
4714,4764.0,6.722
4715,4765.0,6.279
4716,4766.0,6.038
4717,4767.0,5.917
4718,4768.0,5.756
4719,4769.0,5.676
4720,4770.0,6.561
4721,4771.0,6.964
4722,4772.0,6.521
4723,4773.0,6.159
4724,4774.0,5.998
4725,4775.0,5.877
4726,4776.0,5.716
4727,4777.0,6.118
4728,4778.0,6.642
4729,4779.0,6.803
4730,4780.0,6.159
4731,4781.0,5.998
4732,4782.0,5.917
4733,4783.0,5.676
4734,4784.0,5.917
4735,4785.0,6.44
4736,4786.0,6.682
4737,4787.0,6.4
4738,4788.0,5.998
4739,4789.0,5.957
4740,4790.0,5.796
4741,4791.0,5.716
4742,4792.0,6.521
4743,4793.0,7.154
4744,4794.0,6.642
4745,4795.0,6.199
4746,4796.0,5.957
4747,4797.0,5.877
4748,4798.0,5.756
4749,4799.0,6.481
4750,4800.0,6.722
4751,4801.0,6.481
4752,4802.0,6.078
4753,4803.0,5.998
4754,4804.0,5.837
4755,4805.0,5.998
4756,4806.0,6.44
4757,4807.0,6.682
4758,4808.0,6.36
4759,4809.0,6.038
4760,4810.0,5.957
4761,4811.0,5.837
4762,4812.0,5.957
4763,4813.0,6.481
4764,4814.0,6.601
4765,4815.0,6.44
4766,4816.0,5.998
4767,4817.0,5.998
4768,4818.0,5.796
4769,4820.0,5.998
4770,4821.0,6.481
4771,4822.0,6.521
4772,4823.0,6.4
4773,4824.0,6.118
4774,4825.0,5.917
4775,4826.0,5.756
4776,4827.0,5.957
4777,4828.0,6.601
4778,4829.0,6.44
4779,4830.0,6.36
4780,4831.0,6.199
4781,4832.0,5.877
4782,4833.0,5.796
4783,4834.0,5.917
4784,4835.0,7.154
4785,4836.0,6.803
4786,4837.0,6.4
4787,4838.0,6.078
4788,4839.0,5.957
4789,4840.0,5.756
4790,4841.0,5.957
4791,4842.0,7.234
4792,4843.0,6.763
4793,4844.0,6.36
4794,4845.0,6.078
4795,4846.0,5.957
4796,4847.0,5.796
4797,4848.0,5.917
4798,4849.0,7.314
4799,4850.0,6.722
4800,4851.0,6.36
4801,4852.0,6.038
4802,4853.0,5.998
4803,4854.0,5.756
4804,4855.0,5.957
4805,4856.0,6.964
4806,4857.0,6.763
4807,4858.0,6.32
4808,4859.0,5.957
4809,4860.0,5.917
4810,4861.0,5.716
4811,4862.0,5.917
4812,4863.0,6.883
4813,4864.0,6.722
4814,4865.0,6.279
4815,4866.0,6.078
4816,4867.0,5.877
4817,4868.0,5.716
4818,4869.0,6.038
4819,4870.0,6.642
4820,4871.0,6.763
4821,4872.0,6.159
4822,4873.0,5.957
4823,4874.0,5.917
4824,4875.0,5.716
4825,4876.0,6.521
4826,4877.0,6.883
4827,4878.0,6.642
4828,4879.0,6.078
4829,4880.0,6.078
4830,4881.0,5.837
4831,4882.0,5.756
4832,4883.0,6.279
4833,4884.0,6.722
4834,4885.0,6.722
4835,4886.0,6.159
4836,4887.0,5.957
4837,4888.0,5.917
4838,4889.0,5.716
4839,4890.0,6.601
4840,4891.0,6.964
4841,4892.0,6.601
4842,4893.0,6.159
4843,4894.0,5.998
4844,4895.0,5.917
4845,4896.0,5.716
4846,4897.0,6.521
4847,4898.0,6.803
4848,4899.0,6.561
4849,4900.0,6.078
4850,4901.0,5.957
4851,4902.0,5.837
4852,4903.0,5.917
4853,4904.0,6.44
4854,4905.0,6.682
4855,4906.0,6.4
4856,4907.0,6.038
4857,4908.0,5.957
4858,4909.0,5.796
4859,4910.0,5.917
4860,4911.0,7.004
4861,4912.0,6.763
4862,4913.0,6.32
4863,4915.0,6.078
4864,4916.0,5.998
4865,4917.0,5.756
4866,4918.0,5.957
4867,4919.0,7.274
4868,4920.0,6.722
4869,4921.0,6.32
4870,4922.0,6.078
4871,4923.0,5.957
4872,4924.0,5.837
4873,4925.0,5.917
4874,4926.0,6.993
4875,4927.0,6.763
4876,4928.0,6.32
4877,4929.0,5.957
4878,4930.0,5.917
4879,4931.0,5.756
4880,4932.0,5.917
4881,4933.0,7.154
4882,4934.0,6.722
4883,4935.0,6.239
4884,4936.0,5.998
4885,4937.0,5.917
4886,4938.0,5.756
4887,4939.0,5.917
4888,4940.0,7.154
4889,4941.0,6.682
4890,4942.0,6.239
4891,4943.0,5.998
4892,4944.0,5.917
4893,4945.0,5.756
4894,4946.0,5.957
4895,4947.0,6.763
4896,4948.0,6.521
4897,4949.0,6.36
4898,4950.0,6.159
4899,4951.0,5.957
4900,4952.0,5.756
4901,4953.0,5.957
4902,4954.0,7.314
4903,4955.0,6.763
4904,4956.0,6.32
4905,4957.0,6.078
4906,4958.0,5.917
4907,4959.0,5.796
4908,4960.0,5.917
4909,4961.0,7.234
4910,4962.0,6.763
4911,4963.0,6.36
4912,4964.0,6.038
4913,4965.0,5.957
4914,4966.0,5.756
4915,4967.0,5.917
4916,4968.0,7.073
4917,4969.0,6.803
4918,4970.0,6.239
4919,4971.0,5.957
4920,4972.0,5.917
4921,4973.0,5.716
4922,4974.0,5.917
4923,4975.0,6.722
4924,4976.0,6.722
4925,4977.0,6.199
4926,4978.0,6.038
4927,4979.0,5.877
4928,4980.0,5.716
4929,4981.0,6.36
4930,4982.0,6.924
4931,4983.0,6.642
4932,4984.0,6.078
4933,4985.0,6.038
4934,4986.0,5.877
4935,4987.0,5.716
4936,4988.0,6.561
4937,4989.0,7.033
4938,4990.0,6.601
4939,4991.0,6.159
4940,4992.0,5.998
4941,4993.0,5.837
4942,4994.0,5.756
4943,4995.0,6.521
4944,4996.0,7.033
4945,4997.0,6.561
4946,4998.0,6.159
4947,4999.0,5.957
4948,5000.0,5.877
4949,5001.0,5.716
4950,5002.0,6.521
4951,5003.0,7.033
4952,5004.0,6.521
4953,5005.0,6.159
4954,5006.0,5.957
4955,5007.0,5.877
4956,5008.0,5.756
4957,5010.0,6.521
4958,5011.0,6.803
4959,5012.0,6.561
4960,5013.0,6.118
4961,5014.0,5.957
4962,5015.0,5.837
4963,5016.0,5.796
4964,5017.0,6.44
4965,5018.0,6.763
4966,5019.0,6.44
4967,5020.0,6.078
4968,5021.0,5.957
4969,5022.0,5.837
4970,5023.0,5.676
4971,5024.0,6.561
4972,5025.0,6.803
4973,5026.0,6.601
4974,5027.0,6.078
4975,5028.0,5.998
4976,5029.0,5.837
4977,5030.0,5.877
4978,5031.0,6.481
4979,5032.0,6.682
4980,5033.0,6.44
4981,5034.0,6.038
4982,5035.0,5.998
4983,5036.0,5.837
4984,5037.0,5.957
4985,5038.0,6.4
4986,5039.0,6.601
4987,5040.0,6.4
4988,5041.0,5.998
4989,5042.0,5.957
4990,5043.0,5.796
4991,5044.0,5.957
4992,5045.0,6.561
4993,5046.0,6.481
4994,5047.0,6.4
4995,5048.0,6.159
4996,5049.0,5.917
4997,5050.0,5.796
4998,5051.0,5.957
4999,5052.0,7.234
5000,5053.0,6.682
5001,5054.0,6.279
5002,5055.0,6.038
5003,5056.0,5.917
5004,5057.0,5.796
5005,5058.0,5.917
5006,5059.0,7.355
5007,5060.0,6.722
5008,5061.0,6.36
5009,5062.0,6.038
5010,5063.0,5.998
5011,5064.0,5.716
5012,5065.0,5.877
5013,5066.0,6.964
5014,5067.0,6.763
5015,5068.0,6.32
5016,5069.0,5.957
5017,5070.0,5.917
5018,5071.0,5.756
5019,5072.0,5.957
5020,5073.0,7.234
5021,5074.0,6.763
5022,5075.0,6.32
5023,5076.0,6.078
5024,5077.0,5.957
5025,5078.0,5.756
5026,5079.0,5.917
5027,5080.0,7.073
5028,5081.0,6.803
5029,5082.0,6.32
5030,5083.0,6.078
5031,5084.0,5.998
5032,5085.0,5.756
5033,5086.0,5.998
5034,5087.0,6.4
5035,5088.0,6.561
5036,5089.0,6.44
5037,5090.0,6.118
5038,5091.0,5.917
5039,5092.0,5.837
5040,5093.0,5.957
5041,5094.0,6.763
5042,5095.0,6.521
5043,5096.0,6.4
5044,5097.0,6.159
5045,5098.0,5.957
5046,5099.0,5.756
5047,5100.0,5.917
5048,5101.0,7.154
5049,5102.0,6.803
5050,5103.0,6.4
5051,5105.0,6.038
5052,5106.0,5.957
5053,5107.0,5.756
5054,5108.0,5.957
5055,5109.0,6.763
5056,5110.0,6.561
5057,5111.0,6.32
5058,5112.0,6.159
5059,5113.0,5.917
5060,5114.0,5.756
5061,5115.0,5.957
5062,5116.0,6.44
5063,5117.0,6.601
5064,5118.0,6.4
5065,5119.0,5.998
5066,5120.0,5.998
5067,5121.0,5.796
5068,5122.0,5.998
5069,5123.0,6.44
5070,5124.0,6.561
5071,5125.0,6.4
5072,5126.0,6.159
5073,5127.0,5.917
5074,5128.0,5.837
5075,5129.0,5.917
5076,5130.0,6.924
5077,5131.0,6.601
5078,5132.0,6.36
5079,5133.0,6.118
5080,5134.0,5.998
5081,5135.0,5.756
5082,5136.0,5.917
5083,5137.0,7.274
5084,5138.0,6.682
5085,5139.0,6.279
5086,5140.0,5.998
5087,5141.0,5.957
5088,5142.0,5.756
5089,5143.0,5.957
5090,5144.0,6.964
5091,5145.0,6.763
5092,5146.0,6.279
5093,5147.0,6.118
5094,5148.0,5.957
5095,5149.0,5.756
5096,5150.0,5.877
5097,5151.0,7.194
5098,5152.0,6.642
5099,5153.0,6.279
5100,5154.0,5.998
5101,5155.0,5.957
5102,5156.0,5.716
5103,5157.0,5.917
5104,5158.0,6.924
5105,5159.0,6.763
5106,5160.0,6.32
5107,5161.0,6.078
5108,5162.0,5.957
5109,5163.0,5.756
5110,5164.0,5.877
5111,5165.0,6.803
5112,5166.0,6.601
5113,5167.0,6.279
5114,5168.0,6.038
5115,5169.0,5.877
5116,5170.0,5.756
5117,5171.0,6.561
5118,5172.0,6.913
5119,5173.0,6.481
5120,5174.0,6.159
5121,5175.0,5.917
5122,5176.0,5.877
5123,5177.0,5.796
5124,5178.0,6.481
5125,5179.0,6.722
5126,5180.0,6.44
5127,5181.0,6.038
5128,5182.0,5.998
5129,5183.0,5.796
5130,5184.0,5.917
5131,5185.0,6.44
5132,5186.0,6.682
5133,5187.0,6.4
5134,5188.0,6.038
5135,5189.0,5.957
5136,5190.0,5.796
5137,5191.0,5.957
5138,5192.0,6.44
5139,5193.0,6.601
5140,5194.0,6.4
5141,5195.0,5.998
5142,5196.0,5.998
5143,5197.0,5.796
5144,5198.0,6.038
5145,5200.0,6.44
5146,5201.0,6.642
5147,5202.0,6.4
5148,5203.0,5.998
5149,5204.0,5.957
5150,5205.0,5.796
5151,5206.0,5.957
5152,5207.0,6.44
5153,5208.0,6.561
5154,5209.0,6.481
5155,5210.0,5.998
5156,5211.0,5.917
5157,5212.0,5.756
5158,5213.0,5.917
5159,5214.0,6.803
5160,5215.0,6.561
5161,5216.0,6.32
5162,5217.0,6.118
5163,5218.0,5.957
5164,5219.0,5.756
5165,5220.0,5.957
5166,5221.0,6.44
5167,5222.0,6.642
5168,5223.0,6.4
5169,5224.0,6.038
5170,5225.0,5.957
5171,5226.0,5.837
5172,5227.0,5.957
5173,5228.0,6.763
5174,5229.0,6.521
5175,5230.0,6.36
5176,5231.0,6.159
5177,5232.0,5.957
5178,5233.0,5.756
5179,5234.0,5.998
5180,5235.0,7.194
5181,5236.0,6.843
5182,5237.0,6.36
5183,5238.0,6.078
5184,5239.0,5.957
5185,5240.0,5.756
5186,5241.0,5.917
5187,5242.0,7.274
5188,5243.0,6.722
5189,5244.0,6.32
5190,5245.0,6.038
5191,5246.0,5.957
5192,5247.0,5.756
5193,5248.0,5.957
5194,5249.0,6.642
5195,5250.0,6.481
5196,5251.0,6.36
5197,5252.0,6.159
5198,5253.0,5.917
5199,5254.0,5.756
5200,5255.0,5.957
5201,5256.0,7.154
5202,5257.0,6.803
5203,5258.0,6.4
5204,5259.0,6.078
5205,5260.0,5.957
5206,5261.0,5.796
5207,5262.0,5.917
5208,5263.0,7.234
5209,5264.0,6.642
5210,5265.0,6.32
5211,5266.0,6.038
5212,5267.0,5.957
5213,5268.0,5.716
5214,5269.0,5.957
5215,5270.0,6.924
5216,5271.0,6.763
5217,5272.0,6.279
5218,5273.0,6.078
5219,5274.0,5.877
5220,5275.0,5.716
5221,5276.0,5.877
5222,5277.0,6.722
5223,5278.0,6.642
5224,5279.0,6.199
5225,5280.0,5.998
5226,5281.0,5.877
5227,5282.0,5.756
5228,5283.0,5.716
5229,5284.0,6.481
5230,5285.0,6.722
5231,5286.0,6.521
5232,5287.0,6.078
5233,5288.0,5.998
5234,5289.0,5.837
5235,5290.0,5.796
5236,5291.0,6.481
5237,5292.0,6.763
5238,5293.0,6.481
5239,5295.0,6.118
5240,5296.0,5.998
5241,5297.0,5.877
5242,5298.0,5.957
5243,5299.0,6.481
5244,5300.0,6.642
5245,5301.0,6.4
5246,5302.0,5.998
5247,5303.0,5.998
5248,5304.0,5.837
5249,5305.0,6.038
5250,5306.0,6.44
5251,5307.0,6.642
5252,5308.0,6.36
5253,5309.0,6.038
5254,5310.0,5.957
5255,5311.0,5.837
5256,5312.0,5.957
5257,5313.0,7.044
5258,5314.0,6.722
5259,5315.0,6.279
5260,5316.0,6.118
5261,5317.0,5.957
5262,5318.0,5.756
5263,5319.0,5.917
5264,5320.0,7.274
5265,5321.0,6.722
5266,5322.0,6.32
5267,5323.0,6.078
5268,5324.0,5.957
5269,5325.0,5.756
5270,5326.0,5.917
5271,5327.0,7.194
5272,5328.0,6.642
5273,5329.0,6.279
5274,5330.0,6.078
5275,5331.0,5.998
5276,5332.0,5.796
5277,5333.0,5.917
5278,5334.0,7.113
5279,5335.0,6.763
5280,5336.0,6.239
5281,5337.0,5.998
5282,5338.0,5.957
5283,5339.0,5.716
5284,5340.0,5.957
5285,5341.0,6.913
5286,5342.0,6.803
5287,5343.0,6.32
5288,5344.0,6.038
5289,5345.0,5.877
5290,5346.0,5.716
5291,5347.0,5.917
5292,5348.0,6.924
5293,5349.0,6.722
5294,5350.0,6.279
5295,5351.0,6.078
5296,5352.0,5.877
5297,5353.0,5.756
5298,5354.0,5.877
5299,5355.0,6.722
5300,5356.0,6.682
5301,5357.0,6.199
5302,5358.0,5.998
5303,5359.0,5.877
5304,5360.0,5.716
5305,5361.0,6.32
5306,5362.0,6.722
5307,5363.0,6.722
5308,5364.0,6.078
5309,5365.0,5.957
5310,5366.0,5.837
5311,5367.0,5.756
5312,5368.0,6.32
5313,5369.0,6.843
5314,5370.0,6.682
5315,5371.0,6.118
5316,5372.0,5.957
5317,5373.0,5.917
5318,5374.0,5.716
5319,5375.0,6.601
5320,5376.0,7.004
5321,5377.0,6.722
5322,5378.0,6.239
5323,5379.0,5.998
5324,5380.0,5.917
5325,5381.0,5.716
5326,5382.0,6.561
5327,5383.0,6.964
5328,5384.0,6.642
5329,5385.0,6.199
5330,5386.0,5.998
5331,5387.0,5.877
5332,5388.0,5.716
5333,5390.0,6.561
5334,5391.0,6.964
5335,5392.0,6.601
5336,5393.0,6.199
5337,5394.0,5.998
5338,5395.0,5.917
5339,5396.0,5.676
5340,5397.0,6.521
5341,5398.0,7.044
5342,5399.0,6.601
5343,5400.0,6.159
5344,5401.0,5.998
5345,5402.0,5.877
5346,5403.0,5.756
5347,5404.0,6.521
5348,5405.0,7.004
5349,5406.0,6.521
5350,5407.0,6.159
5351,5408.0,5.957
5352,5409.0,5.877
5353,5410.0,5.716
5354,5411.0,6.561
5355,5412.0,6.803
5356,5413.0,6.561
5357,5414.0,6.078
5358,5415.0,5.957
5359,5416.0,5.837
5360,5417.0,5.957
5361,5418.0,6.44
5362,5419.0,6.642
5363,5420.0,6.4
5364,5421.0,5.998
5365,5422.0,5.957
5366,5423.0,5.796
5367,5424.0,5.957
5368,5425.0,6.44
5369,5426.0,6.521
5370,5427.0,6.4
5371,5428.0,6.118
5372,5429.0,5.917
5373,5430.0,5.796
5374,5431.0,5.957
5375,5432.0,6.924
5376,5433.0,6.682
5377,5434.0,6.32
5378,5435.0,6.118
5379,5436.0,5.998
5380,5437.0,5.756
5381,5438.0,5.957
5382,5439.0,6.763
5383,5440.0,6.561
5384,5441.0,6.36
5385,5442.0,6.199
5386,5443.0,5.917
5387,5444.0,5.796
5388,5445.0,5.957
5389,5446.0,7.044
5390,5447.0,6.763
5391,5448.0,6.279
5392,5449.0,6.118
5393,5450.0,5.957
5394,5451.0,5.756
5395,5452.0,5.957
5396,5453.0,7.234
5397,5454.0,6.763
5398,5455.0,6.36
5399,5456.0,6.038
5400,5457.0,5.957
5401,5458.0,5.716
5402,5459.0,5.917
5403,5460.0,7.194
5404,5461.0,6.642
5405,5462.0,6.279
5406,5463.0,6.038
5407,5464.0,5.917
5408,5465.0,5.756
5409,5466.0,5.917
5410,5467.0,7.234
5411,5468.0,6.642
5412,5469.0,6.279
5413,5470.0,5.998
5414,5471.0,5.957
5415,5472.0,5.716
5416,5473.0,5.957
5417,5474.0,7.274
5418,5475.0,6.763
5419,5476.0,6.32
5420,5477.0,6.078
5421,5478.0,5.957
5422,5479.0,5.837
5423,5480.0,5.676
5424,5481.0,6.521
5425,5482.0,6.763
5426,5483.0,6.481
5427,5485.0,6.078
5428,5486.0,5.998
5429,5487.0,5.796
5430,5488.0,5.676
5431,5489.0,6.561
5432,5490.0,6.924
5433,5491.0,6.601
5434,5492.0,6.078
5435,5493.0,6.038
5436,5494.0,5.837
5437,5495.0,5.716
5438,5496.0,6.521
5439,5497.0,7.113
5440,5498.0,6.601
5441,5499.0,6.199
5442,5500.0,5.957
5443,5501.0,5.877
5444,5502.0,5.676
5445,5503.0,6.561
5446,5504.0,6.883
5447,5505.0,6.601
5448,5506.0,6.118
5449,5507.0,5.957
5450,5508.0,5.837
5451,5509.0,5.796
5452,5510.0,6.481
5453,5511.0,6.763
5454,5512.0,6.44
5455,5513.0,6.078
5456,5514.0,5.957
5457,5515.0,5.877
5458,5516.0,5.716
5459,5517.0,6.601
5460,5518.0,6.924
5461,5519.0,6.561
5462,5520.0,6.159
5463,5521.0,5.998
5464,5522.0,5.917
5465,5523.0,5.756
5466,5524.0,6.038
5467,5525.0,6.642
5468,5526.0,6.763
5469,5527.0,6.159
5470,5528.0,5.998
5471,5529.0,5.877
5472,5530.0,5.716
5473,5531.0,6.199
5474,5532.0,6.642
5475,5533.0,6.763
5476,5534.0,6.118
5477,5535.0,5.998
5478,5536.0,5.877
5479,5537.0,5.676
5480,5538.0,5.917
5481,5539.0,7.274
5482,5540.0,6.682
5483,5541.0,6.279
5484,5542.0,6.038
5485,5543.0,5.917
5486,5544.0,5.796
5487,5545.0,5.957
5488,5546.0,6.682
5489,5547.0,6.44
5490,5548.0,6.4
5491,5549.0,6.159
5492,5550.0,5.957
5493,5551.0,5.796
5494,5552.0,5.957
5495,5553.0,7.085
5496,5554.0,6.843
5497,5555.0,6.36
5498,5556.0,6.078
5499,5557.0,5.957
5500,5558.0,5.756
5501,5559.0,5.917
5502,5560.0,6.924
5503,5561.0,6.722
5504,5562.0,6.279
5505,5563.0,6.118
5506,5564.0,5.957
5507,5565.0,5.756
5508,5566.0,5.998
5509,5567.0,6.44
5510,5568.0,6.561
5511,5569.0,6.481
5512,5570.0,5.998
5513,5571.0,5.957
5514,5572.0,5.756
5515,5573.0,5.998
5516,5574.0,6.4
5517,5575.0,6.561
5518,5576.0,6.44
5519,5577.0,6.078
5520,5578.0,5.917
5521,5580.0,5.796
5522,5581.0,5.957
5523,5582.0,6.843
5524,5583.0,6.601
5525,5584.0,6.36
5526,5585.0,6.118
5527,5586.0,5.998
5528,5587.0,5.756
5529,5588.0,5.917
5530,5589.0,7.125
5531,5590.0,6.722
5532,5591.0,6.239
5533,5592.0,5.998
5534,5593.0,5.917
5535,5594.0,5.716
5536,5595.0,5.917
5537,5596.0,6.964
5538,5597.0,6.722
5539,5598.0,6.32
5540,5599.0,5.957
5541,5600.0,5.877
5542,5601.0,5.716
5543,5602.0,5.877
5544,5603.0,7.044
5545,5604.0,6.843
5546,5605.0,6.279
5547,5606.0,5.957
5548,5607.0,5.917
5549,5608.0,5.716
5550,5609.0,5.917
5551,5610.0,6.803
5552,5611.0,6.682
5553,5612.0,6.239
5554,5613.0,6.078
5555,5614.0,5.877
5556,5615.0,5.756
5557,5616.0,5.917
5558,5617.0,6.722
5559,5618.0,6.722
5560,5619.0,6.239
5561,5620.0,5.998
5562,5621.0,5.917
5563,5622.0,5.716
5564,5623.0,6.118
5565,5624.0,6.642
5566,5625.0,6.803
5567,5626.0,6.118
5568,5627.0,5.998
5569,5628.0,5.877
5570,5629.0,5.716
5571,5630.0,6.239
5572,5631.0,6.642
5573,5632.0,6.763
5574,5633.0,6.118
5575,5634.0,5.957
5576,5635.0,5.837
5577,5636.0,5.716
5578,5637.0,6.561
5579,5638.0,7.004
5580,5639.0,6.682
5581,5640.0,6.279
5582,5641.0,5.998
5583,5642.0,5.957
5584,5643.0,5.716
5585,5644.0,6.561
5586,5645.0,6.803
5587,5646.0,6.601
5588,5647.0,6.078
5589,5648.0,5.957
5590,5649.0,5.837
5591,5650.0,5.917
5592,5651.0,6.44
5593,5652.0,6.722
5594,5653.0,6.4
5595,5654.0,6.038
5596,5655.0,5.957
5597,5656.0,5.837
5598,5657.0,5.796
5599,5658.0,6.44
5600,5659.0,6.682
5601,5660.0,6.4
5602,5661.0,6.038
5603,5662.0,5.957
5604,5663.0,5.796
5605,5664.0,5.917
5606,5665.0,6.521
5607,5666.0,6.481
5608,5667.0,6.4
5609,5668.0,6.199
5610,5669.0,5.917
5611,5670.0,5.756
5612,5671.0,5.957
5613,5672.0,6.722
5614,5674.0,6.521
5615,5675.0,6.32
5616,5676.0,6.159
5617,5677.0,5.917
5618,5678.0,5.796
5619,5679.0,5.957
5620,5680.0,6.44
5621,5681.0,6.561
5622,5682.0,6.521
5623,5683.0,5.998
5624,5684.0,5.998
5625,5685.0,5.796
5626,5686.0,5.957
5627,5687.0,7.154
5628,5688.0,6.843
5629,5689.0,6.4
5630,5690.0,6.118
5631,5691.0,5.957
5632,5692.0,5.796
5633,5693.0,5.917
5634,5694.0,7.274
5635,5695.0,6.682
5636,5696.0,6.279
5637,5697.0,6.038
5638,5698.0,5.917
5639,5699.0,5.756
5640,5700.0,5.877
5641,5701.0,6.924
5642,5702.0,6.722
5643,5703.0,6.32
5644,5704.0,5.998
5645,5705.0,5.917
5646,5706.0,5.716
5647,5707.0,5.917
5648,5708.0,6.803
5649,5709.0,6.642
5650,5710.0,6.239
5651,5711.0,6.078
5652,5712.0,5.877
5653,5713.0,5.716
5654,5714.0,5.957
5655,5715.0,6.682
5656,5716.0,6.44
5657,5717.0,6.4
5658,5718.0,6.159
5659,5719.0,5.917
5660,5720.0,5.756
5661,5721.0,5.957
5662,5722.0,7.125
5663,5723.0,6.883
5664,5724.0,6.36
5665,5725.0,6.118
5666,5726.0,5.957
5667,5727.0,5.796
5668,5728.0,5.917
5669,5729.0,7.234
5670,5730.0,6.642
5671,5731.0,6.279
5672,5732.0,6.038
5673,5733.0,5.917
5674,5734.0,5.796
5675,5735.0,5.957
5676,5736.0,6.44
5677,5737.0,6.521
5678,5738.0,6.44
5679,5739.0,6.118
5680,5740.0,5.917
5681,5741.0,5.796
5682,5742.0,5.796
5683,5743.0,6.44
5684,5744.0,6.763
5685,5745.0,6.44
5686,5746.0,6.038
5687,5747.0,5.998
5688,5748.0,5.796
5689,5749.0,5.796
5690,5750.0,6.601
5691,5751.0,6.924
5692,5752.0,6.561
5693,5753.0,6.118
5694,5754.0,5.957
5695,5755.0,5.837
5696,5756.0,5.756
5697,5757.0,6.561
5698,5758.0,7.154
5699,5759.0,6.642
5700,5760.0,6.279
5701,5761.0,5.998
5702,5762.0,5.877
5703,5763.0,5.716
5704,5764.0,6.521
5705,5765.0,7.085
5706,5766.0,6.601
5707,5767.0,6.199
5708,5768.0,5.957
5709,5770.0,5.877
5710,5771.0,5.676
5711,5772.0,6.561
5712,5773.0,6.883
5713,5774.0,6.561
5714,5775.0,6.118
5715,5776.0,5.957
5716,5777.0,5.837
5717,5778.0,5.716
5718,5779.0,6.561
5719,5780.0,6.883
5720,5781.0,6.601
5721,5782.0,6.118
5722,5783.0,5.917
5723,5784.0,5.877
5724,5785.0,5.676
5725,5786.0,6.601
5726,5787.0,6.924
5727,5788.0,6.521
5728,5789.0,6.118
5729,5790.0,5.998
5730,5791.0,5.837
5731,5792.0,5.716
5732,5793.0,5.917
5733,5794.0,7.004
5734,5795.0,6.803
5735,5796.0,6.32
5736,5797.0,5.957
5737,5798.0,5.917
5738,5799.0,5.756
5739,5800.0,5.957
5740,5801.0,6.883
5741,5802.0,6.642
5742,5803.0,6.32
5743,5804.0,6.118
5744,5805.0,5.998
5745,5806.0,5.756
5746,5807.0,5.957
5747,5808.0,6.481
5748,5809.0,6.642
5749,5810.0,6.36
5750,5811.0,5.998
5751,5812.0,6.038
5752,5813.0,5.796
5753,5814.0,5.716
5754,5815.0,6.561
5755,5816.0,6.763
5756,5817.0,6.521
5757,5818.0,6.078
5758,5819.0,6.038
5759,5820.0,5.837
5760,5821.0,5.917
5761,5822.0,6.481
5762,5823.0,6.722
5763,5824.0,6.4
5764,5825.0,6.078
5765,5826.0,5.998
5766,5827.0,5.877
5767,5828.0,6.561
5768,5829.0,5.917
5769,5830.0,5.877
5770,5831.0,5.796
5771,5832.0,5.756
5772,5833.0,5.676
