sample_index,elapsed_s,power_W
0,0.0,5.354
1,1.0,5.354
2,2.0,5.756
3,4.0,5.635
4,5.0,5.877
5,6.0,5.796
6,7.0,5.796
7,8.0,5.756
8,9.0,5.877
9,10.0,5.756
10,11.0,5.796
11,12.0,5.796
12,13.0,5.716
13,14.0,5.957
14,15.0,5.837
15,16.0,6.521
16,17.0,7.205
17,18.0,7.407
18,19.0,9.189
19,20.0,8.038
20,21.0,8.667
21,22.0,9.269
22,23.0,7.998
23,24.0,7.326
24,25.0,9.149
25,26.0,7.958
26,27.0,9.791
27,28.0,8.868
28,29.0,7.246
29,30.0,7.085
30,31.0,7.246
31,32.0,7.435
32,33.0,10.016
33,34.0,8.828
34,35.0,9.751
35,36.0,10.176
36,37.0,7.757
37,38.0,9.068
38,39.0,8.507
39,40.0,8.747
40,41.0,8.828
41,42.0,8.359
42,43.0,7.125
43,44.0,7.085
44,45.0,7.395
45,46.0,7.435
46,47.0,10.897
47,48.0,10.216
48,49.0,10.777
49,50.0,11.017
50,51.0,7.355
51,52.0,8.48
52,53.0,8.319
53,54.0,8.988
54,55.0,7.797
55,56.0,7.797
56,57.0,7.165
57,58.0,7.475
58,59.0,7.407
59,60.0,7.395
60,61.0,9.068
61,62.0,10.056
62,63.0,9.59
63,64.0,9.269
64,65.0,7.326
65,66.0,7.998
66,67.0,9.149
67,68.0,7.917
68,69.0,8.44
69,70.0,7.435
70,71.0,7.125
71,72.0,7.366
72,73.0,7.556
73,74.0,8.641
74,75.0,8.239
75,76.0,8.56
76,77.0,9.149
77,78.0,8.038
78,79.0,7.246
79,80.0,9.189
80,81.0,7.998
81,82.0,9.71
82,83.0,8.747
83,84.0,7.246
84,85.0,7.044
85,86.0,7.676
86,87.0,7.395
87,88.0,10.416
88,89.0,9.59
89,90.0,10.296
90,91.0,10.657
91,92.0,7.596
92,93.0,9.068
93,94.0,7.958
94,95.0,9.831
95,96.0,8.239
96,98.0,7.958
97,99.0,7.125
98,100.0,7.085
99,101.0,7.435
100,102.0,7.596
101,103.0,9.59
102,104.0,10.897
103,105.0,10.576
104,106.0,9.855
105,107.0,7.366
106,108.0,7.917
107,109.0,9.911
108,110.0,8.279
109,111.0,7.515
110,112.0,7.515
111,113.0,7.125
112,114.0,7.407
113,115.0,7.366
114,116.0,7.395
115,117.0,8.601
116,118.0,9.189
117,119.0,8.828
118,120.0,8.44
119,121.0,7.205
120,122.0,9.63
121,123.0,8.4
122,124.0,9.149
123,125.0,9.43
124,126.0,7.326
125,127.0,7.085
126,128.0,7.326
127,129.0,7.435
128,130.0,9.831
129,131.0,8.587
130,132.0,9.63
131,133.0,10.096
132,134.0,7.797
133,135.0,9.068
134,136.0,8.48
135,137.0,8.948
136,138.0,8.707
137,139.0,8.239
138,140.0,7.125
139,141.0,7.044
140,142.0,7.515
141,143.0,7.326
142,144.0,10.737
143,145.0,10.456
144,146.0,11.017
145,147.0,11.017
146,148.0,7.366
147,149.0,8.4
148,150.0,8.788
149,151.0,8.788
150,152.0,7.716
151,153.0,7.676
152,154.0,7.246
153,155.0,7.395
154,156.0,7.435
155,157.0,7.355
156,158.0,8.908
157,159.0,9.775
158,160.0,9.51
159,161.0,9.068
160,162.0,7.395
161,163.0,8.44
162,164.0,8.908
163,165.0,7.877
164,166.0,8.788
165,167.0,7.435
166,168.0,7.125
167,169.0,7.326
168,170.0,7.435
169,171.0,8.988
170,172.0,8.078
171,173.0,8.747
172,174.0,9.389
173,175.0,7.998
174,176.0,7.757
175,177.0,8.988
176,178.0,7.917
177,179.0,9.43
178,180.0,8.56
179,181.0,7.246
180,182.0,7.044
181,183.0,7.596
182,184.0,7.407
183,185.0,10.657
184,186.0,9.831
185,187.0,10.536
186,188.0,10.817
187,189.0,7.556
188,191.0,8.828
189,192.0,7.917
190,193.0,9.51
191,194.0,8.038
192,195.0,7.958
193,196.0,7.125
194,197.0,7.395
195,198.0,7.395
196,199.0,7.515
197,200.0,9.389
198,201.0,10.777
199,202.0,10.136
200,203.0,9.59
201,204.0,7.326
202,205.0,7.837
203,206.0,9.67
204,207.0,8.158
205,208.0,7.475
206,209.0,7.515
207,210.0,7.044
208,211.0,7.407
209,212.0,7.676
210,213.0,7.917
211,214.0,8.52
212,215.0,8.908
213,216.0,8.627
214,217.0,8.279
215,218.0,7.125
216,219.0,9.831
217,220.0,8.199
218,221.0,9.59
219,222.0,9.149
220,223.0,7.366
221,224.0,7.085
222,225.0,7.366
223,226.0,7.435
224,227.0,10.096
225,228.0,8.988
226,229.0,9.895
227,230.0,10.336
228,231.0,7.716
229,232.0,9.47
230,233.0,8.279
231,234.0,9.389
232,235.0,8.587
233,236.0,8.199
234,237.0,7.125
235,238.0,7.044
236,239.0,7.435
237,240.0,7.326
238,241.0,10.256
239,242.0,10.616
240,243.0,11.057
241,244.0,10.616
242,245.0,7.314
243,246.0,8.199
244,247.0,9.189
245,248.0,8.667
246,249.0,7.556
247,250.0,7.596
248,251.0,7.165
249,252.0,7.475
250,253.0,7.395
251,254.0,7.366
252,255.0,8.747
253,256.0,9.51
254,257.0,9.229
255,258.0,8.868
256,259.0,7.326
257,260.0,8.948
258,261.0,8.707
259,262.0,8.359
260,263.0,9.269
261,264.0,7.435
262,265.0,7.125
263,266.0,7.286
264,267.0,7.596
265,268.0,9.309
266,269.0,8.038
267,270.0,9.068
268,271.0,9.67
269,272.0,7.917
270,273.0,8.239
271,274.0,8.747
272,275.0,8.078
273,276.0,9.149
274,277.0,8.48
275,278.0,7.165
276,279.0,7.085
277,280.0,7.475
278,281.0,7.475
279,282.0,10.737
280,283.0,10.056
281,285.0,10.616
282,286.0,10.937
283,287.0,7.435
284,288.0,8.667
285,289.0,7.877
286,290.0,9.309
287,291.0,7.917
288,292.0,7.917
289,293.0,7.125
290,294.0,7.475
291,295.0,7.395
292,296.0,7.556
293,297.0,9.229
294,298.0,10.456
295,299.0,9.895
296,300.0,9.59
297,301.0,7.314
298,302.0,7.757
299,303.0,9.43
300,304.0,7.998
301,305.0,7.837
302,306.0,7.475
303,307.0,7.044
304,308.0,7.395
305,309.0,7.636
306,310.0,8.199
307,311.0,8.4
308,312.0,8.788
309,313.0,8.788
310,314.0,8.118
311,315.0,7.165
312,316.0,9.55
313,317.0,8.118
314,318.0,9.775
315,319.0,8.988
316,320.0,7.246
317,321.0,7.125
318,322.0,7.246
319,323.0,7.475
320,324.0,10.256
321,325.0,9.309
322,326.0,10.056
323,327.0,10.536
324,328.0,7.676
325,329.0,9.47
326,330.0,8.158
327,331.0,9.71
328,332.0,8.44
329,333.0,8.078
330,334.0,7.085
331,335.0,7.004
332,336.0,7.435
333,337.0,7.435
334,338.0,10.016
335,339.0,10.737
336,340.0,11.12
337,341.0,10.376
338,342.0,7.366
339,343.0,8.118
340,344.0,9.43
341,345.0,8.587
342,346.0,7.515
343,347.0,7.636
344,348.0,7.165
345,349.0,7.395
346,350.0,7.395
347,351.0,7.274
348,352.0,8.667
349,353.0,9.51
350,354.0,9.149
351,355.0,8.707
352,356.0,7.326
353,357.0,9.149
354,358.0,8.828
355,359.0,8.587
356,360.0,9.51
357,361.0,7.395
358,362.0,7.165
359,363.0,7.395
360,364.0,7.556
361,365.0,9.47
362,366.0,8.158
363,367.0,9.269
364,368.0,9.815
365,369.0,7.877
366,370.0,8.48
367,371.0,8.667
368,372.0,8.359
369,373.0,8.988
370,374.0,8.4
371,375.0,7.165
372,376.0,7.044
373,378.0,7.475
374,379.0,7.435
375,380.0,10.857
376,381.0,10.176
377,382.0,10.737
378,383.0,11.017
379,384.0,7.475
380,385.0,8.547
381,386.0,8.118
382,387.0,9.109
383,388.0,7.877
384,389.0,7.797
385,390.0,7.205
386,391.0,7.435
387,392.0,7.435
388,393.0,7.395
389,394.0,9.189
390,395.0,10.256
391,396.0,9.775
392,397.0,9.43
393,398.0,7.355
394,399.0,7.797
395,400.0,9.349
396,401.0,8.038
397,402.0,8.199
398,403.0,7.556
399,404.0,7.125
400,405.0,7.395
401,406.0,7.556
402,407.0,8.44
403,408.0,8.279
404,409.0,8.667
405,410.0,8.948
406,411.0,8.118
407,412.0,7.165
408,413.0,9.389
409,414.0,7.998
410,415.0,9.895
411,416.0,8.948
412,417.0,7.246
413,418.0,7.044
414,419.0,7.286
415,420.0,7.395
416,421.0,10.336
417,422.0,9.43
418,423.0,10.176
419,424.0,10.576
420,425.0,7.676
421,426.0,9.229
422,427.0,8.118
423,428.0,9.815
424,429.0,8.359
425,430.0,8.038
426,431.0,7.165
427,432.0,7.044
428,433.0,7.475
429,434.0,7.676
430,435.0,9.895
431,436.0,10.817
432,437.0,10.937
433,438.0,10.136
434,439.0,7.355
435,440.0,8.038
436,441.0,9.67
437,442.0,8.44
438,443.0,7.475
439,444.0,7.596
440,445.0,7.125
441,446.0,7.407
442,447.0,7.286
443,448.0,7.286
444,449.0,8.56
445,450.0,9.349
446,451.0,8.948
447,452.0,8.547
448,453.0,7.246
449,454.0,9.349
450,455.0,8.547
451,456.0,8.868
452,457.0,9.55
453,458.0,7.407
454,459.0,7.085
455,460.0,7.395
456,461.0,7.435
457,462.0,9.63
458,463.0,8.359
459,464.0,9.47
460,465.0,9.935
461,466.0,7.877
462,467.0,8.747
463,468.0,8.667
464,469.0,8.627
465,470.0,8.908
466,472.0,8.319
467,473.0,7.205
468,474.0,7.044
469,475.0,7.435
470,476.0,7.355
471,477.0,10.937
472,478.0,10.296
473,479.0,10.857
474,480.0,11.08
475,481.0,7.355
476,482.0,8.52
477,483.0,8.44
478,484.0,8.988
479,485.0,7.757
480,486.0,7.757
481,487.0,7.165
482,488.0,7.435
483,489.0,7.366
484,490.0,7.395
485,491.0,9.028
486,492.0,9.975
487,493.0,9.55
488,494.0,9.229
489,495.0,7.314
490,496.0,8.158
491,497.0,9.068
492,498.0,7.958
493,499.0,8.52
494,500.0,7.475
495,501.0,7.125
496,502.0,7.395
497,503.0,7.515
498,504.0,8.788
499,505.0,8.199
500,506.0,8.587
501,507.0,9.189
502,508.0,8.118
503,509.0,7.326
504,510.0,9.189
505,511.0,7.958
506,512.0,9.63
507,513.0,8.707
508,514.0,7.246
509,515.0,7.085
510,516.0,7.676
511,517.0,7.435
512,518.0,10.456
513,519.0,9.67
514,520.0,10.336
515,521.0,10.697
516,522.0,7.556
517,523.0,9.028
518,524.0,7.958
519,525.0,9.775
520,526.0,8.158
521,527.0,7.998
522,528.0,7.125
523,529.0,7.286
524,530.0,7.435
525,531.0,7.636
526,532.0,9.55
527,533.0,10.977
528,534.0,10.496
529,535.0,9.815
530,536.0,7.326
531,537.0,7.917
532,538.0,9.895
533,539.0,8.319
534,540.0,7.475
535,541.0,7.556
536,542.0,7.085
537,543.0,7.435
538,544.0,7.234
539,545.0,7.556
540,546.0,8.627
541,547.0,9.068
542,548.0,8.747
543,549.0,8.4
544,550.0,7.165
545,551.0,9.71
546,552.0,8.359
547,553.0,9.229
548,554.0,9.349
549,555.0,7.326
550,556.0,7.085
551,557.0,7.314
552,558.0,7.475
553,559.0,9.895
554,560.0,8.747
555,561.0,9.71
556,562.0,10.216
557,563.0,7.797
558,565.0,9.229
559,566.0,8.4
560,567.0,9.068
561,568.0,8.747
562,569.0,8.239
563,570.0,7.085
564,571.0,7.085
565,572.0,7.435
566,573.0,7.355
567,574.0,10.616
568,575.0,10.496
569,576.0,10.937
570,577.0,11.04
571,578.0,7.286
572,579.0,8.44
573,580.0,8.828
574,581.0,8.828
575,582.0,7.676
576,583.0,7.676
577,584.0,7.165
578,585.0,7.395
579,586.0,7.435
580,587.0,7.314
581,588.0,8.908
582,589.0,9.751
583,590.0,9.55
584,591.0,9.028
585,592.0,7.435
586,593.0,8.52
587,594.0,8.908
588,595.0,7.877
589,596.0,8.868
590,597.0,7.435
591,598.0,7.125
592,599.0,7.314
593,600.0,7.515
594,601.0,8.988
595,602.0,8.118
596,603.0,8.747
597,604.0,9.43
598,605.0,7.998
599,606.0,7.757
600,607.0,8.948
601,608.0,7.917
602,609.0,9.389
603,610.0,8.587
604,611.0,7.205
605,612.0,7.085
606,613.0,7.556
607,614.0,7.435
608,615.0,10.576
609,616.0,9.855
610,617.0,10.496
611,618.0,10.817
612,619.0,7.515
613,620.0,8.868
614,621.0,7.958
615,622.0,9.59
616,623.0,8.078
617,624.0,7.998
618,625.0,7.125
619,626.0,7.395
620,627.0,7.395
621,628.0,7.515
622,629.0,9.47
623,630.0,10.857
624,631.0,10.256
625,632.0,9.63
626,633.0,7.326
627,634.0,7.837
628,635.0,9.791
629,636.0,8.158
630,637.0,7.475
631,638.0,7.475
632,639.0,7.085
633,640.0,7.366
634,641.0,7.515
635,642.0,7.757
636,643.0,8.627
637,644.0,8.988
638,645.0,8.707
639,646.0,8.279
640,647.0,7.205
641,648.0,9.831
642,649.0,8.319
643,650.0,9.47
644,651.0,9.349
645,652.0,7.326
646,653.0,7.165
647,654.0,7.286
648,655.0,7.435
649,656.0,9.975
650,658.0,8.908
651,659.0,9.831
652,660.0,10.216
653,661.0,7.757
654,662.0,9.349
655,663.0,8.319
656,664.0,9.269
657,665.0,8.667
658,666.0,8.158
659,667.0,7.085
660,668.0,7.044
661,669.0,7.475
662,670.0,7.286
663,671.0,10.376
664,672.0,10.536
665,673.0,11.017
666,674.0,10.777
667,675.0,7.355
668,676.0,8.239
669,677.0,9.068
670,678.0,8.707
671,679.0,7.636
672,680.0,7.636
673,681.0,7.246
674,682.0,7.395
675,683.0,7.435
676,684.0,7.314
677,685.0,8.828
678,686.0,9.59
679,687.0,9.389
680,688.0,8.948
681,689.0,7.475
682,690.0,8.667
683,691.0,8.828
684,692.0,8.038
685,693.0,9.028
686,694.0,7.435
687,695.0,7.125
688,696.0,7.286
689,697.0,7.435
690,698.0,9.109
691,699.0,8.038
692,700.0,8.868
693,701.0,9.47
694,702.0,7.958
695,703.0,7.877
696,704.0,8.908
697,705.0,7.877
698,706.0,9.349
699,707.0,8.52
700,708.0,7.205
701,709.0,6.642
702,710.0,7.395
703,711.0,7.676
704,712.0,7.998
705,713.0,8.52
706,714.0,8.868
707,715.0,8.627
708,716.0,8.279
709,717.0,7.125
710,718.0,9.791
711,719.0,8.239
712,720.0,9.67
713,721.0,9.109
714,722.0,7.326
715,723.0,6.763
716,724.0,6.964
717,725.0,7.395
718,726.0,7.716
719,727.0,9.855
720,728.0,10.737
721,729.0,10.977
722,730.0,10.216
723,731.0,7.326
724,732.0,8.038
725,733.0,9.59
726,734.0,8.467
727,735.0,7.475
728,736.0,7.556
729,737.0,7.125
730,738.0,6.843
731,739.0,7.515
732,740.0,7.435
733,741.0,10.817
734,742.0,10.056
735,743.0,10.697
736,744.0,10.977
737,745.0,7.475
738,746.0,8.587
739,747.0,7.958
740,748.0,9.229
741,749.0,7.958
742,750.0,7.877
743,752.0,7.205
744,753.0,6.682
745,754.0,7.355
746,755.0,7.435
747,756.0,9.831
748,757.0,8.56
749,758.0,9.63
750,759.0,10.056
751,760.0,7.877
752,761.0,9.028
753,762.0,8.56
754,763.0,8.868
755,764.0,8.707
756,765.0,8.279
757,766.0,7.125
758,767.0,6.481
759,768.0,7.314
760,769.0,7.355
761,770.0,7.274
762,771.0,8.667
763,772.0,9.55
764,773.0,9.149
765,774.0,8.707
766,775.0,7.314
767,776.0,9.068
768,777.0,8.707
769,778.0,8.52
770,779.0,9.47
771,780.0,7.395
772,781.0,6.924
773,782.0,6.763
774,783.0,7.435
775,784.0,7.395
776,785.0,10.897
777,786.0,10.216
778,787.0,10.817
779,788.0,11.057
780,789.0,7.395
781,790.0,8.48
782,791.0,8.4
783,792.0,8.988
784,793.0,7.837
785,794.0,7.757
786,795.0,7.205
787,796.0,6.843
788,797.0,7.355
789,798.0,7.435
790,799.0,10.376
791,800.0,9.47
792,801.0,10.256
793,802.0,10.576
794,803.0,7.636
795,804.0,9.189
796,805.0,8.038
797,806.0,9.855
798,807.0,8.279
799,808.0,8.078
800,809.0,7.125
801,810.0,6.722
802,811.0,7.355
803,812.0,7.475
804,813.0,9.47
805,814.0,8.158
806,815.0,9.269
807,816.0,9.815
808,817.0,7.837
809,818.0,8.547
810,819.0,8.707
811,820.0,8.4
812,821.0,8.988
813,822.0,8.4
814,823.0,7.125
815,824.0,6.682
816,825.0,7.395
817,826.0,7.676
818,827.0,8.118
819,828.0,8.48
820,829.0,8.788
821,830.0,8.707
822,831.0,8.158
823,832.0,7.205
824,833.0,9.63
825,834.0,8.118
826,835.0,9.751
827,836.0,9.028
828,837.0,7.286
829,838.0,6.763
830,839.0,7.355
831,840.0,7.395
832,841.0,8.44
833,842.0,9.51
834,844.0,10.496
835,845.0,9.895
836,846.0,9.59
837,847.0,7.314
838,848.0,7.797
839,849.0,9.43
840,850.0,8.038
841,851.0,7.837
842,852.0,7.515
843,853.0,7.044
844,854.0,6.883
845,855.0,7.395
846,856.0,7.435
847,857.0,10.897
848,858.0,10.336
849,859.0,10.817
850,860.0,11.12
851,861.0,7.355
852,862.0,8.52
853,863.0,8.4
854,864.0,8.948
855,865.0,7.797
856,866.0,7.716
857,867.0,7.165
858,868.0,6.763
859,869.0,7.286
860,870.0,7.435
861,871.0,10.096
862,872.0,9.068
863,873.0,9.975
864,874.0,10.376
865,875.0,7.757
866,876.0,9.51
867,877.0,8.279
868,878.0,9.43
869,879.0,8.587
870,880.0,8.118
871,881.0,7.125
872,882.0,6.601
873,883.0,7.326
874,884.0,7.515
875,885.0,8.707
876,886.0,8.199
877,887.0,8.627
878,888.0,9.109
879,889.0,8.118
880,890.0,7.205
881,891.0,9.309
882,892.0,7.958
883,893.0,9.71
884,894.0,8.747
885,895.0,7.246
886,896.0,6.722
887,897.0,7.366
888,898.0,7.395
889,899.0,7.314
890,900.0,8.788
891,901.0,9.47
892,902.0,9.269
893,903.0,8.828
894,904.0,7.395
895,905.0,8.828
896,906.0,8.707
897,907.0,8.239
898,908.0,9.229
899,909.0,7.435
900,910.0,6.964
901,911.0,7.004
902,912.0,7.435
903,913.0,7.636
904,914.0,9.63
905,915.0,10.937
906,916.0,10.657
907,917.0,9.895
908,918.0,7.366
909,919.0,7.917
910,920.0,9.895
911,921.0,8.319
912,922.0,7.556
913,923.0,7.515
914,924.0,7.125
915,925.0,6.843
916,926.0,7.515
917,927.0,7.475
918,928.0,10.777
919,929.0,10.016
920,930.0,10.616
921,931.0,10.897
922,932.0,7.435
923,933.0,8.667
924,934.0,7.837
925,935.0,9.309
926,936.0,7.917
927,938.0,7.877
928,939.0,7.125
929,940.0,6.763
930,941.0,7.286
931,942.0,7.475
932,943.0,9.831
933,944.0,8.707
934,945.0,9.67
935,946.0,10.176
936,947.0,7.757
937,948.0,9.189
938,949.0,8.48
939,950.0,9.068
940,951.0,8.707
941,952.0,8.279
942,953.0,7.085
943,954.0,6.682
944,955.0,7.395
945,956.0,7.676
946,957.0,8.359
947,958.0,8.359
948,959.0,8.747
949,960.0,8.828
950,961.0,8.118
951,962.0,7.165
952,963.0,9.47
953,964.0,8.078
954,965.0,9.855
955,966.0,8.908
956,967.0,7.246
957,968.0,6.722
958,969.0,7.366
959,970.0,7.366
960,971.0,7.274
961,972.0,8.747
962,973.0,9.47
963,974.0,9.189
964,975.0,8.788
965,976.0,7.326
966,977.0,8.988
967,978.0,8.747
968,979.0,8.44
969,980.0,9.349
970,981.0,7.475
971,982.0,6.924
972,983.0,7.395
973,984.0,7.475
974,985.0,7.676
975,986.0,9.51
976,987.0,11.017
977,988.0,10.376
978,989.0,9.855
979,990.0,7.355
980,991.0,7.877
981,992.0,9.895
982,993.0,8.279
983,994.0,7.475
984,995.0,7.515
985,996.0,7.085
986,997.0,6.883
987,998.0,7.435
988,999.0,7.366
989,1000.0,10.777
990,1001.0,10.336
991,1002.0,10.897
992,1003.0,11.137
993,1004.0,7.326
994,1005.0,8.44
995,1006.0,8.627
996,1007.0,8.828
997,1008.0,7.716
998,1009.0,7.716
999,1010.0,7.205
1000,1011.0,6.803
1001,1012.0,7.246
1002,1013.0,7.435
1003,1014.0,10.336
1004,1015.0,9.389
1005,1016.0,10.216
1006,1017.0,10.536
1007,1018.0,7.716
1008,1019.0,9.269
1009,1020.0,8.158
1010,1021.0,9.791
1011,1022.0,8.4
1012,1023.0,8.038
1013,1024.0,7.165
1014,1025.0,6.722
1015,1026.0,7.205
1016,1027.0,7.475
1017,1028.0,9.309
1018,1029.0,7.998
1019,1031.0,9.109
1020,1032.0,9.67
1021,1033.0,7.877
1022,1034.0,8.279
1023,1035.0,8.747
1024,1036.0,8.118
1025,1037.0,9.109
1026,1038.0,8.44
1027,1039.0,7.165
1028,1040.0,6.642
1029,1041.0,7.326
1030,1042.0,7.676
1031,1043.0,7.998
1032,1044.0,8.52
1033,1045.0,8.868
1034,1046.0,8.667
1035,1047.0,8.239
1036,1048.0,7.205
1037,1049.0,9.751
1038,1050.0,8.239
1039,1051.0,9.59
1040,1052.0,9.149
1041,1053.0,7.286
1042,1054.0,6.883
1043,1055.0,7.326
1044,1056.0,7.435
1045,1057.0,7.366
1046,1058.0,9.068
1047,1059.0,9.895
1048,1060.0,9.63
1049,1061.0,9.109
1050,1062.0,7.395
1051,1063.0,8.279
1052,1064.0,8.988
1053,1065.0,7.877
1054,1066.0,8.667
1055,1067.0,7.435
1056,1068.0,7.004
1057,1069.0,6.924
1058,1070.0,7.435
1059,1071.0,7.366
1060,1072.0,10.096
1061,1073.0,10.697
1062,1074.0,11.097
1063,1075.0,10.456
1064,1076.0,7.326
1065,1077.0,8.158
1066,1078.0,9.349
1067,1079.0,8.627
1068,1080.0,7.596
1069,1081.0,7.596
1070,1082.0,7.165
1071,1083.0,6.924
1072,1084.0,7.556
1073,1085.0,7.515
1074,1086.0,10.737
1075,1087.0,10.056
1076,1088.0,10.616
1077,1089.0,10.977
1078,1090.0,7.435
1079,1091.0,8.707
1080,1092.0,7.837
1081,1093.0,9.309
1082,1094.0,7.917
1083,1095.0,7.877
1084,1096.0,7.165
1085,1097.0,6.803
1086,1098.0,7.286
1087,1099.0,7.435
1088,1100.0,10.056
1089,1101.0,8.988
1090,1102.0,9.911
1091,1103.0,10.296
1092,1104.0,7.757
1093,1105.0,9.47
1094,1106.0,8.319
1095,1107.0,9.309
1096,1108.0,8.627
1097,1109.0,8.158
1098,1110.0,7.125
1099,1111.0,6.521
1100,1112.0,7.407
1101,1113.0,7.636
1102,1114.0,8.158
1103,1115.0,8.44
1104,1116.0,8.788
1105,1117.0,8.627
1106,1118.0,8.199
1107,1119.0,7.165
1108,1120.0,9.67
1109,1121.0,8.118
1110,1123.0,9.791
1111,1124.0,9.028
1112,1125.0,7.326
1113,1126.0,6.763
1114,1127.0,7.366
1115,1128.0,7.435
1116,1129.0,7.355
1117,1130.0,8.948
1118,1131.0,9.855
1119,1132.0,9.63
1120,1133.0,9.109
1121,1134.0,7.435
1122,1135.0,8.279
1123,1136.0,8.988
1124,1137.0,7.877
1125,1138.0,8.667
1126,1139.0,7.435
1127,1140.0,7.044
1128,1141.0,6.883
1129,1142.0,7.475
1130,1143.0,7.326
1131,1144.0,10.496
1132,1145.0,10.536
1133,1146.0,11.017
1134,1147.0,10.897
1135,1148.0,7.314
1136,1149.0,8.319
1137,1150.0,8.948
1138,1151.0,8.707
1139,1152.0,7.676
1140,1153.0,7.636
1141,1154.0,7.205
1142,1155.0,6.763
1143,1156.0,7.326
1144,1157.0,7.395
1145,1158.0,10.416
1146,1159.0,9.389
1147,1160.0,10.256
1148,1161.0,10.576
1149,1162.0,7.636
1150,1163.0,9.229
1151,1164.0,8.078
1152,1165.0,9.815
1153,1166.0,8.319
1154,1167.0,8.078
1155,1168.0,7.125
1156,1169.0,6.722
1157,1170.0,7.246
1158,1171.0,7.475
1159,1172.0,9.349
1160,1173.0,8.038
1161,1174.0,9.149
1162,1175.0,9.71
1163,1176.0,7.877
1164,1177.0,8.359
1165,1178.0,8.667
1166,1179.0,8.199
1167,1180.0,9.068
1168,1181.0,8.44
1169,1182.0,7.165
1170,1183.0,6.642
1171,1184.0,7.326
1172,1185.0,7.676
1173,1186.0,7.998
1174,1187.0,8.52
1175,1188.0,8.868
1176,1189.0,8.667
1177,1190.0,8.239
1178,1191.0,7.246
1179,1192.0,9.71
1180,1193.0,8.279
1181,1194.0,9.59
1182,1195.0,9.149
1183,1196.0,7.286
1184,1197.0,6.763
1185,1198.0,7.355
1186,1199.0,7.435
1187,1200.0,7.355
1188,1201.0,8.908
1189,1202.0,9.791
1190,1203.0,9.55
1191,1204.0,9.109
1192,1205.0,7.395
1193,1206.0,8.4
1194,1207.0,8.908
1195,1208.0,7.877
1196,1209.0,8.747
1197,1210.0,7.435
1198,1211.0,6.964
1199,1212.0,6.924
1200,1213.0,7.395
1201,1214.0,7.636
1202,1216.0,9.67
1203,1217.0,10.857
1204,1218.0,10.697
1205,1219.0,10.016
1206,1220.0,7.326
1207,1221.0,7.998
1208,1222.0,9.791
1209,1223.0,8.44
1210,1224.0,7.475
1211,1225.0,7.596
1212,1226.0,7.085
1213,1227.0,6.964
1214,1228.0,7.435
1215,1229.0,7.435
1216,1230.0,10.817
1217,1231.0,10.136
1218,1232.0,10.737
1219,1233.0,10.977
1220,1234.0,7.395
1221,1235.0,8.56
1222,1236.0,8.038
1223,1237.0,9.149
1224,1238.0,7.877
1225,1239.0,7.837
1226,1240.0,7.165
1227,1241.0,6.763
1228,1242.0,7.286
1229,1243.0,7.435
1230,1244.0,10.016
1231,1245.0,8.948
1232,1246.0,9.871
1233,1247.0,10.296
1234,1248.0,7.757
1235,1249.0,9.389
1236,1250.0,8.359
1237,1251.0,9.269
1238,1252.0,8.667
1239,1253.0,8.158
1240,1254.0,7.165
1241,1255.0,6.601
1242,1256.0,7.435
1243,1257.0,7.556
1244,1258.0,8.56
1245,1259.0,8.279
1246,1260.0,8.667
1247,1261.0,8.948
1248,1262.0,8.038
1249,1263.0,7.165
1250,1264.0,9.389
1251,1265.0,7.998
1252,1266.0,9.855
1253,1267.0,8.828
1254,1268.0,7.205
1255,1269.0,6.722
1256,1270.0,7.326
1257,1271.0,7.407
1258,1272.0,7.475
1259,1273.0,9.309
1260,1274.0,10.536
1261,1275.0,9.975
1262,1276.0,9.63
1263,1277.0,7.366
1264,1278.0,7.797
1265,1279.0,9.51
1266,1280.0,8.038
1267,1281.0,7.797
1268,1282.0,7.475
1269,1283.0,7.085
1270,1284.0,6.843
1271,1285.0,7.475
1272,1286.0,7.395
1273,1287.0,10.937
1274,1288.0,10.216
1275,1289.0,10.817
1276,1290.0,11.057
1277,1291.0,7.435
1278,1292.0,8.48
1279,1293.0,8.319
1280,1294.0,9.028
1281,1295.0,7.797
1282,1296.0,7.797
1283,1297.0,7.165
1284,1298.0,6.481
1285,1299.0,7.246
1286,1300.0,7.475
1287,1301.0,8.988
1288,1302.0,8.118
1289,1303.0,8.747
1290,1304.0,9.389
1291,1305.0,7.998
1292,1306.0,7.757
1293,1307.0,8.988
1294,1308.0,7.917
1295,1310.0,9.389
1296,1311.0,8.587
1297,1312.0,7.205
1298,1313.0,6.682
1299,1314.0,7.355
1300,1315.0,7.475
1301,1316.0,7.475
1302,1317.0,9.309
1303,1318.0,10.416
1304,1319.0,9.895
1305,1320.0,9.55
1306,1321.0,7.407
1307,1322.0,7.757
1308,1323.0,9.47
1309,1324.0,7.998
1310,1325.0,7.998
1311,1326.0,7.475
1312,1327.0,7.044
1313,1328.0,6.924
1314,1329.0,7.435
1315,1330.0,7.286
1316,1331.0,10.296
1317,1332.0,10.616
1318,1333.0,11.057
1319,1334.0,10.697
1320,1335.0,7.314
1321,1336.0,8.239
1322,1337.0,9.149
1323,1338.0,8.707
1324,1339.0,7.556
1325,1340.0,7.636
1326,1341.0,7.165
1327,1342.0,6.843
1328,1343.0,7.366
1329,1344.0,7.435
1330,1345.0,10.416
1331,1346.0,9.51
1332,1347.0,10.256
1333,1348.0,10.657
1334,1349.0,7.636
1335,1350.0,9.229
1336,1351.0,8.038
1337,1352.0,9.911
1338,1353.0,8.279
1339,1354.0,8.078
1340,1355.0,7.125
1341,1356.0,6.843
1342,1357.0,7.366
1343,1358.0,7.475
1344,1359.0,9.47
1345,1360.0,8.078
1346,1361.0,9.229
1347,1362.0,9.791
1348,1363.0,7.877
1349,1364.0,8.48
1350,1365.0,8.667
1351,1366.0,8.359
1352,1367.0,9.028
1353,1368.0,8.4
1354,1369.0,7.165
1355,1370.0,6.561
1356,1371.0,7.355
1357,1372.0,7.515
1358,1373.0,7.797
1359,1374.0,8.587
1360,1375.0,8.988
1361,1376.0,8.707
1362,1377.0,8.359
1363,1378.0,7.165
1364,1379.0,9.895
1365,1380.0,8.279
1366,1381.0,9.51
1367,1382.0,9.229
1368,1383.0,7.366
1369,1384.0,6.803
1370,1385.0,7.314
1371,1386.0,7.395
1372,1387.0,7.556
1373,1388.0,9.309
1374,1389.0,10.657
1375,1390.0,10.016
1376,1391.0,9.71
1377,1392.0,7.355
1378,1393.0,7.797
1379,1394.0,9.59
1380,1395.0,8.078
1381,1396.0,7.596
1382,1397.0,7.475
1383,1398.0,7.085
1384,1399.0,6.924
1385,1400.0,7.475
1386,1401.0,7.314
1387,1403.0,10.496
1388,1404.0,10.456
1389,1405.0,10.977
1390,1406.0,10.937
1391,1407.0,7.355
1392,1408.0,8.319
1393,1409.0,8.908
1394,1410.0,8.707
1395,1411.0,7.676
1396,1412.0,7.636
1397,1413.0,7.205
1398,1414.0,6.803
1399,1415.0,7.676
1400,1416.0,7.395
1401,1417.0,10.456
1402,1418.0,9.55
1403,1419.0,10.416
1404,1420.0,10.697
1405,1421.0,7.636
1406,1422.0,9.028
1407,1423.0,7.998
1408,1424.0,9.831
1409,1425.0,8.199
1410,1426.0,7.998
1411,1427.0,7.125
1412,1428.0,6.803
1413,1429.0,7.326
1414,1430.0,7.435
1415,1431.0,9.791
1416,1432.0,8.587
1417,1433.0,9.63
1418,1434.0,10.096
1419,1435.0,7.797
1420,1436.0,9.068
1421,1437.0,8.52
1422,1438.0,8.908
1423,1439.0,8.707
1424,1440.0,8.279
1425,1441.0,7.125
1426,1442.0,6.561
1427,1443.0,7.326
1428,1444.0,7.596
1429,1445.0,7.837
1430,1446.0,8.587
1431,1447.0,8.948
1432,1448.0,8.707
1433,1449.0,8.279
1434,1450.0,7.205
1435,1451.0,9.831
1436,1452.0,8.319
1437,1453.0,9.43
1438,1454.0,9.309
1439,1455.0,7.286
1440,1456.0,6.883
1441,1457.0,7.326
1442,1458.0,7.355
1443,1459.0,7.395
1444,1460.0,9.068
1445,1461.0,10.096
1446,1462.0,9.59
1447,1463.0,9.309
1448,1464.0,7.326
1449,1465.0,7.958
1450,1466.0,9.189
1451,1467.0,7.958
1452,1468.0,8.359
1453,1469.0,7.475
1454,1470.0,7.085
1455,1471.0,6.883
1456,1472.0,7.435
1457,1473.0,7.314
1458,1474.0,10.456
1459,1475.0,10.536
1460,1476.0,10.977
1461,1477.0,10.937
1462,1478.0,7.314
1463,1479.0,8.359
1464,1480.0,8.948
1465,1481.0,8.707
1466,1482.0,7.636
1467,1483.0,7.676
1468,1484.0,7.165
1469,1485.0,6.803
1470,1486.0,7.246
1471,1487.0,7.475
1472,1488.0,10.096
1473,1489.0,9.109
1474,1490.0,9.935
1475,1491.0,10.376
1476,1492.0,7.716
1477,1494.0,9.51
1478,1495.0,8.279
1479,1496.0,9.43
1480,1497.0,8.547
1481,1498.0,8.158
1482,1499.0,7.125
1483,1500.0,6.44
1484,1501.0,7.366
1485,1502.0,7.286
1486,1503.0,7.355
1487,1504.0,8.52
1488,1505.0,9.269
1489,1506.0,8.868
1490,1507.0,8.507
1491,1508.0,7.205
1492,1509.0,9.55
1493,1510.0,8.48
1494,1511.0,9.028
1495,1512.0,9.47
1496,1513.0,7.395
1497,1514.0,6.843
1498,1515.0,7.395
1499,1516.0,7.435
1500,1517.0,7.556
1501,1518.0,9.309
1502,1519.0,10.657
1503,1520.0,10.016
1504,1521.0,9.751
1505,1522.0,7.326
1506,1523.0,7.837
1507,1524.0,9.55
1508,1525.0,8.038
1509,1526.0,7.676
1510,1527.0,7.515
1511,1528.0,7.044
1512,1529.0,6.843
1513,1530.0,7.475
1514,1531.0,7.435
1515,1532.0,10.817
1516,1533.0,10.096
1517,1534.0,10.737
1518,1535.0,10.977
1519,1536.0,7.435
1520,1537.0,8.587
1521,1538.0,7.917
1522,1539.0,9.229
1523,1540.0,7.917
1524,1541.0,7.837
1525,1542.0,7.165
1526,1543.0,6.722
1527,1544.0,7.326
1528,1545.0,7.435
1529,1546.0,9.935
1530,1547.0,8.788
1531,1548.0,9.791
1532,1549.0,10.176
1533,1550.0,7.797
1534,1551.0,9.269
1535,1552.0,8.44
1536,1553.0,9.109
1537,1554.0,8.788
1538,1555.0,8.239
1539,1556.0,7.165
1540,1557.0,6.722
1541,1558.0,7.286
1542,1559.0,7.475
1543,1560.0,8.988
1544,1561.0,8.118
1545,1562.0,8.707
1546,1563.0,9.349
1547,1564.0,7.998
1548,1565.0,7.636
1549,1566.0,8.988
1550,1567.0,7.917
1551,1568.0,9.47
1552,1569.0,8.627
1553,1570.0,7.205
1554,1571.0,6.682
1555,1572.0,7.326
1556,1573.0,7.286
1557,1574.0,7.355
1558,1575.0,8.52
1559,1576.0,9.149
1560,1577.0,8.828
1561,1578.0,8.44
1562,1579.0,7.246
1563,1580.0,9.59
1564,1581.0,8.48
1565,1582.0,9.109
1566,1583.0,9.51
1567,1584.0,7.326
1568,1585.0,6.924
1569,1586.0,7.355
1570,1587.0,7.475
1571,1589.0,7.435
1572,1590.0,9.149
1573,1591.0,10.256
1574,1592.0,9.751
1575,1593.0,9.43
1576,1594.0,7.326
1577,1595.0,7.757
1578,1596.0,9.309
1579,1597.0,7.958
1580,1598.0,8.078
1581,1599.0,7.475
1582,1600.0,7.085
1583,1601.0,6.883
1584,1602.0,7.435
1585,1603.0,7.326
1586,1604.0,10.376
1587,1605.0,10.576
1588,1606.0,11.017
1589,1607.0,10.777
1590,1608.0,7.314
1591,1609.0,8.319
1592,1610.0,9.028
1593,1611.0,8.747
1594,1612.0,7.596
1595,1613.0,7.636
1596,1614.0,7.165
1597,1615.0,6.883
1598,1616.0,7.596
1599,1617.0,7.475
1600,1618.0,10.536
1601,1619.0,9.791
1602,1620.0,10.416
1603,1621.0,10.817
1604,1622.0,7.556
1605,1623.0,8.988
1606,1624.0,7.958
1607,1625.0,9.751
1608,1626.0,8.158
1609,1627.0,7.958
1610,1628.0,7.125
1611,1629.0,6.722
1612,1630.0,7.355
1613,1631.0,7.435
1614,1632.0,9.55
1615,1633.0,8.199
1616,1634.0,9.349
1617,1635.0,9.855
1618,1636.0,7.877
1619,1637.0,8.587
1620,1638.0,8.707
1621,1639.0,8.48
1622,1640.0,8.988
1623,1641.0,8.359
1624,1642.0,7.165
1625,1643.0,6.601
1626,1644.0,7.355
1627,1645.0,7.676
1628,1646.0,7.998
1629,1647.0,8.52
1630,1648.0,8.948
1631,1649.0,8.627
1632,1650.0,8.319
1633,1651.0,7.125
1634,1652.0,9.815
1635,1653.0,8.199
1636,1654.0,9.63
1637,1655.0,9.149
1638,1656.0,7.326
1639,1657.0,6.803
1640,1658.0,6.883
1641,1659.0,7.395
1642,1660.0,7.636
1643,1661.0,9.71
1644,1662.0,10.897
1645,1663.0,10.697
1646,1664.0,9.935
1647,1665.0,7.314
1648,1666.0,7.958
1649,1667.0,9.791
1650,1668.0,8.359
1651,1669.0,7.475
1652,1670.0,7.515
1653,1671.0,7.125
1654,1672.0,6.843
1655,1673.0,7.515
1656,1674.0,7.435
1657,1675.0,10.817
1658,1676.0,10.096
1659,1677.0,10.697
1660,1678.0,10.977
1661,1679.0,7.435
1662,1681.0,8.627
1663,1682.0,7.958
1664,1683.0,9.229
1665,1684.0,7.958
1666,1685.0,7.877
1667,1686.0,7.205
1668,1687.0,6.763
1669,1688.0,7.366
1670,1689.0,7.435
1671,1690.0,10.016
1672,1691.0,8.908
1673,1692.0,9.831
1674,1693.0,10.256
1675,1694.0,7.757
1676,1695.0,9.389
1677,1696.0,8.319
1678,1697.0,9.269
1679,1698.0,8.627
1680,1699.0,8.199
1681,1700.0,7.085
1682,1701.0,6.682
1683,1702.0,7.326
1684,1703.0,7.515
1685,1704.0,8.788
1686,1705.0,8.199
1687,1706.0,8.601
1688,1707.0,9.229
1689,1708.0,8.038
1690,1709.0,7.366
1691,1710.0,9.149
1692,1711.0,7.998
1693,1712.0,9.63
1694,1713.0,8.707
1695,1714.0,7.246
1696,1715.0,6.763
1697,1716.0,7.326
1698,1717.0,7.435
1699,1718.0,7.355
1700,1719.0,9.068
1701,1720.0,9.895
1702,1721.0,9.751
1703,1722.0,9.149
1704,1723.0,7.366
1705,1724.0,8.239
1706,1725.0,9.028
1707,1726.0,7.958
1708,1727.0,8.627
1709,1728.0,7.435
1710,1729.0,7.004
1711,1730.0,6.924
1712,1731.0,7.435
1713,1732.0,7.286
1714,1733.0,10.296
1715,1734.0,10.616
1716,1735.0,11.057
1717,1736.0,10.657
1718,1737.0,7.314
1719,1738.0,8.239
1720,1739.0,9.109
1721,1740.0,8.747
1722,1741.0,7.596
1723,1742.0,7.596
1724,1743.0,7.165
1725,1744.0,6.763
1726,1745.0,7.286
1727,1746.0,7.475
1728,1747.0,10.056
1729,1748.0,9.028
1730,1749.0,9.895
1731,1750.0,10.376
1732,1751.0,7.716
1733,1752.0,9.51
1734,1753.0,8.279
1735,1754.0,9.43
1736,1755.0,8.587
1737,1756.0,8.158
1738,1757.0,7.125
1739,1758.0,6.682
1740,1759.0,7.286
1741,1760.0,7.475
1742,1761.0,8.868
1743,1762.0,8.118
1744,1763.0,8.627
1745,1764.0,9.269
1746,1765.0,8.038
1747,1766.0,7.515
1748,1767.0,9.109
1749,1768.0,7.917
1750,1769.0,9.59
1751,1770.0,8.667
1752,1771.0,7.246
1753,1773.0,6.682
1754,1774.0,7.366
1755,1775.0,7.246
1756,1776.0,7.515
1757,1777.0,8.601
1758,1778.0,9.149
1759,1779.0,8.747
1760,1780.0,8.44
1761,1781.0,7.205
1762,1782.0,9.751
1763,1783.0,8.359
1764,1784.0,9.269
1765,1785.0,9.389
1766,1786.0,7.395
1767,1787.0,6.803
1768,1788.0,7.395
1769,1789.0,7.407
1770,1790.0,7.475
1771,1791.0,9.229
1772,1792.0,10.416
1773,1793.0,9.895
1774,1794.0,9.59
1775,1795.0,7.366
1776,1796.0,7.797
1777,1797.0,9.43
1778,1798.0,7.998
1779,1799.0,7.877
1780,1800.0,7.475
1781,1801.0,7.044
1782,1802.0,6.843
1783,1803.0,7.435
1784,1804.0,7.326
1785,1805.0,10.737
1786,1806.0,10.376
1787,1807.0,10.897
1788,1808.0,11.097
1789,1809.0,7.314
1790,1810.0,8.4
1791,1811.0,8.707
1792,1812.0,8.828
1793,1813.0,7.757
1794,1814.0,7.676
1795,1815.0,7.205
1796,1816.0,6.763
1797,1817.0,7.246
1798,1818.0,7.395
1799,1819.0,10.336
1800,1820.0,9.309
1801,1821.0,10.176
1802,1822.0,10.496
1803,1823.0,7.676
1804,1824.0,9.309
1805,1825.0,8.118
1806,1826.0,9.751
1807,1827.0,8.4
1808,1828.0,8.038
1809,1829.0,7.125
1810,1830.0,6.642
1811,1831.0,7.246
1812,1832.0,7.435
1813,1833.0,9.149
1814,1834.0,8.038
1815,1835.0,8.908
1816,1836.0,9.59
1817,1837.0,7.917
1818,1838.0,8.038
1819,1839.0,8.868
1820,1840.0,7.917
1821,1841.0,9.269
1822,1842.0,8.507
1823,1843.0,7.205
1824,1844.0,6.682
1825,1845.0,7.326
1826,1846.0,7.355
1827,1847.0,7.286
1828,1848.0,8.707
1829,1849.0,9.59
1830,1850.0,9.229
1831,1851.0,8.747
1832,1852.0,7.395
1833,1853.0,9.068
1834,1854.0,8.828
1835,1855.0,8.52
1836,1856.0,9.389
1837,1857.0,7.435
1838,1858.0,6.883
1839,1859.0,6.924
1840,1860.0,7.435
1841,1861.0,7.636
1842,1862.0,9.67
1843,1863.0,10.897
1844,1864.0,10.657
1845,1866.0,9.975
1846,1867.0,7.326
1847,1868.0,7.958
1848,1869.0,9.791
1849,1870.0,8.359
1850,1871.0,7.556
1851,1872.0,7.556
1852,1873.0,7.085
1853,1874.0,6.803
1854,1875.0,7.596
1855,1876.0,7.435
1856,1877.0,10.496
1857,1878.0,9.71
1858,1879.0,10.376
1859,1880.0,10.737
1860,1881.0,7.596
1861,1882.0,9.028
1862,1883.0,7.958
1863,1884.0,9.775
1864,1885.0,8.158
1865,1886.0,8.038
1866,1887.0,7.165
1867,1888.0,6.803
1868,1889.0,7.355
1869,1890.0,7.475
1870,1891.0,9.55
1871,1892.0,8.239
1872,1893.0,9.349
1873,1894.0,9.855
1874,1895.0,7.837
1875,1896.0,8.627
1876,1897.0,8.667
1877,1898.0,8.48
1878,1899.0,8.948
1879,1900.0,8.319
1880,1901.0,7.165
1881,1902.0,6.561
1882,1903.0,7.314
1883,1904.0,7.676
1884,1905.0,7.998
1885,1906.0,8.48
1886,1907.0,8.868
1887,1908.0,8.587
1888,1909.0,8.239
1889,1910.0,7.165
1890,1911.0,9.791
1891,1912.0,8.199
1892,1913.0,9.67
1893,1914.0,9.149
1894,1915.0,7.326
1895,1916.0,6.763
1896,1917.0,7.355
1897,1918.0,7.395
1898,1919.0,7.515
1899,1920.0,9.269
1900,1921.0,10.456
1901,1922.0,9.815
1902,1923.0,9.51
1903,1924.0,7.314
1904,1925.0,7.837
1905,1926.0,9.389
1906,1927.0,7.958
1907,1928.0,7.998
1908,1929.0,7.475
1909,1930.0,7.125
1910,1931.0,6.763
1911,1932.0,7.556
1912,1933.0,7.395
1913,1934.0,10.657
1914,1935.0,9.871
1915,1936.0,10.496
1916,1937.0,10.817
1917,1938.0,7.515
1918,1939.0,8.828
1919,1940.0,7.958
1920,1941.0,9.51
1921,1942.0,8.078
1922,1943.0,7.998
1923,1944.0,7.165
1924,1945.0,6.803
1925,1946.0,7.314
1926,1947.0,7.435
1927,1948.0,9.935
1928,1949.0,8.747
1929,1950.0,9.791
1930,1951.0,10.176
1931,1952.0,7.797
1932,1953.0,9.229
1933,1954.0,8.48
1934,1955.0,9.109
1935,1956.0,8.747
1936,1957.0,8.199
1937,1958.0,7.085
1938,1960.0,6.601
1939,1961.0,7.326
1940,1962.0,7.556
1941,1963.0,8.56
1942,1964.0,8.279
1943,1965.0,8.627
1944,1966.0,9.028
1945,1967.0,8.118
1946,1968.0,7.205
1947,1969.0,9.309
1948,1970.0,7.998
1949,1971.0,9.791
1950,1972.0,8.828
1951,1973.0,7.205
1952,1974.0,6.722
1953,1975.0,7.355
1954,1976.0,7.515
1955,1977.0,7.395
1956,1978.0,8.948
1957,1979.0,9.775
1958,1980.0,9.63
1959,1981.0,9.068
1960,1982.0,7.475
1961,1983.0,8.4
1962,1984.0,8.988
1963,1985.0,7.877
1964,1986.0,8.828
1965,1987.0,7.435
1966,1988.0,7.085
1967,1989.0,7.004
1968,1990.0,7.435
1969,1991.0,7.596
1970,1992.0,9.63
1971,1993.0,10.897
1972,1994.0,10.616
1973,1995.0,9.895
1974,1996.0,7.326
1975,1997.0,7.917
1976,1998.0,9.831
1977,1999.0,8.319
1978,2000.0,7.475
1979,2001.0,7.515
1980,2002.0,7.085
1981,2003.0,6.883
1982,2004.0,7.515
1983,2005.0,7.515
1984,2006.0,10.737
1985,2007.0,10.016
1986,2008.0,10.576
1987,2009.0,10.937
1988,2010.0,7.435
1989,2011.0,8.707
1990,2012.0,7.877
1991,2013.0,9.389
1992,2014.0,7.958
1993,2015.0,7.917
1994,2016.0,7.125
1995,2017.0,6.803
1996,2018.0,7.286
1997,2019.0,7.515
1998,2020.0,9.895
1999,2021.0,8.788
2000,2022.0,9.71
2001,2023.0,10.176
2002,2024.0,7.757
2003,2025.0,9.189
2004,2026.0,8.44
2005,2027.0,9.068
2006,2028.0,8.747
2007,2029.0,8.199
2008,2030.0,7.085
2009,2031.0,6.642
2010,2032.0,7.326
2011,2033.0,7.556
2012,2034.0,8.627
2013,2035.0,8.239
2014,2036.0,8.627
2015,2037.0,9.068
2016,2038.0,8.078
2017,2039.0,7.165
2018,2040.0,9.309
2019,2041.0,7.958
2020,2042.0,9.791
2021,2043.0,8.747
2022,2044.0,7.246
2023,2045.0,6.722
2024,2046.0,7.355
2025,2047.0,7.326
2026,2048.0,7.274
2027,2049.0,8.587
2028,2050.0,9.43
2029,2051.0,8.988
2030,2053.0,8.667
2031,2054.0,7.246
2032,2055.0,9.349
2033,2056.0,8.56
2034,2057.0,8.788
2035,2058.0,9.55
2036,2059.0,7.366
2037,2060.0,6.883
2038,2061.0,7.286
2039,2062.0,7.395
2040,2063.0,7.596
2041,2064.0,9.51
2042,2065.0,10.977
2043,2066.0,10.456
2044,2067.0,9.775
2045,2068.0,7.355
2046,2069.0,7.877
2047,2070.0,9.895
2048,2071.0,8.239
2049,2072.0,7.475
2050,2073.0,7.515
2051,2074.0,7.125
2052,2075.0,6.843
2053,2076.0,7.475
2054,2077.0,7.395
2055,2078.0,10.857
2056,2079.0,10.136
2057,2080.0,10.777
2058,2081.0,11.017
2059,2082.0,7.475
2060,2083.0,8.547
2061,2084.0,8.118
2062,2085.0,9.149
2063,2086.0,7.917
2064,2087.0,7.837
2065,2088.0,7.165
2066,2089.0,6.722
2067,2090.0,7.274
2068,2091.0,7.435
2069,2092.0,10.016
2070,2093.0,8.908
2071,2094.0,9.831
2072,2095.0,10.296
2073,2096.0,7.757
2074,2097.0,9.389
2075,2098.0,8.359
2076,2099.0,9.269
2077,2100.0,8.707
2078,2101.0,8.199
2079,2102.0,7.085
2080,2103.0,6.722
2081,2104.0,7.286
2082,2105.0,7.515
2083,2106.0,8.948
2084,2107.0,8.118
2085,2108.0,8.707
2086,2109.0,9.389
2087,2110.0,7.998
2088,2111.0,7.716
2089,2112.0,8.988
2090,2113.0,7.958
2091,2114.0,9.43
2092,2115.0,8.667
2093,2116.0,7.205
2094,2117.0,6.763
2095,2118.0,7.355
2096,2119.0,7.355
2097,2120.0,7.286
2098,2121.0,8.627
2099,2122.0,9.51
2100,2123.0,9.068
2101,2124.0,8.667
2102,2125.0,7.286
2103,2126.0,9.189
2104,2127.0,8.667
2105,2128.0,8.627
2106,2129.0,9.43
2107,2130.0,7.395
2108,2131.0,6.883
2109,2132.0,6.964
2110,2133.0,7.395
2111,2134.0,7.676
2112,2135.0,9.71
2113,2136.0,10.857
2114,2137.0,10.817
2115,2138.0,10.056
2116,2139.0,7.314
2117,2140.0,7.998
2118,2141.0,9.71
2119,2142.0,8.44
2120,2143.0,7.475
2121,2144.0,7.556
2122,2146.0,7.125
2123,2147.0,6.883
2124,2148.0,7.475
2125,2149.0,7.475
2126,2150.0,10.817
2127,2151.0,10.216
2128,2152.0,10.697
2129,2153.0,11.017
2130,2154.0,7.435
2131,2155.0,8.547
2132,2156.0,8.038
2133,2157.0,9.149
2134,2158.0,7.877
2135,2159.0,7.877
2136,2160.0,7.165
2137,2161.0,6.763
2138,2162.0,7.286
2139,2163.0,7.435
2140,2164.0,9.975
2141,2165.0,8.868
2142,2166.0,9.775
2143,2167.0,10.216
2144,2168.0,7.757
2145,2169.0,9.349
2146,2170.0,8.4
2147,2171.0,9.189
2148,2172.0,8.707
2149,2173.0,8.158
2150,2174.0,7.125
2151,2175.0,6.601
2152,2176.0,7.395
2153,2177.0,7.596
2154,2178.0,8.587
2155,2179.0,8.279
2156,2180.0,8.707
2157,2181.0,8.988
2158,2182.0,8.158
2159,2183.0,7.205
2160,2184.0,9.47
2161,2185.0,7.998
2162,2186.0,9.895
2163,2187.0,8.828
2164,2188.0,7.205
2165,2189.0,6.722
2166,2190.0,7.314
2167,2191.0,7.435
2168,2192.0,7.355
2169,2193.0,8.908
2170,2194.0,9.791
2171,2195.0,9.55
2172,2196.0,9.068
2173,2197.0,7.435
2174,2198.0,8.4
2175,2199.0,8.948
2176,2200.0,7.917
2177,2201.0,8.788
2178,2202.0,7.435
2179,2203.0,7.044
2180,2204.0,6.883
2181,2205.0,7.515
2182,2206.0,7.355
2183,2207.0,10.056
2184,2208.0,10.697
2185,2209.0,11.16
2186,2210.0,10.416
2187,2211.0,7.355
2188,2212.0,8.158
2189,2213.0,9.389
2190,2214.0,8.587
2191,2215.0,7.596
2192,2216.0,7.596
2193,2217.0,7.205
2194,2218.0,6.803
2195,2219.0,7.314
2196,2220.0,7.435
2197,2221.0,10.336
2198,2222.0,9.389
2199,2223.0,10.176
2200,2224.0,10.576
2201,2225.0,7.676
2202,2226.0,9.269
2203,2227.0,8.078
2204,2228.0,9.791
2205,2229.0,8.319
2206,2230.0,8.038
2207,2231.0,7.125
2208,2232.0,6.682
2209,2233.0,7.246
2210,2234.0,7.435
2211,2235.0,9.189
2212,2236.0,8.038
2213,2237.0,8.988
2214,2239.0,9.63
2215,2240.0,7.958
2216,2241.0,8.078
2217,2242.0,8.828
2218,2243.0,7.917
2219,2244.0,9.269
2220,2245.0,8.52
2221,2246.0,7.205
2222,2247.0,6.682
2223,2248.0,7.326
2224,2249.0,7.355
2225,2250.0,7.246
2226,2251.0,8.667
2227,2252.0,9.389
2228,2253.0,9.109
2229,2254.0,8.627
2230,2255.0,7.286
2231,2256.0,9.269
2232,2257.0,8.587
2233,2258.0,8.707
2234,2259.0,9.55
2235,2260.0,7.395
2236,2261.0,6.843
2237,2262.0,7.314
2238,2263.0,7.395
2239,2264.0,7.556
2240,2265.0,9.47
2241,2266.0,10.937
2242,2267.0,10.376
2243,2268.0,9.735
2244,2269.0,7.314
2245,2270.0,7.877
2246,2271.0,9.855
2247,2272.0,8.279
2248,2273.0,7.475
2249,2274.0,7.556
2250,2275.0,7.085
2251,2276.0,6.924
2252,2277.0,7.395
2253,2278.0,7.355
2254,2279.0,10.817
2255,2280.0,10.416
2256,2281.0,10.857
2257,2282.0,11.16
2258,2283.0,7.314
2259,2284.0,8.56
2260,2285.0,8.547
2261,2286.0,8.988
2262,2287.0,7.716
2263,2288.0,7.716
2264,2289.0,7.165
2265,2290.0,6.843
2266,2291.0,7.395
2267,2292.0,7.395
2268,2293.0,10.376
2269,2294.0,9.47
2270,2295.0,10.216
2271,2296.0,10.576
2272,2297.0,7.636
2273,2298.0,9.189
2274,2299.0,8.038
2275,2300.0,9.831
2276,2301.0,8.319
2277,2302.0,8.038
2278,2303.0,7.165
2279,2304.0,6.803
2280,2305.0,7.355
2281,2306.0,7.435
2282,2307.0,9.751
2283,2308.0,8.48
2284,2309.0,9.55
2285,2310.0,9.975
2286,2311.0,7.877
2287,2312.0,8.908
2288,2313.0,8.627
2289,2314.0,8.747
2290,2315.0,8.868
2291,2316.0,8.279
2292,2317.0,7.205
2293,2318.0,6.682
2294,2319.0,7.395
2295,2320.0,7.636
2296,2321.0,8.118
2297,2322.0,8.44
2298,2323.0,8.788
2299,2324.0,8.627
2300,2325.0,8.199
2301,2326.0,7.165
2302,2327.0,9.67
2303,2328.0,8.199
2304,2329.0,9.67
2305,2330.0,9.068
2306,2332.0,7.246
2307,2333.0,6.803
2308,2334.0,7.355
2309,2335.0,7.435
2310,2336.0,7.355
2311,2337.0,8.988
2312,2338.0,9.855
2313,2339.0,9.67
2314,2340.0,9.109
2315,2341.0,7.435
2316,2342.0,8.279
2317,2343.0,9.028
2318,2344.0,7.877
2319,2345.0,8.667
2320,2346.0,7.435
2321,2347.0,7.044
2322,2348.0,6.843
2323,2349.0,7.475
2324,2350.0,7.326
2325,2351.0,10.737
2326,2352.0,10.376
2327,2353.0,10.937
2328,2354.0,11.04
2329,2355.0,7.314
2330,2356.0,8.4
2331,2357.0,8.707
2332,2358.0,8.828
2333,2359.0,7.676
2334,2360.0,7.676
2335,2361.0,7.165
2336,2362.0,6.601
2337,2363.0,7.395
2338,2364.0,7.515
2339,2365.0,9.59
2340,2366.0,8.319
2341,2367.0,9.389
2342,2368.0,9.895
2343,2369.0,7.877
2344,2370.0,8.667
2345,2371.0,8.667
2346,2372.0,8.547
2347,2373.0,8.908
2348,2374.0,8.359
2349,2375.0,7.125
2350,2376.0,6.601
2351,2377.0,7.326
2352,2378.0,7.596
2353,2379.0,7.797
2354,2380.0,8.627
2355,2381.0,8.948
2356,2382.0,8.747
2357,2383.0,8.279
2358,2384.0,7.205
2359,2385.0,9.871
2360,2386.0,8.319
2361,2387.0,9.47
2362,2388.0,9.229
2363,2389.0,7.286
2364,2390.0,6.763
2365,2391.0,7.355
2366,2392.0,7.395
2367,2393.0,7.475
2368,2394.0,9.149
2369,2395.0,10.256
2370,2396.0,9.751
2371,2397.0,9.43
2372,2398.0,7.326
2373,2399.0,7.757
2374,2400.0,9.309
2375,2401.0,7.998
2376,2402.0,8.118
2377,2403.0,7.475
2378,2404.0,7.125
2379,2405.0,7.004
2380,2406.0,7.435
2381,2407.0,7.326
2382,2408.0,10.376
2383,2409.0,10.576
2384,2410.0,11.017
2385,2411.0,10.817
2386,2412.0,7.326
2387,2413.0,8.319
2388,2414.0,8.988
2389,2415.0,8.747
2390,2416.0,7.596
2391,2417.0,7.676
2392,2418.0,7.165
2393,2419.0,6.843
2394,2420.0,7.314
2395,2421.0,7.435
2396,2422.0,10.376
2397,2423.0,9.43
2398,2425.0,10.216
2399,2426.0,10.576
2400,2427.0,7.636
2401,2428.0,9.189
2402,2429.0,8.078
2403,2430.0,9.815
2404,2431.0,8.319
2405,2432.0,8.038
2406,2433.0,7.125
2407,2434.0,6.4
2408,2435.0,7.326
2409,2436.0,7.676
2410,2437.0,7.998
2411,2438.0,8.52
2412,2439.0,8.908
2413,2440.0,8.627
2414,2441.0,8.279
2415,2442.0,7.125
2416,2443.0,9.831
2417,2444.0,8.199
2418,2445.0,9.59
2419,2446.0,9.189
2420,2447.0,7.326
2421,2448.0,6.763
2422,2449.0,6.883
2423,2450.0,7.435
2424,2451.0,7.475
2425,2452.0,10.016
2426,2453.0,10.777
2427,2454.0,11.12
2428,2455.0,10.416
2429,2456.0,7.355
2430,2457.0,8.118
2431,2458.0,9.43
2432,2459.0,8.56
2433,2460.0,7.515
2434,2461.0,7.556
2435,2462.0,7.165
2436,2463.0,6.924
2437,2464.0,7.475
2438,2465.0,7.326
2439,2466.0,10.737
2440,2467.0,10.416
2441,2468.0,10.897
2442,2469.0,11.08
2443,2470.0,7.314
2444,2471.0,8.44
2445,2472.0,8.667
2446,2473.0,8.828
2447,2474.0,7.716
2448,2475.0,7.676
2449,2476.0,7.205
2450,2477.0,6.883
2451,2478.0,7.636
2452,2479.0,7.395
2453,2480.0,10.616
2454,2481.0,9.791
2455,2482.0,10.496
2456,2483.0,10.777
2457,2484.0,7.596
2458,2485.0,8.908
2459,2486.0,8.038
2460,2487.0,9.67
2461,2488.0,8.158
2462,2489.0,7.958
2463,2490.0,7.125
2464,2491.0,6.682
2465,2492.0,7.366
2466,2493.0,7.475
2467,2494.0,9.55
2468,2495.0,8.279
2469,2496.0,9.349
2470,2497.0,9.895
2471,2498.0,7.837
2472,2499.0,8.667
2473,2500.0,8.667
2474,2501.0,8.52
2475,2502.0,8.908
2476,2503.0,8.359
2477,2504.0,7.125
2478,2505.0,6.682
2479,2506.0,7.395
2480,2507.0,7.636
2481,2508.0,8.199
2482,2509.0,8.44
2483,2510.0,8.747
2484,2511.0,8.788
2485,2512.0,8.158
2486,2513.0,7.246
2487,2514.0,9.59
2488,2515.0,8.158
2489,2516.0,9.751
2490,2518.0,9.028
2491,2519.0,7.246
2492,2520.0,6.843
2493,2521.0,7.355
2494,2522.0,7.475
2495,2523.0,7.314
2496,2524.0,8.868
2497,2525.0,9.71
2498,2526.0,9.47
2499,2527.0,8.988
2500,2528.0,7.395
2501,2529.0,8.56
2502,2530.0,8.868
2503,2531.0,7.877
2504,2532.0,8.868
2505,2533.0,7.435
2506,2534.0,6.964
2507,2535.0,6.883
2508,2536.0,7.395
2509,2537.0,7.716
2510,2538.0,9.855
2511,2539.0,10.777
2512,2540.0,10.937
2513,2541.0,10.216
2514,2542.0,7.314
2515,2543.0,8.078
2516,2544.0,9.59
2517,2545.0,8.52
2518,2546.0,7.475
2519,2547.0,7.556
2520,2548.0,7.125
2521,2549.0,6.883
2522,2550.0,7.515
2523,2551.0,7.435
2524,2552.0,10.697
2525,2553.0,9.975
2526,2554.0,10.536
2527,2555.0,10.897
2528,2556.0,7.475
2529,2557.0,8.747
2530,2558.0,7.877
2531,2559.0,9.389
2532,2560.0,7.998
2533,2561.0,7.917
2534,2562.0,7.165
2535,2563.0,6.803
2536,2564.0,7.286
2537,2565.0,7.447
2538,2566.0,10.016
2539,2567.0,8.868
2540,2568.0,9.831
2541,2569.0,10.256
2542,2570.0,7.757
2543,2571.0,9.389
2544,2572.0,8.4
2545,2573.0,9.229
2546,2574.0,8.707
2547,2575.0,8.199
2548,2576.0,7.125
2549,2577.0,6.642
2550,2578.0,7.366
2551,2579.0,7.515
2552,2580.0,8.627
2553,2581.0,8.239
2554,2582.0,8.627
2555,2583.0,9.028
2556,2584.0,8.118
2557,2585.0,7.165
2558,2586.0,9.349
2559,2587.0,7.958
2560,2588.0,9.855
2561,2589.0,8.788
2562,2590.0,7.246
2563,2591.0,6.722
2564,2592.0,7.326
2565,2593.0,7.395
2566,2594.0,7.274
2567,2595.0,8.788
2568,2596.0,9.55
2569,2597.0,9.349
2570,2598.0,8.868
2571,2599.0,7.355
2572,2600.0,8.707
2573,2601.0,8.788
2574,2602.0,8.078
2575,2603.0,9.109
2576,2604.0,7.435
2577,2605.0,6.964
2578,2606.0,6.883
2579,2607.0,7.435
2580,2608.0,7.556
2581,2610.0,9.975
2582,2611.0,10.697
2583,2612.0,11.04
2584,2613.0,10.296
2585,2614.0,7.355
2586,2615.0,8.078
2587,2616.0,9.47
2588,2617.0,8.56
2589,2618.0,7.556
2590,2619.0,7.556
2591,2620.0,7.205
2592,2621.0,6.803
2593,2622.0,7.636
2594,2623.0,7.395
2595,2624.0,10.616
2596,2625.0,9.791
2597,2626.0,10.456
2598,2627.0,10.817
2599,2628.0,7.515
2600,2629.0,8.868
2601,2630.0,7.958
2602,2631.0,9.59
2603,2632.0,8.118
2604,2633.0,7.998
2605,2634.0,7.165
2606,2635.0,6.803
2607,2636.0,7.326
2608,2637.0,7.475
2609,2638.0,9.791
2610,2639.0,8.601
2611,2640.0,9.59
2612,2641.0,10.096
2613,2642.0,7.797
2614,2643.0,9.068
2615,2644.0,8.507
2616,2645.0,8.908
2617,2646.0,8.747
2618,2647.0,8.279
2619,2648.0,7.125
2620,2649.0,6.722
2621,2650.0,7.407
2622,2651.0,7.676
2623,2652.0,8.199
2624,2653.0,8.48
2625,2654.0,8.747
2626,2655.0,8.747
2627,2656.0,8.158
2628,2657.0,7.165
2629,2658.0,10.096
2630,2659.0,8.158
2631,2660.0,9.791
2632,2661.0,8.988
2633,2662.0,7.246
2634,2663.0,6.763
2635,2664.0,7.355
2636,2665.0,7.355
2637,2666.0,7.314
2638,2667.0,8.788
2639,2668.0,9.55
2640,2669.0,9.349
2641,2670.0,8.908
2642,2671.0,7.355
2643,2672.0,8.788
2644,2673.0,8.747
2645,2674.0,8.158
2646,2675.0,9.109
2647,2676.0,7.475
2648,2677.0,6.924
2649,2678.0,6.964
2650,2679.0,7.395
2651,2680.0,7.676
2652,2681.0,9.67
2653,2682.0,10.897
2654,2683.0,10.697
2655,2684.0,10.016
2656,2685.0,7.326
2657,2686.0,7.998
2658,2687.0,9.831
2659,2688.0,8.44
2660,2689.0,7.475
2661,2690.0,7.515
2662,2691.0,7.085
2663,2692.0,6.843
2664,2693.0,7.515
2665,2694.0,7.475
2666,2695.0,10.737
2667,2696.0,9.975
2668,2697.0,10.657
2669,2698.0,10.897
2670,2699.0,7.435
2671,2700.0,8.707
2672,2702.0,7.877
2673,2703.0,9.309
2674,2704.0,7.958
2675,2705.0,7.877
2676,2706.0,7.205
2677,2707.0,6.803
2678,2708.0,7.274
2679,2709.0,7.435
2680,2710.0,10.016
2681,2711.0,8.948
2682,2712.0,9.855
2683,2713.0,10.296
2684,2714.0,7.757
2685,2715.0,9.47
2686,2716.0,8.359
2687,2717.0,9.309
2688,2718.0,8.667
2689,2719.0,8.158
2690,2720.0,7.165
2691,2721.0,6.722
2692,2722.0,7.355
2693,2723.0,7.475
2694,2724.0,9.028
2695,2725.0,8.078
2696,2726.0,8.747
2697,2727.0,9.389
2698,2728.0,8.078
2699,2729.0,7.676
2700,2730.0,8.988
2701,2731.0,7.917
2702,2732.0,9.43
2703,2733.0,8.587
2704,2734.0,7.205
2705,2735.0,6.642
2706,2736.0,7.355
2707,2737.0,7.314
2708,2738.0,7.246
2709,2739.0,8.627
2710,2740.0,9.47
2711,2741.0,9.028
2712,2742.0,8.627
2713,2743.0,7.286
2714,2744.0,9.229
2715,2745.0,8.627
2716,2746.0,8.667
2717,2747.0,9.55
2718,2748.0,7.407
2719,2749.0,6.924
2720,2750.0,7.286
2721,2751.0,7.435
2722,2752.0,7.556
2723,2753.0,9.51
2724,2754.0,10.817
2725,2755.0,10.336
2726,2756.0,9.63
2727,2757.0,7.395
2728,2758.0,7.837
2729,2759.0,9.775
2730,2760.0,8.199
2731,2761.0,7.475
2732,2762.0,7.515
2733,2763.0,7.085
2734,2764.0,6.883
2735,2765.0,7.435
2736,2766.0,7.395
2737,2767.0,10.897
2738,2768.0,10.216
2739,2769.0,10.737
2740,2770.0,11.0
2741,2771.0,7.355
2742,2772.0,8.507
2743,2773.0,8.158
2744,2774.0,9.109
2745,2775.0,7.837
2746,2776.0,7.837
2747,2777.0,7.165
2748,2778.0,6.883
2749,2779.0,7.246
2750,2780.0,7.475
2751,2781.0,10.176
2752,2782.0,9.229
2753,2783.0,10.016
2754,2784.0,10.456
2755,2785.0,7.676
2756,2786.0,9.51
2757,2787.0,8.199
2758,2788.0,9.59
2759,2789.0,8.467
2760,2790.0,8.158
2761,2791.0,7.085
2762,2792.0,6.722
2763,2794.0,7.286
2764,2795.0,7.475
2765,2796.0,8.988
2766,2797.0,8.078
2767,2798.0,8.747
2768,2799.0,9.389
2769,2800.0,8.038
2770,2801.0,7.676
2771,2802.0,9.028
2772,2803.0,7.917
2773,2804.0,9.47
2774,2805.0,8.587
2775,2806.0,7.246
2776,2807.0,6.642
2777,2808.0,7.395
2778,2809.0,7.314
2779,2810.0,7.395
2780,2811.0,8.52
2781,2812.0,9.269
2782,2813.0,8.868
2783,2814.0,8.507
2784,2815.0,7.246
2785,2816.0,9.55
2786,2817.0,8.48
2787,2818.0,9.028
2788,2819.0,9.47
2789,2820.0,7.395
2790,2821.0,6.883
2791,2822.0,6.924
2792,2823.0,7.395
2793,2824.0,7.556
2794,2825.0,9.975
2795,2826.0,10.777
2796,2827.0,11.08
2797,2828.0,10.336
2798,2829.0,7.326
2799,2830.0,8.078
2800,2831.0,9.43
2801,2832.0,8.507
2802,2833.0,7.515
2803,2834.0,7.556
2804,2835.0,7.165
2805,2836.0,6.803
2806,2837.0,7.596
2807,2838.0,7.435
2808,2839.0,10.536
2809,2840.0,9.71
2810,2841.0,10.416
2811,2842.0,10.737
2812,2843.0,7.596
2813,2844.0,8.988
2814,2845.0,7.958
2815,2846.0,9.735
2816,2847.0,8.199
2817,2848.0,7.958
2818,2849.0,7.165
2819,2850.0,6.763
2820,2851.0,7.395
2821,2852.0,7.475
2822,2853.0,9.67
2823,2854.0,8.359
2824,2855.0,9.47
2825,2856.0,9.935
2826,2857.0,7.917
2827,2858.0,8.747
2828,2859.0,8.707
2829,2860.0,8.587
2830,2861.0,8.868
2831,2862.0,8.319
2832,2863.0,7.125
2833,2864.0,6.642
2834,2865.0,7.355
2835,2866.0,7.596
2836,2867.0,8.239
2837,2868.0,8.4
2838,2869.0,8.747
2839,2870.0,8.788
2840,2871.0,8.158
2841,2872.0,7.205
2842,2873.0,9.55
2843,2874.0,8.078
2844,2875.0,9.775
2845,2876.0,8.988
2846,2877.0,7.246
2847,2878.0,6.803
2848,2879.0,7.234
2849,2880.0,7.435
2850,2881.0,7.556
2851,2882.0,9.51
2852,2883.0,10.897
2853,2884.0,10.336
2854,2886.0,9.67
2855,2887.0,7.355
2856,2888.0,7.837
2857,2889.0,9.855
2858,2890.0,8.199
2859,2891.0,7.515
2860,2892.0,7.515
2861,2893.0,7.165
2862,2894.0,6.883
2863,2895.0,7.435
2864,2896.0,7.355
2865,2897.0,10.897
2866,2898.0,10.336
2867,2899.0,10.857
2868,2900.0,11.08
2869,2901.0,7.355
2870,2902.0,8.547
2871,2903.0,8.44
2872,2904.0,8.948
2873,2905.0,7.757
2874,2906.0,7.757
2875,2907.0,7.165
2876,2908.0,6.843
2877,2909.0,7.246
2878,2910.0,7.435
2879,2911.0,10.216
2880,2912.0,9.269
2881,2913.0,10.056
2882,2914.0,10.496
2883,2915.0,7.676
2884,2916.0,9.43
2885,2917.0,8.158
2886,2918.0,9.67
2887,2919.0,8.426
2888,2920.0,8.118
2889,2921.0,7.125
2890,2922.0,6.682
2891,2923.0,7.274
2892,2924.0,7.556
2893,2925.0,8.828
2894,2926.0,8.199
2895,2927.0,8.587
2896,2928.0,9.269
2897,2929.0,8.078
2898,2930.0,7.395
2899,2931.0,9.149
2900,2932.0,7.958
2901,2933.0,9.63
2902,2934.0,8.667
2903,2935.0,7.246
2904,2936.0,6.682
2905,2937.0,7.314
2906,2938.0,7.274
2907,2939.0,7.234
2908,2940.0,8.667
2909,2941.0,9.389
2910,2942.0,8.948
2911,2943.0,8.587
2912,2944.0,7.246
2913,2945.0,9.349
2914,2946.0,8.587
2915,2947.0,8.788
2916,2948.0,9.55
2917,2949.0,7.395
2918,2950.0,6.843
2919,2951.0,7.314
2920,2952.0,7.395
2921,2953.0,7.596
2922,2954.0,9.47
2923,2955.0,10.977
2924,2956.0,10.336
2925,2957.0,9.775
2926,2958.0,7.355
2927,2959.0,7.917
2928,2960.0,9.855
2929,2961.0,8.239
2930,2962.0,7.475
2931,2963.0,7.515
2932,2964.0,7.085
2933,2965.0,6.803
2934,2966.0,7.596
2935,2967.0,7.395
2936,2968.0,10.496
2937,2969.0,9.59
2938,2970.0,10.296
2939,2971.0,10.576
2940,2972.0,7.636
2941,2973.0,9.269
2942,2974.0,8.118
2943,2975.0,9.59
2944,2976.0,8.467
2945,2977.0,8.118
2946,2978.0,7.125
2947,2980.0,6.642
2948,2981.0,7.314
2949,2982.0,7.515
2950,2983.0,8.52
2951,2984.0,8.279
2952,2985.0,8.667
2953,2986.0,8.707
2954,2987.0,8.158
2955,2988.0,7.165
2956,2989.0,9.751
2957,2990.0,8.199
2958,2991.0,9.51
2959,2992.0,9.309
2960,2993.0,7.395
2961,2994.0,6.803
2962,2995.0,7.355
2963,2996.0,7.395
2964,2997.0,7.475
2965,2998.0,9.349
2966,2999.0,10.737
2967,3000.0,10.176
2968,3001.0,9.67
2969,3002.0,7.326
2970,3003.0,7.837
2971,3004.0,9.855
2972,3005.0,8.319
2973,3006.0,7.475
2974,3007.0,7.515
2975,3008.0,7.125
2976,3009.0,6.803
2977,3010.0,7.556
2978,3011.0,7.395
2979,3012.0,10.536
2980,3013.0,9.59
2981,3014.0,10.296
2982,3015.0,10.576
2983,3016.0,7.676
2984,3017.0,9.149
2985,3018.0,8.078
2986,3019.0,9.871
2987,3020.0,8.359
2988,3021.0,8.038
2989,3022.0,7.165
2990,3023.0,6.763
2991,3024.0,7.435
2992,3025.0,7.475
2993,3026.0,9.59
2994,3027.0,8.199
2995,3028.0,9.349
2996,3029.0,9.815
2997,3030.0,7.837
2998,3031.0,8.56
2999,3032.0,8.707
3000,3033.0,8.4
3001,3034.0,8.948
3002,3035.0,8.4
3003,3036.0,7.165
3004,3037.0,6.561
3005,3038.0,7.326
3006,3039.0,7.556
3007,3040.0,7.797
3008,3041.0,8.587
3009,3042.0,8.948
3010,3043.0,8.667
3011,3044.0,8.279
3012,3045.0,7.165
3013,3046.0,9.831
3014,3047.0,8.279
3015,3048.0,9.43
3016,3049.0,9.269
3017,3050.0,7.274
3018,3051.0,6.803
3019,3052.0,7.355
3020,3053.0,7.435
3021,3054.0,7.435
3022,3055.0,9.189
3023,3056.0,10.256
3024,3057.0,9.775
3025,3058.0,9.47
3026,3059.0,7.395
3027,3060.0,7.757
3028,3061.0,9.389
3029,3062.0,7.998
3030,3063.0,8.078
3031,3064.0,7.475
3032,3065.0,7.085
3033,3066.0,6.803
3034,3067.0,7.435
3035,3068.0,7.395
3036,3069.0,10.857
3037,3070.0,10.176
3038,3071.0,10.737
3039,3073.0,11.017
3040,3074.0,7.355
3041,3075.0,8.547
3042,3076.0,8.118
3043,3077.0,9.109
3044,3078.0,7.837
3045,3079.0,7.837
3046,3080.0,7.125
3047,3081.0,6.803
3048,3082.0,7.326
3049,3083.0,7.475
3050,3084.0,9.935
3051,3085.0,8.868
3052,3086.0,9.751
3053,3087.0,10.256
3054,3088.0,7.757
3055,3089.0,9.309
3056,3090.0,8.4
3057,3091.0,9.189
3058,3092.0,8.707
3059,3093.0,8.239
3060,3094.0,7.085
3061,3095.0,6.722
3062,3096.0,7.355
3063,3097.0,7.636
3064,3098.0,8.359
3065,3099.0,8.359
3066,3100.0,8.667
3067,3101.0,8.868
3068,3102.0,8.078
3069,3103.0,7.165
3070,3104.0,9.43
3071,3105.0,8.038
3072,3106.0,9.895
3073,3107.0,8.868
3074,3108.0,7.246
3075,3109.0,6.763
3076,3110.0,7.355
3077,3111.0,7.366
3078,3112.0,7.314
3079,3113.0,8.707
3080,3114.0,9.51
3081,3115.0,9.229
3082,3116.0,8.788
3083,3117.0,7.326
3084,3118.0,8.948
3085,3119.0,8.707
3086,3120.0,8.4
3087,3121.0,9.269
3088,3122.0,7.435
3089,3123.0,6.924
3090,3124.0,7.355
3091,3125.0,7.395
3092,3126.0,7.636
3093,3127.0,9.47
3094,3128.0,11.017
3095,3129.0,10.376
3096,3130.0,9.775
3097,3131.0,7.326
3098,3132.0,7.837
3099,3133.0,9.855
3100,3134.0,8.239
3101,3135.0,7.475
3102,3136.0,7.515
3103,3137.0,7.085
3104,3138.0,6.843
3105,3139.0,7.475
3106,3140.0,7.435
3107,3141.0,10.857
3108,3142.0,10.136
3109,3143.0,10.737
3110,3144.0,10.937
3111,3145.0,7.395
3112,3146.0,8.56
3113,3147.0,8.078
3114,3148.0,9.149
3115,3149.0,7.877
3116,3150.0,7.837
3117,3151.0,7.165
3118,3152.0,6.722
3119,3153.0,7.314
3120,3154.0,7.435
3121,3155.0,9.815
3122,3156.0,8.547
3123,3157.0,9.63
3124,3158.0,10.056
3125,3159.0,7.837
3126,3160.0,8.988
3127,3161.0,8.547
3128,3162.0,8.868
3129,3163.0,8.788
3130,3164.0,8.279
3131,3166.0,7.125
3132,3167.0,6.521
3133,3168.0,7.355
3134,3169.0,7.314
3135,3170.0,7.636
3136,3171.0,8.667
3137,3172.0,9.068
3138,3173.0,8.707
3139,3174.0,8.359
3140,3175.0,7.205
3141,3176.0,9.751
3142,3177.0,8.359
3143,3178.0,9.309
3144,3179.0,9.349
3145,3180.0,7.274
3146,3181.0,6.803
3147,3182.0,7.314
3148,3183.0,7.395
3149,3184.0,7.435
3150,3185.0,9.269
3151,3186.0,10.456
3152,3187.0,9.935
3153,3188.0,9.55
3154,3189.0,7.355
3155,3190.0,7.757
3156,3191.0,9.47
3157,3192.0,7.998
3158,3193.0,7.877
3159,3194.0,7.475
3160,3195.0,7.125
3161,3196.0,6.964
3162,3197.0,7.515
3163,3198.0,7.274
3164,3199.0,10.176
3165,3200.0,10.657
3166,3201.0,11.04
3167,3202.0,10.536
3168,3203.0,7.314
3169,3204.0,8.199
3170,3205.0,9.229
3171,3206.0,8.667
3172,3207.0,7.556
3173,3208.0,7.596
3174,3209.0,7.165
3175,3210.0,6.924
3176,3211.0,7.435
3177,3212.0,7.435
3178,3213.0,10.777
3179,3214.0,10.136
3180,3215.0,10.697
3181,3216.0,10.977
3182,3217.0,7.395
3183,3218.0,8.547
3184,3219.0,7.998
3185,3220.0,9.189
3186,3221.0,7.877
3187,3222.0,7.877
3188,3223.0,7.125
3189,3224.0,6.803
3190,3225.0,7.274
3191,3226.0,7.475
3192,3227.0,9.895
3193,3228.0,8.868
3194,3229.0,9.751
3195,3230.0,10.256
3196,3231.0,7.757
3197,3232.0,9.229
3198,3233.0,8.4
3199,3234.0,9.109
3200,3235.0,8.707
3201,3236.0,8.199
3202,3237.0,7.085
3203,3238.0,6.642
3204,3239.0,7.314
3205,3240.0,7.515
3206,3241.0,8.747
3207,3242.0,8.158
3208,3243.0,8.547
3209,3244.0,9.189
3210,3245.0,8.038
3211,3246.0,7.314
3212,3247.0,9.149
3213,3248.0,7.958
3214,3249.0,9.67
3215,3250.0,8.707
3216,3251.0,7.274
3217,3252.0,6.722
3218,3253.0,7.355
3219,3254.0,7.355
3220,3255.0,7.314
3221,3256.0,8.747
3222,3257.0,9.51
3223,3259.0,9.269
3224,3260.0,8.908
3225,3261.0,7.355
3226,3262.0,8.908
3227,3263.0,8.707
3228,3264.0,8.279
3229,3265.0,9.149
3230,3266.0,7.435
3231,3267.0,6.924
3232,3268.0,7.314
3233,3269.0,7.395
3234,3270.0,7.515
3235,3271.0,9.43
3236,3272.0,10.817
3237,3273.0,10.216
3238,3274.0,9.63
3239,3275.0,7.314
3240,3276.0,7.837
3241,3277.0,9.751
3242,3278.0,8.158
3243,3279.0,7.515
3244,3280.0,7.515
3245,3281.0,7.085
3246,3282.0,6.803
3247,3283.0,7.596
3248,3284.0,7.395
3249,3285.0,10.576
3250,3286.0,9.751
3251,3287.0,10.456
3252,3288.0,10.737
3253,3289.0,7.596
3254,3290.0,8.948
3255,3291.0,7.998
3256,3292.0,9.71
3257,3293.0,8.158
3258,3294.0,7.958
3259,3295.0,7.205
3260,3296.0,6.682
3261,3297.0,7.435
3262,3298.0,7.435
3263,3299.0,9.47
3264,3300.0,8.118
3265,3301.0,9.309
3266,3302.0,9.855
3267,3303.0,7.877
3268,3304.0,8.52
3269,3305.0,8.667
3270,3306.0,8.359
3271,3307.0,8.988
3272,3308.0,8.4
3273,3309.0,7.125
3274,3310.0,6.642
3275,3311.0,7.355
3276,3312.0,7.636
3277,3313.0,8.158
3278,3314.0,8.4
3279,3315.0,8.747
3280,3316.0,8.747
3281,3317.0,8.158
3282,3318.0,7.205
3283,3319.0,9.59
3284,3320.0,8.158
3285,3321.0,9.791
3286,3322.0,9.028
3287,3323.0,7.246
3288,3324.0,6.843
3289,3325.0,7.355
3290,3326.0,7.435
3291,3327.0,7.395
3292,3328.0,9.149
3293,3329.0,10.136
3294,3330.0,9.67
3295,3331.0,9.349
3296,3332.0,7.314
3297,3333.0,7.837
3298,3334.0,9.189
3299,3335.0,7.958
3300,3336.0,8.239
3301,3337.0,7.475
3302,3338.0,7.085
3303,3339.0,6.883
3304,3340.0,7.435
3305,3341.0,7.274
3306,3342.0,10.416
3307,3343.0,10.536
3308,3344.0,11.017
3309,3345.0,10.857
3310,3346.0,7.314
3311,3347.0,8.319
3312,3348.0,8.988
3313,3349.0,8.707
3314,3351.0,7.636
3315,3352.0,7.676
3316,3353.0,7.205
3317,3354.0,6.722
3318,3355.0,7.274
3319,3356.0,7.475
3320,3357.0,9.815
3321,3358.0,8.747
3322,3359.0,9.67
3323,3360.0,10.176
3324,3361.0,7.797
3325,3362.0,9.189
3326,3363.0,8.44
3327,3364.0,9.068
3328,3365.0,8.707
3329,3366.0,8.239
3330,3367.0,7.125
3331,3368.0,6.642
3332,3369.0,7.355
3333,3370.0,7.556
3334,3371.0,8.44
3335,3372.0,8.319
3336,3373.0,8.667
3337,3374.0,8.908
3338,3375.0,8.078
3339,3376.0,7.165
3340,3377.0,9.43
3341,3378.0,7.998
3342,3379.0,9.895
3343,3380.0,8.868
3344,3381.0,7.234
3345,3382.0,6.722
3346,3383.0,7.355
3347,3384.0,7.355
3348,3385.0,7.314
3349,3386.0,8.788
3350,3387.0,9.59
3351,3388.0,9.349
3352,3389.0,8.948
3353,3390.0,7.355
3354,3391.0,8.707
3355,3392.0,8.788
3356,3393.0,8.118
3357,3394.0,8.988
3358,3395.0,7.475
3359,3396.0,6.964
3360,3397.0,6.964
3361,3398.0,7.435
3362,3399.0,7.314
3363,3400.0,10.336
3364,3401.0,10.536
3365,3402.0,11.017
3366,3403.0,10.737
3367,3404.0,7.314
3368,3405.0,8.239
3369,3406.0,9.068
3370,3407.0,8.747
3371,3408.0,7.596
3372,3409.0,7.636
3373,3410.0,7.205
3374,3411.0,6.642
3375,3412.0,7.314
3376,3413.0,7.435
3377,3414.0,9.775
3378,3415.0,8.587
3379,3416.0,9.63
3380,3417.0,10.056
3381,3418.0,7.837
3382,3419.0,9.028
3383,3420.0,8.547
3384,3421.0,8.868
3385,3422.0,8.747
3386,3423.0,8.239
3387,3424.0,7.165
3388,3425.0,6.642
3389,3426.0,7.395
3390,3427.0,7.636
3391,3428.0,8.158
3392,3429.0,8.44
3393,3430.0,8.868
3394,3431.0,8.587
3395,3432.0,8.239
3396,3433.0,7.165
3397,3434.0,9.67
3398,3435.0,8.158
3399,3436.0,9.63
3400,3437.0,9.109
3401,3438.0,7.286
3402,3439.0,6.803
3403,3440.0,7.355
3404,3441.0,7.435
3405,3443.0,7.314
3406,3444.0,8.908
3407,3445.0,9.735
3408,3446.0,9.55
3409,3447.0,9.028
3410,3448.0,7.435
3411,3449.0,8.4
3412,3450.0,8.948
3413,3451.0,7.877
3414,3452.0,8.828
3415,3453.0,7.435
3416,3454.0,7.004
3417,3455.0,6.199
3418,3456.0,7.274
3419,3457.0,7.475
3420,3458.0,8.868
3421,3459.0,8.118
3422,3460.0,8.627
3423,3461.0,9.229
3424,3462.0,8.078
3425,3463.0,7.435
3426,3464.0,9.149
3427,3465.0,7.917
3428,3466.0,9.63
3429,3467.0,8.667
3430,3468.0,7.246
3431,3469.0,6.682
3432,3470.0,7.314
3433,3471.0,7.395
3434,3472.0,7.395
3435,3473.0,9.028
3436,3474.0,10.016
3437,3475.0,9.59
3438,3476.0,9.269
3439,3477.0,7.355
3440,3478.0,8.038
3441,3479.0,9.149
3442,3480.0,7.917
3443,3481.0,8.44
3444,3482.0,7.475
3445,3483.0,7.085
3446,3484.0,6.843
3447,3485.0,7.435
3448,3486.0,7.286
3449,3487.0,10.296
3450,3488.0,10.616
3451,3489.0,11.08
3452,3490.0,10.616
3453,3491.0,7.355
3454,3492.0,8.199
3455,3493.0,9.229
3456,3494.0,8.667
3457,3495.0,7.636
3458,3496.0,7.596
3459,3497.0,7.205
3460,3498.0,6.883
3461,3499.0,7.636
3462,3500.0,7.435
3463,3501.0,10.657
3464,3502.0,9.855
3465,3503.0,10.456
3466,3504.0,10.817
3467,3505.0,7.515
3468,3506.0,8.828
3469,3507.0,7.917
3470,3508.0,9.55
3471,3509.0,8.078
3472,3510.0,7.998
3473,3511.0,7.125
3474,3512.0,6.803
3475,3513.0,7.274
3476,3514.0,7.435
3477,3515.0,9.895
3478,3516.0,8.747
3479,3517.0,9.67
3480,3518.0,10.176
3481,3519.0,7.797
3482,3520.0,9.229
3483,3521.0,8.44
3484,3522.0,9.068
3485,3523.0,8.707
3486,3524.0,8.279
3487,3525.0,7.085
3488,3526.0,6.682
3489,3527.0,7.355
3490,3528.0,7.676
3491,3529.0,8.44
3492,3530.0,8.4
3493,3531.0,8.667
3494,3532.0,8.948
3495,3533.0,8.078
3496,3535.0,7.165
3497,3536.0,9.43
3498,3537.0,8.038
3499,3538.0,9.855
3500,3539.0,8.908
3501,3540.0,7.246
3502,3541.0,6.763
3503,3542.0,7.355
3504,3543.0,7.355
3505,3544.0,7.314
3506,3545.0,8.707
3507,3546.0,9.51
3508,3547.0,9.269
3509,3548.0,8.788
3510,3549.0,7.314
3511,3550.0,8.988
3512,3551.0,8.747
3513,3552.0,8.4
3514,3553.0,9.309
3515,3554.0,7.435
3516,3555.0,6.924
3517,3556.0,7.004
3518,3557.0,7.395
3519,3558.0,7.676
3520,3559.0,9.63
3521,3560.0,10.937
3522,3561.0,10.657
3523,3562.0,9.975
3524,3563.0,7.314
3525,3564.0,7.998
3526,3565.0,9.815
3527,3566.0,8.4
3528,3567.0,7.475
3529,3568.0,7.515
3530,3569.0,7.165
3531,3570.0,6.883
3532,3571.0,7.435
3533,3572.0,7.355
3534,3573.0,10.897
3535,3574.0,10.296
3536,3575.0,10.777
3537,3576.0,11.16
3538,3577.0,7.395
3539,3578.0,8.48
3540,3579.0,8.279
3541,3580.0,9.068
3542,3581.0,7.837
3543,3582.0,7.797
3544,3583.0,7.165
3545,3584.0,6.803
3546,3585.0,7.234
3547,3586.0,7.435
3548,3587.0,10.216
3549,3588.0,9.269
3550,3589.0,10.096
3551,3590.0,10.456
3552,3591.0,7.716
3553,3592.0,9.43
3554,3593.0,8.199
3555,3594.0,9.63
3556,3595.0,8.507
3557,3596.0,8.078
3558,3597.0,7.165
3559,3598.0,6.682
3560,3599.0,7.286
3561,3600.0,7.435
3562,3601.0,9.109
3563,3602.0,8.038
3564,3603.0,8.908
3565,3604.0,9.51
3566,3605.0,7.958
3567,3606.0,7.917
3568,3607.0,8.868
3569,3608.0,7.877
3570,3609.0,9.309
3571,3610.0,8.507
3572,3611.0,7.205
3573,3612.0,6.642
3574,3613.0,7.314
3575,3614.0,7.274
3576,3615.0,7.355
3577,3616.0,8.547
3578,3617.0,9.229
3579,3618.0,8.908
3580,3619.0,8.507
3581,3620.0,7.274
3582,3621.0,9.47
3583,3622.0,8.507
3584,3623.0,8.948
3585,3624.0,9.51
3586,3625.0,7.355
3587,3626.0,6.883
3588,3627.0,7.355
3589,3629.0,7.435
3590,3630.0,7.475
3591,3631.0,9.309
3592,3632.0,10.456
3593,3633.0,9.935
3594,3634.0,9.59
3595,3635.0,7.326
3596,3636.0,7.757
3597,3637.0,9.47
3598,3638.0,8.038
3599,3639.0,7.797
3600,3640.0,7.475
3601,3641.0,7.044
3602,3642.0,6.883
3603,3643.0,7.395
3604,3644.0,7.355
3605,3645.0,10.897
3606,3646.0,10.336
3607,3647.0,10.817
3608,3648.0,11.08
3609,3649.0,7.355
3610,3650.0,8.56
3611,3651.0,8.44
3612,3652.0,8.988
3613,3653.0,7.757
3614,3654.0,7.757
3615,3655.0,7.165
3616,3656.0,6.722
3617,3657.0,7.286
3618,3658.0,7.475
3619,3659.0,9.791
3620,3660.0,8.627
3621,3661.0,9.59
3622,3662.0,10.136
3623,3663.0,7.797
3624,3664.0,9.068
3625,3665.0,8.507
3626,3666.0,8.948
3627,3667.0,8.707
3628,3668.0,8.279
3629,3669.0,7.125
3630,3670.0,6.642
3631,3671.0,7.355
3632,3672.0,7.596
3633,3673.0,8.239
3634,3674.0,8.359
3635,3675.0,8.788
3636,3676.0,8.747
3637,3677.0,8.158
3638,3678.0,7.165
3639,3679.0,9.59
3640,3680.0,8.118
3641,3681.0,9.815
3642,3682.0,8.988
3643,3683.0,7.286
3644,3684.0,6.722
3645,3685.0,7.355
3646,3686.0,7.395
3647,3687.0,7.355
3648,3688.0,8.828
3649,3689.0,9.71
3650,3690.0,9.47
3651,3691.0,9.028
3652,3692.0,7.355
3653,3693.0,8.601
3654,3694.0,8.868
3655,3695.0,7.958
3656,3696.0,8.868
3657,3697.0,7.515
3658,3698.0,6.964
3659,3699.0,6.964
3660,3700.0,7.395
3661,3701.0,7.676
3662,3702.0,9.815
3663,3703.0,10.817
3664,3704.0,10.937
3665,3705.0,10.136
3666,3706.0,7.314
3667,3707.0,8.038
3668,3708.0,9.63
3669,3709.0,8.467
3670,3710.0,7.475
3671,3711.0,7.556
3672,3712.0,7.125
3673,3713.0,6.843
3674,3714.0,7.556
3675,3715.0,7.395
3676,3716.0,10.657
3677,3717.0,9.855
3678,3718.0,10.536
3679,3719.0,10.817
3680,3720.0,7.556
3681,3722.0,8.828
3682,3723.0,7.917
3683,3724.0,9.55
3684,3725.0,8.118
3685,3726.0,7.958
3686,3727.0,7.205
3687,3728.0,6.763
3688,3729.0,7.395
3689,3730.0,7.435
3690,3731.0,9.815
3691,3732.0,8.507
3692,3733.0,9.59
3693,3734.0,10.016
3694,3735.0,7.797
3695,3736.0,8.948
3696,3737.0,8.547
3697,3738.0,8.828
3698,3739.0,8.747
3699,3740.0,8.319
3700,3741.0,7.125
3701,3742.0,6.682
3702,3743.0,7.395
3703,3744.0,7.636
3704,3745.0,8.158
3705,3746.0,8.44
3706,3747.0,8.747
3707,3748.0,8.707
3708,3749.0,8.158
3709,3750.0,7.165
3710,3751.0,9.63
3711,3752.0,8.158
3712,3753.0,9.67
3713,3754.0,9.068
3714,3755.0,7.246
3715,3756.0,6.803
3716,3757.0,7.314
3717,3758.0,7.435
3718,3759.0,7.395
3719,3760.0,9.068
3720,3761.0,9.935
3721,3762.0,9.67
3722,3763.0,9.189
3723,3764.0,7.395
3724,3765.0,8.158
3725,3766.0,9.068
3726,3767.0,7.917
3727,3768.0,8.507
3728,3769.0,7.475
3729,3770.0,7.044
3730,3771.0,6.883
3731,3772.0,7.435
3732,3773.0,7.274
3733,3774.0,10.296
3734,3775.0,10.576
3735,3776.0,11.057
3736,3777.0,10.737
3737,3778.0,7.314
3738,3779.0,8.279
3739,3780.0,9.109
3740,3781.0,8.747
3741,3782.0,7.596
3742,3783.0,7.636
3743,3784.0,7.165
3744,3785.0,6.803
3745,3786.0,7.205
3746,3787.0,7.435
3747,3788.0,10.296
3748,3789.0,9.43
3749,3790.0,10.176
3750,3791.0,10.576
3751,3792.0,7.636
3752,3793.0,9.309
3753,3794.0,8.078
3754,3795.0,9.815
3755,3796.0,8.359
3756,3797.0,8.118
3757,3798.0,7.125
3758,3799.0,6.642
3759,3800.0,7.274
3760,3801.0,7.435
3761,3802.0,9.028
3762,3803.0,8.038
3763,3804.0,8.788
3764,3805.0,9.43
3765,3806.0,7.998
3766,3807.0,7.716
3767,3808.0,8.988
3768,3809.0,7.877
3769,3810.0,9.43
3770,3811.0,8.587
3771,3812.0,7.246
3772,3813.0,6.642
3773,3815.0,7.355
3774,3816.0,7.314
3775,3817.0,7.274
3776,3818.0,8.627
3777,3819.0,9.55
3778,3820.0,9.068
3779,3821.0,8.707
3780,3822.0,7.274
3781,3823.0,9.229
3782,3824.0,8.667
3783,3825.0,8.667
3784,3826.0,9.47
3785,3827.0,7.435
3786,3828.0,6.883
3787,3829.0,7.435
3788,3830.0,7.395
3789,3831.0,7.596
3790,3832.0,9.309
3791,3833.0,10.576
3792,3834.0,10.016
3793,3835.0,9.67
3794,3836.0,7.314
3795,3837.0,7.797
3796,3838.0,9.59
3797,3839.0,8.078
3798,3840.0,7.636
3799,3841.0,7.475
3800,3842.0,7.085
3801,3843.0,6.883
3802,3844.0,7.435
3803,3845.0,7.314
3804,3846.0,10.496
3805,3847.0,10.536
3806,3848.0,10.977
3807,3849.0,10.857
3808,3850.0,7.314
3809,3851.0,8.319
3810,3852.0,8.948
3811,3853.0,8.707
3812,3854.0,7.676
3813,3855.0,7.636
3814,3856.0,7.205
3815,3857.0,6.843
3816,3858.0,7.676
3817,3859.0,7.435
3818,3860.0,10.536
3819,3861.0,9.63
3820,3862.0,10.416
3821,3863.0,10.657
3822,3864.0,7.636
3823,3865.0,9.028
3824,3866.0,7.998
3825,3867.0,9.855
3826,3868.0,8.199
3827,3869.0,7.998
3828,3870.0,7.125
3829,3871.0,6.682
3830,3872.0,7.286
3831,3873.0,7.515
3832,3874.0,9.389
3833,3875.0,7.998
3834,3876.0,9.189
3835,3877.0,9.751
3836,3878.0,7.877
3837,3879.0,8.4
3838,3880.0,8.667
3839,3881.0,8.239
3840,3882.0,9.068
3841,3883.0,8.44
3842,3884.0,7.165
3843,3885.0,6.642
3844,3886.0,7.314
3845,3887.0,7.355
3846,3888.0,7.234
3847,3889.0,8.667
3848,3890.0,9.43
3849,3891.0,9.068
3850,3892.0,8.587
3851,3893.0,7.314
3852,3894.0,9.269
3853,3895.0,8.667
3854,3896.0,8.707
3855,3897.0,9.55
3856,3898.0,7.395
3857,3899.0,6.883
3858,3900.0,7.314
3859,3901.0,7.395
3860,3902.0,7.515
3861,3903.0,9.389
3862,3904.0,10.737
3863,3905.0,10.136
3864,3906.0,9.59
3865,3907.0,7.314
3866,3909.0,7.837
3867,3910.0,9.63
3868,3911.0,8.118
3869,3912.0,7.475
3870,3913.0,7.515
3871,3914.0,7.044
3872,3915.0,6.924
3873,3916.0,7.395
3874,3917.0,7.395
3875,3918.0,10.937
3876,3919.0,10.336
3877,3920.0,10.817
3878,3921.0,11.12
3879,3922.0,7.355
3880,3923.0,8.547
3881,3924.0,8.4
3882,3925.0,9.028
3883,3926.0,7.797
3884,3927.0,7.797
3885,3928.0,7.165
3886,3929.0,6.803
3887,3930.0,7.286
3888,3931.0,7.435
3889,3932.0,9.935
3890,3933.0,8.828
3891,3934.0,9.791
3892,3935.0,10.216
3893,3936.0,7.757
3894,3937.0,9.269
3895,3938.0,8.4
3896,3939.0,9.189
3897,3940.0,8.707
3898,3941.0,8.199
3899,3942.0,7.085
3900,3943.0,6.722
3901,3944.0,7.355
3902,3945.0,7.556
3903,3946.0,8.667
3904,3947.0,8.279
3905,3948.0,8.627
3906,3949.0,9.068
3907,3950.0,8.199
3908,3951.0,7.205
3909,3952.0,9.269
3910,3953.0,7.958
3911,3954.0,9.791
3912,3955.0,8.747
3913,3956.0,7.246
3914,3957.0,6.722
3915,3958.0,7.395
3916,3959.0,7.314
3917,3960.0,7.355
3918,3961.0,8.601
3919,3962.0,9.43
3920,3963.0,8.988
3921,3964.0,8.627
3922,3965.0,7.286
3923,3966.0,9.349
3924,3967.0,8.547
3925,3968.0,8.788
3926,3969.0,9.55
3927,3970.0,7.355
3928,3971.0,6.883
3929,3972.0,7.314
3930,3973.0,7.395
3931,3974.0,7.475
3932,3975.0,9.229
3933,3976.0,10.416
3934,3977.0,9.855
3935,3978.0,9.59
3936,3979.0,7.355
3937,3980.0,7.797
3938,3981.0,9.43
3939,3982.0,7.998
3940,3983.0,7.917
3941,3984.0,7.475
3942,3985.0,7.085
3943,3986.0,6.883
3944,3987.0,7.475
3945,3988.0,7.286
3946,3989.0,10.456
3947,3990.0,10.536
3948,3991.0,11.04
3949,3992.0,10.817
3950,3993.0,7.355
3951,3994.0,8.279
3952,3995.0,9.028
3953,3996.0,8.667
3954,3997.0,7.636
3955,3998.0,7.636
3956,3999.0,7.165
3957,4000.0,6.883
3958,4002.0,7.676
3959,4003.0,7.435
3960,4004.0,10.536
3961,4005.0,9.791
3962,4006.0,10.576
3963,4007.0,10.777
3964,4008.0,7.556
3965,4009.0,8.948
3966,4010.0,7.958
3967,4011.0,9.67
3968,4012.0,8.118
3969,4013.0,7.958
3970,4014.0,7.246
3971,4015.0,6.803
3972,4016.0,7.355
3973,4017.0,7.475
3974,4018.0,9.71
3975,4019.0,8.56
3976,4020.0,9.51
3977,4021.0,10.056
3978,4022.0,7.837
3979,4023.0,8.948
3980,4024.0,8.547
3981,4025.0,8.788
3982,4026.0,8.747
3983,4027.0,8.4
3984,4028.0,7.125
3985,4029.0,6.722
3986,4030.0,7.407
3987,4031.0,7.636
3988,4032.0,8.199
3989,4033.0,8.4
3990,4034.0,8.788
3991,4035.0,8.667
3992,4036.0,8.158
3993,4037.0,7.165
3994,4038.0,9.59
3995,4039.0,8.118
3996,4040.0,9.751
3997,4041.0,9.028
3998,4042.0,7.246
3999,4043.0,6.763
4000,4044.0,7.355
4001,4045.0,7.355
4002,4046.0,7.314
4003,4047.0,8.788
4004,4048.0,9.55
4005,4049.0,9.349
4006,4050.0,8.908
4007,4051.0,7.355
4008,4052.0,8.747
4009,4053.0,8.747
4010,4054.0,8.118
4011,4055.0,9.068
4012,4056.0,7.475
4013,4057.0,6.924
4014,4058.0,7.355
4015,4059.0,7.395
4016,4060.0,7.596
4017,4061.0,9.43
4018,4062.0,10.897
4019,4063.0,10.216
4020,4064.0,9.63
4021,4065.0,7.355
4022,4066.0,7.837
4023,4067.0,9.751
4024,4068.0,8.158
4025,4069.0,7.475
4026,4070.0,7.515
4027,4071.0,7.085
4028,4072.0,6.924
4029,4073.0,7.435
4030,4074.0,7.274
4031,4075.0,10.496
4032,4076.0,10.496
4033,4077.0,11.017
4034,4078.0,10.857
4035,4079.0,7.314
4036,4080.0,8.279
4037,4081.0,8.948
4038,4082.0,8.667
4039,4083.0,7.636
4040,4084.0,7.636
4041,4085.0,7.205
4042,4086.0,6.803
4043,4087.0,7.676
4044,4088.0,7.395
4045,4089.0,10.496
4046,4090.0,9.55
4047,4091.0,10.336
4048,4092.0,10.657
4049,4093.0,7.676
4050,4095.0,9.109
4051,4096.0,8.078
4052,4097.0,9.895
4053,4098.0,8.319
4054,4099.0,8.038
4055,4100.0,7.165
4056,4101.0,6.763
4057,4102.0,7.355
4058,4103.0,7.435
4059,4104.0,9.63
4060,4105.0,8.359
4061,4106.0,9.43
4062,4107.0,9.935
4063,4108.0,7.837
4064,4109.0,8.788
4065,4110.0,8.627
4066,4111.0,8.627
4067,4112.0,8.828
4068,4113.0,8.359
4069,4114.0,7.125
4070,4115.0,6.561
4071,4116.0,7.326
4072,4117.0,7.355
4073,4118.0,7.246
4074,4119.0,8.707
4075,4120.0,9.55
4076,4121.0,9.149
4077,4122.0,8.667
4078,4123.0,7.314
4079,4124.0,9.149
4080,4125.0,8.707
4081,4126.0,8.587
4082,4127.0,9.55
4083,4128.0,7.435
4084,4129.0,7.004
4085,4130.0,7.274
4086,4131.0,7.475
4087,4132.0,7.556
4088,4133.0,9.47
4089,4134.0,10.937
4090,4135.0,10.416
4091,4136.0,9.735
4092,4137.0,7.314
4093,4138.0,7.837
4094,4139.0,9.895
4095,4140.0,8.279
4096,4141.0,7.475
4097,4142.0,7.515
4098,4143.0,7.085
4099,4144.0,6.803
4100,4145.0,7.515
4101,4146.0,7.435
4102,4147.0,10.657
4103,4148.0,9.935
4104,4149.0,10.536
4105,4150.0,10.897
4106,4151.0,7.475
4107,4152.0,8.788
4108,4153.0,7.877
4109,4154.0,9.47
4110,4155.0,7.998
4111,4156.0,7.998
4112,4157.0,7.165
4113,4158.0,6.763
4114,4159.0,7.355
4115,4160.0,7.515
4116,4161.0,9.67
4117,4162.0,8.52
4118,4163.0,9.51
4119,4164.0,10.056
4120,4165.0,7.837
4121,4166.0,8.908
4122,4167.0,8.587
4123,4168.0,8.707
4124,4169.0,8.828
4125,4170.0,8.279
4126,4171.0,7.125
4127,4172.0,6.682
4128,4173.0,7.355
4129,4174.0,7.515
4130,4175.0,8.627
4131,4176.0,8.199
4132,4177.0,8.587
4133,4178.0,9.109
4134,4179.0,8.078
4135,4180.0,7.205
4136,4181.0,9.229
4137,4182.0,7.958
4138,4183.0,9.695
4139,4184.0,8.707
4140,4186.0,7.286
4141,4187.0,6.722
4142,4188.0,7.395
4143,4189.0,7.274
4144,4190.0,7.475
4145,4191.0,8.547
4146,4192.0,9.149
4147,4193.0,8.747
4148,4194.0,8.467
4149,4195.0,7.234
4150,4196.0,9.751
4151,4197.0,8.4
4152,4198.0,9.229
4153,4199.0,9.389
4154,4200.0,7.395
4155,4201.0,6.843
4156,4202.0,7.395
4157,4203.0,7.395
4158,4204.0,7.355
4159,4205.0,8.988
4160,4206.0,9.895
4161,4207.0,9.67
4162,4208.0,9.149
4163,4209.0,7.326
4164,4210.0,8.158
4165,4211.0,9.028
4166,4212.0,7.917
4167,4213.0,8.587
4168,4214.0,7.435
4169,4215.0,7.044
4170,4216.0,6.924
4171,4217.0,7.475
4172,4218.0,7.435
4173,4219.0,10.016
4174,4220.0,10.697
4175,4221.0,11.08
4176,4222.0,10.376
4177,4223.0,7.355
4178,4224.0,8.118
4179,4225.0,9.47
4180,4226.0,8.547
4181,4227.0,7.556
4182,4228.0,7.556
4183,4229.0,7.205
4184,4230.0,6.843
4185,4231.0,7.556
4186,4232.0,7.435
4187,4233.0,10.777
4188,4234.0,9.975
4189,4235.0,10.657
4190,4236.0,10.897
4191,4237.0,7.475
4192,4238.0,8.707
4193,4239.0,7.877
4194,4240.0,9.389
4195,4241.0,7.958
4196,4242.0,7.917
4197,4243.0,7.165
4198,4244.0,6.803
4199,4245.0,7.274
4200,4246.0,7.475
4201,4247.0,10.016
4202,4248.0,8.908
4203,4249.0,9.815
4204,4250.0,10.256
4205,4251.0,7.716
4206,4252.0,9.389
4207,4253.0,8.359
4208,4254.0,9.269
4209,4255.0,8.627
4210,4256.0,8.199
4211,4257.0,7.085
4212,4258.0,6.763
4213,4259.0,7.246
4214,4260.0,7.515
4215,4261.0,8.988
4216,4262.0,8.118
4217,4263.0,8.788
4218,4264.0,9.47
4219,4265.0,7.998
4220,4266.0,7.837
4221,4267.0,8.988
4222,4268.0,7.958
4223,4269.0,9.43
4224,4270.0,8.547
4225,4271.0,7.205
4226,4272.0,6.642
4227,4273.0,7.355
4228,4274.0,7.286
4229,4275.0,7.475
4230,4276.0,8.587
4231,4277.0,9.149
4232,4279.0,8.747
4233,4280.0,8.44
4234,4281.0,7.205
4235,4282.0,9.71
4236,4283.0,8.4
4237,4284.0,9.229
4238,4285.0,9.47
4239,4286.0,7.355
4240,4287.0,6.843
4241,4288.0,7.395
4242,4289.0,7.395
4243,4290.0,7.435
4244,4291.0,9.109
4245,4292.0,10.176
4246,4293.0,9.63
4247,4294.0,9.389
4248,4295.0,7.314
4249,4296.0,7.917
4250,4297.0,9.189
4251,4298.0,7.998
4252,4299.0,8.279
4253,4300.0,7.515
4254,4301.0,7.085
4255,4302.0,7.004
4256,4303.0,7.435
4257,4304.0,7.716
4258,4305.0,9.895
4259,4306.0,10.777
4260,4307.0,10.937
4261,4308.0,10.176
4262,4309.0,7.314
4263,4310.0,8.038
4264,4311.0,9.59
4265,4312.0,8.48
4266,4313.0,7.475
4267,4314.0,7.556
4268,4315.0,7.125
4269,4316.0,6.883
4270,4317.0,7.475
4271,4318.0,7.395
4272,4319.0,10.817
4273,4320.0,10.096
4274,4321.0,10.737
4275,4322.0,10.977
4276,4323.0,7.435
4277,4324.0,8.587
4278,4325.0,7.998
4279,4326.0,9.189
4280,4327.0,7.958
4281,4328.0,7.837
4282,4329.0,7.205
4283,4330.0,6.763
4284,4331.0,7.314
4285,4332.0,7.435
4286,4333.0,10.096
4287,4334.0,8.988
4288,4335.0,9.935
4289,4336.0,10.296
4290,4337.0,7.757
4291,4338.0,9.47
4292,4339.0,8.319
4293,4340.0,9.309
4294,4341.0,8.587
4295,4342.0,8.158
4296,4343.0,7.085
4297,4344.0,6.682
4298,4345.0,7.274
4299,4346.0,7.475
4300,4347.0,8.908
4301,4348.0,8.118
4302,4349.0,8.627
4303,4350.0,9.309
4304,4351.0,8.038
4305,4352.0,7.556
4306,4353.0,9.068
4307,4354.0,7.958
4308,4355.0,9.51
4309,4356.0,8.667
4310,4357.0,7.194
4311,4358.0,6.722
4312,4359.0,7.314
4313,4360.0,7.314
4314,4361.0,7.314
4315,4362.0,8.587
4316,4363.0,9.309
4317,4364.0,8.988
4318,4365.0,8.547
4319,4366.0,7.326
4320,4367.0,9.43
4321,4368.0,8.627
4322,4369.0,8.868
4323,4370.0,9.55
4324,4372.0,7.395
4325,4373.0,6.843
4326,4374.0,6.843
4327,4375.0,7.395
4328,4376.0,7.274
4329,4377.0,10.216
4330,4378.0,10.616
4331,4379.0,11.04
4332,4380.0,10.616
4333,4381.0,7.314
4334,4382.0,8.239
4335,4383.0,9.189
4336,4384.0,8.707
4337,4385.0,7.556
4338,4386.0,7.596
4339,4387.0,7.165
4340,4388.0,6.763
4341,4389.0,7.205
4342,4390.0,7.435
4343,4391.0,10.296
4344,4392.0,9.389
4345,4393.0,10.136
4346,4394.0,10.576
4347,4395.0,7.676
4348,4396.0,9.349
4349,4397.0,8.118
4350,4398.0,9.855
4351,4399.0,8.359
4352,4400.0,8.118
4353,4401.0,7.125
4354,4402.0,6.803
4355,4403.0,7.246
4356,4404.0,7.515
4357,4405.0,9.349
4358,4406.0,7.998
4359,4407.0,9.149
4360,4408.0,9.71
4361,4409.0,7.877
4362,4410.0,8.319
4363,4411.0,8.707
4364,4412.0,8.158
4365,4413.0,9.109
4366,4414.0,8.4
4367,4415.0,7.165
4368,4416.0,6.561
4369,4417.0,7.355
4370,4418.0,7.274
4371,4419.0,7.636
4372,4420.0,8.627
4373,4421.0,9.068
4374,4422.0,8.667
4375,4423.0,8.4
4376,4424.0,7.165
4377,4425.0,9.831
4378,4426.0,8.359
4379,4427.0,9.389
4380,4428.0,9.309
4381,4429.0,7.355
4382,4430.0,6.763
4383,4431.0,7.395
4384,4432.0,7.355
4385,4433.0,7.435
4386,4434.0,8.948
4387,4435.0,9.975
4388,4436.0,9.67
4389,4437.0,9.149
4390,4438.0,7.314
4391,4439.0,8.199
4392,4440.0,9.028
4393,4441.0,7.917
4394,4442.0,8.627
4395,4443.0,7.475
4396,4444.0,7.044
4397,4445.0,6.924
4398,4446.0,7.435
4399,4447.0,7.676
4400,4448.0,9.751
4401,4449.0,10.817
4402,4450.0,10.817
4403,4451.0,10.056
4404,4452.0,7.355
4405,4453.0,7.998
4406,4454.0,9.751
4407,4455.0,8.4
4408,4456.0,7.515
4409,4457.0,7.556
4410,4458.0,7.165
4411,4459.0,6.924
4412,4460.0,7.515
4413,4461.0,7.355
4414,4462.0,10.817
4415,4463.0,10.376
4416,4464.0,10.937
4417,4466.0,11.12
4418,4467.0,7.355
4419,4468.0,8.44
4420,4469.0,8.667
4421,4470.0,8.868
4422,4471.0,7.716
4423,4472.0,7.716
4424,4473.0,7.165
4425,4474.0,6.843
4426,4475.0,7.435
4427,4476.0,7.395
4428,4477.0,10.376
4429,4478.0,9.51
4430,4479.0,10.256
4431,4480.0,10.616
4432,4481.0,7.636
4433,4482.0,9.149
4434,4483.0,7.998
4435,4484.0,9.895
4436,4485.0,8.279
4437,4486.0,8.078
4438,4487.0,7.125
4439,4488.0,6.763
4440,4489.0,7.355
4441,4490.0,7.475
4442,4491.0,9.47
4443,4492.0,8.199
4444,4493.0,9.309
4445,4494.0,9.855
4446,4495.0,7.837
4447,4496.0,8.641
4448,4497.0,8.707
4449,4498.0,8.48
4450,4499.0,8.948
4451,4500.0,8.44
4452,4501.0,7.165
4453,4502.0,6.642
4454,4503.0,7.314
4455,4504.0,7.286
4456,4505.0,7.435
4457,4506.0,8.56
4458,4507.0,9.149
4459,4508.0,8.788
4460,4509.0,8.44
4461,4510.0,7.205
4462,4511.0,9.67
4463,4512.0,8.4
4464,4513.0,9.189
4465,4514.0,9.389
4466,4515.0,7.355
4467,4516.0,6.843
4468,4517.0,7.395
4469,4518.0,7.395
4470,4519.0,7.355
4471,4520.0,8.828
4472,4521.0,9.63
4473,4522.0,9.349
4474,4523.0,8.948
4475,4524.0,7.395
4476,4525.0,8.707
4477,4526.0,8.788
4478,4527.0,8.118
4479,4528.0,9.068
4480,4529.0,7.475
4481,4530.0,6.964
4482,4531.0,7.085
4483,4532.0,7.395
4484,4533.0,7.676
4485,4534.0,9.55
4486,4535.0,10.977
4487,4536.0,10.536
4488,4537.0,9.855
4489,4538.0,7.314
4490,4539.0,7.917
4491,4540.0,9.895
4492,4541.0,8.279
4493,4542.0,7.475
4494,4543.0,7.515
4495,4544.0,7.085
4496,4545.0,6.924
4497,4546.0,7.475
4498,4547.0,7.314
4499,4548.0,10.657
4500,4549.0,10.416
4501,4550.0,10.937
4502,4551.0,11.017
4503,4552.0,7.274
4504,4553.0,8.4
4505,4554.0,8.788
4506,4555.0,8.788
4507,4556.0,7.676
4508,4558.0,7.636
4509,4559.0,7.205
4510,4560.0,6.843
4511,4561.0,7.676
4512,4562.0,7.395
4513,4563.0,10.496
4514,4564.0,9.55
4515,4565.0,10.336
4516,4566.0,10.657
4517,4567.0,7.676
4518,4568.0,9.149
4519,4569.0,8.078
4520,4570.0,9.895
4521,4571.0,8.279
4522,4572.0,7.998
4523,4573.0,7.125
4524,4574.0,6.682
4525,4575.0,7.246
4526,4576.0,7.475
4527,4577.0,9.189
4528,4578.0,8.038
4529,4579.0,8.988
4530,4580.0,9.59
4531,4581.0,7.958
4532,4582.0,8.118
4533,4583.0,8.788
4534,4584.0,7.998
4535,4585.0,9.229
4536,4586.0,8.52
4537,4587.0,7.165
4538,4588.0,6.642
4539,4589.0,7.314
4540,4590.0,7.314
4541,4591.0,7.596
4542,4592.0,8.667
4543,4593.0,9.068
4544,4594.0,8.747
4545,4595.0,8.359
4546,4596.0,7.205
4547,4597.0,9.791
4548,4598.0,8.4
4549,4599.0,9.309
4550,4600.0,9.389
4551,4601.0,7.314
4552,4602.0,6.883
4553,4603.0,7.355
4554,4604.0,7.435
4555,4605.0,7.435
4556,4606.0,9.149
4557,4607.0,10.256
4558,4608.0,9.751
4559,4609.0,9.43
4560,4610.0,7.326
4561,4611.0,7.757
4562,4612.0,9.309
4563,4613.0,7.958
4564,4614.0,8.118
4565,4615.0,7.475
4566,4616.0,7.085
4567,4617.0,6.883
4568,4618.0,7.355
4569,4619.0,7.355
4570,4620.0,10.857
4571,4621.0,10.336
4572,4622.0,10.897
4573,4623.0,11.16
4574,4624.0,7.314
4575,4625.0,8.52
4576,4626.0,8.547
4577,4627.0,8.908
4578,4628.0,7.757
4579,4629.0,7.757
4580,4630.0,7.165
4581,4631.0,6.521
4582,4632.0,7.246
4583,4633.0,7.515
4584,4634.0,9.068
4585,4635.0,8.118
4586,4636.0,8.828
4587,4637.0,9.51
4588,4638.0,7.998
4589,4639.0,7.837
4590,4640.0,8.908
4591,4641.0,7.877
4592,4642.0,9.389
4593,4643.0,8.56
4594,4644.0,7.205
4595,4645.0,6.601
4596,4646.0,7.314
4597,4647.0,7.395
4598,4648.0,7.475
4599,4649.0,9.269
4600,4651.0,10.496
4601,4652.0,9.895
4602,4653.0,9.59
4603,4654.0,7.326
4604,4655.0,7.797
4605,4656.0,9.43
4606,4657.0,8.038
4607,4658.0,7.837
4608,4659.0,7.515
4609,4660.0,7.044
4610,4661.0,6.964
4611,4662.0,7.435
4612,4663.0,7.314
4613,4664.0,10.296
4614,4665.0,10.657
4615,4666.0,11.04
4616,4667.0,10.697
4617,4668.0,7.314
4618,4669.0,8.279
4619,4670.0,9.189
4620,4671.0,8.747
4621,4672.0,7.556
4622,4673.0,7.596
4623,4674.0,7.165
4624,4675.0,6.843
4625,4676.0,7.556
4626,4677.0,7.395
4627,4678.0,10.616
4628,4679.0,9.855
4629,4680.0,10.496
4630,4681.0,10.817
4631,4682.0,7.515
4632,4683.0,8.828
4633,4684.0,7.917
4634,4685.0,9.51
4635,4686.0,8.038
4636,4687.0,7.958
4637,4688.0,7.165
4638,4689.0,6.682
4639,4690.0,7.355
4640,4691.0,7.475
4641,4692.0,9.59
4642,4693.0,8.279
4643,4694.0,9.43
4644,4695.0,9.895
4645,4696.0,7.917
4646,4697.0,8.627
4647,4698.0,8.707
4648,4699.0,8.52
4649,4700.0,8.988
4650,4701.0,8.359
4651,4702.0,7.205
4652,4703.0,6.682
4653,4704.0,7.435
4654,4705.0,7.596
4655,4706.0,8.319
4656,4707.0,8.359
4657,4708.0,8.667
4658,4709.0,8.788
4659,4710.0,8.118
4660,4711.0,7.165
4661,4712.0,9.51
4662,4713.0,8.078
4663,4714.0,9.815
4664,4715.0,8.948
4665,4716.0,7.246
4666,4717.0,6.763
4667,4718.0,7.395
4668,4719.0,7.435
4669,4720.0,7.355
4670,4721.0,8.788
4671,4722.0,9.51
4672,4723.0,9.389
4673,4724.0,8.868
4674,4725.0,7.395
4675,4726.0,8.788
4676,4727.0,8.747
4677,4728.0,8.199
4678,4729.0,9.189
4679,4730.0,7.435
4680,4731.0,6.964
4681,4732.0,6.924
4682,4733.0,7.475
4683,4734.0,7.636
4684,4735.0,9.71
4685,4736.0,10.857
4686,4737.0,10.697
4687,4738.0,9.975
4688,4739.0,7.395
4689,4740.0,7.958
4690,4741.0,9.831
4691,4743.0,8.4
4692,4744.0,7.475
4693,4745.0,7.556
4694,4746.0,7.125
4695,4747.0,6.924
4696,4748.0,7.435
4697,4749.0,7.395
4698,4750.0,10.897
4699,4751.0,10.256
4700,4752.0,10.777
4701,4753.0,11.08
4702,4754.0,7.355
4703,4755.0,8.52
4704,4756.0,8.359
4705,4757.0,9.028
4706,4758.0,7.797
4707,4759.0,7.797
4708,4760.0,7.165
4709,4761.0,6.803
4710,4762.0,7.246
4711,4763.0,7.475
4712,4764.0,10.096
4713,4765.0,9.068
4714,4766.0,9.935
4715,4767.0,10.376
4716,4768.0,7.716
4717,4769.0,9.55
4718,4770.0,8.279
4719,4771.0,9.47
4720,4772.0,8.547
4721,4773.0,8.199
4722,4774.0,7.085
4723,4775.0,6.763
4724,4776.0,7.286
4725,4777.0,7.435
4726,4778.0,9.028
4727,4779.0,8.118
4728,4780.0,8.828
4729,4781.0,9.47
4730,4782.0,7.998
4731,4783.0,7.797
4732,4784.0,8.988
4733,4785.0,7.917
4734,4786.0,9.43
4735,4787.0,8.547
4736,4788.0,7.246
4737,4789.0,6.642
4738,4790.0,7.355
4739,4791.0,7.274
4740,4792.0,7.636
4741,4793.0,8.627
4742,4794.0,9.068
4743,4795.0,8.707
4744,4796.0,8.4
4745,4797.0,7.165
4746,4798.0,9.815
4747,4799.0,8.319
4748,4800.0,9.43
4749,4801.0,9.309
4750,4802.0,7.314
4751,4803.0,6.803
4752,4804.0,7.395
4753,4805.0,7.395
4754,4806.0,7.435
4755,4807.0,9.028
4756,4808.0,10.136
4757,4809.0,9.55
4758,4810.0,9.269
4759,4811.0,7.314
4760,4812.0,8.038
4761,4813.0,9.149
4762,4814.0,7.917
4763,4815.0,8.4
4764,4816.0,7.475
4765,4817.0,7.085
4766,4818.0,6.924
4767,4819.0,7.435
4768,4820.0,7.636
4769,4821.0,9.67
4770,4822.0,10.897
4771,4823.0,10.697
4772,4824.0,9.975
4773,4825.0,7.314
4774,4826.0,7.958
4775,4827.0,9.815
4776,4828.0,8.359
4777,4829.0,7.515
4778,4830.0,7.515
4779,4831.0,7.125
4780,4832.0,6.883
4781,4833.0,7.435
4782,4834.0,7.355
4783,4836.0,10.937
4784,4837.0,10.296
4785,4838.0,10.857
4786,4839.0,11.08
4787,4840.0,7.395
4788,4841.0,8.547
4789,4842.0,8.48
4790,4843.0,8.988
4791,4844.0,7.797
4792,4845.0,7.797
4793,4846.0,7.165
4794,4847.0,6.763
4795,4848.0,7.246
4796,4849.0,7.435
4797,4850.0,10.056
4798,4851.0,9.028
4799,4852.0,9.895
4800,4853.0,10.336
4801,4854.0,7.716
4802,4855.0,9.51
4803,4856.0,8.279
4804,4857.0,9.349
4805,4858.0,8.587
4806,4859.0,8.199
4807,4860.0,7.085
4808,4861.0,6.682
4809,4862.0,7.326
4810,4863.0,7.556
4811,4864.0,8.707
4812,4865.0,8.239
4813,4866.0,8.587
4814,4867.0,9.189
4815,4868.0,8.078
4816,4869.0,7.234
4817,4870.0,9.229
4818,4871.0,8.038
4819,4872.0,9.751
4820,4873.0,8.828
4821,4874.0,7.246
4822,4875.0,6.803
4823,4876.0,7.314
4824,4877.0,7.435
4825,4878.0,7.355
4826,4879.0,8.908
4827,4880.0,9.735
4828,4881.0,9.51
4829,4882.0,9.068
4830,4883.0,7.395
4831,4884.0,8.44
4832,4885.0,8.908
4833,4886.0,7.877
4834,4887.0,8.788
4835,4888.0,7.475
4836,4889.0,7.004
4837,4890.0,6.883
4838,4891.0,7.395
4839,4892.0,7.676
4840,4893.0,9.935
4841,4894.0,10.777
4842,4895.0,11.017
4843,4896.0,10.296
4844,4897.0,7.314
4845,4898.0,8.118
4846,4899.0,9.51
4847,4900.0,8.547
4848,4901.0,7.475
4849,4902.0,7.596
4850,4903.0,7.165
4851,4904.0,6.843
4852,4905.0,7.596
4853,4906.0,7.475
4854,4907.0,10.416
4855,4908.0,9.63
4856,4909.0,10.296
4857,4910.0,10.616
4858,4911.0,7.596
4859,4912.0,9.109
4860,4913.0,7.998
4861,4914.0,9.895
4862,4915.0,8.279
4863,4916.0,7.998
4864,4917.0,7.165
4865,4918.0,6.722
4866,4919.0,7.314
4867,4920.0,7.475
4868,4921.0,9.47
4869,4922.0,8.078
4870,4923.0,9.229
4871,4924.0,9.775
4872,4925.0,7.917
4873,4926.0,8.48
4874,4927.0,8.667
4875,4928.0,8.319
4876,4930.0,9.068
4877,4931.0,8.4
4878,4932.0,7.205
4879,4933.0,6.561
4880,4934.0,7.395
4881,4935.0,7.636
4882,4936.0,7.877
4883,4937.0,8.547
4884,4938.0,8.988
4885,4939.0,8.707
4886,4940.0,8.359
4887,4941.0,7.165
4888,4942.0,9.895
4889,4943.0,8.279
4890,4944.0,9.47
4891,4945.0,9.229
4892,4946.0,7.274
4893,4947.0,6.763
4894,4948.0,7.314
4895,4949.0,7.435
4896,4950.0,7.355
4897,4951.0,8.948
4898,4952.0,9.815
4899,4953.0,9.63
4900,4954.0,9.109
4901,4955.0,7.435
4902,4956.0,8.279
4903,4957.0,8.988
4904,4958.0,7.877
4905,4959.0,8.707
4906,4960.0,7.435
4907,4961.0,7.044
4908,4962.0,7.205
4909,4963.0,7.435
4910,4964.0,7.596
4911,4965.0,9.55
4912,4966.0,10.937
4913,4967.0,10.536
4914,4968.0,9.815
4915,4969.0,7.395
4916,4970.0,7.877
4917,4971.0,9.935
4918,4972.0,8.279
4919,4973.0,7.556
4920,4974.0,7.515
4921,4975.0,7.165
4922,4976.0,6.763
4923,4977.0,7.636
4924,4978.0,7.395
4925,4979.0,10.456
4926,4980.0,9.59
4927,4981.0,10.296
4928,4982.0,10.657
4929,4983.0,7.636
4930,4984.0,9.109
4931,4985.0,7.998
4932,4986.0,9.935
4933,4987.0,8.239
4934,4988.0,8.038
4935,4989.0,7.125
4936,4990.0,6.561
4937,4991.0,7.314
4938,4992.0,7.556
4939,4993.0,8.707
4940,4994.0,8.239
4941,4995.0,8.547
4942,4996.0,9.149
4943,4997.0,8.038
4944,4998.0,7.234
4945,4999.0,9.229
4946,5000.0,7.998
4947,5001.0,9.751
4948,5002.0,8.788
4949,5003.0,7.205
4950,5004.0,6.803
4951,5005.0,7.314
4952,5006.0,7.435
4953,5007.0,7.274
4954,5008.0,8.828
4955,5009.0,9.59
4956,5010.0,9.389
4957,5011.0,8.908
4958,5012.0,7.355
4959,5013.0,8.667
4960,5014.0,8.788
4961,5015.0,8.038
4962,5016.0,9.028
4963,5017.0,7.435
4964,5018.0,6.964
4965,5019.0,6.924
4966,5020.0,7.435
4967,5021.0,7.355
4968,5022.0,10.096
4969,5024.0,10.697
4970,5025.0,11.08
4971,5026.0,10.496
4972,5027.0,7.314
4973,5028.0,8.158
4974,5029.0,9.309
4975,5030.0,8.627
4976,5031.0,7.515
4977,5032.0,7.596
4978,5033.0,7.125
4979,5034.0,6.924
4980,5035.0,7.515
4981,5036.0,7.435
4982,5037.0,10.657
4983,5038.0,9.975
4984,5039.0,10.576
4985,5040.0,10.937
4986,5041.0,7.475
4987,5042.0,8.747
4988,5043.0,7.877
4989,5044.0,9.43
4990,5045.0,7.998
4991,5046.0,7.917
4992,5047.0,7.165
4993,5048.0,6.803
4994,5049.0,7.314
4995,5050.0,7.435
4996,5051.0,9.935
4997,5052.0,8.868
4998,5053.0,9.775
4999,5054.0,10.216
5000,5055.0,7.797
5001,5056.0,9.309
5002,5057.0,8.4
5003,5058.0,9.189
5004,5059.0,8.707
5005,5060.0,8.199
5006,5061.0,7.125
5007,5062.0,6.722
5008,5063.0,7.314
5009,5064.0,7.475
5010,5065.0,8.948
5011,5066.0,8.078
5012,5067.0,8.707
5013,5068.0,9.349
5014,5069.0,8.078
5015,5070.0,7.556
5016,5071.0,9.109
5017,5072.0,7.917
5018,5073.0,9.59
5019,5074.0,8.627
5020,5075.0,7.246
5021,5076.0,6.722
5022,5077.0,7.314
5023,5078.0,7.395
5024,5079.0,7.435
5025,5080.0,9.109
5026,5081.0,10.176
5027,5082.0,9.67
5028,5083.0,9.389
5029,5084.0,7.355
5030,5085.0,7.797
5031,5086.0,9.229
5032,5087.0,7.958
5033,5088.0,8.239
5034,5089.0,7.475
5035,5090.0,7.125
5036,5091.0,6.924
5037,5092.0,7.435
5038,5093.0,7.475
5039,5094.0,10.016
5040,5095.0,10.697
5041,5096.0,11.08
5042,5097.0,10.336
5043,5098.0,7.355
5044,5099.0,8.118
5045,5100.0,9.51
5046,5101.0,8.547
5047,5102.0,7.556
5048,5103.0,7.596
5049,5104.0,7.205
5050,5105.0,6.883
5051,5106.0,7.556
5052,5107.0,7.475
5053,5108.0,10.777
5054,5109.0,10.096
5055,5110.0,10.657
5056,5111.0,10.937
5057,5112.0,7.435
5058,5113.0,8.627
5059,5114.0,7.877
5060,5116.0,9.269
5061,5117.0,7.917
5062,5118.0,7.877
5063,5119.0,7.165
5064,5120.0,6.803
5065,5121.0,7.314
5066,5122.0,7.475
5067,5123.0,9.775
5068,5124.0,8.627
5069,5125.0,9.63
5070,5126.0,10.096
5071,5127.0,7.797
5072,5128.0,9.068
5073,5129.0,8.52
5074,5130.0,8.948
5075,5131.0,8.707
5076,5132.0,8.319
5077,5133.0,7.125
5078,5134.0,6.601
5079,5135.0,7.314
5080,5136.0,7.716
5081,5137.0,7.998
5082,5138.0,8.547
5083,5139.0,8.868
5084,5140.0,8.707
5085,5141.0,8.239
5086,5142.0,7.205
5087,5143.0,9.751
5088,5144.0,8.199
5089,5145.0,9.59
5090,5146.0,9.109
5091,5147.0,7.274
5092,5148.0,6.763
5093,5149.0,7.395
5094,5150.0,7.435
5095,5151.0,7.475
5096,5152.0,9.068
5097,5153.0,10.136
5098,5154.0,9.63
5099,5155.0,9.349
5100,5156.0,7.326
5101,5157.0,7.877
5102,5158.0,9.189
5103,5159.0,7.958
5104,5160.0,8.279
5105,5161.0,7.475
5106,5162.0,7.085
5107,5163.0,6.964
5108,5164.0,7.435
5109,5165.0,7.395
5110,5166.0,10.056
5111,5167.0,10.737
5112,5168.0,11.08
5113,5169.0,10.456
5114,5170.0,7.314
5115,5171.0,8.199
5116,5172.0,9.389
5117,5173.0,8.627
5118,5174.0,7.515
5119,5175.0,7.596
5120,5176.0,7.165
5121,5177.0,6.803
5122,5178.0,7.596
5123,5179.0,7.395
5124,5180.0,10.536
5125,5181.0,9.71
5126,5182.0,10.416
5127,5183.0,10.737
5128,5184.0,7.556
5129,5185.0,8.948
5130,5186.0,7.958
5131,5187.0,9.71
5132,5188.0,8.158
5133,5189.0,7.998
5134,5190.0,7.165
5135,5191.0,6.763
5136,5192.0,7.314
5137,5193.0,7.435
5138,5194.0,9.815
5139,5195.0,8.587
5140,5196.0,9.63
5141,5197.0,10.096
5142,5198.0,7.837
5143,5199.0,9.068
5144,5200.0,8.547
5145,5201.0,8.908
5146,5202.0,8.788
5147,5203.0,8.279
5148,5204.0,7.165
5149,5205.0,6.763
5150,5206.0,7.435
5151,5207.0,7.596
5152,5208.0,8.359
5153,5210.0,8.4
5154,5211.0,8.747
5155,5212.0,8.587
5156,5213.0,8.239
5157,5214.0,7.165
5158,5215.0,9.815
5159,5216.0,8.279
5160,5217.0,9.269
5161,5218.0,9.389
5162,5219.0,7.314
5163,5220.0,6.883
5164,5221.0,7.355
5165,5222.0,7.395
5166,5223.0,7.435
5167,5224.0,9.149
5168,5225.0,10.296
5169,5226.0,9.855
5170,5227.0,9.59
5171,5228.0,7.355
5172,5229.0,7.837
5173,5230.0,9.67
5174,5231.0,8.158
5175,5232.0,7.515
5176,5233.0,7.515
5177,5234.0,7.165
5178,5235.0,6.924
5179,5236.0,7.475
5180,5237.0,7.395
5181,5238.0,10.937
5182,5239.0,10.176
5183,5240.0,10.817
5184,5241.0,10.96
5185,5242.0,7.435
5186,5243.0,8.667
5187,5244.0,7.877
5188,5245.0,9.389
5189,5246.0,8.038
5190,5247.0,7.958
5191,5248.0,7.125
5192,5249.0,6.803
5193,5250.0,7.274
5194,5251.0,7.435
5195,5252.0,9.71
5196,5253.0,8.48
5197,5254.0,9.43
5198,5255.0,9.895
5199,5256.0,7.837
5200,5257.0,8.627
5201,5258.0,8.707
5202,5259.0,8.56
5203,5260.0,8.948
5204,5261.0,8.4
5205,5262.0,7.165
5206,5263.0,6.682
5207,5264.0,7.395
5208,5265.0,7.676
5209,5266.0,8.199
5210,5267.0,8.44
5211,5268.0,8.747
5212,5269.0,8.788
5213,5270.0,8.158
5214,5271.0,7.246
5215,5272.0,9.55
5216,5273.0,8.158
5217,5274.0,9.815
5218,5275.0,8.988
5219,5276.0,7.246
5220,5277.0,6.763
5221,5278.0,7.355
5222,5279.0,7.355
5223,5280.0,7.274
5224,5281.0,8.707
5225,5282.0,9.51
5226,5283.0,9.229
5227,5284.0,8.788
5228,5285.0,7.314
5229,5286.0,8.988
5230,5287.0,8.747
5231,5288.0,8.44
5232,5289.0,9.349
5233,5290.0,7.435
5234,5291.0,6.883
5235,5292.0,7.395
5236,5293.0,7.395
5237,5294.0,7.435
5238,5295.0,9.149
5239,5296.0,10.296
5240,5297.0,9.735
5241,5298.0,9.47
5242,5299.0,7.314
5243,5300.0,7.797
5244,5301.0,9.309
5245,5303.0,8.038
5246,5304.0,8.078
5247,5305.0,7.515
5248,5306.0,7.085
5249,5307.0,6.964
5250,5308.0,7.435
5251,5309.0,7.314
5252,5310.0,10.136
5253,5311.0,10.657
5254,5312.0,11.04
5255,5313.0,10.496
5256,5314.0,7.314
5257,5315.0,8.158
5258,5316.0,9.309
5259,5317.0,8.627
5260,5318.0,7.556
5261,5319.0,7.556
5262,5320.0,7.165
5263,5321.0,6.883
5264,5322.0,7.596
5265,5323.0,7.395
5266,5324.0,10.697
5267,5325.0,9.895
5268,5326.0,10.576
5269,5327.0,10.857
5270,5328.0,7.515
5271,5329.0,8.788
5272,5330.0,7.917
5273,5331.0,9.47
5274,5332.0,8.078
5275,5333.0,7.958
5276,5334.0,7.205
5277,5335.0,6.803
5278,5336.0,7.355
5279,5337.0,7.435
5280,5338.0,9.895
5281,5339.0,8.707
5282,5340.0,9.735
5283,5341.0,10.136
5284,5342.0,7.797
5285,5343.0,9.189
5286,5344.0,8.44
5287,5345.0,9.028
5288,5346.0,8.707
5289,5347.0,8.239
5290,5348.0,7.165
5291,5349.0,6.682
5292,5350.0,7.395
5293,5351.0,7.636
5294,5352.0,8.239
5295,5353.0,8.4
5296,5354.0,8.747
5297,5355.0,8.747
5298,5356.0,8.118
5299,5357.0,7.205
5300,5358.0,9.55
5301,5359.0,8.118
5302,5360.0,9.775
5303,5361.0,8.988
5304,5362.0,7.234
5305,5363.0,6.803
5306,5364.0,7.314
5307,5365.0,7.435
5308,5366.0,7.314
5309,5367.0,8.828
5310,5368.0,9.59
5311,5369.0,9.43
5312,5370.0,8.908
5313,5371.0,7.435
5314,5372.0,8.707
5315,5373.0,8.868
5316,5374.0,8.118
5317,5375.0,9.109
5318,5376.0,7.435
5319,5377.0,6.924
5320,5378.0,6.924
5321,5379.0,7.435
5322,5380.0,7.676
5323,5381.0,9.775
5324,5382.0,10.817
5325,5383.0,10.817
5326,5384.0,10.096
5327,5385.0,7.314
5328,5386.0,7.998
5329,5387.0,9.71
5330,5388.0,8.426
5331,5389.0,7.475
5332,5390.0,7.556
5333,5391.0,7.125
5334,5392.0,6.843
5335,5393.0,7.515
5336,5394.0,7.435
5337,5396.0,10.697
5338,5397.0,9.975
5339,5398.0,10.536
5340,5399.0,10.897
5341,5400.0,7.475
5342,5401.0,8.788
5343,5402.0,7.877
5344,5403.0,9.47
5345,5404.0,7.998
5346,5405.0,7.998
5347,5406.0,7.165
5348,5407.0,6.843
5349,5408.0,7.314
5350,5409.0,7.475
5351,5410.0,9.935
5352,5411.0,8.788
5353,5412.0,9.735
5354,5413.0,10.176
5355,5414.0,7.757
5356,5415.0,9.269
5357,5416.0,8.386
5358,5417.0,9.109
5359,5418.0,8.707
5360,5419.0,8.199
5361,5420.0,7.125
5362,5421.0,6.481
5363,5422.0,7.314
5364,5423.0,7.395
5365,5424.0,7.757
5366,5425.0,8.587
5367,5426.0,8.988
5368,5427.0,8.667
5369,5428.0,8.359
5370,5429.0,7.165
5371,5430.0,9.855
5372,5431.0,8.279
5373,5432.0,9.389
5374,5433.0,9.309
5375,5434.0,7.355
5376,5435.0,6.803
5377,5436.0,7.004
5378,5437.0,7.395
5379,5438.0,7.676
5380,5439.0,9.67
5381,5440.0,10.937
5382,5441.0,10.657
5383,5442.0,9.975
5384,5443.0,7.314
5385,5444.0,7.917
5386,5445.0,9.815
5387,5446.0,8.319
5388,5447.0,7.475
5389,5448.0,7.515
5390,5449.0,7.125
5391,5450.0,6.883
5392,5451.0,7.435
5393,5452.0,7.355
5394,5453.0,10.897
5395,5454.0,10.256
5396,5455.0,10.817
5397,5456.0,11.04
5398,5457.0,7.355
5399,5458.0,8.426
5400,5459.0,8.319
5401,5460.0,9.028
5402,5461.0,7.837
5403,5462.0,7.757
5404,5463.0,7.205
5405,5464.0,6.722
5406,5465.0,7.355
5407,5466.0,7.475
5408,5467.0,9.975
5409,5468.0,8.828
5410,5469.0,9.775
5411,5470.0,10.216
5412,5471.0,7.837
5413,5472.0,9.229
5414,5473.0,8.48
5415,5474.0,9.109
5416,5475.0,8.788
5417,5476.0,8.199
5418,5477.0,7.085
5419,5478.0,6.561
5420,5479.0,7.395
5421,5480.0,7.636
5422,5481.0,8.158
5423,5482.0,8.4
5424,5483.0,8.747
5425,5484.0,8.707
5426,5485.0,8.158
5427,5486.0,7.165
5428,5487.0,9.59
5429,5489.0,8.158
5430,5490.0,9.735
5431,5491.0,9.068
5432,5492.0,7.234
5433,5493.0,6.763
5434,5494.0,7.355
5435,5495.0,7.435
5436,5496.0,7.355
5437,5497.0,8.908
5438,5498.0,9.695
5439,5499.0,9.51
5440,5500.0,9.028
5441,5501.0,7.435
5442,5502.0,8.507
5443,5503.0,8.908
5444,5504.0,7.877
5445,5505.0,8.908
5446,5506.0,7.435
5447,5507.0,7.004
5448,5508.0,6.924
5449,5509.0,7.475
5450,5510.0,7.636
5451,5511.0,9.67
5452,5512.0,10.897
5453,5513.0,10.657
5454,5514.0,9.975
5455,5515.0,7.314
5456,5516.0,7.958
5457,5517.0,9.775
5458,5518.0,8.346
5459,5519.0,7.475
5460,5520.0,7.515
5461,5521.0,7.125
5462,5522.0,6.843
5463,5523.0,7.475
5464,5524.0,7.475
5465,5525.0,10.737
5466,5526.0,10.016
5467,5527.0,10.616
5468,5528.0,10.937
5469,5529.0,7.515
5470,5530.0,8.747
5471,5531.0,7.877
5472,5532.0,9.389
5473,5533.0,7.958
5474,5534.0,7.958
5475,5535.0,7.165
5476,5536.0,6.763
5477,5537.0,7.314
5478,5538.0,7.515
5479,5539.0,9.67
5480,5540.0,8.467
5481,5541.0,9.47
5482,5542.0,10.056
5483,5543.0,7.797
5484,5544.0,8.868
5485,5545.0,8.587
5486,5546.0,8.707
5487,5547.0,8.828
5488,5548.0,8.319
5489,5549.0,7.165
5490,5550.0,6.682
5491,5551.0,7.355
5492,5552.0,7.556
5493,5553.0,8.44
5494,5554.0,8.319
5495,5555.0,8.667
5496,5556.0,8.908
5497,5557.0,8.078
5498,5558.0,7.194
5499,5559.0,9.47
5500,5560.0,8.038
5501,5561.0,9.895
5502,5562.0,8.868
5503,5563.0,7.234
5504,5564.0,6.722
5505,5565.0,7.355
5506,5566.0,7.355
5507,5567.0,7.314
5508,5568.0,8.747
5509,5569.0,9.51
5510,5570.0,9.269
5511,5571.0,8.868
5512,5572.0,7.314
5513,5573.0,8.948
5514,5574.0,8.667
5515,5575.0,8.359
5516,5576.0,9.229
5517,5577.0,7.435
5518,5578.0,6.924
5519,5579.0,7.314
5520,5580.0,7.435
5521,5581.0,7.556
5522,5583.0,9.47
5523,5584.0,10.92
5524,5585.0,10.336
5525,5586.0,9.695
5526,5587.0,7.355
5527,5588.0,7.837
5528,5589.0,9.895
5529,5590.0,8.239
5530,5591.0,7.515
5531,5592.0,7.515
5532,5593.0,7.125
5533,5594.0,6.843
5534,5595.0,7.435
5535,5596.0,7.355
5536,5597.0,10.937
5537,5598.0,10.256
5538,5599.0,10.857
5539,5600.0,11.04
5540,5601.0,7.395
5541,5602.0,8.547
5542,5603.0,8.44
5543,5604.0,8.988
5544,5605.0,7.837
5545,5606.0,7.757
5546,5607.0,7.246
5547,5608.0,6.763
5548,5609.0,7.355
5549,5610.0,7.435
5550,5611.0,10.056
5551,5612.0,9.028
5552,5613.0,9.895
5553,5614.0,10.376
5554,5615.0,7.716
5555,5616.0,9.51
5556,5617.0,8.279
5557,5618.0,9.43
5558,5619.0,8.587
5559,5620.0,8.199
5560,5621.0,7.125
5561,5622.0,6.763
5562,5623.0,7.246
5563,5624.0,7.435
5564,5625.0,9.149
5565,5626.0,8.038
5566,5627.0,8.908
5567,5628.0,9.55
5568,5629.0,7.958
5569,5630.0,8.038
5570,5631.0,8.868
5571,5632.0,7.877
5572,5633.0,9.269
5573,5634.0,8.507
5574,5635.0,7.205
5575,5636.0,6.722
5576,5637.0,7.314
5577,5638.0,7.435
5578,5639.0,7.314
5579,5640.0,8.908
5580,5641.0,9.59
5581,5642.0,9.47
5582,5643.0,8.948
5583,5644.0,7.395
5584,5645.0,8.707
5585,5646.0,8.788
5586,5647.0,8.078
5587,5648.0,9.068
5588,5649.0,7.475
5589,5650.0,6.964
5590,5651.0,6.924
5591,5652.0,7.395
5592,5653.0,7.676
5593,5654.0,9.775
5594,5655.0,10.817
5595,5656.0,10.857
5596,5657.0,10.136
5597,5658.0,7.314
5598,5659.0,8.038
5599,5660.0,9.67
5600,5661.0,8.426
5601,5662.0,7.435
5602,5663.0,7.556
5603,5664.0,7.125
5604,5665.0,6.883
5605,5666.0,7.475
5606,5667.0,7.475
5607,5668.0,10.777
5608,5669.0,10.096
5609,5670.0,10.657
5610,5671.0,10.96
5611,5672.0,7.435
5612,5674.0,8.667
5613,5675.0,7.877
5614,5676.0,9.349
5615,5677.0,7.917
5616,5678.0,7.917
5617,5679.0,7.165
5618,5680.0,6.803
5619,5681.0,7.274
5620,5682.0,7.435
5621,5683.0,10.016
5622,5684.0,8.908
5623,5685.0,9.855
5624,5686.0,10.256
5625,5687.0,7.757
5626,5688.0,9.389
5627,5689.0,8.359
5628,5690.0,9.269
5629,5691.0,8.667
5630,5692.0,8.158
5631,5693.0,7.125
5632,5694.0,6.722
5633,5695.0,7.314
5634,5696.0,7.475
5635,5697.0,9.109
5636,5698.0,8.078
5637,5699.0,8.868
5638,5700.0,9.47
5639,5701.0,8.038
5640,5702.0,7.797
5641,5703.0,8.988
5642,5704.0,7.917
5643,5705.0,9.43
5644,5706.0,8.547
5645,5707.0,7.274
5646,5708.0,6.682
5647,5709.0,7.435
5648,5710.0,7.435
5649,5711.0,7.716
5650,5712.0,8.627
5651,5713.0,8.988
5652,5714.0,8.747
5653,5715.0,8.359
5654,5716.0,7.165
5655,5717.0,9.815
5656,5718.0,8.319
5657,5719.0,9.389
5658,5720.0,9.309
5659,5721.0,7.314
5660,5722.0,6.843
5661,5723.0,7.355
5662,5724.0,7.435
5663,5725.0,7.314
5664,5726.0,8.868
5665,5727.0,9.59
5666,5728.0,9.43
5667,5729.0,8.948
5668,5730.0,7.435
5669,5731.0,8.627
5670,5732.0,8.828
5671,5733.0,8.038
5672,5734.0,9.068
5673,5735.0,7.435
5674,5736.0,7.004
5675,5737.0,7.395
5676,5738.0,7.475
5677,5739.0,7.596
5678,5740.0,9.55
5679,5741.0,10.96
5680,5742.0,10.456
5681,5743.0,9.735
5682,5744.0,7.355
5683,5745.0,7.877
5684,5746.0,9.855
5685,5747.0,8.319
5686,5748.0,7.475
5687,5749.0,7.515
5688,5750.0,7.125
5689,5751.0,6.843
5690,5752.0,7.435
5691,5753.0,7.435
5692,5754.0,10.817
5693,5755.0,10.136
5694,5756.0,10.697
5695,5757.0,11.0
5696,5758.0,7.515
5697,5759.0,8.587
5698,5760.0,8.038
5699,5761.0,9.189
5700,5762.0,7.877
5701,5763.0,7.877
5702,5764.0,7.165
5703,5765.0,6.843
5704,5766.0,7.274
5705,5768.0,7.515
5706,5769.0,10.136
5707,5770.0,9.149
5708,5771.0,9.935
5709,5772.0,10.416
5710,5773.0,7.716
5711,5774.0,9.59
5712,5775.0,8.279
5713,5776.0,9.51
5714,5777.0,8.547
5715,5778.0,8.158
5716,5779.0,7.125
5717,5780.0,6.803
5718,5781.0,7.395
5719,5782.0,7.475
5720,5783.0,9.51
5721,5784.0,8.158
5722,5785.0,9.309
5723,5786.0,9.855
5724,5787.0,7.917
5725,5788.0,8.587
5726,5789.0,8.747
5727,5790.0,8.44
5728,5791.0,8.988
5729,5792.0,8.4
5730,5793.0,7.165
5731,5794.0,6.763
5732,5795.0,7.395
5733,5796.0,7.556
5734,5797.0,8.547
5735,5798.0,8.279
5736,5799.0,8.747
5737,5800.0,9.028
5738,5801.0,8.118
5739,5802.0,7.165
5740,5803.0,9.389
5741,5804.0,7.998
5742,5805.0,9.975
5743,5806.0,8.868
5744,5807.0,7.274
5745,5808.0,6.763
5746,5809.0,7.435
5747,5810.0,7.274
5748,5811.0,7.435
5749,5812.0,8.547
5750,5813.0,9.269
5751,5814.0,8.908
5752,5815.0,8.507
5753,5816.0,7.234
5754,5817.0,9.51
5755,5818.0,8.467
5756,5819.0,9.028
5757,5820.0,9.51
5758,5821.0,7.355
5759,5822.0,6.843
5760,5823.0,7.355
5761,5824.0,7.435
5762,5825.0,7.515
5763,5826.0,9.309
5764,5827.0,10.536
5765,5828.0,10.016
5766,5829.0,9.67
5767,5830.0,7.355
5768,5831.0,7.797
5769,5832.0,9.51
5770,5833.0,8.038
5771,5834.0,7.757
5772,5835.0,7.475
5773,5836.0,7.085
5774,5837.0,6.843
5775,5838.0,7.475
5776,5839.0,7.395
5777,5840.0,10.977
5778,5841.0,10.296
5779,5842.0,10.897
5780,5843.0,11.08
5781,5844.0,7.395
5782,5845.0,8.547
5783,5846.0,8.48
5784,5847.0,8.948
5785,5848.0,7.757
5786,5849.0,7.757
5787,5850.0,7.165
5788,5851.0,6.883
5789,5852.0,7.596
5790,5853.0,7.435
5791,5854.0,10.576
5792,5855.0,9.775
5793,5856.0,10.416
5794,5857.0,10.777
5795,5859.0,7.556
5796,5860.0,8.948
5797,5861.0,7.958
5798,5862.0,9.71
5799,5863.0,8.118
5800,5864.0,7.958
5801,5865.0,7.125
5802,5866.0,6.722
5803,5867.0,7.355
5804,5868.0,7.475
5805,5869.0,9.51
5806,5870.0,8.239
5807,5871.0,9.309
5808,5872.0,9.895
5809,5873.0,7.877
5810,5874.0,8.627
5811,5875.0,8.747
5812,5876.0,8.467
5813,5877.0,8.948
5814,5878.0,8.44
5815,5879.0,7.165
5816,5880.0,6.642
5817,5881.0,7.314
5818,5882.0,7.515
5819,5883.0,7.797
5820,5884.0,8.587
5821,5885.0,8.988
5822,5886.0,8.707
5823,5887.0,8.359
5824,5888.0,7.205
5825,5889.0,9.855
5826,5890.0,8.279
5827,5891.0,9.43
5828,5892.0,9.269
5829,5893.0,7.314
5830,5894.0,6.763
5831,5895.0,7.355
5832,5896.0,7.395
5833,5897.0,7.395
5834,5898.0,8.948
5835,5899.0,9.935
5836,5900.0,9.655
5837,5901.0,9.189
5838,5902.0,7.355
5839,5903.0,8.239
5840,5904.0,9.068
5841,5905.0,7.958
5842,5906.0,8.587
5843,5907.0,7.475
5844,5908.0,7.044
5845,5909.0,6.964
5846,5910.0,7.435
5847,5911.0,7.395
5848,5912.0,10.096
5849,5913.0,10.737
5850,5914.0,11.08
5851,5915.0,10.496
5852,5916.0,7.314
5853,5917.0,8.158
5854,5918.0,9.349
5855,5919.0,8.627
5856,5920.0,7.556
5857,5921.0,7.556
5858,5922.0,7.165
5859,5923.0,6.803
5860,5924.0,7.636
5861,5925.0,7.395
5862,5926.0,10.496
5863,5927.0,9.67
5864,5928.0,10.416
5865,5929.0,10.697
5866,5930.0,7.596
5867,5931.0,9.028
5868,5932.0,7.998
5869,5933.0,9.775
5870,5934.0,8.239
5871,5935.0,7.958
5872,5936.0,7.165
5873,5937.0,6.642
5874,5938.0,7.246
5875,5939.0,7.475
5876,5940.0,9.389
5877,5941.0,7.998
5878,5942.0,9.189
5879,5943.0,9.71
5880,5944.0,7.998
5881,5945.0,8.279
5882,5946.0,8.788
5883,5947.0,8.118
5884,5948.0,9.149
5885,5949.0,8.44
5886,5950.0,7.165
5887,5952.0,6.642
5888,5953.0,7.355
5889,5954.0,7.716
5890,5955.0,7.958
5891,5956.0,8.547
5892,5957.0,8.908
5893,5958.0,8.667
5894,5959.0,8.239
5895,5960.0,7.165
5896,5961.0,9.775
5897,5962.0,8.239
5898,5963.0,9.55
5899,5964.0,9.229
5900,5965.0,7.274
5901,5966.0,6.803
5902,5967.0,7.314
5903,5968.0,7.435
5904,5969.0,7.355
5905,5970.0,8.948
5906,5971.0,9.775
5907,5972.0,9.63
5908,5973.0,9.068
5909,5974.0,7.475
5910,5975.0,8.44
5911,5976.0,9.028
5912,5977.0,7.877
5913,5978.0,8.828
5914,5979.0,7.475
5915,5980.0,7.044
5916,5981.0,6.924
5917,5982.0,7.435
5918,5983.0,7.556
5919,5984.0,9.935
5920,5985.0,10.737
5921,5986.0,11.0
5922,5987.0,10.336
5923,5988.0,7.314
5924,5989.0,8.078
5925,5990.0,9.47
5926,5991.0,8.547
5927,5992.0,7.475
5928,5993.0,7.556
5929,5994.0,7.125
5930,5995.0,6.843
5931,5996.0,7.596
5932,5997.0,7.435
5933,5998.0,10.496
5934,5999.0,9.71
5935,6000.0,10.416
5936,6001.0,10.777
5937,6002.0,7.556
5938,6003.0,9.028
5939,6004.0,7.998
5940,6005.0,9.815
5941,6006.0,8.199
5942,6007.0,8.038
5943,6008.0,7.165
5944,6009.0,6.722
5945,6010.0,7.234
5946,6011.0,7.556
5947,6012.0,9.269
5948,6013.0,8.038
5949,6014.0,9.068
5950,6015.0,9.615
5951,6016.0,7.917
5952,6017.0,8.199
5953,6018.0,8.788
5954,6019.0,8.038
5955,6020.0,9.189
5956,6021.0,8.467
5957,6022.0,7.194
5958,6023.0,6.642
5959,6024.0,7.395
5960,6025.0,7.636
5961,6026.0,7.877
5962,6027.0,8.547
5963,6028.0,8.948
5964,6029.0,8.667
5965,6030.0,8.319
5966,6031.0,7.154
5967,6032.0,9.895
5968,6033.0,8.279
5969,6034.0,9.51
5970,6035.0,9.269
5971,6036.0,7.314
5972,6037.0,6.803
5973,6038.0,7.395
5974,6039.0,7.435
5975,6040.0,7.355
5976,6041.0,8.828
5977,6042.0,9.695
5978,6043.0,9.47
5979,6044.0,9.028
5980,6046.0,7.395
5981,6047.0,8.667
5982,6048.0,8.828
5983,6049.0,7.998
5984,6050.0,8.988
5985,6051.0,7.435
5986,6052.0,6.964
5987,6053.0,6.924
5988,6054.0,7.435
5989,6055.0,7.636
5990,6056.0,9.695
5991,6057.0,10.857
5992,6058.0,10.737
5993,6059.0,10.016
5994,6060.0,7.355
5995,6061.0,7.958
5996,6062.0,9.735
5997,6063.0,8.4
5998,6064.0,7.515
5999,6065.0,7.556
6000,6066.0,7.165
6001,6067.0,6.924
6002,6068.0,7.475
6003,6069.0,7.435
6004,6070.0,10.897
6005,6071.0,10.176
6006,6072.0,10.817
6007,6073.0,11.017
6008,6074.0,7.475
6009,6075.0,8.507
6010,6076.0,8.199
6011,6077.0,9.109
6012,6078.0,7.917
6013,6079.0,7.837
6014,6080.0,7.274
6015,6081.0,6.843
6016,6082.0,7.234
6017,6083.0,7.435
6018,6084.0,10.216
6019,6085.0,9.229
6020,6086.0,10.056
6021,6087.0,10.496
6022,6088.0,7.676
6023,6089.0,9.43
6024,6090.0,8.158
6025,6091.0,9.63
6026,6092.0,8.426
6027,6093.0,8.118
6028,6094.0,7.125
6029,6095.0,6.722
6030,6096.0,7.274
6031,6097.0,7.475
6032,6098.0,9.068
6033,6099.0,8.118
6034,6100.0,8.868
6035,6101.0,9.51
6036,6102.0,7.958
6037,6103.0,7.917
6038,6104.0,8.908
6039,6105.0,7.917
6040,6106.0,9.309
6041,6107.0,8.547
6042,6108.0,7.205
6043,6109.0,6.722
6044,6110.0,7.314
6045,6111.0,7.395
6046,6112.0,7.636
6047,6113.0,8.707
6048,6114.0,9.028
6049,6115.0,8.747
6050,6116.0,8.359
6051,6117.0,7.165
6052,6118.0,9.815
6053,6119.0,8.319
6054,6120.0,9.349
6055,6121.0,9.309
6056,6122.0,7.314
6057,6123.0,6.843
6058,6124.0,7.355
6059,6125.0,7.395
6060,6126.0,7.435
6061,6127.0,9.109
6062,6128.0,10.136
6063,6129.0,9.63
6064,6130.0,9.349
6065,6131.0,7.314
6066,6132.0,7.958
6067,6133.0,9.189
6068,6134.0,7.958
6069,6135.0,8.319
6070,6136.0,7.475
6071,6137.0,7.085
6072,6139.0,6.924
6073,6140.0,7.395
6074,6141.0,7.556
6075,6142.0,9.975
6076,6143.0,10.777
6077,6144.0,11.08
6078,6145.0,10.376
6079,6146.0,7.314
6080,6147.0,8.158
6081,6148.0,9.51
6082,6149.0,8.627
6083,6150.0,7.515
6084,6151.0,7.556
6085,6152.0,7.125
6086,6153.0,6.763
6087,6154.0,7.234
6088,6155.0,7.435
6089,6156.0,10.216
6090,6157.0,9.189
6091,6158.0,10.016
6092,6159.0,10.456
6093,6160.0,7.716
6094,6161.0,9.43
6095,6162.0,8.239
6096,6163.0,9.55
6097,6164.0,8.467
6098,6165.0,8.118
6099,6166.0,7.125
6100,6167.0,6.682
6101,6168.0,7.274
6102,6169.0,7.435
6103,6170.0,9.068
6104,6171.0,8.038
6105,6172.0,8.828
6106,6173.0,9.43
6107,6174.0,8.038
6108,6175.0,7.797
6109,6176.0,8.988
6110,6177.0,7.877
6111,6178.0,9.43
6112,6179.0,8.547
6113,6180.0,7.286
6114,6181.0,6.642
6115,6182.0,7.395
6116,6183.0,7.314
6117,6184.0,7.435
6118,6185.0,8.507
6119,6186.0,9.229
6120,6187.0,8.868
6121,6188.0,8.467
6122,6189.0,7.314
6123,6190.0,9.59
6124,6191.0,8.48
6125,6192.0,9.068
6126,6193.0,9.47
6127,6194.0,7.355
6128,6195.0,6.843
6129,6196.0,7.355
6130,6197.0,7.395
6131,6198.0,7.435
6132,6199.0,9.189
6133,6200.0,10.336
6134,6201.0,9.775
6135,6202.0,9.47
6136,6203.0,7.355
6137,6204.0,7.757
6138,6205.0,9.349
6139,6206.0,7.958
6140,6207.0,8.038
6141,6208.0,7.475
6142,6209.0,7.165
6143,6210.0,6.924
6144,6211.0,7.475
6145,6212.0,7.515
6146,6213.0,10.056
6147,6214.0,10.777
6148,6215.0,11.08
6149,6216.0,10.296
6150,6217.0,7.355
6151,6218.0,8.078
6152,6219.0,9.55
6153,6220.0,8.507
6154,6221.0,7.475
6155,6222.0,7.556
6156,6223.0,7.125
6157,6224.0,6.803
6158,6225.0,7.556
6159,6226.0,7.395
6160,6227.0,10.536
6161,6228.0,9.775
6162,6229.0,10.416
6163,6231.0,10.777
6164,6232.0,7.556
6165,6233.0,8.908
6166,6234.0,7.917
6167,6235.0,9.63
6168,6236.0,8.078
6169,6237.0,8.038
6170,6238.0,7.125
6171,6239.0,6.722
6172,6240.0,7.395
6173,6241.0,7.515
6174,6242.0,9.51
6175,6243.0,8.199
6176,6244.0,9.349
6177,6245.0,9.895
6178,6246.0,7.877
6179,6247.0,8.627
6180,6248.0,8.707
6181,6249.0,8.547
6182,6250.0,8.948
6183,6251.0,8.44
6184,6252.0,7.125
6185,6253.0,6.561
6186,6254.0,7.314
6187,6255.0,7.355
6188,6256.0,7.636
6189,6257.0,8.627
6190,6258.0,9.028
6191,6259.0,8.707
6192,6260.0,8.359
6193,6261.0,7.165
6194,6262.0,9.815
6195,6263.0,8.319
6196,6264.0,9.389
6197,6265.0,9.309
6198,6266.0,7.314
6199,6267.0,6.803
6200,6268.0,7.355
6201,6269.0,7.395
6202,6270.0,7.435
6203,6271.0,9.068
6204,6272.0,10.056
6205,6273.0,9.55
6206,6274.0,9.349
6207,6275.0,7.395
6208,6276.0,8.078
6209,6277.0,9.149
6210,6278.0,7.998
6211,6279.0,8.44
6212,6280.0,7.515
6213,6281.0,7.044
6214,6282.0,6.964
6215,6283.0,7.435
6216,6284.0,7.716
6217,6285.0,9.935
6218,6286.0,10.777
6219,6287.0,10.977
6220,6288.0,10.256
6221,6289.0,7.314
6222,6290.0,8.078
6223,6291.0,9.55
6224,6292.0,8.507
6225,6293.0,7.475
6226,6294.0,7.556
6227,6295.0,7.165
6228,6296.0,6.843
6229,6297.0,7.515
6230,6298.0,7.435
6231,6299.0,10.777
6232,6300.0,10.056
6233,6301.0,10.657
6234,6302.0,10.937
6235,6303.0,7.475
6236,6304.0,8.667
6237,6305.0,7.917
6238,6306.0,9.309
6239,6307.0,7.958
6240,6308.0,7.877
6241,6309.0,7.205
6242,6310.0,6.803
6243,6311.0,7.274
6244,6312.0,7.435
6245,6313.0,10.096
6246,6314.0,9.028
6247,6315.0,9.935
6248,6316.0,10.336
6249,6317.0,7.797
6250,6318.0,9.47
6251,6319.0,8.319
6252,6320.0,9.389
6253,6321.0,8.587
6254,6322.0,8.158
6255,6323.0,7.085
6256,6325.0,6.722
6257,6326.0,7.274
6258,6327.0,7.435
6259,6328.0,9.028
6260,6329.0,8.078
6261,6330.0,8.828
6262,6331.0,9.47
6263,6332.0,7.998
6264,6333.0,7.837
6265,6334.0,8.988
6266,6335.0,7.917
6267,6336.0,9.389
6268,6337.0,8.587
6269,6338.0,7.194
6270,6339.0,6.682
6271,6340.0,7.355
6272,6341.0,7.274
6273,6342.0,7.395
6274,6343.0,8.547
6275,6344.0,9.149
6276,6345.0,8.828
6277,6346.0,8.4
6278,6347.0,7.246
6279,6348.0,9.67
6280,6349.0,8.467
6281,6350.0,9.149
6282,6351.0,9.51
6283,6352.0,7.314
6284,6353.0,6.883
6285,6354.0,7.355
6286,6355.0,7.395
6287,6356.0,7.395
6288,6357.0,9.068
6289,6358.0,10.096
6290,6359.0,9.59
6291,6360.0,9.349
6292,6361.0,7.355
6293,6362.0,7.958
6294,6363.0,9.189
6295,6364.0,7.998
6296,6365.0,8.359
6297,6366.0,7.515
6298,6367.0,7.044
6299,6368.0,7.246
6300,6369.0,7.475
6301,6370.0,7.596
6302,6371.0,9.51
6303,6372.0,10.977
6304,6373.0,10.456
6305,6374.0,9.855
6306,6375.0,7.355
6307,6376.0,7.917
6308,6377.0,9.855
6309,6378.0,8.319
6310,6379.0,7.475
6311,6380.0,7.556
6312,6381.0,7.085
6313,6382.0,6.924
6314,6383.0,7.395
6315,6384.0,7.435
6316,6385.0,10.937
6317,6386.0,10.376
6318,6387.0,10.817
6319,6388.0,11.08
6320,6389.0,7.355
6321,6390.0,8.507
6322,6391.0,8.4
6323,6392.0,8.988
6324,6393.0,7.837
6325,6394.0,7.797
6326,6395.0,7.165
6327,6396.0,6.763
6328,6397.0,7.234
6329,6398.0,7.435
6330,6399.0,10.176
6331,6400.0,9.109
6332,6401.0,10.016
6333,6402.0,10.416
6334,6403.0,7.716
6335,6404.0,9.51
6336,6405.0,8.239
6337,6406.0,9.51
6338,6407.0,8.547
6339,6408.0,8.118
6340,6409.0,7.165
6341,6410.0,6.601
6342,6411.0,7.355
6343,6412.0,7.515
6344,6413.0,8.788
6345,6414.0,8.199
6346,6415.0,8.627
6347,6416.0,9.189
6348,6418.0,8.118
6349,6419.0,7.314
6350,6420.0,9.229
6351,6421.0,7.958
6352,6422.0,9.67
6353,6423.0,8.707
6354,6424.0,7.234
6355,6425.0,6.722
6356,6426.0,7.314
6357,6427.0,7.314
6358,6428.0,7.234
6359,6429.0,8.627
6360,6430.0,9.43
6361,6431.0,9.028
6362,6432.0,8.627
6363,6433.0,7.274
6364,6434.0,9.309
6365,6435.0,8.627
6366,6436.0,8.747
6367,6437.0,9.59
6368,6438.0,7.395
6369,6439.0,6.883
6370,6440.0,7.355
6371,6441.0,7.435
6372,6442.0,7.475
6373,6443.0,9.309
6374,6444.0,10.536
6375,6445.0,9.975
6376,6446.0,9.63
6377,6447.0,7.355
6378,6448.0,7.797
6379,6449.0,9.59
6380,6450.0,8.038
6381,6451.0,7.757
6382,6452.0,7.475
6383,6453.0,7.125
6384,6454.0,6.924
6385,6455.0,7.515
6386,6456.0,7.314
6387,6457.0,10.416
6388,6458.0,10.576
6389,6459.0,11.0
6390,6460.0,10.817
6391,6461.0,7.314
6392,6462.0,8.279
6393,6463.0,8.988
6394,6464.0,8.707
6395,6465.0,7.596
6396,6466.0,7.636
6397,6467.0,7.165
6398,6468.0,6.803
6399,6469.0,7.205
6400,6470.0,7.435
6401,6471.0,10.216
6402,6472.0,9.269
6403,6473.0,10.056
6404,6474.0,10.496
6405,6475.0,7.676
6406,6476.0,9.43
6407,6477.0,8.158
6408,6478.0,9.67
6409,6479.0,8.426
6410,6480.0,8.158
6411,6481.0,7.125
6412,6482.0,6.642
6413,6483.0,7.314
6414,6484.0,7.596
6415,6485.0,8.747
6416,6486.0,8.239
6417,6487.0,8.547
6418,6488.0,9.229
6419,6489.0,8.118
6420,6490.0,7.314
6421,6491.0,9.189
6422,6492.0,7.958
6423,6493.0,9.67
6424,6494.0,8.707
6425,6495.0,7.234
6426,6496.0,6.682
6427,6497.0,7.314
6428,6498.0,7.274
6429,6499.0,7.395
6430,6500.0,8.547
6431,6501.0,9.309
6432,6502.0,8.908
6433,6503.0,8.547
6434,6504.0,7.234
6435,6505.0,9.51
6436,6506.0,8.507
6437,6507.0,8.988
6438,6508.0,9.51
6439,6509.0,7.395
6440,6511.0,6.843
6441,6512.0,7.435
6442,6513.0,7.435
6443,6514.0,7.475
6444,6515.0,9.028
6445,6516.0,10.056
6446,6517.0,9.59
6447,6518.0,9.269
6448,6519.0,7.314
6449,6520.0,8.199
6450,6521.0,9.068
6451,6522.0,7.998
6452,6523.0,8.507
6453,6524.0,7.475
6454,6525.0,7.044
6455,6526.0,6.924
6456,6527.0,7.435
6457,6528.0,7.676
6458,6529.0,9.815
6459,6530.0,10.817
6460,6531.0,10.897
6461,6532.0,10.136
6462,6533.0,7.314
6463,6534.0,7.998
6464,6535.0,9.67
6465,6536.0,8.426
6466,6537.0,7.475
6467,6538.0,7.556
6468,6539.0,7.165
6469,6540.0,6.883
6470,6541.0,7.515
6471,6542.0,7.435
6472,6543.0,10.857
6473,6544.0,10.136
6474,6545.0,10.737
6475,6546.0,10.977
6476,6547.0,7.435
6477,6548.0,8.547
6478,6549.0,8.078
6479,6550.0,9.189
6480,6551.0,7.958
6481,6552.0,7.837
6482,6553.0,7.246
6483,6554.0,6.843
6484,6555.0,7.274
6485,6556.0,7.435
6486,6557.0,10.296
6487,6558.0,9.389
6488,6559.0,10.216
6489,6560.0,10.536
6490,6561.0,7.676
6491,6562.0,9.269
6492,6563.0,8.078
6493,6564.0,9.791
6494,6565.0,8.359
6495,6566.0,8.038
6496,6567.0,7.125
6497,6568.0,6.682
6498,6569.0,7.274
6499,6570.0,7.475
6500,6571.0,9.068
6501,6572.0,8.118
6502,6573.0,8.828
6503,6574.0,9.47
6504,6575.0,7.998
6505,6576.0,7.837
6506,6577.0,8.908
6507,6578.0,7.917
6508,6579.0,9.389
6509,6580.0,8.587
6510,6581.0,7.205
6511,6582.0,6.682
6512,6583.0,7.314
6513,6584.0,7.475
6514,6585.0,7.355
6515,6586.0,8.988
6516,6587.0,9.775
6517,6588.0,9.67
6518,6589.0,9.109
6519,6590.0,7.435
6520,6591.0,8.359
6521,6592.0,8.948
6522,6593.0,7.877
6523,6594.0,8.747
6524,6595.0,7.475
6525,6596.0,7.004
6526,6597.0,6.964
6527,6598.0,7.475
6528,6599.0,7.314
6529,6600.0,10.336
6530,6601.0,10.616
6531,6602.0,11.04
6532,6604.0,10.697
6533,6605.0,7.314
6534,6606.0,8.279
6535,6607.0,9.149
6536,6608.0,8.747
6537,6609.0,7.596
6538,6610.0,7.636
6539,6611.0,7.165
6540,6612.0,6.883
6541,6613.0,7.556
6542,6614.0,7.435
6543,6615.0,10.616
6544,6616.0,9.855
6545,6617.0,10.496
6546,6618.0,10.857
6547,6619.0,7.556
6548,6620.0,8.948
6549,6621.0,7.958
6550,6622.0,9.67
6551,6623.0,8.078
6552,6624.0,8.038
6553,6625.0,7.165
6554,6626.0,6.763
6555,6627.0,7.314
6556,6628.0,7.435
6557,6629.0,9.775
6558,6630.0,8.587
6559,6631.0,9.63
6560,6632.0,10.096
6561,6633.0,7.837
6562,6634.0,9.028
6563,6635.0,8.507
6564,6636.0,8.868
6565,6637.0,8.747
6566,6638.0,8.279
6567,6639.0,7.165
6568,6640.0,6.722
6569,6641.0,7.314
6570,6642.0,7.515
6571,6643.0,8.788
6572,6644.0,8.158
6573,6645.0,8.587
6574,6646.0,9.229
6575,6647.0,8.078
6576,6648.0,7.314
6577,6649.0,9.189
6578,6650.0,7.958
6579,6651.0,9.67
6580,6652.0,8.707
6581,6653.0,7.314
6582,6654.0,6.722
6583,6655.0,7.395
6584,6656.0,7.274
6585,6657.0,7.435
6586,6658.0,8.547
6587,6659.0,9.149
6588,6660.0,8.868
6589,6661.0,8.44
6590,6662.0,7.246
6591,6663.0,9.67
6592,6664.0,8.467
6593,6665.0,9.189
6594,6666.0,9.43
6595,6667.0,7.314
6596,6668.0,6.843
6597,6669.0,7.355
6598,6670.0,7.435
6599,6671.0,7.314
6600,6672.0,8.908
6601,6673.0,9.695
6602,6674.0,9.51
6603,6675.0,9.028
6604,6676.0,7.475
6605,6677.0,8.52
6606,6678.0,8.908
6607,6679.0,7.877
6608,6680.0,8.988
6609,6681.0,7.435
6610,6682.0,7.004
6611,6683.0,7.314
6612,6684.0,7.475
6613,6685.0,7.556
6614,6686.0,9.55
6615,6687.0,10.977
6616,6688.0,10.416
6617,6689.0,9.71
6618,6690.0,7.355
6619,6691.0,7.877
6620,6692.0,9.815
6621,6693.0,8.199
6622,6694.0,7.475
6623,6696.0,7.515
6624,6697.0,7.085
6625,6698.0,6.843
6626,6699.0,7.435
6627,6700.0,7.395
6628,6701.0,10.857
6629,6702.0,10.176
6630,6703.0,10.737
6631,6704.0,11.0
6632,6705.0,7.355
6633,6706.0,8.507
6634,6707.0,8.199
6635,6708.0,9.109
6636,6709.0,7.837
6637,6710.0,7.837
6638,6711.0,7.165
6639,6712.0,6.682
6640,6713.0,7.314
6641,6714.0,7.515
6642,6715.0,9.67
6643,6716.0,8.467
6644,6717.0,9.51
6645,6718.0,10.056
6646,6719.0,7.837
6647,6720.0,8.948
6648,6721.0,8.627
6649,6722.0,8.788
6650,6723.0,8.828
6651,6724.0,8.4
6652,6725.0,7.125
6653,6726.0,6.521
6654,6727.0,7.314
6655,6728.0,7.355
6656,6729.0,7.395
6657,6730.0,9.028
6658,6731.0,10.016
6659,6732.0,9.59
6660,6733.0,9.229
6661,6734.0,7.314
6662,6735.0,8.158
6663,6736.0,9.109
6664,6737.0,7.917
6665,6738.0,8.467
6666,6739.0,7.475
6667,6740.0,7.044
6668,6741.0,6.964
6669,6742.0,7.435
6670,6743.0,7.515
6671,6744.0,10.016
6672,6745.0,10.777
6673,6746.0,11.08
6674,6747.0,10.376
6675,6748.0,7.314
6676,6749.0,8.158
6677,6750.0,9.47
6678,6751.0,8.587
6679,6752.0,7.515
6680,6753.0,7.636
6681,6754.0,7.125
6682,6755.0,6.883
6683,6756.0,7.556
6684,6757.0,7.475
6685,6758.0,10.616
6686,6759.0,9.855
6687,6760.0,10.496
6688,6761.0,10.817
6689,6762.0,7.515
6690,6763.0,8.828
6691,6764.0,7.917
6692,6765.0,9.55
6693,6766.0,8.078
6694,6767.0,7.958
6695,6768.0,7.165
6696,6769.0,6.722
6697,6770.0,7.355
6698,6771.0,7.435
6699,6772.0,9.67
6700,6773.0,8.4
6701,6774.0,9.51
6702,6775.0,9.975
6703,6776.0,7.877
6704,6777.0,8.868
6705,6778.0,8.627
6706,6779.0,8.707
6707,6780.0,8.868
6708,6781.0,8.319
6709,6782.0,7.205
6710,6783.0,6.561
6711,6784.0,7.355
6712,6785.0,7.435
6713,6786.0,7.797
6714,6787.0,8.587
6715,6789.0,9.068
6716,6790.0,8.747
6717,6791.0,8.4
6718,6792.0,7.165
6719,6793.0,9.815
6720,6794.0,8.279
6721,6795.0,9.389
6722,6796.0,9.269
6723,6797.0,7.274
6724,6798.0,6.763
6725,6799.0,6.803
6726,6800.0,7.435
6727,6801.0,7.274
6728,6802.0,10.416
6729,6803.0,10.576
6730,6804.0,11.04
6731,6805.0,10.777
6732,6806.0,7.314
6733,6807.0,8.279
6734,6808.0,9.068
6735,6809.0,8.747
6736,6810.0,7.636
6737,6811.0,7.636
6738,6812.0,7.246
6739,6813.0,6.883
6740,6814.0,7.556
6741,6815.0,7.435
6742,6816.0,10.737
6743,6817.0,9.975
6744,6818.0,10.616
6745,6819.0,10.88
6746,6820.0,7.515
6747,6821.0,8.707
6748,6822.0,7.958
6749,6823.0,9.389
6750,6824.0,8.038
6751,6825.0,7.917
6752,6826.0,7.165
6753,6827.0,6.803
6754,6828.0,7.234
6755,6829.0,7.435
6756,6830.0,10.016
6757,6831.0,8.988
6758,6832.0,9.855
6759,6833.0,10.296
6760,6834.0,7.757
6761,6835.0,9.43
6762,6836.0,8.319
6763,6837.0,9.309
6764,6838.0,8.627
6765,6839.0,8.199
6766,6840.0,7.165
6767,6841.0,6.642
6768,6842.0,7.314
6769,6843.0,7.556
6770,6844.0,8.627
6771,6845.0,8.239
6772,6846.0,8.587
6773,6847.0,9.109
6774,6848.0,8.078
6775,6849.0,7.274
6776,6850.0,9.269
6777,6851.0,8.038
6778,6852.0,9.735
6779,6853.0,8.828
6780,6854.0,7.194
6781,6855.0,6.843
6782,6856.0,7.314
6783,6857.0,7.395
6784,6858.0,7.274
6785,6859.0,8.788
6786,6860.0,9.51
6787,6861.0,9.269
6788,6862.0,8.868
6789,6863.0,7.355
6790,6864.0,8.828
6791,6865.0,8.747
6792,6866.0,8.199
6793,6867.0,9.149
6794,6868.0,7.435
6795,6869.0,6.924
6796,6870.0,6.924
6797,6871.0,7.435
6798,6872.0,7.676
6799,6873.0,9.655
6800,6874.0,10.857
6801,6875.0,10.657
6802,6876.0,9.975
6803,6877.0,7.314
6804,6878.0,7.998
6805,6879.0,9.815
6806,6880.0,8.346
6807,6881.0,7.475
6808,6883.0,7.556
6809,6884.0,7.125
6810,6885.0,6.883
6811,6886.0,7.475
6812,6887.0,7.515
6813,6888.0,10.737
6814,6889.0,10.056
6815,6890.0,10.616
6816,6891.0,10.937
6817,6892.0,7.435
6818,6893.0,8.627
6819,6894.0,7.877
6820,6895.0,9.349
6821,6896.0,7.958
6822,6897.0,7.877
6823,6898.0,7.165
6824,6899.0,6.843
6825,6900.0,7.314
6826,6901.0,7.475
6827,6902.0,10.056
6828,6903.0,9.028
6829,6904.0,9.895
6830,6905.0,10.336
6831,6906.0,7.716
6832,6907.0,9.47
6833,6908.0,8.319
6834,6909.0,9.349
6835,6910.0,8.627
6836,6911.0,8.158
6837,6912.0,7.125
6838,6913.0,6.763
6839,6914.0,7.274
6840,6915.0,7.475
6841,6916.0,9.269
6842,6917.0,8.038
6843,6918.0,9.109
6844,6919.0,9.63
6845,6920.0,7.998
6846,6921.0,8.158
6847,6922.0,8.908
6848,6923.0,7.998
6849,6924.0,9.229
6850,6925.0,8.467
6851,6926.0,7.165
6852,6927.0,6.642
6853,6928.0,7.355
6854,6929.0,7.435
6855,6930.0,7.716
6856,6931.0,8.627
6857,6932.0,8.988
6858,6933.0,8.707
6859,6934.0,8.319
6860,6935.0,7.205
6861,6936.0,9.775
6862,6937.0,8.319
6863,6938.0,9.389
6864,6939.0,9.309
6865,6940.0,7.314
6866,6941.0,6.843
6867,6942.0,7.355
6868,6943.0,7.435
6869,6944.0,7.314
6870,6945.0,8.908
6871,6946.0,9.71
6872,6947.0,9.55
6873,6948.0,9.028
6874,6949.0,7.435
6875,6950.0,8.44
6876,6951.0,8.948
6877,6952.0,7.877
6878,6953.0,8.868
6879,6954.0,7.435
6880,6955.0,7.085
6881,6956.0,7.355
6882,6957.0,7.475
6883,6958.0,7.596
6884,6959.0,9.51
6885,6960.0,10.897
6886,6961.0,10.256
6887,6962.0,9.67
6888,6963.0,7.314
6889,6964.0,7.877
6890,6965.0,9.775
6891,6966.0,8.199
6892,6967.0,7.475
6893,6968.0,7.515
6894,6969.0,7.085
6895,6970.0,6.883
6896,6971.0,7.395
6897,6972.0,7.395
6898,6973.0,10.857
6899,6974.0,10.216
6900,6975.0,10.777
6901,6977.0,11.04
6902,6978.0,7.355
6903,6979.0,8.507
6904,6980.0,8.239
6905,6981.0,9.109
6906,6982.0,7.797
6907,6983.0,7.837
6908,6984.0,7.165
6909,6985.0,6.722
6910,6986.0,7.355
6911,6987.0,7.515
6912,6988.0,9.67
6913,6989.0,8.467
6914,6990.0,9.51
6915,6991.0,10.056
6916,6992.0,7.877
6917,6993.0,8.788
6918,6994.0,8.627
6919,6995.0,8.667
6920,6996.0,8.868
6921,6997.0,8.319
6922,6998.0,7.165
6923,6999.0,6.883
6924,7000.0,7.234
6925,7001.0,7.475
6926,7002.0,9.349
6927,7003.0,7.998
6928,7004.0,9.109
6929,7005.0,9.67
6930,7006.0,7.917
6931,7007.0,8.279
6932,7008.0,8.747
6933,7009.0,8.118
6934,7010.0,9.149
6935,7011.0,8.44
6936,7012.0,7.205
6937,7013.0,6.601
6938,7014.0,7.355
6939,7015.0,7.355
6940,7016.0,7.314
6941,7017.0,8.707
6942,7018.0,9.63
6943,7019.0,9.229
6944,7020.0,8.828
6945,7021.0,7.355
6946,7022.0,9.068
6947,7023.0,8.747
6948,7024.0,8.426
6949,7025.0,9.349
6950,7026.0,7.435
6951,7027.0,6.924
6952,7028.0,6.763
6953,7029.0,7.515
6954,7030.0,7.435
6955,7031.0,10.737
6956,7032.0,9.975
6957,7033.0,10.576
6958,7034.0,10.857
6959,7035.0,7.475
6960,7036.0,8.707
6961,7037.0,7.877
6962,7038.0,9.389
6963,7039.0,8.038
6964,7040.0,7.917
6965,7041.0,7.205
6966,7042.0,6.722
6967,7043.0,7.355
6968,7044.0,7.435
6969,7045.0,9.751
6970,7046.0,8.44
6971,7047.0,9.55
6972,7048.0,10.016
6973,7049.0,7.877
6974,7050.0,8.868
6975,7051.0,8.627
6976,7052.0,8.707
6977,7053.0,8.868
6978,7054.0,8.319
6979,7055.0,7.205
6980,7056.0,6.722
6981,7057.0,7.355
6982,7058.0,7.556
6983,7059.0,8.627
6984,7060.0,8.239
6985,7061.0,8.587
6986,7062.0,9.109
6987,7063.0,8.078
6988,7064.0,7.205
6989,7065.0,9.269
6990,7066.0,7.998
6991,7067.0,9.735
6992,7068.0,8.788
6993,7070.0,7.194
6994,7071.0,6.763
6995,7072.0,7.355
6996,7073.0,7.314
6997,7074.0,7.355
6998,7075.0,8.547
6999,7076.0,9.229
7000,7077.0,8.868
7001,7078.0,8.507
7002,7079.0,7.274
7003,7080.0,9.55
7004,7081.0,8.507
7005,7082.0,9.028
7006,7083.0,9.51
7007,7084.0,7.355
7008,7085.0,7.004
7009,7086.0,7.355
7010,7087.0,7.475
7011,7088.0,7.556
7012,7089.0,9.51
7013,7090.0,10.857
7014,7091.0,10.256
7015,7092.0,9.63
7016,7093.0,7.314
7017,7094.0,7.837
7018,7095.0,9.735
7019,7096.0,8.199
7020,7097.0,7.475
7021,7098.0,7.515
7022,7099.0,7.085
7023,7100.0,6.843
7024,7101.0,7.475
7025,7102.0,7.435
7026,7103.0,10.817
7027,7104.0,10.176
7028,7105.0,10.737
7029,7106.0,11.017
7030,7107.0,7.395
7031,7108.0,8.587
7032,7109.0,8.078
7033,7110.0,9.229
7034,7111.0,7.877
7035,7112.0,7.877
7036,7113.0,7.165
7037,7114.0,6.763
7038,7115.0,7.274
7039,7116.0,7.475
7040,7117.0,9.935
7041,7118.0,8.868
7042,7119.0,9.775
7043,7120.0,10.296
7044,7121.0,7.757
7045,7122.0,9.309
7046,7123.0,8.4
7047,7124.0,9.149
7048,7125.0,8.707
7049,7126.0,8.199
7050,7127.0,7.085
7051,7128.0,6.642
7052,7129.0,7.314
7053,7130.0,7.515
7054,7131.0,8.747
7055,7132.0,8.199
7056,7133.0,8.587
7057,7134.0,9.189
7058,7135.0,8.078
7059,7136.0,7.355
7060,7137.0,9.189
7061,7138.0,7.958
7062,7139.0,9.67
7063,7140.0,8.747
7064,7141.0,7.274
7065,7142.0,6.722
7066,7143.0,7.395
7067,7144.0,7.274
7068,7145.0,7.435
7069,7146.0,8.547
7070,7147.0,9.309
7071,7148.0,8.908
7072,7149.0,8.547
7073,7150.0,7.234
7074,7151.0,9.55
7075,7152.0,8.507
7076,7153.0,9.028
7077,7154.0,9.51
7078,7155.0,7.435
7079,7156.0,6.843
7080,7157.0,7.355
7081,7158.0,7.395
7082,7159.0,7.314
7083,7160.0,8.868
7084,7161.0,9.63
7085,7162.0,9.43
7086,7164.0,8.948
7087,7165.0,7.395
7088,7166.0,8.667
7089,7167.0,8.828
7090,7168.0,8.078
7091,7169.0,9.068
7092,7170.0,7.475
7093,7171.0,7.004
7094,7172.0,7.395
7095,7173.0,7.395
7096,7174.0,7.435
7097,7175.0,9.149
7098,7176.0,10.216
7099,7177.0,9.695
7100,7178.0,9.389
7101,7179.0,7.355
7102,7180.0,7.837
7103,7181.0,9.309
7104,7182.0,7.958
7105,7183.0,8.239
7106,7184.0,7.475
7107,7185.0,7.125
7108,7186.0,6.883
7109,7187.0,7.475
7110,7188.0,7.274
7111,7189.0,10.376
7112,7190.0,10.576
7113,7191.0,11.08
7114,7192.0,10.737
7115,7193.0,7.314
7116,7194.0,8.279
7117,7195.0,9.109
7118,7196.0,8.747
7119,7197.0,7.596
7120,7198.0,7.596
7121,7199.0,7.205
7122,7200.0,6.843
7123,7201.0,7.355
7124,7202.0,7.475
7125,7203.0,10.376
7126,7204.0,9.47
7127,7205.0,10.216
7128,7206.0,10.576
7129,7207.0,7.636
7130,7208.0,9.229
7131,7209.0,8.078
7132,7210.0,9.855
7133,7211.0,8.319
7134,7212.0,8.078
7135,7213.0,7.125
7136,7214.0,6.883
7137,7215.0,7.355
7138,7216.0,7.475
7139,7217.0,9.735
7140,7218.0,8.587
7141,7219.0,9.59
7142,7220.0,10.096
7143,7221.0,7.797
7144,7222.0,9.068
7145,7223.0,8.507
7146,7224.0,8.908
7147,7225.0,8.747
7148,7226.0,8.279
7149,7227.0,7.125
7150,7228.0,6.763
7151,7229.0,7.314
7152,7230.0,7.475
7153,7231.0,8.788
7154,7232.0,8.158
7155,7233.0,8.547
7156,7234.0,9.229
7157,7235.0,8.078
7158,7236.0,7.395
7159,7237.0,9.149
7160,7238.0,7.958
7161,7239.0,9.63
7162,7240.0,8.667
7163,7241.0,7.274
7164,7242.0,6.883
7165,7243.0,7.395
7166,7244.0,7.596
7167,7245.0,8.507
7168,7246.0,8.319
7169,7247.0,8.667
7170,7248.0,8.948
7171,7249.0,8.118
7172,7250.0,7.194
7173,7251.0,9.43
7174,7252.0,7.998
7175,7253.0,9.935
7176,7255.0,8.868
7177,7256.0,7.274
7178,7257.0,6.763
7179,7258.0,7.435
7180,7259.0,7.314
7181,7260.0,7.314
7182,7261.0,8.587
7183,7262.0,9.389
7184,7263.0,8.988
7185,7264.0,8.587
7186,7265.0,7.314
7187,7266.0,9.349
7188,7267.0,8.587
7189,7268.0,8.788
7190,7269.0,9.59
7191,7270.0,7.395
7192,7271.0,6.883
7193,7272.0,7.395
7194,7273.0,7.475
7195,7274.0,7.355
7196,7275.0,8.948
7197,7276.0,9.815
7198,7277.0,9.63
7199,7278.0,9.109
7200,7279.0,7.475
7201,7280.0,8.359
7202,7281.0,9.028
7203,7282.0,7.877
7204,7283.0,8.747
7205,7284.0,7.435
7206,7285.0,7.044
7207,7286.0,6.561
7208,7287.0,7.314
7209,7288.0,7.475
7210,7289.0,10.096
7211,7290.0,8.988
7212,7291.0,9.935
7213,7292.0,10.296
7214,7293.0,7.797
7215,7294.0,9.43
7216,7295.0,8.319
7217,7296.0,9.309
7218,7297.0,8.627
7219,7298.0,8.158
7220,7299.0,7.125
7221,7300.0,6.481
7222,7301.0,7.314
7223,7302.0,7.274
7224,7303.0,7.556
7225,7304.0,8.667
7226,7305.0,9.109
7227,7306.0,8.747
7228,7307.0,8.4
7229,7308.0,7.205
7230,7309.0,9.695
7231,7310.0,8.4
7232,7311.0,9.229
7233,7312.0,9.389
7234,7313.0,7.314
7235,7314.0,6.883
7236,7315.0,7.355
7237,7316.0,7.435
7238,7317.0,7.314
7239,7318.0,8.788
7240,7319.0,9.47
7241,7320.0,9.349
7242,7321.0,8.828
7243,7322.0,7.395
7244,7323.0,8.868
7245,7324.0,8.788
7246,7325.0,8.279
7247,7326.0,9.269
7248,7327.0,7.435
7249,7328.0,6.924
7250,7329.0,6.883
7251,7330.0,7.475
7252,7331.0,7.556
7253,7332.0,9.975
7254,7333.0,10.737
7255,7334.0,11.0
7256,7335.0,10.296
7257,7336.0,7.314
7258,7337.0,8.118
7259,7338.0,9.47
7260,7339.0,8.547
7261,7340.0,7.475
7262,7341.0,7.596
7263,7342.0,7.125
7264,7343.0,6.924
7265,7344.0,7.515
7266,7345.0,7.515
7267,7347.0,10.737
7268,7348.0,10.016
7269,7349.0,10.616
7270,7350.0,10.92
7271,7351.0,7.475
7272,7352.0,8.747
7273,7353.0,7.877
7274,7354.0,9.43
7275,7355.0,7.958
7276,7356.0,7.998
7277,7357.0,7.125
7278,7358.0,6.601
7279,7359.0,7.314
7280,7360.0,7.556
7281,7361.0,8.707
7282,7362.0,8.199
7283,7363.0,8.587
7284,7364.0,9.149
7285,7365.0,8.078
7286,7366.0,7.194
7287,7367.0,9.229
7288,7368.0,7.958
7289,7369.0,9.695
7290,7370.0,8.747
7291,7371.0,7.274
7292,7372.0,6.883
7293,7373.0,7.395
7294,7374.0,7.596
7295,7375.0,8.44
7296,7376.0,8.359
7297,7377.0,8.707
7298,7378.0,8.868
7299,7379.0,8.118
7300,7380.0,7.165
7301,7381.0,9.51
7302,7382.0,8.038
7303,7383.0,9.895
7304,7384.0,8.908
7305,7385.0,7.274
7306,7386.0,6.763
7307,7387.0,7.395
7308,7388.0,7.314
7309,7389.0,7.314
7310,7390.0,8.627
7311,7391.0,9.55
7312,7392.0,9.028
7313,7393.0,8.707
7314,7394.0,7.286
7315,7395.0,9.309
7316,7396.0,8.627
7317,7397.0,8.707
7318,7398.0,9.51
7319,7399.0,7.395
7320,7400.0,6.883
7321,7401.0,6.883
7322,7402.0,7.435
7323,7403.0,7.556
7324,7404.0,9.975
7325,7405.0,10.737
7326,7406.0,11.08
7327,7407.0,10.336
7328,7408.0,7.355
7329,7409.0,8.158
7330,7410.0,9.47
7331,7411.0,8.547
7332,7412.0,7.515
7333,7413.0,7.556
7334,7414.0,7.165
7335,7415.0,6.36
7336,7416.0,7.274
7337,7417.0,7.475
7338,7418.0,8.868
7339,7419.0,8.118
7340,7420.0,8.667
7341,7421.0,9.269
7342,7422.0,8.078
7343,7423.0,7.475
7344,7424.0,9.109
7345,7425.0,7.917
7346,7426.0,9.59
7347,7427.0,8.667
7348,7428.0,7.274
7349,7429.0,6.682
7350,7430.0,7.395
7351,7431.0,7.395
7352,7432.0,7.395
7353,7433.0,8.828
7354,7434.0,9.67
7355,7435.0,9.47
7356,7436.0,8.988
7357,7437.0,7.395
7358,7438.0,8.627
7359,7439.0,8.828
7360,7441.0,7.998
7361,7442.0,8.988
7362,7443.0,7.435
7363,7444.0,7.044
7364,7445.0,7.205
7365,7446.0,7.435
7366,7447.0,7.636
7367,7448.0,9.695
7368,7449.0,10.817
7369,7450.0,10.897
7370,7451.0,10.216
7371,7452.0,7.314
7372,7453.0,8.118
7373,7454.0,9.349
7374,7455.0,8.667
7375,7456.0,7.596
7376,7457.0,7.596
7377,7458.0,7.205
7378,7459.0,6.803
7379,7460.0,7.274
7380,7461.0,7.435
7381,7462.0,10.296
7382,7463.0,9.189
7383,7464.0,10.096
7384,7465.0,10.416
7385,7466.0,7.757
7386,7467.0,9.47
7387,7468.0,8.4
7388,7469.0,9.149
7389,7470.0,8.828
7390,7471.0,8.239
7391,7472.0,7.125
7392,7473.0,6.642
7393,7474.0,7.395
7394,7475.0,7.676
7395,7476.0,7.998
7396,7477.0,8.52
7397,7478.0,8.948
7398,7479.0,8.747
7399,7480.0,8.359
7400,7481.0,7.246
7401,7482.0,9.59
7402,7483.0,8.48
7403,7484.0,8.948
7404,7485.0,9.55
7405,7486.0,7.355
7406,7487.0,6.883
7407,7488.0,6.924
7408,7489.0,7.435
7409,7490.0,7.636
7410,7491.0,9.775
7411,7492.0,10.777
7412,7493.0,11.0
7413,7494.0,10.296
7414,7495.0,7.355
7415,7496.0,8.078
7416,7497.0,9.51
7417,7498.0,8.547
7418,7499.0,7.556
7419,7500.0,7.636
7420,7501.0,7.205
7421,7502.0,6.843
7422,7503.0,7.596
7423,7504.0,7.395
7424,7505.0,10.697
7425,7506.0,9.855
7426,7507.0,10.496
7427,7508.0,10.817
7428,7509.0,7.515
7429,7510.0,8.828
7430,7511.0,7.917
7431,7512.0,9.55
7432,7513.0,8.038
7433,7514.0,7.998
7434,7515.0,7.125
7435,7516.0,6.803
7436,7517.0,7.274
7437,7518.0,7.435
7438,7519.0,9.855
7439,7520.0,8.707
7440,7521.0,9.695
7441,7522.0,10.176
7442,7523.0,7.797
7443,7524.0,9.189
7444,7525.0,8.48
7445,7526.0,9.068
7446,7527.0,8.747
7447,7528.0,8.279
7448,7529.0,7.125
7449,7530.0,6.722
7450,7531.0,7.314
7451,7532.0,7.596
7452,7534.0,8.547
7453,7535.0,8.359
7454,7536.0,8.627
7455,7537.0,9.068
7456,7538.0,8.118
7457,7539.0,7.246
7458,7540.0,9.349
7459,7541.0,8.038
7460,7542.0,9.815
7461,7543.0,8.908
7462,7544.0,7.205
7463,7545.0,6.722
7464,7546.0,7.355
7465,7547.0,7.435
7466,7548.0,7.395
7467,7549.0,8.908
7468,7550.0,9.775
7469,7551.0,9.55
7470,7552.0,9.068
7471,7553.0,7.395
7472,7554.0,8.48
7473,7555.0,8.908
7474,7556.0,7.917
7475,7557.0,8.828
7476,7558.0,7.475
7477,7559.0,7.044
7478,7560.0,6.964
7479,7561.0,7.435
7480,7562.0,7.556
7481,7563.0,9.975
7482,7564.0,10.777
7483,7565.0,11.04
7484,7566.0,10.336
7485,7567.0,7.314
7486,7568.0,8.118
7487,7569.0,9.47
7488,7570.0,8.587
7489,7571.0,7.515
7490,7572.0,7.596
7491,7573.0,7.125
7492,7574.0,6.843
7493,7575.0,7.596
7494,7576.0,7.435
7495,7577.0,10.496
7496,7578.0,9.71
7497,7579.0,10.376
7498,7580.0,10.777
7499,7581.0,7.596
7500,7582.0,9.028
7501,7583.0,7.958
7502,7584.0,9.775
7503,7585.0,8.199
7504,7586.0,7.998
7505,7587.0,7.125
7506,7588.0,6.722
7507,7589.0,7.355
7508,7590.0,7.435
7509,7591.0,9.59
7510,7592.0,8.279
7511,7593.0,9.43
7512,7594.0,9.935
7513,7595.0,7.877
7514,7596.0,8.707
7515,7597.0,8.667
7516,7598.0,8.547
7517,7599.0,8.908
7518,7600.0,8.359
7519,7601.0,7.165
7520,7602.0,6.763
7521,7603.0,7.395
7522,7604.0,7.556
7523,7605.0,8.507
7524,7606.0,8.279
7525,7607.0,8.667
7526,7608.0,8.988
7527,7609.0,8.118
7528,7610.0,7.165
7529,7611.0,9.389
7530,7612.0,8.078
7531,7613.0,9.935
7532,7614.0,8.868
7533,7615.0,7.274
7534,7616.0,6.763
7535,7617.0,7.435
7536,7618.0,7.395
7537,7619.0,7.274
7538,7620.0,8.747
7539,7621.0,9.55
7540,7622.0,9.269
7541,7623.0,8.788
7542,7624.0,7.314
7543,7625.0,8.908
7544,7627.0,8.707
7545,7628.0,8.319
7546,7629.0,9.309
7547,7630.0,7.395
7548,7631.0,6.924
7549,7632.0,7.205
7550,7633.0,7.395
7551,7634.0,7.556
7552,7635.0,9.51
7553,7636.0,10.937
7554,7637.0,10.456
7555,7638.0,9.775
7556,7639.0,7.314
7557,7640.0,7.877
7558,7641.0,9.895
7559,7642.0,8.279
7560,7643.0,7.515
7561,7644.0,7.515
7562,7645.0,7.125
7563,7646.0,6.883
7564,7647.0,7.515
7565,7648.0,7.395
7566,7649.0,10.937
7567,7650.0,10.216
7568,7651.0,10.817
7569,7652.0,11.0
7570,7653.0,7.435
7571,7654.0,8.507
7572,7655.0,8.239
7573,7656.0,9.109
7574,7657.0,7.837
7575,7658.0,7.797
7576,7659.0,7.165
7577,7660.0,6.843
7578,7661.0,7.246
7579,7662.0,7.435
7580,7663.0,10.216
7581,7664.0,9.229
7582,7665.0,10.056
7583,7666.0,10.456
7584,7667.0,7.676
7585,7668.0,9.43
7586,7669.0,8.158
7587,7670.0,9.63
7588,7671.0,8.426
7589,7672.0,8.118
7590,7673.0,7.125
7591,7674.0,6.763
7592,7675.0,7.246
7593,7676.0,7.515
7594,7677.0,9.229
7595,7678.0,8.038
7596,7679.0,9.028
7597,7680.0,9.655
7598,7681.0,7.917
7599,7682.0,8.199
7600,7683.0,8.788
7601,7684.0,8.038
7602,7685.0,9.229
7603,7686.0,8.507
7604,7687.0,7.205
7605,7688.0,6.722
7606,7689.0,7.355
7607,7690.0,7.395
7608,7691.0,7.395
7609,7692.0,8.547
7610,7693.0,9.189
7611,7694.0,8.828
7612,7695.0,8.467
7613,7696.0,7.194
7614,7697.0,9.59
7615,7698.0,8.426
7616,7699.0,9.068
7617,7700.0,9.47
7618,7701.0,7.355
7619,7702.0,6.843
7620,7703.0,7.274
7621,7704.0,7.395
7622,7705.0,7.515
7623,7706.0,9.349
7624,7707.0,10.657
7625,7708.0,10.056
7626,7709.0,9.67
7627,7710.0,7.314
7628,7711.0,7.797
7629,7712.0,9.59
7630,7713.0,8.118
7631,7714.0,7.556
7632,7715.0,7.515
7633,7716.0,7.085
7634,7717.0,6.964
7635,7718.0,7.435
7636,7719.0,7.355
7637,7721.0,10.496
7638,7722.0,10.536
7639,7723.0,10.977
7640,7724.0,10.977
7641,7725.0,7.314
7642,7726.0,8.4
7643,7727.0,8.908
7644,7728.0,8.788
7645,7729.0,7.636
7646,7730.0,7.676
7647,7731.0,7.165
7648,7732.0,6.561
7649,7733.0,7.205
7650,7734.0,7.475
7651,7735.0,9.349
7652,7736.0,7.998
7653,7737.0,9.149
7654,7738.0,9.695
7655,7739.0,7.917
7656,7740.0,8.319
7657,7741.0,8.747
7658,7742.0,8.118
7659,7743.0,9.109
7660,7744.0,8.44
7661,7745.0,7.154
7662,7746.0,6.561
7663,7747.0,7.355
7664,7748.0,7.395
7665,7749.0,7.395
7666,7750.0,9.028
7667,7751.0,10.056
7668,7752.0,9.55
7669,7753.0,9.309
7670,7754.0,7.314
7671,7755.0,8.038
7672,7756.0,9.149
7673,7757.0,7.958
7674,7758.0,8.4
7675,7759.0,7.515
7676,7760.0,7.085
7677,7761.0,6.964
7678,7762.0,7.435
7679,7763.0,7.636
7680,7764.0,9.975
7681,7765.0,10.817
7682,7766.0,11.0
7683,7767.0,10.416
7684,7768.0,7.355
7685,7769.0,8.158
7686,7770.0,9.47
7687,7771.0,8.507
7688,7772.0,7.515
7689,7773.0,7.556
7690,7774.0,7.165
7691,7775.0,6.883
7692,7776.0,7.475
7693,7777.0,7.435
7694,7778.0,10.817
7695,7779.0,10.096
7696,7780.0,10.697
7697,7781.0,10.937
7698,7782.0,7.435
7699,7783.0,8.627
7700,7784.0,7.877
7701,7785.0,9.269
7702,7786.0,7.958
7703,7787.0,7.877
7704,7788.0,7.165
7705,7789.0,6.803
7706,7790.0,7.274
7707,7791.0,7.435
7708,7792.0,10.136
7709,7793.0,9.068
7710,7794.0,9.975
7711,7795.0,10.576
7712,7796.0,7.797
7713,7797.0,9.55
7714,7798.0,8.319
7715,7799.0,9.47
7716,7800.0,8.627
7717,7801.0,8.158
7718,7802.0,7.165
7719,7803.0,6.682
7720,7804.0,7.355
7721,7805.0,7.475
7722,7806.0,9.028
7723,7807.0,8.078
7724,7808.0,8.747
7725,7809.0,9.43
7726,7810.0,7.998
7727,7811.0,7.757
7728,7812.0,8.988
7729,7813.0,7.917
7730,7815.0,9.43
7731,7816.0,8.587
7732,7817.0,7.205
7733,7818.0,6.642
7734,7819.0,7.314
7735,7820.0,7.355
7736,7821.0,7.274
7737,7822.0,8.747
7738,7823.0,9.51
7739,7824.0,9.269
7740,7825.0,8.788
7741,7826.0,7.355
7742,7827.0,8.948
7743,7828.0,8.747
7744,7829.0,8.359
7745,7830.0,9.309
7746,7831.0,7.395
7747,7832.0,6.924
7748,7833.0,6.883
7749,7834.0,7.435
7750,7835.0,7.676
7751,7836.0,9.935
7752,7837.0,10.737
7753,7838.0,11.0
7754,7839.0,10.296
7755,7840.0,7.395
7756,7841.0,8.038
7757,7842.0,9.59
7758,7843.0,8.467
7759,7844.0,7.475
7760,7845.0,7.556
7761,7846.0,7.125
7762,7847.0,6.843
7763,7848.0,7.515
7764,7849.0,7.395
7765,7850.0,10.697
7766,7851.0,9.975
7767,7852.0,10.616
7768,7853.0,10.937
7769,7854.0,7.475
7770,7855.0,8.707
7771,7856.0,7.877
7772,7857.0,9.389
7773,7858.0,7.998
7774,7859.0,7.958
7775,7860.0,7.165
7776,7861.0,6.803
7777,7862.0,7.274
7778,7863.0,7.475
7779,7864.0,9.895
7780,7865.0,8.828
7781,7866.0,9.735
7782,7867.0,10.216
7783,7868.0,7.757
7784,7869.0,9.269
7785,7870.0,8.426
7786,7871.0,9.149
7787,7872.0,8.707
7788,7873.0,8.239
7789,7874.0,7.085
7790,7875.0,6.682
7791,7876.0,7.395
7792,7877.0,7.716
7793,7878.0,8.118
7794,7879.0,8.52
7795,7880.0,8.788
7796,7881.0,8.707
7797,7882.0,8.199
7798,7883.0,7.165
7799,7884.0,9.63
7800,7885.0,8.158
7801,7886.0,9.791
7802,7887.0,9.068
7803,7888.0,7.286
7804,7889.0,6.763
7805,7890.0,7.355
7806,7891.0,7.435
7807,7892.0,7.355
7808,7893.0,8.868
7809,7894.0,9.71
7810,7895.0,9.47
7811,7896.0,9.028
7812,7897.0,7.395
7813,7898.0,8.547
7814,7899.0,8.868
7815,7900.0,7.917
7816,7901.0,8.908
7817,7902.0,7.475
7818,7903.0,6.964
7819,7904.0,7.125
7820,7906.0,7.395
7821,7907.0,7.636
7822,7908.0,9.55
7823,7909.0,10.937
7824,7910.0,10.496
7825,7911.0,9.855
7826,7912.0,7.314
7827,7913.0,7.917
7828,7914.0,9.895
7829,7915.0,8.359
7830,7916.0,7.475
7831,7917.0,7.596
7832,7918.0,7.125
7833,7919.0,6.924
7834,7920.0,7.435
7835,7921.0,7.395
7836,7922.0,10.897
7837,7923.0,10.176
7838,7924.0,10.777
7839,7925.0,11.04
7840,7926.0,7.395
7841,7927.0,8.507
7842,7928.0,8.199
7843,7929.0,9.068
7844,7930.0,7.837
7845,7931.0,7.797
7846,7932.0,7.165
7847,7933.0,6.803
7848,7934.0,7.234
7849,7935.0,7.435
7850,7936.0,10.216
7851,7937.0,9.189
7852,7938.0,10.056
7853,7939.0,10.416
7854,7940.0,7.716
7855,7941.0,9.47
7856,7942.0,8.239
7857,7943.0,9.55
7858,7944.0,8.507
7859,7945.0,8.118
7860,7946.0,7.165
7861,7947.0,6.722
7862,7948.0,7.314
7863,7949.0,7.435
7864,7950.0,9.189
7865,7951.0,8.038
7866,7952.0,8.988
7867,7953.0,9.55
7868,7954.0,7.998
7869,7955.0,7.958
7870,7956.0,8.948
7871,7957.0,7.877
7872,7958.0,9.269
7873,7959.0,8.467
7874,7960.0,7.165
7875,7961.0,6.642
7876,7962.0,7.314
7877,7963.0,7.355
7878,7964.0,7.636
7879,7965.0,8.627
7880,7966.0,9.028
7881,7967.0,8.747
7882,7968.0,8.319
7883,7969.0,7.154
7884,7970.0,9.775
7885,7971.0,8.319
7886,7972.0,9.349
7887,7973.0,9.309
7888,7974.0,7.274
7889,7975.0,6.803
7890,7976.0,7.355
7891,7977.0,7.435
7892,7978.0,7.395
7893,7979.0,9.068
7894,7980.0,10.136
7895,7981.0,9.63
7896,7982.0,9.309
7897,7983.0,7.355
7898,7984.0,7.958
7899,7985.0,9.229
7900,7986.0,7.958
7901,7987.0,8.4
7902,7988.0,7.475
7903,7989.0,7.125
7904,7990.0,6.964
7905,7991.0,7.515
7906,7992.0,7.314
7907,7993.0,10.296
7908,7994.0,10.616
7909,7995.0,11.12
7910,7996.0,10.576
7911,7997.0,7.314
7912,7999.0,8.199
7913,8000.0,9.189
7914,8001.0,8.667
7915,8002.0,7.556
7916,8003.0,7.596
7917,8004.0,7.165
7918,8005.0,6.883
7919,8006.0,7.596
7920,8007.0,7.435
7921,8008.0,10.616
7922,8009.0,9.815
7923,8010.0,10.456
7924,8011.0,10.777
7925,8012.0,7.515
7926,8013.0,8.868
7927,8014.0,7.917
7928,8015.0,9.63
7929,8016.0,8.078
7930,8017.0,8.038
7931,8018.0,7.125
7932,8019.0,6.682
7933,8020.0,7.234
7934,8021.0,7.435
7935,8022.0,9.149
7936,8023.0,8.078
7937,8024.0,8.948
7938,8025.0,9.59
7939,8026.0,7.958
7940,8027.0,7.998
7941,8028.0,8.868
7942,8029.0,7.917
7943,8030.0,9.309
7944,8031.0,8.547
7945,8032.0,7.205
7946,8033.0,6.722
7947,8034.0,7.314
7948,8035.0,7.475
7949,8036.0,7.395
7950,8037.0,9.028
7951,8038.0,9.975
7952,8039.0,9.55
7953,8040.0,9.229
7954,8041.0,7.314
7955,8042.0,8.078
7956,8043.0,9.109
7957,8044.0,7.958
7958,8045.0,8.467
7959,8046.0,7.475
7960,8047.0,7.044
7961,8048.0,6.883
7962,8049.0,7.435
7963,8050.0,7.314
7964,8051.0,10.496
7965,8052.0,10.536
7966,8053.0,10.937
7967,8054.0,10.937
7968,8055.0,7.314
7969,8056.0,8.359
7970,8057.0,8.868
7971,8058.0,8.747
7972,8059.0,7.636
7973,8060.0,7.676
7974,8061.0,7.165
7975,8062.0,6.722
7976,8063.0,7.274
7977,8064.0,7.475
7978,8065.0,9.975
7979,8066.0,8.908
7980,8067.0,9.775
7981,8068.0,10.256
7982,8069.0,7.757
7983,8070.0,9.389
7984,8071.0,8.44
7985,8072.0,9.229
7986,8073.0,8.667
7987,8074.0,8.279
7988,8075.0,7.085
7989,8076.0,6.481
7990,8077.0,6.722
7991,8078.0,7.395
7992,8079.0,7.395
7993,8080.0,10.897
7994,8081.0,10.216
7995,8082.0,10.777
7996,8083.0,11.04
7997,8084.0,7.395
7998,8085.0,8.467
7999,8086.0,8.319
8000,8087.0,9.028
8001,8088.0,7.797
8002,8089.0,7.797
8003,8090.0,7.165
8004,8092.0,6.722
8005,8093.0,7.314
8006,8094.0,7.475
8007,8095.0,9.735
8008,8096.0,8.547
8009,8097.0,9.55
8010,8098.0,10.056
8011,8099.0,7.797
8012,8100.0,8.988
8013,8101.0,8.587
8014,8102.0,8.828
8015,8103.0,8.747
8016,8104.0,8.319
8017,8105.0,7.125
8018,8106.0,6.601
8019,8107.0,7.314
8020,8108.0,7.314
8021,8109.0,7.314
8022,8110.0,8.627
8023,8111.0,9.47
8024,8112.0,9.269
8025,8113.0,8.788
8026,8114.0,7.556
8027,8115.0,9.71
8028,8116.0,8.788
8029,8117.0,9.109
8030,8118.0,9.51
8031,8119.0,7.355
8032,8120.0,6.924
8033,8121.0,7.355
8034,8122.0,7.435
8035,8123.0,7.355
8036,8124.0,8.908
8037,8125.0,9.695
8038,8126.0,9.51
8039,8127.0,9.028
8040,8128.0,7.395
8041,8129.0,8.587
8042,8130.0,8.868
8043,8131.0,7.917
8044,8132.0,9.028
8045,8133.0,7.475
8046,8134.0,6.964
8047,8135.0,7.355
8048,8136.0,7.395
8049,8137.0,7.556
8050,8138.0,9.47
8051,8139.0,10.92
8052,8140.0,10.336
8053,8141.0,9.695
8054,8142.0,7.314
8055,8143.0,7.877
8056,8144.0,9.815
8057,8145.0,8.239
8058,8146.0,7.475
8059,8147.0,7.556
8060,8148.0,7.085
8061,8149.0,6.883
8062,8150.0,7.475
8063,8151.0,7.475
8064,8152.0,10.817
8065,8153.0,10.176
8066,8154.0,10.737
8067,8155.0,11.0
8068,8156.0,7.395
8069,8157.0,8.507
8070,8158.0,8.118
8071,8159.0,9.149
8072,8160.0,7.877
8073,8161.0,7.837
8074,8162.0,7.165
8075,8163.0,6.803
8076,8164.0,7.234
8077,8165.0,7.475
8078,8166.0,10.176
8079,8167.0,9.149
8080,8168.0,10.016
8081,8169.0,10.416
8082,8170.0,7.757
8083,8171.0,9.51
8084,8172.0,8.239
8085,8173.0,9.55
8086,8174.0,8.507
8087,8175.0,8.118
8088,8176.0,7.125
8089,8177.0,6.682
8090,8178.0,7.355
8091,8179.0,7.475
8092,8180.0,9.149
8093,8181.0,8.078
8094,8183.0,8.908
8095,8184.0,9.47
8096,8185.0,8.078
8097,8186.0,7.917
8098,8187.0,8.988
8099,8188.0,7.877
8100,8189.0,9.389
8101,8190.0,8.547
8102,8191.0,7.274
8103,8192.0,6.682
8104,8193.0,7.395
8105,8194.0,7.274
8106,8195.0,7.355
8107,8196.0,8.547
8108,8197.0,9.269
8109,8198.0,8.868
8110,8199.0,8.467
8111,8200.0,7.234
8112,8201.0,9.51
8113,8202.0,8.467
8114,8203.0,8.988
8115,8204.0,9.51
8116,8205.0,7.355
8117,8206.0,6.843
8118,8207.0,7.355
8119,8208.0,7.395
8120,8209.0,7.435
8121,8210.0,9.229
8122,8211.0,10.376
8123,8212.0,9.815
8124,8213.0,9.51
8125,8214.0,7.355
8126,8215.0,7.797
8127,8216.0,9.43
8128,8217.0,7.998
8129,8218.0,7.998
8130,8219.0,7.475
8131,8220.0,7.125
8132,8221.0,6.964
8133,8222.0,7.475
8134,8223.0,7.435
8135,8224.0,10.056
8136,8225.0,10.697
8137,8226.0,11.16
8138,8227.0,10.376
8139,8228.0,7.395
8140,8229.0,8.118
8141,8230.0,9.51
8142,8231.0,8.547
8143,8232.0,7.515
8144,8233.0,7.556
8145,8234.0,7.125
8146,8235.0,6.883
8147,8236.0,7.435
8148,8237.0,7.395
8149,8238.0,10.857
8150,8239.0,10.176
8151,8240.0,10.737
8152,8241.0,11.04
8153,8242.0,7.435
8154,8243.0,8.547
8155,8244.0,8.158
8156,8245.0,9.189
8157,8246.0,7.877
8158,8247.0,7.877
8159,8248.0,7.165
8160,8249.0,6.763
8161,8250.0,7.314
8162,8251.0,7.475
8163,8252.0,9.815
8164,8253.0,8.667
8165,8254.0,9.63
8166,8255.0,10.136
8167,8256.0,7.797
8168,8257.0,9.109
8169,8258.0,8.467
8170,8259.0,9.028
8171,8260.0,8.667
8172,8261.0,8.279
8173,8262.0,7.085
8174,8263.0,6.682
8175,8264.0,7.355
8176,8265.0,7.676
8177,8266.0,8.199
8178,8267.0,8.48
8179,8268.0,8.788
8180,8269.0,8.747
8181,8270.0,8.158
8182,8271.0,7.165
8183,8272.0,9.63
8184,8273.0,8.118
8185,8274.0,9.775
8186,8276.0,9.028
8187,8277.0,7.274
8188,8278.0,6.763
8189,8279.0,7.314
8190,8280.0,7.355
8191,8281.0,7.395
8192,8282.0,9.028
8193,8283.0,10.016
8194,8284.0,9.59
8195,8285.0,9.229
8196,8286.0,7.314
8197,8287.0,8.118
8198,8288.0,9.109
8199,8289.0,7.917
8200,8290.0,8.467
8201,8291.0,7.515
8202,8292.0,7.044
8203,8293.0,6.964
8204,8294.0,7.435
8205,8295.0,7.716
8206,8296.0,9.775
8207,8297.0,10.857
8208,8298.0,10.817
8209,8299.0,10.136
8210,8300.0,7.314
8211,8301.0,8.038
8212,8302.0,9.67
8213,8303.0,8.467
8214,8304.0,7.475
8215,8305.0,7.636
8216,8306.0,7.125
8217,8307.0,6.924
8218,8308.0,7.475
8219,8309.0,7.475
8220,8310.0,10.737
8221,8311.0,10.016
8222,8312.0,10.657
8223,8313.0,10.937
8224,8314.0,7.475
8225,8315.0,8.667
8226,8316.0,7.877
8227,8317.0,9.309
8228,8318.0,7.958
8229,8319.0,7.877
8230,8320.0,7.165
8231,8321.0,6.763
8232,8322.0,7.274
8233,8323.0,7.435
8234,8324.0,10.016
8235,8325.0,8.908
8236,8326.0,9.855
8237,8327.0,10.296
8238,8328.0,7.757
8239,8329.0,9.389
8240,8330.0,8.359
8241,8331.0,9.269
8242,8332.0,8.667
8243,8333.0,8.199
8244,8334.0,7.165
8245,8335.0,6.642
8246,8336.0,7.395
8247,8337.0,7.556
8248,8338.0,8.788
8249,8339.0,8.199
8250,8340.0,8.627
8251,8341.0,9.189
8252,8342.0,8.118
8253,8343.0,7.274
8254,8344.0,9.269
8255,8345.0,7.958
8256,8346.0,9.695
8257,8347.0,8.747
8258,8348.0,7.234
8259,8349.0,6.682
8260,8350.0,7.355
8261,8351.0,7.314
8262,8352.0,7.234
8263,8353.0,8.627
8264,8354.0,9.47
8265,8355.0,9.028
8266,8356.0,8.627
8267,8357.0,7.274
8268,8358.0,9.229
8269,8359.0,8.627
8270,8360.0,8.667
8271,8361.0,9.51
8272,8362.0,7.395
8273,8363.0,6.883
8274,8364.0,7.314
8275,8365.0,7.475
8276,8366.0,7.556
8277,8367.0,9.47
8278,8369.0,10.857
8279,8370.0,10.256
8280,8371.0,9.63
8281,8372.0,7.355
8282,8373.0,7.837
8283,8374.0,9.775
8284,8375.0,8.158
8285,8376.0,7.515
8286,8377.0,7.515
8287,8378.0,7.125
8288,8379.0,6.843
8289,8380.0,7.475
8290,8381.0,7.395
8291,8382.0,10.937
8292,8383.0,10.216
8293,8384.0,10.857
8294,8385.0,11.04
8295,8386.0,7.435
8296,8387.0,8.467
8297,8388.0,8.239
8298,8389.0,9.068
8299,8390.0,7.837
8300,8391.0,7.797
8301,8392.0,7.165
8302,8393.0,6.803
8303,8394.0,7.234
8304,8395.0,7.435
8305,8396.0,10.176
8306,8397.0,9.189
8307,8398.0,10.016
8308,8399.0,10.416
8309,8400.0,7.716
8310,8401.0,9.47
8311,8402.0,8.199
8312,8403.0,9.59
8313,8404.0,8.507
8314,8405.0,8.158
8315,8406.0,7.125
8316,8407.0,6.763
8317,8408.0,7.246
8318,8409.0,7.475
8319,8410.0,9.109
8320,8411.0,8.078
8321,8412.0,8.828
8322,8413.0,9.51
8323,8414.0,7.958
8324,8415.0,7.917
8325,8416.0,8.908
8326,8417.0,7.917
8327,8418.0,9.349
8328,8419.0,8.587
8329,8420.0,7.205
8330,8421.0,6.722
8331,8422.0,7.355
8332,8423.0,7.395
8333,8424.0,7.274
8334,8425.0,8.667
8335,8426.0,9.43
8336,8427.0,9.028
8337,8428.0,8.587
8338,8429.0,7.274
8339,8430.0,9.229
8340,8431.0,8.627
8341,8432.0,8.707
8342,8433.0,9.51
8343,8434.0,7.395
8344,8435.0,6.843
8345,8436.0,6.883
8346,8437.0,7.395
8347,8438.0,7.636
8348,8439.0,9.655
8349,8440.0,10.897
8350,8441.0,10.697
8351,8442.0,9.975
8352,8443.0,7.314
8353,8444.0,7.998
8354,8445.0,9.735
8355,8446.0,8.4
8356,8447.0,7.475
8357,8448.0,7.556
8358,8449.0,7.125
8359,8450.0,6.924
8360,8451.0,7.475
8361,8452.0,7.435
8362,8453.0,10.857
8363,8454.0,10.216
8364,8455.0,10.777
8365,8456.0,11.04
8366,8457.0,7.395
8367,8458.0,8.587
8368,8459.0,8.118
8369,8460.0,9.229
8370,8462.0,7.877
8371,8463.0,7.837
8372,8464.0,7.165
8373,8465.0,6.803
8374,8466.0,7.234
8375,8467.0,7.435
8376,8468.0,10.136
8377,8469.0,9.109
8378,8470.0,9.975
8379,8471.0,10.376
8380,8472.0,7.716
8381,8473.0,9.55
8382,8474.0,8.239
8383,8475.0,9.47
8384,8476.0,8.507
8385,8477.0,8.118
8386,8478.0,7.125
8387,8479.0,6.601
8388,8480.0,7.314
8389,8481.0,7.515
8390,8482.0,8.788
8391,8483.0,8.199
8392,8484.0,8.627
8393,8485.0,9.229
8394,8486.0,8.118
8395,8487.0,7.274
8396,8488.0,9.189
8397,8489.0,7.958
8398,8490.0,9.695
8399,8491.0,8.747
8400,8492.0,7.274
8401,8493.0,6.722
8402,8494.0,7.395
8403,8495.0,7.355
8404,8496.0,7.314
8405,8497.0,8.667
8406,8498.0,9.67
8407,8499.0,9.149
8408,8500.0,8.788
8409,8501.0,7.314
8410,8502.0,9.109
8411,8503.0,8.707
8412,8504.0,8.467
8413,8505.0,9.389
8414,8506.0,7.435
8415,8507.0,6.883
8416,8508.0,7.274
8417,8509.0,7.435
8418,8510.0,7.556
8419,8511.0,9.47
8420,8512.0,10.857
8421,8513.0,10.256
8422,8514.0,9.63
8423,8515.0,7.355
8424,8516.0,7.837
8425,8517.0,9.775
8426,8518.0,8.158
8427,8519.0,7.475
8428,8520.0,7.556
8429,8521.0,7.125
8430,8522.0,6.843
8431,8523.0,7.435
8432,8524.0,7.395
8433,8525.0,10.897
8434,8526.0,10.256
8435,8527.0,10.817
8436,8528.0,11.04
8437,8529.0,7.395
8438,8530.0,8.467
8439,8531.0,8.319
8440,8532.0,9.068
8441,8533.0,7.877
8442,8534.0,7.797
8443,8535.0,7.246
8444,8536.0,6.763
8445,8537.0,7.314
8446,8538.0,7.435
8447,8539.0,10.136
8448,8540.0,9.109
8449,8541.0,9.975
8450,8542.0,10.376
8451,8543.0,7.716
8452,8544.0,9.55
8453,8545.0,8.239
8454,8546.0,9.47
8455,8547.0,8.507
8456,8548.0,8.158
8457,8549.0,7.125
8458,8550.0,6.682
8459,8551.0,7.274
8460,8552.0,7.475
8461,8553.0,8.948
8462,8554.0,8.118
8463,8556.0,8.707
8464,8557.0,9.389
8465,8558.0,8.038
8466,8559.0,7.676
8467,8560.0,9.028
8468,8561.0,7.917
8469,8562.0,9.47
8470,8563.0,8.627
8471,8564.0,7.246
8472,8565.0,6.722
8473,8566.0,7.355
8474,8567.0,7.314
8475,8568.0,7.355
8476,8569.0,8.547
8477,8570.0,9.269
8478,8571.0,8.948
8479,8572.0,8.507
8480,8573.0,7.314
8481,8574.0,9.55
8482,8575.0,8.547
8483,8576.0,9.028
8484,8577.0,9.55
8485,8578.0,7.355
8486,8579.0,6.843
8487,8580.0,7.355
8488,8581.0,7.395
8489,8582.0,7.475
8490,8583.0,9.269
8491,8584.0,10.536
8492,8585.0,9.935
8493,8586.0,9.71
8494,8587.0,7.314
8495,8588.0,7.797
8496,8589.0,9.51
8497,8590.0,8.038
8498,8591.0,7.716
8499,8592.0,7.515
8500,8593.0,7.044
8501,8594.0,6.924
8502,8595.0,7.435
8503,8596.0,7.314
8504,8597.0,10.496
8505,8598.0,10.536
8506,8599.0,11.0
8507,8600.0,10.897
8508,8601.0,7.355
8509,8602.0,8.359
8510,8603.0,8.948
8511,8604.0,8.747
8512,8605.0,7.676
8513,8606.0,7.716
8514,8607.0,7.205
8515,8608.0,6.843
8516,8609.0,7.314
8517,8610.0,7.475
8518,8611.0,10.376
8519,8612.0,9.51
8520,8613.0,10.256
8521,8614.0,10.657
8522,8615.0,7.636
8523,8616.0,9.229
8524,8617.0,8.038
8525,8618.0,9.855
8526,8619.0,8.319
8527,8620.0,8.038
8528,8621.0,7.125
8529,8622.0,6.722
8530,8623.0,7.274
8531,8624.0,7.475
8532,8625.0,9.43
8533,8626.0,8.038
8534,8627.0,9.229
8535,8628.0,9.775
8536,8629.0,7.917
8537,8630.0,8.48
8538,8631.0,8.667
8539,8632.0,8.319
8540,8633.0,9.068
8541,8634.0,8.426
8542,8635.0,7.194
8543,8636.0,6.601
8544,8637.0,7.355
8545,8638.0,7.676
8546,8639.0,8.078
8547,8640.0,8.467
8548,8641.0,8.908
8549,8642.0,8.627
8550,8643.0,8.279
8551,8644.0,7.165
8552,8645.0,9.735
8553,8646.0,8.199
8554,8647.0,9.67
8555,8649.0,9.109
8556,8650.0,7.314
8557,8651.0,6.763
8558,8652.0,7.395
8559,8653.0,7.435
8560,8654.0,7.395
8561,8655.0,8.908
8562,8656.0,9.815
8563,8657.0,9.55
8564,8658.0,9.068
8565,8659.0,7.435
8566,8660.0,8.44
8567,8661.0,8.948
8568,8662.0,7.877
8569,8663.0,8.828
8570,8664.0,7.475
8571,8665.0,7.044
8572,8666.0,6.964
8573,8667.0,7.435
8574,8668.0,7.636
8575,8669.0,9.775
8576,8670.0,10.817
8577,8671.0,10.857
8578,8672.0,10.056
8579,8673.0,7.314
8580,8674.0,7.998
8581,8675.0,9.735
8582,8676.0,8.386
8583,8677.0,7.515
8584,8678.0,7.556
8585,8679.0,7.165
8586,8680.0,6.883
8587,8681.0,7.475
8588,8682.0,7.395
8589,8683.0,10.897
8590,8684.0,10.176
8591,8685.0,10.777
8592,8686.0,11.0
8593,8687.0,7.435
8594,8688.0,8.507
8595,8689.0,8.239
8596,8690.0,9.149
8597,8691.0,7.917
8598,8692.0,7.837
8599,8693.0,7.234
8600,8694.0,6.843
8601,8695.0,7.274
8602,8696.0,7.435
8603,8697.0,10.216
8604,8698.0,9.269
8605,8699.0,10.096
8606,8700.0,10.536
8607,8701.0,7.676
8608,8702.0,9.43
8609,8703.0,8.158
8610,8704.0,9.655
8611,8705.0,8.426
8612,8706.0,8.118
8613,8707.0,7.125
8614,8708.0,6.803
8615,8709.0,7.355
8616,8710.0,7.475
8617,8711.0,9.59
8618,8712.0,8.319
8619,8713.0,9.389
8620,8714.0,9.935
8621,8715.0,7.837
8622,8716.0,8.707
8623,8717.0,8.667
8624,8718.0,8.587
8625,8719.0,8.908
8626,8720.0,8.359
8627,8721.0,7.165
8628,8722.0,6.642
8629,8723.0,7.395
8630,8724.0,7.676
8631,8725.0,8.118
8632,8726.0,8.467
8633,8727.0,8.788
8634,8728.0,8.707
8635,8729.0,8.199
8636,8730.0,7.234
8637,8731.0,9.63
8638,8732.0,8.199
8639,8733.0,9.695
8640,8734.0,9.068
8641,8735.0,7.274
8642,8736.0,6.803
8643,8737.0,7.395
8644,8738.0,7.355
8645,8739.0,7.274
8646,8740.0,8.627
8647,8742.0,9.47
8648,8743.0,9.068
8649,8744.0,8.667
8650,8745.0,7.314
8651,8746.0,9.229
8652,8747.0,8.627
8653,8748.0,8.667
8654,8749.0,9.51
8655,8750.0,7.395
8656,8751.0,6.883
8657,8752.0,6.924
8658,8753.0,7.435
8659,8754.0,7.596
8660,8755.0,9.975
8661,8756.0,10.777
8662,8757.0,11.0
8663,8758.0,10.336
8664,8759.0,7.355
8665,8760.0,8.118
8666,8761.0,9.51
8667,8762.0,8.507
8668,8763.0,7.475
8669,8764.0,7.596
8670,8765.0,7.125
8671,8766.0,6.924
8672,8767.0,7.435
8673,8768.0,7.435
8674,8769.0,10.857
8675,8770.0,10.216
8676,8771.0,10.737
8677,8772.0,11.04
8678,8773.0,7.395
8679,8774.0,8.507
8680,8775.0,8.118
8681,8776.0,9.149
8682,8777.0,7.877
8683,8778.0,7.797
8684,8779.0,7.165
8685,8780.0,6.924
8686,8781.0,7.636
8687,8782.0,7.435
8688,8783.0,10.536
8689,8784.0,9.695
8690,8785.0,10.376
8691,8786.0,10.697
8692,8787.0,7.556
8693,8788.0,8.948
8694,8789.0,7.958
8695,8790.0,9.735
8696,8791.0,8.158
8697,8792.0,7.958
8698,8793.0,7.165
8699,8794.0,6.682
8700,8795.0,7.234
8701,8796.0,7.475
8702,8797.0,9.229
8703,8798.0,8.038
8704,8799.0,9.028
8705,8800.0,9.59
8706,8801.0,7.958
8707,8802.0,8.118
8708,8803.0,8.828
8709,8804.0,7.958
8710,8805.0,9.269
8711,8806.0,8.467
8712,8807.0,7.234
8713,8808.0,6.642
8714,8809.0,7.395
8715,8810.0,7.596
8716,8811.0,7.877
8717,8812.0,8.547
8718,8813.0,8.948
8719,8814.0,8.667
8720,8815.0,8.279
8721,8816.0,7.154
8722,8817.0,9.815
8723,8818.0,8.239
8724,8819.0,9.51
8725,8820.0,9.189
8726,8821.0,7.274
8727,8822.0,6.803
8728,8823.0,7.355
8729,8824.0,7.355
8730,8825.0,7.274
8731,8826.0,8.667
8732,8827.0,9.51
8733,8828.0,9.109
8734,8829.0,8.667
8735,8830.0,7.314
8736,8831.0,9.189
8737,8832.0,8.707
8738,8833.0,8.587
8739,8835.0,9.47
8740,8836.0,7.395
8741,8837.0,6.924
8742,8838.0,7.355
8743,8839.0,7.435
8744,8840.0,7.435
8745,8841.0,9.189
8746,8842.0,10.296
8747,8843.0,9.775
8748,8844.0,9.43
8749,8845.0,7.395
8750,8846.0,7.757
8751,8847.0,9.349
8752,8848.0,7.958
8753,8849.0,8.158
8754,8850.0,7.475
8755,8851.0,7.125
8756,8852.0,6.924
8757,8853.0,7.435
8758,8854.0,7.355
8759,8855.0,10.096
8760,8856.0,10.737
8761,8857.0,11.12
8762,8858.0,10.416
8763,8859.0,7.355
8764,8860.0,8.158
8765,8861.0,9.349
8766,8862.0,8.587
8767,8863.0,7.515
8768,8864.0,7.556
8769,8865.0,7.125
8770,8866.0,6.803
8771,8867.0,7.556
8772,8868.0,7.435
8773,8869.0,10.416
8774,8870.0,9.59
8775,8871.0,10.296
8776,8872.0,10.697
8777,8873.0,7.636
8778,8874.0,9.149
8779,8875.0,7.998
8780,8876.0,9.935
8781,8877.0,8.239
8782,8878.0,8.078
8783,8879.0,7.125
8784,8880.0,6.763
8785,8881.0,7.274
8786,8882.0,7.475
8787,8883.0,9.109
8788,8884.0,8.118
8789,8885.0,8.868
8790,8886.0,9.55
8791,8887.0,7.958
8792,8888.0,7.958
8793,8889.0,8.908
8794,8890.0,7.877
8795,8891.0,9.309
8796,8892.0,8.507
8797,8893.0,7.234
8798,8894.0,6.642
8799,8895.0,7.355
8800,8896.0,7.636
8801,8897.0,8.038
8802,8898.0,8.467
8803,8899.0,8.868
8804,8900.0,8.627
8805,8901.0,8.239
8806,8902.0,7.165
8807,8903.0,9.735
8808,8904.0,8.199
8809,8905.0,9.67
8810,8906.0,9.109
8811,8907.0,7.274
8812,8908.0,6.803
8813,8909.0,7.395
8814,8910.0,7.314
8815,8911.0,7.314
8816,8912.0,8.587
8817,8913.0,9.349
8818,8914.0,8.948
8819,8915.0,8.587
8820,8916.0,7.234
8821,8917.0,9.47
8822,8918.0,8.547
8823,8919.0,8.948
8824,8920.0,9.55
8825,8921.0,7.435
8826,8922.0,6.843
8827,8923.0,7.435
8828,8924.0,7.395
8829,8925.0,7.435
8830,8926.0,9.028
8831,8928.0,10.056
8832,8929.0,9.59
8833,8930.0,9.269
8834,8931.0,7.355
8835,8932.0,8.158
8836,8933.0,9.109
8837,8934.0,7.917
8838,8935.0,8.507
8839,8936.0,7.435
8840,8937.0,7.044
8841,8938.0,7.246
8842,8939.0,7.435
8843,8940.0,7.596
8844,8941.0,9.55
8845,8942.0,10.937
8846,8943.0,10.456
8847,8944.0,9.815
8848,8945.0,7.314
8849,8946.0,7.877
8850,8947.0,9.935
8851,8948.0,8.279
8852,8949.0,7.475
8853,8950.0,7.515
8854,8951.0,7.125
8855,8952.0,6.561
8856,8953.0,7.314
8857,8954.0,7.435
8858,8955.0,9.895
8859,8956.0,8.707
8860,8957.0,9.735
8861,8958.0,10.176
8862,8959.0,7.837
8863,8960.0,9.189
8864,8961.0,8.507
8865,8962.0,9.068
8866,8963.0,8.788
8867,8964.0,8.279
8868,8965.0,7.165
8869,8966.0,6.803
8870,8967.0,7.314
8871,8968.0,7.475
8872,8969.0,9.229
8873,8970.0,8.038
8874,8971.0,9.028
8875,8972.0,9.59
8876,8973.0,7.917
8877,8974.0,8.118
8878,8975.0,8.788
8879,8976.0,7.998
8880,8977.0,9.189
8881,8978.0,8.507
8882,8979.0,7.234
8883,8980.0,6.803
8884,8981.0,7.395
8885,8982.0,7.596
8886,8983.0,8.319
8887,8984.0,8.359
8888,8985.0,8.707
8889,8986.0,8.828
8890,8987.0,8.118
8891,8988.0,7.194
8892,8989.0,9.51
8893,8990.0,8.118
8894,8991.0,9.855
8895,8992.0,8.988
8896,8993.0,7.234
8897,8994.0,6.803
8898,8995.0,7.355
8899,8996.0,7.314
8900,8997.0,7.234
8901,8998.0,8.627
8902,8999.0,9.349
8903,9000.0,9.068
8904,9001.0,8.587
8905,9002.0,7.314
8906,9003.0,9.389
8907,9004.0,8.627
8908,9005.0,8.828
8909,9006.0,9.63
8910,9007.0,7.395
8911,9008.0,6.883
8912,9009.0,7.274
8913,9010.0,7.395
8914,9011.0,7.556
8915,9012.0,9.43
8916,9013.0,10.817
8917,9014.0,10.176
8918,9015.0,9.59
8919,9016.0,7.314
8920,9017.0,7.837
8921,9018.0,9.735
8922,9019.0,8.158
8923,9021.0,7.475
8924,9022.0,7.556
8925,9023.0,7.085
8926,9024.0,6.883
8927,9025.0,7.435
8928,9026.0,7.355
8929,9027.0,10.737
8930,9028.0,10.416
8931,9029.0,10.937
8932,9030.0,11.16
8933,9031.0,7.274
8934,9032.0,8.426
8935,9033.0,8.667
8936,9034.0,8.868
8937,9035.0,7.716
8938,9036.0,7.757
8939,9037.0,7.165
8940,9038.0,6.924
8941,9039.0,7.596
8942,9040.0,7.475
8943,9041.0,10.576
8944,9042.0,9.815
8945,9043.0,10.456
8946,9044.0,10.857
8947,9045.0,7.556
8948,9046.0,8.948
8949,9047.0,7.958
8950,9048.0,9.63
8951,9049.0,8.118
8952,9050.0,7.958
8953,9051.0,7.165
8954,9052.0,6.682
8955,9053.0,7.355
8956,9054.0,7.475
8957,9055.0,9.47
8958,9056.0,8.078
8959,9057.0,9.269
8960,9058.0,9.815
8961,9059.0,7.877
8962,9060.0,8.48
8963,9061.0,8.667
8964,9062.0,8.319
8965,9063.0,9.028
8966,9064.0,8.4
8967,9065.0,7.194
8968,9066.0,6.601
8969,9067.0,7.355
8970,9068.0,7.636
8971,9069.0,8.038
8972,9070.0,8.467
8973,9071.0,8.868
8974,9072.0,8.627
8975,9073.0,8.279
8976,9074.0,7.154
8977,9075.0,9.735
8978,9076.0,8.158
8979,9077.0,9.655
8980,9078.0,9.109
8981,9079.0,7.314
8982,9080.0,6.803
8983,9081.0,7.435
8984,9082.0,7.395
8985,9083.0,7.355
8986,9084.0,8.747
8987,9085.0,9.51
8988,9086.0,9.269
8989,9087.0,8.828
8990,9088.0,7.355
8991,9089.0,8.868
8992,9090.0,8.707
8993,9091.0,8.279
8994,9092.0,9.229
8995,9093.0,7.395
8996,9094.0,6.924
8997,9095.0,6.843
8998,9096.0,7.435
8999,9097.0,7.274
9000,9098.0,10.416
9001,9099.0,10.536
9002,9100.0,11.04
9003,9101.0,10.817
9004,9102.0,7.355
9005,9103.0,8.279
9006,9104.0,9.028
9007,9105.0,8.707
9008,9106.0,7.636
9009,9107.0,7.636
9010,9108.0,7.205
9011,9109.0,7.044
9012,9110.0,7.475
9013,9111.0,7.274
9014,9112.0,10.216
9015,9113.0,10.657
9016,9115.0,11.08
9017,9116.0,10.536
9018,9117.0,7.355
9019,9118.0,8.199
9020,9119.0,9.309
9021,9120.0,8.667
9022,9121.0,7.636
9023,9122.0,7.596
9024,9123.0,7.194
9025,9124.0,6.883
9026,9125.0,7.556
9027,9126.0,7.395
9028,9127.0,10.697
9029,9128.0,9.935
9030,9129.0,10.576
9031,9130.0,10.897
9032,9131.0,7.435
9033,9132.0,8.747
9034,9133.0,7.877
9035,9134.0,9.389
9036,9135.0,7.958
9037,9136.0,7.917
9038,9137.0,7.165
9039,9138.0,6.803
9040,9139.0,7.274
9041,9140.0,7.475
9042,9141.0,9.935
9043,9142.0,8.868
9044,9143.0,9.735
9045,9144.0,10.216
9046,9145.0,7.757
9047,9146.0,9.309
9048,9147.0,8.386
9049,9148.0,9.189
9050,9149.0,8.707
9051,9150.0,8.239
9052,9151.0,7.085
9053,9152.0,6.682
9054,9153.0,7.355
9055,9154.0,7.636
9056,9155.0,8.4
9057,9156.0,8.359
9058,9157.0,8.667
9059,9158.0,8.908
9060,9159.0,8.118
9061,9160.0,7.234
9062,9161.0,9.43
9063,9162.0,8.118
9064,9163.0,9.855
9065,9164.0,8.948
9066,9165.0,7.234
9067,9166.0,6.722
9068,9167.0,6.763
9069,9168.0,7.395
9070,9169.0,7.355
9071,9170.0,10.817
9072,9171.0,10.376
9073,9172.0,10.857
9074,9173.0,11.08
9075,9174.0,7.314
9076,9175.0,8.467
9077,9176.0,8.587
9078,9177.0,8.868
9079,9178.0,7.716
9080,9179.0,7.716
9081,9180.0,7.205
9082,9181.0,6.763
9083,9182.0,7.234
9084,9183.0,7.435
9085,9184.0,10.096
9086,9185.0,9.109
9087,9186.0,9.935
9088,9187.0,10.376
9089,9188.0,7.716
9090,9189.0,9.55
9091,9190.0,8.279
9092,9191.0,9.47
9093,9192.0,8.547
9094,9193.0,8.199
9095,9194.0,7.125
9096,9195.0,6.642
9097,9196.0,7.314
9098,9197.0,7.596
9099,9198.0,8.587
9100,9199.0,8.359
9101,9200.0,8.627
9102,9201.0,9.109
9103,9202.0,8.118
9104,9203.0,7.205
9105,9204.0,9.309
9106,9205.0,7.958
9107,9206.0,9.775
9108,9208.0,8.788
9109,9209.0,7.194
9110,9210.0,6.722
9111,9211.0,7.314
9112,9212.0,7.435
9113,9213.0,7.355
9114,9214.0,8.948
9115,9215.0,9.815
9116,9216.0,9.63
9117,9217.0,9.109
9118,9218.0,7.435
9119,9219.0,8.359
9120,9220.0,8.988
9121,9221.0,7.877
9122,9222.0,8.707
9123,9223.0,7.475
9124,9224.0,7.004
9125,9225.0,6.561
9126,9226.0,7.274
9127,9227.0,7.475
9128,9228.0,9.895
9129,9229.0,8.788
9130,9230.0,9.735
9131,9231.0,10.216
9132,9232.0,7.757
9133,9233.0,9.229
9134,9234.0,8.4
9135,9235.0,9.109
9136,9236.0,8.747
9137,9237.0,8.279
9138,9238.0,7.085
9139,9239.0,6.722
9140,9240.0,7.314
9141,9241.0,7.515
9142,9242.0,8.788
9143,9243.0,8.158
9144,9244.0,8.547
9145,9245.0,9.189
9146,9246.0,8.078
9147,9247.0,7.355
9148,9248.0,9.149
9149,9249.0,7.958
9150,9250.0,9.63
9151,9251.0,8.707
9152,9252.0,7.274
9153,9253.0,6.722
9154,9254.0,7.274
9155,9255.0,7.395
9156,9256.0,7.515
9157,9257.0,9.349
9158,9258.0,10.616
9159,9259.0,10.056
9160,9260.0,9.695
9161,9261.0,7.355
9162,9262.0,7.837
9163,9263.0,9.55
9164,9264.0,8.078
9165,9265.0,7.636
9166,9266.0,7.515
9167,9267.0,7.085
9168,9268.0,6.964
9169,9269.0,7.475
9170,9270.0,7.355
9171,9271.0,10.136
9172,9272.0,10.737
9173,9273.0,11.08
9174,9274.0,10.576
9175,9275.0,7.314
9176,9276.0,8.239
9177,9277.0,9.309
9178,9278.0,8.627
9179,9279.0,7.556
9180,9280.0,7.556
9181,9281.0,7.165
9182,9282.0,6.843
9183,9283.0,7.596
9184,9284.0,7.395
9185,9285.0,10.657
9186,9286.0,9.831
9187,9287.0,10.496
9188,9288.0,10.817
9189,9289.0,7.556
9190,9290.0,8.868
9191,9291.0,7.917
9192,9292.0,9.55
9193,9293.0,8.078
9194,9294.0,7.998
9195,9295.0,7.165
9196,9296.0,6.481
9197,9297.0,7.314
9198,9298.0,7.515
9199,9299.0,8.667
9200,9301.0,8.239
9201,9302.0,8.627
9202,9303.0,9.109
9203,9304.0,8.118
9204,9305.0,7.205
9205,9306.0,9.269
9206,9307.0,7.998
9207,9308.0,9.775
9208,9309.0,8.747
9209,9310.0,7.274
9210,9311.0,6.722
9211,9312.0,7.475
9212,9313.0,7.274
9213,9314.0,7.636
9214,9315.0,8.667
9215,9316.0,9.149
9216,9317.0,8.747
9217,9318.0,8.4
9218,9319.0,7.205
9219,9320.0,9.775
9220,9321.0,8.4
9221,9322.0,9.309
9222,9323.0,9.389
9223,9324.0,7.314
9224,9325.0,6.803
9225,9326.0,7.355
9226,9327.0,7.395
9227,9328.0,7.395
9228,9329.0,9.028
9229,9330.0,10.016
9230,9331.0,9.59
9231,9332.0,9.269
9232,9333.0,7.355
9233,9334.0,8.078
9234,9335.0,9.149
9235,9336.0,7.958
9236,9337.0,8.48
9237,9338.0,7.475
9238,9339.0,7.085
9239,9340.0,6.843
9240,9341.0,7.435
9241,9342.0,7.395
9242,9343.0,10.92
9243,9344.0,10.296
9244,9345.0,10.897
9245,9346.0,11.08
9246,9347.0,7.395
9247,9348.0,8.547
9248,9349.0,8.426
9249,9350.0,9.149
9250,9351.0,7.877
9251,9352.0,7.797
9252,9353.0,7.194
9253,9354.0,6.239
9254,9355.0,7.274
9255,9356.0,7.355
9256,9357.0,7.274
9257,9358.0,8.747
9258,9359.0,9.47
9259,9360.0,9.309
9260,9361.0,8.788
9261,9362.0,7.314
9262,9363.0,8.908
9263,9364.0,8.707
9264,9365.0,8.319
9265,9366.0,9.269
9266,9367.0,7.435
9267,9368.0,6.924
9268,9369.0,7.044
9269,9370.0,7.435
9270,9371.0,7.596
9271,9372.0,9.59
9272,9373.0,10.937
9273,9374.0,10.576
9274,9375.0,9.855
9275,9376.0,7.355
9276,9377.0,7.917
9277,9378.0,9.895
9278,9379.0,8.319
9279,9380.0,7.515
9280,9381.0,7.556
9281,9382.0,7.125
9282,9383.0,7.004
9283,9384.0,7.435
9284,9385.0,7.355
9285,9386.0,10.937
9286,9387.0,10.336
9287,9388.0,10.96
9288,9389.0,11.04
9289,9390.0,7.395
9290,9391.0,8.627
9291,9392.0,8.467
9292,9393.0,8.948
9293,9395.0,7.757
9294,9396.0,7.757
9295,9397.0,7.165
9296,9398.0,6.843
9297,9399.0,7.636
9298,9400.0,7.435
9299,9401.0,10.496
9300,9402.0,9.63
9301,9403.0,10.336
9302,9404.0,10.737
9303,9405.0,7.636
9304,9406.0,9.109
9305,9407.0,7.958
9306,9408.0,9.855
9307,9409.0,8.239
9308,9410.0,8.038
9309,9411.0,7.205
9310,9412.0,6.682
9311,9413.0,7.234
9312,9414.0,7.515
9313,9415.0,9.269
9314,9416.0,8.038
9315,9417.0,9.068
9316,9418.0,9.67
9317,9419.0,7.917
9318,9420.0,8.239
9319,9421.0,8.747
9320,9422.0,8.078
9321,9423.0,9.189
9322,9424.0,8.507
9323,9425.0,7.165
9324,9426.0,6.682
9325,9427.0,7.355
9326,9428.0,7.314
9327,9429.0,7.395
9328,9430.0,8.507
9329,9431.0,9.189
9330,9432.0,8.828
9331,9433.0,8.467
9332,9434.0,7.246
9333,9435.0,9.63
9334,9436.0,8.44
9335,9437.0,9.149
9336,9438.0,9.43
9337,9439.0,7.355
9338,9440.0,6.803
9339,9441.0,6.924
9340,9442.0,7.435
9341,9443.0,7.676
9342,9444.0,9.775
9343,9445.0,10.817
9344,9446.0,10.857
9345,9447.0,10.136
9346,9448.0,7.314
9347,9449.0,8.038
9348,9450.0,9.63
9349,9451.0,8.467
9350,9452.0,7.435
9351,9453.0,7.556
9352,9454.0,7.125
9353,9455.0,6.883
9354,9456.0,7.556
9355,9457.0,7.435
9356,9458.0,10.616
9357,9459.0,9.935
9358,9460.0,10.536
9359,9461.0,10.937
9360,9462.0,7.515
9361,9463.0,8.868
9362,9464.0,7.917
9363,9465.0,9.59
9364,9466.0,8.038
9365,9467.0,7.958
9366,9468.0,7.125
9367,9469.0,6.722
9368,9470.0,7.355
9369,9471.0,7.475
9370,9472.0,9.67
9371,9473.0,8.4
9372,9474.0,9.47
9373,9475.0,9.975
9374,9476.0,7.837
9375,9477.0,8.788
9376,9478.0,8.627
9377,9479.0,8.667
9378,9480.0,8.868
9379,9481.0,8.319
9380,9482.0,7.125
9381,9483.0,6.682
9382,9484.0,7.355
9383,9485.0,7.556
9384,9486.0,8.48
9385,9488.0,8.319
9386,9489.0,8.707
9387,9490.0,8.908
9388,9491.0,8.118
9389,9492.0,7.165
9390,9493.0,9.47
9391,9494.0,8.038
9392,9495.0,9.935
9393,9496.0,8.868
9394,9497.0,7.274
9395,9498.0,6.722
9396,9499.0,7.395
9397,9500.0,7.395
9398,9501.0,7.475
9399,9502.0,9.109
9400,9503.0,10.256
9401,9504.0,9.63
9402,9505.0,9.389
9403,9506.0,7.314
9404,9507.0,7.797
9405,9508.0,9.229
9406,9509.0,7.958
9407,9510.0,8.199
9408,9511.0,7.475
9409,9512.0,7.085
9410,9513.0,6.722
9411,9514.0,7.596
9412,9515.0,7.395
9413,9516.0,10.616
9414,9517.0,9.775
9415,9518.0,10.456
9416,9519.0,10.777
9417,9520.0,7.556
9418,9521.0,8.908
9419,9522.0,7.958
9420,9523.0,9.67
9421,9524.0,8.118
9422,9525.0,7.958
9423,9526.0,7.165
9424,9527.0,6.682
9425,9528.0,7.395
9426,9529.0,7.475
9427,9530.0,9.51
9428,9531.0,8.158
9429,9532.0,9.349
9430,9533.0,9.815
9431,9534.0,7.917
9432,9535.0,8.507
9433,9536.0,8.788
9434,9537.0,8.386
9435,9538.0,9.028
9436,9539.0,8.4
9437,9540.0,7.234
9438,9541.0,6.601
9439,9542.0,7.395
9440,9543.0,7.676
9441,9544.0,7.958
9442,9545.0,8.507
9443,9546.0,8.908
9444,9547.0,8.667
9445,9548.0,8.239
9446,9549.0,7.165
9447,9550.0,9.775
9448,9551.0,8.239
9449,9552.0,9.63
9450,9553.0,9.189
9451,9554.0,7.274
9452,9555.0,6.803
9453,9556.0,7.314
9454,9557.0,7.395
9455,9558.0,7.435
9456,9559.0,9.149
9457,9560.0,10.176
9458,9561.0,9.695
9459,9562.0,9.389
9460,9563.0,7.355
9461,9564.0,7.837
9462,9565.0,9.269
9463,9566.0,7.958
9464,9567.0,8.239
9465,9568.0,7.475
9466,9569.0,7.125
9467,9570.0,6.924
9468,9571.0,7.435
9469,9572.0,7.395
9470,9573.0,10.056
9471,9574.0,10.737
9472,9575.0,11.2
9473,9576.0,10.376
9474,9577.0,7.395
9475,9578.0,8.118
9476,9579.0,9.47
9477,9580.0,8.587
9478,9582.0,7.596
9479,9583.0,7.596
9480,9584.0,7.165
9481,9585.0,6.803
9482,9586.0,7.636
9483,9587.0,7.435
9484,9588.0,10.536
9485,9589.0,9.71
9486,9590.0,10.376
9487,9591.0,10.737
9488,9592.0,7.636
9489,9593.0,9.028
9490,9594.0,7.998
9491,9595.0,9.775
9492,9596.0,8.199
9493,9597.0,7.998
9494,9598.0,7.125
9495,9599.0,6.763
9496,9600.0,7.355
9497,9601.0,7.475
9498,9602.0,9.59
9499,9603.0,8.279
9500,9604.0,9.389
9501,9605.0,9.935
9502,9606.0,7.837
9503,9607.0,8.707
9504,9608.0,8.667
9505,9609.0,8.587
9506,9610.0,8.908
9507,9611.0,8.4
9508,9612.0,7.165
9509,9613.0,6.601
9510,9614.0,7.314
9511,9615.0,7.757
9512,9616.0,7.917
9513,9617.0,8.587
9514,9618.0,8.908
9515,9619.0,8.707
9516,9620.0,8.279
9517,9621.0,7.205
9518,9622.0,9.815
9519,9623.0,8.239
9520,9624.0,9.55
9521,9625.0,9.189
9522,9626.0,7.274
9523,9627.0,6.763
9524,9628.0,7.355
9525,9629.0,7.395
9526,9630.0,7.475
9527,9631.0,9.269
9528,9632.0,10.456
9529,9633.0,9.895
9530,9634.0,9.59
9531,9635.0,7.314
9532,9636.0,7.797
9533,9637.0,9.47
9534,9638.0,8.038
9535,9639.0,7.797
9536,9640.0,7.475
9537,9641.0,7.044
9538,9642.0,6.883
9539,9643.0,7.435
9540,9644.0,7.355
9541,9645.0,10.777
9542,9646.0,10.416
9543,9647.0,10.897
9544,9648.0,11.16
9545,9649.0,7.314
9546,9650.0,8.507
9547,9651.0,8.667
9548,9652.0,8.868
9549,9653.0,7.716
9550,9654.0,7.757
9551,9655.0,7.165
9552,9656.0,6.843
9553,9657.0,7.234
9554,9658.0,7.475
9555,9659.0,10.136
9556,9660.0,9.149
9557,9661.0,9.975
9558,9662.0,10.376
9559,9663.0,7.716
9560,9664.0,9.51
9561,9665.0,8.239
9562,9666.0,9.51
9563,9667.0,8.547
9564,9668.0,8.118
9565,9669.0,7.125
9566,9670.0,6.803
9567,9671.0,7.234
9568,9672.0,7.475
9569,9673.0,9.349
9570,9674.0,7.998
9571,9676.0,9.149
9572,9677.0,9.695
9573,9678.0,7.958
9574,9679.0,8.319
9575,9680.0,8.788
9576,9681.0,8.158
9577,9682.0,9.149
9578,9683.0,8.44
9579,9684.0,7.205
9580,9685.0,6.642
9581,9686.0,7.395
9582,9687.0,7.395
9583,9688.0,7.676
9584,9689.0,8.627
9585,9690.0,9.229
9586,9691.0,8.828
9587,9692.0,8.547
9588,9693.0,7.234
9589,9694.0,9.389
9590,9695.0,8.587
9591,9696.0,8.667
9592,9697.0,9.43
9593,9698.0,7.395
9594,9699.0,6.964
9595,9700.0,7.274
9596,9701.0,7.395
9597,9702.0,7.556
9598,9703.0,9.47
9599,9704.0,10.937
9600,9705.0,10.536
9601,9706.0,9.895
9602,9707.0,7.314
9603,9708.0,7.998
9604,9709.0,9.63
9605,9710.0,8.467
9606,9711.0,7.515
9607,9712.0,7.556
9608,9713.0,7.165
9609,9714.0,6.883
9610,9715.0,7.515
9611,9716.0,7.395
9612,9717.0,10.657
9613,9718.0,9.775
9614,9719.0,10.496
9615,9720.0,10.737
9616,9721.0,7.596
9617,9722.0,8.988
9618,9723.0,7.998
9619,9724.0,9.855
9620,9725.0,8.319
9621,9726.0,8.038
9622,9727.0,7.205
9623,9728.0,6.642
9624,9729.0,7.314
9625,9730.0,7.435
9626,9731.0,8.988
9627,9732.0,8.118
9628,9733.0,8.587
9629,9734.0,9.149
9630,9735.0,8.078
9631,9736.0,7.234
9632,9737.0,9.229
9633,9738.0,8.038
9634,9739.0,9.735
9635,9740.0,8.788
9636,9741.0,7.274
9637,9742.0,6.722
9638,9743.0,7.395
9639,9744.0,7.355
9640,9745.0,7.274
9641,9746.0,8.667
9642,9747.0,9.43
9643,9748.0,9.068
9644,9749.0,8.667
9645,9750.0,7.314
9646,9751.0,9.229
9647,9752.0,8.667
9648,9753.0,8.667
9649,9754.0,9.55
9650,9755.0,7.395
9651,9756.0,6.883
9652,9757.0,7.355
9653,9758.0,7.435
9654,9759.0,7.475
9655,9760.0,9.269
9656,9761.0,10.376
9657,9762.0,9.895
9658,9763.0,9.51
9659,9764.0,7.355
9660,9765.0,7.797
9661,9766.0,9.43
9662,9768.0,7.958
9663,9769.0,8.038
9664,9770.0,7.515
9665,9771.0,7.125
9666,9772.0,6.924
9667,9773.0,7.435
9668,9774.0,7.676
9669,9775.0,9.855
9670,9776.0,10.777
9671,9777.0,10.937
9672,9778.0,10.216
9673,9779.0,7.314
9674,9780.0,8.038
9675,9781.0,9.59
9676,9782.0,8.467
9677,9783.0,7.475
9678,9784.0,7.556
9679,9785.0,7.125
9680,9786.0,6.843
9681,9787.0,7.556
9682,9788.0,7.395
9683,9789.0,10.616
9684,9790.0,9.815
9685,9791.0,10.496
9686,9792.0,10.817
9687,9793.0,7.515
9688,9794.0,8.868
9689,9795.0,7.917
9690,9796.0,9.59
9691,9797.0,8.078
9692,9798.0,8.038
9693,9799.0,7.165
9694,9800.0,6.843
9695,9801.0,7.274
9696,9802.0,7.515
9697,9803.0,9.895
9698,9804.0,8.828
9699,9805.0,9.775
9700,9806.0,10.256
9701,9807.0,7.757
9702,9808.0,9.309
9703,9809.0,8.4
9704,9810.0,9.149
9705,9811.0,8.707
9706,9812.0,8.199
9707,9813.0,7.085
9708,9814.0,6.601
9709,9815.0,7.314
9710,9816.0,7.556
9711,9817.0,8.547
9712,9818.0,8.239
9713,9819.0,8.627
9714,9820.0,8.988
9715,9821.0,8.078
9716,9822.0,7.205
9717,9823.0,9.349
9718,9824.0,7.998
9719,9825.0,9.855
9720,9826.0,8.868
9721,9827.0,7.246
9722,9828.0,6.722
9723,9829.0,7.355
9724,9830.0,7.435
9725,9831.0,7.355
9726,9832.0,8.828
9727,9833.0,9.63
9728,9834.0,9.43
9729,9835.0,8.988
9730,9836.0,7.395
9731,9837.0,8.627
9732,9838.0,8.828
9733,9839.0,8.038
9734,9840.0,8.988
9735,9841.0,7.475
9736,9842.0,6.964
9737,9843.0,6.964
9738,9844.0,7.395
9739,9845.0,7.676
9740,9846.0,9.63
9741,9847.0,10.897
9742,9848.0,10.616
9743,9849.0,9.935
9744,9850.0,7.314
9745,9851.0,7.958
9746,9852.0,9.815
9747,9853.0,8.359
9748,9854.0,7.475
9749,9855.0,7.515
9750,9856.0,7.125
9751,9857.0,6.883
9752,9858.0,7.475
9753,9860.0,7.435
9754,9861.0,10.817
9755,9862.0,10.136
9756,9863.0,10.697
9757,9864.0,10.96
9758,9865.0,7.435
9759,9866.0,8.587
9760,9867.0,8.038
9761,9868.0,9.189
9762,9869.0,7.917
9763,9870.0,7.837
9764,9871.0,7.205
9765,9872.0,6.763
9766,9873.0,7.274
9767,9874.0,7.435
9768,9875.0,10.016
9769,9876.0,8.868
9770,9877.0,9.855
9771,9878.0,10.216
9772,9879.0,7.797
9773,9880.0,9.349
9774,9881.0,8.386
9775,9882.0,9.229
9776,9883.0,8.747
9777,9884.0,8.199
9778,9885.0,7.125
9779,9886.0,6.803
9780,9887.0,7.234
9781,9888.0,7.515
9782,9889.0,9.389
9783,9890.0,8.038
9784,9891.0,9.149
9785,9892.0,9.695
9786,9893.0,7.877
9787,9894.0,8.319
9788,9895.0,8.707
9789,9896.0,8.158
9790,9897.0,9.109
9791,9898.0,8.426
9792,9899.0,7.165
9793,9900.0,6.601
9794,9901.0,7.355
9795,9902.0,7.676
9796,9903.0,8.038
9797,9904.0,8.507
9798,9905.0,8.828
9799,9906.0,8.627
9800,9907.0,8.239
9801,9908.0,7.194
9802,9909.0,9.71
9803,9910.0,8.239
9804,9911.0,9.63
9805,9912.0,9.149
9806,9913.0,7.274
9807,9914.0,6.803
9808,9915.0,7.314
9809,9916.0,7.435
9810,9917.0,7.475
9811,9918.0,9.269
9812,9919.0,10.416
9813,9920.0,9.935
9814,9921.0,9.59
9815,9922.0,7.355
9816,9923.0,7.757
9817,9924.0,9.43
9818,9925.0,7.998
9819,9926.0,7.797
9820,9927.0,7.475
9821,9928.0,7.044
9822,9929.0,6.803
9823,9930.0,7.515
9824,9931.0,7.395
9825,9932.0,10.697
9826,9933.0,9.935
9827,9934.0,10.576
9828,9935.0,10.897
9829,9936.0,7.475
9830,9937.0,8.707
9831,9938.0,7.877
9832,9939.0,9.43
9833,9940.0,7.998
9834,9941.0,7.958
9835,9942.0,7.125
9836,9943.0,6.642
9837,9944.0,7.234
9838,9945.0,7.515
9839,9946.0,9.309
9840,9947.0,8.078
9841,9948.0,9.109
9842,9949.0,9.71
9843,9950.0,7.917
9844,9951.0,8.239
9845,9952.0,8.747
9846,9954.0,8.078
9847,9955.0,9.189
9848,9956.0,8.507
9849,9957.0,7.205
9850,9958.0,6.682
9851,9959.0,7.355
9852,9960.0,7.395
9853,9961.0,7.676
9854,9962.0,8.667
9855,9963.0,9.028
9856,9964.0,8.707
9857,9965.0,8.4
9858,9966.0,7.194
9859,9967.0,9.775
9860,9968.0,8.359
9861,9969.0,9.309
9862,9970.0,9.349
9863,9971.0,7.314
9864,9972.0,6.803
9865,9973.0,7.355
9866,9974.0,7.395
9867,9975.0,7.395
9868,9976.0,9.028
9869,9977.0,10.016
9870,9978.0,9.59
9871,9979.0,9.269
9872,9980.0,7.314
9873,9981.0,8.118
9874,9982.0,9.109
9875,9983.0,7.917
9876,9984.0,8.507
9877,9985.0,7.475
9878,9986.0,7.044
9879,9987.0,6.924
9880,9988.0,7.435
9881,9989.0,7.716
9882,9990.0,9.855
9883,9991.0,10.817
9884,9992.0,10.92
9885,9993.0,10.256
9886,9994.0,7.314
9887,9995.0,8.078
9888,9996.0,9.59
9889,9997.0,8.507
9890,9998.0,7.475
9891,9999.0,7.636
9892,10000.0,7.125
9893,10001.0,6.883
9894,10002.0,7.475
9895,10003.0,7.435
9896,10004.0,10.777
9897,10005.0,10.096
9898,10006.0,10.697
9899,10007.0,10.977
9900,10008.0,7.435
9901,10009.0,8.587
9902,10010.0,7.958
9903,10011.0,9.229
9904,10012.0,7.917
9905,10013.0,7.837
9906,10014.0,7.165
9907,10015.0,6.803
9908,10016.0,7.274
9909,10017.0,7.435
9910,10018.0,10.016
9911,10019.0,8.908
9912,10020.0,9.895
9913,10021.0,10.256
9914,10022.0,7.757
9915,10023.0,9.389
9916,10024.0,8.359
9917,10025.0,9.269
9918,10026.0,8.667
9919,10027.0,8.199
9920,10028.0,7.125
9921,10029.0,6.601
9922,10030.0,7.355
9923,10031.0,7.515
9924,10032.0,8.747
9925,10033.0,8.199
9926,10034.0,8.627
9927,10035.0,9.149
9928,10036.0,8.118
9929,10037.0,7.194
9930,10038.0,9.309
9931,10039.0,7.958
9932,10040.0,9.735
9933,10041.0,8.747
9934,10042.0,7.234
9935,10043.0,6.763
9936,10045.0,7.355
9937,10046.0,7.314
9938,10047.0,7.234
9939,10048.0,8.627
9940,10049.0,9.43
9941,10050.0,9.028
9942,10051.0,8.627
9943,10052.0,7.274
9944,10053.0,9.189
9945,10054.0,8.667
9946,10055.0,8.627
9947,10056.0,9.51
9948,10057.0,7.395
9949,10058.0,6.924
9950,10059.0,7.355
9951,10060.0,7.435
9952,10061.0,7.435
9953,10062.0,9.189
9954,10063.0,10.256
9955,10064.0,9.735
9956,10065.0,9.43
9957,10066.0,7.395
9958,10067.0,7.797
9959,10068.0,9.349
9960,10069.0,7.998
9961,10070.0,8.158
9962,10071.0,7.475
9963,10072.0,7.165
9964,10073.0,6.924
9965,10074.0,7.475
9966,10075.0,7.716
9967,10076.0,9.855
9968,10077.0,10.817
9969,10078.0,10.857
9970,10079.0,10.136
9971,10080.0,7.314
9972,10081.0,7.998
9973,10082.0,9.63
9974,10083.0,8.426
9975,10084.0,7.435
9976,10085.0,7.556
9977,10086.0,7.125
9978,10087.0,6.883
9979,10088.0,7.475
9980,10089.0,7.435
9981,10090.0,10.777
9982,10091.0,10.096
9983,10092.0,10.697
9984,10093.0,10.96
9985,10094.0,7.435
9986,10095.0,8.627
9987,10096.0,7.917
9988,10097.0,9.269
9989,10098.0,7.917
9990,10099.0,7.917
9991,10100.0,7.165
9992,10101.0,6.843
9993,10102.0,7.274
9994,10103.0,7.475
9995,10104.0,9.975
9996,10105.0,8.948
9997,10106.0,9.815
9998,10107.0,10.296
9999,10108.0,7.716
10000,10109.0,9.389
10001,10110.0,8.359
10002,10111.0,9.269
10003,10112.0,8.667
10004,10113.0,8.239
10005,10114.0,7.085
10006,10115.0,6.763
10007,10116.0,7.234
10008,10117.0,7.395
10009,10118.0,9.189
10010,10119.0,8.038
10011,10120.0,8.948
10012,10121.0,9.55
10013,10122.0,7.958
10014,10123.0,8.038
10015,10124.0,8.868
10016,10125.0,7.877
10017,10126.0,9.269
10018,10127.0,8.467
10019,10128.0,7.194
10020,10129.0,6.642
10021,10130.0,7.355
10022,10131.0,7.676
10023,10132.0,7.877
10024,10133.0,8.547
10025,10134.0,8.948
10026,10135.0,8.667
10027,10136.0,8.319
10028,10138.0,7.194
10029,10139.0,9.855
10030,10140.0,8.239
10031,10141.0,9.55
10032,10142.0,9.189
10033,10143.0,7.314
10034,10144.0,6.803
10035,10145.0,7.395
10036,10146.0,7.395
10037,10147.0,7.355
10038,10148.0,8.788
10039,10149.0,9.59
10040,10150.0,9.309
10041,10151.0,8.908
10042,10152.0,7.355
10043,10153.0,8.828
10044,10154.0,8.747
10045,10155.0,8.199
10046,10156.0,9.149
10047,10157.0,7.435
10048,10158.0,6.924
10049,10159.0,6.601
10050,10160.0,7.194
10051,10161.0,7.395
10052,10162.0,10.256
10053,10163.0,9.269
10054,10164.0,10.096
10055,10165.0,10.456
10056,10166.0,7.676
10057,10167.0,9.349
10058,10168.0,8.158
10059,10169.0,9.67
10060,10170.0,8.426
10061,10171.0,8.078
10062,10172.0,7.125
10063,10173.0,6.642
10064,10174.0,7.314
10065,10175.0,7.475
10066,10176.0,8.908
10067,10177.0,8.118
10068,10178.0,8.667
10069,10179.0,9.309
10070,10180.0,8.078
10071,10181.0,7.556
10072,10182.0,9.109
10073,10183.0,7.917
10074,10184.0,9.59
10075,10185.0,8.627
10076,10186.0,7.274
10077,10187.0,6.722
10078,10188.0,7.435
10079,10189.0,7.314
10080,10190.0,7.395
10081,10191.0,8.507
10082,10192.0,9.229
10083,10193.0,8.828
10084,10194.0,8.467
10085,10195.0,7.234
10086,10196.0,9.59
10087,10197.0,8.467
10088,10198.0,9.028
10089,10199.0,9.47
10090,10200.0,7.355
10091,10201.0,6.883
10092,10202.0,7.355
10093,10203.0,7.395
10094,10204.0,7.435
10095,10205.0,9.109
10096,10206.0,10.176
10097,10207.0,9.695
10098,10208.0,9.349
10099,10209.0,7.355
10100,10210.0,7.877
10101,10211.0,9.229
10102,10212.0,7.958
10103,10213.0,8.319
10104,10214.0,7.475
10105,10215.0,7.125
10106,10216.0,6.924
10107,10217.0,7.515
10108,10218.0,7.314
10109,10219.0,10.336
10110,10220.0,10.616
10111,10221.0,11.12
10112,10222.0,10.697
10113,10223.0,7.395
10114,10224.0,8.239
10115,10225.0,9.229
10116,10226.0,8.707
10117,10227.0,7.596
10118,10228.0,7.596
10119,10229.0,7.165
10120,10230.0,6.843
10121,10232.0,7.556
10122,10233.0,7.395
10123,10234.0,10.576
10124,10235.0,9.775
10125,10236.0,10.456
10126,10237.0,10.777
10127,10238.0,7.515
10128,10239.0,8.908
10129,10240.0,7.917
10130,10241.0,9.63
10131,10242.0,8.078
10132,10243.0,7.998
10133,10244.0,7.125
10134,10245.0,6.803
10135,10246.0,7.314
10136,10247.0,7.475
10137,10248.0,9.855
10138,10249.0,8.707
10139,10250.0,9.655
10140,10251.0,10.176
10141,10252.0,7.757
10142,10253.0,9.189
10143,10254.0,8.467
10144,10255.0,9.068
10145,10256.0,8.707
10146,10257.0,8.279
10147,10258.0,7.085
10148,10259.0,6.763
10149,10260.0,7.314
10150,10261.0,7.596
10151,10262.0,8.587
10152,10263.0,8.319
10153,10264.0,8.587
10154,10265.0,9.109
10155,10266.0,8.078
10156,10267.0,7.154
10157,10268.0,9.269
10158,10269.0,7.958
10159,10270.0,9.735
10160,10271.0,8.747
10161,10272.0,7.194
10162,10273.0,6.763
10163,10274.0,7.355
10164,10275.0,7.274
10165,10276.0,7.395
10166,10277.0,8.507
10167,10278.0,9.229
10168,10279.0,8.828
10169,10280.0,8.467
10170,10281.0,7.234
10171,10282.0,9.67
10172,10283.0,8.426
10173,10284.0,9.149
10174,10285.0,9.43
10175,10286.0,7.355
10176,10287.0,6.843
10177,10288.0,7.355
10178,10289.0,7.435
10179,10290.0,7.355
10180,10291.0,8.868
10181,10292.0,9.775
10182,10293.0,9.51
10183,10294.0,9.068
10184,10295.0,7.395
10185,10296.0,8.547
10186,10297.0,8.908
10187,10298.0,7.958
10188,10299.0,8.868
10189,10300.0,7.515
10190,10301.0,6.964
10191,10302.0,7.355
10192,10303.0,7.435
10193,10304.0,7.596
10194,10305.0,9.47
10195,10306.0,10.937
10196,10307.0,10.456
10197,10308.0,9.775
10198,10309.0,7.355
10199,10310.0,7.877
10200,10311.0,9.895
10201,10312.0,8.239
10202,10313.0,7.475
10203,10314.0,7.515
10204,10315.0,7.085
10205,10316.0,6.843
10206,10317.0,7.475
10207,10318.0,7.395
10208,10319.0,10.857
10209,10320.0,10.176
10210,10321.0,10.737
10211,10322.0,11.0
10212,10324.0,7.435
10213,10325.0,8.547
10214,10326.0,8.118
10215,10327.0,9.149
10216,10328.0,7.917
10217,10329.0,7.837
10218,10330.0,7.205
10219,10331.0,6.803
10220,10332.0,7.274
10221,10333.0,7.435
10222,10334.0,10.216
10223,10335.0,9.149
10224,10336.0,10.056
10225,10337.0,10.416
10226,10338.0,7.797
10227,10339.0,9.51
10228,10340.0,8.239
10229,10341.0,9.51
10230,10342.0,8.507
10231,10343.0,8.118
10232,10344.0,7.125
10233,10345.0,6.763
10234,10346.0,7.234
10235,10347.0,7.475
10236,10348.0,9.229
10237,10349.0,8.038
10238,10350.0,8.988
10239,10351.0,9.63
10240,10352.0,7.958
10241,10353.0,8.118
10242,10354.0,8.828
10243,10355.0,7.917
10244,10356.0,9.229
10245,10357.0,8.507
10246,10358.0,7.194
10247,10359.0,6.722
10248,10360.0,7.355
10249,10361.0,7.636
10250,10362.0,7.837
10251,10363.0,8.587
10252,10364.0,8.948
10253,10365.0,8.747
10254,10366.0,8.319
10255,10367.0,7.194
10256,10368.0,9.855
10257,10369.0,8.319
10258,10370.0,9.47
10259,10371.0,9.269
10260,10372.0,7.274
10261,10373.0,6.883
10262,10374.0,7.355
10263,10375.0,7.475
10264,10376.0,7.355
10265,10377.0,8.908
10266,10378.0,9.735
10267,10379.0,9.51
10268,10380.0,9.109
10269,10381.0,7.395
10270,10382.0,8.507
10271,10383.0,8.908
10272,10384.0,7.877
10273,10385.0,8.868
10274,10386.0,7.475
10275,10387.0,6.964
10276,10388.0,6.883
10277,10389.0,7.435
10278,10390.0,7.395
10279,10391.0,10.096
10280,10392.0,10.737
10281,10393.0,11.12
10282,10394.0,10.456
10283,10395.0,7.355
10284,10396.0,8.158
10285,10397.0,9.43
10286,10398.0,8.587
10287,10399.0,7.515
10288,10400.0,7.596
10289,10401.0,7.165
10290,10402.0,6.924
10291,10403.0,7.395
10292,10404.0,7.395
10293,10405.0,10.897
10294,10406.0,10.376
10295,10407.0,10.857
10296,10408.0,11.12
10297,10409.0,7.355
10298,10410.0,8.587
10299,10411.0,8.467
10300,10412.0,9.028
10301,10413.0,7.757
10302,10414.0,7.757
10303,10416.0,7.165
10304,10417.0,6.843
10305,10418.0,7.274
10306,10419.0,7.435
10307,10420.0,10.336
10308,10421.0,9.389
10309,10422.0,10.216
10310,10423.0,10.576
10311,10424.0,7.676
10312,10425.0,9.269
10313,10426.0,8.118
10314,10427.0,9.815
10315,10428.0,8.359
10316,10429.0,8.038
10317,10430.0,7.165
10318,10431.0,6.682
10319,10432.0,7.355
10320,10433.0,7.797
10321,10434.0,7.596
10322,10435.0,9.229
10323,10436.0,10.657
10324,10437.0,10.456
10325,10438.0,9.269
10326,10439.0,8.239
10327,10440.0,7.355
10328,10441.0,9.229
10329,10442.0,8.707
10330,10443.0,8.627
10331,10444.0,9.51
10332,10445.0,7.556
10333,10446.0,7.004
10334,10447.0,7.355
10335,10448.0,7.515
10336,10449.0,7.636
10337,10450.0,9.775
10338,10451.0,10.777
10339,10452.0,10.96
10340,10453.0,10.336
10341,10454.0,7.355
10342,10455.0,8.239
10343,10456.0,8.908
10344,10457.0,8.788
10345,10458.0,7.676
10346,10459.0,7.716
10347,10460.0,7.205
10348,10461.0,6.883
10349,10462.0,7.636
10350,10463.0,7.475
10351,10464.0,10.336
10352,10465.0,9.189
10353,10466.0,8.747
10354,10467.0,10.456
10355,10468.0,11.0
10356,10469.0,7.355
10357,10470.0,8.507
10358,10471.0,7.917
10359,10472.0,9.269
10360,10473.0,7.958
10361,10474.0,7.877
10362,10475.0,7.165
10363,10476.0,6.803
10364,10477.0,7.274
10365,10478.0,7.435
10366,10479.0,10.096
10367,10480.0,8.988
10368,10481.0,9.935
10369,10482.0,10.376
10370,10483.0,7.837
10371,10484.0,9.43
10372,10485.0,8.467
10373,10486.0,9.189
10374,10487.0,8.747
10375,10488.0,8.239
10376,10489.0,7.125
10377,10490.0,6.763
10378,10491.0,7.286
10379,10492.0,7.475
10380,10493.0,8.948
10381,10494.0,8.118
10382,10495.0,8.747
10383,10496.0,9.389
10384,10497.0,7.998
10385,10498.0,7.676
10386,10499.0,8.988
10387,10500.0,7.958
10388,10501.0,9.47
10389,10502.0,8.667
10390,10503.0,7.274
10391,10504.0,6.763
10392,10505.0,7.355
10393,10506.0,7.435
10394,10507.0,7.314
10395,10509.0,8.868
10396,10510.0,9.63
10397,10511.0,9.43
10398,10512.0,8.908
10399,10513.0,7.435
10400,10514.0,8.667
10401,10515.0,8.828
10402,10516.0,8.038
10403,10517.0,9.068
10404,10518.0,7.435
10405,10519.0,7.004
10406,10520.0,7.314
10407,10521.0,7.475
10408,10522.0,7.556
10409,10523.0,9.51
10410,10524.0,10.817
10411,10525.0,10.256
10412,10526.0,9.59
10413,10527.0,7.355
10414,10528.0,7.917
10415,10529.0,9.815
10416,10530.0,8.4
10417,10531.0,7.475
10418,10532.0,7.556
10419,10533.0,7.125
10420,10534.0,6.924
10421,10535.0,7.395
10422,10536.0,7.355
10423,10537.0,10.817
10424,10538.0,10.376
10425,10539.0,10.897
10426,10540.0,11.12
10427,10541.0,7.314
10428,10542.0,8.467
10429,10543.0,8.587
10430,10544.0,8.988
10431,10545.0,7.877
10432,10546.0,7.877
10433,10547.0,7.165
10434,10548.0,6.843
10435,10549.0,7.274
10436,10550.0,7.475
10437,10551.0,10.016
10438,10552.0,9.028
10439,10553.0,9.855
10440,10554.0,10.336
10441,10555.0,7.757
10442,10556.0,9.51
10443,10557.0,8.319
10444,10558.0,9.349
10445,10559.0,8.707
10446,10560.0,8.359
10447,10561.0,7.205
10448,10562.0,6.722
10449,10563.0,7.314
10450,10564.0,7.636
10451,10565.0,7.837
10452,10566.0,8.587
10453,10567.0,8.948
10454,10568.0,8.667
10455,10569.0,8.279
10456,10570.0,7.165
10457,10571.0,9.55
10458,10572.0,8.48
10459,10573.0,9.028
10460,10574.0,9.51
10461,10575.0,7.395
10462,10576.0,6.843
10463,10577.0,7.355
10464,10578.0,7.395
10465,10579.0,7.435
10466,10580.0,9.068
10467,10581.0,10.176
10468,10582.0,9.63
10469,10583.0,9.389
10470,10584.0,7.355
10471,10585.0,7.797
10472,10586.0,9.59
10473,10587.0,8.118
10474,10588.0,7.636
10475,10589.0,7.556
10476,10590.0,7.085
10477,10591.0,6.964
10478,10592.0,7.435
10479,10593.0,7.355
10480,10594.0,10.456
10481,10595.0,10.536
10482,10596.0,10.777
10483,10597.0,11.16
10484,10598.0,7.395
10485,10599.0,8.547
10486,10600.0,8.547
10487,10602.0,8.988
10488,10603.0,7.757
10489,10604.0,7.757
10490,10605.0,7.165
10491,10606.0,6.843
10492,10607.0,7.355
10493,10608.0,7.515
10494,10609.0,10.416
10495,10610.0,9.47
10496,10611.0,10.216
10497,10612.0,10.536
10498,10613.0,7.676
10499,10614.0,9.55
10500,10615.0,8.279
10501,10616.0,9.47
10502,10617.0,8.587
10503,10618.0,8.158
10504,10619.0,7.125
10505,10620.0,6.601
10506,10621.0,7.314
10507,10622.0,7.515
10508,10623.0,8.747
10509,10624.0,8.158
10510,10625.0,8.547
10511,10626.0,9.149
10512,10627.0,8.118
10513,10628.0,7.246
10514,10629.0,9.47
10515,10630.0,8.158
10516,10631.0,9.815
10517,10632.0,9.028
10518,10633.0,7.274
10519,10634.0,6.803
10520,10635.0,7.435
10521,10636.0,7.435
10522,10637.0,7.475
10523,10638.0,9.109
10524,10639.0,10.176
10525,10640.0,9.59
10526,10641.0,9.349
10527,10642.0,7.314
10528,10643.0,7.877
10529,10644.0,9.189
10530,10645.0,7.958
10531,10646.0,8.319
10532,10647.0,7.435
10533,10648.0,7.085
10534,10649.0,6.924
10535,10650.0,7.435
10536,10651.0,7.395
10537,10652.0,10.016
10538,10653.0,10.737
10539,10654.0,11.08
10540,10655.0,10.336
10541,10656.0,7.314
10542,10657.0,8.279
10543,10658.0,8.828
10544,10659.0,8.868
10545,10660.0,7.716
10546,10661.0,7.716
10547,10662.0,7.205
10548,10663.0,6.803
10549,10664.0,7.274
10550,10665.0,7.435
10551,10666.0,10.376
10552,10667.0,9.43
10553,10668.0,10.216
10554,10669.0,10.576
10555,10670.0,7.716
10556,10671.0,9.309
10557,10672.0,8.158
10558,10673.0,9.815
10559,10674.0,8.627
10560,10675.0,8.158
10561,10676.0,7.165
10562,10677.0,6.642
10563,10678.0,7.355
10564,10679.0,7.515
10565,10680.0,8.788
10566,10681.0,8.199
10567,10682.0,8.547
10568,10683.0,9.189
10569,10684.0,8.078
10570,10685.0,7.274
10571,10686.0,9.189
10572,10687.0,7.998
10573,10688.0,9.735
10574,10689.0,8.908
10575,10690.0,7.274
10576,10691.0,6.763
10577,10692.0,7.355
10578,10694.0,7.395
10579,10695.0,7.314
10580,10696.0,8.747
10581,10697.0,9.51
10582,10698.0,9.269
10583,10699.0,8.828
10584,10700.0,7.355
10585,10701.0,8.988
10586,10702.0,8.828
10587,10703.0,8.44
10588,10704.0,9.389
10589,10705.0,7.435
10590,10706.0,6.964
10591,10707.0,7.314
10592,10708.0,7.515
10593,10709.0,7.676
10594,10710.0,9.695
10595,10711.0,10.897
10596,10712.0,10.697
10597,10713.0,9.935
10598,10714.0,7.395
10599,10715.0,7.958
10600,10716.0,9.855
10601,10717.0,8.359
10602,10718.0,7.475
10603,10719.0,7.556
10604,10720.0,7.125
10605,10721.0,6.924
10606,10722.0,7.475
10607,10723.0,7.355
10608,10724.0,10.777
10609,10725.0,10.296
10610,10726.0,10.817
10611,10727.0,11.12
10612,10728.0,7.355
10613,10729.0,8.467
10614,10730.0,8.319
10615,10731.0,9.028
10616,10732.0,7.797
10617,10733.0,7.797
10618,10734.0,7.165
10619,10735.0,6.883
10620,10736.0,7.314
10621,10737.0,7.435
10622,10738.0,10.376
10623,10739.0,9.389
10624,10740.0,9.975
10625,10741.0,10.416
10626,10742.0,7.716
10627,10743.0,9.63
10628,10744.0,8.279
10629,10745.0,9.51
10630,10746.0,8.547
10631,10747.0,8.199
10632,10748.0,7.165
10633,10749.0,6.682
10634,10750.0,7.395
10635,10751.0,7.676
10636,10752.0,8.359
10637,10753.0,8.426
10638,10754.0,8.707
10639,10755.0,8.868
10640,10756.0,8.118
10641,10757.0,7.194
10642,10758.0,9.775
10643,10759.0,8.199
10644,10760.0,9.63
10645,10761.0,9.149
10646,10762.0,7.274
10647,10763.0,6.803
10648,10764.0,7.355
10649,10765.0,7.435
10650,10766.0,7.395
10651,10767.0,8.948
10652,10768.0,9.855
10653,10769.0,9.67
10654,10770.0,9.43
10655,10771.0,7.355
10656,10772.0,7.797
10657,10773.0,9.309
10658,10774.0,8.038
10659,10775.0,8.118
10660,10776.0,7.475
10661,10777.0,7.085
10662,10778.0,7.004
10663,10779.0,7.435
10664,10780.0,7.435
10665,10781.0,10.136
10666,10782.0,10.737
10667,10783.0,11.0
10668,10784.0,10.96
10669,10786.0,7.314
10670,10787.0,8.44
10671,10788.0,8.868
10672,10789.0,8.828
10673,10790.0,7.676
10674,10791.0,7.716
10675,10792.0,7.165
10676,10793.0,6.803
10677,10794.0,7.314
10678,10795.0,7.475
10679,10796.0,10.176
10680,10797.0,9.149
10681,10798.0,10.016
10682,10799.0,10.416
10683,10800.0,7.716
10684,10801.0,9.51
10685,10802.0,8.239
10686,10803.0,9.55
10687,10804.0,8.788
10688,10805.0,8.239
10689,10806.0,7.125
10690,10807.0,6.722
10691,10808.0,7.314
10692,10809.0,7.475
10693,10810.0,8.988
10694,10811.0,8.118
10695,10812.0,8.627
10696,10813.0,9.109
10697,10814.0,8.158
10698,10815.0,7.194
10699,10816.0,9.309
10700,10817.0,7.998
10701,10818.0,9.775
10702,10819.0,8.788
10703,10820.0,7.234
10704,10821.0,6.722
10705,10822.0,7.395
10706,10823.0,7.475
10707,10824.0,7.596
10708,10825.0,9.349
10709,10826.0,10.657
10710,10827.0,10.016
10711,10828.0,9.735
10712,10829.0,7.355
10713,10830.0,7.797
10714,10831.0,9.59
10715,10832.0,8.078
10716,10833.0,7.596
10717,10834.0,7.475
10718,10835.0,7.085
10719,10836.0,6.924
10720,10837.0,7.515
10721,10838.0,7.314
10722,10839.0,10.496
10723,10840.0,10.536
10724,10841.0,11.0
10725,10842.0,10.817
10726,10843.0,7.355
10727,10844.0,8.319
10728,10845.0,9.028
10729,10846.0,8.707
10730,10847.0,7.676
10731,10848.0,7.676
10732,10849.0,7.234
10733,10850.0,6.843
10734,10851.0,7.676
10735,10852.0,7.435
10736,10853.0,10.496
10737,10854.0,9.59
10738,10855.0,10.336
10739,10856.0,10.496
10740,10857.0,7.716
10741,10858.0,9.47
10742,10859.0,8.239
10743,10860.0,9.63
10744,10861.0,8.507
10745,10862.0,8.118
10746,10863.0,7.165
10747,10864.0,6.642
10748,10865.0,7.314
10749,10866.0,7.515
10750,10867.0,8.359
10751,10868.0,8.44
10752,10869.0,8.707
10753,10870.0,8.788
10754,10871.0,8.118
10755,10872.0,7.154
10756,10873.0,9.55
10757,10874.0,8.078
10758,10875.0,9.815
10759,10877.0,9.149
10760,10878.0,7.355
10761,10879.0,6.843
10762,10880.0,6.803
10763,10881.0,7.435
10764,10882.0,7.314
10765,10883.0,10.496
10766,10884.0,10.536
10767,10885.0,11.0
10768,10886.0,10.857
10769,10887.0,7.355
10770,10888.0,8.319
10771,10889.0,8.988
10772,10890.0,8.948
10773,10891.0,7.797
10774,10892.0,7.757
10775,10893.0,7.205
10776,10894.0,6.803
10777,10895.0,7.355
10778,10896.0,7.515
10779,10897.0,10.216
10780,10898.0,9.068
10781,10899.0,10.016
10782,10900.0,10.376
10783,10901.0,7.797
10784,10902.0,9.51
10785,10903.0,8.279
10786,10904.0,9.43
10787,10905.0,8.547
10788,10906.0,8.158
10789,10907.0,7.125
10790,10908.0,6.722
10791,10909.0,7.314
10792,10910.0,7.475
10793,10911.0,8.988
10794,10912.0,8.118
10795,10913.0,8.547
10796,10914.0,9.149
10797,10915.0,8.158
10798,10916.0,7.234
10799,10917.0,9.229
10800,10918.0,7.998
10801,10919.0,9.735
10802,10920.0,8.788
10803,10921.0,7.314
10804,10922.0,6.843
10805,10923.0,7.355
10806,10924.0,7.475
10807,10925.0,7.314
10808,10926.0,8.828
10809,10927.0,9.59
10810,10928.0,9.43
10811,10929.0,8.948
10812,10930.0,7.395
10813,10931.0,8.707
10814,10932.0,8.828
10815,10933.0,8.078
10816,10934.0,9.109
10817,10935.0,7.435
10818,10936.0,7.044
10819,10937.0,6.924
10820,10938.0,7.515
10821,10939.0,7.556
10822,10940.0,9.975
10823,10941.0,10.697
10824,10942.0,11.08
10825,10943.0,10.576
10826,10944.0,7.314
10827,10945.0,8.158
10828,10946.0,9.269
10829,10947.0,8.627
10830,10948.0,7.556
10831,10949.0,7.596
10832,10950.0,7.205
10833,10951.0,6.763
10834,10952.0,7.314
10835,10953.0,7.515
10836,10954.0,9.895
10837,10955.0,8.747
10838,10956.0,9.71
10839,10957.0,10.176
10840,10958.0,7.757
10841,10959.0,9.189
10842,10960.0,8.426
10843,10961.0,9.068
10844,10962.0,8.868
10845,10963.0,8.44
10846,10964.0,7.205
10847,10965.0,6.722
10848,10966.0,7.395
10849,10967.0,7.757
10850,10969.0,7.797
10851,10970.0,8.627
10852,10971.0,9.389
10853,10972.0,9.028
10854,10973.0,8.587
10855,10974.0,7.314
10856,10975.0,9.349
10857,10976.0,8.627
10858,10977.0,8.828
10859,10978.0,9.55
10860,10979.0,7.395
10861,10980.0,6.883
10862,10981.0,7.355
10863,10982.0,7.435
10864,10983.0,7.596
10865,10984.0,9.51
10866,10985.0,10.897
10867,10986.0,10.296
10868,10987.0,9.695
10869,10988.0,7.314
10870,10989.0,7.837
10871,10990.0,9.775
10872,10991.0,8.199
10873,10992.0,7.475
10874,10993.0,7.515
10875,10994.0,7.125
10876,10995.0,6.763
10877,10996.0,7.234
10878,10997.0,7.475
10879,10998.0,10.376
10880,10999.0,9.43
10881,11000.0,10.216
10882,11001.0,10.616
10883,11002.0,7.716
10884,11003.0,9.51
10885,11004.0,8.279
10886,11005.0,9.43
10887,11006.0,8.587
10888,11007.0,8.199
10889,11008.0,7.085
10890,11009.0,6.763
10891,11010.0,7.274
10892,11011.0,7.475
10893,11012.0,9.028
10894,11013.0,8.118
10895,11014.0,8.828
10896,11015.0,9.51
10897,11016.0,7.998
10898,11017.0,7.917
10899,11018.0,9.349
10900,11019.0,8.158
10901,11020.0,9.855
10902,11021.0,8.948
10903,11022.0,7.234
10904,11023.0,6.803
10905,11024.0,7.355
10906,11025.0,7.435
10907,11026.0,7.355
10908,11027.0,8.908
10909,11028.0,9.935
10910,11029.0,9.71
10911,11030.0,9.189
10912,11031.0,7.355
10913,11032.0,8.279
10914,11033.0,9.028
10915,11034.0,7.917
10916,11035.0,8.627
10917,11036.0,7.475
10918,11037.0,7.004
10919,11038.0,6.964
10920,11039.0,7.435
10921,11040.0,7.676
10922,11041.0,9.695
10923,11042.0,10.897
10924,11043.0,10.697
10925,11044.0,10.136
10926,11045.0,7.355
10927,11046.0,8.199
10928,11047.0,9.309
10929,11048.0,8.667
10930,11049.0,7.556
10931,11050.0,7.636
10932,11051.0,7.165
10933,11052.0,6.964
10934,11053.0,7.515
10935,11054.0,7.515
10936,11055.0,10.817
10937,11056.0,10.096
10938,11057.0,10.657
10939,11058.0,10.96
10940,11059.0,7.556
10941,11061.0,8.868
10942,11062.0,7.958
10943,11063.0,9.55
10944,11064.0,8.038
10945,11065.0,7.998
10946,11066.0,7.205
10947,11067.0,6.682
10948,11068.0,7.234
10949,11069.0,7.515
10950,11070.0,9.309
10951,11071.0,7.998
10952,11072.0,9.109
10953,11073.0,9.67
10954,11074.0,7.958
10955,11075.0,8.239
10956,11076.0,8.788
10957,11077.0,8.078
10958,11078.0,9.189
10959,11079.0,8.507
10960,11080.0,7.246
10961,11081.0,6.642
10962,11082.0,7.395
10963,11083.0,7.274
10964,11084.0,7.636
10965,11085.0,8.667
10966,11086.0,9.149
10967,11087.0,8.747
10968,11088.0,8.426
10969,11089.0,7.194
10970,11090.0,9.775
10971,11091.0,8.4
10972,11092.0,9.028
10973,11093.0,9.59
10974,11094.0,7.435
10975,11095.0,6.883
10976,11096.0,7.395
10977,11097.0,7.435
10978,11098.0,7.515
10979,11099.0,9.269
10980,11100.0,10.456
10981,11101.0,9.935
10982,11102.0,9.67
10983,11103.0,7.355
10984,11104.0,7.837
10985,11105.0,9.791
10986,11106.0,8.158
10987,11107.0,7.475
10988,11108.0,7.475
10989,11109.0,7.125
10990,11110.0,6.843
10991,11111.0,7.435
10992,11112.0,7.395
10993,11113.0,10.857
10994,11114.0,10.096
10995,11115.0,10.737
10996,11116.0,11.0
10997,11117.0,7.475
10998,11118.0,8.627
10999,11119.0,7.998
11000,11120.0,9.229
11001,11121.0,7.958
11002,11122.0,7.837
11003,11123.0,7.205
11004,11124.0,6.561
11005,11125.0,7.314
11006,11126.0,7.475
11007,11127.0,9.028
11008,11128.0,8.078
11009,11129.0,8.828
11010,11130.0,9.389
11011,11131.0,8.038
11012,11132.0,7.676
11013,11133.0,9.068
11014,11134.0,7.958
11015,11135.0,9.47
11016,11136.0,8.587
11017,11137.0,7.246
11018,11138.0,6.682
11019,11139.0,7.355
11020,11140.0,7.274
11021,11141.0,7.355
11022,11142.0,8.868
11023,11143.0,9.55
11024,11144.0,9.349
11025,11145.0,8.908
11026,11146.0,7.395
11027,11147.0,8.908
11028,11148.0,8.747
11029,11149.0,8.279
11030,11150.0,9.269
11031,11151.0,7.435
11032,11153.0,6.964
11033,11154.0,6.883
11034,11155.0,7.475
11035,11156.0,7.355
11036,11157.0,10.256
11037,11158.0,10.697
11038,11159.0,11.24
11039,11160.0,10.657
11040,11161.0,7.395
11041,11162.0,8.319
11042,11163.0,9.109
11043,11164.0,8.747
11044,11165.0,7.676
11045,11166.0,7.636
11046,11167.0,7.205
11047,11168.0,6.561
11048,11169.0,7.314
11049,11170.0,7.475
11050,11171.0,9.47
11051,11172.0,8.118
11052,11173.0,9.269
11053,11174.0,9.349
11054,11175.0,8.038
11055,11176.0,7.676
11056,11177.0,9.028
11057,11178.0,7.958
11058,11179.0,9.47
11059,11180.0,8.627
11060,11181.0,7.234
11061,11182.0,6.763
11062,11183.0,7.395
11063,11184.0,7.395
11064,11185.0,7.274
11065,11186.0,8.747
11066,11187.0,9.51
11067,11188.0,9.269
11068,11189.0,8.788
11069,11190.0,7.395
11070,11191.0,8.948
11071,11192.0,8.747
11072,11193.0,8.319
11073,11194.0,9.349
11074,11195.0,7.475
11075,11196.0,7.044
11076,11197.0,6.561
11077,11198.0,7.314
11078,11199.0,7.435
11079,11200.0,10.056
11080,11201.0,8.908
11081,11202.0,9.895
11082,11203.0,10.336
11083,11204.0,7.797
11084,11205.0,9.389
11085,11206.0,8.346
11086,11207.0,9.309
11087,11208.0,8.707
11088,11209.0,8.239
11089,11210.0,7.085
11090,11211.0,6.642
11091,11212.0,7.314
11092,11213.0,7.515
11093,11214.0,8.707
11094,11215.0,8.239
11095,11216.0,8.587
11096,11217.0,9.149
11097,11218.0,8.078
11098,11219.0,7.194
11099,11220.0,9.229
11100,11221.0,8.038
11101,11222.0,9.735
11102,11223.0,8.788
11103,11224.0,7.234
11104,11225.0,6.722
11105,11226.0,7.314
11106,11227.0,7.355
11107,11228.0,7.274
11108,11229.0,8.627
11109,11230.0,9.43
11110,11231.0,9.068
11111,11232.0,8.627
11112,11233.0,7.355
11113,11234.0,9.269
11114,11235.0,8.667
11115,11236.0,8.707
11116,11237.0,9.59
11117,11238.0,7.435
11118,11239.0,6.964
11119,11240.0,7.314
11120,11241.0,7.435
11121,11242.0,7.515
11122,11244.0,9.309
11123,11245.0,10.616
11124,11246.0,10.056
11125,11247.0,9.695
11126,11248.0,7.314
11127,11249.0,7.837
11128,11250.0,9.59
11129,11251.0,8.118
11130,11252.0,7.556
11131,11253.0,7.515
11132,11254.0,7.085
11133,11255.0,6.924
11134,11256.0,7.435
11135,11257.0,7.435
11136,11258.0,10.897
11137,11259.0,10.336
11138,11260.0,10.817
11139,11261.0,11.12
11140,11262.0,7.314
11141,11263.0,8.547
11142,11264.0,8.467
11143,11265.0,8.948
11144,11266.0,7.757
11145,11267.0,7.757
11146,11268.0,7.165
11147,11269.0,6.843
11148,11270.0,7.246
11149,11271.0,7.475
11150,11272.0,10.296
11151,11273.0,9.43
11152,11274.0,10.176
11153,11275.0,10.576
11154,11276.0,7.676
11155,11277.0,9.349
11156,11278.0,8.158
11157,11279.0,9.815
11158,11280.0,8.359
11159,11281.0,8.078
11160,11282.0,7.125
11161,11283.0,6.722
11162,11284.0,7.274
11163,11285.0,7.475
11164,11286.0,9.43
11165,11287.0,8.038
11166,11288.0,9.229
11167,11289.0,9.735
11168,11290.0,7.917
11169,11291.0,8.4
11170,11292.0,8.667
11171,11293.0,8.239
11172,11294.0,9.068
11173,11295.0,8.44
11174,11296.0,7.205
11175,11297.0,6.601
11176,11298.0,7.355
11177,11299.0,7.355
11178,11300.0,7.676
11179,11301.0,8.627
11180,11302.0,9.068
11181,11303.0,8.707
11182,11304.0,8.4
11183,11305.0,7.165
11184,11306.0,9.815
11185,11307.0,8.319
11186,11308.0,9.389
11187,11309.0,9.349
11188,11310.0,7.355
11189,11311.0,6.803
11190,11312.0,7.395
11191,11313.0,7.395
11192,11314.0,7.435
11193,11315.0,8.988
11194,11316.0,9.935
11195,11317.0,9.695
11196,11318.0,9.149
11197,11319.0,7.355
11198,11320.0,8.199
11199,11321.0,9.028
11200,11322.0,7.877
11201,11323.0,8.587
11202,11324.0,7.435
11203,11325.0,7.044
11204,11326.0,7.205
11205,11327.0,7.435
11206,11328.0,7.596
11207,11329.0,9.55
11208,11330.0,10.937
11209,11331.0,10.496
11210,11332.0,9.815
11211,11333.0,7.355
11212,11334.0,7.917
11213,11335.0,9.895
11214,11337.0,8.279
11215,11338.0,7.515
11216,11339.0,7.515
11217,11340.0,7.125
11218,11341.0,6.924
11219,11342.0,7.475
11220,11343.0,7.314
11221,11344.0,10.697
11222,11345.0,10.416
11223,11346.0,10.937
11224,11347.0,11.04
11225,11348.0,7.314
11226,11349.0,8.44
11227,11350.0,8.788
11228,11351.0,8.828
11229,11352.0,7.757
11230,11353.0,7.676
11231,11354.0,7.246
11232,11355.0,6.763
11233,11356.0,7.274
11234,11357.0,7.435
11235,11358.0,10.016
11236,11359.0,8.988
11237,11360.0,9.855
11238,11361.0,10.296
11239,11362.0,7.716
11240,11363.0,9.47
11241,11364.0,8.319
11242,11365.0,9.349
11243,11366.0,8.627
11244,11367.0,8.158
11245,11368.0,7.085
11246,11369.0,6.763
11247,11370.0,7.274
11248,11371.0,7.435
11249,11372.0,9.149
11250,11373.0,8.078
11251,11374.0,8.908
11252,11375.0,9.55
11253,11376.0,7.958
11254,11377.0,7.998
11255,11378.0,8.868
11256,11379.0,7.917
11257,11380.0,9.309
11258,11381.0,8.547
11259,11382.0,7.205
11260,11383.0,6.682
11261,11384.0,7.355
11262,11385.0,7.314
11263,11386.0,7.596
11264,11387.0,8.707
11265,11388.0,9.068
11266,11389.0,8.788
11267,11390.0,8.4
11268,11391.0,7.246
11269,11392.0,9.791
11270,11393.0,8.359
11271,11394.0,9.309
11272,11395.0,9.349
11273,11396.0,7.314
11274,11397.0,6.803
11275,11398.0,7.355
11276,11399.0,7.395
11277,11400.0,7.475
11278,11401.0,9.229
11279,11402.0,10.376
11280,11403.0,9.815
11281,11404.0,9.55
11282,11405.0,7.355
11283,11406.0,7.797
11284,11407.0,9.349
11285,11408.0,7.998
11286,11409.0,7.958
11287,11410.0,7.515
11288,11411.0,7.085
11289,11412.0,6.843
11290,11413.0,7.475
11291,11414.0,7.475
11292,11415.0,10.817
11293,11416.0,10.136
11294,11417.0,10.697
11295,11418.0,11.0
11296,11419.0,7.435
11297,11420.0,8.627
11298,11421.0,7.917
11299,11422.0,9.269
11300,11423.0,7.917
11301,11424.0,7.917
11302,11425.0,7.165
11303,11426.0,6.803
11304,11427.0,7.355
11305,11428.0,7.515
11306,11430.0,9.735
11307,11431.0,8.507
11308,11432.0,9.55
11309,11433.0,10.016
11310,11434.0,7.837
11311,11435.0,8.587
11312,11436.0,8.747
11313,11437.0,7.958
11314,11438.0,9.349
11315,11439.0,8.547
11316,11440.0,7.246
11317,11441.0,6.682
11318,11442.0,7.355
11319,11443.0,7.274
11320,11444.0,7.314
11321,11445.0,8.587
11322,11446.0,9.47
11323,11447.0,9.068
11324,11448.0,8.707
11325,11449.0,7.314
11326,11450.0,8.988
11327,11451.0,8.667
11328,11452.0,8.158
11329,11453.0,9.028
11330,11454.0,7.475
11331,11455.0,6.964
11332,11456.0,6.964
11333,11457.0,7.395
11334,11458.0,7.676
11335,11459.0,9.815
11336,11460.0,10.817
11337,11461.0,11.04
11338,11462.0,10.376
11339,11463.0,7.314
11340,11464.0,8.239
11341,11465.0,9.149
11342,11466.0,8.788
11343,11467.0,7.596
11344,11468.0,7.636
11345,11469.0,7.205
11346,11470.0,6.843
11347,11471.0,7.435
11348,11472.0,7.475
11349,11473.0,10.336
11350,11474.0,9.349
11351,11475.0,10.096
11352,11476.0,10.456
11353,11477.0,7.716
11354,11478.0,9.47
11355,11479.0,8.319
11356,11480.0,9.269
11357,11481.0,8.667
11358,11482.0,8.199
11359,11483.0,7.125
11360,11484.0,6.642
11361,11485.0,7.355
11362,11486.0,7.556
11363,11487.0,8.44
11364,11488.0,8.319
11365,11489.0,8.707
11366,11490.0,8.627
11367,11491.0,8.199
11368,11492.0,7.165
11369,11493.0,9.67
11370,11494.0,8.158
11371,11495.0,9.735
11372,11496.0,9.068
11373,11497.0,7.314
11374,11498.0,6.803
11375,11499.0,7.395
11376,11500.0,7.355
11377,11501.0,7.355
11378,11502.0,8.747
11379,11503.0,9.55
11380,11504.0,9.269
11381,11505.0,8.828
11382,11506.0,7.355
11383,11507.0,8.948
11384,11508.0,8.747
11385,11509.0,8.359
11386,11510.0,9.309
11387,11511.0,7.395
11388,11512.0,6.924
11389,11513.0,7.274
11390,11514.0,7.395
11391,11515.0,7.515
11392,11516.0,9.389
11393,11517.0,10.697
11394,11518.0,10.136
11395,11519.0,9.59
11396,11520.0,7.355
11397,11521.0,7.837
11398,11523.0,9.63
11399,11524.0,8.118
11400,11525.0,7.515
11401,11526.0,7.515
11402,11527.0,7.085
11403,11528.0,6.924
11404,11529.0,7.475
11405,11530.0,7.274
11406,11531.0,10.336
11407,11532.0,10.576
11408,11533.0,11.04
11409,11534.0,10.737
11410,11535.0,7.395
11411,11536.0,8.279
11412,11537.0,9.149
11413,11538.0,8.747
11414,11539.0,7.676
11415,11540.0,7.596
11416,11541.0,7.246
11417,11542.0,6.883
11418,11543.0,7.556
11419,11544.0,7.395
11420,11545.0,10.616
11421,11546.0,9.815
11422,11547.0,10.456
11423,11548.0,10.777
11424,11549.0,7.515
11425,11550.0,8.868
11426,11551.0,7.917
11427,11552.0,9.63
11428,11553.0,8.078
11429,11554.0,7.998
11430,11555.0,7.165
11431,11556.0,6.763
11432,11557.0,7.355
11433,11558.0,7.475
11434,11559.0,9.67
11435,11560.0,8.4
11436,11561.0,9.47
11437,11562.0,9.975
11438,11563.0,7.837
11439,11564.0,8.828
11440,11565.0,8.627
11441,11566.0,8.707
11442,11567.0,8.868
11443,11568.0,8.4
11444,11569.0,7.165
11445,11570.0,6.642
11446,11571.0,7.314
11447,11572.0,7.355
11448,11573.0,7.234
11449,11574.0,8.667
11450,11575.0,9.43
11451,11576.0,9.068
11452,11577.0,8.587
11453,11578.0,7.314
11454,11579.0,9.269
11455,11580.0,8.627
11456,11581.0,8.747
11457,11582.0,9.55
11458,11583.0,7.395
11459,11584.0,6.843
11460,11585.0,6.924
11461,11586.0,7.395
11462,11587.0,7.636
11463,11588.0,9.67
11464,11589.0,10.897
11465,11590.0,10.697
11466,11591.0,9.975
11467,11592.0,7.314
11468,11593.0,7.958
11469,11594.0,9.775
11470,11595.0,8.4
11471,11596.0,7.515
11472,11597.0,7.556
11473,11598.0,7.125
11474,11599.0,6.883
11475,11600.0,7.515
11476,11601.0,7.435
11477,11602.0,10.697
11478,11603.0,9.975
11479,11604.0,10.576
11480,11605.0,10.897
11481,11606.0,7.475
11482,11607.0,8.788
11483,11608.0,7.877
11484,11609.0,9.47
11485,11610.0,7.998
11486,11611.0,7.998
11487,11612.0,7.165
11488,11613.0,6.843
11489,11614.0,7.274
11490,11616.0,7.515
11491,11617.0,9.935
11492,11618.0,8.828
11493,11619.0,9.735
11494,11620.0,10.216
11495,11621.0,7.757
11496,11622.0,9.269
11497,11623.0,8.386
11498,11624.0,9.109
11499,11625.0,8.747
11500,11626.0,8.199
11501,11627.0,7.125
11502,11628.0,6.682
11503,11629.0,7.314
11504,11630.0,7.475
11505,11631.0,8.868
11506,11632.0,8.118
11507,11633.0,8.667
11508,11634.0,9.309
11509,11635.0,8.078
11510,11636.0,7.515
11511,11637.0,9.109
11512,11638.0,7.958
11513,11639.0,9.59
11514,11640.0,8.627
11515,11641.0,7.274
11516,11642.0,6.722
11517,11643.0,7.395
11518,11644.0,7.676
11519,11645.0,8.078
11520,11646.0,8.507
11521,11647.0,8.908
11522,11648.0,8.627
11523,11649.0,8.319
11524,11650.0,7.194
11525,11651.0,9.775
11526,11652.0,8.199
11527,11653.0,9.655
11528,11654.0,9.149
11529,11655.0,7.314
11530,11656.0,6.803
11531,11657.0,7.355
11532,11658.0,7.355
11533,11659.0,7.274
11534,11660.0,8.707
11535,11661.0,9.51
11536,11662.0,9.189
11537,11663.0,8.747
11538,11664.0,7.314
11539,11665.0,8.988
11540,11666.0,8.747
11541,11667.0,8.4
11542,11668.0,9.349
11543,11669.0,7.395
11544,11670.0,6.924
11545,11671.0,7.274
11546,11672.0,7.435
11547,11673.0,7.515
11548,11674.0,9.47
11549,11675.0,10.857
11550,11676.0,10.256
11551,11677.0,9.615
11552,11678.0,7.355
11553,11679.0,7.837
11554,11680.0,9.775
11555,11681.0,8.199
11556,11682.0,7.515
11557,11683.0,7.515
11558,11684.0,7.125
11559,11685.0,6.883
11560,11686.0,7.515
11561,11687.0,7.395
11562,11688.0,10.92
11563,11689.0,10.256
11564,11690.0,10.817
11565,11691.0,11.04
11566,11692.0,7.395
11567,11693.0,8.467
11568,11694.0,8.239
11569,11695.0,9.068
11570,11696.0,7.797
11571,11697.0,7.797
11572,11698.0,7.165
11573,11699.0,6.763
11574,11700.0,7.274
11575,11701.0,7.435
11576,11702.0,10.096
11577,11703.0,9.068
11578,11704.0,9.935
11579,11705.0,10.336
11580,11706.0,7.716
11581,11707.0,9.51
11582,11708.0,8.279
11583,11710.0,9.389
11584,11711.0,8.587
11585,11712.0,8.158
11586,11713.0,7.125
11587,11714.0,6.803
11588,11715.0,7.274
11589,11716.0,7.475
11590,11717.0,9.149
11591,11718.0,8.078
11592,11719.0,8.908
11593,11720.0,9.59
11594,11721.0,7.958
11595,11722.0,7.998
11596,11723.0,8.868
11597,11724.0,7.917
11598,11725.0,9.309
11599,11726.0,8.587
11600,11727.0,7.194
11601,11728.0,6.763
11602,11729.0,7.355
11603,11730.0,7.274
11604,11731.0,7.515
11605,11732.0,8.587
11606,11733.0,9.109
11607,11734.0,8.747
11608,11735.0,8.426
11609,11736.0,7.194
11610,11737.0,9.67
11611,11738.0,8.386
11612,11739.0,9.229
11613,11740.0,9.43
11614,11741.0,7.355
11615,11742.0,6.843
11616,11743.0,7.355
11617,11744.0,7.435
11618,11745.0,7.395
11619,11746.0,8.868
11620,11747.0,9.695
11621,11748.0,9.47
11622,11749.0,9.028
11623,11750.0,7.395
11624,11751.0,8.547
11625,11752.0,8.868
11626,11753.0,7.917
11627,11754.0,8.868
11628,11755.0,7.475
11629,11756.0,7.004
11630,11757.0,6.964
11631,11758.0,7.435
11632,11759.0,7.676
11633,11760.0,9.735
11634,11761.0,10.897
11635,11762.0,10.777
11636,11763.0,10.096
11637,11764.0,7.314
11638,11765.0,8.038
11639,11766.0,9.735
11640,11767.0,8.426
11641,11768.0,7.475
11642,11769.0,7.556
11643,11770.0,7.125
11644,11771.0,6.883
11645,11772.0,7.435
11646,11773.0,7.395
11647,11774.0,10.937
11648,11775.0,10.256
11649,11776.0,10.817
11650,11777.0,11.04
11651,11778.0,7.355
11652,11779.0,8.467
11653,11780.0,8.319
11654,11781.0,9.028
11655,11782.0,7.797
11656,11783.0,7.757
11657,11784.0,7.205
11658,11785.0,6.883
11659,11786.0,7.556
11660,11787.0,7.435
11661,11788.0,10.456
11662,11789.0,9.51
11663,11790.0,10.256
11664,11791.0,10.576
11665,11792.0,7.676
11666,11793.0,9.149
11667,11794.0,8.038
11668,11795.0,9.855
11669,11796.0,8.319
11670,11797.0,8.038
11671,11798.0,7.165
11672,11799.0,6.763
11673,11800.0,7.435
11674,11801.0,7.475
11675,11803.0,9.55
11676,11804.0,8.158
11677,11805.0,9.349
11678,11806.0,9.855
11679,11807.0,7.877
11680,11808.0,8.547
11681,11809.0,8.747
11682,11810.0,8.386
11683,11811.0,8.988
11684,11812.0,8.4
11685,11813.0,7.165
11686,11814.0,6.642
11687,11815.0,7.395
11688,11816.0,7.636
11689,11817.0,8.158
11690,11818.0,8.44
11691,11819.0,8.788
11692,11820.0,8.707
11693,11821.0,8.158
11694,11822.0,7.154
11695,11823.0,9.59
11696,11824.0,8.158
11697,11825.0,9.735
11698,11826.0,9.068
11699,11827.0,7.234
11700,11828.0,6.763
11701,11829.0,7.355
11702,11830.0,7.435
11703,11831.0,7.314
11704,11832.0,8.828
11705,11833.0,9.55
11706,11834.0,9.389
11707,11835.0,8.908
11708,11836.0,7.435
11709,11837.0,8.747
11710,11838.0,8.788
11711,11839.0,8.158
11712,11840.0,9.189
11713,11841.0,7.435
11714,11842.0,6.964
11715,11843.0,7.274
11716,11844.0,7.395
11717,11845.0,7.596
11718,11846.0,9.51
11719,11847.0,10.96
11720,11848.0,10.456
11721,11849.0,9.815
11722,11850.0,7.314
11723,11851.0,7.917
11724,11852.0,9.895
11725,11853.0,8.279
11726,11854.0,7.475
11727,11855.0,7.515
11728,11856.0,7.085
11729,11857.0,6.803
11730,11858.0,7.515
11731,11859.0,7.435
11732,11860.0,10.657
11733,11861.0,9.895
11734,11862.0,10.496
11735,11863.0,10.857
11736,11864.0,7.515
11737,11865.0,8.868
11738,11866.0,7.917
11739,11867.0,9.59
11740,11868.0,8.038
11741,11869.0,8.038
11742,11870.0,7.165
11743,11871.0,6.763
11744,11872.0,7.355
11745,11873.0,7.515
11746,11874.0,9.55
11747,11875.0,8.279
11748,11876.0,9.349
11749,11877.0,9.895
11750,11878.0,7.837
11751,11879.0,8.667
11752,11880.0,8.707
11753,11881.0,8.467
11754,11882.0,8.948
11755,11883.0,8.359
11756,11884.0,7.154
11757,11885.0,6.642
11758,11886.0,7.395
11759,11887.0,7.596
11760,11888.0,8.199
11761,11889.0,8.4
11762,11890.0,8.788
11763,11891.0,8.707
11764,11892.0,8.158
11765,11893.0,7.165
11766,11894.0,9.63
11767,11896.0,8.118
11768,11897.0,9.775
11769,11898.0,8.988
11770,11899.0,7.234
11771,11900.0,6.763
11772,11901.0,7.355
11773,11902.0,7.355
11774,11903.0,7.274
11775,11904.0,8.707
11776,11905.0,9.51
11777,11906.0,9.229
11778,11907.0,8.788
11779,11908.0,7.314
11780,11909.0,8.988
11781,11910.0,8.707
11782,11911.0,8.386
11783,11912.0,9.269
11784,11913.0,7.475
11785,11914.0,6.924
11786,11915.0,7.314
11787,11916.0,7.395
11788,11917.0,7.556
11789,11918.0,9.389
11790,11919.0,10.777
11791,11920.0,10.096
11792,11921.0,9.63
11793,11922.0,7.355
11794,11923.0,7.837
11795,11924.0,9.67
11796,11925.0,8.118
11797,11926.0,7.556
11798,11927.0,7.515
11799,11928.0,7.085
11800,11929.0,6.843
11801,11930.0,7.435
11802,11931.0,7.395
11803,11932.0,10.897
11804,11933.0,10.256
11805,11934.0,10.817
11806,11935.0,11.04
11807,11936.0,7.355
11808,11937.0,8.467
11809,11938.0,8.346
11810,11939.0,9.028
11811,11940.0,7.837
11812,11941.0,7.757
11813,11942.0,7.205
11814,11943.0,6.763
11815,11944.0,7.355
11816,11945.0,7.475
11817,11946.0,9.815
11818,11947.0,8.547
11819,11948.0,9.51
11820,11949.0,9.975
11821,11950.0,7.917
11822,11951.0,8.627
11823,11952.0,8.707
11824,11953.0,8.279
11825,11954.0,9.149
11826,11955.0,8.467
11827,11956.0,7.274
11828,11957.0,6.642
11829,11958.0,7.395
11830,11959.0,7.314
11831,11960.0,7.556
11832,11961.0,8.547
11833,11962.0,9.229
11834,11963.0,8.868
11835,11964.0,8.507
11836,11965.0,7.274
11837,11966.0,9.269
11838,11967.0,8.667
11839,11968.0,8.507
11840,11969.0,9.349
11841,11970.0,7.435
11842,11971.0,6.924
11843,11972.0,7.274
11844,11973.0,7.395
11845,11974.0,7.556
11846,11975.0,9.51
11847,11976.0,10.937
11848,11977.0,10.616
11849,11978.0,9.935
11850,11979.0,7.355
11851,11980.0,7.998
11852,11981.0,9.63
11853,11982.0,8.467
11854,11983.0,7.515
11855,11984.0,7.596
11856,11986.0,7.205
11857,11987.0,6.883
11858,11988.0,7.556
11859,11989.0,7.475
11860,11990.0,10.737
11861,11991.0,9.855
11862,11992.0,10.536
11863,11993.0,10.777
11864,11994.0,7.596
11865,11995.0,8.908
11866,11996.0,7.998
11867,11997.0,9.615
11868,11998.0,8.158
11869,11999.0,7.958
11870,12000.0,7.125
11871,12001.0,6.642
11872,12002.0,7.234
11873,12003.0,7.435
11874,12004.0,9.189
11875,12005.0,8.078
11876,12006.0,8.988
11877,12007.0,9.59
11878,12008.0,7.958
11879,12009.0,8.078
11880,12010.0,8.828
11881,12011.0,7.917
11882,12012.0,9.269
11883,12013.0,8.507
11884,12014.0,7.194
11885,12015.0,6.722
11886,12016.0,7.435
11887,12017.0,7.676
11888,12018.0,8.158
11889,12019.0,8.426
11890,12020.0,8.788
11891,12021.0,8.707
11892,12022.0,8.158
11893,12023.0,7.194
11894,12024.0,9.63
11895,12025.0,8.158
11896,12026.0,9.735
11897,12027.0,9.068
11898,12028.0,7.234
11899,12029.0,6.883
11900,12030.0,7.355
11901,12031.0,7.435
11902,12032.0,7.435
11903,12033.0,9.189
11904,12034.0,10.216
11905,12035.0,9.735
11906,12036.0,9.349
11907,12037.0,7.355
11908,12038.0,7.837
11909,12039.0,9.229
11910,12040.0,7.958
11911,12041.0,8.199
11912,12042.0,7.475
11913,12043.0,7.125
11914,12044.0,7.004
11915,12045.0,7.435
11916,12046.0,7.716
11917,12047.0,9.895
11918,12048.0,10.777
11919,12049.0,10.977
11920,12050.0,10.256
11921,12051.0,7.314
11922,12052.0,8.078
11923,12053.0,9.55
11924,12054.0,8.507
11925,12055.0,7.475
11926,12056.0,7.556
11927,12057.0,7.125
11928,12058.0,6.843
11929,12059.0,7.556
11930,12060.0,7.475
11931,12061.0,10.657
11932,12062.0,9.895
11933,12063.0,10.536
11934,12064.0,10.857
11935,12065.0,7.515
11936,12066.0,8.868
11937,12067.0,7.917
11938,12068.0,9.59
11939,12069.0,8.078
11940,12070.0,8.038
11941,12071.0,7.165
11942,12072.0,6.883
11943,12073.0,7.355
11944,12074.0,7.515
11945,12075.0,9.895
11946,12076.0,8.707
11947,12078.0,9.67
11948,12079.0,10.136
11949,12080.0,7.797
11950,12081.0,9.189
11951,12082.0,8.467
11952,12083.0,8.988
11953,12084.0,8.707
11954,12085.0,8.239
11955,12086.0,7.125
11956,12087.0,6.722
11957,12088.0,7.314
11958,12089.0,7.515
11959,12090.0,8.828
11960,12091.0,8.158
11961,12092.0,8.587
11962,12093.0,9.229
11963,12094.0,8.078
11964,12095.0,7.395
11965,12096.0,9.149
11966,12097.0,7.958
11967,12098.0,9.63
11968,12099.0,8.707
11969,12100.0,7.274
11970,12101.0,6.682
11971,12102.0,7.395
11972,12103.0,7.274
11973,12104.0,7.435
11974,12105.0,8.547
11975,12106.0,9.309
11976,12107.0,8.868
11977,12108.0,8.547
11978,12109.0,7.234
11979,12110.0,9.59
11980,12111.0,8.467
11981,12112.0,9.028
11982,12113.0,9.51
11983,12114.0,7.355
11984,12115.0,6.843
11985,12116.0,7.395
11986,12117.0,7.395
11987,12118.0,7.475
11988,12119.0,9.229
11989,12120.0,10.416
11990,12121.0,9.895
11991,12122.0,9.55
11992,12123.0,7.355
11993,12124.0,7.797
11994,12125.0,9.47
11995,12126.0,7.998
11996,12127.0,7.917
11997,12128.0,7.475
11998,12129.0,7.085
11999,12130.0,6.924
12000,12131.0,7.475
12001,12132.0,7.314
12002,12133.0,10.336
12003,12134.0,10.616
12004,12135.0,11.08
12005,12136.0,10.697
12006,12137.0,7.355
12007,12138.0,8.239
12008,12139.0,9.189
12009,12140.0,8.707
12010,12141.0,7.636
12011,12142.0,7.596
12012,12143.0,7.205
12013,12144.0,6.843
12014,12145.0,7.636
12015,12146.0,7.395
12016,12147.0,10.576
12017,12148.0,9.735
12018,12149.0,10.456
12019,12150.0,10.737
12020,12151.0,7.556
12021,12152.0,8.948
12022,12153.0,7.958
12023,12154.0,9.735
12024,12155.0,8.158
12025,12156.0,7.998
12026,12157.0,7.125
12027,12158.0,6.883
12028,12159.0,7.234
12029,12160.0,7.435
12030,12161.0,10.136
12031,12162.0,9.149
12032,12163.0,9.975
12033,12164.0,10.376
12034,12165.0,7.716
12035,12166.0,9.55
12036,12167.0,8.239
12037,12168.0,9.47
12038,12170.0,8.547
12039,12171.0,8.158
12040,12172.0,7.125
12041,12173.0,6.601
12042,12174.0,7.355
12043,12175.0,7.636
12044,12176.0,8.319
12045,12177.0,8.44
12046,12178.0,8.707
12047,12179.0,8.828
12048,12180.0,8.118
12049,12181.0,7.234
12050,12182.0,9.51
12051,12183.0,8.158
12052,12184.0,9.815
12053,12185.0,9.028
12054,12186.0,7.234
12055,12187.0,6.843
12056,12188.0,7.314
12057,12189.0,7.395
12058,12190.0,7.475
12059,12191.0,9.309
12060,12192.0,10.496
12061,12193.0,9.935
12062,12194.0,9.615
12063,12195.0,7.355
12064,12196.0,7.837
12065,12197.0,9.47
12066,12198.0,8.038
12067,12199.0,7.797
12068,12200.0,7.475
12069,12201.0,7.044
12070,12202.0,6.924
12071,12203.0,7.395
12072,12204.0,7.435
12073,12205.0,10.016
12074,12206.0,10.737
12075,12207.0,11.08
12076,12208.0,10.416
12077,12209.0,7.314
12078,12210.0,8.158
12079,12211.0,9.389
12080,12212.0,8.587
12081,12213.0,7.515
12082,12214.0,7.596
12083,12215.0,7.165
12084,12216.0,6.964
12085,12217.0,7.435
12086,12218.0,7.395
12087,12219.0,10.737
12088,12220.0,10.456
12089,12221.0,10.937
12090,12222.0,11.16
12091,12223.0,7.314
12092,12224.0,8.507
12093,12225.0,8.667
12094,12226.0,8.828
12095,12227.0,7.716
12096,12228.0,7.676
12097,12229.0,7.165
12098,12230.0,6.883
12099,12231.0,7.556
12100,12232.0,7.395
12101,12233.0,10.616
12102,12234.0,9.815
12103,12235.0,10.496
12104,12236.0,10.817
12105,12237.0,7.515
12106,12238.0,8.868
12107,12239.0,7.958
12108,12240.0,9.63
12109,12241.0,8.118
12110,12242.0,7.998
12111,12243.0,7.165
12112,12244.0,6.722
12113,12245.0,7.355
12114,12246.0,7.475
12115,12247.0,9.71
12116,12248.0,8.44
12117,12249.0,9.55
12118,12250.0,10.016
12119,12251.0,7.877
12120,12252.0,8.868
12121,12253.0,8.667
12122,12254.0,8.788
12123,12255.0,8.868
12124,12256.0,8.319
12125,12257.0,7.194
12126,12258.0,6.682
12127,12259.0,7.435
12128,12260.0,7.596
12129,12261.0,8.4
12130,12263.0,8.359
12131,12264.0,8.707
12132,12265.0,8.788
12133,12266.0,8.118
12134,12267.0,7.154
12135,12268.0,9.51
12136,12269.0,8.118
12137,12270.0,9.815
12138,12271.0,9.028
12139,12272.0,7.234
12140,12273.0,6.763
12141,12274.0,7.355
12142,12275.0,7.395
12143,12276.0,7.274
12144,12277.0,8.747
12145,12278.0,9.47
12146,12279.0,9.269
12147,12280.0,8.828
12148,12281.0,7.355
12149,12282.0,8.948
12150,12283.0,8.747
12151,12284.0,8.359
12152,12285.0,9.309
12153,12286.0,7.435
12154,12287.0,6.964
12155,12288.0,7.355
12156,12289.0,7.435
12157,12290.0,7.475
12158,12291.0,9.349
12159,12292.0,10.616
12160,12293.0,10.056
12161,12294.0,9.655
12162,12295.0,7.355
12163,12296.0,7.797
12164,12297.0,9.59
12165,12298.0,8.078
12166,12299.0,7.676
12167,12300.0,7.475
12168,12301.0,7.125
12169,12302.0,6.924
12170,12303.0,7.435
12171,12304.0,7.314
12172,12305.0,10.376
12173,12306.0,10.576
12174,12307.0,11.0
12175,12308.0,10.817
12176,12309.0,7.314
12177,12310.0,8.319
12178,12311.0,9.028
12179,12312.0,8.747
12180,12313.0,7.636
12181,12314.0,7.636
12182,12315.0,7.194
12183,12316.0,6.843
12184,12317.0,7.355
12185,12318.0,7.435
12186,12319.0,10.376
12187,12320.0,9.47
12188,12321.0,10.216
12189,12322.0,10.616
12190,12323.0,7.636
12191,12324.0,9.229
12192,12325.0,8.038
12193,12326.0,9.895
12194,12327.0,8.319
12195,12328.0,8.078
12196,12329.0,7.125
12197,12330.0,6.763
12198,12331.0,7.234
12199,12332.0,7.515
12200,12333.0,9.349
12201,12334.0,8.078
12202,12335.0,9.109
12203,12336.0,9.735
12204,12337.0,7.917
12205,12338.0,8.319
12206,12339.0,8.747
12207,12340.0,8.118
12208,12341.0,9.149
12209,12342.0,8.48
12210,12343.0,7.205
12211,12344.0,6.642
12212,12345.0,7.355
12213,12346.0,7.676
12214,12347.0,7.877
12215,12348.0,8.547
12216,12349.0,8.948
12217,12350.0,8.667
12218,12351.0,8.279
12219,12352.0,7.125
12220,12353.0,9.855
12221,12354.0,8.279
12222,12356.0,9.51
12223,12357.0,9.229
12224,12358.0,7.314
12225,12359.0,6.803
12226,12360.0,7.395
12227,12361.0,7.435
12228,12362.0,7.355
12229,12363.0,8.948
12230,12364.0,9.815
12231,12365.0,9.55
12232,12366.0,9.109
12233,12367.0,7.435
12234,12368.0,8.44
12235,12369.0,8.948
12236,12370.0,7.958
12237,12371.0,8.788
12238,12372.0,7.475
12239,12373.0,7.004
12240,12374.0,7.004
12241,12375.0,7.395
12242,12376.0,7.676
12243,12377.0,9.71
12244,12378.0,10.937
12245,12379.0,10.657
12246,12380.0,10.056
12247,12381.0,7.355
12248,12382.0,7.958
12249,12383.0,9.775
12250,12384.0,8.359
12251,12385.0,7.475
12252,12386.0,7.515
12253,12387.0,7.125
12254,12388.0,6.843
12255,12389.0,7.435
12256,12390.0,7.395
12257,12391.0,10.857
12258,12392.0,10.176
12259,12393.0,10.737
12260,12394.0,10.96
12261,12395.0,7.395
12262,12396.0,8.507
12263,12397.0,8.158
12264,12398.0,9.109
12265,12399.0,7.877
12266,12400.0,7.797
12267,12401.0,7.205
12268,12402.0,6.763
12269,12403.0,7.314
12270,12404.0,7.435
12271,12405.0,10.016
12272,12406.0,8.868
12273,12407.0,9.815
12274,12408.0,10.216
12275,12409.0,7.797
12276,12410.0,9.349
12277,12411.0,8.4
12278,12412.0,9.229
12279,12413.0,8.747
12280,12414.0,8.199
12281,12415.0,7.165
12282,12416.0,6.481
12283,12417.0,7.355
12284,12418.0,7.435
12285,12419.0,7.314
12286,12420.0,8.908
12287,12421.0,9.71
12288,12422.0,9.51
12289,12423.0,9.028
12290,12424.0,7.435
12291,12425.0,8.44
12292,12426.0,8.908
12293,12427.0,7.877
12294,12428.0,8.788
12295,12429.0,7.435
12296,12430.0,7.004
12297,12431.0,6.803
12298,12432.0,7.435
12299,12433.0,7.395
12300,12434.0,10.897
12301,12435.0,10.216
12302,12436.0,10.817
12303,12437.0,11.0
12304,12438.0,7.355
12305,12439.0,8.426
12306,12440.0,8.319
12307,12441.0,9.068
12308,12442.0,7.837
12309,12443.0,7.797
12310,12444.0,7.205
12311,12445.0,6.843
12312,12446.0,7.274
12313,12447.0,7.435
12314,12448.0,10.336
12315,12450.0,9.309
12316,12451.0,10.136
12317,12452.0,10.496
12318,12453.0,7.716
12319,12454.0,9.349
12320,12455.0,8.199
12321,12456.0,9.695
12322,12457.0,8.386
12323,12458.0,8.078
12324,12459.0,7.125
12325,12460.0,6.682
12326,12461.0,7.274
12327,12462.0,7.435
12328,12463.0,9.109
12329,12464.0,8.038
12330,12465.0,8.868
12331,12466.0,9.47
12332,12467.0,7.958
12333,12468.0,7.877
12334,12469.0,8.908
12335,12470.0,7.877
12336,12471.0,9.349
12337,12472.0,8.507
12338,12473.0,7.205
12339,12474.0,6.642
12340,12475.0,7.314
12341,12476.0,7.355
12342,12477.0,7.596
12343,12478.0,8.667
12344,12479.0,9.068
12345,12480.0,8.747
12346,12481.0,8.359
12347,12482.0,7.234
12348,12483.0,9.775
12349,12484.0,8.4
12350,12485.0,9.269
12351,12486.0,9.389
12352,12487.0,7.314
12353,12488.0,6.924
12354,12489.0,7.355
12355,12490.0,7.475
12356,12491.0,7.515
12357,12492.0,9.389
12358,12493.0,10.536
12359,12494.0,9.975
12360,12495.0,9.695
12361,12496.0,7.355
12362,12497.0,7.797
12363,12498.0,9.51
12364,12499.0,8.078
12365,12500.0,7.636
12366,12501.0,7.475
12367,12502.0,7.044
12368,12503.0,6.722
12369,12504.0,7.355
12370,12505.0,7.435
12371,12506.0,10.376
12372,12507.0,9.47
12373,12508.0,10.216
12374,12509.0,10.616
12375,12510.0,7.636
12376,12511.0,9.229
12377,12512.0,8.038
12378,12513.0,9.855
12379,12514.0,8.279
12380,12515.0,8.078
12381,12516.0,7.125
12382,12517.0,6.763
12383,12518.0,7.246
12384,12519.0,7.556
12385,12520.0,9.389
12386,12521.0,8.038
12387,12522.0,9.189
12388,12523.0,9.775
12389,12524.0,7.917
12390,12525.0,8.4
12391,12526.0,8.707
12392,12527.0,8.239
12393,12528.0,9.109
12394,12529.0,8.467
12395,12530.0,7.165
12396,12531.0,6.682
12397,12532.0,7.355
12398,12533.0,7.716
12399,12534.0,8.038
12400,12535.0,8.507
12401,12536.0,8.868
12402,12537.0,8.627
12403,12538.0,8.239
12404,12539.0,7.165
12405,12540.0,9.775
12406,12541.0,8.199
12407,12543.0,9.59
12408,12544.0,9.149
12409,12545.0,7.274
12410,12546.0,6.763
12411,12547.0,6.924
12412,12548.0,7.395
12413,12549.0,7.636
12414,12550.0,9.695
12415,12551.0,10.937
12416,12552.0,10.657
12417,12553.0,9.975
12418,12554.0,7.355
12419,12555.0,8.038
12420,12556.0,9.815
12421,12557.0,8.346
12422,12558.0,7.475
12423,12559.0,7.556
12424,12560.0,7.125
12425,12561.0,6.883
12426,12562.0,7.435
12427,12563.0,7.435
12428,12564.0,10.817
12429,12565.0,10.176
12430,12566.0,10.737
12431,12567.0,11.04
12432,12568.0,7.395
12433,12569.0,8.587
12434,12570.0,8.078
12435,12571.0,9.189
12436,12572.0,7.877
12437,12573.0,7.837
12438,12574.0,7.205
12439,12575.0,6.803
12440,12576.0,7.274
12441,12577.0,7.435
12442,12578.0,10.136
12443,12579.0,9.149
12444,12580.0,10.016
12445,12581.0,10.416
12446,12582.0,7.757
12447,12583.0,9.55
12448,12584.0,8.279
12449,12585.0,9.47
12450,12586.0,8.547
12451,12587.0,8.118
12452,12588.0,7.125
12453,12589.0,6.682
12454,12590.0,7.274
12455,12591.0,7.395
12456,12592.0,9.189
12457,12593.0,8.038
12458,12594.0,8.948
12459,12595.0,9.55
12460,12596.0,7.998
12461,12597.0,7.998
12462,12598.0,8.908
12463,12599.0,7.877
12464,12600.0,9.349
12465,12601.0,8.507
12466,12602.0,7.246
12467,12603.0,6.642
12468,12604.0,7.395
12469,12605.0,7.676
12470,12606.0,8.038
12471,12607.0,8.507
12472,12608.0,8.948
12473,12609.0,8.667
12474,12610.0,8.319
12475,12611.0,7.165
12476,12612.0,9.775
12477,12613.0,8.239
12478,12614.0,9.55
12479,12615.0,9.189
12480,12616.0,7.274
12481,12617.0,6.763
12482,12618.0,7.355
12483,12619.0,7.395
12484,12620.0,7.314
12485,12621.0,8.828
12486,12622.0,9.51
12487,12623.0,9.349
12488,12624.0,8.868
12489,12625.0,7.355
12490,12626.0,8.747
12491,12627.0,8.747
12492,12628.0,8.158
12493,12629.0,9.109
12494,12630.0,7.435
12495,12631.0,6.964
12496,12632.0,7.274
12497,12633.0,7.435
12498,12634.0,7.515
12499,12636.0,9.43
12500,12637.0,10.817
12501,12638.0,10.216
12502,12639.0,9.59
12503,12640.0,7.395
12504,12641.0,7.837
12505,12642.0,9.735
12506,12643.0,8.158
12507,12644.0,7.556
12508,12645.0,7.515
12509,12646.0,7.125
12510,12647.0,6.924
12511,12648.0,7.515
12512,12649.0,7.314
12513,12650.0,10.416
12514,12651.0,10.536
12515,12652.0,11.0
12516,12653.0,10.817
12517,12654.0,7.314
12518,12655.0,8.279
12519,12656.0,8.988
12520,12657.0,8.707
12521,12658.0,7.596
12522,12659.0,7.636
12523,12660.0,7.205
12524,12661.0,6.843
12525,12662.0,7.556
12526,12663.0,7.435
12527,12664.0,10.416
12528,12665.0,9.55
12529,12666.0,10.296
12530,12667.0,10.657
12531,12668.0,7.636
12532,12669.0,9.149
12533,12670.0,8.038
12534,12671.0,9.935
12535,12672.0,8.279
12536,12673.0,8.078
12537,12674.0,7.165
12538,12675.0,6.561
12539,12676.0,7.314
12540,12677.0,7.596
12541,12678.0,8.467
12542,12679.0,8.319
12543,12680.0,8.667
12544,12681.0,8.988
12545,12682.0,8.078
12546,12683.0,7.234
12547,12684.0,9.389
12548,12685.0,8.078
12549,12686.0,9.895
12550,12687.0,8.908
12551,12688.0,7.194
12552,12689.0,6.722
12553,12690.0,7.314
12554,12691.0,7.395
12555,12692.0,7.314
12556,12693.0,8.788
12557,12694.0,9.59
12558,12695.0,9.389
12559,12696.0,8.908
12560,12697.0,7.395
12561,12698.0,8.747
12562,12699.0,8.788
12563,12700.0,8.158
12564,12701.0,9.109
12565,12702.0,7.475
12566,12703.0,6.964
12567,12704.0,7.395
12568,12705.0,7.395
12569,12706.0,7.515
12570,12707.0,9.269
12571,12708.0,10.536
12572,12709.0,9.895
12573,12710.0,9.63
12574,12711.0,7.314
12575,12712.0,7.837
12576,12713.0,9.47
12577,12714.0,8.078
12578,12715.0,7.757
12579,12716.0,7.515
12580,12717.0,7.044
12581,12718.0,6.883
12582,12719.0,7.435
12583,12720.0,7.475
12584,12721.0,10.897
12585,12722.0,10.256
12586,12723.0,10.737
12587,12724.0,11.08
12588,12725.0,7.395
12589,12726.0,8.507
12590,12727.0,8.239
12591,12728.0,9.068
12592,12729.0,7.837
12593,12731.0,7.837
12594,12732.0,7.165
12595,12733.0,6.642
12596,12734.0,7.395
12597,12735.0,7.435
12598,12736.0,9.55
12599,12737.0,8.239
12600,12738.0,9.389
12601,12739.0,9.895
12602,12740.0,7.877
12603,12741.0,8.627
12604,12742.0,8.707
12605,12743.0,8.507
12606,12744.0,8.948
12607,12745.0,8.359
12608,12746.0,7.165
12609,12747.0,6.682
12610,12748.0,7.395
12611,12749.0,7.596
12612,12750.0,8.359
12613,12751.0,8.359
12614,12752.0,8.707
12615,12753.0,8.788
12616,12754.0,8.158
12617,12755.0,7.154
12618,12756.0,9.55
12619,12757.0,8.078
12620,12758.0,9.855
12621,12759.0,8.988
12622,12760.0,7.314
12623,12761.0,6.763
12624,12762.0,7.435
12625,12763.0,7.355
12626,12764.0,7.314
12627,12765.0,8.747
12628,12766.0,9.47
12629,12767.0,9.269
12630,12768.0,8.828
12631,12769.0,7.355
12632,12770.0,8.868
12633,12771.0,8.707
12634,12772.0,8.279
12635,12773.0,9.269
12636,12774.0,7.435
12637,12775.0,6.924
12638,12776.0,7.274
12639,12777.0,7.395
12640,12778.0,7.515
12641,12779.0,9.43
12642,12780.0,10.857
12643,12781.0,10.216
12644,12782.0,9.59
12645,12783.0,7.355
12646,12784.0,7.837
12647,12785.0,9.695
12648,12786.0,8.158
12649,12787.0,7.515
12650,12788.0,7.475
12651,12789.0,7.125
12652,12790.0,6.924
12653,12791.0,7.515
12654,12792.0,7.355
12655,12793.0,10.777
12656,12794.0,10.376
12657,12795.0,10.92
12658,12796.0,11.08
12659,12797.0,7.355
12660,12798.0,8.44
12661,12799.0,8.707
12662,12800.0,8.828
12663,12801.0,7.757
12664,12802.0,7.716
12665,12803.0,7.165
12666,12804.0,6.803
12667,12805.0,7.194
12668,12806.0,7.435
12669,12807.0,10.256
12670,12808.0,9.309
12671,12809.0,10.056
12672,12810.0,10.496
12673,12811.0,7.676
12674,12812.0,9.389
12675,12813.0,8.118
12676,12814.0,9.67
12677,12815.0,8.44
12678,12816.0,8.118
12679,12817.0,7.125
12680,12818.0,6.843
12681,12819.0,7.395
12682,12820.0,7.515
12683,12821.0,9.51
12684,12823.0,8.199
12685,12824.0,9.309
12686,12825.0,9.855
12687,12826.0,7.877
12688,12827.0,8.587
12689,12828.0,8.707
12690,12829.0,8.467
12691,12830.0,8.948
12692,12831.0,8.426
12693,12832.0,7.165
12694,12833.0,6.803
12695,12834.0,7.355
12696,12835.0,7.596
12697,12836.0,8.587
12698,12837.0,8.319
12699,12838.0,8.627
12700,12839.0,9.109
12701,12840.0,8.078
12702,12841.0,7.165
12703,12842.0,9.269
12704,12843.0,7.958
12705,12844.0,9.775
12706,12845.0,8.788
12707,12846.0,7.194
12708,12847.0,6.722
12709,12848.0,7.355
12710,12849.0,7.314
12711,12850.0,7.274
12712,12851.0,8.587
12713,12852.0,9.389
12714,12853.0,8.988
12715,12854.0,8.587
12716,12855.0,7.234
12717,12856.0,9.389
12718,12857.0,8.547
12719,12858.0,8.828
12720,12859.0,9.55
12721,12860.0,7.395
12722,12861.0,6.843
12723,12862.0,7.085
12724,12863.0,7.395
12725,12864.0,7.636
12726,12865.0,9.59
12727,12866.0,10.937
12728,12867.0,10.616
12729,12868.0,9.895
12730,12869.0,7.314
12731,12870.0,7.958
12732,12871.0,9.855
12733,12872.0,8.359
12734,12873.0,7.475
12735,12874.0,7.596
12736,12875.0,7.125
12737,12876.0,6.964
12738,12877.0,7.435
12739,12878.0,7.475
12740,12879.0,10.897
12741,12880.0,10.216
12742,12881.0,10.777
12743,12882.0,11.0
12744,12883.0,7.395
12745,12884.0,8.507
12746,12885.0,8.158
12747,12886.0,9.109
12748,12887.0,7.837
12749,12888.0,7.797
12750,12889.0,7.165
12751,12890.0,6.803
12752,12891.0,7.274
12753,12892.0,7.435
12754,12893.0,10.096
12755,12894.0,9.028
12756,12895.0,9.935
12757,12896.0,10.336
12758,12897.0,7.716
12759,12898.0,9.51
12760,12899.0,8.319
12761,12900.0,9.43
12762,12901.0,8.587
12763,12902.0,8.158
12764,12903.0,7.125
12765,12904.0,6.682
12766,12905.0,7.314
12767,12906.0,7.475
12768,12907.0,9.068
12769,12908.0,8.078
12770,12909.0,8.868
12771,12910.0,9.47
12772,12911.0,8.078
12773,12912.0,7.797
12774,12913.0,9.028
12775,12914.0,7.917
12776,12916.0,9.51
12777,12917.0,8.587
12778,12918.0,7.234
12779,12919.0,6.682
12780,12920.0,7.314
12781,12921.0,7.274
12782,12922.0,7.395
12783,12923.0,8.507
12784,12924.0,9.189
12785,12925.0,8.828
12786,12926.0,8.467
12787,12927.0,7.234
12788,12928.0,9.55
12789,12929.0,8.467
12790,12930.0,9.028
12791,12931.0,9.51
12792,12932.0,7.355
12793,12933.0,6.843
12794,12934.0,7.314
12795,12935.0,7.395
12796,12936.0,7.515
12797,12937.0,9.349
12798,12938.0,10.616
12799,12939.0,10.056
12800,12940.0,9.695
12801,12941.0,7.355
12802,12942.0,7.797
12803,12943.0,9.63
12804,12944.0,8.078
12805,12945.0,7.636
12806,12946.0,7.515
12807,12947.0,7.125
12808,12948.0,6.843
12809,12949.0,7.596
12810,12950.0,7.475
12811,12951.0,10.737
12812,12952.0,9.895
12813,12953.0,10.616
12814,12954.0,10.857
12815,12955.0,7.596
12816,12956.0,8.788
12817,12957.0,7.917
12818,12958.0,9.47
12819,12959.0,8.038
12820,12960.0,7.998
12821,12961.0,7.165
12822,12962.0,6.843
12823,12963.0,7.274
12824,12964.0,7.435
12825,12965.0,10.016
12826,12966.0,8.948
12827,12967.0,9.855
12828,12968.0,10.336
12829,12969.0,7.757
12830,12970.0,9.47
12831,12971.0,8.359
12832,12972.0,9.309
12833,12973.0,8.627
12834,12974.0,8.199
12835,12975.0,7.125
12836,12976.0,6.763
12837,12977.0,7.274
12838,12978.0,7.475
12839,12979.0,8.988
12840,12980.0,8.078
12841,12981.0,8.747
12842,12982.0,9.43
12843,12983.0,7.998
12844,12984.0,7.757
12845,12985.0,8.988
12846,12986.0,7.958
12847,12987.0,9.43
12848,12988.0,8.627
12849,12989.0,7.234
12850,12990.0,6.763
12851,12991.0,7.355
12852,12992.0,7.435
12853,12993.0,7.314
12854,12994.0,8.788
12855,12995.0,9.47
12856,12996.0,9.309
12857,12997.0,8.868
12858,12998.0,7.355
12859,12999.0,8.868
12860,13000.0,8.747
12861,13001.0,8.319
12862,13002.0,9.189
12863,13003.0,7.435
12864,13004.0,6.924
12865,13005.0,7.395
12866,13006.0,7.475
12867,13007.0,7.515
12868,13008.0,9.389
12869,13010.0,10.657
12870,13011.0,10.056
12871,13012.0,9.695
12872,13013.0,7.314
12873,13014.0,7.837
12874,13015.0,9.55
12875,13016.0,8.078
12876,13017.0,7.596
12877,13018.0,7.515
12878,13019.0,7.085
12879,13020.0,6.883
12880,13021.0,7.475
12881,13022.0,7.435
12882,13023.0,10.857
12883,13024.0,10.176
12884,13025.0,10.737
12885,13026.0,11.0
12886,13027.0,7.395
12887,13028.0,8.587
12888,13029.0,8.078
12889,13030.0,9.229
12890,13031.0,7.877
12891,13032.0,7.917
12892,13033.0,7.165
12893,13034.0,6.883
12894,13035.0,7.246
12895,13036.0,7.435
12896,13037.0,10.216
12897,13038.0,9.229
12898,13039.0,10.056
12899,13040.0,10.456
12900,13041.0,7.676
12901,13042.0,9.43
12902,13043.0,8.158
12903,13044.0,9.63
12904,13045.0,8.426
12905,13046.0,8.118
12906,13047.0,7.125
12907,13048.0,6.883
12908,13049.0,7.314
12909,13050.0,7.435
12910,13051.0,9.935
12911,13052.0,8.828
12912,13053.0,9.775
12913,13054.0,10.216
12914,13055.0,7.797
12915,13056.0,9.309
12916,13057.0,8.4
12917,13058.0,9.149
12918,13059.0,8.747
12919,13060.0,8.239
12920,13061.0,7.165
12921,13062.0,7.004
12922,13063.0,7.274
12923,13064.0,7.435
12924,13065.0,10.216
12925,13066.0,9.189
12926,13067.0,10.056
12927,13068.0,10.456
12928,13069.0,7.757
12929,13070.0,9.47
12930,13071.0,8.239
12931,13072.0,9.59
12932,13073.0,8.507
12933,13074.0,8.118
12934,13075.0,7.125
12935,13076.0,6.843
12936,13077.0,7.355
12937,13078.0,7.475
12938,13079.0,9.55
12939,13080.0,8.279
12940,13081.0,9.349
12941,13082.0,9.895
12942,13083.0,7.837
12943,13084.0,8.667
12944,13085.0,8.707
12945,13086.0,8.507
12946,13087.0,8.948
12947,13088.0,8.4
12948,13089.0,7.154
12949,13090.0,6.803
12950,13091.0,7.314
12951,13092.0,7.556
12952,13093.0,8.587
12953,13094.0,8.279
12954,13095.0,8.627
12955,13096.0,9.068
12956,13097.0,8.078
12957,13098.0,7.194
12958,13099.0,9.309
12959,13100.0,8.038
12960,13102.0,9.815
12961,13103.0,8.868
12962,13104.0,7.194
12963,13105.0,6.803
12964,13106.0,7.355
12965,13107.0,7.395
12966,13108.0,7.274
12967,13109.0,8.707
12968,13110.0,9.55
12969,13111.0,9.189
12970,13112.0,8.707
12971,13113.0,7.314
12972,13114.0,9.149
12973,13115.0,8.707
12974,13116.0,8.587
12975,13117.0,9.43
12976,13118.0,7.395
12977,13119.0,6.924
12978,13120.0,7.314
12979,13121.0,7.395
12980,13122.0,7.556
12981,13123.0,9.47
12982,13124.0,10.857
12983,13125.0,10.256
12984,13126.0,9.655
12985,13127.0,7.314
12986,13128.0,7.837
12987,13129.0,9.735
12988,13130.0,8.199
12989,13131.0,7.475
12990,13132.0,7.515
12991,13133.0,7.085
12992,13134.0,6.924
12993,13135.0,7.435
12994,13136.0,7.355
12995,13137.0,10.496
12996,13138.0,10.536
12997,13139.0,10.96
12998,13140.0,10.96
12999,13141.0,7.314
13000,13142.0,8.359
13001,13143.0,8.908
13002,13144.0,8.747
13003,13145.0,7.636
13004,13146.0,7.716
13005,13147.0,7.165
13006,13148.0,6.924
13007,13149.0,7.676
13008,13150.0,7.556
13009,13151.0,10.536
13010,13152.0,9.695
13011,13153.0,10.376
13012,13154.0,10.737
13013,13155.0,7.596
13014,13156.0,9.068
13015,13157.0,7.998
13016,13158.0,9.775
13017,13159.0,8.199
13018,13160.0,7.998
13019,13161.0,7.165
13020,13162.0,6.763
13021,13163.0,7.314
13022,13164.0,7.435
13023,13165.0,9.775
13024,13166.0,8.547
13025,13167.0,9.59
13026,13168.0,10.056
13027,13169.0,7.837
13028,13170.0,8.988
13029,13171.0,8.547
13030,13172.0,8.828
13031,13173.0,8.788
13032,13174.0,8.279
13033,13175.0,7.165
13034,13176.0,6.521
13035,13177.0,7.355
13036,13178.0,7.676
13037,13179.0,7.998
13038,13180.0,8.507
13039,13181.0,8.948
13040,13182.0,8.627
13041,13183.0,8.279
13042,13184.0,7.113
13043,13185.0,9.815
13044,13186.0,8.239
13045,13187.0,9.615
13046,13188.0,9.149
13047,13189.0,7.355
13048,13190.0,6.803
13049,13192.0,7.314
13050,13193.0,7.395
13051,13194.0,7.435
13052,13195.0,9.189
13053,13196.0,10.336
13054,13197.0,9.775
13055,13198.0,9.47
13056,13199.0,7.355
13057,13200.0,7.757
13058,13201.0,9.349
13059,13202.0,7.958
13060,13203.0,8.038
13061,13204.0,7.475
13062,13205.0,7.165
13063,13206.0,6.199
13064,13207.0,7.355
13065,13208.0,7.556
13066,13209.0,8.547
13067,13210.0,8.319
13068,13211.0,8.707
13069,13212.0,8.988
13070,13213.0,8.158
13071,13214.0,7.194
13072,13215.0,9.389
13073,13216.0,7.998
13074,13217.0,9.895
13075,13218.0,8.828
13076,13219.0,7.274
13077,13220.0,6.722
13078,13221.0,7.355
13079,13222.0,7.435
13080,13223.0,7.395
13081,13224.0,8.948
13082,13225.0,9.895
13083,13226.0,9.63
13084,13227.0,9.189
13085,13228.0,7.435
13086,13229.0,8.319
13087,13230.0,8.988
13088,13231.0,7.877
13089,13232.0,8.667
13090,13233.0,7.435
13091,13234.0,7.044
13092,13235.0,6.883
13093,13236.0,7.475
13094,13237.0,7.314
13095,13238.0,10.456
13096,13239.0,10.576
13097,13240.0,11.0
13098,13241.0,10.857
13099,13242.0,7.314
13100,13243.0,8.279
13101,13244.0,8.988
13102,13245.0,8.667
13103,13246.0,7.636
13104,13247.0,7.636
13105,13248.0,7.205
13106,13249.0,6.843
13107,13250.0,7.636
13108,13251.0,7.395
13109,13252.0,10.536
13110,13253.0,9.67
13111,13254.0,10.416
13112,13255.0,10.737
13113,13256.0,7.636
13114,13257.0,9.028
13115,13258.0,7.998
13116,13259.0,9.775
13117,13260.0,8.239
13118,13261.0,7.998
13119,13262.0,7.205
13120,13263.0,6.722
13121,13264.0,7.435
13122,13265.0,7.475
13123,13266.0,9.63
13124,13267.0,8.279
13125,13268.0,9.389
13126,13269.0,9.935
13127,13270.0,7.877
13128,13271.0,8.707
13129,13272.0,8.667
13130,13273.0,8.507
13131,13274.0,8.908
13132,13275.0,8.4
13133,13276.0,7.165
13134,13277.0,6.561
13135,13278.0,7.314
13136,13279.0,7.676
13137,13280.0,7.877
13138,13281.0,8.547
13139,13282.0,8.948
13140,13283.0,8.667
13141,13284.0,8.279
13142,13286.0,7.154
13143,13287.0,9.815
13144,13288.0,8.239
13145,13289.0,9.47
13146,13290.0,9.229
13147,13291.0,7.274
13148,13292.0,6.843
13149,13293.0,7.355
13150,13294.0,7.435
13151,13295.0,7.435
13152,13296.0,9.189
13153,13297.0,10.216
13154,13298.0,9.735
13155,13299.0,9.43
13156,13300.0,7.395
13157,13301.0,7.837
13158,13302.0,9.309
13159,13303.0,7.958
13160,13304.0,8.239
13161,13305.0,7.475
13162,13306.0,7.085
13163,13307.0,6.883
13164,13308.0,7.435
13165,13309.0,7.314
13166,13310.0,10.376
13167,13311.0,10.536
13168,13312.0,11.0
13169,13313.0,10.777
13170,13314.0,7.314
13171,13315.0,8.279
13172,13316.0,9.028
13173,13317.0,8.707
13174,13318.0,7.596
13175,13319.0,7.636
13176,13320.0,7.165
13177,13321.0,6.803
13178,13322.0,7.274
13179,13323.0,7.435
13180,13324.0,10.336
13181,13325.0,9.43
13182,13326.0,10.216
13183,13327.0,10.576
13184,13328.0,7.636
13185,13329.0,9.309
13186,13330.0,8.078
13187,13331.0,9.855
13188,13332.0,8.359
13189,13333.0,8.118
13190,13334.0,7.125
13191,13335.0,6.803
13192,13336.0,7.234
13193,13337.0,7.556
13194,13338.0,9.309
13195,13339.0,8.078
13196,13340.0,9.068
13197,13341.0,9.655
13198,13342.0,7.917
13199,13343.0,8.199
13200,13344.0,8.788
13201,13345.0,7.998
13202,13346.0,9.189
13203,13347.0,8.426
13204,13348.0,7.194
13205,13349.0,6.682
13206,13350.0,7.355
13207,13351.0,7.274
13208,13352.0,7.355
13209,13353.0,8.547
13210,13354.0,9.309
13211,13355.0,8.908
13212,13356.0,8.547
13213,13357.0,7.234
13214,13358.0,9.47
13215,13359.0,8.547
13216,13360.0,8.948
13217,13361.0,9.51
13218,13362.0,7.395
13219,13363.0,6.843
13220,13364.0,7.395
13221,13365.0,7.395
13222,13366.0,7.475
13223,13367.0,9.149
13224,13368.0,10.336
13225,13369.0,9.775
13226,13370.0,9.51
13227,13371.0,7.314
13228,13372.0,7.837
13229,13373.0,9.349
13230,13374.0,8.038
13231,13375.0,7.998
13232,13376.0,7.515
13233,13377.0,7.085
13234,13379.0,6.924
13235,13380.0,7.435
13236,13381.0,7.355
13237,13382.0,11.28
13238,13383.0,10.416
13239,13384.0,10.897
13240,13385.0,11.12
13241,13386.0,7.355
13242,13387.0,8.467
13243,13388.0,8.587
13244,13389.0,8.908
13245,13390.0,7.757
13246,13391.0,7.757
13247,13392.0,7.205
13248,13393.0,6.803
13249,13394.0,7.234
13250,13395.0,7.395
13251,13396.0,10.296
13252,13397.0,9.269
13253,13398.0,10.096
13254,13399.0,10.456
13255,13400.0,7.676
13256,13401.0,9.349
13257,13402.0,8.158
13258,13403.0,9.63
13259,13404.0,8.426
13260,13405.0,8.078
13261,13406.0,7.125
13262,13407.0,6.763
13263,13408.0,7.274
13264,13409.0,7.475
13265,13410.0,9.389
13266,13411.0,7.998
13267,13412.0,9.229
13268,13413.0,9.695
13269,13414.0,8.038
13270,13415.0,8.319
13271,13416.0,8.788
13272,13417.0,8.158
13273,13418.0,9.149
13274,13419.0,8.467
13275,13420.0,7.194
13276,13421.0,6.601
13277,13422.0,7.314
13278,13423.0,7.676
13279,13424.0,7.917
13280,13425.0,8.547
13281,13426.0,8.908
13282,13427.0,8.667
13283,13428.0,8.239
13284,13429.0,7.154
13285,13430.0,9.815
13286,13431.0,8.239
13287,13432.0,9.51
13288,13433.0,9.229
13289,13434.0,7.274
13290,13435.0,6.843
13291,13436.0,7.395
13292,13437.0,7.395
13293,13438.0,7.314
13294,13439.0,8.788
13295,13440.0,9.55
13296,13441.0,9.389
13297,13442.0,8.868
13298,13443.0,7.395
13299,13444.0,8.747
13300,13445.0,8.788
13301,13446.0,8.158
13302,13447.0,9.189
13303,13448.0,7.475
13304,13449.0,7.004
13305,13450.0,6.924
13306,13451.0,7.515
13307,13452.0,7.676
13308,13453.0,9.735
13309,13454.0,10.857
13310,13455.0,10.737
13311,13456.0,10.016
13312,13457.0,7.314
13313,13458.0,7.998
13314,13459.0,9.735
13315,13460.0,8.386
13316,13461.0,7.475
13317,13462.0,7.556
13318,13463.0,7.125
13319,13464.0,6.642
13320,13465.0,7.274
13321,13466.0,7.475
13322,13467.0,9.855
13323,13468.0,8.707
13324,13469.0,9.695
13325,13471.0,10.176
13326,13472.0,7.797
13327,13473.0,9.149
13328,13474.0,8.467
13329,13475.0,9.028
13330,13476.0,8.667
13331,13477.0,8.279
13332,13478.0,7.125
13333,13479.0,6.722
13334,13480.0,7.314
13335,13481.0,7.556
13336,13482.0,8.547
13337,13483.0,8.279
13338,13484.0,8.627
13339,13485.0,9.068
13340,13486.0,8.118
13341,13487.0,7.234
13342,13488.0,9.309
13343,13489.0,8.038
13344,13490.0,9.815
13345,13491.0,8.828
13346,13492.0,7.194
13347,13493.0,6.722
13348,13494.0,7.314
13349,13495.0,7.355
13350,13496.0,7.314
13351,13497.0,8.747
13352,13498.0,9.47
13353,13499.0,9.269
13354,13500.0,8.828
13355,13501.0,7.355
13356,13502.0,8.868
13357,13503.0,8.707
13358,13504.0,8.279
13359,13505.0,9.189
13360,13506.0,7.435
13361,13507.0,6.924
13362,13508.0,7.314
13363,13509.0,7.395
13364,13510.0,7.556
13365,13511.0,9.43
13366,13512.0,10.857
13367,13513.0,10.176
13368,13514.0,9.615
13369,13515.0,7.314
13370,13516.0,7.877
13371,13517.0,9.695
13372,13518.0,8.199
13373,13519.0,7.475
13374,13520.0,7.556
13375,13521.0,7.085
13376,13522.0,6.883
13377,13523.0,7.435
13378,13524.0,7.475
13379,13525.0,10.857
13380,13526.0,10.256
13381,13527.0,10.777
13382,13528.0,11.0
13383,13529.0,7.395
13384,13530.0,8.507
13385,13531.0,8.118
13386,13532.0,9.149
13387,13533.0,7.877
13388,13534.0,7.837
13389,13535.0,7.165
13390,13536.0,6.843
13391,13537.0,7.234
13392,13538.0,7.435
13393,13539.0,10.216
13394,13540.0,9.229
13395,13541.0,10.096
13396,13542.0,10.456
13397,13543.0,7.716
13398,13544.0,9.47
13399,13545.0,8.199
13400,13546.0,9.55
13401,13547.0,8.467
13402,13548.0,8.118
13403,13549.0,7.125
13404,13550.0,6.44
13405,13551.0,7.355
13406,13552.0,7.274
13407,13553.0,7.596
13408,13554.0,8.667
13409,13555.0,9.109
13410,13556.0,8.707
13411,13557.0,8.426
13412,13558.0,7.194
13413,13559.0,9.775
13414,13560.0,8.386
13415,13561.0,9.269
13416,13562.0,9.389
13417,13563.0,7.395
13418,13565.0,6.843
13419,13566.0,7.395
13420,13567.0,7.435
13421,13568.0,7.435
13422,13569.0,9.068
13423,13570.0,10.016
13424,13571.0,9.59
13425,13572.0,9.229
13426,13573.0,7.314
13427,13574.0,8.038
13428,13575.0,9.149
13429,13576.0,7.998
13430,13577.0,8.44
13431,13578.0,7.475
13432,13579.0,7.085
13433,13580.0,6.924
13434,13581.0,7.475
13435,13582.0,7.596
13436,13583.0,9.975
13437,13584.0,10.737
13438,13585.0,11.04
13439,13586.0,10.296
13440,13587.0,7.355
13441,13588.0,8.078
13442,13589.0,9.51
13443,13590.0,8.547
13444,13591.0,7.515
13445,13592.0,7.556
13446,13593.0,7.165
13447,13594.0,6.803
13448,13595.0,7.636
13449,13596.0,7.435
13450,13597.0,10.576
13451,13598.0,9.695
13452,13599.0,10.456
13453,13600.0,10.737
13454,13601.0,7.636
13455,13602.0,8.988
13456,13603.0,8.038
13457,13604.0,9.735
13458,13605.0,8.158
13459,13606.0,7.998
13460,13607.0,7.125
13461,13608.0,6.642
13462,13609.0,7.234
13463,13610.0,7.435
13464,13611.0,9.149
13465,13612.0,8.038
13466,13613.0,8.908
13467,13614.0,9.55
13468,13615.0,7.958
13469,13616.0,7.998
13470,13617.0,8.868
13471,13618.0,7.877
13472,13619.0,9.309
13473,13620.0,8.547
13474,13621.0,7.194
13475,13622.0,6.642
13476,13623.0,7.355
13477,13624.0,7.355
13478,13625.0,7.355
13479,13626.0,8.627
13480,13627.0,9.309
13481,13628.0,8.988
13482,13629.0,8.547
13483,13630.0,7.274
13484,13631.0,9.43
13485,13632.0,8.587
13486,13633.0,8.868
13487,13634.0,9.59
13488,13635.0,7.395
13489,13636.0,6.924
13490,13637.0,7.355
13491,13638.0,7.435
13492,13639.0,7.475
13493,13640.0,9.309
13494,13641.0,10.456
13495,13642.0,9.935
13496,13643.0,9.575
13497,13644.0,7.314
13498,13645.0,7.797
13499,13646.0,9.47
13500,13647.0,8.038
13501,13648.0,7.797
13502,13649.0,7.515
13503,13650.0,7.044
13504,13651.0,6.924
13505,13652.0,7.435
13506,13653.0,7.435
13507,13654.0,10.016
13508,13655.0,10.737
13509,13656.0,11.12
13510,13657.0,10.416
13511,13659.0,7.355
13512,13660.0,8.118
13513,13661.0,9.389
13514,13662.0,8.587
13515,13663.0,7.515
13516,13664.0,7.596
13517,13665.0,7.165
13518,13666.0,6.843
13519,13667.0,7.636
13520,13668.0,7.435
13521,13669.0,10.416
13522,13670.0,9.59
13523,13671.0,10.296
13524,13672.0,10.697
13525,13673.0,7.636
13526,13674.0,9.149
13527,13675.0,7.998
13528,13676.0,9.935
13529,13677.0,8.239
13530,13678.0,8.078
13531,13679.0,7.125
13532,13680.0,6.883
13533,13681.0,7.314
13534,13682.0,7.475
13535,13683.0,9.815
13536,13684.0,8.627
13537,13685.0,9.615
13538,13686.0,10.096
13539,13687.0,7.837
13540,13688.0,9.068
13541,13689.0,8.507
13542,13690.0,8.868
13543,13691.0,8.747
13544,13692.0,8.279
13545,13693.0,7.125
13546,13694.0,6.682
13547,13695.0,7.355
13548,13696.0,7.596
13549,13697.0,8.507
13550,13698.0,8.319
13551,13699.0,8.667
13552,13700.0,8.948
13553,13701.0,8.078
13554,13702.0,7.194
13555,13703.0,9.389
13556,13704.0,7.998
13557,13705.0,9.935
13558,13706.0,8.868
13559,13707.0,7.234
13560,13708.0,6.722
13561,13709.0,7.395
13562,13710.0,7.314
13563,13711.0,7.314
13564,13712.0,8.667
13565,13713.0,9.55
13566,13714.0,9.109
13567,13715.0,8.747
13568,13716.0,7.314
13569,13717.0,9.189
13570,13718.0,8.667
13571,13719.0,8.627
13572,13720.0,9.43
13573,13721.0,7.435
13574,13722.0,6.883
13575,13723.0,7.274
13576,13724.0,7.395
13577,13725.0,7.556
13578,13726.0,9.47
13579,13727.0,10.92
13580,13728.0,10.416
13581,13729.0,9.775
13582,13730.0,7.314
13583,13731.0,7.877
13584,13732.0,9.895
13585,13733.0,8.279
13586,13734.0,7.475
13587,13735.0,7.515
13588,13736.0,7.125
13589,13737.0,6.843
13590,13738.0,7.475
13591,13739.0,7.395
13592,13740.0,10.88
13593,13741.0,10.176
13594,13742.0,10.777
13595,13743.0,10.96
13596,13744.0,7.435
13597,13745.0,8.587
13598,13746.0,8.078
13599,13747.0,9.189
13600,13748.0,7.958
13601,13749.0,7.877
13602,13750.0,7.194
13603,13752.0,6.843
13604,13753.0,7.274
13605,13754.0,7.435
13606,13755.0,10.176
13607,13756.0,9.149
13608,13757.0,10.056
13609,13758.0,10.376
13610,13759.0,7.757
13611,13760.0,9.51
13612,13761.0,8.239
13613,13762.0,9.51
13614,13763.0,8.507
13615,13764.0,8.118
13616,13765.0,7.125
13617,13766.0,6.722
13618,13767.0,7.234
13619,13768.0,7.435
13620,13769.0,9.028
13621,13770.0,8.038
13622,13771.0,8.828
13623,13772.0,9.47
13624,13773.0,7.998
13625,13774.0,7.837
13626,13775.0,8.948
13627,13776.0,7.917
13628,13777.0,9.43
13629,13778.0,8.587
13630,13779.0,7.234
13631,13780.0,6.682
13632,13781.0,7.314
13633,13782.0,7.314
13634,13783.0,7.314
13635,13784.0,8.587
13636,13785.0,9.309
13637,13786.0,8.988
13638,13787.0,8.547
13639,13788.0,7.274
13640,13789.0,9.43
13641,13790.0,8.547
13642,13791.0,8.908
13643,13792.0,9.59
13644,13793.0,7.355
13645,13794.0,6.924
13646,13795.0,7.355
13647,13796.0,7.435
13648,13797.0,7.435
13649,13798.0,9.229
13650,13799.0,10.416
13651,13800.0,9.855
13652,13801.0,9.55
13653,13802.0,7.314
13654,13803.0,7.797
13655,13804.0,9.389
13656,13805.0,7.998
13657,13806.0,7.917
13658,13807.0,7.515
13659,13808.0,7.044
13660,13809.0,6.883
13661,13810.0,7.435
13662,13811.0,7.355
13663,13812.0,10.737
13664,13813.0,10.456
13665,13814.0,10.92
13666,13815.0,11.12
13667,13816.0,7.314
13668,13817.0,8.467
13669,13818.0,8.667
13670,13819.0,8.908
13671,13820.0,7.716
13672,13821.0,7.757
13673,13822.0,7.165
13674,13823.0,6.803
13675,13824.0,7.234
13676,13825.0,7.475
13677,13826.0,10.176
13678,13827.0,9.189
13679,13828.0,10.016
13680,13829.0,10.456
13681,13830.0,7.716
13682,13831.0,9.59
13683,13832.0,8.239
13684,13833.0,9.55
13685,13834.0,8.507
13686,13835.0,8.118
13687,13836.0,7.125
13688,13837.0,6.682
13689,13838.0,7.274
13690,13839.0,7.435
13691,13840.0,9.109
13692,13841.0,8.038
13693,13842.0,8.868
13694,13843.0,9.51
13695,13845.0,7.998
13696,13846.0,7.877
13697,13847.0,8.908
13698,13848.0,7.877
13699,13849.0,9.349
13700,13850.0,8.507
13701,13851.0,7.234
13702,13852.0,6.642
13703,13853.0,7.314
13704,13854.0,7.395
13705,13855.0,7.314
13706,13856.0,8.828
13707,13857.0,9.615
13708,13858.0,9.43
13709,13859.0,8.988
13710,13860.0,7.395
13711,13861.0,8.667
13712,13862.0,8.828
13713,13863.0,8.038
13714,13864.0,8.988
13715,13865.0,7.475
13716,13866.0,6.964
13717,13867.0,6.4
13718,13868.0,7.234
13719,13869.0,7.515
13720,13870.0,9.389
13721,13871.0,8.118
13722,13872.0,9.189
13723,13873.0,9.775
13724,13874.0,7.877
13725,13875.0,8.4
13726,13876.0,8.707
13727,13877.0,8.239
13728,13878.0,9.068
13729,13879.0,8.4
13730,13880.0,7.165
13731,13881.0,6.601
13732,13882.0,7.355
13733,13883.0,7.274
13734,13884.0,7.355
13735,13885.0,8.507
13736,13886.0,9.189
13737,13887.0,8.828
13738,13888.0,8.467
13739,13889.0,7.194
13740,13890.0,9.59
13741,13891.0,8.426
13742,13892.0,9.068
13743,13893.0,9.47
13744,13894.0,7.355
13745,13895.0,6.843
13746,13896.0,7.395
13747,13897.0,7.395
13748,13898.0,7.435
13749,13899.0,9.028
13750,13900.0,9.975
13751,13901.0,9.59
13752,13902.0,9.269
13753,13903.0,7.314
13754,13904.0,8.118
13755,13905.0,9.068
13756,13906.0,7.958
13757,13907.0,8.467
13758,13908.0,7.515
13759,13909.0,7.044
13760,13910.0,7.004
13761,13911.0,7.435
13762,13912.0,7.556
13763,13913.0,9.975
13764,13914.0,10.737
13765,13915.0,11.04
13766,13916.0,10.336
13767,13917.0,7.314
13768,13918.0,8.078
13769,13919.0,9.47
13770,13920.0,8.547
13771,13921.0,7.515
13772,13922.0,7.556
13773,13923.0,7.165
13774,13924.0,6.883
13775,13925.0,7.515
13776,13926.0,7.475
13777,13927.0,10.777
13778,13928.0,9.975
13779,13929.0,10.657
13780,13930.0,10.88
13781,13931.0,7.475
13782,13932.0,8.667
13783,13933.0,7.917
13784,13934.0,9.309
13785,13935.0,7.998
13786,13936.0,7.917
13787,13938.0,7.194
13788,13939.0,6.843
13789,13940.0,7.274
13790,13941.0,7.435
13791,13942.0,10.216
13792,13943.0,9.149
13793,13944.0,10.056
13794,13945.0,10.416
13795,13946.0,7.757
13796,13947.0,9.55
13797,13948.0,8.266
13798,13949.0,9.51
13799,13950.0,8.547
13800,13951.0,8.118
13801,13952.0,7.125
13802,13953.0,6.601
13803,13954.0,7.314
13804,13955.0,7.556
13805,13956.0,8.667
13806,13957.0,8.319
13807,13958.0,8.587
13808,13959.0,9.149
13809,13960.0,8.078
13810,13961.0,7.194
13811,13962.0,9.229
13812,13963.0,7.958
13813,13964.0,9.695
13814,13965.0,8.747
13815,13966.0,7.194
13816,13967.0,6.763
13817,13968.0,7.355
13818,13969.0,7.395
13819,13970.0,7.274
13820,13971.0,8.788
13821,13972.0,9.55
13822,13973.0,9.349
13823,13974.0,8.868
13824,13975.0,7.395
13825,13976.0,8.788
13826,13977.0,8.788
13827,13978.0,8.199
13828,13979.0,9.189
13829,13980.0,7.435
13830,13981.0,6.964
13831,13982.0,6.521
13832,13983.0,7.355
13833,13984.0,7.475
13834,13985.0,10.016
13835,13986.0,8.828
13836,13987.0,9.855
13837,13988.0,10.216
13838,13989.0,7.757
13839,13990.0,9.269
13840,13991.0,8.386
13841,13992.0,9.149
13842,13993.0,8.707
13843,13994.0,8.199
13844,13995.0,7.085
13845,13996.0,6.763
13846,13997.0,7.355
13847,13998.0,7.515
13848,13999.0,8.908
13849,14000.0,8.158
13850,14001.0,8.667
13851,14002.0,9.349
13852,14003.0,8.038
13853,14004.0,7.556
13854,14005.0,9.068
13855,14006.0,7.958
13856,14007.0,9.55
13857,14008.0,8.667
13858,14009.0,7.234
13859,14010.0,6.682
13860,14011.0,7.355
13861,14012.0,7.274
13862,14013.0,7.515
13863,14014.0,8.707
13864,14015.0,9.109
13865,14016.0,8.828
13866,14017.0,8.426
13867,14018.0,7.234
13868,14019.0,9.735
13869,14020.0,8.426
13870,14021.0,9.229
13871,14022.0,9.43
13872,14023.0,7.314
13873,14024.0,6.924
13874,14025.0,7.355
13875,14026.0,7.395
13876,14027.0,7.435
13877,14028.0,9.149
13878,14030.0,10.256
13879,14031.0,9.695
13880,14032.0,9.47
13881,14033.0,7.314
13882,14034.0,7.797
13883,14035.0,9.309
13884,14036.0,7.998
13885,14037.0,8.118
13886,14038.0,7.475
13887,14039.0,7.125
13888,14040.0,6.843
13889,14041.0,7.475
13890,14042.0,7.435
13891,14043.0,10.817
13892,14044.0,10.136
13893,14045.0,10.737
13894,14046.0,11.0
13895,14047.0,7.435
13896,14048.0,8.587
13897,14049.0,7.998
13898,14050.0,9.229
13899,14051.0,7.877
13900,14052.0,7.877
13901,14053.0,7.165
13902,14054.0,6.601
13903,14055.0,7.234
13904,14056.0,7.475
13905,14057.0,9.149
13906,14058.0,8.118
13907,14059.0,8.948
13908,14060.0,9.59
13909,14061.0,7.958
13910,14062.0,8.078
13911,14063.0,8.868
13912,14064.0,7.917
13913,14065.0,9.309
13914,14066.0,8.467
13915,14067.0,7.194
13916,14068.0,6.642
13917,14069.0,7.314
13918,14070.0,7.355
13919,14071.0,7.395
13920,14072.0,8.988
13921,14073.0,9.975
13922,14074.0,9.63
13923,14075.0,9.229
13924,14076.0,7.314
13925,14077.0,8.158
13926,14078.0,9.068
13927,14079.0,7.958
13928,14080.0,8.547
13929,14081.0,7.475
13930,14082.0,7.085
13931,14083.0,6.924
13932,14084.0,7.435
13933,14085.0,7.716
13934,14086.0,9.895
13935,14087.0,10.817
13936,14088.0,10.96
13937,14089.0,10.256
13938,14090.0,7.314
13939,14091.0,8.078
13940,14092.0,9.59
13941,14093.0,8.507
13942,14094.0,7.475
13943,14095.0,7.596
13944,14096.0,7.125
13945,14097.0,6.883
13946,14098.0,7.556
13947,14099.0,7.475
13948,14100.0,10.697
13949,14101.0,9.895
13950,14102.0,10.536
13951,14103.0,10.857
13952,14104.0,7.515
13953,14105.0,8.828
13954,14106.0,7.958
13955,14107.0,9.55
13956,14108.0,8.078
13957,14109.0,7.998
13958,14110.0,7.165
13959,14111.0,6.803
13960,14112.0,7.314
13961,14113.0,7.435
13962,14114.0,9.895
13963,14115.0,8.788
13964,14116.0,9.775
13965,14117.0,10.216
13966,14118.0,7.797
13967,14119.0,9.229
13968,14120.0,8.426
13969,14121.0,9.068
13970,14122.0,8.747
13971,14124.0,8.199
13972,14125.0,7.125
13973,14126.0,6.682
13974,14127.0,7.314
13975,14128.0,7.475
13976,14129.0,8.868
13977,14130.0,8.158
13978,14131.0,8.627
13979,14132.0,9.269
13980,14133.0,8.078
13981,14134.0,7.475
13982,14135.0,9.189
13983,14136.0,7.958
13984,14137.0,9.655
13985,14138.0,8.707
13986,14139.0,7.314
13987,14140.0,6.722
13988,14141.0,7.314
13989,14142.0,7.274
13990,14143.0,7.274
13991,14144.0,8.547
13992,14145.0,9.309
13993,14146.0,8.948
13994,14147.0,8.547
13995,14148.0,7.274
13996,14149.0,9.43
13997,14150.0,8.547
13998,14151.0,8.868
13999,14152.0,9.55
14000,14153.0,7.395
14001,14154.0,6.883
14002,14155.0,7.355
14003,14156.0,7.395
14004,14157.0,7.475
14005,14158.0,9.229
14006,14159.0,10.376
14007,14160.0,9.855
14008,14161.0,9.55
14009,14162.0,7.355
14010,14163.0,7.797
14011,14164.0,9.43
14012,14165.0,7.998
14013,14166.0,7.958
14014,14167.0,7.515
14015,14168.0,7.085
14016,14169.0,6.883
14017,14170.0,7.475
14018,14171.0,7.274
14019,14172.0,10.336
14020,14173.0,10.616
14021,14174.0,11.12
14022,14175.0,10.616
14023,14176.0,7.355
14024,14177.0,8.239
14025,14178.0,9.149
14026,14179.0,8.707
14027,14180.0,7.596
14028,14181.0,7.596
14029,14182.0,7.205
14030,14183.0,6.883
14031,14184.0,7.556
14032,14185.0,7.395
14033,14186.0,10.536
14034,14187.0,9.63
14035,14188.0,10.336
14036,14189.0,10.657
14037,14190.0,7.636
14038,14191.0,9.229
14039,14192.0,8.078
14040,14193.0,9.695
14041,14194.0,8.386
14042,14195.0,8.118
14043,14196.0,7.165
14044,14197.0,6.763
14045,14198.0,7.274
14046,14199.0,7.515
14047,14200.0,8.948
14048,14201.0,8.199
14049,14202.0,8.547
14050,14203.0,9.189
14051,14204.0,8.078
14052,14205.0,7.194
14053,14206.0,9.389
14054,14207.0,8.078
14055,14208.0,9.815
14056,14209.0,9.068
14057,14210.0,7.234
14058,14211.0,6.843
14059,14212.0,7.314
14060,14213.0,7.395
14061,14214.0,7.395
14062,14215.0,9.068
14063,14216.0,10.136
14064,14218.0,9.655
14065,14219.0,9.47
14066,14220.0,7.314
14067,14221.0,7.797
14068,14222.0,9.51
14069,14223.0,8.078
14070,14224.0,7.475
14071,14225.0,7.515
14072,14226.0,7.085
14073,14227.0,6.883
14074,14228.0,7.596
14075,14229.0,7.435
14076,14230.0,10.536
14077,14231.0,9.67
14078,14232.0,10.256
14079,14233.0,10.657
14080,14234.0,7.596
14081,14235.0,9.149
14082,14236.0,7.998
14083,14237.0,9.935
14084,14238.0,8.279
14085,14239.0,8.038
14086,14240.0,7.125
14087,14241.0,6.722
14088,14242.0,7.234
14089,14243.0,7.475
14090,14244.0,9.189
14091,14245.0,8.078
14092,14246.0,8.948
14093,14247.0,9.63
14094,14248.0,7.917
14095,14249.0,8.078
14096,14250.0,8.828
14097,14251.0,7.917
14098,14252.0,9.269
14099,14253.0,8.467
14100,14254.0,7.194
14101,14255.0,6.642
14102,14256.0,7.355
14103,14257.0,7.274
14104,14258.0,7.515
14105,14259.0,8.627
14106,14260.0,9.109
14107,14261.0,8.747
14108,14262.0,8.386
14109,14263.0,7.194
14110,14264.0,9.695
14111,14265.0,8.386
14112,14266.0,9.189
14113,14267.0,9.43
14114,14268.0,7.355
14115,14269.0,6.843
14116,14270.0,7.395
14117,14271.0,7.355
14118,14272.0,7.274
14119,14273.0,8.667
14120,14274.0,9.55
14121,14275.0,9.149
14122,14276.0,8.747
14123,14277.0,7.314
14124,14278.0,9.109
14125,14279.0,8.707
14126,14280.0,8.547
14127,14281.0,9.389
14128,14282.0,7.475
14129,14283.0,6.924
14130,14284.0,7.435
14131,14285.0,7.435
14132,14286.0,7.435
14133,14287.0,8.988
14134,14288.0,9.935
14135,14289.0,9.615
14136,14290.0,9.109
14137,14291.0,7.395
14138,14292.0,8.239
14139,14293.0,9.028
14140,14294.0,7.877
14141,14295.0,8.627
14142,14296.0,7.435
14143,14297.0,7.044
14144,14298.0,6.964
14145,14299.0,7.435
14146,14300.0,7.596
14147,14301.0,9.615
14148,14302.0,10.857
14149,14303.0,10.657
14150,14304.0,9.935
14151,14305.0,7.314
14152,14306.0,7.958
14153,14307.0,9.815
14154,14308.0,8.346
14155,14310.0,7.515
14156,14311.0,7.515
14157,14312.0,7.125
14158,14313.0,6.924
14159,14314.0,7.475
14160,14315.0,7.355
14161,14316.0,10.657
14162,14317.0,10.456
14163,14318.0,10.96
14164,14319.0,11.04
14165,14320.0,7.355
14166,14321.0,8.386
14167,14322.0,8.788
14168,14323.0,8.828
14169,14324.0,7.757
14170,14325.0,7.716
14171,14326.0,7.194
14172,14327.0,6.843
14173,14328.0,7.596
14174,14329.0,7.395
14175,14330.0,10.536
14176,14331.0,9.735
14177,14332.0,10.416
14178,14333.0,10.737
14179,14334.0,7.556
14180,14335.0,8.948
14181,14336.0,7.917
14182,14337.0,9.735
14183,14338.0,8.158
14184,14339.0,7.998
14185,14340.0,7.125
14186,14341.0,6.843
14187,14342.0,7.314
14188,14343.0,7.475
14189,14344.0,9.775
14190,14345.0,8.627
14191,14346.0,9.615
14192,14347.0,10.096
14193,14348.0,7.797
14194,14349.0,9.068
14195,14350.0,8.507
14196,14351.0,8.908
14197,14352.0,8.707
14198,14353.0,8.319
14199,14354.0,7.125
14200,14355.0,6.561
14201,14356.0,7.314
14202,14357.0,7.716
14203,14358.0,8.078
14204,14359.0,8.507
14205,14360.0,8.868
14206,14361.0,8.667
14207,14362.0,8.199
14208,14363.0,7.194
14209,14364.0,9.695
14210,14365.0,8.158
14211,14366.0,9.71
14212,14367.0,9.109
14213,14368.0,7.274
14214,14369.0,6.763
14215,14370.0,7.314
14216,14371.0,7.395
14217,14372.0,7.395
14218,14373.0,9.068
14219,14374.0,10.136
14220,14375.0,9.63
14221,14376.0,9.349
14222,14377.0,7.314
14223,14378.0,7.958
14224,14379.0,9.189
14225,14380.0,7.958
14226,14381.0,8.319
14227,14382.0,7.475
14228,14383.0,7.085
14229,14384.0,6.924
14230,14385.0,7.435
14231,14386.0,7.314
14232,14387.0,10.416
14233,14388.0,10.616
14234,14389.0,11.0
14235,14390.0,10.857
14236,14391.0,7.314
14237,14392.0,8.359
14238,14393.0,8.988
14239,14394.0,8.747
14240,14395.0,7.636
14241,14396.0,7.716
14242,14397.0,7.205
14243,14398.0,6.924
14244,14399.0,7.596
14245,14400.0,7.475
14246,14401.0,10.576
14247,14403.0,9.775
14248,14404.0,10.456
14249,14405.0,10.777
14250,14406.0,7.556
14251,14407.0,8.948
14252,14408.0,7.958
14253,14409.0,9.655
14254,14410.0,8.118
14255,14411.0,7.958
14256,14412.0,7.165
14257,14413.0,6.763
14258,14414.0,7.395
14259,14415.0,7.475
14260,14416.0,9.63
14261,14417.0,8.319
14262,14418.0,9.389
14263,14419.0,9.895
14264,14420.0,7.877
14265,14421.0,8.667
14266,14422.0,8.707
14267,14423.0,8.507
14268,14424.0,8.948
14269,14425.0,8.359
14270,14426.0,7.165
14271,14427.0,6.601
14272,14428.0,7.395
14273,14429.0,7.676
14274,14430.0,8.118
14275,14431.0,8.48
14276,14432.0,8.908
14277,14433.0,8.627
14278,14434.0,8.279
14279,14435.0,7.194
14280,14436.0,9.775
14281,14437.0,8.199
14282,14438.0,9.67
14283,14439.0,9.149
14284,14440.0,7.234
14285,14441.0,6.803
14286,14442.0,7.355
14287,14443.0,7.435
14288,14444.0,7.314
14289,14445.0,8.868
14290,14446.0,9.695
14291,14447.0,9.51
14292,14448.0,8.988
14293,14449.0,7.435
14294,14450.0,8.507
14295,14451.0,8.908
14296,14452.0,7.877
14297,14453.0,8.868
14298,14454.0,7.435
14299,14455.0,7.004
14300,14456.0,7.274
14301,14457.0,7.475
14302,14458.0,7.596
14303,14459.0,9.55
14304,14460.0,10.96
14305,14461.0,10.536
14306,14462.0,9.815
14307,14463.0,7.355
14308,14464.0,7.917
14309,14465.0,9.935
14310,14466.0,8.319
14311,14467.0,7.515
14312,14468.0,7.515
14313,14469.0,7.125
14314,14470.0,6.883
14315,14471.0,7.435
14316,14472.0,7.355
14317,14473.0,10.897
14318,14474.0,10.336
14319,14475.0,10.897
14320,14476.0,11.08
14321,14477.0,7.314
14322,14478.0,8.507
14323,14479.0,8.467
14324,14480.0,8.948
14325,14481.0,7.757
14326,14482.0,7.757
14327,14483.0,7.165
14328,14484.0,6.561
14329,14485.0,7.234
14330,14486.0,7.435
14331,14487.0,9.149
14332,14488.0,8.038
14333,14489.0,8.908
14334,14490.0,9.55
14335,14491.0,7.958
14336,14492.0,7.998
14337,14493.0,8.868
14338,14494.0,7.917
14339,14496.0,9.309
14340,14497.0,8.547
14341,14498.0,7.194
14342,14499.0,6.682
14343,14500.0,7.314
14344,14501.0,7.274
14345,14502.0,7.475
14346,14503.0,8.587
14347,14504.0,9.109
14348,14505.0,8.828
14349,14506.0,8.426
14350,14507.0,7.234
14351,14508.0,9.695
14352,14509.0,8.467
14353,14510.0,9.189
14354,14511.0,9.47
14355,14512.0,7.314
14356,14513.0,6.924
14357,14514.0,7.355
14358,14515.0,7.395
14359,14516.0,7.435
14360,14517.0,9.149
14361,14518.0,10.296
14362,14519.0,9.735
14363,14520.0,9.47
14364,14521.0,7.355
14365,14522.0,7.797
14366,14523.0,9.349
14367,14524.0,7.998
14368,14525.0,8.038
14369,14526.0,7.515
14370,14527.0,7.125
14371,14528.0,6.883
14372,14529.0,7.435
14373,14530.0,7.314
14374,14531.0,10.416
14375,14532.0,10.576
14376,14533.0,11.0
14377,14534.0,10.857
14378,14535.0,7.314
14379,14536.0,8.319
14380,14537.0,8.988
14381,14538.0,8.707
14382,14539.0,7.636
14383,14540.0,7.676
14384,14541.0,7.205
14385,14542.0,6.883
14386,14543.0,7.596
14387,14544.0,7.435
14388,14545.0,10.616
14389,14546.0,9.815
14390,14547.0,10.456
14391,14548.0,10.817
14392,14549.0,7.556
14393,14550.0,8.988
14394,14551.0,7.958
14395,14552.0,9.695
14396,14553.0,8.158
14397,14554.0,7.998
14398,14555.0,7.165
14399,14556.0,6.883
14400,14557.0,7.274
14401,14558.0,7.475
14402,14559.0,10.176
14403,14560.0,9.109
14404,14561.0,10.016
14405,14562.0,10.416
14406,14563.0,7.716
14407,14564.0,9.51
14408,14565.0,8.239
14409,14566.0,9.55
14410,14567.0,8.507
14411,14568.0,8.118
14412,14569.0,7.125
14413,14570.0,6.803
14414,14571.0,7.395
14415,14572.0,7.475
14416,14573.0,9.55
14417,14574.0,8.158
14418,14575.0,9.349
14419,14576.0,9.855
14420,14577.0,7.917
14421,14578.0,8.587
14422,14579.0,8.747
14423,14580.0,8.426
14424,14581.0,9.028
14425,14582.0,8.4
14426,14583.0,7.194
14427,14584.0,6.722
14428,14585.0,7.435
14429,14586.0,7.596
14430,14588.0,8.467
14431,14589.0,8.319
14432,14590.0,8.747
14433,14591.0,8.868
14434,14592.0,8.158
14435,14593.0,7.154
14436,14594.0,9.43
14437,14595.0,8.038
14438,14596.0,9.855
14439,14597.0,8.908
14440,14598.0,7.234
14441,14599.0,6.763
14442,14600.0,7.314
14443,14601.0,7.355
14444,14602.0,7.274
14445,14603.0,8.667
14446,14604.0,9.55
14447,14605.0,9.149
14448,14606.0,8.707
14449,14607.0,7.314
14450,14608.0,9.109
14451,14609.0,8.707
14452,14610.0,8.507
14453,14611.0,9.43
14454,14612.0,7.435
14455,14613.0,6.924
14456,14614.0,7.395
14457,14615.0,7.435
14458,14616.0,7.475
14459,14617.0,9.229
14460,14618.0,10.376
14461,14619.0,9.895
14462,14620.0,9.55
14463,14621.0,7.355
14464,14622.0,7.757
14465,14623.0,9.47
14466,14624.0,7.998
14467,14625.0,7.917
14468,14626.0,7.475
14469,14627.0,7.125
14470,14628.0,7.044
14471,14629.0,7.475
14472,14630.0,7.636
14473,14631.0,9.655
14474,14632.0,10.897
14475,14633.0,10.616
14476,14634.0,9.975
14477,14635.0,7.314
14478,14636.0,7.958
14479,14637.0,9.815
14480,14638.0,8.346
14481,14639.0,7.475
14482,14640.0,7.596
14483,14641.0,7.125
14484,14642.0,6.883
14485,14643.0,7.515
14486,14644.0,7.515
14487,14645.0,10.737
14488,14646.0,9.975
14489,14647.0,10.616
14490,14648.0,10.92
14491,14649.0,7.475
14492,14650.0,8.747
14493,14651.0,7.917
14494,14652.0,9.43
14495,14653.0,7.998
14496,14654.0,7.958
14497,14655.0,7.165
14498,14656.0,6.803
14499,14657.0,7.314
14500,14658.0,7.475
14501,14659.0,9.735
14502,14660.0,8.547
14503,14661.0,9.55
14504,14662.0,10.096
14505,14663.0,7.837
14506,14664.0,8.988
14507,14665.0,8.547
14508,14666.0,8.868
14509,14667.0,8.828
14510,14668.0,8.319
14511,14669.0,7.125
14512,14670.0,6.682
14513,14671.0,7.355
14514,14672.0,7.556
14515,14673.0,8.547
14516,14674.0,8.279
14517,14675.0,8.667
14518,14676.0,8.948
14519,14677.0,8.078
14520,14678.0,7.165
14521,14679.0,9.349
14522,14681.0,7.998
14523,14682.0,9.895
14524,14683.0,8.868
14525,14684.0,7.234
14526,14685.0,6.722
14527,14686.0,7.355
14528,14687.0,7.355
14529,14688.0,7.274
14530,14689.0,8.667
14531,14690.0,9.59
14532,14691.0,9.149
14533,14692.0,8.788
14534,14693.0,7.314
14535,14694.0,9.028
14536,14695.0,8.908
14537,14696.0,8.426
14538,14697.0,9.349
14539,14698.0,7.475
14540,14699.0,6.924
14541,14700.0,7.355
14542,14701.0,7.435
14543,14702.0,7.596
14544,14703.0,9.43
14545,14704.0,10.857
14546,14705.0,10.216
14547,14706.0,9.59
14548,14707.0,7.355
14549,14708.0,7.837
14550,14709.0,9.735
14551,14710.0,8.158
14552,14711.0,7.475
14553,14712.0,7.515
14554,14713.0,7.085
14555,14714.0,6.883
14556,14715.0,7.395
14557,14716.0,7.355
14558,14717.0,10.937
14559,14718.0,10.376
14560,14719.0,10.897
14561,14720.0,11.08
14562,14721.0,7.355
14563,14722.0,8.507
14564,14723.0,8.507
14565,14724.0,8.908
14566,14725.0,7.757
14567,14726.0,7.757
14568,14727.0,7.205
14569,14728.0,6.763
14570,14729.0,7.274
14571,14730.0,7.435
14572,14731.0,10.096
14573,14732.0,9.028
14574,14733.0,9.935
14575,14734.0,10.336
14576,14735.0,7.797
14577,14736.0,9.47
14578,14737.0,8.359
14579,14738.0,9.309
14580,14739.0,8.667
14581,14740.0,8.158
14582,14741.0,7.165
14583,14742.0,6.722
14584,14743.0,7.395
14585,14744.0,7.556
14586,14745.0,8.467
14587,14746.0,8.319
14588,14747.0,8.747
14589,14748.0,8.908
14590,14749.0,8.078
14591,14750.0,7.234
14592,14751.0,9.43
14593,14752.0,8.038
14594,14753.0,9.855
14595,14754.0,8.948
14596,14755.0,7.234
14597,14756.0,6.763
14598,14757.0,7.395
14599,14758.0,7.475
14600,14759.0,7.314
14601,14760.0,8.707
14602,14761.0,9.55
14603,14762.0,9.149
14604,14763.0,8.707
14605,14764.0,7.355
14606,14765.0,9.109
14607,14766.0,8.747
14608,14767.0,8.507
14609,14768.0,9.43
14610,14769.0,7.435
14611,14770.0,6.924
14612,14771.0,7.435
14613,14772.0,7.435
14614,14774.0,7.435
14615,14775.0,9.229
14616,14776.0,10.336
14617,14777.0,9.855
14618,14778.0,9.47
14619,14779.0,7.395
14620,14780.0,7.757
14621,14781.0,9.43
14622,14782.0,7.998
14623,14783.0,7.877
14624,14784.0,7.475
14625,14785.0,7.044
14626,14786.0,6.924
14627,14787.0,7.435
14628,14788.0,7.274
14629,14789.0,10.176
14630,14790.0,10.657
14631,14791.0,11.16
14632,14792.0,10.616
14633,14793.0,7.355
14634,14794.0,8.239
14635,14795.0,9.229
14636,14796.0,8.707
14637,14797.0,7.556
14638,14798.0,7.596
14639,14799.0,7.194
14640,14800.0,6.883
14641,14801.0,7.636
14642,14802.0,7.475
14643,14803.0,10.496
14644,14804.0,9.59
14645,14805.0,10.296
14646,14806.0,10.657
14647,14807.0,7.636
14648,14808.0,9.189
14649,14809.0,7.998
14650,14810.0,9.935
14651,14811.0,8.239
14652,14812.0,8.078
14653,14813.0,7.125
14654,14814.0,6.843
14655,14815.0,7.314
14656,14816.0,7.515
14657,14817.0,9.695
14658,14818.0,8.467
14659,14819.0,9.51
14660,14820.0,10.056
14661,14821.0,7.877
14662,14822.0,8.868
14663,14823.0,8.627
14664,14824.0,8.707
14665,14825.0,8.828
14666,14826.0,8.279
14667,14827.0,7.125
14668,14828.0,6.642
14669,14829.0,7.355
14670,14830.0,7.596
14671,14831.0,8.279
14672,14832.0,8.346
14673,14833.0,8.747
14674,14834.0,8.747
14675,14835.0,8.158
14676,14836.0,7.154
14677,14837.0,9.63
14678,14838.0,8.118
14679,14839.0,9.815
14680,14840.0,9.028
14681,14841.0,7.274
14682,14842.0,6.763
14683,14843.0,7.355
14684,14844.0,7.395
14685,14845.0,7.395
14686,14846.0,8.988
14687,14847.0,9.935
14688,14848.0,9.655
14689,14849.0,9.229
14690,14850.0,7.355
14691,14851.0,8.279
14692,14852.0,9.068
14693,14853.0,7.998
14694,14854.0,8.587
14695,14855.0,7.515
14696,14856.0,7.044
14697,14857.0,6.924
14698,14858.0,7.435
14699,14859.0,7.274
14700,14860.0,10.176
14701,14861.0,10.657
14702,14862.0,11.12
14703,14863.0,10.576
14704,14864.0,7.314
14705,14865.0,8.199
14706,14867.0,9.229
14707,14868.0,8.667
14708,14869.0,7.596
14709,14870.0,7.596
14710,14871.0,7.165
14711,14872.0,6.883
14712,14873.0,7.475
14713,14874.0,7.435
14714,14875.0,10.817
14715,14876.0,10.056
14716,14877.0,10.697
14717,14878.0,10.92
14718,14879.0,7.475
14719,14880.0,8.627
14720,14881.0,7.917
14721,14882.0,9.309
14722,14883.0,7.998
14723,14884.0,7.917
14724,14885.0,7.205
14725,14886.0,6.803
14726,14887.0,7.274
14727,14888.0,7.435
14728,14889.0,10.136
14729,14890.0,9.068
14730,14891.0,9.975
14731,14892.0,10.376
14732,14893.0,7.757
14733,14894.0,9.51
14734,14895.0,8.359
14735,14896.0,9.389
14736,14897.0,8.627
14737,14898.0,8.158
14738,14899.0,7.125
14739,14900.0,6.803
14740,14901.0,7.234
14741,14902.0,7.515
14742,14903.0,9.389
14743,14904.0,7.998
14744,14905.0,9.189
14745,14906.0,9.735
14746,14907.0,7.917
14747,14908.0,8.4
14748,14909.0,8.707
14749,14910.0,8.199
14750,14911.0,9.109
14751,14912.0,8.48
14752,14913.0,7.194
14753,14914.0,6.722
14754,14915.0,7.395
14755,14916.0,7.676
14756,14917.0,8.199
14757,14918.0,8.426
14758,14919.0,8.788
14759,14920.0,8.707
14760,14921.0,8.158
14761,14922.0,7.194
14762,14923.0,9.63
14763,14924.0,8.158
14764,14925.0,9.695
14765,14926.0,9.068
14766,14927.0,7.274
14767,14928.0,6.883
14768,14929.0,7.355
14769,14930.0,7.395
14770,14931.0,7.274
14771,14932.0,8.747
14772,14933.0,9.55
14773,14934.0,9.269
14774,14935.0,8.747
14775,14936.0,7.355
14776,14937.0,8.988
14777,14938.0,8.747
14778,14939.0,8.386
14779,14940.0,9.349
14780,14941.0,7.435
14781,14942.0,6.924
14782,14943.0,6.924
14783,14944.0,7.435
14784,14945.0,7.676
14785,14946.0,9.855
14786,14947.0,10.817
14787,14948.0,10.96
14788,14949.0,10.256
14789,14950.0,7.314
14790,14951.0,8.078
14791,14952.0,9.59
14792,14953.0,8.507
14793,14954.0,7.475
14794,14955.0,7.556
14795,14956.0,7.125
14796,14957.0,6.36
14797,14958.0,7.234
14798,14960.0,7.475
14799,14961.0,9.028
14800,14962.0,8.078
14801,14963.0,8.828
14802,14964.0,9.47
14803,14965.0,7.998
14804,14966.0,7.797
14805,14967.0,8.988
14806,14968.0,7.958
14807,14969.0,9.43
14808,14970.0,8.627
14809,14971.0,7.194
14810,14972.0,6.763
14811,14973.0,7.314
14812,14974.0,7.435
14813,14975.0,7.314
14814,14976.0,8.788
14815,14977.0,9.47
14816,14978.0,9.269
14817,14979.0,8.828
14818,14980.0,7.314
14819,14981.0,8.868
14820,14982.0,8.707
14821,14983.0,8.279
14822,14984.0,9.229
14823,14985.0,7.435
14824,14986.0,6.924
14825,14987.0,7.355
14826,14988.0,7.395
14827,14989.0,7.757
14828,14990.0,9.309
14829,14991.0,10.536
14830,14992.0,9.895
14831,14993.0,9.615
14832,14994.0,7.314
14833,14995.0,7.837
14834,14996.0,9.51
14835,14997.0,8.078
14836,14998.0,7.716
14837,14999.0,7.515
14838,15000.0,7.044
14839,15001.0,6.964
14840,15002.0,7.475
14841,15003.0,7.314
14842,15004.0,10.256
14843,15005.0,10.616
14844,15006.0,11.04
14845,15007.0,10.737
14846,15008.0,7.314
14847,15009.0,8.279
14848,15010.0,9.149
14849,15011.0,8.788
14850,15012.0,7.596
14851,15013.0,7.676
14852,15014.0,7.165
14853,15015.0,6.924
14854,15016.0,7.596
14855,15017.0,7.435
14856,15018.0,10.576
14857,15019.0,9.775
14858,15020.0,10.416
14859,15021.0,10.737
14860,15022.0,7.556
14861,15023.0,8.908
14862,15024.0,7.958
14863,15025.0,9.655
14864,15026.0,8.118
14865,15027.0,7.958
14866,15028.0,7.165
14867,15029.0,6.803
14868,15030.0,7.395
14869,15031.0,7.475
14870,15032.0,9.735
14871,15033.0,8.467
14872,15034.0,9.55
14873,15035.0,10.016
14874,15036.0,7.877
14875,15037.0,8.908
14876,15038.0,8.587
14877,15039.0,8.747
14878,15040.0,8.828
14879,15041.0,8.319
14880,15042.0,7.154
14881,15043.0,6.722
14882,15044.0,7.395
14883,15045.0,7.596
14884,15046.0,8.507
14885,15047.0,8.279
14886,15048.0,8.707
14887,15049.0,8.948
14888,15050.0,8.118
14889,15051.0,7.194
14890,15053.0,9.47
14891,15054.0,8.038
14892,15055.0,9.935
14893,15056.0,8.908
14894,15057.0,7.234
14895,15058.0,6.763
14896,15059.0,7.355
14897,15060.0,7.395
14898,15061.0,7.314
14899,15062.0,8.707
14900,15063.0,9.59
14901,15064.0,9.149
14902,15065.0,8.707
14903,15066.0,7.314
14904,15067.0,9.068
14905,15068.0,8.747
14906,15069.0,8.467
14907,15070.0,9.389
14908,15071.0,7.435
14909,15072.0,6.924
14910,15073.0,6.924
14911,15074.0,7.435
14912,15075.0,7.716
14913,15076.0,9.935
14914,15077.0,10.737
14915,15078.0,11.0
14916,15079.0,10.256
14917,15080.0,7.355
14918,15081.0,8.078
14919,15082.0,9.55
14920,15083.0,8.507
14921,15084.0,7.596
14922,15085.0,7.556
14923,15086.0,7.165
14924,15087.0,6.843
14925,15088.0,7.636
14926,15089.0,7.435
14927,15090.0,10.616
14928,15091.0,9.735
14929,15092.0,10.456
14930,15093.0,10.777
14931,15094.0,7.556
14932,15095.0,8.948
14933,15096.0,7.958
14934,15097.0,9.695
14935,15098.0,8.158
14936,15099.0,7.998
14937,15100.0,7.125
14938,15101.0,6.924
14939,15102.0,7.234
14940,15103.0,7.435
14941,15104.0,10.216
14942,15105.0,9.229
14943,15106.0,10.056
14944,15107.0,10.456
14945,15108.0,7.676
14946,15109.0,9.47
14947,15110.0,8.158
14948,15111.0,9.63
14949,15112.0,8.426
14950,15113.0,8.118
14951,15114.0,7.125
14952,15115.0,6.763
14953,15116.0,7.246
14954,15117.0,7.515
14955,15118.0,9.309
14956,15119.0,8.078
14957,15120.0,9.149
14958,15121.0,9.695
14959,15122.0,7.958
14960,15123.0,8.279
14961,15124.0,8.788
14962,15125.0,8.118
14963,15126.0,9.189
14964,15127.0,8.507
14965,15128.0,7.154
14966,15129.0,6.682
14967,15130.0,7.314
14968,15131.0,7.314
14969,15132.0,7.395
14970,15133.0,8.547
14971,15134.0,9.269
14972,15135.0,8.868
14973,15136.0,8.507
14974,15137.0,7.234
14975,15138.0,9.51
14976,15139.0,8.507
14977,15140.0,8.948
14978,15141.0,9.51
14979,15142.0,7.355
14980,15143.0,6.843
14981,15145.0,7.355
14982,15146.0,7.395
14983,15147.0,7.475
14984,15148.0,9.189
14985,15149.0,10.376
14986,15150.0,9.815
14987,15151.0,9.55
14988,15152.0,7.355
14989,15153.0,7.837
14990,15154.0,9.43
14991,15155.0,7.998
14992,15156.0,7.917
14993,15157.0,7.515
14994,15158.0,7.044
14995,15159.0,6.924
14996,15160.0,7.435
14997,15161.0,7.314
14998,15162.0,10.136
14999,15163.0,10.697
15000,15164.0,11.04
15001,15165.0,10.576
15002,15166.0,7.314
15003,15167.0,8.239
15004,15168.0,9.229
15005,15169.0,8.747
15006,15170.0,7.556
15007,15171.0,7.596
15008,15172.0,7.165
15009,15173.0,6.843
15010,15174.0,7.556
15011,15175.0,7.395
15012,15176.0,10.657
15013,15177.0,9.855
15014,15178.0,10.536
15015,15179.0,10.817
15016,15180.0,7.556
15017,15181.0,8.868
15018,15182.0,7.958
15019,15183.0,9.55
15020,15184.0,8.078
15021,15185.0,7.998
15022,15186.0,7.165
15023,15187.0,6.763
15024,15188.0,7.355
15025,15189.0,7.435
15026,15190.0,9.735
15027,15191.0,8.507
15028,15192.0,9.59
15029,15193.0,10.056
15030,15194.0,7.837
15031,15195.0,8.908
15032,15196.0,8.587
15033,15197.0,8.788
15034,15198.0,8.828
15035,15199.0,8.279
15036,15200.0,7.154
15037,15201.0,6.642
15038,15202.0,7.435
15039,15203.0,7.636
15040,15204.0,8.239
15041,15205.0,8.426
15042,15206.0,8.868
15043,15207.0,8.707
15044,15208.0,8.239
15045,15209.0,7.154
15046,15210.0,9.63
15047,15211.0,8.158
15048,15212.0,9.695
15049,15213.0,9.068
15050,15214.0,7.234
15051,15215.0,6.803
15052,15216.0,7.355
15053,15217.0,7.435
15054,15218.0,7.314
15055,15219.0,8.828
15056,15220.0,9.615
15057,15221.0,9.47
15058,15222.0,8.988
15059,15223.0,7.395
15060,15224.0,8.587
15061,15225.0,8.868
15062,15226.0,7.958
15063,15227.0,8.948
15064,15228.0,7.435
15065,15229.0,7.004
15066,15230.0,7.004
15067,15231.0,7.435
15068,15232.0,7.596
15069,15233.0,9.615
15070,15234.0,10.897
15071,15235.0,10.657
15072,15236.0,9.935
15073,15237.0,7.395
15074,15239.0,7.958
15075,15240.0,9.855
15076,15241.0,8.386
15077,15242.0,7.556
15078,15243.0,7.556
15079,15244.0,7.165
15080,15245.0,6.883
15081,15246.0,7.515
15082,15247.0,7.395
15083,15248.0,10.857
15084,15249.0,10.176
15085,15250.0,10.737
15086,15251.0,11.0
15087,15252.0,7.395
15088,15253.0,8.507
15089,15254.0,8.118
15090,15255.0,9.149
15091,15256.0,7.837
15092,15257.0,7.837
15093,15258.0,7.154
15094,15259.0,6.843
15095,15260.0,7.194
15096,15261.0,7.435
15097,15262.0,10.256
15098,15263.0,9.349
15099,15264.0,10.136
15100,15265.0,10.536
15101,15266.0,7.676
15102,15267.0,9.389
15103,15268.0,8.118
15104,15269.0,9.695
15105,15270.0,8.426
15106,15271.0,8.199
15107,15272.0,7.125
15108,15273.0,6.481
15109,15274.0,7.274
15110,15275.0,7.435
15111,15276.0,7.475
15112,15277.0,9.349
15113,15278.0,10.576
15114,15279.0,10.056
15115,15280.0,9.655
15116,15281.0,7.355
15117,15282.0,7.797
15118,15283.0,9.615
15119,15284.0,8.078
15120,15285.0,7.596
15121,15286.0,7.515
15122,15287.0,7.044
15123,15288.0,6.964
15124,15289.0,7.435
15125,15290.0,7.314
15126,15291.0,10.496
15127,15292.0,10.536
15128,15293.0,10.96
15129,15294.0,10.88
15130,15295.0,7.314
15131,15296.0,8.346
15132,15297.0,8.908
15133,15298.0,8.707
15134,15299.0,7.636
15135,15300.0,7.716
15136,15301.0,7.194
15137,15302.0,6.883
15138,15303.0,7.636
15139,15304.0,7.435
15140,15305.0,10.456
15141,15306.0,9.59
15142,15307.0,10.296
15143,15308.0,10.657
15144,15309.0,7.636
15145,15310.0,9.149
15146,15311.0,7.998
15147,15312.0,9.975
15148,15313.0,8.239
15149,15314.0,8.078
15150,15315.0,7.125
15151,15316.0,6.722
15152,15317.0,7.274
15153,15318.0,7.556
15154,15319.0,9.229
15155,15320.0,8.118
15156,15321.0,9.028
15157,15322.0,9.615
15158,15323.0,7.958
15159,15324.0,8.038
15160,15325.0,8.828
15161,15326.0,7.917
15162,15327.0,9.269
15163,15328.0,8.467
15164,15329.0,7.194
15165,15330.0,6.642
15166,15332.0,7.395
15167,15333.0,7.556
15168,15334.0,7.797
15169,15335.0,8.587
15170,15336.0,8.988
15171,15337.0,8.707
15172,15338.0,8.346
15173,15339.0,7.154
15174,15340.0,9.855
15175,15341.0,8.279
15176,15342.0,9.43
15177,15343.0,9.269
15178,15344.0,7.314
15179,15345.0,6.803
15180,15346.0,7.355
15181,15347.0,7.395
15182,15348.0,7.355
15183,15349.0,8.868
15184,15350.0,9.735
15185,15351.0,9.47
15186,15352.0,9.068
15187,15353.0,7.395
15188,15354.0,8.547
15189,15355.0,8.868
15190,15356.0,7.917
15191,15357.0,8.828
15192,15358.0,7.475
15193,15359.0,6.964
15194,15360.0,7.435
15195,15361.0,7.435
15196,15362.0,7.596
15197,15363.0,9.47
15198,15364.0,10.92
15199,15365.0,10.416
15200,15366.0,9.735
15201,15367.0,7.314
15202,15368.0,7.837
15203,15369.0,9.895
15204,15370.0,8.239
15205,15371.0,7.475
15206,15372.0,7.515
15207,15373.0,7.125
15208,15374.0,6.883
15209,15375.0,7.395
15210,15376.0,7.355
15211,15377.0,10.857
15212,15378.0,10.336
15213,15379.0,10.897
15214,15380.0,11.08
15215,15381.0,7.355
15216,15382.0,8.467
15217,15383.0,8.547
15218,15384.0,8.908
15219,15385.0,7.797
15220,15386.0,7.757
15221,15387.0,7.194
15222,15388.0,6.843
15223,15389.0,7.515
15224,15390.0,7.435
15225,15391.0,10.456
15226,15392.0,9.55
15227,15393.0,10.296
15228,15394.0,10.616
15229,15395.0,7.716
15230,15396.0,9.189
15231,15397.0,8.118
15232,15398.0,9.855
15233,15399.0,8.306
15234,15400.0,8.038
15235,15401.0,7.125
15236,15402.0,6.763
15237,15403.0,7.355
15238,15404.0,7.475
15239,15405.0,9.51
15240,15406.0,8.199
15241,15407.0,9.309
15242,15408.0,9.855
15243,15409.0,7.837
15244,15410.0,8.627
15245,15411.0,8.707
15246,15412.0,8.426
15247,15413.0,8.948
15248,15414.0,8.4
15249,15415.0,7.125
15250,15416.0,6.601
15251,15417.0,7.355
15252,15418.0,7.716
15253,15419.0,8.078
15254,15420.0,8.507
15255,15421.0,8.828
15256,15422.0,8.627
15257,15423.0,8.199
15258,15425.0,7.194
15259,15426.0,9.735
15260,15427.0,8.239
15261,15428.0,9.63
15262,15429.0,9.149
15263,15430.0,7.274
15264,15431.0,6.843
15265,15432.0,7.355
15266,15433.0,7.515
15267,15434.0,7.355
15268,15435.0,8.988
15269,15436.0,9.815
15270,15437.0,9.63
15271,15438.0,9.149
15272,15439.0,7.435
15273,15440.0,8.359
15274,15441.0,8.988
15275,15442.0,7.917
15276,15443.0,8.707
15277,15444.0,7.475
15278,15445.0,7.044
15279,15446.0,7.004
15280,15447.0,7.435
15281,15448.0,7.636
15282,15449.0,9.655
15283,15450.0,10.897
15284,15451.0,10.697
15285,15452.0,10.016
15286,15453.0,7.314
15287,15454.0,7.958
15288,15455.0,9.735
15289,15456.0,8.386
15290,15457.0,7.475
15291,15458.0,7.556
15292,15459.0,7.125
15293,15460.0,6.924
15294,15461.0,7.395
15295,15462.0,7.395
15296,15463.0,10.897
15297,15464.0,10.296
15298,15465.0,10.817
15299,15466.0,11.08
15300,15467.0,7.355
15301,15468.0,8.547
15302,15469.0,8.346
15303,15470.0,9.028
15304,15471.0,7.797
15305,15472.0,7.837
15306,15473.0,7.165
15307,15474.0,6.763
15308,15475.0,7.314
15309,15476.0,7.515
15310,15477.0,9.695
15311,15478.0,8.467
15312,15479.0,9.55
15313,15480.0,10.016
15314,15481.0,7.837
15315,15482.0,8.868
15316,15483.0,8.587
15317,15484.0,8.707
15318,15485.0,8.828
15319,15486.0,8.319
15320,15487.0,7.125
15321,15488.0,6.521
15322,15489.0,7.314
15323,15490.0,7.314
15324,15491.0,7.234
15325,15492.0,8.587
15326,15493.0,9.43
15327,15494.0,8.988
15328,15495.0,8.627
15329,15496.0,7.274
15330,15497.0,9.309
15331,15498.0,8.627
15332,15499.0,8.747
15333,15500.0,9.55
15334,15501.0,7.395
15335,15502.0,6.843
15336,15503.0,7.355
15337,15504.0,7.395
15338,15505.0,7.515
15339,15506.0,9.309
15340,15507.0,10.576
15341,15508.0,9.975
15342,15509.0,9.695
15343,15510.0,7.355
15344,15511.0,7.877
15345,15512.0,9.55
15346,15513.0,8.118
15347,15514.0,7.676
15348,15515.0,7.596
15349,15516.0,7.085
15350,15517.0,6.924
15351,15519.0,7.435
15352,15520.0,7.274
15353,15521.0,10.416
15354,15522.0,10.576
15355,15523.0,11.0
15356,15524.0,10.817
15357,15525.0,7.314
15358,15526.0,8.279
15359,15527.0,9.068
15360,15528.0,8.747
15361,15529.0,7.596
15362,15530.0,7.596
15363,15531.0,7.205
15364,15532.0,6.843
15365,15533.0,7.596
15366,15534.0,7.395
15367,15535.0,10.576
15368,15536.0,9.735
15369,15537.0,10.456
15370,15538.0,10.777
15371,15539.0,7.596
15372,15540.0,8.988
15373,15541.0,7.998
15374,15542.0,9.735
15375,15543.0,8.158
15376,15544.0,7.998
15377,15545.0,7.205
15378,15546.0,6.682
15379,15547.0,7.395
15380,15548.0,7.475
15381,15549.0,9.51
15382,15550.0,8.118
15383,15551.0,9.309
15384,15552.0,9.815
15385,15553.0,7.958
15386,15554.0,8.467
15387,15555.0,8.707
15388,15556.0,8.319
15389,15557.0,9.068
15390,15558.0,8.467
15391,15559.0,7.165
15392,15560.0,6.682
15393,15561.0,7.395
15394,15562.0,7.636
15395,15563.0,8.199
15396,15564.0,8.426
15397,15565.0,8.788
15398,15566.0,8.707
15399,15567.0,8.199
15400,15568.0,7.194
15401,15569.0,9.655
15402,15570.0,8.158
15403,15571.0,9.695
15404,15572.0,9.068
15405,15573.0,7.274
15406,15574.0,6.803
15407,15575.0,7.355
15408,15576.0,7.355
15409,15577.0,7.274
15410,15578.0,8.707
15411,15579.0,9.55
15412,15580.0,9.149
15413,15581.0,8.707
15414,15582.0,7.314
15415,15583.0,9.068
15416,15584.0,8.747
15417,15585.0,8.507
15418,15586.0,9.47
15419,15587.0,7.435
15420,15588.0,6.964
15421,15589.0,7.314
15422,15590.0,7.475
15423,15591.0,7.515
15424,15592.0,9.43
15425,15593.0,10.657
15426,15594.0,10.096
15427,15595.0,9.655
15428,15596.0,7.355
15429,15597.0,7.837
15430,15598.0,9.63
15431,15599.0,8.158
15432,15600.0,7.596
15433,15601.0,7.515
15434,15602.0,7.044
15435,15603.0,6.883
15436,15604.0,7.395
15437,15605.0,7.355
15438,15606.0,10.857
15439,15607.0,10.336
15440,15608.0,10.857
15441,15609.0,11.12
15442,15610.0,7.314
15443,15612.0,8.507
15444,15613.0,8.467
15445,15614.0,8.988
15446,15615.0,7.757
15447,15616.0,7.757
15448,15617.0,7.165
15449,15618.0,6.763
15450,15619.0,7.274
15451,15620.0,7.475
15452,15621.0,9.975
15453,15622.0,8.908
15454,15623.0,9.815
15455,15624.0,10.296
15456,15625.0,7.757
15457,15626.0,9.389
15458,15627.0,8.346
15459,15628.0,9.229
15460,15629.0,8.707
15461,15630.0,8.279
15462,15631.0,7.125
15463,15632.0,6.682
15464,15633.0,7.395
15465,15634.0,7.636
15466,15635.0,8.279
15467,15636.0,8.4
15468,15637.0,8.747
15469,15638.0,8.707
15470,15639.0,8.199
15471,15640.0,7.165
15472,15641.0,9.59
15473,15642.0,8.118
15474,15643.0,9.775
15475,15644.0,8.988
15476,15645.0,7.234
15477,15646.0,6.763
15478,15647.0,7.355
15479,15648.0,7.355
15480,15649.0,7.435
15481,15650.0,9.149
15482,15651.0,10.296
15483,15652.0,9.735
15484,15653.0,9.47
15485,15654.0,7.314
15486,15655.0,7.797
15487,15656.0,9.349
15488,15657.0,7.998
15489,15658.0,7.998
15490,15659.0,7.515
15491,15660.0,7.165
15492,15661.0,6.883
15493,15662.0,7.435
15494,15663.0,7.435
15495,15664.0,10.84
15496,15665.0,10.216
15497,15666.0,10.737
15498,15667.0,11.04
15499,15668.0,7.395
15500,15669.0,8.587
15501,15670.0,8.158
15502,15671.0,9.189
15503,15672.0,7.877
15504,15673.0,7.837
15505,15674.0,7.165
15506,15675.0,6.843
15507,15676.0,7.234
15508,15677.0,7.435
15509,15678.0,10.216
15510,15679.0,9.229
15511,15680.0,10.056
15512,15681.0,10.456
15513,15682.0,7.716
15514,15683.0,9.47
15515,15684.0,8.199
15516,15685.0,9.59
15517,15686.0,8.467
15518,15687.0,8.078
15519,15688.0,7.125
15520,15689.0,6.803
15521,15690.0,7.395
15522,15691.0,7.475
15523,15692.0,9.63
15524,15693.0,8.359
15525,15694.0,9.47
15526,15695.0,9.895
15527,15696.0,7.877
15528,15697.0,8.747
15529,15698.0,8.707
15530,15699.0,8.587
15531,15700.0,8.908
15532,15701.0,8.359
15533,15702.0,7.205
15534,15704.0,6.722
15535,15705.0,7.395
15536,15706.0,7.556
15537,15707.0,8.507
15538,15708.0,8.279
15539,15709.0,8.747
15540,15710.0,8.948
15541,15711.0,8.158
15542,15712.0,7.165
15543,15713.0,9.47
15544,15714.0,8.038
15545,15715.0,9.895
15546,15716.0,8.908
15547,15717.0,7.234
15548,15718.0,6.763
15549,15719.0,7.395
15550,15720.0,7.395
15551,15721.0,7.274
15552,15722.0,8.707
15553,15723.0,9.51
15554,15724.0,9.189
15555,15725.0,8.747
15556,15726.0,7.314
15557,15727.0,9.028
15558,15728.0,8.788
15559,15729.0,8.426
15560,15730.0,9.349
15561,15731.0,7.435
15562,15732.0,6.924
15563,15733.0,6.843
15564,15734.0,7.475
15565,15735.0,7.314
15566,15736.0,10.536
15567,15737.0,10.496
15568,15738.0,10.96
15569,15739.0,10.96
15570,15740.0,7.314
15571,15741.0,8.359
15572,15742.0,8.868
15573,15743.0,8.747
15574,15744.0,7.716
15575,15745.0,7.676
15576,15746.0,7.194
15577,15747.0,6.763
15578,15748.0,7.355
15579,15749.0,7.475
15580,15750.0,10.136
15581,15751.0,9.028
15582,15752.0,9.975
15583,15753.0,10.336
15584,15754.0,7.716
15585,15755.0,9.51
15586,15756.0,8.319
15587,15757.0,9.349
15588,15758.0,8.587
15589,15759.0,8.199
15590,15760.0,7.085
15591,15761.0,6.682
15592,15762.0,7.274
15593,15763.0,7.475
15594,15764.0,8.908
15595,15765.0,8.118
15596,15766.0,8.667
15597,15767.0,9.349
15598,15768.0,8.038
15599,15769.0,7.596
15600,15770.0,9.068
15601,15771.0,7.958
15602,15772.0,9.55
15603,15773.0,8.667
15604,15774.0,7.234
15605,15775.0,6.682
15606,15776.0,7.395
15607,15777.0,7.355
15608,15778.0,7.395
15609,15779.0,8.627
15610,15780.0,9.309
15611,15781.0,8.988
15612,15782.0,8.547
15613,15783.0,7.314
15614,15784.0,9.43
15615,15785.0,8.587
15616,15786.0,8.908
15617,15787.0,9.63
15618,15788.0,7.395
15619,15789.0,6.924
15620,15790.0,7.274
15621,15791.0,7.395
15622,15792.0,7.515
15623,15793.0,9.349
15624,15794.0,10.697
15625,15796.0,10.096
15626,15797.0,9.59
15627,15798.0,7.314
15628,15799.0,7.837
15629,15800.0,9.63
15630,15801.0,8.118
15631,15802.0,7.515
15632,15803.0,7.515
15633,15804.0,7.085
15634,15805.0,6.924
15635,15806.0,7.435
15636,15807.0,7.395
15637,15808.0,10.697
15638,15809.0,10.456
15639,15810.0,10.92
15640,15811.0,11.08
15641,15812.0,7.274
15642,15813.0,8.426
15643,15814.0,8.747
15644,15815.0,8.828
15645,15816.0,7.676
15646,15817.0,7.716
15647,15818.0,7.165
15648,15819.0,6.924
15649,15820.0,7.636
15650,15821.0,7.435
15651,15822.0,10.456
15652,15823.0,9.63
15653,15824.0,10.336
15654,15825.0,10.697
15655,15826.0,7.596
15656,15827.0,9.149
15657,15828.0,7.998
15658,15829.0,9.935
15659,15830.0,8.239
15660,15831.0,7.998
15661,15832.0,7.165
15662,15833.0,6.803
15663,15834.0,7.355
15664,15835.0,7.475
15665,15836.0,9.775
15666,15837.0,8.547
15667,15838.0,9.59
15668,15839.0,10.056
15669,15840.0,7.837
15670,15841.0,8.948
15671,15842.0,8.547
15672,15843.0,8.828
15673,15844.0,8.788
15674,15845.0,8.279
15675,15846.0,7.125
15676,15847.0,6.682
15677,15848.0,7.355
15678,15849.0,7.556
15679,15850.0,8.547
15680,15851.0,8.239
15681,15852.0,8.627
15682,15853.0,8.988
15683,15854.0,8.118
15684,15855.0,7.165
15685,15856.0,9.349
15686,15857.0,7.998
15687,15858.0,9.895
15688,15859.0,8.868
15689,15860.0,7.234
15690,15861.0,6.722
15691,15862.0,7.395
15692,15863.0,7.314
15693,15864.0,7.314
15694,15865.0,8.667
15695,15866.0,9.59
15696,15867.0,9.109
15697,15868.0,8.707
15698,15869.0,7.314
15699,15870.0,9.149
15700,15871.0,8.707
15701,15872.0,8.587
15702,15873.0,9.43
15703,15874.0,7.395
15704,15875.0,6.883
15705,15876.0,7.314
15706,15877.0,7.395
15707,15878.0,7.556
15708,15879.0,9.47
15709,15880.0,10.92
15710,15881.0,10.376
15711,15882.0,9.735
15712,15883.0,7.355
15713,15884.0,7.837
15714,15885.0,9.895
15715,15886.0,8.239
15716,15887.0,7.515
15717,15888.0,7.515
15718,15889.0,7.125
15719,15891.0,6.883
15720,15892.0,7.435
15721,15893.0,7.355
15722,15894.0,10.88
15723,15895.0,10.376
15724,15896.0,10.88
15725,15897.0,11.12
15726,15898.0,7.395
15727,15899.0,8.507
15728,15900.0,8.587
15729,15901.0,8.948
15730,15902.0,7.797
15731,15903.0,7.716
15732,15904.0,7.234
15733,15905.0,6.843
15734,15906.0,7.395
15735,15907.0,7.435
15736,15908.0,10.376
15737,15909.0,9.47
15738,15910.0,10.216
15739,15911.0,10.576
15740,15912.0,7.636
15741,15913.0,9.229
15742,15914.0,8.078
15743,15915.0,9.855
15744,15916.0,8.319
15745,15917.0,8.078
15746,15918.0,7.125
15747,15919.0,6.803
15748,15920.0,7.395
15749,15921.0,7.515
15750,15922.0,9.51
15751,15923.0,8.199
15752,15924.0,9.309
15753,15925.0,9.855
15754,15926.0,7.877
15755,15927.0,8.587
15756,15928.0,8.747
15757,15929.0,8.386
15758,15930.0,8.988
15759,15931.0,8.4
15760,15932.0,7.165
15761,15933.0,6.763
15762,15934.0,7.395
15763,15935.0,7.636
15764,15936.0,8.239
15765,15937.0,8.426
15766,15938.0,8.747
15767,15939.0,8.788
15768,15940.0,8.158
15769,15941.0,7.234
15770,15942.0,9.55
15771,15943.0,8.199
15772,15944.0,9.775
15773,15945.0,9.068
15774,15946.0,7.234
15775,15947.0,6.722
15776,15948.0,7.355
15777,15949.0,7.395
15778,15950.0,7.435
15779,15951.0,9.149
15780,15952.0,10.216
15781,15953.0,9.695
15782,15954.0,9.43
15783,15955.0,7.314
15784,15956.0,7.797
15785,15957.0,9.309
15786,15958.0,7.998
15787,15959.0,8.158
15788,15960.0,7.556
15789,15961.0,7.125
15790,15962.0,7.274
15791,15963.0,7.395
15792,15964.0,7.596
15793,15965.0,9.51
15794,15966.0,10.92
15795,15967.0,10.496
15796,15968.0,9.855
15797,15969.0,7.314
15798,15970.0,7.917
15799,15971.0,9.895
15800,15972.0,8.319
15801,15973.0,7.475
15802,15974.0,7.556
15803,15975.0,7.085
15804,15976.0,7.044
15805,15977.0,7.395
15806,15978.0,7.716
15807,15979.0,9.775
15808,15980.0,10.897
15809,15981.0,10.817
15810,15983.0,10.176
15811,15984.0,7.355
15812,15985.0,8.078
15813,15986.0,9.695
15814,15987.0,8.467
15815,15988.0,7.515
15816,15989.0,7.556
15817,15990.0,7.165
15818,15991.0,6.883
15819,15992.0,7.475
15820,15993.0,7.435
15821,15994.0,10.857
15822,15995.0,10.136
15823,15996.0,10.737
15824,15997.0,10.96
15825,15998.0,7.435
15826,15999.0,8.547
15827,16000.0,8.038
15828,16001.0,9.189
15829,16002.0,7.917
15830,16003.0,7.837
15831,16004.0,7.205
15832,16005.0,6.843
15833,16006.0,7.234
15834,16007.0,7.435
15835,16008.0,10.216
15836,16009.0,9.229
15837,16010.0,10.056
15838,16011.0,10.456
15839,16012.0,7.757
15840,16013.0,9.51
15841,16014.0,8.239
15842,16015.0,9.55
15843,16016.0,8.547
15844,16017.0,8.158
15845,16018.0,7.154
15846,16019.0,6.763
15847,16020.0,7.314
15848,16021.0,7.515
15849,16022.0,9.309
15850,16023.0,8.038
15851,16024.0,9.109
15852,16025.0,9.615
15853,16026.0,7.958
15854,16027.0,8.158
15855,16028.0,8.788
15856,16029.0,7.998
15857,16030.0,9.229
15858,16031.0,8.467
15859,16032.0,7.194
15860,16033.0,6.682
15861,16034.0,7.355
15862,16035.0,7.395
15863,16036.0,7.676
15864,16037.0,8.627
15865,16038.0,9.068
15866,16039.0,8.747
15867,16040.0,8.359
15868,16041.0,7.194
15869,16042.0,9.775
15870,16043.0,8.359
15871,16044.0,9.309
15872,16045.0,9.349
15873,16046.0,7.314
15874,16047.0,6.883
15875,16048.0,7.395
15876,16049.0,7.435
15877,16050.0,7.314
15878,16051.0,8.788
15879,16052.0,9.51
15880,16053.0,9.349
15881,16054.0,8.908
15882,16055.0,7.395
15883,16056.0,8.788
15884,16057.0,8.788
15885,16058.0,8.158
15886,16059.0,9.149
15887,16060.0,7.435
15888,16061.0,7.004
15889,16062.0,7.314
15890,16063.0,7.475
15891,16064.0,7.556
15892,16065.0,9.47
15893,16066.0,10.857
15894,16067.0,10.256
15895,16068.0,9.655
15896,16069.0,7.314
15897,16070.0,7.877
15898,16071.0,9.775
15899,16072.0,8.199
15900,16073.0,7.475
15901,16074.0,7.515
15902,16075.0,7.085
15903,16077.0,6.924
15904,16078.0,7.395
15905,16079.0,7.395
15906,16080.0,10.817
15907,16081.0,10.376
15908,16082.0,10.857
15909,16083.0,11.08
15910,16084.0,7.314
15911,16085.0,8.507
15912,16086.0,8.547
15913,16087.0,8.948
15914,16088.0,7.757
15915,16089.0,7.757
15916,16090.0,7.165
15917,16091.0,6.803
15918,16092.0,7.234
15919,16093.0,7.475
15920,16094.0,10.176
15921,16095.0,9.229
15922,16096.0,10.016
15923,16097.0,10.456
15924,16098.0,7.676
15925,16099.0,9.51
15926,16100.0,8.199
15927,16101.0,9.63
15928,16102.0,8.467
15929,16103.0,8.158
15930,16104.0,7.125
15931,16105.0,6.803
15932,16106.0,7.274
15933,16107.0,7.515
15934,16108.0,9.269
15935,16109.0,8.038
15936,16110.0,9.028
15937,16111.0,9.63
15938,16112.0,7.917
15939,16113.0,8.158
15940,16114.0,8.788
15941,16115.0,7.998
15942,16116.0,9.229
15943,16117.0,8.467
15944,16118.0,7.234
15945,16119.0,6.642
15946,16120.0,7.355
15947,16121.0,7.314
15948,16122.0,7.274
15949,16123.0,8.627
15950,16124.0,9.43
15951,16125.0,8.988
15952,16126.0,8.627
15953,16127.0,7.274
15954,16128.0,9.309
15955,16129.0,8.627
15956,16130.0,8.788
15957,16131.0,9.55
15958,16132.0,7.435
15959,16133.0,6.883
15960,16134.0,7.355
15961,16135.0,7.435
15962,16136.0,7.596
15963,16137.0,9.43
15964,16138.0,10.817
15965,16139.0,10.136
15966,16140.0,9.67
15967,16141.0,7.355
15968,16142.0,7.837
15969,16143.0,9.695
15970,16144.0,8.158
15971,16145.0,7.475
15972,16146.0,7.515
15973,16147.0,7.085
15974,16148.0,6.924
15975,16149.0,7.435
15976,16150.0,7.274
15977,16151.0,10.376
15978,16152.0,10.576
15979,16153.0,11.04
15980,16154.0,10.777
15981,16155.0,7.314
15982,16156.0,8.279
15983,16157.0,9.068
15984,16158.0,8.747
15985,16159.0,7.636
15986,16160.0,7.636
15987,16161.0,7.205
15988,16162.0,6.722
15989,16163.0,7.274
15990,16164.0,7.435
15991,16165.0,10.136
15992,16166.0,9.068
15993,16168.0,9.975
15994,16169.0,10.336
15995,16170.0,7.757
15996,16171.0,9.47
15997,16172.0,8.319
15998,16173.0,9.349
15999,16174.0,8.667
16000,16175.0,8.158
16001,16176.0,7.165
16002,16177.0,6.642
16003,16178.0,7.355
16004,16179.0,7.475
16005,16180.0,8.868
16006,16181.0,8.118
16007,16182.0,8.587
16008,16183.0,9.269
16009,16184.0,8.038
16010,16185.0,7.435
16011,16186.0,9.109
16012,16187.0,7.958
16013,16188.0,9.59
16014,16189.0,8.667
16015,16190.0,7.234
16016,16191.0,6.722
16017,16192.0,7.044
16018,16193.0,7.435
16019,16194.0,7.636
16020,16195.0,9.63
16021,16196.0,10.897
16022,16197.0,10.657
16023,16198.0,9.895
16024,16199.0,7.355
16025,16200.0,7.917
16026,16201.0,9.855
16027,16202.0,8.306
16028,16203.0,7.515
16029,16204.0,7.515
16030,16205.0,7.125
16031,16206.0,6.843
16032,16207.0,7.515
16033,16208.0,7.435
16034,16209.0,10.857
16035,16210.0,10.056
16036,16211.0,10.697
16037,16212.0,10.96
16038,16213.0,7.515
16039,16214.0,8.667
16040,16215.0,7.958
16041,16216.0,9.269
16042,16217.0,7.958
16043,16218.0,7.877
16044,16219.0,7.165
16045,16220.0,6.843
16046,16221.0,7.234
16047,16222.0,7.475
16048,16223.0,10.176
16049,16224.0,9.229
16050,16225.0,10.056
16051,16226.0,10.456
16052,16227.0,7.716
16053,16228.0,9.51
16054,16229.0,8.239
16055,16230.0,9.55
16056,16231.0,8.507
16057,16232.0,8.158
16058,16233.0,7.125
16059,16234.0,6.642
16060,16235.0,7.355
16061,16236.0,7.596
16062,16237.0,8.44
16063,16238.0,8.359
16064,16239.0,8.667
16065,16240.0,8.948
16066,16241.0,8.078
16067,16242.0,7.194
16068,16243.0,9.43
16069,16244.0,8.078
16070,16245.0,9.895
16071,16246.0,8.948
16072,16247.0,7.234
16073,16248.0,6.843
16074,16249.0,7.355
16075,16250.0,7.435
16076,16251.0,7.395
16077,16252.0,9.068
16078,16253.0,9.935
16079,16254.0,9.655
16080,16255.0,9.189
16081,16256.0,7.355
16082,16257.0,8.199
16083,16258.0,9.068
16084,16259.0,7.917
16085,16260.0,8.547
16086,16262.0,7.475
16087,16263.0,7.044
16088,16264.0,6.883
16089,16265.0,7.435
16090,16266.0,7.314
16091,16267.0,10.336
16092,16268.0,10.576
16093,16269.0,11.0
16094,16270.0,10.737
16095,16271.0,7.314
16096,16272.0,8.279
16097,16273.0,9.109
16098,16274.0,8.788
16099,16275.0,7.596
16100,16276.0,7.636
16101,16277.0,7.205
16102,16278.0,6.843
16103,16279.0,7.515
16104,16280.0,7.435
16105,16281.0,10.376
16106,16282.0,9.59
16107,16283.0,10.256
16108,16284.0,10.697
16109,16285.0,7.676
16110,16286.0,9.229
16111,16287.0,8.078
16112,16288.0,9.935
16113,16289.0,8.279
16114,16290.0,8.078
16115,16291.0,7.125
16116,16292.0,6.843
16117,16293.0,7.355
16118,16294.0,7.475
16119,16295.0,9.59
16120,16296.0,8.279
16121,16297.0,9.389
16122,16298.0,9.895
16123,16299.0,7.877
16124,16300.0,8.707
16125,16301.0,8.667
16126,16302.0,8.547
16127,16303.0,8.908
16128,16304.0,8.319
16129,16305.0,7.165
16130,16306.0,6.763
16131,16307.0,7.314
16132,16308.0,7.475
16133,16309.0,8.828
16134,16310.0,8.158
16135,16311.0,8.587
16136,16312.0,9.269
16137,16313.0,8.078
16138,16314.0,7.475
16139,16315.0,9.149
16140,16316.0,7.958
16141,16317.0,9.615
16142,16318.0,8.707
16143,16319.0,7.274
16144,16320.0,6.763
16145,16321.0,7.395
16146,16322.0,7.314
16147,16323.0,7.274
16148,16324.0,8.587
16149,16325.0,9.43
16150,16326.0,8.988
16151,16327.0,8.627
16152,16328.0,7.234
16153,16329.0,9.389
16154,16330.0,8.587
16155,16331.0,8.828
16156,16332.0,9.59
16157,16333.0,7.435
16158,16334.0,6.883
16159,16335.0,6.883
16160,16336.0,7.435
16161,16337.0,7.636
16162,16338.0,9.775
16163,16339.0,10.857
16164,16340.0,10.777
16165,16341.0,10.056
16166,16342.0,7.355
16167,16343.0,7.998
16168,16344.0,9.735
16169,16345.0,8.426
16170,16346.0,7.515
16171,16347.0,7.596
16172,16348.0,7.165
16173,16349.0,6.883
16174,16350.0,7.475
16175,16351.0,7.435
16176,16353.0,10.84
16177,16354.0,10.176
16178,16355.0,10.737
16179,16356.0,11.0
16180,16357.0,7.435
16181,16358.0,8.547
16182,16359.0,8.078
16183,16360.0,9.189
16184,16361.0,7.917
16185,16362.0,7.837
16186,16363.0,7.194
16187,16364.0,6.843
16188,16365.0,7.274
16189,16366.0,7.435
16190,16367.0,10.216
16191,16368.0,9.149
16192,16369.0,10.096
16193,16370.0,10.416
16194,16371.0,7.757
16195,16372.0,9.55
16196,16373.0,8.239
16197,16374.0,9.51
16198,16375.0,8.547
16199,16376.0,8.158
16200,16377.0,7.125
16201,16378.0,6.722
16202,16379.0,7.274
16203,16380.0,7.475
16204,16381.0,9.028
16205,16382.0,8.078
16206,16383.0,8.788
16207,16384.0,9.43
16208,16385.0,7.998
16209,16386.0,7.757
16210,16387.0,8.988
16211,16388.0,7.917
16212,16389.0,9.43
16213,16390.0,8.587
16214,16391.0,7.194
16215,16392.0,6.682
16216,16393.0,7.314
16217,16394.0,7.355
16218,16395.0,7.234
16219,16396.0,8.707
16220,16397.0,9.55
16221,16398.0,9.149
16222,16399.0,8.707
16223,16400.0,7.355
16224,16401.0,9.068
16225,16402.0,8.788
16226,16403.0,8.507
16227,16404.0,9.47
16228,16405.0,7.435
16229,16406.0,7.044
16230,16407.0,7.395
16231,16408.0,7.475
16232,16409.0,7.435
16233,16410.0,9.109
16234,16411.0,10.136
16235,16412.0,9.655
16236,16413.0,9.349
16237,16414.0,7.314
16238,16415.0,7.797
16239,16416.0,9.269
16240,16417.0,7.958
16241,16418.0,8.199
16242,16419.0,7.475
16243,16420.0,7.125
16244,16421.0,6.843
16245,16422.0,7.515
16246,16423.0,7.395
16247,16424.0,10.616
16248,16425.0,9.775
16249,16426.0,10.376
16250,16427.0,10.737
16251,16428.0,7.596
16252,16429.0,9.109
16253,16430.0,7.998
16254,16431.0,9.855
16255,16432.0,8.359
16256,16433.0,8.118
16257,16434.0,7.125
16258,16435.0,6.763
16259,16436.0,7.274
16260,16437.0,7.515
16261,16438.0,8.868
16262,16439.0,8.199
16263,16440.0,8.547
16264,16441.0,9.109
16265,16442.0,8.078
16266,16443.0,7.234
16267,16444.0,9.43
16268,16446.0,8.118
16269,16447.0,9.775
16270,16448.0,9.109
16271,16449.0,7.274
16272,16450.0,6.803
16273,16451.0,7.355
16274,16452.0,7.395
16275,16453.0,7.515
16276,16454.0,9.349
16277,16455.0,10.737
16278,16456.0,10.216
16279,16457.0,9.655
16280,16458.0,7.314
16281,16459.0,7.917
16282,16460.0,9.815
16283,16461.0,8.359
16284,16462.0,7.515
16285,16463.0,7.556
16286,16464.0,7.125
16287,16465.0,6.964
16288,16466.0,7.435
16289,16467.0,7.435
16290,16468.0,10.857
16291,16469.0,10.176
16292,16470.0,10.657
16293,16471.0,10.897
16294,16472.0,7.435
16295,16473.0,8.667
16296,16474.0,7.877
16297,16475.0,9.349
16298,16476.0,7.958
16299,16477.0,7.958
16300,16478.0,7.165
16301,16479.0,6.924
16302,16480.0,7.234
16303,16481.0,7.515
16304,16482.0,10.296
16305,16483.0,9.389
16306,16484.0,10.096
16307,16485.0,10.536
16308,16486.0,7.676
16309,16487.0,9.389
16310,16488.0,8.118
16311,16489.0,9.735
16312,16490.0,8.386
16313,16491.0,8.078
16314,16492.0,7.125
16315,16493.0,6.601
16316,16494.0,7.274
16317,16495.0,7.475
16318,16496.0,9.068
16319,16497.0,8.078
16320,16498.0,8.828
16321,16499.0,9.43
16322,16500.0,8.038
16323,16501.0,7.837
16324,16502.0,8.948
16325,16503.0,7.917
16326,16504.0,9.389
16327,16505.0,8.507
16328,16506.0,7.194
16329,16507.0,6.682
16330,16508.0,7.355
16331,16509.0,7.274
16332,16510.0,7.395
16333,16511.0,8.507
16334,16512.0,9.189
16335,16513.0,8.788
16336,16514.0,8.467
16337,16515.0,7.234
16338,16516.0,9.67
16339,16517.0,8.426
16340,16518.0,9.149
16341,16519.0,9.47
16342,16520.0,7.395
16343,16521.0,6.883
16344,16522.0,7.435
16345,16523.0,7.395
16346,16524.0,7.475
16347,16525.0,9.028
16348,16526.0,10.016
16349,16527.0,9.615
16350,16528.0,9.269
16351,16529.0,7.355
16352,16530.0,8.158
16353,16531.0,9.068
16354,16532.0,7.917
16355,16533.0,8.547
16356,16534.0,7.475
16357,16535.0,7.085
16358,16536.0,6.883
16359,16538.0,7.515
16360,16539.0,7.355
16361,16540.0,10.817
16362,16541.0,10.376
16363,16542.0,10.897
16364,16543.0,11.12
16365,16544.0,7.355
16366,16545.0,8.507
16367,16546.0,8.667
16368,16547.0,8.868
16369,16548.0,7.797
16370,16549.0,7.716
16371,16550.0,7.205
16372,16551.0,6.803
16373,16552.0,7.274
16374,16553.0,7.435
16375,16554.0,10.256
16376,16555.0,9.269
16377,16556.0,10.096
16378,16557.0,10.456
16379,16558.0,7.757
16380,16559.0,9.51
16381,16560.0,8.239
16382,16561.0,9.63
16383,16562.0,8.507
16384,16563.0,8.118
16385,16564.0,7.205
16386,16565.0,6.561
16387,16566.0,7.355
16388,16567.0,7.596
16389,16568.0,8.359
16390,16569.0,8.359
16391,16570.0,8.707
16392,16571.0,8.828
16393,16572.0,8.118
16394,16573.0,7.154
16395,16574.0,9.51
16396,16575.0,8.078
16397,16576.0,9.855
16398,16577.0,8.988
16399,16578.0,7.234
16400,16579.0,6.763
16401,16580.0,7.314
16402,16581.0,7.435
16403,16582.0,7.515
16404,16583.0,9.309
16405,16584.0,10.576
16406,16585.0,9.975
16407,16586.0,9.655
16408,16587.0,7.395
16409,16588.0,7.797
16410,16589.0,9.59
16411,16590.0,8.078
16412,16591.0,7.716
16413,16592.0,7.515
16414,16593.0,7.205
16415,16594.0,6.883
16416,16595.0,7.475
16417,16596.0,7.314
16418,16597.0,10.616
16419,16598.0,10.496
16420,16599.0,11.0
16421,16600.0,10.96
16422,16601.0,7.355
16423,16602.0,8.386
16424,16603.0,8.868
16425,16604.0,8.747
16426,16605.0,7.676
16427,16606.0,7.757
16428,16607.0,7.205
16429,16608.0,6.843
16430,16609.0,7.716
16431,16610.0,7.435
16432,16611.0,10.496
16433,16612.0,9.63
16434,16613.0,10.336
16435,16614.0,10.697
16436,16615.0,7.676
16437,16616.0,9.149
16438,16617.0,7.998
16439,16618.0,9.895
16440,16619.0,8.239
16441,16620.0,8.038
16442,16621.0,7.125
16443,16622.0,6.763
16444,16623.0,7.274
16445,16624.0,7.475
16446,16625.0,8.948
16447,16626.0,8.118
16448,16627.0,8.747
16449,16628.0,9.47
16450,16630.0,7.998
16451,16631.0,7.716
16452,16632.0,9.028
16453,16633.0,7.998
16454,16634.0,9.51
16455,16635.0,8.667
16456,16636.0,7.234
16457,16637.0,6.763
16458,16638.0,7.314
16459,16639.0,7.395
16460,16640.0,7.274
16461,16641.0,8.587
16462,16642.0,9.43
16463,16643.0,8.988
16464,16644.0,8.627
16465,16645.0,7.274
16466,16646.0,9.389
16467,16647.0,8.587
16468,16648.0,8.828
16469,16649.0,9.55
16470,16650.0,7.395
16471,16651.0,6.843
16472,16652.0,7.355
16473,16653.0,7.395
16474,16654.0,7.435
16475,16655.0,9.109
16476,16656.0,10.216
16477,16657.0,9.655
16478,16658.0,9.43
16479,16659.0,7.355
16480,16660.0,7.797
16481,16661.0,9.229
16482,16662.0,7.998
16483,16663.0,8.199
16484,16664.0,7.515
16485,16665.0,7.125
16486,16666.0,6.964
16487,16667.0,7.395
16488,16668.0,7.716
16489,16669.0,9.775
16490,16670.0,10.857
16491,16671.0,10.857
16492,16672.0,10.176
16493,16673.0,7.355
16494,16674.0,8.078
16495,16675.0,9.655
16496,16676.0,8.507
16497,16677.0,7.475
16498,16678.0,7.556
16499,16679.0,7.125
16500,16680.0,6.964
16501,16681.0,7.475
16502,16682.0,7.355
16503,16683.0,10.777
16504,16684.0,10.376
16505,16685.0,10.88
16506,16686.0,11.12
16507,16687.0,7.314
16508,16688.0,8.426
16509,16689.0,8.587
16510,16690.0,8.868
16511,16691.0,7.757
16512,16692.0,7.716
16513,16693.0,7.205
16514,16694.0,6.722
16515,16695.0,7.274
16516,16696.0,7.435
16517,16697.0,9.975
16518,16698.0,8.828
16519,16699.0,9.855
16520,16700.0,10.256
16521,16701.0,7.797
16522,16702.0,9.349
16523,16703.0,8.426
16524,16704.0,9.229
16525,16705.0,8.747
16526,16706.0,8.199
16527,16707.0,7.165
16528,16708.0,6.642
16529,16709.0,7.435
16530,16710.0,7.596
16531,16711.0,8.359
16532,16712.0,8.359
16533,16713.0,8.747
16534,16714.0,8.828
16535,16715.0,8.199
16536,16716.0,7.154
16537,16717.0,9.51
16538,16718.0,8.078
16539,16719.0,9.855
16540,16720.0,8.948
16541,16721.0,7.234
16542,16723.0,6.722
16543,16724.0,6.883
16544,16725.0,7.435
16545,16726.0,7.676
16546,16727.0,9.895
16547,16728.0,10.777
16548,16729.0,10.96
16549,16730.0,10.216
16550,16731.0,7.355
16551,16732.0,8.078
16552,16733.0,9.59
16553,16734.0,8.507
16554,16735.0,7.515
16555,16736.0,7.596
16556,16737.0,7.165
16557,16738.0,6.803
16558,16739.0,7.556
16559,16740.0,7.395
16560,16741.0,10.657
16561,16742.0,9.895
16562,16743.0,10.536
16563,16744.0,10.857
16564,16745.0,7.556
16565,16746.0,8.828
16566,16747.0,7.958
16567,16748.0,9.51
16568,16749.0,8.118
16569,16750.0,7.998
16570,16751.0,7.194
16571,16752.0,6.722
16572,16753.0,7.395
16573,16754.0,7.515
16574,16755.0,9.775
16575,16756.0,8.467
16576,16757.0,9.55
16577,16758.0,10.016
16578,16759.0,7.837
16579,16760.0,8.868
16580,16761.0,8.587
16581,16762.0,8.747
16582,16763.0,8.828
16583,16764.0,8.319
16584,16765.0,7.125
16585,16766.0,6.722
16586,16767.0,7.395
16587,16768.0,7.596
16588,16769.0,8.587
16589,16770.0,8.279
16590,16771.0,8.627
16591,16772.0,9.068
16592,16773.0,8.118
16593,16774.0,7.194
16594,16775.0,9.349
16595,16776.0,8.038
16596,16777.0,9.855
16597,16778.0,8.868
16598,16779.0,7.234
16599,16780.0,6.803
16600,16781.0,7.355
16601,16782.0,7.435
16602,16783.0,7.314
16603,16784.0,8.868
16604,16785.0,9.59
16605,16786.0,9.43
16606,16787.0,8.908
16607,16788.0,7.435
16608,16789.0,8.667
16609,16790.0,8.868
16610,16791.0,7.998
16611,16792.0,9.068
16612,16793.0,7.435
16613,16794.0,7.004
16614,16795.0,7.125
16615,16796.0,7.435
16616,16797.0,7.596
16617,16798.0,9.55
16618,16799.0,10.92
16619,16800.0,10.536
16620,16801.0,9.855
16621,16802.0,7.314
16622,16803.0,7.917
16623,16804.0,9.855
16624,16805.0,8.279
16625,16806.0,7.475
16626,16807.0,7.556
16627,16808.0,7.085
16628,16809.0,6.883
16629,16810.0,7.475
16630,16811.0,7.475
16631,16812.0,10.777
16632,16813.0,10.096
16633,16814.0,10.657
16634,16816.0,10.96
16635,16817.0,7.435
16636,16818.0,8.667
16637,16819.0,7.877
16638,16820.0,9.349
16639,16821.0,7.917
16640,16822.0,7.917
16641,16823.0,7.165
16642,16824.0,6.843
16643,16825.0,7.314
16644,16826.0,7.515
16645,16827.0,10.056
16646,16828.0,8.988
16647,16829.0,9.815
16648,16830.0,10.336
16649,16831.0,7.757
16650,16832.0,9.43
16651,16833.0,8.359
16652,16834.0,9.229
16653,16835.0,8.667
16654,16836.0,8.199
16655,16837.0,7.125
16656,16838.0,6.682
16657,16839.0,7.314
16658,16840.0,7.475
16659,16841.0,8.908
16660,16842.0,8.118
16661,16843.0,8.667
16662,16844.0,9.309
16663,16845.0,8.038
16664,16846.0,7.556
16665,16847.0,9.068
16666,16848.0,7.917
16667,16849.0,9.55
16668,16850.0,8.627
16669,16851.0,7.234
16670,16852.0,6.682
16671,16853.0,7.395
16672,16854.0,7.274
16673,16855.0,7.596
16674,16856.0,8.667
16675,16857.0,9.149
16676,16858.0,8.747
16677,16859.0,8.426
16678,16860.0,7.194
16679,16861.0,9.775
16680,16862.0,8.4
16681,16863.0,9.309
16682,16864.0,9.389
16683,16865.0,7.395
16684,16866.0,6.803
16685,16867.0,7.395
16686,16868.0,7.395
16687,16869.0,7.515
16688,16870.0,9.229
16689,16871.0,10.376
16690,16872.0,9.815
16691,16873.0,9.51
16692,16874.0,7.355
16693,16875.0,7.757
16694,16876.0,9.389
16695,16877.0,7.958
16696,16878.0,7.998
16697,16879.0,7.475
16698,16880.0,7.085
16699,16881.0,6.883
16700,16882.0,7.475
16701,16883.0,7.314
16702,16884.0,10.576
16703,16885.0,10.496
16704,16886.0,10.96
16705,16887.0,10.92
16706,16888.0,7.314
16707,16889.0,8.346
16708,16890.0,8.868
16709,16891.0,8.747
16710,16892.0,7.676
16711,16893.0,7.676
16712,16894.0,7.205
16713,16895.0,6.763
16714,16896.0,7.274
16715,16897.0,7.435
16716,16898.0,10.216
16717,16899.0,9.189
16718,16900.0,10.056
16719,16901.0,10.416
16720,16902.0,7.757
16721,16903.0,9.51
16722,16904.0,8.279
16723,16905.0,9.55
16724,16906.0,8.547
16725,16907.0,8.118
16726,16909.0,7.113
16727,16910.0,6.763
16728,16911.0,7.234
16729,16912.0,7.515
16730,16913.0,9.309
16731,16914.0,8.078
16732,16915.0,9.109
16733,16916.0,9.695
16734,16917.0,7.917
16735,16918.0,8.239
16736,16919.0,8.788
16737,16920.0,8.078
16738,16921.0,9.189
16739,16922.0,8.467
16740,16923.0,7.154
16741,16924.0,6.642
16742,16925.0,7.314
16743,16926.0,7.676
16744,16927.0,7.877
16745,16928.0,8.587
16746,16929.0,8.948
16747,16930.0,8.667
16748,16931.0,8.279
16749,16932.0,7.194
16750,16933.0,9.855
16751,16934.0,8.306
16752,16935.0,9.47
16753,16936.0,9.269
16754,16937.0,7.274
16755,16938.0,6.883
16756,16939.0,7.355
16757,16940.0,7.475
16758,16941.0,7.355
16759,16942.0,8.988
16760,16943.0,9.775
16761,16944.0,9.615
16762,16945.0,9.068
16763,16946.0,7.435
16764,16947.0,8.467
16765,16948.0,8.908
16766,16949.0,7.877
16767,16950.0,8.788
16768,16951.0,7.475
16769,16952.0,7.004
16770,16953.0,6.924
16771,16954.0,7.435
16772,16955.0,7.475
16773,16956.0,10.016
16774,16957.0,10.737
16775,16958.0,11.08
16776,16959.0,10.416
16777,16960.0,7.314
16778,16961.0,8.158
16779,16962.0,9.43
16780,16963.0,8.587
16781,16964.0,7.515
16782,16965.0,7.596
16783,16966.0,7.165
16784,16967.0,6.883
16785,16968.0,7.515
16786,16969.0,7.435
16787,16970.0,10.697
16788,16971.0,9.975
16789,16972.0,10.616
16790,16973.0,10.92
16791,16974.0,7.515
16792,16975.0,8.828
16793,16976.0,7.917
16794,16977.0,9.51
16795,16978.0,7.998
16796,16979.0,7.998
16797,16980.0,7.194
16798,16981.0,6.843
16799,16982.0,7.314
16800,16983.0,7.475
16801,16984.0,9.895
16802,16985.0,8.747
16803,16986.0,9.695
16804,16987.0,10.176
16805,16988.0,7.797
16806,16989.0,9.189
16807,16990.0,8.426
16808,16991.0,9.068
16809,16992.0,8.788
16810,16993.0,8.239
16811,16994.0,7.165
16812,16995.0,6.521
16813,16996.0,7.355
16814,16997.0,7.556
16815,16998.0,7.837
16816,16999.0,8.587
16817,17000.0,8.988
16818,17001.0,8.747
16819,17003.0,8.346
16820,17004.0,7.194
16821,17005.0,9.895
16822,17006.0,8.266
16823,17007.0,9.47
16824,17008.0,9.229
16825,17009.0,7.355
16826,17010.0,6.843
16827,17011.0,7.314
16828,17012.0,7.395
16829,17013.0,7.596
16830,17014.0,9.47
16831,17015.0,11.0
16832,17016.0,10.416
16833,17017.0,9.815
16834,17018.0,7.314
16835,17019.0,7.958
16836,17020.0,9.935
16837,17021.0,8.319
16838,17022.0,7.475
16839,17023.0,7.515
16840,17024.0,7.125
16841,17025.0,6.883
16842,17026.0,7.435
16843,17027.0,7.314
16844,17028.0,10.737
16845,17029.0,10.416
16846,17030.0,10.897
16847,17031.0,11.12
16848,17032.0,7.314
16849,17033.0,8.426
16850,17034.0,8.667
16851,17035.0,8.868
16852,17036.0,7.757
16853,17037.0,7.716
16854,17038.0,7.165
16855,17039.0,6.843
16856,17040.0,7.676
16857,17041.0,7.395
16858,17042.0,10.496
16859,17043.0,9.59
16860,17044.0,10.336
16861,17045.0,10.657
16862,17046.0,7.636
16863,17047.0,9.109
16864,17048.0,8.038
16865,17049.0,9.895
16866,17050.0,8.279
16867,17051.0,7.998
16868,17052.0,7.194
16869,17053.0,6.642
16870,17054.0,7.314
16871,17055.0,7.435
16872,17056.0,9.229
16873,17057.0,8.078
16874,17058.0,9.028
16875,17059.0,9.59
16876,17060.0,8.038
16877,17061.0,8.038
16878,17062.0,8.868
16879,17063.0,7.917
16880,17064.0,9.309
16881,17065.0,8.507
16882,17066.0,7.194
16883,17067.0,6.642
16884,17068.0,7.355
16885,17069.0,7.435
16886,17070.0,7.716
16887,17071.0,8.627
16888,17072.0,9.028
16889,17073.0,8.747
16890,17074.0,8.306
16891,17075.0,7.194
16892,17076.0,9.815
16893,17077.0,8.359
16894,17078.0,9.349
16895,17079.0,9.349
16896,17080.0,7.314
16897,17081.0,6.843
16898,17082.0,7.355
16899,17083.0,7.435
16900,17084.0,7.395
16901,17085.0,9.068
16902,17086.0,10.016
16903,17087.0,9.575
16904,17088.0,9.269
16905,17089.0,7.395
16906,17090.0,8.038
16907,17091.0,9.189
16908,17092.0,7.958
16909,17093.0,8.507
16910,17094.0,7.515
16911,17095.0,7.125
16912,17097.0,6.964
16913,17098.0,7.475
16914,17099.0,7.676
16915,17100.0,9.975
16916,17101.0,10.777
16917,17102.0,11.0
16918,17103.0,10.256
16919,17104.0,7.314
16920,17105.0,8.078
16921,17106.0,9.51
16922,17107.0,8.507
16923,17108.0,7.475
16924,17109.0,7.556
16925,17110.0,7.125
16926,17111.0,6.843
16927,17112.0,7.515
16928,17113.0,7.435
16929,17114.0,10.697
16930,17115.0,9.935
16931,17116.0,10.576
16932,17117.0,10.84
16933,17118.0,7.515
16934,17119.0,8.828
16935,17120.0,7.917
16936,17121.0,9.51
16937,17122.0,8.038
16938,17123.0,7.998
16939,17124.0,7.154
16940,17125.0,6.883
16941,17126.0,7.274
16942,17127.0,7.475
16943,17128.0,10.056
16944,17129.0,9.028
16945,17130.0,9.855
16946,17131.0,10.336
16947,17132.0,7.716
16948,17133.0,9.51
16949,17134.0,8.319
16950,17135.0,9.349
16951,17136.0,8.627
16952,17137.0,8.239
16953,17138.0,7.125
16954,17139.0,6.481
16955,17140.0,7.314
16956,17141.0,7.355
16957,17142.0,7.274
16958,17143.0,8.707
16959,17144.0,9.55
16960,17145.0,9.189
16961,17146.0,8.788
16962,17147.0,7.314
16963,17148.0,8.988
16964,17149.0,8.788
16965,17150.0,8.426
16966,17151.0,9.309
16967,17152.0,7.435
16968,17153.0,6.883
16969,17154.0,7.314
16970,17155.0,7.395
16971,17156.0,7.556
16972,17157.0,9.51
16973,17158.0,10.92
16974,17159.0,10.376
16975,17160.0,9.735
16976,17161.0,7.314
16977,17162.0,7.837
16978,17163.0,9.815
16979,17164.0,8.239
16980,17165.0,7.475
16981,17166.0,7.556
16982,17167.0,7.085
16983,17168.0,6.964
16984,17169.0,7.475
16985,17170.0,7.395
16986,17171.0,10.697
16987,17172.0,10.496
16988,17173.0,10.92
16989,17174.0,11.12
16990,17175.0,7.314
16991,17176.0,8.467
16992,17177.0,8.747
16993,17178.0,8.828
16994,17179.0,7.716
16995,17180.0,7.676
16996,17181.0,7.194
16997,17182.0,6.843
16998,17183.0,7.314
16999,17184.0,7.435
17000,17185.0,10.336
17001,17186.0,9.43
17002,17187.0,10.216
17003,17188.0,10.576
17004,17190.0,7.676
17005,17191.0,9.269
17006,17192.0,8.078
17007,17193.0,9.815
17008,17194.0,8.4
17009,17195.0,8.078
17010,17196.0,7.125
17011,17197.0,6.642
17012,17198.0,7.274
17013,17199.0,7.475
17014,17200.0,9.109
17015,17201.0,8.038
17016,17202.0,8.868
17017,17203.0,9.47
17018,17204.0,8.038
17019,17205.0,7.797
17020,17206.0,8.988
17021,17207.0,7.877
17022,17208.0,9.43
17023,17209.0,8.547
17024,17210.0,7.274
17025,17211.0,6.642
17026,17212.0,7.395
17027,17213.0,7.314
17028,17214.0,7.314
17029,17215.0,8.587
17030,17216.0,9.43
17031,17217.0,8.988
17032,17218.0,8.587
17033,17219.0,7.274
17034,17220.0,9.309
17035,17221.0,8.587
17036,17222.0,8.788
17037,17223.0,9.59
17038,17224.0,7.395
17039,17225.0,6.843
17040,17226.0,7.314
17041,17227.0,7.395
17042,17228.0,7.435
17043,17229.0,9.189
17044,17230.0,10.296
17045,17231.0,9.775
17046,17232.0,9.47
17047,17233.0,7.355
17048,17234.0,7.757
17049,17235.0,9.349
17050,17236.0,7.958
17051,17237.0,8.118
17052,17238.0,7.475
17053,17239.0,7.125
17054,17240.0,6.924
17055,17241.0,7.475
17056,17242.0,7.355
17057,17243.0,10.136
17058,17244.0,10.697
17059,17245.0,11.12
17060,17246.0,10.416
17061,17247.0,7.355
17062,17248.0,8.118
17063,17249.0,9.389
17064,17250.0,8.587
17065,17251.0,7.596
17066,17252.0,7.596
17067,17253.0,7.205
17068,17254.0,6.883
17069,17255.0,7.596
17070,17256.0,7.475
17071,17257.0,10.737
17072,17258.0,10.016
17073,17259.0,10.616
17074,17260.0,10.88
17075,17261.0,7.435
17076,17262.0,8.707
17077,17263.0,7.877
17078,17264.0,9.349
17079,17265.0,7.958
17080,17266.0,7.917
17081,17267.0,7.165
17082,17268.0,6.722
17083,17269.0,7.314
17084,17270.0,7.475
17085,17271.0,9.695
17086,17272.0,8.507
17087,17273.0,9.51
17088,17274.0,10.016
17089,17275.0,7.797
17090,17276.0,8.908
17091,17277.0,8.587
17092,17278.0,8.788
17093,17279.0,8.788
17094,17280.0,8.359
17095,17281.0,7.125
17096,17283.0,6.561
17097,17284.0,7.355
17098,17285.0,7.716
17099,17286.0,7.958
17100,17287.0,8.547
17101,17288.0,8.908
17102,17289.0,8.707
17103,17290.0,8.239
17104,17291.0,7.194
17105,17292.0,9.775
17106,17293.0,8.279
17107,17294.0,9.55
17108,17295.0,9.229
17109,17296.0,7.274
17110,17297.0,6.803
17111,17298.0,7.355
17112,17299.0,7.395
17113,17300.0,7.475
17114,17301.0,9.189
17115,17302.0,10.296
17116,17303.0,9.735
17117,17304.0,9.47
17118,17305.0,7.355
17119,17306.0,7.757
17120,17307.0,9.309
17121,17308.0,7.998
17122,17309.0,8.078
17123,17310.0,7.475
17124,17311.0,7.125
17125,17312.0,6.924
17126,17313.0,7.435
17127,17314.0,7.314
17128,17315.0,10.456
17129,17316.0,10.536
17130,17317.0,10.96
17131,17318.0,10.897
17132,17319.0,7.314
17133,17320.0,8.319
17134,17321.0,8.948
17135,17322.0,8.707
17136,17323.0,7.636
17137,17324.0,7.716
17138,17325.0,7.205
17139,17326.0,6.883
17140,17327.0,7.596
17141,17328.0,7.515
17142,17329.0,10.536
17143,17330.0,9.775
17144,17331.0,10.416
17145,17332.0,10.817
17146,17333.0,7.596
17147,17334.0,9.028
17148,17335.0,7.998
17149,17336.0,9.695
17150,17337.0,8.158
17151,17338.0,7.958
17152,17339.0,7.165
17153,17340.0,6.601
17154,17341.0,7.314
17155,17342.0,7.475
17156,17343.0,8.828
17157,17344.0,8.118
17158,17345.0,8.587
17159,17346.0,9.269
17160,17347.0,8.038
17161,17348.0,7.475
17162,17349.0,9.109
17163,17350.0,7.917
17164,17351.0,9.59
17165,17352.0,8.667
17166,17353.0,7.234
17167,17354.0,6.722
17168,17355.0,7.355
17169,17356.0,7.274
17170,17357.0,7.395
17171,17358.0,8.507
17172,17359.0,9.229
17173,17360.0,8.828
17174,17361.0,8.507
17175,17362.0,7.234
17176,17363.0,9.655
17177,17364.0,8.426
17178,17365.0,9.149
17179,17366.0,9.43
17180,17367.0,7.395
17181,17368.0,6.843
17182,17369.0,7.435
17183,17370.0,7.395
17184,17371.0,7.395
17185,17372.0,8.828
17186,17373.0,9.655
17187,17374.0,9.43
17188,17375.0,8.948
17189,17377.0,7.395
17190,17378.0,8.627
17191,17379.0,8.828
17192,17380.0,7.998
17193,17381.0,8.988
17194,17382.0,7.435
17195,17383.0,6.964
17196,17384.0,7.314
17197,17385.0,7.435
17198,17386.0,7.596
17199,17387.0,9.51
17200,17388.0,10.937
17201,17389.0,10.456
17202,17390.0,9.775
17203,17391.0,7.355
17204,17392.0,7.877
17205,17393.0,9.935
17206,17394.0,8.239
17207,17395.0,7.515
17208,17396.0,7.515
17209,17397.0,7.125
17210,17398.0,6.924
17211,17399.0,7.475
17212,17400.0,7.355
17213,17401.0,10.616
17214,17402.0,10.456
17215,17403.0,10.96
17216,17404.0,10.92
17217,17405.0,7.314
17218,17406.0,8.359
17219,17407.0,8.908
17220,17408.0,8.707
17221,17409.0,7.716
17222,17410.0,7.676
17223,17411.0,7.246
17224,17412.0,6.883
17225,17413.0,7.596
17226,17414.0,7.435
17227,17415.0,10.616
17228,17416.0,9.855
17229,17417.0,10.496
17230,17418.0,10.817
17231,17419.0,7.556
17232,17420.0,8.868
17233,17421.0,7.958
17234,17422.0,9.63
17235,17423.0,8.078
17236,17424.0,8.038
17237,17425.0,7.165
17238,17426.0,6.883
17239,17427.0,7.234
17240,17428.0,7.435
17241,17429.0,10.216
17242,17430.0,9.269
17243,17431.0,10.056
17244,17432.0,10.456
17245,17433.0,7.676
17246,17434.0,9.43
17247,17435.0,8.158
17248,17436.0,9.67
17249,17437.0,8.426
17250,17438.0,8.118
17251,17439.0,7.125
17252,17440.0,6.803
17253,17441.0,7.274
17254,17442.0,7.515
17255,17443.0,9.389
17256,17444.0,8.038
17257,17445.0,9.189
17258,17446.0,9.775
17259,17447.0,7.917
17260,17448.0,8.44
17261,17449.0,8.707
17262,17450.0,8.279
17263,17451.0,9.109
17264,17452.0,8.44
17265,17453.0,7.194
17266,17454.0,6.642
17267,17455.0,7.395
17268,17456.0,7.636
17269,17457.0,8.118
17270,17458.0,8.44
17271,17459.0,8.828
17272,17460.0,8.667
17273,17461.0,8.199
17274,17462.0,7.154
17275,17463.0,9.67
17276,17464.0,8.158
17277,17465.0,9.735
17278,17466.0,9.068
17279,17467.0,7.274
17280,17469.0,6.763
17281,17470.0,7.355
17282,17471.0,7.395
17283,17472.0,7.314
17284,17473.0,8.788
17285,17474.0,9.55
17286,17475.0,9.349
17287,17476.0,8.908
17288,17477.0,7.355
17289,17478.0,8.828
17290,17479.0,8.747
17291,17480.0,8.239
17292,17481.0,9.189
17293,17482.0,7.475
17294,17483.0,6.964
17295,17484.0,7.314
17296,17485.0,7.435
17297,17486.0,7.676
17298,17487.0,9.55
17299,17488.0,11.0
17300,17489.0,10.456
17301,17490.0,9.815
17302,17491.0,7.314
17303,17492.0,7.917
17304,17493.0,9.895
17305,17494.0,8.279
17306,17495.0,7.515
17307,17496.0,7.515
17308,17497.0,7.125
17309,17498.0,6.883
17310,17499.0,7.475
17311,17500.0,7.314
17312,17501.0,10.697
17313,17502.0,10.416
17314,17503.0,10.937
17315,17504.0,11.04
17316,17505.0,7.314
17317,17506.0,8.44
17318,17507.0,8.747
17319,17508.0,8.828
17320,17509.0,7.716
17321,17510.0,7.676
17322,17511.0,7.205
17323,17512.0,6.883
17324,17513.0,7.636
17325,17514.0,7.395
17326,17515.0,10.536
17327,17516.0,9.71
17328,17517.0,10.416
17329,17518.0,10.737
17330,17519.0,7.596
17331,17520.0,9.028
17332,17521.0,7.998
17333,17522.0,9.735
17334,17523.0,8.199
17335,17524.0,7.998
17336,17525.0,7.205
17337,17526.0,6.803
17338,17527.0,7.395
17339,17528.0,7.475
17340,17529.0,9.815
17341,17530.0,8.627
17342,17531.0,9.63
17343,17532.0,10.096
17344,17533.0,7.797
17345,17534.0,9.068
17346,17535.0,8.507
17347,17536.0,8.948
17348,17537.0,8.707
17349,17538.0,8.279
17350,17539.0,7.125
17351,17540.0,6.722
17352,17541.0,7.355
17353,17542.0,7.556
17354,17543.0,8.707
17355,17544.0,8.199
17356,17545.0,8.547
17357,17546.0,9.189
17358,17547.0,8.078
17359,17548.0,7.274
17360,17549.0,9.229
17361,17550.0,7.998
17362,17551.0,9.695
17363,17552.0,8.747
17364,17553.0,7.274
17365,17554.0,6.763
17366,17555.0,7.355
17367,17556.0,7.395
17368,17557.0,7.234
17369,17558.0,8.627
17370,17559.0,9.389
17371,17560.0,9.068
17372,17562.0,8.627
17373,17563.0,7.314
17374,17564.0,9.309
17375,17565.0,8.667
17376,17566.0,8.747
17377,17567.0,9.63
17378,17568.0,7.395
17379,17569.0,6.883
17380,17570.0,7.314
17381,17571.0,7.435
17382,17572.0,7.556
17383,17573.0,9.51
17384,17574.0,10.897
17385,17575.0,10.296
17386,17576.0,9.655
17387,17577.0,7.314
17388,17578.0,7.837
17389,17579.0,9.775
17390,17580.0,8.199
17391,17581.0,7.475
17392,17582.0,7.515
17393,17583.0,7.085
17394,17584.0,6.883
17395,17585.0,7.435
17396,17586.0,7.395
17397,17587.0,10.897
17398,17588.0,10.216
17399,17589.0,10.777
17400,17590.0,11.04
17401,17591.0,7.355
17402,17592.0,8.507
17403,17593.0,8.199
17404,17594.0,9.109
17405,17595.0,7.837
17406,17596.0,7.837
17407,17597.0,7.165
17408,17598.0,6.883
17409,17599.0,7.234
17410,17600.0,7.515
17411,17601.0,10.216
17412,17602.0,9.309
17413,17603.0,10.056
17414,17604.0,10.536
17415,17605.0,7.676
17416,17606.0,9.47
17417,17607.0,8.158
17418,17608.0,9.59
17419,17609.0,8.467
17420,17610.0,8.118
17421,17611.0,7.125
17422,17612.0,6.642
17423,17613.0,7.274
17424,17614.0,7.475
17425,17615.0,8.948
17426,17616.0,8.118
17427,17617.0,8.667
17428,17618.0,9.309
17429,17619.0,8.038
17430,17620.0,7.556
17431,17621.0,9.068
17432,17622.0,7.917
17433,17623.0,9.59
17434,17624.0,8.667
17435,17625.0,7.234
17436,17626.0,6.642
17437,17627.0,7.355
17438,17628.0,7.314
17439,17629.0,7.314
17440,17630.0,8.587
17441,17631.0,9.389
17442,17632.0,8.948
17443,17633.0,8.627
17444,17634.0,7.274
17445,17635.0,9.389
17446,17636.0,8.547
17447,17637.0,8.868
17448,17638.0,9.55
17449,17639.0,7.435
17450,17640.0,6.924
17451,17641.0,7.435
17452,17642.0,7.395
17453,17643.0,7.515
17454,17644.0,9.229
17455,17645.0,10.496
17456,17646.0,9.855
17457,17647.0,9.59
17458,17648.0,7.314
17459,17649.0,7.797
17460,17650.0,9.43
17461,17651.0,7.998
17462,17652.0,7.877
17463,17654.0,7.475
17464,17655.0,7.085
17465,17656.0,6.763
17466,17657.0,7.596
17467,17658.0,7.435
17468,17659.0,10.616
17469,17660.0,9.775
17470,17661.0,10.496
17471,17662.0,10.777
17472,17663.0,7.596
17473,17664.0,8.908
17474,17665.0,7.958
17475,17666.0,9.67
17476,17667.0,8.118
17477,17668.0,7.958
17478,17669.0,7.205
17479,17670.0,6.763
17480,17671.0,7.355
17481,17672.0,7.435
17482,17673.0,9.67
17483,17674.0,8.4
17484,17675.0,9.51
17485,17676.0,9.975
17486,17677.0,7.877
17487,17678.0,8.828
17488,17679.0,8.667
17489,17680.0,8.707
17490,17681.0,8.908
17491,17682.0,8.319
17492,17683.0,7.205
17493,17684.0,6.682
17494,17685.0,7.435
17495,17686.0,7.596
17496,17687.0,8.44
17497,17688.0,8.359
17498,17689.0,8.667
17499,17690.0,8.908
17500,17691.0,8.158
17501,17692.0,7.205
17502,17693.0,9.43
17503,17694.0,8.038
17504,17695.0,9.895
17505,17696.0,8.908
17506,17697.0,7.234
17507,17698.0,6.722
17508,17699.0,7.355
17509,17700.0,7.395
17510,17701.0,7.274
17511,17702.0,8.747
17512,17703.0,9.47
17513,17704.0,9.229
17514,17705.0,8.788
17515,17706.0,7.355
17516,17707.0,8.948
17517,17708.0,8.747
17518,17709.0,8.4
17519,17710.0,9.349
17520,17711.0,7.435
17521,17712.0,6.964
17522,17713.0,7.314
17523,17714.0,7.475
17524,17715.0,7.556
17525,17716.0,9.47
17526,17717.0,10.737
17527,17718.0,10.136
17528,17719.0,9.63
17529,17720.0,7.435
17530,17721.0,7.837
17531,17722.0,9.71
17532,17723.0,8.118
17533,17724.0,7.596
17534,17725.0,7.515
17535,17726.0,7.085
17536,17727.0,6.924
17537,17728.0,7.475
17538,17729.0,7.314
17539,17730.0,10.496
17540,17731.0,10.536
17541,17732.0,11.0
17542,17733.0,10.897
17543,17734.0,7.314
17544,17735.0,8.319
17545,17736.0,8.908
17546,17737.0,8.707
17547,17738.0,7.636
17548,17739.0,7.676
17549,17740.0,7.205
17550,17741.0,6.883
17551,17742.0,7.596
17552,17743.0,7.435
17553,17744.0,10.536
17554,17745.0,9.751
17555,17747.0,10.416
17556,17748.0,10.777
17557,17749.0,7.596
17558,17750.0,9.028
17559,17751.0,7.998
17560,17752.0,9.775
17561,17753.0,8.158
17562,17754.0,8.038
17563,17755.0,7.165
17564,17756.0,6.763
17565,17757.0,7.355
17566,17758.0,7.556
17567,17759.0,9.47
17568,17760.0,8.199
17569,17761.0,9.269
17570,17762.0,9.895
17571,17763.0,7.917
17572,17764.0,8.547
17573,17765.0,8.707
17574,17766.0,8.359
17575,17767.0,9.028
17576,17768.0,8.4
17577,17769.0,7.165
17578,17770.0,6.682
17579,17771.0,7.395
17580,17772.0,7.636
17581,17773.0,8.199
17582,17774.0,8.44
17583,17775.0,8.828
17584,17776.0,8.667
17585,17777.0,8.199
17586,17778.0,7.165
17587,17779.0,9.67
17588,17780.0,8.199
17589,17781.0,9.735
17590,17782.0,9.109
17591,17783.0,7.274
17592,17784.0,6.803
17593,17785.0,7.395
17594,17786.0,7.395
17595,17787.0,7.355
17596,17788.0,8.747
17597,17789.0,9.51
17598,17790.0,9.269
17599,17791.0,8.868
17600,17792.0,7.355
17601,17793.0,8.868
17602,17794.0,8.707
17603,17795.0,8.279
17604,17796.0,9.189
17605,17797.0,7.475
17606,17798.0,6.924
17607,17799.0,7.044
17608,17800.0,7.395
17609,17801.0,7.676
17610,17802.0,9.63
17611,17803.0,10.897
17612,17804.0,10.657
17613,17805.0,9.975
17614,17806.0,7.355
17615,17807.0,7.958
17616,17808.0,9.855
17617,17809.0,8.359
17618,17810.0,7.515
17619,17811.0,7.556
17620,17812.0,7.125
17621,17813.0,6.803
17622,17814.0,7.556
17623,17815.0,7.395
17624,17816.0,10.657
17625,17817.0,9.855
17626,17818.0,10.496
17627,17819.0,10.817
17628,17820.0,7.596
17629,17821.0,8.828
17630,17822.0,7.958
17631,17823.0,9.55
17632,17824.0,8.078
17633,17825.0,7.998
17634,17826.0,7.165
17635,17827.0,6.843
17636,17828.0,7.274
17637,17829.0,7.435
17638,17830.0,10.216
17639,17831.0,9.149
17640,17832.0,10.056
17641,17833.0,10.456
17642,17834.0,7.797
17643,17835.0,9.55
17644,17836.0,8.279
17645,17837.0,9.55
17646,17838.0,8.587
17647,17840.0,8.158
17648,17841.0,7.205
17649,17842.0,6.682
17650,17843.0,7.314
17651,17844.0,7.475
17652,17845.0,8.868
17653,17846.0,8.118
17654,17847.0,8.627
17655,17848.0,9.309
17656,17849.0,8.038
17657,17850.0,7.475
17658,17851.0,9.109
17659,17852.0,7.958
17660,17853.0,9.59
17661,17854.0,8.667
17662,17855.0,7.234
17663,17856.0,6.682
17664,17857.0,7.314
17665,17858.0,7.355
17666,17859.0,7.274
17667,17860.0,8.707
17668,17861.0,9.55
17669,17862.0,9.149
17670,17863.0,8.707
17671,17864.0,7.314
17672,17865.0,9.068
17673,17866.0,8.747
17674,17867.0,8.507
17675,17868.0,9.47
17676,17869.0,7.435
17677,17870.0,6.964
17678,17871.0,7.355
17679,17872.0,7.435
17680,17873.0,7.475
17681,17874.0,9.309
17682,17875.0,10.456
17683,17876.0,9.935
17684,17877.0,9.59
17685,17878.0,7.395
17686,17879.0,7.797
17687,17880.0,9.51
17688,17881.0,8.038
17689,17882.0,7.837
17690,17883.0,7.475
17691,17884.0,7.044
17692,17885.0,6.924
17693,17886.0,7.435
17694,17887.0,7.314
17695,17888.0,10.456
17696,17889.0,10.536
17697,17890.0,11.0
17698,17891.0,10.897
17699,17892.0,7.355
17700,17893.0,8.319
17701,17894.0,8.988
17702,17895.0,8.707
17703,17896.0,7.636
17704,17897.0,7.676
17705,17898.0,7.205
17706,17899.0,6.843
17707,17900.0,7.274
17708,17901.0,7.475
17709,17902.0,10.296
17710,17903.0,9.389
17711,17904.0,10.136
17712,17905.0,10.536
17713,17906.0,7.676
17714,17907.0,9.309
17715,17908.0,8.078
17716,17909.0,9.775
17717,17910.0,8.386
17718,17911.0,8.118
17719,17912.0,7.125
17720,17913.0,6.803
17721,17914.0,7.234
17722,17915.0,7.556
17723,17916.0,9.269
17724,17917.0,8.078
17725,17918.0,9.068
17726,17919.0,9.655
17727,17920.0,7.917
17728,17921.0,8.158
17729,17922.0,8.788
17730,17923.0,7.998
17731,17924.0,9.229
17732,17925.0,8.467
17733,17926.0,7.205
17734,17927.0,6.642
17735,17928.0,7.355
17736,17929.0,7.355
17737,17930.0,7.676
17738,17931.0,8.627
17739,17932.0,9.068
17740,17934.0,8.707
17741,17935.0,8.4
17742,17936.0,7.194
17743,17937.0,9.775
17744,17938.0,8.359
17745,17939.0,9.309
17746,17940.0,9.349
17747,17941.0,7.355
17748,17942.0,6.803
17749,17943.0,7.395
17750,17944.0,7.395
17751,17945.0,7.475
17752,17946.0,9.149
17753,17947.0,10.296
17754,17948.0,9.735
17755,17949.0,9.51
17756,17950.0,7.314
17757,17951.0,7.837
17758,17952.0,9.349
17759,17953.0,8.038
17760,17954.0,8.078
17761,17955.0,7.556
17762,17956.0,7.125
17763,17957.0,7.004
17764,17958.0,7.435
17765,17959.0,7.395
17766,17960.0,10.096
17767,17961.0,10.697
17768,17962.0,11.08
17769,17963.0,10.416
17770,17964.0,7.314
17771,17965.0,8.158
17772,17966.0,9.349
17773,17967.0,8.627
17774,17968.0,7.556
17775,17969.0,7.556
17776,17970.0,7.165
17777,17971.0,6.883
17778,17972.0,7.475
17779,17973.0,7.435
17780,17974.0,10.817
17781,17975.0,10.136
17782,17976.0,10.697
17783,17977.0,10.96
17784,17978.0,7.395
17785,17979.0,8.547
17786,17980.0,8.078
17787,17981.0,9.149
17788,17982.0,7.917
17789,17983.0,7.837
17790,17984.0,7.205
17791,17985.0,6.843
17792,17986.0,7.314
17793,17987.0,7.475
17794,17988.0,10.216
17795,17989.0,9.189
17796,17990.0,10.056
17797,17991.0,10.416
17798,17992.0,7.757
17799,17993.0,9.51
17800,17994.0,8.279
17801,17995.0,9.55
17802,17996.0,8.507
17803,17997.0,8.158
17804,17998.0,7.125
17805,17999.0,6.763
17806,18000.0,7.274
17807,18001.0,7.435
17808,18002.0,9.109
17809,18003.0,8.078
17810,18004.0,8.908
17811,18005.0,9.51
17812,18006.0,7.958
17813,18007.0,7.917
17814,18008.0,8.908
17815,18009.0,7.917
17816,18010.0,9.349
17817,18011.0,8.547
17818,18012.0,7.205
17819,18013.0,6.682
17820,18014.0,7.314
17821,18015.0,7.395
17822,18016.0,7.274
17823,18017.0,8.747
17824,18018.0,9.51
17825,18019.0,9.309
17826,18020.0,8.828
17827,18021.0,7.355
17828,18022.0,8.908
17829,18023.0,8.747
17830,18024.0,8.319
17831,18025.0,9.309
17832,18027.0,7.435
17833,18028.0,7.004
17834,18029.0,7.314
17835,18030.0,7.475
17836,18031.0,7.556
17837,18032.0,9.51
17838,18033.0,10.857
17839,18034.0,10.296
17840,18035.0,9.615
17841,18036.0,7.314
17842,18037.0,7.837
17843,18038.0,9.735
17844,18039.0,8.199
17845,18040.0,7.475
17846,18041.0,7.515
17847,18042.0,7.085
17848,18043.0,6.924
17849,18044.0,7.475
17850,18045.0,7.475
17851,18046.0,10.937
17852,18047.0,10.296
17853,18048.0,10.777
17854,18049.0,11.08
17855,18050.0,7.395
17856,18051.0,8.467
17857,18052.0,8.279
17858,18053.0,9.068
17859,18054.0,7.837
17860,18055.0,7.837
17861,18056.0,7.165
17862,18057.0,6.803
17863,18058.0,7.274
17864,18059.0,7.475
17865,18060.0,9.855
17866,18061.0,8.747
17867,18062.0,9.695
17868,18063.0,10.216
17869,18064.0,7.797
17870,18065.0,9.229
17871,18066.0,8.426
17872,18067.0,9.109
17873,18068.0,8.747
17874,18069.0,8.319
17875,18070.0,7.125
17876,18071.0,6.722
17877,18072.0,7.395
17878,18073.0,7.636
17879,18074.0,8.319
17880,18075.0,8.4
17881,18076.0,8.747
17882,18077.0,8.828
17883,18078.0,8.158
17884,18079.0,7.194
17885,18080.0,9.55
17886,18081.0,8.078
17887,18082.0,9.855
17888,18083.0,8.988
17889,18084.0,7.234
17890,18085.0,6.763
17891,18086.0,7.355
17892,18087.0,7.395
17893,18088.0,7.395
17894,18089.0,9.028
17895,18090.0,10.016
17896,18091.0,9.59
17897,18092.0,9.269
17898,18093.0,7.314
17899,18094.0,8.158
17900,18095.0,9.068
17901,18096.0,7.958
17902,18097.0,8.467
17903,18098.0,7.475
17904,18099.0,7.044
17905,18100.0,6.964
17906,18101.0,7.435
17907,18102.0,7.716
17908,18103.0,9.855
17909,18104.0,10.857
17910,18105.0,10.92
17911,18106.0,10.296
17912,18107.0,7.355
17913,18108.0,8.118
17914,18109.0,9.63
17915,18110.0,8.547
17916,18111.0,7.475
17917,18112.0,7.596
17918,18113.0,7.165
17919,18114.0,6.883
17920,18115.0,7.515
17921,18116.0,7.475
17922,18117.0,10.777
17923,18118.0,10.016
17924,18120.0,10.657
17925,18121.0,10.92
17926,18122.0,7.515
17927,18123.0,8.707
17928,18124.0,7.917
17929,18125.0,9.349
17930,18126.0,7.998
17931,18127.0,7.917
17932,18128.0,7.165
17933,18129.0,6.843
17934,18130.0,7.274
17935,18131.0,7.435
17936,18132.0,10.096
17937,18133.0,9.068
17938,18134.0,9.935
17939,18135.0,10.336
17940,18136.0,7.797
17941,18137.0,9.51
17942,18138.0,8.319
17943,18139.0,9.389
17944,18140.0,8.627
17945,18141.0,8.158
17946,18142.0,7.165
17947,18143.0,6.481
17948,18144.0,7.355
17949,18145.0,7.676
17950,18146.0,7.998
17951,18147.0,8.507
17952,18148.0,8.948
17953,18149.0,8.627
17954,18150.0,8.319
17955,18151.0,7.154
17956,18152.0,9.855
17957,18153.0,8.239
17958,18154.0,9.55
17959,18155.0,9.189
17960,18156.0,7.274
17961,18157.0,6.803
17962,18158.0,7.355
17963,18159.0,7.435
17964,18160.0,7.314
17965,18161.0,8.868
17966,18162.0,9.67
17967,18163.0,9.47
17968,18164.0,8.988
17969,18165.0,7.395
17970,18166.0,8.587
17971,18167.0,8.908
17972,18168.0,7.958
17973,18169.0,8.988
17974,18170.0,7.435
17975,18171.0,7.004
17976,18172.0,7.246
17977,18173.0,7.435
17978,18174.0,7.596
17979,18175.0,9.575
17980,18176.0,10.92
17981,18177.0,10.496
17982,18178.0,9.815
17983,18179.0,7.355
17984,18180.0,7.917
17985,18181.0,9.935
17986,18182.0,8.279
17987,18183.0,7.515
17988,18184.0,7.515
17989,18185.0,7.165
17990,18186.0,6.803
17991,18187.0,7.676
17992,18188.0,7.435
17993,18189.0,10.616
17994,18190.0,9.735
17995,18191.0,10.456
17996,18192.0,10.737
17997,18193.0,7.596
17998,18194.0,8.988
17999,18195.0,7.998
18000,18196.0,9.775
18001,18197.0,8.199
18002,18198.0,7.998
18003,18199.0,7.165
18004,18200.0,6.883
18005,18201.0,7.314
18006,18202.0,7.475
18007,18203.0,9.895
18008,18204.0,8.747
18009,18205.0,9.695
18010,18206.0,10.176
18011,18207.0,7.797
18012,18208.0,9.229
18013,18209.0,8.426
18014,18210.0,9.068
18015,18211.0,8.707
18016,18212.0,8.279
18017,18214.0,7.125
18018,18215.0,6.561
18019,18216.0,7.194
18020,18217.0,7.435
18021,18218.0,7.556
18022,18219.0,9.47
18023,18220.0,10.817
18024,18221.0,10.216
18025,18222.0,9.575
18026,18223.0,7.395
18027,18224.0,7.837
18028,18225.0,9.735
18029,18226.0,8.158
18030,18227.0,7.556
18031,18228.0,7.515
18032,18229.0,7.125
18033,18230.0,6.924
18034,18231.0,7.435
18035,18232.0,7.274
18036,18233.0,10.296
18037,18234.0,10.616
18038,18235.0,11.04
18039,18236.0,10.697
18040,18237.0,7.314
18041,18238.0,8.279
18042,18239.0,9.109
18043,18240.0,8.747
18044,18241.0,7.596
18045,18242.0,7.636
18046,18243.0,7.165
18047,18244.0,6.843
18048,18245.0,7.556
18049,18246.0,7.435
18050,18247.0,10.416
18051,18248.0,9.55
18052,18249.0,10.256
18053,18250.0,10.657
18054,18251.0,7.636
18055,18252.0,9.189
18056,18253.0,8.038
18057,18254.0,9.935
18058,18255.0,8.319
18059,18256.0,8.078
18060,18257.0,7.165
18061,18258.0,6.763
18062,18259.0,7.274
18063,18260.0,7.515
18064,18261.0,9.109
18065,18262.0,8.118
18066,18263.0,8.868
18067,18264.0,9.59
18068,18265.0,7.998
18069,18266.0,7.917
18070,18267.0,8.988
18071,18268.0,7.917
18072,18269.0,9.389
18073,18270.0,8.547
18074,18271.0,7.234
18075,18272.0,6.682
18076,18273.0,7.355
18077,18274.0,7.314
18078,18275.0,7.274
18079,18276.0,8.627
18080,18277.0,9.43
18081,18278.0,9.028
18082,18279.0,8.667
18083,18280.0,7.274
18084,18281.0,9.269
18085,18282.0,8.627
18086,18283.0,8.707
18087,18284.0,9.51
18088,18285.0,7.395
18089,18286.0,6.883
18090,18287.0,7.044
18091,18288.0,7.435
18092,18289.0,7.676
18093,18290.0,9.615
18094,18291.0,10.897
18095,18292.0,10.697
18096,18293.0,9.975
18097,18294.0,7.314
18098,18295.0,7.998
18099,18296.0,9.815
18100,18297.0,8.426
18101,18298.0,7.475
18102,18299.0,7.596
18103,18300.0,7.125
18104,18301.0,6.964
18105,18302.0,7.435
18106,18303.0,7.435
18107,18304.0,10.897
18108,18305.0,10.256
18109,18307.0,10.777
18110,18308.0,11.04
18111,18309.0,7.355
18112,18310.0,8.467
18113,18311.0,8.319
18114,18312.0,9.028
18115,18313.0,7.837
18116,18314.0,7.797
18117,18315.0,7.165
18118,18316.0,6.883
18119,18317.0,7.355
18120,18318.0,7.435
18121,18319.0,10.376
18122,18320.0,9.43
18123,18321.0,10.256
18124,18322.0,10.576
18125,18323.0,7.716
18126,18324.0,9.229
18127,18325.0,8.078
18128,18326.0,9.815
18129,18327.0,8.346
18130,18328.0,8.038
18131,18329.0,7.194
18132,18330.0,6.803
18133,18331.0,7.395
18134,18332.0,7.475
18135,18333.0,9.695
18136,18334.0,8.386
18137,18335.0,9.51
18138,18336.0,9.975
18139,18337.0,7.877
18140,18338.0,8.828
18141,18339.0,8.707
18142,18340.0,8.667
18143,18341.0,8.948
18144,18342.0,8.359
18145,18343.0,7.154
18146,18344.0,6.722
18147,18345.0,7.395
18148,18346.0,7.596
18149,18347.0,8.467
18150,18348.0,8.386
18151,18349.0,8.667
18152,18350.0,9.028
18153,18351.0,8.078
18154,18352.0,7.194
18155,18353.0,9.389
18156,18354.0,8.038
18157,18355.0,9.895
18158,18356.0,8.908
18159,18357.0,7.234
18160,18358.0,6.763
18161,18359.0,7.355
18162,18360.0,7.395
18163,18361.0,7.234
18164,18362.0,8.667
18165,18363.0,9.47
18166,18364.0,9.935
18167,18365.0,8.788
18168,18366.0,7.314
18169,18367.0,9.189
18170,18368.0,8.707
18171,18369.0,8.587
18172,18370.0,9.51
18173,18371.0,7.395
18174,18372.0,6.964
18175,18373.0,7.314
18176,18374.0,7.475
18177,18375.0,7.556
18178,18376.0,9.43
18179,18377.0,10.737
18180,18378.0,10.136
18181,18379.0,9.59
18182,18380.0,7.355
18183,18381.0,7.837
18184,18382.0,9.67
18185,18383.0,8.118
18186,18384.0,7.515
18187,18385.0,7.515
18188,18386.0,7.044
18189,18387.0,6.883
18190,18388.0,7.395
18191,18389.0,7.395
18192,18390.0,10.92
18193,18391.0,10.296
18194,18392.0,10.817
18195,18393.0,11.08
18196,18394.0,7.355
18197,18395.0,8.507
18198,18396.0,8.319
18199,18397.0,9.068
18200,18398.0,7.797
18201,18400.0,7.958
18202,18401.0,7.194
18203,18402.0,6.682
18204,18403.0,7.355
18205,18404.0,7.515
18206,18405.0,9.55
18207,18406.0,8.279
18208,18407.0,9.43
18209,18408.0,10.016
18210,18409.0,7.917
18211,18410.0,8.667
18212,18411.0,8.707
18213,18412.0,8.507
18214,18413.0,9.028
18215,18414.0,8.467
18216,18415.0,7.165
18217,18416.0,6.561
18218,18417.0,7.355
18219,18418.0,7.274
18220,18419.0,7.395
18221,18420.0,8.547
18222,18421.0,9.189
18223,18422.0,8.788
18224,18423.0,8.467
18225,18424.0,7.274
18226,18425.0,9.655
18227,18426.0,8.426
18228,18427.0,9.189
18229,18428.0,9.43
18230,18429.0,7.355
18231,18430.0,6.843
18232,18431.0,7.355
18233,18432.0,7.395
18234,18433.0,7.395
18235,18434.0,8.988
18236,18435.0,9.975
18237,18436.0,9.655
18238,18437.0,9.229
18239,18438.0,7.355
18240,18439.0,8.239
18241,18440.0,9.068
18242,18441.0,7.958
18243,18442.0,8.587
18244,18443.0,7.515
18245,18444.0,7.044
18246,18445.0,7.044
18247,18446.0,7.435
18248,18447.0,7.757
18249,18448.0,9.775
18250,18449.0,10.897
18251,18450.0,10.897
18252,18451.0,10.176
18253,18452.0,7.355
18254,18453.0,8.038
18255,18454.0,9.615
18256,18455.0,8.467
18257,18456.0,7.475
18258,18457.0,7.556
18259,18458.0,7.125
18260,18459.0,6.843
18261,18460.0,7.556
18262,18461.0,7.395
18263,18462.0,10.657
18264,18463.0,9.855
18265,18464.0,10.536
18266,18465.0,10.817
18267,18466.0,7.556
18268,18467.0,8.868
18269,18468.0,7.958
18270,18469.0,9.59
18271,18470.0,8.078
18272,18471.0,7.998
18273,18472.0,7.165
18274,18473.0,6.722
18275,18474.0,7.395
18276,18475.0,7.475
18277,18476.0,9.655
18278,18477.0,8.306
18279,18478.0,9.47
18280,18479.0,9.935
18281,18480.0,7.917
18282,18481.0,8.707
18283,18482.0,8.707
18284,18483.0,8.547
18285,18484.0,8.948
18286,18485.0,8.359
18287,18486.0,7.194
18288,18487.0,6.682
18289,18488.0,7.435
18290,18489.0,7.636
18291,18490.0,8.239
18292,18492.0,8.386
18293,18493.0,8.747
18294,18494.0,8.747
18295,18495.0,8.158
18296,18496.0,7.194
18297,18497.0,9.63
18298,18498.0,8.158
18299,18499.0,9.775
18300,18500.0,9.028
18301,18501.0,7.274
18302,18502.0,6.763
18303,18503.0,7.355
18304,18504.0,7.395
18305,18505.0,7.314
18306,18506.0,8.828
18307,18507.0,9.535
18308,18508.0,9.349
18309,18509.0,8.948
18310,18510.0,7.435
18311,18511.0,8.747
18312,18512.0,8.828
18313,18513.0,8.118
18314,18514.0,9.109
18315,18515.0,7.435
18316,18516.0,7.004
18317,18517.0,7.314
18318,18518.0,7.435
18319,18519.0,7.596
18320,18520.0,9.51
18321,18521.0,10.96
18322,18522.0,10.416
18323,18523.0,9.735
18324,18524.0,7.395
18325,18525.0,7.877
18326,18526.0,9.935
18327,18527.0,8.239
18328,18528.0,7.556
18329,18529.0,7.515
18330,18530.0,7.125
18331,18531.0,6.883
18332,18532.0,7.435
18333,18533.0,7.355
18334,18534.0,10.817
18335,18535.0,10.376
18336,18536.0,10.857
18337,18537.0,11.12
18338,18538.0,7.355
18339,18539.0,8.507
18340,18540.0,8.627
18341,18541.0,8.908
18342,18542.0,7.757
18343,18543.0,7.757
18344,18544.0,7.154
18345,18545.0,6.763
18346,18546.0,7.234
18347,18547.0,7.435
18348,18548.0,10.176
18349,18549.0,9.189
18350,18550.0,10.016
18351,18551.0,10.456
18352,18552.0,7.716
18353,18553.0,9.55
18354,18554.0,8.239
18355,18555.0,9.59
18356,18556.0,8.507
18357,18557.0,8.199
18358,18558.0,7.125
18359,18559.0,6.803
18360,18560.0,7.234
18361,18561.0,7.475
18362,18562.0,9.189
18363,18563.0,8.118
18364,18564.0,8.948
18365,18565.0,9.59
18366,18566.0,7.958
18367,18567.0,8.038
18368,18568.0,8.868
18369,18569.0,7.877
18370,18570.0,9.309
18371,18571.0,8.507
18372,18572.0,7.234
18373,18573.0,6.642
18374,18574.0,7.355
18375,18575.0,7.636
18376,18576.0,7.877
18377,18577.0,8.547
18378,18578.0,8.948
18379,18579.0,8.667
18380,18580.0,8.306
18381,18581.0,7.154
18382,18582.0,9.895
18383,18583.0,8.279
18384,18585.0,9.51
18385,18586.0,9.229
18386,18587.0,7.355
18387,18588.0,6.803
18388,18589.0,7.355
18389,18590.0,7.435
18390,18591.0,7.355
18391,18592.0,8.908
18392,18593.0,9.815
18393,18594.0,9.59
18394,18595.0,9.109
18395,18596.0,7.435
18396,18597.0,8.467
18397,18598.0,8.948
18398,18599.0,7.917
18399,18600.0,8.828
18400,18601.0,7.515
18401,18602.0,7.004
18402,18603.0,7.314
18403,18604.0,7.395
18404,18605.0,7.636
18405,18606.0,9.51
18406,18607.0,11.0
18407,18608.0,10.416
18408,18609.0,9.975
18409,18610.0,7.355
18410,18611.0,7.877
18411,18612.0,9.895
18412,18613.0,8.239
18413,18614.0,7.515
18414,18615.0,7.515
18415,18616.0,7.125
18416,18617.0,6.924
18417,18618.0,7.475
18418,18619.0,7.355
18419,18620.0,10.817
18420,18621.0,10.456
18421,18622.0,10.92
18422,18623.0,11.12
18423,18624.0,7.314
18424,18625.0,8.467
18425,18626.0,8.627
18426,18627.0,8.868
18427,18628.0,7.757
18428,18629.0,7.716
18429,18630.0,7.205
18430,18631.0,6.843
18431,18632.0,7.556
18432,18633.0,7.395
18433,18634.0,10.456
18434,18635.0,9.55
18435,18636.0,10.296
18436,18637.0,10.616
18437,18638.0,7.676
18438,18639.0,9.149
18439,18640.0,8.078
18440,18641.0,9.895
18441,18642.0,8.346
18442,18643.0,8.038
18443,18644.0,7.194
18444,18645.0,6.803
18445,18646.0,7.395
18446,18647.0,7.475
18447,18648.0,9.63
18448,18649.0,8.359
18449,18650.0,9.43
18450,18651.0,9.935
18451,18652.0,7.837
18452,18653.0,8.747
18453,18654.0,8.667
18454,18655.0,8.587
18455,18656.0,8.908
18456,18657.0,8.359
18457,18658.0,7.125
18458,18659.0,6.722
18459,18660.0,7.395
18460,18661.0,7.676
18461,18662.0,7.917
18462,18663.0,8.547
18463,18664.0,8.988
18464,18665.0,8.707
18465,18666.0,8.386
18466,18667.0,7.234
18467,18668.0,9.59
18468,18669.0,8.507
18469,18670.0,8.868
18470,18671.0,9.59
18471,18672.0,7.395
18472,18673.0,6.924
18473,18674.0,7.314
18474,18675.0,7.515
18475,18676.0,7.596
18476,18678.0,9.55
18477,18679.0,10.96
18478,18680.0,10.536
18479,18681.0,9.895
18480,18682.0,7.395
18481,18683.0,7.958
18482,18684.0,9.695
18483,18685.0,8.426
18484,18686.0,7.475
18485,18687.0,7.556
18486,18688.0,7.165
18487,18689.0,6.883
18488,18690.0,7.556
18489,18691.0,7.435
18490,18692.0,10.536
18491,18693.0,9.655
18492,18694.0,10.336
18493,18695.0,10.697
18494,18696.0,7.676
18495,18697.0,9.229
18496,18698.0,8.038
18497,18699.0,9.815
18498,18700.0,8.386
18499,18701.0,8.118
18500,18702.0,7.125
18501,18703.0,6.803
18502,18704.0,7.274
18503,18705.0,7.475
18504,18706.0,9.109
18505,18707.0,8.078
18506,18708.0,8.747
18507,18709.0,9.349
18508,18710.0,7.998
18509,18711.0,7.556
18510,18712.0,9.109
18511,18713.0,7.998
18512,18714.0,9.55
18513,18715.0,8.667
18514,18716.0,7.234
18515,18717.0,6.763
18516,18718.0,7.314
18517,18719.0,7.395
18518,18720.0,7.234
18519,18721.0,8.627
18520,18722.0,9.389
18521,18723.0,8.988
18522,18724.0,8.587
18523,18725.0,7.234
18524,18726.0,9.389
18525,18727.0,8.547
18526,18728.0,8.828
18527,18729.0,9.59
18528,18730.0,7.395
18529,18731.0,6.883
18530,18732.0,7.355
18531,18733.0,7.395
18532,18734.0,7.515
18533,18735.0,9.349
18534,18736.0,10.657
18535,18737.0,10.056
18536,18738.0,9.735
18537,18739.0,7.314
18538,18740.0,7.837
18539,18741.0,9.535
18540,18742.0,8.078
18541,18743.0,7.636
18542,18744.0,7.515
18543,18745.0,7.044
18544,18746.0,6.924
18545,18747.0,7.435
18546,18748.0,7.355
18547,18749.0,10.616
18548,18750.0,10.456
18549,18751.0,10.92
18550,18752.0,11.04
18551,18753.0,7.274
18552,18754.0,8.426
18553,18755.0,8.828
18554,18756.0,8.828
18555,18757.0,7.676
18556,18758.0,7.757
18557,18759.0,7.205
18558,18760.0,6.964
18559,18761.0,7.556
18560,18762.0,7.435
18561,18763.0,10.697
18562,18764.0,9.935
18563,18765.0,10.576
18564,18766.0,10.897
18565,18767.0,7.515
18566,18769.0,8.788
18567,18770.0,7.917
18568,18771.0,9.51
18569,18772.0,8.078
18570,18773.0,7.958
18571,18774.0,7.154
18572,18775.0,6.964
18573,18776.0,7.556
18574,18777.0,7.435
18575,18778.0,10.456
18576,18779.0,9.55
18577,18780.0,10.296
18578,18781.0,10.657
18579,18782.0,7.676
18580,18783.0,9.149
18581,18784.0,8.038
18582,18785.0,9.895
18583,18786.0,8.306
18584,18787.0,8.038
18585,18788.0,7.154
18586,18789.0,6.763
18587,18790.0,7.435
18588,18791.0,7.475
18589,18792.0,9.615
18590,18793.0,8.239
18591,18794.0,9.43
18592,18795.0,9.895
18593,18796.0,7.958
18594,18797.0,8.667
18595,18798.0,8.788
18596,18799.0,8.467
18597,18800.0,8.948
18598,18801.0,8.346
18599,18802.0,7.154
18600,18803.0,6.601
18601,18804.0,7.314
18602,18805.0,7.676
18603,18806.0,8.038
18604,18807.0,8.507
18605,18808.0,8.868
18606,18809.0,8.627
18607,18810.0,8.239
18608,18811.0,7.154
18609,18812.0,9.775
18610,18813.0,8.239
18611,18814.0,9.55
18612,18815.0,9.229
18613,18816.0,7.274
18614,18817.0,6.843
18615,18818.0,6.843
18616,18819.0,7.475
18617,18820.0,7.274
18618,18821.0,10.296
18619,18822.0,10.616
18620,18823.0,11.04
18621,18824.0,10.657
18622,18825.0,7.395
18623,18826.0,8.279
18624,18827.0,9.149
18625,18828.0,8.707
18626,18829.0,7.636
18627,18830.0,7.596
18628,18831.0,7.234
18629,18832.0,6.32
18630,18833.0,7.395
18631,18834.0,7.636
18632,18835.0,8.158
18633,18836.0,8.467
18634,18837.0,8.828
18635,18838.0,8.627
18636,18839.0,8.199
18637,18840.0,7.194
18638,18841.0,9.695
18639,18842.0,8.199
18640,18843.0,9.655
18641,18844.0,9.109
18642,18845.0,7.274
18643,18846.0,6.803
18644,18847.0,7.355
18645,18848.0,7.395
18646,18849.0,7.314
18647,18850.0,8.828
18648,18851.0,9.615
18649,18852.0,9.47
18650,18853.0,8.988
18651,18854.0,7.435
18652,18855.0,8.627
18653,18856.0,8.868
18654,18857.0,7.998
18655,18858.0,8.988
18656,18859.0,7.435
18657,18860.0,7.004
18658,18862.0,6.883
18659,18863.0,7.475
18660,18864.0,7.676
18661,18865.0,9.855
18662,18866.0,10.777
18663,18867.0,10.92
18664,18868.0,10.176
18665,18869.0,7.395
18666,18870.0,8.038
18667,18871.0,9.63
18668,18872.0,8.467
18669,18873.0,7.556
18670,18874.0,7.556
18671,18875.0,7.165
18672,18876.0,6.642
18673,18877.0,7.274
18674,18878.0,7.435
18675,18879.0,9.895
18676,18880.0,8.707
18677,18881.0,9.695
18678,18882.0,10.176
18679,18883.0,7.797
18680,18884.0,9.189
18681,18885.0,8.467
18682,18886.0,9.028
18683,18887.0,8.707
18684,18888.0,8.279
18685,18889.0,7.125
18686,18890.0,6.521
18687,18891.0,6.924
18688,18892.0,7.435
18689,18893.0,7.636
18690,18894.0,9.615
18691,18895.0,10.88
18692,18896.0,10.616
18693,18897.0,9.895
18694,18898.0,7.355
18695,18899.0,7.958
18696,18900.0,9.855
18697,18901.0,8.359
18698,18902.0,7.556
18699,18903.0,7.515
18700,18904.0,7.165
18701,18905.0,6.843
18702,18906.0,7.515
18703,18907.0,7.435
18704,18908.0,10.84
18705,18909.0,10.096
18706,18910.0,10.737
18707,18911.0,10.96
18708,18912.0,7.475
18709,18913.0,8.627
18710,18914.0,7.917
18711,18915.0,9.309
18712,18916.0,7.958
18713,18917.0,7.917
18714,18918.0,7.165
18715,18919.0,6.843
18716,18920.0,7.234
18717,18921.0,7.435
18718,18922.0,10.136
18719,18923.0,9.149
18720,18924.0,9.975
18721,18925.0,10.416
18722,18926.0,7.716
18723,18927.0,9.535
18724,18928.0,8.239
18725,18929.0,9.51
18726,18930.0,8.547
18727,18931.0,8.158
18728,18932.0,7.113
18729,18933.0,6.763
18730,18934.0,7.234
18731,18935.0,7.475
18732,18936.0,9.189
18733,18937.0,8.078
18734,18938.0,8.948
18735,18939.0,9.615
18736,18940.0,7.958
18737,18941.0,8.078
18738,18942.0,8.868
18739,18943.0,7.958
18740,18944.0,9.309
18741,18945.0,8.587
18742,18946.0,7.234
18743,18947.0,6.843
18744,18948.0,7.395
18745,18949.0,7.676
18746,18950.0,8.199
18747,18951.0,8.467
18748,18952.0,8.788
18749,18953.0,8.667
18750,18955.0,8.158
18751,18956.0,7.154
18752,18957.0,9.63
18753,18958.0,8.118
18754,18959.0,9.775
18755,18960.0,9.028
18756,18961.0,7.274
18757,18962.0,6.763
18758,18963.0,7.355
18759,18964.0,7.355
18760,18965.0,7.314
18761,18966.0,8.747
18762,18967.0,9.51
18763,18968.0,9.269
18764,18969.0,8.828
18765,18970.0,7.355
18766,18971.0,8.948
18767,18972.0,8.667
18768,18973.0,8.346
18769,18974.0,9.269
18770,18975.0,7.475
18771,18976.0,6.964
18772,18977.0,7.355
18773,18978.0,7.395
18774,18979.0,7.556
18775,18980.0,9.349
18776,18981.0,10.697
18777,18982.0,10.056
18778,18983.0,9.655
18779,18984.0,7.355
18780,18985.0,7.877
18781,18986.0,9.575
18782,18987.0,8.158
18783,18988.0,7.556
18784,18989.0,7.556
18785,18990.0,7.085
18786,18991.0,6.924
18787,18992.0,7.435
18788,18993.0,7.314
18789,18994.0,10.176
18790,18995.0,10.657
18791,18996.0,11.12
18792,18997.0,10.496
18793,18998.0,7.314
18794,18999.0,8.158
18795,19000.0,9.309
18796,19001.0,8.627
18797,19002.0,7.556
18798,19003.0,7.556
18799,19004.0,7.165
18800,19005.0,6.883
18801,19006.0,7.556
18802,19007.0,7.475
18803,19008.0,10.777
18804,19009.0,10.056
18805,19010.0,10.657
18806,19011.0,10.92
18807,19012.0,7.475
18808,19013.0,8.667
18809,19014.0,7.917
18810,19015.0,9.309
18811,19016.0,7.998
18812,19017.0,7.917
18813,19018.0,7.194
18814,19019.0,6.803
18815,19020.0,7.355
18816,19021.0,7.435
18817,19022.0,10.056
18818,19023.0,8.908
18819,19024.0,9.895
18820,19025.0,10.296
18821,19026.0,7.797
18822,19027.0,9.389
18823,19028.0,8.346
18824,19029.0,9.269
18825,19030.0,8.667
18826,19031.0,8.199
18827,19032.0,7.125
18828,19033.0,6.642
18829,19034.0,7.314
18830,19035.0,7.515
18831,19036.0,8.788
18832,19037.0,8.199
18833,19038.0,8.547
18834,19039.0,9.229
18835,19040.0,8.078
18836,19041.0,7.355
18837,19042.0,9.189
18838,19043.0,7.958
18839,19044.0,9.655
18840,19045.0,8.747
18841,19047.0,7.234
18842,19048.0,6.763
18843,19049.0,7.355
18844,19050.0,7.314
18845,19051.0,7.395
18846,19052.0,8.547
18847,19053.0,9.189
18848,19054.0,8.868
18849,19055.0,8.467
18850,19056.0,7.234
18851,19057.0,9.615
18852,19058.0,8.467
18853,19059.0,9.109
18854,19060.0,9.55
18855,19061.0,7.355
18856,19062.0,6.924
18857,19063.0,7.395
18858,19064.0,7.475
18859,19065.0,7.435
18860,19066.0,9.109
18861,19067.0,10.256
18862,19068.0,9.655
18863,19069.0,9.389
18864,19070.0,7.314
18865,19071.0,7.837
18866,19072.0,9.229
18867,19073.0,7.958
18868,19074.0,8.239
18869,19075.0,7.475
18870,19076.0,7.085
18871,19077.0,6.924
18872,19078.0,7.435
18873,19079.0,7.314
18874,19080.0,10.136
18875,19081.0,10.697
18876,19082.0,11.08
18877,19083.0,10.536
18878,19084.0,7.314
18879,19085.0,8.199
18880,19086.0,9.309
18881,19087.0,8.667
18882,19088.0,7.556
18883,19089.0,7.596
18884,19090.0,7.165
18885,19091.0,6.883
18886,19092.0,7.596
18887,19093.0,7.475
18888,19094.0,10.657
18889,19095.0,9.895
18890,19096.0,10.496
18891,19097.0,10.88
18892,19098.0,7.515
18893,19099.0,8.908
18894,19100.0,7.917
18895,19101.0,9.655
18896,19102.0,8.078
18897,19103.0,8.038
18898,19104.0,7.154
18899,19105.0,6.763
18900,19106.0,7.314
18901,19107.0,7.475
18902,19108.0,9.815
18903,19109.0,8.627
18904,19110.0,9.655
18905,19111.0,10.096
18906,19112.0,7.797
18907,19113.0,9.068
18908,19114.0,8.467
18909,19115.0,8.948
18910,19116.0,8.707
18911,19117.0,8.279
18912,19118.0,7.125
18913,19119.0,6.682
18914,19120.0,7.314
18915,19121.0,7.515
18916,19122.0,8.747
18917,19123.0,8.199
18918,19124.0,8.627
18919,19125.0,9.149
18920,19126.0,8.118
18921,19127.0,7.234
18922,19128.0,9.229
18923,19129.0,7.958
18924,19130.0,9.751
18925,19131.0,8.747
18926,19132.0,7.314
18927,19133.0,6.763
18928,19134.0,7.355
18929,19135.0,7.395
18930,19136.0,7.515
18931,19137.0,9.189
18932,19138.0,10.416
18933,19140.0,9.815
18934,19141.0,9.59
18935,19142.0,7.314
18936,19143.0,7.797
18937,19144.0,9.389
18938,19145.0,7.998
18939,19146.0,7.998
18940,19147.0,7.475
18941,19148.0,7.085
18942,19149.0,6.883
18943,19150.0,7.475
18944,19151.0,7.355
18945,19152.0,10.697
18946,19153.0,10.456
18947,19154.0,10.92
18948,19155.0,11.04
18949,19156.0,7.314
18950,19157.0,8.426
18951,19158.0,8.747
18952,19159.0,8.788
18953,19160.0,7.716
18954,19161.0,7.676
18955,19162.0,7.205
18956,19163.0,6.843
18957,19164.0,7.435
18958,19165.0,7.435
18959,19166.0,10.416
18960,19167.0,9.51
18961,19168.0,10.256
18962,19169.0,10.616
18963,19170.0,7.676
18964,19171.0,9.189
18965,19172.0,8.118
18966,19173.0,9.855
18967,19174.0,8.359
18968,19175.0,8.038
18969,19176.0,7.194
18970,19177.0,6.763
18971,19178.0,7.435
18972,19179.0,7.515
18973,19180.0,9.63
18974,19181.0,8.319
18975,19182.0,9.389
18976,19183.0,9.935
18977,19184.0,7.877
18978,19185.0,8.667
18979,19186.0,8.707
18980,19187.0,8.507
18981,19188.0,8.948
18982,19189.0,8.359
18983,19190.0,7.165
18984,19191.0,6.561
18985,19192.0,7.314
18986,19193.0,7.716
18987,19194.0,7.877
18988,19195.0,8.547
18989,19196.0,8.908
18990,19197.0,8.707
18991,19198.0,8.279
18992,19199.0,7.154
18993,19200.0,9.855
18994,19201.0,8.279
18995,19202.0,9.51
18996,19203.0,9.229
18997,19204.0,7.274
18998,19205.0,6.803
18999,19206.0,7.274
19000,19207.0,7.435
19001,19208.0,7.556
19002,19209.0,9.51
19003,19210.0,10.88
19004,19211.0,10.296
19005,19212.0,9.615
19006,19213.0,7.395
19007,19214.0,7.877
19008,19215.0,9.855
19009,19216.0,8.199
19010,19217.0,7.556
19011,19218.0,7.515
19012,19219.0,7.085
19013,19220.0,6.924
19014,19221.0,7.475
19015,19222.0,7.395
19016,19223.0,10.817
19017,19224.0,10.416
19018,19225.0,10.88
19019,19226.0,11.12
19020,19227.0,7.314
19021,19228.0,8.467
19022,19229.0,8.587
19023,19230.0,8.908
19024,19231.0,7.716
19025,19232.0,7.716
19026,19234.0,7.165
19027,19235.0,6.803
19028,19236.0,7.234
19029,19237.0,7.435
19030,19238.0,10.176
19031,19239.0,9.189
19032,19240.0,10.056
19033,19241.0,10.456
19034,19242.0,7.716
19035,19243.0,9.55
19036,19244.0,8.239
19037,19245.0,9.59
19038,19246.0,8.507
19039,19247.0,8.158
19040,19248.0,7.125
19041,19249.0,6.642
19042,19250.0,7.274
19043,19251.0,7.556
19044,19252.0,8.868
19045,19253.0,8.199
19046,19254.0,8.627
19047,19255.0,9.349
19048,19256.0,8.038
19049,19257.0,7.596
19050,19258.0,9.068
19051,19259.0,7.958
19052,19260.0,9.59
19053,19261.0,8.707
19054,19262.0,7.234
19055,19263.0,6.722
19056,19264.0,7.355
19057,19265.0,7.355
19058,19266.0,7.274
19059,19267.0,8.627
19060,19268.0,9.51
19061,19269.0,9.109
19062,19270.0,8.707
19063,19271.0,7.314
19064,19272.0,9.189
19065,19273.0,8.707
19066,19274.0,8.667
19067,19275.0,9.51
19068,19276.0,7.475
19069,19277.0,6.883
19070,19278.0,7.395
19071,19279.0,7.395
19072,19280.0,7.475
19073,19281.0,9.269
19074,19282.0,10.496
19075,19283.0,9.895
19076,19284.0,9.575
19077,19285.0,7.314
19078,19286.0,7.837
19079,19287.0,9.47
19080,19288.0,8.078
19081,19289.0,7.797
19082,19290.0,7.515
19083,19291.0,7.044
19084,19292.0,7.004
19085,19293.0,7.435
19086,19294.0,7.355
19087,19295.0,10.456
19088,19296.0,10.576
19089,19297.0,11.0
19090,19298.0,10.84
19091,19299.0,7.355
19092,19300.0,8.319
19093,19301.0,8.988
19094,19302.0,8.707
19095,19303.0,7.676
19096,19304.0,7.676
19097,19305.0,7.205
19098,19306.0,6.843
19099,19307.0,7.636
19100,19308.0,7.395
19101,19309.0,10.536
19102,19310.0,9.655
19103,19311.0,10.376
19104,19312.0,10.737
19105,19313.0,7.636
19106,19314.0,9.028
19107,19315.0,7.998
19108,19316.0,9.815
19109,19317.0,8.239
19110,19318.0,7.998
19111,19319.0,7.154
19112,19320.0,6.763
19113,19321.0,7.355
19114,19322.0,7.475
19115,19323.0,9.47
19116,19324.0,8.038
19117,19325.0,9.269
19118,19327.0,9.775
19119,19328.0,7.958
19120,19329.0,8.4
19121,19330.0,8.747
19122,19331.0,8.239
19123,19332.0,9.149
19124,19333.0,8.44
19125,19334.0,7.234
19126,19335.0,6.601
19127,19336.0,7.355
19128,19337.0,7.716
19129,19338.0,7.877
19130,19339.0,8.547
19131,19340.0,8.908
19132,19341.0,8.707
19133,19342.0,8.279
19134,19343.0,7.154
19135,19344.0,9.815
19136,19345.0,8.239
19137,19346.0,9.51
19138,19347.0,9.229
19139,19348.0,7.274
19140,19349.0,6.843
19141,19350.0,7.355
19142,19351.0,7.435
19143,19352.0,7.314
19144,19353.0,8.868
19145,19354.0,9.63
19146,19355.0,9.47
19147,19356.0,8.988
19148,19357.0,7.435
19149,19358.0,8.587
19150,19359.0,8.908
19151,19360.0,7.958
19152,19361.0,8.988
19153,19362.0,7.435
19154,19363.0,7.004
19155,19364.0,7.314
19156,19365.0,7.475
19157,19366.0,7.515
19158,19367.0,9.47
19159,19368.0,10.777
19160,19369.0,10.256
19161,19370.0,9.575
19162,19371.0,7.395
19163,19372.0,7.837
19164,19373.0,9.735
19165,19374.0,8.158
19166,19375.0,7.475
19167,19376.0,7.515
19168,19377.0,7.085
19169,19378.0,6.924
19170,19379.0,7.435
19171,19380.0,7.355
19172,19381.0,10.416
19173,19382.0,10.576
19174,19383.0,11.0
19175,19384.0,10.777
19176,19385.0,7.355
19177,19386.0,8.319
19178,19387.0,9.028
19179,19388.0,8.747
19180,19389.0,7.636
19181,19390.0,7.636
19182,19391.0,7.205
19183,19392.0,6.843
19184,19393.0,7.314
19185,19394.0,7.475
19186,19395.0,10.376
19187,19396.0,9.47
19188,19397.0,10.176
19189,19398.0,10.616
19190,19399.0,7.676
19191,19400.0,9.309
19192,19401.0,8.118
19193,19402.0,9.855
19194,19403.0,8.346
19195,19404.0,8.078
19196,19405.0,7.125
19197,19406.0,6.722
19198,19407.0,7.234
19199,19408.0,7.475
19200,19409.0,9.149
19201,19410.0,8.118
19202,19411.0,8.908
19203,19412.0,9.55
19204,19413.0,7.998
19205,19414.0,7.917
19206,19415.0,8.908
19207,19416.0,7.877
19208,19417.0,9.349
19209,19418.0,8.507
19210,19420.0,7.194
19211,19421.0,6.682
19212,19422.0,7.395
19213,19423.0,7.716
19214,19424.0,7.917
19215,19425.0,8.547
19216,19426.0,8.948
19217,19427.0,8.667
19218,19428.0,8.319
19219,19429.0,7.154
19220,19430.0,9.855
19221,19431.0,8.239
19222,19432.0,9.51
19223,19433.0,9.229
19224,19434.0,7.314
19225,19435.0,6.803
19226,19436.0,7.395
19227,19437.0,7.435
19228,19438.0,7.355
19229,19439.0,8.868
19230,19440.0,9.735
19231,19441.0,9.51
19232,19442.0,9.068
19233,19443.0,7.395
19234,19444.0,8.547
19235,19445.0,8.908
19236,19446.0,7.958
19237,19447.0,8.828
19238,19448.0,7.515
19239,19449.0,7.004
19240,19450.0,7.085
19241,19451.0,7.435
19242,19452.0,7.636
19243,19453.0,9.63
19244,19454.0,10.88
19245,19455.0,10.576
19246,19456.0,9.895
19247,19457.0,7.314
19248,19458.0,7.917
19249,19459.0,9.815
19250,19460.0,8.319
19251,19461.0,7.475
19252,19462.0,7.556
19253,19463.0,7.125
19254,19464.0,6.883
19255,19465.0,7.435
19256,19466.0,7.395
19257,19467.0,10.897
19258,19468.0,10.216
19259,19469.0,10.817
19260,19470.0,11.04
19261,19471.0,7.395
19262,19472.0,8.467
19263,19473.0,8.279
19264,19474.0,9.068
19265,19475.0,7.877
19266,19476.0,7.797
19267,19477.0,7.194
19268,19478.0,6.803
19269,19479.0,7.314
19270,19480.0,7.475
19271,19481.0,10.256
19272,19482.0,9.229
19273,19483.0,10.096
19274,19484.0,10.416
19275,19485.0,7.757
19276,19486.0,9.51
19277,19487.0,8.279
19278,19488.0,9.55
19279,19489.0,8.507
19280,19490.0,8.118
19281,19491.0,7.125
19282,19492.0,6.682
19283,19493.0,7.234
19284,19494.0,7.435
19285,19495.0,9.109
19286,19496.0,8.038
19287,19497.0,8.868
19288,19498.0,9.51
19289,19499.0,7.998
19290,19500.0,7.917
19291,19501.0,8.948
19292,19502.0,7.917
19293,19503.0,9.389
19294,19504.0,8.547
19295,19505.0,7.194
19296,19506.0,6.722
19297,19507.0,7.355
19298,19508.0,7.314
19299,19509.0,7.435
19300,19510.0,8.587
19301,19511.0,9.189
19302,19512.0,8.868
19303,19513.0,8.426
19304,19515.0,7.234
19305,19516.0,9.67
19306,19517.0,8.467
19307,19518.0,9.149
19308,19519.0,9.51
19309,19520.0,7.355
19310,19521.0,6.924
19311,19522.0,7.355
19312,19523.0,7.475
19313,19524.0,7.435
19314,19525.0,9.189
19315,19526.0,10.296
19316,19527.0,9.735
19317,19528.0,9.47
19318,19529.0,7.355
19319,19530.0,7.797
19320,19531.0,9.309
19321,19532.0,7.998
19322,19533.0,8.078
19323,19534.0,7.515
19324,19535.0,7.125
19325,19536.0,6.883
19326,19537.0,7.435
19327,19538.0,7.314
19328,19539.0,10.456
19329,19540.0,10.576
19330,19541.0,11.04
19331,19542.0,10.88
19332,19543.0,7.355
19333,19544.0,8.359
19334,19545.0,8.988
19335,19546.0,8.707
19336,19547.0,7.636
19337,19548.0,7.676
19338,19549.0,7.205
19339,19550.0,6.803
19340,19551.0,7.234
19341,19552.0,7.475
19342,19553.0,10.136
19343,19554.0,9.189
19344,19555.0,9.975
19345,19556.0,10.456
19346,19557.0,7.716
19347,19558.0,9.59
19348,19559.0,8.239
19349,19560.0,9.59
19350,19561.0,8.547
19351,19562.0,8.158
19352,19563.0,7.125
19353,19564.0,6.601
19354,19565.0,7.395
19355,19566.0,7.636
19356,19567.0,8.279
19357,19568.0,8.4
19358,19569.0,8.747
19359,19570.0,8.788
19360,19571.0,8.158
19361,19572.0,7.194
19362,19573.0,9.59
19363,19574.0,8.118
19364,19575.0,9.815
19365,19576.0,8.988
19366,19577.0,7.274
19367,19578.0,6.763
19368,19579.0,7.355
19369,19580.0,7.355
19370,19581.0,7.314
19371,19582.0,8.747
19372,19583.0,9.575
19373,19584.0,9.189
19374,19585.0,8.788
19375,19586.0,7.314
19376,19587.0,9.068
19377,19588.0,8.747
19378,19589.0,8.467
19379,19590.0,9.349
19380,19591.0,7.475
19381,19592.0,6.924
19382,19593.0,7.314
19383,19594.0,7.435
19384,19595.0,7.636
19385,19596.0,9.51
19386,19597.0,11.0
19387,19598.0,10.416
19388,19599.0,9.855
19389,19600.0,7.355
19390,19601.0,7.917
19391,19602.0,9.935
19392,19603.0,8.279
19393,19604.0,7.475
19394,19605.0,7.515
19395,19606.0,7.125
19396,19607.0,6.883
19397,19609.0,7.395
19398,19610.0,7.355
19399,19611.0,10.897
19400,19612.0,10.336
19401,19613.0,10.857
19402,19614.0,11.08
19403,19615.0,7.355
19404,19616.0,8.507
19405,19617.0,8.467
19406,19618.0,8.948
19407,19619.0,7.797
19408,19620.0,7.757
19409,19621.0,7.194
19410,19622.0,6.803
19411,19623.0,7.234
19412,19624.0,7.435
19413,19625.0,10.256
19414,19626.0,9.269
19415,19627.0,10.136
19416,19628.0,10.496
19417,19629.0,7.757
19418,19630.0,9.43
19419,19631.0,8.239
19420,19632.0,9.655
19421,19633.0,8.547
19422,19634.0,8.118
19423,19635.0,7.205
19424,19636.0,6.722
19425,19637.0,7.314
19426,19638.0,7.435
19427,19639.0,9.149
19428,19640.0,8.078
19429,19641.0,8.908
19430,19642.0,9.55
19431,19643.0,7.958
19432,19644.0,7.998
19433,19645.0,8.868
19434,19646.0,7.877
19435,19647.0,9.309
19436,19648.0,8.507
19437,19649.0,7.194
19438,19650.0,6.682
19439,19651.0,7.355
19440,19652.0,7.676
19441,19653.0,8.038
19442,19654.0,8.467
19443,19655.0,8.868
19444,19656.0,8.627
19445,19657.0,8.239
19446,19658.0,7.194
19447,19659.0,9.735
19448,19660.0,8.239
19449,19661.0,9.67
19450,19662.0,9.189
19451,19663.0,7.274
19452,19664.0,6.843
19453,19665.0,7.355
19454,19666.0,7.395
19455,19667.0,7.274
19456,19668.0,8.788
19457,19669.0,9.51
19458,19670.0,9.269
19459,19671.0,8.788
19460,19672.0,7.395
19461,19673.0,8.948
19462,19674.0,8.747
19463,19675.0,8.4
19464,19676.0,9.309
19465,19677.0,7.435
19466,19678.0,6.924
19467,19679.0,7.314
19468,19680.0,7.475
19469,19681.0,7.596
19470,19682.0,9.47
19471,19683.0,10.96
19472,19684.0,10.376
19473,19685.0,9.735
19474,19686.0,7.314
19475,19687.0,7.877
19476,19688.0,9.895
19477,19689.0,8.279
19478,19690.0,7.475
19479,19691.0,7.556
19480,19692.0,7.125
19481,19693.0,6.883
19482,19694.0,7.435
19483,19695.0,7.435
19484,19696.0,10.857
19485,19697.0,10.216
19486,19698.0,10.737
19487,19699.0,11.04
19488,19700.0,7.395
19489,19702.0,8.667
19490,19703.0,8.118
19491,19704.0,9.189
19492,19705.0,7.877
19493,19706.0,7.877
19494,19707.0,7.165
19495,19708.0,6.883
19496,19709.0,7.274
19497,19710.0,7.515
19498,19711.0,10.216
19499,19712.0,9.269
19500,19713.0,10.056
19501,19714.0,10.456
19502,19715.0,7.676
19503,19716.0,9.43
19504,19717.0,8.199
19505,19718.0,9.575
19506,19719.0,8.467
19507,19720.0,8.118
19508,19721.0,7.113
19509,19722.0,6.722
19510,19723.0,7.274
19511,19724.0,7.435
19512,19725.0,9.149
19513,19726.0,8.078
19514,19727.0,8.948
19515,19728.0,9.55
19516,19729.0,7.998
19517,19730.0,7.958
19518,19731.0,8.908
19519,19732.0,7.877
19520,19733.0,9.349
19521,19734.0,8.507
19522,19735.0,7.234
19523,19736.0,6.642
19524,19737.0,7.355
19525,19738.0,7.556
19526,19739.0,7.877
19527,19740.0,8.547
19528,19741.0,8.988
19529,19742.0,8.667
19530,19743.0,8.346
19531,19744.0,7.154
19532,19745.0,9.895
19533,19746.0,8.279
19534,19747.0,9.51
19535,19748.0,9.269
19536,19749.0,7.314
19537,19750.0,6.803
19538,19751.0,7.355
19539,19752.0,7.395
19540,19753.0,7.395
19541,19754.0,9.028
19542,19755.0,9.975
19543,19756.0,9.59
19544,19757.0,9.229
19545,19758.0,7.355
19546,19759.0,8.118
19547,19760.0,9.109
19548,19761.0,7.917
19549,19762.0,8.507
19550,19763.0,7.435
19551,19764.0,7.085
19552,19765.0,6.924
19553,19766.0,7.475
19554,19767.0,7.274
19555,19768.0,10.256
19556,19769.0,10.616
19557,19770.0,11.04
19558,19771.0,10.657
19559,19772.0,7.395
19560,19773.0,8.199
19561,19774.0,9.229
19562,19775.0,8.707
19563,19776.0,7.636
19564,19777.0,7.596
19565,19778.0,7.194
19566,19779.0,6.803
19567,19780.0,7.314
19568,19781.0,7.435
19569,19782.0,10.256
19570,19783.0,9.189
19571,19784.0,10.056
19572,19785.0,10.416
19573,19786.0,7.676
19574,19787.0,9.47
19575,19788.0,8.199
19576,19789.0,9.575
19577,19790.0,8.467
19578,19791.0,8.118
19579,19792.0,7.125
19580,19793.0,6.642
19581,19794.0,7.274
19582,19796.0,7.475
19583,19797.0,8.948
19584,19798.0,8.118
19585,19799.0,8.707
19586,19800.0,9.389
19587,19801.0,8.038
19588,19802.0,7.676
19589,19803.0,8.988
19590,19804.0,7.958
19591,19805.0,9.47
19592,19806.0,8.627
19593,19807.0,7.234
19594,19808.0,6.722
19595,19809.0,7.355
19596,19810.0,7.314
19597,19811.0,7.556
19598,19812.0,8.747
19599,19813.0,9.109
19600,19814.0,8.788
19601,19815.0,8.386
19602,19816.0,7.234
19603,19817.0,9.735
19604,19818.0,8.426
19605,19819.0,9.229
19606,19820.0,9.47
19607,19821.0,7.314
19608,19822.0,6.843
19609,19823.0,7.355
19610,19824.0,7.395
19611,19825.0,7.515
19612,19826.0,9.309
19613,19827.0,10.536
19614,19828.0,9.975
19615,19829.0,9.695
19616,19830.0,7.355
19617,19831.0,7.837
19618,19832.0,9.59
19619,19833.0,8.078
19620,19834.0,7.596
19621,19835.0,7.515
19622,19836.0,7.085
19623,19837.0,6.924
19624,19838.0,7.435
19625,19839.0,7.355
19626,19840.0,10.376
19627,19841.0,10.576
19628,19842.0,11.0
19629,19843.0,10.817
19630,19844.0,7.314
19631,19845.0,8.319
19632,19846.0,9.028
19633,19847.0,8.747
19634,19848.0,7.636
19635,19849.0,7.676
19636,19850.0,7.205
19637,19851.0,6.883
19638,19852.0,7.636
19639,19853.0,7.475
19640,19854.0,10.496
19641,19855.0,9.695
19642,19856.0,10.336
19643,19857.0,10.777
19644,19858.0,7.596
19645,19859.0,9.109
19646,19860.0,7.998
19647,19861.0,9.855
19648,19862.0,8.239
19649,19863.0,7.998
19650,19864.0,7.165
19651,19865.0,6.521
19652,19866.0,7.355
19653,19867.0,7.636
19654,19868.0,8.359
19655,19869.0,8.386
19656,19870.0,8.707
19657,19871.0,8.828
19658,19872.0,8.158
19659,19873.0,7.154
19660,19874.0,9.55
19661,19875.0,8.078
19662,19876.0,9.895
19663,19877.0,8.988
19664,19878.0,7.234
19665,19879.0,6.763
19666,19880.0,7.355
19667,19881.0,7.395
19668,19882.0,7.314
19669,19883.0,8.747
19670,19884.0,9.51
19671,19885.0,9.309
19672,19886.0,8.868
19673,19888.0,7.355
19674,19889.0,8.828
19675,19890.0,8.747
19676,19891.0,8.239
19677,19892.0,9.189
19678,19893.0,7.475
19679,19894.0,6.924
19680,19895.0,6.964
19681,19896.0,7.435
19682,19897.0,7.716
19683,19898.0,9.695
19684,19899.0,10.96
19685,19900.0,10.737
19686,19901.0,10.016
19687,19902.0,7.355
19688,19903.0,7.958
19689,19904.0,9.775
19690,19905.0,8.346
19691,19906.0,7.475
19692,19907.0,7.556
19693,19908.0,7.125
19694,19909.0,6.883
19695,19910.0,7.475
19696,19911.0,7.435
19697,19912.0,10.857
19698,19913.0,10.136
19699,19914.0,10.737
19700,19915.0,11.0
19701,19916.0,7.435
19702,19917.0,8.587
19703,19918.0,7.998
19704,19919.0,9.229
19705,19920.0,7.917
19706,19921.0,7.877
19707,19922.0,7.205
19708,19923.0,6.883
19709,19924.0,7.355
19710,19925.0,7.435
19711,19926.0,10.416
19712,19927.0,9.47
19713,19928.0,10.256
19714,19929.0,10.576
19715,19930.0,7.716
19716,19931.0,9.269
19717,19932.0,8.158
19718,19933.0,9.815
19719,19934.0,8.386
19720,19935.0,8.078
19721,19936.0,7.194
19722,19937.0,6.763
19723,19938.0,7.234
19724,19939.0,7.475
19725,19940.0,9.349
19726,19941.0,7.998
19727,19942.0,9.149
19728,19943.0,9.695
19729,19944.0,7.917
19730,19945.0,8.279
19731,19946.0,8.707
19732,19947.0,8.118
19733,19948.0,9.149
19734,19949.0,8.467
19735,19950.0,7.205
19736,19951.0,6.601
19737,19952.0,7.314
19738,19953.0,7.515
19739,19954.0,7.797
19740,19955.0,8.587
19741,19956.0,8.988
19742,19957.0,8.747
19743,19958.0,8.306
19744,19959.0,7.234
19745,19960.0,9.815
19746,19961.0,8.346
19747,19962.0,9.389
19748,19963.0,9.309
19749,19964.0,7.314
19750,19965.0,6.843
19751,19966.0,7.355
19752,19967.0,7.435
19753,19968.0,7.435
19754,19969.0,9.189
19755,19970.0,10.176
19756,19971.0,9.695
19757,19972.0,9.349
19758,19973.0,7.395
19759,19974.0,7.877
19760,19975.0,9.229
19761,19976.0,7.958
19762,19977.0,8.279
19763,19978.0,7.475
19764,19979.0,7.085
19765,19981.0,6.964
19766,19982.0,7.435
19767,19983.0,7.716
19768,19984.0,9.855
19769,19985.0,10.817
19770,19986.0,10.96
19771,19987.0,10.216
19772,19988.0,7.355
19773,19989.0,8.078
19774,19990.0,9.59
19775,19991.0,8.507
19776,19992.0,7.475
19777,19993.0,7.596
19778,19994.0,7.165
19779,19995.0,6.883
19780,19996.0,7.515
19781,19997.0,7.515
19782,19998.0,10.737
19783,19999.0,10.056
19784,20000.0,10.657
19785,20001.0,10.92
19786,20002.0,7.475
19787,20003.0,8.747
19788,20004.0,7.877
19789,20005.0,9.389
19790,20006.0,7.958
19791,20007.0,7.958
19792,20008.0,7.165
19793,20009.0,6.924
19794,20010.0,7.314
19795,20011.0,7.556
19796,20012.0,10.016
19797,20013.0,8.988
19798,20014.0,9.855
19799,20015.0,10.256
19800,20016.0,7.757
19801,20017.0,9.389
19802,20018.0,8.386
19803,20019.0,9.269
19804,20020.0,8.747
19805,20021.0,8.239
19806,20022.0,7.125
19807,20023.0,6.722
19808,20024.0,7.274
19809,20025.0,7.435
19810,20026.0,9.068
19811,20027.0,8.038
19812,20028.0,8.828
19813,20029.0,9.47
19814,20030.0,8.038
19815,20031.0,7.797
19816,20032.0,8.988
19817,20033.0,7.917
19818,20034.0,9.43
19819,20035.0,8.587
19820,20036.0,7.234
19821,20037.0,6.642
19822,20038.0,7.395
19823,20039.0,7.314
19824,20040.0,7.475
19825,20041.0,8.507
19826,20042.0,9.309
19827,20043.0,8.868
19828,20044.0,8.547
19829,20045.0,7.234
19830,20046.0,9.575
19831,20047.0,8.507
19832,20048.0,9.109
19833,20049.0,9.51
19834,20050.0,7.435
19835,20051.0,6.883
19836,20052.0,7.355
19837,20053.0,7.395
19838,20054.0,7.395
19839,20055.0,9.028
19840,20056.0,10.016
19841,20057.0,9.59
19842,20058.0,9.269
19843,20059.0,7.355
19844,20060.0,8.038
19845,20061.0,9.149
19846,20062.0,7.998
19847,20063.0,8.426
19848,20064.0,7.475
19849,20065.0,7.085
19850,20066.0,6.924
19851,20067.0,7.475
19852,20068.0,7.475
19853,20069.0,10.056
19854,20070.0,10.737
19855,20071.0,11.12
19856,20072.0,10.376
19857,20073.0,7.355
19858,20075.0,8.158
19859,20076.0,9.47
19860,20077.0,8.547
19861,20078.0,7.556
19862,20079.0,7.596
19863,20080.0,7.246
19864,20081.0,6.843
19865,20082.0,7.676
19866,20083.0,7.435
19867,20084.0,10.576
19868,20085.0,9.67
19869,20086.0,10.416
19870,20087.0,10.697
19871,20088.0,7.676
19872,20089.0,9.028
19873,20090.0,7.998
19874,20091.0,9.815
19875,20092.0,8.199
19876,20093.0,7.998
19877,20094.0,7.154
19878,20095.0,6.803
19879,20096.0,7.355
19880,20097.0,7.475
19881,20098.0,9.63
19882,20099.0,8.346
19883,20100.0,9.43
19884,20101.0,9.975
19885,20102.0,7.837
19886,20103.0,8.747
19887,20104.0,8.627
19888,20105.0,8.627
19889,20106.0,8.868
19890,20107.0,8.4
19891,20108.0,7.165
19892,20109.0,6.722
19893,20110.0,7.435
19894,20111.0,7.676
19895,20112.0,8.279
19896,20113.0,8.426
19897,20114.0,8.747
19898,20115.0,8.788
19899,20116.0,8.158
19900,20117.0,7.234
19901,20118.0,9.535
19902,20119.0,8.158
19903,20120.0,9.775
19904,20121.0,9.028
19905,20122.0,7.274
19906,20123.0,6.843
19907,20124.0,7.314
19908,20125.0,7.435
19909,20126.0,7.435
19910,20127.0,9.229
19911,20128.0,10.376
19912,20129.0,9.815
19913,20130.0,9.55
19914,20131.0,7.355
19915,20132.0,7.797
19916,20133.0,9.389
19917,20134.0,7.998
19918,20135.0,7.917
19919,20136.0,7.475
19920,20137.0,7.165
19921,20138.0,6.924
19922,20139.0,7.435
19923,20140.0,7.395
19924,20141.0,10.817
19925,20142.0,10.376
19926,20143.0,10.857
19927,20144.0,11.12
19928,20145.0,7.355
19929,20146.0,8.507
19930,20147.0,8.627
19931,20148.0,8.948
19932,20149.0,7.757
19933,20150.0,7.797
19934,20151.0,7.165
19935,20152.0,6.803
19936,20153.0,7.234
19937,20154.0,7.475
19938,20155.0,10.136
19939,20156.0,9.189
19940,20157.0,9.975
19941,20158.0,10.536
19942,20159.0,7.716
19943,20160.0,9.59
19944,20161.0,8.239
19945,20162.0,9.47
19946,20163.0,8.547
19947,20164.0,8.158
19948,20165.0,7.125
19949,20166.0,6.763
19950,20168.0,7.274
19951,20169.0,7.475
19952,20170.0,9.229
19953,20171.0,8.078
19954,20172.0,8.988
19955,20173.0,9.59
19956,20174.0,7.958
19957,20175.0,8.038
19958,20176.0,8.868
19959,20177.0,7.917
19960,20178.0,9.309
19961,20179.0,8.467
19962,20180.0,7.234
19963,20181.0,6.642
19964,20182.0,7.395
19965,20183.0,7.314
19966,20184.0,7.314
19967,20185.0,8.547
19968,20186.0,9.389
19969,20187.0,8.948
19970,20188.0,8.587
19971,20189.0,7.234
19972,20190.0,9.43
19973,20191.0,8.547
19974,20192.0,8.868
19975,20193.0,9.59
19976,20194.0,7.435
19977,20195.0,6.843
19978,20196.0,7.395
19979,20197.0,7.475
19980,20198.0,7.676
19981,20199.0,9.51
19982,20200.0,10.857
19983,20201.0,10.256
19984,20202.0,9.615
19985,20203.0,7.395
19986,20204.0,7.877
19987,20205.0,9.775
19988,20206.0,8.199
19989,20207.0,7.475
19990,20208.0,7.515
19991,20209.0,7.125
19992,20210.0,6.924
19993,20211.0,7.475
19994,20212.0,7.314
19995,20213.0,10.697
19996,20214.0,10.416
19997,20215.0,10.92
19998,20216.0,11.08
19999,20217.0,7.355
20000,20218.0,8.426
20001,20219.0,8.747
20002,20220.0,8.868
20003,20221.0,7.797
20004,20222.0,7.716
20005,20223.0,7.234
20006,20224.0,6.682
20007,20225.0,7.355
20008,20226.0,7.475
20009,20227.0,9.895
20010,20228.0,8.667
20011,20229.0,9.735
20012,20230.0,10.136
20013,20231.0,7.837
20014,20232.0,9.109
20015,20233.0,8.507
20016,20234.0,8.948
20017,20235.0,8.707
20018,20236.0,8.279
20019,20237.0,7.113
20020,20238.0,6.521
20021,20239.0,7.314
20022,20240.0,7.716
20023,20241.0,7.917
20024,20242.0,8.587
20025,20243.0,8.948
20026,20244.0,8.667
20027,20245.0,8.279
20028,20246.0,7.154
20029,20247.0,9.815
20030,20248.0,8.279
20031,20249.0,9.51
20032,20250.0,9.229
20033,20251.0,7.274
20034,20252.0,6.843
20035,20253.0,7.274
20036,20254.0,7.435
20037,20255.0,7.515
20038,20256.0,9.389
20039,20257.0,10.657
20040,20258.0,10.096
20041,20259.0,9.695
20042,20261.0,7.435
20043,20262.0,7.837
20044,20263.0,9.655
20045,20264.0,8.118
20046,20265.0,7.636
20047,20266.0,7.515
20048,20267.0,7.125
20049,20268.0,6.924
20050,20269.0,7.435
20051,20270.0,7.314
20052,20271.0,10.616
20053,20272.0,10.456
20054,20273.0,10.96
20055,20274.0,11.04
20056,20275.0,7.274
20057,20276.0,8.386
20058,20277.0,8.747
20059,20278.0,8.788
20060,20279.0,7.716
20061,20280.0,7.716
20062,20281.0,7.194
20063,20282.0,6.843
20064,20283.0,7.636
20065,20284.0,7.435
20066,20285.0,10.456
20067,20286.0,9.615
20068,20287.0,10.336
20069,20288.0,10.697
20070,20289.0,7.636
20071,20290.0,9.149
20072,20291.0,7.998
20073,20292.0,9.935
20074,20293.0,8.279
20075,20294.0,8.078
20076,20295.0,7.125
20077,20296.0,6.722
20078,20297.0,7.234
20079,20298.0,7.515
20080,20299.0,9.269
20081,20300.0,8.078
20082,20301.0,9.028
20083,20302.0,9.695
20084,20303.0,7.958
20085,20304.0,8.199
20086,20305.0,8.828
20087,20306.0,8.038
20088,20307.0,9.229
20089,20308.0,8.467
20090,20309.0,7.194
20091,20310.0,6.642
20092,20311.0,7.355
20093,20312.0,7.314
20094,20313.0,7.636
20095,20314.0,8.667
20096,20315.0,9.109
20097,20316.0,8.788
20098,20317.0,8.386
20099,20318.0,7.194
20100,20319.0,9.775
20101,20320.0,8.346
20102,20321.0,9.309
20103,20322.0,9.389
20104,20323.0,7.355
20105,20324.0,6.803
20106,20325.0,7.355
20107,20326.0,7.395
20108,20327.0,7.435
20109,20328.0,9.109
20110,20329.0,10.176
20111,20330.0,9.615
20112,20331.0,9.389
20113,20332.0,7.314
20114,20333.0,7.837
20115,20334.0,9.269
20116,20335.0,7.998
20117,20336.0,8.199
20118,20337.0,7.515
20119,20338.0,7.085
20120,20339.0,7.004
20121,20340.0,7.475
20122,20341.0,7.395
20123,20342.0,10.096
20124,20343.0,10.737
20125,20344.0,11.12
20126,20345.0,10.456
20127,20346.0,7.355
20128,20347.0,8.199
20129,20348.0,9.349
20130,20349.0,8.627
20131,20350.0,7.556
20132,20351.0,7.596
20133,20352.0,7.165
20134,20353.0,6.883
20135,20355.0,7.596
20136,20356.0,7.435
20137,20357.0,10.616
20138,20358.0,9.815
20139,20359.0,10.456
20140,20360.0,10.8
20141,20361.0,7.556
20142,20362.0,8.868
20143,20363.0,7.958
20144,20364.0,9.615
20145,20365.0,8.118
20146,20366.0,7.998
20147,20367.0,7.154
20148,20368.0,6.803
20149,20369.0,7.355
20150,20370.0,7.435
20151,20371.0,9.815
20152,20372.0,8.587
20153,20373.0,9.615
20154,20374.0,10.056
20155,20375.0,7.877
20156,20376.0,9.028
20157,20377.0,8.587
20158,20378.0,8.908
20159,20379.0,8.868
20160,20380.0,8.319
20161,20381.0,7.194
20162,20382.0,6.682
20163,20383.0,7.395
20164,20384.0,7.596
20165,20385.0,8.627
20166,20386.0,8.239
20167,20387.0,8.587
20168,20388.0,9.068
20169,20389.0,8.118
20170,20390.0,7.194
20171,20391.0,9.309
20172,20392.0,7.998
20173,20393.0,9.775
20174,20394.0,8.828
20175,20395.0,7.194
20176,20396.0,6.722
20177,20397.0,7.355
20178,20398.0,7.355
20179,20399.0,7.274
20180,20400.0,8.747
20181,20401.0,9.535
20182,20402.0,9.229
20183,20403.0,8.788
20184,20404.0,7.355
20185,20405.0,8.988
20186,20406.0,8.828
20187,20407.0,8.426
20188,20408.0,9.389
20189,20409.0,7.475
20190,20410.0,6.964
20191,20411.0,7.314
20192,20412.0,7.475
20193,20413.0,7.515
20194,20414.0,9.47
20195,20415.0,10.737
20196,20416.0,10.216
20197,20417.0,9.575
20198,20418.0,7.395
20199,20419.0,7.837
20200,20420.0,9.655
20201,20421.0,8.118
20202,20422.0,7.515
20203,20423.0,7.515
20204,20424.0,7.085
20205,20425.0,6.803
20206,20426.0,7.596
20207,20427.0,7.435
20208,20428.0,10.496
20209,20429.0,9.655
20210,20430.0,10.336
20211,20431.0,10.697
20212,20432.0,7.636
20213,20433.0,9.109
20214,20434.0,7.998
20215,20435.0,9.895
20216,20436.0,8.239
20217,20437.0,8.078
20218,20438.0,7.154
20219,20439.0,6.722
20220,20440.0,7.234
20221,20441.0,7.515
20222,20442.0,9.269
20223,20443.0,8.078
20224,20444.0,9.028
20225,20445.0,9.655
20226,20446.0,7.917
20227,20448.0,8.199
20228,20449.0,8.828
20229,20450.0,8.038
20230,20451.0,9.229
20231,20452.0,8.547
20232,20453.0,7.194
20233,20454.0,6.722
20234,20455.0,7.355
20235,20456.0,7.355
20236,20457.0,7.395
20237,20458.0,8.547
20238,20459.0,9.309
20239,20460.0,8.908
20240,20461.0,8.547
20241,20462.0,7.234
20242,20463.0,9.47
20243,20464.0,8.507
20244,20465.0,8.948
20245,20466.0,9.51
20246,20467.0,7.395
20247,20468.0,6.843
20248,20469.0,7.395
20249,20470.0,7.395
20250,20471.0,7.395
20251,20472.0,8.988
20252,20473.0,9.935
20253,20474.0,9.735
20254,20475.0,9.229
20255,20476.0,7.314
20256,20477.0,8.239
20257,20478.0,9.068
20258,20479.0,7.958
20259,20480.0,8.547
20260,20481.0,7.475
20261,20482.0,7.044
20262,20483.0,7.085
20263,20484.0,7.435
20264,20485.0,7.636
20265,20486.0,9.615
20266,20487.0,10.96
20267,20488.0,10.616
20268,20489.0,9.975
20269,20490.0,7.314
20270,20491.0,7.998
20271,20492.0,9.855
20272,20493.0,8.386
20273,20494.0,7.475
20274,20495.0,7.556
20275,20496.0,7.125
20276,20497.0,6.883
20277,20498.0,7.435
20278,20499.0,7.395
20279,20500.0,10.92
20280,20501.0,10.296
20281,20502.0,10.84
20282,20503.0,11.08
20283,20504.0,7.355
20284,20505.0,8.507
20285,20506.0,8.386
20286,20507.0,8.988
20287,20508.0,7.797
20288,20509.0,7.757
20289,20510.0,7.154
20290,20511.0,6.843
20291,20512.0,7.234
20292,20513.0,7.435
20293,20514.0,10.296
20294,20515.0,9.349
20295,20516.0,10.176
20296,20517.0,10.536
20297,20518.0,7.716
20298,20519.0,9.349
20299,20520.0,8.199
20300,20521.0,9.695
20301,20522.0,8.426
20302,20523.0,8.078
20303,20524.0,7.154
20304,20525.0,6.682
20305,20526.0,7.314
20306,20527.0,7.475
20307,20528.0,9.149
20308,20529.0,8.078
20309,20530.0,8.908
20310,20531.0,9.47
20311,20532.0,8.038
20312,20533.0,7.837
20313,20534.0,8.948
20314,20535.0,7.917
20315,20536.0,9.389
20316,20537.0,8.587
20317,20538.0,7.234
20318,20540.0,6.682
20319,20541.0,7.355
20320,20542.0,7.274
20321,20543.0,7.395
20322,20544.0,8.507
20323,20545.0,9.189
20324,20546.0,8.868
20325,20547.0,8.467
20326,20548.0,7.234
20327,20549.0,9.59
20328,20550.0,8.467
20329,20551.0,9.068
20330,20552.0,9.51
20331,20553.0,7.355
20332,20554.0,6.843
20333,20555.0,7.355
20334,20556.0,7.435
20335,20557.0,7.515
20336,20558.0,9.349
20337,20559.0,10.536
20338,20560.0,10.016
20339,20561.0,9.655
20340,20562.0,7.395
20341,20563.0,7.797
20342,20564.0,9.59
20343,20565.0,8.078
20344,20566.0,7.757
20345,20567.0,7.515
20346,20568.0,7.125
20347,20569.0,6.924
20348,20570.0,7.515
20349,20571.0,7.314
20350,20572.0,10.616
20351,20573.0,10.496
20352,20574.0,10.96
20353,20575.0,10.96
20354,20576.0,7.274
20355,20577.0,8.346
20356,20578.0,8.828
20357,20579.0,8.788
20358,20580.0,7.676
20359,20581.0,7.676
20360,20582.0,7.165
20361,20583.0,6.722
20362,20584.0,7.274
20363,20585.0,7.475
20364,20586.0,9.975
20365,20587.0,8.868
20366,20588.0,9.775
20367,20589.0,10.256
20368,20590.0,7.797
20369,20591.0,9.309
20370,20592.0,8.386
20371,20593.0,9.149
20372,20594.0,8.747
20373,20595.0,8.279
20374,20596.0,7.085
20375,20597.0,6.682
20376,20598.0,7.395
20377,20599.0,7.676
20378,20600.0,8.239
20379,20601.0,8.426
20380,20602.0,8.788
20381,20603.0,8.788
20382,20604.0,8.199
20383,20605.0,7.234
20384,20606.0,9.615
20385,20607.0,8.199
20386,20608.0,9.775
20387,20609.0,9.149
20388,20610.0,7.274
20389,20611.0,6.843
20390,20612.0,7.355
20391,20613.0,7.395
20392,20614.0,7.435
20393,20615.0,9.068
20394,20616.0,10.096
20395,20617.0,9.535
20396,20618.0,9.309
20397,20619.0,7.355
20398,20620.0,8.038
20399,20621.0,9.149
20400,20622.0,7.958
20401,20623.0,8.359
20402,20624.0,7.475
20403,20625.0,7.085
20404,20626.0,6.883
20405,20627.0,7.435
20406,20628.0,7.314
20407,20629.0,10.456
20408,20630.0,10.536
20409,20631.0,11.0
20410,20632.0,10.92
20411,20634.0,7.314
20412,20635.0,8.346
20413,20636.0,8.948
20414,20637.0,8.707
20415,20638.0,7.636
20416,20639.0,7.676
20417,20640.0,7.154
20418,20641.0,6.803
20419,20642.0,7.234
20420,20643.0,7.475
20421,20644.0,10.216
20422,20645.0,9.229
20423,20646.0,10.056
20424,20647.0,10.496
20425,20648.0,7.716
20426,20649.0,9.55
20427,20650.0,8.199
20428,20651.0,9.59
20429,20652.0,8.467
20430,20653.0,8.199
20431,20654.0,7.125
20432,20655.0,6.763
20433,20656.0,7.274
20434,20657.0,7.435
20435,20658.0,9.189
20436,20659.0,8.038
20437,20660.0,8.988
20438,20661.0,9.575
20439,20662.0,7.958
20440,20663.0,8.038
20441,20664.0,8.868
20442,20665.0,7.877
20443,20666.0,9.309
20444,20667.0,8.467
20445,20668.0,7.194
20446,20669.0,6.642
20447,20670.0,7.355
20448,20671.0,7.314
20449,20672.0,7.274
20450,20673.0,8.667
20451,20674.0,9.535
20452,20675.0,9.109
20453,20676.0,8.707
20454,20677.0,7.314
20455,20678.0,9.229
20456,20679.0,8.707
20457,20680.0,8.627
20458,20681.0,9.47
20459,20682.0,7.435
20460,20683.0,6.883
20461,20684.0,6.964
20462,20685.0,7.435
20463,20686.0,7.716
20464,20687.0,9.855
20465,20688.0,10.84
20466,20689.0,10.92
20467,20690.0,10.256
20468,20691.0,7.314
20469,20692.0,8.118
20470,20693.0,9.63
20471,20694.0,8.507
20472,20695.0,7.475
20473,20696.0,7.556
20474,20697.0,7.125
20475,20698.0,6.843
20476,20699.0,7.515
20477,20700.0,7.435
20478,20701.0,10.697
20479,20702.0,9.935
20480,20703.0,10.576
20481,20704.0,10.88
20482,20705.0,7.515
20483,20706.0,8.747
20484,20707.0,7.917
20485,20708.0,9.47
20486,20709.0,8.038
20487,20710.0,7.958
20488,20711.0,7.154
20489,20712.0,6.803
20490,20713.0,7.314
20491,20714.0,7.475
20492,20715.0,9.855
20493,20716.0,8.707
20494,20717.0,9.735
20495,20718.0,10.176
20496,20719.0,7.837
20497,20720.0,9.149
20498,20721.0,8.507
20499,20722.0,9.028
20500,20723.0,8.747
20501,20724.0,8.239
20502,20725.0,7.154
20503,20726.0,6.642
20504,20728.0,7.395
20505,20729.0,7.596
20506,20730.0,8.426
20507,20731.0,8.306
20508,20732.0,8.788
20509,20733.0,8.868
20510,20734.0,8.118
20511,20735.0,7.194
20512,20736.0,9.51
20513,20737.0,8.078
20514,20738.0,9.855
20515,20739.0,8.948
20516,20740.0,7.234
20517,20741.0,6.763
20518,20742.0,7.355
20519,20743.0,7.395
20520,20744.0,7.314
20521,20745.0,8.747
20522,20746.0,9.495
20523,20747.0,9.309
20524,20748.0,8.868
20525,20749.0,7.355
20526,20750.0,8.788
20527,20751.0,8.747
20528,20752.0,8.199
20529,20753.0,9.189
20530,20754.0,7.435
20531,20755.0,6.964
20532,20756.0,6.924
20533,20757.0,7.435
20534,20758.0,7.636
20535,20759.0,9.655
20536,20760.0,10.88
20537,20761.0,10.697
20538,20762.0,10.016
20539,20763.0,7.395
20540,20764.0,7.958
20541,20765.0,9.855
20542,20766.0,8.346
20543,20767.0,7.556
20544,20768.0,7.556
20545,20769.0,7.194
20546,20770.0,6.843
20547,20771.0,7.596
20548,20772.0,7.475
20549,20773.0,10.817
20550,20774.0,9.975
20551,20775.0,10.616
20552,20776.0,10.88
20553,20777.0,7.475
20554,20778.0,8.707
20555,20779.0,7.877
20556,20780.0,9.389
20557,20781.0,7.958
20558,20782.0,7.917
20559,20783.0,7.154
20560,20784.0,6.481
20561,20785.0,7.314
20562,20786.0,7.515
20563,20787.0,8.868
20564,20788.0,8.158
20565,20789.0,8.547
20566,20790.0,9.269
20567,20791.0,8.078
20568,20792.0,7.435
20569,20793.0,9.149
20570,20794.0,7.998
20571,20795.0,9.63
20572,20796.0,8.747
20573,20797.0,7.274
20574,20798.0,6.763
20575,20799.0,7.355
20576,20800.0,7.355
20577,20801.0,7.636
20578,20802.0,8.667
20579,20803.0,9.068
20580,20804.0,8.747
20581,20805.0,8.386
20582,20806.0,7.234
20583,20807.0,9.775
20584,20808.0,8.386
20585,20809.0,9.269
20586,20810.0,9.389
20587,20811.0,7.314
20588,20812.0,6.924
20589,20813.0,7.355
20590,20814.0,7.435
20591,20815.0,7.395
20592,20816.0,9.068
20593,20817.0,10.096
20594,20818.0,9.575
20595,20820.0,9.309
20596,20821.0,7.355
20597,20822.0,7.958
20598,20823.0,9.189
20599,20824.0,7.958
20600,20825.0,8.319
20601,20826.0,7.475
20602,20827.0,7.085
20603,20828.0,6.964
20604,20829.0,7.435
20605,20830.0,7.676
20606,20831.0,9.775
20607,20832.0,10.857
20608,20833.0,10.88
20609,20834.0,10.136
20610,20835.0,7.314
20611,20836.0,8.038
20612,20837.0,9.655
20613,20838.0,8.467
20614,20839.0,7.475
20615,20840.0,7.556
20616,20841.0,7.125
20617,20842.0,6.924
20618,20843.0,7.435
20619,20844.0,7.435
20620,20845.0,10.88
20621,20846.0,10.256
20622,20847.0,10.817
20623,20848.0,11.08
20624,20849.0,7.395
20625,20850.0,8.507
20626,20851.0,8.239
20627,20852.0,9.109
20628,20853.0,7.837
20629,20854.0,7.837
20630,20855.0,7.165
20631,20856.0,6.924
20632,20857.0,7.234
20633,20858.0,7.435
20634,20859.0,10.296
20635,20860.0,9.349
20636,20861.0,10.136
20637,20862.0,10.536
20638,20863.0,7.676
20639,20864.0,9.349
20640,20865.0,8.158
20641,20866.0,9.735
20642,20867.0,8.426
20643,20868.0,8.078
20644,20869.0,7.125
20645,20870.0,6.763
20646,20871.0,7.274
20647,20872.0,7.475
20648,20873.0,9.229
20649,20874.0,8.038
20650,20875.0,8.988
20651,20876.0,9.575
20652,20877.0,7.958
20653,20878.0,8.038
20654,20879.0,8.868
20655,20880.0,7.917
20656,20881.0,9.309
20657,20882.0,8.467
20658,20883.0,7.234
20659,20884.0,6.642
20660,20885.0,7.395
20661,20886.0,7.314
20662,20887.0,7.435
20663,20888.0,8.547
20664,20889.0,9.269
20665,20890.0,8.868
20666,20891.0,8.547
20667,20892.0,7.234
20668,20893.0,9.59
20669,20894.0,8.507
20670,20895.0,9.068
20671,20896.0,9.51
20672,20897.0,7.395
20673,20898.0,6.883
20674,20899.0,7.355
20675,20900.0,7.395
20676,20901.0,7.395
20677,20902.0,9.068
20678,20903.0,10.096
20679,20904.0,9.575
20680,20905.0,9.309
20681,20906.0,7.314
20682,20907.0,7.917
20683,20908.0,9.189
20684,20909.0,7.958
20685,20910.0,8.279
20686,20911.0,7.475
20687,20912.0,7.125
20688,20914.0,6.964
20689,20915.0,7.475
20690,20916.0,7.314
20691,20917.0,10.176
20692,20918.0,10.576
20693,20919.0,10.96
20694,20920.0,10.817
20695,20921.0,7.314
20696,20922.0,8.4
20697,20923.0,8.747
20698,20924.0,8.868
20699,20925.0,7.797
20700,20926.0,7.716
20701,20927.0,7.234
20702,20928.0,6.279
20703,20929.0,7.355
20704,20930.0,7.274
20705,20931.0,7.435
20706,20932.0,8.507
20707,20933.0,9.349
20708,20934.0,8.948
20709,20935.0,8.667
20710,20936.0,7.274
20711,20937.0,9.149
20712,20938.0,8.707
20713,20939.0,8.4
20714,20940.0,9.229
20715,20941.0,7.435
20716,20942.0,6.964
20717,20943.0,6.924
20718,20944.0,7.475
20719,20945.0,7.314
20720,20946.0,10.216
20721,20947.0,10.576
20722,20948.0,11.04
20723,20949.0,10.817
20724,20950.0,7.314
20725,20951.0,8.359
20726,20952.0,8.747
20727,20953.0,8.828
20728,20954.0,7.757
20729,20955.0,7.757
20730,20956.0,7.205
20731,20957.0,6.763
20732,20958.0,7.355
20733,20959.0,7.435
20734,20960.0,9.735
20735,20961.0,8.467
20736,20962.0,9.47
20737,20963.0,9.855
20738,20964.0,7.877
20739,20965.0,8.667
20740,20966.0,8.707
20741,20967.0,8.507
20742,20968.0,8.948
20743,20969.0,8.346
20744,20970.0,7.194
20745,20971.0,6.803
20746,20972.0,7.355
20747,20973.0,7.515
20748,20974.0,8.908
20749,20975.0,8.158
20750,20976.0,8.627
20751,20977.0,9.269
20752,20978.0,8.038
20753,20979.0,7.475
20754,20980.0,9.109
20755,20981.0,7.958
20756,20982.0,9.59
20757,20983.0,8.667
20758,20984.0,7.234
20759,20985.0,6.722
20760,20986.0,7.314
20761,20987.0,7.274
20762,20988.0,7.515
20763,20989.0,8.627
20764,20990.0,9.068
20765,20991.0,8.747
20766,20992.0,8.386
20767,20993.0,7.194
20768,20994.0,9.695
20769,20995.0,8.386
20770,20996.0,9.189
20771,20997.0,9.47
20772,20998.0,7.355
20773,20999.0,6.843
20774,21000.0,7.395
20775,21001.0,7.435
20776,21002.0,7.475
20777,21003.0,9.269
20778,21004.0,10.416
20779,21005.0,9.895
20780,21007.0,9.535
20781,21008.0,7.395
20782,21009.0,7.797
20783,21010.0,9.47
20784,21011.0,7.998
20785,21012.0,7.958
20786,21013.0,7.475
20787,21014.0,7.125
20788,21015.0,6.924
20789,21016.0,7.435
20790,21017.0,7.274
20791,21018.0,10.256
20792,21019.0,10.616
20793,21020.0,11.04
20794,21021.0,10.616
20795,21022.0,7.314
20796,21023.0,8.279
20797,21024.0,9.149
20798,21025.0,8.747
20799,21026.0,7.596
20800,21027.0,7.636
20801,21028.0,7.154
20802,21029.0,6.924
20803,21030.0,7.556
20804,21031.0,7.435
20805,21032.0,10.616
20806,21033.0,9.855
20807,21034.0,10.536
20808,21035.0,10.84
20809,21036.0,7.556
20810,21037.0,8.908
20811,21038.0,7.958
20812,21039.0,9.63
20813,21040.0,8.118
20814,21041.0,8.038
20815,21042.0,7.165
20816,21043.0,6.803
20817,21044.0,7.355
20818,21045.0,7.515
20819,21046.0,9.655
20820,21047.0,8.467
20821,21048.0,9.47
20822,21049.0,10.016
20823,21050.0,7.837
20824,21051.0,8.868
20825,21052.0,8.627
20826,21053.0,8.707
20827,21054.0,8.868
20828,21055.0,8.346
20829,21056.0,7.154
20830,21057.0,6.722
20831,21058.0,7.355
20832,21059.0,7.556
20833,21060.0,8.547
20834,21061.0,8.279
20835,21062.0,8.667
20836,21063.0,8.988
20837,21064.0,8.078
20838,21065.0,7.194
20839,21066.0,9.389
20840,21067.0,8.038
20841,21068.0,9.895
20842,21069.0,8.868
20843,21070.0,7.234
20844,21071.0,6.763
20845,21072.0,7.395
20846,21073.0,7.355
20847,21074.0,7.274
20848,21075.0,8.707
20849,21076.0,9.63
20850,21077.0,9.189
20851,21078.0,8.788
20852,21079.0,7.355
20853,21080.0,9.068
20854,21081.0,8.747
20855,21082.0,8.467
20856,21083.0,9.349
20857,21084.0,7.475
20858,21085.0,6.924
20859,21086.0,7.395
20860,21087.0,7.395
20861,21088.0,7.515
20862,21089.0,9.269
20863,21090.0,10.536
20864,21091.0,9.935
20865,21092.0,9.655
20866,21093.0,7.355
20867,21094.0,7.837
20868,21095.0,9.51
20869,21096.0,8.078
20870,21097.0,7.757
20871,21098.0,7.475
20872,21100.0,7.085
20873,21101.0,6.964
20874,21102.0,7.435
20875,21103.0,7.274
20876,21104.0,10.336
20877,21105.0,10.616
20878,21106.0,11.04
20879,21107.0,10.737
20880,21108.0,7.355
20881,21109.0,8.279
20882,21110.0,9.109
20883,21111.0,8.747
20884,21112.0,7.636
20885,21113.0,7.636
20886,21114.0,7.194
20887,21115.0,6.803
20888,21116.0,7.515
20889,21117.0,7.435
20890,21118.0,10.416
20891,21119.0,9.51
20892,21120.0,10.296
20893,21121.0,10.657
20894,21122.0,7.716
20895,21123.0,9.189
20896,21124.0,8.078
20897,21125.0,9.895
20898,21126.0,8.346
20899,21127.0,8.078
20900,21128.0,7.205
20901,21129.0,6.763
20902,21130.0,7.435
20903,21131.0,7.475
20904,21132.0,9.55
20905,21133.0,8.158
20906,21134.0,9.349
20907,21135.0,9.815
20908,21136.0,7.917
20909,21137.0,8.507
20910,21138.0,8.707
20911,21139.0,8.359
20912,21140.0,9.028
20913,21141.0,8.386
20914,21142.0,7.154
20915,21143.0,6.561
20916,21144.0,7.314
20917,21145.0,7.314
20918,21146.0,7.274
20919,21147.0,8.587
20920,21148.0,9.309
20921,21149.0,8.988
20922,21150.0,8.547
20923,21151.0,7.274
20924,21152.0,9.389
20925,21153.0,8.587
20926,21154.0,8.828
20927,21155.0,9.59
20928,21156.0,7.395
20929,21157.0,6.883
20930,21158.0,7.274
20931,21159.0,7.435
20932,21160.0,7.515
20933,21161.0,9.43
20934,21162.0,10.777
20935,21163.0,10.176
20936,21164.0,9.55
20937,21165.0,7.355
20938,21166.0,7.837
20939,21167.0,9.735
20940,21168.0,8.158
20941,21169.0,7.515
20942,21170.0,7.515
20943,21171.0,7.125
20944,21172.0,6.883
20945,21173.0,7.515
20946,21174.0,7.314
20947,21175.0,10.737
20948,21176.0,10.456
20949,21177.0,10.96
20950,21178.0,11.08
20951,21179.0,7.274
20952,21180.0,8.426
20953,21181.0,8.707
20954,21182.0,8.828
20955,21183.0,7.676
20956,21184.0,7.716
20957,21185.0,7.154
20958,21186.0,6.883
20959,21187.0,7.596
20960,21188.0,7.435
20961,21189.0,10.416
20962,21190.0,9.55
20963,21191.0,10.296
20964,21192.0,10.657
20965,21194.0,7.636
20966,21195.0,9.189
20967,21196.0,7.998
20968,21197.0,9.895
20969,21198.0,8.279
20970,21199.0,8.038
20971,21200.0,7.125
20972,21201.0,6.843
20973,21202.0,7.355
20974,21203.0,7.475
20975,21204.0,9.695
20976,21205.0,8.467
20977,21206.0,9.51
20978,21207.0,10.056
20979,21208.0,7.837
20980,21209.0,8.908
20981,21210.0,8.587
20982,21211.0,8.788
20983,21212.0,8.788
20984,21213.0,8.386
20985,21214.0,7.113
20986,21215.0,6.642
20987,21216.0,7.355
20988,21217.0,7.716
20989,21218.0,8.038
20990,21219.0,8.507
20991,21220.0,8.868
20992,21221.0,8.627
20993,21222.0,8.239
20994,21223.0,7.154
20995,21224.0,9.695
20996,21225.0,8.199
20997,21226.0,9.615
20998,21227.0,9.149
20999,21228.0,7.274
21000,21229.0,6.803
21001,21230.0,7.355
21002,21231.0,7.435
21003,21232.0,7.355
21004,21233.0,8.868
21005,21234.0,9.735
21006,21235.0,9.47
21007,21236.0,9.028
21008,21237.0,7.395
21009,21238.0,8.587
21010,21239.0,8.868
21011,21240.0,7.958
21012,21241.0,8.908
21013,21242.0,7.475
21014,21243.0,6.964
21015,21244.0,7.355
21016,21245.0,7.435
21017,21246.0,7.636
21018,21247.0,9.47
21019,21248.0,10.96
21020,21249.0,10.376
21021,21250.0,9.775
21022,21251.0,7.314
21023,21252.0,7.877
21024,21253.0,9.855
21025,21254.0,8.279
21026,21255.0,7.475
21027,21256.0,7.556
21028,21257.0,7.085
21029,21258.0,6.964
21030,21259.0,7.435
21031,21260.0,7.395
21032,21261.0,10.777
21033,21262.0,10.376
21034,21263.0,10.88
21035,21264.0,11.12
21036,21265.0,7.314
21037,21266.0,8.467
21038,21267.0,8.627
21039,21268.0,8.868
21040,21269.0,7.757
21041,21270.0,7.716
21042,21271.0,7.165
21043,21272.0,6.843
21044,21273.0,7.355
21045,21274.0,7.435
21046,21275.0,10.376
21047,21276.0,9.47
21048,21277.0,10.216
21049,21278.0,10.576
21050,21279.0,7.676
21051,21280.0,9.229
21052,21281.0,8.078
21053,21282.0,9.855
21054,21283.0,8.306
21055,21284.0,8.038
21056,21286.0,7.154
21057,21287.0,6.561
21058,21288.0,7.314
21059,21289.0,7.515
21060,21290.0,8.788
21061,21291.0,8.158
21062,21292.0,8.587
21063,21293.0,9.189
21064,21294.0,8.078
21065,21295.0,7.314
21066,21296.0,9.349
21067,21297.0,7.958
21068,21298.0,9.735
21069,21299.0,8.707
21070,21300.0,7.314
21071,21301.0,6.722
21072,21302.0,7.395
21073,21303.0,7.395
21074,21304.0,7.314
21075,21305.0,8.747
21076,21306.0,9.51
21077,21307.0,9.269
21078,21308.0,8.788
21079,21309.0,7.355
21080,21310.0,8.908
21081,21311.0,8.707
21082,21312.0,8.319
21083,21313.0,9.269
21084,21314.0,7.435
21085,21315.0,6.924
21086,21316.0,7.314
21087,21317.0,7.435
21088,21318.0,7.556
21089,21319.0,9.43
21090,21320.0,10.817
21091,21321.0,10.256
21092,21322.0,9.615
21093,21323.0,7.395
21094,21324.0,7.837
21095,21325.0,9.775
21096,21326.0,8.158
21097,21327.0,7.515
21098,21328.0,7.515
21099,21329.0,7.125
21100,21330.0,6.924
21101,21331.0,7.435
21102,21332.0,7.395
21103,21333.0,10.92
21104,21334.0,10.376
21105,21335.0,10.96
21106,21336.0,11.16
21107,21337.0,7.395
21108,21338.0,8.467
21109,21339.0,8.627
21110,21340.0,8.908
21111,21341.0,7.837
21112,21342.0,7.757
21113,21343.0,7.205
21114,21344.0,6.803
21115,21345.0,7.234
21116,21346.0,7.435
21117,21347.0,10.296
21118,21348.0,9.349
21119,21349.0,10.136
21120,21350.0,10.536
21121,21351.0,7.676
21122,21352.0,9.349
21123,21353.0,8.118
21124,21354.0,9.735
21125,21355.0,8.386
21126,21356.0,8.118
21127,21357.0,7.125
21128,21358.0,6.803
21129,21359.0,7.395
21130,21360.0,7.515
21131,21361.0,9.51
21132,21362.0,8.158
21133,21363.0,9.309
21134,21364.0,9.855
21135,21365.0,7.917
21136,21366.0,8.547
21137,21367.0,8.667
21138,21368.0,8.4
21139,21369.0,9.028
21140,21370.0,8.426
21141,21371.0,7.165
21142,21372.0,6.642
21143,21373.0,7.355
21144,21374.0,7.355
21145,21375.0,7.395
21146,21376.0,8.547
21147,21377.0,9.229
21148,21379.0,8.908
21149,21380.0,8.467
21150,21381.0,7.274
21151,21382.0,9.59
21152,21383.0,8.547
21153,21384.0,9.109
21154,21385.0,9.47
21155,21386.0,7.355
21156,21387.0,6.803
21157,21388.0,7.314
21158,21389.0,7.435
21159,21390.0,7.556
21160,21391.0,9.43
21161,21392.0,10.817
21162,21393.0,10.176
21163,21394.0,9.615
21164,21395.0,7.355
21165,21396.0,7.877
21166,21397.0,9.695
21167,21398.0,8.158
21168,21399.0,7.515
21169,21400.0,7.515
21170,21401.0,7.085
21171,21402.0,6.883
21172,21403.0,7.435
21173,21404.0,7.435
21174,21405.0,10.92
21175,21406.0,10.296
21176,21407.0,10.777
21177,21408.0,11.08
21178,21409.0,7.355
21179,21410.0,8.467
21180,21411.0,8.319
21181,21412.0,9.068
21182,21413.0,7.837
21183,21414.0,7.837
21184,21415.0,7.165
21185,21416.0,6.883
21186,21417.0,7.234
21187,21418.0,7.475
21188,21419.0,10.336
21189,21420.0,9.47
21190,21421.0,10.216
21191,21422.0,10.616
21192,21423.0,7.716
21193,21424.0,9.389
21194,21425.0,8.158
21195,21426.0,9.775
21196,21427.0,8.346
21197,21428.0,8.078
21198,21429.0,7.125
21199,21430.0,6.682
21200,21431.0,7.314
21201,21432.0,7.475
21202,21433.0,8.948
21203,21434.0,8.118
21204,21435.0,8.707
21205,21436.0,9.349
21206,21437.0,8.038
21207,21438.0,7.676
21208,21439.0,9.068
21209,21440.0,7.917
21210,21441.0,9.55
21211,21442.0,8.627
21212,21443.0,7.274
21213,21444.0,6.642
21214,21445.0,7.355
21215,21446.0,7.314
21216,21447.0,7.274
21217,21448.0,8.707
21218,21449.0,9.55
21219,21450.0,9.109
21220,21451.0,8.747
21221,21452.0,7.355
21222,21453.0,9.229
21223,21454.0,8.707
21224,21455.0,8.627
21225,21456.0,9.47
21226,21457.0,7.475
21227,21458.0,6.924
21228,21459.0,7.435
21229,21460.0,7.395
21230,21461.0,7.556
21231,21462.0,9.309
21232,21463.0,10.657
21233,21464.0,10.016
21234,21465.0,9.735
21235,21466.0,7.314
21236,21467.0,7.797
21237,21468.0,9.55
21238,21469.0,8.078
21239,21470.0,7.636
21240,21471.0,7.475
21241,21473.0,7.044
21242,21474.0,6.924
21243,21475.0,7.435
21244,21476.0,7.274
21245,21477.0,10.296
21246,21478.0,10.616
21247,21479.0,11.08
21248,21480.0,10.697
21249,21481.0,7.355
21250,21482.0,8.239
21251,21483.0,9.189
21252,21484.0,8.747
21253,21485.0,7.636
21254,21486.0,7.636
21255,21487.0,7.205
21256,21488.0,6.803
21257,21489.0,7.676
21258,21490.0,7.435
21259,21491.0,10.536
21260,21492.0,9.63
21261,21493.0,10.376
21262,21494.0,10.697
21263,21495.0,7.636
21264,21496.0,9.068
21265,21497.0,8.038
21266,21498.0,9.855
21267,21499.0,8.279
21268,21500.0,7.998
21269,21501.0,7.194
21270,21502.0,6.763
21271,21503.0,7.435
21272,21504.0,7.475
21273,21505.0,9.63
21274,21506.0,8.279
21275,21507.0,9.389
21276,21508.0,9.895
21277,21509.0,7.877
21278,21510.0,8.627
21279,21511.0,8.747
21280,21512.0,8.467
21281,21513.0,8.988
21282,21514.0,8.44
21283,21515.0,7.165
21284,21516.0,6.601
21285,21517.0,7.314
21286,21518.0,7.475
21287,21519.0,7.757
21288,21520.0,8.587
21289,21521.0,8.988
21290,21522.0,8.707
21291,21523.0,8.319
21292,21524.0,7.194
21293,21525.0,9.815
21294,21526.0,8.319
21295,21527.0,9.349
21296,21528.0,9.349
21297,21529.0,7.314
21298,21530.0,6.883
21299,21531.0,7.355
21300,21532.0,7.475
21301,21533.0,7.355
21302,21534.0,9.028
21303,21535.0,9.855
21304,21536.0,9.695
21305,21537.0,9.149
21306,21538.0,7.435
21307,21539.0,8.239
21308,21540.0,9.149
21309,21541.0,7.917
21310,21542.0,8.707
21311,21543.0,7.475
21312,21544.0,7.044
21313,21545.0,6.964
21314,21546.0,7.435
21315,21547.0,7.676
21316,21548.0,9.815
21317,21549.0,10.857
21318,21550.0,10.857
21319,21551.0,10.176
21320,21552.0,7.314
21321,21553.0,8.038
21322,21554.0,9.655
21323,21555.0,8.467
21324,21556.0,7.475
21325,21557.0,7.556
21326,21558.0,7.125
21327,21559.0,6.803
21328,21560.0,7.234
21329,21561.0,7.475
21330,21562.0,10.336
21331,21563.0,9.47
21332,21564.0,10.176
21333,21565.0,10.576
21334,21567.0,7.676
21335,21568.0,9.349
21336,21569.0,8.118
21337,21570.0,9.775
21338,21571.0,8.386
21339,21572.0,8.118
21340,21573.0,7.165
21341,21574.0,6.722
21342,21575.0,7.274
21343,21576.0,7.515
21344,21577.0,9.068
21345,21578.0,8.118
21346,21579.0,8.828
21347,21580.0,9.51
21348,21581.0,7.998
21349,21582.0,7.877
21350,21583.0,8.988
21351,21584.0,7.958
21352,21585.0,9.389
21353,21586.0,8.547
21354,21587.0,7.194
21355,21588.0,6.682
21356,21589.0,7.355
21357,21590.0,7.355
21358,21591.0,7.274
21359,21592.0,8.707
21360,21593.0,9.47
21361,21594.0,9.189
21362,21595.0,8.788
21363,21596.0,7.314
21364,21597.0,8.948
21365,21598.0,8.747
21366,21599.0,8.4
21367,21600.0,9.309
21368,21601.0,7.435
21369,21602.0,6.924
21370,21603.0,7.085
21371,21604.0,7.435
21372,21605.0,7.636
21373,21606.0,9.59
21374,21607.0,10.92
21375,21608.0,10.576
21376,21609.0,9.895
21377,21610.0,7.314
21378,21611.0,7.958
21379,21612.0,9.855
21380,21613.0,8.346
21381,21614.0,7.475
21382,21615.0,7.556
21383,21616.0,7.125
21384,21617.0,6.964
21385,21618.0,7.435
21386,21619.0,7.435
21387,21620.0,10.897
21388,21621.0,10.336
21389,21622.0,10.817
21390,21623.0,11.12
21391,21624.0,7.355
21392,21625.0,8.587
21393,21626.0,8.386
21394,21627.0,8.988
21395,21628.0,7.797
21396,21629.0,7.797
21397,21630.0,7.205
21398,21631.0,6.843
21399,21632.0,7.234
21400,21633.0,7.435
21401,21634.0,10.296
21402,21635.0,9.389
21403,21636.0,10.176
21404,21637.0,10.536
21405,21638.0,7.716
21406,21639.0,9.349
21407,21640.0,8.158
21408,21641.0,9.775
21409,21642.0,8.386
21410,21643.0,8.078
21411,21644.0,7.165
21412,21645.0,6.642
21413,21646.0,7.274
21414,21647.0,7.435
21415,21648.0,9.189
21416,21649.0,8.078
21417,21650.0,8.948
21418,21651.0,9.55
21419,21652.0,7.998
21420,21653.0,7.998
21421,21654.0,8.908
21422,21655.0,7.877
21423,21656.0,9.349
21424,21657.0,8.507
21425,21658.0,7.234
21426,21660.0,6.642
21427,21661.0,7.435
21428,21662.0,7.274
21429,21663.0,7.636
21430,21664.0,8.707
21431,21665.0,9.149
21432,21666.0,8.747
21433,21667.0,8.426
21434,21668.0,7.194
21435,21669.0,9.735
21436,21670.0,8.386
21437,21671.0,9.229
21438,21672.0,9.389
21439,21673.0,7.314
21440,21674.0,6.843
21441,21675.0,7.355
21442,21676.0,7.395
21443,21677.0,7.355
21444,21678.0,8.988
21445,21679.0,9.975
21446,21680.0,9.615
21447,21681.0,9.229
21448,21682.0,7.355
21449,21683.0,8.158
21450,21684.0,9.109
21451,21685.0,7.917
21452,21686.0,8.547
21453,21687.0,7.475
21454,21688.0,7.085
21455,21689.0,6.883
21456,21690.0,7.475
21457,21691.0,7.314
21458,21692.0,10.616
21459,21693.0,10.496
21460,21694.0,11.0
21461,21695.0,11.0
21462,21696.0,7.314
21463,21697.0,8.359
21464,21698.0,8.908
21465,21699.0,8.788
21466,21700.0,7.716
21467,21701.0,7.676
21468,21702.0,7.234
21469,21703.0,6.763
21470,21704.0,7.355
21471,21705.0,7.475
21472,21706.0,10.176
21473,21707.0,9.109
21474,21708.0,9.975
21475,21709.0,10.376
21476,21710.0,7.716
21477,21711.0,9.55
21478,21712.0,8.279
21479,21713.0,9.43
21480,21714.0,8.547
21481,21715.0,8.158
21482,21716.0,7.125
21483,21717.0,6.722
21484,21718.0,7.314
21485,21719.0,7.515
21486,21720.0,8.988
21487,21721.0,8.118
21488,21722.0,8.747
21489,21723.0,9.389
21490,21724.0,8.038
21491,21725.0,7.676
21492,21726.0,9.028
21493,21727.0,7.958
21494,21728.0,9.51
21495,21729.0,8.667
21496,21730.0,7.234
21497,21731.0,6.722
21498,21732.0,7.355
21499,21733.0,7.314
21500,21734.0,7.395
21501,21735.0,8.587
21502,21736.0,9.189
21503,21737.0,8.868
21504,21738.0,8.467
21505,21739.0,7.274
21506,21740.0,9.615
21507,21741.0,8.507
21508,21742.0,9.109
21509,21743.0,9.55
21510,21744.0,7.355
21511,21745.0,6.924
21512,21746.0,6.803
21513,21747.0,7.435
21514,21748.0,7.435
21515,21749.0,10.88
21516,21750.0,10.256
21517,21751.0,10.777
21518,21752.0,11.04
21519,21754.0,7.395
21520,21755.0,8.507
21521,21756.0,8.239
21522,21757.0,9.109
21523,21758.0,7.837
21524,21759.0,7.797
21525,21760.0,7.154
21526,21761.0,6.601
21527,21762.0,7.234
21528,21763.0,7.515
21529,21764.0,9.309
21530,21765.0,8.078
21531,21766.0,9.068
21532,21767.0,9.655
21533,21768.0,7.958
21534,21769.0,8.239
21535,21770.0,8.788
21536,21771.0,8.038
21537,21772.0,9.189
21538,21773.0,8.507
21539,21774.0,7.194
21540,21775.0,6.642
21541,21776.0,7.355
21542,21777.0,7.314
21543,21778.0,7.395
21544,21779.0,8.587
21545,21780.0,9.269
21546,21781.0,8.948
21547,21782.0,8.547
21548,21783.0,7.355
21549,21784.0,9.55
21550,21785.0,8.547
21551,21786.0,8.988
21552,21787.0,9.51
21553,21788.0,7.355
21554,21789.0,6.843
21555,21790.0,7.355
21556,21791.0,7.395
21557,21792.0,7.515
21558,21793.0,9.349
21559,21794.0,10.697
21560,21795.0,10.096
21561,21796.0,9.575
21562,21797.0,7.314
21563,21798.0,7.837
21564,21799.0,9.655
21565,21800.0,8.118
21566,21801.0,7.515
21567,21802.0,7.515
21568,21803.0,7.085
21569,21804.0,6.843
21570,21805.0,7.515
21571,21806.0,7.475
21572,21807.0,10.737
21573,21808.0,10.016
21574,21809.0,10.616
21575,21810.0,10.92
21576,21811.0,7.475
21577,21812.0,8.747
21578,21813.0,7.917
21579,21814.0,9.43
21580,21815.0,7.998
21581,21816.0,7.958
21582,21817.0,7.165
21583,21818.0,6.803
21584,21819.0,7.314
21585,21820.0,7.515
21586,21821.0,9.895
21587,21822.0,8.828
21588,21823.0,9.735
21589,21824.0,10.216
21590,21825.0,7.757
21591,21826.0,9.229
21592,21827.0,8.426
21593,21828.0,9.068
21594,21829.0,8.747
21595,21830.0,8.239
21596,21831.0,7.125
21597,21832.0,6.642
21598,21833.0,7.314
21599,21834.0,7.556
21600,21835.0,8.627
21601,21836.0,8.239
21602,21837.0,8.627
21603,21838.0,9.068
21604,21839.0,8.118
21605,21840.0,7.194
21606,21841.0,9.349
21607,21842.0,8.038
21608,21843.0,9.855
21609,21844.0,8.828
21610,21845.0,7.234
21611,21846.0,6.722
21612,21848.0,7.355
21613,21849.0,7.314
21614,21850.0,7.274
21615,21851.0,8.627
21616,21852.0,9.55
21617,21853.0,9.068
21618,21854.0,8.707
21619,21855.0,7.274
21620,21856.0,9.269
21621,21857.0,8.667
21622,21858.0,8.667
21623,21859.0,9.51
21624,21860.0,7.475
21625,21861.0,6.883
21626,21862.0,7.355
21627,21863.0,7.435
21628,21864.0,7.676
21629,21865.0,9.389
21630,21866.0,10.697
21631,21867.0,10.096
21632,21868.0,9.615
21633,21869.0,7.355
21634,21870.0,7.837
21635,21871.0,9.655
21636,21872.0,8.158
21637,21873.0,7.556
21638,21874.0,7.515
21639,21875.0,7.085
21640,21876.0,6.924
21641,21877.0,7.475
21642,21878.0,7.355
21643,21879.0,10.697
21644,21880.0,10.456
21645,21881.0,10.96
21646,21882.0,11.0
21647,21883.0,7.314
21648,21884.0,8.386
21649,21885.0,8.788
21650,21886.0,8.788
21651,21887.0,7.716
21652,21888.0,7.716
21653,21889.0,7.205
21654,21890.0,6.763
21655,21891.0,7.234
21656,21892.0,7.435
21657,21893.0,10.336
21658,21894.0,9.389
21659,21895.0,10.216
21660,21896.0,10.536
21661,21897.0,7.716
21662,21898.0,9.309
21663,21899.0,8.158
21664,21900.0,9.815
21665,21901.0,8.426
21666,21902.0,8.078
21667,21903.0,7.194
21668,21904.0,6.682
21669,21905.0,7.314
21670,21906.0,7.435
21671,21907.0,9.068
21672,21908.0,8.078
21673,21909.0,8.788
21674,21910.0,9.43
21675,21911.0,7.958
21676,21912.0,7.797
21677,21913.0,8.948
21678,21914.0,7.917
21679,21915.0,9.389
21680,21916.0,8.587
21681,21917.0,7.194
21682,21918.0,6.682
21683,21919.0,7.355
21684,21920.0,7.274
21685,21921.0,7.475
21686,21922.0,8.587
21687,21923.0,9.149
21688,21924.0,8.828
21689,21925.0,8.426
21690,21926.0,7.234
21691,21927.0,9.67
21692,21928.0,8.426
21693,21929.0,9.189
21694,21930.0,9.47
21695,21931.0,7.355
21696,21932.0,6.883
21697,21933.0,7.395
21698,21934.0,7.435
21699,21935.0,7.475
21700,21936.0,9.269
21701,21937.0,10.416
21702,21938.0,9.895
21703,21939.0,9.55
21704,21941.0,7.395
21705,21942.0,7.797
21706,21943.0,9.51
21707,21944.0,7.998
21708,21945.0,7.998
21709,21946.0,7.515
21710,21947.0,7.085
21711,21948.0,6.924
21712,21949.0,7.475
21713,21950.0,7.355
21714,21951.0,10.616
21715,21952.0,10.496
21716,21953.0,10.96
21717,21954.0,11.04
21718,21955.0,7.274
21719,21956.0,8.4
21720,21957.0,8.828
21721,21958.0,8.788
21722,21959.0,7.757
21723,21960.0,7.716
21724,21961.0,7.205
21725,21962.0,6.763
21726,21963.0,7.314
21727,21964.0,7.475
21728,21965.0,9.975
21729,21966.0,8.908
21730,21967.0,9.815
21731,21968.0,10.296
21732,21969.0,7.757
21733,21970.0,9.389
21734,21971.0,8.386
21735,21972.0,9.229
21736,21973.0,8.707
21737,21974.0,8.239
21738,21975.0,7.125
21739,21976.0,6.561
21740,21977.0,7.314
21741,21978.0,7.355
21742,21979.0,7.314
21743,21980.0,8.627
21744,21981.0,9.349
21745,21982.0,9.028
21746,21983.0,8.587
21747,21984.0,7.314
21748,21985.0,9.389
21749,21986.0,8.547
21750,21987.0,8.828
21751,21988.0,9.63
21752,21989.0,7.395
21753,21990.0,6.883
21754,21991.0,7.004
21755,21992.0,7.435
21756,21993.0,7.636
21757,21994.0,9.615
21758,21995.0,10.897
21759,21996.0,10.657
21760,21997.0,9.975
21761,21998.0,7.314
21762,21999.0,7.958
21763,22000.0,9.815
21764,22001.0,8.4
21765,22002.0,7.475
21766,22003.0,7.556
21767,22004.0,7.125
21768,22005.0,6.843
21769,22006.0,7.636
21770,22007.0,7.435
21771,22008.0,10.496
21772,22009.0,9.695
21773,22010.0,10.416
21774,22011.0,10.777
21775,22012.0,7.636
21776,22013.0,9.068
21777,22014.0,7.998
21778,22015.0,9.855
21779,22016.0,8.199
21780,22017.0,8.038
21781,22018.0,7.125
21782,22019.0,6.722
21783,22020.0,7.234
21784,22021.0,7.556
21785,22022.0,9.309
21786,22023.0,8.158
21787,22024.0,9.109
21788,22025.0,9.695
21789,22026.0,7.917
21790,22027.0,8.199
21791,22028.0,8.788
21792,22029.0,8.038
21793,22030.0,9.189
21794,22031.0,8.467
21795,22032.0,7.194
21796,22034.0,6.601
21797,22035.0,7.355
21798,22036.0,7.274
21799,22037.0,7.435
21800,22038.0,8.507
21801,22039.0,9.189
21802,22040.0,8.828
21803,22041.0,8.467
21804,22042.0,7.194
21805,22043.0,9.615
21806,22044.0,8.426
21807,22045.0,9.109
21808,22046.0,9.47
21809,22047.0,7.355
21810,22048.0,6.843
21811,22049.0,7.395
21812,22050.0,7.395
21813,22051.0,7.475
21814,22052.0,9.149
21815,22053.0,10.216
21816,22054.0,9.655
21817,22055.0,9.43
21818,22056.0,7.314
21819,22057.0,7.877
21820,22058.0,9.269
21821,22059.0,8.038
21822,22060.0,8.239
21823,22061.0,7.515
21824,22062.0,7.085
21825,22063.0,6.924
21826,22064.0,7.435
21827,22065.0,7.395
21828,22066.0,10.576
21829,22067.0,10.536
21830,22068.0,10.96
21831,22069.0,10.96
21832,22070.0,7.274
21833,22071.0,8.386
21834,22072.0,8.828
21835,22073.0,8.747
21836,22074.0,7.676
21837,22075.0,7.676
21838,22076.0,7.205
21839,22077.0,6.803
21840,22078.0,7.274
21841,22079.0,7.435
21842,22080.0,10.376
21843,22081.0,9.389
21844,22082.0,10.216
21845,22083.0,10.536
21846,22084.0,7.716
21847,22085.0,9.309
21848,22086.0,8.118
21849,22087.0,9.735
21850,22088.0,8.426
21851,22089.0,8.078
21852,22090.0,7.165
21853,22091.0,6.722
21854,22092.0,7.274
21855,22093.0,7.475
21856,22094.0,9.269
21857,22095.0,8.038
21858,22096.0,9.028
21859,22097.0,9.59
21860,22098.0,8.038
21861,22099.0,8.078
21862,22100.0,8.908
21863,22101.0,7.917
21864,22102.0,9.309
21865,22103.0,8.507
21866,22104.0,7.274
21867,22105.0,6.642
21868,22106.0,7.355
21869,22107.0,7.556
21870,22108.0,7.797
21871,22109.0,8.587
21872,22110.0,8.988
21873,22111.0,8.707
21874,22112.0,8.319
21875,22113.0,7.194
21876,22114.0,9.855
21877,22115.0,8.319
21878,22116.0,9.389
21879,22117.0,9.309
21880,22118.0,7.314
21881,22119.0,6.843
21882,22120.0,7.395
21883,22121.0,7.475
21884,22122.0,7.355
21885,22123.0,8.948
21886,22124.0,9.815
21887,22125.0,9.655
21888,22126.0,9.109
21889,22128.0,7.475
21890,22129.0,8.319
21891,22130.0,9.028
21892,22131.0,7.917
21893,22132.0,8.707
21894,22133.0,7.475
21895,22134.0,7.044
21896,22135.0,6.924
21897,22136.0,7.475
21898,22137.0,7.676
21899,22138.0,9.815
21900,22139.0,10.857
21901,22140.0,10.897
21902,22141.0,10.136
21903,22142.0,7.435
21904,22143.0,8.038
21905,22144.0,9.735
21906,22145.0,8.426
21907,22146.0,7.515
21908,22147.0,7.556
21909,22148.0,7.125
21910,22149.0,6.924
21911,22150.0,7.435
21912,22151.0,7.395
21913,22152.0,10.88
21914,22153.0,10.256
21915,22154.0,10.817
21916,22155.0,11.04
21917,22156.0,7.395
21918,22157.0,8.467
21919,22158.0,8.279
21920,22159.0,9.109
21921,22160.0,7.837
21922,22161.0,7.797
21923,22162.0,7.154
21924,22163.0,6.883
21925,22164.0,7.234
21926,22165.0,7.475
21927,22166.0,10.296
21928,22167.0,9.389
21929,22168.0,10.176
21930,22169.0,10.576
21931,22170.0,7.716
21932,22171.0,9.43
21933,22172.0,8.158
21934,22173.0,9.735
21935,22174.0,8.426
21936,22175.0,8.118
21937,22176.0,7.125
21938,22177.0,6.843
21939,22178.0,7.355
21940,22179.0,7.556
21941,22180.0,9.47
21942,22181.0,8.158
21943,22182.0,9.269
21944,22183.0,9.815
21945,22184.0,7.917
21946,22185.0,8.467
21947,22186.0,8.667
21948,22187.0,8.319
21949,22188.0,9.028
21950,22189.0,8.4
21951,22190.0,7.194
21952,22191.0,6.601
21953,22192.0,7.355
21954,22193.0,7.676
21955,22194.0,7.998
21956,22195.0,8.507
21957,22196.0,8.908
21958,22197.0,8.627
21959,22198.0,8.279
21960,22199.0,7.194
21961,22200.0,9.815
21962,22201.0,8.239
21963,22202.0,9.615
21964,22203.0,9.149
21965,22204.0,7.314
21966,22205.0,6.803
21967,22206.0,7.395
21968,22207.0,7.395
21969,22208.0,7.355
21970,22209.0,8.868
21971,22210.0,9.695
21972,22211.0,9.43
21973,22212.0,8.988
21974,22213.0,7.395
21975,22214.0,8.627
21976,22215.0,8.828
21977,22216.0,7.998
21978,22217.0,8.948
21979,22218.0,7.515
21980,22220.0,6.964
21981,22221.0,6.964
21982,22222.0,7.435
21983,22223.0,7.716
21984,22224.0,9.775
21985,22225.0,10.857
21986,22226.0,10.897
21987,22227.0,10.136
21988,22228.0,7.355
21989,22229.0,8.038
21990,22230.0,9.655
21991,22231.0,8.467
21992,22232.0,7.515
21993,22233.0,7.596
21994,22234.0,7.165
21995,22235.0,6.843
21996,22236.0,7.515
21997,22237.0,7.435
21998,22238.0,10.737
21999,22239.0,10.016
22000,22240.0,10.616
22001,22241.0,10.897
22002,22242.0,7.475
22003,22243.0,8.747
22004,22244.0,7.917
22005,22245.0,9.389
22006,22246.0,8.038
22007,22247.0,7.917
22008,22248.0,7.205
22009,22249.0,6.843
22010,22250.0,7.314
22011,22251.0,7.475
22012,22252.0,10.136
22013,22253.0,9.028
22014,22254.0,9.975
22015,22255.0,10.336
22016,22256.0,7.797
22017,22257.0,9.47
22018,22258.0,8.4
22019,22259.0,9.389
22020,22260.0,8.667
22021,22261.0,8.199
22022,22262.0,7.205
22023,22263.0,6.642
22024,22264.0,7.395
22025,22265.0,7.636
22026,22266.0,8.319
22027,22267.0,8.4
22028,22268.0,8.707
22029,22269.0,8.828
22030,22270.0,8.118
22031,22271.0,7.205
22032,22272.0,9.55
22033,22273.0,8.118
22034,22274.0,9.815
22035,22275.0,8.988
22036,22276.0,7.234
22037,22277.0,6.763
22038,22278.0,7.355
22039,22279.0,7.435
22040,22280.0,7.314
22041,22281.0,8.868
22042,22282.0,9.63
22043,22283.0,9.43
22044,22284.0,8.948
22045,22285.0,7.435
22046,22286.0,8.667
22047,22287.0,8.828
22048,22288.0,8.038
22049,22289.0,9.109
22050,22290.0,7.435
22051,22291.0,7.004
22052,22292.0,6.924
22053,22293.0,7.475
22054,22294.0,7.676
22055,22295.0,9.815
22056,22296.0,10.857
22057,22297.0,10.857
22058,22298.0,10.136
22059,22299.0,7.395
22060,22300.0,8.038
22061,22301.0,9.735
22062,22302.0,8.426
22063,22303.0,7.556
22064,22304.0,7.556
22065,22305.0,7.125
22066,22306.0,6.883
22067,22307.0,7.515
22068,22308.0,7.475
22069,22309.0,10.777
22070,22310.0,10.056
22071,22311.0,10.657
22072,22312.0,10.937
22073,22314.0,7.475
22074,22315.0,8.707
22075,22316.0,7.877
22076,22317.0,9.349
22077,22318.0,7.958
22078,22319.0,7.917
22079,22320.0,7.165
22080,22321.0,6.722
22081,22322.0,7.355
22082,22323.0,7.475
22083,22324.0,9.63
22084,22325.0,8.44
22085,22326.0,9.47
22086,22327.0,9.975
22087,22328.0,7.837
22088,22329.0,8.828
22089,22330.0,8.627
22090,22331.0,8.667
22091,22332.0,8.868
22092,22333.0,8.359
22093,22334.0,7.165
22094,22335.0,6.601
22095,22336.0,7.355
22096,22337.0,7.757
22097,22338.0,7.917
22098,22339.0,8.627
22099,22340.0,8.908
22100,22341.0,8.747
22101,22342.0,8.279
22102,22343.0,7.234
22103,22344.0,9.815
22104,22345.0,8.279
22105,22346.0,9.51
22106,22347.0,9.189
22107,22348.0,7.314
22108,22349.0,6.803
22109,22350.0,7.355
22110,22351.0,7.435
22111,22352.0,7.435
22112,22353.0,9.149
22113,22354.0,10.176
22114,22355.0,9.655
22115,22356.0,9.389
22116,22357.0,7.314
22117,22358.0,7.837
22118,22359.0,9.269
22119,22360.0,7.998
22120,22361.0,8.199
22121,22362.0,7.475
22122,22363.0,7.125
22123,22364.0,6.964
22124,22365.0,7.435
22125,22366.0,7.556
22126,22367.0,9.975
22127,22368.0,10.777
22128,22369.0,11.04
22129,22370.0,10.376
22130,22371.0,7.355
22131,22372.0,8.158
22132,22373.0,9.47
22133,22374.0,8.587
22134,22375.0,7.515
22135,22376.0,7.636
22136,22377.0,7.165
22137,22378.0,6.964
22138,22379.0,7.515
22139,22380.0,7.556
22140,22381.0,10.777
22141,22382.0,10.136
22142,22383.0,10.657
22143,22384.0,10.96
22144,22385.0,7.435
22145,22386.0,8.627
22146,22387.0,7.877
22147,22388.0,9.309
22148,22389.0,7.958
22149,22390.0,7.877
22150,22391.0,7.165
22151,22392.0,6.803
22152,22393.0,7.274
22153,22394.0,7.435
22154,22395.0,10.096
22155,22396.0,9.068
22156,22397.0,9.935
22157,22398.0,10.376
22158,22399.0,7.757
22159,22400.0,9.51
22160,22401.0,8.319
22161,22402.0,9.43
22162,22403.0,8.587
22163,22404.0,8.158
22164,22405.0,7.165
22165,22406.0,6.763
22166,22408.0,7.274
22167,22409.0,7.435
22168,22410.0,9.189
22169,22411.0,8.078
22170,22412.0,8.988
22171,22413.0,9.55
22172,22414.0,7.998
22173,22415.0,7.998
22174,22416.0,8.908
22175,22417.0,7.877
22176,22418.0,9.349
22177,22419.0,8.507
22178,22420.0,7.274
22179,22421.0,6.642
22180,22422.0,7.435
22181,22423.0,7.395
22182,22424.0,7.757
22183,22425.0,8.627
22184,22426.0,9.028
22185,22427.0,8.747
22186,22428.0,8.346
22187,22429.0,7.194
22188,22430.0,9.775
22189,22431.0,8.346
22190,22432.0,9.389
22191,22433.0,9.349
22192,22434.0,7.314
22193,22435.0,6.843
22194,22436.0,7.355
22195,22437.0,7.475
22196,22438.0,7.395
22197,22439.0,8.988
22198,22440.0,9.855
22199,22441.0,9.615
22200,22442.0,9.149
22201,22443.0,7.475
22202,22444.0,8.359
22203,22445.0,8.988
22204,22446.0,7.877
22205,22447.0,8.747
22206,22448.0,7.435
22207,22449.0,7.044
22208,22450.0,7.004
22209,22451.0,7.475
22210,22452.0,7.676
22211,22453.0,9.735
22212,22454.0,10.88
22213,22455.0,10.697
22214,22456.0,10.016
22215,22457.0,7.395
22216,22458.0,7.958
22217,22459.0,9.855
22218,22460.0,8.386
22219,22461.0,7.556
22220,22462.0,7.556
22221,22463.0,7.205
22222,22464.0,6.924
22223,22465.0,7.556
22224,22466.0,7.475
22225,22467.0,10.817
22226,22468.0,10.136
22227,22469.0,10.697
22228,22470.0,11.0
22229,22471.0,7.435
22230,22472.0,8.627
22231,22473.0,7.958
22232,22474.0,9.269
22233,22475.0,7.917
22234,22476.0,7.877
22235,22477.0,7.165
22236,22478.0,6.763
22237,22479.0,7.274
22238,22480.0,7.475
22239,22481.0,9.975
22240,22482.0,8.908
22241,22483.0,9.775
22242,22484.0,10.256
22243,22485.0,7.757
22244,22486.0,9.349
22245,22487.0,8.386
22246,22488.0,9.189
22247,22489.0,8.707
22248,22490.0,8.239
22249,22491.0,7.125
22250,22492.0,6.722
22251,22493.0,7.314
22252,22494.0,7.556
22253,22495.0,8.747
22254,22496.0,8.239
22255,22497.0,8.587
22256,22498.0,9.229
22257,22500.0,8.118
22258,22501.0,7.355
22259,22502.0,9.229
22260,22503.0,8.038
22261,22504.0,9.695
22262,22505.0,8.828
22263,22506.0,7.274
22264,22507.0,6.763
22265,22508.0,7.355
22266,22509.0,7.355
22267,22510.0,7.274
22268,22511.0,8.707
22269,22512.0,9.615
22270,22513.0,9.189
22271,22514.0,8.747
22272,22515.0,7.314
22273,22516.0,9.068
22274,22517.0,8.747
22275,22518.0,8.467
22276,22519.0,9.389
22277,22520.0,7.435
22278,22521.0,6.924
22279,22522.0,7.234
22280,22523.0,7.435
22281,22524.0,7.596
22282,22525.0,9.55
22283,22526.0,10.96
22284,22527.0,10.496
22285,22528.0,9.855
22286,22529.0,7.355
22287,22530.0,7.917
22288,22531.0,9.935
22289,22532.0,8.319
22290,22533.0,7.515
22291,22534.0,7.556
22292,22535.0,7.125
22293,22536.0,6.883
22294,22537.0,7.475
22295,22538.0,7.475
22296,22539.0,10.777
22297,22540.0,10.096
22298,22541.0,10.657
22299,22542.0,11.0
22300,22543.0,7.475
22301,22544.0,8.747
22302,22545.0,7.877
22303,22546.0,9.389
22304,22547.0,7.958
22305,22548.0,7.917
22306,22549.0,7.165
22307,22550.0,6.722
22308,22551.0,7.314
22309,22552.0,7.435
22310,22553.0,9.735
22311,22554.0,8.507
22312,22555.0,9.55
22313,22556.0,10.056
22314,22557.0,7.837
22315,22558.0,8.948
22316,22559.0,8.587
22317,22560.0,8.828
22318,22561.0,8.828
22319,22562.0,8.319
22320,22563.0,7.125
22321,22564.0,6.682
22322,22565.0,7.355
22323,22566.0,7.596
22324,22567.0,8.426
22325,22568.0,8.359
22326,22569.0,8.707
22327,22570.0,8.908
22328,22571.0,8.118
22329,22572.0,7.154
22330,22573.0,9.47
22331,22574.0,8.038
22332,22575.0,9.895
22333,22576.0,8.908
22334,22577.0,7.274
22335,22578.0,6.763
22336,22579.0,7.395
22337,22580.0,7.355
22338,22581.0,7.314
22339,22582.0,8.707
22340,22583.0,9.655
22341,22584.0,9.229
22342,22585.0,8.828
22343,22586.0,7.355
22344,22587.0,9.068
22345,22588.0,8.788
22346,22589.0,8.467
22347,22590.0,9.389
22348,22591.0,7.475
22349,22592.0,6.924
22350,22594.0,7.355
22351,22595.0,7.435
22352,22596.0,7.556
22353,22597.0,9.47
22354,22598.0,10.92
22355,22599.0,10.416
22356,22600.0,9.735
22357,22601.0,7.355
22358,22602.0,7.877
22359,22603.0,9.895
22360,22604.0,8.239
22361,22605.0,7.475
22362,22606.0,7.515
22363,22607.0,7.125
22364,22608.0,6.883
22365,22609.0,7.475
22366,22610.0,7.355
22367,22611.0,10.817
22368,22612.0,10.376
22369,22613.0,10.92
22370,22614.0,11.12
22371,22615.0,7.355
22372,22616.0,8.467
22373,22617.0,8.667
22374,22618.0,8.868
22375,22619.0,7.797
22376,22620.0,7.757
22377,22621.0,7.234
22378,22622.0,6.924
22379,22623.0,7.636
22380,22624.0,7.435
22381,22625.0,10.697
22382,22626.0,9.815
22383,22627.0,10.496
22384,22628.0,10.777
22385,22629.0,7.515
22386,22630.0,8.868
22387,22631.0,7.917
22388,22632.0,9.615
22389,22633.0,8.118
22390,22634.0,7.998
22391,22635.0,7.165
22392,22636.0,6.803
22393,22637.0,7.314
22394,22638.0,7.475
22395,22639.0,9.775
22396,22640.0,8.587
22397,22641.0,9.63
22398,22642.0,10.096
22399,22643.0,7.837
22400,22644.0,9.068
22401,22645.0,8.507
22402,22646.0,8.908
22403,22647.0,8.707
22404,22648.0,8.319
22405,22649.0,7.125
22406,22650.0,6.722
22407,22651.0,7.355
22408,22652.0,7.636
22409,22653.0,8.747
22410,22654.0,8.239
22411,22655.0,8.587
22412,22656.0,9.229
22413,22657.0,8.078
22414,22658.0,7.314
22415,22659.0,9.229
22416,22660.0,8.038
22417,22661.0,9.655
22418,22662.0,8.788
22419,22663.0,7.274
22420,22664.0,6.803
22421,22665.0,7.314
22422,22666.0,7.475
22423,22667.0,7.355
22424,22668.0,8.908
22425,22669.0,9.735
22426,22670.0,9.51
22427,22671.0,9.028
22428,22672.0,7.395
22429,22673.0,8.507
22430,22674.0,8.908
22431,22675.0,7.877
22432,22676.0,8.828
22433,22677.0,7.475
22434,22678.0,7.004
22435,22679.0,6.642
22436,22680.0,7.274
22437,22681.0,7.435
22438,22682.0,10.176
22439,22683.0,9.149
22440,22684.0,10.016
22441,22686.0,10.416
22442,22687.0,7.716
22443,22688.0,9.55
22444,22689.0,8.239
22445,22690.0,9.55
22446,22691.0,8.507
22447,22692.0,8.158
22448,22693.0,7.125
22449,22694.0,6.682
22450,22695.0,7.274
22451,22696.0,7.515
22452,22697.0,8.868
22453,22698.0,8.158
22454,22699.0,8.627
22455,22700.0,9.349
22456,22701.0,8.038
22457,22702.0,7.556
22458,22703.0,9.109
22459,22704.0,7.998
22460,22705.0,9.59
22461,22706.0,8.707
22462,22707.0,7.234
22463,22708.0,6.803
22464,22709.0,7.355
22465,22710.0,7.355
22466,22711.0,7.274
22467,22712.0,8.627
22468,22713.0,9.47
22469,22714.0,9.068
22470,22715.0,8.627
22471,22716.0,7.274
22472,22717.0,9.269
22473,22718.0,8.627
22474,22719.0,8.747
22475,22720.0,9.51
22476,22721.0,7.395
22477,22722.0,6.883
22478,22723.0,7.355
22479,22724.0,7.395
22480,22725.0,7.475
22481,22726.0,9.189
22482,22727.0,10.376
22483,22728.0,9.775
22484,22729.0,9.495
22485,22730.0,7.314
22486,22731.0,7.797
22487,22732.0,9.349
22488,22733.0,7.998
22489,22734.0,7.998
22490,22735.0,7.515
22491,22736.0,7.125
22492,22737.0,7.004
22493,22738.0,7.475
22494,22739.0,7.355
22495,22740.0,10.336
22496,22741.0,10.657
22497,22742.0,11.0
22498,22743.0,10.737
22499,22744.0,7.314
22500,22745.0,8.306
22501,22746.0,9.149
22502,22747.0,8.788
22503,22748.0,7.596
22504,22749.0,7.636
22505,22750.0,7.194
22506,22751.0,6.843
22507,22752.0,7.596
22508,22753.0,7.435
22509,22754.0,10.576
22510,22755.0,9.735
22511,22756.0,10.456
22512,22757.0,10.777
22513,22758.0,7.556
22514,22759.0,8.948
22515,22760.0,7.958
22516,22761.0,9.695
22517,22762.0,8.158
22518,22763.0,7.958
22519,22764.0,7.154
22520,22765.0,6.763
22521,22766.0,7.435
22522,22767.0,7.515
22523,22768.0,9.59
22524,22769.0,8.239
22525,22770.0,9.389
22526,22771.0,9.855
22527,22772.0,7.877
22528,22773.0,8.627
22529,22774.0,8.747
22530,22775.0,8.507
22531,22776.0,8.988
22532,22778.0,8.346
22533,22779.0,7.194
22534,22780.0,6.682
22535,22781.0,7.435
22536,22782.0,7.636
22537,22783.0,8.279
22538,22784.0,8.426
22539,22785.0,8.828
22540,22786.0,8.707
22541,22787.0,8.239
22542,22788.0,7.154
22543,22789.0,9.63
22544,22790.0,8.158
22545,22791.0,9.775
22546,22792.0,9.028
22547,22793.0,7.234
22548,22794.0,6.843
22549,22795.0,7.355
22550,22796.0,7.435
22551,22797.0,7.314
22552,22798.0,8.828
22553,22799.0,9.615
22554,22800.0,9.43
22555,22801.0,8.948
22556,22802.0,7.395
22557,22803.0,8.707
22558,22804.0,8.828
22559,22805.0,8.078
22560,22806.0,9.068
22561,22807.0,7.435
22562,22808.0,6.964
22563,22809.0,6.924
22564,22810.0,7.475
22565,22811.0,7.716
22566,22812.0,9.935
22567,22813.0,10.777
22568,22814.0,11.0
22569,22815.0,10.256
22570,22816.0,7.395
22571,22817.0,8.078
22572,22818.0,9.63
22573,22819.0,8.507
22574,22820.0,7.556
22575,22821.0,7.556
22576,22822.0,7.194
22577,22823.0,6.803
22578,22824.0,7.716
22579,22825.0,7.435
22580,22826.0,10.456
22581,22827.0,9.575
22582,22828.0,10.296
22583,22829.0,10.657
22584,22830.0,7.636
22585,22831.0,9.149
22586,22832.0,7.998
22587,22833.0,9.895
22588,22834.0,8.266
22589,22835.0,8.038
22590,22836.0,7.125
22591,22837.0,6.682
22592,22838.0,7.234
22593,22839.0,7.515
22594,22840.0,9.229
22595,22841.0,8.078
22596,22842.0,9.028
22597,22843.0,9.615
22598,22844.0,7.998
22599,22845.0,8.158
22600,22846.0,8.868
22601,22847.0,7.958
22602,22848.0,9.229
22603,22849.0,8.507
22604,22850.0,7.194
22605,22851.0,6.682
22606,22852.0,7.314
22607,22853.0,7.314
22608,22854.0,7.395
22609,22855.0,8.587
22610,22856.0,9.229
22611,22857.0,8.948
22612,22858.0,8.507
22613,22859.0,7.314
22614,22860.0,9.59
22615,22861.0,8.547
22616,22862.0,9.028
22617,22863.0,9.55
22618,22864.0,7.355
22619,22865.0,6.883
22620,22866.0,7.355
22621,22867.0,7.395
22622,22868.0,7.475
22623,22869.0,9.309
22624,22870.0,10.576
22625,22872.0,9.975
22626,22873.0,9.655
22627,22874.0,7.314
22628,22875.0,7.837
22629,22876.0,9.55
22630,22877.0,8.078
22631,22878.0,7.636
22632,22879.0,7.515
22633,22880.0,7.085
22634,22881.0,6.883
22635,22882.0,7.395
22636,22883.0,7.395
22637,22884.0,10.857
22638,22885.0,10.376
22639,22886.0,10.84
22640,22887.0,11.12
22641,22888.0,7.355
22642,22889.0,8.547
22643,22890.0,8.507
22644,22891.0,8.988
22645,22892.0,7.757
22646,22893.0,7.797
22647,22894.0,7.205
22648,22895.0,6.803
22649,22896.0,7.274
22650,22897.0,7.475
22651,22898.0,10.056
22652,22899.0,9.068
22653,22900.0,9.895
22654,22901.0,10.376
22655,22902.0,7.757
22656,22903.0,9.55
22657,22904.0,8.306
22658,22905.0,9.389
22659,22906.0,8.627
22660,22907.0,8.199
22661,22908.0,7.125
22662,22909.0,6.682
22663,22910.0,7.314
22664,22911.0,7.515
22665,22912.0,8.828
22666,22913.0,8.199
22667,22914.0,8.587
22668,22915.0,9.269
22669,22916.0,8.078
22670,22917.0,7.435
22671,22918.0,9.189
22672,22919.0,7.998
22673,22920.0,9.695
22674,22921.0,8.707
22675,22922.0,7.274
22676,22923.0,6.682
22677,22924.0,7.395
22678,22925.0,7.395
22679,22926.0,7.355
22680,22927.0,8.788
22681,22928.0,9.575
22682,22929.0,9.389
22683,22930.0,8.948
22684,22931.0,7.395
22685,22932.0,8.747
22686,22933.0,8.788
22687,22934.0,8.118
22688,22935.0,9.068
22689,22936.0,7.475
22690,22937.0,6.964
22691,22938.0,7.044
22692,22939.0,7.435
22693,22940.0,7.716
22694,22941.0,9.615
22695,22942.0,10.92
22696,22943.0,10.616
22697,22944.0,10.016
22698,22945.0,7.355
22699,22946.0,7.998
22700,22947.0,9.815
22701,22948.0,8.346
22702,22949.0,7.515
22703,22950.0,7.556
22704,22951.0,7.125
22705,22952.0,6.843
22706,22953.0,7.515
22707,22954.0,7.475
22708,22955.0,10.737
22709,22956.0,9.975
22710,22957.0,10.657
22711,22958.0,10.88
22712,22959.0,7.515
22713,22960.0,8.747
22714,22961.0,7.917
22715,22962.0,9.43
22716,22963.0,8.038
22717,22965.0,7.917
22718,22966.0,7.154
22719,22967.0,6.722
22720,22968.0,7.355
22721,22969.0,7.475
22722,22970.0,9.615
22723,22971.0,8.359
22724,22972.0,9.43
22725,22973.0,9.895
22726,22974.0,7.877
22727,22975.0,8.707
22728,22976.0,8.707
22729,22977.0,8.587
22730,22978.0,8.988
22731,22979.0,8.386
22732,22980.0,7.234
22733,22981.0,6.561
22734,22982.0,7.395
22735,22983.0,7.274
22736,22984.0,7.596
22737,22985.0,8.627
22738,22986.0,9.149
22739,22987.0,8.788
22740,22988.0,8.426
22741,22989.0,7.194
22742,22990.0,9.695
22743,22991.0,8.386
22744,22992.0,9.189
22745,22993.0,9.43
22746,22994.0,7.314
22747,22995.0,6.803
22748,22996.0,6.722
22749,22997.0,7.475
22750,22998.0,7.435
22751,22999.0,10.857
22752,23000.0,10.176
22753,23001.0,10.737
22754,23002.0,11.0
22755,23003.0,7.435
22756,23004.0,8.547
22757,23005.0,8.118
22758,23006.0,9.189
22759,23007.0,7.917
22760,23008.0,7.877
22761,23009.0,7.194
22762,23010.0,6.561
22763,23011.0,7.314
22764,23012.0,7.435
22765,23013.0,9.109
22766,23014.0,8.078
22767,23015.0,8.908
22768,23016.0,9.47
22769,23017.0,8.038
22770,23018.0,7.797
22771,23019.0,9.028
22772,23020.0,7.917
22773,23021.0,9.47
22774,23022.0,8.547
22775,23023.0,7.274
22776,23024.0,6.682
22777,23025.0,7.355
22778,23026.0,7.314
22779,23027.0,7.234
22780,23028.0,8.627
22781,23029.0,9.43
22782,23030.0,9.068
22783,23031.0,8.627
22784,23032.0,7.274
22785,23033.0,9.229
22786,23034.0,8.667
22787,23035.0,8.667
22788,23036.0,9.51
22789,23037.0,7.395
22790,23038.0,6.924
22791,23039.0,7.314
22792,23040.0,7.475
22793,23041.0,7.515
22794,23042.0,9.43
22795,23043.0,10.737
22796,23044.0,10.136
22797,23045.0,9.575
22798,23046.0,7.355
22799,23047.0,7.837
22800,23048.0,9.695
22801,23049.0,8.118
22802,23050.0,7.556
22803,23051.0,7.515
22804,23052.0,7.125
22805,23053.0,6.883
22806,23054.0,7.475
22807,23055.0,7.355
22808,23056.0,11.0
22809,23058.0,10.296
22810,23059.0,10.88
22811,23060.0,11.08
22812,23061.0,7.435
22813,23062.0,8.547
22814,23063.0,8.386
22815,23064.0,8.988
22816,23065.0,7.797
22817,23066.0,7.797
22818,23067.0,7.154
22819,23068.0,6.682
22820,23069.0,7.395
22821,23070.0,7.515
22822,23071.0,9.575
22823,23072.0,8.279
22824,23073.0,9.389
22825,23074.0,9.935
22826,23075.0,7.877
22827,23076.0,8.667
22828,23077.0,8.707
22829,23078.0,8.507
22830,23079.0,8.948
22831,23080.0,8.386
22832,23081.0,7.154
22833,23082.0,6.601
22834,23083.0,7.314
22835,23084.0,7.636
22836,23085.0,7.837
22837,23086.0,8.587
22838,23087.0,8.988
22839,23088.0,8.707
22840,23089.0,8.266
22841,23090.0,7.194
22842,23091.0,9.855
22843,23092.0,8.306
22844,23093.0,9.47
22845,23094.0,9.269
22846,23095.0,7.314
22847,23096.0,6.883
22848,23097.0,6.883
22849,23098.0,7.515
22850,23099.0,7.475
22851,23100.0,10.136
22852,23101.0,10.737
22853,23102.0,11.08
22854,23103.0,10.376
22855,23104.0,7.355
22856,23105.0,8.118
22857,23106.0,9.43
22858,23107.0,8.547
22859,23108.0,7.515
22860,23109.0,7.556
22861,23110.0,7.165
22862,23111.0,6.883
22863,23112.0,7.515
22864,23113.0,7.435
22865,23114.0,10.697
22866,23115.0,9.975
22867,23116.0,10.576
22868,23117.0,10.88
22869,23118.0,7.475
22870,23119.0,8.747
22871,23120.0,7.917
22872,23121.0,9.43
22873,23122.0,7.998
22874,23123.0,7.998
22875,23124.0,7.165
22876,23125.0,6.722
22877,23126.0,7.355
22878,23127.0,7.515
22879,23128.0,9.615
22880,23129.0,8.346
22881,23130.0,9.389
22882,23131.0,9.935
22883,23132.0,7.877
22884,23133.0,8.747
22885,23134.0,8.667
22886,23135.0,8.587
22887,23136.0,8.948
22888,23137.0,8.386
22889,23138.0,7.154
22890,23139.0,6.601
22891,23140.0,7.314
22892,23141.0,9.47
22893,23142.0,7.355
22894,23143.0,7.837
22895,23144.0,7.073
22896,23145.0,7.234
22897,23146.0,6.682
22898,23147.0,5.998
22899,23148.0,5.716
22900,23149.0,5.716
22901,23151.0,5.756
