sample_index,elapsed_s,power_W
0,0.0,5.273
1,1.0,5.394
2,2.0,5.716
3,3.0,5.877
4,4.0,5.756
5,5.0,5.796
6,6.0,5.837
7,7.0,5.837
8,8.0,5.756
9,9.0,5.837
10,10.0,5.796
11,11.0,5.796
12,12.0,5.877
13,13.0,6.481
14,14.0,7.085
15,15.0,7.716
16,16.0,7.556
17,17.0,7.797
18,18.0,7.246
19,19.0,8.507
20,20.0,11.8
21,21.0,8.038
22,22.0,11.04
23,23.0,8.279
24,24.0,11.44
25,25.0,7.877
26,26.0,11.68
27,27.0,7.435
28,28.0,7.044
29,29.0,7.004
30,30.0,8.547
31,31.0,10.817
32,32.0,7.556
33,33.0,7.877
34,34.0,9.47
35,35.0,9.815
36,36.0,7.355
37,37.0,10.697
38,38.0,7.556
39,39.0,9.149
40,40.0,7.636
41,41.0,7.556
42,42.0,7.044
43,43.0,7.314
44,44.0,7.515
45,45.0,7.395
46,46.0,7.958
47,47.0,10.296
48,48.0,9.43
49,49.0,7.475
50,51.0,11.68
51,52.0,8.828
52,53.0,10.977
53,54.0,9.935
54,55.0,9.55
55,56.0,7.286
56,57.0,7.165
57,58.0,9.109
58,59.0,7.475
59,60.0,8.467
60,61.0,11.017
61,62.0,7.958
62,63.0,7.797
63,64.0,9.149
64,65.0,7.044
65,66.0,8.239
66,67.0,7.246
67,68.0,7.636
68,69.0,8.828
69,70.0,7.165
70,71.0,7.515
71,72.0,7.716
72,73.0,7.286
73,74.0,7.395
74,75.0,7.205
75,76.0,11.76
76,77.0,7.917
77,78.0,10.937
78,79.0,8.828
79,80.0,11.32
80,81.0,8.038
81,82.0,11.6
82,83.0,7.596
83,84.0,7.085
84,85.0,7.085
85,86.0,8.747
86,87.0,10.657
87,88.0,7.355
88,89.0,7.958
89,90.0,9.55
90,91.0,9.775
91,92.0,7.314
92,93.0,10.536
93,94.0,7.515
94,95.0,8.988
95,96.0,8.118
96,97.0,7.515
97,98.0,7.757
98,99.0,7.475
99,100.0,7.435
100,101.0,7.475
101,102.0,7.636
102,103.0,10.857
103,104.0,8.908
104,105.0,8.158
105,106.0,11.36
106,107.0,9.71
107,108.0,9.775
108,109.0,10.576
109,110.0,9.229
110,111.0,7.326
111,112.0,7.246
112,113.0,10.296
113,114.0,7.395
114,115.0,8.199
115,116.0,10.056
116,117.0,9.309
117,118.0,7.475
118,119.0,8.44
119,120.0,7.676
120,121.0,7.998
121,122.0,7.676
122,123.0,7.395
123,124.0,8.279
124,125.0,7.125
125,126.0,7.475
126,127.0,7.435
127,128.0,7.877
128,129.0,7.366
129,130.0,8.279
130,131.0,11.88
131,132.0,8.078
132,133.0,11.16
133,134.0,8.199
134,135.0,11.56
135,136.0,7.877
136,137.0,11.76
137,138.0,7.395
138,139.0,6.924
139,140.0,7.044
140,141.0,8.4
141,142.0,10.536
142,144.0,8.828
143,145.0,7.636
144,146.0,8.707
145,147.0,10.737
146,148.0,7.125
147,149.0,9.51
148,150.0,7.326
149,151.0,8.359
150,152.0,9.47
151,153.0,7.326
152,154.0,7.676
153,155.0,7.246
154,156.0,7.366
155,157.0,7.435
156,158.0,7.355
157,159.0,11.2
158,160.0,8.48
159,161.0,9.309
160,162.0,10.096
161,163.0,10.376
162,164.0,8.908
163,165.0,10.977
164,166.0,8.547
165,167.0,7.286
166,168.0,7.246
167,169.0,10.937
168,170.0,8.158
169,171.0,7.757
170,172.0,9.068
171,173.0,10.336
172,174.0,7.395
173,175.0,8.158
174,176.0,9.149
175,177.0,7.797
176,178.0,9.149
177,179.0,7.314
178,180.0,7.998
179,181.0,7.085
180,182.0,7.435
181,183.0,7.475
182,184.0,7.716
183,185.0,7.205
184,186.0,9.349
185,187.0,10.817
186,188.0,7.676
187,189.0,11.44
188,190.0,7.877
189,191.0,11.72
190,192.0,8.828
191,193.0,10.977
192,194.0,7.395
193,195.0,7.044
194,196.0,7.125
195,197.0,7.917
196,198.0,9.51
197,199.0,9.935
198,200.0,7.435
199,201.0,8.4
200,202.0,10.496
201,203.0,7.044
202,204.0,8.868
203,205.0,7.205
204,206.0,7.998
205,207.0,9.831
206,208.0,7.286
207,209.0,7.596
208,210.0,7.165
209,211.0,7.407
210,212.0,7.435
211,213.0,7.205
212,214.0,11.52
213,215.0,8.199
214,216.0,10.096
215,217.0,9.149
216,218.0,10.897
217,219.0,8.747
218,220.0,11.32
219,221.0,8.038
220,222.0,7.246
221,223.0,7.286
222,224.0,9.855
223,225.0,9.43
224,226.0,7.475
225,227.0,8.44
226,228.0,11.017
227,229.0,8.118
228,230.0,7.757
229,231.0,10.176
230,232.0,7.676
231,233.0,10.056
232,234.0,7.286
233,235.0,7.757
234,236.0,7.044
235,238.0,7.286
236,239.0,7.435
237,240.0,7.435
238,241.0,7.998
239,242.0,10.096
240,243.0,9.71
241,244.0,7.435
242,245.0,11.6
243,246.0,8.48
244,247.0,11.4
245,248.0,9.71
246,249.0,9.775
247,250.0,7.314
248,251.0,7.125
249,252.0,8.667
250,253.0,7.556
251,254.0,8.707
252,255.0,10.737
253,256.0,7.395
254,257.0,7.917
255,258.0,9.47
256,259.0,7.004
257,260.0,8.359
258,261.0,7.246
259,262.0,7.757
260,263.0,9.028
261,264.0,7.205
262,265.0,7.515
263,266.0,7.837
264,267.0,7.246
265,268.0,7.395
266,269.0,7.125
267,270.0,11.72
268,271.0,7.958
269,272.0,10.657
270,273.0,8.908
271,274.0,11.24
272,275.0,8.158
273,276.0,11.56
274,277.0,7.676
275,278.0,7.125
276,279.0,7.125
277,280.0,8.988
278,281.0,10.416
279,282.0,7.435
280,283.0,8.118
281,284.0,9.895
282,285.0,9.47
283,286.0,7.475
284,287.0,10.857
285,288.0,7.636
286,289.0,9.229
287,290.0,7.716
288,291.0,7.556
289,292.0,7.797
290,293.0,7.475
291,294.0,7.395
292,295.0,7.475
293,296.0,7.676
294,297.0,10.657
295,298.0,8.988
296,299.0,7.837
297,300.0,11.68
298,301.0,9.47
299,302.0,10.056
300,303.0,10.376
301,304.0,8.908
302,305.0,7.274
303,306.0,7.205
304,307.0,9.895
305,308.0,7.395
306,309.0,8.359
307,310.0,10.336
308,311.0,8.988
309,312.0,7.515
310,313.0,8.627
311,314.0,7.165
312,315.0,8.078
313,316.0,7.246
314,317.0,7.475
315,318.0,8.4
316,319.0,7.165
317,320.0,7.475
318,321.0,7.515
319,322.0,7.234
320,323.0,7.395
321,324.0,7.837
322,325.0,11.84
323,326.0,8.158
324,327.0,11.057
325,328.0,8.319
326,329.0,11.48
327,331.0,7.877
328,332.0,11.72
329,333.0,7.395
330,334.0,6.964
331,335.0,6.964
332,336.0,8.359
333,337.0,10.937
334,338.0,8.359
335,339.0,7.676
336,340.0,8.988
337,341.0,10.416
338,342.0,7.234
339,343.0,9.815
340,344.0,7.395
341,345.0,8.56
342,346.0,9.109
343,347.0,7.395
344,348.0,7.757
345,349.0,7.314
346,350.0,7.395
347,351.0,7.435
348,352.0,7.475
349,353.0,11.097
350,354.0,8.627
351,355.0,8.948
352,356.0,10.456
353,357.0,10.176
354,358.0,9.229
355,359.0,10.857
356,360.0,8.747
357,361.0,7.286
358,362.0,7.246
359,363.0,10.737
360,364.0,7.556
361,365.0,7.877
362,366.0,9.349
363,367.0,10.056
364,368.0,7.395
365,369.0,8.359
366,370.0,8.667
367,371.0,7.877
368,372.0,8.667
369,373.0,7.274
370,374.0,7.998
371,375.0,7.085
372,376.0,7.515
373,377.0,7.515
374,378.0,7.797
375,379.0,7.246
376,380.0,8.948
377,381.0,11.32
378,382.0,7.797
379,383.0,11.36
380,384.0,7.917
381,385.0,11.64
382,386.0,8.4
383,387.0,11.48
384,388.0,7.234
385,389.0,7.004
386,390.0,7.044
387,391.0,8.078
388,392.0,9.815
389,393.0,9.59
390,394.0,7.395
391,395.0,8.359
392,396.0,10.937
393,397.0,7.044
394,398.0,9.028
395,399.0,7.246
396,400.0,8.078
397,401.0,10.056
398,402.0,7.286
399,403.0,7.636
400,404.0,7.205
401,405.0,7.556
402,406.0,7.435
403,407.0,7.314
404,408.0,11.36
405,409.0,8.319
406,410.0,9.791
407,411.0,9.47
408,412.0,10.737
409,413.0,8.988
410,414.0,11.2
411,415.0,8.239
412,416.0,7.246
413,417.0,7.395
414,418.0,10.256
415,419.0,9.028
416,420.0,7.556
417,421.0,8.667
418,422.0,10.817
419,424.0,7.556
420,425.0,7.877
421,426.0,9.855
422,427.0,7.757
423,428.0,9.871
424,429.0,7.286
425,430.0,7.877
426,431.0,7.085
427,432.0,7.395
428,433.0,7.475
429,434.0,7.596
430,435.0,7.246
431,436.0,9.855
432,437.0,10.136
433,438.0,7.515
434,439.0,11.56
435,440.0,7.958
436,441.0,11.8
437,442.0,9.389
438,443.0,10.216
439,444.0,7.314
440,445.0,7.085
441,446.0,8.118
442,447.0,7.676
443,448.0,8.948
444,449.0,10.496
445,450.0,7.395
446,451.0,8.078
447,452.0,9.775
448,453.0,6.924
449,454.0,8.48
450,455.0,7.205
451,456.0,7.837
452,457.0,9.309
453,458.0,7.205
454,459.0,7.556
455,460.0,7.958
456,461.0,7.314
457,462.0,7.355
458,463.0,7.165
459,464.0,11.6
460,465.0,8.038
461,466.0,10.456
462,467.0,9.189
463,468.0,11.08
464,469.0,8.4
465,470.0,11.44
466,471.0,7.837
467,472.0,7.165
468,473.0,7.205
469,474.0,9.269
470,475.0,10.096
471,476.0,7.395
472,477.0,8.319
473,478.0,10.256
474,479.0,9.068
475,480.0,7.515
476,481.0,10.737
477,482.0,7.676
478,483.0,9.55
479,484.0,7.286
480,485.0,7.636
481,486.0,7.246
482,487.0,7.205
483,488.0,7.395
484,489.0,7.515
485,490.0,7.757
486,491.0,10.496
487,492.0,9.109
488,493.0,7.475
489,494.0,11.76
490,495.0,9.189
491,496.0,10.496
492,497.0,10.176
493,498.0,9.229
494,499.0,7.314
495,500.0,7.165
496,501.0,9.55
497,502.0,7.395
498,503.0,8.547
499,504.0,10.817
500,505.0,8.48
501,506.0,7.636
502,507.0,8.948
503,508.0,7.085
504,509.0,8.239
505,510.0,7.246
506,511.0,7.596
507,512.0,8.587
508,513.0,7.165
509,514.0,7.475
510,516.0,7.636
511,517.0,7.205
512,518.0,7.475
513,519.0,7.355
514,520.0,11.8
515,521.0,7.837
516,522.0,10.937
517,523.0,8.507
518,524.0,11.36
519,525.0,7.917
520,526.0,11.64
521,527.0,7.556
522,528.0,7.044
523,529.0,7.044
524,530.0,8.52
525,531.0,10.937
526,532.0,7.757
527,533.0,7.837
528,534.0,9.269
529,535.0,10.136
530,536.0,7.234
531,537.0,10.136
532,538.0,7.435
533,539.0,8.747
534,540.0,8.681
535,541.0,7.435
536,542.0,7.757
537,543.0,7.355
538,544.0,7.395
539,545.0,7.475
540,546.0,7.515
541,547.0,10.977
542,548.0,8.747
543,549.0,8.667
544,550.0,10.817
545,551.0,10.016
546,552.0,9.43
547,553.0,10.777
548,554.0,8.948
549,555.0,7.326
550,556.0,7.246
551,557.0,10.536
552,558.0,7.395
553,559.0,8.038
554,560.0,9.63
555,561.0,9.751
556,562.0,7.395
557,563.0,8.507
558,564.0,8.279
559,565.0,7.917
560,566.0,8.279
561,567.0,7.355
562,568.0,8.078
563,569.0,7.165
564,570.0,7.475
565,571.0,7.395
566,572.0,7.877
567,573.0,7.314
568,574.0,8.707
569,575.0,11.68
570,576.0,7.877
571,577.0,11.28
572,578.0,7.998
573,579.0,11.64
574,580.0,8.078
575,581.0,11.84
576,582.0,7.274
577,583.0,6.924
578,584.0,7.044
579,585.0,8.239
580,586.0,10.056
581,587.0,9.349
582,588.0,7.475
583,589.0,8.547
584,590.0,10.977
585,591.0,7.085
586,592.0,9.189
587,593.0,7.246
588,594.0,8.158
589,595.0,9.935
590,596.0,7.326
591,597.0,7.636
592,598.0,7.205
593,599.0,7.355
594,600.0,7.395
595,601.0,7.274
596,602.0,11.36
597,603.0,8.319
598,604.0,9.71
599,606.0,9.59
600,607.0,10.657
601,608.0,9.028
602,609.0,11.16
603,610.0,8.239
604,611.0,7.246
605,612.0,7.395
606,613.0,10.376
607,614.0,8.868
608,615.0,7.596
609,616.0,8.707
610,617.0,10.737
611,618.0,7.355
612,619.0,7.917
613,620.0,9.751
614,621.0,7.757
615,622.0,9.751
616,623.0,7.314
617,624.0,7.877
618,625.0,7.085
619,626.0,7.314
620,627.0,7.475
621,628.0,7.556
622,629.0,7.274
623,630.0,9.775
624,631.0,10.136
625,632.0,7.556
626,633.0,11.56
627,634.0,7.958
628,635.0,11.8
629,636.0,9.389
630,637.0,10.256
631,638.0,7.314
632,639.0,7.125
633,640.0,8.078
634,641.0,7.716
635,642.0,8.988
636,643.0,10.456
637,644.0,7.355
638,645.0,8.118
639,646.0,9.815
640,647.0,6.964
641,648.0,8.467
642,649.0,7.286
643,650.0,7.877
644,651.0,9.349
645,652.0,7.205
646,653.0,7.556
647,654.0,7.998
648,655.0,7.314
649,656.0,7.395
650,657.0,7.165
651,658.0,11.6
652,659.0,8.078
653,660.0,10.416
654,661.0,9.189
655,662.0,11.04
656,663.0,8.44
657,664.0,11.44
658,665.0,7.877
659,666.0,7.165
660,667.0,7.246
661,668.0,9.309
662,669.0,10.096
663,670.0,7.395
664,671.0,8.4
665,672.0,10.296
666,673.0,9.028
667,674.0,7.556
668,675.0,10.697
669,676.0,7.676
670,677.0,9.51
671,678.0,7.286
672,679.0,7.596
673,680.0,7.165
674,681.0,7.165
675,682.0,7.395
676,683.0,7.515
677,684.0,7.797
678,685.0,10.456
679,686.0,9.149
680,687.0,7.435
681,688.0,11.72
682,689.0,9.149
683,690.0,10.496
684,691.0,10.136
685,692.0,9.229
686,693.0,7.274
687,694.0,7.165
688,695.0,9.51
689,697.0,7.395
690,698.0,8.386
691,699.0,10.897
692,700.0,8.4
693,701.0,7.676
694,702.0,8.908
695,703.0,7.085
696,704.0,8.158
697,705.0,7.286
698,706.0,7.556
699,707.0,8.627
700,708.0,7.165
701,709.0,7.475
702,710.0,7.636
703,711.0,7.154
704,712.0,7.475
705,713.0,7.355
706,714.0,11.8
707,715.0,7.837
708,716.0,10.897
709,717.0,8.547
710,718.0,11.36
711,719.0,7.958
712,720.0,11.64
713,721.0,7.556
714,722.0,7.004
715,723.0,7.044
716,724.0,8.547
717,725.0,10.857
718,726.0,7.676
719,727.0,7.917
720,728.0,9.309
721,729.0,10.096
722,730.0,7.274
723,731.0,10.256
724,732.0,7.435
725,733.0,8.828
726,734.0,8.587
727,735.0,7.475
728,736.0,7.716
729,737.0,7.395
730,738.0,7.355
731,739.0,7.475
732,740.0,7.515
733,741.0,10.937
734,742.0,8.747
735,743.0,8.587
736,744.0,10.937
737,745.0,9.975
738,746.0,9.51
739,747.0,10.697
740,748.0,8.988
741,749.0,7.274
742,750.0,7.205
743,751.0,10.416
744,752.0,7.395
745,753.0,8.038
746,754.0,9.735
747,755.0,9.67
748,756.0,7.395
749,757.0,8.4
750,758.0,8.118
751,759.0,7.958
752,760.0,8.118
753,761.0,7.355
754,762.0,8.118
755,763.0,7.125
756,764.0,7.435
757,765.0,7.395
758,766.0,7.917
759,767.0,7.274
760,768.0,8.587
761,769.0,11.8
762,770.0,7.958
763,771.0,11.24
764,772.0,8.078
765,773.0,11.6
766,774.0,7.958
767,775.0,11.8
768,776.0,7.314
769,777.0,6.924
770,778.0,7.044
771,779.0,8.239
772,780.0,10.176
773,781.0,9.109
774,782.0,7.515
775,783.0,8.547
776,784.0,10.897
777,785.0,7.085
778,786.0,9.309
779,787.0,7.246
780,788.0,8.279
781,789.0,9.791
782,791.0,7.355
783,792.0,7.676
784,793.0,7.234
785,794.0,7.355
786,795.0,7.435
787,796.0,7.314
788,797.0,11.32
789,798.0,8.359
790,799.0,9.59
791,800.0,9.735
792,801.0,10.576
793,802.0,9.229
794,803.0,11.12
795,804.0,8.359
796,805.0,7.286
797,806.0,7.435
798,807.0,10.657
799,808.0,8.547
800,809.0,7.676
801,810.0,8.868
802,811.0,10.616
803,812.0,7.355
804,813.0,8.038
805,814.0,9.51
806,815.0,7.797
807,816.0,9.51
808,817.0,7.355
809,818.0,7.917
810,819.0,7.125
811,820.0,7.355
812,821.0,7.475
813,822.0,7.596
814,823.0,7.165
815,824.0,9.59
816,825.0,10.376
817,826.0,7.596
818,827.0,11.52
819,828.0,7.797
820,829.0,11.76
821,830.0,9.149
822,831.0,10.536
823,832.0,7.355
824,833.0,7.044
825,834.0,7.716
826,835.0,7.757
827,836.0,9.149
828,837.0,10.256
829,838.0,7.395
830,839.0,8.199
831,840.0,10.056
832,841.0,6.924
833,842.0,8.587
834,843.0,7.205
835,844.0,7.958
836,845.0,9.51
837,846.0,7.246
838,847.0,7.596
839,848.0,7.797
840,849.0,7.355
841,850.0,7.435
842,851.0,7.205
843,852.0,11.6
844,853.0,8.118
845,854.0,10.336
846,855.0,8.908
847,856.0,11.057
848,857.0,8.467
849,858.0,11.4
850,859.0,7.877
851,860.0,7.205
852,861.0,7.205
853,862.0,9.51
854,863.0,9.855
855,864.0,7.435
856,865.0,8.44
857,866.0,10.576
858,867.0,8.707
859,868.0,7.636
860,869.0,10.536
861,870.0,7.757
862,871.0,9.71
863,872.0,7.326
864,873.0,7.716
865,874.0,7.085
866,875.0,7.205
867,876.0,7.435
868,877.0,7.435
869,878.0,7.917
870,879.0,10.336
871,880.0,9.349
872,881.0,7.475
873,882.0,11.72
874,883.0,8.908
875,885.0,10.897
876,886.0,9.975
877,887.0,9.51
878,888.0,7.314
879,889.0,7.205
880,890.0,9.229
881,891.0,7.475
882,892.0,8.44
883,893.0,11.017
884,894.0,8.118
885,895.0,7.716
886,896.0,9.63
887,897.0,7.125
888,898.0,8.239
889,899.0,7.246
890,900.0,7.596
891,901.0,8.707
892,902.0,7.165
893,903.0,7.475
894,904.0,7.676
895,905.0,7.205
896,906.0,7.395
897,907.0,7.355
898,908.0,11.72
899,909.0,7.877
900,910.0,10.857
901,911.0,8.627
902,912.0,11.36
903,913.0,7.998
904,914.0,11.64
905,915.0,7.556
906,916.0,7.044
907,917.0,7.044
908,918.0,8.627
909,919.0,10.777
910,920.0,7.475
911,921.0,7.877
912,922.0,9.389
913,923.0,9.935
914,924.0,7.355
915,925.0,10.376
916,926.0,7.515
917,927.0,8.868
918,928.0,8.4
919,929.0,7.475
920,930.0,7.716
921,931.0,7.395
922,932.0,7.395
923,933.0,7.475
924,934.0,7.596
925,935.0,10.897
926,936.0,8.868
927,937.0,8.4
928,938.0,11.16
929,939.0,9.815
930,940.0,9.67
931,941.0,10.616
932,942.0,9.149
933,943.0,7.286
934,944.0,7.246
935,945.0,10.296
936,946.0,7.395
937,947.0,8.118
938,948.0,9.895
939,949.0,9.47
940,950.0,7.475
941,951.0,8.359
942,952.0,7.917
943,953.0,7.958
944,954.0,7.917
945,955.0,7.395
946,956.0,8.239
947,957.0,7.125
948,958.0,7.475
949,959.0,7.435
950,960.0,8.038
951,961.0,7.326
952,962.0,8.44
953,963.0,11.92
954,964.0,7.998
955,965.0,11.2
956,966.0,8.078
957,967.0,11.56
958,968.0,7.797
959,969.0,11.76
960,970.0,7.314
961,971.0,6.924
962,972.0,7.004
963,973.0,8.319
964,974.0,10.296
965,975.0,8.988
966,977.0,7.515
967,978.0,8.627
968,979.0,10.777
969,980.0,7.125
970,981.0,9.389
971,982.0,7.286
972,983.0,8.319
973,984.0,9.67
974,985.0,7.355
975,986.0,7.676
976,987.0,7.246
977,988.0,7.395
978,989.0,7.435
979,990.0,7.355
980,991.0,11.24
981,992.0,8.44
982,993.0,9.43
983,994.0,9.895
984,995.0,10.456
985,996.0,8.948
986,997.0,11.057
987,998.0,8.44
988,999.0,7.246
989,1000.0,7.286
990,1001.0,10.857
991,1002.0,8.359
992,1003.0,7.676
993,1004.0,8.948
994,1005.0,10.416
995,1006.0,7.395
996,1007.0,8.078
997,1008.0,9.309
998,1009.0,7.797
999,1010.0,9.309
1000,1011.0,7.274
1001,1012.0,7.998
1002,1013.0,7.085
1003,1014.0,7.435
1004,1015.0,7.475
1005,1016.0,7.676
1006,1017.0,7.246
1007,1018.0,9.47
1008,1019.0,10.657
1009,1020.0,7.716
1010,1021.0,11.44
1011,1022.0,7.917
1012,1023.0,11.72
1013,1024.0,8.988
1014,1025.0,10.817
1015,1026.0,7.395
1016,1027.0,7.085
1017,1028.0,7.355
1018,1029.0,7.877
1019,1030.0,9.43
1020,1031.0,10.016
1021,1032.0,7.435
1022,1033.0,8.319
1023,1034.0,10.376
1024,1035.0,6.964
1025,1036.0,8.707
1026,1037.0,7.205
1027,1038.0,8.038
1028,1039.0,9.751
1029,1040.0,7.246
1030,1041.0,7.596
1031,1042.0,7.234
1032,1043.0,7.395
1033,1044.0,7.395
1034,1045.0,7.194
1035,1046.0,11.44
1036,1047.0,8.158
1037,1048.0,10.096
1038,1049.0,9.109
1039,1050.0,10.897
1040,1051.0,8.707
1041,1052.0,11.32
1042,1053.0,8.038
1043,1054.0,7.246
1044,1055.0,7.286
1045,1056.0,9.815
1046,1057.0,9.47
1047,1058.0,7.435
1048,1059.0,8.4
1049,1060.0,11.017
1050,1061.0,8.199
1051,1062.0,7.716
1052,1063.0,10.216
1053,1064.0,7.676
1054,1065.0,10.096
1055,1066.0,7.286
1056,1067.0,7.757
1057,1068.0,7.085
1058,1069.0,7.314
1059,1070.0,7.435
1060,1072.0,7.475
1061,1073.0,8.038
1062,1074.0,10.136
1063,1075.0,9.67
1064,1076.0,7.435
1065,1077.0,11.68
1066,1078.0,8.507
1067,1079.0,11.36
1068,1080.0,9.751
1069,1081.0,9.775
1070,1082.0,7.314
1071,1083.0,7.125
1072,1084.0,8.747
1073,1085.0,7.556
1074,1086.0,8.707
1075,1087.0,10.777
1076,1088.0,7.435
1077,1089.0,7.877
1078,1090.0,9.43
1079,1091.0,7.004
1080,1092.0,8.4
1081,1093.0,7.246
1082,1094.0,7.757
1083,1095.0,8.988
1084,1096.0,7.205
1085,1097.0,7.515
1086,1098.0,7.837
1087,1099.0,7.246
1088,1100.0,7.395
1089,1101.0,7.085
1090,1102.0,11.76
1091,1103.0,7.958
1092,1104.0,10.697
1093,1105.0,8.908
1094,1106.0,11.2
1095,1107.0,8.199
1096,1108.0,11.56
1097,1109.0,7.716
1098,1110.0,7.125
1099,1111.0,7.165
1100,1112.0,8.988
1101,1113.0,10.416
1102,1114.0,7.395
1103,1115.0,8.118
1104,1116.0,9.855
1105,1117.0,9.47
1106,1118.0,7.395
1107,1119.0,10.857
1108,1120.0,7.556
1109,1121.0,9.229
1110,1122.0,7.636
1111,1123.0,7.556
1112,1124.0,7.797
1113,1125.0,7.475
1114,1126.0,7.395
1115,1127.0,7.475
1116,1128.0,7.676
1117,1129.0,10.737
1118,1130.0,8.988
1119,1131.0,7.797
1120,1132.0,11.72
1121,1133.0,9.47
1122,1134.0,10.096
1123,1135.0,10.376
1124,1136.0,8.948
1125,1137.0,7.314
1126,1138.0,7.205
1127,1139.0,9.895
1128,1140.0,7.435
1129,1141.0,8.359
1130,1142.0,10.376
1131,1143.0,8.948
1132,1144.0,7.556
1133,1145.0,8.667
1134,1146.0,7.125
1135,1147.0,8.118
1136,1148.0,7.246
1137,1149.0,7.515
1138,1150.0,8.44
1139,1151.0,7.165
1140,1152.0,7.435
1141,1153.0,7.556
1142,1154.0,7.205
1143,1155.0,7.435
1144,1156.0,7.757
1145,1157.0,11.88
1146,1158.0,8.199
1147,1159.0,11.08
1148,1160.0,8.359
1149,1161.0,11.48
1150,1162.0,7.877
1151,1163.0,11.72
1152,1165.0,7.435
1153,1166.0,7.004
1154,1167.0,6.964
1155,1168.0,8.4
1156,1169.0,11.0
1157,1170.0,8.319
1158,1171.0,7.716
1159,1172.0,9.068
1160,1173.0,10.376
1161,1174.0,7.194
1162,1175.0,9.895
1163,1176.0,7.395
1164,1177.0,8.587
1165,1178.0,8.988
1166,1179.0,7.395
1167,1180.0,7.757
1168,1181.0,7.314
1169,1182.0,7.395
1170,1183.0,7.435
1171,1184.0,7.435
1172,1185.0,11.04
1173,1186.0,8.667
1174,1187.0,8.908
1175,1188.0,10.536
1176,1189.0,10.136
1177,1190.0,9.229
1178,1191.0,10.817
1179,1192.0,8.788
1180,1193.0,7.286
1181,1194.0,7.246
1182,1195.0,10.697
1183,1196.0,7.475
1184,1197.0,7.917
1185,1198.0,9.389
1186,1199.0,9.975
1187,1200.0,7.395
1188,1201.0,8.359
1189,1202.0,8.667
1190,1203.0,7.877
1191,1204.0,8.667
1192,1205.0,7.314
1193,1206.0,7.998
1194,1207.0,7.125
1195,1208.0,7.515
1196,1209.0,7.515
1197,1210.0,7.797
1198,1211.0,7.234
1199,1212.0,8.988
1200,1213.0,11.32
1201,1214.0,7.797
1202,1215.0,11.36
1203,1216.0,7.877
1204,1217.0,11.68
1205,1218.0,8.4
1206,1219.0,11.48
1207,1220.0,7.234
1208,1221.0,7.004
1209,1222.0,7.044
1210,1223.0,8.078
1211,1224.0,9.815
1212,1225.0,9.59
1213,1226.0,7.395
1214,1227.0,8.386
1215,1228.0,10.897
1216,1229.0,7.085
1217,1230.0,9.028
1218,1231.0,7.246
1219,1232.0,8.078
1220,1233.0,10.096
1221,1234.0,7.274
1222,1235.0,7.636
1223,1236.0,7.154
1224,1237.0,7.515
1225,1238.0,7.395
1226,1239.0,7.314
1227,1240.0,11.4
1228,1241.0,8.319
1229,1242.0,9.815
1230,1243.0,9.47
1231,1244.0,10.737
1232,1245.0,8.948
1233,1246.0,11.2
1234,1247.0,8.199
1235,1248.0,7.246
1236,1249.0,7.355
1237,1250.0,10.256
1238,1251.0,8.988
1239,1252.0,7.556
1240,1253.0,8.627
1241,1254.0,10.817
1242,1255.0,7.556
1243,1257.0,7.877
1244,1258.0,9.855
1245,1259.0,7.757
1246,1260.0,9.831
1247,1261.0,7.326
1248,1262.0,7.837
1249,1263.0,7.085
1250,1264.0,7.355
1251,1265.0,7.475
1252,1266.0,7.556
1253,1267.0,7.274
1254,1268.0,9.831
1255,1269.0,10.096
1256,1270.0,7.515
1257,1271.0,11.56
1258,1272.0,7.998
1259,1273.0,11.8
1260,1274.0,9.389
1261,1275.0,10.216
1262,1276.0,7.314
1263,1277.0,7.125
1264,1278.0,8.078
1265,1279.0,7.716
1266,1280.0,8.988
1267,1281.0,10.456
1268,1282.0,7.395
1269,1283.0,8.118
1270,1284.0,9.815
1271,1285.0,6.964
1272,1286.0,8.48
1273,1287.0,7.286
1274,1288.0,7.877
1275,1289.0,9.389
1276,1290.0,7.246
1277,1291.0,7.556
1278,1292.0,7.998
1279,1293.0,7.355
1280,1294.0,7.395
1281,1295.0,7.165
1282,1296.0,11.6
1283,1297.0,8.118
1284,1298.0,10.376
1285,1299.0,9.109
1286,1300.0,11.04
1287,1301.0,8.44
1288,1302.0,11.44
1289,1303.0,7.877
1290,1304.0,7.165
1291,1305.0,7.205
1292,1306.0,9.349
1293,1307.0,10.056
1294,1308.0,7.395
1295,1309.0,8.4
1296,1310.0,10.336
1297,1311.0,8.988
1298,1312.0,7.556
1299,1313.0,10.697
1300,1314.0,7.676
1301,1315.0,9.59
1302,1316.0,7.286
1303,1317.0,7.636
1304,1318.0,7.125
1305,1319.0,7.165
1306,1320.0,7.395
1307,1321.0,7.475
1308,1322.0,7.797
1309,1323.0,10.416
1310,1324.0,9.189
1311,1325.0,7.435
1312,1326.0,11.72
1313,1327.0,9.109
1314,1328.0,10.616
1315,1329.0,10.096
1316,1330.0,9.269
1317,1331.0,7.274
1318,1332.0,7.165
1319,1333.0,9.43
1320,1334.0,7.395
1321,1335.0,8.4
1322,1336.0,10.937
1323,1337.0,8.4
1324,1338.0,7.676
1325,1339.0,8.948
1326,1340.0,7.044
1327,1341.0,8.199
1328,1342.0,7.246
1329,1343.0,7.556
1330,1344.0,8.667
1331,1345.0,7.165
1332,1346.0,7.475
1333,1347.0,7.636
1334,1348.0,7.205
1335,1350.0,7.515
1336,1351.0,7.355
1337,1352.0,11.76
1338,1353.0,7.877
1339,1354.0,10.897
1340,1355.0,8.547
1341,1356.0,11.36
1342,1357.0,7.958
1343,1358.0,11.64
1344,1359.0,7.556
1345,1360.0,7.004
1346,1361.0,7.044
1347,1362.0,8.587
1348,1363.0,10.857
1349,1364.0,7.596
1350,1365.0,7.877
1351,1366.0,9.309
1352,1367.0,10.136
1353,1368.0,7.234
1354,1369.0,10.216
1355,1370.0,7.435
1356,1371.0,8.828
1357,1372.0,8.587
1358,1373.0,7.475
1359,1374.0,7.716
1360,1375.0,7.395
1361,1376.0,7.395
1362,1377.0,7.515
1363,1378.0,7.515
1364,1379.0,11.017
1365,1380.0,8.788
1366,1381.0,8.587
1367,1382.0,10.937
1368,1383.0,9.975
1369,1384.0,9.51
1370,1385.0,10.737
1371,1386.0,9.028
1372,1387.0,7.355
1373,1388.0,7.246
1374,1389.0,10.496
1375,1390.0,7.355
1376,1391.0,8.078
1377,1392.0,9.71
1378,1393.0,9.63
1379,1394.0,7.395
1380,1395.0,8.426
1381,1396.0,8.118
1382,1397.0,7.958
1383,1398.0,8.118
1384,1399.0,7.355
1385,1400.0,8.158
1386,1401.0,6.601
1387,1402.0,6.964
1388,1403.0,7.314
1389,1404.0,7.475
1390,1405.0,7.515
1391,1406.0,7.355
1392,1407.0,9.895
1393,1408.0,10.016
1394,1409.0,7.515
1395,1410.0,11.6
1396,1411.0,8.158
1397,1412.0,11.72
1398,1413.0,9.51
1399,1414.0,10.056
1400,1415.0,7.314
1401,1416.0,7.125
1402,1417.0,8.319
1403,1418.0,7.636
1404,1419.0,8.868
1405,1420.0,10.576
1406,1421.0,7.395
1407,1422.0,8.038
1408,1423.0,9.67
1409,1424.0,6.924
1410,1425.0,8.44
1411,1426.0,7.246
1412,1427.0,7.837
1413,1428.0,9.229
1414,1429.0,6.521
1415,1430.0,6.883
1416,1431.0,7.475
1417,1432.0,7.877
1418,1433.0,7.274
1419,1434.0,7.395
1420,1435.0,7.125
1421,1436.0,11.64
1422,1437.0,7.958
1423,1438.0,10.536
1424,1439.0,9.068
1425,1440.0,11.16
1426,1441.0,8.279
1427,1443.0,11.48
1428,1444.0,7.757
1429,1445.0,7.165
1430,1446.0,7.125
1431,1447.0,9.189
1432,1448.0,10.216
1433,1449.0,7.395
1434,1450.0,8.239
1435,1451.0,10.136
1436,1452.0,9.189
1437,1453.0,7.515
1438,1454.0,10.857
1439,1455.0,7.676
1440,1456.0,9.389
1441,1457.0,7.314
1442,1458.0,7.274
1443,1459.0,6.279
1444,1460.0,6.924
1445,1461.0,7.596
1446,1462.0,7.435
1447,1463.0,7.917
1448,1464.0,7.274
1449,1465.0,8.788
1450,1466.0,11.64
1451,1467.0,7.917
1452,1468.0,11.28
1453,1469.0,7.998
1454,1470.0,11.6
1455,1471.0,8.118
1456,1472.0,11.76
1457,1473.0,7.274
1458,1474.0,6.924
1459,1475.0,7.044
1460,1476.0,8.199
1461,1477.0,10.056
1462,1478.0,9.269
1463,1479.0,7.475
1464,1480.0,8.507
1465,1481.0,10.937
1466,1482.0,7.085
1467,1483.0,9.229
1468,1484.0,7.286
1469,1485.0,8.199
1470,1486.0,9.911
1471,1487.0,6.803
1472,1488.0,6.883
1473,1489.0,7.556
1474,1490.0,7.797
1475,1491.0,7.355
1476,1492.0,7.395
1477,1493.0,7.165
1478,1494.0,11.56
1479,1495.0,8.078
1480,1496.0,10.296
1481,1497.0,8.908
1482,1498.0,11.017
1483,1499.0,8.507
1484,1500.0,11.4
1485,1501.0,7.917
1486,1502.0,7.205
1487,1503.0,7.205
1488,1504.0,9.51
1489,1505.0,9.855
1490,1506.0,7.435
1491,1507.0,8.44
1492,1508.0,10.576
1493,1509.0,8.667
1494,1510.0,7.596
1495,1511.0,10.496
1496,1512.0,7.757
1497,1513.0,9.71
1498,1514.0,7.326
1499,1515.0,7.435
1500,1516.0,6.642
1501,1517.0,7.125
1502,1518.0,7.205
1503,1519.0,7.435
1504,1520.0,7.515
1505,1521.0,7.797
1506,1522.0,10.496
1507,1523.0,9.149
1508,1524.0,7.515
1509,1525.0,11.72
1510,1526.0,9.149
1511,1527.0,10.496
1512,1528.0,10.176
1513,1529.0,9.189
1514,1530.0,7.314
1515,1531.0,7.165
1516,1532.0,9.55
1517,1534.0,7.355
1518,1535.0,8.547
1519,1536.0,10.817
1520,1537.0,8.48
1521,1538.0,7.676
1522,1539.0,8.908
1523,1540.0,7.044
1524,1541.0,8.199
1525,1542.0,7.246
1526,1543.0,7.596
1527,1544.0,8.587
1528,1545.0,6.36
1529,1546.0,6.883
1530,1547.0,7.435
1531,1548.0,7.596
1532,1549.0,7.165
1533,1550.0,7.475
1534,1551.0,7.355
1535,1552.0,11.8
1536,1553.0,7.837
1537,1554.0,10.897
1538,1555.0,8.52
1539,1556.0,11.4
1540,1557.0,7.917
1541,1558.0,11.64
1542,1559.0,7.515
1543,1560.0,7.004
1544,1561.0,7.004
1545,1562.0,8.547
1546,1563.0,10.897
1547,1564.0,7.757
1548,1565.0,7.837
1549,1566.0,9.269
1550,1567.0,10.096
1551,1568.0,7.274
1552,1569.0,10.176
1553,1570.0,7.435
1554,1571.0,8.747
1555,1572.0,8.641
1556,1573.0,7.044
1557,1574.0,6.722
1558,1575.0,7.636
1559,1576.0,7.395
1560,1577.0,7.395
1561,1578.0,7.475
1562,1579.0,7.556
1563,1580.0,10.897
1564,1581.0,8.788
1565,1582.0,8.48
1566,1583.0,11.017
1567,1584.0,9.895
1568,1585.0,9.63
1569,1586.0,10.657
1570,1587.0,9.028
1571,1588.0,7.274
1572,1589.0,7.205
1573,1590.0,10.376
1574,1591.0,7.355
1575,1592.0,8.118
1576,1593.0,9.815
1577,1594.0,9.59
1578,1595.0,7.435
1579,1596.0,8.4
1580,1597.0,7.917
1581,1598.0,7.998
1582,1599.0,7.958
1583,1600.0,7.395
1584,1601.0,8.158
1585,1602.0,6.279
1586,1603.0,6.924
1587,1604.0,7.475
1588,1605.0,7.475
1589,1606.0,7.797
1590,1607.0,7.366
1591,1608.0,8.239
1592,1609.0,11.84
1593,1610.0,8.078
1594,1611.0,11.137
1595,1612.0,8.199
1596,1613.0,11.52
1597,1614.0,7.877
1598,1615.0,11.72
1599,1616.0,7.395
1600,1617.0,6.964
1601,1618.0,7.044
1602,1619.0,8.44
1603,1620.0,10.616
1604,1621.0,8.707
1605,1622.0,7.636
1606,1623.0,8.747
1607,1624.0,10.657
1608,1626.0,7.165
1609,1627.0,9.55
1610,1628.0,7.326
1611,1629.0,8.4
1612,1630.0,9.43
1613,1631.0,6.883
1614,1632.0,6.763
1615,1633.0,7.676
1616,1634.0,7.274
1617,1635.0,7.395
1618,1636.0,7.435
1619,1637.0,7.395
1620,1638.0,11.16
1621,1639.0,8.48
1622,1640.0,9.269
1623,1641.0,10.096
1624,1642.0,10.376
1625,1643.0,8.948
1626,1644.0,10.977
1627,1645.0,8.587
1628,1646.0,7.286
1629,1647.0,7.246
1630,1648.0,10.937
1631,1649.0,8.038
1632,1650.0,7.797
1633,1651.0,9.149
1634,1652.0,10.296
1635,1653.0,7.395
1636,1654.0,8.199
1637,1655.0,9.028
1638,1656.0,7.837
1639,1657.0,9.028
1640,1658.0,7.314
1641,1659.0,8.038
1642,1660.0,6.521
1643,1661.0,6.964
1644,1662.0,7.314
1645,1663.0,7.435
1646,1664.0,7.556
1647,1665.0,7.205
1648,1666.0,9.855
1649,1667.0,10.096
1650,1668.0,7.556
1651,1669.0,11.56
1652,1670.0,7.998
1653,1671.0,11.76
1654,1672.0,9.43
1655,1673.0,10.216
1656,1674.0,7.355
1657,1675.0,7.085
1658,1676.0,8.158
1659,1677.0,7.676
1660,1678.0,8.988
1661,1679.0,10.456
1662,1680.0,7.395
1663,1681.0,8.078
1664,1682.0,9.815
1665,1683.0,6.924
1666,1684.0,8.52
1667,1685.0,7.246
1668,1686.0,7.917
1669,1687.0,9.349
1670,1688.0,6.601
1671,1689.0,6.924
1672,1690.0,7.515
1673,1691.0,7.757
1674,1692.0,7.274
1675,1693.0,7.395
1676,1694.0,7.165
1677,1695.0,11.72
1678,1696.0,7.958
1679,1697.0,10.737
1680,1698.0,8.788
1681,1699.0,11.28
1682,1700.0,8.078
1683,1701.0,11.56
1684,1702.0,7.636
1685,1703.0,7.085
1686,1704.0,7.085
1687,1705.0,8.828
1688,1706.0,10.576
1689,1707.0,7.355
1690,1708.0,8.038
1691,1709.0,9.67
1692,1710.0,9.67
1693,1711.0,7.355
1694,1712.0,10.657
1695,1713.0,7.556
1696,1714.0,9.068
1697,1715.0,7.998
1698,1716.0,7.234
1699,1717.0,6.763
1700,1719.0,7.716
1701,1720.0,7.355
1702,1721.0,7.395
1703,1722.0,7.435
1704,1723.0,7.475
1705,1724.0,11.057
1706,1725.0,8.667
1707,1726.0,8.788
1708,1727.0,10.657
1709,1728.0,10.096
1710,1729.0,9.349
1711,1730.0,10.777
1712,1731.0,8.868
1713,1732.0,7.286
1714,1733.0,7.205
1715,1734.0,10.616
1716,1735.0,7.355
1717,1736.0,7.998
1718,1737.0,9.59
1719,1738.0,9.855
1720,1739.0,7.395
1721,1740.0,8.467
1722,1741.0,8.359
1723,1742.0,7.958
1724,1743.0,8.359
1725,1744.0,7.355
1726,1745.0,8.078
1727,1746.0,6.521
1728,1747.0,6.924
1729,1748.0,7.475
1730,1749.0,7.515
1731,1750.0,7.797
1732,1751.0,7.234
1733,1752.0,9.149
1734,1753.0,11.12
1735,1754.0,7.797
1736,1755.0,11.36
1737,1756.0,7.877
1738,1757.0,11.68
1739,1758.0,8.587
1740,1759.0,11.28
1741,1760.0,7.234
1742,1761.0,7.004
1743,1762.0,7.085
1744,1763.0,7.998
1745,1764.0,9.751
1746,1765.0,9.71
1747,1766.0,7.395
1748,1767.0,8.507
1749,1768.0,10.777
1750,1769.0,7.044
1751,1770.0,8.988
1752,1771.0,7.205
1753,1772.0,8.078
1754,1773.0,10.056
1755,1774.0,6.682
1756,1775.0,6.843
1757,1776.0,7.556
1758,1777.0,7.314
1759,1778.0,7.395
1760,1779.0,7.395
1761,1780.0,7.205
1762,1781.0,11.52
1763,1782.0,8.158
1764,1783.0,10.136
1765,1784.0,9.028
1766,1785.0,10.897
1767,1786.0,8.627
1768,1787.0,11.32
1769,1788.0,7.998
1770,1789.0,7.246
1771,1790.0,7.246
1772,1791.0,9.751
1773,1792.0,9.55
1774,1793.0,7.435
1775,1794.0,8.359
1776,1795.0,10.977
1777,1796.0,8.279
1778,1797.0,7.716
1779,1798.0,10.256
1780,1799.0,7.676
1781,1800.0,10.016
1782,1801.0,7.314
1783,1802.0,7.475
1784,1803.0,6.561
1785,1804.0,6.964
1786,1805.0,7.246
1787,1806.0,7.435
1788,1807.0,7.435
1789,1808.0,7.958
1790,1809.0,10.256
1791,1810.0,9.55
1792,1812.0,7.475
1793,1813.0,11.64
1794,1814.0,8.667
1795,1815.0,11.16
1796,1816.0,9.855
1797,1817.0,9.67
1798,1818.0,7.355
1799,1819.0,7.165
1800,1820.0,8.948
1801,1821.0,7.515
1802,1822.0,8.587
1803,1823.0,10.897
1804,1824.0,7.716
1805,1825.0,7.877
1806,1826.0,9.309
1807,1827.0,7.004
1808,1828.0,8.319
1809,1829.0,7.246
1810,1830.0,7.757
1811,1831.0,8.908
1812,1832.0,6.481
1813,1833.0,6.883
1814,1834.0,7.475
1815,1835.0,7.636
1816,1836.0,7.205
1817,1837.0,7.475
1818,1838.0,7.355
1819,1839.0,11.76
1820,1840.0,7.877
1821,1841.0,10.977
1822,1842.0,8.627
1823,1843.0,11.36
1824,1844.0,7.998
1825,1845.0,11.64
1826,1846.0,7.596
1827,1847.0,7.044
1828,1848.0,7.085
1829,1849.0,8.587
1830,1850.0,10.897
1831,1851.0,7.596
1832,1852.0,7.917
1833,1853.0,9.389
1834,1854.0,10.016
1835,1855.0,7.274
1836,1856.0,10.296
1837,1857.0,7.475
1838,1858.0,8.828
1839,1859.0,8.48
1840,1860.0,7.125
1841,1861.0,6.763
1842,1862.0,7.676
1843,1863.0,7.314
1844,1864.0,7.395
1845,1865.0,7.435
1846,1866.0,7.435
1847,1867.0,11.12
1848,1868.0,8.547
1849,1869.0,9.028
1850,1870.0,10.336
1851,1871.0,10.216
1852,1872.0,9.109
1853,1873.0,10.857
1854,1874.0,8.667
1855,1875.0,7.246
1856,1876.0,7.205
1857,1877.0,10.777
1858,1878.0,7.636
1859,1879.0,7.877
1860,1880.0,9.309
1861,1881.0,10.056
1862,1882.0,7.355
1863,1883.0,8.279
1864,1884.0,8.747
1865,1885.0,7.877
1866,1886.0,8.747
1867,1887.0,7.314
1868,1888.0,7.998
1869,1889.0,6.481
1870,1890.0,6.964
1871,1891.0,7.435
1872,1892.0,7.475
1873,1893.0,7.676
1874,1894.0,7.165
1875,1895.0,9.43
1876,1896.0,10.697
1877,1897.0,7.716
1878,1898.0,11.44
1879,1899.0,7.958
1880,1900.0,11.72
1881,1901.0,8.908
1882,1902.0,10.857
1883,1903.0,7.355
1884,1904.0,7.044
1885,1906.0,7.314
1886,1907.0,7.877
1887,1908.0,9.43
1888,1909.0,10.016
1889,1910.0,7.395
1890,1911.0,8.319
1891,1912.0,10.376
1892,1913.0,7.004
1893,1914.0,8.747
1894,1915.0,7.205
1895,1916.0,8.078
1896,1917.0,9.751
1897,1918.0,6.722
1898,1919.0,6.843
1899,1920.0,7.556
1900,1921.0,7.596
1901,1922.0,7.395
1902,1923.0,7.395
1903,1924.0,7.205
1904,1925.0,11.56
1905,1926.0,8.118
1906,1927.0,10.256
1907,1928.0,8.908
1908,1929.0,10.977
1909,1930.0,8.547
1910,1931.0,11.36
1911,1932.0,7.958
1912,1933.0,7.246
1913,1934.0,7.246
1914,1935.0,9.59
1915,1936.0,9.775
1916,1937.0,7.435
1917,1938.0,8.467
1918,1939.0,10.697
1919,1940.0,8.587
1920,1941.0,7.636
1921,1942.0,10.416
1922,1943.0,7.676
1923,1944.0,9.791
1924,1945.0,7.314
1925,1946.0,7.395
1926,1947.0,6.36
1927,1948.0,6.924
1928,1949.0,7.355
1929,1950.0,7.515
1930,1951.0,7.556
1931,1952.0,7.165
1932,1953.0,9.71
1933,1954.0,10.216
1934,1955.0,7.556
1935,1956.0,11.52
1936,1957.0,7.797
1937,1958.0,11.76
1938,1959.0,9.269
1939,1960.0,10.336
1940,1961.0,7.355
1941,1962.0,7.085
1942,1963.0,7.917
1943,1964.0,7.716
1944,1965.0,9.109
1945,1966.0,10.376
1946,1967.0,7.395
1947,1968.0,8.158
1948,1969.0,9.975
1949,1970.0,6.964
1950,1971.0,8.56
1951,1972.0,7.246
1952,1973.0,7.917
1953,1974.0,9.43
1954,1975.0,6.601
1955,1976.0,6.763
1956,1977.0,7.676
1957,1978.0,7.314
1958,1979.0,7.395
1959,1980.0,7.435
1960,1981.0,7.395
1961,1982.0,11.16
1962,1983.0,8.52
1963,1984.0,9.269
1964,1985.0,10.136
1965,1986.0,10.376
1966,1987.0,8.948
1967,1988.0,10.977
1968,1989.0,8.587
1969,1990.0,7.286
1970,1991.0,7.286
1971,1992.0,10.937
1972,1993.0,8.118
1973,1994.0,7.797
1974,1995.0,9.149
1975,1996.0,10.296
1976,1997.0,7.395
1977,1999.0,8.158
1978,2000.0,9.109
1979,2001.0,7.837
1980,2002.0,9.109
1981,2003.0,7.286
1982,2004.0,8.038
1983,2005.0,6.159
1984,2006.0,6.964
1985,2007.0,7.435
1986,2008.0,7.475
1987,2009.0,7.636
1988,2010.0,7.355
1989,2011.0,8.158
1990,2012.0,11.88
1991,2013.0,8.078
1992,2014.0,11.12
1993,2015.0,8.199
1994,2016.0,11.52
1995,2017.0,7.837
1996,2018.0,11.76
1997,2019.0,7.355
1998,2020.0,6.964
1999,2021.0,7.004
2000,2022.0,8.48
2001,2023.0,10.697
2002,2024.0,8.627
2003,2025.0,7.636
2004,2026.0,8.828
2005,2027.0,10.576
2006,2028.0,7.165
2007,2029.0,9.67
2008,2030.0,7.314
2009,2031.0,8.44
2010,2032.0,9.349
2011,2033.0,6.924
2012,2034.0,6.843
2013,2035.0,7.636
2014,2036.0,7.194
2015,2037.0,7.395
2016,2038.0,7.435
2017,2039.0,7.314
2018,2040.0,11.36
2019,2041.0,8.359
2020,2042.0,9.67
2021,2043.0,9.63
2022,2044.0,10.616
2023,2045.0,9.109
2024,2046.0,11.16
2025,2047.0,8.359
2026,2048.0,7.286
2027,2049.0,7.475
2028,2050.0,10.536
2029,2051.0,8.788
2030,2052.0,7.636
2031,2053.0,8.788
2032,2054.0,10.697
2033,2055.0,7.395
2034,2056.0,7.958
2035,2057.0,9.67
2036,2058.0,7.757
2037,2059.0,9.67
2038,2060.0,7.274
2039,2061.0,7.797
2040,2062.0,6.561
2041,2063.0,7.004
2042,2064.0,7.234
2043,2065.0,7.475
2044,2066.0,7.435
2045,2067.0,8.038
2046,2068.0,10.136
2047,2069.0,9.735
2048,2070.0,7.435
2049,2071.0,11.68
2050,2072.0,8.48
2051,2073.0,11.44
2052,2074.0,9.71
2053,2075.0,9.855
2054,2076.0,7.314
2055,2077.0,7.165
2056,2078.0,8.667
2057,2079.0,7.636
2058,2080.0,8.707
2059,2081.0,10.817
2060,2082.0,7.395
2061,2083.0,7.958
2062,2084.0,9.43
2063,2085.0,7.004
2064,2086.0,8.4
2065,2087.0,7.246
2066,2088.0,7.757
2067,2089.0,9.068
2068,2091.0,6.481
2069,2092.0,6.924
2070,2093.0,7.435
2071,2094.0,7.596
2072,2095.0,7.165
2073,2096.0,7.435
2074,2097.0,7.515
2075,2098.0,11.84
2076,2099.0,7.998
2077,2100.0,10.977
2078,2101.0,8.44
2079,2102.0,11.4
2080,2103.0,7.877
2081,2104.0,11.68
2082,2105.0,7.475
2083,2106.0,7.004
2084,2107.0,7.004
2085,2108.0,8.48
2086,2109.0,10.977
2087,2110.0,7.917
2088,2111.0,7.797
2089,2112.0,9.189
2090,2113.0,10.216
2091,2114.0,7.234
2092,2115.0,10.056
2093,2116.0,7.395
2094,2117.0,8.707
2095,2118.0,8.747
2096,2119.0,7.033
2097,2120.0,6.763
2098,2121.0,7.676
2099,2122.0,7.314
2100,2123.0,7.395
2101,2124.0,7.435
2102,2125.0,7.475
2103,2126.0,11.08
2104,2127.0,8.587
2105,2128.0,9.028
2106,2129.0,10.416
2107,2130.0,10.256
2108,2131.0,9.149
2109,2132.0,10.897
2110,2133.0,8.747
2111,2134.0,7.286
2112,2135.0,7.246
2113,2136.0,10.777
2114,2137.0,7.636
2115,2138.0,7.877
2116,2139.0,9.389
2117,2140.0,10.056
2118,2141.0,7.395
2119,2142.0,8.319
2120,2143.0,8.707
2121,2144.0,7.877
2122,2145.0,8.707
2123,2146.0,7.314
2124,2147.0,7.998
2125,2148.0,6.481
2126,2149.0,7.004
2127,2150.0,7.355
2128,2151.0,7.515
2129,2152.0,7.596
2130,2153.0,7.205
2131,2154.0,9.71
2132,2155.0,10.376
2133,2156.0,7.596
2134,2157.0,11.56
2135,2158.0,7.797
2136,2159.0,11.8
2137,2160.0,9.229
2138,2161.0,10.456
2139,2162.0,7.355
2140,2163.0,7.085
2141,2164.0,7.837
2142,2165.0,7.757
2143,2166.0,9.109
2144,2167.0,10.296
2145,2168.0,7.395
2146,2169.0,8.199
2147,2170.0,10.016
2148,2171.0,6.964
2149,2172.0,8.587
2150,2173.0,7.205
2151,2174.0,7.917
2152,2175.0,9.47
2153,2176.0,6.561
2154,2177.0,6.722
2155,2178.0,7.636
2156,2179.0,7.234
2157,2180.0,7.355
2158,2181.0,7.395
2159,2182.0,7.355
2160,2183.0,11.24
2161,2185.0,8.44
2162,2186.0,9.389
2163,2187.0,9.935
2164,2188.0,10.456
2165,2189.0,8.948
2166,2190.0,11.0
2167,2191.0,8.467
2168,2192.0,7.286
2169,2193.0,7.246
2170,2194.0,10.897
2171,2195.0,8.279
2172,2196.0,7.716
2173,2197.0,9.028
2174,2198.0,10.416
2175,2199.0,7.395
2176,2200.0,8.078
2177,2201.0,9.229
2178,2202.0,7.797
2179,2203.0,9.229
2180,2204.0,7.274
2181,2205.0,7.958
2182,2206.0,6.44
2183,2207.0,6.964
2184,2208.0,7.435
2185,2209.0,7.515
2186,2210.0,7.716
2187,2211.0,7.246
2188,2212.0,9.229
2189,2213.0,10.977
2190,2214.0,7.716
2191,2215.0,11.44
2192,2216.0,7.877
2193,2217.0,11.72
2194,2218.0,8.707
2195,2219.0,11.08
2196,2220.0,7.355
2197,2221.0,7.044
2198,2222.0,7.085
2199,2223.0,7.958
2200,2224.0,9.51
2201,2225.0,9.895
2202,2226.0,7.395
2203,2227.0,8.467
2204,2228.0,10.536
2205,2229.0,7.044
2206,2230.0,8.828
2207,2231.0,7.246
2208,2232.0,7.958
2209,2233.0,9.895
2210,2234.0,6.642
2211,2235.0,6.924
2212,2236.0,7.475
2213,2237.0,7.958
2214,2238.0,7.274
2215,2239.0,7.395
2216,2240.0,7.125
2217,2241.0,11.68
2218,2242.0,7.998
2219,2243.0,10.496
2220,2244.0,9.109
2221,2245.0,11.12
2222,2246.0,8.319
2223,2247.0,11.44
2224,2248.0,7.757
2225,2249.0,7.125
2226,2250.0,7.165
2227,2251.0,9.189
2228,2252.0,10.176
2229,2253.0,7.395
2230,2254.0,8.279
2231,2255.0,10.176
2232,2256.0,9.109
2233,2257.0,7.475
2234,2258.0,10.737
2235,2259.0,7.636
2236,2260.0,9.47
2237,2261.0,7.286
2238,2262.0,7.314
2239,2263.0,6.722
2240,2264.0,7.636
2241,2265.0,7.395
2242,2266.0,7.395
2243,2267.0,7.435
2244,2268.0,7.596
2245,2269.0,10.857
2246,2270.0,8.868
2247,2271.0,8.279
2248,2272.0,11.24
2249,2273.0,9.791
2250,2274.0,9.735
2251,2275.0,10.576
2252,2276.0,9.149
2253,2278.0,7.286
2254,2279.0,7.205
2255,2280.0,10.256
2256,2281.0,7.395
2257,2282.0,8.118
2258,2283.0,9.935
2259,2284.0,9.389
2260,2285.0,7.435
2261,2286.0,8.4
2262,2287.0,7.797
2263,2288.0,7.998
2264,2289.0,7.797
2265,2290.0,7.395
2266,2291.0,8.239
2267,2292.0,6.481
2268,2293.0,7.004
2269,2294.0,7.515
2270,2295.0,7.515
2271,2296.0,7.757
2272,2297.0,7.234
2273,2298.0,9.109
2274,2299.0,11.12
2275,2300.0,7.757
2276,2301.0,11.4
2277,2302.0,7.837
2278,2303.0,11.68
2279,2304.0,8.587
2280,2305.0,11.24
2281,2306.0,7.274
2282,2307.0,7.044
2283,2308.0,7.044
2284,2309.0,8.038
2285,2310.0,9.63
2286,2311.0,9.751
2287,2312.0,7.395
2288,2313.0,8.547
2289,2314.0,10.737
2290,2315.0,7.044
2291,2316.0,8.908
2292,2317.0,7.246
2293,2318.0,8.038
2294,2319.0,10.096
2295,2320.0,6.682
2296,2321.0,6.924
2297,2322.0,7.515
2298,2323.0,7.676
2299,2324.0,7.355
2300,2325.0,7.435
2301,2326.0,7.205
2302,2327.0,11.56
2303,2328.0,8.078
2304,2329.0,10.296
2305,2330.0,8.868
2306,2331.0,10.977
2307,2332.0,8.507
2308,2333.0,11.36
2309,2334.0,7.917
2310,2335.0,7.205
2311,2336.0,7.205
2312,2337.0,9.51
2313,2338.0,9.831
2314,2339.0,7.395
2315,2340.0,8.467
2316,2341.0,10.616
2317,2342.0,8.627
2318,2343.0,7.596
2319,2344.0,10.456
2320,2345.0,7.757
2321,2346.0,9.751
2322,2347.0,7.286
2323,2348.0,7.435
2324,2349.0,6.4
2325,2350.0,6.964
2326,2351.0,7.314
2327,2352.0,7.475
2328,2353.0,7.556
2329,2354.0,7.246
2330,2355.0,9.831
2331,2356.0,10.136
2332,2357.0,7.515
2333,2358.0,11.56
2334,2359.0,7.998
2335,2360.0,11.8
2336,2361.0,9.389
2337,2362.0,10.216
2338,2363.0,7.314
2339,2364.0,7.125
2340,2365.0,8.158
2341,2366.0,7.676
2342,2367.0,8.948
2343,2369.0,10.496
2344,2370.0,7.355
2345,2371.0,8.118
2346,2372.0,9.775
2347,2373.0,6.924
2348,2374.0,8.44
2349,2375.0,7.246
2350,2376.0,7.877
2351,2377.0,9.309
2352,2378.0,6.521
2353,2379.0,6.924
2354,2380.0,7.475
2355,2381.0,7.676
2356,2382.0,7.205
2357,2383.0,7.395
2358,2384.0,7.355
2359,2385.0,11.76
2360,2386.0,7.877
2361,2387.0,10.897
2362,2388.0,8.587
2363,2389.0,11.36
2364,2390.0,7.958
2365,2391.0,11.64
2366,2392.0,7.556
2367,2393.0,7.044
2368,2394.0,7.044
2369,2395.0,8.627
2370,2396.0,10.777
2371,2397.0,7.515
2372,2398.0,7.877
2373,2399.0,9.43
2374,2400.0,9.975
2375,2401.0,7.355
2376,2402.0,10.336
2377,2403.0,7.515
2378,2404.0,8.868
2379,2405.0,8.44
2380,2406.0,7.073
2381,2407.0,6.803
2382,2408.0,7.716
2383,2409.0,7.395
2384,2410.0,7.395
2385,2411.0,7.475
2386,2412.0,7.475
2387,2413.0,11.057
2388,2414.0,8.707
2389,2415.0,8.747
2390,2416.0,10.697
2391,2417.0,10.056
2392,2418.0,9.349
2393,2419.0,10.777
2394,2420.0,8.868
2395,2421.0,7.286
2396,2422.0,7.246
2397,2423.0,10.576
2398,2424.0,7.355
2399,2425.0,7.998
2400,2426.0,9.59
2401,2427.0,9.815
2402,2428.0,7.395
2403,2429.0,8.44
2404,2430.0,8.4
2405,2431.0,7.917
2406,2432.0,8.4
2407,2433.0,7.355
2408,2434.0,8.078
2409,2435.0,6.481
2410,2436.0,6.924
2411,2437.0,7.515
2412,2438.0,7.515
2413,2439.0,7.837
2414,2440.0,7.286
2415,2441.0,8.828
2416,2442.0,11.56
2417,2443.0,7.837
2418,2444.0,11.28
2419,2445.0,7.958
2420,2446.0,11.64
2421,2447.0,8.199
2422,2448.0,11.68
2423,2449.0,7.274
2424,2450.0,6.924
2425,2451.0,7.044
2426,2452.0,8.158
2427,2453.0,10.016
2428,2454.0,9.349
2429,2455.0,7.435
2430,2456.0,8.467
2431,2457.0,10.977
2432,2458.0,7.085
2433,2459.0,9.149
2434,2460.0,7.246
2435,2462.0,8.158
2436,2463.0,9.935
2437,2464.0,6.803
2438,2465.0,6.843
2439,2466.0,7.556
2440,2467.0,7.205
2441,2468.0,7.475
2442,2469.0,7.435
2443,2470.0,7.246
2444,2471.0,11.44
2445,2472.0,8.239
2446,2473.0,9.895
2447,2474.0,9.349
2448,2475.0,10.777
2449,2476.0,8.868
2450,2477.0,11.24
2451,2478.0,8.158
2452,2479.0,7.286
2453,2480.0,7.355
2454,2481.0,10.176
2455,2482.0,9.109
2456,2483.0,7.556
2457,2484.0,8.587
2458,2485.0,10.897
2459,2486.0,7.676
2460,2487.0,7.917
2461,2488.0,9.895
2462,2489.0,7.757
2463,2490.0,9.895
2464,2491.0,7.314
2465,2492.0,7.676
2466,2493.0,6.521
2467,2494.0,6.964
2468,2495.0,7.246
2469,2496.0,7.435
2470,2497.0,7.435
2471,2498.0,7.998
2472,2499.0,10.136
2473,2500.0,9.67
2474,2501.0,7.435
2475,2502.0,11.64
2476,2503.0,8.52
2477,2504.0,11.36
2478,2505.0,9.751
2479,2506.0,9.775
2480,2507.0,7.314
2481,2508.0,7.125
2482,2509.0,8.747
2483,2510.0,7.556
2484,2511.0,8.667
2485,2512.0,10.777
2486,2513.0,7.435
2487,2514.0,7.917
2488,2515.0,9.43
2489,2516.0,7.004
2490,2517.0,8.359
2491,2518.0,7.205
2492,2519.0,7.716
2493,2520.0,9.028
2494,2521.0,6.44
2495,2522.0,6.924
2496,2523.0,7.475
2497,2524.0,7.676
2498,2525.0,7.205
2499,2526.0,7.395
2500,2527.0,7.355
2501,2528.0,11.76
2502,2529.0,7.877
2503,2530.0,10.857
2504,2531.0,8.627
2505,2532.0,11.32
2506,2533.0,7.998
2507,2534.0,11.6
2508,2535.0,7.556
2509,2536.0,7.044
2510,2537.0,7.044
2511,2538.0,8.667
2512,2539.0,10.697
2513,2540.0,7.395
2514,2541.0,7.917
2515,2542.0,9.51
2516,2543.0,9.855
2517,2544.0,7.314
2518,2545.0,10.496
2519,2546.0,7.515
2520,2547.0,8.948
2521,2548.0,8.279
2522,2549.0,7.113
2523,2550.0,6.803
2524,2551.0,7.676
2525,2552.0,7.355
2526,2553.0,7.395
2527,2555.0,7.475
2528,2556.0,7.475
2529,2557.0,11.057
2530,2558.0,8.627
2531,2559.0,8.868
2532,2560.0,10.576
2533,2561.0,10.096
2534,2562.0,9.269
2535,2563.0,10.817
2536,2564.0,8.828
2537,2565.0,7.286
2538,2566.0,7.205
2539,2567.0,10.697
2540,2568.0,7.355
2541,2569.0,7.998
2542,2570.0,9.51
2543,2571.0,9.935
2544,2572.0,7.395
2545,2573.0,8.426
2546,2574.0,8.48
2547,2575.0,7.917
2548,2576.0,8.48
2549,2577.0,7.314
2550,2578.0,8.038
2551,2579.0,6.44
2552,2580.0,6.964
2553,2581.0,7.395
2554,2582.0,7.475
2555,2583.0,7.676
2556,2584.0,7.205
2557,2585.0,9.43
2558,2586.0,10.697
2559,2587.0,7.676
2560,2588.0,11.44
2561,2589.0,7.877
2562,2590.0,11.72
2563,2591.0,8.908
2564,2592.0,10.817
2565,2593.0,7.314
2566,2594.0,7.044
2567,2595.0,7.286
2568,2596.0,7.877
2569,2597.0,9.389
2570,2598.0,10.016
2571,2599.0,7.395
2572,2600.0,8.319
2573,2601.0,10.336
2574,2602.0,7.004
2575,2603.0,8.707
2576,2604.0,7.205
2577,2605.0,8.038
2578,2606.0,9.751
2579,2607.0,6.601
2580,2608.0,6.722
2581,2609.0,7.676
2582,2610.0,7.314
2583,2611.0,7.395
2584,2612.0,7.435
2585,2613.0,7.435
2586,2614.0,11.08
2587,2615.0,8.587
2588,2616.0,8.948
2589,2617.0,10.496
2590,2618.0,10.176
2591,2619.0,9.189
2592,2620.0,10.817
2593,2621.0,8.747
2594,2622.0,7.286
2595,2623.0,7.205
2596,2624.0,10.697
2597,2625.0,7.475
2598,2626.0,7.917
2599,2627.0,9.389
2600,2628.0,9.975
2601,2629.0,7.395
2602,2630.0,8.359
2603,2631.0,8.627
2604,2632.0,7.877
2605,2633.0,8.641
2606,2634.0,7.314
2607,2635.0,7.998
2608,2636.0,6.521
2609,2637.0,6.964
2610,2638.0,7.395
2611,2639.0,7.475
2612,2640.0,7.636
2613,2641.0,7.165
2614,2642.0,9.59
2615,2643.0,10.496
2616,2644.0,7.676
2617,2645.0,11.48
2618,2646.0,7.877
2619,2648.0,11.76
2620,2649.0,9.109
2621,2650.0,10.616
2622,2651.0,7.395
2623,2652.0,7.085
2624,2653.0,7.596
2625,2654.0,7.797
2626,2655.0,9.309
2627,2656.0,10.176
2628,2657.0,7.395
2629,2658.0,8.239
2630,2659.0,10.136
2631,2660.0,7.004
2632,2661.0,8.627
2633,2662.0,7.205
2634,2663.0,7.958
2635,2664.0,9.63
2636,2665.0,6.561
2637,2666.0,6.883
2638,2667.0,7.475
2639,2668.0,7.917
2640,2669.0,7.274
2641,2670.0,7.355
2642,2671.0,7.165
2643,2672.0,11.64
2644,2673.0,7.998
2645,2674.0,10.536
2646,2675.0,9.068
2647,2676.0,11.16
2648,2677.0,8.319
2649,2678.0,11.48
2650,2679.0,7.757
2651,2680.0,7.165
2652,2681.0,7.165
2653,2682.0,9.189
2654,2683.0,10.176
2655,2684.0,7.395
2656,2685.0,8.239
2657,2686.0,10.176
2658,2687.0,9.189
2659,2688.0,7.475
2660,2689.0,10.817
2661,2690.0,7.676
2662,2691.0,9.43
2663,2692.0,7.314
2664,2693.0,7.274
2665,2694.0,6.682
2666,2695.0,7.716
2667,2696.0,7.475
2668,2697.0,7.435
2669,2698.0,7.515
2670,2699.0,7.676
2671,2700.0,10.737
2672,2701.0,8.988
2673,2702.0,7.958
2674,2703.0,11.68
2675,2704.0,9.59
2676,2705.0,9.975
2677,2706.0,10.456
2678,2707.0,8.948
2679,2708.0,7.314
2680,2709.0,7.205
2681,2710.0,10.016
2682,2711.0,7.435
2683,2712.0,8.319
2684,2713.0,10.216
2685,2714.0,9.109
2686,2715.0,7.515
2687,2716.0,8.587
2688,2717.0,7.314
2689,2718.0,8.078
2690,2719.0,7.355
2691,2720.0,7.475
2692,2721.0,8.319
2693,2722.0,6.561
2694,2723.0,6.924
2695,2724.0,7.475
2696,2725.0,7.475
2697,2726.0,7.757
2698,2727.0,7.246
2699,2728.0,9.189
2700,2729.0,11.08
2701,2730.0,7.797
2702,2731.0,11.4
2703,2732.0,7.877
2704,2733.0,11.68
2705,2734.0,8.627
2706,2735.0,11.2
2707,2736.0,7.274
2708,2737.0,7.004
2709,2738.0,7.125
2710,2739.0,7.998
2711,2741.0,9.67
2712,2742.0,9.751
2713,2743.0,7.395
2714,2744.0,8.507
2715,2745.0,10.697
2716,2746.0,7.004
2717,2747.0,8.908
2718,2748.0,7.205
2719,2749.0,8.038
2720,2750.0,10.016
2721,2751.0,6.682
2722,2752.0,6.843
2723,2753.0,7.515
2724,2754.0,7.314
2725,2755.0,7.395
2726,2756.0,7.395
2727,2757.0,7.205
2728,2758.0,11.52
2729,2759.0,8.118
2730,2760.0,10.176
2731,2761.0,8.988
2732,2762.0,10.937
2733,2763.0,8.587
2734,2764.0,11.36
2735,2765.0,7.998
2736,2766.0,7.246
2737,2767.0,7.286
2738,2768.0,9.71
2739,2769.0,9.67
2740,2770.0,7.435
2741,2771.0,8.426
2742,2772.0,10.897
2743,2773.0,8.44
2744,2774.0,7.676
2745,2775.0,10.336
2746,2776.0,7.676
2747,2777.0,9.935
2748,2778.0,7.274
2749,2779.0,7.475
2750,2780.0,6.642
2751,2781.0,7.246
2752,2782.0,7.194
2753,2783.0,7.395
2754,2784.0,7.515
2755,2785.0,7.757
2756,2786.0,10.536
2757,2787.0,9.109
2758,2788.0,7.475
2759,2789.0,11.76
2760,2790.0,9.189
2761,2791.0,10.496
2762,2792.0,10.216
2763,2793.0,9.229
2764,2794.0,7.314
2765,2795.0,7.165
2766,2796.0,9.51
2767,2797.0,7.395
2768,2798.0,8.467
2769,2799.0,10.857
2770,2800.0,8.44
2771,2801.0,7.676
2772,2802.0,8.948
2773,2803.0,7.044
2774,2804.0,8.199
2775,2805.0,7.246
2776,2806.0,7.596
2777,2807.0,8.627
2778,2808.0,6.4
2779,2809.0,6.883
2780,2810.0,7.475
2781,2811.0,7.716
2782,2812.0,7.246
2783,2813.0,7.355
2784,2814.0,7.205
2785,2815.0,11.72
2786,2816.0,7.917
2787,2817.0,10.777
2788,2818.0,8.747
2789,2819.0,11.28
2790,2820.0,8.078
2791,2821.0,11.6
2792,2822.0,7.596
2793,2823.0,7.044
2794,2824.0,7.044
2795,2825.0,8.747
2796,2826.0,10.657
2797,2827.0,7.355
2798,2828.0,7.998
2799,2829.0,9.59
2800,2830.0,9.751
2801,2831.0,7.355
2802,2833.0,10.616
2803,2834.0,7.515
2804,2835.0,8.988
2805,2836.0,8.078
2806,2837.0,7.113
2807,2838.0,6.722
2808,2839.0,7.596
2809,2840.0,7.395
2810,2841.0,7.355
2811,2842.0,7.475
2812,2843.0,7.515
2813,2844.0,10.937
2814,2845.0,8.747
2815,2846.0,8.547
2816,2847.0,11.0
2817,2848.0,9.935
2818,2849.0,9.55
2819,2850.0,10.697
2820,2851.0,9.028
2821,2852.0,7.286
2822,2853.0,7.205
2823,2854.0,10.416
2824,2855.0,7.355
2825,2856.0,8.078
2826,2857.0,9.735
2827,2858.0,9.63
2828,2859.0,7.395
2829,2860.0,8.4
2830,2861.0,8.078
2831,2862.0,7.958
2832,2863.0,8.078
2833,2864.0,7.355
2834,2865.0,8.158
2835,2866.0,6.4
2836,2867.0,6.964
2837,2868.0,7.556
2838,2869.0,7.515
2839,2870.0,7.837
2840,2871.0,7.286
2841,2872.0,8.868
2842,2873.0,11.52
2843,2874.0,7.877
2844,2875.0,11.28
2845,2876.0,7.958
2846,2877.0,11.64
2847,2878.0,8.279
2848,2879.0,11.68
2849,2880.0,7.274
2850,2881.0,6.964
2851,2882.0,7.085
2852,2883.0,8.158
2853,2884.0,9.975
2854,2885.0,9.43
2855,2886.0,7.475
2856,2887.0,8.426
2857,2888.0,11.04
2858,2889.0,7.085
2859,2890.0,9.149
2860,2891.0,7.246
2861,2892.0,8.199
2862,2893.0,9.975
2863,2894.0,6.803
2864,2895.0,6.843
2865,2896.0,7.596
2866,2897.0,7.165
2867,2898.0,7.475
2868,2899.0,7.395
2869,2900.0,7.274
2870,2901.0,11.44
2871,2902.0,8.239
2872,2903.0,9.935
2873,2904.0,9.309
2874,2905.0,10.817
2875,2906.0,8.868
2876,2907.0,11.28
2877,2908.0,8.158
2878,2909.0,7.246
2879,2910.0,7.326
2880,2911.0,10.016
2881,2912.0,9.309
2882,2913.0,7.475
2883,2914.0,8.467
2884,2915.0,10.977
2885,2916.0,7.917
2886,2917.0,7.757
2887,2918.0,10.056
2888,2919.0,7.676
2889,2920.0,9.975
2890,2921.0,7.286
2891,2922.0,7.556
2892,2923.0,6.601
2893,2925.0,6.964
2894,2926.0,7.205
2895,2927.0,7.395
2896,2928.0,7.395
2897,2929.0,7.877
2898,2930.0,10.376
2899,2931.0,9.349
2900,2932.0,7.475
2901,2933.0,11.68
2902,2934.0,8.908
2903,2935.0,10.897
2904,2936.0,9.975
2905,2937.0,9.47
2906,2938.0,7.314
2907,2939.0,7.125
2908,2940.0,9.189
2909,2941.0,7.435
2910,2942.0,8.467
2911,2943.0,11.017
2912,2944.0,8.038
2913,2945.0,7.757
2914,2946.0,9.109
2915,2947.0,7.044
2916,2948.0,8.239
2917,2949.0,7.246
2918,2950.0,7.636
2919,2951.0,8.747
2920,2952.0,6.44
2921,2953.0,6.924
2922,2954.0,7.475
2923,2955.0,7.636
2924,2956.0,7.165
2925,2957.0,7.475
2926,2958.0,7.355
2927,2959.0,11.8
2928,2960.0,7.877
2929,2961.0,10.897
2930,2962.0,8.547
2931,2963.0,11.36
2932,2964.0,7.958
2933,2965.0,11.64
2934,2966.0,7.556
2935,2967.0,7.044
2936,2968.0,7.044
2937,2969.0,8.547
2938,2970.0,10.937
2939,2971.0,7.716
2940,2972.0,7.877
2941,2973.0,9.269
2942,2974.0,10.136
2943,2975.0,7.274
2944,2976.0,10.256
2945,2977.0,7.435
2946,2978.0,8.828
2947,2979.0,8.56
2948,2980.0,7.125
2949,2981.0,6.803
2950,2982.0,7.676
2951,2983.0,7.234
2952,2984.0,7.435
2953,2985.0,7.395
2954,2986.0,7.395
2955,2987.0,11.24
2956,2988.0,8.48
2957,2989.0,9.43
2958,2990.0,9.975
2959,2991.0,10.456
2960,2992.0,8.908
2961,2993.0,11.017
2962,2994.0,8.48
2963,2995.0,7.246
2964,2996.0,7.246
2965,2997.0,10.937
2966,2998.0,8.319
2967,2999.0,7.716
2968,3000.0,8.988
2969,3001.0,10.416
2970,3002.0,7.355
2971,3003.0,8.078
2972,3004.0,9.269
2973,3005.0,7.797
2974,3006.0,9.269
2975,3007.0,7.314
2976,3008.0,7.917
2977,3009.0,6.44
2978,3010.0,6.964
2979,3011.0,7.435
2980,3012.0,7.475
2981,3013.0,7.636
2982,3014.0,7.165
2983,3015.0,9.43
2984,3017.0,10.616
2985,3018.0,7.636
2986,3019.0,11.44
2987,3020.0,7.837
2988,3021.0,11.72
2989,3022.0,8.948
2990,3023.0,10.817
2991,3024.0,7.355
2992,3025.0,7.085
2993,3026.0,7.286
2994,3027.0,7.877
2995,3028.0,9.389
2996,3029.0,10.016
2997,3030.0,7.395
2998,3031.0,8.319
2999,3032.0,10.336
3000,3033.0,6.964
3001,3034.0,8.747
3002,3035.0,7.205
3003,3036.0,8.078
3004,3037.0,9.751
3005,3038.0,6.642
3006,3039.0,6.682
3007,3040.0,7.676
3008,3041.0,7.274
3009,3042.0,7.395
3010,3043.0,7.435
3011,3044.0,7.435
3012,3045.0,11.04
3013,3046.0,8.627
3014,3047.0,8.948
3015,3048.0,10.456
3016,3049.0,10.176
3017,3050.0,9.189
3018,3051.0,10.817
3019,3052.0,8.747
3020,3053.0,7.246
3021,3054.0,7.246
3022,3055.0,10.737
3023,3056.0,7.596
3024,3057.0,7.958
3025,3058.0,9.43
3026,3059.0,10.016
3027,3060.0,7.395
3028,3061.0,8.319
3029,3062.0,8.707
3030,3063.0,7.877
3031,3064.0,8.707
3032,3065.0,7.274
3033,3066.0,8.038
3034,3067.0,6.44
3035,3068.0,7.004
3036,3069.0,7.355
3037,3070.0,7.475
3038,3071.0,7.636
3039,3072.0,7.165
3040,3073.0,9.55
3041,3074.0,10.416
3042,3075.0,7.596
3043,3076.0,11.48
3044,3077.0,7.797
3045,3078.0,11.72
3046,3079.0,9.109
3047,3080.0,10.576
3048,3081.0,7.355
3049,3082.0,7.044
3050,3083.0,7.596
3051,3084.0,7.797
3052,3085.0,9.229
3053,3086.0,10.176
3054,3087.0,7.395
3055,3088.0,8.239
3056,3089.0,10.136
3057,3090.0,6.964
3058,3091.0,8.627
3059,3092.0,7.205
3060,3093.0,7.958
3061,3094.0,9.59
3062,3095.0,6.601
3063,3096.0,6.883
3064,3097.0,7.515
3065,3098.0,7.958
3066,3099.0,7.314
3067,3100.0,7.355
3068,3101.0,7.165
3069,3102.0,11.56
3070,3103.0,8.038
3071,3104.0,10.376
3072,3105.0,9.068
3073,3106.0,11.04
3074,3107.0,8.4
3075,3108.0,11.4
3076,3110.0,7.837
3077,3111.0,7.165
3078,3112.0,7.205
3079,3113.0,9.309
3080,3114.0,10.016
3081,3115.0,7.435
3082,3116.0,8.359
3083,3117.0,10.416
3084,3118.0,8.948
3085,3119.0,7.556
3086,3120.0,10.657
3087,3121.0,7.716
3088,3122.0,9.63
3089,3123.0,7.286
3090,3124.0,7.355
3091,3125.0,6.279
3092,3126.0,6.964
3093,3127.0,7.475
3094,3128.0,7.515
3095,3129.0,7.716
3096,3130.0,7.234
3097,3131.0,9.229
3098,3132.0,10.977
3099,3133.0,7.716
3100,3134.0,11.4
3101,3135.0,7.877
3102,3136.0,11.72
3103,3137.0,8.667
3104,3138.0,11.12
3105,3139.0,7.355
3106,3140.0,7.085
3107,3141.0,7.085
3108,3142.0,7.998
3109,3143.0,9.51
3110,3144.0,9.895
3111,3145.0,7.395
3112,3146.0,8.467
3113,3147.0,10.576
3114,3148.0,7.004
3115,3149.0,8.828
3116,3150.0,7.165
3117,3151.0,7.998
3118,3152.0,9.855
3119,3153.0,6.682
3120,3154.0,6.964
3121,3155.0,7.435
3122,3156.0,7.556
3123,3157.0,7.165
3124,3158.0,7.435
3125,3159.0,7.676
3126,3160.0,11.8
3127,3161.0,8.239
3128,3162.0,11.017
3129,3163.0,8.359
3130,3164.0,11.44
3131,3165.0,7.917
3132,3166.0,11.68
3133,3167.0,7.435
3134,3168.0,6.964
3135,3169.0,7.004
3136,3170.0,8.359
3137,3171.0,11.0
3138,3172.0,8.239
3139,3173.0,7.716
3140,3174.0,8.988
3141,3175.0,10.416
3142,3176.0,7.205
3143,3177.0,9.855
3144,3178.0,7.355
3145,3179.0,8.587
3146,3180.0,9.028
3147,3181.0,6.964
3148,3182.0,6.883
3149,3183.0,7.596
3150,3184.0,7.205
3151,3185.0,7.355
3152,3186.0,7.395
3153,3187.0,7.314
3154,3188.0,11.32
3155,3189.0,8.359
3156,3190.0,9.63
3157,3191.0,9.67
3158,3192.0,10.576
3159,3193.0,9.109
3160,3194.0,11.12
3161,3195.0,8.319
3162,3196.0,7.246
3163,3197.0,7.435
3164,3198.0,10.456
3165,3199.0,8.747
3166,3200.0,7.596
3167,3201.0,8.828
3168,3203.0,10.657
3169,3204.0,7.395
3170,3205.0,7.958
3171,3206.0,9.63
3172,3207.0,7.757
3173,3208.0,9.63
3174,3209.0,7.314
3175,3210.0,7.797
3176,3211.0,6.601
3177,3212.0,7.004
3178,3213.0,7.205
3179,3214.0,7.435
3180,3215.0,7.395
3181,3216.0,7.958
3182,3217.0,10.256
3183,3218.0,9.51
3184,3219.0,7.475
3185,3220.0,11.72
3186,3221.0,8.747
3187,3222.0,11.08
3188,3223.0,9.855
3189,3224.0,9.55
3190,3225.0,7.274
3191,3226.0,7.165
3192,3227.0,9.028
3193,3228.0,7.475
3194,3229.0,8.547
3195,3230.0,10.937
3196,3231.0,7.797
3197,3232.0,7.797
3198,3233.0,9.229
3199,3234.0,7.004
3200,3235.0,8.279
3201,3236.0,7.246
3202,3237.0,7.716
3203,3238.0,8.868
3204,3239.0,6.44
3205,3240.0,6.924
3206,3241.0,7.475
3207,3242.0,7.676
3208,3243.0,7.234
3209,3244.0,7.515
3210,3245.0,7.395
3211,3246.0,11.76
3212,3247.0,7.877
3213,3248.0,10.857
3214,3249.0,8.547
3215,3250.0,11.36
3216,3251.0,7.958
3217,3252.0,11.64
3218,3253.0,7.515
3219,3254.0,7.004
3220,3255.0,7.044
3221,3256.0,8.587
3222,3257.0,10.857
3223,3258.0,7.596
3224,3259.0,7.877
3225,3260.0,9.309
3226,3261.0,10.056
3227,3262.0,7.274
3228,3263.0,10.296
3229,3264.0,7.435
3230,3265.0,8.828
3231,3266.0,8.52
3232,3267.0,7.073
3233,3268.0,6.722
3234,3269.0,7.716
3235,3270.0,7.355
3236,3271.0,7.395
3237,3272.0,7.435
3238,3273.0,7.515
3239,3274.0,10.977
3240,3275.0,8.747
3241,3276.0,8.587
3242,3277.0,10.897
3243,3278.0,9.935
3244,3279.0,9.51
3245,3280.0,10.737
3246,3281.0,8.988
3247,3282.0,7.286
3248,3283.0,7.246
3249,3284.0,10.456
3250,3285.0,7.395
3251,3286.0,8.038
3252,3287.0,9.695
3253,3288.0,9.67
3254,3289.0,7.395
3255,3290.0,8.467
3256,3291.0,8.158
3257,3292.0,7.917
3258,3293.0,8.199
3259,3294.0,7.355
3260,3295.0,8.158
3261,3297.0,6.481
3262,3298.0,6.964
3263,3299.0,7.475
3264,3300.0,7.556
3265,3301.0,7.797
3266,3302.0,7.314
3267,3303.0,8.988
3268,3304.0,11.32
3269,3305.0,7.797
3270,3306.0,11.32
3271,3307.0,7.917
3272,3308.0,11.64
3273,3309.0,8.4
3274,3310.0,11.48
3275,3311.0,7.234
3276,3312.0,7.004
3277,3313.0,7.044
3278,3314.0,8.078
3279,3315.0,9.831
3280,3316.0,9.55
3281,3317.0,7.435
3282,3318.0,8.359
3283,3319.0,10.937
3284,3320.0,7.044
3285,3321.0,9.028
3286,3322.0,7.205
3287,3323.0,8.118
3288,3324.0,10.016
3289,3325.0,6.763
3290,3326.0,6.883
3291,3327.0,7.556
3292,3328.0,7.435
3293,3329.0,7.395
3294,3330.0,7.355
3295,3331.0,7.205
3296,3332.0,11.52
3297,3333.0,8.118
3298,3334.0,10.216
3299,3335.0,8.948
3300,3336.0,10.937
3301,3337.0,8.587
3302,3338.0,11.32
3303,3339.0,7.958
3304,3340.0,7.205
3305,3341.0,7.246
3306,3342.0,9.63
3307,3343.0,9.71
3308,3344.0,7.355
3309,3345.0,8.507
3310,3346.0,10.737
3311,3347.0,8.547
3312,3348.0,7.636
3313,3349.0,10.456
3314,3350.0,7.636
3315,3351.0,9.855
3316,3352.0,7.326
3317,3353.0,7.435
3318,3354.0,6.682
3319,3355.0,7.435
3320,3356.0,7.194
3321,3357.0,7.435
3322,3358.0,7.556
3323,3359.0,7.837
3324,3360.0,10.576
3325,3361.0,9.068
3326,3362.0,7.475
3327,3363.0,11.76
3328,3364.0,9.269
3329,3365.0,10.416
3330,3366.0,10.216
3331,3367.0,9.189
3332,3368.0,7.274
3333,3369.0,7.205
3334,3370.0,9.59
3335,3371.0,7.435
3336,3372.0,8.467
3337,3373.0,10.737
3338,3374.0,8.547
3339,3375.0,7.676
3340,3376.0,8.828
3341,3377.0,7.085
3342,3378.0,8.158
3343,3379.0,7.286
3344,3380.0,7.556
3345,3381.0,8.627
3346,3382.0,6.36
3347,3383.0,6.924
3348,3384.0,7.435
3349,3385.0,7.475
3350,3386.0,7.636
3351,3387.0,7.355
3352,3389.0,8.158
3353,3390.0,11.84
3354,3391.0,8.078
3355,3392.0,11.12
3356,3393.0,8.199
3357,3394.0,11.52
3358,3395.0,7.837
3359,3396.0,11.72
3360,3397.0,7.355
3361,3398.0,6.924
3362,3399.0,7.004
3363,3400.0,8.44
3364,3401.0,10.657
3365,3402.0,8.667
3366,3403.0,7.636
3367,3404.0,8.788
3368,3405.0,10.616
3369,3406.0,7.165
3370,3407.0,9.59
3371,3408.0,7.314
3372,3409.0,8.44
3373,3410.0,9.349
3374,3411.0,6.883
3375,3412.0,6.843
3376,3413.0,7.596
3377,3414.0,7.205
3378,3415.0,7.355
3379,3416.0,7.395
3380,3417.0,7.314
3381,3418.0,11.32
3382,3419.0,8.319
3383,3420.0,9.67
3384,3421.0,9.63
3385,3422.0,10.616
3386,3423.0,9.109
3387,3424.0,11.12
3388,3425.0,8.279
3389,3426.0,7.246
3390,3427.0,7.435
3391,3428.0,10.456
3392,3429.0,8.747
3393,3430.0,7.596
3394,3431.0,8.747
3395,3432.0,10.657
3396,3433.0,7.355
3397,3434.0,7.958
3398,3435.0,9.59
3399,3436.0,7.757
3400,3437.0,9.63
3401,3438.0,7.314
3402,3439.0,7.797
3403,3440.0,6.521
3404,3441.0,6.964
3405,3442.0,7.274
3406,3443.0,7.435
3407,3444.0,7.475
3408,3445.0,7.716
3409,3446.0,10.056
3410,3447.0,9.855
3411,3448.0,7.475
3412,3449.0,11.64
3413,3450.0,8.319
3414,3451.0,11.64
3415,3452.0,9.59
3416,3453.0,9.975
3417,3454.0,7.314
3418,3455.0,7.125
3419,3456.0,8.48
3420,3457.0,7.676
3421,3458.0,8.788
3422,3459.0,10.697
3423,3460.0,7.355
3424,3461.0,7.998
3425,3462.0,9.59
3426,3463.0,6.964
3427,3464.0,8.4
3428,3465.0,7.286
3429,3466.0,7.797
3430,3467.0,9.189
3431,3468.0,6.481
3432,3469.0,6.964
3433,3470.0,7.475
3434,3471.0,7.676
3435,3472.0,7.194
3436,3473.0,7.395
3437,3474.0,7.395
3438,3475.0,11.76
3439,3476.0,7.877
3440,3477.0,10.857
3441,3478.0,8.627
3442,3479.0,11.36
3443,3481.0,7.998
3444,3482.0,11.64
3445,3483.0,7.556
3446,3484.0,7.044
3447,3485.0,7.044
3448,3486.0,8.667
3449,3487.0,10.817
3450,3488.0,7.475
3451,3489.0,7.917
3452,3490.0,9.389
3453,3491.0,9.975
3454,3492.0,7.274
3455,3493.0,10.336
3456,3494.0,7.475
3457,3495.0,8.868
3458,3496.0,8.359
3459,3497.0,7.125
3460,3498.0,6.722
3461,3499.0,7.716
3462,3500.0,7.314
3463,3501.0,7.395
3464,3502.0,7.435
3465,3503.0,7.475
3466,3504.0,10.977
3467,3505.0,8.707
3468,3506.0,8.707
3469,3507.0,10.857
3470,3508.0,10.016
3471,3509.0,9.43
3472,3510.0,10.737
3473,3511.0,8.948
3474,3512.0,7.286
3475,3513.0,7.246
3476,3514.0,10.496
3477,3515.0,7.395
3478,3516.0,7.998
3479,3517.0,9.67
3480,3518.0,9.71
3481,3519.0,7.395
3482,3520.0,8.507
3483,3521.0,8.239
3484,3522.0,7.917
3485,3523.0,8.239
3486,3524.0,7.355
3487,3525.0,8.118
3488,3526.0,6.481
3489,3527.0,6.964
3490,3528.0,7.435
3491,3529.0,7.515
3492,3530.0,7.716
3493,3531.0,7.246
3494,3532.0,9.229
3495,3533.0,10.977
3496,3534.0,7.716
3497,3535.0,11.44
3498,3536.0,7.877
3499,3537.0,11.72
3500,3538.0,8.667
3501,3539.0,11.16
3502,3540.0,7.355
3503,3541.0,7.085
3504,3542.0,7.085
3505,3543.0,7.998
3506,3544.0,9.59
3507,3545.0,9.815
3508,3546.0,7.395
3509,3547.0,8.44
3510,3548.0,10.616
3511,3549.0,7.004
3512,3550.0,8.868
3513,3551.0,7.205
3514,3552.0,7.998
3515,3553.0,9.895
3516,3554.0,6.682
3517,3555.0,6.843
3518,3556.0,7.515
3519,3557.0,7.556
3520,3558.0,7.355
3521,3559.0,7.395
3522,3560.0,7.205
3523,3561.0,11.56
3524,3562.0,8.118
3525,3563.0,10.256
3526,3564.0,8.908
3527,3565.0,10.977
3528,3566.0,8.547
3529,3567.0,11.36
3530,3568.0,7.958
3531,3569.0,7.205
3532,3570.0,7.246
3533,3571.0,9.59
3534,3572.0,9.815
3535,3574.0,7.395
3536,3575.0,8.467
3537,3576.0,10.657
3538,3577.0,8.587
3539,3578.0,7.636
3540,3579.0,10.456
3541,3580.0,7.676
3542,3581.0,9.791
3543,3582.0,7.286
3544,3583.0,7.435
3545,3584.0,6.722
3546,3585.0,7.716
3547,3586.0,7.475
3548,3587.0,7.395
3549,3588.0,7.475
3550,3589.0,7.676
3551,3590.0,10.777
3552,3591.0,9.068
3553,3592.0,7.958
3554,3593.0,11.68
3555,3594.0,9.59
3556,3595.0,10.016
3557,3596.0,10.456
3558,3597.0,8.948
3559,3598.0,7.286
3560,3599.0,7.246
3561,3600.0,10.016
3562,3601.0,7.435
3563,3602.0,8.319
3564,3603.0,10.256
3565,3604.0,9.109
3566,3605.0,7.515
3567,3606.0,8.547
3568,3607.0,7.395
3569,3608.0,8.038
3570,3609.0,7.435
3571,3610.0,7.435
3572,3611.0,8.359
3573,3612.0,6.44
3574,3613.0,6.964
3575,3614.0,7.515
3576,3615.0,7.556
3577,3616.0,7.837
3578,3617.0,7.314
3579,3618.0,8.868
3580,3619.0,11.48
3581,3620.0,7.837
3582,3621.0,11.36
3583,3622.0,7.958
3584,3623.0,11.64
3585,3624.0,8.279
3586,3625.0,11.64
3587,3626.0,7.234
3588,3627.0,6.964
3589,3628.0,7.044
3590,3629.0,8.118
3591,3630.0,9.935
3592,3631.0,9.43
3593,3632.0,7.475
3594,3633.0,8.386
3595,3634.0,10.977
3596,3635.0,7.085
3597,3636.0,9.149
3598,3637.0,7.246
3599,3638.0,8.158
3600,3639.0,9.975
3601,3640.0,6.722
3602,3641.0,6.964
3603,3642.0,7.556
3604,3643.0,7.205
3605,3644.0,7.435
3606,3645.0,7.395
3607,3646.0,7.314
3608,3647.0,11.44
3609,3648.0,8.199
3610,3649.0,9.975
3611,3650.0,9.229
3612,3651.0,10.857
3613,3652.0,8.788
3614,3653.0,11.24
3615,3654.0,8.078
3616,3655.0,7.246
3617,3656.0,7.326
3618,3657.0,9.975
3619,3658.0,9.309
3620,3659.0,7.475
3621,3660.0,8.467
3622,3661.0,10.977
3623,3662.0,7.958
3624,3663.0,7.757
3625,3664.0,10.056
3626,3666.0,7.676
3627,3667.0,10.016
3628,3668.0,7.286
3629,3669.0,7.636
3630,3670.0,6.481
3631,3671.0,6.964
3632,3672.0,7.274
3633,3673.0,7.475
3634,3674.0,7.556
3635,3675.0,7.165
3636,3676.0,9.67
3637,3677.0,10.416
3638,3678.0,7.596
3639,3679.0,11.48
3640,3680.0,7.837
3641,3681.0,11.72
3642,3682.0,8.747
3643,3683.0,11.04
3644,3684.0,7.355
3645,3685.0,7.044
3646,3686.0,7.044
3647,3687.0,8.078
3648,3688.0,9.815
3649,3689.0,9.51
3650,3690.0,7.435
3651,3691.0,8.467
3652,3692.0,10.977
3653,3693.0,7.165
3654,3694.0,9.309
3655,3695.0,7.314
3656,3696.0,8.319
3657,3697.0,9.59
3658,3698.0,6.883
3659,3699.0,6.843
3660,3700.0,7.596
3661,3701.0,7.205
3662,3702.0,7.395
3663,3703.0,7.596
3664,3704.0,7.355
3665,3705.0,11.28
3666,3706.0,8.48
3667,3707.0,9.269
3668,3708.0,10.096
3669,3709.0,10.336
3670,3710.0,9.028
3671,3711.0,10.897
3672,3712.0,8.707
3673,3713.0,7.286
3674,3714.0,7.246
3675,3715.0,10.657
3676,3716.0,7.395
3677,3717.0,7.998
3678,3718.0,9.67
3679,3719.0,9.63
3680,3720.0,7.435
3681,3721.0,8.4
3682,3722.0,8.118
3683,3723.0,7.958
3684,3724.0,8.038
3685,3725.0,7.355
3686,3726.0,8.158
3687,3727.0,6.481
3688,3728.0,6.964
3689,3729.0,7.475
3690,3730.0,7.515
3691,3731.0,7.757
3692,3732.0,7.234
3693,3733.0,9.109
3694,3734.0,11.2
3695,3735.0,7.797
3696,3736.0,11.4
3697,3737.0,7.837
3698,3738.0,11.68
3699,3739.0,8.507
3700,3740.0,11.36
3701,3741.0,7.194
3702,3742.0,7.044
3703,3743.0,7.085
3704,3744.0,8.078
3705,3745.0,9.71
3706,3746.0,9.695
3707,3747.0,7.355
3708,3748.0,8.507
3709,3749.0,10.777
3710,3750.0,7.044
3711,3751.0,8.988
3712,3752.0,7.234
3713,3753.0,8.038
3714,3754.0,10.096
3715,3755.0,6.682
3716,3756.0,6.883
3717,3757.0,7.515
3718,3759.0,7.475
3719,3760.0,7.355
3720,3761.0,7.435
3721,3762.0,7.205
3722,3763.0,11.56
3723,3764.0,8.118
3724,3765.0,10.256
3725,3766.0,8.948
3726,3767.0,11.0
3727,3768.0,8.547
3728,3769.0,11.4
3729,3770.0,7.958
3730,3771.0,7.246
3731,3772.0,7.246
3732,3773.0,9.63
3733,3774.0,9.71
3734,3775.0,7.395
3735,3776.0,8.547
3736,3777.0,10.777
3737,3778.0,8.48
3738,3779.0,7.636
3739,3780.0,10.376
3740,3781.0,7.636
3741,3782.0,9.855
3742,3783.0,7.286
3743,3784.0,7.435
3744,3785.0,6.682
3745,3786.0,7.716
3746,3787.0,7.435
3747,3788.0,7.395
3748,3789.0,7.475
3749,3790.0,7.636
3750,3791.0,10.697
3751,3792.0,8.988
3752,3793.0,7.917
3753,3794.0,11.64
3754,3795.0,9.55
3755,3796.0,10.016
3756,3797.0,10.456
3757,3798.0,8.908
3758,3799.0,7.286
3759,3800.0,7.246
3760,3801.0,9.975
3761,3802.0,7.395
3762,3803.0,8.279
3763,3804.0,10.256
3764,3805.0,9.068
3765,3806.0,7.515
3766,3807.0,8.587
3767,3808.0,7.314
3768,3809.0,8.038
3769,3810.0,7.314
3770,3811.0,7.435
3771,3812.0,8.44
3772,3813.0,6.44
3773,3814.0,6.964
3774,3815.0,7.515
3775,3816.0,7.515
3776,3817.0,7.837
3777,3818.0,7.274
3778,3819.0,8.788
3779,3820.0,11.56
3780,3821.0,7.837
3781,3822.0,11.32
3782,3823.0,7.958
3783,3824.0,11.64
3784,3825.0,8.199
3785,3826.0,11.72
3786,3827.0,7.274
3787,3828.0,6.924
3788,3829.0,7.085
3789,3830.0,8.158
3790,3831.0,9.935
3791,3832.0,9.43
3792,3833.0,7.435
3793,3834.0,8.467
3794,3835.0,10.977
3795,3836.0,7.125
3796,3837.0,9.149
3797,3838.0,7.286
3798,3839.0,8.158
3799,3840.0,9.975
3800,3841.0,6.722
3801,3842.0,6.924
3802,3843.0,7.596
3803,3844.0,7.246
3804,3845.0,7.395
3805,3846.0,7.435
3806,3847.0,7.286
3807,3848.0,11.4
3808,3849.0,8.279
3809,3850.0,9.791
3810,3851.0,9.51
3811,3853.0,10.697
3812,3854.0,8.988
3813,3855.0,11.2
3814,3856.0,8.239
3815,3857.0,7.246
3816,3858.0,7.395
3817,3859.0,10.336
3818,3860.0,8.948
3819,3861.0,7.556
3820,3862.0,8.667
3821,3863.0,10.737
3822,3864.0,7.475
3823,3865.0,7.877
3824,3866.0,9.791
3825,3867.0,7.757
3826,3868.0,9.791
3827,3869.0,7.326
3828,3870.0,7.716
3829,3871.0,6.561
3830,3872.0,7.004
3831,3873.0,7.246
3832,3874.0,7.435
3833,3875.0,7.395
3834,3876.0,7.958
3835,3877.0,10.256
3836,3878.0,9.51
3837,3879.0,7.475
3838,3880.0,11.68
3839,3881.0,8.707
3840,3882.0,11.08
3841,3883.0,9.855
3842,3884.0,9.59
3843,3885.0,7.286
3844,3886.0,7.165
3845,3887.0,8.988
3846,3888.0,7.475
3847,3889.0,8.547
3848,3890.0,10.937
3849,3891.0,7.837
3850,3892.0,7.837
3851,3893.0,9.189
3852,3894.0,7.044
3853,3895.0,8.279
3854,3896.0,7.246
3855,3897.0,7.676
3856,3898.0,8.868
3857,3899.0,6.481
3858,3900.0,7.004
3859,3901.0,7.475
3860,3902.0,7.475
3861,3903.0,7.998
3862,3904.0,7.355
3863,3905.0,8.547
3864,3906.0,11.92
3865,3907.0,7.958
3866,3908.0,11.24
3867,3909.0,8.038
3868,3910.0,11.6
3869,3911.0,7.877
3870,3912.0,11.8
3871,3913.0,7.274
3872,3914.0,6.964
3873,3915.0,7.004
3874,3916.0,8.319
3875,3917.0,10.216
3876,3918.0,9.149
3877,3919.0,7.515
3878,3920.0,8.587
3879,3921.0,10.897
3880,3922.0,7.165
3881,3923.0,9.309
3882,3924.0,7.314
3883,3925.0,8.239
3884,3926.0,9.791
3885,3927.0,6.803
3886,3928.0,6.843
3887,3929.0,7.556
3888,3930.0,7.125
3889,3931.0,7.435
3890,3932.0,7.395
3891,3933.0,7.246
3892,3934.0,11.48
3893,3935.0,8.199
3894,3936.0,10.056
3895,3937.0,9.229
3896,3938.0,10.857
3897,3939.0,8.747
3898,3940.0,11.28
3899,3941.0,8.078
3900,3942.0,7.286
3901,3943.0,7.314
3902,3944.0,9.895
3903,3946.0,9.389
3904,3947.0,7.475
3905,3948.0,8.44
3906,3949.0,10.977
3907,3950.0,8.118
3908,3951.0,7.757
3909,3952.0,10.176
3910,3953.0,7.676
3911,3954.0,10.056
3912,3955.0,7.326
3913,3956.0,7.556
3914,3957.0,6.682
3915,3958.0,7.125
3916,3959.0,7.246
3917,3960.0,7.435
3918,3961.0,7.515
3919,3962.0,7.837
3920,3963.0,10.456
3921,3964.0,9.189
3922,3965.0,7.435
3923,3966.0,11.72
3924,3967.0,9.109
3925,3968.0,10.576
3926,3969.0,10.176
3927,3970.0,9.309
3928,3971.0,7.314
3929,3972.0,7.205
3930,3973.0,9.47
3931,3974.0,7.435
3932,3975.0,8.4
3933,3976.0,10.897
3934,3977.0,8.359
3935,3978.0,7.716
3936,3979.0,8.948
3937,3980.0,7.085
3938,3981.0,8.158
3939,3982.0,7.286
3940,3983.0,7.556
3941,3984.0,8.667
3942,3985.0,6.36
3943,3986.0,6.964
3944,3987.0,7.435
3945,3988.0,7.596
3946,3989.0,7.165
3947,3990.0,7.475
3948,3991.0,7.556
3949,3992.0,11.88
3950,3993.0,8.078
3951,3994.0,11.04
3952,3995.0,8.4
3953,3996.0,11.44
3954,3997.0,7.837
3955,3998.0,11.72
3956,3999.0,7.475
3957,4000.0,7.004
3958,4001.0,7.004
3959,4002.0,8.44
3960,4003.0,10.977
3961,4004.0,8.038
3962,4005.0,7.757
3963,4006.0,9.109
3964,4007.0,10.256
3965,4008.0,7.234
3966,4009.0,10.016
3967,4010.0,7.395
3968,4011.0,8.667
3969,4012.0,8.828
3970,4013.0,7.004
3971,4014.0,6.763
3972,4015.0,7.636
3973,4016.0,7.246
3974,4017.0,7.355
3975,4018.0,7.395
3976,4019.0,7.395
3977,4020.0,11.16
3978,4021.0,8.48
3979,4022.0,9.229
3980,4023.0,10.096
3981,4024.0,10.336
3982,4025.0,8.948
3983,4026.0,10.937
3984,4027.0,8.547
3985,4028.0,7.246
3986,4029.0,7.246
3987,4030.0,10.897
3988,4031.0,7.998
3989,4032.0,7.757
3990,4033.0,9.149
3991,4034.0,10.256
3992,4035.0,7.395
3993,4036.0,8.199
3994,4038.0,9.028
3995,4039.0,7.837
3996,4040.0,8.988
3997,4041.0,7.286
3998,4042.0,8.038
3999,4043.0,6.44
4000,4044.0,6.964
4001,4045.0,7.515
4002,4046.0,7.515
4003,4047.0,7.877
4004,4048.0,7.286
4005,4049.0,8.868
4006,4050.0,11.48
4007,4051.0,7.837
4008,4052.0,11.32
4009,4053.0,7.958
4010,4054.0,11.64
4011,4055.0,8.279
4012,4056.0,11.68
4013,4057.0,7.274
4014,4058.0,6.964
4015,4059.0,7.085
4016,4060.0,8.158
4017,4061.0,9.935
4018,4062.0,9.43
4019,4063.0,7.435
4020,4064.0,8.48
4021,4065.0,10.977
4022,4066.0,7.125
4023,4067.0,9.149
4024,4068.0,7.286
4025,4069.0,8.158
4026,4070.0,9.975
4027,4071.0,6.763
4028,4072.0,6.883
4029,4073.0,7.636
4030,4074.0,7.326
4031,4075.0,7.395
4032,4076.0,7.475
4033,4077.0,7.355
4034,4078.0,11.32
4035,4079.0,8.4
4036,4080.0,9.55
4037,4081.0,9.735
4038,4082.0,10.536
4039,4083.0,9.149
4040,4084.0,11.08
4041,4085.0,8.359
4042,4086.0,7.246
4043,4087.0,7.475
4044,4088.0,10.657
4045,4089.0,8.547
4046,4090.0,7.636
4047,4091.0,8.868
4048,4092.0,10.536
4049,4093.0,7.355
4050,4094.0,7.998
4051,4095.0,9.47
4052,4096.0,7.757
4053,4097.0,9.47
4054,4098.0,7.274
4055,4099.0,7.837
4056,4100.0,6.36
4057,4101.0,6.924
4058,4102.0,7.475
4059,4103.0,7.475
4060,4104.0,7.757
4061,4105.0,7.246
4062,4106.0,9.109
4063,4107.0,11.12
4064,4108.0,7.757
4065,4109.0,11.4
4066,4110.0,7.837
4067,4111.0,11.68
4068,4112.0,8.747
4069,4113.0,11.28
4070,4114.0,7.246
4071,4115.0,7.044
4072,4116.0,7.044
4073,4117.0,7.998
4074,4118.0,9.67
4075,4119.0,9.751
4076,4120.0,7.395
4077,4121.0,8.52
4078,4122.0,10.737
4079,4123.0,7.044
4080,4124.0,8.908
4081,4125.0,7.246
4082,4126.0,8.038
4083,4127.0,10.056
4084,4128.0,6.682
4085,4129.0,6.32
4086,4130.0,6.964
4087,4132.0,7.355
4088,4133.0,7.515
4089,4134.0,7.515
4090,4135.0,7.286
4091,4136.0,9.895
4092,4137.0,10.016
4093,4138.0,7.515
4094,4139.0,11.8
4095,4140.0,8.118
4096,4141.0,11.8
4097,4142.0,9.47
4098,4143.0,10.176
4099,4144.0,7.355
4100,4145.0,7.085
4101,4146.0,8.279
4102,4147.0,7.676
4103,4148.0,8.988
4104,4149.0,10.536
4105,4150.0,7.395
4106,4151.0,8.078
4107,4152.0,9.751
4108,4153.0,6.924
4109,4154.0,8.48
4110,4155.0,7.246
4111,4156.0,7.837
4112,4157.0,9.269
4113,4158.0,6.481
4114,4159.0,6.924
4115,4160.0,7.556
4116,4161.0,7.165
4117,4162.0,7.395
4118,4163.0,7.395
4119,4164.0,7.246
4120,4165.0,11.48
4121,4166.0,8.158
4122,4167.0,10.056
4123,4168.0,9.109
4124,4169.0,10.897
4125,4170.0,8.707
4126,4171.0,11.32
4127,4172.0,8.078
4128,4173.0,7.314
4129,4174.0,7.326
4130,4175.0,9.855
4131,4176.0,9.47
4132,4177.0,7.435
4133,4178.0,8.4
4134,4179.0,11.017
4135,4180.0,8.118
4136,4181.0,7.757
4137,4182.0,10.176
4138,4183.0,7.676
4139,4184.0,10.056
4140,4185.0,7.326
4141,4186.0,7.556
4142,4187.0,6.682
4143,4188.0,7.314
4144,4189.0,7.205
4145,4190.0,7.395
4146,4191.0,7.515
4147,4192.0,7.797
4148,4193.0,10.576
4149,4194.0,9.068
4150,4195.0,7.475
4151,4196.0,11.76
4152,4197.0,9.269
4153,4198.0,10.376
4154,4199.0,10.256
4155,4200.0,9.149
4156,4201.0,7.326
4157,4202.0,7.205
4158,4203.0,9.67
4159,4204.0,7.395
4160,4205.0,8.507
4161,4206.0,10.657
4162,4207.0,8.627
4163,4208.0,7.596
4164,4209.0,8.868
4165,4210.0,7.085
4166,4211.0,8.158
4167,4212.0,7.246
4168,4213.0,7.556
4169,4214.0,8.601
4170,4215.0,6.36
4171,4216.0,6.924
4172,4217.0,7.435
4173,4218.0,7.435
4174,4219.0,7.837
4175,4220.0,7.355
4176,4221.0,8.239
4177,4222.0,11.84
4178,4223.0,8.078
4179,4225.0,11.16
4180,4226.0,8.199
4181,4227.0,11.52
4182,4228.0,7.837
4183,4229.0,11.76
4184,4230.0,7.355
4185,4231.0,6.924
4186,4232.0,7.004
4187,4233.0,8.44
4188,4234.0,10.576
4189,4235.0,8.707
4190,4236.0,7.596
4191,4237.0,8.747
4192,4238.0,10.616
4193,4239.0,7.165
4194,4240.0,9.59
4195,4241.0,7.314
4196,4242.0,8.44
4197,4243.0,9.389
4198,4244.0,6.883
4199,4245.0,6.763
4200,4246.0,7.676
4201,4247.0,7.274
4202,4248.0,7.355
4203,4249.0,7.435
4204,4250.0,7.395
4205,4251.0,11.16
4206,4252.0,8.507
4207,4253.0,9.109
4208,4254.0,10.216
4209,4255.0,10.256
4210,4256.0,9.028
4211,4257.0,10.897
4212,4258.0,8.627
4213,4259.0,7.286
4214,4260.0,7.246
4215,4261.0,10.857
4216,4262.0,7.797
4217,4263.0,7.797
4218,4264.0,9.229
4219,4265.0,10.136
4220,4266.0,7.355
4221,4267.0,8.239
4222,4268.0,8.828
4223,4269.0,7.877
4224,4270.0,8.868
4225,4271.0,7.326
4226,4272.0,8.038
4227,4273.0,6.44
4228,4274.0,6.964
4229,4275.0,7.475
4230,4276.0,7.475
4231,4277.0,7.757
4232,4278.0,7.205
4233,4279.0,9.189
4234,4280.0,11.04
4235,4281.0,7.757
4236,4282.0,11.36
4237,4283.0,7.837
4238,4284.0,11.68
4239,4285.0,8.627
4240,4286.0,11.2
4241,4287.0,7.314
4242,4288.0,7.004
4243,4289.0,7.085
4244,4290.0,7.998
4245,4291.0,9.71
4246,4292.0,9.71
4247,4293.0,7.395
4248,4294.0,8.507
4249,4295.0,10.777
4250,4296.0,7.004
4251,4297.0,8.988
4252,4298.0,7.205
4253,4299.0,8.078
4254,4300.0,10.016
4255,4301.0,6.722
4256,4302.0,6.803
4257,4303.0,7.636
4258,4304.0,7.205
4259,4305.0,7.435
4260,4306.0,7.435
4261,4307.0,7.314
4262,4308.0,11.32
4263,4309.0,8.319
4264,4310.0,9.751
4265,4311.0,9.55
4266,4312.0,10.657
4267,4313.0,9.028
4268,4314.0,11.16
4269,4315.0,8.279
4270,4316.0,7.286
4271,4318.0,7.407
4272,4319.0,10.416
4273,4320.0,8.828
4274,4321.0,7.596
4275,4322.0,8.707
4276,4323.0,10.697
4277,4324.0,7.355
4278,4325.0,7.917
4279,4326.0,9.67
4280,4327.0,7.716
4281,4328.0,9.67
4282,4329.0,7.286
4283,4330.0,7.716
4284,4331.0,6.521
4285,4332.0,6.964
4286,4333.0,7.286
4287,4334.0,7.395
4288,4335.0,7.475
4289,4336.0,7.636
4290,4337.0,9.975
4291,4338.0,9.815
4292,4339.0,7.475
4293,4340.0,11.56
4294,4341.0,8.279
4295,4342.0,11.64
4296,4343.0,9.59
4297,4344.0,9.935
4298,4345.0,7.326
4299,4346.0,7.125
4300,4347.0,8.44
4301,4348.0,7.596
4302,4349.0,8.828
4303,4350.0,10.616
4304,4351.0,7.355
4305,4352.0,7.958
4306,4353.0,9.59
4307,4354.0,6.924
4308,4355.0,8.4
4309,4356.0,7.205
4310,4357.0,7.797
4311,4358.0,9.149
4312,4359.0,6.521
4313,4360.0,6.883
4314,4361.0,7.475
4315,4362.0,7.757
4316,4363.0,7.246
4317,4364.0,7.366
4318,4365.0,7.125
4319,4366.0,11.68
4320,4367.0,7.958
4321,4368.0,10.657
4322,4369.0,8.908
4323,4370.0,11.2
4324,4371.0,8.158
4325,4372.0,11.52
4326,4373.0,7.676
4327,4374.0,7.085
4328,4375.0,7.125
4329,4376.0,8.908
4330,4377.0,10.456
4331,4378.0,7.395
4332,4379.0,8.118
4333,4380.0,9.815
4334,4381.0,9.51
4335,4382.0,7.395
4336,4383.0,10.857
4337,4384.0,7.556
4338,4385.0,9.229
4339,4386.0,7.636
4340,4387.0,7.274
4341,4388.0,6.642
4342,4389.0,7.355
4343,4390.0,7.205
4344,4391.0,7.435
4345,4392.0,7.515
4346,4393.0,7.757
4347,4394.0,10.536
4348,4395.0,9.028
4349,4396.0,7.435
4350,4397.0,11.72
4351,4398.0,9.229
4352,4399.0,10.376
4353,4400.0,10.216
4354,4401.0,9.189
4355,4402.0,7.314
4356,4403.0,7.205
4357,4404.0,9.59
4358,4405.0,7.355
4359,4406.0,8.507
4360,4407.0,10.737
4361,4408.0,8.547
4362,4409.0,7.636
4363,4411.0,8.828
4364,4412.0,7.044
4365,4413.0,8.199
4366,4414.0,7.246
4367,4415.0,7.556
4368,4416.0,8.587
4369,4417.0,6.36
4370,4418.0,6.924
4371,4419.0,7.435
4372,4420.0,7.556
4373,4421.0,7.165
4374,4422.0,7.435
4375,4423.0,7.676
4376,4424.0,11.8
4377,4425.0,8.239
4378,4426.0,11.017
4379,4427.0,8.4
4380,4428.0,11.44
4381,4429.0,7.917
4382,4430.0,11.68
4383,4431.0,7.475
4384,4432.0,7.004
4385,4433.0,7.004
4386,4434.0,8.4
4387,4435.0,11.057
4388,4436.0,8.158
4389,4437.0,7.757
4390,4438.0,9.068
4391,4439.0,10.336
4392,4440.0,7.194
4393,4441.0,9.935
4394,4442.0,7.355
4395,4443.0,8.627
4396,4444.0,8.908
4397,4445.0,7.004
4398,4446.0,6.722
4399,4447.0,7.676
4400,4448.0,7.286
4401,4449.0,7.407
4402,4450.0,7.435
4403,4451.0,7.435
4404,4452.0,11.08
4405,4453.0,8.587
4406,4454.0,9.028
4407,4455.0,10.336
4408,4456.0,10.216
4409,4457.0,9.149
4410,4458.0,10.857
4411,4459.0,8.707
4412,4460.0,7.246
4413,4461.0,7.286
4414,4462.0,10.777
4415,4463.0,7.716
4416,4464.0,7.837
4417,4465.0,9.309
4418,4466.0,10.056
4419,4467.0,7.435
4420,4468.0,8.279
4421,4469.0,8.747
4422,4470.0,7.837
4423,4471.0,8.747
4424,4472.0,7.314
4425,4473.0,7.958
4426,4474.0,6.4
4427,4475.0,6.964
4428,4476.0,7.435
4429,4477.0,7.475
4430,4478.0,7.716
4431,4479.0,7.205
4432,4480.0,9.309
4433,4481.0,10.817
4434,4482.0,7.676
4435,4483.0,11.4
4436,4484.0,7.877
4437,4485.0,11.68
4438,4486.0,8.788
4439,4487.0,10.977
4440,4488.0,7.355
4441,4489.0,7.044
4442,4490.0,7.085
4443,4491.0,7.917
4444,4492.0,9.47
4445,4493.0,9.895
4446,4494.0,7.395
4447,4495.0,8.4
4448,4496.0,10.496
4449,4497.0,7.004
4450,4498.0,8.788
4451,4499.0,7.205
4452,4500.0,7.958
4453,4501.0,9.815
4454,4502.0,6.682
4455,4503.0,6.883
4456,4505.0,7.515
4457,4506.0,7.998
4458,4507.0,7.366
4459,4508.0,7.355
4460,4509.0,7.165
4461,4510.0,11.6
4462,4511.0,8.078
4463,4512.0,10.336
4464,4513.0,8.948
4465,4514.0,11.04
4466,4515.0,8.48
4467,4516.0,11.4
4468,4517.0,7.877
4469,4518.0,7.165
4470,4519.0,7.205
4471,4520.0,9.43
4472,4521.0,9.895
4473,4522.0,7.395
4474,4523.0,8.48
4475,4524.0,10.536
4476,4525.0,8.747
4477,4526.0,7.596
4478,4527.0,10.536
4479,4528.0,7.757
4480,4529.0,9.751
4481,4530.0,7.286
4482,4531.0,7.475
4483,4532.0,6.601
4484,4533.0,7.205
4485,4534.0,7.165
4486,4535.0,7.435
4487,4536.0,7.515
4488,4537.0,7.837
4489,4538.0,10.496
4490,4539.0,9.189
4491,4540.0,7.435
4492,4541.0,11.76
4493,4542.0,9.149
4494,4543.0,10.496
4495,4544.0,10.136
4496,4545.0,9.229
4497,4546.0,7.314
4498,4547.0,7.165
4499,4548.0,9.47
4500,4549.0,7.395
4501,4550.0,8.44
4502,4551.0,10.857
4503,4552.0,8.4
4504,4553.0,7.676
4505,4554.0,8.948
4506,4555.0,7.044
4507,4556.0,8.158
4508,4557.0,7.246
4509,4558.0,7.556
4510,4559.0,8.627
4511,4560.0,6.36
4512,4561.0,6.924
4513,4562.0,7.435
4514,4563.0,7.475
4515,4564.0,7.395
4516,4565.0,7.355
4517,4566.0,7.958
4518,4567.0,11.84
4519,4568.0,8.118
4520,4569.0,11.097
4521,4570.0,8.279
4522,4571.0,11.48
4523,4572.0,7.837
4524,4573.0,11.72
4525,4574.0,7.395
4526,4575.0,6.964
4527,4576.0,6.964
4528,4577.0,8.48
4529,4578.0,10.817
4530,4579.0,8.44
4531,4580.0,7.676
4532,4581.0,8.908
4533,4582.0,10.496
4534,4583.0,7.165
4535,4584.0,9.751
4536,4585.0,7.355
4537,4586.0,8.52
4538,4587.0,9.229
4539,4588.0,6.964
4540,4589.0,6.803
4541,4590.0,7.636
4542,4591.0,7.205
4543,4592.0,7.355
4544,4593.0,7.395
4545,4594.0,7.314
4546,4596.0,11.28
4547,4597.0,8.4
4548,4598.0,9.55
4549,4599.0,9.775
4550,4600.0,10.536
4551,4601.0,9.189
4552,4602.0,11.08
4553,4603.0,8.4
4554,4604.0,7.246
4555,4605.0,7.475
4556,4606.0,10.657
4557,4607.0,8.56
4558,4608.0,7.636
4559,4609.0,8.908
4560,4610.0,10.536
4561,4611.0,7.395
4562,4612.0,7.998
4563,4613.0,9.43
4564,4614.0,7.757
4565,4615.0,9.43
4566,4616.0,7.326
4567,4617.0,7.917
4568,4618.0,6.601
4569,4619.0,7.004
4570,4620.0,7.246
4571,4621.0,7.435
4572,4622.0,7.435
4573,4623.0,7.958
4574,4624.0,10.176
4575,4625.0,9.59
4576,4626.0,7.395
4577,4627.0,11.64
4578,4628.0,8.547
4579,4629.0,11.24
4580,4630.0,9.791
4581,4631.0,9.751
4582,4632.0,7.314
4583,4633.0,7.125
4584,4634.0,8.788
4585,4635.0,7.556
4586,4636.0,8.667
4587,4637.0,10.817
4588,4638.0,7.475
4589,4639.0,7.877
4590,4640.0,9.389
4591,4641.0,7.004
4592,4642.0,8.359
4593,4643.0,7.205
4594,4644.0,7.757
4595,4645.0,9.028
4596,4646.0,6.481
4597,4647.0,7.004
4598,4648.0,7.475
4599,4649.0,7.596
4600,4650.0,7.165
4601,4651.0,7.475
4602,4652.0,7.395
4603,4653.0,11.8
4604,4654.0,7.877
4605,4655.0,10.937
4606,4656.0,8.507
4607,4657.0,11.4
4608,4658.0,7.917
4609,4659.0,11.64
4610,4660.0,7.515
4611,4661.0,7.004
4612,4662.0,7.044
4613,4663.0,8.547
4614,4664.0,10.897
4615,4665.0,7.676
4616,4666.0,7.877
4617,4667.0,9.309
4618,4668.0,10.056
4619,4669.0,7.274
4620,4670.0,10.256
4621,4671.0,7.435
4622,4672.0,8.828
4623,4673.0,8.48
4624,4674.0,7.085
4625,4675.0,6.803
4626,4676.0,7.676
4627,4677.0,7.274
4628,4678.0,7.395
4629,4679.0,7.435
4630,4680.0,7.395
4631,4681.0,11.12
4632,4682.0,8.52
4633,4683.0,9.149
4634,4684.0,10.216
4635,4685.0,10.296
4636,4686.0,9.068
4637,4687.0,10.937
4638,4688.0,8.627
4639,4690.0,7.246
4640,4691.0,7.246
4641,4692.0,10.857
4642,4693.0,7.877
4643,4694.0,7.797
4644,4695.0,9.269
4645,4696.0,10.136
4646,4697.0,7.395
4647,4698.0,8.239
4648,4699.0,8.868
4649,4700.0,7.837
4650,4701.0,8.868
4651,4702.0,7.326
4652,4703.0,8.038
4653,4704.0,6.601
4654,4705.0,6.964
4655,4706.0,7.274
4656,4707.0,7.435
4657,4708.0,7.475
4658,4709.0,7.716
4659,4710.0,10.016
4660,4711.0,9.775
4661,4712.0,7.435
4662,4713.0,11.6
4663,4714.0,8.319
4664,4715.0,11.6
4665,4716.0,9.59
4666,4717.0,9.935
4667,4718.0,7.326
4668,4719.0,7.085
4669,4720.0,8.44
4670,4721.0,7.596
4671,4722.0,8.788
4672,4723.0,10.616
4673,4724.0,7.366
4674,4725.0,7.958
4675,4726.0,9.63
4676,4727.0,6.883
4677,4728.0,8.44
4678,4729.0,7.205
4679,4730.0,7.797
4680,4731.0,9.189
4681,4732.0,6.521
4682,4733.0,6.924
4683,4734.0,7.475
4684,4735.0,7.596
4685,4736.0,7.165
4686,4737.0,7.475
4687,4738.0,7.355
4688,4739.0,11.76
4689,4740.0,7.837
4690,4741.0,10.897
4691,4742.0,8.507
4692,4743.0,11.36
4693,4744.0,7.917
4694,4745.0,11.64
4695,4746.0,7.515
4696,4747.0,7.004
4697,4748.0,7.044
4698,4749.0,8.547
4699,4750.0,10.857
4700,4751.0,7.676
4701,4752.0,7.877
4702,4753.0,9.309
4703,4754.0,10.056
4704,4755.0,7.274
4705,4756.0,10.296
4706,4757.0,7.435
4707,4758.0,8.828
4708,4759.0,8.48
4709,4760.0,7.125
4710,4761.0,6.763
4711,4762.0,7.676
4712,4763.0,7.286
4713,4764.0,7.395
4714,4765.0,7.435
4715,4766.0,7.435
4716,4767.0,11.16
4717,4768.0,8.587
4718,4769.0,9.109
4719,4770.0,10.296
4720,4771.0,10.256
4721,4772.0,9.109
4722,4773.0,10.897
4723,4774.0,8.667
4724,4775.0,7.246
4725,4776.0,7.286
4726,4777.0,10.817
4727,4778.0,7.757
4728,4779.0,7.837
4729,4780.0,9.269
4730,4781.0,10.096
4731,4782.0,7.355
4732,4784.0,8.279
4733,4785.0,8.788
4734,4786.0,7.837
4735,4787.0,8.747
4736,4788.0,7.314
4737,4789.0,7.998
4738,4790.0,6.36
4739,4791.0,6.964
4740,4792.0,7.475
4741,4793.0,7.395
4742,4794.0,7.877
4743,4795.0,7.274
4744,4796.0,8.667
4745,4797.0,11.72
4746,4798.0,7.917
4747,4799.0,11.24
4748,4800.0,7.998
4749,4801.0,11.6
4750,4802.0,8.038
4751,4803.0,11.76
4752,4804.0,7.274
4753,4805.0,6.883
4754,4806.0,7.044
4755,4807.0,8.199
4756,4808.0,10.136
4757,4809.0,9.149
4758,4810.0,7.515
4759,4811.0,8.507
4760,4812.0,10.897
4761,4813.0,7.085
4762,4814.0,9.269
4763,4815.0,7.246
4764,4816.0,8.239
4765,4817.0,9.791
4766,4818.0,6.843
4767,4819.0,6.843
4768,4820.0,7.596
4769,4821.0,7.165
4770,4822.0,7.475
4771,4823.0,7.395
4772,4824.0,7.234
4773,4825.0,11.44
4774,4826.0,8.239
4775,4827.0,9.935
4776,4828.0,9.309
4777,4829.0,10.777
4778,4830.0,8.828
4779,4831.0,11.2
4780,4832.0,8.118
4781,4833.0,7.246
4782,4834.0,7.355
4783,4835.0,10.016
4784,4836.0,9.229
4785,4837.0,7.475
4786,4838.0,8.507
4787,4839.0,10.937
4788,4840.0,7.837
4789,4841.0,7.797
4790,4842.0,10.016
4791,4843.0,7.676
4792,4844.0,9.975
4793,4845.0,7.286
4794,4846.0,7.636
4795,4847.0,6.682
4796,4848.0,7.636
4797,4849.0,7.355
4798,4850.0,7.435
4799,4851.0,7.475
4800,4852.0,7.757
4801,4853.0,10.616
4802,4854.0,8.988
4803,4855.0,7.636
4804,4856.0,11.8
4805,4857.0,9.349
4806,4858.0,10.296
4807,4859.0,10.296
4808,4860.0,9.109
4809,4861.0,7.286
4810,4862.0,7.205
4811,4863.0,9.751
4812,4864.0,7.395
4813,4865.0,8.44
4814,4866.0,10.536
4815,4867.0,8.747
4816,4868.0,7.596
4817,4869.0,8.747
4818,4870.0,7.085
4819,4871.0,8.118
4820,4872.0,7.246
4821,4873.0,7.515
4822,4874.0,8.48
4823,4876.0,6.4
4824,4877.0,6.924
4825,4878.0,7.435
4826,4879.0,7.395
4827,4880.0,7.917
4828,4881.0,7.286
4829,4882.0,8.56
4830,4883.0,11.8
4831,4884.0,7.958
4832,4885.0,11.24
4833,4886.0,8.038
4834,4887.0,11.6
4835,4888.0,7.958
4836,4889.0,11.8
4837,4890.0,7.314
4838,4891.0,6.924
4839,4892.0,7.044
4840,4893.0,8.319
4841,4894.0,10.256
4842,4895.0,9.109
4843,4896.0,7.556
4844,4897.0,8.587
4845,4898.0,10.857
4846,4899.0,7.085
4847,4900.0,9.349
4848,4901.0,7.286
4849,4902.0,8.279
4850,4903.0,9.71
4851,4904.0,6.843
4852,4905.0,6.843
4853,4906.0,7.636
4854,4907.0,7.154
4855,4908.0,7.475
4856,4909.0,7.435
4857,4910.0,7.234
4858,4911.0,11.44
4859,4912.0,8.199
4860,4913.0,10.016
4861,4914.0,9.269
4862,4915.0,10.817
4863,4916.0,8.788
4864,4917.0,11.24
4865,4918.0,8.078
4866,4919.0,7.246
4867,4920.0,7.314
4868,4921.0,9.975
4869,4922.0,9.349
4870,4923.0,7.475
4871,4924.0,8.507
4872,4925.0,10.977
4873,4926.0,7.998
4874,4927.0,7.757
4875,4928.0,10.096
4876,4929.0,7.676
4877,4930.0,10.016
4878,4931.0,7.326
4879,4932.0,7.596
4880,4933.0,6.4
4881,4934.0,6.964
4882,4935.0,7.314
4883,4936.0,7.475
4884,4937.0,7.556
4885,4938.0,7.205
4886,4939.0,9.71
4887,4940.0,10.256
4888,4941.0,7.556
4889,4942.0,11.6
4890,4943.0,7.797
4891,4944.0,11.8
4892,4945.0,9.269
4893,4946.0,10.376
4894,4947.0,7.314
4895,4948.0,7.085
4896,4949.0,7.917
4897,4950.0,7.716
4898,4951.0,9.028
4899,4952.0,10.376
4900,4953.0,7.355
4901,4954.0,8.118
4902,4955.0,9.895
4903,4956.0,6.924
4904,4957.0,8.52
4905,4958.0,7.205
4906,4959.0,7.917
4907,4960.0,9.43
4908,4961.0,6.561
4909,4962.0,6.924
4910,4963.0,7.475
4911,4964.0,7.676
4912,4965.0,7.194
4913,4966.0,7.475
4914,4967.0,7.395
4915,4969.0,11.8
4916,4970.0,7.877
4917,4971.0,10.857
4918,4972.0,8.547
4919,4973.0,11.36
4920,4974.0,7.958
4921,4975.0,11.64
4922,4976.0,7.556
4923,4977.0,7.044
4924,4978.0,7.085
4925,4979.0,8.587
4926,4980.0,10.817
4927,4981.0,7.556
4928,4982.0,7.917
4929,4983.0,9.389
4930,4984.0,10.016
4931,4985.0,7.274
4932,4986.0,10.336
4933,4987.0,7.475
4934,4988.0,8.868
4935,4989.0,8.44
4936,4990.0,7.073
4937,4991.0,6.722
4938,4992.0,7.716
4939,4993.0,7.314
4940,4994.0,7.395
4941,4995.0,7.435
4942,4996.0,7.475
4943,4997.0,11.017
4944,4998.0,8.667
4945,4999.0,8.828
4946,5000.0,10.616
4947,5001.0,10.096
4948,5002.0,9.309
4949,5003.0,10.777
4950,5004.0,8.868
4951,5005.0,7.286
4952,5006.0,7.246
4953,5007.0,10.616
4954,5008.0,7.395
4955,5009.0,7.998
4956,5010.0,9.59
4957,5011.0,9.855
4958,5012.0,7.435
4959,5013.0,8.426
4960,5014.0,8.48
4961,5015.0,7.917
4962,5016.0,8.48
4963,5017.0,7.314
4964,5018.0,8.078
4965,5019.0,6.44
4966,5020.0,6.964
4967,5021.0,7.395
4968,5022.0,7.475
4969,5023.0,7.676
4970,5024.0,7.246
4971,5025.0,9.43
4972,5026.0,10.737
4973,5027.0,7.676
4974,5028.0,11.48
4975,5029.0,7.877
4976,5030.0,11.72
4977,5031.0,8.908
4978,5032.0,10.857
4979,5033.0,7.355
4980,5034.0,7.044
4981,5035.0,7.205
4982,5036.0,7.877
4983,5037.0,9.389
4984,5038.0,9.975
4985,5039.0,7.395
4986,5040.0,8.359
4987,5041.0,10.376
4988,5042.0,6.964
4989,5043.0,8.747
4990,5044.0,7.205
4991,5045.0,7.998
4992,5046.0,9.791
4993,5047.0,6.642
4994,5048.0,6.803
4995,5049.0,7.596
4996,5050.0,7.165
4997,5051.0,7.395
4998,5052.0,7.395
4999,5053.0,7.274
5000,5054.0,11.36
5001,5055.0,8.319
5002,5056.0,9.751
5003,5057.0,9.51
5004,5058.0,10.657
5005,5059.0,9.028
5006,5060.0,11.16
5007,5061.0,8.279
5008,5063.0,7.246
5009,5064.0,7.395
5010,5065.0,10.376
5011,5066.0,8.868
5012,5067.0,7.556
5013,5068.0,8.747
5014,5069.0,10.737
5015,5070.0,7.395
5016,5071.0,7.917
5017,5072.0,9.71
5018,5073.0,7.757
5019,5074.0,9.71
5020,5075.0,7.314
5021,5076.0,7.797
5022,5077.0,6.561
5023,5078.0,7.004
5024,5079.0,7.194
5025,5080.0,7.435
5026,5081.0,7.395
5027,5082.0,7.958
5028,5083.0,10.216
5029,5084.0,9.51
5030,5085.0,7.475
5031,5086.0,11.72
5032,5087.0,8.747
5033,5088.0,11.08
5034,5089.0,9.855
5035,5090.0,9.63
5036,5091.0,7.314
5037,5092.0,7.165
5038,5093.0,8.988
5039,5094.0,7.515
5040,5095.0,8.547
5041,5096.0,10.937
5042,5097.0,7.757
5043,5098.0,7.797
5044,5099.0,9.229
5045,5100.0,7.004
5046,5101.0,8.319
5047,5102.0,7.246
5048,5103.0,7.676
5049,5104.0,8.908
5050,5105.0,6.44
5051,5106.0,6.924
5052,5107.0,7.435
5053,5108.0,7.556
5054,5109.0,7.165
5055,5110.0,7.435
5056,5111.0,7.596
5057,5112.0,11.84
5058,5113.0,8.118
5059,5114.0,11.017
5060,5115.0,8.4
5061,5116.0,11.44
5062,5117.0,7.837
5063,5118.0,11.68
5064,5119.0,7.475
5065,5120.0,6.964
5066,5121.0,7.004
5067,5122.0,8.44
5068,5123.0,10.977
5069,5124.0,7.998
5070,5125.0,7.797
5071,5126.0,9.149
5072,5127.0,10.256
5073,5128.0,7.234
5074,5129.0,10.056
5075,5130.0,7.395
5076,5131.0,8.707
5077,5132.0,8.747
5078,5133.0,7.044
5079,5134.0,6.642
5080,5135.0,7.716
5081,5136.0,7.475
5082,5137.0,7.435
5083,5138.0,7.475
5084,5139.0,7.716
5085,5140.0,10.737
5086,5141.0,9.028
5087,5142.0,7.877
5088,5143.0,11.68
5089,5144.0,9.51
5090,5145.0,10.056
5091,5146.0,10.416
5092,5147.0,8.948
5093,5148.0,7.314
5094,5149.0,7.246
5095,5150.0,9.935
5096,5151.0,7.435
5097,5152.0,8.359
5098,5153.0,10.376
5099,5155.0,8.948
5100,5156.0,7.556
5101,5157.0,8.627
5102,5158.0,7.125
5103,5159.0,8.078
5104,5160.0,7.286
5105,5161.0,7.475
5106,5162.0,8.44
5107,5163.0,6.44
5108,5164.0,6.964
5109,5165.0,7.515
5110,5166.0,7.475
5111,5167.0,7.877
5112,5168.0,7.314
5113,5169.0,8.747
5114,5170.0,11.64
5115,5171.0,7.877
5116,5172.0,11.32
5117,5173.0,7.958
5118,5174.0,11.64
5119,5175.0,8.199
5120,5176.0,11.68
5121,5177.0,7.274
5122,5178.0,6.883
5123,5179.0,7.044
5124,5180.0,8.158
5125,5181.0,9.975
5126,5182.0,9.349
5127,5183.0,7.475
5128,5184.0,8.44
5129,5185.0,10.977
5130,5186.0,7.044
5131,5187.0,9.149
5132,5188.0,7.246
5133,5189.0,8.158
5134,5190.0,9.935
5135,5191.0,6.763
5136,5192.0,6.883
5137,5193.0,7.556
5138,5194.0,7.998
5139,5195.0,7.314
5140,5196.0,7.395
5141,5197.0,7.165
5142,5198.0,11.56
5143,5199.0,8.078
5144,5200.0,10.336
5145,5201.0,8.948
5146,5202.0,11.04
5147,5203.0,8.467
5148,5204.0,11.44
5149,5205.0,7.877
5150,5206.0,7.205
5151,5207.0,7.205
5152,5208.0,9.47
5153,5209.0,9.975
5154,5210.0,7.395
5155,5211.0,8.44
5156,5212.0,10.536
5157,5213.0,8.788
5158,5214.0,7.596
5159,5215.0,10.576
5160,5216.0,7.716
5161,5217.0,9.71
5162,5218.0,7.326
5163,5219.0,7.435
5164,5220.0,6.722
5165,5221.0,7.676
5166,5222.0,7.435
5167,5223.0,7.395
5168,5224.0,7.475
5169,5225.0,7.636
5170,5226.0,10.737
5171,5227.0,8.988
5172,5228.0,8.038
5173,5229.0,11.6
5174,5230.0,9.63
5175,5231.0,9.935
5176,5232.0,10.456
5177,5233.0,8.948
5178,5234.0,7.274
5179,5235.0,7.205
5180,5236.0,10.016
5181,5237.0,7.435
5182,5238.0,8.279
5183,5239.0,10.216
5184,5240.0,9.109
5185,5241.0,7.515
5186,5242.0,8.587
5187,5243.0,7.355
5188,5244.0,8.038
5189,5245.0,7.314
5190,5246.0,7.435
5191,5248.0,8.4
5192,5249.0,6.36
5193,5250.0,7.004
5194,5251.0,7.435
5195,5252.0,7.475
5196,5253.0,7.958
5197,5254.0,7.355
5198,5255.0,8.587
5199,5256.0,11.92
5200,5257.0,7.958
5201,5258.0,11.2
5202,5259.0,8.078
5203,5260.0,11.56
5204,5261.0,7.877
5205,5262.0,11.8
5206,5263.0,7.314
5207,5264.0,6.924
5208,5265.0,7.044
5209,5266.0,8.359
5210,5267.0,10.336
5211,5268.0,9.028
5212,5269.0,7.556
5213,5270.0,8.627
5214,5271.0,10.817
5215,5272.0,7.113
5216,5273.0,9.389
5217,5274.0,7.286
5218,5275.0,8.319
5219,5276.0,9.63
5220,5277.0,6.843
5221,5278.0,6.883
5222,5279.0,7.556
5223,5280.0,7.165
5224,5281.0,7.475
5225,5282.0,7.395
5226,5283.0,7.234
5227,5284.0,11.4
5228,5285.0,8.239
5229,5286.0,9.855
5230,5287.0,9.389
5231,5288.0,10.737
5232,5289.0,8.908
5233,5290.0,11.2
5234,5291.0,8.158
5235,5292.0,7.246
5236,5293.0,7.355
5237,5294.0,10.136
5238,5295.0,9.109
5239,5296.0,7.515
5240,5297.0,8.587
5241,5298.0,10.857
5242,5299.0,7.716
5243,5300.0,7.837
5244,5301.0,9.895
5245,5302.0,7.716
5246,5303.0,9.895
5247,5304.0,7.274
5248,5305.0,7.676
5249,5306.0,6.36
5250,5307.0,6.964
5251,5308.0,7.435
5252,5309.0,7.515
5253,5310.0,7.676
5254,5311.0,7.234
5255,5312.0,9.309
5256,5313.0,10.937
5257,5314.0,7.676
5258,5315.0,11.44
5259,5316.0,7.877
5260,5317.0,11.72
5261,5318.0,8.747
5262,5319.0,11.08
5263,5320.0,7.355
5264,5321.0,7.085
5265,5322.0,7.085
5266,5323.0,7.958
5267,5324.0,9.55
5268,5325.0,9.895
5269,5326.0,7.395
5270,5327.0,8.467
5271,5328.0,10.576
5272,5329.0,7.044
5273,5330.0,8.828
5274,5331.0,7.246
5275,5332.0,7.998
5276,5333.0,9.895
5277,5334.0,6.642
5278,5335.0,6.803
5279,5336.0,7.596
5280,5337.0,7.165
5281,5338.0,7.475
5282,5339.0,7.395
5283,5341.0,7.274
5284,5342.0,11.4
5285,5343.0,8.279
5286,5344.0,9.775
5287,5345.0,9.47
5288,5346.0,10.737
5289,5347.0,8.988
5290,5348.0,11.2
5291,5349.0,8.199
5292,5350.0,7.246
5293,5351.0,7.395
5294,5352.0,10.256
5295,5353.0,8.988
5296,5354.0,7.556
5297,5355.0,8.627
5298,5356.0,10.817
5299,5357.0,7.515
5300,5358.0,7.877
5301,5359.0,9.815
5302,5360.0,7.716
5303,5361.0,9.831
5304,5362.0,7.286
5305,5363.0,7.676
5306,5364.0,6.521
5307,5365.0,6.964
5308,5366.0,7.234
5309,5367.0,7.435
5310,5368.0,7.435
5311,5369.0,7.998
5312,5370.0,10.096
5313,5371.0,9.71
5314,5372.0,7.435
5315,5373.0,11.68
5316,5374.0,8.48
5317,5375.0,11.4
5318,5376.0,9.71
5319,5377.0,9.855
5320,5378.0,7.314
5321,5379.0,7.165
5322,5380.0,8.707
5323,5381.0,7.596
5324,5382.0,8.707
5325,5383.0,10.777
5326,5384.0,7.395
5327,5385.0,7.958
5328,5386.0,9.47
5329,5387.0,7.044
5330,5388.0,8.359
5331,5389.0,7.286
5332,5390.0,7.716
5333,5391.0,9.068
5334,5392.0,6.44
5335,5393.0,6.964
5336,5394.0,7.475
5337,5395.0,7.636
5338,5396.0,7.165
5339,5397.0,7.515
5340,5398.0,7.355
5341,5399.0,11.84
5342,5400.0,7.837
5343,5401.0,10.937
5344,5402.0,8.507
5345,5403.0,11.44
5346,5404.0,7.877
5347,5405.0,11.68
5348,5406.0,7.515
5349,5407.0,7.044
5350,5408.0,7.004
5351,5409.0,8.547
5352,5410.0,10.897
5353,5411.0,7.716
5354,5412.0,7.837
5355,5413.0,9.269
5356,5414.0,10.096
5357,5415.0,7.274
5358,5416.0,10.216
5359,5417.0,7.435
5360,5418.0,8.788
5361,5419.0,8.587
5362,5420.0,7.044
5363,5421.0,6.763
5364,5422.0,7.676
5365,5423.0,7.274
5366,5424.0,7.355
5367,5425.0,7.435
5368,5426.0,7.395
5369,5427.0,11.16
5370,5428.0,8.507
5371,5429.0,9.149
5372,5430.0,10.176
5373,5431.0,10.296
5374,5432.0,9.028
5375,5434.0,10.937
5376,5435.0,8.587
5377,5436.0,7.246
5378,5437.0,7.246
5379,5438.0,10.857
5380,5439.0,7.917
5381,5440.0,7.797
5382,5441.0,9.229
5383,5442.0,10.256
5384,5443.0,7.395
5385,5444.0,8.279
5386,5445.0,8.988
5387,5446.0,7.837
5388,5447.0,8.988
5389,5448.0,7.314
5390,5449.0,8.078
5391,5450.0,6.481
5392,5451.0,6.964
5393,5452.0,7.314
5394,5453.0,7.475
5395,5454.0,7.556
5396,5455.0,7.165
5397,5456.0,9.751
5398,5457.0,10.216
5399,5458.0,7.556
5400,5459.0,11.56
5401,5460.0,7.877
5402,5461.0,11.8
5403,5462.0,9.309
5404,5463.0,10.336
5405,5464.0,7.314
5406,5465.0,7.085
5407,5466.0,7.958
5408,5467.0,7.716
5409,5468.0,9.028
5410,5469.0,10.416
5411,5470.0,7.355
5412,5471.0,8.158
5413,5472.0,9.895
5414,5473.0,6.964
5415,5474.0,8.52
5416,5475.0,7.246
5417,5476.0,7.877
5418,5477.0,9.43
5419,5478.0,6.561
5420,5479.0,6.964
5421,5480.0,7.475
5422,5481.0,7.757
5423,5482.0,7.205
5424,5483.0,7.395
5425,5484.0,7.085
5426,5485.0,11.72
5427,5486.0,7.917
5428,5487.0,10.777
5429,5488.0,8.747
5430,5489.0,11.32
5431,5490.0,8.078
5432,5491.0,11.6
5433,5492.0,7.676
5434,5493.0,7.085
5435,5494.0,7.125
5436,5495.0,8.788
5437,5496.0,10.616
5438,5497.0,7.395
5439,5498.0,8.038
5440,5499.0,9.67
5441,5500.0,9.751
5442,5501.0,7.355
5443,5502.0,10.657
5444,5503.0,7.515
5445,5504.0,9.068
5446,5505.0,8.118
5447,5506.0,7.194
5448,5507.0,6.883
5449,5508.0,7.676
5450,5509.0,7.274
5451,5510.0,7.395
5452,5511.0,7.475
5453,5512.0,7.395
5454,5513.0,11.2
5455,5514.0,8.44
5456,5515.0,9.43
5457,5516.0,9.975
5458,5517.0,10.416
5459,5518.0,8.868
5460,5519.0,10.977
5461,5520.0,8.52
5462,5521.0,7.286
5463,5522.0,7.246
5464,5523.0,10.937
5465,5524.0,8.199
5466,5525.0,7.716
5467,5527.0,9.028
5468,5528.0,10.336
5469,5529.0,7.395
5470,5530.0,8.118
5471,5531.0,9.189
5472,5532.0,7.797
5473,5533.0,9.229
5474,5534.0,7.326
5475,5535.0,7.958
5476,5536.0,6.521
5477,5537.0,6.964
5478,5538.0,7.314
5479,5539.0,7.475
5480,5540.0,7.515
5481,5541.0,7.286
5482,5542.0,9.831
5483,5543.0,10.056
5484,5544.0,7.515
5485,5545.0,11.56
5486,5546.0,8.038
5487,5547.0,11.8
5488,5548.0,9.43
5489,5549.0,10.216
5490,5550.0,7.355
5491,5551.0,7.125
5492,5552.0,8.158
5493,5553.0,7.716
5494,5554.0,8.948
5495,5555.0,10.496
5496,5556.0,7.395
5497,5557.0,8.118
5498,5558.0,9.775
5499,5559.0,6.964
5500,5560.0,8.48
5501,5561.0,7.246
5502,5562.0,7.837
5503,5563.0,9.389
5504,5564.0,6.521
5505,5565.0,6.924
5506,5566.0,7.475
5507,5567.0,7.757
5508,5568.0,7.205
5509,5569.0,7.395
5510,5570.0,7.125
5511,5571.0,11.72
5512,5572.0,7.877
5513,5573.0,10.737
5514,5574.0,8.707
5515,5575.0,11.24
5516,5576.0,8.038
5517,5577.0,11.56
5518,5578.0,7.596
5519,5579.0,7.044
5520,5580.0,7.044
5521,5581.0,8.747
5522,5582.0,10.616
5523,5583.0,7.355
5524,5584.0,8.038
5525,5585.0,9.59
5526,5586.0,9.791
5527,5587.0,7.314
5528,5588.0,10.576
5529,5589.0,7.515
5530,5590.0,9.028
5531,5591.0,8.118
5532,5592.0,7.165
5533,5593.0,6.763
5534,5594.0,7.716
5535,5595.0,7.314
5536,5596.0,7.395
5537,5597.0,7.435
5538,5598.0,7.475
5539,5599.0,11.08
5540,5600.0,8.627
5541,5601.0,8.948
5542,5602.0,10.456
5543,5603.0,10.176
5544,5604.0,9.189
5545,5605.0,10.857
5546,5606.0,8.747
5547,5607.0,7.286
5548,5608.0,7.246
5549,5609.0,10.737
5550,5610.0,7.596
5551,5611.0,7.877
5552,5612.0,9.349
5553,5613.0,10.056
5554,5614.0,7.395
5555,5615.0,8.319
5556,5616.0,8.667
5557,5617.0,7.877
5558,5619.0,8.707
5559,5620.0,7.286
5560,5621.0,7.998
5561,5622.0,6.44
5562,5623.0,7.044
5563,5624.0,7.435
5564,5625.0,7.556
5565,5626.0,7.716
5566,5627.0,7.286
5567,5628.0,9.51
5568,5629.0,10.657
5569,5630.0,7.676
5570,5631.0,11.48
5571,5632.0,7.837
5572,5633.0,11.76
5573,5634.0,8.948
5574,5635.0,10.817
5575,5636.0,7.395
5576,5637.0,7.085
5577,5638.0,7.355
5578,5639.0,7.958
5579,5640.0,9.349
5580,5641.0,10.096
5581,5642.0,7.395
5582,5643.0,8.359
5583,5644.0,10.296
5584,5645.0,7.004
5585,5646.0,8.707
5586,5647.0,7.246
5587,5648.0,8.038
5588,5649.0,9.791
5589,5650.0,6.642
5590,5651.0,6.883
5591,5652.0,7.556
5592,5653.0,7.246
5593,5654.0,7.395
5594,5655.0,7.395
5595,5656.0,7.246
5596,5657.0,11.52
5597,5658.0,8.158
5598,5659.0,10.136
5599,5660.0,9.068
5600,5661.0,10.897
5601,5662.0,8.667
5602,5663.0,11.32
5603,5664.0,7.998
5604,5665.0,7.246
5605,5666.0,7.286
5606,5667.0,9.791
5607,5668.0,9.55
5608,5669.0,7.435
5609,5670.0,8.4
5610,5671.0,10.977
5611,5672.0,8.279
5612,5673.0,7.716
5613,5674.0,10.256
5614,5675.0,7.676
5615,5676.0,10.056
5616,5677.0,7.326
5617,5678.0,7.515
5618,5679.0,6.4
5619,5680.0,6.964
5620,5681.0,7.274
5621,5682.0,7.435
5622,5683.0,7.515
5623,5684.0,7.314
5624,5685.0,9.895
5625,5686.0,10.056
5626,5687.0,7.515
5627,5688.0,11.6
5628,5689.0,8.118
5629,5690.0,11.8
5630,5691.0,9.47
5631,5692.0,10.136
5632,5693.0,7.314
5633,5694.0,7.125
5634,5695.0,8.239
5635,5696.0,7.676
5636,5697.0,8.908
5637,5698.0,10.536
5638,5699.0,7.355
5639,5700.0,8.038
5640,5701.0,9.71
5641,5702.0,6.924
5642,5703.0,8.44
5643,5704.0,7.246
5644,5705.0,7.797
5645,5706.0,9.269
5646,5707.0,6.521
5647,5708.0,6.924
5648,5709.0,7.475
5649,5710.0,7.676
5650,5712.0,7.165
5651,5713.0,7.435
5652,5714.0,7.355
5653,5715.0,11.76
5654,5716.0,7.837
5655,5717.0,10.897
5656,5718.0,8.547
5657,5719.0,11.4
5658,5720.0,7.958
5659,5721.0,11.68
5660,5722.0,7.556
5661,5723.0,7.085
5662,5724.0,7.044
5663,5725.0,8.667
5664,5726.0,10.817
5665,5727.0,7.556
5666,5728.0,7.917
5667,5729.0,9.43
5668,5730.0,9.975
5669,5731.0,7.314
5670,5732.0,10.336
5671,5733.0,7.475
5672,5734.0,8.868
5673,5735.0,8.4
5674,5736.0,7.073
5675,5737.0,6.763
5676,5738.0,7.716
5677,5739.0,7.314
5678,5740.0,7.395
5679,5741.0,7.435
5680,5742.0,7.475
5681,5743.0,11.057
5682,5744.0,8.627
5683,5745.0,8.908
5684,5746.0,10.536
5685,5747.0,10.176
5686,5748.0,9.229
5687,5749.0,10.817
5688,5750.0,8.788
5689,5751.0,7.246
5690,5752.0,7.246
5691,5753.0,10.697
5692,5754.0,7.475
5693,5755.0,7.877
5694,5756.0,9.389
5695,5757.0,9.975
5696,5758.0,7.395
5697,5759.0,8.359
5698,5760.0,8.627
5699,5761.0,7.877
5700,5762.0,8.627
5701,5763.0,7.274
5702,5764.0,7.998
5703,5765.0,6.601
5704,5766.0,7.004
5705,5767.0,7.286
5706,5768.0,7.475
5707,5769.0,7.515
5708,5770.0,7.435
5709,5771.0,9.935
5710,5772.0,9.935
5711,5773.0,7.475
5712,5774.0,11.6
5713,5775.0,8.158
5714,5776.0,11.68
5715,5777.0,9.51
5716,5778.0,10.056
5717,5779.0,7.314
5718,5780.0,7.125
5719,5781.0,8.359
5720,5782.0,7.676
5721,5783.0,8.868
5722,5784.0,10.576
5723,5785.0,7.355
5724,5786.0,8.038
5725,5787.0,9.67
5726,5788.0,6.964
5727,5789.0,8.44
5728,5790.0,7.246
5729,5791.0,7.797
5730,5792.0,9.269
5731,5793.0,6.521
5732,5794.0,6.964
5733,5795.0,7.435
5734,5796.0,7.515
5735,5797.0,7.676
5736,5798.0,7.395
5737,5799.0,8.199
5738,5800.0,11.88
5739,5801.0,8.078
5740,5802.0,11.16
5741,5803.0,8.199
5742,5804.0,11.52
5743,5806.0,7.837
5744,5807.0,11.72
5745,5808.0,7.355
5746,5809.0,6.924
5747,5810.0,7.004
5748,5811.0,8.426
5749,5812.0,10.616
5750,5813.0,8.707
5751,5814.0,7.596
5752,5815.0,8.788
5753,5816.0,10.657
5754,5817.0,7.165
5755,5818.0,9.59
5756,5819.0,7.314
5757,5820.0,8.44
5758,5821.0,9.389
5759,5822.0,6.883
5760,5823.0,6.803
5761,5824.0,7.596
5762,5825.0,7.165
5763,5826.0,7.515
5764,5827.0,7.395
5765,5828.0,7.274
5766,5829.0,11.36
5767,5830.0,8.279
5768,5831.0,9.791
5769,5832.0,9.47
5770,5833.0,10.697
5771,5834.0,8.988
5772,5835.0,11.16
5773,5836.0,8.239
5774,5837.0,7.246
5775,5838.0,7.395
5776,5839.0,10.296
5777,5840.0,8.988
5778,5841.0,7.556
5779,5842.0,8.667
5780,5843.0,10.777
5781,5844.0,7.515
5782,5845.0,7.877
5783,5846.0,9.815
5784,5847.0,7.716
5785,5848.0,9.855
5786,5849.0,7.314
5787,5850.0,7.676
5788,5851.0,6.521
5789,5852.0,7.004
5790,5853.0,7.274
5791,5854.0,7.475
5792,5855.0,7.435
5793,5856.0,8.038
5794,5857.0,10.136
5795,5858.0,9.695
5796,5859.0,7.475
5797,5860.0,11.68
5798,5861.0,8.507
5799,5862.0,11.4
5800,5863.0,9.71
5801,5864.0,9.815
5802,5865.0,7.314
5803,5866.0,7.165
5804,5867.0,8.707
5805,5868.0,7.596
5806,5869.0,8.667
5807,5870.0,10.817
5808,5871.0,7.435
5809,5872.0,7.917
5810,5873.0,9.389
5811,5874.0,7.044
5812,5875.0,8.359
5813,5876.0,7.286
5814,5877.0,7.716
5815,5878.0,9.068
5816,5879.0,6.481
5817,5880.0,6.924
5818,5881.0,7.435
5819,5882.0,7.636
5820,5883.0,7.165
5821,5884.0,7.475
5822,5885.0,7.355
5823,5886.0,11.8
5824,5887.0,7.877
5825,5888.0,10.937
5826,5889.0,8.467
5827,5890.0,11.4
5828,5891.0,7.877
5829,5892.0,11.64
5830,5893.0,7.515
5831,5894.0,7.004
5832,5895.0,7.004
5833,5896.0,8.507
5834,5897.0,10.937
5835,5899.0,7.837
5836,5900.0,7.837
5837,5901.0,9.229
5838,5902.0,10.176
5839,5903.0,7.234
5840,5904.0,10.136
5841,5905.0,7.435
5842,5906.0,8.747
5843,5907.0,8.667
5844,5908.0,7.085
5845,5909.0,6.843
5846,5910.0,7.676
5847,5911.0,7.286
5848,5912.0,7.355
5849,5913.0,7.435
5850,5914.0,7.435
5851,5915.0,11.057
5852,5916.0,8.627
5853,5917.0,8.788
5854,5918.0,10.697
5855,5919.0,9.935
5856,5920.0,9.47
5857,5921.0,10.616
5858,5922.0,9.068
5859,5923.0,7.286
5860,5924.0,7.205
5861,5925.0,10.096
5862,5926.0,7.395
5863,5927.0,8.239
5864,5928.0,10.256
5865,5929.0,8.988
5866,5930.0,7.556
5867,5931.0,8.667
5868,5932.0,7.085
5869,5933.0,8.118
5870,5934.0,7.246
5871,5935.0,7.556
5872,5936.0,8.667
5873,5937.0,6.36
5874,5938.0,6.964
5875,5939.0,7.435
5876,5940.0,7.515
5877,5941.0,7.395
5878,5942.0,7.435
5879,5943.0,7.797
5880,5944.0,11.8
5881,5945.0,8.199
5882,5946.0,11.017
5883,5947.0,8.44
5884,5948.0,11.44
5885,5949.0,7.917
5886,5950.0,11.64
5887,5951.0,7.515
5888,5952.0,7.085
5889,5953.0,7.044
5890,5954.0,8.747
5891,5955.0,10.616
5892,5956.0,7.355
5893,5957.0,8.038
5894,5958.0,9.775
5895,5959.0,9.51
5896,5960.0,7.395
5897,5961.0,10.857
5898,5962.0,7.556
5899,5963.0,9.189
5900,5964.0,7.676
5901,5965.0,7.194
5902,5966.0,6.763
5903,5967.0,7.676
5904,5968.0,7.314
5905,5969.0,7.395
5906,5970.0,7.435
5907,5971.0,7.435
5908,5972.0,11.12
5909,5973.0,8.587
5910,5974.0,9.068
5911,5975.0,10.376
5912,5976.0,10.256
5913,5977.0,9.189
5914,5978.0,10.897
5915,5979.0,8.707
5916,5980.0,7.286
5917,5981.0,7.246
5918,5982.0,10.817
5919,5983.0,7.676
5920,5984.0,7.877
5921,5985.0,9.309
5922,5986.0,10.056
5923,5987.0,7.395
5924,5988.0,8.279
5925,5989.0,8.788
5926,5991.0,7.837
5927,5992.0,8.788
5928,5993.0,7.314
5929,5994.0,7.998
5930,5995.0,6.44
5931,5996.0,6.964
5932,5997.0,7.355
5933,5998.0,7.475
5934,5999.0,7.596
5935,6000.0,7.165
5936,6001.0,9.59
5937,6002.0,10.416
5938,6003.0,7.596
5939,6004.0,11.52
5940,6005.0,7.797
5941,6006.0,11.8
5942,6007.0,9.149
5943,6008.0,10.576
5944,6009.0,7.355
5945,6010.0,7.085
5946,6011.0,7.676
5947,6012.0,7.797
5948,6013.0,9.189
5949,6014.0,10.256
5950,6015.0,7.395
5951,6016.0,8.239
5952,6017.0,10.096
5953,6018.0,6.964
5954,6019.0,8.587
5955,6020.0,7.246
5956,6021.0,7.958
5957,6022.0,9.59
5958,6023.0,6.561
5959,6024.0,6.964
5960,6025.0,7.475
5961,6026.0,7.837
5962,6027.0,7.246
5963,6028.0,7.395
5964,6029.0,7.125
5965,6030.0,11.72
5966,6031.0,7.917
5967,6032.0,10.697
5968,6033.0,8.868
5969,6034.0,11.24
5970,6035.0,8.158
5971,6036.0,11.52
5972,6037.0,7.676
5973,6038.0,7.085
5974,6039.0,7.125
5975,6040.0,8.948
5976,6041.0,10.456
5977,6042.0,7.395
5978,6043.0,8.118
5979,6044.0,9.815
5980,6045.0,9.51
5981,6046.0,7.435
5982,6047.0,10.857
5983,6048.0,7.556
5984,6049.0,9.189
5985,6050.0,7.676
5986,6051.0,7.194
5987,6052.0,6.722
5988,6053.0,7.716
5989,6054.0,7.355
5990,6055.0,7.355
5991,6056.0,7.435
5992,6057.0,7.515
5993,6058.0,10.977
5994,6059.0,8.707
5995,6060.0,8.627
5996,6061.0,10.857
5997,6062.0,9.975
5998,6063.0,9.43
5999,6064.0,10.697
6000,6065.0,8.948
6001,6066.0,7.286
6002,6067.0,7.205
6003,6068.0,10.496
6004,6069.0,7.395
6005,6070.0,8.038
6006,6071.0,9.67
6007,6072.0,9.71
6008,6073.0,7.395
6009,6074.0,8.507
6010,6075.0,8.239
6011,6076.0,7.917
6012,6077.0,8.239
6013,6078.0,7.366
6014,6079.0,8.118
6015,6080.0,6.44
6016,6081.0,6.964
6017,6083.0,7.435
6018,6084.0,7.515
6019,6085.0,7.676
6020,6086.0,7.246
6021,6087.0,9.349
6022,6088.0,10.777
6023,6089.0,7.676
6024,6090.0,11.44
6025,6091.0,7.877
6026,6092.0,11.76
6027,6093.0,8.868
6028,6094.0,10.977
6029,6095.0,7.355
6030,6096.0,7.085
6031,6097.0,7.165
6032,6098.0,7.958
6033,6099.0,9.47
6034,6100.0,9.975
6035,6101.0,7.395
6036,6102.0,8.4
6037,6103.0,10.456
6038,6104.0,7.044
6039,6105.0,8.747
6040,6106.0,7.286
6041,6107.0,7.998
6042,6108.0,9.855
6043,6109.0,6.601
6044,6110.0,6.763
6045,6111.0,7.636
6046,6112.0,7.234
6047,6113.0,7.355
6048,6114.0,7.395
6049,6115.0,7.355
6050,6116.0,11.16
6051,6117.0,8.48
6052,6118.0,9.269
6053,6119.0,10.056
6054,6120.0,10.376
6055,6121.0,8.908
6056,6122.0,10.977
6057,6123.0,8.547
6058,6124.0,7.246
6059,6125.0,7.246
6060,6126.0,10.937
6061,6127.0,8.118
6062,6128.0,7.757
6063,6129.0,9.068
6064,6130.0,10.296
6065,6131.0,7.355
6066,6132.0,8.158
6067,6133.0,9.149
6068,6134.0,7.837
6069,6135.0,9.109
6070,6136.0,7.314
6071,6137.0,7.998
6072,6138.0,6.4
6073,6139.0,6.964
6074,6140.0,7.355
6075,6141.0,7.475
6076,6142.0,7.596
6077,6143.0,7.154
6078,6144.0,9.55
6079,6145.0,10.536
6080,6146.0,7.636
6081,6147.0,11.48
6082,6148.0,7.837
6083,6149.0,11.76
6084,6150.0,9.068
6085,6151.0,10.657
6086,6152.0,7.355
6087,6153.0,7.085
6088,6154.0,7.556
6089,6155.0,7.837
6090,6156.0,9.269
6091,6157.0,10.176
6092,6158.0,7.355
6093,6159.0,8.279
6094,6160.0,10.176
6095,6161.0,6.964
6096,6162.0,8.627
6097,6163.0,7.246
6098,6164.0,7.998
6099,6165.0,9.63
6100,6166.0,6.601
6101,6167.0,6.883
6102,6168.0,7.515
6103,6169.0,7.716
6104,6170.0,7.355
6105,6171.0,7.395
6106,6172.0,7.165
6107,6173.0,11.6
6108,6174.0,8.078
6109,6176.0,10.296
6110,6177.0,8.868
6111,6178.0,11.017
6112,6179.0,8.507
6113,6180.0,11.4
6114,6181.0,7.917
6115,6182.0,7.246
6116,6183.0,7.205
6117,6184.0,9.55
6118,6185.0,9.831
6119,6186.0,7.435
6120,6187.0,8.48
6121,6188.0,10.657
6122,6189.0,8.667
6123,6190.0,7.636
6124,6191.0,10.456
6125,6192.0,7.716
6126,6193.0,9.751
6127,6194.0,7.286
6128,6195.0,7.435
6129,6196.0,6.642
6130,6197.0,7.596
6131,6198.0,7.326
6132,6199.0,7.395
6133,6200.0,7.475
6134,6201.0,7.716
6135,6202.0,10.616
6136,6203.0,8.948
6137,6204.0,7.636
6138,6205.0,11.76
6139,6206.0,9.389
6140,6207.0,10.216
6141,6208.0,10.336
6142,6209.0,9.028
6143,6210.0,7.286
6144,6211.0,7.205
6145,6212.0,9.815
6146,6213.0,7.395
6147,6214.0,8.4
6148,6215.0,10.456
6149,6216.0,8.868
6150,6217.0,7.596
6151,6218.0,8.707
6152,6219.0,7.085
6153,6220.0,8.118
6154,6221.0,7.246
6155,6222.0,7.475
6156,6223.0,8.48
6157,6224.0,6.32
6158,6225.0,6.924
6159,6226.0,7.435
6160,6227.0,7.435
6161,6228.0,7.958
6162,6229.0,7.355
6163,6230.0,8.48
6164,6231.0,11.92
6165,6232.0,7.958
6166,6233.0,11.2
6167,6234.0,8.078
6168,6235.0,11.6
6169,6236.0,7.797
6170,6237.0,11.8
6171,6238.0,7.314
6172,6239.0,6.964
6173,6240.0,7.004
6174,6241.0,8.319
6175,6242.0,10.336
6176,6243.0,8.988
6177,6244.0,7.556
6178,6245.0,8.667
6179,6246.0,10.817
6180,6247.0,7.125
6181,6248.0,9.389
6182,6249.0,7.314
6183,6250.0,8.319
6184,6251.0,9.67
6185,6252.0,6.843
6186,6253.0,6.924
6187,6254.0,7.556
6188,6255.0,7.165
6189,6256.0,7.435
6190,6257.0,7.435
6191,6258.0,7.246
6192,6259.0,11.48
6193,6260.0,8.199
6194,6261.0,10.016
6195,6262.0,9.229
6196,6263.0,10.857
6197,6264.0,8.788
6198,6265.0,11.32
6199,6266.0,8.118
6200,6267.0,7.286
6201,6269.0,7.355
6202,6270.0,10.016
6203,6271.0,9.269
6204,6272.0,7.475
6205,6273.0,8.52
6206,6274.0,10.977
6207,6275.0,7.958
6208,6276.0,7.797
6209,6277.0,10.016
6210,6278.0,7.676
6211,6279.0,9.975
6212,6280.0,7.286
6213,6281.0,7.596
6214,6282.0,6.561
6215,6283.0,7.004
6216,6284.0,7.246
6217,6285.0,7.475
6218,6286.0,7.435
6219,6287.0,7.958
6220,6288.0,10.256
6221,6289.0,9.51
6222,6290.0,7.475
6223,6291.0,11.68
6224,6292.0,8.707
6225,6293.0,11.08
6226,6294.0,9.855
6227,6295.0,9.59
6228,6296.0,7.286
6229,6297.0,7.165
6230,6298.0,8.988
6231,6299.0,7.515
6232,6300.0,8.52
6233,6301.0,10.937
6234,6302.0,7.797
6235,6303.0,7.837
6236,6304.0,9.229
6237,6305.0,7.044
6238,6306.0,8.279
6239,6307.0,7.286
6240,6308.0,7.676
6241,6309.0,8.868
6242,6310.0,6.44
6243,6311.0,6.964
6244,6312.0,7.435
6245,6313.0,7.515
6246,6314.0,7.515
6247,6315.0,7.395
6248,6316.0,8.038
6249,6317.0,11.84
6250,6318.0,8.078
6251,6319.0,11.12
6252,6320.0,8.239
6253,6321.0,11.52
6254,6322.0,7.837
6255,6323.0,11.76
6256,6324.0,7.395
6257,6325.0,7.004
6258,6326.0,7.004
6259,6327.0,8.52
6260,6328.0,10.737
6261,6329.0,8.587
6262,6330.0,7.636
6263,6331.0,8.868
6264,6332.0,10.576
6265,6333.0,7.205
6266,6334.0,9.67
6267,6335.0,7.355
6268,6336.0,8.48
6269,6337.0,9.309
6270,6338.0,6.883
6271,6339.0,6.803
6272,6340.0,7.636
6273,6341.0,7.326
6274,6342.0,7.355
6275,6343.0,7.435
6276,6344.0,7.355
6277,6345.0,11.2
6278,6346.0,8.44
6279,6347.0,9.349
6280,6348.0,9.975
6281,6349.0,10.416
6282,6350.0,8.868
6283,6351.0,11.0
6284,6352.0,8.507
6285,6353.0,7.246
6286,6354.0,7.246
6287,6355.0,10.937
6288,6356.0,8.199
6289,6357.0,7.757
6290,6358.0,9.068
6291,6359.0,10.336
6292,6361.0,7.355
6293,6362.0,8.118
6294,6363.0,9.189
6295,6364.0,7.797
6296,6365.0,9.149
6297,6366.0,7.286
6298,6367.0,7.958
6299,6368.0,6.561
6300,6369.0,6.964
6301,6370.0,7.274
6302,6371.0,7.435
6303,6372.0,7.475
6304,6373.0,7.636
6305,6374.0,9.975
6306,6375.0,9.815
6307,6376.0,7.475
6308,6377.0,11.6
6309,6378.0,8.319
6310,6379.0,11.6
6311,6380.0,9.59
6312,6381.0,9.935
6313,6382.0,7.314
6314,6383.0,7.125
6315,6384.0,8.48
6316,6385.0,7.596
6317,6386.0,8.788
6318,6387.0,10.697
6319,6388.0,7.355
6320,6389.0,7.998
6321,6390.0,9.55
6322,6391.0,7.004
6323,6392.0,8.44
6324,6393.0,7.246
6325,6394.0,7.797
6326,6395.0,9.149
6327,6396.0,6.521
6328,6397.0,6.964
6329,6398.0,7.435
6330,6399.0,7.556
6331,6400.0,7.205
6332,6401.0,7.435
6333,6402.0,7.797
6334,6403.0,11.88
6335,6404.0,8.199
6336,6405.0,11.057
6337,6406.0,8.319
6338,6407.0,11.48
6339,6408.0,7.877
6340,6409.0,11.76
6341,6410.0,7.395
6342,6411.0,7.004
6343,6412.0,6.964
6344,6413.0,8.4
6345,6414.0,10.977
6346,6415.0,8.359
6347,6416.0,7.676
6348,6417.0,9.028
6349,6418.0,10.416
6350,6419.0,7.234
6351,6420.0,9.815
6352,6421.0,7.355
6353,6422.0,8.56
6354,6423.0,9.109
6355,6424.0,6.964
6356,6425.0,6.803
6357,6426.0,7.596
6358,6427.0,7.205
6359,6428.0,7.355
6360,6429.0,7.395
6361,6430.0,7.314
6362,6431.0,11.28
6363,6432.0,8.359
6364,6433.0,9.55
6365,6434.0,9.735
6366,6435.0,10.536
6367,6436.0,9.189
6368,6437.0,11.08
6369,6438.0,8.359
6370,6439.0,7.246
6371,6440.0,7.435
6372,6441.0,10.657
6373,6442.0,8.587
6374,6443.0,7.636
6375,6444.0,8.868
6376,6445.0,10.576
6377,6446.0,7.355
6378,6447.0,7.998
6379,6448.0,9.51
6380,6449.0,7.757
6381,6450.0,9.47
6382,6451.0,7.286
6383,6452.0,7.837
6384,6453.0,6.722
6385,6455.0,7.085
6386,6456.0,7.205
6387,6457.0,7.435
6388,6458.0,7.515
6389,6459.0,7.837
6390,6460.0,10.456
6391,6461.0,9.189
6392,6462.0,7.435
6393,6463.0,11.72
6394,6464.0,9.109
6395,6465.0,10.616
6396,6466.0,10.136
6397,6467.0,9.269
6398,6468.0,7.274
6399,6469.0,7.165
6400,6470.0,9.43
6401,6471.0,7.435
6402,6472.0,8.4
6403,6473.0,10.937
6404,6474.0,8.359
6405,6475.0,7.716
6406,6476.0,8.948
6407,6477.0,7.085
6408,6478.0,8.199
6409,6479.0,7.286
6410,6480.0,7.556
6411,6481.0,8.667
6412,6482.0,6.642
6413,6483.0,7.004
6414,6484.0,7.475
6415,6485.0,7.515
6416,6486.0,7.757
6417,6487.0,7.286
6418,6488.0,9.028
6419,6489.0,11.24
6420,6490.0,7.797
6421,6491.0,11.4
6422,6492.0,7.877
6423,6493.0,11.72
6424,6494.0,8.48
6425,6495.0,11.4
6426,6496.0,7.234
6427,6497.0,7.004
6428,6498.0,7.044
6429,6499.0,8.038
6430,6500.0,9.735
6431,6501.0,9.63
6432,6502.0,7.395
6433,6503.0,8.4
6434,6504.0,10.857
6435,6505.0,7.004
6436,6506.0,8.988
6437,6507.0,7.205
6438,6508.0,8.078
6439,6509.0,10.096
6440,6510.0,6.722
6441,6511.0,6.843
6442,6512.0,7.556
6443,6513.0,7.165
6444,6514.0,7.515
6445,6515.0,7.395
6446,6516.0,7.274
6447,6517.0,11.4
6448,6518.0,8.239
6449,6519.0,9.855
6450,6520.0,9.389
6451,6521.0,10.737
6452,6522.0,8.908
6453,6523.0,11.2
6454,6524.0,8.158
6455,6525.0,7.246
6456,6526.0,7.366
6457,6527.0,10.136
6458,6528.0,9.109
6459,6529.0,7.515
6460,6530.0,8.587
6461,6531.0,10.857
6462,6532.0,7.716
6463,6533.0,7.837
6464,6534.0,9.895
6465,6535.0,7.716
6466,6536.0,9.895
6467,6537.0,7.314
6468,6538.0,7.636
6469,6539.0,6.722
6470,6540.0,7.716
6471,6541.0,7.475
6472,6542.0,7.395
6473,6543.0,7.475
6474,6544.0,7.676
6475,6545.0,10.697
6476,6546.0,9.028
6477,6548.0,7.837
6478,6549.0,11.68
6479,6550.0,9.51
6480,6551.0,10.056
6481,6552.0,10.376
6482,6553.0,8.948
6483,6554.0,7.274
6484,6555.0,7.205
6485,6556.0,9.895
6486,6557.0,7.435
6487,6558.0,8.359
6488,6559.0,10.376
6489,6560.0,8.988
6490,6561.0,7.556
6491,6562.0,8.627
6492,6563.0,7.246
6493,6564.0,8.078
6494,6565.0,7.326
6495,6566.0,7.435
6496,6567.0,8.4
6497,6568.0,6.44
6498,6569.0,7.044
6499,6570.0,7.475
6500,6571.0,7.435
6501,6572.0,7.917
6502,6573.0,7.355
6503,6574.0,8.788
6504,6575.0,11.72
6505,6576.0,7.917
6506,6577.0,11.28
6507,6578.0,8.038
6508,6579.0,11.64
6509,6580.0,8.158
6510,6581.0,11.76
6511,6582.0,7.274
6512,6583.0,6.964
6513,6584.0,7.044
6514,6585.0,8.199
6515,6586.0,10.096
6516,6587.0,9.309
6517,6588.0,7.475
6518,6589.0,8.467
6519,6590.0,10.96
6520,6591.0,7.085
6521,6592.0,9.229
6522,6593.0,7.286
6523,6594.0,8.199
6524,6595.0,9.895
6525,6596.0,6.763
6526,6597.0,6.843
6527,6598.0,7.596
6528,6599.0,7.154
6529,6600.0,7.475
6530,6601.0,7.395
6531,6602.0,7.234
6532,6603.0,11.4
6533,6604.0,8.239
6534,6605.0,9.895
6535,6606.0,9.389
6536,6607.0,10.777
6537,6608.0,8.908
6538,6609.0,11.2
6539,6610.0,8.158
6540,6611.0,7.246
6541,6612.0,7.366
6542,6613.0,10.136
6543,6614.0,9.149
6544,6615.0,7.515
6545,6616.0,8.587
6546,6617.0,10.897
6547,6618.0,7.757
6548,6619.0,7.837
6549,6620.0,9.935
6550,6621.0,7.716
6551,6622.0,9.935
6552,6623.0,7.286
6553,6624.0,7.636
6554,6625.0,6.601
6555,6626.0,7.004
6556,6627.0,7.246
6557,6628.0,7.435
6558,6629.0,7.395
6559,6630.0,7.958
6560,6631.0,10.216
6561,6632.0,9.51
6562,6633.0,7.475
6563,6634.0,11.72
6564,6635.0,8.707
6565,6636.0,11.12
6566,6637.0,9.855
6567,6638.0,9.63
6568,6639.0,7.314
6569,6641.0,7.165
6570,6642.0,8.988
6571,6643.0,7.556
6572,6644.0,8.547
6573,6645.0,10.937
6574,6646.0,7.797
6575,6647.0,7.877
6576,6648.0,9.229
6577,6649.0,7.044
6578,6650.0,8.279
6579,6651.0,7.246
6580,6652.0,7.676
6581,6653.0,8.908
6582,6654.0,6.44
6583,6655.0,6.964
6584,6656.0,7.435
6585,6657.0,7.515
6586,6658.0,7.125
6587,6659.0,7.395
6588,6660.0,7.716
6589,6661.0,11.84
6590,6662.0,8.239
6591,6663.0,11.017
6592,6664.0,8.359
6593,6665.0,11.44
6594,6666.0,7.917
6595,6667.0,11.68
6596,6668.0,7.435
6597,6669.0,6.964
6598,6670.0,6.964
6599,6671.0,8.359
6600,6672.0,11.0
6601,6673.0,8.199
6602,6674.0,7.716
6603,6675.0,9.028
6604,6676.0,10.376
6605,6677.0,7.194
6606,6678.0,9.895
6607,6679.0,7.395
6608,6680.0,8.587
6609,6681.0,8.988
6610,6682.0,6.953
6611,6683.0,6.803
6612,6684.0,7.636
6613,6685.0,7.234
6614,6686.0,7.395
6615,6687.0,7.435
6616,6688.0,7.395
6617,6689.0,11.28
6618,6690.0,8.467
6619,6691.0,9.389
6620,6692.0,10.016
6621,6693.0,10.456
6622,6694.0,8.948
6623,6695.0,11.017
6624,6696.0,8.507
6625,6697.0,7.286
6626,6698.0,7.286
6627,6699.0,10.977
6628,6700.0,8.319
6629,6701.0,7.757
6630,6702.0,9.028
6631,6703.0,10.416
6632,6704.0,7.435
6633,6705.0,8.078
6634,6706.0,9.309
6635,6707.0,7.797
6636,6708.0,9.309
6637,6709.0,7.314
6638,6710.0,7.958
6639,6711.0,6.561
6640,6712.0,7.004
6641,6713.0,7.286
6642,6714.0,7.475
6643,6715.0,7.435
6644,6716.0,8.038
6645,6717.0,10.136
6646,6718.0,9.751
6647,6719.0,7.435
6648,6720.0,11.68
6649,6721.0,8.52
6650,6722.0,11.4
6651,6723.0,9.751
6652,6724.0,9.775
6653,6725.0,7.314
6654,6726.0,7.125
6655,6727.0,8.747
6656,6728.0,7.515
6657,6729.0,8.667
6658,6730.0,10.777
6659,6731.0,7.435
6660,6732.0,7.917
6661,6734.0,9.43
6662,6735.0,7.004
6663,6736.0,8.359
6664,6737.0,7.205
6665,6738.0,7.716
6666,6739.0,9.028
6667,6740.0,6.44
6668,6741.0,6.924
6669,6742.0,7.515
6670,6743.0,7.636
6671,6744.0,7.205
6672,6745.0,7.475
6673,6746.0,7.395
6674,6747.0,11.76
6675,6748.0,7.877
6676,6749.0,10.857
6677,6750.0,8.587
6678,6751.0,11.36
6679,6752.0,7.958
6680,6753.0,11.64
6681,6754.0,7.556
6682,6755.0,7.044
6683,6756.0,7.044
6684,6757.0,8.627
6685,6758.0,10.777
6686,6759.0,7.475
6687,6760.0,7.917
6688,6761.0,9.349
6689,6762.0,9.975
6690,6763.0,7.274
6691,6764.0,10.336
6692,6765.0,7.475
6693,6766.0,8.868
6694,6767.0,8.4
6695,6768.0,7.085
6696,6769.0,6.763
6697,6770.0,7.676
6698,6771.0,7.274
6699,6772.0,7.395
6700,6773.0,7.435
6701,6774.0,7.435
6702,6775.0,11.08
6703,6776.0,8.587
6704,6777.0,9.028
6705,6778.0,10.376
6706,6779.0,10.216
6707,6780.0,9.149
6708,6781.0,10.857
6709,6782.0,8.707
6710,6783.0,7.246
6711,6784.0,7.246
6712,6785.0,10.777
6713,6786.0,7.716
6714,6787.0,7.877
6715,6788.0,9.349
6716,6789.0,10.096
6717,6790.0,7.395
6718,6791.0,8.279
6719,6792.0,8.828
6720,6793.0,7.877
6721,6794.0,8.828
6722,6795.0,7.314
6723,6796.0,8.038
6724,6797.0,6.642
6725,6798.0,7.004
6726,6799.0,7.246
6727,6800.0,7.435
6728,6801.0,7.435
6729,6802.0,7.998
6730,6803.0,10.176
6731,6804.0,9.63
6732,6805.0,7.435
6733,6806.0,11.64
6734,6807.0,8.587
6735,6808.0,11.24
6736,6809.0,9.791
6737,6810.0,9.695
6738,6811.0,7.355
6739,6812.0,7.165
6740,6813.0,8.828
6741,6814.0,7.596
6742,6815.0,8.627
6743,6816.0,10.817
6744,6817.0,7.556
6745,6818.0,7.877
6746,6819.0,9.349
6747,6820.0,7.004
6748,6821.0,8.359
6749,6822.0,7.246
6750,6823.0,7.716
6751,6824.0,8.948
6752,6826.0,6.44
6753,6827.0,6.924
6754,6828.0,7.475
6755,6829.0,7.596
6756,6830.0,7.205
6757,6831.0,7.475
6758,6832.0,7.515
6759,6833.0,11.84
6760,6834.0,7.998
6761,6835.0,10.977
6762,6836.0,8.44
6763,6837.0,11.4
6764,6838.0,7.877
6765,6839.0,11.68
6766,6840.0,7.475
6767,6841.0,7.004
6768,6842.0,7.004
6769,6843.0,8.44
6770,6844.0,11.017
6771,6845.0,7.998
6772,6846.0,7.797
6773,6847.0,9.109
6774,6848.0,10.296
6775,6849.0,7.234
6776,6850.0,10.016
6777,6851.0,7.395
6778,6852.0,8.667
6779,6853.0,8.868
6780,6854.0,7.044
6781,6855.0,6.843
6782,6856.0,7.636
6783,6857.0,7.194
6784,6858.0,7.395
6785,6859.0,7.395
6786,6860.0,7.355
6787,6861.0,11.28
6788,6862.0,8.4
6789,6863.0,9.55
6790,6864.0,9.775
6791,6865.0,10.536
6792,6866.0,9.229
6793,6867.0,11.08
6794,6868.0,8.44
6795,6869.0,7.286
6796,6870.0,7.515
6797,6871.0,10.657
6798,6872.0,8.627
6799,6873.0,7.636
6800,6874.0,8.908
6801,6875.0,10.616
6802,6876.0,7.395
6803,6877.0,7.998
6804,6878.0,9.51
6805,6879.0,7.757
6806,6880.0,9.51
6807,6881.0,7.274
6808,6882.0,7.797
6809,6883.0,6.642
6810,6884.0,6.964
6811,6885.0,7.205
6812,6886.0,7.435
6813,6887.0,7.395
6814,6888.0,7.877
6815,6889.0,10.336
6816,6890.0,9.349
6817,6891.0,7.475
6818,6892.0,11.68
6819,6893.0,8.868
6820,6894.0,10.897
6821,6895.0,9.975
6822,6896.0,9.47
6823,6897.0,7.314
6824,6898.0,7.125
6825,6899.0,9.149
6826,6900.0,7.435
6827,6901.0,8.467
6828,6902.0,11.017
6829,6903.0,8.078
6830,6904.0,7.797
6831,6905.0,9.109
6832,6906.0,7.044
6833,6907.0,8.239
6834,6908.0,7.246
6835,6909.0,7.636
6836,6910.0,8.747
6837,6911.0,6.4
6838,6912.0,6.924
6839,6913.0,7.435
6840,6914.0,7.515
6841,6915.0,7.435
6842,6916.0,7.395
6843,6918.0,8.038
6844,6919.0,11.84
6845,6920.0,8.118
6846,6921.0,11.08
6847,6922.0,8.279
6848,6923.0,11.52
6849,6924.0,7.877
6850,6925.0,11.76
6851,6926.0,7.395
6852,6927.0,6.964
6853,6928.0,7.004
6854,6929.0,8.507
6855,6930.0,10.817
6856,6931.0,8.547
6857,6932.0,7.676
6858,6933.0,8.868
6859,6934.0,10.576
6860,6935.0,7.205
6861,6936.0,9.71
6862,6937.0,7.355
6863,6938.0,8.52
6864,6939.0,9.269
6865,6940.0,6.964
6866,6941.0,6.803
6867,6942.0,7.676
6868,6943.0,7.246
6869,6944.0,7.435
6870,6945.0,7.435
6871,6946.0,7.395
6872,6947.0,11.24
6873,6948.0,8.44
6874,6949.0,9.47
6875,6950.0,9.895
6876,6951.0,10.496
6877,6952.0,9.028
6878,6953.0,11.08
6879,6954.0,8.467
6880,6955.0,7.246
6881,6956.0,7.395
6882,6957.0,10.777
6883,6958.0,8.48
6884,6959.0,7.676
6885,6960.0,8.908
6886,6961.0,10.536
6887,6962.0,7.355
6888,6963.0,8.038
6889,6964.0,9.43
6890,6965.0,7.797
6891,6966.0,9.43
6892,6967.0,7.326
6893,6968.0,7.837
6894,6969.0,6.601
6895,6970.0,6.964
6896,6971.0,7.274
6897,6972.0,7.435
6898,6973.0,7.435
6899,6974.0,7.998
6900,6975.0,10.176
6901,6976.0,9.67
6902,6977.0,7.395
6903,6978.0,11.64
6904,6979.0,8.587
6905,6980.0,11.28
6906,6981.0,9.775
6907,6982.0,9.695
6908,6983.0,7.314
6909,6984.0,7.125
6910,6985.0,8.828
6911,6986.0,7.515
6912,6987.0,8.627
6913,6988.0,10.857
6914,6989.0,7.636
6915,6990.0,7.877
6916,6991.0,9.349
6917,6992.0,7.004
6918,6993.0,8.319
6919,6994.0,7.246
6920,6995.0,7.716
6921,6996.0,8.948
6922,6997.0,6.44
6923,6998.0,6.924
6924,6999.0,7.475
6925,7000.0,7.596
6926,7001.0,7.154
6927,7002.0,7.475
6928,7003.0,7.355
6929,7004.0,11.76
6930,7005.0,7.877
6931,7006.0,10.937
6932,7007.0,8.507
6933,7009.0,11.4
6934,7010.0,7.917
6935,7011.0,11.68
6936,7012.0,7.515
6937,7013.0,7.044
6938,7014.0,7.044
6939,7015.0,8.507
6940,7016.0,10.977
6941,7017.0,7.797
6942,7018.0,7.837
6943,7019.0,9.229
6944,7020.0,10.176
6945,7021.0,7.274
6946,7022.0,10.176
6947,7023.0,7.435
6948,7024.0,8.747
6949,7025.0,8.707
6950,7026.0,7.073
6951,7027.0,6.803
6952,7028.0,7.676
6953,7029.0,7.234
6954,7030.0,7.395
6955,7031.0,7.435
6956,7032.0,7.395
6957,7033.0,11.32
6958,7034.0,8.44
6959,7035.0,9.55
6960,7036.0,9.815
6961,7037.0,10.536
6962,7038.0,9.109
6963,7039.0,11.08
6964,7040.0,8.4
6965,7041.0,7.286
6966,7042.0,7.475
6967,7043.0,10.697
6968,7044.0,8.52
6969,7045.0,7.636
6970,7046.0,8.868
6971,7047.0,10.536
6972,7048.0,7.355
6973,7049.0,8.038
6974,7050.0,9.47
6975,7051.0,7.797
6976,7052.0,9.43
6977,7053.0,7.326
6978,7054.0,7.837
6979,7055.0,6.521
6980,7056.0,6.964
6981,7057.0,7.314
6982,7058.0,7.435
6983,7059.0,7.515
6984,7060.0,7.366
6985,7061.0,9.895
6986,7062.0,9.975
6987,7063.0,7.515
6988,7064.0,11.6
6989,7065.0,8.158
6990,7066.0,11.76
6991,7067.0,9.55
6992,7068.0,10.096
6993,7069.0,7.395
6994,7070.0,7.125
6995,7071.0,8.4
6996,7072.0,7.636
6997,7073.0,8.868
6998,7074.0,10.616
6999,7075.0,7.395
7000,7076.0,7.998
7001,7077.0,9.67
7002,7078.0,6.883
7003,7079.0,8.44
7004,7080.0,7.205
7005,7081.0,7.837
7006,7082.0,9.189
7007,7083.0,6.521
7008,7084.0,6.883
7009,7085.0,7.475
7010,7086.0,7.757
7011,7087.0,7.246
7012,7088.0,7.355
7013,7089.0,7.125
7014,7090.0,11.68
7015,7091.0,7.917
7016,7092.0,10.737
7017,7093.0,8.788
7018,7094.0,11.28
7019,7095.0,8.118
7020,7096.0,11.56
7021,7097.0,7.636
7022,7098.0,7.044
7023,7099.0,7.125
7024,7101.0,8.788
7025,7102.0,10.657
7026,7103.0,7.355
7027,7104.0,8.038
7028,7105.0,9.63
7029,7106.0,9.775
7030,7107.0,7.355
7031,7108.0,10.657
7032,7109.0,7.515
7033,7110.0,9.068
7034,7111.0,8.078
7035,7112.0,7.154
7036,7113.0,6.722
7037,7114.0,7.636
7038,7115.0,7.395
7039,7116.0,7.395
7040,7117.0,7.435
7041,7118.0,7.515
7042,7119.0,10.937
7043,7120.0,8.747
7044,7121.0,8.547
7045,7122.0,10.897
7046,7123.0,9.935
7047,7124.0,9.47
7048,7125.0,10.697
7049,7126.0,8.948
7050,7127.0,7.286
7051,7128.0,7.205
7052,7129.0,10.496
7053,7130.0,7.355
7054,7131.0,7.998
7055,7132.0,9.67
7056,7133.0,9.751
7057,7134.0,7.395
7058,7135.0,8.52
7059,7136.0,8.279
7060,7137.0,7.917
7061,7138.0,8.279
7062,7139.0,7.366
7063,7140.0,8.078
7064,7141.0,6.521
7065,7142.0,6.964
7066,7143.0,7.435
7067,7144.0,7.475
7068,7145.0,7.676
7069,7146.0,7.205
7070,7147.0,9.51
7071,7148.0,10.576
7072,7149.0,7.676
7073,7150.0,11.48
7074,7151.0,7.837
7075,7152.0,11.72
7076,7153.0,9.109
7077,7154.0,10.616
7078,7155.0,7.355
7079,7156.0,7.044
7080,7157.0,7.556
7081,7158.0,7.797
7082,7159.0,9.269
7083,7160.0,10.176
7084,7161.0,7.395
7085,7162.0,8.239
7086,7163.0,10.176
7087,7164.0,6.964
7088,7165.0,8.627
7089,7166.0,7.205
7090,7167.0,7.998
7091,7168.0,9.59
7092,7169.0,6.642
7093,7170.0,6.883
7094,7171.0,7.556
7095,7172.0,7.958
7096,7173.0,7.366
7097,7174.0,7.407
7098,7175.0,7.165
7099,7176.0,11.6
7100,7177.0,8.038
7101,7178.0,10.416
7102,7179.0,9.229
7103,7180.0,11.08
7104,7181.0,8.4
7105,7182.0,11.44
7106,7183.0,7.837
7107,7184.0,7.165
7108,7185.0,7.205
7109,7186.0,9.269
7110,7187.0,10.096
7111,7188.0,7.395
7112,7189.0,8.319
7113,7190.0,10.256
7114,7191.0,9.028
7115,7193.0,7.515
7116,7194.0,10.697
7117,7195.0,7.676
7118,7196.0,9.51
7119,7197.0,7.326
7120,7198.0,7.355
7121,7199.0,6.722
7122,7200.0,7.636
7123,7201.0,7.435
7124,7202.0,7.395
7125,7203.0,7.475
7126,7204.0,7.596
7127,7205.0,10.857
7128,7206.0,8.868
7129,7207.0,8.239
7130,7208.0,11.28
7131,7209.0,9.751
7132,7210.0,9.735
7133,7211.0,10.576
7134,7212.0,9.149
7135,7213.0,7.286
7136,7214.0,7.205
7137,7215.0,10.216
7138,7216.0,7.355
7139,7217.0,8.158
7140,7218.0,9.975
7141,7219.0,9.389
7142,7220.0,7.435
7143,7221.0,8.4
7144,7222.0,7.716
7145,7223.0,7.998
7146,7224.0,7.757
7147,7225.0,7.395
7148,7226.0,8.239
7149,7227.0,6.521
7150,7228.0,6.964
7151,7229.0,7.556
7152,7230.0,7.515
7153,7231.0,7.837
7154,7232.0,7.246
7155,7233.0,8.908
7156,7234.0,11.4
7157,7235.0,7.877
7158,7236.0,11.28
7159,7237.0,7.917
7160,7238.0,11.6
7161,7239.0,8.359
7162,7240.0,11.52
7163,7241.0,7.395
7164,7242.0,7.004
7165,7243.0,7.085
7166,7244.0,8.118
7167,7245.0,9.895
7168,7246.0,9.63
7169,7247.0,7.475
7170,7248.0,8.4
7171,7249.0,11.04
7172,7250.0,7.044
7173,7251.0,9.109
7174,7252.0,7.246
7175,7253.0,8.158
7176,7254.0,10.016
7177,7255.0,6.763
7178,7256.0,6.763
7179,7257.0,7.676
7180,7258.0,7.246
7181,7259.0,7.395
7182,7260.0,7.395
7183,7261.0,7.395
7184,7262.0,11.24
7185,7263.0,8.48
7186,7264.0,9.389
7187,7265.0,9.935
7188,7266.0,10.456
7189,7267.0,8.908
7190,7268.0,11.017
7191,7269.0,8.467
7192,7270.0,7.246
7193,7271.0,7.246
7194,7272.0,10.897
7195,7273.0,8.319
7196,7274.0,7.716
7197,7275.0,8.988
7198,7276.0,10.456
7199,7277.0,7.355
7200,7278.0,8.078
7201,7279.0,9.309
7202,7280.0,7.797
7203,7281.0,9.309
7204,7282.0,7.314
7205,7283.0,7.877
7206,7284.0,6.521
7207,7286.0,7.004
7208,7287.0,7.355
7209,7288.0,7.475
7210,7289.0,7.596
7211,7290.0,7.165
7212,7291.0,9.751
7213,7292.0,10.176
7214,7293.0,7.556
7215,7294.0,11.52
7216,7295.0,7.877
7217,7296.0,11.76
7218,7297.0,9.309
7219,7298.0,10.296
7220,7299.0,7.355
7221,7300.0,7.085
7222,7301.0,7.998
7223,7302.0,7.797
7224,7303.0,9.068
7225,7304.0,10.416
7226,7305.0,7.435
7227,7306.0,8.158
7228,7307.0,9.855
7229,7308.0,6.924
7230,7309.0,8.547
7231,7310.0,7.286
7232,7311.0,7.917
7233,7312.0,9.349
7234,7313.0,6.561
7235,7314.0,6.924
7236,7315.0,7.515
7237,7316.0,7.797
7238,7317.0,7.234
7239,7318.0,7.355
7240,7319.0,7.165
7241,7320.0,11.68
7242,7321.0,7.917
7243,7322.0,10.737
7244,7323.0,8.747
7245,7324.0,11.28
7246,7325.0,8.078
7247,7326.0,11.56
7248,7327.0,7.636
7249,7328.0,7.125
7250,7329.0,7.125
7251,7330.0,8.747
7252,7331.0,10.657
7253,7332.0,7.355
7254,7333.0,8.038
7255,7334.0,9.59
7256,7335.0,9.791
7257,7336.0,7.355
7258,7337.0,10.657
7259,7338.0,7.515
7260,7339.0,9.028
7261,7340.0,8.078
7262,7341.0,7.154
7263,7342.0,6.803
7264,7343.0,7.676
7265,7344.0,7.274
7266,7345.0,7.355
7267,7346.0,7.435
7268,7347.0,7.395
7269,7348.0,11.12
7270,7349.0,8.587
7271,7350.0,9.068
7272,7351.0,10.336
7273,7352.0,10.256
7274,7353.0,9.109
7275,7354.0,10.897
7276,7355.0,8.667
7277,7356.0,7.234
7278,7357.0,7.205
7279,7358.0,10.777
7280,7359.0,7.676
7281,7360.0,7.837
7282,7361.0,9.269
7283,7362.0,10.056
7284,7363.0,7.355
7285,7364.0,8.279
7286,7365.0,8.747
7287,7366.0,7.877
7288,7367.0,8.747
7289,7368.0,7.314
7290,7369.0,7.998
7291,7370.0,6.44
7292,7371.0,6.964
7293,7372.0,7.435
7294,7373.0,7.515
7295,7374.0,7.716
7296,7375.0,7.246
7297,7376.0,9.389
7298,7377.0,10.777
7299,7379.0,7.716
7300,7380.0,11.44
7301,7381.0,7.877
7302,7382.0,11.68
7303,7383.0,8.868
7304,7384.0,10.897
7305,7385.0,7.355
7306,7386.0,7.044
7307,7387.0,7.165
7308,7388.0,7.877
7309,7389.0,9.43
7310,7390.0,9.935
7311,7391.0,7.435
7312,7392.0,8.359
7313,7393.0,10.456
7314,7394.0,7.004
7315,7395.0,8.788
7316,7396.0,7.205
7317,7397.0,8.038
7318,7398.0,9.791
7319,7399.0,6.642
7320,7400.0,6.682
7321,7401.0,7.757
7322,7402.0,7.355
7323,7403.0,7.435
7324,7404.0,7.475
7325,7405.0,7.556
7326,7406.0,11.017
7327,7407.0,8.747
7328,7408.0,8.747
7329,7409.0,10.777
7330,7410.0,10.056
7331,7411.0,9.43
7332,7412.0,10.737
7333,7413.0,8.948
7334,7414.0,7.286
7335,7415.0,7.286
7336,7416.0,10.576
7337,7417.0,7.435
7338,7418.0,7.998
7339,7419.0,9.67
7340,7420.0,9.791
7341,7421.0,7.395
7342,7422.0,8.48
7343,7423.0,8.319
7344,7424.0,7.917
7345,7425.0,8.319
7346,7426.0,7.355
7347,7427.0,8.078
7348,7428.0,6.481
7349,7429.0,6.964
7350,7430.0,7.435
7351,7431.0,7.475
7352,7432.0,7.676
7353,7433.0,7.205
7354,7434.0,9.349
7355,7435.0,10.777
7356,7436.0,7.676
7357,7437.0,11.44
7358,7438.0,7.877
7359,7439.0,11.72
7360,7440.0,8.868
7361,7441.0,10.937
7362,7442.0,7.355
7363,7443.0,7.044
7364,7444.0,7.165
7365,7445.0,7.877
7366,7446.0,9.43
7367,7447.0,9.935
7368,7448.0,7.395
7369,7449.0,8.359
7370,7450.0,10.416
7371,7451.0,7.004
7372,7452.0,8.788
7373,7453.0,7.205
7374,7454.0,7.998
7375,7455.0,9.791
7376,7456.0,6.682
7377,7457.0,6.843
7378,7458.0,7.556
7379,7459.0,7.274
7380,7460.0,7.395
7381,7461.0,7.395
7382,7462.0,7.194
7383,7463.0,11.48
7384,7464.0,8.158
7385,7465.0,10.136
7386,7466.0,9.028
7387,7467.0,10.937
7388,7468.0,8.627
7389,7469.0,11.32
7390,7470.0,7.998
7391,7471.0,7.246
7392,7473.0,7.286
7393,7474.0,9.71
7394,7475.0,9.63
7395,7476.0,7.395
7396,7477.0,8.4
7397,7478.0,10.897
7398,7479.0,8.359
7399,7480.0,7.676
7400,7481.0,10.296
7401,7482.0,7.676
7402,7483.0,9.975
7403,7484.0,7.326
7404,7485.0,7.515
7405,7486.0,6.36
7406,7487.0,7.044
7407,7488.0,7.435
7408,7489.0,7.515
7409,7490.0,7.716
7410,7491.0,7.274
7411,7492.0,9.229
7412,7493.0,11.04
7413,7494.0,7.716
7414,7495.0,11.44
7415,7496.0,7.877
7416,7497.0,11.72
7417,7498.0,8.707
7418,7499.0,11.12
7419,7500.0,7.395
7420,7501.0,7.044
7421,7502.0,7.085
7422,7503.0,7.958
7423,7504.0,9.59
7424,7505.0,9.855
7425,7506.0,7.395
7426,7507.0,8.48
7427,7508.0,10.616
7428,7509.0,7.004
7429,7510.0,8.868
7430,7511.0,7.205
7431,7512.0,7.998
7432,7513.0,9.895
7433,7514.0,6.682
7434,7515.0,6.883
7435,7516.0,7.515
7436,7517.0,7.998
7437,7518.0,7.355
7438,7519.0,7.395
7439,7520.0,7.165
7440,7521.0,11.6
7441,7522.0,8.078
7442,7523.0,10.376
7443,7524.0,9.028
7444,7525.0,11.08
7445,7526.0,8.48
7446,7527.0,11.44
7447,7528.0,7.877
7448,7529.0,7.205
7449,7530.0,7.205
7450,7531.0,9.389
7451,7532.0,9.975
7452,7533.0,7.395
7453,7534.0,8.4
7454,7535.0,10.456
7455,7536.0,8.828
7456,7537.0,7.556
7457,7538.0,10.576
7458,7539.0,7.716
7459,7540.0,9.67
7460,7541.0,7.286
7461,7542.0,7.355
7462,7543.0,6.642
7463,7544.0,7.596
7464,7545.0,7.274
7465,7546.0,7.435
7466,7547.0,7.515
7467,7548.0,7.757
7468,7549.0,10.616
7469,7550.0,8.988
7470,7551.0,7.596
7471,7552.0,11.8
7472,7553.0,9.349
7473,7554.0,10.296
7474,7555.0,10.296
7475,7556.0,9.068
7476,7557.0,7.286
7477,7558.0,7.205
7478,7559.0,9.71
7479,7560.0,7.475
7480,7561.0,8.44
7481,7562.0,10.576
7482,7563.0,8.707
7483,7564.0,7.636
7484,7566.0,8.747
7485,7567.0,7.125
7486,7568.0,8.118
7487,7569.0,7.286
7488,7570.0,7.515
7489,7571.0,8.56
7490,7572.0,6.4
7491,7573.0,7.004
7492,7574.0,7.395
7493,7575.0,7.435
7494,7576.0,7.917
7495,7577.0,7.326
7496,7578.0,8.52
7497,7579.0,11.88
7498,7580.0,7.958
7499,7581.0,11.2
7500,7582.0,8.038
7501,7583.0,11.56
7502,7584.0,7.917
7503,7585.0,11.76
7504,7586.0,7.314
7505,7587.0,6.924
7506,7588.0,7.044
7507,7589.0,8.279
7508,7590.0,10.256
7509,7591.0,9.109
7510,7592.0,7.515
7511,7593.0,8.587
7512,7594.0,10.857
7513,7595.0,7.125
7514,7596.0,9.309
7515,7597.0,7.286
7516,7598.0,8.279
7517,7599.0,9.71
7518,7600.0,6.843
7519,7601.0,6.843
7520,7602.0,7.556
7521,7603.0,7.246
7522,7604.0,7.395
7523,7605.0,7.407
7524,7606.0,7.246
7525,7607.0,11.52
7526,7608.0,8.158
7527,7609.0,10.136
7528,7610.0,9.068
7529,7611.0,10.897
7530,7612.0,8.667
7531,7613.0,11.32
7532,7614.0,8.038
7533,7615.0,7.246
7534,7616.0,7.286
7535,7617.0,9.751
7536,7618.0,9.55
7537,7619.0,7.435
7538,7620.0,8.4
7539,7621.0,10.937
7540,7622.0,8.359
7541,7623.0,7.676
7542,7624.0,10.296
7543,7625.0,7.676
7544,7626.0,9.975
7545,7627.0,7.286
7546,7628.0,7.515
7547,7629.0,6.722
7548,7630.0,7.676
7549,7631.0,7.435
7550,7632.0,7.435
7551,7633.0,7.475
7552,7634.0,7.636
7553,7635.0,10.817
7554,7636.0,8.988
7555,7637.0,8.118
7556,7638.0,11.52
7557,7639.0,9.67
7558,7640.0,9.895
7559,7641.0,10.536
7560,7642.0,9.068
7561,7643.0,7.326
7562,7644.0,7.246
7563,7645.0,10.136
7564,7646.0,7.435
7565,7647.0,8.279
7566,7648.0,10.136
7567,7649.0,9.269
7568,7650.0,7.556
7569,7651.0,8.507
7570,7652.0,7.596
7571,7653.0,8.038
7572,7654.0,7.596
7573,7655.0,7.435
7574,7656.0,8.319
7575,7658.0,6.32
7576,7659.0,6.883
7577,7660.0,7.475
7578,7661.0,7.757
7579,7662.0,7.246
7580,7663.0,7.395
7581,7664.0,7.085
7582,7665.0,11.68
7583,7666.0,7.917
7584,7667.0,10.697
7585,7668.0,8.788
7586,7669.0,11.24
7587,7670.0,8.118
7588,7671.0,11.56
7589,7672.0,7.636
7590,7673.0,7.085
7591,7674.0,7.085
7592,7675.0,8.828
7593,7676.0,10.576
7594,7677.0,7.355
7595,7678.0,8.038
7596,7679.0,9.71
7597,7680.0,9.63
7598,7681.0,7.355
7599,7682.0,10.737
7600,7683.0,7.515
7601,7684.0,9.109
7602,7685.0,7.917
7603,7686.0,7.234
7604,7687.0,6.763
7605,7688.0,7.716
7606,7689.0,7.314
7607,7690.0,7.355
7608,7691.0,7.435
7609,7692.0,7.475
7610,7693.0,11.057
7611,7694.0,8.667
7612,7695.0,8.828
7613,7696.0,10.616
7614,7697.0,10.096
7615,7698.0,9.309
7616,7699.0,10.817
7617,7700.0,8.828
7618,7701.0,7.274
7619,7702.0,7.246
7620,7703.0,10.657
7621,7704.0,7.395
7622,7705.0,7.917
7623,7706.0,9.47
7624,7707.0,9.935
7625,7708.0,7.395
7626,7709.0,8.4
7627,7710.0,8.601
7628,7711.0,7.877
7629,7712.0,8.56
7630,7713.0,7.274
7631,7714.0,8.038
7632,7715.0,6.118
7633,7716.0,6.803
7634,7717.0,7.556
7635,7718.0,7.274
7636,7719.0,7.395
7637,7720.0,7.395
7638,7721.0,7.205
7639,7722.0,11.52
7640,7723.0,8.118
7641,7724.0,10.176
7642,7725.0,9.068
7643,7726.0,10.977
7644,7727.0,8.627
7645,7728.0,11.36
7646,7729.0,7.998
7647,7730.0,7.286
7648,7731.0,7.246
7649,7732.0,9.751
7650,7733.0,9.59
7651,7734.0,7.435
7652,7735.0,8.4
7653,7736.0,10.937
7654,7737.0,8.4
7655,7738.0,7.716
7656,7739.0,10.336
7657,7740.0,7.676
7658,7741.0,9.935
7659,7742.0,7.286
7660,7743.0,7.475
7661,7744.0,6.682
7662,7745.0,7.596
7663,7746.0,7.314
7664,7747.0,7.395
7665,7748.0,7.475
7666,7749.0,7.716
7667,7750.0,10.616
7668,7752.0,8.988
7669,7753.0,7.636
7670,7754.0,11.76
7671,7755.0,9.389
7672,7756.0,10.256
7673,7757.0,10.296
7674,7758.0,9.028
7675,7759.0,7.314
7676,7760.0,7.205
7677,7761.0,9.791
7678,7762.0,7.395
7679,7763.0,8.44
7680,7764.0,10.536
7681,7765.0,8.788
7682,7766.0,7.596
7683,7767.0,8.707
7684,7768.0,7.085
7685,7769.0,8.078
7686,7770.0,7.246
7687,7771.0,7.475
7688,7772.0,8.48
7689,7773.0,6.32
7690,7774.0,6.924
7691,7775.0,7.435
7692,7776.0,7.596
7693,7777.0,7.165
7694,7778.0,7.435
7695,7779.0,7.515
7696,7780.0,11.84
7697,7781.0,8.078
7698,7782.0,11.017
7699,7783.0,8.4
7700,7784.0,11.44
7701,7785.0,7.837
7702,7786.0,11.72
7703,7787.0,7.435
7704,7788.0,7.004
7705,7789.0,7.004
7706,7790.0,8.44
7707,7791.0,11.017
7708,7792.0,8.118
7709,7793.0,7.797
7710,7794.0,9.109
7711,7795.0,10.296
7712,7796.0,7.234
7713,7797.0,9.975
7714,7798.0,7.395
7715,7799.0,8.627
7716,7800.0,8.948
7717,7801.0,6.953
7718,7802.0,6.843
7719,7803.0,7.636
7720,7804.0,7.274
7721,7805.0,7.355
7722,7806.0,7.435
7723,7807.0,7.355
7724,7808.0,11.28
7725,7809.0,8.4
7726,7810.0,9.47
7727,7811.0,9.855
7728,7812.0,10.536
7729,7813.0,8.948
7730,7814.0,11.08
7731,7815.0,8.426
7732,7816.0,7.286
7733,7817.0,7.326
7734,7818.0,10.857
7735,7819.0,8.4
7736,7820.0,7.676
7737,7821.0,8.948
7738,7822.0,10.456
7739,7823.0,7.355
7740,7824.0,8.038
7741,7825.0,9.349
7742,7826.0,7.757
7743,7827.0,9.309
7744,7828.0,7.274
7745,7829.0,7.877
7746,7830.0,6.803
7747,7831.0,7.757
7748,7832.0,7.475
7749,7833.0,7.395
7750,7834.0,7.475
7751,7835.0,7.676
7752,7836.0,10.657
7753,7837.0,8.948
7754,7838.0,7.757
7755,7839.0,11.72
7756,7840.0,9.47
7757,7841.0,10.136
7758,7842.0,10.376
7759,7843.0,8.948
7760,7845.0,7.286
7761,7846.0,7.205
7762,7847.0,9.895
7763,7848.0,7.395
7764,7849.0,8.359
7765,7850.0,10.416
7766,7851.0,8.948
7767,7852.0,7.556
7768,7853.0,8.627
7769,7854.0,7.125
7770,7855.0,8.078
7771,7856.0,7.246
7772,7857.0,7.475
7773,7858.0,8.44
7774,7859.0,6.561
7775,7860.0,6.964
7776,7861.0,7.475
7777,7862.0,7.475
7778,7863.0,7.757
7779,7864.0,7.234
7780,7865.0,9.028
7781,7866.0,11.2
7782,7867.0,7.797
7783,7868.0,11.36
7784,7869.0,7.877
7785,7870.0,11.68
7786,7871.0,8.507
7787,7872.0,11.36
7788,7873.0,7.234
7789,7874.0,7.044
7790,7875.0,7.085
7791,7876.0,8.078
7792,7877.0,9.735
7793,7878.0,9.67
7794,7879.0,7.395
7795,7880.0,8.467
7796,7881.0,10.817
7797,7882.0,7.044
7798,7883.0,8.988
7799,7884.0,7.246
7800,7885.0,8.038
7801,7886.0,10.096
7802,7887.0,6.722
7803,7888.0,6.964
7804,7889.0,7.515
7805,7890.0,7.877
7806,7891.0,7.274
7807,7892.0,7.395
7808,7893.0,7.125
7809,7894.0,11.76
7810,7895.0,7.958
7811,7896.0,10.697
7812,7897.0,8.908
7813,7898.0,11.24
7814,7899.0,8.158
7815,7900.0,11.56
7816,7901.0,7.716
7817,7902.0,7.125
7818,7903.0,7.125
7819,7904.0,8.948
7820,7905.0,10.456
7821,7906.0,7.395
7822,7907.0,8.118
7823,7908.0,9.815
7824,7909.0,9.55
7825,7910.0,7.395
7826,7911.0,10.857
7827,7912.0,7.556
7828,7913.0,9.189
7829,7914.0,7.716
7830,7915.0,7.234
7831,7916.0,6.924
7832,7917.0,7.556
7833,7918.0,7.165
7834,7919.0,7.435
7835,7920.0,7.395
7836,7921.0,7.234
7837,7922.0,11.44
7838,7923.0,8.239
7839,7924.0,9.935
7840,7925.0,9.269
7841,7926.0,10.777
7842,7927.0,8.788
7843,7928.0,11.24
7844,7929.0,8.118
7845,7930.0,7.246
7846,7931.0,7.314
7847,7932.0,10.016
7848,7933.0,9.269
7849,7934.0,7.475
7850,7935.0,8.507
7851,7936.0,10.937
7852,7938.0,7.917
7853,7939.0,7.757
7854,7940.0,10.056
7855,7941.0,7.676
7856,7942.0,9.975
7857,7943.0,7.286
7858,7944.0,7.596
7859,7945.0,6.722
7860,7946.0,7.757
7861,7947.0,7.475
7862,7948.0,7.435
7863,7949.0,7.475
7864,7950.0,7.676
7865,7951.0,10.697
7866,7952.0,9.028
7867,7953.0,7.837
7868,7954.0,11.68
7869,7955.0,9.51
7870,7956.0,10.136
7871,7957.0,10.376
7872,7958.0,8.948
7873,7959.0,7.286
7874,7960.0,7.205
7875,7961.0,9.975
7876,7962.0,7.435
7877,7963.0,8.319
7878,7964.0,10.376
7879,7965.0,8.988
7880,7966.0,7.596
7881,7967.0,8.627
7882,7968.0,7.205
7883,7969.0,8.078
7884,7970.0,7.286
7885,7971.0,7.475
7886,7972.0,8.44
7887,7973.0,6.279
7888,7974.0,6.682
7889,7975.0,7.676
7890,7976.0,7.355
7891,7977.0,7.435
7892,7978.0,7.475
7893,7979.0,7.435
7894,7980.0,11.08
7895,7981.0,8.868
7896,7982.0,8.908
7897,7983.0,10.536
7898,7984.0,10.136
7899,7985.0,9.229
7900,7986.0,10.817
7901,7987.0,8.747
7902,7988.0,7.246
7903,7989.0,7.246
7904,7990.0,10.697
7905,7991.0,7.435
7906,7992.0,7.877
7907,7993.0,9.43
7908,7994.0,9.935
7909,7995.0,7.395
7910,7996.0,8.359
7911,7997.0,8.587
7912,7998.0,7.877
7913,7999.0,8.641
7914,8000.0,7.286
7915,8001.0,7.998
7916,8002.0,6.561
7917,8003.0,7.004
7918,8004.0,7.314
7919,8005.0,7.475
7920,8006.0,7.515
7921,8007.0,7.274
7922,8008.0,9.855
7923,8009.0,10.016
7924,8010.0,7.515
7925,8011.0,11.56
7926,8012.0,8.038
7927,8013.0,11.76
7928,8014.0,9.43
7929,8015.0,10.216
7930,8016.0,7.314
7931,8017.0,7.125
7932,8018.0,8.199
7933,8019.0,7.676
7934,8020.0,8.948
7935,8021.0,10.536
7936,8022.0,7.355
7937,8023.0,8.078
7938,8024.0,9.735
7939,8025.0,6.924
7940,8026.0,8.44
7941,8027.0,7.246
7942,8028.0,7.837
7943,8029.0,9.349
7944,8030.0,6.521
7945,8032.0,6.843
7946,8033.0,7.556
7947,8034.0,7.246
7948,8035.0,7.395
7949,8036.0,7.435
7950,8037.0,7.205
7951,8038.0,11.52
7952,8039.0,8.158
7953,8040.0,10.136
7954,8041.0,9.068
7955,8042.0,10.897
7956,8043.0,8.667
7957,8044.0,11.32
7958,8045.0,7.998
7959,8046.0,7.286
7960,8047.0,7.286
7961,8048.0,9.815
7962,8049.0,9.51
7963,8050.0,7.435
7964,8051.0,8.359
7965,8052.0,11.0
7966,8053.0,8.239
7967,8054.0,7.757
7968,8055.0,10.216
7969,8056.0,7.716
7970,8057.0,10.016
7971,8058.0,7.314
7972,8059.0,7.556
7973,8060.0,6.964
7974,8061.0,7.676
7975,8062.0,7.274
7976,8063.0,7.355
7977,8064.0,7.395
7978,8065.0,7.395
7979,8066.0,11.16
7980,8067.0,8.507
7981,8068.0,9.229
7982,8069.0,10.136
7983,8070.0,10.336
7984,8071.0,8.948
7985,8072.0,10.977
7986,8073.0,8.587
7987,8074.0,7.286
7988,8075.0,7.246
7989,8076.0,10.937
7990,8077.0,8.038
7991,8078.0,7.757
7992,8079.0,9.149
7993,8080.0,10.296
7994,8081.0,7.395
7995,8082.0,8.199
7996,8083.0,9.068
7997,8084.0,7.797
7998,8085.0,9.068
7999,8086.0,7.314
8000,8087.0,7.998
8001,8088.0,6.159
8002,8089.0,6.883
8003,8090.0,7.475
8004,8091.0,7.837
8005,8092.0,7.234
8006,8093.0,7.355
8007,8094.0,7.085
8008,8095.0,11.68
8009,8096.0,7.958
8010,8097.0,10.616
8011,8098.0,8.948
8012,8099.0,11.2
8013,8100.0,8.199
8014,8101.0,11.52
8015,8102.0,7.676
8016,8103.0,7.125
8017,8104.0,7.125
8018,8105.0,9.028
8019,8106.0,10.376
8020,8107.0,7.395
8021,8108.0,8.118
8022,8109.0,9.935
8023,8110.0,9.389
8024,8111.0,7.435
8025,8112.0,10.817
8026,8113.0,7.636
8027,8114.0,9.269
8028,8115.0,7.556
8029,8116.0,7.234
8030,8117.0,6.642
8031,8118.0,7.716
8032,8119.0,7.515
8033,8120.0,7.395
8034,8121.0,7.515
8035,8122.0,7.676
8036,8123.0,10.737
8037,8125.0,8.988
8038,8126.0,7.917
8039,8127.0,11.72
8040,8128.0,9.55
8041,8129.0,10.056
8042,8130.0,10.456
8043,8131.0,8.908
8044,8132.0,7.314
8045,8133.0,7.165
8046,8134.0,9.975
8047,8135.0,7.395
8048,8136.0,8.4
8049,8137.0,10.336
8050,8138.0,9.028
8051,8139.0,7.556
8052,8140.0,8.667
8053,8141.0,7.165
8054,8142.0,8.078
8055,8143.0,7.246
8056,8144.0,7.435
8057,8145.0,8.4
8058,8146.0,6.4
8059,8147.0,6.924
8060,8148.0,7.435
8061,8149.0,7.475
8062,8150.0,7.636
8063,8151.0,7.355
8064,8152.0,7.998
8065,8153.0,11.8
8066,8154.0,8.158
8067,8155.0,11.017
8068,8156.0,8.4
8069,8157.0,11.44
8070,8158.0,7.837
8071,8159.0,11.6
8072,8160.0,7.475
8073,8161.0,7.004
8074,8162.0,7.044
8075,8163.0,8.667
8076,8164.0,10.697
8077,8165.0,7.355
8078,8166.0,7.998
8079,8167.0,9.71
8080,8168.0,9.55
8081,8169.0,7.395
8082,8170.0,10.777
8083,8171.0,7.596
8084,8172.0,9.309
8085,8173.0,7.326
8086,8174.0,7.274
8087,8175.0,6.561
8088,8176.0,6.964
8089,8177.0,7.205
8090,8178.0,7.395
8091,8179.0,7.395
8092,8180.0,7.917
8093,8181.0,10.176
8094,8182.0,9.63
8095,8183.0,7.435
8096,8184.0,11.6
8097,8185.0,8.359
8098,8186.0,11.64
8099,8187.0,9.51
8100,8188.0,10.096
8101,8189.0,7.355
8102,8190.0,7.085
8103,8191.0,7.917
8104,8192.0,7.716
8105,8193.0,9.149
8106,8194.0,10.136
8107,8195.0,7.395
8108,8196.0,8.279
8109,8197.0,10.296
8110,8198.0,6.964
8111,8199.0,8.707
8112,8200.0,7.205
8113,8201.0,8.038
8114,8202.0,9.67
8115,8203.0,6.642
8116,8204.0,6.883
8117,8205.0,7.556
8118,8206.0,7.917
8119,8207.0,7.355
8120,8208.0,7.395
8121,8209.0,7.205
8122,8210.0,11.64
8123,8211.0,8.038
8124,8212.0,10.496
8125,8213.0,9.189
8126,8214.0,11.12
8127,8215.0,8.359
8128,8216.0,11.48
8129,8218.0,7.797
8130,8219.0,7.125
8131,8220.0,7.165
8132,8221.0,9.269
8133,8222.0,10.136
8134,8223.0,7.395
8135,8224.0,8.279
8136,8225.0,10.216
8137,8226.0,9.068
8138,8227.0,7.515
8139,8228.0,10.737
8140,8229.0,7.676
8141,8230.0,9.47
8142,8231.0,7.286
8143,8232.0,7.314
8144,8233.0,6.682
8145,8234.0,7.716
8146,8235.0,7.475
8147,8236.0,7.395
8148,8237.0,7.475
8149,8238.0,7.676
8150,8239.0,10.737
8151,8240.0,9.028
8152,8241.0,7.917
8153,8242.0,11.64
8154,8243.0,9.55
8155,8244.0,10.016
8156,8245.0,10.416
8157,8246.0,8.868
8158,8247.0,7.274
8159,8248.0,7.165
8160,8249.0,9.975
8161,8250.0,7.395
8162,8251.0,8.319
8163,8252.0,10.256
8164,8253.0,9.068
8165,8254.0,7.515
8166,8255.0,8.587
8167,8256.0,7.234
8168,8257.0,8.078
8169,8258.0,7.286
8170,8259.0,7.475
8171,8260.0,8.359
8172,8261.0,6.521
8173,8262.0,6.964
8174,8263.0,7.515
8175,8264.0,7.515
8176,8265.0,7.877
8177,8266.0,7.274
8178,8267.0,8.868
8179,8268.0,11.44
8180,8269.0,7.877
8181,8270.0,11.32
8182,8271.0,7.958
8183,8272.0,11.64
8184,8273.0,8.319
8185,8274.0,11.64
8186,8275.0,7.274
8187,8276.0,6.924
8188,8277.0,7.125
8189,8278.0,8.118
8190,8279.0,9.935
8191,8280.0,9.43
8192,8281.0,7.475
8193,8282.0,8.4
8194,8283.0,11.0
8195,8284.0,7.044
8196,8285.0,9.149
8197,8286.0,7.246
8198,8287.0,8.199
8199,8288.0,9.975
8200,8289.0,6.763
8201,8290.0,6.843
8202,8291.0,7.515
8203,8292.0,7.314
8204,8293.0,7.395
8205,8294.0,7.395
8206,8295.0,7.205
8207,8296.0,11.52
8208,8297.0,8.118
8209,8298.0,10.176
8210,8299.0,9.028
8211,8300.0,10.897
8212,8301.0,8.627
8213,8302.0,11.32
8214,8303.0,7.958
8215,8304.0,7.246
8216,8305.0,7.246
8217,8306.0,9.71
8218,8307.0,9.59
8219,8308.0,7.395
8220,8309.0,8.4
8221,8310.0,10.897
8222,8312.0,8.359
8223,8313.0,7.676
8224,8314.0,10.296
8225,8315.0,7.676
8226,8316.0,9.975
8227,8317.0,7.314
8228,8318.0,7.515
8229,8319.0,6.561
8230,8320.0,6.964
8231,8321.0,7.234
8232,8322.0,7.435
8233,8323.0,7.435
8234,8324.0,7.917
8235,8325.0,10.216
8236,8326.0,9.51
8237,8327.0,7.475
8238,8328.0,11.64
8239,8329.0,8.747
8240,8330.0,11.08
8241,8331.0,9.895
8242,8332.0,9.55
8243,8333.0,7.314
8244,8334.0,7.125
8245,8335.0,9.028
8246,8336.0,7.475
8247,8337.0,8.547
8248,8338.0,10.937
8249,8339.0,7.877
8250,8340.0,7.797
8251,8341.0,9.189
8252,8342.0,7.004
8253,8343.0,8.279
8254,8344.0,7.246
8255,8345.0,7.676
8256,8346.0,8.828
8257,8347.0,6.481
8258,8348.0,6.924
8259,8349.0,7.475
8260,8350.0,7.636
8261,8351.0,7.194
8262,8352.0,7.475
8263,8353.0,7.395
8264,8354.0,11.8
8265,8355.0,7.917
8266,8356.0,10.937
8267,8357.0,8.507
8268,8358.0,11.4
8269,8359.0,7.958
8270,8360.0,11.64
8271,8361.0,7.556
8272,8362.0,7.004
8273,8363.0,7.085
8274,8364.0,8.467
8275,8365.0,10.96
8276,8366.0,7.877
8277,8367.0,7.797
8278,8368.0,9.189
8279,8369.0,10.176
8280,8370.0,7.234
8281,8371.0,10.056
8282,8372.0,7.435
8283,8373.0,8.707
8284,8374.0,8.788
8285,8375.0,7.044
8286,8376.0,6.722
8287,8377.0,7.716
8288,8378.0,7.355
8289,8379.0,7.395
8290,8380.0,7.475
8291,8381.0,7.475
8292,8382.0,11.017
8293,8383.0,8.707
8294,8384.0,8.747
8295,8385.0,10.737
8296,8386.0,10.056
8297,8387.0,9.349
8298,8388.0,10.777
8299,8389.0,8.868
8300,8390.0,7.274
8301,8391.0,7.205
8302,8392.0,10.576
8303,8393.0,7.355
8304,8394.0,7.958
8305,8395.0,9.55
8306,8396.0,9.815
8307,8397.0,7.395
8308,8398.0,8.44
8309,8399.0,8.44
8310,8400.0,7.917
8311,8402.0,8.44
8312,8403.0,7.314
8313,8404.0,8.038
8314,8405.0,6.239
8315,8406.0,6.883
8316,8407.0,7.435
8317,8408.0,7.515
8318,8409.0,7.246
8319,8410.0,7.395
8320,8411.0,7.797
8321,8412.0,11.84
8322,8413.0,8.199
8323,8414.0,11.04
8324,8415.0,8.319
8325,8416.0,11.48
8326,8417.0,7.877
8327,8418.0,11.72
8328,8419.0,7.435
8329,8420.0,6.964
8330,8421.0,7.004
8331,8422.0,8.359
8332,8423.0,10.937
8333,8424.0,8.359
8334,8425.0,7.716
8335,8426.0,8.948
8336,8427.0,10.456
8337,8428.0,7.205
8338,8429.0,9.831
8339,8430.0,7.355
8340,8431.0,8.547
8341,8432.0,9.189
8342,8433.0,7.004
8343,8434.0,6.682
8344,8435.0,7.676
8345,8436.0,7.475
8346,8437.0,7.435
8347,8438.0,7.475
8348,8439.0,7.676
8349,8440.0,10.857
8350,8441.0,8.948
8351,8442.0,8.239
8352,8443.0,11.4
8353,8444.0,9.751
8354,8445.0,9.775
8355,8446.0,10.536
8356,8447.0,9.189
8357,8448.0,7.274
8358,8449.0,7.246
8359,8450.0,10.176
8360,8451.0,7.395
8361,8452.0,8.199
8362,8453.0,10.016
8363,8454.0,9.309
8364,8455.0,7.475
8365,8456.0,8.48
8366,8457.0,7.596
8367,8458.0,7.998
8368,8459.0,7.636
8369,8460.0,7.395
8370,8461.0,8.279
8371,8462.0,6.521
8372,8463.0,6.964
8373,8464.0,7.435
8374,8465.0,7.475
8375,8466.0,7.716
8376,8467.0,7.205
8377,8468.0,9.229
8378,8469.0,10.977
8379,8470.0,7.716
8380,8471.0,11.4
8381,8472.0,7.917
8382,8473.0,11.68
8383,8474.0,8.707
8384,8475.0,11.12
8385,8476.0,7.355
8386,8477.0,7.044
8387,8478.0,7.085
8388,8479.0,7.958
8389,8480.0,9.59
8390,8481.0,9.775
8391,8482.0,7.435
8392,8483.0,8.467
8393,8484.0,10.616
8394,8485.0,7.004
8395,8486.0,8.868
8396,8487.0,7.205
8397,8488.0,7.998
8398,8489.0,9.935
8399,8490.0,6.722
8400,8491.0,6.843
8401,8492.0,7.556
8402,8493.0,7.234
8403,8495.0,7.395
8404,8496.0,7.395
8405,8497.0,7.246
8406,8498.0,11.52
8407,8499.0,8.158
8408,8500.0,10.096
8409,8501.0,9.068
8410,8502.0,10.897
8411,8503.0,8.667
8412,8504.0,11.28
8413,8505.0,8.038
8414,8506.0,7.246
8415,8507.0,7.286
8416,8508.0,9.775
8417,8509.0,9.55
8418,8510.0,7.435
8419,8511.0,8.4
8420,8512.0,10.977
8421,8513.0,8.279
8422,8514.0,7.716
8423,8515.0,10.256
8424,8516.0,7.676
8425,8517.0,10.056
8426,8518.0,7.326
8427,8519.0,7.556
8428,8520.0,6.36
8429,8521.0,7.004
8430,8522.0,7.355
8431,8523.0,7.515
8432,8524.0,7.596
8433,8525.0,7.205
8434,8526.0,9.59
8435,8527.0,10.456
8436,8528.0,7.596
8437,8529.0,11.48
8438,8530.0,7.797
8439,8531.0,11.76
8440,8532.0,9.109
8441,8533.0,10.576
8442,8534.0,7.314
8443,8535.0,7.044
8444,8536.0,7.596
8445,8537.0,7.797
8446,8538.0,9.229
8447,8539.0,10.176
8448,8540.0,7.395
8449,8541.0,8.239
8450,8542.0,10.136
8451,8543.0,6.964
8452,8544.0,8.627
8453,8545.0,7.205
8454,8546.0,7.958
8455,8547.0,9.59
8456,8548.0,6.601
8457,8549.0,6.883
8458,8550.0,7.475
8459,8551.0,7.837
8460,8552.0,7.246
8461,8553.0,7.355
8462,8554.0,7.125
8463,8555.0,11.68
8464,8556.0,7.958
8465,8557.0,10.616
8466,8558.0,8.908
8467,8559.0,11.16
8468,8560.0,8.199
8469,8561.0,11.48
8470,8562.0,7.716
8471,8563.0,7.085
8472,8564.0,7.125
8473,8565.0,8.988
8474,8566.0,10.376
8475,8567.0,7.355
8476,8568.0,8.158
8477,8569.0,9.895
8478,8570.0,9.43
8479,8571.0,7.395
8480,8572.0,10.857
8481,8573.0,7.556
8482,8574.0,9.269
8483,8575.0,7.556
8484,8576.0,7.234
8485,8577.0,6.722
8486,8578.0,7.716
8487,8579.0,7.314
8488,8580.0,7.395
8489,8581.0,7.435
8490,8582.0,7.515
8491,8583.0,11.017
8492,8584.0,8.707
8493,8585.0,8.747
8494,8586.0,10.737
8495,8587.0,10.056
8496,8589.0,9.389
8497,8590.0,10.777
8498,8591.0,8.908
8499,8592.0,7.286
8500,8593.0,7.286
8501,8594.0,10.576
8502,8595.0,7.435
8503,8596.0,7.998
8504,8597.0,9.59
8505,8598.0,9.855
8506,8599.0,7.435
8507,8600.0,8.44
8508,8601.0,8.4
8509,8602.0,7.917
8510,8603.0,8.4
8511,8604.0,7.314
8512,8605.0,8.038
8513,8606.0,6.481
8514,8607.0,6.964
8515,8608.0,7.435
8516,8609.0,7.475
8517,8610.0,7.676
8518,8611.0,7.205
8519,8612.0,9.43
8520,8613.0,10.697
8521,8614.0,7.676
8522,8615.0,11.44
8523,8616.0,7.877
8524,8617.0,11.72
8525,8618.0,8.908
8526,8619.0,10.857
8527,8620.0,7.355
8528,8621.0,7.044
8529,8622.0,7.205
8530,8623.0,7.877
8531,8624.0,9.389
8532,8625.0,9.975
8533,8626.0,7.395
8534,8627.0,8.359
8535,8628.0,10.376
8536,8629.0,6.964
8537,8630.0,8.747
8538,8631.0,7.205
8539,8632.0,8.038
8540,8633.0,9.751
8541,8634.0,6.642
8542,8635.0,6.883
8543,8636.0,7.515
8544,8637.0,7.917
8545,8638.0,7.286
8546,8639.0,7.407
8547,8640.0,7.205
8548,8641.0,11.64
8549,8642.0,7.998
8550,8643.0,10.496
8551,8644.0,9.109
8552,8645.0,11.16
8553,8646.0,8.319
8554,8647.0,11.48
8555,8648.0,7.797
8556,8649.0,7.125
8557,8650.0,7.165
8558,8651.0,9.189
8559,8652.0,10.176
8560,8653.0,7.395
8561,8654.0,8.279
8562,8655.0,10.176
8563,8656.0,9.149
8564,8657.0,7.475
8565,8658.0,10.777
8566,8659.0,7.636
8567,8660.0,9.47
8568,8661.0,7.286
8569,8662.0,7.314
8570,8663.0,6.682
8571,8664.0,7.797
8572,8665.0,7.475
8573,8666.0,7.435
8574,8667.0,7.475
8575,8668.0,7.716
8576,8669.0,10.657
8577,8670.0,9.028
8578,8671.0,7.797
8579,8672.0,11.76
8580,8673.0,9.47
8581,8674.0,10.136
8582,8675.0,10.376
8583,8676.0,8.948
8584,8677.0,7.286
8585,8678.0,7.165
8586,8679.0,9.871
8587,8680.0,7.395
8588,8682.0,8.4
8589,8683.0,10.456
8590,8684.0,8.868
8591,8685.0,7.556
8592,8686.0,8.667
8593,8687.0,7.085
8594,8688.0,8.078
8595,8689.0,7.246
8596,8690.0,7.515
8597,8691.0,8.44
8598,8692.0,6.36
8599,8693.0,6.924
8600,8694.0,7.435
8601,8695.0,7.515
8602,8696.0,7.286
8603,8697.0,7.395
8604,8698.0,7.877
8605,8699.0,11.8
8606,8700.0,8.158
8607,8701.0,11.04
8608,8702.0,8.279
8609,8703.0,11.48
8610,8704.0,7.877
8611,8705.0,11.72
8612,8706.0,7.435
8613,8707.0,6.964
8614,8708.0,7.004
8615,8709.0,8.4
8616,8710.0,10.937
8617,8711.0,8.4
8618,8712.0,7.716
8619,8713.0,8.988
8620,8714.0,10.496
8621,8715.0,7.205
8622,8716.0,9.831
8623,8717.0,7.355
8624,8718.0,8.56
8625,8719.0,9.149
8626,8720.0,6.964
8627,8721.0,6.722
8628,8722.0,7.676
8629,8723.0,7.395
8630,8724.0,7.435
8631,8725.0,7.475
8632,8726.0,7.556
8633,8727.0,10.937
8634,8728.0,8.828
8635,8729.0,8.52
8636,8730.0,11.0
8637,8731.0,9.895
8638,8732.0,9.59
8639,8733.0,10.657
8640,8734.0,9.068
8641,8735.0,7.286
8642,8736.0,7.246
8643,8737.0,10.376
8644,8738.0,7.395
8645,8739.0,8.078
8646,8740.0,9.855
8647,8741.0,9.51
8648,8742.0,7.435
8649,8743.0,8.359
8650,8744.0,7.998
8651,8745.0,7.958
8652,8746.0,7.958
8653,8747.0,7.355
8654,8748.0,8.158
8655,8749.0,6.239
8656,8750.0,6.601
8657,8751.0,7.596
8658,8752.0,7.395
8659,8753.0,7.395
8660,8754.0,7.475
8661,8755.0,7.556
8662,8756.0,10.897
8663,8757.0,8.828
8664,8758.0,8.48
8665,8759.0,11.04
8666,8760.0,9.855
8667,8761.0,9.63
8668,8762.0,10.657
8669,8763.0,9.109
8670,8764.0,7.286
8671,8765.0,7.246
8672,8766.0,10.376
8673,8767.0,7.355
8674,8768.0,8.078
8675,8769.0,9.815
8676,8770.0,9.55
8677,8771.0,7.395
8678,8772.0,8.359
8679,8773.0,7.998
8680,8774.0,7.958
8681,8776.0,7.998
8682,8777.0,7.355
8683,8778.0,8.199
8684,8779.0,6.32
8685,8780.0,6.924
8686,8781.0,7.395
8687,8782.0,7.395
8688,8783.0,7.917
8689,8784.0,7.314
8690,8785.0,8.627
8691,8786.0,11.76
8692,8787.0,7.917
8693,8788.0,11.24
8694,8789.0,7.998
8695,8790.0,11.6
8696,8791.0,8.078
8697,8792.0,11.8
8698,8793.0,7.314
8699,8794.0,6.924
8700,8795.0,7.044
8701,8796.0,8.279
8702,8797.0,10.136
8703,8798.0,9.229
8704,8799.0,7.475
8705,8800.0,8.547
8706,8801.0,10.897
8707,8802.0,7.125
8708,8803.0,9.269
8709,8804.0,7.274
8710,8805.0,8.239
8711,8806.0,9.855
8712,8807.0,6.843
8713,8808.0,6.964
8714,8809.0,7.515
8715,8810.0,7.958
8716,8811.0,7.274
8717,8812.0,7.395
8718,8813.0,7.125
8719,8814.0,11.68
8720,8815.0,7.998
8721,8816.0,10.536
8722,8817.0,9.068
8723,8818.0,11.16
8724,8819.0,8.279
8725,8820.0,11.52
8726,8821.0,7.757
8727,8822.0,7.125
8728,8823.0,7.125
8729,8824.0,9.149
8730,8825.0,10.216
8731,8826.0,7.395
8732,8827.0,8.239
8733,8828.0,10.096
8734,8829.0,9.189
8735,8830.0,7.475
8736,8831.0,10.777
8737,8832.0,7.636
8738,8833.0,9.389
8739,8834.0,7.286
8740,8835.0,7.314
8741,8836.0,6.763
8742,8837.0,7.636
8743,8838.0,7.395
8744,8839.0,7.395
8745,8840.0,7.435
8746,8841.0,7.556
8747,8842.0,10.937
8748,8843.0,8.788
8749,8844.0,8.48
8750,8845.0,11.0
8751,8846.0,9.895
8752,8847.0,9.59
8753,8848.0,10.657
8754,8849.0,9.068
8755,8850.0,7.286
8756,8851.0,7.246
8757,8852.0,10.376
8758,8853.0,7.355
8759,8854.0,8.078
8760,8855.0,9.775
8761,8856.0,9.55
8762,8857.0,7.395
8763,8858.0,8.359
8764,8859.0,7.998
8765,8860.0,7.917
8766,8861.0,7.998
8767,8862.0,7.355
8768,8863.0,8.199
8769,8864.0,6.481
8770,8865.0,6.964
8771,8866.0,7.435
8772,8867.0,7.515
8773,8869.0,7.716
8774,8870.0,7.234
8775,8871.0,9.189
8776,8872.0,11.017
8777,8873.0,7.716
8778,8874.0,11.44
8779,8875.0,7.917
8780,8876.0,11.72
8781,8877.0,8.667
8782,8878.0,11.2
8783,8879.0,7.355
8784,8880.0,7.044
8785,8881.0,7.085
8786,8882.0,8.038
8787,8883.0,9.63
8788,8884.0,9.791
8789,8885.0,7.395
8790,8886.0,8.507
8791,8887.0,10.657
8792,8888.0,7.044
8793,8889.0,8.868
8794,8890.0,7.246
8795,8891.0,7.998
8796,8892.0,10.016
8797,8893.0,6.682
8798,8894.0,6.924
8799,8895.0,7.475
8800,8896.0,7.917
8801,8897.0,7.274
8802,8898.0,7.355
8803,8899.0,7.125
8804,8900.0,11.6
8805,8901.0,7.998
8806,8902.0,10.496
8807,8903.0,9.109
8808,8904.0,11.12
8809,8905.0,8.319
8810,8906.0,11.48
8811,8907.0,7.757
8812,8908.0,7.125
8813,8909.0,7.165
8814,8910.0,9.189
8815,8911.0,10.176
8816,8912.0,7.395
8817,8913.0,8.279
8818,8914.0,10.176
8819,8915.0,9.149
8820,8916.0,7.515
8821,8917.0,10.737
8822,8918.0,7.636
8823,8919.0,9.47
8824,8920.0,7.286
8825,8921.0,7.314
8826,8922.0,6.722
8827,8923.0,7.636
8828,8924.0,7.395
8829,8925.0,7.395
8830,8926.0,7.475
8831,8927.0,7.556
8832,8928.0,10.897
8833,8929.0,8.908
8834,8930.0,8.4
8835,8931.0,11.12
8836,8932.0,9.815
8837,8933.0,9.67
8838,8934.0,10.616
8839,8935.0,9.109
8840,8936.0,7.286
8841,8937.0,7.246
8842,8938.0,10.296
8843,8939.0,7.395
8844,8940.0,8.118
8845,8941.0,9.855
8846,8942.0,9.47
8847,8943.0,7.435
8848,8944.0,8.359
8849,8945.0,7.917
8850,8946.0,7.958
8851,8947.0,7.917
8852,8948.0,7.355
8853,8949.0,8.199
8854,8950.0,6.481
8855,8951.0,7.004
8856,8952.0,7.475
8857,8953.0,7.556
8858,8954.0,7.757
8859,8955.0,7.274
8860,8956.0,9.269
8861,8957.0,10.937
8862,8958.0,7.716
8863,8959.0,11.44
8864,8960.0,7.877
8865,8961.0,11.72
8866,8963.0,8.747
8867,8964.0,11.04
8868,8965.0,7.355
8869,8966.0,7.085
8870,8967.0,7.085
8871,8968.0,7.958
8872,8969.0,9.51
8873,8970.0,9.895
8874,8971.0,7.395
8875,8972.0,8.4
8876,8973.0,10.536
8877,8974.0,6.964
8878,8975.0,8.788
8879,8976.0,7.205
8880,8977.0,7.958
8881,8978.0,9.871
8882,8979.0,6.642
8883,8980.0,6.964
8884,8981.0,7.556
8885,8982.0,7.998
8886,8983.0,7.355
8887,8984.0,7.395
8888,8985.0,7.205
8889,8986.0,11.6
8890,8987.0,8.078
8891,8988.0,10.336
8892,8989.0,8.948
8893,8990.0,11.04
8894,8991.0,8.426
8895,8992.0,11.4
8896,8993.0,7.877
8897,8994.0,7.205
8898,8995.0,7.246
8899,8996.0,9.43
8900,8997.0,9.935
8901,8998.0,7.395
8902,8999.0,8.4
8903,9000.0,10.456
8904,9001.0,8.828
8905,9002.0,7.556
8906,9003.0,10.616
8907,9004.0,7.716
8908,9005.0,9.67
8909,9006.0,7.286
8910,9007.0,7.395
8911,9008.0,6.682
8912,9009.0,7.716
8913,9010.0,7.475
8914,9011.0,7.395
8915,9012.0,7.475
8916,9013.0,7.676
8917,9014.0,10.697
8918,9015.0,9.028
8919,9016.0,7.917
8920,9017.0,11.64
8921,9018.0,9.55
8922,9019.0,10.016
8923,9020.0,10.416
8924,9021.0,8.908
8925,9022.0,7.274
8926,9023.0,7.205
8927,9024.0,9.975
8928,9025.0,7.395
8929,9026.0,8.279
8930,9027.0,10.216
8931,9028.0,9.109
8932,9029.0,7.556
8933,9030.0,8.547
8934,9031.0,7.395
8935,9032.0,8.038
8936,9033.0,7.435
8937,9034.0,7.435
8938,9035.0,8.4
8939,9036.0,6.239
8940,9037.0,6.964
8941,9038.0,7.435
8942,9039.0,7.515
8943,9040.0,7.716
8944,9041.0,7.475
8945,9042.0,8.199
8946,9043.0,11.96
8947,9044.0,8.078
8948,9045.0,11.12
8949,9046.0,8.239
8950,9047.0,11.52
8951,9048.0,7.837
8952,9049.0,11.76
8953,9050.0,7.355
8954,9051.0,6.964
8955,9052.0,7.004
8956,9053.0,8.4
8957,9055.0,10.576
8958,9056.0,8.707
8959,9057.0,7.596
8960,9058.0,8.747
8961,9059.0,10.657
8962,9060.0,7.125
8963,9061.0,9.59
8964,9062.0,7.314
8965,9063.0,8.44
8966,9064.0,9.43
8967,9065.0,6.883
8968,9066.0,6.803
8969,9067.0,7.596
8970,9068.0,7.205
8971,9069.0,7.395
8972,9070.0,7.395
8973,9071.0,7.314
8974,9072.0,11.32
8975,9073.0,8.4
8976,9074.0,9.59
8977,9075.0,9.695
8978,9076.0,10.576
8979,9077.0,9.149
8980,9078.0,11.08
8981,9079.0,8.359
8982,9080.0,7.286
8983,9081.0,7.475
8984,9082.0,10.576
8985,9083.0,8.627
8986,9084.0,7.636
8987,9085.0,8.828
8988,9086.0,10.616
8989,9087.0,7.355
8990,9088.0,7.998
8991,9089.0,9.55
8992,9090.0,7.757
8993,9091.0,9.55
8994,9092.0,7.274
8995,9093.0,7.837
8996,9094.0,6.521
8997,9095.0,7.004
8998,9096.0,7.314
8999,9097.0,7.475
9000,9098.0,7.515
9001,9099.0,7.395
9002,9100.0,9.935
9003,9101.0,10.056
9004,9102.0,7.515
9005,9103.0,11.68
9006,9104.0,8.158
9007,9105.0,11.8
9008,9106.0,9.47
9009,9107.0,10.176
9010,9108.0,7.314
9011,9109.0,7.165
9012,9110.0,8.239
9013,9111.0,7.716
9014,9112.0,8.908
9015,9113.0,10.576
9016,9114.0,7.355
9017,9115.0,8.078
9018,9116.0,9.695
9019,9117.0,6.964
9020,9118.0,8.44
9021,9119.0,7.246
9022,9120.0,7.837
9023,9121.0,9.269
9024,9122.0,6.521
9025,9123.0,6.924
9026,9124.0,7.515
9027,9125.0,7.716
9028,9126.0,7.205
9029,9127.0,7.355
9030,9128.0,7.205
9031,9129.0,11.72
9032,9130.0,7.877
9033,9131.0,10.777
9034,9132.0,8.667
9035,9133.0,11.28
9036,9134.0,8.078
9037,9135.0,11.56
9038,9136.0,7.596
9039,9137.0,7.044
9040,9138.0,7.044
9041,9139.0,8.707
9042,9140.0,10.697
9043,9141.0,7.355
9044,9142.0,7.958
9045,9143.0,9.51
9046,9144.0,9.855
9047,9145.0,7.314
9048,9147.0,10.496
9049,9148.0,7.475
9050,9149.0,8.948
9051,9150.0,8.199
9052,9151.0,7.113
9053,9152.0,6.763
9054,9153.0,7.716
9055,9154.0,7.314
9056,9155.0,7.395
9057,9156.0,7.435
9058,9157.0,7.515
9059,9158.0,11.0
9060,9159.0,8.707
9061,9160.0,8.707
9062,9161.0,10.777
9063,9162.0,10.016
9064,9163.0,9.389
9065,9164.0,10.737
9066,9165.0,8.908
9067,9166.0,7.274
9068,9167.0,7.246
9069,9168.0,10.536
9070,9169.0,7.395
9071,9170.0,7.958
9072,9171.0,9.59
9073,9172.0,9.775
9074,9173.0,7.395
9075,9174.0,8.426
9076,9175.0,8.359
9077,9176.0,7.917
9078,9177.0,8.359
9079,9178.0,7.314
9080,9179.0,8.118
9081,9180.0,6.481
9082,9181.0,7.044
9083,9182.0,7.435
9084,9183.0,7.556
9085,9184.0,7.716
9086,9185.0,7.274
9087,9186.0,9.349
9088,9187.0,10.817
9089,9188.0,7.716
9090,9189.0,11.44
9091,9190.0,7.877
9092,9191.0,11.72
9093,9192.0,8.868
9094,9193.0,10.977
9095,9194.0,7.395
9096,9195.0,7.085
9097,9196.0,7.165
9098,9197.0,7.917
9099,9198.0,9.47
9100,9199.0,9.935
9101,9200.0,7.395
9102,9201.0,8.4
9103,9202.0,10.456
9104,9203.0,6.964
9105,9204.0,8.788
9106,9205.0,7.205
9107,9206.0,7.958
9108,9207.0,9.791
9109,9208.0,6.642
9110,9209.0,6.883
9111,9210.0,7.515
9112,9211.0,7.917
9113,9212.0,7.314
9114,9213.0,7.355
9115,9214.0,7.165
9116,9215.0,11.56
9117,9216.0,8.118
9118,9217.0,10.336
9119,9218.0,8.948
9120,9219.0,11.017
9121,9220.0,8.48
9122,9221.0,11.4
9123,9222.0,7.917
9124,9223.0,7.205
9125,9224.0,7.246
9126,9225.0,9.47
9127,9226.0,9.895
9128,9227.0,7.395
9129,9228.0,8.44
9130,9229.0,10.576
9131,9230.0,8.747
9132,9231.0,7.556
9133,9232.0,10.536
9134,9233.0,7.716
9135,9234.0,9.71
9136,9235.0,7.286
9137,9236.0,7.395
9138,9237.0,6.682
9139,9238.0,7.716
9140,9239.0,7.475
9141,9241.0,7.395
9142,9242.0,7.475
9143,9243.0,7.676
9144,9244.0,10.777
9145,9245.0,9.028
9146,9246.0,7.998
9147,9247.0,11.68
9148,9248.0,9.59
9149,9249.0,9.975
9150,9250.0,10.416
9151,9251.0,8.948
9152,9252.0,7.274
9153,9253.0,7.205
9154,9254.0,9.975
9155,9255.0,7.435
9156,9256.0,8.279
9157,9257.0,10.256
9158,9258.0,9.109
9159,9259.0,7.556
9160,9260.0,8.547
9161,9261.0,7.355
9162,9262.0,8.038
9163,9263.0,7.326
9164,9264.0,7.435
9165,9265.0,8.319
9166,9266.0,6.481
9167,9267.0,6.924
9168,9268.0,7.515
9169,9269.0,7.515
9170,9270.0,7.837
9171,9271.0,7.234
9172,9272.0,8.828
9173,9273.0,11.52
9174,9274.0,7.837
9175,9275.0,11.28
9176,9276.0,7.958
9177,9277.0,11.64
9178,9278.0,8.239
9179,9279.0,11.68
9180,9280.0,7.274
9181,9281.0,6.883
9182,9282.0,7.044
9183,9283.0,8.158
9184,9284.0,9.935
9185,9285.0,9.389
9186,9286.0,7.475
9187,9287.0,8.4
9188,9288.0,11.017
9189,9289.0,7.085
9190,9290.0,9.109
9191,9291.0,7.246
9192,9292.0,8.158
9193,9293.0,9.935
9194,9294.0,6.763
9195,9295.0,6.883
9196,9296.0,7.556
9197,9297.0,7.125
9198,9298.0,7.435
9199,9299.0,7.395
9200,9300.0,7.246
9201,9301.0,11.48
9202,9302.0,8.199
9203,9303.0,10.056
9204,9304.0,9.189
9205,9305.0,10.857
9206,9306.0,8.747
9207,9307.0,11.32
9208,9308.0,8.078
9209,9309.0,7.286
9210,9310.0,7.326
9211,9311.0,9.855
9212,9312.0,9.47
9213,9313.0,7.475
9214,9314.0,8.48
9215,9315.0,11.017
9216,9316.0,8.118
9217,9317.0,7.716
9218,9318.0,10.136
9219,9319.0,7.676
9220,9320.0,10.096
9221,9321.0,7.286
9222,9322.0,7.556
9223,9323.0,6.642
9224,9324.0,7.044
9225,9325.0,7.165
9226,9326.0,7.435
9227,9327.0,7.475
9228,9328.0,7.837
9229,9329.0,10.416
9230,9330.0,9.229
9231,9331.0,7.435
9232,9333.0,11.76
9233,9334.0,9.068
9234,9335.0,10.657
9235,9336.0,10.096
9236,9337.0,9.349
9237,9338.0,7.326
9238,9339.0,7.165
9239,9340.0,9.389
9240,9341.0,7.395
9241,9342.0,8.359
9242,9343.0,10.977
9243,9344.0,8.319
9244,9345.0,7.676
9245,9346.0,8.948
9246,9347.0,7.044
9247,9348.0,8.199
9248,9349.0,7.205
9249,9350.0,7.556
9250,9351.0,8.667
9251,9352.0,6.36
9252,9353.0,6.924
9253,9354.0,7.435
9254,9355.0,7.475
9255,9356.0,7.435
9256,9357.0,7.395
9257,9358.0,8.038
9258,9359.0,11.84
9259,9360.0,8.118
9260,9361.0,11.12
9261,9362.0,8.279
9262,9363.0,11.52
9263,9364.0,7.837
9264,9365.0,11.72
9265,9366.0,7.435
9266,9367.0,6.964
9267,9368.0,7.004
9268,9369.0,8.467
9269,9370.0,10.737
9270,9371.0,8.547
9271,9372.0,7.676
9272,9373.0,8.868
9273,9374.0,10.576
9274,9375.0,7.165
9275,9376.0,9.67
9276,9377.0,7.314
9277,9378.0,8.48
9278,9379.0,9.269
9279,9380.0,6.964
9280,9381.0,6.843
9281,9382.0,7.556
9282,9383.0,7.234
9283,9384.0,7.395
9284,9385.0,7.355
9285,9386.0,7.194
9286,9387.0,11.48
9287,9388.0,8.158
9288,9389.0,10.136
9289,9390.0,9.109
9290,9391.0,10.897
9291,9392.0,8.667
9292,9393.0,11.32
9293,9394.0,8.038
9294,9395.0,7.246
9295,9396.0,7.274
9296,9397.0,9.791
9297,9398.0,9.59
9298,9399.0,7.395
9299,9400.0,8.386
9300,9401.0,10.977
9301,9402.0,8.319
9302,9403.0,7.676
9303,9404.0,10.296
9304,9405.0,7.676
9305,9406.0,10.016
9306,9407.0,7.286
9307,9408.0,7.515
9308,9409.0,6.722
9309,9410.0,7.716
9310,9411.0,7.435
9311,9412.0,7.395
9312,9413.0,7.475
9313,9414.0,7.636
9314,9415.0,10.777
9315,9416.0,8.988
9316,9417.0,8.078
9317,9418.0,11.52
9318,9419.0,9.63
9319,9420.0,9.895
9320,9421.0,10.496
9321,9422.0,8.988
9322,9423.0,7.314
9323,9424.0,7.246
9324,9426.0,10.096
9325,9427.0,7.435
9326,9428.0,8.239
9327,9429.0,10.176
9328,9430.0,9.229
9329,9431.0,7.515
9330,9432.0,8.547
9331,9433.0,7.475
9332,9434.0,8.038
9333,9435.0,7.515
9334,9436.0,7.435
9335,9437.0,8.279
9336,9438.0,6.279
9337,9439.0,6.883
9338,9440.0,7.435
9339,9441.0,7.475
9340,9442.0,7.395
9341,9443.0,7.395
9342,9444.0,7.958
9343,9445.0,11.84
9344,9446.0,8.118
9345,9447.0,11.08
9346,9448.0,8.279
9347,9449.0,11.52
9348,9450.0,7.877
9349,9451.0,11.72
9350,9452.0,7.395
9351,9453.0,6.964
9352,9454.0,6.964
9353,9455.0,8.507
9354,9456.0,10.817
9355,9457.0,8.507
9356,9458.0,7.676
9357,9459.0,8.868
9358,9460.0,10.576
9359,9461.0,7.165
9360,9462.0,9.71
9361,9463.0,7.355
9362,9464.0,8.48
9363,9465.0,9.269
9364,9466.0,7.004
9365,9467.0,6.964
9366,9468.0,7.596
9367,9469.0,7.165
9368,9470.0,7.475
9369,9471.0,7.395
9370,9472.0,7.274
9371,9473.0,11.44
9372,9474.0,8.279
9373,9475.0,9.895
9374,9476.0,9.349
9375,9477.0,10.777
9376,9478.0,8.908
9377,9479.0,11.24
9378,9480.0,8.158
9379,9481.0,7.246
9380,9482.0,7.355
9381,9483.0,10.056
9382,9484.0,9.229
9383,9485.0,7.475
9384,9486.0,8.547
9385,9487.0,10.977
9386,9488.0,7.958
9387,9489.0,7.797
9388,9490.0,10.056
9389,9491.0,7.676
9390,9492.0,10.016
9391,9493.0,7.286
9392,9494.0,7.596
9393,9495.0,6.642
9394,9496.0,7.355
9395,9497.0,7.165
9396,9498.0,7.395
9397,9499.0,7.475
9398,9500.0,7.757
9399,9501.0,10.536
9400,9502.0,8.988
9401,9503.0,7.475
9402,9504.0,11.76
9403,9505.0,9.309
9404,9506.0,10.296
9405,9507.0,10.296
9406,9508.0,9.109
9407,9509.0,7.314
9408,9510.0,7.205
9409,9511.0,9.751
9410,9512.0,7.395
9411,9513.0,8.44
9412,9514.0,10.536
9413,9515.0,8.747
9414,9516.0,7.636
9415,9518.0,8.788
9416,9519.0,7.085
9417,9520.0,8.118
9418,9521.0,7.246
9419,9522.0,7.515
9420,9523.0,8.467
9421,9524.0,6.4
9422,9525.0,6.924
9423,9526.0,7.395
9424,9527.0,7.395
9425,9528.0,7.917
9426,9529.0,7.274
9427,9530.0,8.627
9428,9531.0,11.72
9429,9532.0,7.917
9430,9533.0,11.24
9431,9534.0,8.038
9432,9535.0,11.6
9433,9536.0,7.998
9434,9537.0,11.76
9435,9538.0,7.314
9436,9539.0,6.924
9437,9540.0,7.044
9438,9541.0,8.239
9439,9542.0,10.216
9440,9543.0,9.189
9441,9544.0,7.515
9442,9545.0,8.547
9443,9546.0,10.937
9444,9547.0,7.085
9445,9548.0,9.309
9446,9549.0,7.286
9447,9550.0,8.279
9448,9551.0,9.791
9449,9552.0,6.803
9450,9553.0,6.803
9451,9554.0,7.636
9452,9555.0,7.194
9453,9556.0,7.395
9454,9557.0,7.435
9455,9558.0,7.355
9456,9559.0,11.36
9457,9560.0,8.359
9458,9561.0,9.71
9459,9562.0,9.63
9460,9563.0,10.657
9461,9564.0,9.109
9462,9565.0,11.12
9463,9566.0,8.319
9464,9567.0,7.246
9465,9568.0,7.395
9466,9569.0,10.416
9467,9570.0,8.828
9468,9571.0,7.596
9469,9572.0,8.707
9470,9573.0,10.737
9471,9574.0,7.355
9472,9575.0,7.917
9473,9576.0,9.67
9474,9577.0,7.757
9475,9578.0,9.67
9476,9579.0,7.274
9477,9580.0,7.716
9478,9581.0,6.803
9479,9582.0,7.676
9480,9583.0,7.435
9481,9584.0,7.395
9482,9585.0,7.475
9483,9586.0,7.596
9484,9587.0,10.777
9485,9588.0,8.948
9486,9589.0,8.118
9487,9590.0,11.48
9488,9591.0,9.67
9489,9592.0,9.895
9490,9593.0,10.496
9491,9594.0,8.988
9492,9595.0,7.286
9493,9596.0,7.205
9494,9597.0,10.096
9495,9598.0,7.395
9496,9599.0,8.239
9497,9600.0,10.136
9498,9601.0,9.229
9499,9602.0,7.475
9500,9603.0,8.507
9501,9604.0,7.475
9502,9605.0,8.038
9503,9606.0,7.475
9504,9607.0,7.435
9505,9608.0,8.319
9506,9609.0,6.601
9507,9611.0,6.964
9508,9612.0,7.395
9509,9613.0,7.475
9510,9614.0,7.676
9511,9615.0,7.165
9512,9616.0,9.47
9513,9617.0,10.616
9514,9618.0,7.636
9515,9619.0,11.44
9516,9620.0,7.877
9517,9621.0,11.68
9518,9622.0,8.988
9519,9623.0,10.777
9520,9624.0,7.355
9521,9625.0,7.044
9522,9626.0,7.355
9523,9627.0,7.837
9524,9628.0,9.389
9525,9629.0,10.056
9526,9630.0,7.435
9527,9631.0,8.319
9528,9632.0,10.376
9529,9633.0,7.004
9530,9634.0,8.747
9531,9635.0,7.205
9532,9636.0,8.078
9533,9637.0,9.751
9534,9638.0,6.722
9535,9639.0,6.843
9536,9640.0,7.596
9537,9641.0,7.205
9538,9642.0,7.435
9539,9643.0,7.395
9540,9644.0,7.246
9541,9645.0,11.48
9542,9646.0,8.199
9543,9647.0,10.096
9544,9648.0,9.109
9545,9649.0,10.897
9546,9650.0,8.707
9547,9651.0,11.28
9548,9652.0,8.038
9549,9653.0,7.274
9550,9654.0,7.274
9551,9655.0,9.855
9552,9656.0,9.43
9553,9657.0,7.435
9554,9658.0,8.4
9555,9659.0,11.017
9556,9660.0,8.118
9557,9661.0,7.716
9558,9662.0,10.136
9559,9663.0,7.676
9560,9664.0,10.056
9561,9665.0,7.326
9562,9666.0,7.515
9563,9667.0,6.843
9564,9668.0,7.636
9565,9669.0,7.435
9566,9670.0,7.395
9567,9671.0,7.475
9568,9672.0,7.515
9569,9673.0,10.897
9570,9674.0,8.747
9571,9675.0,8.48
9572,9676.0,10.937
9573,9677.0,9.935
9574,9678.0,9.51
9575,9679.0,10.697
9576,9680.0,8.988
9577,9681.0,7.274
9578,9682.0,7.205
9579,9683.0,10.456
9580,9684.0,7.355
9581,9685.0,8.078
9582,9686.0,9.695
9583,9687.0,9.67
9584,9688.0,7.395
9585,9689.0,8.44
9586,9690.0,8.078
9587,9691.0,7.958
9588,9692.0,8.118
9589,9693.0,7.355
9590,9694.0,8.118
9591,9695.0,6.521
9592,9696.0,6.924
9593,9697.0,7.515
9594,9698.0,7.475
9595,9699.0,7.797
9596,9700.0,7.234
9597,9701.0,9.109
9598,9703.0,11.08
9599,9704.0,7.797
9600,9705.0,11.4
9601,9706.0,7.917
9602,9707.0,11.68
9603,9708.0,8.587
9604,9709.0,11.24
9605,9710.0,7.274
9606,9711.0,7.004
9607,9712.0,7.125
9608,9713.0,8.038
9609,9714.0,9.751
9610,9715.0,9.71
9611,9716.0,7.395
9612,9717.0,8.507
9613,9718.0,10.737
9614,9719.0,7.004
9615,9720.0,8.908
9616,9721.0,7.205
9617,9722.0,8.038
9618,9723.0,10.056
9619,9724.0,6.722
9620,9725.0,6.883
9621,9726.0,7.515
9622,9727.0,7.958
9623,9728.0,7.314
9624,9729.0,7.366
9625,9730.0,7.165
9626,9731.0,11.56
9627,9732.0,8.038
9628,9733.0,10.376
9629,9734.0,9.028
9630,9735.0,11.04
9631,9736.0,8.4
9632,9737.0,11.4
9633,9738.0,7.837
9634,9739.0,7.165
9635,9740.0,7.165
9636,9741.0,9.349
9637,9742.0,9.975
9638,9743.0,7.395
9639,9744.0,8.4
9640,9745.0,10.376
9641,9746.0,8.908
9642,9747.0,7.556
9643,9748.0,10.616
9644,9749.0,7.716
9645,9750.0,9.59
9646,9751.0,7.286
9647,9752.0,7.355
9648,9753.0,6.682
9649,9754.0,7.757
9650,9755.0,7.515
9651,9756.0,7.395
9652,9757.0,7.515
9653,9758.0,7.676
9654,9759.0,10.697
9655,9760.0,8.988
9656,9761.0,7.797
9657,9762.0,11.72
9658,9763.0,9.51
9659,9764.0,10.096
9660,9765.0,10.376
9661,9766.0,8.948
9662,9767.0,7.314
9663,9768.0,7.205
9664,9769.0,9.895
9665,9770.0,7.395
9666,9771.0,8.4
9667,9772.0,10.376
9668,9773.0,8.948
9669,9774.0,7.556
9670,9775.0,8.667
9671,9776.0,7.085
9672,9777.0,8.118
9673,9778.0,7.246
9674,9779.0,7.515
9675,9780.0,8.44
9676,9781.0,6.481
9677,9782.0,6.964
9678,9783.0,7.475
9679,9784.0,7.395
9680,9785.0,7.958
9681,9786.0,7.314
9682,9787.0,8.707
9683,9788.0,11.76
9684,9789.0,7.958
9685,9790.0,11.24
9686,9791.0,8.078
9687,9792.0,11.6
9688,9793.0,8.078
9689,9794.0,11.8
9690,9795.0,7.314
9691,9797.0,6.883
9692,9798.0,7.044
9693,9799.0,8.239
9694,9800.0,10.136
9695,9801.0,9.189
9696,9802.0,7.475
9697,9803.0,8.507
9698,9804.0,10.897
9699,9805.0,7.085
9700,9806.0,9.269
9701,9807.0,7.246
9702,9808.0,8.239
9703,9809.0,9.791
9704,9810.0,6.803
9705,9811.0,6.883
9706,9812.0,7.596
9707,9813.0,7.165
9708,9814.0,7.475
9709,9815.0,7.395
9710,9816.0,7.246
9711,9817.0,11.4
9712,9818.0,8.239
9713,9819.0,9.855
9714,9820.0,9.349
9715,9821.0,10.777
9716,9822.0,8.908
9717,9823.0,11.24
9718,9824.0,8.158
9719,9825.0,7.246
9720,9826.0,7.355
9721,9827.0,10.216
9722,9828.0,9.068
9723,9829.0,7.515
9724,9830.0,8.587
9725,9831.0,10.857
9726,9832.0,7.636
9727,9833.0,7.877
9728,9834.0,9.855
9729,9835.0,7.716
9730,9836.0,9.871
9731,9837.0,7.326
9732,9838.0,7.636
9733,9839.0,6.118
9734,9840.0,6.883
9735,9841.0,7.435
9736,9842.0,7.515
9737,9843.0,7.355
9738,9844.0,7.395
9739,9845.0,7.917
9740,9846.0,11.84
9741,9847.0,8.158
9742,9848.0,11.097
9743,9849.0,8.279
9744,9850.0,11.52
9745,9851.0,7.877
9746,9852.0,11.72
9747,9853.0,7.435
9748,9854.0,6.964
9749,9855.0,6.964
9750,9856.0,8.4
9751,9857.0,10.897
9752,9858.0,8.4
9753,9859.0,7.716
9754,9860.0,8.908
9755,9861.0,10.496
9756,9862.0,7.154
9757,9863.0,9.775
9758,9864.0,7.355
9759,9865.0,8.547
9760,9866.0,9.149
9761,9867.0,6.964
9762,9868.0,6.722
9763,9869.0,7.716
9764,9870.0,7.314
9765,9871.0,7.395
9766,9872.0,7.435
9767,9873.0,7.515
9768,9874.0,11.08
9769,9875.0,8.627
9770,9876.0,8.908
9771,9877.0,10.536
9772,9878.0,10.176
9773,9879.0,9.229
9774,9880.0,10.817
9775,9881.0,8.788
9776,9882.0,7.246
9777,9883.0,7.205
9778,9884.0,10.697
9779,9885.0,7.435
9780,9886.0,7.917
9781,9887.0,9.43
9782,9888.0,9.975
9783,9890.0,7.395
9784,9891.0,8.359
9785,9892.0,8.587
9786,9893.0,7.917
9787,9894.0,8.601
9788,9895.0,7.314
9789,9896.0,7.998
9790,9897.0,6.199
9791,9898.0,6.803
9792,9899.0,7.515
9793,9900.0,7.636
9794,9901.0,7.355
9795,9902.0,7.395
9796,9903.0,7.205
9797,9904.0,11.6
9798,9905.0,8.118
9799,9906.0,10.296
9800,9907.0,8.948
9801,9908.0,11.017
9802,9909.0,8.547
9803,9910.0,11.4
9804,9911.0,7.958
9805,9912.0,7.205
9806,9913.0,7.246
9807,9914.0,9.55
9808,9915.0,9.791
9809,9916.0,7.435
9810,9917.0,8.507
9811,9918.0,10.697
9812,9919.0,8.587
9813,9920.0,7.636
9814,9921.0,10.456
9815,9922.0,7.676
9816,9923.0,9.775
9817,9924.0,7.286
9818,9925.0,7.435
9819,9926.0,6.44
9820,9927.0,6.964
9821,9928.0,7.314
9822,9929.0,7.475
9823,9930.0,7.515
9824,9931.0,7.314
9825,9932.0,9.855
9826,9933.0,10.056
9827,9934.0,7.515
9828,9935.0,11.6
9829,9936.0,8.038
9830,9937.0,11.84
9831,9938.0,9.43
9832,9939.0,10.216
9833,9940.0,7.314
9834,9941.0,7.125
9835,9942.0,8.158
9836,9943.0,7.716
9837,9944.0,8.948
9838,9945.0,10.536
9839,9946.0,7.355
9840,9947.0,8.118
9841,9948.0,9.775
9842,9949.0,6.964
9843,9950.0,8.44
9844,9951.0,7.246
9845,9952.0,7.877
9846,9953.0,9.309
9847,9954.0,6.561
9848,9955.0,6.883
9849,9956.0,7.475
9850,9957.0,7.757
9851,9958.0,7.246
9852,9959.0,7.355
9853,9960.0,7.085
9854,9961.0,11.72
9855,9962.0,7.917
9856,9963.0,10.697
9857,9964.0,8.828
9858,9965.0,11.24
9859,9966.0,8.118
9860,9967.0,11.56
9861,9968.0,7.636
9862,9969.0,7.085
9863,9970.0,7.085
9864,9971.0,8.868
9865,9972.0,10.496
9866,9973.0,7.355
9867,9974.0,8.078
9868,9975.0,9.751
9869,9976.0,9.59
9870,9977.0,7.395
9871,9978.0,10.777
9872,9979.0,7.556
9873,9980.0,9.149
9874,9981.0,7.837
9875,9983.0,7.194
9876,9984.0,6.601
9877,9985.0,7.286
9878,9986.0,7.165
9879,9987.0,7.395
9880,9988.0,7.475
9881,9989.0,7.757
9882,9990.0,10.536
9883,9991.0,9.109
9884,9992.0,7.435
9885,9993.0,11.76
9886,9994.0,9.229
9887,9995.0,10.456
9888,9996.0,10.176
9889,9997.0,9.189
9890,9998.0,7.274
9891,9999.0,7.165
9892,10000.0,9.59
9893,10001.0,7.395
9894,10002.0,8.507
9895,10003.0,10.777
9896,10004.0,8.547
9897,10005.0,7.676
9898,10006.0,8.868
9899,10007.0,7.085
9900,10008.0,8.158
9901,10009.0,7.246
9902,10010.0,7.515
9903,10011.0,8.587
9904,10012.0,6.36
9905,10013.0,6.924
9906,10014.0,7.475
9907,10015.0,7.757
9908,10016.0,7.246
9909,10017.0,7.435
9910,10018.0,7.125
9911,10019.0,11.8
9912,10020.0,7.917
9913,10021.0,10.817
9914,10022.0,8.747
9915,10023.0,11.36
9916,10024.0,8.078
9917,10025.0,11.64
9918,10026.0,7.636
9919,10027.0,7.085
9920,10028.0,7.085
9921,10029.0,8.788
9922,10030.0,10.697
9923,10031.0,7.355
9924,10032.0,7.998
9925,10033.0,9.55
9926,10034.0,9.815
9927,10035.0,7.314
9928,10036.0,10.536
9929,10037.0,7.475
9930,10038.0,8.988
9931,10039.0,8.199
9932,10040.0,7.073
9933,10041.0,6.239
9934,10042.0,6.964
9935,10043.0,7.556
9936,10044.0,7.475
9937,10045.0,7.877
9938,10046.0,7.274
9939,10047.0,8.788
9940,10048.0,11.6
9941,10049.0,7.877
9942,10050.0,11.28
9943,10051.0,7.958
9944,10052.0,11.64
9945,10053.0,8.239
9946,10054.0,11.68
9947,10055.0,7.274
9948,10056.0,6.924
9949,10057.0,7.085
9950,10058.0,8.158
9951,10059.0,9.975
9952,10060.0,9.389
9953,10061.0,7.435
9954,10062.0,8.467
9955,10063.0,10.977
9956,10064.0,7.085
9957,10065.0,9.149
9958,10066.0,7.274
9959,10067.0,8.158
9960,10068.0,9.935
9961,10069.0,6.803
9962,10070.0,6.924
9963,10071.0,7.515
9964,10072.0,7.958
9965,10073.0,7.314
9966,10074.0,7.395
9967,10075.0,7.125
9968,10077.0,11.6
9969,10078.0,7.998
9970,10079.0,10.456
9971,10080.0,9.189
9972,10081.0,11.12
9973,10082.0,8.359
9974,10083.0,11.48
9975,10084.0,7.797
9976,10085.0,7.165
9977,10086.0,7.165
9978,10087.0,9.269
9979,10088.0,10.096
9980,10089.0,7.435
9981,10090.0,8.279
9982,10091.0,10.256
9983,10092.0,9.068
9984,10093.0,7.556
9985,10094.0,10.737
9986,10095.0,7.676
9987,10096.0,9.47
9988,10097.0,7.314
9989,10098.0,7.355
9990,10099.0,6.803
9991,10100.0,7.596
9992,10101.0,7.395
9993,10102.0,7.395
9994,10103.0,7.435
9995,10104.0,7.556
9996,10105.0,10.897
9997,10106.0,8.828
9998,10107.0,8.44
9999,10108.0,11.08
10000,10109.0,9.855
10001,10110.0,9.59
10002,10111.0,10.616
10003,10112.0,9.109
10004,10113.0,7.274
10005,10114.0,7.205
10006,10115.0,10.336
10007,10116.0,7.355
10008,10117.0,8.078
10009,10118.0,9.815
10010,10119.0,9.51
10011,10120.0,7.395
10012,10121.0,8.319
10013,10122.0,7.958
10014,10123.0,7.958
10015,10124.0,7.998
10016,10125.0,7.355
10017,10126.0,8.158
10018,10127.0,6.44
10019,10128.0,6.964
10020,10129.0,7.556
10021,10130.0,7.515
10022,10131.0,7.837
10023,10132.0,7.274
10024,10133.0,8.828
10025,10134.0,11.48
10026,10135.0,7.837
10027,10136.0,11.32
10028,10137.0,7.958
10029,10138.0,11.64
10030,10139.0,8.319
10031,10140.0,11.64
10032,10141.0,7.274
10033,10142.0,7.004
10034,10143.0,7.044
10035,10144.0,8.158
10036,10145.0,9.895
10037,10146.0,9.47
10038,10147.0,7.435
10039,10148.0,8.44
10040,10149.0,10.96
10041,10150.0,7.085
10042,10151.0,9.068
10043,10152.0,7.246
10044,10153.0,8.118
10045,10154.0,10.016
10046,10155.0,6.722
10047,10156.0,6.883
10048,10157.0,7.515
10049,10158.0,7.355
10050,10159.0,7.395
10051,10160.0,7.395
10052,10161.0,7.205
10053,10162.0,11.52
10054,10163.0,8.118
10055,10164.0,10.176
10056,10165.0,9.028
10057,10166.0,10.937
10058,10167.0,8.627
10059,10169.0,11.36
10060,10170.0,7.998
10061,10171.0,7.286
10062,10172.0,7.246
10063,10173.0,9.775
10064,10174.0,9.59
10065,10175.0,7.475
10066,10176.0,8.4
10067,10177.0,10.937
10068,10178.0,8.359
10069,10179.0,7.716
10070,10180.0,10.296
10071,10181.0,7.676
10072,10182.0,9.935
10073,10183.0,7.286
10074,10184.0,7.475
10075,10185.0,6.32
10076,10186.0,6.964
10077,10187.0,7.475
10078,10188.0,7.515
10079,10189.0,7.757
10080,10190.0,7.246
10081,10191.0,9.149
10082,10192.0,11.057
10083,10193.0,7.757
10084,10194.0,11.4
10085,10195.0,7.837
10086,10196.0,11.68
10087,10197.0,8.587
10088,10198.0,11.2
10089,10199.0,7.274
10090,10200.0,7.044
10091,10201.0,7.044
10092,10202.0,7.998
10093,10203.0,9.63
10094,10204.0,9.751
10095,10205.0,7.355
10096,10206.0,8.48
10097,10207.0,10.697
10098,10208.0,7.004
10099,10209.0,8.908
10100,10210.0,7.205
10101,10211.0,8.038
10102,10212.0,10.096
10103,10213.0,6.722
10104,10214.0,6.843
10105,10215.0,7.596
10106,10216.0,7.194
10107,10217.0,7.355
10108,10218.0,7.435
10109,10219.0,7.314
10110,10220.0,11.32
10111,10221.0,8.319
10112,10222.0,9.71
10113,10223.0,9.63
10114,10224.0,10.657
10115,10225.0,9.068
10116,10226.0,11.16
10117,10227.0,8.279
10118,10228.0,7.246
10119,10229.0,7.395
10120,10230.0,10.456
10121,10231.0,8.788
10122,10232.0,7.636
10123,10233.0,8.707
10124,10234.0,10.737
10125,10235.0,7.395
10126,10236.0,7.958
10127,10237.0,9.67
10128,10238.0,7.757
10129,10239.0,9.71
10130,10240.0,7.366
10131,10241.0,7.716
10132,10242.0,6.601
10133,10243.0,6.964
10134,10244.0,7.274
10135,10245.0,7.435
10136,10246.0,7.475
10137,10247.0,7.958
10138,10248.0,10.136
10139,10249.0,9.71
10140,10250.0,7.475
10141,10251.0,11.64
10142,10252.0,8.52
10143,10253.0,11.36
10144,10254.0,9.751
10145,10255.0,9.775
10146,10256.0,7.355
10147,10257.0,7.125
10148,10258.0,8.747
10149,10260.0,7.556
10150,10261.0,8.707
10151,10262.0,10.777
10152,10263.0,7.475
10153,10264.0,7.917
10154,10265.0,9.389
10155,10266.0,7.004
10156,10267.0,8.359
10157,10268.0,7.246
10158,10269.0,7.716
10159,10270.0,8.988
10160,10271.0,6.44
10161,10272.0,6.883
10162,10273.0,7.475
10163,10274.0,7.716
10164,10275.0,7.205
10165,10276.0,7.355
10166,10277.0,7.125
10167,10278.0,11.72
10168,10279.0,7.877
10169,10280.0,10.777
10170,10281.0,8.707
10171,10282.0,11.32
10172,10283.0,8.078
10173,10284.0,11.6
10174,10285.0,7.596
10175,10286.0,7.085
10176,10287.0,7.085
10177,10288.0,8.788
10178,10289.0,10.616
10179,10290.0,7.395
10180,10291.0,7.998
10181,10292.0,9.59
10182,10293.0,9.791
10183,10294.0,7.355
10184,10295.0,10.576
10185,10296.0,7.515
10186,10297.0,9.028
10187,10298.0,8.078
10188,10299.0,7.113
10189,10300.0,6.722
10190,10301.0,7.596
10191,10302.0,7.395
10192,10303.0,7.355
10193,10304.0,7.435
10194,10305.0,7.556
10195,10306.0,10.897
10196,10307.0,8.828
10197,10308.0,8.4
10198,10309.0,11.16
10199,10310.0,9.855
10200,10311.0,9.63
10201,10312.0,10.616
10202,10313.0,9.109
10203,10314.0,7.314
10204,10315.0,7.205
10205,10316.0,10.296
10206,10317.0,7.355
10207,10318.0,8.158
10208,10319.0,9.855
10209,10320.0,9.47
10210,10321.0,7.435
10211,10322.0,8.4
10212,10323.0,7.837
10213,10324.0,7.998
10214,10325.0,7.837
10215,10326.0,7.395
10216,10327.0,8.199
10217,10328.0,6.32
10218,10329.0,6.924
10219,10330.0,7.475
10220,10331.0,7.475
10221,10332.0,7.596
10222,10333.0,7.355
10223,10334.0,8.158
10224,10335.0,11.84
10225,10336.0,8.118
10226,10337.0,11.08
10227,10338.0,8.239
10228,10339.0,11.48
10229,10340.0,7.877
10230,10341.0,11.72
10231,10342.0,7.395
10232,10343.0,6.964
10233,10344.0,7.004
10234,10345.0,8.48
10235,10346.0,10.657
10236,10347.0,8.627
10237,10348.0,7.636
10238,10349.0,8.828
10239,10350.0,10.576
10240,10351.0,7.165
10241,10353.0,9.63
10242,10354.0,7.314
10243,10355.0,8.44
10244,10356.0,9.309
10245,10357.0,6.924
10246,10358.0,6.883
10247,10359.0,7.556
10248,10360.0,7.165
10249,10361.0,7.475
10250,10362.0,7.395
10251,10363.0,7.234
10252,10364.0,11.4
10253,10365.0,8.239
10254,10366.0,9.895
10255,10367.0,9.309
10256,10368.0,10.777
10257,10369.0,8.868
10258,10370.0,11.24
10259,10371.0,8.118
10260,10372.0,7.286
10261,10373.0,7.355
10262,10374.0,10.096
10263,10375.0,9.189
10264,10376.0,7.475
10265,10377.0,8.507
10266,10378.0,10.937
10267,10379.0,7.837
10268,10380.0,7.797
10269,10381.0,9.975
10270,10382.0,7.716
10271,10383.0,9.975
10272,10384.0,7.314
10273,10385.0,7.676
10274,10386.0,6.763
10275,10387.0,7.716
10276,10388.0,7.435
10277,10389.0,7.395
10278,10390.0,7.475
10279,10391.0,7.716
10280,10392.0,10.536
10281,10393.0,9.068
10282,10394.0,7.435
10283,10395.0,11.68
10284,10396.0,8.988
10285,10397.0,10.777
10286,10398.0,9.895
10287,10399.0,9.51
10288,10400.0,7.314
10289,10401.0,7.125
10290,10402.0,8.828
10291,10403.0,7.556
10292,10404.0,8.747
10293,10405.0,10.697
10294,10406.0,7.395
10295,10407.0,7.958
10296,10408.0,9.67
10297,10409.0,6.924
10298,10410.0,8.48
10299,10411.0,7.205
10300,10412.0,7.917
10301,10413.0,9.47
10302,10414.0,6.642
10303,10415.0,7.085
10304,10416.0,7.596
10305,10417.0,7.837
10306,10418.0,7.355
10307,10419.0,7.435
10308,10420.0,7.205
10309,10421.0,11.68
10310,10422.0,8.038
10311,10423.0,10.416
10312,10424.0,9.149
10313,10425.0,11.04
10314,10426.0,8.4
10315,10427.0,11.4
10316,10428.0,7.877
10317,10429.0,7.246
10318,10430.0,7.246
10319,10431.0,9.71
10320,10432.0,9.55
10321,10433.0,7.435
10322,10434.0,8.4
10323,10435.0,10.977
10324,10436.0,7.998
10325,10437.0,7.757
10326,10438.0,10.096
10327,10439.0,7.676
10328,10440.0,10.016
10329,10441.0,7.326
10330,10443.0,7.556
10331,10444.0,6.682
10332,10445.0,7.314
10333,10446.0,7.205
10334,10447.0,7.395
10335,10448.0,7.515
10336,10449.0,7.757
10337,10450.0,10.536
10338,10451.0,9.028
10339,10452.0,7.435
10340,10453.0,11.72
10341,10454.0,9.229
10342,10455.0,10.376
10343,10456.0,10.216
10344,10457.0,9.109
10345,10458.0,7.286
10346,10459.0,7.165
10347,10460.0,9.63
10348,10461.0,7.395
10349,10462.0,8.467
10350,10463.0,10.657
10351,10464.0,8.587
10352,10465.0,7.636
10353,10466.0,8.828
10354,10467.0,7.085
10355,10468.0,8.158
10356,10469.0,7.246
10357,10470.0,7.556
10358,10471.0,8.56
10359,10472.0,6.642
10360,10473.0,7.004
10361,10474.0,7.515
10362,10475.0,7.515
10363,10476.0,7.877
10364,10477.0,7.246
10365,10478.0,8.948
10366,10479.0,11.44
10367,10480.0,7.877
10368,10481.0,11.32
10369,10482.0,7.958
10370,10483.0,11.64
10371,10484.0,8.359
10372,10485.0,11.56
10373,10486.0,7.274
10374,10487.0,6.964
10375,10488.0,7.085
10376,10489.0,8.118
10377,10490.0,9.895
10378,10491.0,9.47
10379,10492.0,7.475
10380,10493.0,8.4
10381,10494.0,11.0
10382,10495.0,7.044
10383,10496.0,9.109
10384,10497.0,7.205
10385,10498.0,8.199
10386,10499.0,10.016
10387,10500.0,6.763
10388,10501.0,6.843
10389,10502.0,7.556
10390,10503.0,7.165
10391,10504.0,7.435
10392,10505.0,7.395
10393,10506.0,7.246
10394,10507.0,11.4
10395,10508.0,8.199
10396,10509.0,9.975
10397,10510.0,9.229
10398,10511.0,10.817
10399,10512.0,8.788
10400,10513.0,11.28
10401,10514.0,8.078
10402,10515.0,7.246
10403,10516.0,7.326
10404,10517.0,9.975
10405,10518.0,9.309
10406,10519.0,7.475
10407,10520.0,8.467
10408,10521.0,10.977
10409,10522.0,7.958
10410,10523.0,7.757
10411,10524.0,10.056
10412,10525.0,7.676
10413,10526.0,9.975
10414,10527.0,7.326
10415,10528.0,7.556
10416,10529.0,6.601
10417,10530.0,6.964
10418,10531.0,7.205
10419,10532.0,7.435
10420,10533.0,7.395
10421,10534.0,7.877
10422,10535.0,10.336
10423,10537.0,9.389
10424,10538.0,7.515
10425,10539.0,11.68
10426,10540.0,8.868
10427,10541.0,10.897
10428,10542.0,9.975
10429,10543.0,9.47
10430,10544.0,7.314
10431,10545.0,7.125
10432,10546.0,9.189
10433,10547.0,7.435
10434,10548.0,8.467
10435,10549.0,11.017
10436,10550.0,8.078
10437,10551.0,7.757
10438,10552.0,9.109
10439,10553.0,7.044
10440,10554.0,8.279
10441,10555.0,7.246
10442,10556.0,7.636
10443,10557.0,8.788
10444,10558.0,6.44
10445,10559.0,6.924
10446,10560.0,7.435
10447,10561.0,7.435
10448,10562.0,7.877
10449,10563.0,7.355
10450,10564.0,8.279
10451,10565.0,11.88
10452,10566.0,8.078
10453,10567.0,11.12
10454,10568.0,8.199
10455,10569.0,11.52
10456,10570.0,7.877
10457,10571.0,11.72
10458,10572.0,7.395
10459,10573.0,6.924
10460,10574.0,7.044
10461,10575.0,8.4
10462,10576.0,10.616
10463,10577.0,8.747
10464,10578.0,7.596
10465,10579.0,8.747
10466,10580.0,10.697
10467,10581.0,7.125
10468,10582.0,9.55
10469,10583.0,7.326
10470,10584.0,8.4
10471,10585.0,9.47
10472,10586.0,6.883
10473,10587.0,6.803
10474,10588.0,7.636
10475,10589.0,7.234
10476,10590.0,7.355
10477,10591.0,7.395
10478,10592.0,7.314
10479,10593.0,11.28
10480,10594.0,8.4
10481,10595.0,9.51
10482,10596.0,9.815
10483,10597.0,10.536
10484,10598.0,9.028
10485,10599.0,11.08
10486,10600.0,8.4
10487,10601.0,7.246
10488,10602.0,7.395
10489,10603.0,10.737
10490,10604.0,8.48
10491,10605.0,7.676
10492,10606.0,8.908
10493,10607.0,10.536
10494,10608.0,7.355
10495,10609.0,8.038
10496,10610.0,9.43
10497,10611.0,7.797
10498,10612.0,9.43
10499,10613.0,7.326
10500,10614.0,7.837
10501,10615.0,6.4
10502,10616.0,6.964
10503,10617.0,7.475
10504,10618.0,7.515
10505,10619.0,7.797
10506,10620.0,7.246
10507,10621.0,9.189
10508,10622.0,11.04
10509,10623.0,7.757
10510,10624.0,11.4
10511,10625.0,7.917
10512,10626.0,11.72
10513,10627.0,8.667
10514,10629.0,11.12
10515,10630.0,7.355
10516,10631.0,7.004
10517,10632.0,7.085
10518,10633.0,7.958
10519,10634.0,9.59
10520,10635.0,9.815
10521,10636.0,7.435
10522,10637.0,8.44
10523,10638.0,10.576
10524,10639.0,7.004
10525,10640.0,8.868
10526,10641.0,7.205
10527,10642.0,7.998
10528,10643.0,9.855
10529,10644.0,6.682
10530,10645.0,6.883
10531,10646.0,7.556
10532,10647.0,7.958
10533,10648.0,7.395
10534,10649.0,7.395
10535,10650.0,7.205
10536,10651.0,11.6
10537,10652.0,8.078
10538,10653.0,10.416
10539,10654.0,9.149
10540,10655.0,11.08
10541,10656.0,8.4
10542,10657.0,11.44
10543,10658.0,7.837
10544,10659.0,7.165
10545,10660.0,7.165
10546,10661.0,9.349
10547,10662.0,10.016
10548,10663.0,7.395
10549,10664.0,8.359
10550,10665.0,10.336
10551,10666.0,8.948
10552,10667.0,7.556
10553,10668.0,10.657
10554,10669.0,7.716
10555,10670.0,9.55
10556,10671.0,7.286
10557,10672.0,7.314
10558,10673.0,6.682
10559,10674.0,7.716
10560,10675.0,7.475
10561,10676.0,7.395
10562,10677.0,7.475
10563,10678.0,7.676
10564,10679.0,10.697
10565,10680.0,8.988
10566,10681.0,7.837
10567,10682.0,11.64
10568,10683.0,9.51
10569,10684.0,10.016
10570,10685.0,10.416
10571,10686.0,8.908
10572,10687.0,7.286
10573,10688.0,7.165
10574,10689.0,9.935
10575,10690.0,7.355
10576,10691.0,8.319
10577,10692.0,10.296
10578,10693.0,8.988
10579,10694.0,7.515
10580,10695.0,8.627
10581,10696.0,7.205
10582,10697.0,8.078
10583,10698.0,7.246
10584,10699.0,7.475
10585,10700.0,8.359
10586,10701.0,6.32
10587,10702.0,6.924
10588,10703.0,7.435
10589,10704.0,7.475
10590,10705.0,7.797
10591,10706.0,7.326
10592,10707.0,8.239
10593,10708.0,11.84
10594,10709.0,8.078
10595,10710.0,11.12
10596,10711.0,8.158
10597,10712.0,11.52
10598,10713.0,7.877
10599,10714.0,11.76
10600,10715.0,7.355
10601,10716.0,6.924
10602,10717.0,7.004
10603,10718.0,8.44
10604,10719.0,10.616
10605,10721.0,8.707
10606,10722.0,7.636
10607,10723.0,8.747
10608,10724.0,10.697
10609,10725.0,7.165
10610,10726.0,9.59
10611,10727.0,7.326
10612,10728.0,8.44
10613,10729.0,9.43
10614,10730.0,6.964
10615,10731.0,6.843
10616,10732.0,7.636
10617,10733.0,7.205
10618,10734.0,7.395
10619,10735.0,7.435
10620,10736.0,7.314
10621,10737.0,11.36
10622,10738.0,8.319
10623,10739.0,9.751
10624,10740.0,9.59
10625,10741.0,10.657
10626,10742.0,9.068
10627,10743.0,11.16
10628,10744.0,8.279
10629,10745.0,7.246
10630,10746.0,7.395
10631,10747.0,10.416
10632,10748.0,8.828
10633,10749.0,7.596
10634,10750.0,8.707
10635,10751.0,10.697
10636,10752.0,7.355
10637,10753.0,7.917
10638,10754.0,9.67
10639,10755.0,7.757
10640,10756.0,9.67
10641,10757.0,7.326
10642,10758.0,7.757
10643,10759.0,6.642
10644,10760.0,6.964
10645,10761.0,7.205
10646,10762.0,7.435
10647,10763.0,7.395
10648,10764.0,7.877
10649,10765.0,10.336
10650,10766.0,9.349
10651,10767.0,7.475
10652,10768.0,11.68
10653,10769.0,8.908
10654,10770.0,10.857
10655,10771.0,9.975
10656,10772.0,9.43
10657,10773.0,7.314
10658,10774.0,7.165
10659,10775.0,9.189
10660,10776.0,7.435
10661,10777.0,8.48
10662,10778.0,11.017
10663,10779.0,8.038
10664,10780.0,7.757
10665,10781.0,9.109
10666,10782.0,7.044
10667,10783.0,8.239
10668,10784.0,7.205
10669,10785.0,7.636
10670,10786.0,8.747
10671,10787.0,6.44
10672,10788.0,6.964
10673,10789.0,7.475
10674,10790.0,7.395
10675,10791.0,7.958
10676,10792.0,7.326
10677,10793.0,8.48
10678,10794.0,11.88
10679,10795.0,7.998
10680,10796.0,11.2
10681,10797.0,8.078
10682,10798.0,11.56
10683,10799.0,7.877
10684,10800.0,11.76
10685,10801.0,7.355
10686,10802.0,6.924
10687,10803.0,7.044
10688,10804.0,8.319
10689,10805.0,10.336
10690,10806.0,8.988
10691,10807.0,7.556
10692,10808.0,8.627
10693,10809.0,10.857
10694,10810.0,7.085
10695,10811.0,9.43
10696,10812.0,7.286
10697,10814.0,8.319
10698,10815.0,9.67
10699,10816.0,6.843
10700,10817.0,6.843
10701,10818.0,7.556
10702,10819.0,7.165
10703,10820.0,7.435
10704,10821.0,7.395
10705,10822.0,7.246
10706,10823.0,11.44
10707,10824.0,8.199
10708,10825.0,9.975
10709,10826.0,9.229
10710,10827.0,10.817
10711,10828.0,8.788
10712,10829.0,11.28
10713,10830.0,8.078
10714,10831.0,7.246
10715,10832.0,7.326
10716,10833.0,10.016
10717,10834.0,9.309
10718,10835.0,7.515
10719,10836.0,8.467
10720,10837.0,10.977
10721,10838.0,7.958
10722,10839.0,7.797
10723,10840.0,10.056
10724,10841.0,7.716
10725,10842.0,10.016
10726,10843.0,7.314
10727,10844.0,7.596
10728,10845.0,6.118
10729,10846.0,6.883
10730,10847.0,7.475
10731,10848.0,7.556
10732,10849.0,7.165
10733,10850.0,7.435
10734,10851.0,7.596
10735,10852.0,11.84
10736,10853.0,8.158
10737,10854.0,11.04
10738,10855.0,8.44
10739,10856.0,11.44
10740,10857.0,7.877
10741,10858.0,11.68
10742,10859.0,7.475
10743,10860.0,7.004
10744,10861.0,7.004
10745,10862.0,8.4
10746,10863.0,11.057
10747,10864.0,8.118
10748,10865.0,7.757
10749,10866.0,9.068
10750,10867.0,10.336
10751,10868.0,7.234
10752,10869.0,9.975
10753,10870.0,7.395
10754,10871.0,8.667
10755,10872.0,8.908
10756,10873.0,7.044
10757,10874.0,6.843
10758,10875.0,7.676
10759,10876.0,7.274
10760,10877.0,7.435
10761,10878.0,7.435
10762,10879.0,7.395
10763,10880.0,11.32
10764,10881.0,8.4
10765,10882.0,9.59
10766,10883.0,9.775
10767,10884.0,10.576
10768,10885.0,9.229
10769,10886.0,11.08
10770,10887.0,8.4
10771,10888.0,7.246
10772,10889.0,7.676
10773,10890.0,10.697
10774,10891.0,8.587
10775,10892.0,7.636
10776,10893.0,8.908
10777,10894.0,10.616
10778,10895.0,7.475
10779,10896.0,7.998
10780,10897.0,9.51
10781,10898.0,7.757
10782,10899.0,9.47
10783,10900.0,7.314
10784,10901.0,7.837
10785,10902.0,6.601
10786,10903.0,6.964
10787,10904.0,7.234
10788,10905.0,7.475
10789,10907.0,7.435
10790,10908.0,8.158
10791,10909.0,10.096
10792,10910.0,9.695
10793,10911.0,7.475
10794,10912.0,11.64
10795,10913.0,8.48
10796,10914.0,11.36
10797,10915.0,9.751
10798,10916.0,9.775
10799,10917.0,7.314
10800,10918.0,7.125
10801,10919.0,8.707
10802,10920.0,7.556
10803,10921.0,8.707
10804,10922.0,10.777
10805,10923.0,7.435
10806,10924.0,7.917
10807,10925.0,9.43
10808,10926.0,7.004
10809,10927.0,8.359
10810,10928.0,7.246
10811,10929.0,7.757
10812,10930.0,8.988
10813,10931.0,6.481
10814,10932.0,6.924
10815,10933.0,7.435
10816,10934.0,7.515
10817,10935.0,7.165
10818,10936.0,7.435
10819,10937.0,7.716
10820,10938.0,11.84
10821,10939.0,8.279
10822,10940.0,11.057
10823,10941.0,8.359
10824,10942.0,11.48
10825,10943.0,7.917
10826,10944.0,11.68
10827,10945.0,7.435
10828,10946.0,6.964
10829,10947.0,7.004
10830,10948.0,8.359
10831,10949.0,11.057
10832,10950.0,8.239
10833,10951.0,7.716
10834,10952.0,8.988
10835,10953.0,10.456
10836,10954.0,7.194
10837,10955.0,9.855
10838,10956.0,7.355
10839,10957.0,8.627
10840,10958.0,9.068
10841,10959.0,7.044
10842,10960.0,6.924
10843,10961.0,7.596
10844,10962.0,7.274
10845,10963.0,7.435
10846,10964.0,7.395
10847,10965.0,7.246
10848,10966.0,11.52
10849,10967.0,8.199
10850,10968.0,10.136
10851,10969.0,9.068
10852,10970.0,10.937
10853,10971.0,8.627
10854,10972.0,11.36
10855,10973.0,7.998
10856,10974.0,7.286
10857,10975.0,7.286
10858,10976.0,9.751
10859,10977.0,9.59
10860,10978.0,7.435
10861,10979.0,8.4
10862,10980.0,10.937
10863,10981.0,8.359
10864,10982.0,7.716
10865,10983.0,10.296
10866,10984.0,7.676
10867,10985.0,9.935
10868,10986.0,7.326
10869,10987.0,7.475
10870,10988.0,6.642
10871,10989.0,7.355
10872,10990.0,7.165
10873,10991.0,7.395
10874,10992.0,7.475
10875,10993.0,7.757
10876,10994.0,10.536
10877,10995.0,9.028
10878,10996.0,7.435
10879,10998.0,11.76
10880,10999.0,9.269
10881,11000.0,10.376
10882,11001.0,10.216
10883,11002.0,9.149
10884,11003.0,7.274
10885,11004.0,7.165
10886,11005.0,9.63
10887,11006.0,7.395
10888,11007.0,8.507
10889,11008.0,10.657
10890,11009.0,8.587
10891,11010.0,7.636
10892,11011.0,8.868
10893,11012.0,7.044
10894,11013.0,8.158
10895,11014.0,7.246
10896,11015.0,7.556
10897,11016.0,8.547
10898,11017.0,6.4
10899,11018.0,6.924
10900,11019.0,7.435
10901,11020.0,7.435
10902,11021.0,7.998
10903,11022.0,7.326
10904,11023.0,8.44
10905,11024.0,11.92
10906,11025.0,7.998
10907,11026.0,11.2
10908,11027.0,8.118
10909,11028.0,11.56
10910,11029.0,7.837
10911,11030.0,11.76
10912,11031.0,7.355
10913,11032.0,6.924
10914,11033.0,7.085
10915,11034.0,8.319
10916,11035.0,10.376
10917,11036.0,8.988
10918,11037.0,7.596
10919,11038.0,8.627
10920,11039.0,10.817
10921,11040.0,7.085
10922,11041.0,9.43
10923,11042.0,7.286
10924,11043.0,8.319
10925,11044.0,9.67
10926,11045.0,6.843
10927,11046.0,6.803
10928,11047.0,7.596
10929,11048.0,7.205
10930,11049.0,7.355
10931,11050.0,7.395
10932,11051.0,7.274
10933,11052.0,11.36
10934,11053.0,8.279
10935,11054.0,9.71
10936,11055.0,9.55
10937,11056.0,10.657
10938,11057.0,9.028
10939,11058.0,11.16
10940,11059.0,8.279
10941,11060.0,7.286
10942,11061.0,7.395
10943,11062.0,10.416
10944,11063.0,8.828
10945,11064.0,7.596
10946,11065.0,8.707
10947,11066.0,10.737
10948,11067.0,7.355
10949,11068.0,7.917
10950,11069.0,9.71
10951,11070.0,7.757
10952,11071.0,9.67
10953,11072.0,7.286
10954,11073.0,7.716
10955,11074.0,6.601
10956,11075.0,6.964
10957,11076.0,7.274
10958,11077.0,7.435
10959,11078.0,7.475
10960,11079.0,7.998
10961,11080.0,10.136
10962,11081.0,9.67
10963,11082.0,7.435
10964,11083.0,11.64
10965,11084.0,8.547
10966,11085.0,11.32
10967,11086.0,9.775
10968,11087.0,9.735
10969,11088.0,7.314
10970,11090.0,7.165
10971,11091.0,8.788
10972,11092.0,7.556
10973,11093.0,8.707
10974,11094.0,10.777
10975,11095.0,7.515
10976,11096.0,7.917
10977,11097.0,9.43
10978,11098.0,7.004
10979,11099.0,8.4
10980,11100.0,7.205
10981,11101.0,7.757
10982,11102.0,8.988
10983,11103.0,6.521
10984,11104.0,6.964
10985,11105.0,7.475
10986,11106.0,7.636
10987,11107.0,7.205
10988,11108.0,7.475
10989,11109.0,7.395
10990,11110.0,11.76
10991,11111.0,7.877
10992,11112.0,10.897
10993,11113.0,8.587
10994,11114.0,11.36
10995,11115.0,7.998
10996,11116.0,11.64
10997,11117.0,7.596
10998,11118.0,7.044
10999,11119.0,7.125
11000,11120.0,8.587
11001,11121.0,10.817
11002,11122.0,7.515
11003,11123.0,7.877
11004,11124.0,9.389
11005,11125.0,9.975
11006,11126.0,7.274
11007,11127.0,10.336
11008,11128.0,7.475
11009,11129.0,8.868
11010,11130.0,8.4
11011,11131.0,7.125
11012,11132.0,6.803
11013,11133.0,7.636
11014,11134.0,7.274
11015,11135.0,7.355
11016,11136.0,7.435
11017,11137.0,7.395
11018,11138.0,11.12
11019,11139.0,8.507
11020,11140.0,9.149
11021,11141.0,10.256
11022,11142.0,10.296
11023,11143.0,9.068
11024,11144.0,10.937
11025,11145.0,8.627
11026,11146.0,7.286
11027,11147.0,7.205
11028,11148.0,10.857
11029,11149.0,7.797
11030,11150.0,7.877
11031,11151.0,9.229
11032,11152.0,10.136
11033,11153.0,7.355
11034,11154.0,8.279
11035,11155.0,8.828
11036,11156.0,7.877
11037,11157.0,8.788
11038,11158.0,7.314
11039,11159.0,7.998
11040,11160.0,6.481
11041,11161.0,6.964
11042,11162.0,7.355
11043,11163.0,7.435
11044,11164.0,7.596
11045,11165.0,7.165
11046,11166.0,9.67
11047,11167.0,10.296
11048,11168.0,7.596
11049,11169.0,11.52
11050,11170.0,7.797
11051,11171.0,11.76
11052,11172.0,9.229
11053,11173.0,10.456
11054,11174.0,7.355
11055,11175.0,7.085
11056,11176.0,7.797
11057,11177.0,7.757
11058,11178.0,9.149
11059,11179.0,10.296
11060,11180.0,7.395
11061,11181.0,8.199
11062,11182.0,10.056
11063,11184.0,6.964
11064,11185.0,8.587
11065,11186.0,7.246
11066,11187.0,7.958
11067,11188.0,9.51
11068,11189.0,6.642
11069,11190.0,6.883
11070,11191.0,7.556
11071,11192.0,7.877
11072,11193.0,7.314
11073,11194.0,7.395
11074,11195.0,7.165
11075,11196.0,11.64
11076,11197.0,7.998
11077,11198.0,10.536
11078,11199.0,9.109
11079,11200.0,11.12
11080,11201.0,8.279
11081,11202.0,11.48
11082,11203.0,7.757
11083,11204.0,7.125
11084,11205.0,7.165
11085,11206.0,9.189
11086,11207.0,10.216
11087,11208.0,7.395
11088,11209.0,8.239
11089,11210.0,10.096
11090,11211.0,9.229
11091,11212.0,7.475
11092,11213.0,10.777
11093,11214.0,7.636
11094,11215.0,9.389
11095,11216.0,7.326
11096,11217.0,7.314
11097,11218.0,6.803
11098,11219.0,7.716
11099,11220.0,7.355
11100,11221.0,7.355
11101,11222.0,7.435
11102,11223.0,7.435
11103,11224.0,11.04
11104,11225.0,8.627
11105,11226.0,8.868
11106,11227.0,10.576
11107,11228.0,10.136
11108,11229.0,9.269
11109,11230.0,10.817
11110,11231.0,8.788
11111,11232.0,7.274
11112,11233.0,7.205
11113,11234.0,10.697
11114,11235.0,7.435
11115,11236.0,7.917
11116,11237.0,9.43
11117,11238.0,9.935
11118,11239.0,7.395
11119,11240.0,8.4
11120,11241.0,8.587
11121,11242.0,7.917
11122,11243.0,8.587
11123,11244.0,7.314
11124,11245.0,7.998
11125,11246.0,6.521
11126,11247.0,6.964
11127,11248.0,7.355
11128,11249.0,7.435
11129,11250.0,7.556
11130,11251.0,7.125
11131,11252.0,9.791
11132,11253.0,10.216
11133,11254.0,7.556
11134,11255.0,11.56
11135,11256.0,7.877
11136,11257.0,11.76
11137,11258.0,9.349
11138,11259.0,10.336
11139,11260.0,7.355
11140,11261.0,7.085
11141,11262.0,7.998
11142,11263.0,7.716
11143,11264.0,9.068
11144,11265.0,10.376
11145,11266.0,7.435
11146,11267.0,8.118
11147,11268.0,9.935
11148,11269.0,6.964
11149,11270.0,8.547
11150,11271.0,7.205
11151,11272.0,7.917
11152,11274.0,9.43
11153,11275.0,6.601
11154,11276.0,6.924
11155,11277.0,7.475
11156,11278.0,7.676
11157,11279.0,7.194
11158,11280.0,7.355
11159,11281.0,7.355
11160,11282.0,11.72
11161,11283.0,7.877
11162,11284.0,10.817
11163,11285.0,8.587
11164,11286.0,11.32
11165,11287.0,7.958
11166,11288.0,11.6
11167,11289.0,7.556
11168,11290.0,7.044
11169,11291.0,7.044
11170,11292.0,8.667
11171,11293.0,10.737
11172,11294.0,7.355
11173,11295.0,7.917
11174,11296.0,9.47
11175,11297.0,9.895
11176,11298.0,7.314
11177,11299.0,10.456
11178,11300.0,7.475
11179,11301.0,8.948
11180,11302.0,8.279
11181,11303.0,7.113
11182,11304.0,6.642
11183,11305.0,7.676
11184,11306.0,7.475
11185,11307.0,7.395
11186,11308.0,7.475
11187,11309.0,7.636
11188,11310.0,10.737
11189,11311.0,8.988
11190,11312.0,7.958
11191,11313.0,11.64
11192,11314.0,9.55
11193,11315.0,10.016
11194,11316.0,10.456
11195,11317.0,8.908
11196,11318.0,7.314
11197,11319.0,7.205
11198,11320.0,9.975
11199,11321.0,7.355
11200,11322.0,8.319
11201,11323.0,10.296
11202,11324.0,9.028
11203,11325.0,7.515
11204,11326.0,8.627
11205,11327.0,7.165
11206,11328.0,8.078
11207,11329.0,7.286
11208,11330.0,7.475
11209,11331.0,8.4
11210,11332.0,6.481
11211,11333.0,7.004
11212,11334.0,7.596
11213,11335.0,7.475
11214,11336.0,7.877
11215,11337.0,7.286
11216,11338.0,8.788
11217,11339.0,11.56
11218,11340.0,7.877
11219,11341.0,11.28
11220,11342.0,7.998
11221,11343.0,11.6
11222,11344.0,8.239
11223,11345.0,11.68
11224,11346.0,7.314
11225,11347.0,6.883
11226,11348.0,7.085
11227,11349.0,8.158
11228,11350.0,10.056
11229,11351.0,9.349
11230,11352.0,7.515
11231,11353.0,8.44
11232,11354.0,11.017
11233,11355.0,7.085
11234,11356.0,9.189
11235,11357.0,7.246
11236,11358.0,8.199
11237,11359.0,9.935
11238,11360.0,6.763
11239,11361.0,6.883
11240,11362.0,7.515
11241,11363.0,7.636
11242,11364.0,7.355
11243,11365.0,7.395
11244,11367.0,7.165
11245,11368.0,11.56
11246,11369.0,8.078
11247,11370.0,10.296
11248,11371.0,8.868
11249,11372.0,11.017
11250,11373.0,8.507
11251,11374.0,11.4
11252,11375.0,7.877
11253,11376.0,7.205
11254,11377.0,7.205
11255,11378.0,9.55
11256,11379.0,9.815
11257,11380.0,7.435
11258,11381.0,8.48
11259,11382.0,10.616
11260,11383.0,8.667
11261,11384.0,7.596
11262,11385.0,10.496
11263,11386.0,7.797
11264,11387.0,9.71
11265,11388.0,7.326
11266,11389.0,7.435
11267,11390.0,6.763
11268,11391.0,7.636
11269,11392.0,7.435
11270,11393.0,7.395
11271,11394.0,7.475
11272,11395.0,7.596
11273,11396.0,10.777
11274,11397.0,8.908
11275,11398.0,8.158
11276,11399.0,11.4
11277,11400.0,9.71
11278,11401.0,9.815
11279,11402.0,10.496
11280,11403.0,9.028
11281,11404.0,7.274
11282,11405.0,7.205
11283,11406.0,10.136
11284,11407.0,7.395
11285,11408.0,8.199
11286,11409.0,10.056
11287,11410.0,9.309
11288,11411.0,7.475
11289,11412.0,8.467
11290,11413.0,7.556
11291,11414.0,8.038
11292,11415.0,7.556
11293,11416.0,7.435
11294,11417.0,8.279
11295,11418.0,6.561
11296,11419.0,6.964
11297,11420.0,7.435
11298,11421.0,7.475
11299,11422.0,7.716
11300,11423.0,7.246
11301,11424.0,9.349
11302,11425.0,10.817
11303,11426.0,7.716
11304,11427.0,11.44
11305,11428.0,7.877
11306,11429.0,11.72
11307,11430.0,8.868
11308,11431.0,10.937
11309,11432.0,7.395
11310,11433.0,7.044
11311,11434.0,7.165
11312,11435.0,7.877
11313,11436.0,9.51
11314,11437.0,9.935
11315,11438.0,7.475
11316,11439.0,8.4
11317,11440.0,10.416
11318,11441.0,7.004
11319,11442.0,8.788
11320,11443.0,7.205
11321,11444.0,7.998
11322,11445.0,9.815
11323,11446.0,6.642
11324,11447.0,6.883
11325,11448.0,7.515
11326,11449.0,7.958
11327,11450.0,7.314
11328,11451.0,7.395
11329,11452.0,7.165
11330,11453.0,11.64
11331,11454.0,8.038
11332,11455.0,10.456
11333,11456.0,9.189
11334,11457.0,11.08
11335,11458.0,8.359
11336,11460.0,11.44
11337,11461.0,7.797
11338,11462.0,7.165
11339,11463.0,7.165
11340,11464.0,9.309
11341,11465.0,10.056
11342,11466.0,7.395
11343,11467.0,8.319
11344,11468.0,10.296
11345,11469.0,8.988
11346,11470.0,7.556
11347,11471.0,10.697
11348,11472.0,7.676
11349,11473.0,9.55
11350,11474.0,7.314
11351,11475.0,7.314
11352,11476.0,6.682
11353,11477.0,7.636
11354,11478.0,7.314
11355,11479.0,7.395
11356,11480.0,7.475
11357,11481.0,7.716
11358,11482.0,10.616
11359,11483.0,8.948
11360,11484.0,7.636
11361,11485.0,11.76
11362,11486.0,9.389
11363,11487.0,10.216
11364,11488.0,10.336
11365,11489.0,9.028
11366,11490.0,7.314
11367,11491.0,7.165
11368,11492.0,9.791
11369,11493.0,7.395
11370,11494.0,8.48
11371,11495.0,10.496
11372,11496.0,8.747
11373,11497.0,7.596
11374,11498.0,8.747
11375,11499.0,7.085
11376,11500.0,8.118
11377,11501.0,7.246
11378,11502.0,7.515
11379,11503.0,8.48
11380,11504.0,6.4
11381,11505.0,6.924
11382,11506.0,7.475
11383,11507.0,7.556
11384,11508.0,7.205
11385,11509.0,7.435
11386,11510.0,7.757
11387,11511.0,11.8
11388,11512.0,8.239
11389,11513.0,11.057
11390,11514.0,8.44
11391,11515.0,11.44
11392,11516.0,7.958
11393,11517.0,11.68
11394,11518.0,7.475
11395,11519.0,6.964
11396,11520.0,7.004
11397,11521.0,8.359
11398,11522.0,11.017
11399,11523.0,8.279
11400,11524.0,7.716
11401,11525.0,8.988
11402,11526.0,10.376
11403,11527.0,7.205
11404,11528.0,9.815
11405,11529.0,7.395
11406,11530.0,8.547
11407,11531.0,9.068
11408,11532.0,6.964
11409,11533.0,6.763
11410,11534.0,7.676
11411,11535.0,7.274
11412,11536.0,7.395
11413,11537.0,7.435
11414,11538.0,7.395
11415,11539.0,11.16
11416,11540.0,8.547
11417,11541.0,9.189
11418,11542.0,10.216
11419,11543.0,10.336
11420,11544.0,9.028
11421,11545.0,10.937
11422,11546.0,8.587
11423,11547.0,7.286
11424,11548.0,7.246
11425,11549.0,10.937
11426,11550.0,7.917
11427,11552.0,7.797
11428,11553.0,9.149
11429,11554.0,10.296
11430,11555.0,7.395
11431,11556.0,8.239
11432,11557.0,8.988
11433,11558.0,7.837
11434,11559.0,8.988
11435,11560.0,7.314
11436,11561.0,8.038
11437,11562.0,6.199
11438,11563.0,6.883
11439,11564.0,7.475
11440,11565.0,7.556
11441,11566.0,7.165
11442,11567.0,7.435
11443,11568.0,7.676
11444,11569.0,11.84
11445,11570.0,8.279
11446,11571.0,11.017
11447,11572.0,8.44
11448,11573.0,11.44
11449,11574.0,7.917
11450,11575.0,11.72
11451,11576.0,7.475
11452,11577.0,7.004
11453,11578.0,7.004
11454,11579.0,8.4
11455,11580.0,11.017
11456,11581.0,8.158
11457,11582.0,7.757
11458,11583.0,9.028
11459,11584.0,10.376
11460,11585.0,7.205
11461,11586.0,9.935
11462,11587.0,7.395
11463,11588.0,8.627
11464,11589.0,8.948
11465,11590.0,7.044
11466,11591.0,6.722
11467,11592.0,7.716
11468,11593.0,7.314
11469,11594.0,7.395
11470,11595.0,7.435
11471,11596.0,7.475
11472,11597.0,11.12
11473,11598.0,8.667
11474,11599.0,9.028
11475,11600.0,10.456
11476,11601.0,10.216
11477,11602.0,9.149
11478,11603.0,10.857
11479,11604.0,8.707
11480,11605.0,7.286
11481,11606.0,7.246
11482,11607.0,10.777
11483,11608.0,7.676
11484,11609.0,7.877
11485,11610.0,9.309
11486,11611.0,10.056
11487,11612.0,7.355
11488,11613.0,8.319
11489,11614.0,8.747
11490,11615.0,7.877
11491,11616.0,8.707
11492,11617.0,7.314
11493,11618.0,7.958
11494,11619.0,6.199
11495,11620.0,6.843
11496,11621.0,7.515
11497,11622.0,7.837
11498,11623.0,7.274
11499,11624.0,7.355
11500,11625.0,7.125
11501,11626.0,11.68
11502,11627.0,7.998
11503,11628.0,10.576
11504,11629.0,9.028
11505,11630.0,11.16
11506,11631.0,8.279
11507,11632.0,11.48
11508,11633.0,7.716
11509,11634.0,7.125
11510,11635.0,7.165
11511,11636.0,9.109
11512,11637.0,10.296
11513,11638.0,7.395
11514,11639.0,8.199
11515,11640.0,9.975
11516,11641.0,9.269
11517,11642.0,7.435
11518,11643.0,10.817
11519,11645.0,7.596
11520,11646.0,9.349
11521,11647.0,7.355
11522,11648.0,7.314
11523,11649.0,6.722
11524,11650.0,7.636
11525,11651.0,7.395
11526,11652.0,7.395
11527,11653.0,7.435
11528,11654.0,7.596
11529,11655.0,10.857
11530,11656.0,8.868
11531,11657.0,8.279
11532,11658.0,11.28
11533,11659.0,9.775
11534,11660.0,9.735
11535,11661.0,10.576
11536,11662.0,9.189
11537,11663.0,7.274
11538,11664.0,7.246
11539,11665.0,10.256
11540,11666.0,7.395
11541,11667.0,8.158
11542,11668.0,9.975
11543,11669.0,9.43
11544,11670.0,7.475
11545,11671.0,8.44
11546,11672.0,7.837
11547,11673.0,7.958
11548,11674.0,7.877
11549,11675.0,7.395
11550,11676.0,8.279
11551,11677.0,6.279
11552,11678.0,7.004
11553,11679.0,7.435
11554,11680.0,7.515
11555,11681.0,7.716
11556,11682.0,7.355
11557,11683.0,8.199
11558,11684.0,11.84
11559,11685.0,8.078
11560,11686.0,11.16
11561,11687.0,8.199
11562,11688.0,11.52
11563,11689.0,7.877
11564,11690.0,11.76
11565,11691.0,7.395
11566,11692.0,6.964
11567,11693.0,7.044
11568,11694.0,8.426
11569,11695.0,10.576
11570,11696.0,8.707
11571,11697.0,7.596
11572,11698.0,8.747
11573,11699.0,10.657
11574,11700.0,7.113
11575,11701.0,9.55
11576,11702.0,7.314
11577,11703.0,8.4
11578,11704.0,9.43
11579,11705.0,6.883
11580,11706.0,6.843
11581,11707.0,7.556
11582,11708.0,7.165
11583,11709.0,7.435
11584,11710.0,7.395
11585,11711.0,7.234
11586,11712.0,11.44
11587,11713.0,8.199
11588,11714.0,9.935
11589,11715.0,9.269
11590,11716.0,10.777
11591,11717.0,8.788
11592,11718.0,11.24
11593,11719.0,8.118
11594,11720.0,7.246
11595,11721.0,7.314
11596,11722.0,10.016
11597,11723.0,9.269
11598,11724.0,7.475
11599,11725.0,8.507
11600,11726.0,10.937
11601,11727.0,7.877
11602,11728.0,7.797
11603,11729.0,10.016
11604,11730.0,7.676
11605,11731.0,9.975
11606,11732.0,7.286
11607,11733.0,7.596
11608,11734.0,6.601
11609,11735.0,7.004
11610,11737.0,7.234
11611,11738.0,7.435
11612,11739.0,7.395
11613,11740.0,7.917
11614,11741.0,10.296
11615,11742.0,9.43
11616,11743.0,7.475
11617,11744.0,11.68
11618,11745.0,8.828
11619,11746.0,10.937
11620,11747.0,9.935
11621,11748.0,9.51
11622,11749.0,7.314
11623,11750.0,7.165
11624,11751.0,9.109
11625,11752.0,7.515
11626,11753.0,8.467
11627,11754.0,11.017
11628,11755.0,7.958
11629,11756.0,7.837
11630,11757.0,9.149
11631,11758.0,7.085
11632,11759.0,8.239
11633,11760.0,7.286
11634,11761.0,7.636
11635,11762.0,8.828
11636,11763.0,6.44
11637,11764.0,6.924
11638,11765.0,7.435
11639,11766.0,7.475
11640,11767.0,7.596
11641,11768.0,7.355
11642,11769.0,8.118
11643,11770.0,11.88
11644,11771.0,8.078
11645,11772.0,11.12
11646,11773.0,8.199
11647,11774.0,11.52
11648,11775.0,7.837
11649,11776.0,11.72
11650,11777.0,7.355
11651,11778.0,6.964
11652,11779.0,7.004
11653,11780.0,8.467
11654,11781.0,10.657
11655,11782.0,8.627
11656,11783.0,7.636
11657,11784.0,8.828
11658,11785.0,10.576
11659,11786.0,7.154
11660,11787.0,9.63
11661,11788.0,7.314
11662,11789.0,8.48
11663,11790.0,9.309
11664,11791.0,6.924
11665,11792.0,6.642
11666,11793.0,7.676
11667,11794.0,7.435
11668,11795.0,7.395
11669,11796.0,7.475
11670,11797.0,7.636
11671,11798.0,10.777
11672,11799.0,8.988
11673,11800.0,8.038
11674,11801.0,11.56
11675,11802.0,9.63
11676,11803.0,9.935
11677,11804.0,10.456
11678,11805.0,8.948
11679,11806.0,7.314
11680,11807.0,7.234
11681,11808.0,10.096
11682,11809.0,7.435
11683,11810.0,8.279
11684,11811.0,10.216
11685,11812.0,9.149
11686,11813.0,7.515
11687,11814.0,8.587
11688,11815.0,7.435
11689,11816.0,8.038
11690,11817.0,7.435
11691,11818.0,7.435
11692,11819.0,8.359
11693,11820.0,6.279
11694,11821.0,6.924
11695,11822.0,7.435
11696,11823.0,7.515
11697,11824.0,7.274
11698,11825.0,7.395
11699,11826.0,7.877
11700,11827.0,11.88
11701,11828.0,8.158
11702,11830.0,11.08
11703,11831.0,8.279
11704,11832.0,11.52
11705,11833.0,7.877
11706,11834.0,11.76
11707,11835.0,7.395
11708,11836.0,7.004
11709,11837.0,6.964
11710,11838.0,8.44
11711,11839.0,10.897
11712,11840.0,8.4
11713,11841.0,7.676
11714,11842.0,8.948
11715,11843.0,10.456
11716,11844.0,7.205
11717,11845.0,9.775
11718,11846.0,7.355
11719,11847.0,8.56
11720,11848.0,9.109
11721,11849.0,6.924
11722,11850.0,6.521
11723,11851.0,7.165
11724,11852.0,7.165
11725,11853.0,7.395
11726,11854.0,7.515
11727,11855.0,7.797
11728,11856.0,10.616
11729,11857.0,9.149
11730,11858.0,7.435
11731,11859.0,11.76
11732,11860.0,9.149
11733,11861.0,10.496
11734,11862.0,10.176
11735,11863.0,9.229
11736,11864.0,7.274
11737,11865.0,7.165
11738,11866.0,9.51
11739,11867.0,7.395
11740,11868.0,8.467
11741,11869.0,10.817
11742,11870.0,8.48
11743,11871.0,7.676
11744,11872.0,8.868
11745,11873.0,7.044
11746,11874.0,8.158
11747,11875.0,7.246
11748,11876.0,7.596
11749,11877.0,8.587
11750,11878.0,6.32
11751,11879.0,6.722
11752,11880.0,7.676
11753,11881.0,7.314
11754,11882.0,7.355
11755,11883.0,7.435
11756,11884.0,7.395
11757,11885.0,11.16
11758,11886.0,8.547
11759,11887.0,9.149
11760,11888.0,10.256
11761,11889.0,10.296
11762,11890.0,9.068
11763,11891.0,10.937
11764,11892.0,8.627
11765,11893.0,7.286
11766,11894.0,7.246
11767,11895.0,10.857
11768,11896.0,7.757
11769,11897.0,7.837
11770,11898.0,9.269
11771,11899.0,10.136
11772,11900.0,7.355
11773,11901.0,8.319
11774,11902.0,8.828
11775,11903.0,7.877
11776,11904.0,8.828
11777,11905.0,7.326
11778,11906.0,7.998
11779,11907.0,6.481
11780,11908.0,6.964
11781,11909.0,7.475
11782,11910.0,7.475
11783,11911.0,7.757
11784,11912.0,7.205
11785,11913.0,9.43
11786,11914.0,10.737
11787,11915.0,7.716
11788,11916.0,11.44
11789,11917.0,7.877
11790,11918.0,11.72
11791,11919.0,8.908
11792,11920.0,10.897
11793,11921.0,7.395
11794,11923.0,7.085
11795,11924.0,7.246
11796,11925.0,7.877
11797,11926.0,9.389
11798,11927.0,10.016
11799,11928.0,7.435
11800,11929.0,8.359
11801,11930.0,10.376
11802,11931.0,7.004
11803,11932.0,8.747
11804,11933.0,7.246
11805,11934.0,8.038
11806,11935.0,9.71
11807,11936.0,6.642
11808,11937.0,6.924
11809,11938.0,7.515
11810,11939.0,7.837
11811,11940.0,7.286
11812,11941.0,7.395
11813,11942.0,7.125
11814,11943.0,11.68
11815,11944.0,7.958
11816,11945.0,10.657
11817,11946.0,8.868
11818,11947.0,11.2
11819,11948.0,8.158
11820,11949.0,11.56
11821,11950.0,7.636
11822,11951.0,7.085
11823,11952.0,7.085
11824,11953.0,8.948
11825,11954.0,10.456
11826,11955.0,7.395
11827,11956.0,8.078
11828,11957.0,9.775
11829,11958.0,9.55
11830,11959.0,7.395
11831,11960.0,10.817
11832,11961.0,7.556
11833,11962.0,9.149
11834,11963.0,7.797
11835,11964.0,7.234
11836,11965.0,6.803
11837,11966.0,7.676
11838,11967.0,7.355
11839,11968.0,7.395
11840,11969.0,7.475
11841,11970.0,7.435
11842,11971.0,11.12
11843,11972.0,8.587
11844,11973.0,8.988
11845,11974.0,10.456
11846,11975.0,10.176
11847,11976.0,9.189
11848,11977.0,10.857
11849,11978.0,8.747
11850,11979.0,7.326
11851,11980.0,7.205
11852,11981.0,10.737
11853,11982.0,7.515
11854,11983.0,7.917
11855,11984.0,9.389
11856,11985.0,10.016
11857,11986.0,7.395
11858,11987.0,8.4
11859,11988.0,8.627
11860,11989.0,7.917
11861,11990.0,8.641
11862,11991.0,7.355
11863,11992.0,7.998
11864,11993.0,6.601
11865,11994.0,6.964
11866,11995.0,7.286
11867,11996.0,7.435
11868,11997.0,7.515
11869,11998.0,7.286
11870,11999.0,9.831
11871,12000.0,10.056
11872,12001.0,7.515
11873,12002.0,11.56
11874,12003.0,7.998
11875,12004.0,11.76
11876,12005.0,9.43
11877,12006.0,10.216
11878,12007.0,7.314
11879,12008.0,7.125
11880,12009.0,8.158
11881,12010.0,7.676
11882,12011.0,8.948
11883,12012.0,10.496
11884,12013.0,7.355
11885,12015.0,8.078
11886,12016.0,9.735
11887,12017.0,6.924
11888,12018.0,8.44
11889,12019.0,7.205
11890,12020.0,7.837
11891,12021.0,9.309
11892,12022.0,6.521
11893,12023.0,6.883
11894,12024.0,7.515
11895,12025.0,7.917
11896,12026.0,7.274
11897,12027.0,7.395
11898,12028.0,7.165
11899,12029.0,11.64
11900,12030.0,7.998
11901,12031.0,10.456
11902,12032.0,9.109
11903,12033.0,11.12
11904,12034.0,8.319
11905,12035.0,11.48
11906,12036.0,7.757
11907,12037.0,7.165
11908,12038.0,7.165
11909,12039.0,9.189
11910,12040.0,10.176
11911,12041.0,7.435
11912,12042.0,8.239
11913,12043.0,10.176
11914,12044.0,9.149
11915,12045.0,7.515
11916,12046.0,10.777
11917,12047.0,7.676
11918,12048.0,9.43
11919,12049.0,7.326
11920,12050.0,7.314
11921,12051.0,6.803
11922,12052.0,7.716
11923,12053.0,7.355
11924,12054.0,7.395
11925,12055.0,7.475
11926,12056.0,7.435
11927,12057.0,11.057
11928,12058.0,8.627
11929,12059.0,8.828
11930,12060.0,10.576
11931,12061.0,10.096
11932,12062.0,9.269
11933,12063.0,10.817
11934,12064.0,8.828
11935,12065.0,7.286
11936,12066.0,7.205
11937,12067.0,10.657
11938,12068.0,7.355
11939,12069.0,7.998
11940,12070.0,9.51
11941,12071.0,9.855
11942,12072.0,7.395
11943,12073.0,8.467
11944,12074.0,8.44
11945,12075.0,7.917
11946,12076.0,8.44
11947,12077.0,7.314
11948,12078.0,8.038
11949,12079.0,6.239
11950,12080.0,6.924
11951,12081.0,7.435
11952,12082.0,7.556
11953,12083.0,7.165
11954,12084.0,7.435
11955,12085.0,7.716
11956,12086.0,11.8
11957,12087.0,8.199
11958,12088.0,11.017
11959,12089.0,8.359
11960,12090.0,11.44
11961,12091.0,7.877
11962,12092.0,11.72
11963,12093.0,7.475
11964,12094.0,7.004
11965,12095.0,7.004
11966,12096.0,8.4
11967,12097.0,11.017
11968,12098.0,8.158
11969,12099.0,7.797
11970,12100.0,9.068
11971,12101.0,10.336
11972,12102.0,7.234
11973,12103.0,9.935
11974,12104.0,7.395
11975,12105.0,8.587
11976,12107.0,8.948
11977,12108.0,7.004
11978,12109.0,6.803
11979,12110.0,7.596
11980,12111.0,7.234
11981,12112.0,7.355
11982,12113.0,7.435
11983,12114.0,7.355
11984,12115.0,11.24
11985,12116.0,8.44
11986,12117.0,9.389
11987,12118.0,9.935
11988,12119.0,10.456
11989,12120.0,8.908
11990,12121.0,11.0
11991,12122.0,8.467
11992,12123.0,7.286
11993,12124.0,7.246
11994,12125.0,10.937
11995,12126.0,8.239
11996,12127.0,7.716
11997,12128.0,8.988
11998,12129.0,10.416
11999,12130.0,7.355
12000,12131.0,8.118
12001,12132.0,9.229
12002,12133.0,7.837
12003,12134.0,9.229
12004,12135.0,7.314
12005,12136.0,7.958
12006,12137.0,6.561
12007,12138.0,6.964
12008,12139.0,7.314
12009,12140.0,7.435
12010,12141.0,7.515
12011,12142.0,7.355
12012,12143.0,9.935
12013,12144.0,9.935
12014,12145.0,7.515
12015,12146.0,11.56
12016,12147.0,8.199
12017,12148.0,11.72
12018,12149.0,9.55
12019,12150.0,10.096
12020,12151.0,7.355
12021,12152.0,7.085
12022,12153.0,8.4
12023,12154.0,7.676
12024,12155.0,8.948
12025,12156.0,10.536
12026,12157.0,7.395
12027,12158.0,8.038
12028,12159.0,9.695
12029,12160.0,6.924
12030,12161.0,8.44
12031,12162.0,7.246
12032,12163.0,7.837
12033,12164.0,9.269
12034,12165.0,6.521
12035,12166.0,6.964
12036,12167.0,7.515
12037,12168.0,7.757
12038,12169.0,7.274
12039,12170.0,7.395
12040,12171.0,7.205
12041,12172.0,11.76
12042,12173.0,7.917
12043,12174.0,10.777
12044,12175.0,8.707
12045,12176.0,11.28
12046,12177.0,8.038
12047,12178.0,11.56
12048,12179.0,7.596
12049,12180.0,7.044
12050,12181.0,7.044
12051,12182.0,8.747
12052,12183.0,10.616
12053,12184.0,7.355
12054,12185.0,7.958
12055,12186.0,9.59
12056,12187.0,9.751
12057,12188.0,7.355
12058,12189.0,10.576
12059,12190.0,7.515
12060,12191.0,8.988
12061,12192.0,8.118
12062,12193.0,7.113
12063,12194.0,6.763
12064,12195.0,7.676
12065,12196.0,7.314
12066,12197.0,7.355
12067,12198.0,7.435
12068,12199.0,7.475
12069,12201.0,11.04
12070,12202.0,8.627
12071,12203.0,8.828
12072,12204.0,10.616
12073,12205.0,10.136
12074,12206.0,9.269
12075,12207.0,10.817
12076,12208.0,8.828
12077,12209.0,7.274
12078,12210.0,7.205
12079,12211.0,10.657
12080,12212.0,7.355
12081,12213.0,7.958
12082,12214.0,9.47
12083,12215.0,9.895
12084,12216.0,7.395
12085,12217.0,8.44
12086,12218.0,8.44
12087,12219.0,7.917
12088,12220.0,8.44
12089,12221.0,7.355
12090,12222.0,8.038
12091,12223.0,6.521
12092,12224.0,6.924
12093,12225.0,7.435
12094,12226.0,7.475
12095,12227.0,7.716
12096,12228.0,7.205
12097,12229.0,9.43
12098,12230.0,10.737
12099,12231.0,7.716
12100,12232.0,11.44
12101,12233.0,7.917
12102,12234.0,11.72
12103,12235.0,8.948
12104,12236.0,10.857
12105,12237.0,7.355
12106,12238.0,7.044
12107,12239.0,7.246
12108,12240.0,7.877
12109,12241.0,9.389
12110,12242.0,9.975
12111,12243.0,7.395
12112,12244.0,8.359
12113,12245.0,10.376
12114,12246.0,7.004
12115,12247.0,8.747
12116,12248.0,7.205
12117,12249.0,8.038
12118,12250.0,9.751
12119,12251.0,6.642
12120,12252.0,6.803
12121,12253.0,7.556
12122,12254.0,7.165
12123,12255.0,7.435
12124,12256.0,7.395
12125,12257.0,7.205
12126,12258.0,11.44
12127,12259.0,8.199
12128,12260.0,9.975
12129,12261.0,9.269
12130,12262.0,10.817
12131,12263.0,8.788
12132,12264.0,11.24
12133,12265.0,8.118
12134,12266.0,7.286
12135,12267.0,7.326
12136,12268.0,10.016
12137,12269.0,9.269
12138,12270.0,7.515
12139,12271.0,8.507
12140,12272.0,10.977
12141,12273.0,7.917
12142,12274.0,7.797
12143,12275.0,10.016
12144,12276.0,7.716
12145,12277.0,9.935
12146,12278.0,7.326
12147,12279.0,7.596
12148,12280.0,6.682
12149,12281.0,7.044
12150,12282.0,7.246
12151,12283.0,7.435
12152,12284.0,7.556
12153,12285.0,7.837
12154,12286.0,10.496
12155,12287.0,9.229
12156,12288.0,7.515
12157,12289.0,11.72
12158,12290.0,9.068
12159,12291.0,10.657
12160,12293.0,10.096
12161,12294.0,9.309
12162,12295.0,7.355
12163,12296.0,7.165
12164,12297.0,9.43
12165,12298.0,7.395
12166,12299.0,8.4
12167,12300.0,10.977
12168,12301.0,8.319
12169,12302.0,7.716
12170,12303.0,8.988
12171,12304.0,7.044
12172,12305.0,8.239
12173,12306.0,7.246
12174,12307.0,7.636
12175,12308.0,8.667
12176,12309.0,6.521
12177,12310.0,6.964
12178,12311.0,7.475
12179,12312.0,7.395
12180,12313.0,7.998
12181,12314.0,7.326
12182,12315.0,8.56
12183,12316.0,11.88
12184,12317.0,7.958
12185,12318.0,11.28
12186,12319.0,8.078
12187,12320.0,11.6
12188,12321.0,7.877
12189,12322.0,11.8
12190,12323.0,7.314
12191,12324.0,6.924
12192,12325.0,7.044
12193,12326.0,8.279
12194,12327.0,10.256
12195,12328.0,9.068
12196,12329.0,7.515
12197,12330.0,8.587
12198,12331.0,10.857
12199,12332.0,7.125
12200,12333.0,9.349
12201,12334.0,7.286
12202,12335.0,8.279
12203,12336.0,9.751
12204,12337.0,6.843
12205,12338.0,6.883
12206,12339.0,7.556
12207,12340.0,7.165
12208,12341.0,7.435
12209,12342.0,7.395
12210,12343.0,7.234
12211,12344.0,11.48
12212,12345.0,8.199
12213,12346.0,10.016
12214,12347.0,9.189
12215,12348.0,10.857
12216,12349.0,8.788
12217,12350.0,11.28
12218,12351.0,8.078
12219,12352.0,7.286
12220,12353.0,7.326
12221,12354.0,9.935
12222,12355.0,9.309
12223,12356.0,7.475
12224,12357.0,8.426
12225,12358.0,11.017
12226,12359.0,7.998
12227,12360.0,7.757
12228,12361.0,10.096
12229,12362.0,7.716
12230,12363.0,10.016
12231,12364.0,7.326
12232,12365.0,7.556
12233,12366.0,6.561
12234,12367.0,6.964
12235,12368.0,7.234
12236,12369.0,7.435
12237,12370.0,7.435
12238,12371.0,7.958
12239,12372.0,10.176
12240,12373.0,9.63
12241,12374.0,7.435
12242,12375.0,11.64
12243,12376.0,8.587
12244,12377.0,11.24
12245,12378.0,9.775
12246,12379.0,9.695
12247,12380.0,7.314
12248,12381.0,7.125
12249,12382.0,8.828
12250,12383.0,7.515
12251,12384.0,8.667
12252,12386.0,10.777
12253,12387.0,7.556
12254,12388.0,7.877
12255,12389.0,9.43
12256,12390.0,7.004
12257,12391.0,8.4
12258,12392.0,7.246
12259,12393.0,7.757
12260,12394.0,8.988
12261,12395.0,6.521
12262,12396.0,6.924
12263,12397.0,7.435
12264,12398.0,7.556
12265,12399.0,7.165
12266,12400.0,7.475
12267,12401.0,7.676
12268,12402.0,11.84
12269,12403.0,8.239
12270,12404.0,11.057
12271,12405.0,8.4
12272,12406.0,11.48
12273,12407.0,7.917
12274,12408.0,11.72
12275,12409.0,7.435
12276,12410.0,7.004
12277,12411.0,7.004
12278,12412.0,8.4
12279,12413.0,11.017
12280,12414.0,8.199
12281,12415.0,7.716
12282,12416.0,9.028
12283,12417.0,10.336
12284,12418.0,7.194
12285,12419.0,9.895
12286,12420.0,7.395
12287,12421.0,8.587
12288,12422.0,8.988
12289,12423.0,6.964
12290,12424.0,6.803
12291,12425.0,7.636
12292,12426.0,7.234
12293,12427.0,7.355
12294,12428.0,7.435
12295,12429.0,7.355
12296,12430.0,11.24
12297,12431.0,8.426
12298,12432.0,9.389
12299,12433.0,9.975
12300,12434.0,10.456
12301,12435.0,8.948
12302,12436.0,11.04
12303,12437.0,8.467
12304,12438.0,7.274
12305,12439.0,7.246
12306,12440.0,10.937
12307,12441.0,8.279
12308,12442.0,7.757
12309,12443.0,8.988
12310,12444.0,10.416
12311,12445.0,7.355
12312,12446.0,8.118
12313,12447.0,9.229
12314,12448.0,7.837
12315,12449.0,9.229
12316,12450.0,7.314
12317,12451.0,7.917
12318,12452.0,6.642
12319,12453.0,6.964
12320,12454.0,7.274
12321,12455.0,7.435
12322,12456.0,7.435
12323,12457.0,7.958
12324,12458.0,10.216
12325,12459.0,9.59
12326,12460.0,7.475
12327,12461.0,11.64
12328,12462.0,8.667
12329,12463.0,11.2
12330,12464.0,9.855
12331,12465.0,9.655
12332,12466.0,7.355
12333,12467.0,7.125
12334,12468.0,8.908
12335,12469.0,7.515
12336,12470.0,8.627
12337,12471.0,10.857
12338,12472.0,7.716
12339,12473.0,7.837
12340,12474.0,9.309
12341,12475.0,7.004
12342,12476.0,8.319
12343,12478.0,7.246
12344,12479.0,7.676
12345,12480.0,8.908
12346,12481.0,6.44
12347,12482.0,6.883
12348,12483.0,7.475
12349,12484.0,7.676
12350,12485.0,7.194
12351,12486.0,7.435
12352,12487.0,7.355
12353,12488.0,11.76
12354,12489.0,7.837
12355,12490.0,10.857
12356,12491.0,8.547
12357,12492.0,11.36
12358,12493.0,7.958
12359,12494.0,11.64
12360,12495.0,7.515
12361,12496.0,7.004
12362,12497.0,7.004
12363,12498.0,8.587
12364,12499.0,10.857
12365,12500.0,7.636
12366,12501.0,7.837
12367,12502.0,9.349
12368,12503.0,10.056
12369,12504.0,7.274
12370,12505.0,10.256
12371,12506.0,7.435
12372,12507.0,8.788
12373,12508.0,8.52
12374,12509.0,7.033
12375,12510.0,6.763
12376,12511.0,7.676
12377,12512.0,7.355
12378,12513.0,7.355
12379,12514.0,7.435
12380,12515.0,7.435
12381,12516.0,11.12
12382,12517.0,8.587
12383,12518.0,9.068
12384,12519.0,10.376
12385,12520.0,10.256
12386,12521.0,9.149
12387,12522.0,10.897
12388,12523.0,8.707
12389,12524.0,7.274
12390,12525.0,7.246
12391,12526.0,10.817
12392,12527.0,7.716
12393,12528.0,7.877
12394,12529.0,9.309
12395,12530.0,10.096
12396,12531.0,7.355
12397,12532.0,8.279
12398,12533.0,8.788
12399,12534.0,7.877
12400,12535.0,8.788
12401,12536.0,7.314
12402,12537.0,7.998
12403,12538.0,6.481
12404,12539.0,6.964
12405,12540.0,7.475
12406,12541.0,7.475
12407,12542.0,7.757
12408,12543.0,7.205
12409,12544.0,9.269
12410,12545.0,10.977
12411,12546.0,7.757
12412,12547.0,11.4
12413,12548.0,7.917
12414,12549.0,11.72
12415,12550.0,8.747
12416,12551.0,11.08
12417,12552.0,7.395
12418,12553.0,7.044
12419,12554.0,7.125
12420,12555.0,7.958
12421,12556.0,9.55
12422,12557.0,9.815
12423,12558.0,7.395
12424,12559.0,8.426
12425,12560.0,10.576
12426,12561.0,7.004
12427,12562.0,8.828
12428,12563.0,7.205
12429,12564.0,7.998
12430,12565.0,9.895
12431,12566.0,6.682
12432,12567.0,6.924
12433,12568.0,7.475
12434,12569.0,7.837
12435,12571.0,7.234
12436,12572.0,7.355
12437,12573.0,7.113
12438,12574.0,11.68
12439,12575.0,7.958
12440,12576.0,10.576
12441,12577.0,8.948
12442,12578.0,11.16
12443,12579.0,8.199
12444,12580.0,11.56
12445,12581.0,7.716
12446,12582.0,7.125
12447,12583.0,7.125
12448,12584.0,9.068
12449,12585.0,10.336
12450,12586.0,7.395
12451,12587.0,8.158
12452,12588.0,9.975
12453,12589.0,9.349
12454,12590.0,7.435
12455,12591.0,10.817
12456,12592.0,7.596
12457,12593.0,9.269
12458,12594.0,7.475
12459,12595.0,7.274
12460,12596.0,6.722
12461,12597.0,7.596
12462,12598.0,7.395
12463,12599.0,7.395
12464,12600.0,7.475
12465,12601.0,7.556
12466,12602.0,10.937
12467,12603.0,8.788
12468,12604.0,8.44
12469,12605.0,11.08
12470,12606.0,9.855
12471,12607.0,9.59
12472,12608.0,10.657
12473,12609.0,9.068
12474,12610.0,7.274
12475,12611.0,7.205
12476,12612.0,10.376
12477,12613.0,7.355
12478,12614.0,8.118
12479,12615.0,9.815
12480,12616.0,9.55
12481,12617.0,7.435
12482,12618.0,8.4
12483,12619.0,7.958
12484,12620.0,7.998
12485,12621.0,7.917
12486,12622.0,7.395
12487,12623.0,8.199
12488,12624.0,6.561
12489,12625.0,6.964
12490,12626.0,7.596
12491,12627.0,7.395
12492,12628.0,7.958
12493,12629.0,7.326
12494,12630.0,8.56
12495,12631.0,11.88
12496,12632.0,8.038
12497,12633.0,11.2
12498,12634.0,8.239
12499,12635.0,11.52
12500,12636.0,7.877
12501,12637.0,11.68
12502,12638.0,7.435
12503,12639.0,7.004
12504,12640.0,7.004
12505,12641.0,8.507
12506,12642.0,11.017
12507,12643.0,7.917
12508,12644.0,7.877
12509,12645.0,9.309
12510,12646.0,10.016
12511,12647.0,7.395
12512,12648.0,10.496
12513,12649.0,7.556
12514,12650.0,9.028
12515,12651.0,7.958
12516,12652.0,7.234
12517,12653.0,6.803
12518,12654.0,7.716
12519,12655.0,7.355
12520,12656.0,7.355
12521,12657.0,7.435
12522,12658.0,7.515
12523,12659.0,10.897
12524,12660.0,8.828
12525,12661.0,8.239
12526,12662.0,11.36
12527,12664.0,9.63
12528,12665.0,9.895
12529,12666.0,10.416
12530,12667.0,8.908
12531,12668.0,7.286
12532,12669.0,7.165
12533,12670.0,9.67
12534,12671.0,7.395
12535,12672.0,8.507
12536,12673.0,10.817
12537,12674.0,8.4
12538,12675.0,7.676
12539,12676.0,8.988
12540,12677.0,7.044
12541,12678.0,8.199
12542,12679.0,7.246
12543,12680.0,7.596
12544,12681.0,8.667
12545,12682.0,6.4
12546,12683.0,6.883
12547,12684.0,7.435
12548,12685.0,7.556
12549,12686.0,7.165
12550,12687.0,7.435
12551,12688.0,7.636
12552,12689.0,11.8
12553,12690.0,8.199
12554,12691.0,11.017
12555,12692.0,8.4
12556,12693.0,11.44
12557,12694.0,7.917
12558,12695.0,11.68
12559,12696.0,7.475
12560,12697.0,6.964
12561,12698.0,7.004
12562,12699.0,8.507
12563,12700.0,11.08
12564,12701.0,8.199
12565,12702.0,7.757
12566,12703.0,9.068
12567,12704.0,10.336
12568,12705.0,7.194
12569,12706.0,9.975
12570,12707.0,7.475
12571,12708.0,8.667
12572,12709.0,8.988
12573,12710.0,7.033
12574,12711.0,6.843
12575,12712.0,7.676
12576,12713.0,7.234
12577,12714.0,7.435
12578,12715.0,7.395
12579,12716.0,7.314
12580,12717.0,11.32
12581,12718.0,8.359
12582,12719.0,9.63
12583,12720.0,9.655
12584,12721.0,10.576
12585,12722.0,9.149
12586,12723.0,11.12
12587,12724.0,8.359
12588,12725.0,7.286
12589,12726.0,7.435
12590,12727.0,10.576
12591,12728.0,8.667
12592,12729.0,7.636
12593,12730.0,8.788
12594,12731.0,10.657
12595,12732.0,7.355
12596,12733.0,7.998
12597,12734.0,9.59
12598,12735.0,7.757
12599,12736.0,9.55
12600,12737.0,7.274
12601,12738.0,7.797
12602,12739.0,6.521
12603,12740.0,6.964
12604,12741.0,7.274
12605,12742.0,7.435
12606,12743.0,7.475
12607,12744.0,7.636
12608,12745.0,10.016
12609,12746.0,9.815
12610,12747.0,7.475
12611,12748.0,11.6
12612,12749.0,8.319
12613,12750.0,11.6
12614,12751.0,9.63
12615,12752.0,9.935
12616,12753.0,7.314
12617,12754.0,7.165
12618,12755.0,8.52
12619,12757.0,7.596
12620,12758.0,8.828
12621,12759.0,10.657
12622,12760.0,7.435
12623,12761.0,7.998
12624,12762.0,9.59
12625,12763.0,6.964
12626,12764.0,8.44
12627,12765.0,7.205
12628,12766.0,7.797
12629,12767.0,9.149
12630,12768.0,6.521
12631,12769.0,6.924
12632,12770.0,7.475
12633,12771.0,7.515
12634,12772.0,7.205
12635,12773.0,7.395
12636,12774.0,7.797
12637,12775.0,11.84
12638,12776.0,8.239
12639,12777.0,11.057
12640,12778.0,8.359
12641,12779.0,11.48
12642,12780.0,7.917
12643,12781.0,11.72
12644,12782.0,7.435
12645,12783.0,6.964
12646,12784.0,7.004
12647,12785.0,8.359
12648,12786.0,11.0
12649,12787.0,8.279
12650,12788.0,7.757
12651,12789.0,8.988
12652,12790.0,10.456
12653,12791.0,7.194
12654,12792.0,9.855
12655,12793.0,7.355
12656,12794.0,8.627
12657,12795.0,9.068
12658,12796.0,6.993
12659,12797.0,6.803
12660,12798.0,7.636
12661,12799.0,7.274
12662,12800.0,7.355
12663,12801.0,7.435
12664,12802.0,7.355
12665,12803.0,11.24
12666,12804.0,8.467
12667,12805.0,9.309
12668,12806.0,10.016
12669,12807.0,10.416
12670,12808.0,8.908
12671,12809.0,11.017
12672,12810.0,8.507
12673,12811.0,7.246
12674,12812.0,7.246
12675,12813.0,10.937
12676,12814.0,8.158
12677,12815.0,7.797
12678,12816.0,9.068
12679,12817.0,10.336
12680,12818.0,7.395
12681,12819.0,8.158
12682,12820.0,9.109
12683,12821.0,7.837
12684,12822.0,9.109
12685,12823.0,7.314
12686,12824.0,7.998
12687,12825.0,6.601
12688,12826.0,6.964
12689,12827.0,7.274
12690,12828.0,7.435
12691,12829.0,7.475
12692,12830.0,7.837
12693,12831.0,10.056
12694,12832.0,9.751
12695,12833.0,7.435
12696,12834.0,11.6
12697,12835.0,8.4
12698,12836.0,11.48
12699,12837.0,9.67
12700,12838.0,9.855
12701,12839.0,7.314
12702,12840.0,7.125
12703,12841.0,8.56
12704,12842.0,7.596
12705,12843.0,8.747
12706,12844.0,10.697
12707,12845.0,7.395
12708,12846.0,7.958
12709,12847.0,9.55
12710,12848.0,7.004
12711,12850.0,8.44
12712,12851.0,7.246
12713,12852.0,7.797
12714,12853.0,9.109
12715,12854.0,6.481
12716,12855.0,6.803
12717,12856.0,7.556
12718,12857.0,7.205
12719,12858.0,7.435
12720,12859.0,7.395
12721,12860.0,7.234
12722,12861.0,11.48
12723,12862.0,8.199
12724,12863.0,10.056
12725,12864.0,9.149
12726,12865.0,10.897
12727,12866.0,8.707
12728,12867.0,11.28
12729,12868.0,8.078
12730,12869.0,7.286
12731,12870.0,7.314
12732,12871.0,9.815
12733,12872.0,9.51
12734,12873.0,7.435
12735,12874.0,8.44
12736,12875.0,11.0
12737,12876.0,8.199
12738,12877.0,7.716
12739,12878.0,10.176
12740,12879.0,7.676
12741,12880.0,10.096
12742,12881.0,7.314
12743,12882.0,7.515
12744,12883.0,6.803
12745,12884.0,7.636
12746,12885.0,7.435
12747,12886.0,7.395
12748,12887.0,7.475
12749,12888.0,7.556
12750,12889.0,10.857
12751,12890.0,8.868
12752,12891.0,8.279
12753,12892.0,11.24
12754,12893.0,9.735
12755,12894.0,9.695
12756,12895.0,10.576
12757,12896.0,9.149
12758,12897.0,7.286
12759,12898.0,7.205
12760,12899.0,10.216
12761,12900.0,7.355
12762,12901.0,8.158
12763,12902.0,9.935
12764,12903.0,9.389
12765,12904.0,7.435
12766,12905.0,8.44
12767,12906.0,7.716
12768,12907.0,7.998
12769,12908.0,7.757
12770,12909.0,7.395
12771,12910.0,8.239
12772,12911.0,6.521
12773,12912.0,6.924
12774,12913.0,7.435
12775,12914.0,7.475
12776,12915.0,7.716
12777,12916.0,7.194
12778,12917.0,9.269
12779,12918.0,10.937
12780,12919.0,7.716
12781,12920.0,11.44
12782,12921.0,7.917
12783,12922.0,11.72
12784,12923.0,8.788
12785,12924.0,11.04
12786,12925.0,7.355
12787,12926.0,7.044
12788,12927.0,7.085
12789,12928.0,7.917
12790,12929.0,9.55
12791,12930.0,9.895
12792,12931.0,7.435
12793,12932.0,8.44
12794,12933.0,10.536
12795,12934.0,7.004
12796,12935.0,8.868
12797,12936.0,7.205
12798,12937.0,8.038
12799,12938.0,9.895
12800,12939.0,6.682
12801,12940.0,6.883
12802,12941.0,7.515
12803,12943.0,7.917
12804,12944.0,7.314
12805,12945.0,7.395
12806,12946.0,7.165
12807,12947.0,11.6
12808,12948.0,8.038
12809,12949.0,10.496
12810,12950.0,9.109
12811,12951.0,11.12
12812,12952.0,8.319
12813,12953.0,11.44
12814,12954.0,7.757
12815,12955.0,7.125
12816,12956.0,7.125
12817,12957.0,9.149
12818,12958.0,10.216
12819,12959.0,7.395
12820,12960.0,8.239
12821,12961.0,10.136
12822,12962.0,9.189
12823,12963.0,7.475
12824,12964.0,10.777
12825,12965.0,7.636
12826,12966.0,9.389
12827,12967.0,7.326
12828,12968.0,7.274
12829,12969.0,6.722
12830,12970.0,7.636
12831,12971.0,7.435
12832,12972.0,7.395
12833,12973.0,7.475
12834,12974.0,7.596
12835,12975.0,10.777
12836,12976.0,8.868
12837,12977.0,8.158
12838,12978.0,11.36
12839,12979.0,9.71
12840,12980.0,9.775
12841,12981.0,10.536
12842,12982.0,9.149
12843,12983.0,7.286
12844,12984.0,7.205
12845,12985.0,10.176
12846,12986.0,7.395
12847,12987.0,8.199
12848,12988.0,10.016
12849,12989.0,9.309
12850,12990.0,7.475
12851,12991.0,8.467
12852,12992.0,7.636
12853,12993.0,8.038
12854,12994.0,7.596
12855,12995.0,7.435
12856,12996.0,8.319
12857,12997.0,6.601
12858,12998.0,7.004
12859,12999.0,7.435
12860,13000.0,7.556
12861,13001.0,7.676
12862,13002.0,7.205
12863,13003.0,9.47
12864,13004.0,10.657
12865,13005.0,7.676
12866,13006.0,11.44
12867,13007.0,7.877
12868,13008.0,11.72
12869,13009.0,8.948
12870,13010.0,10.817
12871,13011.0,7.355
12872,13012.0,7.044
12873,13013.0,7.314
12874,13014.0,7.877
12875,13015.0,9.389
12876,13016.0,10.016
12877,13017.0,7.435
12878,13018.0,8.359
12879,13019.0,10.376
12880,13020.0,6.964
12881,13021.0,8.788
12882,13022.0,7.205
12883,13023.0,8.078
12884,13024.0,9.751
12885,13025.0,6.682
12886,13026.0,6.883
12887,13027.0,7.515
12888,13028.0,7.877
12889,13029.0,7.314
12890,13030.0,7.355
12891,13031.0,7.165
12892,13032.0,11.64
12893,13033.0,7.998
12894,13034.0,10.536
12895,13036.0,9.068
12896,13037.0,11.12
12897,13038.0,8.279
12898,13039.0,11.48
12899,13040.0,7.757
12900,13041.0,7.125
12901,13042.0,7.165
12902,13043.0,9.149
12903,13044.0,10.216
12904,13045.0,7.395
12905,13046.0,8.239
12906,13047.0,10.096
12907,13048.0,9.229
12908,13049.0,7.475
12909,13050.0,10.817
12910,13051.0,7.636
12911,13052.0,9.389
12912,13053.0,7.314
12913,13054.0,7.314
12914,13055.0,6.803
12915,13056.0,7.636
12916,13057.0,7.395
12917,13058.0,7.395
12918,13059.0,7.435
12919,13060.0,7.596
12920,13061.0,10.977
12921,13062.0,8.747
12922,13063.0,8.56
12923,13064.0,10.937
12924,13065.0,9.935
12925,13066.0,9.51
12926,13067.0,10.697
12927,13068.0,8.988
12928,13069.0,7.274
12929,13070.0,7.205
12930,13071.0,10.416
12931,13072.0,7.355
12932,13073.0,8.078
12933,13074.0,9.71
12934,13075.0,9.67
12935,13076.0,7.355
12936,13077.0,8.507
12937,13078.0,8.158
12938,13079.0,7.958
12939,13080.0,8.158
12940,13081.0,7.355
12941,13082.0,8.118
12942,13083.0,6.239
12943,13084.0,6.883
12944,13085.0,7.515
12945,13086.0,7.757
12946,13087.0,7.234
12947,13088.0,7.395
12948,13089.0,7.125
12949,13090.0,11.68
12950,13091.0,7.917
12951,13092.0,10.737
12952,13093.0,8.747
12953,13094.0,11.24
12954,13095.0,8.078
12955,13096.0,11.56
12956,13097.0,7.636
12957,13098.0,7.044
12958,13099.0,7.125
12959,13100.0,8.788
12960,13101.0,10.657
12961,13102.0,7.355
12962,13103.0,8.038
12963,13104.0,9.63
12964,13105.0,9.751
12965,13106.0,7.355
12966,13107.0,10.697
12967,13108.0,7.556
12968,13109.0,9.109
12969,13110.0,8.038
12970,13111.0,7.194
12971,13112.0,6.601
12972,13113.0,7.246
12973,13114.0,7.205
12974,13115.0,7.435
12975,13116.0,7.515
12976,13117.0,7.797
12977,13118.0,10.496
12978,13119.0,9.149
12979,13120.0,7.475
12980,13121.0,11.72
12981,13122.0,9.189
12982,13123.0,10.496
12983,13124.0,10.176
12984,13125.0,9.189
12985,13126.0,7.274
12986,13128.0,7.165
12987,13129.0,9.51
12988,13130.0,7.355
12989,13131.0,8.507
12990,13132.0,10.777
12991,13133.0,8.467
12992,13134.0,7.636
12993,13135.0,8.868
12994,13136.0,7.044
12995,13137.0,8.158
12996,13138.0,7.246
12997,13139.0,7.556
12998,13140.0,8.587
12999,13141.0,6.36
13000,13142.0,6.924
13001,13143.0,7.435
13002,13144.0,7.435
13003,13145.0,7.998
13004,13146.0,7.326
13005,13147.0,8.319
13006,13148.0,11.88
13007,13149.0,7.998
13008,13150.0,11.12
13009,13151.0,8.118
13010,13152.0,11.52
13011,13153.0,7.797
13012,13154.0,11.76
13013,13155.0,7.355
13014,13156.0,6.924
13015,13157.0,7.004
13016,13158.0,8.359
13017,13159.0,10.496
13018,13160.0,8.788
13019,13161.0,7.596
13020,13162.0,8.707
13021,13163.0,10.697
13022,13164.0,7.125
13023,13165.0,9.55
13024,13166.0,7.326
13025,13167.0,8.4
13026,13168.0,9.51
13027,13169.0,6.883
13028,13170.0,6.642
13029,13171.0,7.676
13030,13172.0,7.395
13031,13173.0,7.395
13032,13174.0,7.475
13033,13175.0,7.636
13034,13176.0,10.817
13035,13177.0,8.908
13036,13178.0,8.239
13037,13179.0,11.32
13038,13180.0,9.751
13039,13181.0,9.775
13040,13182.0,10.536
13041,13183.0,9.229
13042,13184.0,7.286
13043,13185.0,7.246
13044,13186.0,10.176
13045,13187.0,7.395
13046,13188.0,8.158
13047,13189.0,10.056
13048,13190.0,9.309
13049,13191.0,7.475
13050,13192.0,8.426
13051,13193.0,7.676
13052,13194.0,7.998
13053,13195.0,7.676
13054,13196.0,7.395
13055,13197.0,8.239
13056,13198.0,6.521
13057,13199.0,6.924
13058,13200.0,7.435
13059,13201.0,7.475
13060,13202.0,7.716
13061,13203.0,7.205
13062,13204.0,9.189
13063,13205.0,10.937
13064,13206.0,7.716
13065,13207.0,11.36
13066,13208.0,7.877
13067,13209.0,11.68
13068,13210.0,8.667
13069,13211.0,11.08
13070,13212.0,7.355
13071,13213.0,7.004
13072,13214.0,7.085
13073,13215.0,7.958
13074,13216.0,9.59
13075,13217.0,9.791
13076,13218.0,7.395
13077,13219.0,8.426
13078,13221.0,10.616
13079,13222.0,7.004
13080,13223.0,8.868
13081,13224.0,7.205
13082,13225.0,7.998
13083,13226.0,9.935
13084,13227.0,6.682
13085,13228.0,6.843
13086,13229.0,7.596
13087,13230.0,7.205
13088,13231.0,7.515
13089,13232.0,7.435
13090,13233.0,7.286
13091,13234.0,11.44
13092,13235.0,8.319
13093,13236.0,9.831
13094,13237.0,9.47
13095,13238.0,10.697
13096,13239.0,8.988
13097,13240.0,11.16
13098,13241.0,8.239
13099,13242.0,7.246
13100,13243.0,7.395
13101,13244.0,10.216
13102,13245.0,9.028
13103,13246.0,7.556
13104,13247.0,8.627
13105,13248.0,10.817
13106,13249.0,7.596
13107,13250.0,7.837
13108,13251.0,9.871
13109,13252.0,7.716
13110,13253.0,9.871
13111,13254.0,7.326
13112,13255.0,7.676
13113,13256.0,6.682
13114,13257.0,7.326
13115,13258.0,7.165
13116,13259.0,7.435
13117,13260.0,7.475
13118,13261.0,7.797
13119,13262.0,10.496
13120,13263.0,9.068
13121,13264.0,7.435
13122,13265.0,11.8
13123,13266.0,9.269
13124,13267.0,10.416
13125,13268.0,10.216
13126,13269.0,9.149
13127,13270.0,7.286
13128,13271.0,7.205
13129,13272.0,9.59
13130,13273.0,7.435
13131,13274.0,8.52
13132,13275.0,10.697
13133,13276.0,8.587
13134,13277.0,7.636
13135,13278.0,8.828
13136,13279.0,7.085
13137,13280.0,8.118
13138,13281.0,7.246
13139,13282.0,7.515
13140,13283.0,8.56
13141,13284.0,6.601
13142,13285.0,6.924
13143,13286.0,7.515
13144,13287.0,7.475
13145,13288.0,7.797
13146,13289.0,7.246
13147,13290.0,8.948
13148,13291.0,11.28
13149,13292.0,7.797
13150,13293.0,11.36
13151,13294.0,7.877
13152,13295.0,11.64
13153,13296.0,8.4
13154,13297.0,11.44
13155,13298.0,7.234
13156,13299.0,7.004
13157,13300.0,7.085
13158,13301.0,8.038
13159,13302.0,9.775
13160,13303.0,9.55
13161,13304.0,7.395
13162,13305.0,8.359
13163,13306.0,10.937
13164,13307.0,7.044
13165,13308.0,9.028
13166,13309.0,7.205
13167,13310.0,8.078
13168,13311.0,10.016
13169,13312.0,6.722
13170,13314.0,6.883
13171,13315.0,7.515
13172,13316.0,7.958
13173,13317.0,7.314
13174,13318.0,7.355
13175,13319.0,7.165
13176,13320.0,11.6
13177,13321.0,8.038
13178,13322.0,10.416
13179,13323.0,9.189
13180,13324.0,11.08
13181,13325.0,8.359
13182,13326.0,11.44
13183,13327.0,7.837
13184,13328.0,7.165
13185,13329.0,7.205
13186,13330.0,9.269
13187,13331.0,10.096
13188,13332.0,7.395
13189,13333.0,8.319
13190,13334.0,10.256
13191,13335.0,9.028
13192,13336.0,7.515
13193,13337.0,10.737
13194,13338.0,7.676
13195,13339.0,9.55
13196,13340.0,7.326
13197,13341.0,7.395
13198,13342.0,6.682
13199,13343.0,7.716
13200,13344.0,7.435
13201,13345.0,7.435
13202,13346.0,7.475
13203,13347.0,7.716
13204,13348.0,10.737
13205,13349.0,9.068
13206,13350.0,7.958
13207,13351.0,11.68
13208,13352.0,9.59
13209,13353.0,10.016
13210,13354.0,10.456
13211,13355.0,8.908
13212,13356.0,7.326
13213,13357.0,7.205
13214,13358.0,9.975
13215,13359.0,7.435
13216,13360.0,8.319
13217,13361.0,10.256
13218,13362.0,9.068
13219,13363.0,7.515
13220,13364.0,8.587
13221,13365.0,7.246
13222,13366.0,8.038
13223,13367.0,7.246
13224,13368.0,7.435
13225,13369.0,8.4
13226,13370.0,6.561
13227,13371.0,6.964
13228,13372.0,7.395
13229,13373.0,7.475
13230,13374.0,7.676
13231,13375.0,7.205
13232,13376.0,9.389
13233,13377.0,10.697
13234,13378.0,7.676
13235,13379.0,11.48
13236,13380.0,7.837
13237,13381.0,11.72
13238,13382.0,8.908
13239,13383.0,10.857
13240,13384.0,7.355
13241,13385.0,7.044
13242,13386.0,7.286
13243,13387.0,7.877
13244,13388.0,9.389
13245,13389.0,10.016
13246,13390.0,7.395
13247,13391.0,8.319
13248,13392.0,10.336
13249,13393.0,6.964
13250,13394.0,8.747
13251,13395.0,7.205
13252,13396.0,8.078
13253,13397.0,9.751
13254,13398.0,6.642
13255,13399.0,6.722
13256,13400.0,7.636
13257,13401.0,7.246
13258,13402.0,7.395
13259,13403.0,7.435
13260,13404.0,7.395
13261,13405.0,11.24
13262,13406.0,8.48
13263,13408.0,9.389
13264,13409.0,10.016
13265,13410.0,10.456
13266,13411.0,8.948
13267,13412.0,11.017
13268,13413.0,8.507
13269,13414.0,7.246
13270,13415.0,7.286
13271,13416.0,10.937
13272,13417.0,8.239
13273,13418.0,7.716
13274,13419.0,9.068
13275,13420.0,10.376
13276,13421.0,7.395
13277,13422.0,8.118
13278,13423.0,9.229
13279,13424.0,7.797
13280,13425.0,9.229
13281,13426.0,7.314
13282,13427.0,7.998
13283,13428.0,6.521
13284,13429.0,6.964
13285,13430.0,7.326
13286,13431.0,7.435
13287,13432.0,7.515
13288,13433.0,7.395
13289,13434.0,9.935
13290,13435.0,9.975
13291,13436.0,7.515
13292,13437.0,11.6
13293,13438.0,8.158
13294,13439.0,11.72
13295,13440.0,9.51
13296,13441.0,10.056
13297,13442.0,7.314
13298,13443.0,7.085
13299,13444.0,8.319
13300,13445.0,7.636
13301,13446.0,8.868
13302,13447.0,10.576
13303,13448.0,7.355
13304,13449.0,7.998
13305,13450.0,9.67
13306,13451.0,6.883
13307,13452.0,8.44
13308,13453.0,7.246
13309,13454.0,7.797
13310,13455.0,9.229
13311,13456.0,6.521
13312,13457.0,6.924
13313,13458.0,7.515
13314,13459.0,7.837
13315,13460.0,7.286
13316,13461.0,7.355
13317,13462.0,7.125
13318,13463.0,11.64
13319,13464.0,7.998
13320,13465.0,10.576
13321,13466.0,9.028
13322,13467.0,11.2
13323,13468.0,8.319
13324,13469.0,11.52
13325,13470.0,7.757
13326,13471.0,7.125
13327,13472.0,7.165
13328,13473.0,9.109
13329,13474.0,10.336
13330,13475.0,7.435
13331,13476.0,8.239
13332,13477.0,10.016
13333,13478.0,9.309
13334,13479.0,7.475
13335,13480.0,10.857
13336,13481.0,7.596
13337,13482.0,9.349
13338,13483.0,7.395
13339,13484.0,7.314
13340,13485.0,6.722
13341,13486.0,7.757
13342,13487.0,7.355
13343,13488.0,7.435
13344,13489.0,7.435
13345,13490.0,7.556
13346,13491.0,10.977
13347,13492.0,8.788
13348,13493.0,8.587
13349,13494.0,10.937
13350,13495.0,9.935
13351,13496.0,9.51
13352,13497.0,10.697
13353,13498.0,9.028
13354,13500.0,7.286
13355,13501.0,7.205
13356,13502.0,10.456
13357,13503.0,7.395
13358,13504.0,8.038
13359,13505.0,9.67
13360,13506.0,9.67
13361,13507.0,7.355
13362,13508.0,8.507
13363,13509.0,8.158
13364,13510.0,7.958
13365,13511.0,8.158
13366,13512.0,7.355
13367,13513.0,8.118
13368,13514.0,6.601
13369,13515.0,7.004
13370,13516.0,7.355
13371,13517.0,7.475
13372,13518.0,7.556
13373,13519.0,7.314
13374,13520.0,9.855
13375,13521.0,10.016
13376,13522.0,7.515
13377,13523.0,11.56
13378,13524.0,8.078
13379,13525.0,11.76
13380,13526.0,9.47
13381,13527.0,10.176
13382,13528.0,7.355
13383,13529.0,7.125
13384,13530.0,8.239
13385,13531.0,7.676
13386,13532.0,8.948
13387,13533.0,10.496
13388,13534.0,7.355
13389,13535.0,8.038
13390,13536.0,9.775
13391,13537.0,6.924
13392,13538.0,8.44
13393,13539.0,7.205
13394,13540.0,7.877
13395,13541.0,9.309
13396,13542.0,6.521
13397,13543.0,6.924
13398,13544.0,7.556
13399,13545.0,7.234
13400,13546.0,7.435
13401,13547.0,7.395
13402,13548.0,7.246
13403,13549.0,11.52
13404,13550.0,8.199
13405,13551.0,10.096
13406,13552.0,9.109
13407,13553.0,10.897
13408,13554.0,8.707
13409,13555.0,11.32
13410,13556.0,8.078
13411,13557.0,7.274
13412,13558.0,7.314
13413,13559.0,9.815
13414,13560.0,9.51
13415,13561.0,7.435
13416,13562.0,8.44
13417,13563.0,11.017
13418,13564.0,8.239
13419,13565.0,7.716
13420,13566.0,10.256
13421,13567.0,7.676
13422,13568.0,10.096
13423,13569.0,7.326
13424,13570.0,7.556
13425,13571.0,6.642
13426,13572.0,7.165
13427,13573.0,7.165
13428,13574.0,7.435
13429,13575.0,7.515
13430,13576.0,7.797
13431,13577.0,10.496
13432,13578.0,9.109
13433,13579.0,7.435
13434,13580.0,11.72
13435,13581.0,9.149
13436,13582.0,10.496
13437,13583.0,10.176
13438,13584.0,9.229
13439,13585.0,7.314
13440,13586.0,7.165
13441,13587.0,9.55
13442,13588.0,7.395
13443,13589.0,8.547
13444,13590.0,10.817
13445,13591.0,8.467
13446,13593.0,7.636
13447,13594.0,8.868
13448,13595.0,7.085
13449,13596.0,8.199
13450,13597.0,7.246
13451,13598.0,7.556
13452,13599.0,8.601
13453,13600.0,6.36
13454,13601.0,6.924
13455,13602.0,7.435
13456,13603.0,7.556
13457,13604.0,7.165
13458,13605.0,7.435
13459,13606.0,7.596
13460,13607.0,11.84
13461,13608.0,8.118
13462,13609.0,11.017
13463,13610.0,8.386
13464,13611.0,11.44
13465,13612.0,7.877
13466,13613.0,11.68
13467,13614.0,7.435
13468,13615.0,6.964
13469,13616.0,7.004
13470,13617.0,8.4
13471,13618.0,11.017
13472,13619.0,8.078
13473,13620.0,7.797
13474,13621.0,9.109
13475,13622.0,10.296
13476,13623.0,7.234
13477,13624.0,10.016
13478,13625.0,7.395
13479,13626.0,8.667
13480,13627.0,8.868
13481,13628.0,7.044
13482,13629.0,6.843
13483,13630.0,7.636
13484,13631.0,7.205
13485,13632.0,7.395
13486,13633.0,7.395
13487,13634.0,7.355
13488,13635.0,11.28
13489,13636.0,8.4
13490,13637.0,9.55
13491,13638.0,9.775
13492,13639.0,10.576
13493,13640.0,9.229
13494,13641.0,11.08
13495,13642.0,8.44
13496,13643.0,7.286
13497,13644.0,7.515
13498,13645.0,10.657
13499,13646.0,8.587
13500,13647.0,7.636
13501,13648.0,8.908
13502,13649.0,10.576
13503,13650.0,7.395
13504,13651.0,8.038
13505,13652.0,9.47
13506,13653.0,7.757
13507,13654.0,9.51
13508,13655.0,7.314
13509,13656.0,7.837
13510,13657.0,6.601
13511,13658.0,6.964
13512,13659.0,7.286
13513,13660.0,7.435
13514,13661.0,7.435
13515,13662.0,7.998
13516,13663.0,10.096
13517,13664.0,9.71
13518,13665.0,7.435
13519,13666.0,11.6
13520,13667.0,8.48
13521,13668.0,11.36
13522,13669.0,9.751
13523,13670.0,9.775
13524,13671.0,7.314
13525,13672.0,7.125
13526,13673.0,8.707
13527,13674.0,7.556
13528,13675.0,8.707
13529,13676.0,10.737
13530,13677.0,7.395
13531,13678.0,7.917
13532,13679.0,9.43
13533,13680.0,7.004
13534,13681.0,8.359
13535,13682.0,7.205
13536,13683.0,7.757
13537,13684.0,9.028
13538,13686.0,6.521
13539,13687.0,6.924
13540,13688.0,7.435
13541,13689.0,7.475
13542,13690.0,7.877
13543,13691.0,7.355
13544,13692.0,8.279
13545,13693.0,11.88
13546,13694.0,8.038
13547,13695.0,11.16
13548,13696.0,8.158
13549,13697.0,11.52
13550,13698.0,7.837
13551,13699.0,11.76
13552,13700.0,7.355
13553,13701.0,6.924
13554,13702.0,7.004
13555,13703.0,8.4
13556,13704.0,10.576
13557,13705.0,8.747
13558,13706.0,7.636
13559,13707.0,8.747
13560,13708.0,10.697
13561,13709.0,7.125
13562,13710.0,9.59
13563,13711.0,7.326
13564,13712.0,8.44
13565,13713.0,9.389
13566,13714.0,6.924
13567,13715.0,6.883
13568,13716.0,7.596
13569,13717.0,7.475
13570,13718.0,7.435
13571,13719.0,7.395
13572,13720.0,7.246
13573,13721.0,11.52
13574,13722.0,8.199
13575,13723.0,10.216
13576,13724.0,8.988
13577,13725.0,10.937
13578,13726.0,8.587
13579,13727.0,11.36
13580,13728.0,7.958
13581,13729.0,7.246
13582,13730.0,7.246
13583,13731.0,9.63
13584,13732.0,9.71
13585,13733.0,7.395
13586,13734.0,8.507
13587,13735.0,10.777
13588,13736.0,8.48
13589,13737.0,7.636
13590,13738.0,10.376
13591,13739.0,7.676
13592,13740.0,9.855
13593,13741.0,7.326
13594,13742.0,7.515
13595,13743.0,6.964
13596,13744.0,7.596
13597,13745.0,7.194
13598,13746.0,7.355
13599,13747.0,7.435
13600,13748.0,7.274
13601,13749.0,11.36
13602,13750.0,8.319
13603,13751.0,9.735
13604,13752.0,9.55
13605,13753.0,10.657
13606,13754.0,9.068
13607,13755.0,11.16
13608,13756.0,8.279
13609,13757.0,7.274
13610,13758.0,7.435
13611,13759.0,10.416
13612,13760.0,8.828
13613,13761.0,7.596
13614,13762.0,8.707
13615,13763.0,10.737
13616,13764.0,7.355
13617,13765.0,7.917
13618,13766.0,9.71
13619,13767.0,7.757
13620,13768.0,9.71
13621,13769.0,7.314
13622,13770.0,7.716
13623,13771.0,6.682
13624,13772.0,6.964
13625,13773.0,7.194
13626,13774.0,7.435
13627,13775.0,7.556
13628,13776.0,7.837
13629,13778.0,10.416
13630,13779.0,9.309
13631,13780.0,7.475
13632,13781.0,11.68
13633,13782.0,8.988
13634,13783.0,10.777
13635,13784.0,10.056
13636,13785.0,9.43
13637,13786.0,7.314
13638,13787.0,7.165
13639,13788.0,9.269
13640,13789.0,7.435
13641,13790.0,8.467
13642,13791.0,11.0
13643,13792.0,8.118
13644,13793.0,7.757
13645,13794.0,9.109
13646,13795.0,7.044
13647,13796.0,8.279
13648,13797.0,7.205
13649,13798.0,7.676
13650,13799.0,8.788
13651,13800.0,6.481
13652,13801.0,6.924
13653,13802.0,7.435
13654,13803.0,7.475
13655,13804.0,7.716
13656,13805.0,7.355
13657,13806.0,8.158
13658,13807.0,11.88
13659,13808.0,8.078
13660,13809.0,11.12
13661,13810.0,8.199
13662,13811.0,11.52
13663,13812.0,7.837
13664,13813.0,11.76
13665,13814.0,7.355
13666,13815.0,6.964
13667,13816.0,7.004
13668,13817.0,8.426
13669,13818.0,10.657
13670,13819.0,8.627
13671,13820.0,7.636
13672,13821.0,8.788
13673,13822.0,10.616
13674,13823.0,7.154
13675,13824.0,9.63
13676,13825.0,7.355
13677,13826.0,8.44
13678,13827.0,9.349
13679,13828.0,6.883
13680,13829.0,6.843
13681,13830.0,7.596
13682,13831.0,7.205
13683,13832.0,7.475
13684,13833.0,7.435
13685,13834.0,7.274
13686,13835.0,11.4
13687,13836.0,8.239
13688,13837.0,9.895
13689,13838.0,9.349
13690,13839.0,10.737
13691,13840.0,8.868
13692,13841.0,11.24
13693,13842.0,8.158
13694,13843.0,7.286
13695,13844.0,7.355
13696,13845.0,10.176
13697,13846.0,9.068
13698,13847.0,7.556
13699,13848.0,8.587
13700,13849.0,10.857
13701,13850.0,7.636
13702,13851.0,7.877
13703,13852.0,9.895
13704,13853.0,7.757
13705,13854.0,9.855
13706,13855.0,7.314
13707,13856.0,7.676
13708,13857.0,6.481
13709,13858.0,6.964
13710,13859.0,7.355
13711,13860.0,7.435
13712,13861.0,7.596
13713,13862.0,7.125
13714,13863.0,9.775
13715,13864.0,10.216
13716,13865.0,7.596
13717,13866.0,11.56
13718,13867.0,7.877
13719,13868.0,11.76
13720,13869.0,9.309
13721,13870.0,10.376
13722,13872.0,7.355
13723,13873.0,7.085
13724,13874.0,7.917
13725,13875.0,7.716
13726,13876.0,9.068
13727,13877.0,10.336
13728,13878.0,7.395
13729,13879.0,8.158
13730,13880.0,9.935
13731,13881.0,6.924
13732,13882.0,8.507
13733,13883.0,7.205
13734,13884.0,7.917
13735,13885.0,9.43
13736,13886.0,6.521
13737,13887.0,6.279
13738,13888.0,6.924
13739,13889.0,7.355
13740,13890.0,7.475
13741,13891.0,7.596
13742,13892.0,7.165
13743,13893.0,9.67
13744,13894.0,10.256
13745,13895.0,7.556
13746,13896.0,11.52
13747,13897.0,7.797
13748,13898.0,11.76
13749,13899.0,9.189
13750,13900.0,10.456
13751,13901.0,7.355
13752,13902.0,7.085
13753,13903.0,7.797
13754,13904.0,7.797
13755,13905.0,9.149
13756,13906.0,10.296
13757,13907.0,7.395
13758,13908.0,8.158
13759,13909.0,10.016
13760,13910.0,6.924
13761,13911.0,8.587
13762,13912.0,7.246
13763,13913.0,7.958
13764,13914.0,9.51
13765,13915.0,6.601
13766,13916.0,6.883
13767,13917.0,7.556
13768,13918.0,7.877
13769,13919.0,7.355
13770,13920.0,7.355
13771,13921.0,7.165
13772,13922.0,11.52
13773,13923.0,8.078
13774,13924.0,10.296
13775,13925.0,8.948
13776,13926.0,11.017
13777,13927.0,8.507
13778,13928.0,11.4
13779,13929.0,7.917
13780,13930.0,7.205
13781,13931.0,7.246
13782,13932.0,9.51
13783,13933.0,9.855
13784,13934.0,7.395
13785,13935.0,8.467
13786,13936.0,10.576
13787,13937.0,8.707
13788,13938.0,7.596
13789,13939.0,10.536
13790,13940.0,7.716
13791,13941.0,9.791
13792,13942.0,7.286
13793,13943.0,7.475
13794,13944.0,6.682
13795,13945.0,7.636
13796,13946.0,7.314
13797,13947.0,7.435
13798,13948.0,7.515
13799,13949.0,7.757
13800,13950.0,10.616
13801,13951.0,8.948
13802,13952.0,7.596
13803,13953.0,11.76
13804,13954.0,9.349
13805,13955.0,10.256
13806,13956.0,10.296
13807,13957.0,9.068
13808,13958.0,7.274
13809,13959.0,7.165
13810,13960.0,9.71
13811,13961.0,7.395
13812,13962.0,8.44
13813,13963.0,10.576
13814,13964.0,8.747
13815,13966.0,7.596
13816,13967.0,8.747
13817,13968.0,7.085
13818,13969.0,8.118
13819,13970.0,7.246
13820,13971.0,7.515
13821,13972.0,8.52
13822,13973.0,6.36
13823,13974.0,6.924
13824,13975.0,7.435
13825,13976.0,7.515
13826,13977.0,7.395
13827,13978.0,7.395
13828,13979.0,7.958
13829,13980.0,11.88
13830,13981.0,8.158
13831,13982.0,11.08
13832,13983.0,8.279
13833,13984.0,11.48
13834,13985.0,7.877
13835,13986.0,11.72
13836,13987.0,7.435
13837,13988.0,7.044
13838,13989.0,7.004
13839,13990.0,8.48
13840,13991.0,10.817
13841,13992.0,8.44
13842,13993.0,7.676
13843,13994.0,8.868
13844,13995.0,10.496
13845,13996.0,7.154
13846,13997.0,9.751
13847,13998.0,7.355
13848,13999.0,8.52
13849,14000.0,9.189
13850,14001.0,6.924
13851,14002.0,6.843
13852,14003.0,7.636
13853,14004.0,7.194
13854,14005.0,7.395
13855,14006.0,7.395
13856,14007.0,7.314
13857,14008.0,11.28
13858,14009.0,8.4
13859,14010.0,9.59
13860,14011.0,9.695
13861,14012.0,10.576
13862,14013.0,9.229
13863,14014.0,11.12
13864,14015.0,8.4
13865,14016.0,7.286
13866,14017.0,7.475
13867,14018.0,10.616
13868,14019.0,8.627
13869,14020.0,7.636
13870,14021.0,8.868
13871,14022.0,10.576
13872,14023.0,7.395
13873,14024.0,7.998
13874,14025.0,9.51
13875,14026.0,7.757
13876,14027.0,9.47
13877,14028.0,7.314
13878,14029.0,7.837
13879,14030.0,6.601
13880,14031.0,6.964
13881,14032.0,7.234
13882,14033.0,7.435
13883,14034.0,7.435
13884,14035.0,7.958
13885,14036.0,10.136
13886,14037.0,9.59
13887,14038.0,7.435
13888,14039.0,11.64
13889,14040.0,8.547
13890,14041.0,11.28
13891,14042.0,9.751
13892,14043.0,9.735
13893,14044.0,7.314
13894,14045.0,7.125
13895,14046.0,8.788
13896,14047.0,7.556
13897,14048.0,8.667
13898,14049.0,10.777
13899,14050.0,7.475
13900,14051.0,7.877
13901,14052.0,9.389
13902,14053.0,7.004
13903,14054.0,8.359
13904,14055.0,7.246
13905,14056.0,7.716
13906,14057.0,8.988
13907,14059.0,6.481
13908,14060.0,6.883
13909,14061.0,7.475
13910,14062.0,7.716
13911,14063.0,7.246
13912,14064.0,7.355
13913,14065.0,7.246
13914,14066.0,11.72
13915,14067.0,7.917
13916,14068.0,10.777
13917,14069.0,8.747
13918,14070.0,11.28
13919,14071.0,8.078
13920,14072.0,11.56
13921,14073.0,7.636
13922,14074.0,7.085
13923,14075.0,7.085
13924,14076.0,8.788
13925,14077.0,10.657
13926,14078.0,7.355
13927,14079.0,8.038
13928,14080.0,9.59
13929,14081.0,9.751
13930,14082.0,7.355
13931,14083.0,10.657
13932,14084.0,7.515
13933,14085.0,9.068
13934,14086.0,8.078
13935,14087.0,7.234
13936,14088.0,6.763
13937,14089.0,7.716
13938,14090.0,7.314
13939,14091.0,7.395
13940,14092.0,7.435
13941,14093.0,7.475
13942,14094.0,11.04
13943,14095.0,8.627
13944,14096.0,8.988
13945,14097.0,10.496
13946,14098.0,10.176
13947,14099.0,9.189
13948,14100.0,10.857
13949,14101.0,8.747
13950,14102.0,7.286
13951,14103.0,7.246
13952,14104.0,10.737
13953,14105.0,7.515
13954,14106.0,7.877
13955,14107.0,9.389
13956,14108.0,10.016
13957,14109.0,7.355
13958,14110.0,8.319
13959,14111.0,8.667
13960,14112.0,7.877
13961,14113.0,8.627
13962,14114.0,7.326
13963,14115.0,7.998
13964,14116.0,6.481
13965,14117.0,6.964
13966,14118.0,7.395
13967,14119.0,7.475
13968,14120.0,7.636
13969,14121.0,7.165
13970,14122.0,9.47
13971,14123.0,10.536
13972,14124.0,7.636
13973,14125.0,11.44
13974,14126.0,7.877
13975,14127.0,11.72
13976,14128.0,9.028
13977,14129.0,10.697
13978,14130.0,7.355
13979,14131.0,7.044
13980,14132.0,7.435
13981,14133.0,7.837
13982,14134.0,9.309
13983,14135.0,10.096
13984,14136.0,7.435
13985,14137.0,8.319
13986,14138.0,10.296
13987,14139.0,6.964
13988,14140.0,8.707
13989,14141.0,7.246
13990,14142.0,8.038
13991,14143.0,9.71
13992,14144.0,6.642
13993,14145.0,6.803
13994,14146.0,7.596
13995,14147.0,7.205
13996,14148.0,7.395
13997,14149.0,7.435
13998,14150.0,7.314
13999,14152.0,11.36
14000,14153.0,8.319
14001,14154.0,9.751
14002,14155.0,9.55
14003,14156.0,10.657
14004,14157.0,9.028
14005,14158.0,11.16
14006,14159.0,8.279
14007,14160.0,7.246
14008,14161.0,7.435
14009,14162.0,10.376
14010,14163.0,8.908
14011,14164.0,7.556
14012,14165.0,8.707
14013,14166.0,10.737
14014,14167.0,7.435
14015,14168.0,7.917
14016,14169.0,9.791
14017,14170.0,7.716
14018,14171.0,9.751
14019,14172.0,7.326
14020,14173.0,7.757
14021,14174.0,6.601
14022,14175.0,6.964
14023,14176.0,7.194
14024,14177.0,7.435
14025,14178.0,7.395
14026,14179.0,7.877
14027,14180.0,10.296
14028,14181.0,9.389
14029,14182.0,7.515
14030,14183.0,11.68
14031,14184.0,8.828
14032,14185.0,10.937
14033,14186.0,9.935
14034,14187.0,9.51
14035,14188.0,7.314
14036,14189.0,7.165
14037,14190.0,9.109
14038,14191.0,7.475
14039,14192.0,8.507
14040,14193.0,10.977
14041,14194.0,7.917
14042,14195.0,7.757
14043,14196.0,9.189
14044,14197.0,7.004
14045,14198.0,8.279
14046,14199.0,7.246
14047,14200.0,7.676
14048,14201.0,8.868
14049,14202.0,6.481
14050,14203.0,6.924
14051,14204.0,7.475
14052,14205.0,7.556
14053,14206.0,7.205
14054,14207.0,7.435
14055,14208.0,7.676
14056,14209.0,11.84
14057,14210.0,8.239
14058,14211.0,11.017
14059,14212.0,8.4
14060,14213.0,11.44
14061,14214.0,7.917
14062,14215.0,11.72
14063,14216.0,7.475
14064,14217.0,7.004
14065,14218.0,7.044
14066,14219.0,8.4
14067,14220.0,11.04
14068,14221.0,8.158
14069,14222.0,7.757
14070,14223.0,9.068
14071,14224.0,10.336
14072,14225.0,7.234
14073,14226.0,9.975
14074,14227.0,7.395
14075,14228.0,8.627
14076,14229.0,8.948
14077,14230.0,7.033
14078,14231.0,6.682
14079,14232.0,7.636
14080,14233.0,7.395
14081,14234.0,7.395
14082,14235.0,7.475
14083,14236.0,7.596
14084,14237.0,10.897
14085,14238.0,8.908
14086,14239.0,8.319
14087,14240.0,11.24
14088,14241.0,9.775
14089,14242.0,9.735
14090,14243.0,10.576
14091,14244.0,9.189
14092,14246.0,7.274
14093,14247.0,7.246
14094,14248.0,10.216
14095,14249.0,7.435
14096,14250.0,8.158
14097,14251.0,9.975
14098,14252.0,9.389
14099,14253.0,7.475
14100,14254.0,8.426
14101,14255.0,7.757
14102,14256.0,7.998
14103,14257.0,7.716
14104,14258.0,7.395
14105,14259.0,8.239
14106,14260.0,6.511
14107,14261.0,6.964
14108,14262.0,7.475
14109,14263.0,7.475
14110,14264.0,7.757
14111,14265.0,7.194
14112,14266.0,9.189
14113,14267.0,11.0
14114,14268.0,7.757
14115,14269.0,11.36
14116,14270.0,7.837
14117,14271.0,11.68
14118,14272.0,8.627
14119,14273.0,11.2
14120,14274.0,7.274
14121,14275.0,7.004
14122,14276.0,7.085
14123,14277.0,7.998
14124,14278.0,9.63
14125,14279.0,9.71
14126,14280.0,7.395
14127,14281.0,8.507
14128,14282.0,10.737
14129,14283.0,7.004
14130,14284.0,8.908
14131,14285.0,7.205
14132,14286.0,8.038
14133,14287.0,10.016
14134,14288.0,6.682
14135,14289.0,6.843
14136,14290.0,7.556
14137,14291.0,7.165
14138,14292.0,7.435
14139,14293.0,7.395
14140,14294.0,7.234
14141,14295.0,11.44
14142,14296.0,8.199
14143,14297.0,9.975
14144,14298.0,9.229
14145,14299.0,10.817
14146,14300.0,8.788
14147,14301.0,11.28
14148,14302.0,8.118
14149,14303.0,7.274
14150,14304.0,7.355
14151,14305.0,9.975
14152,14306.0,9.349
14153,14307.0,7.475
14154,14308.0,8.507
14155,14309.0,10.977
14156,14310.0,7.998
14157,14311.0,7.797
14158,14312.0,10.096
14159,14313.0,7.716
14160,14314.0,10.016
14161,14315.0,7.314
14162,14316.0,7.636
14163,14317.0,6.763
14164,14318.0,7.757
14165,14319.0,7.475
14166,14320.0,7.435
14167,14321.0,7.515
14168,14322.0,7.716
14169,14323.0,10.697
14170,14324.0,9.028
14171,14325.0,7.877
14172,14326.0,11.72
14173,14327.0,9.55
14174,14328.0,10.056
14175,14329.0,10.416
14176,14330.0,8.908
14177,14331.0,7.314
14178,14332.0,7.205
14179,14333.0,9.895
14180,14334.0,7.395
14181,14335.0,8.359
14182,14336.0,10.336
14183,14337.0,8.988
14184,14339.0,7.556
14185,14340.0,8.627
14186,14341.0,7.125
14187,14342.0,8.078
14188,14343.0,7.246
14189,14344.0,7.475
14190,14345.0,8.4
14191,14346.0,6.561
14192,14347.0,6.924
14193,14348.0,7.475
14194,14349.0,7.475
14195,14350.0,7.797
14196,14351.0,7.234
14197,14352.0,9.028
14198,14353.0,11.24
14199,14354.0,7.797
14200,14355.0,11.36
14201,14356.0,7.877
14202,14357.0,11.64
14203,14358.0,8.467
14204,14359.0,11.44
14205,14360.0,7.234
14206,14361.0,7.004
14207,14362.0,7.044
14208,14363.0,8.038
14209,14364.0,9.775
14210,14365.0,9.59
14211,14366.0,7.395
14212,14367.0,8.4
14213,14368.0,10.897
14214,14369.0,7.044
14215,14370.0,9.028
14216,14371.0,7.194
14217,14372.0,8.118
14218,14373.0,10.056
14219,14374.0,6.712
14220,14375.0,6.883
14221,14376.0,7.556
14222,14377.0,7.676
14223,14378.0,7.395
14224,14379.0,7.395
14225,14380.0,7.194
14226,14381.0,11.56
14227,14382.0,8.118
14228,14383.0,10.256
14229,14384.0,8.908
14230,14385.0,10.977
14231,14386.0,8.547
14232,14387.0,11.36
14233,14388.0,7.917
14234,14389.0,7.205
14235,14390.0,7.234
14236,14391.0,9.51
14237,14392.0,9.815
14238,14393.0,7.395
14239,14394.0,8.507
14240,14395.0,10.616
14241,14396.0,8.627
14242,14397.0,7.596
14243,14398.0,10.456
14244,14399.0,7.676
14245,14400.0,9.831
14246,14401.0,7.286
14247,14402.0,7.475
14248,14403.0,6.601
14249,14404.0,7.085
14250,14405.0,7.154
14251,14406.0,7.395
14252,14407.0,7.515
14253,14408.0,7.797
14254,14409.0,10.456
14255,14410.0,9.149
14256,14411.0,7.435
14257,14412.0,11.72
14258,14413.0,9.109
14259,14414.0,10.576
14260,14415.0,10.136
14261,14416.0,9.229
14262,14417.0,7.274
14263,14418.0,7.165
14264,14419.0,9.43
14265,14420.0,7.395
14266,14421.0,8.386
14267,14422.0,10.937
14268,14423.0,8.359
14269,14424.0,7.676
14270,14425.0,8.948
14271,14426.0,7.044
14272,14427.0,8.199
14273,14428.0,7.246
14274,14429.0,7.596
14275,14430.0,8.627
14276,14431.0,6.4
14277,14433.0,6.924
14278,14434.0,7.475
14279,14435.0,7.556
14280,14436.0,7.154
14281,14437.0,7.435
14282,14438.0,7.556
14283,14439.0,11.8
14284,14440.0,8.078
14285,14441.0,10.977
14286,14442.0,8.467
14287,14443.0,11.4
14288,14444.0,7.917
14289,14445.0,11.72
14290,14446.0,7.475
14291,14447.0,7.004
14292,14448.0,7.004
14293,14449.0,8.426
14294,14450.0,11.017
14295,14451.0,7.998
14296,14452.0,7.837
14297,14453.0,9.149
14298,14454.0,10.296
14299,14455.0,7.234
14300,14456.0,10.056
14301,14457.0,7.395
14302,14458.0,8.707
14303,14459.0,8.828
14304,14460.0,7.073
14305,14461.0,6.803
14306,14462.0,7.716
14307,14463.0,7.274
14308,14464.0,7.395
14309,14465.0,7.435
14310,14466.0,7.435
14311,14467.0,11.12
14312,14468.0,8.587
14313,14469.0,9.068
14314,14470.0,10.336
14315,14471.0,10.256
14316,14472.0,9.109
14317,14473.0,10.897
14318,14474.0,8.707
14319,14475.0,7.246
14320,14476.0,7.246
14321,14477.0,10.817
14322,14478.0,7.757
14323,14479.0,7.837
14324,14480.0,9.229
14325,14481.0,10.136
14326,14482.0,7.355
14327,14483.0,8.279
14328,14484.0,8.868
14329,14485.0,7.837
14330,14486.0,8.868
14331,14487.0,7.314
14332,14488.0,8.038
14333,14489.0,6.44
14334,14490.0,6.924
14335,14491.0,7.355
14336,14492.0,7.475
14337,14493.0,7.636
14338,14494.0,7.165
14339,14495.0,9.67
14340,14496.0,10.376
14341,14497.0,7.636
14342,14498.0,11.56
14343,14499.0,7.877
14344,14500.0,11.72
14345,14501.0,9.109
14346,14502.0,10.657
14347,14503.0,7.435
14348,14504.0,7.085
14349,14505.0,7.596
14350,14506.0,7.837
14351,14507.0,9.229
14352,14508.0,10.296
14353,14509.0,7.556
14354,14510.0,8.279
14355,14511.0,10.216
14356,14512.0,6.964
14357,14513.0,8.667
14358,14514.0,7.205
14359,14515.0,7.998
14360,14516.0,9.67
14361,14517.0,6.642
14362,14518.0,6.843
14363,14519.0,7.556
14364,14520.0,7.355
14365,14521.0,7.395
14366,14522.0,7.395
14367,14523.0,7.205
14368,14525.0,11.48
14369,14526.0,8.118
14370,14527.0,10.176
14371,14528.0,9.028
14372,14529.0,10.937
14373,14530.0,8.627
14374,14531.0,11.32
14375,14532.0,7.998
14376,14533.0,7.205
14377,14534.0,7.286
14378,14535.0,9.67
14379,14536.0,9.67
14380,14537.0,7.395
14381,14538.0,8.467
14382,14539.0,10.857
14383,14540.0,8.44
14384,14541.0,7.676
14385,14542.0,10.376
14386,14543.0,7.636
14387,14544.0,9.935
14388,14545.0,7.286
14389,14546.0,7.515
14390,14547.0,6.078
14391,14548.0,6.924
14392,14549.0,7.515
14393,14550.0,7.837
14394,14551.0,7.234
14395,14552.0,7.355
14396,14553.0,7.085
14397,14554.0,11.64
14398,14555.0,7.958
14399,14556.0,10.576
14400,14557.0,8.948
14401,14558.0,11.16
14402,14559.0,8.239
14403,14560.0,11.52
14404,14561.0,7.716
14405,14562.0,7.085
14406,14563.0,7.125
14407,14564.0,9.028
14408,14565.0,10.336
14409,14566.0,7.435
14410,14567.0,8.158
14411,14568.0,9.975
14412,14569.0,9.389
14413,14570.0,7.435
14414,14571.0,10.817
14415,14572.0,7.596
14416,14573.0,9.309
14417,14574.0,7.395
14418,14575.0,7.314
14419,14576.0,6.722
14420,14577.0,7.636
14421,14578.0,7.395
14422,14579.0,7.395
14423,14580.0,7.435
14424,14581.0,7.556
14425,14582.0,10.857
14426,14583.0,8.828
14427,14584.0,8.359
14428,14585.0,11.12
14429,14586.0,9.815
14430,14587.0,9.67
14431,14588.0,10.576
14432,14589.0,9.149
14433,14590.0,7.286
14434,14591.0,7.205
14435,14592.0,10.256
14436,14593.0,7.395
14437,14594.0,8.158
14438,14595.0,9.935
14439,14596.0,9.389
14440,14597.0,7.435
14441,14598.0,8.4
14442,14599.0,7.797
14443,14600.0,7.998
14444,14601.0,7.797
14445,14602.0,7.395
14446,14603.0,8.239
14447,14604.0,6.521
14448,14605.0,6.964
14449,14606.0,7.475
14450,14607.0,7.515
14451,14608.0,7.797
14452,14609.0,7.274
14453,14610.0,8.988
14454,14611.0,11.32
14455,14612.0,7.797
14456,14613.0,11.36
14457,14614.0,7.877
14458,14615.0,11.68
14459,14616.0,8.4
14460,14617.0,11.52
14461,14619.0,7.234
14462,14620.0,7.044
14463,14621.0,7.044
14464,14622.0,8.118
14465,14623.0,9.815
14466,14624.0,9.51
14467,14625.0,7.395
14468,14626.0,8.359
14469,14627.0,10.977
14470,14628.0,7.044
14471,14629.0,9.068
14472,14630.0,7.246
14473,14631.0,8.118
14474,14632.0,9.975
14475,14633.0,6.763
14476,14634.0,6.763
14477,14635.0,7.596
14478,14636.0,7.194
14479,14637.0,7.355
14480,14638.0,7.395
14481,14639.0,7.314
14482,14640.0,11.24
14483,14641.0,8.359
14484,14642.0,9.55
14485,14643.0,9.735
14486,14644.0,10.536
14487,14645.0,9.189
14488,14646.0,11.04
14489,14647.0,8.346
14490,14648.0,7.246
14491,14649.0,7.435
14492,14650.0,10.657
14493,14651.0,8.547
14494,14652.0,7.636
14495,14653.0,8.868
14496,14654.0,10.536
14497,14655.0,7.355
14498,14656.0,8.078
14499,14657.0,9.47
14500,14658.0,7.757
14501,14659.0,9.43
14502,14660.0,7.326
14503,14661.0,7.837
14504,14662.0,6.159
14505,14663.0,6.924
14506,14664.0,7.475
14507,14665.0,7.716
14508,14666.0,7.205
14509,14667.0,7.395
14510,14668.0,7.355
14511,14669.0,11.72
14512,14670.0,7.877
14513,14671.0,10.857
14514,14672.0,8.627
14515,14673.0,11.32
14516,14674.0,7.998
14517,14675.0,11.6
14518,14676.0,7.556
14519,14677.0,7.085
14520,14678.0,7.044
14521,14679.0,8.747
14522,14680.0,10.737
14523,14681.0,7.395
14524,14682.0,7.958
14525,14683.0,9.55
14526,14684.0,9.815
14527,14685.0,7.355
14528,14686.0,10.536
14529,14687.0,7.556
14530,14688.0,8.948
14531,14689.0,8.239
14532,14690.0,7.113
14533,14691.0,6.803
14534,14692.0,7.676
14535,14693.0,7.355
14536,14694.0,7.355
14537,14695.0,7.475
14538,14696.0,7.435
14539,14697.0,11.12
14540,14698.0,8.587
14541,14699.0,8.988
14542,14700.0,10.416
14543,14701.0,10.216
14544,14702.0,9.149
14545,14703.0,10.857
14546,14704.0,8.707
14547,14705.0,7.246
14548,14706.0,7.205
14549,14707.0,10.737
14550,14708.0,7.596
14551,14709.0,7.877
14552,14710.0,9.349
14553,14712.0,10.016
14554,14713.0,7.395
14555,14714.0,8.319
14556,14715.0,8.707
14557,14716.0,7.837
14558,14717.0,8.667
14559,14718.0,7.274
14560,14719.0,7.958
14561,14720.0,6.159
14562,14721.0,6.883
14563,14722.0,7.435
14564,14723.0,7.556
14565,14724.0,7.125
14566,14725.0,7.435
14567,14726.0,7.676
14568,14727.0,11.84
14569,14728.0,8.199
14570,14729.0,11.057
14571,14730.0,8.4
14572,14731.0,11.44
14573,14732.0,7.877
14574,14733.0,11.68
14575,14734.0,7.435
14576,14735.0,7.004
14577,14736.0,6.964
14578,14737.0,8.44
14579,14738.0,11.017
14580,14739.0,8.158
14581,14740.0,7.716
14582,14741.0,9.068
14583,14742.0,10.376
14584,14743.0,7.234
14585,14744.0,9.935
14586,14745.0,7.395
14587,14746.0,8.627
14588,14747.0,8.948
14589,14748.0,7.004
14590,14749.0,6.642
14591,14750.0,7.676
14592,14751.0,7.475
14593,14752.0,7.395
14594,14753.0,7.475
14595,14754.0,7.636
14596,14755.0,10.777
14597,14756.0,8.988
14598,14757.0,7.998
14599,14758.0,11.64
14600,14759.0,9.59
14601,14760.0,9.975
14602,14761.0,10.456
14603,14762.0,8.908
14604,14763.0,7.326
14605,14764.0,7.165
14606,14765.0,10.016
14607,14766.0,7.395
14608,14767.0,8.319
14609,14768.0,10.256
14610,14769.0,9.109
14611,14770.0,7.515
14612,14771.0,8.627
14613,14772.0,7.274
14614,14773.0,8.078
14615,14774.0,7.326
14616,14775.0,7.435
14617,14776.0,8.359
14618,14777.0,6.44
14619,14778.0,6.964
14620,14779.0,7.556
14621,14780.0,7.435
14622,14781.0,7.877
14623,14782.0,7.274
14624,14783.0,8.788
14625,14784.0,11.64
14626,14785.0,7.877
14627,14786.0,11.28
14628,14787.0,7.998
14629,14788.0,11.64
14630,14789.0,8.158
14631,14790.0,11.72
14632,14791.0,7.274
14633,14792.0,6.924
14634,14793.0,7.085
14635,14794.0,8.199
14636,14795.0,10.056
14637,14796.0,9.269
14638,14797.0,7.475
14639,14798.0,8.507
14640,14799.0,10.937
14641,14800.0,7.085
14642,14801.0,9.189
14643,14802.0,7.286
14644,14803.0,8.199
14645,14805.0,9.855
14646,14806.0,6.763
14647,14807.0,6.883
14648,14808.0,7.515
14649,14809.0,7.556
14650,14810.0,7.355
14651,14811.0,7.395
14652,14812.0,7.205
14653,14813.0,11.56
14654,14814.0,8.118
14655,14815.0,10.256
14656,14816.0,8.908
14657,14817.0,10.977
14658,14818.0,8.547
14659,14819.0,11.36
14660,14820.0,7.917
14661,14821.0,7.246
14662,14822.0,7.246
14663,14823.0,9.63
14664,14824.0,9.71
14665,14825.0,7.395
14666,14826.0,8.507
14667,14827.0,10.737
14668,14828.0,8.507
14669,14829.0,7.676
14670,14830.0,10.376
14671,14831.0,7.676
14672,14832.0,9.871
14673,14833.0,7.314
14674,14834.0,7.435
14675,14835.0,6.682
14676,14836.0,7.475
14677,14837.0,7.234
14678,14838.0,7.395
14679,14839.0,7.515
14680,14840.0,7.757
14681,14841.0,10.616
14682,14842.0,9.068
14683,14843.0,7.515
14684,14844.0,11.76
14685,14845.0,9.309
14686,14846.0,10.336
14687,14847.0,10.256
14688,14848.0,9.109
14689,14849.0,7.314
14690,14850.0,7.165
14691,14851.0,9.67
14692,14852.0,7.395
14693,14853.0,8.467
14694,14854.0,10.657
14695,14855.0,8.627
14696,14856.0,7.596
14697,14857.0,8.788
14698,14858.0,7.044
14699,14859.0,8.118
14700,14860.0,7.246
14701,14861.0,7.515
14702,14862.0,8.547
14703,14863.0,6.4
14704,14864.0,6.924
14705,14865.0,7.435
14706,14866.0,7.475
14707,14867.0,7.515
14708,14868.0,7.355
14709,14869.0,7.958
14710,14870.0,11.76
14711,14871.0,8.199
14712,14872.0,10.96
14713,14873.0,8.359
14714,14874.0,11.4
14715,14875.0,7.877
14716,14876.0,11.6
14717,14877.0,7.515
14718,14878.0,7.044
14719,14879.0,7.044
14720,14880.0,8.747
14721,14881.0,10.657
14722,14882.0,7.355
14723,14883.0,8.038
14724,14884.0,9.775
14725,14885.0,9.51
14726,14886.0,7.435
14727,14887.0,10.857
14728,14888.0,7.636
14729,14889.0,9.349
14730,14890.0,7.286
14731,14891.0,7.274
14732,14892.0,6.561
14733,14893.0,6.964
14734,14894.0,7.246
14735,14895.0,7.435
14736,14896.0,7.435
14737,14898.0,7.998
14738,14899.0,10.056
14739,14900.0,9.735
14740,14901.0,7.475
14741,14902.0,11.52
14742,14903.0,8.199
14743,14904.0,11.76
14744,14905.0,9.389
14745,14906.0,10.296
14746,14907.0,7.355
14747,14908.0,7.085
14748,14909.0,7.676
14749,14910.0,7.797
14750,14911.0,9.309
14751,14912.0,9.975
14752,14913.0,7.395
14753,14914.0,8.359
14754,14915.0,10.456
14755,14916.0,7.004
14756,14917.0,8.828
14757,14918.0,7.205
14758,14919.0,8.038
14759,14920.0,9.831
14760,14921.0,6.682
14761,14922.0,6.964
14762,14923.0,7.596
14763,14924.0,7.395
14764,14925.0,7.395
14765,14926.0,7.395
14766,14927.0,7.194
14767,14928.0,11.56
14768,14929.0,8.118
14769,14930.0,10.176
14770,14931.0,8.988
14771,14932.0,10.977
14772,14933.0,8.587
14773,14934.0,11.36
14774,14935.0,7.958
14775,14936.0,7.246
14776,14937.0,7.246
14777,14938.0,9.67
14778,14939.0,9.63
14779,14940.0,7.395
14780,14941.0,8.426
14781,14942.0,10.817
14782,14943.0,8.4
14783,14944.0,7.676
14784,14945.0,10.336
14785,14946.0,7.676
14786,14947.0,9.895
14787,14948.0,7.286
14788,14949.0,7.475
14789,14950.0,6.883
14790,14951.0,7.636
14791,14952.0,7.274
14792,14953.0,7.355
14793,14954.0,7.435
14794,14955.0,7.355
14795,14956.0,11.16
14796,14957.0,8.48
14797,14958.0,9.229
14798,14959.0,10.136
14799,14960.0,10.336
14800,14961.0,8.948
14801,14962.0,10.977
14802,14963.0,8.547
14803,14964.0,7.286
14804,14965.0,7.246
14805,14966.0,10.937
14806,14967.0,8.038
14807,14968.0,7.757
14808,14969.0,9.109
14809,14970.0,10.296
14810,14971.0,7.355
14811,14972.0,8.158
14812,14973.0,9.028
14813,14974.0,7.837
14814,14975.0,9.028
14815,14976.0,7.314
14816,14977.0,7.998
14817,14978.0,6.722
14818,14979.0,6.964
14819,14980.0,7.234
14820,14981.0,7.395
14821,14982.0,7.395
14822,14983.0,7.877
14823,14984.0,10.296
14824,14985.0,9.389
14825,14986.0,7.475
14826,14987.0,11.68
14827,14988.0,8.828
14828,14990.0,10.937
14829,14991.0,9.975
14830,14992.0,9.51
14831,14993.0,7.314
14832,14994.0,7.125
14833,14995.0,9.109
14834,14996.0,7.475
14835,14997.0,8.547
14836,14998.0,10.977
14837,14999.0,7.917
14838,15000.0,7.797
14839,15001.0,9.149
14840,15002.0,7.004
14841,15003.0,8.279
14842,15004.0,7.205
14843,15005.0,7.636
14844,15006.0,8.828
14845,15007.0,6.481
14846,15008.0,6.924
14847,15009.0,7.435
14848,15010.0,7.395
14849,15011.0,7.958
14850,15012.0,7.314
14851,15013.0,8.507
14852,15014.0,11.88
14853,15015.0,7.958
14854,15016.0,11.2
14855,15017.0,8.038
14856,15018.0,11.56
14857,15019.0,7.917
14858,15020.0,11.8
14859,15021.0,7.314
14860,15022.0,6.924
14861,15023.0,7.044
14862,15024.0,8.279
14863,15025.0,10.256
14864,15026.0,9.068
14865,15027.0,7.515
14866,15028.0,8.587
14867,15029.0,10.817
14868,15030.0,7.125
14869,15031.0,9.349
14870,15032.0,7.286
14871,15033.0,8.279
14872,15034.0,9.71
14873,15035.0,6.803
14874,15036.0,6.883
14875,15037.0,7.556
14876,15038.0,7.165
14877,15039.0,7.435
14878,15040.0,7.395
14879,15041.0,7.234
14880,15042.0,11.48
14881,15043.0,8.199
14882,15044.0,10.016
14883,15045.0,9.229
14884,15046.0,10.857
14885,15047.0,8.788
14886,15048.0,11.28
14887,15049.0,8.118
14888,15050.0,7.286
14889,15051.0,7.326
14890,15052.0,10.016
14891,15053.0,9.309
14892,15054.0,7.515
14893,15055.0,8.467
14894,15056.0,10.977
14895,15057.0,7.958
14896,15058.0,7.797
14897,15059.0,10.056
14898,15060.0,7.716
14899,15061.0,9.975
14900,15062.0,7.314
14901,15063.0,7.556
14902,15064.0,6.722
14903,15065.0,7.246
14904,15066.0,7.205
14905,15067.0,7.395
14906,15068.0,7.556
14907,15069.0,7.757
14908,15070.0,10.536
14909,15071.0,9.068
14910,15072.0,7.475
14911,15073.0,11.76
14912,15074.0,9.189
14913,15075.0,10.496
14914,15076.0,10.176
14915,15077.0,9.189
14916,15078.0,7.274
14917,15079.0,7.165
14918,15080.0,9.51
14919,15081.0,7.355
14920,15083.0,8.507
14921,15084.0,10.817
14922,15085.0,8.467
14923,15086.0,7.636
14924,15087.0,8.868
14925,15088.0,7.044
14926,15089.0,8.158
14927,15090.0,7.246
14928,15091.0,7.556
14929,15092.0,8.627
14930,15093.0,6.32
14931,15094.0,6.924
14932,15095.0,7.435
14933,15096.0,7.515
14934,15097.0,7.314
14935,15098.0,7.395
14936,15099.0,7.877
14937,15100.0,11.84
14938,15101.0,8.158
14939,15102.0,11.04
14940,15103.0,8.279
14941,15104.0,11.48
14942,15105.0,7.877
14943,15106.0,11.72
14944,15107.0,7.395
14945,15108.0,6.964
14946,15109.0,6.964
14947,15110.0,8.359
14948,15111.0,10.937
14949,15112.0,8.359
14950,15113.0,7.676
14951,15114.0,8.948
14952,15115.0,10.416
14953,15116.0,7.194
14954,15117.0,9.815
14955,15118.0,7.395
14956,15119.0,8.547
14957,15120.0,9.109
14958,15121.0,6.953
14959,15122.0,6.883
14960,15123.0,7.596
14961,15124.0,7.234
14962,15125.0,7.355
14963,15126.0,7.435
14964,15127.0,7.314
14965,15128.0,11.36
14966,15129.0,8.359
14967,15130.0,9.59
14968,15131.0,9.735
14969,15132.0,10.576
14970,15133.0,9.189
14971,15134.0,11.12
14972,15135.0,8.346
14973,15136.0,7.326
14974,15137.0,7.475
14975,15138.0,10.697
14976,15139.0,8.587
14977,15140.0,7.676
14978,15141.0,8.868
14979,15142.0,10.616
14980,15143.0,7.395
14981,15144.0,8.078
14982,15145.0,9.51
14983,15146.0,7.837
14984,15147.0,9.47
14985,15148.0,7.314
14986,15149.0,7.837
14987,15150.0,6.239
14988,15151.0,6.924
14989,15152.0,7.435
14990,15153.0,7.395
14991,15154.0,7.958
14992,15155.0,7.314
14993,15156.0,8.48
14994,15157.0,11.88
14995,15158.0,7.958
14996,15159.0,11.24
14997,15160.0,8.078
14998,15161.0,11.56
14999,15162.0,7.797
15000,15163.0,11.8
15001,15164.0,7.314
15002,15165.0,6.924
15003,15166.0,7.004
15004,15167.0,8.319
15005,15168.0,10.336
15006,15169.0,8.988
15007,15170.0,7.556
15008,15171.0,8.667
15009,15172.0,10.737
15010,15173.0,7.125
15011,15174.0,9.43
15012,15176.0,7.286
15013,15177.0,8.319
15014,15178.0,9.59
15015,15179.0,6.843
15016,15180.0,6.803
15017,15181.0,7.596
15018,15182.0,7.194
15019,15183.0,7.355
15020,15184.0,7.395
15021,15185.0,7.314
15022,15186.0,11.24
15023,15187.0,8.359
15024,15188.0,9.51
15025,15189.0,9.815
15026,15190.0,10.536
15027,15191.0,9.028
15028,15192.0,11.04
15029,15193.0,8.4
15030,15194.0,7.246
15031,15195.0,7.366
15032,15196.0,10.817
15033,15197.0,8.4
15034,15198.0,7.676
15035,15199.0,8.908
15036,15200.0,10.496
15037,15201.0,7.355
15038,15202.0,8.078
15039,15203.0,9.309
15040,15204.0,7.797
15041,15205.0,9.269
15042,15206.0,7.326
15043,15207.0,7.917
15044,15208.0,6.601
15045,15209.0,7.004
15046,15210.0,7.314
15047,15211.0,7.475
15048,15212.0,7.515
15049,15213.0,7.998
15050,15214.0,10.136
15051,15215.0,9.751
15052,15216.0,7.475
15053,15217.0,11.68
15054,15218.0,8.44
15055,15219.0,11.48
15056,15220.0,9.67
15057,15221.0,9.855
15058,15222.0,7.355
15059,15223.0,7.125
15060,15224.0,8.641
15061,15225.0,7.596
15062,15226.0,8.788
15063,15227.0,10.697
15064,15228.0,7.435
15065,15229.0,7.958
15066,15230.0,9.51
15067,15231.0,6.964
15068,15232.0,8.4
15069,15233.0,7.246
15070,15234.0,7.757
15071,15235.0,9.109
15072,15236.0,6.601
15073,15237.0,6.964
15074,15238.0,7.515
15075,15239.0,7.395
15076,15240.0,7.877
15077,15241.0,7.274
15078,15242.0,8.747
15079,15243.0,11.64
15080,15244.0,7.877
15081,15245.0,11.28
15082,15246.0,7.958
15083,15247.0,11.64
15084,15248.0,8.158
15085,15249.0,11.72
15086,15250.0,7.274
15087,15251.0,6.924
15088,15252.0,7.044
15089,15253.0,8.158
15090,15254.0,9.975
15091,15255.0,9.349
15092,15256.0,7.435
15093,15257.0,8.48
15094,15258.0,10.977
15095,15259.0,7.085
15096,15260.0,9.149
15097,15261.0,7.286
15098,15262.0,8.158
15099,15263.0,9.935
15100,15264.0,6.763
15101,15265.0,6.924
15102,15266.0,7.515
15103,15268.0,7.998
15104,15269.0,7.314
15105,15270.0,7.395
15106,15271.0,7.165
15107,15272.0,11.6
15108,15273.0,8.078
15109,15274.0,10.336
15110,15275.0,8.908
15111,15276.0,11.057
15112,15277.0,8.426
15113,15278.0,11.4
15114,15279.0,7.877
15115,15280.0,7.205
15116,15281.0,7.205
15117,15282.0,9.47
15118,15283.0,9.935
15119,15284.0,7.435
15120,15285.0,8.4
15121,15286.0,10.536
15122,15287.0,8.788
15123,15288.0,7.596
15124,15289.0,10.576
15125,15290.0,7.757
15126,15291.0,9.67
15127,15292.0,7.326
15128,15293.0,7.355
15129,15294.0,6.843
15130,15295.0,7.676
15131,15296.0,7.355
15132,15297.0,7.355
15133,15298.0,7.475
15134,15299.0,7.475
15135,15300.0,11.057
15136,15301.0,8.627
15137,15302.0,8.868
15138,15303.0,10.576
15139,15304.0,10.096
15140,15305.0,9.269
15141,15306.0,10.777
15142,15307.0,8.788
15143,15308.0,7.246
15144,15309.0,7.205
15145,15310.0,10.616
15146,15311.0,7.355
15147,15312.0,7.917
15148,15313.0,9.51
15149,15314.0,9.895
15150,15315.0,7.395
15151,15316.0,8.4
15152,15317.0,8.48
15153,15318.0,7.877
15154,15319.0,8.48
15155,15320.0,7.314
15156,15321.0,8.038
15157,15322.0,6.44
15158,15323.0,6.964
15159,15324.0,7.435
15160,15325.0,7.475
15161,15326.0,7.676
15162,15327.0,7.205
15163,15328.0,9.389
15164,15329.0,10.737
15165,15330.0,7.636
15166,15331.0,11.44
15167,15332.0,7.837
15168,15333.0,11.68
15169,15334.0,8.868
15170,15335.0,10.857
15171,15336.0,7.314
15172,15337.0,7.085
15173,15338.0,7.165
15174,15339.0,7.917
15175,15340.0,9.43
15176,15341.0,9.975
15177,15342.0,7.395
15178,15343.0,8.4
15179,15344.0,10.416
15180,15345.0,7.004
15181,15346.0,8.747
15182,15347.0,7.205
15183,15348.0,7.998
15184,15349.0,9.831
15185,15350.0,6.642
15186,15351.0,6.924
15187,15352.0,7.475
15188,15353.0,7.877
15189,15354.0,7.274
15190,15355.0,7.395
15191,15356.0,7.125
15192,15357.0,11.68
15193,15358.0,7.958
15194,15359.0,10.616
15195,15360.0,8.948
15196,15362.0,11.2
15197,15363.0,8.199
15198,15364.0,11.52
15199,15365.0,7.716
15200,15366.0,7.165
15201,15367.0,7.125
15202,15368.0,9.109
15203,15369.0,10.296
15204,15370.0,7.435
15205,15371.0,8.199
15206,15372.0,10.056
15207,15373.0,9.309
15208,15374.0,7.515
15209,15375.0,10.817
15210,15376.0,7.636
15211,15377.0,9.309
15212,15378.0,7.355
15213,15379.0,7.314
15214,15380.0,6.803
15215,15381.0,7.716
15216,15382.0,7.314
15217,15383.0,7.395
15218,15384.0,7.435
15219,15385.0,7.475
15220,15386.0,11.017
15221,15387.0,8.627
15222,15388.0,8.788
15223,15389.0,10.576
15224,15390.0,10.096
15225,15391.0,9.269
15226,15392.0,10.777
15227,15393.0,8.828
15228,15394.0,7.246
15229,15395.0,7.205
15230,15396.0,10.576
15231,15397.0,7.355
15232,15398.0,7.958
15233,15399.0,9.51
15234,15400.0,9.855
15235,15401.0,7.395
15236,15402.0,8.44
15237,15403.0,8.44
15238,15404.0,7.917
15239,15405.0,8.4
15240,15406.0,7.314
15241,15407.0,8.078
15242,15408.0,6.44
15243,15409.0,6.964
15244,15410.0,7.435
15245,15411.0,7.475
15246,15412.0,7.676
15247,15413.0,7.205
15248,15414.0,9.349
15249,15415.0,10.777
15250,15416.0,7.676
15251,15417.0,11.44
15252,15418.0,7.877
15253,15419.0,11.72
15254,15420.0,8.828
15255,15421.0,10.937
15256,15422.0,7.314
15257,15423.0,7.044
15258,15424.0,7.085
15259,15425.0,7.917
15260,15426.0,9.47
15261,15427.0,9.935
15262,15428.0,7.395
15263,15429.0,8.44
15264,15430.0,10.456
15265,15431.0,7.004
15266,15432.0,8.788
15267,15433.0,7.246
15268,15434.0,7.958
15269,15435.0,9.895
15270,15436.0,6.642
15271,15437.0,6.964
15272,15438.0,7.475
15273,15439.0,7.797
15274,15440.0,7.246
15275,15441.0,7.395
15276,15442.0,7.085
15277,15443.0,11.72
15278,15444.0,7.917
15279,15445.0,10.697
15280,15446.0,8.868
15281,15447.0,11.24
15282,15448.0,8.158
15283,15449.0,11.56
15284,15450.0,7.676
15285,15451.0,7.125
15286,15452.0,7.085
15287,15453.0,8.948
15288,15455.0,10.456
15289,15456.0,7.355
15290,15457.0,8.078
15291,15458.0,9.815
15292,15459.0,9.55
15293,15460.0,7.395
15294,15461.0,10.857
15295,15462.0,7.556
15296,15463.0,9.189
15297,15464.0,7.676
15298,15465.0,7.194
15299,15466.0,6.803
15300,15467.0,7.676
15301,15468.0,7.314
15302,15469.0,7.395
15303,15470.0,7.435
15304,15471.0,7.435
15305,15472.0,11.12
15306,15473.0,8.627
15307,15474.0,8.948
15308,15475.0,10.456
15309,15476.0,10.176
15310,15477.0,9.189
15311,15478.0,10.857
15312,15479.0,8.747
15313,15480.0,7.286
15314,15481.0,7.246
15315,15482.0,10.737
15316,15483.0,7.556
15317,15484.0,7.877
15318,15485.0,9.389
15319,15486.0,9.975
15320,15487.0,7.395
15321,15488.0,8.359
15322,15489.0,8.667
15323,15490.0,7.877
15324,15491.0,8.641
15325,15492.0,7.286
15326,15493.0,7.998
15327,15494.0,6.561
15328,15495.0,7.004
15329,15496.0,7.314
15330,15497.0,7.475
15331,15498.0,7.556
15332,15499.0,7.286
15333,15500.0,9.831
15334,15501.0,10.096
15335,15502.0,7.515
15336,15503.0,11.56
15337,15504.0,7.958
15338,15505.0,11.8
15339,15506.0,9.389
15340,15507.0,10.256
15341,15508.0,7.314
15342,15509.0,7.125
15343,15510.0,8.078
15344,15511.0,7.716
15345,15512.0,8.988
15346,15513.0,10.456
15347,15514.0,7.355
15348,15515.0,8.118
15349,15516.0,9.815
15350,15517.0,6.964
15351,15518.0,8.48
15352,15519.0,7.286
15353,15520.0,7.877
15354,15521.0,9.389
15355,15522.0,6.521
15356,15523.0,6.843
15357,15524.0,7.515
15358,15525.0,7.837
15359,15526.0,7.355
15360,15527.0,7.366
15361,15528.0,7.165
15362,15529.0,11.56
15363,15530.0,8.078
15364,15531.0,10.336
15365,15532.0,8.948
15366,15533.0,11.057
15367,15534.0,8.52
15368,15535.0,11.4
15369,15536.0,7.877
15370,15537.0,7.205
15371,15538.0,7.205
15372,15539.0,9.47
15373,15540.0,9.831
15374,15541.0,7.395
15375,15542.0,8.44
15376,15543.0,10.576
15377,15544.0,8.667
15378,15545.0,7.596
15379,15547.0,10.496
15380,15548.0,7.716
15381,15549.0,9.751
15382,15550.0,7.286
15383,15551.0,7.435
15384,15552.0,6.763
15385,15553.0,7.596
15386,15554.0,7.395
15387,15555.0,7.395
15388,15556.0,7.435
15389,15557.0,7.556
15390,15558.0,10.897
15391,15559.0,8.788
15392,15560.0,8.44
15393,15561.0,11.04
15394,15562.0,9.855
15395,15563.0,9.63
15396,15564.0,10.616
15397,15565.0,9.068
15398,15566.0,7.286
15399,15567.0,7.205
15400,15568.0,10.336
15401,15569.0,7.395
15402,15570.0,8.118
15403,15571.0,9.855
15404,15572.0,9.47
15405,15573.0,7.435
15406,15574.0,8.359
15407,15575.0,7.877
15408,15576.0,7.958
15409,15577.0,7.837
15410,15578.0,7.395
15411,15579.0,8.239
15412,15580.0,6.521
15413,15581.0,6.964
15414,15582.0,7.355
15415,15583.0,7.475
15416,15584.0,7.636
15417,15585.0,7.205
15418,15586.0,9.51
15419,15587.0,10.576
15420,15588.0,7.636
15421,15589.0,11.48
15422,15590.0,7.797
15423,15591.0,11.76
15424,15592.0,8.988
15425,15593.0,10.737
15426,15594.0,7.314
15427,15595.0,7.085
15428,15596.0,7.395
15429,15597.0,7.877
15430,15598.0,9.309
15431,15599.0,10.056
15432,15600.0,7.395
15433,15601.0,8.319
15434,15602.0,10.296
15435,15603.0,7.004
15436,15604.0,8.707
15437,15605.0,7.205
15438,15606.0,8.038
15439,15607.0,9.751
15440,15608.0,6.642
15441,15609.0,6.883
15442,15610.0,7.515
15443,15611.0,7.877
15444,15612.0,7.286
15445,15613.0,7.407
15446,15614.0,7.165
15447,15615.0,11.72
15448,15616.0,8.038
15449,15617.0,10.536
15450,15618.0,9.068
15451,15619.0,11.16
15452,15620.0,8.279
15453,15621.0,11.48
15454,15622.0,7.757
15455,15623.0,7.125
15456,15624.0,7.165
15457,15625.0,9.149
15458,15626.0,10.216
15459,15627.0,7.395
15460,15628.0,8.279
15461,15629.0,10.136
15462,15630.0,9.149
15463,15631.0,7.515
15464,15632.0,10.777
15465,15633.0,7.676
15466,15634.0,9.47
15467,15635.0,7.286
15468,15636.0,7.314
15469,15637.0,6.36
15470,15638.0,6.964
15471,15639.0,7.395
15472,15641.0,7.475
15473,15642.0,7.636
15474,15643.0,7.205
15475,15644.0,9.47
15476,15645.0,10.616
15477,15646.0,7.636
15478,15647.0,11.48
15479,15648.0,7.837
15480,15649.0,11.72
15481,15650.0,8.988
15482,15651.0,10.737
15483,15652.0,7.314
15484,15653.0,7.085
15485,15654.0,7.355
15486,15655.0,7.877
15487,15656.0,9.309
15488,15657.0,10.096
15489,15658.0,7.395
15490,15659.0,8.359
15491,15660.0,10.296
15492,15661.0,7.004
15493,15662.0,8.707
15494,15663.0,7.246
15495,15664.0,8.038
15496,15665.0,9.751
15497,15666.0,6.642
15498,15667.0,7.004
15499,15668.0,7.435
15500,15669.0,7.596
15501,15670.0,7.165
15502,15671.0,7.435
15503,15672.0,7.716
15504,15673.0,11.84
15505,15674.0,8.199
15506,15675.0,11.017
15507,15676.0,8.359
15508,15677.0,11.44
15509,15678.0,7.877
15510,15679.0,11.68
15511,15680.0,7.435
15512,15681.0,6.964
15513,15682.0,6.964
15514,15683.0,8.359
15515,15684.0,11.017
15516,15685.0,8.199
15517,15686.0,7.716
15518,15687.0,9.028
15519,15688.0,10.336
15520,15689.0,7.205
15521,15690.0,9.895
15522,15691.0,7.366
15523,15692.0,8.641
15524,15693.0,8.908
15525,15694.0,6.964
15526,15695.0,6.803
15527,15696.0,7.596
15528,15697.0,7.165
15529,15698.0,7.366
15530,15699.0,7.395
15531,15700.0,7.286
15532,15701.0,11.32
15533,15702.0,8.319
15534,15703.0,9.71
15535,15704.0,9.55
15536,15705.0,10.657
15537,15706.0,9.068
15538,15707.0,11.12
15539,15708.0,8.279
15540,15709.0,7.246
15541,15710.0,7.395
15542,15711.0,10.416
15543,15712.0,8.828
15544,15713.0,7.596
15545,15714.0,8.747
15546,15715.0,10.697
15547,15716.0,7.355
15548,15717.0,7.917
15549,15718.0,9.71
15550,15719.0,7.757
15551,15720.0,9.67
15552,15721.0,7.326
15553,15722.0,7.757
15554,15723.0,6.682
15555,15724.0,7.004
15556,15725.0,7.205
15557,15726.0,7.435
15558,15727.0,7.515
15559,15728.0,7.837
15560,15729.0,10.416
15561,15730.0,9.269
15562,15731.0,7.475
15563,15732.0,11.76
15564,15734.0,9.068
15565,15735.0,10.737
15566,15736.0,10.096
15567,15737.0,9.389
15568,15738.0,7.326
15569,15739.0,7.205
15570,15740.0,9.349
15571,15741.0,7.435
15572,15742.0,8.4
15573,15743.0,11.057
15574,15744.0,8.239
15575,15745.0,7.757
15576,15746.0,8.988
15577,15747.0,7.085
15578,15748.0,8.199
15579,15749.0,7.246
15580,15750.0,7.596
15581,15751.0,8.707
15582,15752.0,6.36
15583,15753.0,6.924
15584,15754.0,7.435
15585,15755.0,7.636
15586,15756.0,7.205
15587,15757.0,7.407
15588,15758.0,7.355
15589,15759.0,11.8
15590,15760.0,7.877
15591,15761.0,10.857
15592,15762.0,8.587
15593,15763.0,11.36
15594,15764.0,7.958
15595,15765.0,11.6
15596,15766.0,7.556
15597,15767.0,7.004
15598,15768.0,7.044
15599,15769.0,8.627
15600,15770.0,10.817
15601,15771.0,7.475
15602,15772.0,7.917
15603,15773.0,9.389
15604,15774.0,9.935
15605,15775.0,7.274
15606,15776.0,10.376
15607,15777.0,7.475
15608,15778.0,8.868
15609,15779.0,8.4
15610,15780.0,7.154
15611,15781.0,6.843
15612,15782.0,7.596
15613,15783.0,7.165
15614,15784.0,7.475
15615,15785.0,7.395
15616,15786.0,7.286
15617,15787.0,11.36
15618,15788.0,8.279
15619,15789.0,9.815
15620,15790.0,9.43
15621,15791.0,10.737
15622,15792.0,8.948
15623,15793.0,11.2
15624,15794.0,8.199
15625,15795.0,7.246
15626,15796.0,7.407
15627,15797.0,10.216
15628,15798.0,9.028
15629,15799.0,7.515
15630,15800.0,8.627
15631,15801.0,10.817
15632,15802.0,7.596
15633,15803.0,7.837
15634,15804.0,9.855
15635,15805.0,7.716
15636,15806.0,9.871
15637,15807.0,7.286
15638,15808.0,7.676
15639,15809.0,6.642
15640,15810.0,7.004
15641,15811.0,7.205
15642,15812.0,7.435
15643,15813.0,7.515
15644,15814.0,7.877
15645,15815.0,10.336
15646,15816.0,9.389
15647,15817.0,7.475
15648,15818.0,11.76
15649,15819.0,8.868
15650,15820.0,10.897
15651,15821.0,9.975
15652,15822.0,9.47
15653,15823.0,7.314
15654,15824.0,7.125
15655,15825.0,9.149
15656,15827.0,7.435
15657,15828.0,8.467
15658,15829.0,10.977
15659,15830.0,7.958
15660,15831.0,7.757
15661,15832.0,9.149
15662,15833.0,7.044
15663,15834.0,8.279
15664,15835.0,7.246
15665,15836.0,7.636
15666,15837.0,8.828
15667,15838.0,6.44
15668,15839.0,6.924
15669,15840.0,7.435
15670,15841.0,7.475
15671,15842.0,7.515
15672,15843.0,7.355
15673,15844.0,8.078
15674,15845.0,11.84
15675,15846.0,8.118
15676,15847.0,11.12
15677,15848.0,8.239
15678,15849.0,11.52
15679,15850.0,7.877
15680,15851.0,11.72
15681,15852.0,7.395
15682,15853.0,6.964
15683,15854.0,7.004
15684,15855.0,8.507
15685,15856.0,10.737
15686,15857.0,8.547
15687,15858.0,7.676
15688,15859.0,8.828
15689,15860.0,10.576
15690,15861.0,7.154
15691,15862.0,9.71
15692,15863.0,7.326
15693,15864.0,8.52
15694,15865.0,9.269
15695,15866.0,6.924
15696,15867.0,6.803
15697,15868.0,7.636
15698,15869.0,7.246
15699,15870.0,7.395
15700,15871.0,7.435
15701,15872.0,7.355
15702,15873.0,11.28
15703,15874.0,8.44
15704,15875.0,9.51
15705,15876.0,9.855
15706,15877.0,10.496
15707,15878.0,9.068
15708,15879.0,11.04
15709,15880.0,8.44
15710,15881.0,7.246
15711,15882.0,7.395
15712,15883.0,10.777
15713,15884.0,8.52
15714,15885.0,7.676
15715,15886.0,8.948
15716,15887.0,10.496
15717,15888.0,7.395
15718,15889.0,8.078
15719,15890.0,9.43
15720,15891.0,7.797
15721,15892.0,9.389
15722,15893.0,7.286
15723,15894.0,7.877
15724,15895.0,6.199
15725,15896.0,6.924
15726,15897.0,7.435
15727,15898.0,7.435
15728,15899.0,7.998
15729,15900.0,7.314
15730,15901.0,8.319
15731,15902.0,11.88
15732,15903.0,7.998
15733,15904.0,11.16
15734,15905.0,8.118
15735,15906.0,11.52
15736,15907.0,7.797
15737,15908.0,11.8
15738,15909.0,7.355
15739,15910.0,6.924
15740,15911.0,7.044
15741,15912.0,8.359
15742,15913.0,10.456
15743,15914.0,8.828
15744,15915.0,7.556
15745,15916.0,8.707
15746,15917.0,10.737
15747,15918.0,7.125
15748,15919.0,9.47
15749,15921.0,7.274
15750,15922.0,8.359
15751,15923.0,9.51
15752,15924.0,6.872
15753,15925.0,6.924
15754,15926.0,7.556
15755,15927.0,7.234
15756,15928.0,7.435
15757,15929.0,7.395
15758,15930.0,7.234
15759,15931.0,11.48
15760,15932.0,8.158
15761,15933.0,10.096
15762,15934.0,9.109
15763,15935.0,10.897
15764,15936.0,8.707
15765,15937.0,11.28
15766,15938.0,8.078
15767,15939.0,7.246
15768,15940.0,7.326
15769,15941.0,9.815
15770,15942.0,9.47
15771,15943.0,7.475
15772,15944.0,8.44
15773,15945.0,11.017
15774,15946.0,8.199
15775,15947.0,7.716
15776,15948.0,10.176
15777,15949.0,7.676
15778,15950.0,10.096
15779,15951.0,7.326
15780,15952.0,7.556
15781,15953.0,6.078
15782,15954.0,6.883
15783,15955.0,7.435
15784,15956.0,7.636
15785,15957.0,7.165
15786,15958.0,7.515
15787,15959.0,7.355
15788,15960.0,11.8
15789,15961.0,7.837
15790,15962.0,10.937
15791,15963.0,8.507
15792,15964.0,11.4
15793,15965.0,7.917
15794,15966.0,11.68
15795,15967.0,7.515
15796,15968.0,7.085
15797,15969.0,7.044
15798,15970.0,8.587
15799,15971.0,10.857
15800,15972.0,7.636
15801,15973.0,7.877
15802,15974.0,9.349
15803,15975.0,10.056
15804,15976.0,7.314
15805,15977.0,10.256
15806,15978.0,7.475
15807,15979.0,8.828
15808,15980.0,8.52
15809,15981.0,7.113
15810,15982.0,6.883
15811,15983.0,7.596
15812,15984.0,7.205
15813,15985.0,7.355
15814,15986.0,7.395
15815,15987.0,7.274
15816,15988.0,11.32
15817,15989.0,8.319
15818,15990.0,9.71
15819,15991.0,9.51
15820,15992.0,10.657
15821,15993.0,9.028
15822,15994.0,11.12
15823,15995.0,8.239
15824,15996.0,7.246
15825,15997.0,7.395
15826,15998.0,10.416
15827,15999.0,8.828
15828,16000.0,7.556
15829,16001.0,8.707
15830,16002.0,10.697
15831,16003.0,7.355
15832,16004.0,7.917
15833,16005.0,9.67
15834,16006.0,7.716
15835,16007.0,9.63
15836,16008.0,7.314
15837,16009.0,7.757
15838,16010.0,6.642
15839,16011.0,7.004
15840,16012.0,7.205
15841,16014.0,7.435
15842,16015.0,7.515
15843,16016.0,7.837
15844,16017.0,10.376
15845,16018.0,9.269
15846,16019.0,7.435
15847,16020.0,11.72
15848,16021.0,8.988
15849,16022.0,10.737
15850,16023.0,10.056
15851,16024.0,9.349
15852,16025.0,7.274
15853,16026.0,7.165
15854,16027.0,9.349
15855,16028.0,7.475
15856,16029.0,8.4
15857,16030.0,11.04
15858,16031.0,8.239
15859,16032.0,7.757
15860,16033.0,9.028
15861,16034.0,7.125
15862,16035.0,8.199
15863,16036.0,7.286
15864,16037.0,7.596
15865,16038.0,8.707
15866,16039.0,6.4
15867,16040.0,6.964
15868,16041.0,7.395
15869,16042.0,7.435
15870,16043.0,7.958
15871,16044.0,7.314
15872,16045.0,8.359
15873,16046.0,11.88
15874,16047.0,7.998
15875,16048.0,11.16
15876,16049.0,8.118
15877,16050.0,11.56
15878,16051.0,7.797
15879,16052.0,11.76
15880,16053.0,7.314
15881,16054.0,6.924
15882,16055.0,7.004
15883,16056.0,8.359
15884,16057.0,10.416
15885,16058.0,8.908
15886,16059.0,7.556
15887,16060.0,8.667
15888,16061.0,10.737
15889,16062.0,7.125
15890,16063.0,9.51
15891,16064.0,7.326
15892,16065.0,8.359
15893,16066.0,9.55
15894,16067.0,6.883
15895,16068.0,6.924
15896,16069.0,7.596
15897,16070.0,7.165
15898,16071.0,7.475
15899,16072.0,7.395
15900,16073.0,7.286
15901,16074.0,11.4
15902,16075.0,8.279
15903,16076.0,9.791
15904,16077.0,9.47
15905,16078.0,10.697
15906,16079.0,8.948
15907,16080.0,11.16
15908,16081.0,8.199
15909,16082.0,7.246
15910,16083.0,7.395
15911,16084.0,10.256
15912,16085.0,8.988
15913,16086.0,7.556
15914,16087.0,8.667
15915,16088.0,10.817
15916,16089.0,7.515
15917,16090.0,7.877
15918,16091.0,9.791
15919,16092.0,7.716
15920,16093.0,9.791
15921,16094.0,7.326
15922,16095.0,7.716
15923,16096.0,6.44
15924,16097.0,7.004
15925,16098.0,7.355
15926,16099.0,7.515
15927,16100.0,7.556
15928,16101.0,7.355
15929,16102.0,9.855
15930,16103.0,10.056
15931,16104.0,7.515
15932,16106.0,11.6
15933,16107.0,8.038
15934,16108.0,11.8
15935,16109.0,9.43
15936,16110.0,10.216
15937,16111.0,7.314
15938,16112.0,7.125
15939,16113.0,8.199
15940,16114.0,7.716
15941,16115.0,8.948
15942,16116.0,10.496
15943,16117.0,7.355
15944,16118.0,8.078
15945,16119.0,9.791
15946,16120.0,6.924
15947,16121.0,8.44
15948,16122.0,7.205
15949,16123.0,7.837
15950,16124.0,9.309
15951,16125.0,6.561
15952,16126.0,6.924
15953,16127.0,7.435
15954,16128.0,7.636
15955,16129.0,7.165
15956,16130.0,7.475
15957,16131.0,7.366
15958,16132.0,11.72
15959,16133.0,7.837
15960,16134.0,10.857
15961,16135.0,8.547
15962,16136.0,11.32
15963,16137.0,7.958
15964,16138.0,11.6
15965,16139.0,7.515
15966,16140.0,7.004
15967,16141.0,7.044
15968,16142.0,8.627
15969,16143.0,10.817
15970,16144.0,7.515
15971,16145.0,7.877
15972,16146.0,9.349
15973,16147.0,9.975
15974,16148.0,7.274
15975,16149.0,10.376
15976,16150.0,7.475
15977,16151.0,8.868
15978,16152.0,8.4
15979,16153.0,7.125
15980,16154.0,6.561
15981,16155.0,7.044
15982,16156.0,7.205
15983,16157.0,7.435
15984,16158.0,7.515
15985,16159.0,7.837
15986,16160.0,10.416
15987,16161.0,9.229
15988,16162.0,7.435
15989,16163.0,11.72
15990,16164.0,9.068
15991,16165.0,10.657
15992,16166.0,10.096
15993,16167.0,9.309
15994,16168.0,7.274
15995,16169.0,7.165
15996,16170.0,9.389
15997,16171.0,7.435
15998,16172.0,8.359
15999,16173.0,11.017
16000,16174.0,8.279
16001,16175.0,7.716
16002,16176.0,8.988
16003,16177.0,7.085
16004,16178.0,8.199
16005,16179.0,7.286
16006,16180.0,7.596
16007,16181.0,8.707
16008,16182.0,6.4
16009,16183.0,7.004
16010,16184.0,7.435
16011,16185.0,7.475
16012,16186.0,7.837
16013,16187.0,7.355
16014,16188.0,8.239
16015,16189.0,11.88
16016,16190.0,8.038
16017,16191.0,11.12
16018,16192.0,8.158
16019,16193.0,11.52
16020,16194.0,7.837
16021,16195.0,11.76
16022,16196.0,7.355
16023,16197.0,6.924
16024,16198.0,7.004
16025,16199.0,8.4
16026,16201.0,10.536
16027,16202.0,8.747
16028,16203.0,7.596
16029,16204.0,8.747
16030,16205.0,10.657
16031,16206.0,7.125
16032,16207.0,9.55
16033,16208.0,7.326
16034,16209.0,8.4
16035,16210.0,9.43
16036,16211.0,6.883
16037,16212.0,6.843
16038,16213.0,7.596
16039,16214.0,7.194
16040,16215.0,7.355
16041,16216.0,7.395
16042,16217.0,7.274
16043,16218.0,11.32
16044,16219.0,8.319
16045,16220.0,9.71
16046,16221.0,9.59
16047,16222.0,10.616
16048,16223.0,9.068
16049,16224.0,11.12
16050,16225.0,8.279
16051,16226.0,7.246
16052,16227.0,7.395
16053,16228.0,10.416
16054,16229.0,8.788
16055,16230.0,7.596
16056,16231.0,8.747
16057,16232.0,10.697
16058,16233.0,7.395
16059,16234.0,7.958
16060,16235.0,9.67
16061,16236.0,7.757
16062,16237.0,9.63
16063,16238.0,7.314
16064,16239.0,7.757
16065,16240.0,6.642
16066,16241.0,7.165
16067,16242.0,7.234
16068,16243.0,7.475
16069,16244.0,7.395
16070,16245.0,7.917
16071,16246.0,10.376
16072,16247.0,9.47
16073,16248.0,7.435
16074,16249.0,11.72
16075,16250.0,8.788
16076,16251.0,10.977
16077,16252.0,9.935
16078,16253.0,9.55
16079,16254.0,7.274
16080,16255.0,7.165
16081,16256.0,9.068
16082,16257.0,7.475
16083,16258.0,8.507
16084,16259.0,10.937
16085,16260.0,7.877
16086,16261.0,7.797
16087,16262.0,9.189
16088,16263.0,7.044
16089,16264.0,8.279
16090,16265.0,7.246
16091,16266.0,7.676
16092,16267.0,8.868
16093,16268.0,6.44
16094,16269.0,6.924
16095,16270.0,7.435
16096,16271.0,7.515
16097,16272.0,7.125
16098,16273.0,7.395
16099,16274.0,7.676
16100,16275.0,11.8
16101,16276.0,8.239
16102,16277.0,10.977
16103,16278.0,8.359
16104,16279.0,11.44
16105,16280.0,7.877
16106,16281.0,11.68
16107,16282.0,7.435
16108,16283.0,6.964
16109,16284.0,7.004
16110,16285.0,8.4
16111,16286.0,11.017
16112,16287.0,8.118
16113,16288.0,7.757
16114,16289.0,9.068
16115,16290.0,10.336
16116,16291.0,7.194
16117,16292.0,9.975
16118,16294.0,7.395
16119,16295.0,8.667
16120,16296.0,8.908
16121,16297.0,7.044
16122,16298.0,6.803
16123,16299.0,7.676
16124,16300.0,7.234
16125,16301.0,7.395
16126,16302.0,7.395
16127,16303.0,7.355
16128,16304.0,11.28
16129,16305.0,8.44
16130,16306.0,9.43
16131,16307.0,9.935
16132,16308.0,10.496
16133,16309.0,8.948
16134,16310.0,11.017
16135,16311.0,8.467
16136,16312.0,7.366
16137,16313.0,7.286
16138,16314.0,10.857
16139,16315.0,8.359
16140,16316.0,7.676
16141,16317.0,8.988
16142,16318.0,10.456
16143,16319.0,7.435
16144,16320.0,8.078
16145,16321.0,9.349
16146,16322.0,7.837
16147,16323.0,9.349
16148,16324.0,7.274
16149,16325.0,7.917
16150,16326.0,6.36
16151,16327.0,7.044
16152,16328.0,7.435
16153,16329.0,7.475
16154,16330.0,7.917
16155,16331.0,7.355
16156,16332.0,8.707
16157,16333.0,11.8
16158,16334.0,7.917
16159,16335.0,11.28
16160,16336.0,7.998
16161,16337.0,11.6
16162,16338.0,8.078
16163,16339.0,11.76
16164,16340.0,7.274
16165,16341.0,6.883
16166,16342.0,7.044
16167,16343.0,8.199
16168,16344.0,10.056
16169,16345.0,9.309
16170,16346.0,7.475
16171,16347.0,8.467
16172,16348.0,10.977
16173,16349.0,7.085
16174,16350.0,9.189
16175,16351.0,7.246
16176,16352.0,8.199
16177,16353.0,9.895
16178,16354.0,6.803
16179,16355.0,6.924
16180,16356.0,7.475
16181,16357.0,7.676
16182,16358.0,7.205
16183,16359.0,7.355
16184,16360.0,7.355
16185,16361.0,11.72
16186,16362.0,7.837
16187,16363.0,10.857
16188,16364.0,8.587
16189,16365.0,11.32
16190,16366.0,7.998
16191,16367.0,11.6
16192,16368.0,7.556
16193,16369.0,7.044
16194,16370.0,7.044
16195,16371.0,8.627
16196,16372.0,10.777
16197,16373.0,7.475
16198,16374.0,7.917
16199,16375.0,9.43
16200,16376.0,9.935
16201,16377.0,7.274
16202,16378.0,10.376
16203,16379.0,7.475
16204,16380.0,8.868
16205,16381.0,8.4
16206,16383.0,7.125
16207,16384.0,6.803
16208,16385.0,7.676
16209,16386.0,7.246
16210,16387.0,7.407
16211,16388.0,7.395
16212,16389.0,7.395
16213,16390.0,11.2
16214,16391.0,8.48
16215,16392.0,9.349
16216,16393.0,10.016
16217,16394.0,10.416
16218,16395.0,8.948
16219,16396.0,11.017
16220,16397.0,8.507
16221,16398.0,7.246
16222,16399.0,7.286
16223,16400.0,10.937
16224,16401.0,8.239
16225,16402.0,7.716
16226,16403.0,9.068
16227,16404.0,10.376
16228,16405.0,7.435
16229,16406.0,8.118
16230,16407.0,9.229
16231,16408.0,7.797
16232,16409.0,9.229
16233,16410.0,7.326
16234,16411.0,7.958
16235,16412.0,6.44
16236,16413.0,6.964
16237,16414.0,7.515
16238,16415.0,7.515
16239,16416.0,7.797
16240,16417.0,7.286
16241,16418.0,9.068
16242,16419.0,11.24
16243,16420.0,7.797
16244,16421.0,11.36
16245,16422.0,7.877
16246,16423.0,11.68
16247,16424.0,8.52
16248,16425.0,11.36
16249,16426.0,7.234
16250,16427.0,7.004
16251,16428.0,7.085
16252,16429.0,8.078
16253,16430.0,9.751
16254,16431.0,9.63
16255,16432.0,7.435
16256,16433.0,8.4
16257,16434.0,10.857
16258,16435.0,7.044
16259,16436.0,8.988
16260,16437.0,7.205
16261,16438.0,8.078
16262,16439.0,10.056
16263,16440.0,6.722
16264,16441.0,6.843
16265,16442.0,7.515
16266,16443.0,7.917
16267,16444.0,7.355
16268,16445.0,7.395
16269,16446.0,7.205
16270,16447.0,11.6
16271,16448.0,8.078
16272,16449.0,10.336
16273,16450.0,8.948
16274,16451.0,11.017
16275,16452.0,8.467
16276,16453.0,11.4
16277,16454.0,7.917
16278,16455.0,7.205
16279,16456.0,7.205
16280,16457.0,9.43
16281,16458.0,9.895
16282,16459.0,7.395
16283,16460.0,8.44
16284,16461.0,10.496
16285,16462.0,8.788
16286,16463.0,7.596
16287,16464.0,10.576
16288,16465.0,7.716
16289,16466.0,9.71
16290,16467.0,7.286
16291,16468.0,7.435
16292,16469.0,6.682
16293,16470.0,7.757
16294,16471.0,7.475
16295,16472.0,7.395
16296,16473.0,7.475
16297,16475.0,7.676
16298,16476.0,10.657
16299,16477.0,9.028
16300,16478.0,7.877
16301,16479.0,11.72
16302,16480.0,9.51
16303,16481.0,10.096
16304,16482.0,10.376
16305,16483.0,8.948
16306,16484.0,7.286
16307,16485.0,7.246
16308,16486.0,9.895
16309,16487.0,7.435
16310,16488.0,8.319
16311,16489.0,10.376
16312,16490.0,8.948
16313,16491.0,7.556
16314,16492.0,8.627
16315,16493.0,7.085
16316,16494.0,8.078
16317,16495.0,7.246
16318,16496.0,7.475
16319,16497.0,8.4
16320,16498.0,6.561
16321,16499.0,6.924
16322,16500.0,7.475
16323,16501.0,7.475
16324,16502.0,7.757
16325,16503.0,7.246
16326,16504.0,9.028
16327,16505.0,11.2
16328,16506.0,7.797
16329,16507.0,11.36
16330,16508.0,7.917
16331,16509.0,11.64
16332,16510.0,8.44
16333,16511.0,11.4
16334,16512.0,7.234
16335,16513.0,7.004
16336,16514.0,7.085
16337,16515.0,8.038
16338,16516.0,9.791
16339,16517.0,9.55
16340,16518.0,7.395
16341,16519.0,8.359
16342,16520.0,10.897
16343,16521.0,7.044
16344,16522.0,9.028
16345,16523.0,7.205
16346,16524.0,8.118
16347,16525.0,10.056
16348,16526.0,6.722
16349,16527.0,6.883
16350,16528.0,7.556
16351,16529.0,7.998
16352,16530.0,7.355
16353,16531.0,7.395
16354,16532.0,7.205
16355,16533.0,11.56
16356,16534.0,8.078
16357,16535.0,10.376
16358,16536.0,8.948
16359,16537.0,11.04
16360,16538.0,8.467
16361,16539.0,11.4
16362,16540.0,7.877
16363,16541.0,7.165
16364,16542.0,7.205
16365,16543.0,9.47
16366,16544.0,9.895
16367,16545.0,7.395
16368,16546.0,8.467
16369,16547.0,10.496
16370,16548.0,8.788
16371,16549.0,7.596
16372,16550.0,10.576
16373,16551.0,7.716
16374,16552.0,9.751
16375,16553.0,7.286
16376,16554.0,7.475
16377,16555.0,6.642
16378,16556.0,7.314
16379,16557.0,7.165
16380,16558.0,7.435
16381,16559.0,7.515
16382,16560.0,7.797
16383,16561.0,10.536
16384,16562.0,9.109
16385,16563.0,7.475
16386,16564.0,11.8
16387,16565.0,9.229
16388,16566.0,10.456
16389,16568.0,10.216
16390,16569.0,9.189
16391,16570.0,7.326
16392,16571.0,7.165
16393,16572.0,9.59
16394,16573.0,7.395
16395,16574.0,8.52
16396,16575.0,10.697
16397,16576.0,8.56
16398,16577.0,7.636
16399,16578.0,8.828
16400,16579.0,7.044
16401,16580.0,8.158
16402,16581.0,7.246
16403,16582.0,7.556
16404,16583.0,8.547
16405,16584.0,6.481
16406,16585.0,6.924
16407,16586.0,7.407
16408,16587.0,7.355
16409,16588.0,7.917
16410,16589.0,7.286
16411,16590.0,8.667
16412,16591.0,11.72
16413,16592.0,7.917
16414,16593.0,11.24
16415,16594.0,8.038
16416,16595.0,11.6
16417,16596.0,8.038
16418,16597.0,11.76
16419,16598.0,7.274
16420,16599.0,6.883
16421,16600.0,7.044
16422,16601.0,8.199
16423,16602.0,10.136
16424,16603.0,9.149
16425,16604.0,7.515
16426,16605.0,8.547
16427,16606.0,10.897
16428,16607.0,7.085
16429,16608.0,9.269
16430,16609.0,7.246
16431,16610.0,8.239
16432,16611.0,9.791
16433,16612.0,6.803
16434,16613.0,6.803
16435,16614.0,7.596
16436,16615.0,7.165
16437,16616.0,7.475
16438,16617.0,7.395
16439,16618.0,7.274
16440,16619.0,11.36
16441,16620.0,8.279
16442,16621.0,9.855
16443,16622.0,9.43
16444,16623.0,10.737
16445,16624.0,8.948
16446,16625.0,11.2
16447,16626.0,8.239
16448,16627.0,7.286
16449,16628.0,7.407
16450,16629.0,10.216
16451,16630.0,9.068
16452,16631.0,7.515
16453,16632.0,8.667
16454,16633.0,10.857
16455,16634.0,7.676
16456,16635.0,7.837
16457,16636.0,9.855
16458,16637.0,7.716
16459,16638.0,9.911
16460,16639.0,7.286
16461,16640.0,7.797
16462,16641.0,6.964
16463,16642.0,7.636
16464,16643.0,7.194
16465,16644.0,7.395
16466,16645.0,7.395
16467,16646.0,7.274
16468,16647.0,11.28
16469,16648.0,8.319
16470,16649.0,9.63
16471,16650.0,9.67
16472,16651.0,10.576
16473,16652.0,9.149
16474,16653.0,11.12
16475,16654.0,8.359
16476,16655.0,7.246
16477,16656.0,7.435
16478,16657.0,10.576
16479,16658.0,8.627
16480,16659.0,7.636
16481,16661.0,8.828
16482,16662.0,10.576
16483,16663.0,7.355
16484,16664.0,7.998
16485,16665.0,9.51
16486,16666.0,7.757
16487,16667.0,9.47
16488,16668.0,7.274
16489,16669.0,7.837
16490,16670.0,6.561
16491,16671.0,6.964
16492,16672.0,7.274
16493,16673.0,7.435
16494,16674.0,7.435
16495,16675.0,7.958
16496,16676.0,10.096
16497,16677.0,9.71
16498,16678.0,7.435
16499,16679.0,11.64
16500,16680.0,8.48
16501,16681.0,11.44
16502,16682.0,9.71
16503,16683.0,9.815
16504,16684.0,7.355
16505,16685.0,7.165
16506,16686.0,8.667
16507,16687.0,7.556
16508,16688.0,8.747
16509,16689.0,10.737
16510,16690.0,7.395
16511,16691.0,7.917
16512,16692.0,9.47
16513,16693.0,7.004
16514,16694.0,8.4
16515,16695.0,7.246
16516,16696.0,7.757
16517,16697.0,9.028
16518,16698.0,6.521
16519,16699.0,6.924
16520,16700.0,7.475
16521,16701.0,7.515
16522,16702.0,7.274
16523,16703.0,7.395
16524,16704.0,7.877
16525,16705.0,11.84
16526,16706.0,8.199
16527,16707.0,11.04
16528,16708.0,8.319
16529,16709.0,11.48
16530,16710.0,7.917
16531,16711.0,11.72
16532,16712.0,7.435
16533,16713.0,6.964
16534,16714.0,7.004
16535,16715.0,8.359
16536,16716.0,10.977
16537,16717.0,8.319
16538,16718.0,7.757
16539,16719.0,8.988
16540,16720.0,10.416
16541,16721.0,7.205
16542,16722.0,9.831
16543,16723.0,7.355
16544,16724.0,8.587
16545,16725.0,9.068
16546,16726.0,7.004
16547,16727.0,6.883
16548,16728.0,7.596
16549,16729.0,7.246
16550,16730.0,7.515
16551,16731.0,7.435
16552,16732.0,7.326
16553,16733.0,11.4
16554,16734.0,8.319
16555,16735.0,9.791
16556,16736.0,9.47
16557,16737.0,10.697
16558,16738.0,9.028
16559,16739.0,11.2
16560,16740.0,8.239
16561,16741.0,7.246
16562,16742.0,7.395
16563,16743.0,10.336
16564,16744.0,8.908
16565,16745.0,7.596
16566,16746.0,8.747
16567,16747.0,10.777
16568,16748.0,7.395
16569,16749.0,7.917
16570,16750.0,9.71
16571,16751.0,7.757
16572,16752.0,9.751
16573,16754.0,7.314
16574,16755.0,7.716
16575,16756.0,6.682
16576,16757.0,6.964
16577,16758.0,7.205
16578,16759.0,7.435
16579,16760.0,7.515
16580,16761.0,7.837
16581,16762.0,10.416
16582,16763.0,9.269
16583,16764.0,7.475
16584,16765.0,11.72
16585,16766.0,8.988
16586,16767.0,10.777
16587,16768.0,10.056
16588,16769.0,9.389
16589,16770.0,7.314
16590,16771.0,7.125
16591,16772.0,9.269
16592,16773.0,7.435
16593,16774.0,8.426
16594,16775.0,11.017
16595,16776.0,8.078
16596,16777.0,7.757
16597,16778.0,9.109
16598,16779.0,7.044
16599,16780.0,8.279
16600,16781.0,7.246
16601,16782.0,7.636
16602,16783.0,8.747
16603,16784.0,6.36
16604,16785.0,6.883
16605,16786.0,7.556
16606,16787.0,7.958
16607,16788.0,7.355
16608,16789.0,7.395
16609,16790.0,7.205
16610,16791.0,11.6
16611,16792.0,8.078
16612,16793.0,10.416
16613,16794.0,9.189
16614,16795.0,11.08
16615,16796.0,8.44
16616,16797.0,11.4
16617,16798.0,7.837
16618,16799.0,7.165
16619,16800.0,7.205
16620,16801.0,9.349
16621,16802.0,10.016
16622,16803.0,7.395
16623,16804.0,8.359
16624,16805.0,10.376
16625,16806.0,8.908
16626,16807.0,7.556
16627,16808.0,10.616
16628,16809.0,7.716
16629,16810.0,9.59
16630,16811.0,7.326
16631,16812.0,7.355
16632,16813.0,6.682
16633,16814.0,7.716
16634,16815.0,7.475
16635,16816.0,7.395
16636,16817.0,7.475
16637,16818.0,7.676
16638,16819.0,10.657
16639,16820.0,8.948
16640,16821.0,7.757
16641,16822.0,11.76
16642,16823.0,9.43
16643,16824.0,10.136
16644,16825.0,10.336
16645,16826.0,8.988
16646,16827.0,7.286
16647,16828.0,7.165
16648,16829.0,9.831
16649,16830.0,7.395
16650,16831.0,8.4
16651,16832.0,10.456
16652,16833.0,8.828
16653,16834.0,7.596
16654,16835.0,8.707
16655,16836.0,7.085
16656,16837.0,8.118
16657,16838.0,7.246
16658,16839.0,7.515
16659,16840.0,8.48
16660,16841.0,6.32
16661,16842.0,6.924
16662,16843.0,7.515
16663,16844.0,7.636
16664,16845.0,7.205
16665,16846.0,7.515
16666,16848.0,7.395
16667,16849.0,11.76
16668,16850.0,7.877
16669,16851.0,10.897
16670,16852.0,8.547
16671,16853.0,11.36
16672,16854.0,7.958
16673,16855.0,11.64
16674,16856.0,7.556
16675,16857.0,7.004
16676,16858.0,7.044
16677,16859.0,8.587
16678,16860.0,10.857
16679,16861.0,7.556
16680,16862.0,7.917
16681,16863.0,9.349
16682,16864.0,10.016
16683,16865.0,7.326
16684,16866.0,10.336
16685,16867.0,7.475
16686,16868.0,8.908
16687,16869.0,8.44
16688,16870.0,7.165
16689,16871.0,6.32
16690,16872.0,7.004
16691,16873.0,7.314
16692,16874.0,7.475
16693,16875.0,7.556
16694,16876.0,7.165
16695,16877.0,9.71
16696,16878.0,10.256
16697,16879.0,7.556
16698,16880.0,11.52
16699,16881.0,7.797
16700,16882.0,11.76
16701,16883.0,9.229
16702,16884.0,10.416
16703,16885.0,7.314
16704,16886.0,7.085
16705,16887.0,7.837
16706,16888.0,7.757
16707,16889.0,9.149
16708,16890.0,10.336
16709,16891.0,7.395
16710,16892.0,8.158
16711,16893.0,9.975
16712,16894.0,6.964
16713,16895.0,8.547
16714,16896.0,7.205
16715,16897.0,7.958
16716,16898.0,9.47
16717,16899.0,6.561
16718,16900.0,6.964
16719,16901.0,7.515
16720,16902.0,7.998
16721,16903.0,7.314
16722,16904.0,7.395
16723,16905.0,7.165
16724,16906.0,11.6
16725,16907.0,8.078
16726,16908.0,10.336
16727,16909.0,8.988
16728,16910.0,11.057
16729,16911.0,8.44
16730,16912.0,11.4
16731,16913.0,7.877
16732,16914.0,7.165
16733,16915.0,7.205
16734,16916.0,9.43
16735,16917.0,9.935
16736,16918.0,7.395
16737,16919.0,8.44
16738,16920.0,10.456
16739,16921.0,8.828
16740,16922.0,7.556
16741,16923.0,10.576
16742,16924.0,7.716
16743,16925.0,9.67
16744,16926.0,7.286
16745,16927.0,7.395
16746,16928.0,6.682
16747,16929.0,7.757
16748,16930.0,7.475
16749,16931.0,7.435
16750,16932.0,7.475
16751,16933.0,7.716
16752,16934.0,10.657
16753,16935.0,8.988
16754,16936.0,7.797
16755,16937.0,11.76
16756,16938.0,9.47
16757,16940.0,10.136
16758,16941.0,10.376
16759,16942.0,8.988
16760,16943.0,7.286
16761,16944.0,7.205
16762,16945.0,9.871
16763,16946.0,7.435
16764,16947.0,8.359
16765,16948.0,10.416
16766,16949.0,8.908
16767,16950.0,7.596
16768,16951.0,8.627
16769,16952.0,7.165
16770,16953.0,8.078
16771,16954.0,7.286
16772,16955.0,7.475
16773,16956.0,8.44
16774,16957.0,6.4
16775,16958.0,6.964
16776,16959.0,7.475
16777,16960.0,7.435
16778,16961.0,7.958
16779,16962.0,7.326
16780,16963.0,8.587
16781,16964.0,11.88
16782,16965.0,7.958
16783,16966.0,11.24
16784,16967.0,8.038
16785,16968.0,11.56
16786,16969.0,7.917
16787,16970.0,11.76
16788,16971.0,7.314
16789,16972.0,6.924
16790,16973.0,7.044
16791,16974.0,8.279
16792,16975.0,10.256
16793,16976.0,9.028
16794,16977.0,7.515
16795,16978.0,8.587
16796,16979.0,10.817
16797,16980.0,7.085
16798,16981.0,9.349
16799,16982.0,7.286
16800,16983.0,8.319
16801,16984.0,9.71
16802,16985.0,6.883
16803,16986.0,6.883
16804,16987.0,7.556
16805,16988.0,7.797
16806,16989.0,7.395
16807,16990.0,7.395
16808,16991.0,7.205
16809,16992.0,11.56
16810,16993.0,8.078
16811,16994.0,10.296
16812,16995.0,8.868
16813,16996.0,10.977
16814,16997.0,8.52
16815,16998.0,11.4
16816,16999.0,7.917
16817,17000.0,7.246
16818,17001.0,7.246
16819,17002.0,9.51
16820,17003.0,9.831
16821,17004.0,7.395
16822,17005.0,8.467
16823,17006.0,10.657
16824,17007.0,8.627
16825,17008.0,7.596
16826,17009.0,10.456
16827,17010.0,7.676
16828,17011.0,9.791
16829,17012.0,7.286
16830,17013.0,7.435
16831,17014.0,6.601
16832,17015.0,7.125
16833,17016.0,7.205
16834,17017.0,7.435
16835,17018.0,7.515
16836,17019.0,7.837
16837,17020.0,10.416
16838,17021.0,9.189
16839,17022.0,7.435
16840,17023.0,11.76
16841,17024.0,9.109
16842,17025.0,10.616
16843,17026.0,10.136
16844,17027.0,9.309
16845,17028.0,7.314
16846,17029.0,7.205
16847,17030.0,9.43
16848,17031.0,7.435
16849,17033.0,8.4
16850,17034.0,10.937
16851,17035.0,8.359
16852,17036.0,7.676
16853,17037.0,8.948
16854,17038.0,7.044
16855,17039.0,8.199
16856,17040.0,7.246
16857,17041.0,7.596
16858,17042.0,8.627
16859,17043.0,6.36
16860,17044.0,6.964
16861,17045.0,7.435
16862,17046.0,7.475
16863,17047.0,7.917
16864,17048.0,7.355
16865,17049.0,8.279
16866,17050.0,11.88
16867,17051.0,8.038
16868,17052.0,11.12
16869,17053.0,8.158
16870,17054.0,11.52
16871,17055.0,7.837
16872,17056.0,11.72
16873,17057.0,7.355
16874,17058.0,6.924
16875,17059.0,7.004
16876,17060.0,8.386
16877,17061.0,10.576
16878,17062.0,8.707
16879,17063.0,7.636
16880,17064.0,8.747
16881,17065.0,10.616
16882,17066.0,7.165
16883,17067.0,9.59
16884,17068.0,7.314
16885,17069.0,8.44
16886,17070.0,9.389
16887,17071.0,6.883
16888,17072.0,6.883
16889,17073.0,7.556
16890,17074.0,7.314
16891,17075.0,7.435
16892,17076.0,7.435
16893,17077.0,7.234
16894,17078.0,11.48
16895,17079.0,8.199
16896,17080.0,10.136
16897,17081.0,9.109
16898,17082.0,10.857
16899,17083.0,8.667
16900,17084.0,11.32
16901,17085.0,8.078
16902,17086.0,7.286
16903,17087.0,7.314
16904,17088.0,9.815
16905,17089.0,9.51
16906,17090.0,7.435
16907,17091.0,8.44
16908,17092.0,11.017
16909,17093.0,8.239
16910,17094.0,7.716
16911,17095.0,10.216
16912,17096.0,7.676
16913,17097.0,10.096
16914,17098.0,7.286
16915,17099.0,7.676
16916,17100.0,6.601
16917,17101.0,7.004
16918,17102.0,7.234
16919,17103.0,7.475
16920,17104.0,7.435
16921,17105.0,7.998
16922,17106.0,10.056
16923,17107.0,9.815
16924,17108.0,7.435
16925,17109.0,11.52
16926,17110.0,8.078
16927,17111.0,11.76
16928,17112.0,9.269
16929,17113.0,10.336
16930,17114.0,7.314
16931,17115.0,7.044
16932,17116.0,7.596
16933,17117.0,7.837
16934,17118.0,9.349
16935,17119.0,9.975
16936,17120.0,7.395
16937,17121.0,8.386
16938,17122.0,10.616
16939,17123.0,7.004
16940,17125.0,8.948
16941,17126.0,7.205
16942,17127.0,8.118
16943,17128.0,9.935
16944,17129.0,6.803
16945,17130.0,6.924
16946,17131.0,7.515
16947,17132.0,7.837
16948,17133.0,7.274
16949,17134.0,7.355
16950,17135.0,7.165
16951,17136.0,11.6
16952,17137.0,8.038
16953,17138.0,10.336
16954,17139.0,8.988
16955,17140.0,11.017
16956,17141.0,8.467
16957,17142.0,11.36
16958,17143.0,7.958
16959,17144.0,7.246
16960,17145.0,7.286
16961,17146.0,9.855
16962,17147.0,9.389
16963,17148.0,7.435
16964,17149.0,8.507
16965,17150.0,10.857
16966,17151.0,7.757
16967,17152.0,7.837
16968,17153.0,9.935
16969,17154.0,7.716
16970,17155.0,9.935
16971,17156.0,7.286
16972,17157.0,7.676
16973,17158.0,6.642
16974,17159.0,7.004
16975,17160.0,7.205
16976,17161.0,7.435
16977,17162.0,7.515
16978,17163.0,7.877
16979,17164.0,10.416
16980,17165.0,9.309
16981,17166.0,7.435
16982,17167.0,11.76
16983,17168.0,8.988
16984,17169.0,10.777
16985,17170.0,10.056
16986,17171.0,9.43
16987,17172.0,7.274
16988,17173.0,7.205
16989,17174.0,9.269
16990,17175.0,7.475
16991,17176.0,8.44
16992,17177.0,11.017
16993,17178.0,8.118
16994,17179.0,7.716
16995,17180.0,9.068
16996,17181.0,7.044
16997,17182.0,8.239
16998,17183.0,7.246
16999,17184.0,7.636
17000,17185.0,8.747
17001,17186.0,6.4
17002,17187.0,6.924
17003,17188.0,7.435
17004,17189.0,7.515
17005,17190.0,7.314
17006,17191.0,7.395
17007,17192.0,7.877
17008,17193.0,11.84
17009,17194.0,8.158
17010,17195.0,11.057
17011,17196.0,8.319
17012,17197.0,11.48
17013,17198.0,7.877
17014,17199.0,11.72
17015,17200.0,7.435
17016,17201.0,6.964
17017,17202.0,6.964
17018,17203.0,8.359
17019,17204.0,10.977
17020,17205.0,8.319
17021,17206.0,7.716
17022,17207.0,8.988
17023,17208.0,10.416
17024,17209.0,7.194
17025,17210.0,9.855
17026,17211.0,7.355
17027,17212.0,8.587
17028,17213.0,9.068
17029,17214.0,7.004
17030,17215.0,6.843
17031,17216.0,7.596
17032,17217.0,7.165
17033,17219.0,7.515
17034,17220.0,7.395
17035,17221.0,7.274
17036,17222.0,11.36
17037,17223.0,8.279
17038,17224.0,9.791
17039,17225.0,9.47
17040,17226.0,10.697
17041,17227.0,8.988
17042,17228.0,11.16
17043,17229.0,8.239
17044,17230.0,7.246
17045,17231.0,7.407
17046,17232.0,10.296
17047,17233.0,8.988
17048,17234.0,7.556
17049,17235.0,8.667
17050,17236.0,10.777
17051,17237.0,7.515
17052,17238.0,7.917
17053,17239.0,9.775
17054,17240.0,7.716
17055,17241.0,9.791
17056,17242.0,7.286
17057,17243.0,7.757
17058,17244.0,6.4
17059,17245.0,7.044
17060,17246.0,7.515
17061,17247.0,7.515
17062,17248.0,7.797
17063,17249.0,7.246
17064,17250.0,8.988
17065,17251.0,11.28
17066,17252.0,7.797
17067,17253.0,11.32
17068,17254.0,7.917
17069,17255.0,11.64
17070,17256.0,8.4
17071,17257.0,11.52
17072,17258.0,7.234
17073,17259.0,7.044
17074,17260.0,7.044
17075,17261.0,8.078
17076,17262.0,9.815
17077,17263.0,9.51
17078,17264.0,7.435
17079,17265.0,8.359
17080,17266.0,10.977
17081,17267.0,7.044
17082,17268.0,9.068
17083,17269.0,7.246
17084,17270.0,8.118
17085,17271.0,10.016
17086,17272.0,6.763
17087,17273.0,6.843
17088,17274.0,7.556
17089,17275.0,7.676
17090,17276.0,7.366
17091,17277.0,7.395
17092,17278.0,7.205
17093,17279.0,11.56
17094,17280.0,8.118
17095,17281.0,10.256
17096,17282.0,8.948
17097,17283.0,10.977
17098,17284.0,8.547
17099,17285.0,11.36
17100,17286.0,7.958
17101,17287.0,7.205
17102,17288.0,7.246
17103,17289.0,9.55
17104,17290.0,9.791
17105,17291.0,7.395
17106,17292.0,8.507
17107,17293.0,10.697
17108,17294.0,8.601
17109,17295.0,7.636
17110,17296.0,10.416
17111,17297.0,7.636
17112,17298.0,9.871
17113,17299.0,7.286
17114,17300.0,7.475
17115,17301.0,6.722
17116,17302.0,7.676
17117,17303.0,7.435
17118,17304.0,7.435
17119,17305.0,7.475
17120,17306.0,7.636
17121,17307.0,10.777
17122,17308.0,8.948
17123,17309.0,8.078
17124,17310.0,11.52
17125,17312.0,9.67
17126,17313.0,9.895
17127,17314.0,10.496
17128,17315.0,8.988
17129,17316.0,7.286
17130,17317.0,7.246
17131,17318.0,10.056
17132,17319.0,7.435
17133,17320.0,8.279
17134,17321.0,10.216
17135,17322.0,9.149
17136,17323.0,7.515
17137,17324.0,8.507
17138,17325.0,7.395
17139,17326.0,8.038
17140,17327.0,7.395
17141,17328.0,7.435
17142,17329.0,8.359
17143,17330.0,6.561
17144,17331.0,6.964
17145,17332.0,7.435
17146,17333.0,7.475
17147,17334.0,7.716
17148,17335.0,7.205
17149,17336.0,9.269
17150,17337.0,10.897
17151,17338.0,7.716
17152,17339.0,11.4
17153,17340.0,7.877
17154,17341.0,11.68
17155,17342.0,8.707
17156,17343.0,11.04
17157,17344.0,7.355
17158,17345.0,7.044
17159,17346.0,7.085
17160,17347.0,7.917
17161,17348.0,9.55
17162,17349.0,9.815
17163,17350.0,7.395
17164,17351.0,8.44
17165,17352.0,10.576
17166,17353.0,7.004
17167,17354.0,8.828
17168,17355.0,7.165
17169,17356.0,7.998
17170,17357.0,9.911
17171,17358.0,6.682
17172,17359.0,6.843
17173,17360.0,7.556
17174,17361.0,7.395
17175,17362.0,7.395
17176,17363.0,7.395
17177,17364.0,7.205
17178,17365.0,11.52
17179,17366.0,8.118
17180,17367.0,10.176
17181,17368.0,8.988
17182,17369.0,10.937
17183,17370.0,8.627
17184,17371.0,11.36
17185,17372.0,7.998
17186,17373.0,7.205
17187,17374.0,7.286
17188,17375.0,9.67
17189,17376.0,9.67
17190,17377.0,7.395
17191,17378.0,8.44
17192,17379.0,10.857
17193,17380.0,8.4
17194,17381.0,7.676
17195,17382.0,10.336
17196,17383.0,7.636
17197,17384.0,10.016
17198,17385.0,7.286
17199,17386.0,7.515
17200,17387.0,6.078
17201,17388.0,6.924
17202,17389.0,7.435
17203,17390.0,7.475
17204,17391.0,7.998
17205,17392.0,7.366
17206,17393.0,8.4
17207,17394.0,11.92
17208,17395.0,7.998
17209,17396.0,11.2
17210,17397.0,8.158
17211,17398.0,11.52
17212,17399.0,7.837
17213,17400.0,11.76
17214,17401.0,7.355
17215,17402.0,6.964
17216,17403.0,7.044
17217,17405.0,8.359
17218,17406.0,10.416
17219,17407.0,8.868
17220,17408.0,7.556
17221,17409.0,8.667
17222,17410.0,10.737
17223,17411.0,7.125
17224,17412.0,9.47
17225,17413.0,7.286
17226,17414.0,8.359
17227,17415.0,9.55
17228,17416.0,6.883
17229,17417.0,6.843
17230,17418.0,7.556
17231,17419.0,7.165
17232,17420.0,7.435
17233,17421.0,7.395
17234,17422.0,7.205
17235,17423.0,11.44
17236,17424.0,8.158
17237,17425.0,10.056
17238,17426.0,9.149
17239,17427.0,10.897
17240,17428.0,8.707
17241,17429.0,11.28
17242,17430.0,8.038
17243,17431.0,7.286
17244,17432.0,7.326
17245,17433.0,9.855
17246,17434.0,9.47
17247,17435.0,7.435
17248,17436.0,8.44
17249,17437.0,11.017
17250,17438.0,8.158
17251,17439.0,7.757
17252,17440.0,10.176
17253,17441.0,7.676
17254,17442.0,10.096
17255,17443.0,7.286
17256,17444.0,7.556
17257,17445.0,6.44
17258,17446.0,6.964
17259,17447.0,7.286
17260,17448.0,7.435
17261,17449.0,7.475
17262,17450.0,7.676
17263,17451.0,10.016
17264,17452.0,9.855
17265,17453.0,7.475
17266,17454.0,11.64
17267,17455.0,8.279
17268,17456.0,11.64
17269,17457.0,9.63
17270,17458.0,9.975
17271,17459.0,7.314
17272,17460.0,7.165
17273,17461.0,8.48
17274,17462.0,7.636
17275,17463.0,8.788
17276,17464.0,10.657
17277,17465.0,7.355
17278,17466.0,7.998
17279,17467.0,9.55
17280,17468.0,6.964
17281,17469.0,8.4
17282,17470.0,7.246
17283,17471.0,7.757
17284,17472.0,9.189
17285,17473.0,6.481
17286,17474.0,6.964
17287,17475.0,7.475
17288,17476.0,7.716
17289,17477.0,7.205
17290,17478.0,7.366
17291,17479.0,7.286
17292,17480.0,11.76
17293,17481.0,7.877
17294,17482.0,10.817
17295,17483.0,8.667
17296,17484.0,11.32
17297,17485.0,8.038
17298,17486.0,11.6
17299,17487.0,7.556
17300,17488.0,7.044
17301,17489.0,7.044
17302,17490.0,8.707
17303,17491.0,10.737
17304,17492.0,7.355
17305,17493.0,7.917
17306,17494.0,9.47
17307,17496.0,9.895
17308,17497.0,7.314
17309,17498.0,10.496
17310,17499.0,7.475
17311,17500.0,8.948
17312,17501.0,8.239
17313,17502.0,7.113
17314,17503.0,6.763
17315,17504.0,7.636
17316,17505.0,7.274
17317,17506.0,7.355
17318,17507.0,7.395
17319,17508.0,7.395
17320,17509.0,11.12
17321,17510.0,8.507
17322,17511.0,9.189
17323,17512.0,10.216
17324,17513.0,10.336
17325,17514.0,9.028
17326,17515.0,10.937
17327,17516.0,8.627
17328,17517.0,7.246
17329,17518.0,7.246
17330,17519.0,10.897
17331,17520.0,7.917
17332,17521.0,7.837
17333,17522.0,9.229
17334,17523.0,10.176
17335,17524.0,7.435
17336,17525.0,8.239
17337,17526.0,8.908
17338,17527.0,7.837
17339,17528.0,8.908
17340,17529.0,7.314
17341,17530.0,8.078
17342,17531.0,6.521
17343,17532.0,7.004
17344,17533.0,7.314
17345,17534.0,7.515
17346,17535.0,7.556
17347,17536.0,7.355
17348,17537.0,9.895
17349,17538.0,10.056
17350,17539.0,7.515
17351,17540.0,11.6
17352,17541.0,8.038
17353,17542.0,11.8
17354,17543.0,9.43
17355,17544.0,10.176
17356,17545.0,7.314
17357,17546.0,7.125
17358,17547.0,8.199
17359,17548.0,7.716
17360,17549.0,8.908
17361,17550.0,10.536
17362,17551.0,7.355
17363,17552.0,8.118
17364,17553.0,9.735
17365,17554.0,6.964
17366,17555.0,8.44
17367,17556.0,7.246
17368,17557.0,7.837
17369,17558.0,9.269
17370,17559.0,6.521
17371,17560.0,6.803
17372,17561.0,7.556
17373,17562.0,7.165
17374,17563.0,7.435
17375,17564.0,7.515
17376,17565.0,7.234
17377,17566.0,11.48
17378,17567.0,8.199
17379,17568.0,9.975
17380,17569.0,9.269
17381,17570.0,10.817
17382,17571.0,8.788
17383,17572.0,11.24
17384,17573.0,8.118
17385,17574.0,7.246
17386,17575.0,7.314
17387,17576.0,9.975
17388,17577.0,9.309
17389,17578.0,7.475
17390,17579.0,8.507
17391,17580.0,10.977
17392,17581.0,7.917
17393,17582.0,7.797
17394,17583.0,10.056
17395,17584.0,7.716
17396,17585.0,9.975
17397,17586.0,7.286
17398,17587.0,7.596
17399,17589.0,6.601
17400,17590.0,6.964
17401,17591.0,7.205
17402,17592.0,7.435
17403,17593.0,7.515
17404,17594.0,7.877
17405,17595.0,10.376
17406,17596.0,9.309
17407,17597.0,7.475
17408,17598.0,11.72
17409,17599.0,8.908
17410,17600.0,10.817
17411,17601.0,10.016
17412,17602.0,9.43
17413,17603.0,7.274
17414,17604.0,7.165
17415,17605.0,9.229
17416,17606.0,7.475
17417,17607.0,8.467
17418,17608.0,11.057
17419,17609.0,8.118
17420,17610.0,7.797
17421,17611.0,9.068
17422,17612.0,7.085
17423,17613.0,8.239
17424,17614.0,7.286
17425,17615.0,7.596
17426,17616.0,8.788
17427,17617.0,6.44
17428,17618.0,6.964
17429,17619.0,7.435
17430,17620.0,7.556
17431,17621.0,7.274
17432,17622.0,7.435
17433,17623.0,7.837
17434,17624.0,11.88
17435,17625.0,8.199
17436,17626.0,11.097
17437,17627.0,8.319
17438,17628.0,11.48
17439,17629.0,7.877
17440,17630.0,11.68
17441,17631.0,7.435
17442,17632.0,6.964
17443,17633.0,6.964
17444,17634.0,8.319
17445,17635.0,10.977
17446,17636.0,8.319
17447,17637.0,7.716
17448,17638.0,8.988
17449,17639.0,10.416
17450,17640.0,7.234
17451,17641.0,9.855
17452,17642.0,7.355
17453,17643.0,8.547
17454,17644.0,9.028
17455,17645.0,6.964
17456,17646.0,6.843
17457,17647.0,7.596
17458,17648.0,7.205
17459,17649.0,7.355
17460,17650.0,7.395
17461,17651.0,7.314
17462,17652.0,11.32
17463,17653.0,8.359
17464,17654.0,9.63
17465,17655.0,9.67
17466,17656.0,10.576
17467,17657.0,9.149
17468,17658.0,11.12
17469,17659.0,8.319
17470,17660.0,7.246
17471,17661.0,7.435
17472,17662.0,10.536
17473,17663.0,8.707
17474,17664.0,7.636
17475,17665.0,8.788
17476,17666.0,10.657
17477,17667.0,7.395
17478,17668.0,7.958
17479,17669.0,9.63
17480,17670.0,7.757
17481,17671.0,9.59
17482,17672.0,7.326
17483,17673.0,7.797
17484,17674.0,6.159
17485,17675.0,6.964
17486,17676.0,7.435
17487,17677.0,7.435
17488,17678.0,7.958
17489,17679.0,7.355
17490,17680.0,8.44
17491,17682.0,11.92
17492,17683.0,7.958
17493,17684.0,11.24
17494,17685.0,8.118
17495,17686.0,11.6
17496,17687.0,7.797
17497,17688.0,11.8
17498,17689.0,7.314
17499,17690.0,6.964
17500,17691.0,7.004
17501,17692.0,8.359
17502,17693.0,10.336
17503,17694.0,8.988
17504,17695.0,7.556
17505,17696.0,8.667
17506,17697.0,10.777
17507,17698.0,7.085
17508,17699.0,9.43
17509,17700.0,7.286
17510,17701.0,8.319
17511,17702.0,9.63
17512,17703.0,6.843
17513,17704.0,6.843
17514,17705.0,7.556
17515,17706.0,7.194
17516,17707.0,7.395
17517,17708.0,7.395
17518,17709.0,7.194
17519,17710.0,11.48
17520,17711.0,8.158
17521,17712.0,10.136
17522,17713.0,9.109
17523,17714.0,10.897
17524,17715.0,8.707
17525,17716.0,11.28
17526,17717.0,7.998
17527,17718.0,7.246
17528,17719.0,7.286
17529,17720.0,9.791
17530,17721.0,9.51
17531,17722.0,7.395
17532,17723.0,8.359
17533,17724.0,10.977
17534,17725.0,8.279
17535,17726.0,7.676
17536,17727.0,10.256
17537,17728.0,7.676
17538,17729.0,10.016
17539,17730.0,7.286
17540,17731.0,7.515
17541,17732.0,6.642
17542,17733.0,7.355
17543,17734.0,7.165
17544,17735.0,7.395
17545,17736.0,7.475
17546,17737.0,7.757
17547,17738.0,10.496
17548,17739.0,9.068
17549,17740.0,7.435
17550,17741.0,11.76
17551,17742.0,9.229
17552,17743.0,10.416
17553,17744.0,10.216
17554,17745.0,9.149
17555,17746.0,7.286
17556,17747.0,7.205
17557,17748.0,9.59
17558,17749.0,7.435
17559,17750.0,8.507
17560,17751.0,10.737
17561,17752.0,8.547
17562,17753.0,7.636
17563,17754.0,8.828
17564,17755.0,7.085
17565,17756.0,8.158
17566,17757.0,7.286
17567,17758.0,7.556
17568,17759.0,8.601
17569,17760.0,6.36
17570,17761.0,7.004
17571,17762.0,7.435
17572,17763.0,7.475
17573,17764.0,7.958
17574,17765.0,7.355
17575,17766.0,8.279
17576,17767.0,11.92
17577,17768.0,7.998
17578,17769.0,11.16
17579,17770.0,8.118
17580,17771.0,11.52
17581,17772.0,7.837
17582,17773.0,11.72
17583,17775.0,7.355
17584,17776.0,6.924
17585,17777.0,7.004
17586,17778.0,8.4
17587,17779.0,10.536
17588,17780.0,8.747
17589,17781.0,7.596
17590,17782.0,8.747
17591,17783.0,10.657
17592,17784.0,7.125
17593,17785.0,9.55
17594,17786.0,7.326
17595,17787.0,8.4
17596,17788.0,9.389
17597,17789.0,6.883
17598,17790.0,6.843
17599,17791.0,7.556
17600,17792.0,7.165
17601,17793.0,7.435
17602,17794.0,7.395
17603,17795.0,7.246
17604,17796.0,11.44
17605,17797.0,8.158
17606,17798.0,9.975
17607,17799.0,9.189
17608,17800.0,10.817
17609,17801.0,8.747
17610,17802.0,11.24
17611,17803.0,8.078
17612,17804.0,7.246
17613,17805.0,7.326
17614,17806.0,9.895
17615,17807.0,9.349
17616,17808.0,7.435
17617,17809.0,8.48
17618,17810.0,10.977
17619,17811.0,8.038
17620,17812.0,7.757
17621,17813.0,10.096
17622,17814.0,7.676
17623,17815.0,10.016
17624,17816.0,7.286
17625,17817.0,7.556
17626,17818.0,6.36
17627,17819.0,6.964
17628,17820.0,7.395
17629,17821.0,7.475
17630,17822.0,7.636
17631,17823.0,7.205
17632,17824.0,9.51
17633,17825.0,10.536
17634,17826.0,7.636
17635,17827.0,11.48
17636,17828.0,7.837
17637,17829.0,11.72
17638,17830.0,8.988
17639,17831.0,10.697
17640,17832.0,7.314
17641,17833.0,7.085
17642,17834.0,7.435
17643,17835.0,7.837
17644,17836.0,9.309
17645,17837.0,10.136
17646,17838.0,7.395
17647,17839.0,8.319
17648,17840.0,10.216
17649,17841.0,7.004
17650,17842.0,8.667
17651,17843.0,7.246
17652,17844.0,8.038
17653,17845.0,9.71
17654,17846.0,6.601
17655,17847.0,6.843
17656,17848.0,7.556
17657,17849.0,7.194
17658,17850.0,7.475
17659,17851.0,7.395
17660,17852.0,7.234
17661,17853.0,11.36
17662,17854.0,8.239
17663,17855.0,9.855
17664,17856.0,9.389
17665,17857.0,10.737
17666,17858.0,8.908
17667,17859.0,11.2
17668,17860.0,8.158
17669,17861.0,7.286
17670,17862.0,7.366
17671,17863.0,10.136
17672,17864.0,9.109
17673,17865.0,7.515
17674,17866.0,8.587
17675,17868.0,10.857
17676,17869.0,7.676
17677,17870.0,7.837
17678,17871.0,9.895
17679,17872.0,7.716
17680,17873.0,9.911
17681,17874.0,7.326
17682,17875.0,7.636
17683,17876.0,6.481
17684,17877.0,6.964
17685,17878.0,7.274
17686,17879.0,7.475
17687,17880.0,7.475
17688,17881.0,7.716
17689,17882.0,10.016
17690,17883.0,9.815
17691,17884.0,7.435
17692,17885.0,11.6
17693,17886.0,8.319
17694,17887.0,11.6
17695,17888.0,9.59
17696,17889.0,9.935
17697,17890.0,7.314
17698,17891.0,7.125
17699,17892.0,8.52
17700,17893.0,7.596
17701,17894.0,8.747
17702,17895.0,10.697
17703,17896.0,7.355
17704,17897.0,7.998
17705,17898.0,9.51
17706,17899.0,7.004
17707,17900.0,8.4
17708,17901.0,7.246
17709,17902.0,7.757
17710,17903.0,9.149
17711,17904.0,6.521
17712,17905.0,6.964
17713,17906.0,7.475
17714,17907.0,7.716
17715,17908.0,7.205
17716,17909.0,7.395
17717,17910.0,7.165
17718,17911.0,11.76
17719,17912.0,7.877
17720,17913.0,10.777
17721,17914.0,8.707
17722,17915.0,11.32
17723,17916.0,8.038
17724,17917.0,11.6
17725,17918.0,7.596
17726,17919.0,7.085
17727,17920.0,7.085
17728,17921.0,8.788
17729,17922.0,10.616
17730,17923.0,7.435
17731,17924.0,7.998
17732,17925.0,9.59
17733,17926.0,9.751
17734,17927.0,7.355
17735,17928.0,10.576
17736,17929.0,7.556
17737,17930.0,8.988
17738,17931.0,8.118
17739,17932.0,7.154
17740,17933.0,6.722
17741,17934.0,7.716
17742,17935.0,7.355
17743,17936.0,7.395
17744,17937.0,7.435
17745,17938.0,7.515
17746,17939.0,10.977
17747,17940.0,8.707
17748,17941.0,8.667
17749,17942.0,10.817
17750,17943.0,9.975
17751,17944.0,9.43
17752,17945.0,10.697
17753,17946.0,8.908
17754,17947.0,7.286
17755,17948.0,7.246
17756,17949.0,10.496
17757,17950.0,7.355
17758,17951.0,7.998
17759,17952.0,9.63
17760,17953.0,9.751
17761,17954.0,7.395
17762,17955.0,8.48
17763,17956.0,8.279
17764,17957.0,7.917
17765,17958.0,8.279
17766,17959.0,7.355
17767,17961.0,8.118
17768,17962.0,6.44
17769,17963.0,6.964
17770,17964.0,7.395
17771,17965.0,7.515
17772,17966.0,7.676
17773,17967.0,7.205
17774,17968.0,9.349
17775,17969.0,10.817
17776,17970.0,7.676
17777,17971.0,11.44
17778,17972.0,7.877
17779,17973.0,11.76
17780,17974.0,8.828
17781,17975.0,10.96
17782,17976.0,7.355
17783,17977.0,7.085
17784,17978.0,7.085
17785,17979.0,7.958
17786,17980.0,9.51
17787,17981.0,9.935
17788,17982.0,7.395
17789,17983.0,8.44
17790,17984.0,10.496
17791,17985.0,7.044
17792,17986.0,8.828
17793,17987.0,7.246
17794,17988.0,7.958
17795,17989.0,9.895
17796,17990.0,6.642
17797,17991.0,6.964
17798,17992.0,7.515
17799,17993.0,7.917
17800,17994.0,7.286
17801,17995.0,7.395
17802,17996.0,7.205
17803,17997.0,11.68
17804,17998.0,7.998
17805,17999.0,10.536
17806,18000.0,9.028
17807,18001.0,11.12
17808,18002.0,8.279
17809,18003.0,11.48
17810,18004.0,7.757
17811,18005.0,7.125
17812,18006.0,7.165
17813,18007.0,9.149
17814,18008.0,10.216
17815,18009.0,7.395
17816,18010.0,8.239
17817,18011.0,10.096
17818,18012.0,9.189
17819,18013.0,7.475
17820,18014.0,10.777
17821,18015.0,7.636
17822,18016.0,9.43
17823,18017.0,7.286
17824,18018.0,7.314
17825,18019.0,6.763
17826,18020.0,7.636
17827,18021.0,7.395
17828,18022.0,7.395
17829,18023.0,7.475
17830,18024.0,7.556
17831,18025.0,10.897
17832,18026.0,8.828
17833,18027.0,8.4
17834,18028.0,11.08
17835,18029.0,9.815
17836,18030.0,9.63
17837,18031.0,10.616
17838,18032.0,9.109
17839,18033.0,7.286
17840,18034.0,7.246
17841,18035.0,10.256
17842,18036.0,7.395
17843,18037.0,8.118
17844,18038.0,10.336
17845,18039.0,9.47
17846,18040.0,7.435
17847,18041.0,8.467
17848,18042.0,7.837
17849,18043.0,8.038
17850,18044.0,7.797
17851,18045.0,7.395
17852,18046.0,8.319
17853,18047.0,6.521
17854,18048.0,7.004
17855,18049.0,7.395
17856,18050.0,7.515
17857,18051.0,7.716
17858,18052.0,7.205
17859,18054.0,9.55
17860,18055.0,10.536
17861,18056.0,7.596
17862,18057.0,11.52
17863,18058.0,7.837
17864,18059.0,11.76
17865,18060.0,9.028
17866,18061.0,10.737
17867,18062.0,7.355
17868,18063.0,7.085
17869,18064.0,7.435
17870,18065.0,7.877
17871,18066.0,9.309
17872,18067.0,10.096
17873,18068.0,7.395
17874,18069.0,8.279
17875,18070.0,10.256
17876,18071.0,6.964
17877,18072.0,8.707
17878,18073.0,7.205
17879,18074.0,8.038
17880,18075.0,9.71
17881,18076.0,6.642
17882,18077.0,6.924
17883,18078.0,7.475
17884,18079.0,7.676
17885,18080.0,7.205
17886,18081.0,7.395
17887,18082.0,7.355
17888,18083.0,11.76
17889,18084.0,7.837
17890,18085.0,10.857
17891,18086.0,8.587
17892,18087.0,11.32
17893,18088.0,8.4
17894,18089.0,11.64
17895,18090.0,7.556
17896,18091.0,7.004
17897,18092.0,7.044
17898,18093.0,8.627
17899,18094.0,10.817
17900,18095.0,7.475
17901,18096.0,7.958
17902,18097.0,9.43
17903,18098.0,9.935
17904,18099.0,7.395
17905,18100.0,10.416
17906,18101.0,7.515
17907,18102.0,8.908
17908,18103.0,8.319
17909,18104.0,7.194
17910,18105.0,6.843
17911,18106.0,7.636
17912,18107.0,7.205
17913,18108.0,7.395
17914,18109.0,7.435
17915,18110.0,7.395
17916,18111.0,11.36
17917,18112.0,8.359
17918,18113.0,9.67
17919,18114.0,9.63
17920,18115.0,10.616
17921,18116.0,9.109
17922,18117.0,11.16
17923,18118.0,8.359
17924,18119.0,7.286
17925,18120.0,7.475
17926,18121.0,10.456
17927,18122.0,8.788
17928,18123.0,7.596
17929,18124.0,8.868
17930,18125.0,10.657
17931,18126.0,7.395
17932,18127.0,7.958
17933,18128.0,9.59
17934,18129.0,7.757
17935,18130.0,9.55
17936,18131.0,7.274
17937,18132.0,7.797
17938,18133.0,6.561
17939,18134.0,6.964
17940,18135.0,7.246
17941,18136.0,7.435
17942,18137.0,7.435
17943,18138.0,7.998
17944,18139.0,10.136
17945,18140.0,9.63
17946,18141.0,7.435
17947,18142.0,11.64
17948,18143.0,8.52
17949,18144.0,11.32
17950,18145.0,9.751
17951,18147.0,9.735
17952,18148.0,7.314
17953,18149.0,7.125
17954,18150.0,8.707
17955,18151.0,7.556
17956,18152.0,8.667
17957,18153.0,10.737
17958,18154.0,7.395
17959,18155.0,7.917
17960,18156.0,9.43
17961,18157.0,7.004
17962,18158.0,8.4
17963,18159.0,7.246
17964,18160.0,7.797
17965,18161.0,9.028
17966,18162.0,6.481
17967,18163.0,6.883
17968,18164.0,7.475
17969,18165.0,7.676
17970,18166.0,7.234
17971,18167.0,7.475
17972,18168.0,7.355
17973,18169.0,11.76
17974,18170.0,7.877
17975,18171.0,10.897
17976,18172.0,8.587
17977,18173.0,11.32
17978,18174.0,7.998
17979,18175.0,11.6
17980,18176.0,7.556
17981,18177.0,7.004
17982,18178.0,7.044
17983,18179.0,8.627
17984,18180.0,10.817
17985,18181.0,7.435
17986,18182.0,7.917
17987,18183.0,9.389
17988,18184.0,9.935
17989,18185.0,7.274
17990,18186.0,10.416
17991,18187.0,7.475
17992,18188.0,8.948
17993,18189.0,8.319
17994,18190.0,7.154
17995,18191.0,6.803
17996,18192.0,7.676
17997,18193.0,7.246
17998,18194.0,7.395
17999,18195.0,7.395
18000,18196.0,7.395
18001,18197.0,11.2
18002,18198.0,8.48
18003,18199.0,9.389
18004,18200.0,9.975
18005,18201.0,10.416
18006,18202.0,8.908
18007,18203.0,11.017
18008,18204.0,8.507
18009,18205.0,7.246
18010,18206.0,7.246
18011,18207.0,10.977
18012,18208.0,8.118
18013,18209.0,7.757
18014,18210.0,9.068
18015,18211.0,10.336
18016,18212.0,7.355
18017,18213.0,8.158
18018,18214.0,9.068
18019,18215.0,7.797
18020,18216.0,9.068
18021,18217.0,7.326
18022,18218.0,7.998
18023,18219.0,6.521
18024,18220.0,6.964
18025,18221.0,7.314
18026,18222.0,7.435
18027,18223.0,7.556
18028,18224.0,7.205
18029,18225.0,9.815
18030,18226.0,10.136
18031,18227.0,7.556
18032,18228.0,11.56
18033,18229.0,7.998
18034,18230.0,11.8
18035,18231.0,9.389
18036,18232.0,10.296
18037,18233.0,7.355
18038,18234.0,7.125
18039,18235.0,8.038
18040,18236.0,7.716
18041,18237.0,9.028
18042,18238.0,10.376
18043,18239.0,7.435
18044,18241.0,8.118
18045,18242.0,9.895
18046,18243.0,6.924
18047,18244.0,8.52
18048,18245.0,7.205
18049,18246.0,7.917
18050,18247.0,9.43
18051,18248.0,6.601
18052,18249.0,6.924
18053,18250.0,7.515
18054,18251.0,7.757
18055,18252.0,7.246
18056,18253.0,7.366
18057,18254.0,7.125
18058,18255.0,11.72
18059,18256.0,7.958
18060,18257.0,10.697
18061,18258.0,8.828
18062,18259.0,11.24
18063,18260.0,8.158
18064,18261.0,11.52
18065,18262.0,7.676
18066,18263.0,7.085
18067,18264.0,7.125
18068,18265.0,8.908
18069,18266.0,10.536
18070,18267.0,7.395
18071,18268.0,8.118
18072,18269.0,9.791
18073,18270.0,9.59
18074,18271.0,7.395
18075,18272.0,10.857
18076,18273.0,7.556
18077,18274.0,9.189
18078,18275.0,7.676
18079,18276.0,7.234
18080,18277.0,6.763
18081,18278.0,7.716
18082,18279.0,7.355
18083,18280.0,7.395
18084,18281.0,7.435
18085,18282.0,7.515
18086,18283.0,10.977
18087,18284.0,8.707
18088,18285.0,8.667
18089,18286.0,10.817
18090,18287.0,9.975
18091,18288.0,9.43
18092,18289.0,10.737
18093,18290.0,8.948
18094,18291.0,7.286
18095,18292.0,7.205
18096,18293.0,10.496
18097,18294.0,7.355
18098,18295.0,8.038
18099,18296.0,9.63
18100,18297.0,9.71
18101,18298.0,7.355
18102,18299.0,8.507
18103,18300.0,8.199
18104,18301.0,7.958
18105,18302.0,8.158
18106,18303.0,7.355
18107,18304.0,8.158
18108,18305.0,6.481
18109,18306.0,6.964
18110,18307.0,7.475
18111,18308.0,7.475
18112,18309.0,7.797
18113,18310.0,7.246
18114,18311.0,9.028
18115,18312.0,11.2
18116,18313.0,7.797
18117,18314.0,11.36
18118,18315.0,7.877
18119,18316.0,11.68
18120,18317.0,8.48
18121,18318.0,11.44
18122,18319.0,7.246
18123,18320.0,7.004
18124,18321.0,7.085
18125,18322.0,8.078
18126,18323.0,9.815
18127,18324.0,9.55
18128,18325.0,7.435
18129,18326.0,8.359
18130,18327.0,10.937
18131,18328.0,7.004
18132,18329.0,9.068
18133,18330.0,7.246
18134,18331.0,8.118
18135,18332.0,10.016
18136,18334.0,6.763
18137,18335.0,6.763
18138,18336.0,7.676
18139,18337.0,7.234
18140,18338.0,7.395
18141,18339.0,7.435
18142,18340.0,7.435
18143,18341.0,11.24
18144,18342.0,8.44
18145,18343.0,9.47
18146,18344.0,9.895
18147,18345.0,10.496
18148,18346.0,9.028
18149,18347.0,11.04
18150,18348.0,8.507
18151,18349.0,7.314
18152,18350.0,7.355
18153,18351.0,10.857
18154,18352.0,8.359
18155,18353.0,7.716
18156,18354.0,8.988
18157,18355.0,10.456
18158,18356.0,7.395
18159,18357.0,8.118
18160,18358.0,9.269
18161,18359.0,7.797
18162,18360.0,9.269
18163,18361.0,7.326
18164,18362.0,7.958
18165,18363.0,6.561
18166,18364.0,6.964
18167,18365.0,7.274
18168,18366.0,7.435
18169,18367.0,7.515
18170,18368.0,7.556
18171,18369.0,9.975
18172,18370.0,9.855
18173,18371.0,7.475
18174,18372.0,11.6
18175,18373.0,8.279
18176,18374.0,11.68
18177,18375.0,9.59
18178,18376.0,9.975
18179,18377.0,7.314
18180,18378.0,7.125
18181,18379.0,8.44
18182,18380.0,7.636
18183,18381.0,8.828
18184,18382.0,10.616
18185,18383.0,7.395
18186,18384.0,7.998
18187,18385.0,9.67
18188,18386.0,6.883
18189,18387.0,8.44
18190,18388.0,7.205
18191,18389.0,7.797
18192,18390.0,9.189
18193,18391.0,6.521
18194,18392.0,6.883
18195,18393.0,7.475
18196,18394.0,7.676
18197,18395.0,7.205
18198,18396.0,7.407
18199,18397.0,7.355
18200,18398.0,11.76
18201,18399.0,7.877
18202,18400.0,10.857
18203,18401.0,8.667
18204,18402.0,11.32
18205,18403.0,8.038
18206,18404.0,11.6
18207,18405.0,7.636
18208,18406.0,7.044
18209,18407.0,7.085
18210,18408.0,8.667
18211,18409.0,10.737
18212,18410.0,7.355
18213,18411.0,7.998
18214,18412.0,9.51
18215,18413.0,9.855
18216,18414.0,7.314
18217,18415.0,10.536
18218,18416.0,7.515
18219,18417.0,8.988
18220,18418.0,8.239
18221,18419.0,7.194
18222,18420.0,6.682
18223,18421.0,7.716
18224,18422.0,7.435
18225,18423.0,7.395
18226,18424.0,7.475
18227,18425.0,7.596
18228,18426.0,10.777
18229,18428.0,8.908
18230,18429.0,8.118
18231,18430.0,11.48
18232,18431.0,9.67
18233,18432.0,9.855
18234,18433.0,10.496
18235,18434.0,8.988
18236,18435.0,7.326
18237,18436.0,7.205
18238,18437.0,10.096
18239,18438.0,7.395
18240,18439.0,8.239
18241,18440.0,10.176
18242,18441.0,9.189
18243,18442.0,7.475
18244,18443.0,8.547
18245,18444.0,7.395
18246,18445.0,8.038
18247,18446.0,7.395
18248,18447.0,7.435
18249,18448.0,8.319
18250,18449.0,6.44
18251,18450.0,6.964
18252,18451.0,7.435
18253,18452.0,7.355
18254,18453.0,7.917
18255,18454.0,7.274
18256,18455.0,8.667
18257,18456.0,11.72
18258,18457.0,7.917
18259,18458.0,11.24
18260,18459.0,8.038
18261,18460.0,11.6
18262,18461.0,7.998
18263,18462.0,11.8
18264,18463.0,7.314
18265,18464.0,6.924
18266,18465.0,7.125
18267,18466.0,8.279
18268,18467.0,10.176
18269,18468.0,9.149
18270,18469.0,7.515
18271,18470.0,8.547
18272,18471.0,10.937
18273,18472.0,7.125
18274,18473.0,9.309
18275,18474.0,7.286
18276,18475.0,8.279
18277,18476.0,9.791
18278,18477.0,6.843
18279,18478.0,6.803
18280,18479.0,7.636
18281,18480.0,7.205
18282,18481.0,7.395
18283,18482.0,7.395
18284,18483.0,7.314
18285,18484.0,11.32
18286,18485.0,8.359
18287,18486.0,9.67
18288,18487.0,9.67
18289,18488.0,10.616
18290,18489.0,9.149
18291,18490.0,11.12
18292,18491.0,8.359
18293,18492.0,7.246
18294,18493.0,7.475
18295,18494.0,10.496
18296,18495.0,8.747
18297,18496.0,7.596
18298,18497.0,8.788
18299,18498.0,10.697
18300,18499.0,7.355
18301,18500.0,7.958
18302,18501.0,9.59
18303,18502.0,7.757
18304,18503.0,9.55
18305,18504.0,7.314
18306,18505.0,7.797
18307,18506.0,6.601
18308,18507.0,6.964
18309,18508.0,7.234
18310,18509.0,7.435
18311,18510.0,7.435
18312,18511.0,7.998
18313,18512.0,10.136
18314,18513.0,9.655
18315,18514.0,7.435
18316,18515.0,11.6
18317,18516.0,8.467
18318,18517.0,11.36
18319,18518.0,9.71
18320,18520.0,9.815
18321,18521.0,7.314
18322,18522.0,7.125
18323,18523.0,8.627
18324,18524.0,7.556
18325,18525.0,8.707
18326,18526.0,10.737
18327,18527.0,7.395
18328,18528.0,7.917
18329,18529.0,9.47
18330,18530.0,7.004
18331,18531.0,8.4
18332,18532.0,7.246
18333,18533.0,7.757
18334,18534.0,9.028
18335,18535.0,6.481
18336,18536.0,6.924
18337,18537.0,7.515
18338,18538.0,7.716
18339,18539.0,7.234
18340,18540.0,7.395
18341,18541.0,7.314
18342,18542.0,11.76
18343,18543.0,7.917
18344,18544.0,10.777
18345,18545.0,8.707
18346,18546.0,11.32
18347,18547.0,8.038
18348,18548.0,11.6
18349,18549.0,7.636
18350,18550.0,7.085
18351,18551.0,7.125
18352,18552.0,8.747
18353,18553.0,10.697
18354,18554.0,7.395
18355,18555.0,7.998
18356,18556.0,9.55
18357,18557.0,9.815
18358,18558.0,7.355
18359,18559.0,10.616
18360,18560.0,7.515
18361,18561.0,9.028
18362,18562.0,8.158
18363,18563.0,7.154
18364,18564.0,6.722
18365,18565.0,7.596
18366,18566.0,7.395
18367,18567.0,7.395
18368,18568.0,7.435
18369,18569.0,7.515
18370,18570.0,10.937
18371,18571.0,8.788
18372,18572.0,8.48
18373,18573.0,11.0
18374,18574.0,9.855
18375,18575.0,9.55
18376,18576.0,10.657
18377,18577.0,9.068
18378,18578.0,7.274
18379,18579.0,7.205
18380,18580.0,10.376
18381,18581.0,7.395
18382,18582.0,8.118
18383,18583.0,9.815
18384,18584.0,9.51
18385,18585.0,7.435
18386,18586.0,8.359
18387,18587.0,7.917
18388,18588.0,7.958
18389,18589.0,7.917
18390,18590.0,7.395
18391,18591.0,8.199
18392,18592.0,6.481
18393,18593.0,6.964
18394,18594.0,7.475
18395,18595.0,7.475
18396,18596.0,7.757
18397,18597.0,7.246
18398,18598.0,9.189
18399,18599.0,11.0
18400,18600.0,7.757
18401,18601.0,11.36
18402,18602.0,7.877
18403,18603.0,11.68
18404,18604.0,8.627
18405,18605.0,11.16
18406,18606.0,7.314
18407,18607.0,7.004
18408,18608.0,7.085
18409,18609.0,7.998
18410,18610.0,9.63
18411,18611.0,9.751
18412,18613.0,7.395
18413,18614.0,8.507
18414,18615.0,10.777
18415,18616.0,7.004
18416,18617.0,8.948
18417,18618.0,7.205
18418,18619.0,8.078
18419,18620.0,10.016
18420,18621.0,6.722
18421,18622.0,6.883
18422,18623.0,7.556
18423,18624.0,7.676
18424,18625.0,7.395
18425,18626.0,7.395
18426,18627.0,7.205
18427,18628.0,11.52
18428,18629.0,8.118
18429,18630.0,10.256
18430,18631.0,8.988
18431,18632.0,11.017
18432,18633.0,8.587
18433,18634.0,11.36
18434,18635.0,7.958
18435,18636.0,7.205
18436,18637.0,7.246
18437,18638.0,9.63
18438,18639.0,9.751
18439,18640.0,7.395
18440,18641.0,8.507
18441,18642.0,10.777
18442,18643.0,8.48
18443,18644.0,7.676
18444,18645.0,10.376
18445,18646.0,7.676
18446,18647.0,9.895
18447,18648.0,7.326
18448,18649.0,7.475
18449,18650.0,6.682
18450,18651.0,7.515
18451,18652.0,7.274
18452,18653.0,7.395
18453,18654.0,7.475
18454,18655.0,7.716
18455,18656.0,10.576
18456,18657.0,8.988
18457,18658.0,7.556
18458,18659.0,11.76
18459,18660.0,9.309
18460,18661.0,10.296
18461,18662.0,10.256
18462,18663.0,9.068
18463,18664.0,7.314
18464,18665.0,7.165
18465,18666.0,9.71
18466,18667.0,7.395
18467,18668.0,8.467
18468,18669.0,10.657
18469,18670.0,8.667
18470,18671.0,7.596
18471,18672.0,8.788
18472,18673.0,7.044
18473,18674.0,8.158
18474,18675.0,7.246
18475,18676.0,7.556
18476,18677.0,8.547
18477,18678.0,6.4
18478,18679.0,6.924
18479,18680.0,7.515
18480,18681.0,7.797
18481,18682.0,7.274
18482,18683.0,7.395
18483,18684.0,7.165
18484,18685.0,11.68
18485,18686.0,7.958
18486,18687.0,10.657
18487,18688.0,8.868
18488,18689.0,11.2
18489,18690.0,8.199
18490,18691.0,11.52
18491,18692.0,7.716
18492,18693.0,7.085
18493,18694.0,7.165
18494,18695.0,8.988
18495,18696.0,10.456
18496,18697.0,7.395
18497,18698.0,8.158
18498,18699.0,9.895
18499,18700.0,9.51
18500,18701.0,7.395
18501,18702.0,10.897
18502,18703.0,7.596
18503,18704.0,9.269
18504,18706.0,7.636
18505,18707.0,7.234
18506,18708.0,6.803
18507,18709.0,7.716
18508,18710.0,7.355
18509,18711.0,7.395
18510,18712.0,7.435
18511,18713.0,7.475
18512,18714.0,11.04
18513,18715.0,8.667
18514,18716.0,8.828
18515,18717.0,10.616
18516,18718.0,10.096
18517,18719.0,9.309
18518,18720.0,10.817
18519,18721.0,8.828
18520,18722.0,7.286
18521,18723.0,7.205
18522,18724.0,10.616
18523,18725.0,7.355
18524,18726.0,7.958
18525,18727.0,9.51
18526,18728.0,9.855
18527,18729.0,7.395
18528,18730.0,8.44
18529,18731.0,8.4
18530,18732.0,7.917
18531,18733.0,8.4
18532,18734.0,7.314
18533,18735.0,8.038
18534,18736.0,6.481
18535,18737.0,6.924
18536,18738.0,7.435
18537,18739.0,7.475
18538,18740.0,7.716
18539,18741.0,7.205
18540,18742.0,9.269
18541,18743.0,10.897
18542,18744.0,7.757
18543,18745.0,11.44
18544,18746.0,7.877
18545,18747.0,11.68
18546,18748.0,8.707
18547,18749.0,11.08
18548,18750.0,7.395
18549,18751.0,7.004
18550,18752.0,7.085
18551,18753.0,7.958
18552,18754.0,9.59
18553,18755.0,9.831
18554,18756.0,7.435
18555,18757.0,8.48
18556,18758.0,10.657
18557,18759.0,7.004
18558,18760.0,8.908
18559,18761.0,7.205
18560,18762.0,8.038
18561,18763.0,9.975
18562,18764.0,6.722
18563,18765.0,7.004
18564,18766.0,7.596
18565,18767.0,7.596
18566,18768.0,7.395
18567,18769.0,7.435
18568,18770.0,7.246
18569,18771.0,11.56
18570,18772.0,8.158
18571,18773.0,10.256
18572,18774.0,8.988
18573,18775.0,10.977
18574,18776.0,8.587
18575,18777.0,11.36
18576,18778.0,7.998
18577,18779.0,7.246
18578,18780.0,7.326
18579,18781.0,9.63
18580,18782.0,9.71
18581,18783.0,7.395
18582,18784.0,8.547
18583,18785.0,10.777
18584,18786.0,8.48
18585,18787.0,7.636
18586,18788.0,10.336
18587,18789.0,7.636
18588,18790.0,9.871
18589,18791.0,7.326
18590,18792.0,7.515
18591,18793.0,6.682
18592,18794.0,7.676
18593,18795.0,7.395
18594,18796.0,7.395
18595,18797.0,7.475
18596,18798.0,7.676
18597,18800.0,10.657
18598,18801.0,8.908
18599,18802.0,7.676
18600,18803.0,11.76
18601,18804.0,9.389
18602,18805.0,10.216
18603,18806.0,10.336
18604,18807.0,9.028
18605,18808.0,7.326
18606,18809.0,7.205
18607,18810.0,9.791
18608,18811.0,7.395
18609,18812.0,8.44
18610,18813.0,10.536
18611,18814.0,8.747
18612,18815.0,7.596
18613,18816.0,8.747
18614,18817.0,7.085
18615,18818.0,8.118
18616,18819.0,7.246
18617,18820.0,7.515
18618,18821.0,8.52
18619,18822.0,6.36
18620,18823.0,6.924
18621,18824.0,7.475
18622,18825.0,7.556
18623,18826.0,7.205
18624,18827.0,7.475
18625,18828.0,7.636
18626,18829.0,11.84
18627,18830.0,8.158
18628,18831.0,11.017
18629,18832.0,8.44
18630,18833.0,11.44
18631,18834.0,7.877
18632,18835.0,11.68
18633,18836.0,7.475
18634,18837.0,6.964
18635,18838.0,7.004
18636,18839.0,8.44
18637,18840.0,11.017
18638,18841.0,7.998
18639,18842.0,7.797
18640,18843.0,9.109
18641,18844.0,10.256
18642,18845.0,7.234
18643,18846.0,10.056
18644,18847.0,7.395
18645,18848.0,8.707
18646,18849.0,8.868
18647,18850.0,7.085
18648,18851.0,6.682
18649,18852.0,7.636
18650,18853.0,7.355
18651,18854.0,7.435
18652,18855.0,7.435
18653,18856.0,7.596
18654,18857.0,10.897
18655,18858.0,8.828
18656,18859.0,8.44
18657,18860.0,11.12
18658,18861.0,9.855
18659,18862.0,9.63
18660,18863.0,10.616
18661,18864.0,9.109
18662,18865.0,7.286
18663,18866.0,7.205
18664,18867.0,10.296
18665,18868.0,7.355
18666,18869.0,8.118
18667,18870.0,9.895
18668,18871.0,9.43
18669,18872.0,7.395
18670,18873.0,8.4
18671,18874.0,7.797
18672,18875.0,7.998
18673,18876.0,7.757
18674,18877.0,7.395
18675,18878.0,8.239
18676,18879.0,6.279
18677,18880.0,6.843
18678,18881.0,7.515
18679,18882.0,7.636
18680,18883.0,7.355
18681,18884.0,7.395
18682,18885.0,7.205
18683,18886.0,11.52
18684,18887.0,8.078
18685,18888.0,10.256
18686,18889.0,8.908
18687,18890.0,10.96
18688,18891.0,8.547
18689,18893.0,11.36
18690,18894.0,7.958
18691,18895.0,7.246
18692,18896.0,7.286
18693,18897.0,9.63
18694,18898.0,9.751
18695,18899.0,7.355
18696,18900.0,8.547
18697,18901.0,10.737
18698,18902.0,8.507
18699,18903.0,7.636
18700,18904.0,10.376
18701,18905.0,7.636
18702,18906.0,9.855
18703,18907.0,7.326
18704,18908.0,7.475
18705,18909.0,6.722
18706,18910.0,7.676
18707,18911.0,7.435
18708,18912.0,7.435
18709,18913.0,7.475
18710,18914.0,7.636
18711,18915.0,10.777
18712,18916.0,8.988
18713,18917.0,8.078
18714,18918.0,11.52
18715,18919.0,9.63
18716,18920.0,9.895
18717,18921.0,10.456
18718,18922.0,8.988
18719,18923.0,7.286
18720,18924.0,7.246
18721,18925.0,10.016
18722,18926.0,7.435
18723,18927.0,8.279
18724,18928.0,10.256
18725,18929.0,9.109
18726,18930.0,7.556
18727,18931.0,8.547
18728,18932.0,7.314
18729,18933.0,8.038
18730,18934.0,7.286
18731,18935.0,7.435
18732,18936.0,8.359
18733,18937.0,6.32
18734,18938.0,6.924
18735,18939.0,7.435
18736,18940.0,7.395
18737,18941.0,7.958
18738,18942.0,7.314
18739,18943.0,8.52
18740,18944.0,11.84
18741,18945.0,7.958
18742,18946.0,11.2
18743,18947.0,8.078
18744,18948.0,11.52
18745,18949.0,7.877
18746,18950.0,11.76
18747,18951.0,7.355
18748,18952.0,6.924
18749,18953.0,7.004
18750,18954.0,8.319
18751,18955.0,10.336
18752,18956.0,8.948
18753,18957.0,7.556
18754,18958.0,8.627
18755,18959.0,10.777
18756,18960.0,7.085
18757,18961.0,9.43
18758,18962.0,7.286
18759,18963.0,8.319
18760,18964.0,9.59
18761,18965.0,6.883
18762,18966.0,6.843
18763,18967.0,7.596
18764,18968.0,7.165
18765,18969.0,7.475
18766,18970.0,7.395
18767,18971.0,7.274
18768,18972.0,11.32
18769,18973.0,8.279
18770,18974.0,9.751
18771,18975.0,9.51
18772,18976.0,10.657
18773,18977.0,8.988
18774,18978.0,11.16
18775,18979.0,8.239
18776,18980.0,7.246
18777,18981.0,7.395
18778,18982.0,10.336
18779,18983.0,8.908
18780,18984.0,7.556
18781,18985.0,8.707
18782,18987.0,10.737
18783,18988.0,7.395
18784,18989.0,7.877
18785,18990.0,9.751
18786,18991.0,7.757
18787,18992.0,9.751
18788,18993.0,7.286
18789,18994.0,7.757
18790,18995.0,6.642
18791,18996.0,7.004
18792,18997.0,7.205
18793,18998.0,7.475
18794,18999.0,7.515
18795,19000.0,7.877
18796,19001.0,10.376
18797,19002.0,9.349
18798,19003.0,7.435
18799,19004.0,11.72
18800,19005.0,8.948
18801,19006.0,10.817
18802,19007.0,10.016
18803,19008.0,9.389
18804,19009.0,7.314
18805,19010.0,7.165
18806,19011.0,9.269
18807,19012.0,7.435
18808,19013.0,8.4
18809,19014.0,11.017
18810,19015.0,8.158
18811,19016.0,7.716
18812,19017.0,9.028
18813,19018.0,7.044
18814,19019.0,8.199
18815,19020.0,7.246
18816,19021.0,7.596
18817,19022.0,8.707
18818,19023.0,6.4
18819,19024.0,6.924
18820,19025.0,7.435
18821,19026.0,7.435
18822,19027.0,7.716
18823,19028.0,7.355
18824,19029.0,8.199
18825,19030.0,11.84
18826,19031.0,8.078
18827,19032.0,11.08
18828,19033.0,8.199
18829,19034.0,11.48
18830,19035.0,7.837
18831,19036.0,11.72
18832,19037.0,7.355
18833,19038.0,6.924
18834,19039.0,7.004
18835,19040.0,8.44
18836,19041.0,10.616
18837,19042.0,8.667
18838,19043.0,7.636
18839,19044.0,8.788
18840,19045.0,10.616
18841,19046.0,7.165
18842,19047.0,9.63
18843,19048.0,7.326
18844,19049.0,8.44
18845,19050.0,9.349
18846,19051.0,6.924
18847,19052.0,6.843
18848,19053.0,7.596
18849,19054.0,7.205
18850,19055.0,7.515
18851,19056.0,7.435
18852,19057.0,7.314
18853,19058.0,11.36
18854,19059.0,8.319
18855,19060.0,9.791
18856,19061.0,9.51
18857,19062.0,10.697
18858,19063.0,9.028
18859,19064.0,11.16
18860,19065.0,8.279
18861,19066.0,7.286
18862,19067.0,7.435
18863,19068.0,10.336
18864,19069.0,8.948
18865,19070.0,7.556
18866,19071.0,8.707
18867,19072.0,10.737
18868,19073.0,7.435
18869,19074.0,7.917
18870,19075.0,9.751
18871,19076.0,7.757
18872,19077.0,9.751
18873,19079.0,7.286
18874,19080.0,7.757
18875,19081.0,6.521
18876,19082.0,6.964
18877,19083.0,7.314
18878,19084.0,7.435
18879,19085.0,7.515
18880,19086.0,7.395
18881,19087.0,9.895
18882,19088.0,9.935
18883,19089.0,7.475
18884,19090.0,11.52
18885,19091.0,8.118
18886,19092.0,11.76
18887,19093.0,9.47
18888,19094.0,10.096
18889,19095.0,7.314
18890,19096.0,7.085
18891,19097.0,8.239
18892,19098.0,7.636
18893,19099.0,8.948
18894,19100.0,10.496
18895,19101.0,7.355
18896,19102.0,8.038
18897,19103.0,9.751
18898,19104.0,6.924
18899,19105.0,8.44
18900,19106.0,7.246
18901,19107.0,7.837
18902,19108.0,9.269
18903,19109.0,6.561
18904,19110.0,6.924
18905,19111.0,7.435
18906,19112.0,7.556
18907,19113.0,7.165
18908,19114.0,7.435
18909,19115.0,7.475
18910,19116.0,11.76
18911,19117.0,7.917
18912,19118.0,10.937
18913,19119.0,8.467
18914,19120.0,11.4
18915,19121.0,7.877
18916,19122.0,11.64
18917,19123.0,7.475
18918,19124.0,7.004
18919,19125.0,7.004
18920,19126.0,8.48
18921,19127.0,10.977
18922,19128.0,7.877
18923,19129.0,7.837
18924,19130.0,9.189
18925,19131.0,10.216
18926,19132.0,7.234
18927,19133.0,10.136
18928,19134.0,7.395
18929,19135.0,8.747
18930,19136.0,8.667
18931,19137.0,7.085
18932,19138.0,6.763
18933,19139.0,7.716
18934,19140.0,7.274
18935,19141.0,7.395
18936,19142.0,7.435
18937,19143.0,7.435
18938,19144.0,11.16
18939,19145.0,8.547
18940,19146.0,9.149
18941,19147.0,10.256
18942,19148.0,10.296
18943,19149.0,9.028
18944,19150.0,10.937
18945,19151.0,8.627
18946,19152.0,7.286
18947,19153.0,7.246
18948,19154.0,10.857
18949,19155.0,7.797
18950,19156.0,7.837
18951,19157.0,9.229
18952,19158.0,10.136
18953,19159.0,7.355
18954,19160.0,8.239
18955,19161.0,8.868
18956,19162.0,7.837
18957,19163.0,8.868
18958,19164.0,7.314
18959,19165.0,8.038
18960,19166.0,6.521
18961,19167.0,6.964
18962,19168.0,7.355
18963,19169.0,7.475
18964,19170.0,7.596
18965,19172.0,7.165
18966,19173.0,9.63
18967,19174.0,10.336
18968,19175.0,7.596
18969,19176.0,11.48
18970,19177.0,7.837
18971,19178.0,11.76
18972,19179.0,9.189
18973,19180.0,10.536
18974,19181.0,7.355
18975,19182.0,7.085
18976,19183.0,7.757
18977,19184.0,7.797
18978,19185.0,9.189
18979,19186.0,10.256
18980,19187.0,7.435
18981,19188.0,8.239
18982,19189.0,10.096
18983,19190.0,6.964
18984,19191.0,8.627
18985,19192.0,7.205
18986,19193.0,7.958
18987,19194.0,9.55
18988,19195.0,6.642
18989,19196.0,6.883
18990,19197.0,7.515
18991,19198.0,7.757
18992,19199.0,7.286
18993,19200.0,7.355
18994,19201.0,7.125
18995,19202.0,11.72
18996,19203.0,7.958
18997,19204.0,10.697
18998,19205.0,8.868
18999,19206.0,11.24
19000,19207.0,8.158
19001,19208.0,11.56
19002,19209.0,7.676
19003,19210.0,7.085
19004,19211.0,7.125
19005,19212.0,8.868
19006,19213.0,10.536
19007,19214.0,7.395
19008,19215.0,8.118
19009,19216.0,9.735
19010,19217.0,9.63
19011,19218.0,7.395
19012,19219.0,10.817
19013,19220.0,7.556
19014,19221.0,9.109
19015,19222.0,7.837
19016,19223.0,7.194
19017,19224.0,6.722
19018,19225.0,7.716
19019,19226.0,7.355
19020,19227.0,7.355
19021,19228.0,7.435
19022,19229.0,7.515
19023,19230.0,10.977
19024,19231.0,8.707
19025,19232.0,8.667
19026,19233.0,10.777
19027,19234.0,10.016
19028,19235.0,9.43
19029,19236.0,10.737
19030,19237.0,8.908
19031,19238.0,7.286
19032,19239.0,7.205
19033,19240.0,10.496
19034,19241.0,7.355
19035,19242.0,8.038
19036,19243.0,9.67
19037,19244.0,9.71
19038,19245.0,7.355
19039,19246.0,8.507
19040,19247.0,8.199
19041,19248.0,7.917
19042,19249.0,8.199
19043,19250.0,7.355
19044,19251.0,8.118
19045,19252.0,6.521
19046,19253.0,6.964
19047,19254.0,7.395
19048,19255.0,7.475
19049,19256.0,7.636
19050,19257.0,7.165
19051,19258.0,9.55
19052,19259.0,10.536
19053,19260.0,7.636
19054,19261.0,11.48
19055,19262.0,7.837
19056,19263.0,11.76
19057,19265.0,9.068
19058,19266.0,10.697
19059,19267.0,7.355
19060,19268.0,7.044
19061,19269.0,7.435
19062,19270.0,7.837
19063,19271.0,9.309
19064,19272.0,10.096
19065,19273.0,7.435
19066,19274.0,8.279
19067,19275.0,10.296
19068,19276.0,6.964
19069,19277.0,8.707
19070,19278.0,7.205
19071,19279.0,8.038
19072,19280.0,9.71
19073,19281.0,6.642
19074,19282.0,6.883
19075,19283.0,7.515
19076,19284.0,7.877
19077,19285.0,7.326
19078,19286.0,7.366
19079,19287.0,7.165
19080,19288.0,11.64
19081,19289.0,8.038
19082,19290.0,10.576
19083,19291.0,9.068
19084,19292.0,11.16
19085,19293.0,8.279
19086,19294.0,11.48
19087,19295.0,7.757
19088,19296.0,7.125
19089,19297.0,7.165
19090,19298.0,9.229
19091,19299.0,10.176
19092,19300.0,7.395
19093,19301.0,8.279
19094,19302.0,10.176
19095,19303.0,9.109
19096,19304.0,7.515
19097,19305.0,10.737
19098,19306.0,7.716
19099,19307.0,9.47
19100,19308.0,7.326
19101,19309.0,7.355
19102,19310.0,6.763
19103,19311.0,7.596
19104,19312.0,7.395
19105,19313.0,7.355
19106,19314.0,7.435
19107,19315.0,7.515
19108,19316.0,10.897
19109,19317.0,8.788
19110,19318.0,8.4
19111,19319.0,11.12
19112,19320.0,9.815
19113,19321.0,9.63
19114,19322.0,10.616
19115,19323.0,9.109
19116,19324.0,7.326
19117,19325.0,7.205
19118,19326.0,10.296
19119,19327.0,7.355
19120,19328.0,8.158
19121,19329.0,9.895
19122,19330.0,9.47
19123,19331.0,7.435
19124,19332.0,8.44
19125,19333.0,7.797
19126,19334.0,7.998
19127,19335.0,7.797
19128,19336.0,7.395
19129,19337.0,8.199
19130,19338.0,6.4
19131,19339.0,6.964
19132,19340.0,7.435
19133,19341.0,7.435
19134,19342.0,7.998
19135,19343.0,7.326
19136,19344.0,8.158
19137,19345.0,11.8
19138,19346.0,8.118
19139,19347.0,11.08
19140,19348.0,8.319
19141,19349.0,11.48
19142,19350.0,7.877
19143,19351.0,11.64
19144,19352.0,7.515
19145,19353.0,7.004
19146,19354.0,7.044
19147,19355.0,8.547
19148,19356.0,10.817
19149,19358.0,7.395
19150,19359.0,7.998
19151,19360.0,9.59
19152,19361.0,9.71
19153,19362.0,7.395
19154,19363.0,10.897
19155,19364.0,7.556
19156,19365.0,9.269
19157,19366.0,7.395
19158,19367.0,7.274
19159,19368.0,6.682
19160,19369.0,7.676
19161,19370.0,7.475
19162,19371.0,7.395
19163,19372.0,7.475
19164,19373.0,7.716
19165,19374.0,10.536
19166,19375.0,9.068
19167,19376.0,7.435
19168,19377.0,11.68
19169,19378.0,8.948
19170,19379.0,10.737
19171,19380.0,9.935
19172,19381.0,9.51
19173,19382.0,7.274
19174,19383.0,7.125
19175,19384.0,8.747
19176,19385.0,7.515
19177,19386.0,8.707
19178,19387.0,10.576
19179,19388.0,7.355
19180,19389.0,7.998
19181,19390.0,9.67
19182,19391.0,6.883
19183,19392.0,8.44
19184,19393.0,7.205
19185,19394.0,7.797
19186,19395.0,9.189
19187,19396.0,6.521
19188,19397.0,6.964
19189,19398.0,7.475
19190,19399.0,7.636
19191,19400.0,7.205
19192,19401.0,7.395
19193,19402.0,7.395
19194,19403.0,11.76
19195,19404.0,7.877
19196,19405.0,10.857
19197,19406.0,8.587
19198,19407.0,11.32
19199,19408.0,7.998
19200,19409.0,11.64
19201,19410.0,7.556
19202,19411.0,7.004
19203,19412.0,7.044
19204,19413.0,8.627
19205,19414.0,10.777
19206,19415.0,7.395
19207,19416.0,7.958
19208,19417.0,9.43
19209,19418.0,9.895
19210,19419.0,7.274
19211,19420.0,10.456
19212,19421.0,7.475
19213,19422.0,8.948
19214,19423.0,8.279
19215,19424.0,7.165
19216,19425.0,6.843
19217,19426.0,7.716
19218,19427.0,7.246
19219,19428.0,7.395
19220,19429.0,7.435
19221,19430.0,7.395
19222,19431.0,11.2
19223,19432.0,8.48
19224,19433.0,9.349
19225,19434.0,10.016
19226,19435.0,10.416
19227,19436.0,8.908
19228,19437.0,11.017
19229,19438.0,8.467
19230,19439.0,7.246
19231,19440.0,7.246
19232,19441.0,10.937
19233,19442.0,8.158
19234,19443.0,7.716
19235,19444.0,9.028
19236,19445.0,10.376
19237,19446.0,7.355
19238,19447.0,8.118
19239,19448.0,9.149
19240,19449.0,7.797
19241,19451.0,9.149
19242,19452.0,7.326
19243,19453.0,7.958
19244,19454.0,6.682
19245,19455.0,6.964
19246,19456.0,7.205
19247,19457.0,7.395
19248,19458.0,7.395
19249,19459.0,7.877
19250,19460.0,10.296
19251,19461.0,9.389
19252,19462.0,7.475
19253,19463.0,11.68
19254,19464.0,8.828
19255,19465.0,10.897
19256,19466.0,9.975
19257,19467.0,9.47
19258,19468.0,7.274
19259,19469.0,7.125
19260,19470.0,9.149
19261,19471.0,7.475
19262,19472.0,8.467
19263,19473.0,10.977
19264,19474.0,7.998
19265,19475.0,7.757
19266,19476.0,9.149
19267,19477.0,7.044
19268,19478.0,8.279
19269,19479.0,7.246
19270,19480.0,7.636
19271,19481.0,8.788
19272,19482.0,6.44
19273,19483.0,6.803
19274,19484.0,7.556
19275,19485.0,7.205
19276,19486.0,7.435
19277,19487.0,7.395
19278,19488.0,7.246
19279,19489.0,11.48
19280,19490.0,8.199
19281,19491.0,10.096
19282,19492.0,9.109
19283,19493.0,10.857
19284,19494.0,8.707
19285,19495.0,11.28
19286,19496.0,8.038
19287,19497.0,7.246
19288,19498.0,7.326
19289,19499.0,9.791
19290,19500.0,9.55
19291,19501.0,7.395
19292,19502.0,8.44
19293,19503.0,10.977
19294,19504.0,8.279
19295,19505.0,7.716
19296,19506.0,10.256
19297,19507.0,7.676
19298,19508.0,10.016
19299,19509.0,7.286
19300,19510.0,7.475
19301,19511.0,6.078
19302,19512.0,6.883
19303,19513.0,7.395
19304,19514.0,7.395
19305,19515.0,7.998
19306,19516.0,7.314
19307,19517.0,8.359
19308,19518.0,11.88
19309,19519.0,7.998
19310,19520.0,11.16
19311,19521.0,8.118
19312,19522.0,11.52
19313,19523.0,7.797
19314,19524.0,11.76
19315,19525.0,7.355
19316,19526.0,6.924
19317,19527.0,7.044
19318,19528.0,8.359
19319,19529.0,10.456
19320,19530.0,8.868
19321,19531.0,7.596
19322,19532.0,8.667
19323,19533.0,10.697
19324,19534.0,7.125
19325,19535.0,9.51
19326,19536.0,7.314
19327,19537.0,8.4
19328,19538.0,9.47
19329,19539.0,6.883
19330,19540.0,6.682
19331,19541.0,7.757
19332,19542.0,7.355
19333,19543.0,7.395
19334,19545.0,7.475
19335,19546.0,7.515
19336,19547.0,11.017
19337,19548.0,8.667
19338,19549.0,8.707
19339,19550.0,10.777
19340,19551.0,10.016
19341,19552.0,9.389
19342,19553.0,10.737
19343,19554.0,8.908
19344,19555.0,7.286
19345,19556.0,7.246
19346,19557.0,10.576
19347,19558.0,7.395
19348,19559.0,7.958
19349,19560.0,9.59
19350,19561.0,9.815
19351,19562.0,7.435
19352,19563.0,8.426
19353,19564.0,8.4
19354,19565.0,7.917
19355,19566.0,8.44
19356,19567.0,7.314
19357,19568.0,8.078
19358,19569.0,6.199
19359,19570.0,6.883
19360,19571.0,7.515
19361,19572.0,8.038
19362,19573.0,7.326
19363,19574.0,7.435
19364,19575.0,7.125
19365,19576.0,11.64
19366,19577.0,8.038
19367,19578.0,10.416
19368,19579.0,9.068
19369,19580.0,11.04
19370,19581.0,8.4
19371,19582.0,11.44
19372,19583.0,7.837
19373,19584.0,7.165
19374,19585.0,7.205
19375,19586.0,9.349
19376,19587.0,9.975
19377,19588.0,7.395
19378,19589.0,8.359
19379,19590.0,10.416
19380,19591.0,8.868
19381,19592.0,7.556
19382,19593.0,10.616
19383,19594.0,7.716
19384,19595.0,9.63
19385,19596.0,7.286
19386,19597.0,7.395
19387,19598.0,6.722
19388,19599.0,7.636
19389,19600.0,7.395
19390,19601.0,7.435
19391,19602.0,7.475
19392,19603.0,7.596
19393,19604.0,10.857
19394,19605.0,8.868
19395,19606.0,8.319
19396,19607.0,11.24
19397,19608.0,9.735
19398,19609.0,9.695
19399,19610.0,10.576
19400,19611.0,9.149
19401,19612.0,7.234
19402,19613.0,7.205
19403,19614.0,10.256
19404,19615.0,7.435
19405,19616.0,8.158
19406,19617.0,9.975
19407,19618.0,9.349
19408,19619.0,7.475
19409,19620.0,8.44
19410,19621.0,7.757
19411,19622.0,7.998
19412,19623.0,7.716
19413,19624.0,7.395
19414,19625.0,8.239
19415,19626.0,6.481
19416,19627.0,6.964
19417,19628.0,7.435
19418,19629.0,7.515
19419,19630.0,7.676
19420,19631.0,7.246
19421,19632.0,9.389
19422,19633.0,10.737
19423,19634.0,7.676
19424,19635.0,11.48
19425,19636.0,7.877
19426,19638.0,11.76
19427,19639.0,8.868
19428,19640.0,10.897
19429,19641.0,7.355
19430,19642.0,7.085
19431,19643.0,7.246
19432,19644.0,7.958
19433,19645.0,9.43
19434,19646.0,10.056
19435,19647.0,7.395
19436,19648.0,8.4
19437,19649.0,10.336
19438,19650.0,6.964
19439,19651.0,8.747
19440,19652.0,7.205
19441,19653.0,8.038
19442,19654.0,9.751
19443,19655.0,6.642
19444,19656.0,6.964
19445,19657.0,7.515
19446,19658.0,7.757
19447,19659.0,7.234
19448,19660.0,7.395
19449,19661.0,7.125
19450,19662.0,11.68
19451,19663.0,7.917
19452,19664.0,10.737
19453,19665.0,8.828
19454,19666.0,11.32
19455,19667.0,8.158
19456,19668.0,11.56
19457,19669.0,7.636
19458,19670.0,7.085
19459,19671.0,7.085
19460,19672.0,8.868
19461,19673.0,10.536
19462,19674.0,7.355
19463,19675.0,8.038
19464,19676.0,9.695
19465,19677.0,9.63
19466,19678.0,7.355
19467,19679.0,10.777
19468,19680.0,7.515
19469,19681.0,9.109
19470,19682.0,7.837
19471,19683.0,7.194
19472,19684.0,6.722
19473,19685.0,7.716
19474,19686.0,7.355
19475,19687.0,7.395
19476,19688.0,7.435
19477,19689.0,7.515
19478,19690.0,10.977
19479,19691.0,8.747
19480,19692.0,8.587
19481,19693.0,10.897
19482,19694.0,9.975
19483,19695.0,9.47
19484,19696.0,10.697
19485,19697.0,8.988
19486,19698.0,7.274
19487,19699.0,7.246
19488,19700.0,10.456
19489,19701.0,7.395
19490,19702.0,8.038
19491,19703.0,9.71
19492,19704.0,9.67
19493,19705.0,7.395
19494,19706.0,8.467
19495,19707.0,8.158
19496,19708.0,7.917
19497,19709.0,8.199
19498,19710.0,7.355
19499,19711.0,8.158
19500,19712.0,6.481
19501,19713.0,6.964
19502,19714.0,7.435
19503,19715.0,7.515
19504,19716.0,7.716
19505,19717.0,7.194
19506,19718.0,9.229
19507,19719.0,10.96
19508,19720.0,7.716
19509,19721.0,11.4
19510,19722.0,7.877
19511,19723.0,11.68
19512,19724.0,8.667
19513,19725.0,11.12
19514,19726.0,7.395
19515,19727.0,7.004
19516,19728.0,7.085
19517,19729.0,7.958
19518,19731.0,9.59
19519,19732.0,9.775
19520,19733.0,7.395
19521,19734.0,8.467
19522,19735.0,10.657
19523,19736.0,7.004
19524,19737.0,8.868
19525,19738.0,7.205
19526,19739.0,7.998
19527,19740.0,9.935
19528,19741.0,6.682
19529,19742.0,6.883
19530,19743.0,7.515
19531,19744.0,7.877
19532,19745.0,7.274
19533,19746.0,7.355
19534,19747.0,7.125
19535,19748.0,11.64
19536,19749.0,7.958
19537,19750.0,10.576
19538,19751.0,9.028
19539,19752.0,11.16
19540,19753.0,8.239
19541,19754.0,11.48
19542,19755.0,7.757
19543,19756.0,7.125
19544,19757.0,7.165
19545,19758.0,9.109
19546,19759.0,10.296
19547,19760.0,7.395
19548,19761.0,8.239
19549,19762.0,10.016
19550,19763.0,9.309
19551,19764.0,7.475
19552,19765.0,10.857
19553,19766.0,7.636
19554,19767.0,9.389
19555,19768.0,7.314
19556,19769.0,7.355
19557,19770.0,6.763
19558,19771.0,7.757
19559,19772.0,7.395
19560,19773.0,7.475
19561,19774.0,7.475
19562,19775.0,7.556
19563,19776.0,11.017
19564,19777.0,8.788
19565,19778.0,8.707
19566,19779.0,10.897
19567,19780.0,10.016
19568,19781.0,9.43
19569,19782.0,10.737
19570,19783.0,8.948
19571,19784.0,7.274
19572,19785.0,7.194
19573,19786.0,10.536
19574,19787.0,7.395
19575,19788.0,7.998
19576,19789.0,9.63
19577,19790.0,9.735
19578,19791.0,7.395
19579,19792.0,8.467
19580,19793.0,8.319
19581,19794.0,7.917
19582,19795.0,8.319
19583,19796.0,7.314
19584,19797.0,8.078
19585,19798.0,6.521
19586,19799.0,6.964
19587,19800.0,7.355
19588,19801.0,7.435
19589,19802.0,7.636
19590,19803.0,7.165
19591,19804.0,9.55
19592,19805.0,10.496
19593,19806.0,7.636
19594,19807.0,11.48
19595,19808.0,7.837
19596,19809.0,11.72
19597,19810.0,9.068
19598,19811.0,10.616
19599,19812.0,7.355
19600,19813.0,7.044
19601,19814.0,7.556
19602,19815.0,7.797
19603,19816.0,9.229
19604,19817.0,10.176
19605,19818.0,7.395
19606,19819.0,8.279
19607,19820.0,10.176
19608,19821.0,6.964
19609,19822.0,8.667
19610,19823.0,7.205
19611,19825.0,7.998
19612,19826.0,9.63
19613,19827.0,6.601
19614,19828.0,6.883
19615,19829.0,7.515
19616,19830.0,7.958
19617,19831.0,7.314
19618,19832.0,7.395
19619,19833.0,7.165
19620,19834.0,11.64
19621,19835.0,8.038
19622,19836.0,10.416
19623,19837.0,9.229
19624,19838.0,11.08
19625,19839.0,8.4
19626,19840.0,11.44
19627,19841.0,7.917
19628,19842.0,7.205
19629,19843.0,7.165
19630,19844.0,9.309
19631,19845.0,10.056
19632,19846.0,7.435
19633,19847.0,8.359
19634,19848.0,10.296
19635,19849.0,8.988
19636,19850.0,7.515
19637,19851.0,10.657
19638,19852.0,7.676
19639,19853.0,9.51
19640,19854.0,7.274
19641,19855.0,7.314
19642,19856.0,6.642
19643,19857.0,7.716
19644,19858.0,7.475
19645,19859.0,7.395
19646,19860.0,7.475
19647,19861.0,7.636
19648,19862.0,10.697
19649,19863.0,8.988
19650,19864.0,7.877
19651,19865.0,11.64
19652,19866.0,9.55
19653,19867.0,10.016
19654,19868.0,10.416
19655,19869.0,8.908
19656,19870.0,7.274
19657,19871.0,7.165
19658,19872.0,9.975
19659,19873.0,7.395
19660,19874.0,8.319
19661,19875.0,10.296
19662,19876.0,9.028
19663,19877.0,7.515
19664,19878.0,8.587
19665,19879.0,7.194
19666,19880.0,8.078
19667,19881.0,7.246
19668,19882.0,7.475
19669,19883.0,8.4
19670,19884.0,6.32
19671,19885.0,6.924
19672,19886.0,7.435
19673,19887.0,7.475
19674,19888.0,7.676
19675,19889.0,7.355
19676,19890.0,8.199
19677,19891.0,11.84
19678,19892.0,8.118
19679,19893.0,11.12
19680,19894.0,8.279
19681,19895.0,11.52
19682,19896.0,7.877
19683,19897.0,11.76
19684,19898.0,7.435
19685,19899.0,6.964
19686,19900.0,7.044
19687,19901.0,8.507
19688,19902.0,10.737
19689,19903.0,8.587
19690,19904.0,7.676
19691,19905.0,8.948
19692,19906.0,10.616
19693,19907.0,7.194
19694,19908.0,9.67
19695,19909.0,7.355
19696,19910.0,8.52
19697,19911.0,9.309
19698,19912.0,6.924
19699,19913.0,6.883
19700,19914.0,7.596
19701,19915.0,7.194
19702,19917.0,7.355
19703,19918.0,7.395
19704,19919.0,7.274
19705,19920.0,11.32
19706,19921.0,8.319
19707,19922.0,9.67
19708,19923.0,9.63
19709,19924.0,10.657
19710,19925.0,9.109
19711,19926.0,11.12
19712,19927.0,8.319
19713,19928.0,7.286
19714,19929.0,7.435
19715,19930.0,10.536
19716,19931.0,8.707
19717,19932.0,7.596
19718,19933.0,8.747
19719,19934.0,10.657
19720,19935.0,7.355
19721,19936.0,7.958
19722,19937.0,9.63
19723,19938.0,7.757
19724,19939.0,9.59
19725,19940.0,7.326
19726,19941.0,7.757
19727,19942.0,6.601
19728,19943.0,6.964
19729,19944.0,7.234
19730,19945.0,7.395
19731,19946.0,7.395
19732,19947.0,7.917
19733,19948.0,10.256
19734,19949.0,9.47
19735,19950.0,7.475
19736,19951.0,11.68
19737,19952.0,8.747
19738,19953.0,11.0
19739,19954.0,9.895
19740,19955.0,9.55
19741,19956.0,7.314
19742,19957.0,7.125
19743,19958.0,9.028
19744,19959.0,7.475
19745,19960.0,8.547
19746,19961.0,10.937
19747,19962.0,7.837
19748,19963.0,7.797
19749,19964.0,9.229
19750,19965.0,7.004
19751,19966.0,8.319
19752,19967.0,7.205
19753,19968.0,7.676
19754,19969.0,8.868
19755,19970.0,6.481
19756,19971.0,6.843
19757,19972.0,7.556
19758,19973.0,7.917
19759,19974.0,7.355
19760,19975.0,7.355
19761,19976.0,7.205
19762,19977.0,11.6
19763,19978.0,8.078
19764,19979.0,10.456
19765,19980.0,9.189
19766,19981.0,11.08
19767,19982.0,8.359
19768,19983.0,11.44
19769,19984.0,7.797
19770,19985.0,7.165
19771,19986.0,7.165
19772,19987.0,9.309
19773,19988.0,10.056
19774,19989.0,7.395
19775,19990.0,8.319
19776,19991.0,10.296
19777,19992.0,8.988
19778,19993.0,7.515
19779,19994.0,10.697
19780,19995.0,7.716
19781,19996.0,9.55
19782,19997.0,7.314
19783,19998.0,7.355
19784,19999.0,6.722
19785,20000.0,7.757
19786,20001.0,7.515
19787,20002.0,7.435
19788,20003.0,7.556
19789,20004.0,7.716
19790,20005.0,10.737
19791,20006.0,9.028
19792,20007.0,7.917
19793,20009.0,11.68
19794,20010.0,9.55
19795,20011.0,10.016
19796,20012.0,10.416
19797,20013.0,8.908
19798,20014.0,7.314
19799,20015.0,7.205
19800,20016.0,9.935
19801,20017.0,7.435
19802,20018.0,8.359
19803,20019.0,10.336
19804,20020.0,8.988
19805,20021.0,7.556
19806,20022.0,8.667
19807,20023.0,7.125
19808,20024.0,8.078
19809,20025.0,7.246
19810,20026.0,7.515
19811,20027.0,8.44
19812,20028.0,6.601
19813,20029.0,6.964
19814,20030.0,7.475
19815,20031.0,7.475
19816,20032.0,7.757
19817,20033.0,7.205
19818,20034.0,9.189
19819,20035.0,11.04
19820,20036.0,7.757
19821,20037.0,11.36
19822,20038.0,7.877
19823,20039.0,11.68
19824,20040.0,8.627
19825,20041.0,11.2
19826,20042.0,7.314
19827,20043.0,7.004
19828,20044.0,7.125
19829,20045.0,7.998
19830,20046.0,9.67
19831,20047.0,9.695
19832,20048.0,7.435
19833,20049.0,8.467
19834,20050.0,10.737
19835,20051.0,7.004
19836,20052.0,8.948
19837,20053.0,7.205
19838,20054.0,8.038
19839,20055.0,10.016
19840,20056.0,6.682
19841,20057.0,6.883
19842,20058.0,7.515
19843,20059.0,7.998
19844,20060.0,7.314
19845,20061.0,7.395
19846,20062.0,7.165
19847,20063.0,11.6
19848,20064.0,8.038
19849,20065.0,10.336
19850,20066.0,8.948
19851,20067.0,11.057
19852,20068.0,8.426
19853,20069.0,11.4
19854,20070.0,7.837
19855,20071.0,7.165
19856,20072.0,7.165
19857,20073.0,9.389
19858,20074.0,9.935
19859,20075.0,7.395
19860,20076.0,8.4
19861,20077.0,10.496
19862,20078.0,8.828
19863,20079.0,7.596
19864,20080.0,10.576
19865,20081.0,7.716
19866,20082.0,9.67
19867,20083.0,7.286
19868,20084.0,7.435
19869,20085.0,6.803
19870,20086.0,7.636
19871,20087.0,7.395
19872,20088.0,7.355
19873,20089.0,7.475
19874,20090.0,7.515
19875,20091.0,10.937
19876,20092.0,8.747
19877,20093.0,8.547
19878,20094.0,10.937
19879,20095.0,9.935
19880,20096.0,9.51
19881,20097.0,10.697
19882,20098.0,9.028
19883,20099.0,7.314
19884,20100.0,7.246
19885,20102.0,10.456
19886,20103.0,7.355
19887,20104.0,8.078
19888,20105.0,9.751
19889,20106.0,9.67
19890,20107.0,7.395
19891,20108.0,8.467
19892,20109.0,8.118
19893,20110.0,7.958
19894,20111.0,8.118
19895,20112.0,7.395
19896,20113.0,8.118
19897,20114.0,6.521
19898,20115.0,6.964
19899,20116.0,7.475
19900,20117.0,7.475
19901,20118.0,7.757
19902,20119.0,7.205
19903,20120.0,9.309
19904,20121.0,10.937
19905,20122.0,7.757
19906,20123.0,11.44
19907,20124.0,7.917
19908,20125.0,11.72
19909,20126.0,8.788
19910,20127.0,11.04
19911,20128.0,7.355
19912,20129.0,7.044
19913,20130.0,7.085
19914,20131.0,7.958
19915,20132.0,9.51
19916,20133.0,9.855
19917,20134.0,7.395
19918,20135.0,8.467
19919,20136.0,10.536
19920,20137.0,7.004
19921,20138.0,8.828
19922,20139.0,7.205
19923,20140.0,7.958
19924,20141.0,9.855
19925,20142.0,6.642
19926,20143.0,6.924
19927,20144.0,7.515
19928,20145.0,7.998
19929,20146.0,7.326
19930,20147.0,7.435
19931,20148.0,7.165
19932,20149.0,11.6
19933,20150.0,8.038
19934,20151.0,10.376
19935,20152.0,8.948
19936,20153.0,11.057
19937,20154.0,8.44
19938,20155.0,11.4
19939,20156.0,7.837
19940,20157.0,7.205
19941,20158.0,7.205
19942,20159.0,9.43
19943,20160.0,9.935
19944,20161.0,7.395
19945,20162.0,8.4
19946,20163.0,10.496
19947,20164.0,8.788
19948,20165.0,7.596
19949,20166.0,10.536
19950,20167.0,7.757
19951,20168.0,9.67
19952,20169.0,7.326
19953,20170.0,7.355
19954,20171.0,6.722
19955,20172.0,7.636
19956,20173.0,7.475
19957,20174.0,7.395
19958,20175.0,7.475
19959,20176.0,7.596
19960,20177.0,10.737
19961,20178.0,8.908
19962,20179.0,8.118
19963,20180.0,11.48
19964,20181.0,9.63
19965,20182.0,9.855
19966,20183.0,10.496
19967,20184.0,8.948
19968,20185.0,7.274
19969,20186.0,7.165
19970,20187.0,10.096
19971,20188.0,7.355
19972,20189.0,8.319
19973,20190.0,10.176
19974,20191.0,9.149
19975,20192.0,7.515
19976,20194.0,8.587
19977,20195.0,7.355
19978,20196.0,8.078
19979,20197.0,7.314
19980,20198.0,7.435
19981,20199.0,8.4
19982,20200.0,6.4
19983,20201.0,6.924
19984,20202.0,7.395
19985,20203.0,7.395
19986,20204.0,7.877
19987,20205.0,7.274
19988,20206.0,8.627
19989,20207.0,11.72
19990,20208.0,7.917
19991,20209.0,11.24
19992,20210.0,8.038
19993,20211.0,11.56
19994,20212.0,7.998
19995,20213.0,11.76
19996,20214.0,7.274
19997,20215.0,6.883
19998,20216.0,7.044
19999,20217.0,8.239
20000,20218.0,10.136
20001,20219.0,9.149
20002,20220.0,7.515
20003,20221.0,8.547
20004,20222.0,10.857
20005,20223.0,7.085
20006,20224.0,9.309
20007,20225.0,7.274
20008,20226.0,8.239
20009,20227.0,9.751
20010,20228.0,6.803
20011,20229.0,6.763
20012,20230.0,7.676
20013,20231.0,7.314
20014,20232.0,7.355
20015,20233.0,7.435
20016,20234.0,7.435
20017,20235.0,11.12
20018,20236.0,8.587
20019,20237.0,8.988
20020,20238.0,10.456
20021,20239.0,10.216
20022,20240.0,9.149
20023,20241.0,10.857
20024,20242.0,8.707
20025,20243.0,7.286
20026,20244.0,7.205
20027,20245.0,10.777
20028,20246.0,7.596
20029,20247.0,7.917
20030,20248.0,9.349
20031,20249.0,10.016
20032,20250.0,7.395
20033,20251.0,8.359
20034,20252.0,8.667
20035,20253.0,7.917
20036,20254.0,8.681
20037,20255.0,7.355
20038,20256.0,8.038
20039,20257.0,6.4
20040,20258.0,6.964
20041,20259.0,7.515
20042,20260.0,7.395
20043,20261.0,7.917
20044,20262.0,7.314
20045,20263.0,8.627
20046,20264.0,11.72
20047,20265.0,7.877
20048,20266.0,11.24
20049,20267.0,7.998
20050,20268.0,11.6
20051,20269.0,8.038
20052,20270.0,11.76
20053,20271.0,7.274
20054,20272.0,6.924
20055,20273.0,7.044
20056,20274.0,8.239
20057,20275.0,10.136
20058,20276.0,9.189
20059,20277.0,7.475
20060,20278.0,8.507
20061,20279.0,10.897
20062,20280.0,7.085
20063,20281.0,9.269
20064,20282.0,7.286
20065,20283.0,8.239
20066,20284.0,9.791
20067,20286.0,6.803
20068,20287.0,6.843
20069,20288.0,7.556
20070,20289.0,7.165
20071,20290.0,7.475
20072,20291.0,7.395
20073,20292.0,7.246
20074,20293.0,11.4
20075,20294.0,8.239
20076,20295.0,9.895
20077,20296.0,9.349
20078,20297.0,10.737
20079,20298.0,8.868
20080,20299.0,11.2
20081,20300.0,8.158
20082,20301.0,7.246
20083,20302.0,7.355
20084,20303.0,10.136
20085,20304.0,9.109
20086,20305.0,7.515
20087,20306.0,8.547
20088,20307.0,10.857
20089,20308.0,7.676
20090,20309.0,7.837
20091,20310.0,9.855
20092,20311.0,7.716
20093,20312.0,9.871
20094,20313.0,7.366
20095,20314.0,7.636
20096,20315.0,6.682
20097,20316.0,7.004
20098,20317.0,7.205
20099,20318.0,7.395
20100,20319.0,7.515
20101,20320.0,7.797
20102,20321.0,10.416
20103,20322.0,9.189
20104,20323.0,7.475
20105,20324.0,11.72
20106,20325.0,9.068
20107,20326.0,10.657
20108,20327.0,10.136
20109,20328.0,9.309
20110,20329.0,7.355
20111,20330.0,7.165
20112,20331.0,9.349
20113,20332.0,7.395
20114,20333.0,8.359
20115,20334.0,11.057
20116,20335.0,8.239
20117,20336.0,7.716
20118,20337.0,8.988
20119,20338.0,7.044
20120,20339.0,8.199
20121,20340.0,7.246
20122,20341.0,7.596
20123,20342.0,8.707
20124,20343.0,6.561
20125,20344.0,6.964
20126,20345.0,7.395
20127,20346.0,7.395
20128,20347.0,7.877
20129,20348.0,7.286
20130,20349.0,8.667
20131,20350.0,11.76
20132,20351.0,7.877
20133,20352.0,11.28
20134,20353.0,7.998
20135,20354.0,11.6
20136,20355.0,8.038
20137,20356.0,11.8
20138,20357.0,7.274
20139,20358.0,6.924
20140,20359.0,7.044
20141,20360.0,8.199
20142,20361.0,10.096
20143,20362.0,9.229
20144,20363.0,7.475
20145,20364.0,8.507
20146,20365.0,10.937
20147,20366.0,7.085
20148,20367.0,9.229
20149,20368.0,7.286
20150,20369.0,8.199
20151,20370.0,9.871
20152,20371.0,6.763
20153,20372.0,7.004
20154,20373.0,7.556
20155,20374.0,7.515
20156,20375.0,7.395
20157,20376.0,7.435
20158,20378.0,7.205
20159,20379.0,11.56
20160,20380.0,8.118
20161,20381.0,10.216
20162,20382.0,8.948
20163,20383.0,10.977
20164,20384.0,8.547
20165,20385.0,11.4
20166,20386.0,7.958
20167,20387.0,7.246
20168,20388.0,7.246
20169,20389.0,9.67
20170,20390.0,9.71
20171,20391.0,7.435
20172,20392.0,8.507
20173,20393.0,10.777
20174,20394.0,8.507
20175,20395.0,7.676
20176,20396.0,10.376
20177,20397.0,7.676
20178,20398.0,9.871
20179,20399.0,7.355
20180,20400.0,7.435
20181,20401.0,6.763
20182,20402.0,7.636
20183,20403.0,7.435
20184,20404.0,7.395
20185,20405.0,7.435
20186,20406.0,7.636
20187,20407.0,10.777
20188,20408.0,8.908
20189,20409.0,8.078
20190,20410.0,11.48
20191,20411.0,9.63
20192,20412.0,9.855
20193,20413.0,10.456
20194,20414.0,8.948
20195,20415.0,7.274
20196,20416.0,7.165
20197,20417.0,10.056
20198,20418.0,7.395
20199,20419.0,8.279
20200,20420.0,10.176
20201,20421.0,9.109
20202,20422.0,7.515
20203,20423.0,8.547
20204,20424.0,7.355
20205,20425.0,8.038
20206,20426.0,7.326
20207,20427.0,7.435
20208,20428.0,8.359
20209,20429.0,6.36
20210,20430.0,6.924
20211,20431.0,7.395
20212,20432.0,7.395
20213,20433.0,7.917
20214,20434.0,7.326
20215,20435.0,8.56
20216,20436.0,11.8
20217,20437.0,7.917
20218,20438.0,11.24
20219,20439.0,8.078
20220,20440.0,11.6
20221,20441.0,7.877
20222,20442.0,11.8
20223,20443.0,7.314
20224,20444.0,6.964
20225,20445.0,7.004
20226,20446.0,8.319
20227,20447.0,10.296
20228,20448.0,9.068
20229,20449.0,7.596
20230,20450.0,8.627
20231,20451.0,10.817
20232,20452.0,7.125
20233,20453.0,9.389
20234,20454.0,7.326
20235,20455.0,8.319
20236,20456.0,9.67
20237,20457.0,6.803
20238,20458.0,6.883
20239,20459.0,7.556
20240,20460.0,7.205
20241,20461.0,7.435
20242,20462.0,7.435
20243,20463.0,7.234
20244,20464.0,11.48
20245,20465.0,8.199
20246,20466.0,10.016
20247,20467.0,9.229
20248,20468.0,10.817
20249,20469.0,8.788
20250,20471.0,11.28
20251,20472.0,8.118
20252,20473.0,7.286
20253,20474.0,7.326
20254,20475.0,10.016
20255,20476.0,9.269
20256,20477.0,7.475
20257,20478.0,8.507
20258,20479.0,10.937
20259,20480.0,7.877
20260,20481.0,7.757
20261,20482.0,10.016
20262,20483.0,7.676
20263,20484.0,9.935
20264,20485.0,7.314
20265,20486.0,7.596
20266,20487.0,6.722
20267,20488.0,7.716
20268,20489.0,7.475
20269,20490.0,7.395
20270,20491.0,7.475
20271,20492.0,7.676
20272,20493.0,10.657
20273,20494.0,8.948
20274,20495.0,7.757
20275,20496.0,11.76
20276,20497.0,9.43
20277,20498.0,10.176
20278,20499.0,10.336
20279,20500.0,8.988
20280,20501.0,7.274
20281,20502.0,7.165
20282,20503.0,9.791
20283,20504.0,7.395
20284,20505.0,8.4
20285,20506.0,10.496
20286,20507.0,8.788
20287,20508.0,7.596
20288,20509.0,8.707
20289,20510.0,7.085
20290,20511.0,8.078
20291,20512.0,7.246
20292,20513.0,7.475
20293,20514.0,8.52
20294,20515.0,6.4
20295,20516.0,6.924
20296,20517.0,7.395
20297,20518.0,7.395
20298,20519.0,7.917
20299,20520.0,7.314
20300,20521.0,8.547
20301,20522.0,11.84
20302,20523.0,7.917
20303,20524.0,11.24
20304,20525.0,8.038
20305,20526.0,11.6
20306,20527.0,7.917
20307,20528.0,11.8
20308,20529.0,7.314
20309,20530.0,6.964
20310,20531.0,7.044
20311,20532.0,8.319
20312,20533.0,10.256
20313,20534.0,9.068
20314,20535.0,7.556
20315,20536.0,8.627
20316,20537.0,10.817
20317,20538.0,7.154
20318,20539.0,9.349
20319,20540.0,7.314
20320,20541.0,8.279
20321,20542.0,9.71
20322,20543.0,6.803
20323,20544.0,6.843
20324,20545.0,7.596
20325,20546.0,7.274
20326,20547.0,7.355
20327,20548.0,7.395
20328,20549.0,7.355
20329,20550.0,11.2
20330,20551.0,8.4
20331,20552.0,9.389
20332,20553.0,9.895
20333,20554.0,10.456
20334,20555.0,8.948
20335,20556.0,11.017
20336,20557.0,8.467
20337,20558.0,7.246
20338,20559.0,7.246
20339,20560.0,10.937
20340,20561.0,8.239
20341,20562.0,7.716
20342,20564.0,9.028
20343,20565.0,10.336
20344,20566.0,7.355
20345,20567.0,8.118
20346,20568.0,9.189
20347,20569.0,7.797
20348,20570.0,9.189
20349,20571.0,7.314
20350,20572.0,7.958
20351,20573.0,6.521
20352,20574.0,6.964
20353,20575.0,7.274
20354,20576.0,7.435
20355,20577.0,7.475
20356,20578.0,7.395
20357,20579.0,9.855
20358,20580.0,9.975
20359,20581.0,7.515
20360,20582.0,11.56
20361,20583.0,8.118
20362,20584.0,11.76
20363,20585.0,9.43
20364,20586.0,10.136
20365,20587.0,7.314
20366,20588.0,7.125
20367,20589.0,8.199
20368,20590.0,7.676
20369,20591.0,8.908
20370,20592.0,10.496
20371,20593.0,7.355
20372,20594.0,8.078
20373,20595.0,9.751
20374,20596.0,6.924
20375,20597.0,8.44
20376,20598.0,7.246
20377,20599.0,7.837
20378,20600.0,9.309
20379,20601.0,6.521
20380,20602.0,6.964
20381,20603.0,7.435
20382,20604.0,7.676
20383,20605.0,7.205
20384,20606.0,7.556
20385,20607.0,7.355
20386,20608.0,11.8
20387,20609.0,7.877
20388,20610.0,10.937
20389,20611.0,8.587
20390,20612.0,11.4
20391,20613.0,7.958
20392,20614.0,11.68
20393,20615.0,7.556
20394,20616.0,7.125
20395,20617.0,7.044
20396,20618.0,8.667
20397,20619.0,10.817
20398,20620.0,7.475
20399,20621.0,7.877
20400,20622.0,9.389
20401,20623.0,9.935
20402,20624.0,7.274
20403,20625.0,10.376
20404,20626.0,7.475
20405,20627.0,8.868
20406,20628.0,8.359
20407,20629.0,7.113
20408,20630.0,6.803
20409,20631.0,7.676
20410,20632.0,7.274
20411,20633.0,7.395
20412,20634.0,7.435
20413,20635.0,7.395
20414,20636.0,11.16
20415,20637.0,8.507
20416,20638.0,9.149
20417,20639.0,10.256
20418,20640.0,10.296
20419,20641.0,9.068
20420,20642.0,10.937
20421,20643.0,8.627
20422,20644.0,7.246
20423,20645.0,7.246
20424,20646.0,10.857
20425,20647.0,7.837
20426,20648.0,7.797
20427,20649.0,9.229
20428,20650.0,10.136
20429,20651.0,7.395
20430,20652.0,8.239
20431,20653.0,8.908
20432,20654.0,7.837
20433,20655.0,8.868
20434,20656.0,7.274
20435,20658.0,8.078
20436,20659.0,6.722
20437,20660.0,7.004
20438,20661.0,7.205
20439,20662.0,7.435
20440,20663.0,7.515
20441,20664.0,7.877
20442,20665.0,10.376
20443,20666.0,9.349
20444,20667.0,7.475
20445,20668.0,11.72
20446,20669.0,8.948
20447,20670.0,10.817
20448,20671.0,10.016
20449,20672.0,9.43
20450,20673.0,7.274
20451,20674.0,7.165
20452,20675.0,9.229
20453,20676.0,7.515
20454,20677.0,8.426
20455,20678.0,11.0
20456,20679.0,8.038
20457,20680.0,7.797
20458,20681.0,9.109
20459,20682.0,7.085
20460,20683.0,8.239
20461,20684.0,7.286
20462,20685.0,7.636
20463,20686.0,8.828
20464,20687.0,6.4
20465,20688.0,6.964
20466,20689.0,7.475
20467,20690.0,7.716
20468,20691.0,7.205
20469,20692.0,7.395
20470,20693.0,7.355
20471,20694.0,11.76
20472,20695.0,7.837
20473,20696.0,10.817
20474,20697.0,8.587
20475,20698.0,11.32
20476,20699.0,7.998
20477,20700.0,11.6
20478,20701.0,7.596
20479,20702.0,7.044
20480,20703.0,7.085
20481,20704.0,8.667
20482,20705.0,10.737
20483,20706.0,7.355
20484,20707.0,7.917
20485,20708.0,9.47
20486,20709.0,9.895
20487,20710.0,7.314
20488,20711.0,10.456
20489,20712.0,7.475
20490,20713.0,8.908
20491,20714.0,8.239
20492,20715.0,7.113
20493,20716.0,6.763
20494,20717.0,7.676
20495,20718.0,7.274
20496,20719.0,7.395
20497,20720.0,7.435
20498,20721.0,7.435
20499,20722.0,11.12
20500,20723.0,8.547
20501,20724.0,9.109
20502,20725.0,10.256
20503,20726.0,10.256
20504,20727.0,9.109
20505,20728.0,10.897
20506,20729.0,8.707
20507,20730.0,7.286
20508,20731.0,7.286
20509,20732.0,10.817
20510,20733.0,7.797
20511,20734.0,7.877
20512,20735.0,9.269
20513,20736.0,10.096
20514,20737.0,7.435
20515,20738.0,8.279
20516,20739.0,8.828
20517,20740.0,7.877
20518,20741.0,8.828
20519,20742.0,7.314
20520,20743.0,7.998
20521,20744.0,6.4
20522,20745.0,6.964
20523,20746.0,7.395
20524,20747.0,7.515
20525,20748.0,7.676
20526,20749.0,7.246
20527,20751.0,9.349
20528,20752.0,10.777
20529,20753.0,7.676
20530,20754.0,11.44
20531,20755.0,7.877
20532,20756.0,11.72
20533,20757.0,8.828
20534,20758.0,10.937
20535,20759.0,7.355
20536,20760.0,7.085
20537,20761.0,7.125
20538,20762.0,7.958
20539,20763.0,9.47
20540,20764.0,9.975
20541,20765.0,7.395
20542,20766.0,8.4
20543,20767.0,10.456
20544,20768.0,7.004
20545,20769.0,8.788
20546,20770.0,7.205
20547,20771.0,7.958
20548,20772.0,9.831
20549,20773.0,6.601
20550,20774.0,6.883
20551,20775.0,7.515
20552,20776.0,7.676
20553,20777.0,7.355
20554,20778.0,7.355
20555,20779.0,7.165
20556,20780.0,11.52
20557,20781.0,8.078
20558,20782.0,10.256
20559,20783.0,8.868
20560,20784.0,11.017
20561,20785.0,8.507
20562,20786.0,11.36
20563,20787.0,7.917
20564,20788.0,7.205
20565,20789.0,7.246
20566,20790.0,9.51
20567,20791.0,9.791
20568,20792.0,7.395
20569,20793.0,8.48
20570,20794.0,10.616
20571,20795.0,8.627
20572,20796.0,7.596
20573,20797.0,10.456
20574,20798.0,7.676
20575,20799.0,9.791
20576,20800.0,7.286
20577,20801.0,7.435
20578,20802.0,6.642
20579,20803.0,7.515
20580,20804.0,7.205
20581,20805.0,7.435
20582,20806.0,7.515
20583,20807.0,7.757
20584,20808.0,10.536
20585,20809.0,9.028
20586,20810.0,7.515
20587,20811.0,11.76
20588,20812.0,9.309
20589,20813.0,10.336
20590,20814.0,10.256
20591,20815.0,9.068
20592,20816.0,7.286
20593,20817.0,7.205
20594,20818.0,9.67
20595,20819.0,7.435
20596,20820.0,8.426
20597,20821.0,10.657
20598,20822.0,8.667
20599,20823.0,7.636
20600,20824.0,8.788
20601,20825.0,7.085
20602,20826.0,8.118
20603,20827.0,7.286
20604,20828.0,7.515
20605,20829.0,8.56
20606,20830.0,6.36
20607,20831.0,6.964
20608,20832.0,7.435
20609,20833.0,7.475
20610,20834.0,7.998
20611,20835.0,7.366
20612,20836.0,8.44
20613,20837.0,11.92
20614,20838.0,7.958
20615,20839.0,11.2
20616,20841.0,8.118
20617,20842.0,11.56
20618,20843.0,7.797
20619,20844.0,11.76
20620,20845.0,7.355
20621,20846.0,6.924
20622,20847.0,7.044
20623,20848.0,8.359
20624,20849.0,10.416
20625,20850.0,8.908
20626,20851.0,7.596
20627,20852.0,8.707
20628,20853.0,10.737
20629,20854.0,7.125
20630,20855.0,9.51
20631,20856.0,7.314
20632,20857.0,8.359
20633,20858.0,9.51
20634,20859.0,6.843
20635,20860.0,6.803
20636,20861.0,7.596
20637,20862.0,7.234
20638,20863.0,7.395
20639,20864.0,7.395
20640,20865.0,7.314
20641,20866.0,11.28
20642,20867.0,8.359
20643,20868.0,9.55
20644,20869.0,9.735
20645,20870.0,10.536
20646,20871.0,9.189
20647,20872.0,11.097
20648,20873.0,8.359
20649,20874.0,7.246
20650,20875.0,7.475
20651,20876.0,10.657
20652,20877.0,8.547
20653,20878.0,7.636
20654,20879.0,8.908
20655,20880.0,10.536
20656,20881.0,7.395
20657,20882.0,7.998
20658,20883.0,9.47
20659,20884.0,7.757
20660,20885.0,9.47
20661,20886.0,7.286
20662,20887.0,7.877
20663,20888.0,6.44
20664,20889.0,7.004
20665,20890.0,7.355
20666,20891.0,7.475
20667,20892.0,7.596
20668,20893.0,7.205
20669,20894.0,9.63
20670,20895.0,10.376
20671,20896.0,7.556
20672,20897.0,11.56
20673,20898.0,7.837
20674,20899.0,11.8
20675,20900.0,9.149
20676,20901.0,10.536
20677,20902.0,7.355
20678,20903.0,7.085
20679,20904.0,7.676
20680,20905.0,7.797
20681,20906.0,9.189
20682,20907.0,10.216
20683,20908.0,7.395
20684,20909.0,8.239
20685,20910.0,10.136
20686,20911.0,6.964
20687,20912.0,8.627
20688,20913.0,7.205
20689,20914.0,7.998
20690,20915.0,9.59
20691,20916.0,6.601
20692,20917.0,6.843
20693,20918.0,7.556
20694,20919.0,7.165
20695,20920.0,7.435
20696,20921.0,7.395
20697,20922.0,7.286
20698,20923.0,11.4
20699,20924.0,8.239
20700,20925.0,9.895
20701,20926.0,9.309
20702,20927.0,10.777
20703,20928.0,8.868
20704,20929.0,11.24
20705,20930.0,8.158
20706,20931.0,7.246
20707,20932.0,7.355
20708,20934.0,10.136
20709,20935.0,9.149
20710,20936.0,7.515
20711,20937.0,8.587
20712,20938.0,10.857
20713,20939.0,7.716
20714,20940.0,7.837
20715,20941.0,9.895
20716,20942.0,7.716
20717,20943.0,9.895
20718,20944.0,7.326
20719,20945.0,7.676
20720,20946.0,6.642
20721,20947.0,6.964
20722,20948.0,7.205
20723,20949.0,7.435
20724,20950.0,7.435
20725,20951.0,7.917
20726,20952.0,10.336
20727,20953.0,9.389
20728,20954.0,7.475
20729,20955.0,11.72
20730,20956.0,8.868
20731,20957.0,10.897
20732,20958.0,9.975
20733,20959.0,9.51
20734,20960.0,7.274
20735,20961.0,7.205
20736,20962.0,9.149
20737,20963.0,7.515
20738,20964.0,8.467
20739,20965.0,11.017
20740,20966.0,7.958
20741,20967.0,7.837
20742,20968.0,9.149
20743,20969.0,7.085
20744,20970.0,8.279
20745,20971.0,7.286
20746,20972.0,7.636
20747,20973.0,8.747
20748,20974.0,6.4
20749,20975.0,6.924
20750,20976.0,7.435
20751,20977.0,7.556
20752,20978.0,7.165
20753,20979.0,7.435
20754,20980.0,7.636
20755,20981.0,11.84
20756,20982.0,8.239
20757,20983.0,11.017
20758,20984.0,8.4
20759,20985.0,11.44
20760,20986.0,7.877
20761,20987.0,11.68
20762,20988.0,7.475
20763,20989.0,7.004
20764,20990.0,7.004
20765,20991.0,8.4
20766,20992.0,11.017
20767,20993.0,8.038
20768,20994.0,7.757
20769,20995.0,9.109
20770,20996.0,10.296
20771,20997.0,7.246
20772,20998.0,10.016
20773,20999.0,7.395
20774,21000.0,8.667
20775,21001.0,8.788
20776,21002.0,7.004
20777,21003.0,6.803
20778,21004.0,7.636
20779,21005.0,7.246
20780,21006.0,7.395
20781,21007.0,7.435
20782,21008.0,7.355
20783,21009.0,11.28
20784,21010.0,8.4
20785,21011.0,9.47
20786,21012.0,9.855
20787,21013.0,10.496
20788,21014.0,8.988
20789,21015.0,11.057
20790,21016.0,8.44
20791,21017.0,7.246
20792,21018.0,7.326
20793,21019.0,10.817
20794,21020.0,8.4
20795,21021.0,7.676
20796,21022.0,8.988
20797,21023.0,10.456
20798,21024.0,7.395
20799,21025.0,8.078
20800,21027.0,9.309
20801,21028.0,7.797
20802,21029.0,9.309
20803,21030.0,7.326
20804,21031.0,7.958
20805,21032.0,6.521
20806,21033.0,6.964
20807,21034.0,7.286
20808,21035.0,7.475
20809,21036.0,7.515
20810,21037.0,7.435
20811,21038.0,9.895
20812,21039.0,10.016
20813,21040.0,7.475
20814,21041.0,11.56
20815,21042.0,8.078
20816,21043.0,11.76
20817,21044.0,9.47
20818,21045.0,10.096
20819,21046.0,7.355
20820,21047.0,7.085
20821,21048.0,8.239
20822,21049.0,7.636
20823,21050.0,8.908
20824,21051.0,10.496
20825,21052.0,7.355
20826,21053.0,8.038
20827,21054.0,9.751
20828,21055.0,6.924
20829,21056.0,8.44
20830,21057.0,7.246
20831,21058.0,7.837
20832,21059.0,9.269
20833,21060.0,6.521
20834,21061.0,6.964
20835,21062.0,7.475
20836,21063.0,7.716
20837,21064.0,7.205
20838,21065.0,7.366
20839,21066.0,7.205
20840,21067.0,11.72
20841,21068.0,7.877
20842,21069.0,10.777
20843,21070.0,8.707
20844,21071.0,11.28
20845,21072.0,8.078
20846,21073.0,11.56
20847,21074.0,7.596
20848,21075.0,7.044
20849,21076.0,7.085
20850,21077.0,8.747
20851,21078.0,10.657
20852,21079.0,7.395
20853,21080.0,8.038
20854,21081.0,9.63
20855,21082.0,9.751
20856,21083.0,7.355
20857,21084.0,10.616
20858,21085.0,7.515
20859,21086.0,9.028
20860,21087.0,8.038
20861,21088.0,7.154
20862,21089.0,6.722
20863,21090.0,7.757
20864,21091.0,7.314
20865,21092.0,7.395
20866,21093.0,7.435
20867,21094.0,7.515
20868,21095.0,11.057
20869,21096.0,8.707
20870,21097.0,8.788
20871,21098.0,10.697
20872,21099.0,10.056
20873,21100.0,9.349
20874,21101.0,10.737
20875,21102.0,8.908
20876,21103.0,7.286
20877,21104.0,7.286
20878,21105.0,10.576
20879,21106.0,7.395
20880,21107.0,7.958
20881,21108.0,9.63
20882,21109.0,9.791
20883,21110.0,7.475
20884,21111.0,8.426
20885,21112.0,8.359
20886,21113.0,7.917
20887,21114.0,8.319
20888,21115.0,7.314
20889,21116.0,8.078
20890,21117.0,6.44
20891,21118.0,6.924
20892,21120.0,7.435
20893,21121.0,7.475
20894,21122.0,7.716
20895,21123.0,7.205
20896,21124.0,9.349
20897,21125.0,10.857
20898,21126.0,7.716
20899,21127.0,11.44
20900,21128.0,7.837
20901,21129.0,11.72
20902,21130.0,8.828
20903,21131.0,10.937
20904,21132.0,7.355
20905,21133.0,7.044
20906,21134.0,7.085
20907,21135.0,7.917
20908,21136.0,9.47
20909,21137.0,9.895
20910,21138.0,7.395
20911,21139.0,8.4
20912,21140.0,10.536
20913,21141.0,7.004
20914,21142.0,8.828
20915,21143.0,7.205
20916,21144.0,7.998
20917,21145.0,9.895
20918,21146.0,6.682
20919,21147.0,6.883
20920,21148.0,7.475
20921,21149.0,7.676
20922,21150.0,7.205
20923,21151.0,7.366
20924,21152.0,7.274
20925,21153.0,11.72
20926,21154.0,7.877
20927,21155.0,10.777
20928,21156.0,8.707
20929,21157.0,11.28
20930,21158.0,8.038
20931,21159.0,11.56
20932,21160.0,7.636
20933,21161.0,7.044
20934,21162.0,7.085
20935,21163.0,8.788
20936,21164.0,10.657
20937,21165.0,7.395
20938,21166.0,8.038
20939,21167.0,9.59
20940,21168.0,9.791
20941,21169.0,7.355
20942,21170.0,10.697
20943,21171.0,7.515
20944,21172.0,9.068
20945,21173.0,8.038
20946,21174.0,7.194
20947,21175.0,6.763
20948,21176.0,7.716
20949,21177.0,7.286
20950,21178.0,7.395
20951,21179.0,7.435
20952,21180.0,7.475
20953,21181.0,11.097
20954,21182.0,8.627
20955,21183.0,8.948
20956,21184.0,10.536
20957,21185.0,10.176
20958,21186.0,9.189
20959,21187.0,10.857
20960,21188.0,8.747
20961,21189.0,7.286
20962,21190.0,7.205
20963,21191.0,10.737
20964,21192.0,7.475
20965,21193.0,7.917
20966,21194.0,9.43
20967,21195.0,9.975
20968,21196.0,7.395
20969,21197.0,8.359
20970,21198.0,8.587
20971,21199.0,7.877
20972,21200.0,8.601
20973,21201.0,7.326
20974,21202.0,7.998
20975,21203.0,6.481
20976,21204.0,6.964
20977,21205.0,7.395
20978,21206.0,7.475
20979,21207.0,7.636
20980,21208.0,7.205
20981,21209.0,9.55
20982,21210.0,10.456
20983,21211.0,7.636
20984,21213.0,11.48
20985,21214.0,7.837
20986,21215.0,11.76
20987,21216.0,9.068
20988,21217.0,10.657
20989,21218.0,7.355
20990,21219.0,7.044
20991,21220.0,7.475
20992,21221.0,7.837
20993,21222.0,9.269
20994,21223.0,10.136
20995,21224.0,7.395
20996,21225.0,8.279
20997,21226.0,10.216
20998,21227.0,6.964
20999,21228.0,8.667
21000,21229.0,7.205
21001,21230.0,8.038
21002,21231.0,9.63
21003,21232.0,6.601
21004,21233.0,6.883
21005,21234.0,7.515
21006,21235.0,7.917
21007,21236.0,7.326
21008,21237.0,7.366
21009,21238.0,7.165
21010,21239.0,11.64
21011,21240.0,8.038
21012,21241.0,10.496
21013,21242.0,9.149
21014,21243.0,11.12
21015,21244.0,8.359
21016,21245.0,11.48
21017,21246.0,7.797
21018,21247.0,7.125
21019,21248.0,7.205
21020,21249.0,9.229
21021,21250.0,10.176
21022,21251.0,7.395
21023,21252.0,8.319
21024,21253.0,10.216
21025,21254.0,9.109
21026,21255.0,7.515
21027,21256.0,10.737
21028,21257.0,7.676
21029,21258.0,9.47
21030,21259.0,7.366
21031,21260.0,7.314
21032,21261.0,6.561
21033,21262.0,6.964
21034,21263.0,7.205
21035,21264.0,7.395
21036,21265.0,7.355
21037,21266.0,7.877
21038,21267.0,10.296
21039,21268.0,9.43
21040,21269.0,7.475
21041,21270.0,11.68
21042,21271.0,8.828
21043,21272.0,10.977
21044,21273.0,9.935
21045,21274.0,9.51
21046,21275.0,7.326
21047,21276.0,7.125
21048,21277.0,9.068
21049,21278.0,7.475
21050,21279.0,8.547
21051,21280.0,10.937
21052,21281.0,7.877
21053,21282.0,7.797
21054,21283.0,9.229
21055,21284.0,7.004
21056,21285.0,8.279
21057,21286.0,7.246
21058,21287.0,7.676
21059,21288.0,8.868
21060,21289.0,6.44
21061,21290.0,6.924
21062,21291.0,7.475
21063,21292.0,7.636
21064,21293.0,7.205
21065,21294.0,7.475
21066,21295.0,7.355
21067,21296.0,11.8
21068,21297.0,7.877
21069,21298.0,10.897
21070,21299.0,8.587
21071,21300.0,11.36
21072,21301.0,7.998
21073,21302.0,11.64
21074,21303.0,7.556
21075,21304.0,7.004
21076,21306.0,7.044
21077,21307.0,8.587
21078,21308.0,10.857
21079,21309.0,7.556
21080,21310.0,7.917
21081,21311.0,9.349
21082,21312.0,10.016
21083,21313.0,7.274
21084,21314.0,10.336
21085,21315.0,7.435
21086,21316.0,8.868
21087,21317.0,8.44
21088,21318.0,7.125
21089,21319.0,6.763
21090,21320.0,7.757
21091,21321.0,7.314
21092,21322.0,7.435
21093,21323.0,7.435
21094,21324.0,7.515
21095,21325.0,11.12
21096,21326.0,8.627
21097,21327.0,8.988
21098,21328.0,10.416
21099,21329.0,10.216
21100,21330.0,9.149
21101,21331.0,10.857
21102,21332.0,8.707
21103,21333.0,7.286
21104,21334.0,7.205
21105,21335.0,10.737
21106,21336.0,7.596
21107,21337.0,7.877
21108,21338.0,9.349
21109,21339.0,9.975
21110,21340.0,7.355
21111,21341.0,8.359
21112,21342.0,8.641
21113,21343.0,7.877
21114,21344.0,8.667
21115,21345.0,7.326
21116,21346.0,7.998
21117,21347.0,6.159
21118,21348.0,6.924
21119,21349.0,7.435
21120,21350.0,7.435
21121,21351.0,7.958
21122,21352.0,7.326
21123,21353.0,8.319
21124,21354.0,11.88
21125,21355.0,8.038
21126,21356.0,11.16
21127,21357.0,8.118
21128,21358.0,11.52
21129,21359.0,7.797
21130,21360.0,11.76
21131,21361.0,7.355
21132,21362.0,6.924
21133,21363.0,7.004
21134,21364.0,8.4
21135,21365.0,10.496
21136,21366.0,8.828
21137,21367.0,7.596
21138,21368.0,8.707
21139,21369.0,10.737
21140,21370.0,7.125
21141,21371.0,9.51
21142,21372.0,7.326
21143,21373.0,8.4
21144,21374.0,9.51
21145,21375.0,6.924
21146,21376.0,6.843
21147,21377.0,7.596
21148,21378.0,7.165
21149,21379.0,7.475
21150,21380.0,7.395
21151,21381.0,7.286
21152,21382.0,11.44
21153,21383.0,8.239
21154,21384.0,9.975
21155,21385.0,9.309
21156,21386.0,10.817
21157,21387.0,8.868
21158,21388.0,11.24
21159,21389.0,8.158
21160,21390.0,7.246
21161,21391.0,7.355
21162,21392.0,10.056
21163,21393.0,9.229
21164,21394.0,7.475
21165,21395.0,8.547
21166,21396.0,10.937
21167,21398.0,7.837
21168,21399.0,7.797
21169,21400.0,9.975
21170,21401.0,7.716
21171,21402.0,9.935
21172,21403.0,7.326
21173,21404.0,7.596
21174,21405.0,6.561
21175,21406.0,6.964
21176,21407.0,7.246
21177,21408.0,7.395
21178,21409.0,7.395
21179,21410.0,7.917
21180,21411.0,10.216
21181,21412.0,9.47
21182,21413.0,7.435
21183,21414.0,11.68
21184,21415.0,8.747
21185,21416.0,11.04
21186,21417.0,9.855
21187,21418.0,9.55
21188,21419.0,7.274
21189,21420.0,7.125
21190,21421.0,8.988
21191,21422.0,7.475
21192,21423.0,8.547
21193,21424.0,10.897
21194,21425.0,7.797
21195,21426.0,7.797
21196,21427.0,9.189
21197,21428.0,7.004
21198,21429.0,8.279
21199,21430.0,7.246
21200,21431.0,7.676
21201,21432.0,8.868
21202,21433.0,6.44
21203,21434.0,6.883
21204,21435.0,7.475
21205,21436.0,7.676
21206,21437.0,7.205
21207,21438.0,7.355
21208,21439.0,7.355
21209,21440.0,11.76
21210,21441.0,7.917
21211,21442.0,10.817
21212,21443.0,8.667
21213,21444.0,11.32
21214,21445.0,8.038
21215,21446.0,11.6
21216,21447.0,7.636
21217,21448.0,7.044
21218,21449.0,7.085
21219,21450.0,8.707
21220,21451.0,10.737
21221,21452.0,7.355
21222,21453.0,7.958
21223,21454.0,9.47
21224,21455.0,9.895
21225,21456.0,7.314
21226,21457.0,10.496
21227,21458.0,7.475
21228,21459.0,8.988
21229,21460.0,8.199
21230,21461.0,7.165
21231,21462.0,6.682
21232,21463.0,7.676
21233,21464.0,7.395
21234,21465.0,7.395
21235,21466.0,7.475
21236,21467.0,7.636
21237,21468.0,10.857
21238,21469.0,8.948
21239,21470.0,8.239
21240,21471.0,11.36
21241,21472.0,9.71
21242,21473.0,9.815
21243,21474.0,10.536
21244,21475.0,9.068
21245,21476.0,7.286
21246,21477.0,7.165
21247,21478.0,10.136
21248,21479.0,7.355
21249,21480.0,8.199
21250,21481.0,10.096
21251,21482.0,9.269
21252,21483.0,7.475
21253,21484.0,8.507
21254,21485.0,7.475
21255,21486.0,8.038
21256,21487.0,7.515
21257,21489.0,7.435
21258,21490.0,8.279
21259,21491.0,6.521
21260,21492.0,6.924
21261,21493.0,7.395
21262,21494.0,7.475
21263,21495.0,7.676
21264,21496.0,7.205
21265,21497.0,9.349
21266,21498.0,10.777
21267,21499.0,7.676
21268,21500.0,11.4
21269,21501.0,7.877
21270,21502.0,11.68
21271,21503.0,8.828
21272,21504.0,10.977
21273,21505.0,7.355
21274,21506.0,7.044
21275,21507.0,7.085
21276,21508.0,7.917
21277,21509.0,9.51
21278,21510.0,9.895
21279,21511.0,7.435
21280,21512.0,8.4
21281,21513.0,10.536
21282,21514.0,6.964
21283,21515.0,8.828
21284,21516.0,7.205
21285,21517.0,7.998
21286,21518.0,9.911
21287,21519.0,6.682
21288,21520.0,6.883
21289,21521.0,7.556
21290,21522.0,7.958
21291,21523.0,7.407
21292,21524.0,7.407
21293,21525.0,7.205
21294,21526.0,11.64
21295,21527.0,8.078
21296,21528.0,10.456
21297,21529.0,9.189
21298,21530.0,11.097
21299,21531.0,8.4
21300,21532.0,11.48
21301,21533.0,7.877
21302,21534.0,7.205
21303,21535.0,7.246
21304,21536.0,9.309
21305,21537.0,10.056
21306,21538.0,7.395
21307,21539.0,8.359
21308,21540.0,10.336
21309,21541.0,8.988
21310,21542.0,7.515
21311,21543.0,10.657
21312,21544.0,7.676
21313,21545.0,9.55
21314,21546.0,7.286
21315,21547.0,7.355
21316,21548.0,6.722
21317,21549.0,7.596
21318,21550.0,7.395
21319,21551.0,7.395
21320,21552.0,7.475
21321,21553.0,7.556
21322,21554.0,10.897
21323,21555.0,8.868
21324,21556.0,8.319
21325,21557.0,11.2
21326,21558.0,9.831
21327,21559.0,9.71
21328,21560.0,10.616
21329,21561.0,9.149
21330,21562.0,7.326
21331,21563.0,7.205
21332,21564.0,10.256
21333,21565.0,7.395
21334,21566.0,8.158
21335,21567.0,9.935
21336,21568.0,9.43
21337,21569.0,7.435
21338,21570.0,8.44
21339,21571.0,7.716
21340,21572.0,8.038
21341,21573.0,7.757
21342,21574.0,7.395
21343,21575.0,8.239
21344,21576.0,6.44
21345,21577.0,6.924
21346,21578.0,7.475
21347,21579.0,7.395
21348,21580.0,7.917
21349,21582.0,7.286
21350,21583.0,8.747
21351,21584.0,11.68
21352,21585.0,7.877
21353,21586.0,11.28
21354,21587.0,7.998
21355,21588.0,11.64
21356,21589.0,8.158
21357,21590.0,11.72
21358,21591.0,7.314
21359,21592.0,6.883
21360,21593.0,7.085
21361,21594.0,8.199
21362,21595.0,10.056
21363,21596.0,9.51
21364,21597.0,7.958
21365,21598.0,8.948
21366,21599.0,11.097
21367,21600.0,7.085
21368,21601.0,9.229
21369,21602.0,7.246
21370,21603.0,8.239
21371,21604.0,9.911
21372,21605.0,6.843
21373,21606.0,6.36
21374,21607.0,7.044
21375,21608.0,7.395
21376,21609.0,7.475
21377,21610.0,7.636
21378,21611.0,7.165
21379,21612.0,9.309
21380,21613.0,10.897
21381,21614.0,7.797
21382,21615.0,11.36
21383,21616.0,7.837
21384,21617.0,11.68
21385,21618.0,8.4
21386,21619.0,11.64
21387,21620.0,7.274
21388,21621.0,6.883
21389,21622.0,7.044
21390,21623.0,8.239
21391,21624.0,10.296
21392,21625.0,8.948
21393,21626.0,7.596
21394,21627.0,8.747
21395,21628.0,10.616
21396,21629.0,7.165
21397,21630.0,9.71
21398,21631.0,7.366
21399,21632.0,8.56
21400,21633.0,8.988
21401,21634.0,7.044
21402,21635.0,6.843
21403,21636.0,7.636
21404,21637.0,7.246
21405,21638.0,7.407
21406,21639.0,7.435
21407,21640.0,7.395
21408,21641.0,11.24
21409,21642.0,8.507
21410,21643.0,9.068
21411,21644.0,10.376
21412,21645.0,10.136
21413,21646.0,9.349
21414,21647.0,10.777
21415,21648.0,8.868
21416,21649.0,7.286
21417,21650.0,7.246
21418,21651.0,10.376
21419,21652.0,7.395
21420,21653.0,8.118
21421,21654.0,9.935
21422,21655.0,9.349
21423,21656.0,7.475
21424,21657.0,8.44
21425,21658.0,7.716
21426,21659.0,7.998
21427,21660.0,7.716
21428,21661.0,7.395
21429,21662.0,8.279
21430,21663.0,6.521
21431,21664.0,7.004
21432,21665.0,7.435
21433,21666.0,7.515
21434,21667.0,7.716
21435,21668.0,7.246
21436,21669.0,9.189
21437,21670.0,11.057
21438,21671.0,7.757
21439,21672.0,11.44
21440,21674.0,7.877
21441,21675.0,11.72
21442,21676.0,8.627
21443,21677.0,11.2
21444,21678.0,7.314
21445,21679.0,7.044
21446,21680.0,7.085
21447,21681.0,7.998
21448,21682.0,9.63
21449,21683.0,9.791
21450,21684.0,7.435
21451,21685.0,8.507
21452,21686.0,10.697
21453,21687.0,7.004
21454,21688.0,8.908
21455,21689.0,7.205
21456,21690.0,8.038
21457,21691.0,10.016
21458,21692.0,6.682
21459,21693.0,6.924
21460,21694.0,7.475
21461,21695.0,7.877
21462,21696.0,7.556
21463,21697.0,7.395
21464,21698.0,7.125
21465,21699.0,11.64
21466,21700.0,7.998
21467,21701.0,10.496
21468,21702.0,9.109
21469,21703.0,11.12
21470,21704.0,8.44
21471,21705.0,11.48
21472,21706.0,7.837
21473,21707.0,7.125
21474,21708.0,7.165
21475,21709.0,9.189
21476,21710.0,10.176
21477,21711.0,7.395
21478,21712.0,8.44
21479,21713.0,10.176
21480,21714.0,9.149
21481,21715.0,7.475
21482,21716.0,10.777
21483,21717.0,7.636
21484,21718.0,9.47
21485,21719.0,7.326
21486,21720.0,7.395
21487,21721.0,6.843
21488,21722.0,7.676
21489,21723.0,7.234
21490,21724.0,7.395
21491,21725.0,7.435
21492,21726.0,7.395
21493,21727.0,11.2
21494,21728.0,8.52
21495,21729.0,9.269
21496,21730.0,10.096
21497,21731.0,10.376
21498,21732.0,8.948
21499,21733.0,10.977
21500,21734.0,8.587
21501,21735.0,7.246
21502,21736.0,7.286
21503,21737.0,10.937
21504,21738.0,8.118
21505,21739.0,7.757
21506,21740.0,9.109
21507,21741.0,10.296
21508,21742.0,7.355
21509,21743.0,8.158
21510,21744.0,9.109
21511,21745.0,7.797
21512,21746.0,9.068
21513,21747.0,7.286
21514,21748.0,7.958
21515,21749.0,6.642
21516,21750.0,7.004
21517,21751.0,7.286
21518,21752.0,7.435
21519,21753.0,7.435
21520,21754.0,7.998
21521,21755.0,10.176
21522,21756.0,9.63
21523,21757.0,7.435
21524,21758.0,11.64
21525,21759.0,8.587
21526,21760.0,11.24
21527,21761.0,9.791
21528,21762.0,9.71
21529,21763.0,7.314
21530,21764.0,7.125
21531,21765.0,8.788
21532,21766.0,7.515
21533,21767.0,8.627
21534,21769.0,10.817
21535,21770.0,7.556
21536,21771.0,7.877
21537,21772.0,9.349
21538,21773.0,7.004
21539,21774.0,8.359
21540,21775.0,7.246
21541,21776.0,7.716
21542,21777.0,8.948
21543,21778.0,6.481
21544,21779.0,6.964
21545,21780.0,7.475
21546,21781.0,7.676
21547,21782.0,7.205
21548,21783.0,7.355
21549,21784.0,7.355
21550,21785.0,11.76
21551,21786.0,7.877
21552,21787.0,10.817
21553,21788.0,8.627
21554,21789.0,11.32
21555,21790.0,8.038
21556,21791.0,11.6
21557,21792.0,7.596
21558,21793.0,7.044
21559,21794.0,7.085
21560,21795.0,8.707
21561,21796.0,10.777
21562,21797.0,7.355
21563,21798.0,7.958
21564,21799.0,9.51
21565,21800.0,9.895
21566,21801.0,7.314
21567,21802.0,10.496
21568,21803.0,7.475
21569,21804.0,8.988
21570,21805.0,8.239
21571,21806.0,7.154
21572,21807.0,6.722
21573,21808.0,7.757
21574,21809.0,7.355
21575,21810.0,7.395
21576,21811.0,7.435
21577,21812.0,7.475
21578,21813.0,10.977
21579,21814.0,8.667
21580,21815.0,8.707
21581,21816.0,10.737
21582,21817.0,10.016
21583,21818.0,9.389
21584,21819.0,10.737
21585,21820.0,8.908
21586,21821.0,7.246
21587,21822.0,7.205
21588,21823.0,10.496
21589,21824.0,7.355
21590,21825.0,7.998
21591,21826.0,9.63
21592,21827.0,9.751
21593,21828.0,7.395
21594,21829.0,8.547
21595,21830.0,8.239
21596,21831.0,7.917
21597,21832.0,8.239
21598,21833.0,7.355
21599,21834.0,8.118
21600,21835.0,6.481
21601,21836.0,6.964
21602,21837.0,7.475
21603,21838.0,7.475
21604,21839.0,7.757
21605,21840.0,7.205
21606,21841.0,9.109
21607,21842.0,11.08
21608,21843.0,7.757
21609,21844.0,11.36
21610,21845.0,7.837
21611,21846.0,11.64
21612,21847.0,8.587
21613,21848.0,11.24
21614,21849.0,7.234
21615,21850.0,7.004
21616,21851.0,7.085
21617,21852.0,7.998
21618,21853.0,9.71
21619,21854.0,9.67
21620,21855.0,7.395
21621,21856.0,8.507
21622,21857.0,10.777
21623,21858.0,7.044
21624,21859.0,8.988
21625,21860.0,7.205
21626,21861.0,8.078
21627,21863.0,10.056
21628,21864.0,6.722
21629,21865.0,6.883
21630,21866.0,7.556
21631,21867.0,7.958
21632,21868.0,7.355
21633,21869.0,7.395
21634,21870.0,7.205
21635,21871.0,11.56
21636,21872.0,8.078
21637,21873.0,10.376
21638,21874.0,9.068
21639,21875.0,11.057
21640,21876.0,8.467
21641,21877.0,11.44
21642,21878.0,7.917
21643,21879.0,7.165
21644,21880.0,7.205
21645,21881.0,9.389
21646,21882.0,9.935
21647,21883.0,7.395
21648,21884.0,8.359
21649,21885.0,10.416
21650,21886.0,8.868
21651,21887.0,7.556
21652,21888.0,10.576
21653,21889.0,7.716
21654,21890.0,9.63
21655,21891.0,7.286
21656,21892.0,7.355
21657,21893.0,6.682
21658,21894.0,7.716
21659,21895.0,7.475
21660,21896.0,7.395
21661,21897.0,7.475
21662,21898.0,7.676
21663,21899.0,10.657
21664,21900.0,8.948
21665,21901.0,7.797
21666,21902.0,11.68
21667,21903.0,9.47
21668,21904.0,10.096
21669,21905.0,10.336
21670,21906.0,8.948
21671,21907.0,7.274
21672,21908.0,7.165
21673,21909.0,9.871
21674,21910.0,7.395
21675,21911.0,8.359
21676,21912.0,10.416
21677,21913.0,8.868
21678,21914.0,7.556
21679,21915.0,8.707
21680,21916.0,7.085
21681,21917.0,8.118
21682,21918.0,7.246
21683,21919.0,7.515
21684,21920.0,8.44
21685,21921.0,6.32
21686,21922.0,6.924
21687,21923.0,7.435
21688,21924.0,7.435
21689,21925.0,8.038
21690,21926.0,7.314
21691,21927.0,8.4
21692,21928.0,11.88
21693,21929.0,8.038
21694,21930.0,11.16
21695,21931.0,8.158
21696,21932.0,11.52
21697,21933.0,7.797
21698,21934.0,11.76
21699,21935.0,7.355
21700,21936.0,6.924
21701,21937.0,7.044
21702,21938.0,8.359
21703,21939.0,10.496
21704,21940.0,8.828
21705,21941.0,7.596
21706,21942.0,8.707
21707,21943.0,10.737
21708,21944.0,7.125
21709,21945.0,9.55
21710,21946.0,7.326
21711,21947.0,8.44
21712,21948.0,9.47
21713,21949.0,6.964
21714,21950.0,6.722
21715,21951.0,7.716
21716,21952.0,7.274
21717,21953.0,7.355
21718,21955.0,7.435
21719,21956.0,7.395
21720,21957.0,11.08
21721,21958.0,8.547
21722,21959.0,9.028
21723,21960.0,10.336
21724,21961.0,10.216
21725,21962.0,9.109
21726,21963.0,10.857
21727,21964.0,8.667
21728,21965.0,7.246
21729,21966.0,7.205
21730,21967.0,10.777
21731,21968.0,7.636
21732,21969.0,7.837
21733,21970.0,9.309
21734,21971.0,10.056
21735,21972.0,7.355
21736,21973.0,8.279
21737,21974.0,8.747
21738,21975.0,7.877
21739,21976.0,8.747
21740,21977.0,7.314
21741,21978.0,7.958
21742,21979.0,6.481
21743,21980.0,6.964
21744,21981.0,7.395
21745,21982.0,7.435
21746,21983.0,7.636
21747,21984.0,7.165
21748,21985.0,9.51
21749,21986.0,10.536
21750,21987.0,7.636
21751,21988.0,11.44
21752,21989.0,7.837
21753,21990.0,11.68
21754,21991.0,8.988
21755,21992.0,10.737
21756,21993.0,7.355
21757,21994.0,7.085
21758,21995.0,7.395
21759,21996.0,7.837
21760,21997.0,9.349
21761,21998.0,10.056
21762,21999.0,7.395
21763,22000.0,8.319
21764,22001.0,10.296
21765,22002.0,6.964
21766,22003.0,8.707
21767,22004.0,7.246
21768,22005.0,8.038
21769,22006.0,9.71
21770,22007.0,6.642
21771,22008.0,6.964
21772,22009.0,7.556
21773,22010.0,7.837
21774,22011.0,7.274
21775,22012.0,7.355
21776,22013.0,7.125
21777,22014.0,11.64
21778,22015.0,7.998
21779,22016.0,10.576
21780,22017.0,9.028
21781,22018.0,11.16
21782,22019.0,8.279
21783,22020.0,11.52
21784,22021.0,7.757
21785,22022.0,7.125
21786,22023.0,7.165
21787,22024.0,9.068
21788,22025.0,10.376
21789,22026.0,7.395
21790,22027.0,8.199
21791,22028.0,9.975
21792,22029.0,9.349
21793,22030.0,7.435
21794,22031.0,10.817
21795,22032.0,7.596
21796,22033.0,9.269
21797,22034.0,7.475
21798,22035.0,7.234
21799,22036.0,6.682
21800,22037.0,7.676
21801,22038.0,7.475
21802,22039.0,7.395
21803,22040.0,7.515
21804,22041.0,7.636
21805,22042.0,10.777
21806,22043.0,8.948
21807,22044.0,8.078
21808,22045.0,11.48
21809,22046.0,9.63
21810,22048.0,9.855
21811,22049.0,10.456
21812,22050.0,8.948
21813,22051.0,7.286
21814,22052.0,7.165
21815,22053.0,10.056
21816,22054.0,7.355
21817,22055.0,8.239
21818,22056.0,10.136
21819,22057.0,9.149
21820,22058.0,7.475
21821,22059.0,8.547
21822,22060.0,7.395
21823,22061.0,8.038
21824,22062.0,7.395
21825,22063.0,7.435
21826,22064.0,8.359
21827,22065.0,6.32
21828,22066.0,6.964
21829,22067.0,7.435
21830,22068.0,7.395
21831,22069.0,7.998
21832,22070.0,7.314
21833,22071.0,8.48
21834,22072.0,11.88
21835,22073.0,7.998
21836,22074.0,11.2
21837,22075.0,8.118
21838,22076.0,11.56
21839,22077.0,7.837
21840,22078.0,11.76
21841,22079.0,7.355
21842,22080.0,6.924
21843,22081.0,7.044
21844,22082.0,8.279
21845,22083.0,10.336
21846,22084.0,8.988
21847,22085.0,7.596
21848,22086.0,8.627
21849,22087.0,10.817
21850,22088.0,7.125
21851,22089.0,9.43
21852,22090.0,7.274
21853,22091.0,8.359
21854,22092.0,9.63
21855,22093.0,6.843
21856,22094.0,6.803
21857,22095.0,7.636
21858,22096.0,7.154
21859,22097.0,7.515
21860,22098.0,7.395
21861,22099.0,7.314
21862,22100.0,11.36
21863,22101.0,8.279
21864,22102.0,9.815
21865,22103.0,9.47
21866,22104.0,10.697
21867,22105.0,8.948
21868,22106.0,11.16
21869,22107.0,8.199
21870,22108.0,7.246
21871,22109.0,7.395
21872,22110.0,10.296
21873,22111.0,8.948
21874,22112.0,7.556
21875,22113.0,8.627
21876,22114.0,10.817
21877,22115.0,7.515
21878,22116.0,7.877
21879,22117.0,9.791
21880,22118.0,7.716
21881,22119.0,9.831
21882,22120.0,7.286
21883,22121.0,7.676
21884,22122.0,6.561
21885,22123.0,6.964
21886,22124.0,7.246
21887,22125.0,7.435
21888,22126.0,7.435
21889,22127.0,7.958
21890,22128.0,10.216
21891,22129.0,9.55
21892,22130.0,7.475
21893,22131.0,11.64
21894,22132.0,8.667
21895,22133.0,11.12
21896,22134.0,9.855
21897,22135.0,9.63
21898,22136.0,7.314
21899,22137.0,7.125
21900,22138.0,8.948
21901,22139.0,7.515
21902,22141.0,8.587
21903,22142.0,10.897
21904,22143.0,7.716
21905,22144.0,7.837
21906,22145.0,9.269
21907,22146.0,7.004
21908,22147.0,8.319
21909,22148.0,7.246
21910,22149.0,7.716
21911,22150.0,8.908
21912,22151.0,6.44
21913,22152.0,6.924
21914,22153.0,7.475
21915,22154.0,7.596
21916,22155.0,7.205
21917,22156.0,7.475
21918,22157.0,7.515
21919,22158.0,11.76
21920,22159.0,7.998
21921,22160.0,10.977
21922,22161.0,8.467
21923,22162.0,11.4
21924,22163.0,7.917
21925,22164.0,11.68
21926,22165.0,7.515
21927,22166.0,7.004
21928,22167.0,7.044
21929,22168.0,8.44
21930,22169.0,11.057
21931,22170.0,7.958
21932,22171.0,7.837
21933,22172.0,9.149
21934,22173.0,10.256
21935,22174.0,7.274
21936,22175.0,10.096
21937,22176.0,7.435
21938,22177.0,8.707
21939,22178.0,8.788
21940,22179.0,7.004
21941,22180.0,6.803
21942,22181.0,7.676
21943,22182.0,7.274
21944,22183.0,7.355
21945,22184.0,7.435
21946,22185.0,7.395
21947,22186.0,11.16
21948,22187.0,8.507
21949,22188.0,9.149
21950,22189.0,10.296
21951,22190.0,10.296
21952,22191.0,9.028
21953,22192.0,10.977
21954,22193.0,8.627
21955,22194.0,7.286
21956,22195.0,7.246
21957,22196.0,10.857
21958,22197.0,7.837
21959,22198.0,7.837
21960,22199.0,9.229
21961,22200.0,10.176
21962,22201.0,7.355
21963,22202.0,8.239
21964,22203.0,8.868
21965,22204.0,7.837
21966,22205.0,8.868
21967,22206.0,7.326
21968,22207.0,8.038
21969,22208.0,6.481
21970,22209.0,6.964
21971,22210.0,7.355
21972,22211.0,7.435
21973,22212.0,7.596
21974,22213.0,7.165
21975,22214.0,9.71
21976,22215.0,10.336
21977,22216.0,7.596
21978,22217.0,11.52
21979,22218.0,7.837
21980,22219.0,11.76
21981,22220.0,9.229
21982,22221.0,10.456
21983,22222.0,7.355
21984,22223.0,7.085
21985,22224.0,7.757
21986,22225.0,7.797
21987,22226.0,9.189
21988,22227.0,10.256
21989,22228.0,7.395
21990,22229.0,8.199
21991,22230.0,10.056
21992,22231.0,6.924
21993,22232.0,8.587
21994,22233.0,7.205
21995,22235.0,7.998
21996,22236.0,9.55
21997,22237.0,6.642
21998,22238.0,6.883
21999,22239.0,7.515
22000,22240.0,7.797
22001,22241.0,7.286
22002,22242.0,7.355
22003,22243.0,7.125
22004,22244.0,11.68
22005,22245.0,7.998
22006,22246.0,10.657
22007,22247.0,8.908
22008,22248.0,11.24
22009,22249.0,8.158
22010,22250.0,11.56
22011,22251.0,7.676
22012,22252.0,7.085
22013,22253.0,7.085
22014,22254.0,8.908
22015,22255.0,10.496
22016,22256.0,7.395
22017,22257.0,8.078
22018,22258.0,9.775
22019,22259.0,9.55
22020,22260.0,7.395
22021,22261.0,10.857
22022,22262.0,7.556
22023,22263.0,9.149
22024,22264.0,7.757
22025,22265.0,7.194
22026,22266.0,6.722
22027,22267.0,7.636
22028,22268.0,7.395
22029,22269.0,7.395
22030,22270.0,7.475
22031,22271.0,7.556
22032,22272.0,10.937
22033,22273.0,8.828
22034,22274.0,8.44
22035,22275.0,11.12
22036,22276.0,9.895
22037,22277.0,9.63
22038,22278.0,10.657
22039,22279.0,9.109
22040,22280.0,7.326
22041,22281.0,7.205
22042,22282.0,10.376
22043,22283.0,7.395
22044,22284.0,8.118
22045,22285.0,9.815
22046,22286.0,9.51
22047,22287.0,7.395
22048,22288.0,8.359
22049,22289.0,7.917
22050,22290.0,7.998
22051,22291.0,7.958
22052,22292.0,7.395
22053,22293.0,8.158
22054,22294.0,6.481
22055,22295.0,6.924
22056,22296.0,7.556
22057,22297.0,7.515
22058,22298.0,7.877
22059,22299.0,7.286
22060,22300.0,8.908
22061,22301.0,11.48
22062,22302.0,7.877
22063,22303.0,11.32
22064,22304.0,7.958
22065,22305.0,11.64
22066,22306.0,8.359
22067,22307.0,11.6
22068,22308.0,7.274
22069,22309.0,7.044
22070,22310.0,7.085
22071,22311.0,8.118
22072,22312.0,9.895
22073,22313.0,9.51
22074,22314.0,7.475
22075,22315.0,8.4
22076,22316.0,11.057
22077,22317.0,7.044
22078,22318.0,9.109
22079,22319.0,7.246
22080,22320.0,8.158
22081,22321.0,10.016
22082,22322.0,6.722
22083,22323.0,6.843
22084,22324.0,7.556
22085,22325.0,7.234
22086,22326.0,7.395
22087,22328.0,7.395
22088,22329.0,7.205
22089,22330.0,11.48
22090,22331.0,8.158
22091,22332.0,10.096
22092,22333.0,9.068
22093,22334.0,10.897
22094,22335.0,8.667
22095,22336.0,11.32
22096,22337.0,7.998
22097,22338.0,7.246
22098,22339.0,7.286
22099,22340.0,9.791
22100,22341.0,9.55
22101,22342.0,7.435
22102,22343.0,8.359
22103,22344.0,10.977
22104,22345.0,8.279
22105,22346.0,7.716
22106,22347.0,10.216
22107,22348.0,7.676
22108,22349.0,10.016
22109,22350.0,7.326
22110,22351.0,7.475
22111,22352.0,6.44
22112,22353.0,6.964
22113,22354.0,7.314
22114,22355.0,7.435
22115,22356.0,7.556
22116,22357.0,7.165
22117,22358.0,9.791
22118,22359.0,10.136
22119,22360.0,7.556
22120,22361.0,11.56
22121,22362.0,7.917
22122,22363.0,11.76
22123,22364.0,9.389
22124,22365.0,10.296
22125,22366.0,7.355
22126,22367.0,7.085
22127,22368.0,8.038
22128,22369.0,7.716
22129,22370.0,9.028
22130,22371.0,10.416
22131,22372.0,7.395
22132,22373.0,8.078
22133,22374.0,9.855
22134,22375.0,6.924
22135,22376.0,8.52
22136,22377.0,7.246
22137,22378.0,7.917
22138,22379.0,9.389
22139,22380.0,6.601
22140,22381.0,6.803
22141,22382.0,7.596
22142,22383.0,7.165
22143,22384.0,7.435
22144,22385.0,7.395
22145,22386.0,7.274
22146,22387.0,11.48
22147,22388.0,8.199
22148,22389.0,10.056
22149,22390.0,9.149
22150,22391.0,10.857
22151,22392.0,8.707
22152,22393.0,11.32
22153,22394.0,8.078
22154,22395.0,7.286
22155,22396.0,7.326
22156,22397.0,9.895
22157,22398.0,9.43
22158,22399.0,7.515
22159,22400.0,8.44
22160,22401.0,11.017
22161,22402.0,8.118
22162,22403.0,7.716
22163,22404.0,10.136
22164,22405.0,7.676
22165,22406.0,10.056
22166,22407.0,7.326
22167,22408.0,7.515
22168,22409.0,6.239
22169,22410.0,6.924
22170,22411.0,7.515
22171,22412.0,7.395
22172,22413.0,7.877
22173,22414.0,7.286
22174,22415.0,8.747
22175,22416.0,11.64
22176,22417.0,7.877
22177,22418.0,11.28
22178,22419.0,7.998
22179,22420.0,11.6
22180,22422.0,8.118
22181,22423.0,11.76
22182,22424.0,7.274
22183,22425.0,6.924
22184,22426.0,7.044
22185,22427.0,8.199
22186,22428.0,10.056
22187,22429.0,9.269
22188,22430.0,7.515
22189,22431.0,8.52
22190,22432.0,10.937
22191,22433.0,7.085
22192,22434.0,9.229
22193,22435.0,7.286
22194,22436.0,8.199
22195,22437.0,9.871
22196,22438.0,6.803
22197,22439.0,6.722
22198,22440.0,7.676
22199,22441.0,7.274
22200,22442.0,7.395
22201,22443.0,7.435
22202,22444.0,7.435
22203,22445.0,11.16
22204,22446.0,8.601
22205,22447.0,9.149
22206,22448.0,10.296
22207,22449.0,10.296
22208,22450.0,9.109
22209,22451.0,10.937
22210,22452.0,8.667
22211,22453.0,7.246
22212,22454.0,7.286
22213,22455.0,10.897
22214,22456.0,7.917
22215,22457.0,7.797
22216,22458.0,9.269
22217,22459.0,10.176
22218,22460.0,7.435
22219,22461.0,8.239
22220,22462.0,8.908
22221,22463.0,7.837
22222,22464.0,8.908
22223,22465.0,7.286
22224,22466.0,8.038
22225,22467.0,6.521
22226,22468.0,6.964
22227,22469.0,7.314
22228,22470.0,7.435
22229,22471.0,7.515
22230,22472.0,7.274
22231,22473.0,9.855
22232,22474.0,10.016
22233,22475.0,7.515
22234,22476.0,11.56
22235,22477.0,8.078
22236,22478.0,11.76
22237,22479.0,9.43
22238,22480.0,10.176
22239,22481.0,7.314
22240,22482.0,7.085
22241,22483.0,8.158
22242,22484.0,7.676
22243,22485.0,8.948
22244,22486.0,10.496
22245,22487.0,7.355
22246,22488.0,8.038
22247,22489.0,9.791
22248,22490.0,6.924
22249,22491.0,8.44
22250,22492.0,7.205
22251,22493.0,7.837
22252,22494.0,9.269
22253,22495.0,6.521
22254,22496.0,6.883
22255,22497.0,7.475
22256,22498.0,7.757
22257,22499.0,7.246
22258,22500.0,7.366
22259,22501.0,7.125
22260,22502.0,11.68
22261,22503.0,7.917
22262,22504.0,10.697
22263,22505.0,8.868
22264,22506.0,11.24
22265,22507.0,8.158
22266,22508.0,11.56
22267,22509.0,7.676
22268,22510.0,7.085
22269,22511.0,7.125
22270,22512.0,8.908
22271,22513.0,10.536
22272,22515.0,7.395
22273,22516.0,8.118
22274,22517.0,9.791
22275,22518.0,9.63
22276,22519.0,7.395
22277,22520.0,10.857
22278,22521.0,7.556
22279,22522.0,9.189
22280,22523.0,7.797
22281,22524.0,7.274
22282,22525.0,6.722
22283,22526.0,7.676
22284,22527.0,7.395
22285,22528.0,7.395
22286,22529.0,7.435
22287,22530.0,7.556
22288,22531.0,10.857
22289,22532.0,8.828
22290,22533.0,8.359
22291,22534.0,11.16
22292,22535.0,9.831
22293,22536.0,9.71
22294,22537.0,10.576
22295,22538.0,9.149
22296,22539.0,7.286
22297,22540.0,7.205
22298,22541.0,10.256
22299,22542.0,7.395
22300,22543.0,8.158
22301,22544.0,9.895
22302,22545.0,9.389
22303,22546.0,7.435
22304,22547.0,8.44
22305,22548.0,7.757
22306,22549.0,7.998
22307,22550.0,7.757
22308,22551.0,7.395
22309,22552.0,8.239
22310,22553.0,6.521
22311,22554.0,6.924
22312,22555.0,7.515
22313,22556.0,7.475
22314,22557.0,7.797
22315,22558.0,7.246
22316,22559.0,9.028
22317,22560.0,11.24
22318,22561.0,7.797
22319,22562.0,11.36
22320,22563.0,7.877
22321,22564.0,11.64
22322,22565.0,8.48
22323,22566.0,11.4
22324,22567.0,7.234
22325,22568.0,7.004
22326,22569.0,7.044
22327,22570.0,8.038
22328,22571.0,9.791
22329,22572.0,9.63
22330,22573.0,7.395
22331,22574.0,8.4
22332,22575.0,10.857
22333,22576.0,7.044
22334,22577.0,8.988
22335,22578.0,7.205
22336,22579.0,8.118
22337,22580.0,10.096
22338,22581.0,6.763
22339,22582.0,6.883
22340,22583.0,7.596
22341,22584.0,7.165
22342,22585.0,7.435
22343,22586.0,7.395
22344,22587.0,7.246
22345,22588.0,11.48
22346,22589.0,8.199
22347,22590.0,10.056
22348,22591.0,9.149
22349,22592.0,10.857
22350,22593.0,8.747
22351,22594.0,11.32
22352,22595.0,8.078
22353,22596.0,7.246
22354,22597.0,7.326
22355,22598.0,9.855
22356,22599.0,9.51
22357,22600.0,7.435
22358,22601.0,8.44
22359,22602.0,11.017
22360,22603.0,8.158
22361,22604.0,7.757
22362,22605.0,10.176
22363,22606.0,7.676
22364,22608.0,10.056
22365,22609.0,7.286
22366,22610.0,7.515
22367,22611.0,6.601
22368,22612.0,6.964
22369,22613.0,7.205
22370,22614.0,7.395
22371,22615.0,7.395
22372,22616.0,7.877
22373,22617.0,10.336
22374,22618.0,9.349
22375,22619.0,7.475
22376,22620.0,11.68
22377,22621.0,8.868
22378,22622.0,10.897
22379,22623.0,9.935
22380,22624.0,9.47
22381,22625.0,7.326
22382,22626.0,7.125
22383,22627.0,9.149
22384,22628.0,7.475
22385,22629.0,8.467
22386,22630.0,11.017
22387,22631.0,7.998
22388,22632.0,7.757
22389,22633.0,9.109
22390,22634.0,7.044
22391,22635.0,8.279
22392,22636.0,7.246
22393,22637.0,7.636
22394,22638.0,8.788
22395,22639.0,6.44
22396,22640.0,6.843
22397,22641.0,7.556
22398,22642.0,7.435
22399,22643.0,7.395
22400,22644.0,7.395
22401,22645.0,7.205
22402,22646.0,11.56
22403,22647.0,8.158
22404,22648.0,10.176
22405,22649.0,8.988
22406,22650.0,10.937
22407,22651.0,8.627
22408,22652.0,11.32
22409,22653.0,7.998
22410,22654.0,7.246
22411,22655.0,7.286
22412,22656.0,9.71
22413,22657.0,9.67
22414,22658.0,7.395
22415,22659.0,8.44
22416,22660.0,10.857
22417,22661.0,8.4
22418,22662.0,7.676
22419,22663.0,10.336
22420,22664.0,7.716
22421,22665.0,9.975
22422,22666.0,7.286
22423,22667.0,7.515
22424,22668.0,6.601
22425,22669.0,7.044
22426,22670.0,7.205
22427,22671.0,7.435
22428,22672.0,7.475
22429,22673.0,7.837
22430,22674.0,10.336
22431,22675.0,9.309
22432,22676.0,7.475
22433,22677.0,11.68
22434,22678.0,8.908
22435,22679.0,10.857
22436,22680.0,9.975
22437,22681.0,9.43
22438,22682.0,7.274
22439,22683.0,7.125
22440,22684.0,9.189
22441,22685.0,7.435
22442,22686.0,8.44
22443,22687.0,11.017
22444,22688.0,8.038
22445,22689.0,7.757
22446,22690.0,9.109
22447,22691.0,7.044
22448,22692.0,8.239
22449,22693.0,7.205
22450,22694.0,7.636
22451,22695.0,8.788
22452,22696.0,6.44
22453,22697.0,6.924
22454,22698.0,7.475
22455,22699.0,7.676
22456,22701.0,7.205
22457,22702.0,7.355
22458,22703.0,7.355
22459,22704.0,11.72
22460,22705.0,7.877
22461,22706.0,10.817
22462,22707.0,8.627
22463,22708.0,11.28
22464,22709.0,7.998
22465,22710.0,11.6
22466,22711.0,7.596
22467,22712.0,7.044
22468,22713.0,7.085
22469,22714.0,8.667
22470,22715.0,10.737
22471,22716.0,7.355
22472,22717.0,7.958
22473,22718.0,9.47
22474,22719.0,9.895
22475,22720.0,7.314
22476,22721.0,10.456
22477,22722.0,7.475
22478,22723.0,8.948
22479,22724.0,8.279
22480,22725.0,7.154
22481,22726.0,6.803
22482,22727.0,7.716
22483,22728.0,7.274
22484,22729.0,7.395
22485,22730.0,7.435
22486,22731.0,7.475
22487,22732.0,11.08
22488,22733.0,8.627
22489,22734.0,8.988
22490,22735.0,10.456
22491,22736.0,10.176
22492,22737.0,9.189
22493,22738.0,10.857
22494,22739.0,8.747
22495,22740.0,7.286
22496,22741.0,7.205
22497,22742.0,10.737
22498,22743.0,7.556
22499,22744.0,7.877
22500,22745.0,9.349
22501,22746.0,10.016
22502,22747.0,7.355
22503,22748.0,8.319
22504,22749.0,8.707
22505,22750.0,7.877
22506,22751.0,8.707
22507,22752.0,7.326
22508,22753.0,7.958
22509,22754.0,6.4
22510,22755.0,6.964
22511,22756.0,7.556
22512,22757.0,7.515
22513,22758.0,7.877
22514,22759.0,7.286
22515,22760.0,8.828
22516,22761.0,11.56
22517,22762.0,7.837
22518,22763.0,11.28
22519,22764.0,7.958
22520,22765.0,11.6
22521,22766.0,8.239
22522,22767.0,11.68
22523,22768.0,7.274
22524,22769.0,6.883
22525,22770.0,7.044
22526,22771.0,8.158
22527,22772.0,9.975
22528,22773.0,9.349
22529,22774.0,7.475
22530,22775.0,8.44
22531,22776.0,10.977
22532,22777.0,7.085
22533,22778.0,9.189
22534,22779.0,7.246
22535,22780.0,8.199
22536,22781.0,9.951
22537,22782.0,6.763
22538,22783.0,6.883
22539,22784.0,7.596
22540,22785.0,7.246
22541,22786.0,7.435
22542,22787.0,7.395
22543,22788.0,7.205
22544,22789.0,11.52
22545,22790.0,8.158
22546,22791.0,10.136
22547,22792.0,9.109
22548,22794.0,10.897
22549,22795.0,8.707
22550,22796.0,11.32
22551,22797.0,8.038
22552,22798.0,7.246
22553,22799.0,7.286
22554,22800.0,9.775
22555,22801.0,9.55
22556,22802.0,7.435
22557,22803.0,8.4
22558,22804.0,10.977
22559,22805.0,8.279
22560,22806.0,7.676
22561,22807.0,10.296
22562,22808.0,7.676
22563,22809.0,10.096
22564,22810.0,7.274
22565,22811.0,7.556
22566,22812.0,6.682
22567,22813.0,7.556
22568,22814.0,7.274
22569,22815.0,7.435
22570,22816.0,7.515
22571,22817.0,7.757
22572,22818.0,10.616
22573,22819.0,9.028
22574,22820.0,7.556
22575,22821.0,11.76
22576,22822.0,9.349
22577,22823.0,10.296
22578,22824.0,10.256
22579,22825.0,9.068
22580,22826.0,7.326
22581,22827.0,7.165
22582,22828.0,9.71
22583,22829.0,7.395
22584,22830.0,8.44
22585,22831.0,10.616
22586,22832.0,8.707
22587,22833.0,7.596
22588,22834.0,8.747
22589,22835.0,7.044
22590,22836.0,8.118
22591,22837.0,7.246
22592,22838.0,7.515
22593,22839.0,8.52
22594,22840.0,6.561
22595,22841.0,6.924
22596,22842.0,7.556
22597,22843.0,7.395
22598,22844.0,7.877
22599,22845.0,7.274
22600,22846.0,8.788
22601,22847.0,11.6
22602,22848.0,7.877
22603,22849.0,11.32
22604,22850.0,7.998
22605,22851.0,11.64
22606,22852.0,8.199
22607,22853.0,11.68
22608,22854.0,7.274
22609,22855.0,6.924
22610,22856.0,7.044
22611,22857.0,8.158
22612,22858.0,10.016
22613,22859.0,9.349
22614,22860.0,7.475
22615,22861.0,8.44
22616,22862.0,10.977
22617,22863.0,7.044
22618,22864.0,9.189
22619,22865.0,7.246
22620,22866.0,8.199
22621,22867.0,9.935
22622,22868.0,6.803
22623,22869.0,6.883
22624,22870.0,7.596
22625,22871.0,7.205
22626,22872.0,7.515
22627,22873.0,7.435
22628,22874.0,7.274
22629,22875.0,11.48
22630,22876.0,8.239
22631,22877.0,10.096
22632,22878.0,9.189
22633,22879.0,10.897
22634,22880.0,8.707
22635,22881.0,11.32
22636,22882.0,8.038
22637,22883.0,7.246
22638,22884.0,7.286
22639,22885.0,9.815
22640,22886.0,9.47
22641,22888.0,7.435
22642,22889.0,8.4
22643,22890.0,11.017
22644,22891.0,8.199
22645,22892.0,7.716
22646,22893.0,10.176
22647,22894.0,7.676
22648,22895.0,10.056
22649,22896.0,7.326
22650,22897.0,7.515
22651,22898.0,6.642
22652,22899.0,7.004
22653,22900.0,7.234
22654,22901.0,7.435
22655,22902.0,7.515
22656,22903.0,7.917
22657,22904.0,10.376
22658,22905.0,9.349
22659,22906.0,7.515
22660,22907.0,11.68
22661,22908.0,8.948
22662,22909.0,10.817
22663,22910.0,10.056
22664,22911.0,9.389
22665,22912.0,7.314
22666,22913.0,7.125
22667,22914.0,9.229
22668,22915.0,7.435
22669,22916.0,8.44
22670,22917.0,10.977
22671,22918.0,8.078
22672,22919.0,7.757
22673,22920.0,9.109
22674,22921.0,7.044
22675,22922.0,8.239
22676,22923.0,7.205
22677,22924.0,7.636
22678,22925.0,8.747
22679,22926.0,6.44
22680,22927.0,6.883
22681,22928.0,7.475
22682,22929.0,7.596
22683,22930.0,7.205
22684,22931.0,7.475
22685,22932.0,7.355
22686,22933.0,11.76
22687,22934.0,7.877
22688,22935.0,10.897
22689,22936.0,8.507
22690,22937.0,11.36
22691,22938.0,7.917
22692,22939.0,11.64
22693,22940.0,7.556
22694,22941.0,7.004
22695,22942.0,7.044
22696,22943.0,8.507
22697,22944.0,10.937
22698,22945.0,7.757
22699,22946.0,7.877
22700,22947.0,9.269
22701,22948.0,10.136
22702,22949.0,7.234
22703,22950.0,10.216
22704,22951.0,7.435
22705,22952.0,8.788
22706,22953.0,8.601
22707,22954.0,7.033
22708,22955.0,6.722
22709,22956.0,7.676
22710,22957.0,7.314
22711,22958.0,7.355
22712,22959.0,7.475
22713,22960.0,7.475
22714,22961.0,11.017
22715,22962.0,8.627
22716,22963.0,8.788
22717,22964.0,10.657
22718,22965.0,10.096
22719,22966.0,9.309
22720,22967.0,10.777
22721,22968.0,8.828
22722,22969.0,7.314
22723,22970.0,7.246
22724,22971.0,10.616
22725,22972.0,7.355
22726,22973.0,7.958
22727,22974.0,9.55
22728,22975.0,9.855
22729,22976.0,7.395
22730,22977.0,8.44
22731,22978.0,8.44
22732,22979.0,7.917
22733,22981.0,8.44
22734,22982.0,7.314
22735,22983.0,8.038
22736,22984.0,6.32
22737,22985.0,6.964
22738,22986.0,7.435
22739,22987.0,7.395
22740,22988.0,7.958
22741,22989.0,7.314
22742,22990.0,8.627
22743,22991.0,11.8
22744,22992.0,7.958
22745,22993.0,11.24
22746,22994.0,8.078
22747,22995.0,11.6
22748,22996.0,8.038
22749,22997.0,11.8
22750,22998.0,7.355
22751,22999.0,6.924
22752,23000.0,7.085
22753,23001.0,8.239
22754,23002.0,10.216
22755,23003.0,9.149
22756,23004.0,7.556
22757,23005.0,8.547
22758,23006.0,10.937
22759,23007.0,7.085
22760,23008.0,9.349
22761,23009.0,7.286
22762,23010.0,8.279
22763,23011.0,9.791
22764,23012.0,6.843
22765,23013.0,6.883
22766,23014.0,7.596
22767,23015.0,7.165
22768,23016.0,7.515
22769,23017.0,7.395
22770,23018.0,7.274
22771,23019.0,11.4
22772,23020.0,8.279
22773,23021.0,9.855
22774,23022.0,9.349
22775,23023.0,10.737
22776,23024.0,8.868
22777,23025.0,11.24
22778,23026.0,8.158
22779,23027.0,7.246
22780,23028.0,7.355
22781,23029.0,10.136
22782,23030.0,9.189
22783,23031.0,7.515
22784,23032.0,8.547
22785,23033.0,10.857
22786,23034.0,7.716
22787,23035.0,7.837
22788,23036.0,9.895
22789,23037.0,7.716
22790,23038.0,9.911
22791,23039.0,7.314
22792,23040.0,7.596
22793,23041.0,6.601
22794,23042.0,6.964
22795,23043.0,7.205
22796,23044.0,7.395
22797,23045.0,7.475
22798,23046.0,7.877
22799,23047.0,10.376
22800,23048.0,9.349
22801,23049.0,7.475
22802,23050.0,11.68
22803,23051.0,8.908
22804,23052.0,10.857
22805,23053.0,9.975
22806,23054.0,9.43
22807,23055.0,7.314
22808,23056.0,7.165
22809,23057.0,9.189
22810,23058.0,7.435
22811,23059.0,8.507
22812,23060.0,11.0
22813,23061.0,8.038
22814,23062.0,7.757
22815,23063.0,9.109
22816,23064.0,7.044
22817,23065.0,8.279
22818,23066.0,7.246
22819,23067.0,7.636
22820,23068.0,8.788
22821,23069.0,6.44
22822,23070.0,6.924
22823,23071.0,7.475
22824,23072.0,7.515
22825,23074.0,7.314
22826,23075.0,7.395
22827,23076.0,7.877
22828,23077.0,11.84
22829,23078.0,8.199
22830,23079.0,11.04
22831,23080.0,8.319
22832,23081.0,11.44
22833,23082.0,7.917
22834,23083.0,11.72
22835,23084.0,7.435
22836,23085.0,6.964
22837,23086.0,7.004
22838,23087.0,8.4
22839,23088.0,10.937
22840,23089.0,8.359
22841,23090.0,7.797
22842,23091.0,8.948
22843,23092.0,10.496
22844,23093.0,7.194
22845,23094.0,9.815
22846,23095.0,7.395
22847,23096.0,8.56
22848,23097.0,9.109
22849,23098.0,6.913
22850,23099.0,6.803
22851,23100.0,7.596
22852,23101.0,7.234
22853,23102.0,7.355
22854,23103.0,7.435
22855,23104.0,7.355
22856,23105.0,11.28
22857,23106.0,8.4
22858,23107.0,9.47
22859,23108.0,9.855
22860,23109.0,10.496
22861,23110.0,8.948
22862,23111.0,11.04
22863,23112.0,8.426
22864,23113.0,7.274
22865,23114.0,7.326
22866,23115.0,10.857
22867,23116.0,8.359
22868,23117.0,7.716
22869,23118.0,8.948
22870,23119.0,10.456
22871,23120.0,7.355
22872,23121.0,8.078
22873,23122.0,9.309
22874,23123.0,7.797
22875,23124.0,9.269
22876,23125.0,7.314
22877,23126.0,7.917
22878,23127.0,6.481
22879,23128.0,7.004
22880,23129.0,7.355
22881,23130.0,7.475
22882,23131.0,7.596
22883,23132.0,7.165
22884,23133.0,9.791
22885,23134.0,10.216
22886,23135.0,7.556
22887,23136.0,11.52
22888,23137.0,7.837
22889,23138.0,11.76
22890,23139.0,9.309
22891,23140.0,10.416
22892,23141.0,7.395
22893,23142.0,7.085
22894,23143.0,7.917
22895,23144.0,7.757
22896,23145.0,9.109
22897,23146.0,10.336
22898,23147.0,7.395
22899,23148.0,8.158
22900,23149.0,9.975
22901,23150.0,6.924
22902,23151.0,8.547
22903,23152.0,7.205
22904,23153.0,7.958
22905,23154.0,9.47
22906,23155.0,6.601
22907,23156.0,6.883
22908,23157.0,7.515
22909,23158.0,7.797
22910,23159.0,7.286
22911,23160.0,7.395
22912,23161.0,7.125
22913,23162.0,11.68
22914,23163.0,7.917
22915,23164.0,10.657
22916,23165.0,8.868
22917,23166.0,11.2
22918,23168.0,8.158
22919,23169.0,11.52
22920,23170.0,7.676
22921,23171.0,7.085
22922,23172.0,7.085
22923,23173.0,8.948
22924,23174.0,10.416
22925,23175.0,7.395
22926,23176.0,8.118
22927,23177.0,9.855
22928,23178.0,9.47
22929,23179.0,7.395
22930,23180.0,10.857
22931,23181.0,7.596
22932,23182.0,9.189
22933,23183.0,7.676
22934,23184.0,7.194
22935,23185.0,6.722
22936,23186.0,7.596
22937,23187.0,7.395
22938,23188.0,7.395
22939,23189.0,7.435
22940,23190.0,7.515
22941,23191.0,10.937
22942,23192.0,8.788
22943,23193.0,8.507
22944,23194.0,10.96
22945,23195.0,9.895
22946,23196.0,9.55
22947,23197.0,10.697
22948,23198.0,9.028
22949,23199.0,7.274
22950,23200.0,7.205
22951,23201.0,10.416
22952,23202.0,7.355
22953,23203.0,8.078
22954,23204.0,9.735
22955,23205.0,9.59
22956,23206.0,7.395
22957,23207.0,8.4
22958,23208.0,7.998
22959,23209.0,7.958
22960,23210.0,8.158
22961,23211.0,7.636
22962,23212.0,8.44
22963,23213.0,5.917
22964,23214.0,5.756
22965,23215.0,6.763
22966,23216.0,7.596
22967,23217.0,7.314
22968,23218.0,7.355
22969,23219.0,7.475
22970,23220.0,7.314
22971,23221.0,11.36
22972,23222.0,8.319
22973,23223.0,9.71
22974,23224.0,9.63
22975,23225.0,10.657
22976,23226.0,9.109
22977,23227.0,11.16
22978,23228.0,8.359
22979,23229.0,7.314
22980,23230.0,7.475
22981,23231.0,10.576
22982,23232.0,8.667
22983,23233.0,7.636
22984,23234.0,8.788
22985,23235.0,10.616
22986,23236.0,7.355
22987,23237.0,7.998
22988,23238.0,9.55
22989,23239.0,7.757
22990,23240.0,9.55
22991,23241.0,7.326
22992,23242.0,7.797
22993,23243.0,6.642
22994,23244.0,6.964
22995,23245.0,7.205
22996,23246.0,7.395
22997,23247.0,7.395
22998,23248.0,7.877
22999,23249.0,10.296
23000,23250.0,9.389
23001,23251.0,7.435
23002,23252.0,11.68
23003,23253.0,8.868
23004,23254.0,10.897
23005,23255.0,9.975
23006,23256.0,9.47
23007,23257.0,7.274
23008,23258.0,7.165
23009,23259.0,9.149
23010,23261.0,7.475
23011,23262.0,8.467
23012,23263.0,11.017
23013,23264.0,7.958
23014,23265.0,7.797
23015,23266.0,9.109
23016,23267.0,7.044
23017,23268.0,8.239
23018,23269.0,7.234
23019,23270.0,7.636
23020,23271.0,8.788
23021,23272.0,6.4
23022,23273.0,6.924
23023,23274.0,7.435
23024,23275.0,7.596
23025,23276.0,7.165
23026,23277.0,7.475
23027,23278.0,7.475
23028,23279.0,11.8
23029,23280.0,7.958
23030,23281.0,11.017
23031,23282.0,8.426
23032,23283.0,11.44
23033,23284.0,7.877
23034,23285.0,11.68
23035,23286.0,7.475
23036,23287.0,7.004
23037,23288.0,7.004
23038,23289.0,8.467
23039,23290.0,10.977
23040,23291.0,7.998
23041,23292.0,7.757
23042,23293.0,9.189
23043,23294.0,10.216
23044,23295.0,7.274
23045,23296.0,10.056
23046,23297.0,7.435
23047,23298.0,8.707
23048,23299.0,8.828
23049,23300.0,7.033
23050,23301.0,6.883
23051,23302.0,7.596
23052,23303.0,7.194
23053,23304.0,7.355
23054,23305.0,7.395
23055,23306.0,7.274
23056,23307.0,11.32
23057,23308.0,8.359
23058,23309.0,9.63
23059,23310.0,9.67
23060,23311.0,10.576
23061,23312.0,9.149
23062,23313.0,11.08
23063,23314.0,8.319
23064,23315.0,7.246
23065,23316.0,7.435
23066,23317.0,10.576
23067,23318.0,8.587
23068,23319.0,7.596
23069,23320.0,8.828
23070,23321.0,10.576
23071,23322.0,7.355
23072,23323.0,7.958
23073,23324.0,9.51
23074,23325.0,7.757
23075,23326.0,9.51
23076,23327.0,7.326
23077,23328.0,7.837
23078,23329.0,6.481
23079,23330.0,7.004
23080,23331.0,7.314
23081,23332.0,7.475
23082,23333.0,7.556
23083,23334.0,7.205
23084,23335.0,9.791
23085,23336.0,10.176
23086,23337.0,7.515
23087,23338.0,11.56
23088,23339.0,7.877
23089,23340.0,11.8
23090,23341.0,9.309
23091,23342.0,10.336
23092,23343.0,7.355
23093,23344.0,7.165
23094,23345.0,7.998
23095,23346.0,7.757
23096,23347.0,9.028
23097,23348.0,10.416
23098,23349.0,7.395
23099,23350.0,8.199
23100,23351.0,9.895
23101,23353.0,6.964
23102,23354.0,8.547
23103,23355.0,7.286
23104,23356.0,7.917
23105,23357.0,9.47
23106,23358.0,6.521
23107,23359.0,6.763
23108,23360.0,7.676
23109,23361.0,7.355
23110,23362.0,7.395
23111,23363.0,7.475
23112,23364.0,7.435
23113,23365.0,11.16
23114,23366.0,8.587
23115,23367.0,9.068
23116,23368.0,10.376
23117,23369.0,10.256
23118,23370.0,9.149
23119,23371.0,10.897
23120,23372.0,8.707
23121,23373.0,7.286
23122,23374.0,7.246
23123,23375.0,10.777
23124,23376.0,7.596
23125,23377.0,7.877
23126,23378.0,9.349
23127,23379.0,9.975
23128,23380.0,7.395
23129,23381.0,8.319
23130,23382.0,8.627
23131,23383.0,7.877
23132,23384.0,8.627
23133,23385.0,7.314
23134,23386.0,7.998
23135,23387.0,6.521
23136,23388.0,6.964
23137,23389.0,7.355
23138,23390.0,7.475
23139,23391.0,7.596
23140,23392.0,7.194
23141,23393.0,9.55
23142,23394.0,10.496
23143,23395.0,7.596
23144,23396.0,11.48
23145,23397.0,7.837
23146,23398.0,11.76
23147,23399.0,9.028
23148,23400.0,10.657
23149,23401.0,7.314
23150,23402.0,7.085
23151,23403.0,7.475
23152,23404.0,7.837
23153,23405.0,9.269
23154,23406.0,10.136
23155,23407.0,7.355
23156,23408.0,8.279
23157,23409.0,10.216
23158,23410.0,6.964
23159,23411.0,8.667
23160,23412.0,7.205
23161,23413.0,7.998
23162,23414.0,9.791
23163,23415.0,6.642
23164,23416.0,6.924
23165,23417.0,7.475
23166,23418.0,7.797
23167,23419.0,7.246
23168,23420.0,7.395
23169,23421.0,7.085
23170,23422.0,11.72
23171,23423.0,7.917
23172,23424.0,10.657
23173,23425.0,8.828
23174,23426.0,11.24
23175,23427.0,8.158
23176,23428.0,11.56
23177,23429.0,7.676
23178,23430.0,7.125
23179,23431.0,7.085
23180,23432.0,8.988
23181,23433.0,10.416
23182,23434.0,7.435
23183,23435.0,8.118
23184,23436.0,9.935
23185,23437.0,9.43
23186,23438.0,7.475
23187,23439.0,10.857
23188,23440.0,7.596
23189,23441.0,9.309
23190,23442.0,7.556
23191,23443.0,7.314
23192,23444.0,6.763
23193,23445.0,7.757
23194,23447.0,7.395
23195,23448.0,7.395
23196,23449.0,7.475
23197,23450.0,7.515
23198,23451.0,10.977
23199,23452.0,8.747
23200,23453.0,8.587
23201,23454.0,10.897
23202,23455.0,9.975
23203,23456.0,9.51
23204,23457.0,10.697
23205,23458.0,8.988
23206,23459.0,7.286
23207,23460.0,7.205
23208,23461.0,10.456
23209,23462.0,7.355
23210,23463.0,8.038
23211,23464.0,9.695
23212,23465.0,9.67
23213,23466.0,7.395
23214,23467.0,8.467
23215,23468.0,8.158
23216,23469.0,7.958
23217,23470.0,8.158
23218,23471.0,7.355
23219,23472.0,8.118
23220,23473.0,6.44
23221,23474.0,6.964
23222,23475.0,7.556
23223,23476.0,7.475
23224,23477.0,7.877
23225,23478.0,7.286
23226,23479.0,8.788
23227,23480.0,11.6
23228,23481.0,7.877
23229,23482.0,11.32
23230,23483.0,7.958
23231,23484.0,11.64
23232,23485.0,8.199
23233,23486.0,11.68
23234,23487.0,7.274
23235,23488.0,6.924
23236,23489.0,7.044
23237,23490.0,8.199
23238,23491.0,9.975
23239,23492.0,9.389
23240,23493.0,7.475
23241,23494.0,8.467
23242,23495.0,10.977
23243,23496.0,7.125
23244,23497.0,9.149
23245,23498.0,7.314
23246,23499.0,8.158
23247,23500.0,9.935
23248,23501.0,6.763
23249,23502.0,6.803
23250,23503.0,7.676
23251,23504.0,7.355
23252,23505.0,7.395
23253,23506.0,7.475
23254,23507.0,7.435
23255,23508.0,11.12
23256,23509.0,8.587
23257,23510.0,9.028
23258,23511.0,10.456
23259,23512.0,10.216
23260,23513.0,9.189
23261,23514.0,10.857
23262,23515.0,8.707
23263,23516.0,7.286
23264,23517.0,7.246
23265,23518.0,10.777
23266,23519.0,7.636
23267,23520.0,7.877
23268,23521.0,9.349
23269,23522.0,10.056
23270,23523.0,7.395
23271,23524.0,8.279
23272,23525.0,8.747
23273,23526.0,7.877
23274,23527.0,8.788
23275,23528.0,7.314
23276,23529.0,7.998
23277,23530.0,6.44
23278,23531.0,6.964
23279,23532.0,7.355
23280,23533.0,7.475
23281,23534.0,7.636
23282,23535.0,7.165
23283,23536.0,9.51
23284,23537.0,10.496
23285,23538.0,7.596
23286,23540.0,11.52
23287,23541.0,7.877
23288,23542.0,11.76
23289,23543.0,9.068
23290,23544.0,10.616
23291,23545.0,7.355
23292,23546.0,7.085
23293,23547.0,7.556
23294,23548.0,7.797
23295,23549.0,9.229
23296,23550.0,10.216
23297,23551.0,7.395
23298,23552.0,8.279
23299,23553.0,10.136
23300,23554.0,6.964
23301,23555.0,8.627
23302,23556.0,7.246
23303,23557.0,7.958
23304,23558.0,9.63
23305,23559.0,6.601
23306,23560.0,6.924
23307,23561.0,7.515
23308,23562.0,7.917
23309,23563.0,7.274
23310,23564.0,7.435
23311,23565.0,7.165
23312,23566.0,11.72
23313,23567.0,7.998
23314,23568.0,10.576
23315,23569.0,9.028
23316,23570.0,11.2
23317,23571.0,8.279
23318,23572.0,11.56
23319,23573.0,7.757
23320,23574.0,7.205
23321,23575.0,7.165
23322,23576.0,9.189
23323,23577.0,10.256
23324,23578.0,7.435
23325,23579.0,8.239
23326,23580.0,10.136
23327,23581.0,9.189
23328,23582.0,7.475
23329,23583.0,10.777
23330,23584.0,7.636
23331,23585.0,9.389
23332,23586.0,7.286
23333,23587.0,7.314
23334,23588.0,6.763
23335,23589.0,7.636
23336,23590.0,7.395
23337,23591.0,7.435
23338,23592.0,7.475
23339,23593.0,7.556
23340,23594.0,10.897
23341,23595.0,8.788
23342,23596.0,8.48
23343,23597.0,11.04
23344,23598.0,9.855
23345,23599.0,9.59
23346,23600.0,10.657
23347,23601.0,9.068
23348,23602.0,7.274
23349,23603.0,7.246
23350,23604.0,10.376
23351,23605.0,7.395
23352,23606.0,8.118
23353,23607.0,9.815
23354,23608.0,9.55
23355,23609.0,7.435
23356,23610.0,8.359
23357,23611.0,7.998
23358,23612.0,7.958
23359,23613.0,7.958
23360,23614.0,7.355
23361,23615.0,8.199
23362,23616.0,6.481
23363,23617.0,6.964
23364,23618.0,7.515
23365,23619.0,7.515
23366,23620.0,7.837
23367,23621.0,7.274
23368,23622.0,8.868
23369,23623.0,11.52
23370,23624.0,7.877
23371,23625.0,11.32
23372,23626.0,7.958
23373,23627.0,11.64
23374,23628.0,8.279
23375,23629.0,11.72
23376,23630.0,7.274
23377,23631.0,6.964
23378,23633.0,7.044
23379,23634.0,8.199
23380,23635.0,9.935
23381,23636.0,9.43
23382,23637.0,7.435
23383,23638.0,8.44
23384,23639.0,10.977
23385,23640.0,7.085
23386,23641.0,9.109
23387,23642.0,7.286
23388,23643.0,8.158
23389,23644.0,10.016
23390,23645.0,6.763
23391,23646.0,6.924
23392,23647.0,7.596
23393,23648.0,7.234
23394,23649.0,7.435
23395,23650.0,7.435
23396,23651.0,7.274
23397,23652.0,11.4
23398,23653.0,8.279
23399,23654.0,9.751
23400,23655.0,9.51
23401,23656.0,10.697
23402,23657.0,8.988
23403,23658.0,11.16
23404,23659.0,8.239
23405,23660.0,7.246
23406,23661.0,7.395
23407,23662.0,10.296
23408,23663.0,8.908
23409,23664.0,7.556
23410,23665.0,8.667
23411,23666.0,10.737
23412,23667.0,7.395
23413,23668.0,7.877
23414,23669.0,9.751
23415,23670.0,7.757
23416,23671.0,9.751
23417,23672.0,7.274
23418,23673.0,7.716
23419,23674.0,6.159
23420,23675.0,6.924
23421,23676.0,7.435
23422,23677.0,7.596
23423,23678.0,7.165
23424,23679.0,7.475
23425,23680.0,7.395
23426,23681.0,11.8
23427,23682.0,7.917
23428,23683.0,10.977
23429,23684.0,8.426
23430,23685.0,11.44
23431,23686.0,7.917
23432,23687.0,11.68
23433,23688.0,7.475
23434,23689.0,7.044
23435,23690.0,7.004
23436,23691.0,8.507
23437,23692.0,10.937
23438,23693.0,7.877
23439,23694.0,7.837
23440,23695.0,9.269
23441,23696.0,10.136
23442,23697.0,7.274
23443,23698.0,10.136
23444,23699.0,7.475
23445,23700.0,8.747
23446,23701.0,8.707
23447,23702.0,7.033
23448,23703.0,6.843
23449,23704.0,7.676
23450,23705.0,7.314
23451,23706.0,7.395
23452,23707.0,7.515
23453,23708.0,7.395
23454,23709.0,11.2
23455,23710.0,8.507
23456,23711.0,9.269
23457,23712.0,10.176
23458,23713.0,10.376
23459,23714.0,8.988
23460,23715.0,10.977
23461,23716.0,8.587
23462,23717.0,7.246
23463,23718.0,7.246
23464,23719.0,10.897
23465,23720.0,7.958
23466,23721.0,7.797
23467,23722.0,9.189
23468,23723.0,10.216
23469,23724.0,7.395
23470,23725.0,8.199
23471,23726.0,8.948
23472,23728.0,7.837
23473,23729.0,8.948
23474,23730.0,7.314
23475,23731.0,8.038
23476,23732.0,6.4
23477,23733.0,6.924
23478,23734.0,7.475
23479,23735.0,7.515
23480,23736.0,7.797
23481,23737.0,7.234
23482,23738.0,8.908
23483,23739.0,11.36
23484,23740.0,7.837
23485,23741.0,11.32
23486,23742.0,7.917
23487,23743.0,11.64
23488,23744.0,8.319
23489,23745.0,11.56
23490,23746.0,7.274
23491,23747.0,7.004
23492,23748.0,7.044
23493,23749.0,8.078
23494,23750.0,9.855
23495,23751.0,9.47
23496,23752.0,7.435
23497,23753.0,8.386
23498,23754.0,10.977
23499,23755.0,7.044
23500,23756.0,9.068
23501,23757.0,7.246
23502,23758.0,8.118
23503,23759.0,10.016
23504,23760.0,6.763
23505,23761.0,6.803
23506,23762.0,7.596
23507,23763.0,7.246
23508,23764.0,7.366
23509,23765.0,7.475
23510,23766.0,7.314
23511,23767.0,11.32
23512,23768.0,8.319
23513,23769.0,9.67
23514,23770.0,9.63
23515,23771.0,10.616
23516,23772.0,9.109
23517,23773.0,11.16
23518,23774.0,8.319
23519,23775.0,7.286
23520,23776.0,7.435
23521,23777.0,10.576
23522,23778.0,8.667
23523,23779.0,7.676
23524,23780.0,8.788
23525,23781.0,10.657
23526,23782.0,7.355
23527,23783.0,7.998
23528,23784.0,9.55
23529,23785.0,7.757
23530,23786.0,9.55
23531,23787.0,7.286
23532,23788.0,7.837
23533,23789.0,6.601
23534,23790.0,6.964
23535,23791.0,7.246
23536,23792.0,7.435
23537,23793.0,7.435
23538,23794.0,7.958
23539,23795.0,10.136
23540,23796.0,9.59
23541,23797.0,7.395
23542,23798.0,11.64
23543,23799.0,8.547
23544,23800.0,11.28
23545,23801.0,9.791
23546,23802.0,9.735
23547,23803.0,7.314
23548,23804.0,7.165
23549,23805.0,8.788
23550,23806.0,7.556
23551,23807.0,8.627
23552,23808.0,10.817
23553,23809.0,7.556
23554,23810.0,7.917
23555,23811.0,9.389
23556,23812.0,7.004
23557,23813.0,8.319
23558,23814.0,7.246
23559,23815.0,7.716
23560,23816.0,9.028
23561,23817.0,7.355
23562,23818.0,7.435
23563,23819.0,7.797
23564,23821.0,7.596
23565,23822.0,7.165
23566,23823.0,6.883
23567,23824.0,7.165
23568,23825.0,6.239
23569,23826.0,5.716
23570,23827.0,5.716
23571,23828.0,5.917
