dataset,path,extension,bytes,sha256
fixed_2026-03,Ergebnisse_13.03.2026 (feste Reihenfolge)/grid_manifest.csv,.csv,25725,a33d079a54b68adaf93b7a959d53343953f9ef24de02479197cb4f9a2a02a911
fixed_2026-03,Ergebnisse_13.03.2026 (feste Reihenfolge)/grid_manifest_enriched.csv,.csv,36488,896aae43fa1586f0dec76ba1c74490e8c69ca656f4c85f5c918feaa382956497
fixed_2026-03,Ergebnisse_13.03.2026 (feste Reihenfolge)/grid_state.jsonl,.jsonl,12165,0c88cf608ddeee6eaff714412c724e43b634f3d8ca73838584ce0b459c084390
fixed_2026-03,Ergebnisse_13.03.2026 (feste Reihenfolge)/mobilenet_v2_fp16_fast_BS128_bench_meta.json,.json,602,aceafc82b763f4efbd6b97e5a27ad21cae0eb916521115678626369bf849843a
fixed_2026-03,Ergebnisse_13.03.2026 (feste Reihenfolge)/mobilenet_v2_fp16_fast_BS128_perf.csv,.csv,21293,1617ce6cb291632e50401a0351e032e0ed6913e780bc15618c72d66de1fb3a60
fixed_2026-03,Ergebnisse_13.03.2026 (feste Reihenfolge)/mobilenet_v2_fp16_fast_BS128_tegrastats.log,.log,302865,7d7b811b7913c954ca8ba54e2f8f0fc38079ff521d6a514b8a2c32c7a7911bd6
fixed_2026-03,Ergebnisse_13.03.2026 (feste Reihenfolge)/mobilenet_v2_fp16_fast_BS128_tegrastats_power.csv,.csv,13544,fc495b82341882a7bf065c665f51d842d7a1b02f1f83b0e29ae5c7c656ad3463
fixed_2026-03,Ergebnisse_13.03.2026 (feste Reihenfolge)/mobilenet_v2_fp16_fast_BS32_bench_meta.json,.json,603,b86f84c71c5bf7f148bd7ecff523128ae7e147368d46d19d7869c620647aa4e1
fixed_2026-03,Ergebnisse_13.03.2026 (feste Reihenfolge)/mobilenet_v2_fp16_fast_BS32_perf.csv,.csv,80689,386843728d4aea486615dee6538086ba0cd3a8ef4ad397e39c2387b92b1e0c8c
fixed_2026-03,Ergebnisse_13.03.2026 (feste Reihenfolge)/mobilenet_v2_fp16_fast_BS32_tegrastats.log,.log,305689,eaa9315dafeab0481723de96473bff45270323e5cf05c66851d6a8dd69cf77d2
fixed_2026-03,Ergebnisse_13.03.2026 (feste Reihenfolge)/mobilenet_v2_fp16_fast_BS32_tegrastats_power.csv,.csv,13494,3e80c3c1c3dd527a38a9d55f59e31ae6312d1bcca7f85db8715dd59deecc3314
fixed_2026-03,Ergebnisse_13.03.2026 (feste Reihenfolge)/mobilenet_v2_fp16_fast_BS64_bench_meta.json,.json,603,b85fe84e6eb8f1988e8ae23d95546816b511fe411ddc0bf51f02fa394caf405c
fixed_2026-03,Ergebnisse_13.03.2026 (feste Reihenfolge)/mobilenet_v2_fp16_fast_BS64_perf.csv,.csv,41533,7910acabaf91ce61b6bf85205356df2a7c9cd6e9f1a657faeae608e53fced81d
fixed_2026-03,Ergebnisse_13.03.2026 (feste Reihenfolge)/mobilenet_v2_fp16_fast_BS64_tegrastats.log,.log,303420,1ab4c700348a7bd148b3e7cc184309d1a8717de0a56f545a8870b2f8730a9974
fixed_2026-03,Ergebnisse_13.03.2026 (feste Reihenfolge)/mobilenet_v2_fp16_fast_BS64_tegrastats_power.csv,.csv,13540,dddcd4b41afe1bf3213b78c94c27402ec31f2d7f3764e5fd1f2a99694904d262
fixed_2026-03,Ergebnisse_13.03.2026 (feste Reihenfolge)/mobilenet_v2_fp16_medium_BS128_bench_meta.json,.json,605,6f0192d6ab38f1b02d752e9eb594b1fecf21ba0d18dc02ab565a37508f36e2b6
fixed_2026-03,Ergebnisse_13.03.2026 (feste Reihenfolge)/mobilenet_v2_fp16_medium_BS128_perf.csv,.csv,21320,7802902ade93a252e0dc0bdc947aac3a4d179f0c640bb2e5269160677c8b8221
fixed_2026-03,Ergebnisse_13.03.2026 (feste Reihenfolge)/mobilenet_v2_fp16_medium_BS128_tegrastats.log,.log,331496,553070a263b670b260a5c177638b57c6dbed0b37c566133d101fca09d9986883
fixed_2026-03,Ergebnisse_13.03.2026 (feste Reihenfolge)/mobilenet_v2_fp16_medium_BS128_tegrastats_power.csv,.csv,14919,73e0b4760211f6597a2569a7c3db9cf391bc07b2578afd27e492ac5615a72c7a
fixed_2026-03,Ergebnisse_13.03.2026 (feste Reihenfolge)/mobilenet_v2_fp16_medium_BS32_bench_meta.json,.json,605,7b643aef328a2cf8095eafb076392dee38a7dfdfa90ad38563ed35b5648628a0
fixed_2026-03,Ergebnisse_13.03.2026 (feste Reihenfolge)/mobilenet_v2_fp16_medium_BS32_perf.csv,.csv,82405,222871e0246b2d3a5ef7ca3d73415d26b5cfa7d34b7b4edb1be5f0fefa46a34e
fixed_2026-03,Ergebnisse_13.03.2026 (feste Reihenfolge)/mobilenet_v2_fp16_medium_BS32_tegrastats.log,.log,356122,2ba70762c7ed13c7c9b001a75b350fe4358e3f0665c9aeef29bdc00b27f064e1
fixed_2026-03,Ergebnisse_13.03.2026 (feste Reihenfolge)/mobilenet_v2_fp16_medium_BS32_tegrastats_power.csv,.csv,16022,3f36c17c191bd625b4254a9cb25cbf06f7facc17b1c04ffc6b6550f715994d51
fixed_2026-03,Ergebnisse_13.03.2026 (feste Reihenfolge)/mobilenet_v2_fp16_medium_BS64_bench_meta.json,.json,605,aceb35f08194abae8bc589de596f517f467e6c475ba7f6f2e5b955a1ec507200
fixed_2026-03,Ergebnisse_13.03.2026 (feste Reihenfolge)/mobilenet_v2_fp16_medium_BS64_perf.csv,.csv,41539,a460beea69cb484ce4160e6d3337b8b18887fed17507f46b4e687225b3d167d5
fixed_2026-03,Ergebnisse_13.03.2026 (feste Reihenfolge)/mobilenet_v2_fp16_medium_BS64_tegrastats.log,.log,338057,eac427cca1349da1709d1de66a92418f26cd9af46a5928957f43b87ee59956a5
fixed_2026-03,Ergebnisse_13.03.2026 (feste Reihenfolge)/mobilenet_v2_fp16_medium_BS64_tegrastats_power.csv,.csv,15229,4c32bc820595c51e8b578ee3fa70d2039d1c02325ff797a2c4e44cb9319f4678
fixed_2026-03,Ergebnisse_13.03.2026 (feste Reihenfolge)/mobilenet_v2_fp16_slow_BS128_bench_meta.json,.json,604,4b7facd015bc582362875bc3740e5cbc1d32ef5b4739861e194d56e70ae8b572
fixed_2026-03,Ergebnisse_13.03.2026 (feste Reihenfolge)/mobilenet_v2_fp16_slow_BS128_perf.csv,.csv,21239,6f0acc91e9bf37632de51f74f8fb2db387c8c57679b906efa8d98358d21cfca7
fixed_2026-03,Ergebnisse_13.03.2026 (feste Reihenfolge)/mobilenet_v2_fp16_slow_BS128_tegrastats.log,.log,473597,5e76e056723a5b9050d8a266997706fbe124406f8c84e8eca515708290f98269
fixed_2026-03,Ergebnisse_13.03.2026 (feste Reihenfolge)/mobilenet_v2_fp16_slow_BS128_tegrastats_power.csv,.csv,22209,dfcd549529aec9b03534a126f266ec420c25a997850789fe4bf42814b029338c
fixed_2026-03,Ergebnisse_13.03.2026 (feste Reihenfolge)/mobilenet_v2_fp16_slow_BS32_bench_meta.json,.json,606,2decdc5648146e84ef647ae0acdc9cb389c32226fe112cd019a16d721a0c462f
fixed_2026-03,Ergebnisse_13.03.2026 (feste Reihenfolge)/mobilenet_v2_fp16_slow_BS32_perf.csv,.csv,82409,06592cf8ca17993ea4c8e7ee8b9e08076ccf1e207f86eb71bae06072c8009e08
fixed_2026-03,Ergebnisse_13.03.2026 (feste Reihenfolge)/mobilenet_v2_fp16_slow_BS32_tegrastats.log,.log,478542,2198bf5a21c49abddb5697f143966794ab4bd115e5008dfdf699be82d7e06b76
fixed_2026-03,Ergebnisse_13.03.2026 (feste Reihenfolge)/mobilenet_v2_fp16_slow_BS32_tegrastats_power.csv,.csv,22315,ae4c64ed92daf60d66b951e77844599990d350765fde3f1397a6ae62ff4de5d6
fixed_2026-03,Ergebnisse_13.03.2026 (feste Reihenfolge)/mobilenet_v2_fp16_slow_BS64_bench_meta.json,.json,605,75468765e555d1cf612f00a8ee9202b0080818ed5550cd0a4d2a9e9ea255d618
fixed_2026-03,Ergebnisse_13.03.2026 (feste Reihenfolge)/mobilenet_v2_fp16_slow_BS64_perf.csv,.csv,41594,3a3699fb272cf798185e2e97d4e622d190f319121da44b6974234a1af030e2cf
fixed_2026-03,Ergebnisse_13.03.2026 (feste Reihenfolge)/mobilenet_v2_fp16_slow_BS64_tegrastats.log,.log,472687,54b56e52b91a53f41de6e8572b664f47f76e7eec90eb7b21ad63bb8e162edb8b
fixed_2026-03,Ergebnisse_13.03.2026 (feste Reihenfolge)/mobilenet_v2_fp16_slow_BS64_tegrastats_power.csv,.csv,22141,4f3894bae04fe0766707880eb33bf760221d8b77f9b080fd6bf95e18d644aef7
fixed_2026-03,Ergebnisse_13.03.2026 (feste Reihenfolge)/mobilenet_v2_fp32_fast_BS128_bench_meta.json,.json,602,41081bb5a0f531d2eecb73563b23ab419e742bb258abae31eaf467173584a89e
fixed_2026-03,Ergebnisse_13.03.2026 (feste Reihenfolge)/mobilenet_v2_fp32_fast_BS128_perf.csv,.csv,21228,905ca8810163a7db6ce312e4e14bdb89f06a7b2d5cdfaac91346dc1f2eb6613b
fixed_2026-03,Ergebnisse_13.03.2026 (feste Reihenfolge)/mobilenet_v2_fp32_fast_BS128_tegrastats.log,.log,352386,df7ce277f19b56af7faf6bcdbb798166d6b2adee05e7925adb5c8d6cc8b2d3c4
fixed_2026-03,Ergebnisse_13.03.2026 (feste Reihenfolge)/mobilenet_v2_fp32_fast_BS128_tegrastats_power.csv,.csv,15867,f44f40b02b1424f6a88e63df5cbbff0384ec4637191e2d5252ee9c1a7069a81c
fixed_2026-03,Ergebnisse_13.03.2026 (feste Reihenfolge)/mobilenet_v2_fp32_fast_BS32_bench_meta.json,.json,605,80e44a2920e3afefc220bee338b1be57692eb0251b63aaa6da21e2b0898a6994
fixed_2026-03,Ergebnisse_13.03.2026 (feste Reihenfolge)/mobilenet_v2_fp32_fast_BS32_perf.csv,.csv,82436,e8d930fbb92dd1d4b2cd14d6e7f665acdd7bfbb00235da29a29ef125499ea8bd
fixed_2026-03,Ergebnisse_13.03.2026 (feste Reihenfolge)/mobilenet_v2_fp32_fast_BS32_tegrastats.log,.log,340502,ddd72b0edd26b04eac7109a7c1d1b11a919b8a8a7f70a6aec3c1e73e8147432b
fixed_2026-03,Ergebnisse_13.03.2026 (feste Reihenfolge)/mobilenet_v2_fp32_fast_BS32_tegrastats_power.csv,.csv,15233,5cd0df6a5e3cf7b358ed7d8beb3076dca68ecfac6e29dd3a954e779bb9ea55de
fixed_2026-03,Ergebnisse_13.03.2026 (feste Reihenfolge)/mobilenet_v2_fp32_fast_BS64_bench_meta.json,.json,599,2caedf206ae22cdc29c15da61519ea84cb57aa277d0a7006b60f751a9143564f
fixed_2026-03,Ergebnisse_13.03.2026 (feste Reihenfolge)/mobilenet_v2_fp32_fast_BS64_perf.csv,.csv,41540,74514a555c178f8f54ba0a073f92d726942f23a365aedf657ab6c350f7482490
fixed_2026-03,Ergebnisse_13.03.2026 (feste Reihenfolge)/mobilenet_v2_fp32_fast_BS64_tegrastats.log,.log,346058,662c005c84a4dc20f675ea374427b65c35a3bf68335ff7fe905c530dd77658b9
fixed_2026-03,Ergebnisse_13.03.2026 (feste Reihenfolge)/mobilenet_v2_fp32_fast_BS64_tegrastats_power.csv,.csv,15508,941234eb75a03e7fe8384bdc4c5f41f77303db9fa6f8b430e7d5d05ff2d937fc
fixed_2026-03,Ergebnisse_13.03.2026 (feste Reihenfolge)/mobilenet_v2_fp32_medium_BS128_bench_meta.json,.json,602,0d5f130c0770526e320bdff9717b84e172f62a43f46fc8c46720d876c5b9cbe3
fixed_2026-03,Ergebnisse_13.03.2026 (feste Reihenfolge)/mobilenet_v2_fp32_medium_BS128_perf.csv,.csv,21207,1c76b29393eec515307ac42d8463ed6c8ad9d374b35cb2481c4fa7b47b40d472
fixed_2026-03,Ergebnisse_13.03.2026 (feste Reihenfolge)/mobilenet_v2_fp32_medium_BS128_tegrastats.log,.log,370309,35431ecf200c1590620d32ed37d50112864173c82b619ee79140d7ba895ca157
fixed_2026-03,Ergebnisse_13.03.2026 (feste Reihenfolge)/mobilenet_v2_fp32_medium_BS128_tegrastats_power.csv,.csv,16772,e58e7176503c8911d38b378661ec8868cfc80afca576523bc91233b0242f09c6
fixed_2026-03,Ergebnisse_13.03.2026 (feste Reihenfolge)/mobilenet_v2_fp32_medium_BS32_bench_meta.json,.json,606,0b0b96b3c619a5c8a43d4bdc3f211cd6c778369728828246d7ade6fe7e69ebad
fixed_2026-03,Ergebnisse_13.03.2026 (feste Reihenfolge)/mobilenet_v2_fp32_medium_BS32_perf.csv,.csv,82413,e50a7386e2efa42391b4457394812d68561a3a43719c55e51c5e7b20a8fb3014
fixed_2026-03,Ergebnisse_13.03.2026 (feste Reihenfolge)/mobilenet_v2_fp32_medium_BS32_tegrastats.log,.log,381046,2442e17f4953eff4bf8d2693fd030c09a6effa7784594958c5330999c8f989af
fixed_2026-03,Ergebnisse_13.03.2026 (feste Reihenfolge)/mobilenet_v2_fp32_medium_BS32_tegrastats_power.csv,.csv,17268,8f94759bd2c911f3a750bff0c69146241d2677d043d5601cbef20b37dcac99e0
fixed_2026-03,Ergebnisse_13.03.2026 (feste Reihenfolge)/mobilenet_v2_fp32_medium_BS64_bench_meta.json,.json,603,fed8ff6ca60b7463bc7865b469b9dbfe35884150b85c2207df575768021314a5
fixed_2026-03,Ergebnisse_13.03.2026 (feste Reihenfolge)/mobilenet_v2_fp32_medium_BS64_perf.csv,.csv,41531,10c4c513f6d066cc6cc1074a0293856d73e939f30853729187a21de03681f875
fixed_2026-03,Ergebnisse_13.03.2026 (feste Reihenfolge)/mobilenet_v2_fp32_medium_BS64_tegrastats.log,.log,372260,8c59b768091058ac3d0f5766f868c9360ba93ff45a2899de1d963b23d1505df0
fixed_2026-03,Ergebnisse_13.03.2026 (feste Reihenfolge)/mobilenet_v2_fp32_medium_BS64_tegrastats_power.csv,.csv,16841,2e2ec361ba162e7f36d44d5f0a0f7f5f390a0bc4de2ccb967ef4899760e9f1f0
fixed_2026-03,Ergebnisse_13.03.2026 (feste Reihenfolge)/mobilenet_v2_fp32_slow_BS128_bench_meta.json,.json,605,6d2b6c7d323f272eb2afd27a134799492d5928747d6a88edd156843842e4b6eb
fixed_2026-03,Ergebnisse_13.03.2026 (feste Reihenfolge)/mobilenet_v2_fp32_slow_BS128_perf.csv,.csv,21646,98fdc13600ab55c01882f805ff82aefb7601bbb8d1bb48572c03eb0010873113
fixed_2026-03,Ergebnisse_13.03.2026 (feste Reihenfolge)/mobilenet_v2_fp32_slow_BS128_tegrastats.log,.log,540236,37b5d3f11e8182ed62f2fc7652b66948f6bf06f4dee1c0610ea1c68060c64c17
fixed_2026-03,Ergebnisse_13.03.2026 (feste Reihenfolge)/mobilenet_v2_fp32_slow_BS128_tegrastats_power.csv,.csv,25664,ae2f879e410b56149639e05f524b8d2f106cdd3264974cbbca961959a0243bd0
fixed_2026-03,Ergebnisse_13.03.2026 (feste Reihenfolge)/mobilenet_v2_fp32_slow_BS32_bench_meta.json,.json,603,9de70c6fdb7c37556640cbe86417fbe08cb0ffe08f7023099b0592701fc2040b
fixed_2026-03,Ergebnisse_13.03.2026 (feste Reihenfolge)/mobilenet_v2_fp32_slow_BS32_perf.csv,.csv,82239,cf6686a02d27ca9771eab8938668faffccab6734f0e3af9ebdadff7fa71c3c30
fixed_2026-03,Ergebnisse_13.03.2026 (feste Reihenfolge)/mobilenet_v2_fp32_slow_BS32_tegrastats.log,.log,520654,5af68868c928a07ab5b6e5abb594550f5a76423ae40ec7e4d64e46c09303dd4b
fixed_2026-03,Ergebnisse_13.03.2026 (feste Reihenfolge)/mobilenet_v2_fp32_slow_BS32_tegrastats_power.csv,.csv,24526,0d2d960b47cd42ce6c257989da1a089468dca1ed284d9ad54a60be913e06a094
fixed_2026-03,Ergebnisse_13.03.2026 (feste Reihenfolge)/mobilenet_v2_fp32_slow_BS64_bench_meta.json,.json,602,98a7aca9a98882dbf98ee41475c5e6cd9b30ad5075a86f0e8a396bf0c5dc2d19
fixed_2026-03,Ergebnisse_13.03.2026 (feste Reihenfolge)/mobilenet_v2_fp32_slow_BS64_perf.csv,.csv,41317,e0ff8b3e8b6f2ef30385da2d555f46572e68919f2ecb439b6ada3fa8bcb7c78d
fixed_2026-03,Ergebnisse_13.03.2026 (feste Reihenfolge)/mobilenet_v2_fp32_slow_BS64_tegrastats.log,.log,534827,0d029e202f6dd56655663d73ebe77ba5e823c0943bac7920a7744dfa964ddbd0
fixed_2026-03,Ergebnisse_13.03.2026 (feste Reihenfolge)/mobilenet_v2_fp32_slow_BS64_tegrastats_power.csv,.csv,25369,84313e4324fb9566912f37db816d40640d66745c40e43122698a0d39a12d80e3
fixed_2026-03,Ergebnisse_13.03.2026 (feste Reihenfolge)/mobilenet_v2_fp64_fast_BS128_bench_meta.json,.json,601,06d6687c95533ac13cbbb8945eacef6cb0e84921cd70efaa6544f4c63949956e
fixed_2026-03,Ergebnisse_13.03.2026 (feste Reihenfolge)/mobilenet_v2_fp64_fast_BS128_perf.csv,.csv,21235,fdb56e1414bdfef8eaac3661cc08c807d397bc86dba1b8e2b3c559c990929055
fixed_2026-03,Ergebnisse_13.03.2026 (feste Reihenfolge)/mobilenet_v2_fp64_fast_BS128_tegrastats.log,.log,1328628,d96f8a7dae3c24c97db446190576108f7c4978e571df462dbfc58f58fc9c70d6
fixed_2026-03,Ergebnisse_13.03.2026 (feste Reihenfolge)/mobilenet_v2_fp64_fast_BS128_tegrastats_power.csv,.csv,65738,83f4d797f6f273fc2942936123f3a7c5e2b2201e5893864d626ce4eb9269c91d
fixed_2026-03,Ergebnisse_13.03.2026 (feste Reihenfolge)/mobilenet_v2_fp64_fast_BS32_bench_meta.json,.json,604,30fd271136da7650f9990f7dd4bc72a2e8639b15b3bf687fd68c6804c45a71ff
fixed_2026-03,Ergebnisse_13.03.2026 (feste Reihenfolge)/mobilenet_v2_fp64_fast_BS32_perf.csv,.csv,82471,dece43e8b760239c142f8bdca146458be4ab5dcc325b954a2688bf168ec09cdb
fixed_2026-03,Ergebnisse_13.03.2026 (feste Reihenfolge)/mobilenet_v2_fp64_fast_BS32_tegrastats.log,.log,1058295,cb0f684caf58aa3f3b09a590839fc9baacd270ae6d94099568208c5890596d62
fixed_2026-03,Ergebnisse_13.03.2026 (feste Reihenfolge)/mobilenet_v2_fp64_fast_BS32_tegrastats_power.csv,.csv,51627,8a11a931f6e7023eadb051d0a834b292caa2c5639b1016c16717674ae1f9a206
fixed_2026-03,Ergebnisse_13.03.2026 (feste Reihenfolge)/mobilenet_v2_fp64_fast_BS64_bench_meta.json,.json,604,02763a006919532dbb1283adff67a482be1aa8aea7252466b52abd1dd15a2c59
fixed_2026-03,Ergebnisse_13.03.2026 (feste Reihenfolge)/mobilenet_v2_fp64_fast_BS64_perf.csv,.csv,41577,55a809cf04afe29fbc0f044fc9c88d79d0ca498c4965e149ebffbeb1677b24dd
fixed_2026-03,Ergebnisse_13.03.2026 (feste Reihenfolge)/mobilenet_v2_fp64_fast_BS64_tegrastats.log,.log,1146070,c674c3f8124d16d81a55895957e5ecbafb451dc92399af3fb70cce204c896e00
fixed_2026-03,Ergebnisse_13.03.2026 (feste Reihenfolge)/mobilenet_v2_fp64_fast_BS64_tegrastats_power.csv,.csv,56384,f1b6bc44ec2a3ba85906e0fe7fdf5d8620f514c55ed59bac5944862c03460da2
fixed_2026-03,Ergebnisse_13.03.2026 (feste Reihenfolge)/mobilenet_v2_fp64_medium_BS128_bench_meta.json,.json,603,5496a9f5387af62827b209363568e95c2dc90e7921526962bd80e6d2ad2bdbc0
fixed_2026-03,Ergebnisse_13.03.2026 (feste Reihenfolge)/mobilenet_v2_fp64_medium_BS128_perf.csv,.csv,21247,32ae12c2f8a31c8883231d80a2e5e6b620afe95085450edd362a531cf793136a
fixed_2026-03,Ergebnisse_13.03.2026 (feste Reihenfolge)/mobilenet_v2_fp64_medium_BS128_tegrastats.log,.log,1504282,bca3d5ef0a0b9d711ff37ea0030e5159275249506f8f8b1e841316c68ca4a92a
fixed_2026-03,Ergebnisse_13.03.2026 (feste Reihenfolge)/mobilenet_v2_fp64_medium_BS128_tegrastats_power.csv,.csv,75310,e2dae6c5f71b68f3e8f7d129b481fb85cc2a59990a801439d96a5c18b8e6235d
fixed_2026-03,Ergebnisse_13.03.2026 (feste Reihenfolge)/mobilenet_v2_fp64_medium_BS32_bench_meta.json,.json,605,c6691dfe9d7cd68fae3754811cdb3172a4f7038fff7732889e55dacfda3e0b89
fixed_2026-03,Ergebnisse_13.03.2026 (feste Reihenfolge)/mobilenet_v2_fp64_medium_BS32_perf.csv,.csv,82421,090bbfb2a50d2863df9549a083e042983b35e2620d9462adf8b7f3981fc76118
fixed_2026-03,Ergebnisse_13.03.2026 (feste Reihenfolge)/mobilenet_v2_fp64_medium_BS32_tegrastats.log,.log,1083198,d00432c46a3b8b9d47545b84842c80cf23f2348532a17c43c13690570e0fc83e
fixed_2026-03,Ergebnisse_13.03.2026 (feste Reihenfolge)/mobilenet_v2_fp64_medium_BS32_tegrastats_power.csv,.csv,53588,f3f8c14db7dfdb9cd27a794a83e466fc041db18c128fe149c558d65ca5d9c815
fixed_2026-03,Ergebnisse_13.03.2026 (feste Reihenfolge)/mobilenet_v2_fp64_medium_BS64_bench_meta.json,.json,603,af3b87bceff8b397b386f372cef91d56cb154ae7a040d8feb70965ba34d68715
fixed_2026-03,Ergebnisse_13.03.2026 (feste Reihenfolge)/mobilenet_v2_fp64_medium_BS64_perf.csv,.csv,41578,d5ba0336d40b7db3992476776f269eecb2e9ae7ca66de2f0107734a2bf28e349
fixed_2026-03,Ergebnisse_13.03.2026 (feste Reihenfolge)/mobilenet_v2_fp64_medium_BS64_tegrastats.log,.log,1176787,b63cfd9027f3ca84db5c36a331615e19230ddb3bd7483629d473e237f866e73f
fixed_2026-03,Ergebnisse_13.03.2026 (feste Reihenfolge)/mobilenet_v2_fp64_medium_BS64_tegrastats_power.csv,.csv,58253,9125ae3df73db2eb25e3fbd1c95a1f95d0fbf50a43657919e8cac9e9fd1ab547
fixed_2026-03,Ergebnisse_13.03.2026 (feste Reihenfolge)/mobilenet_v2_fp64_slow_BS128_bench_meta.json,.json,605,13c3875a544e7e00bf039936b35c0837933e5bdca6b509e503e72bc4721d75cd
fixed_2026-03,Ergebnisse_13.03.2026 (feste Reihenfolge)/mobilenet_v2_fp64_slow_BS128_perf.csv,.csv,21634,56e321f9937897f23db0d21a215988d332b4e70611b133c3bec585e0507c1746
fixed_2026-03,Ergebnisse_13.03.2026 (feste Reihenfolge)/mobilenet_v2_fp64_slow_BS128_tegrastats.log,.log,2420624,b4037006bfcfd806e55b845d230638bb06d2da19ce81ddb2b09f0c0fa2953a42
fixed_2026-03,Ergebnisse_13.03.2026 (feste Reihenfolge)/mobilenet_v2_fp64_slow_BS128_tegrastats_power.csv,.csv,123959,159f509654be87f8e9e44a6428573f130bc38a8abfd5f880981b5b51c51e068f
fixed_2026-03,Ergebnisse_13.03.2026 (feste Reihenfolge)/mobilenet_v2_fp64_slow_BS32_bench_meta.json,.json,605,83b8810ece0fef6cc9b7327a2480e11284f66ac075c9348207fae33fa15469f6
fixed_2026-03,Ergebnisse_13.03.2026 (feste Reihenfolge)/mobilenet_v2_fp64_slow_BS32_perf.csv,.csv,82329,f9e56e4744a1ff3750ec9bc72cc23a25d5246ab9992d843dac1d3e926bc7474a
fixed_2026-03,Ergebnisse_13.03.2026 (feste Reihenfolge)/mobilenet_v2_fp64_slow_BS32_tegrastats.log,.log,1948621,877eb16d7ea8ff6e62bce7dbe83ea83680a3fe31b9324fbf120d0bfac3ae4e4c
fixed_2026-03,Ergebnisse_13.03.2026 (feste Reihenfolge)/mobilenet_v2_fp64_slow_BS32_tegrastats_power.csv,.csv,99287,a2632f9f0d5195e073304af5ca1364dbd6cf81c1ba516a32625135e40f07ca78
fixed_2026-03,Ergebnisse_13.03.2026 (feste Reihenfolge)/mobilenet_v2_fp64_slow_BS64_bench_meta.json,.json,602,770dbfa1ca6e8b1a1b67c449fc99231d8b64d082232894293a1de13a3cd8fb06
fixed_2026-03,Ergebnisse_13.03.2026 (feste Reihenfolge)/mobilenet_v2_fp64_slow_BS64_perf.csv,.csv,41395,6748b2e668dcc4c56c93a25d2d3889a0fd06acad8dfc9541ec58075ab708b993
fixed_2026-03,Ergebnisse_13.03.2026 (feste Reihenfolge)/mobilenet_v2_fp64_slow_BS64_tegrastats.log,.log,2123519,87b8d7527385da77bb5f3a26e9de6f93e244040d78ff435d08b51d6f2ecbabf8
fixed_2026-03,Ergebnisse_13.03.2026 (feste Reihenfolge)/mobilenet_v2_fp64_slow_BS64_tegrastats_power.csv,.csv,108227,83dc7e63a8c3c9a89016b1b3baeaf18c06fe1668025ad233f2f01afbb60d26b7
fixed_2026-03,Ergebnisse_13.03.2026 (feste Reihenfolge)/plots/01_throughput_vs_power__mobilenet_v2__fp16.svg,.svg,16468,0df5c243a9e1e5e4794d1223471aa8d4976f24bb83ca536810b330ffcea8215d
fixed_2026-03,Ergebnisse_13.03.2026 (feste Reihenfolge)/plots/01_throughput_vs_power__mobilenet_v2__fp32.svg,.svg,16542,898aec726c87b3da34507f31615975c7ac97d8fae3a208701bb55b05fb84baa3
fixed_2026-03,Ergebnisse_13.03.2026 (feste Reihenfolge)/plots/01_throughput_vs_power__mobilenet_v2__fp64.svg,.svg,16508,714a062af26a9e36457e21367cc804f5162f0db55f7cfcacfdeff5c18fdd197d
fixed_2026-03,Ergebnisse_13.03.2026 (feste Reihenfolge)/plots/01_throughput_vs_power__resnet50__fp16.svg,.svg,16541,ad2778f2c478eb6e299c8ccd0deb0aab195f0d6157759f1a99c0183db0aa39f4
fixed_2026-03,Ergebnisse_13.03.2026 (feste Reihenfolge)/plots/01_throughput_vs_power__resnet50__fp32.svg,.svg,16533,1affb79eba862597d7e9dbabd8eedbe47273e61bbb558e898472096faa47d9c2
fixed_2026-03,Ergebnisse_13.03.2026 (feste Reihenfolge)/plots/01_throughput_vs_power__resnet50__fp64.svg,.svg,16528,124ba4a134c3f7b6ee857b78bec144dc9729c1565b29899e7068e1f91b867b86
fixed_2026-03,Ergebnisse_13.03.2026 (feste Reihenfolge)/plots/01_throughput_vs_power_facet.svg,.svg,68195,559f698db58d11a406683596bcff5e28dbb0b7ffa9493aabd66e38cf6b88e107
fixed_2026-03,Ergebnisse_13.03.2026 (feste Reihenfolge)/plots/02_energy_per_image_vs_batch_facet.svg,.svg,66941,ff13f1f48a6dc068d40f62c372daa4de7d0d99ec5200c6cf15e0517e8f938972
fixed_2026-03,Ergebnisse_13.03.2026 (feste Reihenfolge)/plots/03_images_per_joule_vs_batch_facet.svg,.svg,64492,7626a2e74cea3a398fec430cb0108359727b1586970ac339eb69317e48026989
fixed_2026-03,Ergebnisse_13.03.2026 (feste Reihenfolge)/plots/04_energy_per_batch_vs_batch_facet.svg,.svg,70856,af0a78b2f7d86f8be97643d0c36f86946e1c7c1babac6b98f324c2082e008f50
fixed_2026-03,Ergebnisse_13.03.2026 (feste Reihenfolge)/plots/05_throughput_vs_latency_facet.svg,.svg,69502,6c4d6a428cd7c2eaf17634b271b3738ef890bf9d8c2b497eb3e63162aefc249e
fixed_2026-03,Ergebnisse_13.03.2026 (feste Reihenfolge)/plots/06_throughput_vs_edp_per_image_facet.svg,.svg,67959,4ec74578b6baeff7cf5506b1f229ad048f3c1f31020c736f279bc2ee1b565b64
fixed_2026-03,Ergebnisse_13.03.2026 (feste Reihenfolge)/resnet50_fp16_fast_BS128_bench_meta.json,.json,599,bac24e9de7ce622005844901cab3215b8b0554b9e184b9bd854016e592c4edf8
fixed_2026-03,Ergebnisse_13.03.2026 (feste Reihenfolge)/resnet50_fp16_fast_BS128_perf.csv,.csv,21229,2e7d580b7c051a2e181b7b1f56fa8104a066690f4d8d74e556ca3e083deaaef8
fixed_2026-03,Ergebnisse_13.03.2026 (feste Reihenfolge)/resnet50_fp16_fast_BS128_tegrastats.log,.log,360276,483a39c3d8099e93b9a33b791e34a1f61d11ffbcbf870fe9f84eb162022173a5
fixed_2026-03,Ergebnisse_13.03.2026 (feste Reihenfolge)/resnet50_fp16_fast_BS128_tegrastats_power.csv,.csv,16260,f8201e8cae811a68935309fcc40c9b69a502c6374834efab30eece33aed9084a
fixed_2026-03,Ergebnisse_13.03.2026 (feste Reihenfolge)/resnet50_fp16_fast_BS32_bench_meta.json,.json,601,c9a7aaf07691c0cbc1c0da89da6d3e7690085ed3973b5b85609afed61b65ecc8
fixed_2026-03,Ergebnisse_13.03.2026 (feste Reihenfolge)/resnet50_fp16_fast_BS32_perf.csv,.csv,82427,f93f840f68e1c6bc308f174d360fb6d9ea9a2b290fc64884d033785c7cb210c6
fixed_2026-03,Ergebnisse_13.03.2026 (feste Reihenfolge)/resnet50_fp16_fast_BS32_tegrastats.log,.log,357459,c9413bbb95c18a5a86979985e2a643ad8f466d1802f3dbc5ea6481b823215bfd
fixed_2026-03,Ergebnisse_13.03.2026 (feste Reihenfolge)/resnet50_fp16_fast_BS32_tegrastats_power.csv,.csv,16028,fad4c13ac5532185200c23f8e9bc0f685101e6b7446b3bba8c21c84ce0fc57cd
fixed_2026-03,Ergebnisse_13.03.2026 (feste Reihenfolge)/resnet50_fp16_fast_BS64_bench_meta.json,.json,599,c3d187052b5bbccfa86e05d9089194a8797643a7decb8027e83ad1e8e7b6e3cc
fixed_2026-03,Ergebnisse_13.03.2026 (feste Reihenfolge)/resnet50_fp16_fast_BS64_perf.csv,.csv,41498,dc03d8f81d48f16f315fb9e6d2461a592c4060f5165b493be1e14d06a1bd82b0
fixed_2026-03,Ergebnisse_13.03.2026 (feste Reihenfolge)/resnet50_fp16_fast_BS64_tegrastats.log,.log,357435,24f86f2084a7fb9672f6420f4a175357b0b7e4e916e73853dda655db2d05f55b
fixed_2026-03,Ergebnisse_13.03.2026 (feste Reihenfolge)/resnet50_fp16_fast_BS64_tegrastats_power.csv,.csv,16029,f187bf157cbd6a2c094e7a0a9a222f106a18087c3b6bbf484c9e1fe1d5ea6d4a
fixed_2026-03,Ergebnisse_13.03.2026 (feste Reihenfolge)/resnet50_fp16_medium_BS128_bench_meta.json,.json,597,051e81e22ae5729fe103a3dfca7dafa11e357f0077017556adf2f27d60a3a065
fixed_2026-03,Ergebnisse_13.03.2026 (feste Reihenfolge)/resnet50_fp16_medium_BS128_perf.csv,.csv,21272,7346de6e0df14893918c479a682df2e6297777bc2406f9f3b75214b56669d5d2
fixed_2026-03,Ergebnisse_13.03.2026 (feste Reihenfolge)/resnet50_fp16_medium_BS128_tegrastats.log,.log,376024,cfbf8f14e44423248cf3c0aafb44ee0c37dc5f6f79cd5afddb7f50d899a45200
fixed_2026-03,Ergebnisse_13.03.2026 (feste Reihenfolge)/resnet50_fp16_medium_BS128_tegrastats_power.csv,.csv,17085,b6584c558d5b0df89c8d12092d1eef46f92275800c0fc7051a1790db27226ca8
fixed_2026-03,Ergebnisse_13.03.2026 (feste Reihenfolge)/resnet50_fp16_medium_BS32_bench_meta.json,.json,603,f68f53b302cbc8de7eca61594ab7e453e7411dede790e2fbf5648270214cb2ba
fixed_2026-03,Ergebnisse_13.03.2026 (feste Reihenfolge)/resnet50_fp16_medium_BS32_perf.csv,.csv,82416,099d101fb15ba8380c5009d018df74b9dcae1705e384998af0824bbac7b4f21b
fixed_2026-03,Ergebnisse_13.03.2026 (feste Reihenfolge)/resnet50_fp16_medium_BS32_tegrastats.log,.log,400515,c8ca7704804d385948a495bae2e56da8bf02dc19f0303b956ca3bf6cea5fea20
fixed_2026-03,Ergebnisse_13.03.2026 (feste Reihenfolge)/resnet50_fp16_medium_BS32_tegrastats_power.csv,.csv,18230,cdc740005bb3c3f3c8404384015fc9d6a129461056054eb21c6b20f4157e06ae
fixed_2026-03,Ergebnisse_13.03.2026 (feste Reihenfolge)/resnet50_fp16_medium_BS64_bench_meta.json,.json,600,e9f56efdabeefb4343b59e731a21802cf1470040395f3c59d0ab7d62425a9abf
fixed_2026-03,Ergebnisse_13.03.2026 (feste Reihenfolge)/resnet50_fp16_medium_BS64_perf.csv,.csv,41447,268eaeb22d03b89d1924488fc7369757c2140a1ee1718706339e9c3d38bf41ab
fixed_2026-03,Ergebnisse_13.03.2026 (feste Reihenfolge)/resnet50_fp16_medium_BS64_tegrastats.log,.log,384873,8a230ebb3f7b939fe5c6ef4807d9e044d9a25528249bd2caa0059b4eee4f8849
fixed_2026-03,Ergebnisse_13.03.2026 (feste Reihenfolge)/resnet50_fp16_medium_BS64_tegrastats_power.csv,.csv,17529,420a8c96774471b5b373940ecd6bbb30623d2cf426b6b80afeb99771d1a4a2cd
fixed_2026-03,Ergebnisse_13.03.2026 (feste Reihenfolge)/resnet50_fp16_slow_BS128_bench_meta.json,.json,603,c64286f0d39059235c0f9cd29c6fabf314538cd74ec28c0a2b4d8e884d2b0d68
fixed_2026-03,Ergebnisse_13.03.2026 (feste Reihenfolge)/resnet50_fp16_slow_BS128_perf.csv,.csv,21653,4f7153851ed36a7a582878b6f7ec0e3b0226fe6d91222648f756f25884a67681
fixed_2026-03,Ergebnisse_13.03.2026 (feste Reihenfolge)/resnet50_fp16_slow_BS128_tegrastats.log,.log,557052,d82b9a35da36bfbc7aee9cea5be189f38ea56fda1063fd2754365101adbbb7c3
fixed_2026-03,Ergebnisse_13.03.2026 (feste Reihenfolge)/resnet50_fp16_slow_BS128_tegrastats_power.csv,.csv,26519,182971693bf74a5c8455f7ac6b44d94865b5565d395bfdbbdc0baaf49eec6560
fixed_2026-03,Ergebnisse_13.03.2026 (feste Reihenfolge)/resnet50_fp16_slow_BS32_bench_meta.json,.json,602,e4f43a663a7918d326d4157279a205c142761057038a974f3cc40240a95ded31
fixed_2026-03,Ergebnisse_13.03.2026 (feste Reihenfolge)/resnet50_fp16_slow_BS32_perf.csv,.csv,82101,95eaaa8e9e3335dda5cea8502259cf37f029dea7e50b9eddbf137fa76857aefe
fixed_2026-03,Ergebnisse_13.03.2026 (feste Reihenfolge)/resnet50_fp16_slow_BS32_tegrastats.log,.log,541544,7e16c6a4387674c89f84e13e3b1625bf2baf5b24ab28d9050e8109ef67498d05
fixed_2026-03,Ergebnisse_13.03.2026 (feste Reihenfolge)/resnet50_fp16_slow_BS32_tegrastats_power.csv,.csv,25909,db5d431e13d7353bab2022812d710b85de2a3638cc4f444e254521c19b15a99b
fixed_2026-03,Ergebnisse_13.03.2026 (feste Reihenfolge)/resnet50_fp16_slow_BS64_bench_meta.json,.json,599,5645af6a1b9270324a620daf1cac7da110b4b89b5ecb1a23b82f3e97714fc530
fixed_2026-03,Ergebnisse_13.03.2026 (feste Reihenfolge)/resnet50_fp16_slow_BS64_perf.csv,.csv,41167,0fb27298bce2bf9ff5ba9d27dd4816b36449e0400bfa11baf6e407c063ed9042
fixed_2026-03,Ergebnisse_13.03.2026 (feste Reihenfolge)/resnet50_fp16_slow_BS64_tegrastats.log,.log,552085,aeb4d6f0fe3bdb37e3a01e967823749c6e8f5be80ebee4cbf6eecb58cbb4f1c9
fixed_2026-03,Ergebnisse_13.03.2026 (feste Reihenfolge)/resnet50_fp16_slow_BS64_tegrastats_power.csv,.csv,26401,5ce7fe7d2ffbb8bfbe20e0ce7efeb9e7ae082d9536a2e4b52fceb50968f17942
fixed_2026-03,Ergebnisse_13.03.2026 (feste Reihenfolge)/resnet50_fp32_fast_BS128_bench_meta.json,.json,602,0ee5f1cd811b18bb5888559f45d0876e19cd31ac5649fd0b7885f5043efb267e
fixed_2026-03,Ergebnisse_13.03.2026 (feste Reihenfolge)/resnet50_fp32_fast_BS128_perf.csv,.csv,21264,59a58bf8c1a0ba3c74d0774ab12cbfb9e00d363ad4028556ca741cf0a304f432
fixed_2026-03,Ergebnisse_13.03.2026 (feste Reihenfolge)/resnet50_fp32_fast_BS128_tegrastats.log,.log,504901,c9b2873ccfaf6625f0c0643507c83fe5b0276f0c5bf0ceab79fe5f139d6ff903
fixed_2026-03,Ergebnisse_13.03.2026 (feste Reihenfolge)/resnet50_fp32_fast_BS128_tegrastats_power.csv,.csv,23756,8f4e25487af2f58e3ca5e911a0c3fe9626c873a3868ef51feec94af06434c1d2
fixed_2026-03,Ergebnisse_13.03.2026 (feste Reihenfolge)/resnet50_fp32_fast_BS32_bench_meta.json,.json,600,133abe1073e16ec334489be997d5078c9e8d563f49ee84b713c29b415e3123cd
fixed_2026-03,Ergebnisse_13.03.2026 (feste Reihenfolge)/resnet50_fp32_fast_BS32_perf.csv,.csv,80579,b90f8cef6a840e5462cf21a7250275ef416f0a34d0b44cea334ec777b9272c6d
fixed_2026-03,Ergebnisse_13.03.2026 (feste Reihenfolge)/resnet50_fp32_fast_BS32_tegrastats.log,.log,485178,dc223d411a9c09eb2867eb76184ed2e1b00f6186fd33fc556403c0024f414157
fixed_2026-03,Ergebnisse_13.03.2026 (feste Reihenfolge)/resnet50_fp32_fast_BS32_tegrastats_power.csv,.csv,22678,bc69e0f327e40fc967c7455fcb6839e27e3d7b31e381e1052771a0a7d088786d
fixed_2026-03,Ergebnisse_13.03.2026 (feste Reihenfolge)/resnet50_fp32_fast_BS64_bench_meta.json,.json,599,96e68bea5af7e356e1cffd9747925cebdd80f22fc336c1a691f819e9d994b164
fixed_2026-03,Ergebnisse_13.03.2026 (feste Reihenfolge)/resnet50_fp32_fast_BS64_perf.csv,.csv,40398,c298925232f07fa405a5c95c8ec09b40c6f4e22cd40bd311d685f53ea5fe85d3
fixed_2026-03,Ergebnisse_13.03.2026 (feste Reihenfolge)/resnet50_fp32_fast_BS64_tegrastats.log,.log,487280,b8768672e79835028dcb7e3bee36a3c79ac0af8e199952f1d7071b70c0978500
fixed_2026-03,Ergebnisse_13.03.2026 (feste Reihenfolge)/resnet50_fp32_fast_BS64_tegrastats_power.csv,.csv,22648,92373adab3d6deec2c85b125e485dbf4ab49ace780047e52124e88849a39a291
fixed_2026-03,Ergebnisse_13.03.2026 (feste Reihenfolge)/resnet50_fp32_medium_BS128_bench_meta.json,.json,602,21fd8e245193255b9473e9a396278e9d4ae73fcf19b4ca028cdc537cf1f6fc78
fixed_2026-03,Ergebnisse_13.03.2026 (feste Reihenfolge)/resnet50_fp32_medium_BS128_perf.csv,.csv,21249,6f9103cc716012e8a8432f21c553b5cfbc5c053d88cff4beddf36556127a2ddb
fixed_2026-03,Ergebnisse_13.03.2026 (feste Reihenfolge)/resnet50_fp32_medium_BS128_tegrastats.log,.log,519731,bbf5908e3060eeeaf2c2dbc83c86297e726a4d2822446ba8247f96bc98021b69
fixed_2026-03,Ergebnisse_13.03.2026 (feste Reihenfolge)/resnet50_fp32_medium_BS128_tegrastats_power.csv,.csv,24711,3030696d21efb6ed08a0566e7064b747df13419573cf8015171bba499cea4f59
fixed_2026-03,Ergebnisse_13.03.2026 (feste Reihenfolge)/resnet50_fp32_medium_BS32_bench_meta.json,.json,600,23803ff63b9f7b51c010a4a27480484c1959f0c86df196d6270d2ade05ed37ea
fixed_2026-03,Ergebnisse_13.03.2026 (feste Reihenfolge)/resnet50_fp32_medium_BS32_perf.csv,.csv,80616,a9e2a890e8ce69b22051ab4c2ab21acf691f54f26f1f1a4eda536a572c0a545b
fixed_2026-03,Ergebnisse_13.03.2026 (feste Reihenfolge)/resnet50_fp32_medium_BS32_tegrastats.log,.log,523448,523609d7d9a766457408ed6145345dfebe841fe4ad93c7763ab934f5873b3fd6
fixed_2026-03,Ergebnisse_13.03.2026 (feste Reihenfolge)/resnet50_fp32_medium_BS32_tegrastats_power.csv,.csv,24468,591c33e1f047f2a4210c42b3d3350e46ca78d3d64681e841ee2f1d4e0407afd1
fixed_2026-03,Ergebnisse_13.03.2026 (feste Reihenfolge)/resnet50_fp32_medium_BS64_bench_meta.json,.json,599,e3aa842adfe1e269d00b63952c1d6b86b5a083c75524b2b2590190ad6234c35e
fixed_2026-03,Ergebnisse_13.03.2026 (feste Reihenfolge)/resnet50_fp32_medium_BS64_perf.csv,.csv,40422,7691526d380a9e4a67a452cae0816251e1999caf7e170c5df5190544d950c690
fixed_2026-03,Ergebnisse_13.03.2026 (feste Reihenfolge)/resnet50_fp32_medium_BS64_tegrastats.log,.log,514824,71cb5d3be62cec458b4af195f6e354c1cbbefe0b48f6c7b6502059e42a950b1d
fixed_2026-03,Ergebnisse_13.03.2026 (feste Reihenfolge)/resnet50_fp32_medium_BS64_tegrastats_power.csv,.csv,24173,8c6450862a6d433e44039ca132d21c045854bb496dce4fd5e6638ed9239e5cd3
fixed_2026-03,Ergebnisse_13.03.2026 (feste Reihenfolge)/resnet50_fp32_slow_BS128_bench_meta.json,.json,602,59308d671dac39ccf747a72a753eb71fa27ebd0a95d8e364b177296b78d3149f
fixed_2026-03,Ergebnisse_13.03.2026 (feste Reihenfolge)/resnet50_fp32_slow_BS128_perf.csv,.csv,21322,3958fca6ad5907caf773a407065a8d70d481c447d218605718a47997e5425e70
fixed_2026-03,Ergebnisse_13.03.2026 (feste Reihenfolge)/resnet50_fp32_slow_BS128_tegrastats.log,.log,809942,67b87d3fdee3263f42ed39b93e4c562043d6950bd7eb20426420d7904c7b3eec
fixed_2026-03,Ergebnisse_13.03.2026 (feste Reihenfolge)/resnet50_fp32_slow_BS128_tegrastats_power.csv,.csv,39777,1ae7844e992b8d0d24b4f2904e0c4f2f69ec4b1a5984edcb9035deeaf834b827
fixed_2026-03,Ergebnisse_13.03.2026 (feste Reihenfolge)/resnet50_fp32_slow_BS32_bench_meta.json,.json,600,4d8bd5a8ae117248f56c29d4d73db175107bdafc326bc6ffb9c61dff6adcc4c7
fixed_2026-03,Ergebnisse_13.03.2026 (feste Reihenfolge)/resnet50_fp32_slow_BS32_perf.csv,.csv,80414,859619a9075eebf5fdc108bfe75b66e56b1466829ff1d3da35a195ea21e6dcf2
fixed_2026-03,Ergebnisse_13.03.2026 (feste Reihenfolge)/resnet50_fp32_slow_BS32_tegrastats.log,.log,778712,40b8864e46209b76e637e1ed37c97df5218f125b1429b2fc0e4e800151253906
fixed_2026-03,Ergebnisse_13.03.2026 (feste Reihenfolge)/resnet50_fp32_slow_BS32_tegrastats_power.csv,.csv,38249,40329a70dc81b3b6d08e2145217765266fd6dc3ecfa8ef68fed6ed5102d18ced
fixed_2026-03,Ergebnisse_13.03.2026 (feste Reihenfolge)/resnet50_fp32_slow_BS64_bench_meta.json,.json,600,8518b1cf646d5f3c837164642db269607fbac0b035e89522c8781cf82ace5753
fixed_2026-03,Ergebnisse_13.03.2026 (feste Reihenfolge)/resnet50_fp32_slow_BS64_perf.csv,.csv,41450,2e50aeeb5f6c29d184d0430e4b81bd38d0de72c4dfe666f21c6f1da2c8f731fa
fixed_2026-03,Ergebnisse_13.03.2026 (feste Reihenfolge)/resnet50_fp32_slow_BS64_tegrastats.log,.log,779130,a36f04cf58120d46afff56d598a75b8bc602131939c5880d7bb59de39fb96490
fixed_2026-03,Ergebnisse_13.03.2026 (feste Reihenfolge)/resnet50_fp32_slow_BS64_tegrastats_power.csv,.csv,38071,c4f78fdec3f98d110e9064750421366ec31a799e5521b02c55c773a59b63b2e6
fixed_2026-03,Ergebnisse_13.03.2026 (feste Reihenfolge)/resnet50_fp64_fast_BS128_bench_meta.json,.json,601,fbc3a907656ab787fad608c7df572f15996c38de9778f0638953a99e2e399f28
fixed_2026-03,Ergebnisse_13.03.2026 (feste Reihenfolge)/resnet50_fp64_fast_BS128_perf.csv,.csv,21339,465ddc027fdea6ae2042b3fbde16889c42ea76fcbbd0f48ab692715a890224a5
fixed_2026-03,Ergebnisse_13.03.2026 (feste Reihenfolge)/resnet50_fp64_fast_BS128_tegrastats.log,.log,9983406,4573473288788ffb8f530dc186881cd8ac1207f4f0a237d022096e42c409320e
fixed_2026-03,Ergebnisse_13.03.2026 (feste Reihenfolge)/resnet50_fp64_fast_BS128_tegrastats_power.csv,.csv,544167,654e44f4d31c965b154ac2575a87eed9eeb159316b3e258df2f1f67c267b40ae
fixed_2026-03,Ergebnisse_13.03.2026 (feste Reihenfolge)/resnet50_fp64_fast_BS32_bench_meta.json,.json,601,7833050da3eb3fb6b6baeb7ff03f1d588cd6df9df25645b60708465b2a4e68b6
fixed_2026-03,Ergebnisse_13.03.2026 (feste Reihenfolge)/resnet50_fp64_fast_BS32_perf.csv,.csv,82312,43b4834e3e8ed9e6286afbeeae9ad3a53446f9d36a0f0ef3ac8b45063de1c524
fixed_2026-03,Ergebnisse_13.03.2026 (feste Reihenfolge)/resnet50_fp64_fast_BS32_tegrastats.log,.log,8456930,c9018fccd352fe3f137a03ec7ced86d576e1689093b9667a75ae2cf4232c652e
fixed_2026-03,Ergebnisse_13.03.2026 (feste Reihenfolge)/resnet50_fp64_fast_BS32_tegrastats_power.csv,.csv,456096,f786c572c1a483bfe5502d1f6224a4a1f04c885640367e7dae14a68fdca03cf8
fixed_2026-03,Ergebnisse_13.03.2026 (feste Reihenfolge)/resnet50_fp64_fast_BS64_bench_meta.json,.json,597,e6bd9f4f393500af06a0e8a05fa3b4fdbc99f4b48083aca8b3734328746f3a7c
fixed_2026-03,Ergebnisse_13.03.2026 (feste Reihenfolge)/resnet50_fp64_fast_BS64_perf.csv,.csv,41514,ce60de7ffff1571efed1cbd2c3132f646f5984aa474d2f1a6f0b8c4f55668cae
fixed_2026-03,Ergebnisse_13.03.2026 (feste Reihenfolge)/resnet50_fp64_fast_BS64_tegrastats.log,.log,8725911,72d28c5f74108b0423010d212996064a4abe9d6b752280face3a1a19e954bd8b
fixed_2026-03,Ergebnisse_13.03.2026 (feste Reihenfolge)/resnet50_fp64_fast_BS64_tegrastats_power.csv,.csv,470733,2651dadda7cd322a6c951954637bd48df11f0f9c36a095c0c7c4a14471f40f31
fixed_2026-03,Ergebnisse_13.03.2026 (feste Reihenfolge)/resnet50_fp64_medium_BS128_bench_meta.json,.json,602,522886a7aa6b23c725927eee1e2377d16912569f08a0fe8bb01cd1ff88dc8f36
fixed_2026-03,Ergebnisse_13.03.2026 (feste Reihenfolge)/resnet50_fp64_medium_BS128_perf.csv,.csv,21331,d18aa8b5fdc399ceaa3bcda828fa15ca6151c76e47ac38bfc35cf9b8bc6da1e1
fixed_2026-03,Ergebnisse_13.03.2026 (feste Reihenfolge)/resnet50_fp64_medium_BS128_tegrastats.log,.log,8727052,7f23d71da5784d28cffc546a77af537391e1e4a05f062ce674ac5837857e369f
fixed_2026-03,Ergebnisse_13.03.2026 (feste Reihenfolge)/resnet50_fp64_medium_BS128_tegrastats_power.csv,.csv,479729,a857e7545993d0f277470ac70fd6eac5ef85ff37b8669246569fb2fc574cb964
fixed_2026-03,Ergebnisse_13.03.2026 (feste Reihenfolge)/resnet50_fp64_medium_BS32_bench_meta.json,.json,601,b6510f7922e7b9ed863261c5d5d088c43ac72090b5005fa4ed3f4720cca0af6a
fixed_2026-03,Ergebnisse_13.03.2026 (feste Reihenfolge)/resnet50_fp64_medium_BS32_perf.csv,.csv,82329,80faf6ff0ceff054696ec2e8f7a6696ee1eb8e3f29ae72f3e4160a67cfd28b21
fixed_2026-03,Ergebnisse_13.03.2026 (feste Reihenfolge)/resnet50_fp64_medium_BS32_tegrastats.log,.log,8354048,271323f816813148983239fc43033209fad0be1f6dc85a47d065a93961da766b
fixed_2026-03,Ergebnisse_13.03.2026 (feste Reihenfolge)/resnet50_fp64_medium_BS32_tegrastats_power.csv,.csv,455952,545c7dc34fe05a2439959c1a2238827f1ede3d9aecc36e52d06551ac2339ed71
fixed_2026-03,Ergebnisse_13.03.2026 (feste Reihenfolge)/resnet50_fp64_medium_BS64_bench_meta.json,.json,601,ab9243975527fca5a87385efdd0a24c608a8a5cae231f5b970ba873adc2e5330
fixed_2026-03,Ergebnisse_13.03.2026 (feste Reihenfolge)/resnet50_fp64_medium_BS64_perf.csv,.csv,41481,cad18cf9c318522e1c5a4e9307c8199ddd57dc9b748c7d9c1beadbceefd50f0d
fixed_2026-03,Ergebnisse_13.03.2026 (feste Reihenfolge)/resnet50_fp64_medium_BS64_tegrastats.log,.log,8627848,64940448d829b8576a6c56db1ef32918bccceaa6f273fd5e6684a250e0732ba5
fixed_2026-03,Ergebnisse_13.03.2026 (feste Reihenfolge)/resnet50_fp64_medium_BS64_tegrastats_power.csv,.csv,470975,490f486ddec70e035a6499bf5454e2f7f0ef693d31e2936ec6f87224665afc32
fixed_2026-03,Ergebnisse_13.03.2026 (feste Reihenfolge)/resnet50_fp64_slow_BS128_bench_meta.json,.json,602,57956cb071d071488c945268fc598b224c843fc4cb7a98f41956c2996ccd400c
fixed_2026-03,Ergebnisse_13.03.2026 (feste Reihenfolge)/resnet50_fp64_slow_BS128_perf.csv,.csv,21681,d3be9b6e104b5e274b8c861a2e0baaf224e7c871619b84bf4446c6aef943b909
fixed_2026-03,Ergebnisse_13.03.2026 (feste Reihenfolge)/resnet50_fp64_slow_BS128_tegrastats.log,.log,16960785,228c0ddf64b2dca401104a6ffecbebac5219e0b1d3dadf097b022e07812153ec
fixed_2026-03,Ergebnisse_13.03.2026 (feste Reihenfolge)/resnet50_fp64_slow_BS128_tegrastats_power.csv,.csv,954502,51e431a84273e175ad2532f8821828f0cd760a0147c31db007f56b96145f8c02
fixed_2026-03,Ergebnisse_13.03.2026 (feste Reihenfolge)/resnet50_fp64_slow_BS32_bench_meta.json,.json,599,23aee5be71f0ad735ac0e804667185426ae3a2295314fb0af4877a150ed643b4
fixed_2026-03,Ergebnisse_13.03.2026 (feste Reihenfolge)/resnet50_fp64_slow_BS32_perf.csv,.csv,82363,dbcc06063b4a1ba19d19fdfd7e2090c82db4803ee77184ca0eccca1f58d3eb4c
fixed_2026-03,Ergebnisse_13.03.2026 (feste Reihenfolge)/resnet50_fp64_slow_BS32_tegrastats.log,.log,16357801,b2e3577ac9a98310a515dd762a21a93465870d2c635649e8ddbe501a30c72a9d
fixed_2026-03,Ergebnisse_13.03.2026 (feste Reihenfolge)/resnet50_fp64_slow_BS32_tegrastats_power.csv,.csv,919128,407cb8e4a1bd5744569b8c3c6c7d806837f52cea41186a59be46599f4d5d5b0b
fixed_2026-03,Ergebnisse_13.03.2026 (feste Reihenfolge)/resnet50_fp64_slow_BS64_bench_meta.json,.json,595,923d61e05155ac00d0008a8d9168e43b71f34c6276103565e57ca87a77f8afca
fixed_2026-03,Ergebnisse_13.03.2026 (feste Reihenfolge)/resnet50_fp64_slow_BS64_perf.csv,.csv,41361,4505ccd98421e0dc09be2e17569c804fb95d683ffd7906094839040fc70d0e23
fixed_2026-03,Ergebnisse_13.03.2026 (feste Reihenfolge)/resnet50_fp64_slow_BS64_tegrastats.log,.log,16860027,6c91cd447810b42c4445f6b25d3c0b253ffeb8a4252014c2d59105ad0856c625
fixed_2026-03,Ergebnisse_13.03.2026 (feste Reihenfolge)/resnet50_fp64_slow_BS64_tegrastats_power.csv,.csv,948492,25c8d1df340fcedf3aecb5bc628ed5e194f1c9f604eff951025e61fc127184e0
random_2026-03,Ergebnisse_23.03.2026 (zufällige Reihenfolge)/grid_manifest.csv,.csv,25725,481bc53614ac2f6dbeb3f00eb5e9c6e54c53631090b517714f863cce94a11475
random_2026-03,Ergebnisse_23.03.2026 (zufällige Reihenfolge)/grid_manifest_enriched.csv,.csv,36500,6b3090670f487fde042907afad4c241cfddc80e290fcfd4b66185105a96c8b8e
random_2026-03,Ergebnisse_23.03.2026 (zufällige Reihenfolge)/grid_state.jsonl,.jsonl,12169,6273d3f0e87ddff0ec3c78d8efef718b2b90ded09c7737b08d3b8d3c9873e999
random_2026-03,Ergebnisse_23.03.2026 (zufällige Reihenfolge)/mobilenet_v2_fp16_fast_BS128_bench_meta.json,.json,604,4654e72d35fabb225d1744fb4bf41c155b80b0ceb438233ac38d7ba5d547a4af
random_2026-03,Ergebnisse_23.03.2026 (zufällige Reihenfolge)/mobilenet_v2_fp16_fast_BS128_perf.csv,.csv,21363,122ed8ccff7501b42e3598a62e904b0a8f1bb07103d96fb5187137726f08f348
random_2026-03,Ergebnisse_23.03.2026 (zufällige Reihenfolge)/mobilenet_v2_fp16_fast_BS128_tegrastats.log,.log,446858,b9679e144fffbeb8724b571c9c5b8c2917d4e2b212ec9c8a1be3a4249a3f4694
random_2026-03,Ergebnisse_23.03.2026 (zufällige Reihenfolge)/mobilenet_v2_fp16_fast_BS128_tegrastats_power.csv,.csv,20976,ae7096c593bc53e6952f294213bee4a816cbcd5d14fcb42e33e9724493b1f862
random_2026-03,Ergebnisse_23.03.2026 (zufällige Reihenfolge)/mobilenet_v2_fp16_fast_BS32_bench_meta.json,.json,604,78b90b253e65b94b7c9f8226ff6b80b03803f58521b34ea7617725b92ced77d6
random_2026-03,Ergebnisse_23.03.2026 (zufällige Reihenfolge)/mobilenet_v2_fp16_fast_BS32_perf.csv,.csv,80650,070ac17806e9455e592a4a108143ded9553bf1de008d15574e709cc69b477981
random_2026-03,Ergebnisse_23.03.2026 (zufällige Reihenfolge)/mobilenet_v2_fp16_fast_BS32_tegrastats.log,.log,279800,7f66afd1b9adb7f5aaa5f88a6a458224089bb3bbf9a64ada64f14a05a5b60702
random_2026-03,Ergebnisse_23.03.2026 (zufällige Reihenfolge)/mobilenet_v2_fp16_fast_BS32_tegrastats_power.csv,.csv,12506,f19efbe510276450c1536a1f93836002732270b4298c07a6611ff2bc0f169be6
random_2026-03,Ergebnisse_23.03.2026 (zufällige Reihenfolge)/mobilenet_v2_fp16_fast_BS64_bench_meta.json,.json,604,8dc265988826456906c6a45c859df201bc241b69dbddb7e3bb7df98e631f17bc
random_2026-03,Ergebnisse_23.03.2026 (zufällige Reihenfolge)/mobilenet_v2_fp16_fast_BS64_perf.csv,.csv,41570,3a7e50d7b6a4af0dae7afd14496d7d71873e0eef27938d9b96f9c9cb3714e070
random_2026-03,Ergebnisse_23.03.2026 (zufällige Reihenfolge)/mobilenet_v2_fp16_fast_BS64_tegrastats.log,.log,286096,84f2a7f7ac0dcffb32dd6cf84a19cafd6a11afa629ad8d3bc55612a3894dd1d5
random_2026-03,Ergebnisse_23.03.2026 (zufällige Reihenfolge)/mobilenet_v2_fp16_fast_BS64_tegrastats_power.csv,.csv,12822,28104a5f7e1cbd62967768fdae6054ec03d87f687f7ca49ca8e03bc7e5aa0b84
random_2026-03,Ergebnisse_23.03.2026 (zufällige Reihenfolge)/mobilenet_v2_fp16_medium_BS128_bench_meta.json,.json,602,da3075ee7f57a7a27c3c68290fd0e0263dff360fc747aa47889bda5eb3a23e77
random_2026-03,Ergebnisse_23.03.2026 (zufällige Reihenfolge)/mobilenet_v2_fp16_medium_BS128_perf.csv,.csv,21317,c235df4e1d053fe208cdb11878dc637c8db3b01643e1024d3c1c752fdcacab0c
random_2026-03,Ergebnisse_23.03.2026 (zufällige Reihenfolge)/mobilenet_v2_fp16_medium_BS128_tegrastats.log,.log,309562,8276af83a14c209096c22119f7a4aaccf90e9928da5ed8099033bfe6fc0b1410
random_2026-03,Ergebnisse_23.03.2026 (zufällige Reihenfolge)/mobilenet_v2_fp16_medium_BS128_tegrastats_power.csv,.csv,13866,fc115846381ea4d4f3b2f8c077d2634e85039cb31682325fd3045a1228e15616
random_2026-03,Ergebnisse_23.03.2026 (zufällige Reihenfolge)/mobilenet_v2_fp16_medium_BS32_bench_meta.json,.json,604,8e76429feca078776f91c30c5f328b675ef432bcdff1ca5e3eac3ca000d6c129
random_2026-03,Ergebnisse_23.03.2026 (zufällige Reihenfolge)/mobilenet_v2_fp16_medium_BS32_perf.csv,.csv,82065,b48c03a841f17ba41733dce99e1f70026a86a3f0a33c263d97ce37a838003502
random_2026-03,Ergebnisse_23.03.2026 (zufällige Reihenfolge)/mobilenet_v2_fp16_medium_BS32_tegrastats.log,.log,304172,5fafd412b9d583acd0d020b8316d2daf06eb7c25cbaa00b4b3a2c5d2bf98dd02
random_2026-03,Ergebnisse_23.03.2026 (zufällige Reihenfolge)/mobilenet_v2_fp16_medium_BS32_tegrastats_power.csv,.csv,13642,ff0ca047ec4918108207390c0b00e98d2d89a44fe146d0fcb7ee25a397ca6092
random_2026-03,Ergebnisse_23.03.2026 (zufällige Reihenfolge)/mobilenet_v2_fp16_medium_BS64_bench_meta.json,.json,605,e8900d10b212540271a2ead2a43ca62673c9cf2062c376fb124de94b68690a09
random_2026-03,Ergebnisse_23.03.2026 (zufällige Reihenfolge)/mobilenet_v2_fp16_medium_BS64_perf.csv,.csv,41492,d8898eb5bad7c8b398d436b0f0e4b1003fbd7709e790e9359ab7a3b336700edb
random_2026-03,Ergebnisse_23.03.2026 (zufällige Reihenfolge)/mobilenet_v2_fp16_medium_BS64_tegrastats.log,.log,313481,4844e44582c768f804ccbcc54e89d6ff4d6fbb00c98dbb4737af37a6bf6c529d
random_2026-03,Ergebnisse_23.03.2026 (zufällige Reihenfolge)/mobilenet_v2_fp16_medium_BS64_tegrastats_power.csv,.csv,14043,9c0c8341577655d8c57461242196b54e10cf0dc56420edc42b647fd7620566ed
random_2026-03,Ergebnisse_23.03.2026 (zufällige Reihenfolge)/mobilenet_v2_fp16_slow_BS128_bench_meta.json,.json,605,647e16414cf1935a861de18440fa74e6fb6eb78162d3e7907edae79be4278261
random_2026-03,Ergebnisse_23.03.2026 (zufällige Reihenfolge)/mobilenet_v2_fp16_slow_BS128_perf.csv,.csv,21376,3884d484ff9b4b445d1dc9660c0e24f0d6392bfa9f4b404d6f0e9d92093bc03c
random_2026-03,Ergebnisse_23.03.2026 (zufällige Reihenfolge)/mobilenet_v2_fp16_slow_BS128_tegrastats.log,.log,446224,c5f10a9b441eef2346eda870513e0b41946e237b4c8f94f90bbf3ab0531ce3ff
random_2026-03,Ergebnisse_23.03.2026 (zufällige Reihenfolge)/mobilenet_v2_fp16_slow_BS128_tegrastats_power.csv,.csv,20945,fb0ab57b7d46c2723ef58b5908685bb8dca70c5d6fd4cf7d5b29c6dad9bd3b1f
random_2026-03,Ergebnisse_23.03.2026 (zufällige Reihenfolge)/mobilenet_v2_fp16_slow_BS32_bench_meta.json,.json,606,72ade2aa7e6e5386cfc7837f35227523a6ab417785a4db930a22b0b3b245e1e1
random_2026-03,Ergebnisse_23.03.2026 (zufällige Reihenfolge)/mobilenet_v2_fp16_slow_BS32_perf.csv,.csv,82449,c8d71bd484fd1b1a691c23cc3f6d97dd34bb0161608fc9414f45cdc6e31dfca2
random_2026-03,Ergebnisse_23.03.2026 (zufällige Reihenfolge)/mobilenet_v2_fp16_slow_BS32_tegrastats.log,.log,443524,39ce2cbb99e217c3857e68395a8632ca9189de5b0ec54788987296f38fcffb83
random_2026-03,Ergebnisse_23.03.2026 (zufällige Reihenfolge)/mobilenet_v2_fp16_slow_BS32_tegrastats_power.csv,.csv,20541,5501a04a8de8bf1fabd081028444257855b5cb0d2ea0636ae6b07a59cc843e67
random_2026-03,Ergebnisse_23.03.2026 (zufällige Reihenfolge)/mobilenet_v2_fp16_slow_BS64_bench_meta.json,.json,605,8e5ab8f442937ffe6574eb1dca988ec501407dc0cbca3bd3bf648f2a77e73b5a
random_2026-03,Ergebnisse_23.03.2026 (zufällige Reihenfolge)/mobilenet_v2_fp16_slow_BS64_perf.csv,.csv,41535,27911dd9dca9ffb2d205f786d60132c4f3eae4fbd3ed35e0c660ca4e5267deea
random_2026-03,Ergebnisse_23.03.2026 (zufällige Reihenfolge)/mobilenet_v2_fp16_slow_BS64_tegrastats.log,.log,448536,bad3c4ebafd3329fda6160eb3e77c033a2a853a394cd960a4adb9a9450d482ca
random_2026-03,Ergebnisse_23.03.2026 (zufällige Reihenfolge)/mobilenet_v2_fp16_slow_BS64_tegrastats_power.csv,.csv,20982,6297cad59304eca1a8fb35cc908cffe63737a07d0733017de93add9eb753ba24
random_2026-03,Ergebnisse_23.03.2026 (zufällige Reihenfolge)/mobilenet_v2_fp32_fast_BS128_bench_meta.json,.json,601,0b29126666fcb1e952b53263dab9cf499d11584533d57c41f202d96e9094ed28
random_2026-03,Ergebnisse_23.03.2026 (zufällige Reihenfolge)/mobilenet_v2_fp32_fast_BS128_perf.csv,.csv,21207,5eb6431940f4f777caff8f099a0e334b5f1c178ba81dfd23b384c82a17f4a214
random_2026-03,Ergebnisse_23.03.2026 (zufällige Reihenfolge)/mobilenet_v2_fp32_fast_BS128_tegrastats.log,.log,317914,e34273df70d5eeb7b5b6c0810e4176d077275fc5738891d6cb5d3528395c3a23
random_2026-03,Ergebnisse_23.03.2026 (zufällige Reihenfolge)/mobilenet_v2_fp32_fast_BS128_tegrastats_power.csv,.csv,14386,23eb2f38af7ba68bc415a729045ce97b8521611ffe3be94e0edf0a8994257ce5
random_2026-03,Ergebnisse_23.03.2026 (zufällige Reihenfolge)/mobilenet_v2_fp32_fast_BS32_bench_meta.json,.json,605,cb5f3576820e4ec82c90db85417f8da11e93849ef189e12fd475a9ba580114d8
random_2026-03,Ergebnisse_23.03.2026 (zufällige Reihenfolge)/mobilenet_v2_fp32_fast_BS32_perf.csv,.csv,82476,b1edbe7d416f1e0104f860aaea5c9e100fee878440d6a7dde424028cf23327d2
random_2026-03,Ergebnisse_23.03.2026 (zufällige Reihenfolge)/mobilenet_v2_fp32_fast_BS32_tegrastats.log,.log,501305,826be59df92d52f84693a9ec5fb6ce9c89bd21311c875ad46f0d0cc84b84cb20
random_2026-03,Ergebnisse_23.03.2026 (zufällige Reihenfolge)/mobilenet_v2_fp32_fast_BS32_tegrastats_power.csv,.csv,23569,349ee0e8314912a1c2807682bf0f402437c102e0f023383ccc0c59f1c8b86a68
random_2026-03,Ergebnisse_23.03.2026 (zufällige Reihenfolge)/mobilenet_v2_fp32_fast_BS64_bench_meta.json,.json,603,d4a93086ec5cfede63585209c8f773a640107abba6e3d9c6ab705bfe8acef8c2
random_2026-03,Ergebnisse_23.03.2026 (zufällige Reihenfolge)/mobilenet_v2_fp32_fast_BS64_perf.csv,.csv,41578,3c05b60af0f708c0aa817190b7c74225cb1c4a481a2d1bbb03249a6b088bfef7
random_2026-03,Ergebnisse_23.03.2026 (zufällige Reihenfolge)/mobilenet_v2_fp32_fast_BS64_tegrastats.log,.log,333351,836eb7f7f6977112bb750ddb444fdf8a89e6e52595825c9d9aa04416f46099f7
random_2026-03,Ergebnisse_23.03.2026 (zufällige Reihenfolge)/mobilenet_v2_fp32_fast_BS64_tegrastats_power.csv,.csv,15088,8b444fe2239e741969776d84de8083eb4055cff931a5f9df3840087c5ef972c0
random_2026-03,Ergebnisse_23.03.2026 (zufällige Reihenfolge)/mobilenet_v2_fp32_medium_BS128_bench_meta.json,.json,603,5eb5cc86a553e58993939db7b1fcb2eb682d5599722bf0444f9852524f5f02e0
random_2026-03,Ergebnisse_23.03.2026 (zufällige Reihenfolge)/mobilenet_v2_fp32_medium_BS128_perf.csv,.csv,21244,0d3e1d56f072fcc9fcb036cb74c0db1910e1c730a8beeb15f911623763ea76e5
random_2026-03,Ergebnisse_23.03.2026 (zufällige Reihenfolge)/mobilenet_v2_fp32_medium_BS128_tegrastats.log,.log,344522,7b65e99ca9846e8ee6d7d1956e4af6a333336a30e259860ab286d810a77bdb0f
random_2026-03,Ergebnisse_23.03.2026 (zufällige Reihenfolge)/mobilenet_v2_fp32_medium_BS128_tegrastats_power.csv,.csv,15564,a31758753405a54ceb4b5c55259adbcaa5ec16eb0ae1be04335f3ef306b2a2e8
random_2026-03,Ergebnisse_23.03.2026 (zufällige Reihenfolge)/mobilenet_v2_fp32_medium_BS32_bench_meta.json,.json,603,3c28a063561b0037a86865a0a7c8d3bb78b2a5b4906c72866b24111836ccfe17
random_2026-03,Ergebnisse_23.03.2026 (zufällige Reihenfolge)/mobilenet_v2_fp32_medium_BS32_perf.csv,.csv,82355,0aec71d0979bbc43c3656bc49411e5cbf0c34b5becc5e03e73a4c83c99dcaacc
random_2026-03,Ergebnisse_23.03.2026 (zufällige Reihenfolge)/mobilenet_v2_fp32_medium_BS32_tegrastats.log,.log,366170,5e08a34dd6a6373607318fd6fb531a6e8e07c1b647372aa8c5b94a6fa78409ae
random_2026-03,Ergebnisse_23.03.2026 (zufällige Reihenfolge)/mobilenet_v2_fp32_medium_BS32_tegrastats_power.csv,.csv,16547,2ddd80c8f459c6127855e973c2c063b155798499c6d878ad71871dacc6bc312f
random_2026-03,Ergebnisse_23.03.2026 (zufällige Reihenfolge)/mobilenet_v2_fp32_medium_BS64_bench_meta.json,.json,603,f1e999326e3975647b73c63cb212e6129c7390e221906b548eb9fb4e83f63e35
random_2026-03,Ergebnisse_23.03.2026 (zufällige Reihenfolge)/mobilenet_v2_fp32_medium_BS64_perf.csv,.csv,41616,0c466dc43d33efb5066629586d28cbd1bee2a3444a7386e50b354e49f8831082
random_2026-03,Ergebnisse_23.03.2026 (zufällige Reihenfolge)/mobilenet_v2_fp32_medium_BS64_tegrastats.log,.log,329170,c66e2f4218f1340dc1a13b67ddc0780921ffe19f0e2bd4654e9ba8e96e7eacc1
random_2026-03,Ergebnisse_23.03.2026 (zufällige Reihenfolge)/mobilenet_v2_fp32_medium_BS64_tegrastats_power.csv,.csv,14899,8579c5a49b01d5e054d78bc6a62e0999ba2a0eccbad38a5abb8481b8ef78eb94
random_2026-03,Ergebnisse_23.03.2026 (zufällige Reihenfolge)/mobilenet_v2_fp32_slow_BS128_bench_meta.json,.json,604,f612d4af5e15a6077c88d26a24b50a1d7825010bbf4a78a1e2a6b857de7669d1
random_2026-03,Ergebnisse_23.03.2026 (zufällige Reihenfolge)/mobilenet_v2_fp32_slow_BS128_perf.csv,.csv,21211,cb7afb275ba7a94ce8b4861b0996adfe3fe439c1f04029084c37917932345091
random_2026-03,Ergebnisse_23.03.2026 (zufällige Reihenfolge)/mobilenet_v2_fp32_slow_BS128_tegrastats.log,.log,519015,7c12186b0e8e3c0fa594e291b82528c2db6117abe9928ff5ba812d8f1db8cc8b
random_2026-03,Ergebnisse_23.03.2026 (zufällige Reihenfolge)/mobilenet_v2_fp32_slow_BS128_tegrastats_power.csv,.csv,24629,b3279f4d405d99cbf270160f43f3d2d9b300990359d67fff87bc65d1c58d72c6
random_2026-03,Ergebnisse_23.03.2026 (zufällige Reihenfolge)/mobilenet_v2_fp32_slow_BS32_bench_meta.json,.json,606,898bbfc5c0298b2c7e407432b7f6188c65aec32a5d451a79a46dfcef8f10ce76
random_2026-03,Ergebnisse_23.03.2026 (zufällige Reihenfolge)/mobilenet_v2_fp32_slow_BS32_perf.csv,.csv,82414,4547ee4f00b825415e4197aa5191e97d637e0cdceeb7d20be32116b6ae3a4775
random_2026-03,Ergebnisse_23.03.2026 (zufällige Reihenfolge)/mobilenet_v2_fp32_slow_BS32_tegrastats.log,.log,506145,281fc1eeb3c0c0c74e2deea35a88c7e6c7dd119650676c2930ad444b557e1976
random_2026-03,Ergebnisse_23.03.2026 (zufällige Reihenfolge)/mobilenet_v2_fp32_slow_BS32_tegrastats_power.csv,.csv,23816,528e71ef8f7fb741f4ab0fafc6f5169a26eabd615c8131282b6f1e96adfe109e
random_2026-03,Ergebnisse_23.03.2026 (zufällige Reihenfolge)/mobilenet_v2_fp32_slow_BS64_bench_meta.json,.json,604,2dcee88249d5d748efbe5b5e493502925ea6dcd6a22398d4c67a885cab26e6a2
random_2026-03,Ergebnisse_23.03.2026 (zufällige Reihenfolge)/mobilenet_v2_fp32_slow_BS64_perf.csv,.csv,41582,23ec1f4ed49486e8ddf876dc432a9169dcd83f482fe9646fbd419565eb1d2d1a
random_2026-03,Ergebnisse_23.03.2026 (zufällige Reihenfolge)/mobilenet_v2_fp32_slow_BS64_tegrastats.log,.log,517815,25575b498dfac6115071b60f19cb40fca5c925af4808c1917acad48177c7951f
random_2026-03,Ergebnisse_23.03.2026 (zufällige Reihenfolge)/mobilenet_v2_fp32_slow_BS64_tegrastats_power.csv,.csv,24645,b82514cea1d03da24983da1571500f0929cd473a6d2f7734a3b84fd4728b3f69
random_2026-03,Ergebnisse_23.03.2026 (zufällige Reihenfolge)/mobilenet_v2_fp64_fast_BS128_bench_meta.json,.json,603,8f2a7cf1a52a573d830c00ec907c6575141c448816235da23b86babc69c9bdc7
random_2026-03,Ergebnisse_23.03.2026 (zufällige Reihenfolge)/mobilenet_v2_fp64_fast_BS128_perf.csv,.csv,21626,972f6beaabe2512dd72a92dc00abfa7041827a9118a6c0ffa4513db562745c1f
random_2026-03,Ergebnisse_23.03.2026 (zufällige Reihenfolge)/mobilenet_v2_fp64_fast_BS128_tegrastats.log,.log,2202162,9e74ec26c273ba2a5f5fb3cc71ade0061ea8b6e26334012d723a82eb68c8969b
random_2026-03,Ergebnisse_23.03.2026 (zufällige Reihenfolge)/mobilenet_v2_fp64_fast_BS128_tegrastats_power.csv,.csv,112762,27a5a8a66024661de54ef53792e3ba1389eb28193aba65590e4509a8bc651f50
random_2026-03,Ergebnisse_23.03.2026 (zufällige Reihenfolge)/mobilenet_v2_fp64_fast_BS32_bench_meta.json,.json,605,f1230865ba65c5e72abb9b82e172c09f57747e77bdd2aaea8f9b5e8034e2f52b
random_2026-03,Ergebnisse_23.03.2026 (zufällige Reihenfolge)/mobilenet_v2_fp64_fast_BS32_perf.csv,.csv,82371,91ececfae9c8451623e087305b99b4ffebfeb199554a5ee20042171e8411fd38
random_2026-03,Ergebnisse_23.03.2026 (zufällige Reihenfolge)/mobilenet_v2_fp64_fast_BS32_tegrastats.log,.log,833816,01cfb8d4b16a4614b0721a63a81d7bfdb5bd881b660d2b0abc9a720696796b8a
random_2026-03,Ergebnisse_23.03.2026 (zufällige Reihenfolge)/mobilenet_v2_fp64_fast_BS32_tegrastats_power.csv,.csv,40316,42bf1f4c44e4c403617bc5a438f7d4da5a9a77ee328885ada67094cd9bf852bc
random_2026-03,Ergebnisse_23.03.2026 (zufällige Reihenfolge)/mobilenet_v2_fp64_fast_BS64_bench_meta.json,.json,601,f1bbd513d523fc138474ff27fe7f76b8b5a612a14145cef451ef1b09ee840bcb
random_2026-03,Ergebnisse_23.03.2026 (zufällige Reihenfolge)/mobilenet_v2_fp64_fast_BS64_perf.csv,.csv,41364,b4ac560ec7d0ac5601076c1cbf39c835415f8f564ef321310193743cd5efbb1f
random_2026-03,Ergebnisse_23.03.2026 (zufällige Reihenfolge)/mobilenet_v2_fp64_fast_BS64_tegrastats.log,.log,2093156,795dbcd2dfb7ca04653fb76252f18daeeaaafdd8c54dcfe915961106312fe2bf
random_2026-03,Ergebnisse_23.03.2026 (zufällige Reihenfolge)/mobilenet_v2_fp64_fast_BS64_tegrastats_power.csv,.csv,106942,bb77131a245698dd955178724f8be7d43dcf9fcb9ebff241c5973f42cbe436ef
random_2026-03,Ergebnisse_23.03.2026 (zufällige Reihenfolge)/mobilenet_v2_fp64_medium_BS128_bench_meta.json,.json,603,5c29a7029cc1010fd2b4dd426d8b47b39cec901eb74cd02ad5a6d565c6349c46
random_2026-03,Ergebnisse_23.03.2026 (zufällige Reihenfolge)/mobilenet_v2_fp64_medium_BS128_perf.csv,.csv,21244,cdc7779095f554cfe3a060be15eed6d96d18b56d51a5513bd0cd9cb855dc28d6
random_2026-03,Ergebnisse_23.03.2026 (zufällige Reihenfolge)/mobilenet_v2_fp64_medium_BS128_tegrastats.log,.log,1214864,eea84629bd4920476985cf3d7d332f27f60e1f5b4bb98b44713dd6aad7320609
random_2026-03,Ergebnisse_23.03.2026 (zufällige Reihenfolge)/mobilenet_v2_fp64_medium_BS128_tegrastats_power.csv,.csv,60005,5bd72961c0e2875e83e6aa1fd9587097753739bcb7aafd1067206b5e53259e75
random_2026-03,Ergebnisse_23.03.2026 (zufällige Reihenfolge)/mobilenet_v2_fp64_medium_BS32_bench_meta.json,.json,605,5835a359472ffd0ee32586362aa85dd3d47c0c38d00f510ee178c24056d784f6
random_2026-03,Ergebnisse_23.03.2026 (zufällige Reihenfolge)/mobilenet_v2_fp64_medium_BS32_perf.csv,.csv,82415,cc37059497f2b8b64f821569be01b44cdd0351f28a3b29e156176525ea617281
random_2026-03,Ergebnisse_23.03.2026 (zufällige Reihenfolge)/mobilenet_v2_fp64_medium_BS32_tegrastats.log,.log,1075976,6444335675f58d8cd642d7c7d0fec883752c0d80e37375b58209f14587eef627
random_2026-03,Ergebnisse_23.03.2026 (zufällige Reihenfolge)/mobilenet_v2_fp64_medium_BS32_tegrastats_power.csv,.csv,53359,8f8066b4b921913c5304e7cc5b83dbf6020d39e04a5a4cd52de616401e9e5400
random_2026-03,Ergebnisse_23.03.2026 (zufällige Reihenfolge)/mobilenet_v2_fp64_medium_BS64_bench_meta.json,.json,603,aa4b43acc67ba19d1d9216c9e89c79e9f126b7c45e6c22243e2d76a721714ffe
random_2026-03,Ergebnisse_23.03.2026 (zufällige Reihenfolge)/mobilenet_v2_fp64_medium_BS64_perf.csv,.csv,41601,1d2e6cdad8636cc5e3599f2ce7df274d8e00d63564167d78f8b33e645029c5b2
random_2026-03,Ergebnisse_23.03.2026 (zufällige Reihenfolge)/mobilenet_v2_fp64_medium_BS64_tegrastats.log,.log,1164049,b3ff892339e6cc06b5215c3f4f7ed5f848b9f9b47b9a90ba36c9f1800576aabe
random_2026-03,Ergebnisse_23.03.2026 (zufällige Reihenfolge)/mobilenet_v2_fp64_medium_BS64_tegrastats_power.csv,.csv,56937,91b8ce425ffd05ec893b970d1ead5698982becef25f760602111488867e2e1ca
random_2026-03,Ergebnisse_23.03.2026 (zufällige Reihenfolge)/mobilenet_v2_fp64_slow_BS128_bench_meta.json,.json,604,44db28aab8e3186371df08e1d5ae267790bf426229a60d07e730a2aec254a83c
random_2026-03,Ergebnisse_23.03.2026 (zufällige Reihenfolge)/mobilenet_v2_fp64_slow_BS128_perf.csv,.csv,21635,33c89f4b1f87870eb0a2ce5d41dd64d69fde119f8b0b9447274c8e6c3c2461bf
random_2026-03,Ergebnisse_23.03.2026 (zufällige Reihenfolge)/mobilenet_v2_fp64_slow_BS128_tegrastats.log,.log,2230200,61b5f8ec03ddd3daeae0ebda18c5ea09f63da38157af2865eac57dfb65886534
random_2026-03,Ergebnisse_23.03.2026 (zufällige Reihenfolge)/mobilenet_v2_fp64_slow_BS128_tegrastats_power.csv,.csv,114265,7bf65e583f8d6e1f8c9f5a825102328e96649c851a4bb503e1641bf0521444bc
random_2026-03,Ergebnisse_23.03.2026 (zufällige Reihenfolge)/mobilenet_v2_fp64_slow_BS32_bench_meta.json,.json,605,5d8aadb7ab86f4c2a3e862f9b579ef0df085c8a3a8c0a5ff3576b3dcc826475e
random_2026-03,Ergebnisse_23.03.2026 (zufällige Reihenfolge)/mobilenet_v2_fp64_slow_BS32_perf.csv,.csv,82354,9305e343d38cfcb3a65b5bb48398fa22622c1bfa37fcb8401bac99668a349305
random_2026-03,Ergebnisse_23.03.2026 (zufällige Reihenfolge)/mobilenet_v2_fp64_slow_BS32_tegrastats.log,.log,1927521,fc01b9e560976abe0163621114283d18cf004629c6bfa8bda4d25a84a5280297
random_2026-03,Ergebnisse_23.03.2026 (zufällige Reihenfolge)/mobilenet_v2_fp64_slow_BS32_tegrastats_power.csv,.csv,98093,c26aa41f422d0d8b2d87c16eaa0b44cde30f4a690d5dd71ab36739ca151de119
random_2026-03,Ergebnisse_23.03.2026 (zufällige Reihenfolge)/mobilenet_v2_fp64_slow_BS64_bench_meta.json,.json,602,e7c77d3154de7342955bfbedd6f820c80eef43b7560277e36d9f905c4f6d5406
random_2026-03,Ergebnisse_23.03.2026 (zufällige Reihenfolge)/mobilenet_v2_fp64_slow_BS64_perf.csv,.csv,41328,f7bb2413aaed51e65a8602d1a0f368913825faae61680ce00a02d25523173438
random_2026-03,Ergebnisse_23.03.2026 (zufällige Reihenfolge)/mobilenet_v2_fp64_slow_BS64_tegrastats.log,.log,2094240,c970037074ac2ef09a327bc4f30f7422d5c86830e7d66f1f0c1222b4d1eef0b5
random_2026-03,Ergebnisse_23.03.2026 (zufällige Reihenfolge)/mobilenet_v2_fp64_slow_BS64_tegrastats_power.csv,.csv,107034,fb85e24745cbe0af0472007b2f90bda117f9808be31eb67b74b4d2ed6585d75d
random_2026-03,Ergebnisse_23.03.2026 (zufällige Reihenfolge)/plots/01_throughput_vs_power_facet.svg,.svg,64588,86519e29ef37931a331ae7ff3ab45c7dd0b23ac190885d158d3cbcb4c162539b
random_2026-03,Ergebnisse_23.03.2026 (zufällige Reihenfolge)/plots/02_energy_per_image_vs_batch_facet.svg,.svg,66135,34d0f5c9b97fd1011c8095f1aa52cd215836201376151b1416d17d5ea463de01
random_2026-03,Ergebnisse_23.03.2026 (zufällige Reihenfolge)/plots/03_images_per_joule_vs_batch_facet.svg,.svg,64477,83ecff1d56166accd2752cfb74fb3fa61688d2aede40ba81845edd7e867dd402
random_2026-03,Ergebnisse_23.03.2026 (zufällige Reihenfolge)/plots/04_energy_per_batch_vs_batch_facet.svg,.svg,72396,76f258e5011cde6cf463f453ac91645b0247061aed21e91d0ec35b8542d62227
random_2026-03,Ergebnisse_23.03.2026 (zufällige Reihenfolge)/plots/05_throughput_vs_latency_facet.svg,.svg,67067,ef63ea1d73a15dba2c1e56fabe9ff4b045ba0ff10ab4b51585f6b486425a2186
random_2026-03,Ergebnisse_23.03.2026 (zufällige Reihenfolge)/plots/06_throughput_vs_edp_per_image_facet.svg,.svg,65483,0fb0612264a756d4e79fa5a7d4d5084a637793466b0fa77eff10ed12bc1a42f1
random_2026-03,Ergebnisse_23.03.2026 (zufällige Reihenfolge)/resnet50_fp16_fast_BS128_bench_meta.json,.json,601,9142a0f621795800918ab81a3645284e1cb014bab718adcefa00b8695faf1ab4
random_2026-03,Ergebnisse_23.03.2026 (zufällige Reihenfolge)/resnet50_fp16_fast_BS128_perf.csv,.csv,21397,63f207f60e2471994608f04a76387f026236c54116819188bd84dbd656c559e2
random_2026-03,Ergebnisse_23.03.2026 (zufällige Reihenfolge)/resnet50_fp16_fast_BS128_tegrastats.log,.log,279478,327193b061e562744676f8baf2eec69b7bc0fb8856a0da91ee513f0430610865
random_2026-03,Ergebnisse_23.03.2026 (zufällige Reihenfolge)/resnet50_fp16_fast_BS128_tegrastats_power.csv,.csv,12740,3a9831e22cb6ade5ee3e0568583c023690a9714fec4d9c079fad3970deaa7b8b
random_2026-03,Ergebnisse_23.03.2026 (zufällige Reihenfolge)/resnet50_fp16_fast_BS32_bench_meta.json,.json,602,a4ab365ae2aab7018ca916f86897dedf79778baf913de7f6326cbd0bca40ffe3
random_2026-03,Ergebnisse_23.03.2026 (zufällige Reihenfolge)/resnet50_fp16_fast_BS32_perf.csv,.csv,82370,55dc81fd196af62d3d872f4771ce1d314cb9a0ed02d6413fcc6cd46ec8789fa9
random_2026-03,Ergebnisse_23.03.2026 (zufällige Reihenfolge)/resnet50_fp16_fast_BS32_tegrastats.log,.log,320286,be94c13b574febf9941c742ed7c990a828ff8cf33337f94864b9addd50592be7
random_2026-03,Ergebnisse_23.03.2026 (zufällige Reihenfolge)/resnet50_fp16_fast_BS32_tegrastats_power.csv,.csv,14502,a38021c7e8e06ec71600ca1a9ff37bdd264873cfba24547b706614cdea6c5282
random_2026-03,Ergebnisse_23.03.2026 (zufällige Reihenfolge)/resnet50_fp16_fast_BS64_bench_meta.json,.json,600,b08a65858ab5d434a59ae73873e6e480e5a2cb7db0bcc08ebc0ac124754a9fe5
random_2026-03,Ergebnisse_23.03.2026 (zufällige Reihenfolge)/resnet50_fp16_fast_BS64_perf.csv,.csv,41191,a669cf6e73d7a77c43b7ae0e9c297d0e29f23bd37a99bd146a67fed83ce8ef73
random_2026-03,Ergebnisse_23.03.2026 (zufällige Reihenfolge)/resnet50_fp16_fast_BS64_tegrastats.log,.log,533502,56120d0df8cf81a0c969a9dd91738ee82aaedece49673ceca81934fe0376e00d
random_2026-03,Ergebnisse_23.03.2026 (zufällige Reihenfolge)/resnet50_fp16_fast_BS64_tegrastats_power.csv,.csv,25411,113e199ccb3f39b8b7b6dede2b5bc041a9e1a9f9663bfe46247814350166d2ba
random_2026-03,Ergebnisse_23.03.2026 (zufällige Reihenfolge)/resnet50_fp16_medium_BS128_bench_meta.json,.json,600,37a494040a76633050a8a1291e886883d0b7a5b3dfd5d6e25cc2e168e800f56b
random_2026-03,Ergebnisse_23.03.2026 (zufällige Reihenfolge)/resnet50_fp16_medium_BS128_perf.csv,.csv,21250,e420d6337c55e4b94cf44ce185e6134718d0cc73f15da31762b58523b1283eb9
random_2026-03,Ergebnisse_23.03.2026 (zufällige Reihenfolge)/resnet50_fp16_medium_BS128_tegrastats.log,.log,334122,7867632d94ad62d8570544ddf3ba5de5d8582c48c811aed9fb26d4e9007c2738
random_2026-03,Ergebnisse_23.03.2026 (zufällige Reihenfolge)/resnet50_fp16_medium_BS128_tegrastats_power.csv,.csv,15071,0eaab12a447152dacd3fa572c146f8351a3200c8e5c101160f5dbc87a487fd74
random_2026-03,Ergebnisse_23.03.2026 (zufällige Reihenfolge)/resnet50_fp16_medium_BS32_bench_meta.json,.json,603,9d3428a89ce90d73ed9a3136b6b5dff113820d4d4b0b15fa0507059ff83ab595
random_2026-03,Ergebnisse_23.03.2026 (zufällige Reihenfolge)/resnet50_fp16_medium_BS32_perf.csv,.csv,82393,db927b5cbb66b0eb4e599d67a9667005c8fe0bddc9e411ff82c4b6e59416d797
random_2026-03,Ergebnisse_23.03.2026 (zufällige Reihenfolge)/resnet50_fp16_medium_BS32_tegrastats.log,.log,380569,0cb5403beeb7290ac4ef04c6763a19be50060bc6816d919d9a4c63cc04613825
random_2026-03,Ergebnisse_23.03.2026 (zufällige Reihenfolge)/resnet50_fp16_medium_BS32_tegrastats_power.csv,.csv,17205,de5cfa8c7093891248c60a40d65c1c8865f1c7d2084b09372d7315f4e0bbe4d4
random_2026-03,Ergebnisse_23.03.2026 (zufällige Reihenfolge)/resnet50_fp16_medium_BS64_bench_meta.json,.json,599,2450dc2fddbee46ad1c794399018e662adfbe10a55f10bc6da44281699b17443
random_2026-03,Ergebnisse_23.03.2026 (zufällige Reihenfolge)/resnet50_fp16_medium_BS64_perf.csv,.csv,41474,fce229cdd32ad50e4516eeb58baec497f6f1dddc9514cc6f64f3ea2f47a3a619
random_2026-03,Ergebnisse_23.03.2026 (zufällige Reihenfolge)/resnet50_fp16_medium_BS64_tegrastats.log,.log,366301,42b0aca7bda093ddfcd26c033f7e8d59b0129c7fd836546357c218f270205971
random_2026-03,Ergebnisse_23.03.2026 (zufällige Reihenfolge)/resnet50_fp16_medium_BS64_tegrastats_power.csv,.csv,16645,8d5474c51f284941ba30e366b9767e3ee1186fc7fb4a4ffc2335b22ed3954747
random_2026-03,Ergebnisse_23.03.2026 (zufällige Reihenfolge)/resnet50_fp16_slow_BS128_bench_meta.json,.json,601,3c192ff00f27084ca63a9c552729ae3613a2128582e09aa20f0a87efcabc6300
random_2026-03,Ergebnisse_23.03.2026 (zufällige Reihenfolge)/resnet50_fp16_slow_BS128_perf.csv,.csv,21641,7e7de8afdc602f7bb574af548002cae03908942cd772f29ecdbe44c3d8e9ffea
random_2026-03,Ergebnisse_23.03.2026 (zufällige Reihenfolge)/resnet50_fp16_slow_BS128_tegrastats.log,.log,540168,6e62be5cfc4260360539d3a10e5905321a52e44dd00c6a28636e000c9930b05b
random_2026-03,Ergebnisse_23.03.2026 (zufällige Reihenfolge)/resnet50_fp16_slow_BS128_tegrastats_power.csv,.csv,25786,441f5ad7541f04e62a5416e4ae8f5e1c0e67f413728e9be83fbc3d649f551d7b
random_2026-03,Ergebnisse_23.03.2026 (zufällige Reihenfolge)/resnet50_fp16_slow_BS32_bench_meta.json,.json,603,85bf4e50991b08eb6d2f74cbf4185c5fe6f68b9495c490b538bd4babef285661
random_2026-03,Ergebnisse_23.03.2026 (zufällige Reihenfolge)/resnet50_fp16_slow_BS32_perf.csv,.csv,82173,c24a078b7df8991fef182492986a6d4350a886c4237a61431d90c02ba7c5997e
random_2026-03,Ergebnisse_23.03.2026 (zufällige Reihenfolge)/resnet50_fp16_slow_BS32_tegrastats.log,.log,530338,07471cb53f8630e1cc3116504d96bd0b405dc1f7ea33fdb06191c2d750c1ca08
random_2026-03,Ergebnisse_23.03.2026 (zufällige Reihenfolge)/resnet50_fp16_slow_BS32_tegrastats_power.csv,.csv,25028,93fe6a240200d3a1048cb4569ad09f8b9aaba7655b9ee07084a9be3971fe3ae3
random_2026-03,Ergebnisse_23.03.2026 (zufällige Reihenfolge)/resnet50_fp16_slow_BS64_bench_meta.json,.json,600,587248fda905f448789cd5309ec1f975982ebe32a149f9764e9439b952677c92
random_2026-03,Ergebnisse_23.03.2026 (zufällige Reihenfolge)/resnet50_fp16_slow_BS64_perf.csv,.csv,41195,a914764eb882559ccac9ea2833e3fa2acc0ac29fce55e7a96be7327c8917d6f2
random_2026-03,Ergebnisse_23.03.2026 (zufällige Reihenfolge)/resnet50_fp16_slow_BS64_tegrastats.log,.log,536470,416e5fc869a3fe75bb41f427869624aebe9614b6d372907357eb2b593d5639df
random_2026-03,Ergebnisse_23.03.2026 (zufällige Reihenfolge)/resnet50_fp16_slow_BS64_tegrastats_power.csv,.csv,25551,7e1730dd404c4c989fcad814040d4552b59cc8b8a81c9b2c4fc777cc067c47a4
random_2026-03,Ergebnisse_23.03.2026 (zufällige Reihenfolge)/resnet50_fp32_fast_BS128_bench_meta.json,.json,601,ecccde84a1c2b8c6d965f3d5e76c3d06afc66ee0e5cf41e5afaaacb32bae0840
random_2026-03,Ergebnisse_23.03.2026 (zufällige Reihenfolge)/resnet50_fp32_fast_BS128_perf.csv,.csv,21324,b5239a8456d09df5ee11501267782331af58adca9eaff833e7d53e8e2d5e5a18
random_2026-03,Ergebnisse_23.03.2026 (zufällige Reihenfolge)/resnet50_fp32_fast_BS128_tegrastats.log,.log,794685,f0db71f2def1441aea4e85adbb865e6092fb1bc80b99c9977b7b1f2e7c0e4522
random_2026-03,Ergebnisse_23.03.2026 (zufällige Reihenfolge)/resnet50_fp32_fast_BS128_tegrastats_power.csv,.csv,39564,0de57c0ebc93e60cdea3460823625ad0ba9ff94e5513fd9a7ae9a3f39e2ffb1e
random_2026-03,Ergebnisse_23.03.2026 (zufällige Reihenfolge)/resnet50_fp32_fast_BS32_bench_meta.json,.json,599,54cd3542be91ecbd8854a8a1f3d483fc74d7a023300d324a1c9f568deb1685c3
random_2026-03,Ergebnisse_23.03.2026 (zufällige Reihenfolge)/resnet50_fp32_fast_BS32_perf.csv,.csv,80427,21b57516ecac19d23c38bfac4237d226e77b88862a2e58becd7caff3393f62d1
random_2026-03,Ergebnisse_23.03.2026 (zufällige Reihenfolge)/resnet50_fp32_fast_BS32_tegrastats.log,.log,769203,ef1c10be052e8f306b5ff533c6928c01e2c01915dfe8231981bc8376e557cb19
random_2026-03,Ergebnisse_23.03.2026 (zufällige Reihenfolge)/resnet50_fp32_fast_BS32_tegrastats_power.csv,.csv,37565,275d54db49f7b7256f69afb4916f97e590864b8c9c2db572d03d250e9039ff55
random_2026-03,Ergebnisse_23.03.2026 (zufällige Reihenfolge)/resnet50_fp32_fast_BS64_bench_meta.json,.json,600,a6e0fb5f94fa4c70e3f3636b3e690c702d28ee6ac8f12198a7d353d04d1be027
random_2026-03,Ergebnisse_23.03.2026 (zufällige Reihenfolge)/resnet50_fp32_fast_BS64_perf.csv,.csv,41383,1cdf09eaf9df4614abc05d9630eef79baddfc52bd0dbee5d9354eee0cb500023
random_2026-03,Ergebnisse_23.03.2026 (zufällige Reihenfolge)/resnet50_fp32_fast_BS64_tegrastats.log,.log,767040,5bc0fbba5ea75cec98245192ecef8f1b215a8aa18704a501244bea403c2618ea
random_2026-03,Ergebnisse_23.03.2026 (zufällige Reihenfolge)/resnet50_fp32_fast_BS64_tegrastats_power.csv,.csv,37476,2361258ee732df566c347b29bc375418c496f0b00d5074454f13210aeaeb578a
random_2026-03,Ergebnisse_23.03.2026 (zufällige Reihenfolge)/resnet50_fp32_medium_BS128_bench_meta.json,.json,601,c1f41d24a0d5b37207b49f19f3094230035f3f0ad15aed3580c9964bd23dcf75
random_2026-03,Ergebnisse_23.03.2026 (zufällige Reihenfolge)/resnet50_fp32_medium_BS128_perf.csv,.csv,21270,71e92fe46e983ed2693346fcf4f42fd26a07a6ded3707ee77d586eb27304b292
random_2026-03,Ergebnisse_23.03.2026 (zufällige Reihenfolge)/resnet50_fp32_medium_BS128_tegrastats.log,.log,470180,9dc43a32358dd77a0ad948dfab3c19b62e7d7dcb661c441ac56b448d8a093942
random_2026-03,Ergebnisse_23.03.2026 (zufällige Reihenfolge)/resnet50_fp32_medium_BS128_tegrastats_power.csv,.csv,22098,8ed1ccda691ce58bf37173f8b1715c85995b0c670e5e704c44f47baca850522e
random_2026-03,Ergebnisse_23.03.2026 (zufällige Reihenfolge)/resnet50_fp32_medium_BS32_bench_meta.json,.json,600,930574029ef6d4c2bdac3ab8ca6a02cb95311d20c97f00b7e202f8e1647607bb
random_2026-03,Ergebnisse_23.03.2026 (zufällige Reihenfolge)/resnet50_fp32_medium_BS32_perf.csv,.csv,80571,338798f137e904bd02f9d511e6b2cbcd2c10df1b8da321f9168087c1fc5dc8c2
random_2026-03,Ergebnisse_23.03.2026 (zufällige Reihenfolge)/resnet50_fp32_medium_BS32_tegrastats.log,.log,501802,07ab9c12b003a5583a5dc41b566ee643f750147b9356693179d9e0b70c8ad116
random_2026-03,Ergebnisse_23.03.2026 (zufällige Reihenfolge)/resnet50_fp32_medium_BS32_tegrastats_power.csv,.csv,23468,c218ec52feb6ea69d69637eef381950d4aff7911172fd3ac8dc0dc76f3f16be2
random_2026-03,Ergebnisse_23.03.2026 (zufällige Reihenfolge)/resnet50_fp32_medium_BS64_bench_meta.json,.json,598,7f1cde09822bcc3470a68c13f828e2543e1dd77fabe57cad551f489e852c41a7
random_2026-03,Ergebnisse_23.03.2026 (zufällige Reihenfolge)/resnet50_fp32_medium_BS64_perf.csv,.csv,40401,a9cf08e75f61263626df15e0c940ff7ab8c10721e10a51e9587da64a4d3a1a50
random_2026-03,Ergebnisse_23.03.2026 (zufällige Reihenfolge)/resnet50_fp32_medium_BS64_tegrastats.log,.log,483164,564e62c03c9560b64de0bfb87a87ba0ffe2798c7d915c125b8a9fc693f2c8472
random_2026-03,Ergebnisse_23.03.2026 (zufällige Reihenfolge)/resnet50_fp32_medium_BS64_tegrastats_power.csv,.csv,22841,f66ca930f697f58905c46e21c29c3a757541d4861f7466baa38d27684b0a730b
random_2026-03,Ergebnisse_23.03.2026 (zufällige Reihenfolge)/resnet50_fp32_slow_BS128_bench_meta.json,.json,600,c4f249d5edb4e0b8c14fb10c4a9e9a53a9f65ba4b3883883165bc07283a228b3
random_2026-03,Ergebnisse_23.03.2026 (zufällige Reihenfolge)/resnet50_fp32_slow_BS128_perf.csv,.csv,21324,96cdf88d12692d66af454faf9dbad90a41a444d8050468a1807d7a7ebfa2edd6
random_2026-03,Ergebnisse_23.03.2026 (zufällige Reihenfolge)/resnet50_fp32_slow_BS128_tegrastats.log,.log,796032,0950a049a38277f415c7fce9eb9395acbecd1ceeb010cbe08b606d95d0a31b17
random_2026-03,Ergebnisse_23.03.2026 (zufällige Reihenfolge)/resnet50_fp32_slow_BS128_tegrastats_power.csv,.csv,39741,90c18fe872b3bcca0dc57dc5b700d6e2790b88ef238d38fce205b03092768bae
random_2026-03,Ergebnisse_23.03.2026 (zufällige Reihenfolge)/resnet50_fp32_slow_BS32_bench_meta.json,.json,600,f125fbc583d5a58b610d80d3426cecf18938b68c14ca1a1c32f3b1bbf5908c86
random_2026-03,Ergebnisse_23.03.2026 (zufällige Reihenfolge)/resnet50_fp32_slow_BS32_perf.csv,.csv,80350,f2fbd5338dd1c6b4f81eda19e7f1c5d80d23ccf327b4262c0ba0daf7d80b5a5d
random_2026-03,Ergebnisse_23.03.2026 (zufällige Reihenfolge)/resnet50_fp32_slow_BS32_tegrastats.log,.log,783338,b22eafea12afbd75e9face358f21c61c2097e3e0e4bc172152be64ae0d14d4e9
random_2026-03,Ergebnisse_23.03.2026 (zufällige Reihenfolge)/resnet50_fp32_slow_BS32_tegrastats_power.csv,.csv,38219,31db276294a316da4a887ff25669b12c16f3e32e1f17d79afd0207703e364800
random_2026-03,Ergebnisse_23.03.2026 (zufällige Reihenfolge)/resnet50_fp32_slow_BS64_bench_meta.json,.json,600,42ff409ed4dbae604f33e5cd85953ebd1708f01bc3ffa8599be03f9a8335fa97
random_2026-03,Ergebnisse_23.03.2026 (zufällige Reihenfolge)/resnet50_fp32_slow_BS64_perf.csv,.csv,41393,bc0c43e1475f6afec6c2418a321164553fc35ceced5cf7cad4823f388276d449
random_2026-03,Ergebnisse_23.03.2026 (zufällige Reihenfolge)/resnet50_fp32_slow_BS64_tegrastats.log,.log,770088,b5c284982da8410ebb48b7f1d92fd2d9cfac08a201d42e4434ceb7a4cbed7102
random_2026-03,Ergebnisse_23.03.2026 (zufällige Reihenfolge)/resnet50_fp32_slow_BS64_tegrastats_power.csv,.csv,37700,29b9306345b93251d69af838d780dfd2bd95090ac87f040d92bc49e3939ef82e
random_2026-03,Ergebnisse_23.03.2026 (zufällige Reihenfolge)/resnet50_fp64_fast_BS128_bench_meta.json,.json,599,4c8fac167bebcf411ded26cd2662c43bc2d7bbdefbe60808bd85bc5d6320039c
random_2026-03,Ergebnisse_23.03.2026 (zufällige Reihenfolge)/resnet50_fp64_fast_BS128_perf.csv,.csv,21657,2e9ada26443d6980c8fa9303163e7029999044c671072d6f5cd6dc725398be8b
random_2026-03,Ergebnisse_23.03.2026 (zufällige Reihenfolge)/resnet50_fp64_fast_BS128_tegrastats.log,.log,17070263,c0872cb3415b9073ccbb67ffeba5797759d864e9ce1432e0f36ecabc36bd7e90
random_2026-03,Ergebnisse_23.03.2026 (zufällige Reihenfolge)/resnet50_fp64_fast_BS128_tegrastats_power.csv,.csv,962341,6a4c03adb9a2809c037cc80c55227594b392b9fecf3e31d64799d3107f29fef9
random_2026-03,Ergebnisse_23.03.2026 (zufällige Reihenfolge)/resnet50_fp64_fast_BS32_bench_meta.json,.json,600,b6df7cc40e5215e7ac409e73f1c2dd3aa6b88ea264a85b41af079e5ea5d74bdd
random_2026-03,Ergebnisse_23.03.2026 (zufällige Reihenfolge)/resnet50_fp64_fast_BS32_perf.csv,.csv,82321,7b270e94db82fc9863809b10fd5fd7cc81d2aecb9814ed9def6640a8cbec05fe
random_2026-03,Ergebnisse_23.03.2026 (zufällige Reihenfolge)/resnet50_fp64_fast_BS32_tegrastats.log,.log,16379673,f6a32d975a5a2a607549edc48886ea270cfc72bff012decbd1593ed0d07a7a8f
random_2026-03,Ergebnisse_23.03.2026 (zufällige Reihenfolge)/resnet50_fp64_fast_BS32_tegrastats_power.csv,.csv,919728,815ff78de2fda5d7fc41932ddb5161af6a6abaf9cfc175031ca214b967e7c1d6
random_2026-03,Ergebnisse_23.03.2026 (zufällige Reihenfolge)/resnet50_fp64_fast_BS64_bench_meta.json,.json,596,03e253e15b935e526fd35cbf6e6ddc64eed05cd295025780e7376b443f2fcab6
random_2026-03,Ergebnisse_23.03.2026 (zufällige Reihenfolge)/resnet50_fp64_fast_BS64_perf.csv,.csv,41372,e9413abfd8bdd1990af341854a1fd701ed3ddccde9815de06cbf7b731826987c
random_2026-03,Ergebnisse_23.03.2026 (zufällige Reihenfolge)/resnet50_fp64_fast_BS64_tegrastats.log,.log,16845473,ebe0b1d899ba480b764cca020c49e1d4df1a4fff5d032b1e3d26e981db89d8db
random_2026-03,Ergebnisse_23.03.2026 (zufällige Reihenfolge)/resnet50_fp64_fast_BS64_tegrastats_power.csv,.csv,946348,3540b88dc29b341bb5243974503af77f97f6b27322072770ab4e7117ac34d89b
random_2026-03,Ergebnisse_23.03.2026 (zufällige Reihenfolge)/resnet50_fp64_medium_BS128_bench_meta.json,.json,599,0e286b62e3fe7410b423eb5d2896c14ae2a9511471d6119ed89b54d7ebc9d50f
random_2026-03,Ergebnisse_23.03.2026 (zufällige Reihenfolge)/resnet50_fp64_medium_BS128_perf.csv,.csv,21314,0dc63b657b031d75db32b9345e54993745ab56d58809e937d9ce55d7380da96d
random_2026-03,Ergebnisse_23.03.2026 (zufällige Reihenfolge)/resnet50_fp64_medium_BS128_tegrastats.log,.log,9758535,c1900bf5fb2494666af9f651e9733964600753cc1aa5d69634d4b4b5beef1b74
random_2026-03,Ergebnisse_23.03.2026 (zufällige Reihenfolge)/resnet50_fp64_medium_BS128_tegrastats_power.csv,.csv,536088,46a2438a620e4f6376222b6b2a483b84767df038e7cbe701c78342ec7e9d5100
random_2026-03,Ergebnisse_23.03.2026 (zufällige Reihenfolge)/resnet50_fp64_medium_BS32_bench_meta.json,.json,603,3b02eccecf3a58c47f2b216541052082873c2c5b6d9ccd5fb831ddabe21a5e93
random_2026-03,Ergebnisse_23.03.2026 (zufällige Reihenfolge)/resnet50_fp64_medium_BS32_perf.csv,.csv,82332,28fcfbb0da9eb8d94e93aa795cc00a0e1b2f670e2023551d09aae8c7e7ebc0b8
random_2026-03,Ergebnisse_23.03.2026 (zufällige Reihenfolge)/resnet50_fp64_medium_BS32_tegrastats.log,.log,8423043,b140d0513dc66f2a2021fa0bae8ea56a9d9a657b5d8adfba50f27ca40631ddf3
random_2026-03,Ergebnisse_23.03.2026 (zufällige Reihenfolge)/resnet50_fp64_medium_BS32_tegrastats_power.csv,.csv,459228,567abfa756c5163396cfd6114ac0002178b23a4e9e126d57ff1b37d9830fbe9d
random_2026-03,Ergebnisse_23.03.2026 (zufällige Reihenfolge)/resnet50_fp64_medium_BS64_bench_meta.json,.json,600,683487a7b7e1f984507e85c66b115192079734413c08579a9264d6b95899ac8b
random_2026-03,Ergebnisse_23.03.2026 (zufällige Reihenfolge)/resnet50_fp64_medium_BS64_perf.csv,.csv,41474,25cdbc6ee51f20a97f1b5dc4238c4ce678ca029e87036e339b2181ecf4b530dc
random_2026-03,Ergebnisse_23.03.2026 (zufällige Reihenfolge)/resnet50_fp64_medium_BS64_tegrastats.log,.log,8666772,8aed01267c3706d54fa02884f12fca04308d5cbbd55f4c575584b33bba323d49
random_2026-03,Ergebnisse_23.03.2026 (zufällige Reihenfolge)/resnet50_fp64_medium_BS64_tegrastats_power.csv,.csv,473562,de7c8b2c71f3c70e87c837ac6ca5b0e6cdcb2284b350b9789ad3fd06e397d36b
random_2026-03,Ergebnisse_23.03.2026 (zufällige Reihenfolge)/resnet50_fp64_slow_BS128_bench_meta.json,.json,601,a704532ef02cef9d6248d8efb763ce81580072580fc0bfc98c42b8b7eaefc2c8
random_2026-03,Ergebnisse_23.03.2026 (zufällige Reihenfolge)/resnet50_fp64_slow_BS128_perf.csv,.csv,21632,3bed63a53ca6626ddec3c0e62e69562f1737610513ef4a8ec915ed4c5d7cfc12
random_2026-03,Ergebnisse_23.03.2026 (zufällige Reihenfolge)/resnet50_fp64_slow_BS128_tegrastats.log,.log,17576669,9bf2e19daf83448581b76a9fa282815a8663e87bc88f694985b834315b92ca51
random_2026-03,Ergebnisse_23.03.2026 (zufällige Reihenfolge)/resnet50_fp64_slow_BS128_tegrastats_power.csv,.csv,988522,5b43a8eddae193748c9160b41d64088de0c841233bbc1af01e2a7d1eed573173
random_2026-03,Ergebnisse_23.03.2026 (zufällige Reihenfolge)/resnet50_fp64_slow_BS32_bench_meta.json,.json,602,009b99922df76f1a53670627b72e3f1f6a4f01a1152e5216392f433e75e092cf
random_2026-03,Ergebnisse_23.03.2026 (zufällige Reihenfolge)/resnet50_fp64_slow_BS32_perf.csv,.csv,82444,7f1d1c66b09e97f117b7705c7a2f1e28b386cc562304f95a180fc823535b8992
random_2026-03,Ergebnisse_23.03.2026 (zufällige Reihenfolge)/resnet50_fp64_slow_BS32_tegrastats.log,.log,16385991,3a3010a405b69c1ce15394c8fc25e9e4fd1157ad365a99ed408864be24c4e01b
random_2026-03,Ergebnisse_23.03.2026 (zufällige Reihenfolge)/resnet50_fp64_slow_BS32_tegrastats_power.csv,.csv,919429,215d4d09ce78a23c958224f5a090f30424694f02bf77f21091375aa4ef6e1068
random_2026-03,Ergebnisse_23.03.2026 (zufällige Reihenfolge)/resnet50_fp64_slow_BS64_bench_meta.json,.json,598,083cc543ba0b47da4bff973f7d75c65c6d4bb731cf83f438036e093fbb3bc6c0
random_2026-03,Ergebnisse_23.03.2026 (zufällige Reihenfolge)/resnet50_fp64_slow_BS64_perf.csv,.csv,41393,aeacfa144bde7a75261ed60dad2f2760c17d63fc242d4cfa89ad1b9ab7333817
random_2026-03,Ergebnisse_23.03.2026 (zufällige Reihenfolge)/resnet50_fp64_slow_BS64_tegrastats.log,.log,16872696,5b67757970c5f1e7179dc547c5c105429e0f54b86b8b01ac4fc8ecd1f4060c36
random_2026-03,Ergebnisse_23.03.2026 (zufällige Reihenfolge)/resnet50_fp64_slow_BS64_tegrastats_power.csv,.csv,945970,966fcd56379f90112feb618466709ee6235809d81d9c396d06125bfc2237b29c
Clone1,Ergebnisse_Clone1_13.07.2026/grid_manifest.csv,.csv,59403,b30a70a1fd4666a0072fb32e1a53caac16040fbe2731a2d57bbdbdee86df4741
Clone1,Ergebnisse_Clone1_13.07.2026/grid_manifest_enriched.csv,.csv,87052,89b85bf3a0ea09dcd96d40028b032eb020058d1b186769a44499108a675bdaec
Clone1,Ergebnisse_Clone1_13.07.2026/grid_state.jsonl,.jsonl,28232,206d85ad017e036e58d713e5ea7103d2626f71d37325fdbe5a784e2c25578c40
Clone1,Ergebnisse_Clone1_13.07.2026/mobilenet_v2_fp16_fast_BS128_bench_meta.json,.json,603,7e306e079b609754c8e7f1ecd3d94bb8970900e983676ed5e355e9e1dfd16950
Clone1,Ergebnisse_Clone1_13.07.2026/mobilenet_v2_fp16_fast_BS128_perf.csv,.csv,21222,058a0d3b0c85714161bc1a0896f8f2b318c7977ff0b388920318dd1c4536c93f
Clone1,Ergebnisse_Clone1_13.07.2026/mobilenet_v2_fp16_fast_BS128_tegrastats.log,.log,445403,281265f253ecc39ade13f68df92777f57a04b68b2526a4cebb26ce3eed7cbc43
Clone1,Ergebnisse_Clone1_13.07.2026/mobilenet_v2_fp16_fast_BS128_tegrastats_power.csv,.csv,20755,af2fc06260e520c06dac1288117ea7e54a63c517a553d546c40838511ed62431
Clone1,Ergebnisse_Clone1_13.07.2026/mobilenet_v2_fp16_fast_BS16_bench_meta.json,.json,602,7017d1f6f0b4d1c261395d62e585a943caa20f977f5e0744de5217157fa54c2f
Clone1,Ergebnisse_Clone1_13.07.2026/mobilenet_v2_fp16_fast_BS16_perf.csv,.csv,160376,7f547e1786df7b7b31c4039d967338b1f411a557e6d21cdcbc30d08a01fa1412
Clone1,Ergebnisse_Clone1_13.07.2026/mobilenet_v2_fp16_fast_BS16_tegrastats.log,.log,291193,c11fd84aa085f081aa415ed79673908f8ff45ffe4e640bfa8356f5506006f9ca
Clone1,Ergebnisse_Clone1_13.07.2026/mobilenet_v2_fp16_fast_BS16_tegrastats_power.csv,.csv,12369,05a686e21c82b1a8adfe9dd6f1c7ac5c3fe07a11e6df3b3aa3a7f1dfa986eb3e
Clone1,Ergebnisse_Clone1_13.07.2026/mobilenet_v2_fp16_fast_BS1_bench_meta.json,.json,603,7b975bfb0303a0e0d01784e9f6145b96476808863ba00969f1c74b24ddfb1070
Clone1,Ergebnisse_Clone1_13.07.2026/mobilenet_v2_fp16_fast_BS1_perf.csv,.csv,2479811,469b01e53d7143714576b06418e2f446c25e4fb89cbb1372af4a8811d3005acc
Clone1,Ergebnisse_Clone1_13.07.2026/mobilenet_v2_fp16_fast_BS1_tegrastats.log,.log,823498,2695590787f7d0269fdbe11015a66b00dc6665f9ef6b9d7a6fe9d63a9381ceab
Clone1,Ergebnisse_Clone1_13.07.2026/mobilenet_v2_fp16_fast_BS1_tegrastats_power.csv,.csv,39966,fd2d2564b5a7b37a9bdc605e549707069be0175d7484ea945d8a30baae138116
Clone1,Ergebnisse_Clone1_13.07.2026/mobilenet_v2_fp16_fast_BS32_bench_meta.json,.json,604,5ad20972e27a1f9c0f9072d1b579163c995eaf75d5defc1629bb6b736db9f254
Clone1,Ergebnisse_Clone1_13.07.2026/mobilenet_v2_fp16_fast_BS32_perf.csv,.csv,82474,57949357acc41121e98bd4fca6ad940a42b3a42f60c18fe6508253aceb4d2f83
Clone1,Ergebnisse_Clone1_13.07.2026/mobilenet_v2_fp16_fast_BS32_tegrastats.log,.log,439360,cd5798c3658918a2ac2728541dfe94047893d3f967e4950f4eaea758a8de615b
Clone1,Ergebnisse_Clone1_13.07.2026/mobilenet_v2_fp16_fast_BS32_tegrastats_power.csv,.csv,20503,f63317148f529858d2112c21015a700e0a160dd9b87bff33c16bf4221dbbaef3
Clone1,Ergebnisse_Clone1_13.07.2026/mobilenet_v2_fp16_fast_BS4_bench_meta.json,.json,604,e99e5f3b6b2dd539612e1ffd065e5493835a28553415ff6d29e1bfeceaa99b67
Clone1,Ergebnisse_Clone1_13.07.2026/mobilenet_v2_fp16_fast_BS4_perf.csv,.csv,622681,db0d7bb188d3f0abcd15b73c5a567021e5e33c43a8b457ed744e330450679240
Clone1,Ergebnisse_Clone1_13.07.2026/mobilenet_v2_fp16_fast_BS4_tegrastats.log,.log,387193,06ca8b63e6813097fac030723fde4c242287fb38167535cf1df0afe89f0f8c60
Clone1,Ergebnisse_Clone1_13.07.2026/mobilenet_v2_fp16_fast_BS4_tegrastats_power.csv,.csv,17546,04e1c524b193ee2d85a0743f5b1d520d978be8ebfc6f1b7de1c7c111e2064790
Clone1,Ergebnisse_Clone1_13.07.2026/mobilenet_v2_fp16_fast_BS64_bench_meta.json,.json,604,d634771e19ac275532e584e2b0f7a3e7f7c93798b212f57ffc93d5fba36174e0
Clone1,Ergebnisse_Clone1_13.07.2026/mobilenet_v2_fp16_fast_BS64_perf.csv,.csv,41562,9e2f5764b1ab7e930466433958dade7eb1c355415c973f155a55608e225d5bd1
Clone1,Ergebnisse_Clone1_13.07.2026/mobilenet_v2_fp16_fast_BS64_tegrastats.log,.log,293128,18658a6c867380de945913d647a491efa532b6013bb3cb9cfa37aaf863ee1a3a
Clone1,Ergebnisse_Clone1_13.07.2026/mobilenet_v2_fp16_fast_BS64_tegrastats_power.csv,.csv,12789,aa42a51547ec4bbe1bce024ebde7ce15be85c1f1e0b06f3e714ebf0f5fc475c0
Clone1,Ergebnisse_Clone1_13.07.2026/mobilenet_v2_fp16_fast_BS8_bench_meta.json,.json,603,042de428bc8ee89d9464358408e3ad229b1b27edf6f5fcb5608862005fdc202a
Clone1,Ergebnisse_Clone1_13.07.2026/mobilenet_v2_fp16_fast_BS8_perf.csv,.csv,312414,926e0ff1f22c535188e9b5122cb0960f49aeb2a8f8b6bf758051040f935fb088
Clone1,Ergebnisse_Clone1_13.07.2026/mobilenet_v2_fp16_fast_BS8_tegrastats.log,.log,308703,7cd1ac255efc1d24213309deb3c3cfc9065083cc2aaf2015126eb55174109710
Clone1,Ergebnisse_Clone1_13.07.2026/mobilenet_v2_fp16_fast_BS8_tegrastats_power.csv,.csv,13176,ca752ebb4adc19c4b27ef9bcd4e116a3fe9164d0a6706486dbc4bc3fa5a20884
Clone1,Ergebnisse_Clone1_13.07.2026/mobilenet_v2_fp16_medium_BS128_bench_meta.json,.json,600,3d45f3b863d52250680076ff61c24d736422111bbe4d26cd4ea1a2be30a9bb5c
Clone1,Ergebnisse_Clone1_13.07.2026/mobilenet_v2_fp16_medium_BS128_perf.csv,.csv,21299,06cd232aaf6e8c6879440588826573069958e226d3e5e66507ab68822a8f428f
Clone1,Ergebnisse_Clone1_13.07.2026/mobilenet_v2_fp16_medium_BS128_tegrastats.log,.log,312968,a70833fc4d977758c6359f6f68632793f89bb5cb8a96e1109021ccd73c2e5686
Clone1,Ergebnisse_Clone1_13.07.2026/mobilenet_v2_fp16_medium_BS128_tegrastats_power.csv,.csv,13910,f85461173463db287fbf0c80dcf8ab6f214fc4b6c6e4aa906d6e6f7cf5812051
Clone1,Ergebnisse_Clone1_13.07.2026/mobilenet_v2_fp16_medium_BS16_bench_meta.json,.json,602,52bfb5ae041fe87724fb1f3c96d43f87d8b62bb55a7083150283d87fbf1129e2
Clone1,Ergebnisse_Clone1_13.07.2026/mobilenet_v2_fp16_medium_BS16_perf.csv,.csv,160263,ff69fe79085721564cdbda9d33bc28b8180c48cfcefdfbca2eae6d7e0b14eaf4
Clone1,Ergebnisse_Clone1_13.07.2026/mobilenet_v2_fp16_medium_BS16_tegrastats.log,.log,324743,c422689f6eff001d6490171b058fea0e7ec102b33649080b05498b3643fa0ffd
Clone1,Ergebnisse_Clone1_13.07.2026/mobilenet_v2_fp16_medium_BS16_tegrastats_power.csv,.csv,14563,ce73bc501bd296ca8b8e09ea5108435fed77816b6181eacec14459183f136b13
Clone1,Ergebnisse_Clone1_13.07.2026/mobilenet_v2_fp16_medium_BS1_bench_meta.json,.json,604,1135c1370f6936dc5a69a6e5d45c578a12df6b11b75a7556f213b626b4bb6311
Clone1,Ergebnisse_Clone1_13.07.2026/mobilenet_v2_fp16_medium_BS1_perf.csv,.csv,2480337,79a8153ebd7784dd56c1f35df4314f9d429da7a2bc8bf728ce74b779422c187b
Clone1,Ergebnisse_Clone1_13.07.2026/mobilenet_v2_fp16_medium_BS1_tegrastats.log,.log,865128,667ce1e6044a6e7afa5c505c39f569a370c55d2021187044da99427f3f4aaa40
Clone1,Ergebnisse_Clone1_13.07.2026/mobilenet_v2_fp16_medium_BS1_tegrastats_power.csv,.csv,42112,3e3888915afa71da4581d08c15dc7114d45a4492b4520c21b2891658be0a661c
Clone1,Ergebnisse_Clone1_13.07.2026/mobilenet_v2_fp16_medium_BS32_bench_meta.json,.json,603,4a2dde3f3dd2b7135a1e0c03e0e55aa9c91bae4940a17a3008f99a2fd1d4a61a
Clone1,Ergebnisse_Clone1_13.07.2026/mobilenet_v2_fp16_medium_BS32_perf.csv,.csv,82197,3ec5a8d18d21d1cf899a8368bf019387cda61427dc0302358bef002f81b18ea7
Clone1,Ergebnisse_Clone1_13.07.2026/mobilenet_v2_fp16_medium_BS32_tegrastats.log,.log,332912,64e8aba4760e42e57b52ddf4b22d31bef395d37219a0848583781d209c2caa1d
Clone1,Ergebnisse_Clone1_13.07.2026/mobilenet_v2_fp16_medium_BS32_tegrastats_power.csv,.csv,14916,ec51eb8a6c27766a3719f13ad47159441915d20b6717ebe10f20107e60e598a4
Clone1,Ergebnisse_Clone1_13.07.2026/mobilenet_v2_fp16_medium_BS4_bench_meta.json,.json,605,f91353477b181fb0b19e7618e8fc826a79e2b31a1229c0f025fd49dfda6dbe86
Clone1,Ergebnisse_Clone1_13.07.2026/mobilenet_v2_fp16_medium_BS4_perf.csv,.csv,622876,d57d448e82048ac25325268f99a935b20afb9f2169eae7c18a934f8571eafa7d
Clone1,Ergebnisse_Clone1_13.07.2026/mobilenet_v2_fp16_medium_BS4_tegrastats.log,.log,396599,5a1be439182d225961a31361da562f44d243634e50795e1d6b9b6f60195fa6b2
Clone1,Ergebnisse_Clone1_13.07.2026/mobilenet_v2_fp16_medium_BS4_tegrastats_power.csv,.csv,18001,99689cf580e63f30fdda1c52d2448e1cd114dd8b953028b366ea3bc3e58586f5
Clone1,Ergebnisse_Clone1_13.07.2026/mobilenet_v2_fp16_medium_BS64_bench_meta.json,.json,603,5dd2403bd1c02b62192018083d7c3711ce570aba00c812a4f8c8ce57d078ede3
Clone1,Ergebnisse_Clone1_13.07.2026/mobilenet_v2_fp16_medium_BS64_perf.csv,.csv,41556,16cf287521f7b34f4d2ac5978408ab6bb47bec352b5a7b7775ea9a3a39bf2e33
Clone1,Ergebnisse_Clone1_13.07.2026/mobilenet_v2_fp16_medium_BS64_tegrastats.log,.log,304575,2c64d31753a425a23cc7d9219e4af16ce4dc67226c4d690311a973cf5e0e75f2
Clone1,Ergebnisse_Clone1_13.07.2026/mobilenet_v2_fp16_medium_BS64_tegrastats_power.csv,.csv,13531,26d3f2c675aadbe9c3ede3421b3ea495b3c41ca3f25a5667c560950d39295e6f
Clone1,Ergebnisse_Clone1_13.07.2026/mobilenet_v2_fp16_medium_BS8_bench_meta.json,.json,601,cb585132c5491c8a15ae330c644665ca283d18fe4970b801dc19036c1b34f4a8
Clone1,Ergebnisse_Clone1_13.07.2026/mobilenet_v2_fp16_medium_BS8_perf.csv,.csv,311847,1109d36432917c5a93c77f7af5a986f1b5a2a4cf071475b5c311ba1f769ae9d5
Clone1,Ergebnisse_Clone1_13.07.2026/mobilenet_v2_fp16_medium_BS8_tegrastats.log,.log,354652,74c1d8b2818cba3872810ec2f8fa9021bfc71955d3b3d51f5dcf040364d971d6
Clone1,Ergebnisse_Clone1_13.07.2026/mobilenet_v2_fp16_medium_BS8_tegrastats_power.csv,.csv,15979,f73e6a0b96cdd2012ced71c6b3d803ceee5c6f3f223fc4f2c74076a28dd09560
Clone1,Ergebnisse_Clone1_13.07.2026/mobilenet_v2_fp16_slow_BS128_bench_meta.json,.json,603,14275c82655c9cb5d8ac07bc1399231670a537ff501907dfc26feca27ec06c5c
Clone1,Ergebnisse_Clone1_13.07.2026/mobilenet_v2_fp16_slow_BS128_perf.csv,.csv,21226,83b980e4b7e6e6e137ca04c2c1bad658ef462ef3bdb337804985cbb8d21e4014
Clone1,Ergebnisse_Clone1_13.07.2026/mobilenet_v2_fp16_slow_BS128_tegrastats.log,.log,446829,67acc819362782232a4e63609f1c876187a768f0e62b853233bdb118d0232415
Clone1,Ergebnisse_Clone1_13.07.2026/mobilenet_v2_fp16_slow_BS128_tegrastats_power.csv,.csv,20880,50292825d0dc59ba01340a45cdd518c2b8f26450fbd571bfbd18dc9d85b08fde
Clone1,Ergebnisse_Clone1_13.07.2026/mobilenet_v2_fp16_slow_BS16_bench_meta.json,.json,602,9d7bd90a5d62aede5bc2f27c0bad3632a993c4947481f8db32004fa7bd3610ce
Clone1,Ergebnisse_Clone1_13.07.2026/mobilenet_v2_fp16_slow_BS16_perf.csv,.csv,160228,51cb9392bd1096512623638e0f2e62ff708a0c11aa93aab5c0243c55223e04e2
Clone1,Ergebnisse_Clone1_13.07.2026/mobilenet_v2_fp16_slow_BS16_tegrastats.log,.log,455774,9fc2078473480d1be2f6d48300320d08481bdd9aabf177f4234c2cb9ba9b3b0e
Clone1,Ergebnisse_Clone1_13.07.2026/mobilenet_v2_fp16_slow_BS16_tegrastats_power.csv,.csv,21397,ebe8abd70882c5ee098ebfe086874bce1a5ca9241672f68854f3102579878680
Clone1,Ergebnisse_Clone1_13.07.2026/mobilenet_v2_fp16_slow_BS1_bench_meta.json,.json,603,7471d7defd261c16464661ce60ef255ceca612b7ecaa0e66140cdeabad12efa0
Clone1,Ergebnisse_Clone1_13.07.2026/mobilenet_v2_fp16_slow_BS1_perf.csv,.csv,2479612,aba4c16d90f83afbda4c70d98247f56bb280288ed7436dfafe32d2d9a45c85c7
Clone1,Ergebnisse_Clone1_13.07.2026/mobilenet_v2_fp16_slow_BS1_tegrastats.log,.log,1189115,e1c05a12a4751e197e569de2366b02bbdd5cb9e9e63aef9583432c5c328a427b
Clone1,Ergebnisse_Clone1_13.07.2026/mobilenet_v2_fp16_slow_BS1_tegrastats_power.csv,.csv,59876,6e212ded3ac6310d88ded2339d4df1750481d404fcfa6d3a144b14da5415ad7d
Clone1,Ergebnisse_Clone1_13.07.2026/mobilenet_v2_fp16_slow_BS32_bench_meta.json,.json,606,6f223d27b5ec848bd1035051fbbfdac6d721bafaf8a1b3587e5c27c975c12ddc
Clone1,Ergebnisse_Clone1_13.07.2026/mobilenet_v2_fp16_slow_BS32_perf.csv,.csv,82396,b2c4adea556f735288baef4946de8d487d8fbe85973b35eb9068c56baaabd21c
Clone1,Ergebnisse_Clone1_13.07.2026/mobilenet_v2_fp16_slow_BS32_tegrastats.log,.log,449596,b3d74fc6e558d9f60ab914ed6517285c77b9c22b2a16c1f98190d9dd31e3ed9b
Clone1,Ergebnisse_Clone1_13.07.2026/mobilenet_v2_fp16_slow_BS32_tegrastats_power.csv,.csv,21002,cc2901704a8e6af7827c4e92b254fa598383630dcae719d2cb22b374113d22e5
Clone1,Ergebnisse_Clone1_13.07.2026/mobilenet_v2_fp16_slow_BS4_bench_meta.json,.json,602,cb7ab467c508dc57daf5c3c7442050ecb00e3fd6f77bc47c7b2020f79b7b3aac
Clone1,Ergebnisse_Clone1_13.07.2026/mobilenet_v2_fp16_slow_BS4_perf.csv,.csv,607350,e98092c31dd067ab7b5616d8a4f576e1ca78fadd8ca878f81b3c7e1271aac7d6
Clone1,Ergebnisse_Clone1_13.07.2026/mobilenet_v2_fp16_slow_BS4_tegrastats.log,.log,576702,e2a0457d02df5af53feddc4e67fb4a3c764442b5782f17861abc8421a7b8e10f
Clone1,Ergebnisse_Clone1_13.07.2026/mobilenet_v2_fp16_slow_BS4_tegrastats_power.csv,.csv,27729,9d227c9b198767505449615b08717e5f8a66eaae04ef9c35d737d23add431834
Clone1,Ergebnisse_Clone1_13.07.2026/mobilenet_v2_fp16_slow_BS64_bench_meta.json,.json,603,7e377ec49f72c133be876f3e678923adcdda0e84cf4a984a109d368878560641
Clone1,Ergebnisse_Clone1_13.07.2026/mobilenet_v2_fp16_slow_BS64_perf.csv,.csv,41555,b9388eab176c3d7213641c4f37f3653c3407dcf1aa2093a20bfa5f82091c10ad
Clone1,Ergebnisse_Clone1_13.07.2026/mobilenet_v2_fp16_slow_BS64_tegrastats.log,.log,441885,a4b7bc65e54b1edadc33e4630b0d263414c83f30854f26450f6b9e445a88e143
Clone1,Ergebnisse_Clone1_13.07.2026/mobilenet_v2_fp16_slow_BS64_tegrastats_power.csv,.csv,20608,ead1b1a002bc280d9e36a6349b58a8930c3ee1f154e8fdcb429e56ae52cbfc6d
Clone1,Ergebnisse_Clone1_13.07.2026/mobilenet_v2_fp16_slow_BS8_bench_meta.json,.json,599,5d3f16bb8f79a2403ae0ed179115d016d2e73cb601feb505d8b136596497a83a
Clone1,Ergebnisse_Clone1_13.07.2026/mobilenet_v2_fp16_slow_BS8_perf.csv,.csv,311925,88717d58a80ae36820fbce3bfbcc74a17b63aa72a35f5f6f3d101596142c069c
Clone1,Ergebnisse_Clone1_13.07.2026/mobilenet_v2_fp16_slow_BS8_tegrastats.log,.log,475147,b2e9ff2a8d6de74edfd035485da2a5ec6ce21b72f0a8ee055f9de53e4fb3f3a2
Clone1,Ergebnisse_Clone1_13.07.2026/mobilenet_v2_fp16_slow_BS8_tegrastats_power.csv,.csv,22388,450eb242bf2f0c53dda99bdb050ba7bdb4854c120d82911f8ddbff7c1109707e
Clone1,Ergebnisse_Clone1_13.07.2026/mobilenet_v2_fp32_fast_BS128_bench_meta.json,.json,602,abfebb4eeda7f41d89c008cd51f46a922e45bdff1a7e9b68a5c0fd4b39d476cd
Clone1,Ergebnisse_Clone1_13.07.2026/mobilenet_v2_fp32_fast_BS128_perf.csv,.csv,21240,3b81cb7a4d8a65408621c70c0c9bdca949f7ef253960d60b042d749207186a1b
Clone1,Ergebnisse_Clone1_13.07.2026/mobilenet_v2_fp32_fast_BS128_tegrastats.log,.log,521124,bb969a1f5335f678025e0623578086feba746a3232eba833ae32f70a97a14ee2
Clone1,Ergebnisse_Clone1_13.07.2026/mobilenet_v2_fp32_fast_BS128_tegrastats_power.csv,.csv,24442,aa6847a004798eca1b4e0cf8a57cfffb70426f1a591ac0d44b0257918d07a6e6
Clone1,Ergebnisse_Clone1_13.07.2026/mobilenet_v2_fp32_fast_BS16_bench_meta.json,.json,604,9f5bc43eb478c3d2eb361b9286a056853600fc994e6c3f1dda659e8fc8d86199
Clone1,Ergebnisse_Clone1_13.07.2026/mobilenet_v2_fp32_fast_BS16_perf.csv,.csv,163311,13ad1883df551feb45f418dccd8d526ef7bb2b3588a2460e82e65366f175decc
Clone1,Ergebnisse_Clone1_13.07.2026/mobilenet_v2_fp32_fast_BS16_tegrastats.log,.log,509827,44283401f89dd4f9d88f17b5c980e064a7ff5dd15883a535fbc6a69eb24ab7fa
Clone1,Ergebnisse_Clone1_13.07.2026/mobilenet_v2_fp32_fast_BS16_tegrastats_power.csv,.csv,24145,fad7ba17bcbda5c76af9f3b5ba38b8e1b478322d6d42546f2e827b9c08154b90
Clone1,Ergebnisse_Clone1_13.07.2026/mobilenet_v2_fp32_fast_BS1_bench_meta.json,.json,602,7f4cbd2ebcad0ecdcdbae84c5ddd026c7050b921c4cc6217f5fe91ae00565f8f
Clone1,Ergebnisse_Clone1_13.07.2026/mobilenet_v2_fp32_fast_BS1_perf.csv,.csv,2480346,be024157f4c5dc8b9e25f7e725995a8850649ba8727bfc0b85c13c71c47d86de
Clone1,Ergebnisse_Clone1_13.07.2026/mobilenet_v2_fp32_fast_BS1_tegrastats.log,.log,1086772,0944e531343f43e67933b9fd51bc4b14aee5a5028cc4a2960755a4591c1178f2
Clone1,Ergebnisse_Clone1_13.07.2026/mobilenet_v2_fp32_fast_BS1_tegrastats_power.csv,.csv,54254,bf5cac9ef3d6eadf37a55b8014d46ad6b70012a34f3172aadc07752443a6226e
Clone1,Ergebnisse_Clone1_13.07.2026/mobilenet_v2_fp32_fast_BS32_bench_meta.json,.json,602,48d5b246d737b1f911c45ee7a5e47d191e76b382e1a76c967856ea107c2e66a3
Clone1,Ergebnisse_Clone1_13.07.2026/mobilenet_v2_fp32_fast_BS32_perf.csv,.csv,82425,e1ae872382e9219b0784f9636afc837689cda2337124c8814720f91848dd5814
Clone1,Ergebnisse_Clone1_13.07.2026/mobilenet_v2_fp32_fast_BS32_tegrastats.log,.log,331231,b77f2efee756e03b714897071b567ba07a5d52cad756de24e92b059f5b2c274d
Clone1,Ergebnisse_Clone1_13.07.2026/mobilenet_v2_fp32_fast_BS32_tegrastats_power.csv,.csv,14118,525a70e5543ec557d6df63bc5152581a6811c08f868d0f2c3de5ff772fea7b15
Clone1,Ergebnisse_Clone1_13.07.2026/mobilenet_v2_fp32_fast_BS4_bench_meta.json,.json,604,905ef099ff19ae21a29d9afb104d2f201662014e425d0d375eb9caa8c8742749
Clone1,Ergebnisse_Clone1_13.07.2026/mobilenet_v2_fp32_fast_BS4_perf.csv,.csv,623017,4b6d990ff2001817760cc3419bf021147d7596a45cacacddc11417398b1f2828
Clone1,Ergebnisse_Clone1_13.07.2026/mobilenet_v2_fp32_fast_BS4_tegrastats.log,.log,364524,6d42497c8abec491acf1f3b6efed6ee568aa4ee7f28efdb90b5c39e2e494998c
Clone1,Ergebnisse_Clone1_13.07.2026/mobilenet_v2_fp32_fast_BS4_tegrastats_power.csv,.csv,15245,f2d439ad82930eaa6bee0e8fc7cf4efd1eb105f0c780a040f74a7788d398cddd
Clone1,Ergebnisse_Clone1_13.07.2026/mobilenet_v2_fp32_fast_BS64_bench_meta.json,.json,602,c628466f88eb222937a30df20324aca62a78ccd6b215fe07325aac10a66e1527
Clone1,Ergebnisse_Clone1_13.07.2026/mobilenet_v2_fp32_fast_BS64_perf.csv,.csv,41574,b2e485c8d5f20e7a1de5676252adc536c11334ded3e91ebccdfcae7243cde428
Clone1,Ergebnisse_Clone1_13.07.2026/mobilenet_v2_fp32_fast_BS64_tegrastats.log,.log,330815,5c4c63cb90f68c3950e2226d22008b6776f64b4d0cdae392c50750be1dc35f23
Clone1,Ergebnisse_Clone1_13.07.2026/mobilenet_v2_fp32_fast_BS64_tegrastats_power.csv,.csv,14374,1dd6df53e4eb9b738b052085662d2848c7fdaa403bf6866af1441dd1a3ad139b
Clone1,Ergebnisse_Clone1_13.07.2026/mobilenet_v2_fp32_fast_BS8_bench_meta.json,.json,600,17f488ae7879df7e8d4963253d3a9325461ead5bc378d1b75aa53217e9e2d1d2
Clone1,Ergebnisse_Clone1_13.07.2026/mobilenet_v2_fp32_fast_BS8_perf.csv,.csv,311976,104c0b7482ff89795f4e91c3f089a8efdebdfbe4a91a27fc7461b08ff3a6a303
Clone1,Ergebnisse_Clone1_13.07.2026/mobilenet_v2_fp32_fast_BS8_tegrastats.log,.log,335280,5d3638b77eccee2da628ed2f102bad55bb1f4074b79b4c83aaf69a4c0f5dd3f9
Clone1,Ergebnisse_Clone1_13.07.2026/mobilenet_v2_fp32_fast_BS8_tegrastats_power.csv,.csv,14831,31d0a75bb0a7caf863dc7652a77a4c9252f25e280cb32e97beb4cbf963540997
Clone1,Ergebnisse_Clone1_13.07.2026/mobilenet_v2_fp32_medium_BS128_bench_meta.json,.json,601,7404326396b3700ec5724256803aebf9aeebb486e47f8cabefdbb6c2c6874124
Clone1,Ergebnisse_Clone1_13.07.2026/mobilenet_v2_fp32_medium_BS128_perf.csv,.csv,21243,0f29cfdfb08c2395b03a6ba1d4e275488cd25751983847fc1a47bf4e17451c76
Clone1,Ergebnisse_Clone1_13.07.2026/mobilenet_v2_fp32_medium_BS128_tegrastats.log,.log,357603,3d0c81b5efef6a1c86e1bed3519ca75136a011da01967ea9ecf554597adccfac
Clone1,Ergebnisse_Clone1_13.07.2026/mobilenet_v2_fp32_medium_BS128_tegrastats_power.csv,.csv,16040,63aa9ad8afd2b7d3f1cc2cb69b42e643f2e7a8027da796fdc0106cb0f671eb77
Clone1,Ergebnisse_Clone1_13.07.2026/mobilenet_v2_fp32_medium_BS16_bench_meta.json,.json,605,0b4a0b3225519e8195648807aa508016853fb086e11a0456ac19382ca158e1f6
Clone1,Ergebnisse_Clone1_13.07.2026/mobilenet_v2_fp32_medium_BS16_perf.csv,.csv,162909,c1955e263cffa5a7ffe17a0505c2b56b75af20f88ee12596b98f5d2be41e029f
Clone1,Ergebnisse_Clone1_13.07.2026/mobilenet_v2_fp32_medium_BS16_tegrastats.log,.log,404003,3b6462fe7662d5f2830aa879c756aa6c15dc962b300782ddc4b47fe1891213d0
Clone1,Ergebnisse_Clone1_13.07.2026/mobilenet_v2_fp32_medium_BS16_tegrastats_power.csv,.csv,17895,5807543b686df46841cd8af7f3c15b6100bf0a54a647b7bd4b41275860ba94bd
Clone1,Ergebnisse_Clone1_13.07.2026/mobilenet_v2_fp32_medium_BS1_bench_meta.json,.json,602,edf31fe18f00d5a9bfff8778bc35172874af2c1ba9103d66e84f684653e67b1a
Clone1,Ergebnisse_Clone1_13.07.2026/mobilenet_v2_fp32_medium_BS1_perf.csv,.csv,2479451,905f2a45e900d5d8ef741ded3e3e634c3b1a1f4905de2332fa89e1549a7d4da5
Clone1,Ergebnisse_Clone1_13.07.2026/mobilenet_v2_fp32_medium_BS1_tegrastats.log,.log,784947,43a39aed5bb23e7386934562bfbc42a2606b4e68d3c735aabe6b349cf6becc3d
Clone1,Ergebnisse_Clone1_13.07.2026/mobilenet_v2_fp32_medium_BS1_tegrastats_power.csv,.csv,38122,4129eb1eba5fc2564337d02be326c5dd11c65c397fdf45dd39a1d6e3325ec16f
Clone1,Ergebnisse_Clone1_13.07.2026/mobilenet_v2_fp32_medium_BS32_bench_meta.json,.json,604,9b4d447ffa4ae7da2c13a05566b9a79ff8e26b1223b653eee2f87f1f1fb41dbe
Clone1,Ergebnisse_Clone1_13.07.2026/mobilenet_v2_fp32_medium_BS32_perf.csv,.csv,82442,5b9aecdd7b5796b42ccfe174ec861d1b0e0ae5feec0242d4b455c8ffafb18a31
Clone1,Ergebnisse_Clone1_13.07.2026/mobilenet_v2_fp32_medium_BS32_tegrastats.log,.log,352921,b27ced318032b715aa9fc312c65299cdb2e4e46b4838aa4111938eabdda7453f
Clone1,Ergebnisse_Clone1_13.07.2026/mobilenet_v2_fp32_medium_BS32_tegrastats_power.csv,.csv,15276,094650b6c56b2793f40538720f8e84fe9d3ef06d61c1726b1a7686d162b70b0b
Clone1,Ergebnisse_Clone1_13.07.2026/mobilenet_v2_fp32_medium_BS4_bench_meta.json,.json,601,ecce9afa3295a538a4e3137302daad9e8538b5ef6101f59205417e4b0fc86246
Clone1,Ergebnisse_Clone1_13.07.2026/mobilenet_v2_fp32_medium_BS4_perf.csv,.csv,612375,d8f490536524d155466cffa643d219def2be4f054323b76d299815dcb50a159a
Clone1,Ergebnisse_Clone1_13.07.2026/mobilenet_v2_fp32_medium_BS4_tegrastats.log,.log,446577,db99608685cbde4d65ea88b3c919e58f054e996bd0856224c3bb6663c756f5de
Clone1,Ergebnisse_Clone1_13.07.2026/mobilenet_v2_fp32_medium_BS4_tegrastats_power.csv,.csv,20200,9c8185b659a42184f06a64e892a1b3278f4c770e1a79e33b5e66846b5876e591
Clone1,Ergebnisse_Clone1_13.07.2026/mobilenet_v2_fp32_medium_BS64_bench_meta.json,.json,603,8e17913d1b3352fc6a3be0abe1fc880374441f525fcbdbbe400afbf8223f6df3
Clone1,Ergebnisse_Clone1_13.07.2026/mobilenet_v2_fp32_medium_BS64_perf.csv,.csv,41552,0776a2324c6974552bb9a907821afc8c6dd2d0934151fcd011fe0ba0e811799d
Clone1,Ergebnisse_Clone1_13.07.2026/mobilenet_v2_fp32_medium_BS64_tegrastats.log,.log,363151,385052e0233b27ae5ca56a651a3a855408450400c4581a7f6ff8bf0b2a9bd1b8
Clone1,Ergebnisse_Clone1_13.07.2026/mobilenet_v2_fp32_medium_BS64_tegrastats_power.csv,.csv,15996,0c039ad75322949a16a45e07a05d6bbd9fe28c150be6e555edaea886ab8d3d5b
Clone1,Ergebnisse_Clone1_13.07.2026/mobilenet_v2_fp32_medium_BS8_bench_meta.json,.json,603,872e7014f2b156746d6b74116b04efda313b427e86b812783e310ab3e4b07fda
Clone1,Ergebnisse_Clone1_13.07.2026/mobilenet_v2_fp32_medium_BS8_perf.csv,.csv,311400,6ba09e3b99b77fd99b28dbc421d180416b179bb354fc6f8a569aea420084834b
Clone1,Ergebnisse_Clone1_13.07.2026/mobilenet_v2_fp32_medium_BS8_tegrastats.log,.log,390425,f38a9f2ec6aab7252aca36930a5641e0c262be7c9e3bc1162f5c31546f4670b8
Clone1,Ergebnisse_Clone1_13.07.2026/mobilenet_v2_fp32_medium_BS8_tegrastats_power.csv,.csv,16813,fd31ed72f56278db068ee47ac1200e4158698e77dd7c7515d8cac5c034dbddb2
Clone1,Ergebnisse_Clone1_13.07.2026/mobilenet_v2_fp32_slow_BS128_bench_meta.json,.json,603,d63ed97702de0cf9333fb90026203f37c7abd0d17067488984eab83e53899722
Clone1,Ergebnisse_Clone1_13.07.2026/mobilenet_v2_fp32_slow_BS128_perf.csv,.csv,21320,45437ece5e2680ab49c3f969b6743fb33460648859fb6c409c1eb08aa953921c
Clone1,Ergebnisse_Clone1_13.07.2026/mobilenet_v2_fp32_slow_BS128_tegrastats.log,.log,519684,62e39f47de7adc95b0c195a7b82924d73d539aa04cb1366ed0f6f6bb2cb3628d
Clone1,Ergebnisse_Clone1_13.07.2026/mobilenet_v2_fp32_slow_BS128_tegrastats_power.csv,.csv,24276,6d8437a26892482336dec66b328a46556f3f381185b3a1f8ffab5f0deb2f612c
Clone1,Ergebnisse_Clone1_13.07.2026/mobilenet_v2_fp32_slow_BS16_bench_meta.json,.json,605,0c73fc9c66a3547005832d2857361fe30804043ad52ff58ce1a5f60e7f18fe38
Clone1,Ergebnisse_Clone1_13.07.2026/mobilenet_v2_fp32_slow_BS16_perf.csv,.csv,163372,7f711ce5fa4dc24a32580d3dcd31ea0b86850ad697329c6a39b9329d05592dc9
Clone1,Ergebnisse_Clone1_13.07.2026/mobilenet_v2_fp32_slow_BS16_tegrastats.log,.log,526168,2490f1ac41811312ba091f319be2be5ac9c0d63bea6fb3c2854b9513c0234e7c
Clone1,Ergebnisse_Clone1_13.07.2026/mobilenet_v2_fp32_slow_BS16_tegrastats_power.csv,.csv,25115,8f05d04d5732a74fe65f43af29a46ce9db30849097d0f18c72b5c68a009b94b3
Clone1,Ergebnisse_Clone1_13.07.2026/mobilenet_v2_fp32_slow_BS1_bench_meta.json,.json,603,ce08c703d2f540765ea7afeb45afec4d1544dfbd27d7ffa639d2a7288475e7c9
Clone1,Ergebnisse_Clone1_13.07.2026/mobilenet_v2_fp32_slow_BS1_perf.csv,.csv,2479795,9de9b709e17836aaf4a7c28cf0949dc6b847fdb7be299716f45603806efbddfe
Clone1,Ergebnisse_Clone1_13.07.2026/mobilenet_v2_fp32_slow_BS1_tegrastats.log,.log,1096755,1f31d942c5fe2a21e46a87b01d92d4082f07fe43822c0d18ef0f2744b3a57b32
Clone1,Ergebnisse_Clone1_13.07.2026/mobilenet_v2_fp32_slow_BS1_tegrastats_power.csv,.csv,54881,3a2d3ad1bfbca8258f50e7e580d6f406bc33f7b5428541259df974d4d42d18bc
Clone1,Ergebnisse_Clone1_13.07.2026/mobilenet_v2_fp32_slow_BS32_bench_meta.json,.json,604,0da1476cfc4dab3ef83630d680c9be80a7cb75e1bac48c8fa7a582bdb092e1d4
Clone1,Ergebnisse_Clone1_13.07.2026/mobilenet_v2_fp32_slow_BS32_perf.csv,.csv,82137,bf311741d67a4c02670fd23530a1467a13179581da4283bdd9db238aff183f1a
Clone1,Ergebnisse_Clone1_13.07.2026/mobilenet_v2_fp32_slow_BS32_tegrastats.log,.log,510921,6a8031c0c66eabbe1c6e19531cbc42ad62bb5090cde8234ec1655eb30e7c931c
Clone1,Ergebnisse_Clone1_13.07.2026/mobilenet_v2_fp32_slow_BS32_tegrastats_power.csv,.csv,24042,d30ca71d9c420f2b07304e225a5e1d3aeded91936e1e58c271194d5addeea7e0
Clone1,Ergebnisse_Clone1_13.07.2026/mobilenet_v2_fp32_slow_BS4_bench_meta.json,.json,604,e93d0c7148e0dd9bf3ab891be054cac8109c4e15343449931dc18afe56063407
Clone1,Ergebnisse_Clone1_13.07.2026/mobilenet_v2_fp32_slow_BS4_perf.csv,.csv,607484,75cc2b3a21c16d36d091a8b6a20afb5d7e6544b90d0c3c805deacb715f030c5d
Clone1,Ergebnisse_Clone1_13.07.2026/mobilenet_v2_fp32_slow_BS4_tegrastats.log,.log,587662,5565672afb496bc42f81ff01beb872f4b3600cb9abc7b19a2cfca28a0ea771bb
Clone1,Ergebnisse_Clone1_13.07.2026/mobilenet_v2_fp32_slow_BS4_tegrastats_power.csv,.csv,28144,2b08d9edff7bdaab7b5b30def827e9eaf7d67ed6b5690d3f54a38e117605a637
Clone1,Ergebnisse_Clone1_13.07.2026/mobilenet_v2_fp32_slow_BS64_bench_meta.json,.json,602,44543929571efd734369da12f645bd5fe697a5d179671c46a90da3f6823e075d
Clone1,Ergebnisse_Clone1_13.07.2026/mobilenet_v2_fp32_slow_BS64_perf.csv,.csv,41486,861613b811c6b634934a5466a5207d4759e518e1397e5c5ce514461a88eb7054
Clone1,Ergebnisse_Clone1_13.07.2026/mobilenet_v2_fp32_slow_BS64_tegrastats.log,.log,517070,4c07ce51869a925ae87af937c184d302e8e965f888e3076b072cce5bedcd6aa7
Clone1,Ergebnisse_Clone1_13.07.2026/mobilenet_v2_fp32_slow_BS64_tegrastats_power.csv,.csv,24335,91c552720f8263a86e5e117b02a93a4e614e123d8b88d91b2ba55e7f673cab95
Clone1,Ergebnisse_Clone1_13.07.2026/mobilenet_v2_fp32_slow_BS8_bench_meta.json,.json,602,9b012433c775ec8ade0ba7c856217d3f65dcecd9829d0318e78e94050c4fa09b
Clone1,Ergebnisse_Clone1_13.07.2026/mobilenet_v2_fp32_slow_BS8_perf.csv,.csv,308504,0da885611a99e0a6cf7fd63754685025221a6b635ca7432d51e0d0d9e7b2ac46
Clone1,Ergebnisse_Clone1_13.07.2026/mobilenet_v2_fp32_slow_BS8_tegrastats.log,.log,547064,94faebc28dc51ee785d4ef8c32ec3ced2c8384904a2a49b81004bec02b21aaee
Clone1,Ergebnisse_Clone1_13.07.2026/mobilenet_v2_fp32_slow_BS8_tegrastats_power.csv,.csv,26091,0c9243d7393f0d2a0f7f0d78d00ab96f1ba2e7d01a3c5fae3ed5bbea8f3e9c54
Clone1,Ergebnisse_Clone1_13.07.2026/mobilenet_v2_fp64_fast_BS128_bench_meta.json,.json,603,0605b21c4b0ee9bbefa6b92aa5544d33b49a81858bfa2a60b4e26edc3f1d55df
Clone1,Ergebnisse_Clone1_13.07.2026/mobilenet_v2_fp64_fast_BS128_perf.csv,.csv,21270,67a699655cc99071a305d536bf74417ac81fa244dc0dde2c96bed98cd953a245
Clone1,Ergebnisse_Clone1_13.07.2026/mobilenet_v2_fp64_fast_BS128_tegrastats.log,.log,1203151,12d9835521d176bb5645e07ce36410e1fff6b577b3a595187e42b14c5fe35c9a
Clone1,Ergebnisse_Clone1_13.07.2026/mobilenet_v2_fp64_fast_BS128_tegrastats_power.csv,.csv,58255,13e84a3c767ff46c8220d0acaf815a68aa662ff6268bd1dc08ef7745d40cfb39
Clone1,Ergebnisse_Clone1_13.07.2026/mobilenet_v2_fp64_fast_BS16_bench_meta.json,.json,603,517f882f592b683af679822e34e876b324b9f906eef791457332668f512572ad
Clone1,Ergebnisse_Clone1_13.07.2026/mobilenet_v2_fp64_fast_BS16_perf.csv,.csv,163440,e8ba89be07a47ae6458b501772356fc2b6b83c0a316c62bc6bfcaf7e1f0e1668
Clone1,Ergebnisse_Clone1_13.07.2026/mobilenet_v2_fp64_fast_BS16_tegrastats.log,.log,2021757,137cd5714b88ae1de221f62a55e755da6a927942eaf33d65d4faad866cc5039e
Clone1,Ergebnisse_Clone1_13.07.2026/mobilenet_v2_fp64_fast_BS16_tegrastats_power.csv,.csv,103292,7ec6435b5a362f718d03cf99017cc99d5d6cabee01977c0ca3deb72baf97cdb7
Clone1,Ergebnisse_Clone1_13.07.2026/mobilenet_v2_fp64_fast_BS1_bench_meta.json,.json,605,6de6e915802d4182d7ab92a21729c79b245721b5d4ec6885ccf726faa910cd28
Clone1,Ergebnisse_Clone1_13.07.2026/mobilenet_v2_fp64_fast_BS1_perf.csv,.csv,2479191,5f2aaadc4acd789c3b03bb0d25f89f92a79872f615b616be4e4d789b58a32a1d
Clone1,Ergebnisse_Clone1_13.07.2026/mobilenet_v2_fp64_fast_BS1_tegrastats.log,.log,1104607,eeef4df8080429ce10b1427dc37d71c317ff84a762e2ca8ec8d8d8b7e89b9634
Clone1,Ergebnisse_Clone1_13.07.2026/mobilenet_v2_fp64_fast_BS1_tegrastats_power.csv,.csv,51148,6e117c4be11ffaf467d769a2692b9e24d2fd1b2f6d3c1f1b83c03bf8a455bbae
Clone1,Ergebnisse_Clone1_13.07.2026/mobilenet_v2_fp64_fast_BS32_bench_meta.json,.json,603,7680e60e8a5d92af36fa6dbe4b7f93435ea622366dda631d2f3325b005dc701c
Clone1,Ergebnisse_Clone1_13.07.2026/mobilenet_v2_fp64_fast_BS32_perf.csv,.csv,82327,d33531451c553c8b32484481d1ec4c826b89266bf6e4faa798a6c123bf5a3424
Clone1,Ergebnisse_Clone1_13.07.2026/mobilenet_v2_fp64_fast_BS32_tegrastats.log,.log,1924527,6c19f1387097a674b99655824068a077aa009f1a8df8def03bd62ff0e4d3d029
Clone1,Ergebnisse_Clone1_13.07.2026/mobilenet_v2_fp64_fast_BS32_tegrastats_power.csv,.csv,98391,905969cb2da8ad39b03032c8eff5924932e153e6dad9f90792720dd405b2b0ce
Clone1,Ergebnisse_Clone1_13.07.2026/mobilenet_v2_fp64_fast_BS4_bench_meta.json,.json,602,34de0880edc1e9af7c4baeccad2f1f32f4fa408b7b4dc4962ea7ea7d331b1e3e
Clone1,Ergebnisse_Clone1_13.07.2026/mobilenet_v2_fp64_fast_BS4_perf.csv,.csv,622933,6b181a6570d23dab89a323335b1493a1649da8660ed3806d79c813792192e956
Clone1,Ergebnisse_Clone1_13.07.2026/mobilenet_v2_fp64_fast_BS4_tegrastats.log,.log,1211508,abf5f3f5a32fef1c9540449530b9cc85ca206590d02591345733f3eff4dd91a5
Clone1,Ergebnisse_Clone1_13.07.2026/mobilenet_v2_fp64_fast_BS4_tegrastats_power.csv,.csv,58352,da32967735498d98e812431b23221efe26453c435401e109ec117dff5f9f8411
Clone1,Ergebnisse_Clone1_13.07.2026/mobilenet_v2_fp64_fast_BS64_bench_meta.json,.json,602,658471825565b20b09ab14c1d2a3b434d2fa5c4038a7fe50b207ac293d53b434
Clone1,Ergebnisse_Clone1_13.07.2026/mobilenet_v2_fp64_fast_BS64_perf.csv,.csv,41568,756303af9a9d9d5d8e59ac48f5319137f942bc6b0a40efa1c6944997838dea0e
Clone1,Ergebnisse_Clone1_13.07.2026/mobilenet_v2_fp64_fast_BS64_tegrastats.log,.log,1137888,c9606849fa5014b88ac3ae6d2e79eb4f10fb15fe271141e3d25e3798607ce0b1
Clone1,Ergebnisse_Clone1_13.07.2026/mobilenet_v2_fp64_fast_BS64_tegrastats_power.csv,.csv,55323,441a396e8663a4d393ebd591cd34369570f5a0a859ed11c1205086b6ef099d81
Clone1,Ergebnisse_Clone1_13.07.2026/mobilenet_v2_fp64_fast_BS8_bench_meta.json,.json,600,91c988c26d058cca8072624cd17f3001a32388ee2ccbbe1468cb24c22318923b
Clone1,Ergebnisse_Clone1_13.07.2026/mobilenet_v2_fp64_fast_BS8_perf.csv,.csv,310687,dd00bf909ec161f552b32dd36eb0d58cd807f0db9efe6b7855c9db3929707dae
Clone1,Ergebnisse_Clone1_13.07.2026/mobilenet_v2_fp64_fast_BS8_tegrastats.log,.log,2149664,00274eabcdb4fecbabd327e484210fbfc0abd2a7d92e4826a3e13e7dc65c37fc
Clone1,Ergebnisse_Clone1_13.07.2026/mobilenet_v2_fp64_fast_BS8_tegrastats_power.csv,.csv,110000,89e8f5c0bcd732b4f8712c261ba729b3e75b613162df331fc21d7616eb001fd8
Clone1,Ergebnisse_Clone1_13.07.2026/mobilenet_v2_fp64_medium_BS128_bench_meta.json,.json,600,be351c83924c11df13fb272bf5246ec81635477f154cde87e7c124616e902fdd
Clone1,Ergebnisse_Clone1_13.07.2026/mobilenet_v2_fp64_medium_BS128_perf.csv,.csv,21266,0ff6f5b60c1bc5687a1589609bd395d833389282cf1c956504da75b6bb0e1458
Clone1,Ergebnisse_Clone1_13.07.2026/mobilenet_v2_fp64_medium_BS128_tegrastats.log,.log,1213861,f54dffc356ee495c0ebdc27ed440492425f80f9c28a875ec983b466146c1e1cf
Clone1,Ergebnisse_Clone1_13.07.2026/mobilenet_v2_fp64_medium_BS128_tegrastats_power.csv,.csv,58645,d58ede351364bfe8b3ea467dcf0a32f0df7523335234d789a108e2201c71beba
Clone1,Ergebnisse_Clone1_13.07.2026/mobilenet_v2_fp64_medium_BS16_bench_meta.json,.json,602,7796c523ed3b6f9f6839a6ca0d0be5291ca62f2406f3f3ad6dec08f40529c465
Clone1,Ergebnisse_Clone1_13.07.2026/mobilenet_v2_fp64_medium_BS16_perf.csv,.csv,160117,60ae32ee7929f7e6d432dfd0f45cabe706eb0a482ddba662c82db470052febb6
Clone1,Ergebnisse_Clone1_13.07.2026/mobilenet_v2_fp64_medium_BS16_tegrastats.log,.log,1094706,7bd70e89e776b9194b8423c8be69ce5ca02df2fdb0b3c7c957d2136c96c1c958
Clone1,Ergebnisse_Clone1_13.07.2026/mobilenet_v2_fp64_medium_BS16_tegrastats_power.csv,.csv,52058,96684fecdfeaaffb014a09a8d610ebe9cfaed813f87184b6d2d4540de4c6cf05
Clone1,Ergebnisse_Clone1_13.07.2026/mobilenet_v2_fp64_medium_BS1_bench_meta.json,.json,604,7f46c7abdbc5dd25b734feb613821e14b278a109f13ef8190fa8d1e08e5ecc39
Clone1,Ergebnisse_Clone1_13.07.2026/mobilenet_v2_fp64_medium_BS1_perf.csv,.csv,2479673,71ceb129239b92f512c57bd2745a8fea9b55244537ed98328dd74c45dfd6bf07
Clone1,Ergebnisse_Clone1_13.07.2026/mobilenet_v2_fp64_medium_BS1_tegrastats.log,.log,1105121,3d16fd7ef984311e9028553785f42fa6b2e6dc36e287e4d3dbe13643f97307e0
Clone1,Ergebnisse_Clone1_13.07.2026/mobilenet_v2_fp64_medium_BS1_tegrastats_power.csv,.csv,51340,a907f0fbdf3ad2201b805d0c8a41c2b503ee40de07b4fac523a05879f50f2613
Clone1,Ergebnisse_Clone1_13.07.2026/mobilenet_v2_fp64_medium_BS32_bench_meta.json,.json,603,4e082e270aab10af6da0823893ba92aa17c368e0033f17287771daac806f4add
Clone1,Ergebnisse_Clone1_13.07.2026/mobilenet_v2_fp64_medium_BS32_perf.csv,.csv,82379,37c27de36893695e7c0615e8b5711c43ef8d5a4d43c834840643d6cddad8ae8f
Clone1,Ergebnisse_Clone1_13.07.2026/mobilenet_v2_fp64_medium_BS32_tegrastats.log,.log,1080419,16afc82f872913139490f41eabbedf1ccd5f1df1f5fee9eb5f3f6382b8170b1a
Clone1,Ergebnisse_Clone1_13.07.2026/mobilenet_v2_fp64_medium_BS32_tegrastats_power.csv,.csv,51903,ec7346e2291ea02961bc8edfb4603aceb63924144559f8c13066277fce6cfcb9
Clone1,Ergebnisse_Clone1_13.07.2026/mobilenet_v2_fp64_medium_BS4_bench_meta.json,.json,601,93ac90972c456635db200ba9874a0575c56452764109f55804930beaff5e4491
Clone1,Ergebnisse_Clone1_13.07.2026/mobilenet_v2_fp64_medium_BS4_perf.csv,.csv,622825,b1953d1ebd9d824a44f6596946860c72ff12002b02ac701fccb520a3fab0bfa3
Clone1,Ergebnisse_Clone1_13.07.2026/mobilenet_v2_fp64_medium_BS4_tegrastats.log,.log,1301883,bddefbad41a7a0967fb16db70fb9dcbae22b20078cbf66ae1020342d73eeff94
Clone1,Ergebnisse_Clone1_13.07.2026/mobilenet_v2_fp64_medium_BS4_tegrastats_power.csv,.csv,64745,a3d9f7b8a673f9dd1228d677137685d44f920dde641c68f51e5485dfbda16ced
Clone1,Ergebnisse_Clone1_13.07.2026/mobilenet_v2_fp64_medium_BS64_bench_meta.json,.json,601,6d4dd3e7a525d55d44c90fbb6feb53f713325f74ab4a03e690744599cb677d46
Clone1,Ergebnisse_Clone1_13.07.2026/mobilenet_v2_fp64_medium_BS64_perf.csv,.csv,41576,475e3aaba44c1b0cdbcbd94fb3514b3723da7019628d06110f8bd3c90f8dd1d5
Clone1,Ergebnisse_Clone1_13.07.2026/mobilenet_v2_fp64_medium_BS64_tegrastats.log,.log,1154845,4cfa2e99cd38203403257d6d55af7a28b2b56cc27df88b77e0789415cb6cbaf0
Clone1,Ergebnisse_Clone1_13.07.2026/mobilenet_v2_fp64_medium_BS64_tegrastats_power.csv,.csv,56266,98dc691ef59e18e0f58626b8ecc868c6aea89057b28b8481a3fb189654685677
Clone1,Ergebnisse_Clone1_13.07.2026/mobilenet_v2_fp64_medium_BS8_bench_meta.json,.json,602,1a14375c0a1e6e5df1c232df4dbde8d310f4af3d187650db0201fd9349cd2c5f
Clone1,Ergebnisse_Clone1_13.07.2026/mobilenet_v2_fp64_medium_BS8_perf.csv,.csv,312427,757daab7edc19701991c9b62f3dab3f830e06c570057071b5932c49985dde8df
Clone1,Ergebnisse_Clone1_13.07.2026/mobilenet_v2_fp64_medium_BS8_tegrastats.log,.log,1169849,78985a09f24e6f23cf6d73d54566bb2f326d854d8aaed1d74ba2b894e0dbfdae
Clone1,Ergebnisse_Clone1_13.07.2026/mobilenet_v2_fp64_medium_BS8_tegrastats_power.csv,.csv,55900,9f6ecc2b47f93982eb40e52faa5cb28027f351eed4ab753c56bfed4ee14cf198
Clone1,Ergebnisse_Clone1_13.07.2026/mobilenet_v2_fp64_slow_BS128_bench_meta.json,.json,604,7d4ed932b0afe9ac511c6db52f387e27976180c1909654f6e78243871a67a1ba
Clone1,Ergebnisse_Clone1_13.07.2026/mobilenet_v2_fp64_slow_BS128_perf.csv,.csv,21622,1c82707492e893c3793af71c089747cfe1ae4827c4634534b91721dac2d72c40
Clone1,Ergebnisse_Clone1_13.07.2026/mobilenet_v2_fp64_slow_BS128_tegrastats.log,.log,2326625,daf09153e11a391e6a90fe10414dfd2a25e02a87b87d4e774e4d2b7551b93308
Clone1,Ergebnisse_Clone1_13.07.2026/mobilenet_v2_fp64_slow_BS128_tegrastats_power.csv,.csv,119642,2c7f7e9183b92406466367fe01a67f3bd488fd1d003ce5cf7ac5e927f0dd7b06
Clone1,Ergebnisse_Clone1_13.07.2026/mobilenet_v2_fp64_slow_BS16_bench_meta.json,.json,603,ecac9c0e7572e624b24ab7acb4419e7718dd64fb4d17bd279e1b9f4ed6a77406
Clone1,Ergebnisse_Clone1_13.07.2026/mobilenet_v2_fp64_slow_BS16_perf.csv,.csv,163438,fbcf3abb8822b02fea3ab4f19d26808beb72a57f25572a7a61c5c186870bf07b
Clone1,Ergebnisse_Clone1_13.07.2026/mobilenet_v2_fp64_slow_BS16_tegrastats.log,.log,2028636,e3727625842387a07b9b5f69bb4d6132d12861dd892b4d4e4df072af91b41b5f
Clone1,Ergebnisse_Clone1_13.07.2026/mobilenet_v2_fp64_slow_BS16_tegrastats_power.csv,.csv,103576,e4e3952272f0cf1b801fc8c84a01d2a174f6719cd6b3513e254f5b207adf9ee9
Clone1,Ergebnisse_Clone1_13.07.2026/mobilenet_v2_fp64_slow_BS1_bench_meta.json,.json,602,be50812b275fd69135f062292c6928b6bbc5f25d3ed0eb0912d4a07ee0dab34b
Clone1,Ergebnisse_Clone1_13.07.2026/mobilenet_v2_fp64_slow_BS1_perf.csv,.csv,2471123,5df24790b458465ab3e2c5875409452879e020c74194fa03459768d5eb367d08
Clone1,Ergebnisse_Clone1_13.07.2026/mobilenet_v2_fp64_slow_BS1_tegrastats.log,.log,2061820,dbbce1ae2dacf3acd8549f6cf7d3a553a7aa827dabe8f2c87d944ab3f3c2fda3
Clone1,Ergebnisse_Clone1_13.07.2026/mobilenet_v2_fp64_slow_BS1_tegrastats_power.csv,.csv,104983,8b78ed57150dda8d0f86124a6392f7db8b94497bd8686e64b324c270bcdb3fbc
Clone1,Ergebnisse_Clone1_13.07.2026/mobilenet_v2_fp64_slow_BS32_bench_meta.json,.json,601,df275fa443e34c02bc72e9585d5b6bffb4d30f12e403465fe9fdfbc50e7b64e4
Clone1,Ergebnisse_Clone1_13.07.2026/mobilenet_v2_fp64_slow_BS32_perf.csv,.csv,82315,fd0b6d418c1c93acea6c5da4c8b5d52a5bbc06dc84cb3188c7cdd96884026799
Clone1,Ergebnisse_Clone1_13.07.2026/mobilenet_v2_fp64_slow_BS32_tegrastats.log,.log,1936619,7784d7be286c5e903badc1473b1d499cda845aa8c9f074379e8d9df6990a0476
Clone1,Ergebnisse_Clone1_13.07.2026/mobilenet_v2_fp64_slow_BS32_tegrastats_power.csv,.csv,98941,35916758f36c814067beb9081af6f1736006949ee349130db8e000ceb1e21e63
Clone1,Ergebnisse_Clone1_13.07.2026/mobilenet_v2_fp64_slow_BS4_bench_meta.json,.json,602,6cdc213b7e3f62844e12632d0b7ded682c1e96ea9669af0ae61851d67d1cc7cc
Clone1,Ergebnisse_Clone1_13.07.2026/mobilenet_v2_fp64_slow_BS4_perf.csv,.csv,608865,8287573e77f67c24b71b6d159b42ca76b683b0324f882143c6bd8bb5a9caaf77
Clone1,Ergebnisse_Clone1_13.07.2026/mobilenet_v2_fp64_slow_BS4_tegrastats.log,.log,2215753,a9a6f8bf03a9e18848ce372e1208c9414ea871a8d114da08251046dd9588e6f8
Clone1,Ergebnisse_Clone1_13.07.2026/mobilenet_v2_fp64_slow_BS4_tegrastats_power.csv,.csv,113134,0f05730f7e3c21f4876324fc4423598968a1c53a7f05f06a62a7d057ea6c55c8
Clone1,Ergebnisse_Clone1_13.07.2026/mobilenet_v2_fp64_slow_BS64_bench_meta.json,.json,600,c0490fe56eae3a726b5ca3b568534d1d35f0602afa1b6f755770a0b601a87fd0
Clone1,Ergebnisse_Clone1_13.07.2026/mobilenet_v2_fp64_slow_BS64_perf.csv,.csv,41371,9c0bbb4f085f18d8fdcd9de7b9f2d09d26bd4b9b5286bb7b239dce5723794f35
Clone1,Ergebnisse_Clone1_13.07.2026/mobilenet_v2_fp64_slow_BS64_tegrastats.log,.log,2101281,fa363d2de1ba94432aa585dc134b03a9206f93c656e3583aa9899cc943ceb090
Clone1,Ergebnisse_Clone1_13.07.2026/mobilenet_v2_fp64_slow_BS64_tegrastats_power.csv,.csv,107586,0d46fe37391a7b369bc14c61ab6ef450df6d2bc8d428e1824ae790efa93fccf2
Clone1,Ergebnisse_Clone1_13.07.2026/mobilenet_v2_fp64_slow_BS8_bench_meta.json,.json,601,88e1fb11b2d9f410535f05f931166ead2ff935492e6fa2fc2f145fbfbacb8cca
Clone1,Ergebnisse_Clone1_13.07.2026/mobilenet_v2_fp64_slow_BS8_perf.csv,.csv,310656,83f83ec5702524faae699da2f2c94ee852ff6c725c9511e38b2e316bbbfea5b7
Clone1,Ergebnisse_Clone1_13.07.2026/mobilenet_v2_fp64_slow_BS8_tegrastats.log,.log,2137596,712e10d5fe7bbf649b5c1550828651b335978a616c5b11e0b210ed48382a2729
Clone1,Ergebnisse_Clone1_13.07.2026/mobilenet_v2_fp64_slow_BS8_tegrastats_power.csv,.csv,109581,ab0f716f6b57c45475aff69f9f1022465b87b6debc7a59c9f00ebf3d7a34c219
Clone1,Ergebnisse_Clone1_13.07.2026/resnet50_fp16_fast_BS128_bench_meta.json,.json,601,36d83752c96395e4e14af014d1a91bdcd8af9537efac441da068371f6ebf4913
Clone1,Ergebnisse_Clone1_13.07.2026/resnet50_fp16_fast_BS128_perf.csv,.csv,21624,ba858725cbf13de0755898fa27dfc502657ca8bed7f64035faaaf99b3018d623
Clone1,Ergebnisse_Clone1_13.07.2026/resnet50_fp16_fast_BS128_tegrastats.log,.log,534918,6a75fdadd30696e49b755865bcc6ccafea9a6fe426dc21be971508a838e2196d
Clone1,Ergebnisse_Clone1_13.07.2026/resnet50_fp16_fast_BS128_tegrastats_power.csv,.csv,25352,aa87ca2775c375400cffbf7ed480680559e5adfa1f4cf5b8bce700d5c0d5d8a3
Clone1,Ergebnisse_Clone1_13.07.2026/resnet50_fp16_fast_BS16_bench_meta.json,.json,598,e9b89696b58092cf9c8eb134f65f9845c47fd8fb0de66ba6a9e37a38de980a01
Clone1,Ergebnisse_Clone1_13.07.2026/resnet50_fp16_fast_BS16_perf.csv,.csv,159944,acf3832d3a8aadc0de407775e13fc80e9739094d63f46f9d1bcd9036411846e8
Clone1,Ergebnisse_Clone1_13.07.2026/resnet50_fp16_fast_BS16_tegrastats.log,.log,353054,b0e394e9df7e7526245cbefcba111ea81f0bc1acff1f13e6ea63a40c092a51c9
Clone1,Ergebnisse_Clone1_13.07.2026/resnet50_fp16_fast_BS16_tegrastats_power.csv,.csv,14890,460581821c920a1abef0b6483f852955ef39fe86b1328d958efbcd689342e6ce
Clone1,Ergebnisse_Clone1_13.07.2026/resnet50_fp16_fast_BS1_bench_meta.json,.json,598,6b34fc8050cd14bfa24bfd8cb2194c5aca64a03a6bbf88d69091d34b17e0418a
Clone1,Ergebnisse_Clone1_13.07.2026/resnet50_fp16_fast_BS1_perf.csv,.csv,2479869,b3ebde4ff5f3dfc518a045832d9aae56eb15646743028993e7d9e8552500afe1
Clone1,Ergebnisse_Clone1_13.07.2026/resnet50_fp16_fast_BS1_tegrastats.log,.log,1297990,ed3362c887b7a63c7980dfddeae9bbfe6e88b31dba7f6b98842407cd1598e10e
Clone1,Ergebnisse_Clone1_13.07.2026/resnet50_fp16_fast_BS1_tegrastats_power.csv,.csv,65178,0f43c737b2cb7414b226c2a68715a26fc3f5e739b3c4a09b640deccd43ca379f
Clone1,Ergebnisse_Clone1_13.07.2026/resnet50_fp16_fast_BS32_bench_meta.json,.json,599,f22ca0dffc012aeb6822c11aafa984c651386480fcf22c1fc3d741ffbd74dda3
Clone1,Ergebnisse_Clone1_13.07.2026/resnet50_fp16_fast_BS32_perf.csv,.csv,82365,9b67fc9a8a24b79d24ba2fc95ac4aff4cc724f8eef84c381239e23ffc30978dc
Clone1,Ergebnisse_Clone1_13.07.2026/resnet50_fp16_fast_BS32_tegrastats.log,.log,347612,1aec5999dc6048d9b427cdfd696197078d1805d9909ff5d78207c089824dfde3
Clone1,Ergebnisse_Clone1_13.07.2026/resnet50_fp16_fast_BS32_tegrastats_power.csv,.csv,14837,f0b498724e9110c344daebef31505490dcc9b6fb74944cdf58885fae5b91ba45
Clone1,Ergebnisse_Clone1_13.07.2026/resnet50_fp16_fast_BS4_bench_meta.json,.json,598,d992b33bfc4a1144be52fa4177029d4efad5b4b980347f31a1b05e6cfbe4bb28
Clone1,Ergebnisse_Clone1_13.07.2026/resnet50_fp16_fast_BS4_perf.csv,.csv,606450,a6314679eaad1006b552dc96a1fd487014f0e6de4f6383c0eb5041c2dba91cbd
Clone1,Ergebnisse_Clone1_13.07.2026/resnet50_fp16_fast_BS4_tegrastats.log,.log,597771,e86c66e05f5c6970e4d9fc6326bd66001ab54683faa8a53e54a6ac4a8e43448d
Clone1,Ergebnisse_Clone1_13.07.2026/resnet50_fp16_fast_BS4_tegrastats_power.csv,.csv,28666,be0308f7fbeffd1c84c075b32a260e9208f192b3457174ae831b8fe743389ccc
Clone1,Ergebnisse_Clone1_13.07.2026/resnet50_fp16_fast_BS64_bench_meta.json,.json,599,1df3debfca539f8a99cb55a20746a48ccf93903778893844f5cba1e0b6e17fa4
Clone1,Ergebnisse_Clone1_13.07.2026/resnet50_fp16_fast_BS64_perf.csv,.csv,41456,0bb905943e2cabbfa11d8d8f352a3b90e2bf0733e2a7c6bf968f5fa45d116f00
Clone1,Ergebnisse_Clone1_13.07.2026/resnet50_fp16_fast_BS64_tegrastats.log,.log,351612,6e13e99e3d50f2e1a7c3b5652f3b052ecaa2e35392fa66c9eba469df21fc37ce
Clone1,Ergebnisse_Clone1_13.07.2026/resnet50_fp16_fast_BS64_tegrastats_power.csv,.csv,15307,e711ea91f5b1591b79ac26441ea34e3913d2263861aad7bede3172d972f73437
Clone1,Ergebnisse_Clone1_13.07.2026/resnet50_fp16_fast_BS8_bench_meta.json,.json,599,02821eab19505d627d1b35a863da602310cd03cd29d34b415006e37065286b18
Clone1,Ergebnisse_Clone1_13.07.2026/resnet50_fp16_fast_BS8_perf.csv,.csv,311186,46420aae252ba9fc48d5e7a7ab44ee28135d22f2717d02e1088089cb422706c6
Clone1,Ergebnisse_Clone1_13.07.2026/resnet50_fp16_fast_BS8_tegrastats.log,.log,361606,bca465a1389900666e855be347202387cb22a4a9dda2cab6d89f29bf2beb72fa
Clone1,Ergebnisse_Clone1_13.07.2026/resnet50_fp16_fast_BS8_tegrastats_power.csv,.csv,15184,2676c9530aafdeaf887dad41355093d4f9cf2108a4dd377c45b37aadf893b00c
Clone1,Ergebnisse_Clone1_13.07.2026/resnet50_fp16_medium_BS128_bench_meta.json,.json,599,e761739b6e53fb21c9d9ccfc309603103f91173bc482a0275afba5e88425193b
Clone1,Ergebnisse_Clone1_13.07.2026/resnet50_fp16_medium_BS128_perf.csv,.csv,21247,fc5ad3e35aef552adc09836cf571a8e9a49dc4513f04ddc6f58c7b5fd5057f42
Clone1,Ergebnisse_Clone1_13.07.2026/resnet50_fp16_medium_BS128_tegrastats.log,.log,360830,89010386090e591583ba5b582a97209cea07d73275c4f4bf509d5f0533a63ba8
Clone1,Ergebnisse_Clone1_13.07.2026/resnet50_fp16_medium_BS128_tegrastats_power.csv,.csv,16122,f5da89d9171fe1b04354fced4e2018e869836d2bb82b1cac136684b5af3fe56f
Clone1,Ergebnisse_Clone1_13.07.2026/resnet50_fp16_medium_BS16_bench_meta.json,.json,599,ca4d1aef0bde12414bbe86f584698e262e23dd8a820883e8044468486fbcf338
Clone1,Ergebnisse_Clone1_13.07.2026/resnet50_fp16_medium_BS16_perf.csv,.csv,163070,0eacf248ea009c7a4f1a7a72ed824ae603dcc8bc1a9061882ae997eb00f6f4e7
Clone1,Ergebnisse_Clone1_13.07.2026/resnet50_fp16_medium_BS16_tegrastats.log,.log,372909,858a67e0c06c03935a5f32e90e0c0d2b7b01d4831234a1b5a717d8e22aa7915b
Clone1,Ergebnisse_Clone1_13.07.2026/resnet50_fp16_medium_BS16_tegrastats_power.csv,.csv,16148,7631653ed43c445b3d6e1058276375ce5886e3f6f01f1391ae771ae262b5a5d5
Clone1,Ergebnisse_Clone1_13.07.2026/resnet50_fp16_medium_BS1_bench_meta.json,.json,600,70e57c56ce9e6349e19e9d2d72807ed666d05ca2117fd90e8d9f213ccaf2e37f
Clone1,Ergebnisse_Clone1_13.07.2026/resnet50_fp16_medium_BS1_perf.csv,.csv,2479975,44b69f6d1101f42cdac2ea79c9011d91ec2f7be998f5274f3a89aad542101243
Clone1,Ergebnisse_Clone1_13.07.2026/resnet50_fp16_medium_BS1_tegrastats.log,.log,962062,c7d7f3dd16c372d00a46f76ba9292b9bebf74c5910f92fb2a425717dff0ed8a8
Clone1,Ergebnisse_Clone1_13.07.2026/resnet50_fp16_medium_BS1_tegrastats_power.csv,.csv,47016,30a3b57705375cbde3c1860af308c5d1daec21ccb905537a112c115e7e451a08
Clone1,Ergebnisse_Clone1_13.07.2026/resnet50_fp16_medium_BS32_bench_meta.json,.json,601,8e3f93780f0c8ee9250147192628e88c1b2b8dca03820cc545354d0f3d999648
Clone1,Ergebnisse_Clone1_13.07.2026/resnet50_fp16_medium_BS32_perf.csv,.csv,82428,344afebce95d8c200d3ca3be264fee810e856fec846bda594b52a095359d715d
Clone1,Ergebnisse_Clone1_13.07.2026/resnet50_fp16_medium_BS32_tegrastats.log,.log,365637,de4b7f8ce39967751f9b2508365154e1238dec9d5d201865e122ce953c982c10
Clone1,Ergebnisse_Clone1_13.07.2026/resnet50_fp16_medium_BS32_tegrastats_power.csv,.csv,15675,3c0c12083d6a74c0f78af6debf1ff0e4663378201eaf2507590a6083088fd418
Clone1,Ergebnisse_Clone1_13.07.2026/resnet50_fp16_medium_BS4_bench_meta.json,.json,599,986179d91d4b9054df3d65b39668091c4cf6bff3b76d03eba53ab97f4cb8ca2b
Clone1,Ergebnisse_Clone1_13.07.2026/resnet50_fp16_medium_BS4_perf.csv,.csv,609091,ecb83d1dfda29c1944ab08b9d19eb51052829e4786bcecef8c7998129e2b7a1e
Clone1,Ergebnisse_Clone1_13.07.2026/resnet50_fp16_medium_BS4_tegrastats.log,.log,481004,314da3e4a404a8061494934c7f072f36a43a447e3a2e3f07e8017a2b7b0eba5a
Clone1,Ergebnisse_Clone1_13.07.2026/resnet50_fp16_medium_BS4_tegrastats_power.csv,.csv,21337,703728e327cff63aaab54051facfab3b352e0154201a87f7dea17740bde0cc88
Clone1,Ergebnisse_Clone1_13.07.2026/resnet50_fp16_medium_BS64_bench_meta.json,.json,599,45ed59e4e3f1426a597526d2d063f9bc4b5953ef7b12eb8ece0683d03c8569d7
Clone1,Ergebnisse_Clone1_13.07.2026/resnet50_fp16_medium_BS64_perf.csv,.csv,41432,0a90c4ae82a03fbc918908acff09665b1e3d87c55652d25c2c3559dc998ace29
Clone1,Ergebnisse_Clone1_13.07.2026/resnet50_fp16_medium_BS64_tegrastats.log,.log,365680,763c4203d2574369b37f62dce2056b5204b2557af13d01b0e9715a9fa432d69e
Clone1,Ergebnisse_Clone1_13.07.2026/resnet50_fp16_medium_BS64_tegrastats_power.csv,.csv,16016,383d85cc96e6f9f8634e6ad9c59f1379a3a85f4a0ab0c057bc49572a28140a80
Clone1,Ergebnisse_Clone1_13.07.2026/resnet50_fp16_medium_BS8_bench_meta.json,.json,599,4b34c48fb6d79dde94d18d1ef5c46e2ea5c390693a86f74ecf1a9c1449458b6f
Clone1,Ergebnisse_Clone1_13.07.2026/resnet50_fp16_medium_BS8_perf.csv,.csv,307915,49340c146e15b23866641a15af1f8d8ffe3fa4face8b30ae1a2db579d83738b2
Clone1,Ergebnisse_Clone1_13.07.2026/resnet50_fp16_medium_BS8_tegrastats.log,.log,415530,82ece759f4168328a29a52c36b97b0b2fa3e9ffdaf735693af26914634cfb7eb
Clone1,Ergebnisse_Clone1_13.07.2026/resnet50_fp16_medium_BS8_tegrastats_power.csv,.csv,18520,f9d2a273f176abb0846267a821421176aa631b2c221981024788c681b009e4ce
Clone1,Ergebnisse_Clone1_13.07.2026/resnet50_fp16_slow_BS128_bench_meta.json,.json,601,395a0e2ca040636f2bc1d895a12c7f233f97e01e4a961858e5c0af8005a86057
Clone1,Ergebnisse_Clone1_13.07.2026/resnet50_fp16_slow_BS128_perf.csv,.csv,21643,7bd90710ef589b72f2ba80bf3844ded884df3144eeaea91001685355af6f30cf
Clone1,Ergebnisse_Clone1_13.07.2026/resnet50_fp16_slow_BS128_tegrastats.log,.log,535512,7ecc07e4033727ae7a3edd2bc8c9854f97ef6596a1734fd512b9a516561c4704
Clone1,Ergebnisse_Clone1_13.07.2026/resnet50_fp16_slow_BS128_tegrastats_power.csv,.csv,25135,b3d997f622b58572eb51227a6705fbe6d50c5caff8863b85e0c00ce26935c106
Clone1,Ergebnisse_Clone1_13.07.2026/resnet50_fp16_slow_BS16_bench_meta.json,.json,601,1a13540f738a54e50b4ecdc1da99f1884b53be0b906a1843e9ee2ee6cc18da4f
Clone1,Ergebnisse_Clone1_13.07.2026/resnet50_fp16_slow_BS16_perf.csv,.csv,159929,6d67f5939e8780d7b36b9c287e372a0ee83481b5ff3c35ce6da561e881d884f9
Clone1,Ergebnisse_Clone1_13.07.2026/resnet50_fp16_slow_BS16_tegrastats.log,.log,553062,83b39ac98c807e3a31041d386081f4088a4ba4d798d2d5700135f4d1471ffd58
Clone1,Ergebnisse_Clone1_13.07.2026/resnet50_fp16_slow_BS16_tegrastats_power.csv,.csv,26191,e8523986bcabcfb476e99cc3a8e74de799318d713afd6be32cdb1720519d25e5
Clone1,Ergebnisse_Clone1_13.07.2026/resnet50_fp16_slow_BS1_bench_meta.json,.json,597,cbebb5d2fbd23a4c0d50bc6d77d7f385645d5ddfd4d6bdc8d8c57a5387fd6062
Clone1,Ergebnisse_Clone1_13.07.2026/resnet50_fp16_slow_BS1_perf.csv,.csv,2479600,66fbcd69b49ff633de433ea3264e0c9e1e2af464e570784b742be781db035390
Clone1,Ergebnisse_Clone1_13.07.2026/resnet50_fp16_slow_BS1_tegrastats.log,.log,1349971,583f141606d077e67751363453b8c400c36efa7d0ce0f92f36964466e50c8500
Clone1,Ergebnisse_Clone1_13.07.2026/resnet50_fp16_slow_BS1_tegrastats_power.csv,.csv,67796,00c1e86e9c4ea588f4892f511116adeca411881eef16136257ecee32f2517e8a
Clone1,Ergebnisse_Clone1_13.07.2026/resnet50_fp16_slow_BS32_bench_meta.json,.json,600,1e6a2a54a77ab3746bd9a25fb9bf2214cec8b1b0e68749d3c9fefd5191857010
Clone1,Ergebnisse_Clone1_13.07.2026/resnet50_fp16_slow_BS32_perf.csv,.csv,82187,02a57c27dfc23f6d73347cd5758f0f78df364512d489648c9156c5beb389ad86
Clone1,Ergebnisse_Clone1_13.07.2026/resnet50_fp16_slow_BS32_tegrastats.log,.log,527866,1fed0246d91d5115c52fe5fe9c25ef7f1825963dc26881f4c9a7d0ff1d2ceede
Clone1,Ergebnisse_Clone1_13.07.2026/resnet50_fp16_slow_BS32_tegrastats_power.csv,.csv,24707,e71fe558a5687fabd87ed4cbff333bfe2966af9a8502ed9fe705557073b8aa57
Clone1,Ergebnisse_Clone1_13.07.2026/resnet50_fp16_slow_BS4_bench_meta.json,.json,601,afd1f0663d758b95d8cebca39827aca9320c19ef5e3c5f61b2e3acd8e12a43fb
Clone1,Ergebnisse_Clone1_13.07.2026/resnet50_fp16_slow_BS4_perf.csv,.csv,607536,ae06478c9c93b1df225eca783798135116e48b0b4e2e251313cc93ea11df869a
Clone1,Ergebnisse_Clone1_13.07.2026/resnet50_fp16_slow_BS4_tegrastats.log,.log,650137,9484eb2bdb3fb7ace9136b1124079170643cb372d32459ef67cc3e4c902f70b1
Clone1,Ergebnisse_Clone1_13.07.2026/resnet50_fp16_slow_BS4_tegrastats_power.csv,.csv,31386,3952f7acea3f1d043304e3c7298c59d94f24585ce1440ad9d3ca59b7a94708f7
Clone1,Ergebnisse_Clone1_13.07.2026/resnet50_fp16_slow_BS64_bench_meta.json,.json,599,527ea82797a92988c2b7503e54e7b576231f2b8de5daebb317b680b38f124387
Clone1,Ergebnisse_Clone1_13.07.2026/resnet50_fp16_slow_BS64_perf.csv,.csv,41219,4712960017653af410e3165b930ec626b4579818b305b20b87fe8969ec19a679
Clone1,Ergebnisse_Clone1_13.07.2026/resnet50_fp16_slow_BS64_tegrastats.log,.log,540102,6dba089fc8fc94ef56bb22516362b6db59427b2305b65b1ffebaad86db25ea95
Clone1,Ergebnisse_Clone1_13.07.2026/resnet50_fp16_slow_BS64_tegrastats_power.csv,.csv,25550,17b9851bb1b9d7117003fccc222f7b6bfa9fa5ea9e2d1ffafe75660aa7dc862e
Clone1,Ergebnisse_Clone1_13.07.2026/resnet50_fp16_slow_BS8_bench_meta.json,.json,597,51590467de0ab092102aa27c493340fa22810c790deb7c4629200253cc39b708
Clone1,Ergebnisse_Clone1_13.07.2026/resnet50_fp16_slow_BS8_perf.csv,.csv,305994,e23109a32e63c47b776a9790352a70bd606f47bb464eea32ff632e36c7f57a0b
Clone1,Ergebnisse_Clone1_13.07.2026/resnet50_fp16_slow_BS8_tegrastats.log,.log,602181,904880cf55f94608c085a9fbb789c3081da63271d7edc5f69033543c6927b6f5
Clone1,Ergebnisse_Clone1_13.07.2026/resnet50_fp16_slow_BS8_tegrastats_power.csv,.csv,28938,652f31002a17e95fa411f0e1e5595b4743084fe42ccb89445c4d8558a14ce21a
Clone1,Ergebnisse_Clone1_13.07.2026/resnet50_fp32_fast_BS128_bench_meta.json,.json,602,63d0f90696543925213693427d8e79ee5e949603bb96136372931100411d96b0
Clone1,Ergebnisse_Clone1_13.07.2026/resnet50_fp32_fast_BS128_perf.csv,.csv,21291,cdf1543592b0ea91fd89003ddbf0f22ecc5505a60ff4ff838d90dda2a7e0126a
Clone1,Ergebnisse_Clone1_13.07.2026/resnet50_fp32_fast_BS128_tegrastats.log,.log,823692,3b5644f3aab024ca20dfdc88ccf5139ac832db7bfc929710fd3fbea9e6ef3096
Clone1,Ergebnisse_Clone1_13.07.2026/resnet50_fp32_fast_BS128_tegrastats_power.csv,.csv,39697,5e4f4108bfb5813db02f81bc4a21f431050f892a213b47e91fe491f7f01f37a4
Clone1,Ergebnisse_Clone1_13.07.2026/resnet50_fp32_fast_BS16_bench_meta.json,.json,598,454565d0d8cd7d12bad182270b1a6598cbf37cb0081012db1fe57b53bc5f59c4
Clone1,Ergebnisse_Clone1_13.07.2026/resnet50_fp32_fast_BS16_perf.csv,.csv,160075,cfe06f1abe6926aedaa969e4a98aca9f17a9b0eb28adaa12f291358595bd6e5a
Clone1,Ergebnisse_Clone1_13.07.2026/resnet50_fp32_fast_BS16_tegrastats.log,.log,785658,31d0cd6aa4c5f90469512e2f1e166e524db84bf3d69da7e48969d66bfb87bf6a
Clone1,Ergebnisse_Clone1_13.07.2026/resnet50_fp32_fast_BS16_tegrastats_power.csv,.csv,36415,9eeb7909505436852f65b64ca78b4d0712d41b7b8c7aca518c45c4b5326a16a5
Clone1,Ergebnisse_Clone1_13.07.2026/resnet50_fp32_fast_BS1_bench_meta.json,.json,600,dd7b0f5b56239a01f51356d329f46c2232434e9b6be6cca866ad1d950e46abcd
Clone1,Ergebnisse_Clone1_13.07.2026/resnet50_fp32_fast_BS1_perf.csv,.csv,2479472,ab469084740fd0bbed99c95b19d9c051112817c20dd96978a267df8d2a265ad2
Clone1,Ergebnisse_Clone1_13.07.2026/resnet50_fp32_fast_BS1_tegrastats.log,.log,774284,23d70bc95f3b9836d4461d992b127a87411b80f5049433bb80d9cdabad7dd072
Clone1,Ergebnisse_Clone1_13.07.2026/resnet50_fp32_fast_BS1_tegrastats_power.csv,.csv,35859,395e5710bdfe7290642d3252798ac820b115c9ac22487bccc5a63356fa8345d5
Clone1,Ergebnisse_Clone1_13.07.2026/resnet50_fp32_fast_BS32_bench_meta.json,.json,598,9063b39fae6ffda352ddc1493e8b7b45d128445eb5cd1e1110275b403710d7c8
Clone1,Ergebnisse_Clone1_13.07.2026/resnet50_fp32_fast_BS32_perf.csv,.csv,80365,2add45ce44901c38fb2ec6aeb84f5ddc3eb0bafc9b358bb1abe5cb79990eb734
Clone1,Ergebnisse_Clone1_13.07.2026/resnet50_fp32_fast_BS32_tegrastats.log,.log,767062,1ca04b8d9ef98ff3c26f15fea3bc6435eaa4e5e0f43297a71419f885a2905ba5
Clone1,Ergebnisse_Clone1_13.07.2026/resnet50_fp32_fast_BS32_tegrastats_power.csv,.csv,36109,80c041b733d399a8478fed949530334c7cf916e3571f763250624e6580f9a2f8
Clone1,Ergebnisse_Clone1_13.07.2026/resnet50_fp32_fast_BS4_bench_meta.json,.json,598,569529e725730ea5aaaca912a35b5cb8861527b0ac6ecee41c6fe7167fdff0bb
Clone1,Ergebnisse_Clone1_13.07.2026/resnet50_fp32_fast_BS4_perf.csv,.csv,606726,80424c73df90996db457abe89a0e6221baf67349133aa32c5127a34ef2325d9d
Clone1,Ergebnisse_Clone1_13.07.2026/resnet50_fp32_fast_BS4_tegrastats.log,.log,560319,6490f8239ad789565a0faded8a7b5fcae5ec910956b923333c86e55155c749d4
Clone1,Ergebnisse_Clone1_13.07.2026/resnet50_fp32_fast_BS4_tegrastats_power.csv,.csv,26560,87421ead377d93d5b4d6bcd309fa3309aaff9dd86206878afea888e7be488b70
Clone1,Ergebnisse_Clone1_13.07.2026/resnet50_fp32_fast_BS64_bench_meta.json,.json,597,5466b3f4332ca2f4b4ecc8c20a85293365980734cb6fcb5dcc291e00d79ef48c
Clone1,Ergebnisse_Clone1_13.07.2026/resnet50_fp32_fast_BS64_perf.csv,.csv,40392,8ba45ca8594d48cec4ce36797d87a032d179d0d5467ce2fab358ea18680b0305
Clone1,Ergebnisse_Clone1_13.07.2026/resnet50_fp32_fast_BS64_tegrastats.log,.log,477611,a0b5e003388bbba961733bc374c412a6f39db5a5e2691d940e65ba4abedea048
Clone1,Ergebnisse_Clone1_13.07.2026/resnet50_fp32_fast_BS64_tegrastats_power.csv,.csv,22274,25570673fd1f9131599b2af054d9a768e7a9b15c41fcc2daa3f97e4574aa1ba4
Clone1,Ergebnisse_Clone1_13.07.2026/resnet50_fp32_fast_BS8_bench_meta.json,.json,600,f487e3c084c1c604d9e1f4c740081ee7021a89a23babf280cf5b4802d8b7fd52
Clone1,Ergebnisse_Clone1_13.07.2026/resnet50_fp32_fast_BS8_perf.csv,.csv,309862,3062a238177566e7424d87da96f5c025f7259e9f8a69948197b9f4fa566f84ac
Clone1,Ergebnisse_Clone1_13.07.2026/resnet50_fp32_fast_BS8_tegrastats.log,.log,519469,583b009b83f97a08e03eab54b94468a672b73f767b0021e33f11becf1f5c1ca5
Clone1,Ergebnisse_Clone1_13.07.2026/resnet50_fp32_fast_BS8_tegrastats_power.csv,.csv,24207,1382c3935597dd81bed3ee6b9e3248de9f77c33c6d777a8b466e8afc7cd16a74
Clone1,Ergebnisse_Clone1_13.07.2026/resnet50_fp32_medium_BS128_bench_meta.json,.json,601,95029c7ca10c7fb42cb676012ee3faf9ca4a009aaa00ea738a6dfeecc0223662
Clone1,Ergebnisse_Clone1_13.07.2026/resnet50_fp32_medium_BS128_perf.csv,.csv,21270,8075acd6e25df1551dcabd5d79d6cd09d5b6eaa22aeef0b2051748938d964f9b
Clone1,Ergebnisse_Clone1_13.07.2026/resnet50_fp32_medium_BS128_tegrastats.log,.log,510189,f437c831cd2b96345c02a5365b84c5f62299b90bed06c7b98f0f559c8acf39f2
Clone1,Ergebnisse_Clone1_13.07.2026/resnet50_fp32_medium_BS128_tegrastats_power.csv,.csv,24349,61525b54e2318d872329b53c04dcedacd23c8251bc840aa5bb77a3b41e7fe7d2
Clone1,Ergebnisse_Clone1_13.07.2026/resnet50_fp32_medium_BS16_bench_meta.json,.json,598,3c4d31c1f63b7749498fd80a0788046b7061bcbf97b0958feab97163e853eb0e
Clone1,Ergebnisse_Clone1_13.07.2026/resnet50_fp32_medium_BS16_perf.csv,.csv,159905,27569ebd28ae07b0cd00b4aa6a1a54c6a0dd6446208ea00bebaa12c39e1b467e
Clone1,Ergebnisse_Clone1_13.07.2026/resnet50_fp32_medium_BS16_tegrastats.log,.log,551629,d0cb15217f8b848fdcdc775a5453dbbb8e539c747eb23cbb0f22eddf975cf609
Clone1,Ergebnisse_Clone1_13.07.2026/resnet50_fp32_medium_BS16_tegrastats_power.csv,.csv,25680,8846c66c94a36c46064bcc0b8f3c807e2ad423db3898896e47c8551a4fa76f69
Clone1,Ergebnisse_Clone1_13.07.2026/resnet50_fp32_medium_BS1_bench_meta.json,.json,600,6bbbf754886a704a99a4546447493337577b0496ff0bde8e13b12e07d7dd088f
Clone1,Ergebnisse_Clone1_13.07.2026/resnet50_fp32_medium_BS1_perf.csv,.csv,2480696,eb6401db9cd8c5771bac1fceb9c8aab81444ce738ec4ea0b263a1271aceb8245
Clone1,Ergebnisse_Clone1_13.07.2026/resnet50_fp32_medium_BS1_tegrastats.log,.log,814783,8c33f91604b4c0ba7e4f41e0c7a2efae41127e2bbd69080b0e4cf4dfc1508413
Clone1,Ergebnisse_Clone1_13.07.2026/resnet50_fp32_medium_BS1_tegrastats_power.csv,.csv,39503,6e07e9edacbd31283810418282b594b961f1ef057bb1989e1aedf04433a80496
Clone1,Ergebnisse_Clone1_13.07.2026/resnet50_fp32_medium_BS32_bench_meta.json,.json,601,6d6c7cb57de98de6a2b121f970d41cfc6f672b07021a4dbdba875378bca63fdf
Clone1,Ergebnisse_Clone1_13.07.2026/resnet50_fp32_medium_BS32_perf.csv,.csv,80590,fe9d510dae2b3b4206d36f81f78a13fd1670ab86de9416ad46950e1c03db36a7
Clone1,Ergebnisse_Clone1_13.07.2026/resnet50_fp32_medium_BS32_tegrastats.log,.log,487487,4f6c4edbf69a1c8aeac716f447a6b54096b3dcaacb9765e4956f9c95685a67d4
Clone1,Ergebnisse_Clone1_13.07.2026/resnet50_fp32_medium_BS32_tegrastats_power.csv,.csv,22727,6141374572e870ed2582afa0f17b5f8b0088c00d68f0a62194ec7e2256a4b342
Clone1,Ergebnisse_Clone1_13.07.2026/resnet50_fp32_medium_BS4_bench_meta.json,.json,600,7f125630e92e4c44474c4789846ddcc9f08f78f0946e968437ab76c12ba41f58
Clone1,Ergebnisse_Clone1_13.07.2026/resnet50_fp32_medium_BS4_perf.csv,.csv,606527,d4ef895ca9f6e118c4fd08b62ce02f6f7dbc6a11939c21803c75553498c33dc4
Clone1,Ergebnisse_Clone1_13.07.2026/resnet50_fp32_medium_BS4_tegrastats.log,.log,639931,450f0b0cd857b0b570147f3bde2d9494f9f0776f8e1243949536db5591e156bc
Clone1,Ergebnisse_Clone1_13.07.2026/resnet50_fp32_medium_BS4_tegrastats_power.csv,.csv,30459,39889fa5c66c6a37620c4b6d1bd0479a4f084715f725f320e45efe66e41914cf
Clone1,Ergebnisse_Clone1_13.07.2026/resnet50_fp32_medium_BS64_bench_meta.json,.json,597,749532dafda8b7b2c409fd53840a70a4de4ecaee55d80a61bd845a69aab8267f
Clone1,Ergebnisse_Clone1_13.07.2026/resnet50_fp32_medium_BS64_perf.csv,.csv,40430,6fa3589dbcf64cb39ba1d1e4924e816013824eff31913b4fa553a0ddd9dc6af4
Clone1,Ergebnisse_Clone1_13.07.2026/resnet50_fp32_medium_BS64_tegrastats.log,.log,500213,8e3111a6fd3a27d46771c1da1183c42a0b123fb766b9fdbb2f80a18a56ff7db2
Clone1,Ergebnisse_Clone1_13.07.2026/resnet50_fp32_medium_BS64_tegrastats_power.csv,.csv,23505,1e250195095e1f5f55b7d9cdf5ad23e269a01eb4cabf46bb7be3889fd1777c91
Clone1,Ergebnisse_Clone1_13.07.2026/resnet50_fp32_medium_BS8_bench_meta.json,.json,598,fde7f6bacadb5e9b22c01deafe5a3558b1cee2c78fea7bbd8499111dd67f4324
Clone1,Ergebnisse_Clone1_13.07.2026/resnet50_fp32_medium_BS8_perf.csv,.csv,310178,87e7730c2afa8bad18159f8de3879ae9e9d482263f77538dea78fd2fcd53c093
Clone1,Ergebnisse_Clone1_13.07.2026/resnet50_fp32_medium_BS8_tegrastats.log,.log,570742,45bddc60ee9914b40a7da9be44a5b2b89787985682d13cfeab6e1cc8c41c0b87
Clone1,Ergebnisse_Clone1_13.07.2026/resnet50_fp32_medium_BS8_tegrastats_power.csv,.csv,26733,2333d6f23c816c413cd0eb2f84d374c7e95254e584dcc8fa29ee17167627d536
Clone1,Ergebnisse_Clone1_13.07.2026/resnet50_fp32_slow_BS128_bench_meta.json,.json,600,1088c268d885da4dff3cf7a7c9171a68fa6d633f0660285280e7a4fc611eb0b8
Clone1,Ergebnisse_Clone1_13.07.2026/resnet50_fp32_slow_BS128_perf.csv,.csv,21303,99c1c6365d24e24d5052fa9f2b1ca8bb7412ccdec66a7d221ba89d87d0fead1d
Clone1,Ergebnisse_Clone1_13.07.2026/resnet50_fp32_slow_BS128_tegrastats.log,.log,795898,23690a4228cd17672e9e81b25d5b097e61d06c67493b75162dfff40a27791180
Clone1,Ergebnisse_Clone1_13.07.2026/resnet50_fp32_slow_BS128_tegrastats_power.csv,.csv,38793,424ba7c90ed78dc71cd079a158489f1f33e84a48a1d78a12d3b3d48132ce776a
Clone1,Ergebnisse_Clone1_13.07.2026/resnet50_fp32_slow_BS16_bench_meta.json,.json,600,60582b210446f2e7843731192cbf7a61b9b119ab140dc9cabe317439f87d2ce3
Clone1,Ergebnisse_Clone1_13.07.2026/resnet50_fp32_slow_BS16_perf.csv,.csv,160176,a02e55a4a73f00a0702bd9aeefb6efd269cfd49b6e61eb86a8a4ce2866bbdb68
Clone1,Ergebnisse_Clone1_13.07.2026/resnet50_fp32_slow_BS16_tegrastats.log,.log,794578,7f7bbaa8789fc4bcb1b232f6bf9e9b2ea0f2669df4f7286aae56dd8660d5f66e
Clone1,Ergebnisse_Clone1_13.07.2026/resnet50_fp32_slow_BS16_tegrastats_power.csv,.csv,36874,e542ef2ff2baecc01d8dd99aa2b8f6f202eb4c58c177cabb3771c954571d226f
Clone1,Ergebnisse_Clone1_13.07.2026/resnet50_fp32_slow_BS1_bench_meta.json,.json,599,67fbd26cd68d400da49e7f8b9b3988014404ac0b889657cd988607a4270d6397
Clone1,Ergebnisse_Clone1_13.07.2026/resnet50_fp32_slow_BS1_perf.csv,.csv,2479524,4bb70a0bbcecbf082e05c778a085209a9e20727b2cb83de61ceb7e21d159dcc6
Clone1,Ergebnisse_Clone1_13.07.2026/resnet50_fp32_slow_BS1_tegrastats.log,.log,1183904,ba50c69249b2dd61c8fc13f8d96694d68a564b68b5b799af890c1d0537ab1ecd
Clone1,Ergebnisse_Clone1_13.07.2026/resnet50_fp32_slow_BS1_tegrastats_power.csv,.csv,57191,54384f360bb2b8f3065ab1b523d2f2149e5b2bdd1313f20292e8a8aa6bffc194
Clone1,Ergebnisse_Clone1_13.07.2026/resnet50_fp32_slow_BS32_bench_meta.json,.json,599,c073c06f3087220c6a3dfa18178287126005df452a71d2b3f3bd1fa779a21555
Clone1,Ergebnisse_Clone1_13.07.2026/resnet50_fp32_slow_BS32_perf.csv,.csv,80400,4d341b4a12d53998070bf0c2c55742835bbc8572b98405b858301c667113762f
Clone1,Ergebnisse_Clone1_13.07.2026/resnet50_fp32_slow_BS32_tegrastats.log,.log,774554,e615b19e9be90c0402624269218fd6ee011fa2aaaf1f9c122e979c5e5ba424d7
Clone1,Ergebnisse_Clone1_13.07.2026/resnet50_fp32_slow_BS32_tegrastats_power.csv,.csv,36441,c6de0fa1860df8cdb4589d7e7a9263492677db978892ab551ecc9770616543ef
Clone1,Ergebnisse_Clone1_13.07.2026/resnet50_fp32_slow_BS4_bench_meta.json,.json,601,3d7b8dbb8460a88cc899ed0fa9a03e75687be9e62c3d32d9d12b8fa5fe2ef6aa
Clone1,Ergebnisse_Clone1_13.07.2026/resnet50_fp32_slow_BS4_perf.csv,.csv,619242,1e5bc28ca2bee8060ea8037b80eed986b84e732105f3e6bae5212f02e5b65cf8
Clone1,Ergebnisse_Clone1_13.07.2026/resnet50_fp32_slow_BS4_tegrastats.log,.log,941508,e5732cca607b2e700534cc501219eb3e020a36efc71de72f9a44d1f13be7111e
Clone1,Ergebnisse_Clone1_13.07.2026/resnet50_fp32_slow_BS4_tegrastats_power.csv,.csv,43966,4b3f2fad96ca919e5244d3d7beea3d45cc75506722b4fe7600addb074534e303
Clone1,Ergebnisse_Clone1_13.07.2026/resnet50_fp32_slow_BS64_bench_meta.json,.json,599,06f2694cfd5f84d31fc9acf9ee2dae247ff8ebfbaa0c3e40f94256fcf3e4f0c2
Clone1,Ergebnisse_Clone1_13.07.2026/resnet50_fp32_slow_BS64_perf.csv,.csv,41353,022133ff9b22ec9fb91f0fef02e66d8f0a989178a164c64a40a55048cf8781af
Clone1,Ergebnisse_Clone1_13.07.2026/resnet50_fp32_slow_BS64_tegrastats.log,.log,769591,d29e04416238bd08176a2c44c23a327d11f037e5b695bc73686f12c69b924a8a
Clone1,Ergebnisse_Clone1_13.07.2026/resnet50_fp32_slow_BS64_tegrastats_power.csv,.csv,36506,13db605e9e87d64307a3c64c193976877cbd41c61f9e9b2c0cdb9e65f6a32d13
Clone1,Ergebnisse_Clone1_13.07.2026/resnet50_fp32_slow_BS8_bench_meta.json,.json,595,68a20a26f906f9ce5118f74632f198674de3977c9e20d025cc2a4144a7f1b84c
Clone1,Ergebnisse_Clone1_13.07.2026/resnet50_fp32_slow_BS8_perf.csv,.csv,311139,dbd5bcd03e0a0196df99fcc45ce27e3ec5c7480eb4d6bb8001b9840dda98601f
Clone1,Ergebnisse_Clone1_13.07.2026/resnet50_fp32_slow_BS8_tegrastats.log,.log,834480,3da594ce56598378b0f83a667198e2f7b466f9a39facf45fa5be0267f5432dde
Clone1,Ergebnisse_Clone1_13.07.2026/resnet50_fp32_slow_BS8_tegrastats_power.csv,.csv,41273,47e411d88b831e02d12cdd54cbf6f9b352d789d0af6a1194df7915fbd0bfe3d4
Clone1,Ergebnisse_Clone1_13.07.2026/resnet50_fp64_fast_BS128_bench_meta.json,.json,599,d6449a73b74835fbce3fe079c914b9145869eaae435e8794b02982b64b60667d
Clone1,Ergebnisse_Clone1_13.07.2026/resnet50_fp64_fast_BS128_perf.csv,.csv,21657,95046dbdf541cc3d8a1698ab6995f298cb17bc1c64eb44dfaefa8488de0149ea
Clone1,Ergebnisse_Clone1_13.07.2026/resnet50_fp64_fast_BS128_tegrastats.log,.log,17240231,77db639bb835787b00b1586209a1d3ba8f680e05feb7d8eca748d9e7ddaea6a8
Clone1,Ergebnisse_Clone1_13.07.2026/resnet50_fp64_fast_BS128_tegrastats_power.csv,.csv,972565,c30e543fbcc26e791cec52c75bd2bcbcea50b7c1223e5f01be85378d9c7eb830
Clone1,Ergebnisse_Clone1_13.07.2026/resnet50_fp64_fast_BS16_bench_meta.json,.json,600,fe496a9b6eb159443df26783267526dc234829cf4c5d3426878304af925d26a6
Clone1,Ergebnisse_Clone1_13.07.2026/resnet50_fp64_fast_BS16_perf.csv,.csv,159829,232a366ee07beb820b7da590a7c8bac6bc26ba18ff9108ad623c0c53b8638df1
Clone1,Ergebnisse_Clone1_13.07.2026/resnet50_fp64_fast_BS16_tegrastats.log,.log,7872442,3c56d650bc416d201ec1969a49ef3fb37051ed43ace87fcce134175a16d7702c
Clone1,Ergebnisse_Clone1_13.07.2026/resnet50_fp64_fast_BS16_tegrastats_power.csv,.csv,419963,8cc588b6a92d6ba1385de78a930f8d28b9bdee36ef69b9be94533bbe84f7deef
Clone1,Ergebnisse_Clone1_13.07.2026/resnet50_fp64_fast_BS1_bench_meta.json,.json,597,5a1fbf62577df6020eb6d7db3220a5b13122ae67ccfeb348439e1a6e284707ab
Clone1,Ergebnisse_Clone1_13.07.2026/resnet50_fp64_fast_BS1_perf.csv,.csv,2470315,b46e7471d86b9e0ac40124d5c2116830a3053ae28a05f10d7294773a671b020b
Clone1,Ergebnisse_Clone1_13.07.2026/resnet50_fp64_fast_BS1_tegrastats.log,.log,18109934,14b28273944941df49da0ec08b5d8828f90bd28e6e3d5ab841f1e502dbf2edd5
Clone1,Ergebnisse_Clone1_13.07.2026/resnet50_fp64_fast_BS1_tegrastats_power.csv,.csv,1028587,c3b4551690d6466d55df38947cf2135fcfb3153ec13a795212f38ad1311d2d4e
Clone1,Ergebnisse_Clone1_13.07.2026/resnet50_fp64_fast_BS32_bench_meta.json,.json,601,f73d4e8e596e4587889d67b09747933a49e03a1e79b06c325c81f4f0f5756087
Clone1,Ergebnisse_Clone1_13.07.2026/resnet50_fp64_fast_BS32_perf.csv,.csv,82254,764d6b9cec17e1c6494e6cc3415f015fc4d3d41eeb67e91276976ab96326625c
Clone1,Ergebnisse_Clone1_13.07.2026/resnet50_fp64_fast_BS32_tegrastats.log,.log,8419038,ffd62207c1b81a1873bd8b2c605c867e9ca1a8c22ee9d3c169478b5c4f1cd1a8
Clone1,Ergebnisse_Clone1_13.07.2026/resnet50_fp64_fast_BS32_tegrastats_power.csv,.csv,444395,aecca995b8bd40570d2bca75d1922f2ab2229c7bccaba6882c3e55c1a206d16c
Clone1,Ergebnisse_Clone1_13.07.2026/resnet50_fp64_fast_BS4_bench_meta.json,.json,599,e6e213bbfe3ae9d1d6ba700f97642260d716fc78e30f62bdd4e3d950f7cd2d12
Clone1,Ergebnisse_Clone1_13.07.2026/resnet50_fp64_fast_BS4_perf.csv,.csv,621479,ca8bae61ed80ecf9539ad4a5d19bac5ff05ee6575aa8a14ec9b170ccbe23316b
Clone1,Ergebnisse_Clone1_13.07.2026/resnet50_fp64_fast_BS4_tegrastats.log,.log,16620664,cbc2054c28f1afdf01fee599a5a863651a8ca2184ed28e69cc6269c24b67aca6
Clone1,Ergebnisse_Clone1_13.07.2026/resnet50_fp64_fast_BS4_tegrastats_power.csv,.csv,942589,b1fe3fb46a010d81caea958bb8222cef84426ce8f170d9bbbefba90636442b0f
Clone1,Ergebnisse_Clone1_13.07.2026/resnet50_fp64_fast_BS64_bench_meta.json,.json,598,026d5b951dec9b9934cb34f1edd0bddcd6b1365a9fef4f86ff3773da01a11480
Clone1,Ergebnisse_Clone1_13.07.2026/resnet50_fp64_fast_BS64_perf.csv,.csv,41389,7d049cb02afa9752b624d610c3ad5f8b2bfd6949d0fd05aaa1521fffe459cfd8
Clone1,Ergebnisse_Clone1_13.07.2026/resnet50_fp64_fast_BS64_tegrastats.log,.log,16870131,e71e951f8f7abdd1552cd0d6b85765fee2d34fbf30b51b991ff83d25f585fa02
Clone1,Ergebnisse_Clone1_13.07.2026/resnet50_fp64_fast_BS64_tegrastats_power.csv,.csv,948162,99a6f607bc454ad19db1ad862a35eda80a8a95d17cff9a711f8079cabd55de13
Clone1,Ergebnisse_Clone1_13.07.2026/resnet50_fp64_fast_BS8_bench_meta.json,.json,597,af23d5ba4b78e1e780b18a5d3d5e1d81ca3d4b3f21122a1b6422468ebd8316a7
Clone1,Ergebnisse_Clone1_13.07.2026/resnet50_fp64_fast_BS8_perf.csv,.csv,310162,ce016266368b65847a9e602aae7a28841af78501bc0a642e62aa67051272612b
Clone1,Ergebnisse_Clone1_13.07.2026/resnet50_fp64_fast_BS8_tegrastats.log,.log,16168913,5db0cbc688b723bf29a2c079f1df13ed073e79cb1c4e87119a33228c2f5e5bef
Clone1,Ergebnisse_Clone1_13.07.2026/resnet50_fp64_fast_BS8_tegrastats_power.csv,.csv,915078,66d9b251dfe3de7f618f293825354e7e3ede32ad24e0f647212cab6b9e3b5372
Clone1,Ergebnisse_Clone1_13.07.2026/resnet50_fp64_medium_BS128_bench_meta.json,.json,601,13a09b1ef5f6a23b8549e21a45c4734b1c1629953937356550005cf38612d522
Clone1,Ergebnisse_Clone1_13.07.2026/resnet50_fp64_medium_BS128_perf.csv,.csv,21283,4edf5f42386b593ca65a92c895bd25495875083233c6ef672048885fcc697936
Clone1,Ergebnisse_Clone1_13.07.2026/resnet50_fp64_medium_BS128_tegrastats.log,.log,8683097,ce9db029d99a90845500b35ea5ba1b025c66f75e93bd4cc518a3a56e23c35d3f
Clone1,Ergebnisse_Clone1_13.07.2026/resnet50_fp64_medium_BS128_tegrastats_power.csv,.csv,474353,779ad7042e76886261b6eac53db225414f1d7e94b3cf02a6ca60410ab524b9d2
Clone1,Ergebnisse_Clone1_13.07.2026/resnet50_fp64_medium_BS16_bench_meta.json,.json,599,30dfb4bf2f5eefb64a280f922fdd570f7224784dd194dcff42eb18b28fb41708
Clone1,Ergebnisse_Clone1_13.07.2026/resnet50_fp64_medium_BS16_perf.csv,.csv,159831,245c941a3ee4ce397819ebc23db533d2cf90ac8266f4b6d34a1e8f6d4dad89b5
Clone1,Ergebnisse_Clone1_13.07.2026/resnet50_fp64_medium_BS16_tegrastats.log,.log,7865701,f66251a68c55739eccfdea642d7b801afa2e55d2481e7cd012912e02f6e8ea01
Clone1,Ergebnisse_Clone1_13.07.2026/resnet50_fp64_medium_BS16_tegrastats_power.csv,.csv,421235,d5861ee9b6bc1a34b415987c31e1224b1ec58a6081e3ebc76bb9261d0d93d77c
Clone1,Ergebnisse_Clone1_13.07.2026/resnet50_fp64_medium_BS1_bench_meta.json,.json,600,ed77c675012b07c0754c7868a7f06273c23b9b7ed5abc3081eb3e2d69d466cbc
Clone1,Ergebnisse_Clone1_13.07.2026/resnet50_fp64_medium_BS1_perf.csv,.csv,2482719,ab8550476c3b738b3b1df3471fafacf6a85a2d46f463ee8fd853d7c68606803d
Clone1,Ergebnisse_Clone1_13.07.2026/resnet50_fp64_medium_BS1_tegrastats.log,.log,9481162,131e4f3e93a995a63bffe6471c399ff9827d5765dc0678154a7fb0bd27874622
Clone1,Ergebnisse_Clone1_13.07.2026/resnet50_fp64_medium_BS1_tegrastats_power.csv,.csv,519290,1171600baf30a2a15130be2236ab96b70b4e2034d1bf08b62fab8e6850a87ab3
Clone1,Ergebnisse_Clone1_13.07.2026/resnet50_fp64_medium_BS32_bench_meta.json,.json,600,604f7184b0368fbd15e09d8d4119c3f97dcae47dc489cc9ef8fc5c0a73e3d05e
Clone1,Ergebnisse_Clone1_13.07.2026/resnet50_fp64_medium_BS32_perf.csv,.csv,82350,b2fe32ae63925377a77d33a11a79b6d35759a5379e1447a589e736c6e2805d6e
Clone1,Ergebnisse_Clone1_13.07.2026/resnet50_fp64_medium_BS32_tegrastats.log,.log,8383182,16121b716cc0d03b6a4125c0aa1f9be85ab21263b02f2b635aaf600beb65622f
Clone1,Ergebnisse_Clone1_13.07.2026/resnet50_fp64_medium_BS32_tegrastats_power.csv,.csv,448004,51108d991bf8a8f1dd7c03cde879aab32033585190feeb9522b1ba5a61ba5fe5
Clone1,Ergebnisse_Clone1_13.07.2026/resnet50_fp64_medium_BS4_bench_meta.json,.json,600,9ae6b33bce97ab2a463bc08e53591a346a83819241452646a658c2e6e77ee51f
Clone1,Ergebnisse_Clone1_13.07.2026/resnet50_fp64_medium_BS4_perf.csv,.csv,621529,976a70d30340fa580172039a609362cf402bd1a0b74eeef3e3d0d94a7e8f17b2
Clone1,Ergebnisse_Clone1_13.07.2026/resnet50_fp64_medium_BS4_tegrastats.log,.log,8630890,4f6d1899b4696363e20ee27a2fd1ec3e02e4afcec630e6a082c013748f5ab027
Clone1,Ergebnisse_Clone1_13.07.2026/resnet50_fp64_medium_BS4_tegrastats_power.csv,.csv,472084,5d2f7f9b48e0658b96cb8f6655fef2f39a859779f362b0d1f7b00dfb2937dc80
Clone1,Ergebnisse_Clone1_13.07.2026/resnet50_fp64_medium_BS64_bench_meta.json,.json,601,448ef9c07bda49446a5b13905aff57c8e6c46e23c87ade331025124ceb2bbfe0
Clone1,Ergebnisse_Clone1_13.07.2026/resnet50_fp64_medium_BS64_perf.csv,.csv,41522,c7eada6758fbed242d4f1bf2d80707ff309932fed086ebf6c15f374f7436f7be
Clone1,Ergebnisse_Clone1_13.07.2026/resnet50_fp64_medium_BS64_tegrastats.log,.log,8783282,3ee789ac25c57d2c2539715aeb055987175b5b68ad17497c3c7fa42063e48924
Clone1,Ergebnisse_Clone1_13.07.2026/resnet50_fp64_medium_BS64_tegrastats_power.csv,.csv,466176,f74970f99652b0e896921fb5cf64abc38da290169d12b0d9fbee29816fa96be2
Clone1,Ergebnisse_Clone1_13.07.2026/resnet50_fp64_medium_BS8_bench_meta.json,.json,599,cc3c4e49554bee25a338464e1049abbc3f06c3c17bbeee311940307ccadbc06e
Clone1,Ergebnisse_Clone1_13.07.2026/resnet50_fp64_medium_BS8_perf.csv,.csv,311820,c9cc61bacc00022af3eecb455ea9ef122d53ef5326d919e449614998af5ca6e0
Clone1,Ergebnisse_Clone1_13.07.2026/resnet50_fp64_medium_BS8_tegrastats.log,.log,8339061,5f3239171ac8c758920ec157e7a05efa3a13160b8721ba53dd8255af75d38c8f
Clone1,Ergebnisse_Clone1_13.07.2026/resnet50_fp64_medium_BS8_tegrastats_power.csv,.csv,448250,3a0fca646ff5e3422ed471a06e318137643757e876348a552c4a7531f5d58e22
Clone1,Ergebnisse_Clone1_13.07.2026/resnet50_fp64_slow_BS128_bench_meta.json,.json,601,ee4f22b2d69967b0232d3b29d0fe7db8615c3be5e36df50245f4258ae2f5da49
Clone1,Ergebnisse_Clone1_13.07.2026/resnet50_fp64_slow_BS128_perf.csv,.csv,21619,f5c05a7dd595041bd7d67f95b9ef4aada10b5824c5a6ac994b565ad2579e308f
Clone1,Ergebnisse_Clone1_13.07.2026/resnet50_fp64_slow_BS128_tegrastats.log,.log,17836752,be215ea6c8cca252e724f03fcb0bb64606a274b8c20c69b6ea95ee84609c06ef
Clone1,Ergebnisse_Clone1_13.07.2026/resnet50_fp64_slow_BS128_tegrastats_power.csv,.csv,1003724,e64ec3bfeb66d6e754523afaca5c595aa67b50cd853efa3859ef9f3e521adc99
Clone1,Ergebnisse_Clone1_13.07.2026/resnet50_fp64_slow_BS16_bench_meta.json,.json,601,8d912aaae727ec78f4783f5d1a2e49bad6b70f4ffebafcefab4bbea053e9ca4c
Clone1,Ergebnisse_Clone1_13.07.2026/resnet50_fp64_slow_BS16_perf.csv,.csv,163159,db6fdb86acc4d234c4abd042262e878176e22ef9713fd3ac288e2f2fad5bf78b
Clone1,Ergebnisse_Clone1_13.07.2026/resnet50_fp64_slow_BS16_tegrastats.log,.log,15277307,52be70f95532b0439795c31a2bd6d05417d09be5b70c35444b3bc267b54b43ba
Clone1,Ergebnisse_Clone1_13.07.2026/resnet50_fp64_slow_BS16_tegrastats_power.csv,.csv,860050,e20c7d78c4ea06d5600d8e3cba3ed2fb6614871f5bb1674c6ef268946cb7f0bf
Clone1,Ergebnisse_Clone1_13.07.2026/resnet50_fp64_slow_BS1_bench_meta.json,.json,598,49fdc4177445dfa679d9ae1dc53f45f9b421d754f999f60d950dcef4a5427011
Clone1,Ergebnisse_Clone1_13.07.2026/resnet50_fp64_slow_BS1_perf.csv,.csv,2470398,4265a51b80175ac1609c408bccedb79eb112ea748867e128c357a0a9257e2f49
Clone1,Ergebnisse_Clone1_13.07.2026/resnet50_fp64_slow_BS1_tegrastats.log,.log,18043194,319df532cf11613a9262075120aa7d1bec81b29b4da10c20d0d656acc107b05f
Clone1,Ergebnisse_Clone1_13.07.2026/resnet50_fp64_slow_BS1_tegrastats_power.csv,.csv,1027303,f3ff5698543c6d825addf6487fcb1bcb6a3627a04ee008be711828d8ef5531c8
Clone1,Ergebnisse_Clone1_13.07.2026/resnet50_fp64_slow_BS32_bench_meta.json,.json,600,254f6bb4f1076e58667114cbccc9835d64be5a23697409440f34ec4ad3d75041
Clone1,Ergebnisse_Clone1_13.07.2026/resnet50_fp64_slow_BS32_perf.csv,.csv,82331,54e32b399c7483d495611801511cec54a07556267d62a23c92cb233d4250cb8b
Clone1,Ergebnisse_Clone1_13.07.2026/resnet50_fp64_slow_BS32_tegrastats.log,.log,16370977,0ba0afa764eb684291c0aad81e58537791345e9f4aadc37b355c98546acfaf17
Clone1,Ergebnisse_Clone1_13.07.2026/resnet50_fp64_slow_BS32_tegrastats_power.csv,.csv,917940,0610c72d7a4878c3539d910601ed5aca5d74d47412830796c83567f7bf1806ef
Clone1,Ergebnisse_Clone1_13.07.2026/resnet50_fp64_slow_BS4_bench_meta.json,.json,600,238f7fc4d5ed6647297064fcaca22707d23b250e5214aca1402f451e0a04f1b4
Clone1,Ergebnisse_Clone1_13.07.2026/resnet50_fp64_slow_BS4_perf.csv,.csv,621413,6950898cf825bc0e1be6bacf14ce5ab34bddc2c9202ccb534ccf9f58f5d06922
Clone1,Ergebnisse_Clone1_13.07.2026/resnet50_fp64_slow_BS4_tegrastats.log,.log,16619031,7f1b40fddb05b364a66b95b6506a309ff083a661b9c77974a0a45b5acb829a25
Clone1,Ergebnisse_Clone1_13.07.2026/resnet50_fp64_slow_BS4_tegrastats_power.csv,.csv,942189,c5eb9e41f854989dda5c6f7d9cb25a0649e4a27db2f04e226b6d9d7a2a6dc164
Clone1,Ergebnisse_Clone1_13.07.2026/resnet50_fp64_slow_BS64_bench_meta.json,.json,596,ed9ea487608e7ef41b72518022bd3b9fcbaef18c90fd9a470f101abff1326dee
Clone1,Ergebnisse_Clone1_13.07.2026/resnet50_fp64_slow_BS64_perf.csv,.csv,41374,8c4dfdd41d253b09069a0894a4c18a0dc6cf3aa0c2305af412c3fcfa83951874
Clone1,Ergebnisse_Clone1_13.07.2026/resnet50_fp64_slow_BS64_tegrastats.log,.log,16887067,58850703bb8a53a7183a647d3f9a87c3f3f96f30c244533e5f431304c0a29378
Clone1,Ergebnisse_Clone1_13.07.2026/resnet50_fp64_slow_BS64_tegrastats_power.csv,.csv,948427,82de6db003ad923ef06c56fa48fbfd9e0561f65a053f1089be59e859606dddc5
Clone1,Ergebnisse_Clone1_13.07.2026/resnet50_fp64_slow_BS8_bench_meta.json,.json,597,eaab2cee615f851241ce474074fb0dfd17c803dec7c63345ddb2a45b0fe49a60
Clone1,Ergebnisse_Clone1_13.07.2026/resnet50_fp64_slow_BS8_perf.csv,.csv,310264,25abfd63a6ea536dbb73cb282c861b8d3969fa11fa0785c408e2073594b75066
Clone1,Ergebnisse_Clone1_13.07.2026/resnet50_fp64_slow_BS8_tegrastats.log,.log,16205596,d916b270e66337763e3bd66dab8c4ab3332f803308dacada762d6e762fe870f3
Clone1,Ergebnisse_Clone1_13.07.2026/resnet50_fp64_slow_BS8_tegrastats_power.csv,.csv,914912,fe988e152d2f357c5278a20a688b5ea0dd9956f7fe7ebfe0eb3c42d5d6cc5029
Clone2,Ergebnisse_Clone2_13.07.2026/grid_manifest.csv,.csv,59406,7dddcf1146b6f45fd793731caaa0f6125e6fd86478178eeae33dfefed2123308
Clone2,Ergebnisse_Clone2_13.07.2026/grid_manifest_enriched.csv,.csv,87062,3a85d6a2a9b97afa9655102185b2b1347334dcc194ae1b25f9f52451bf7f0468
Clone2,Ergebnisse_Clone2_13.07.2026/grid_state.jsonl,.jsonl,28258,bdabe7df70d559cd7c39334a008d823dcc6cee942b75049c6b5b82a926b250c2
Clone2,Ergebnisse_Clone2_13.07.2026/mobilenet_v2_fp16_fast_BS128_bench_meta.json,.json,603,06d15a56053efc4ab6469346e653c63a9aefba3f9686c0f562c1dcc4575d4ce7
Clone2,Ergebnisse_Clone2_13.07.2026/mobilenet_v2_fp16_fast_BS128_perf.csv,.csv,21291,2fa701482dacf3e7b736224fff90a9da78a851727704b294730a9011a237c482
Clone2,Ergebnisse_Clone2_13.07.2026/mobilenet_v2_fp16_fast_BS128_tegrastats.log,.log,298662,4fbdb14e714895c37c9ff4e0895edd55b88665f310d66fa3223e2db640fb4036
Clone2,Ergebnisse_Clone2_13.07.2026/mobilenet_v2_fp16_fast_BS128_tegrastats_power.csv,.csv,13180,d381e99fb95156a957ad527eb416ce39414f2a7ad4c28012870f529bfb30933b
Clone2,Ergebnisse_Clone2_13.07.2026/mobilenet_v2_fp16_fast_BS16_bench_meta.json,.json,602,e65a18410a31940812d3a39220fa19d35e297f3cbf9a810c0bb43c8682889ce3
Clone2,Ergebnisse_Clone2_13.07.2026/mobilenet_v2_fp16_fast_BS16_perf.csv,.csv,160424,16a63672e555a8a5bb84470ea15830a48a78bfec82f82a6ac97935f8fc403245
Clone2,Ergebnisse_Clone2_13.07.2026/mobilenet_v2_fp16_fast_BS16_tegrastats.log,.log,294244,cca05a57e32cc933ea03712b8b1cd57ed7967a21479edfcf9036ec4982d88d85
Clone2,Ergebnisse_Clone2_13.07.2026/mobilenet_v2_fp16_fast_BS16_tegrastats_power.csv,.csv,13155,2c5549d30638804a124bb1f8676de34d7760d2600683da4131a4e0f7937bec1b
Clone2,Ergebnisse_Clone2_13.07.2026/mobilenet_v2_fp16_fast_BS1_bench_meta.json,.json,605,fa5774f41f801c67914c76ffb1cd7233566aa7b97eb127291288c9702da696b3
Clone2,Ergebnisse_Clone2_13.07.2026/mobilenet_v2_fp16_fast_BS1_perf.csv,.csv,2479950,f9ea80f9c4dd28ccb23133e8acd742463e1dda9348ce86d2a16319efe1f03d5b
Clone2,Ergebnisse_Clone2_13.07.2026/mobilenet_v2_fp16_fast_BS1_tegrastats.log,.log,815620,2e2c1810fe1309156e97e1202af4d8cc0cae2a12cb336838e66debd03d537c3a
Clone2,Ergebnisse_Clone2_13.07.2026/mobilenet_v2_fp16_fast_BS1_tegrastats_power.csv,.csv,36731,2cf5ae3f9992ec5d565ae25377c1bf6d7d1fd0cea1e009db84d71c17828d8931
Clone2,Ergebnisse_Clone2_13.07.2026/mobilenet_v2_fp16_fast_BS32_bench_meta.json,.json,601,7aa67ec49f1a5614b35faeb717e75dbdadc8e8d6e71d39c94c1857315475490f
Clone2,Ergebnisse_Clone2_13.07.2026/mobilenet_v2_fp16_fast_BS32_perf.csv,.csv,82429,989b3213740aa85a098f5a8afae0b50eaa9a2a2e206486fadd29efd51ccc9c5f
Clone2,Ergebnisse_Clone2_13.07.2026/mobilenet_v2_fp16_fast_BS32_tegrastats.log,.log,425876,20a90037b38834fdfeaf0bfb8af7f16be936a6fb05dd4e24e2100e3a9c7d0b25
Clone2,Ergebnisse_Clone2_13.07.2026/mobilenet_v2_fp16_fast_BS32_tegrastats_power.csv,.csv,19328,00c9c602b9d9b358a4f7410f72f0a7a861597b6c9a0c5eb201ded3ce0ae4a428
Clone2,Ergebnisse_Clone2_13.07.2026/mobilenet_v2_fp16_fast_BS4_bench_meta.json,.json,602,906967f27d793712c144cc0085b34c8da64eb9b0928fe7b461d8ffd31f9eaa04
Clone2,Ergebnisse_Clone2_13.07.2026/mobilenet_v2_fp16_fast_BS4_perf.csv,.csv,607364,03f6a1551328afff76f1892a72f25152edf87884e5cc6c3bd01b0e487e907b59
Clone2,Ergebnisse_Clone2_13.07.2026/mobilenet_v2_fp16_fast_BS4_tegrastats.log,.log,572625,1aa2c73102a1555b8abad992e19b5cb25928ab9a125bbe17bcac68848d955bde
Clone2,Ergebnisse_Clone2_13.07.2026/mobilenet_v2_fp16_fast_BS4_tegrastats_power.csv,.csv,27452,3cf5d1bf37775fc12c7d73576e4424a4867aeb7aa92b0f3555c24a93dd730f2d
Clone2,Ergebnisse_Clone2_13.07.2026/mobilenet_v2_fp16_fast_BS64_bench_meta.json,.json,603,8e242996d474006d4793c4d7baace86c7109b95ed3556d72a34eb8a4aa4b2302
Clone2,Ergebnisse_Clone2_13.07.2026/mobilenet_v2_fp16_fast_BS64_perf.csv,.csv,41527,99dc719319a95d04cf697a1f821395ea938dc6b3d64a3eba32364953f5d9963b
Clone2,Ergebnisse_Clone2_13.07.2026/mobilenet_v2_fp16_fast_BS64_tegrastats.log,.log,438835,74e10a41f6efe9990a5450d4f6527372eff1add69510d6b88a923c80f2e8baab
Clone2,Ergebnisse_Clone2_13.07.2026/mobilenet_v2_fp16_fast_BS64_tegrastats_power.csv,.csv,20312,c6dfa3c79eb33274bb86237d41ecee80bfa8f27372d5286798ffee2f0fb2361c
Clone2,Ergebnisse_Clone2_13.07.2026/mobilenet_v2_fp16_fast_BS8_bench_meta.json,.json,604,3ca04f1a2222871c14e39fca20c2cfba98baf1dc54f8f48c8a2f2adab0425b5b
Clone2,Ergebnisse_Clone2_13.07.2026/mobilenet_v2_fp16_fast_BS8_perf.csv,.csv,312383,ce1357f07f2c80b9ece8340d68aa263046e2fa144aaf30d0bc9b6cb86bf56cac
Clone2,Ergebnisse_Clone2_13.07.2026/mobilenet_v2_fp16_fast_BS8_tegrastats.log,.log,306040,54a606999f639bc8185f43879b83441f502a22704a65ca8d54ea3ac0e12b1b4e
Clone2,Ergebnisse_Clone2_13.07.2026/mobilenet_v2_fp16_fast_BS8_tegrastats_power.csv,.csv,13680,cdffdf7955a57b358e95be1bee879e8d3f6fe36dd5c2b3e6750f33c45383cfa3
Clone2,Ergebnisse_Clone2_13.07.2026/mobilenet_v2_fp16_medium_BS128_bench_meta.json,.json,603,0cdf4e8a44ec6350739d52bb17ae16214dc2f6c2e64142f1ed9ecf26b7d48ae5
Clone2,Ergebnisse_Clone2_13.07.2026/mobilenet_v2_fp16_medium_BS128_perf.csv,.csv,21308,dcbaa478dc5f5e1d30708a8eb84cfed337cc6a31addbbb85737dff87078caa63
Clone2,Ergebnisse_Clone2_13.07.2026/mobilenet_v2_fp16_medium_BS128_tegrastats.log,.log,314084,d8eff90b3bffa655da35542455a7e58f8f24a8915b86e2c0c7e12454ddd78b64
Clone2,Ergebnisse_Clone2_13.07.2026/mobilenet_v2_fp16_medium_BS128_tegrastats_power.csv,.csv,14099,2f5bf5c253ffad68c04c7b9d048c0d5bb08240a7f43a5583df4a8e2b4331823d
Clone2,Ergebnisse_Clone2_13.07.2026/mobilenet_v2_fp16_medium_BS16_bench_meta.json,.json,602,33b64a3098eb6daf742e81361844700fc97c8ed7ed8cf694fefad96d06c77513
Clone2,Ergebnisse_Clone2_13.07.2026/mobilenet_v2_fp16_medium_BS16_perf.csv,.csv,160338,6d86de6c86934cf2621edb7838c4f83daa656f4540a7b0262729e137f7263412
Clone2,Ergebnisse_Clone2_13.07.2026/mobilenet_v2_fp16_medium_BS16_tegrastats.log,.log,337779,12747918b076625c1364172aca3c9e8f07ed1152b47206c0b1168e8341af930a
Clone2,Ergebnisse_Clone2_13.07.2026/mobilenet_v2_fp16_medium_BS16_tegrastats_power.csv,.csv,14763,38f4dacd0e2644797152ab847fd1b4bd4302997fa9c910a388623ba46de89bfd
Clone2,Ergebnisse_Clone2_13.07.2026/mobilenet_v2_fp16_medium_BS1_bench_meta.json,.json,604,415366b62c18adfa2aeb6a3c54d671ecb1b6ce1e293c06796035f68f8f51c2e8
Clone2,Ergebnisse_Clone2_13.07.2026/mobilenet_v2_fp16_medium_BS1_perf.csv,.csv,2480137,68f14097a6a3f99db5de003cabfacff2c1df527d2a4b8c9e27c77ba24b47f893
Clone2,Ergebnisse_Clone2_13.07.2026/mobilenet_v2_fp16_medium_BS1_tegrastats.log,.log,859312,f2cd3ef17e421120b9d1824395a304cafbe21c9ccd3bdc547792a6d01119d9ba
Clone2,Ergebnisse_Clone2_13.07.2026/mobilenet_v2_fp16_medium_BS1_tegrastats_power.csv,.csv,41829,ba52ad5a4a02e17f231804212dcec3e52ec95220ee59fdbd0e095f131552cbd0
Clone2,Ergebnisse_Clone2_13.07.2026/mobilenet_v2_fp16_medium_BS32_bench_meta.json,.json,605,926c62d90bc3bb8915963a94ae4878b2fa8b599c78ec46e02af6f2f7366e29e9
Clone2,Ergebnisse_Clone2_13.07.2026/mobilenet_v2_fp16_medium_BS32_perf.csv,.csv,82204,67ea1ec535c7341b814d44873839e65968a3711f786be410d26f755ff8b59ffc
Clone2,Ergebnisse_Clone2_13.07.2026/mobilenet_v2_fp16_medium_BS32_tegrastats.log,.log,312338,d2e3fd974fea18a84f8dc6177cbb511f5b8f5c9328bd588584326edb2ccbf30c
Clone2,Ergebnisse_Clone2_13.07.2026/mobilenet_v2_fp16_medium_BS32_tegrastats_power.csv,.csv,13677,da784e18dfc322b88d807f3e5cc980e1ac69cb662916e1b43bb437074d88129f
Clone2,Ergebnisse_Clone2_13.07.2026/mobilenet_v2_fp16_medium_BS4_bench_meta.json,.json,605,8ec8a826b5446dc4bce84fc4ccf8c7ea3c858b28a7fcd90e25695eef0e460ae4
Clone2,Ergebnisse_Clone2_13.07.2026/mobilenet_v2_fp16_medium_BS4_perf.csv,.csv,624180,b55a49b7bca3cdf252f4fb8f1dd7f3e7e3270d8d3400c42b4629e505e9affce2
Clone2,Ergebnisse_Clone2_13.07.2026/mobilenet_v2_fp16_medium_BS4_tegrastats.log,.log,398965,5cd1857b4a82fb5d52a7dcebbb9298c4c75798a5c7e810d5240c640200baa240
Clone2,Ergebnisse_Clone2_13.07.2026/mobilenet_v2_fp16_medium_BS4_tegrastats_power.csv,.csv,17511,f98fba5ce8496f5820bd5cd47b6ab3677d79f5c510cf5bd9e7e92b82c1fcb8fc
Clone2,Ergebnisse_Clone2_13.07.2026/mobilenet_v2_fp16_medium_BS64_bench_meta.json,.json,604,83e395d42feb8a6132a7534bcd77ff796df077c187813181205173b94acba78f
Clone2,Ergebnisse_Clone2_13.07.2026/mobilenet_v2_fp16_medium_BS64_perf.csv,.csv,41537,0cccaba529c317a9a7de88c1d025d0d4bee58050c5d297c4ce70ace767ad2c9b
Clone2,Ergebnisse_Clone2_13.07.2026/mobilenet_v2_fp16_medium_BS64_tegrastats.log,.log,299420,b01ac76203b9717df32d62e5ab71ff63b6b56614c38a147f9e20730b80876d50
Clone2,Ergebnisse_Clone2_13.07.2026/mobilenet_v2_fp16_medium_BS64_tegrastats_power.csv,.csv,13231,ca994e54e6d88c4db59279f2d46f156c97a9f7d4539e484a35851dbf7b0c988f
Clone2,Ergebnisse_Clone2_13.07.2026/mobilenet_v2_fp16_medium_BS8_bench_meta.json,.json,602,b56a4718eb03744b1b8af39f605087062ade4ac176af9b2e13f08f1e85828f00
Clone2,Ergebnisse_Clone2_13.07.2026/mobilenet_v2_fp16_medium_BS8_perf.csv,.csv,312128,6719b4b74106f9683a34f39d1c201396a6f86e1ed25201e70efea204498c281c
Clone2,Ergebnisse_Clone2_13.07.2026/mobilenet_v2_fp16_medium_BS8_tegrastats.log,.log,347055,1fd65f2c0b01a347ee8cfcb5998642009c745712819e42162384a006fa9c4238
Clone2,Ergebnisse_Clone2_13.07.2026/mobilenet_v2_fp16_medium_BS8_tegrastats_power.csv,.csv,15125,51aca0ae730a09a93401c5301842dd3d44d763537cb076a439f2783f7466ca10
Clone2,Ergebnisse_Clone2_13.07.2026/mobilenet_v2_fp16_slow_BS128_bench_meta.json,.json,604,173f2efb698852bf7de70f8cf2d3a7fa4f6a498077046fecd26243cf4144b15b
Clone2,Ergebnisse_Clone2_13.07.2026/mobilenet_v2_fp16_slow_BS128_perf.csv,.csv,21243,62aed41c478c9ee93fa645ddbc73dc468350262b1d889762711948139d3ba5bf
Clone2,Ergebnisse_Clone2_13.07.2026/mobilenet_v2_fp16_slow_BS128_tegrastats.log,.log,445785,6e605c5c355ad90f1d3c2443b217813e4d321d9ba60f83aa9bb606e9ca887ad2
Clone2,Ergebnisse_Clone2_13.07.2026/mobilenet_v2_fp16_slow_BS128_tegrastats_power.csv,.csv,20796,57a95574a9bda5e7a392f00d6dff34e858ed0c0d0c0c9e91563ca36d59b5d8f2
Clone2,Ergebnisse_Clone2_13.07.2026/mobilenet_v2_fp16_slow_BS16_bench_meta.json,.json,604,1f8bec5ba897a4f35fcbaa1983252319def6927a1cfe2862c2f64c17f5d4dbbe
Clone2,Ergebnisse_Clone2_13.07.2026/mobilenet_v2_fp16_slow_BS16_perf.csv,.csv,160150,fcb7dded34e3514d838b3e5b7bd9735c8712b8494681bdc07e1e2d504aa020e8
Clone2,Ergebnisse_Clone2_13.07.2026/mobilenet_v2_fp16_slow_BS16_tegrastats.log,.log,457317,69de8d7719baf74b0c93e4cae6941dda760e372c5e60601405aafbf7a26a8052
Clone2,Ergebnisse_Clone2_13.07.2026/mobilenet_v2_fp16_slow_BS16_tegrastats_power.csv,.csv,20956,fba480b54116103710ea581aa14605cf7898efa82c579b2d810924592bf7571a
Clone2,Ergebnisse_Clone2_13.07.2026/mobilenet_v2_fp16_slow_BS1_bench_meta.json,.json,605,c42313eb3d9cca9b0c3ae231adcae36a2813262d167ad22447fca5434e0f6b57
Clone2,Ergebnisse_Clone2_13.07.2026/mobilenet_v2_fp16_slow_BS1_perf.csv,.csv,2479659,7b1a0cf979c8c964a57429088e17b20942e9c92e5d158d064d111f2a3a34df74
Clone2,Ergebnisse_Clone2_13.07.2026/mobilenet_v2_fp16_slow_BS1_tegrastats.log,.log,1231781,62f8ce519a8a0e72fe81268aa3921103bf352dff8e85b8eb22bf6ce476de7472
Clone2,Ergebnisse_Clone2_13.07.2026/mobilenet_v2_fp16_slow_BS1_tegrastats_power.csv,.csv,62253,2ad729750cc8c0b0f213c1d6a15decc347e7ac52dce9f466237493283e67603b
Clone2,Ergebnisse_Clone2_13.07.2026/mobilenet_v2_fp16_slow_BS32_bench_meta.json,.json,605,7bef36ce5dc8e83441c22028d91bfcb441f8dc161b02f79e641e3dcb9cd44496
Clone2,Ergebnisse_Clone2_13.07.2026/mobilenet_v2_fp16_slow_BS32_perf.csv,.csv,82438,66e388c6f330742e8a209c8aaa559b4433ff72e3151a062d655b409dedba1007
Clone2,Ergebnisse_Clone2_13.07.2026/mobilenet_v2_fp16_slow_BS32_tegrastats.log,.log,441179,e6777ca24cea81446db426d0426af7c8da826482340275b1034944bcc11f632d
Clone2,Ergebnisse_Clone2_13.07.2026/mobilenet_v2_fp16_slow_BS32_tegrastats_power.csv,.csv,20256,d83e536efa0999ab7b24cdfe73489712dd2865957933c764337c1c9ef6a06867
Clone2,Ergebnisse_Clone2_13.07.2026/mobilenet_v2_fp16_slow_BS4_bench_meta.json,.json,603,0c6941245cbef201d8e22dc3e8fef6e592eafce4d9a748ff1e9880d8c3da8769
Clone2,Ergebnisse_Clone2_13.07.2026/mobilenet_v2_fp16_slow_BS4_perf.csv,.csv,607312,c1ac229f126a66d95fd36372764c26c0ad76cf329360586e6cef0c946bcaced3
Clone2,Ergebnisse_Clone2_13.07.2026/mobilenet_v2_fp16_slow_BS4_tegrastats.log,.log,579735,0b5b71c29c2edb1b431cd1dd610e8b1d5737314c38642591e6fc5d616235acf8
Clone2,Ergebnisse_Clone2_13.07.2026/mobilenet_v2_fp16_slow_BS4_tegrastats_power.csv,.csv,27815,01b911b5594bbd802a549785c94beb7a9714624434fcf903152383810988d684
Clone2,Ergebnisse_Clone2_13.07.2026/mobilenet_v2_fp16_slow_BS64_bench_meta.json,.json,606,84a9a8ac4d67f606ae545c1c9b6f312926b6516556aadb09d013dc7791bd138c
Clone2,Ergebnisse_Clone2_13.07.2026/mobilenet_v2_fp16_slow_BS64_perf.csv,.csv,41534,aaadccddf716001513d9fc8d5ef014e643970a72bf20640f26d4f917230fb84f
Clone2,Ergebnisse_Clone2_13.07.2026/mobilenet_v2_fp16_slow_BS64_tegrastats.log,.log,445908,ee228ab031f3f3eda523d230dfcffae2bbb995423955fa0d0de45d1a9c72a686
Clone2,Ergebnisse_Clone2_13.07.2026/mobilenet_v2_fp16_slow_BS64_tegrastats_power.csv,.csv,20648,4fa36d15b59f74924acf8defb9a64ba73b67f6cb45ec129fd51dbcef9d9cfca5
Clone2,Ergebnisse_Clone2_13.07.2026/mobilenet_v2_fp16_slow_BS8_bench_meta.json,.json,602,81dd867323c1d21f3772bfa73b93975f115c5479f47978548dcc02a7eca2c589
Clone2,Ergebnisse_Clone2_13.07.2026/mobilenet_v2_fp16_slow_BS8_perf.csv,.csv,311894,1cec0670fdad9d21fda8c75520a3d0e86ef7701cf3f00a16dde34d58f4d25437
Clone2,Ergebnisse_Clone2_13.07.2026/mobilenet_v2_fp16_slow_BS8_tegrastats.log,.log,470107,130768a6589c2c501e84b5b0e1bd06d0bf111a388fdd30ab07c23c3891c66cf0
Clone2,Ergebnisse_Clone2_13.07.2026/mobilenet_v2_fp16_slow_BS8_tegrastats_power.csv,.csv,21984,ea6cde3e9d9cd2d3353bb3037ee3320fb8c70628ca2c6fefc1737c41558fbf57
Clone2,Ergebnisse_Clone2_13.07.2026/mobilenet_v2_fp32_fast_BS128_bench_meta.json,.json,604,ed3f5b37fd4c7d151eb8f497a05f1dbe6c5d598e9c40468e1605b89d0c77f21d
Clone2,Ergebnisse_Clone2_13.07.2026/mobilenet_v2_fp32_fast_BS128_perf.csv,.csv,21246,802fde240a65f36ab02d57fcaf41536c8287a15e59de439b1b157a80a245d610
Clone2,Ergebnisse_Clone2_13.07.2026/mobilenet_v2_fp32_fast_BS128_tegrastats.log,.log,519385,3190abb3204850a5e8ac53554b4e951667e136affd5e794014f28e156ec109ed
Clone2,Ergebnisse_Clone2_13.07.2026/mobilenet_v2_fp32_fast_BS128_tegrastats_power.csv,.csv,24644,544add36b27faffdeb666df27084c9899cee586303b1c3dc55d4fb5f934bdbc9
Clone2,Ergebnisse_Clone2_13.07.2026/mobilenet_v2_fp32_fast_BS16_bench_meta.json,.json,603,7c340b6a51b95530b8111b057f662e5908f71c88c654233ae0682958fab26971
Clone2,Ergebnisse_Clone2_13.07.2026/mobilenet_v2_fp32_fast_BS16_perf.csv,.csv,160208,9f7ba93bd035b9c849212dce2c057d2bce885a759f6912c3c5180f9986f5ac86
Clone2,Ergebnisse_Clone2_13.07.2026/mobilenet_v2_fp32_fast_BS16_tegrastats.log,.log,331731,0e923822d21274ddf3407eb71677087c7db059154152a7c7d5a28fbef36fcca3
Clone2,Ergebnisse_Clone2_13.07.2026/mobilenet_v2_fp32_fast_BS16_tegrastats_power.csv,.csv,14928,0c6f6c376b8adbdfd2a72f8f1643d6debc83ab24bd466c0fc7aaf29b07608e49
Clone2,Ergebnisse_Clone2_13.07.2026/mobilenet_v2_fp32_fast_BS1_bench_meta.json,.json,604,fbc514fcfd3cf0e214b325a0eb50fd2987c7d278520296cab9fa4fd5e06ec890
Clone2,Ergebnisse_Clone2_13.07.2026/mobilenet_v2_fp32_fast_BS1_perf.csv,.csv,2479796,960f373fadf8341bbd85a6dd6d3ac12d6b6e2b215461421dd827ef3e783364b1
Clone2,Ergebnisse_Clone2_13.07.2026/mobilenet_v2_fp32_fast_BS1_tegrastats.log,.log,717507,c661ee97b9879e60351236784113aae68755c248505bd1597bb9a25f865178e7
Clone2,Ergebnisse_Clone2_13.07.2026/mobilenet_v2_fp32_fast_BS1_tegrastats_power.csv,.csv,34468,6b8f0b2912ef66aa54125a9cfe47b02059d7d9ced3916bb1c375cdc1c58421b2
Clone2,Ergebnisse_Clone2_13.07.2026/mobilenet_v2_fp32_fast_BS32_bench_meta.json,.json,604,9d645aeb98b069038b4ef85fcc170e451dffb77754e4a6a435f1933bb804223f
Clone2,Ergebnisse_Clone2_13.07.2026/mobilenet_v2_fp32_fast_BS32_perf.csv,.csv,82420,8904636f24943c0059258e62546c3290907f474f752eacadf9bc2068d0953a8d
Clone2,Ergebnisse_Clone2_13.07.2026/mobilenet_v2_fp32_fast_BS32_tegrastats.log,.log,327566,b05c849629e9a7ad9377f3093ac586f977937508b8cfeae03d3d281e65086f75
Clone2,Ergebnisse_Clone2_13.07.2026/mobilenet_v2_fp32_fast_BS32_tegrastats_power.csv,.csv,14709,7c623eae7cda8d41996a5f8d1accb9eb2eb4381ebea49b4339cbe4453761cc63
Clone2,Ergebnisse_Clone2_13.07.2026/mobilenet_v2_fp32_fast_BS4_bench_meta.json,.json,604,6ad0d6e9d7c6f25a0c08f3436d5c85c7c744f82c98cc7597ac91290cff8deb2d
Clone2,Ergebnisse_Clone2_13.07.2026/mobilenet_v2_fp32_fast_BS4_perf.csv,.csv,622954,76ea10df961455e610c153c59312b40877dd98c2a464aeec3436cd94e4a04bc2
Clone2,Ergebnisse_Clone2_13.07.2026/mobilenet_v2_fp32_fast_BS4_tegrastats.log,.log,361302,9548b4a49b365fffe717bb1363ec1c6c32298a61c6b0e1a5e4842cb2613c5daa
Clone2,Ergebnisse_Clone2_13.07.2026/mobilenet_v2_fp32_fast_BS4_tegrastats_power.csv,.csv,16286,a3c73e1d67d143f542492d9d95b0d0322c3b445e895c39694622d088b91e1572
Clone2,Ergebnisse_Clone2_13.07.2026/mobilenet_v2_fp32_fast_BS64_bench_meta.json,.json,604,7b4133a683fbda84317310e849c031e004b006608ccff34d3a368fddb8a096d7
Clone2,Ergebnisse_Clone2_13.07.2026/mobilenet_v2_fp32_fast_BS64_perf.csv,.csv,41580,df141cc034a1e42072f0a9ad8c7299060d9ff8fab773a9a8b6855263d1ee9205
Clone2,Ergebnisse_Clone2_13.07.2026/mobilenet_v2_fp32_fast_BS64_tegrastats.log,.log,338324,e559e99182d8d5310310c256374dd830c2efe9b7a73034e90f12c8f213872357
Clone2,Ergebnisse_Clone2_13.07.2026/mobilenet_v2_fp32_fast_BS64_tegrastats_power.csv,.csv,15142,ec557720b9550afeccded43d2c56edbd860970ddf7601a525569bdedc7781960
Clone2,Ergebnisse_Clone2_13.07.2026/mobilenet_v2_fp32_fast_BS8_bench_meta.json,.json,603,32805729d564c7bebc931aa02b02fb829fa2a7d031e1a3b9836c27166f97df9f
Clone2,Ergebnisse_Clone2_13.07.2026/mobilenet_v2_fp32_fast_BS8_perf.csv,.csv,310647,202d0ff16a2753e74e839f27c819c18d56eae3a1c1b3f48c82e8c4a2d7664600
Clone2,Ergebnisse_Clone2_13.07.2026/mobilenet_v2_fp32_fast_BS8_tegrastats.log,.log,512786,e9a847d2d83507d62b238586ec3efe37d933381a66ee49b26cbf3ad6ef28e1a4
Clone2,Ergebnisse_Clone2_13.07.2026/mobilenet_v2_fp32_fast_BS8_tegrastats_power.csv,.csv,23401,086cfb55502936e5509bfe02558a8759bbb0f82c166aa7a0087f79708e8b6c02
Clone2,Ergebnisse_Clone2_13.07.2026/mobilenet_v2_fp32_medium_BS128_bench_meta.json,.json,601,28a8ba7cb59e6126bd07ed752d0d452fbdcea3ad4caa77611df2cdfdd77d4131
Clone2,Ergebnisse_Clone2_13.07.2026/mobilenet_v2_fp32_medium_BS128_perf.csv,.csv,21212,380445aa8f617dab9d3eeaa4de519b5c4f5b1338a24d8704ecf1ffcde283f7b9
Clone2,Ergebnisse_Clone2_13.07.2026/mobilenet_v2_fp32_medium_BS128_tegrastats.log,.log,357460,f13752972f2d481ffd8d2145bd85103d9926c8f36f26005d5c868eb12f651e76
Clone2,Ergebnisse_Clone2_13.07.2026/mobilenet_v2_fp32_medium_BS128_tegrastats_power.csv,.csv,16190,55154b5735a549b1c15d9dce4f44efba84aaa48331372407e7898b5d84cd7e2d
Clone2,Ergebnisse_Clone2_13.07.2026/mobilenet_v2_fp32_medium_BS16_bench_meta.json,.json,606,91050b50231610f36ff044b845661dfc083dbd174c2065f1bf5e44a9b6c96af2
Clone2,Ergebnisse_Clone2_13.07.2026/mobilenet_v2_fp32_medium_BS16_perf.csv,.csv,163169,b32bf933c4c7b3a772a44190f44534e7209aa2d59498da813bcd0cb89a3f37b4
Clone2,Ergebnisse_Clone2_13.07.2026/mobilenet_v2_fp32_medium_BS16_tegrastats.log,.log,404783,81d3e117789430a5ef90abd9299b85e8cac3a7df9804236c81b51e6525fe8bf6
Clone2,Ergebnisse_Clone2_13.07.2026/mobilenet_v2_fp32_medium_BS16_tegrastats_power.csv,.csv,18563,1b5e81ef704dedd2394986391d7bfaf694d01f27e70b5286c2632e58755c44f7
Clone2,Ergebnisse_Clone2_13.07.2026/mobilenet_v2_fp32_medium_BS1_bench_meta.json,.json,603,40083e4559536768b74bdd8cddfc2e4af785095917f053a888a5b4e39eaa9c75
Clone2,Ergebnisse_Clone2_13.07.2026/mobilenet_v2_fp32_medium_BS1_perf.csv,.csv,2479854,eea84eeb67f1d12f5a4ccb7e3047a9ef50662986a41415456398124344451972
Clone2,Ergebnisse_Clone2_13.07.2026/mobilenet_v2_fp32_medium_BS1_tegrastats.log,.log,758504,0acf22e0468315a94b6c7a738958e91ff01c9cd130ad7f90a668bfceae7d5182
Clone2,Ergebnisse_Clone2_13.07.2026/mobilenet_v2_fp32_medium_BS1_tegrastats_power.csv,.csv,35469,1234c08b25725680851f280bd9f1badbaa75e3b18e6c98891241e7f5d4246e3a
Clone2,Ergebnisse_Clone2_13.07.2026/mobilenet_v2_fp32_medium_BS32_bench_meta.json,.json,605,625efb249c4d77e3a415889a673848a083485b9f61ab92c18ec81e12db6c59dd
Clone2,Ergebnisse_Clone2_13.07.2026/mobilenet_v2_fp32_medium_BS32_perf.csv,.csv,82475,950b3bbe9ed5847369f41f79fd8348fbf4a52bea1fc13ad26cc020f09416bdbe
Clone2,Ergebnisse_Clone2_13.07.2026/mobilenet_v2_fp32_medium_BS32_tegrastats.log,.log,374540,163e6fb4d13c0ddd2b44c3347afb4085b66a4c1f709bca161ed4ef971b028918
Clone2,Ergebnisse_Clone2_13.07.2026/mobilenet_v2_fp32_medium_BS32_tegrastats_power.csv,.csv,16942,84c00fc41f423453cfcdcb0c01617ca8dc5ba8b1ca7b6b97c3a34c553a5072df
Clone2,Ergebnisse_Clone2_13.07.2026/mobilenet_v2_fp32_medium_BS4_bench_meta.json,.json,601,0ceed1b0e39b49ade334628fc9bb4dc8c2a425c5e6be4f59adae890587fa5918
Clone2,Ergebnisse_Clone2_13.07.2026/mobilenet_v2_fp32_medium_BS4_perf.csv,.csv,612284,5d49ad341c8376c3a089f77d77bd0a0623162cbf695ce8de92b15b1b26c0d5b1
Clone2,Ergebnisse_Clone2_13.07.2026/mobilenet_v2_fp32_medium_BS4_tegrastats.log,.log,458469,c55de35ca49daf3aa69494993ca8c5525ad8c6e2d5285175cbc651564cc032aa
Clone2,Ergebnisse_Clone2_13.07.2026/mobilenet_v2_fp32_medium_BS4_tegrastats_power.csv,.csv,21274,b3e0053a2ff1f979921f2ac43a5808723ae552bd5c69bcf5bd9a501750374480
Clone2,Ergebnisse_Clone2_13.07.2026/mobilenet_v2_fp32_medium_BS64_bench_meta.json,.json,604,5f7519abbf504f2df13770c247ff8ec45a4d7eab4f8ca7f920ffef06a57640ba
Clone2,Ergebnisse_Clone2_13.07.2026/mobilenet_v2_fp32_medium_BS64_perf.csv,.csv,41569,8f6d52a1729c04e077287e9c5054f4dc3056dd19c18a8a789b323c79ee33a375
Clone2,Ergebnisse_Clone2_13.07.2026/mobilenet_v2_fp32_medium_BS64_tegrastats.log,.log,349419,c60abada25c2e09dbb8a0647ae1980ef23990bc6d016301f41d9525173b46cde
Clone2,Ergebnisse_Clone2_13.07.2026/mobilenet_v2_fp32_medium_BS64_tegrastats_power.csv,.csv,15578,a41a7c09f282dd9f9284434785551bebc832a1405f1c90099ab22d0b08bc9cf7
Clone2,Ergebnisse_Clone2_13.07.2026/mobilenet_v2_fp32_medium_BS8_bench_meta.json,.json,603,b47d7a76e4811621cd616884986fa811dc3f11427623b07f33656415ca9ffc6c
Clone2,Ergebnisse_Clone2_13.07.2026/mobilenet_v2_fp32_medium_BS8_perf.csv,.csv,309619,0aadf1cd65a5c22852ca66d0e9efb79d027ac80483e84d4d74b1cd9d45404ab6
Clone2,Ergebnisse_Clone2_13.07.2026/mobilenet_v2_fp32_medium_BS8_tegrastats.log,.log,453111,3a2e708034e0896b2a84b5a6c0284e052a5ec7bad0f2a935967ac78e4ccb135c
Clone2,Ergebnisse_Clone2_13.07.2026/mobilenet_v2_fp32_medium_BS8_tegrastats_power.csv,.csv,20996,f4b4572154dc5636afbcf40f11e9ab578f8b113fc9dfa20691e10df91b7fa3e5
Clone2,Ergebnisse_Clone2_13.07.2026/mobilenet_v2_fp32_slow_BS128_bench_meta.json,.json,602,13c35b0a91227565a65129804e00f42c70885116b8a44c634b8f7f4fcaa84523
Clone2,Ergebnisse_Clone2_13.07.2026/mobilenet_v2_fp32_slow_BS128_perf.csv,.csv,21318,8eadf3751b040023e0fab247e74b53fb1c7425a018f02dae60c4bf8d29d32794
Clone2,Ergebnisse_Clone2_13.07.2026/mobilenet_v2_fp32_slow_BS128_tegrastats.log,.log,518500,60bbe24269c9c1c8d15935ca99d251c6963fc69fc4417a98d868d0ba096c5d6c
Clone2,Ergebnisse_Clone2_13.07.2026/mobilenet_v2_fp32_slow_BS128_tegrastats_power.csv,.csv,24617,22fe696fbfd36ba40c0e8117eb110ce0a64913d0e00f8925716fe5fe0129ac76
Clone2,Ergebnisse_Clone2_13.07.2026/mobilenet_v2_fp32_slow_BS16_bench_meta.json,.json,604,31fd700b44453b04603c4078ee4696fa219383e2bf508ee360b051e2441bcca7
Clone2,Ergebnisse_Clone2_13.07.2026/mobilenet_v2_fp32_slow_BS16_perf.csv,.csv,163396,624dc95f654c61e77f6f39b6ffec8384e5c2571e70b5fa300f4f215653d4bd7c
Clone2,Ergebnisse_Clone2_13.07.2026/mobilenet_v2_fp32_slow_BS16_tegrastats.log,.log,526140,a3e5c97b2011aef2aee8863bfe266032d932f0ae44c694c06797188afe3834b1
Clone2,Ergebnisse_Clone2_13.07.2026/mobilenet_v2_fp32_slow_BS16_tegrastats_power.csv,.csv,24371,cea0c6ddefb576a4c15e030cec23f105c294ff8252fa377945f369def4ae3579
Clone2,Ergebnisse_Clone2_13.07.2026/mobilenet_v2_fp32_slow_BS1_bench_meta.json,.json,603,6c7d9db34b5a8b3554eaed6edd317746f7c28428c42d0c0869ee77872142b70e
Clone2,Ergebnisse_Clone2_13.07.2026/mobilenet_v2_fp32_slow_BS1_perf.csv,.csv,2479769,07b482471fedac48e6b5089031d4c1ebe09736d9cbc3f39c939b8cf16fdee234
Clone2,Ergebnisse_Clone2_13.07.2026/mobilenet_v2_fp32_slow_BS1_tegrastats.log,.log,1102835,d2c3e6947d4b4b9eb6bc788abddb1f0e5503ec7769fdc3df3a61863a00112933
Clone2,Ergebnisse_Clone2_13.07.2026/mobilenet_v2_fp32_slow_BS1_tegrastats_power.csv,.csv,55127,c1b9c72c907917f98fdd7f1fa0c7b7eb7204052fd85f3625306cd4b6de4569ed
Clone2,Ergebnisse_Clone2_13.07.2026/mobilenet_v2_fp32_slow_BS32_bench_meta.json,.json,603,16d3b8d632d4845b5d795e80cf71b911ac96ffb7f0b80a1edfea7633bd094f6c
Clone2,Ergebnisse_Clone2_13.07.2026/mobilenet_v2_fp32_slow_BS32_perf.csv,.csv,82183,3cd76570eafc9b1f5d1f7068ceb275c5462cb782b88cd806a641aff7cc381d6c
Clone2,Ergebnisse_Clone2_13.07.2026/mobilenet_v2_fp32_slow_BS32_tegrastats.log,.log,506755,a68a4b8dc07a5404c79e7af579c9a2b35796042e61a854dd01b5a5566411a4bb
Clone2,Ergebnisse_Clone2_13.07.2026/mobilenet_v2_fp32_slow_BS32_tegrastats_power.csv,.csv,23420,d750658d5f3705b0e8a6e4125cb167b50b9e70a9be0644df94f877b71c3299c7
Clone2,Ergebnisse_Clone2_13.07.2026/mobilenet_v2_fp32_slow_BS4_bench_meta.json,.json,604,f15e3cb5732f6cf92a5e0bfca7228f5896eb2e70f739d2dc9d88b19ec30916f0
Clone2,Ergebnisse_Clone2_13.07.2026/mobilenet_v2_fp32_slow_BS4_perf.csv,.csv,607533,a0046c46f99091bd62c1137466976ad4f7928be68f6442cb6dafa6517429dc57
Clone2,Ergebnisse_Clone2_13.07.2026/mobilenet_v2_fp32_slow_BS4_tegrastats.log,.log,577624,7e376d6c855c00fd8fa5f774c0d4e0509254e369ff96924082e24d836a175bdd
Clone2,Ergebnisse_Clone2_13.07.2026/mobilenet_v2_fp32_slow_BS4_tegrastats_power.csv,.csv,26133,09eb2a108596dce234914a3e3c149152d684b37573925b90a5f9da5952db1e03
Clone2,Ergebnisse_Clone2_13.07.2026/mobilenet_v2_fp32_slow_BS64_bench_meta.json,.json,603,163a72eb0eb8ba1ace7d4cb24f363aafb44dcec4ae10ee8f859f68819c928790
Clone2,Ergebnisse_Clone2_13.07.2026/mobilenet_v2_fp32_slow_BS64_perf.csv,.csv,41496,e651265e91827abea1a6131fea3622faf1d19d8149589b66f6b853a76c1bd89f
Clone2,Ergebnisse_Clone2_13.07.2026/mobilenet_v2_fp32_slow_BS64_tegrastats.log,.log,516448,161de928519449c7eaff24a65ec3008ffa74376cec2706901d568ee0c6c46a16
Clone2,Ergebnisse_Clone2_13.07.2026/mobilenet_v2_fp32_slow_BS64_tegrastats_power.csv,.csv,24342,6e0cd8a17e688d72ab7dc8965330636e606795e9012a58f78302c9036a6b07fb
Clone2,Ergebnisse_Clone2_13.07.2026/mobilenet_v2_fp32_slow_BS8_bench_meta.json,.json,602,130608f3cc67a255634c0645ef0ea9a9a16c4637d3f6f8d771a199ba91c1a166
Clone2,Ergebnisse_Clone2_13.07.2026/mobilenet_v2_fp32_slow_BS8_perf.csv,.csv,308373,a04b92a63be27c6cf804f6bee3b3e24d189685290b3b954a391757e4cd9fa900
Clone2,Ergebnisse_Clone2_13.07.2026/mobilenet_v2_fp32_slow_BS8_tegrastats.log,.log,546169,5178a76dcc5ca8981f39720bd52128f344f32aea93f980919a208ee0bcc75e6d
Clone2,Ergebnisse_Clone2_13.07.2026/mobilenet_v2_fp32_slow_BS8_tegrastats_power.csv,.csv,24892,924e62e71c85bf276fba37ea5649d293d292a76a09916b682314e181198abaaf
Clone2,Ergebnisse_Clone2_13.07.2026/mobilenet_v2_fp64_fast_BS128_bench_meta.json,.json,601,4dab531e4c6c8155c9dcf41f4e20ffcc519ec04d235d6dac23248c269fcecd87
Clone2,Ergebnisse_Clone2_13.07.2026/mobilenet_v2_fp64_fast_BS128_perf.csv,.csv,21609,2928c4b144bed872bc02080537a1604121ec812ca6b0669c1b686ccceea7b5a6
Clone2,Ergebnisse_Clone2_13.07.2026/mobilenet_v2_fp64_fast_BS128_tegrastats.log,.log,2756065,3dc9fb1ea937ac2d56caa0f1cdc8f46cd75beedcecbf49fd150b2d762acabc5d
Clone2,Ergebnisse_Clone2_13.07.2026/mobilenet_v2_fp64_fast_BS128_tegrastats_power.csv,.csv,141532,02cbe4ff4d4a2d0621fe4b0b2e21e282dd97c0d1be82ab76c4c0eb287c07761a
Clone2,Ergebnisse_Clone2_13.07.2026/mobilenet_v2_fp64_fast_BS16_bench_meta.json,.json,604,fd48f82ecb5b02d0030516fd65844ecff27f37b68fac03bde73c2ae77c21e1fe
Clone2,Ergebnisse_Clone2_13.07.2026/mobilenet_v2_fp64_fast_BS16_perf.csv,.csv,160120,e332f017810ce06e89bb441cfa88fc277dd4619e840b9c3ca1c3c6e40d90d896
Clone2,Ergebnisse_Clone2_13.07.2026/mobilenet_v2_fp64_fast_BS16_tegrastats.log,.log,1106075,df83b9a7353d2fb6c1299711b086d87a21236b500027497ca1e5864f264fe1f1
Clone2,Ergebnisse_Clone2_13.07.2026/mobilenet_v2_fp64_fast_BS16_tegrastats_power.csv,.csv,54290,2dab8a1a5a9c7bbb39c8e554d636825db8d0e431b143ab88c92665adf7301677
Clone2,Ergebnisse_Clone2_13.07.2026/mobilenet_v2_fp64_fast_BS1_bench_meta.json,.json,602,b290a16075b05ddfb533b24e90c668a8df13a7cff87032e4aaeb3e82274eda63
Clone2,Ergebnisse_Clone2_13.07.2026/mobilenet_v2_fp64_fast_BS1_perf.csv,.csv,2471068,6b38e25aabbcfe82aa798614e5585d9185f493bf86f95e70b4cbf6123f268a66
Clone2,Ergebnisse_Clone2_13.07.2026/mobilenet_v2_fp64_fast_BS1_tegrastats.log,.log,2089230,d54c6edbdd1aa611fa9f9f6635798f5fe9431860f41bd4cecdee45f92042239d
Clone2,Ergebnisse_Clone2_13.07.2026/mobilenet_v2_fp64_fast_BS1_tegrastats_power.csv,.csv,106332,ae0fa02f65c323ca6af1779bc58364e28386e6af2e820947f815b69649a45e8b
Clone2,Ergebnisse_Clone2_13.07.2026/mobilenet_v2_fp64_fast_BS32_bench_meta.json,.json,605,2ebdbeff5c23641d5f33c0ae1c665750e8d20d9f8b51b69a4daff5855000147d
Clone2,Ergebnisse_Clone2_13.07.2026/mobilenet_v2_fp64_fast_BS32_perf.csv,.csv,82419,433aa4b081a84553bb3d23b5ccbc4d9300f7e610ae26c13e2127071ca2d22bb4
Clone2,Ergebnisse_Clone2_13.07.2026/mobilenet_v2_fp64_fast_BS32_tegrastats.log,.log,1049099,ea163864356ab7ebbcf6bc12b11ef5e3d117d5c141f335748b42b7add9c74f76
Clone2,Ergebnisse_Clone2_13.07.2026/mobilenet_v2_fp64_fast_BS32_tegrastats_power.csv,.csv,51136,840c908b5c90e3aab348d9b53788e3a02ebba0d282cbc08afbb78827204dea39
Clone2,Ergebnisse_Clone2_13.07.2026/mobilenet_v2_fp64_fast_BS4_bench_meta.json,.json,601,3fea989e32fe1116f56f93da6ef6eb416017ffe5e46fcdb89835a1a11bdb2702
Clone2,Ergebnisse_Clone2_13.07.2026/mobilenet_v2_fp64_fast_BS4_perf.csv,.csv,608964,18c7086d6ad00270f9dee64d420a094b6b53aeb359b4483763d37b8eb2a52290
Clone2,Ergebnisse_Clone2_13.07.2026/mobilenet_v2_fp64_fast_BS4_tegrastats.log,.log,2206880,bd848c32d1c1ea308e9ff661d3c6e5aaf2d4cf2e1cfe7362eadc7161b0ad8402
Clone2,Ergebnisse_Clone2_13.07.2026/mobilenet_v2_fp64_fast_BS4_tegrastats_power.csv,.csv,113381,42b3091a48abc819f81ede2cfcdd3c1518a5733568ed94127baf97c3eff49f09
Clone2,Ergebnisse_Clone2_13.07.2026/mobilenet_v2_fp64_fast_BS64_bench_meta.json,.json,602,c3e4b7b1f298933da88a1b61dcd4ff0534a6e3e20e83f99a7b5dce5a74810f9f
Clone2,Ergebnisse_Clone2_13.07.2026/mobilenet_v2_fp64_fast_BS64_perf.csv,.csv,41618,2f1b518b4496926df412c22c40208026cf5782ed5591a4f7e244e3a242523952
Clone2,Ergebnisse_Clone2_13.07.2026/mobilenet_v2_fp64_fast_BS64_tegrastats.log,.log,1140196,dd9a455713e0ae1e1d33ef02ddca227eda05291acc5db1e74e9557399363bf40
Clone2,Ergebnisse_Clone2_13.07.2026/mobilenet_v2_fp64_fast_BS64_tegrastats_power.csv,.csv,55600,754248255a93f714de3e39e8d8706c723467e25ea138ffefbe493f14e2bf3d98
Clone2,Ergebnisse_Clone2_13.07.2026/mobilenet_v2_fp64_fast_BS8_bench_meta.json,.json,602,189020a63cec55975748971d5dbb49d4cdbeec39c249eec2242186b3389cf5be
Clone2,Ergebnisse_Clone2_13.07.2026/mobilenet_v2_fp64_fast_BS8_perf.csv,.csv,310663,fc9360ea4b0ad08581fd4606ac80525aed8edab5cb904b05967907069efed05c
Clone2,Ergebnisse_Clone2_13.07.2026/mobilenet_v2_fp64_fast_BS8_tegrastats.log,.log,2143242,de4538b9f5e23fb4eb4453021f150a2e6062eed5f071a31e3fd57dbdbbc496d5
Clone2,Ergebnisse_Clone2_13.07.2026/mobilenet_v2_fp64_fast_BS8_tegrastats_power.csv,.csv,109999,c4e57f5ead90c5a8eb7c20c0cd60d0fb04b5717855ec1e58e29f1f9f5cd36198
Clone2,Ergebnisse_Clone2_13.07.2026/mobilenet_v2_fp64_medium_BS128_bench_meta.json,.json,602,96f15852154404f7cfeeeab856f05d6f109586a99e73b846a825ddef45704945
Clone2,Ergebnisse_Clone2_13.07.2026/mobilenet_v2_fp64_medium_BS128_perf.csv,.csv,21251,3547b260642de0d1322676b4b29c0146f147661f48919f0bb18c8ef85513eac4
Clone2,Ergebnisse_Clone2_13.07.2026/mobilenet_v2_fp64_medium_BS128_tegrastats.log,.log,1256854,baf13ec9e12a520abf8ce8fa61cc26d33b2fe23278ab00b4498a619b450da91c
Clone2,Ergebnisse_Clone2_13.07.2026/mobilenet_v2_fp64_medium_BS128_tegrastats_power.csv,.csv,62412,458ff669e63a91176144c00b8164977a0bf28440a8033025a96c03ddb12ae9a3
Clone2,Ergebnisse_Clone2_13.07.2026/mobilenet_v2_fp64_medium_BS16_bench_meta.json,.json,604,9e7b77d9d5d83ce993a4da5d6e80d7855302f55fb56e5ef08d9e34433422aff6
Clone2,Ergebnisse_Clone2_13.07.2026/mobilenet_v2_fp64_medium_BS16_perf.csv,.csv,160117,e5323d0684b91940f1474c45f20bb9afd1493e6696dfad7a29632539f26895ae
Clone2,Ergebnisse_Clone2_13.07.2026/mobilenet_v2_fp64_medium_BS16_tegrastats.log,.log,1138099,76e4a615bf288faa6d38ca9d4bcb9cd32fec4b08e1f4bb64906c051b7dfcfccb
Clone2,Ergebnisse_Clone2_13.07.2026/mobilenet_v2_fp64_medium_BS16_tegrastats_power.csv,.csv,56250,5646e0b21eeb10c28a049ebbdc809b20e14f0be067a631cd892ae879fb11fedd
Clone2,Ergebnisse_Clone2_13.07.2026/mobilenet_v2_fp64_medium_BS1_bench_meta.json,.json,605,c25fc7ed151941ef9c202223ab7db79e9470fd5f8b913b79ef94e9050de45a11
Clone2,Ergebnisse_Clone2_13.07.2026/mobilenet_v2_fp64_medium_BS1_perf.csv,.csv,2479667,61eefac25f1e0c9764b4f62111a650227da20b989159c91aa5cc2bc87374932e
Clone2,Ergebnisse_Clone2_13.07.2026/mobilenet_v2_fp64_medium_BS1_tegrastats.log,.log,1139580,0c05cb64f9c0bd242c3c50e126bb8dd85cd9807e5e9f5505eceb7c9a7435999b
Clone2,Ergebnisse_Clone2_13.07.2026/mobilenet_v2_fp64_medium_BS1_tegrastats_power.csv,.csv,56360,5f919cb7d9766f31ca88261f5c2d85fbcb8635c37adb0e53516b49bb00d53b89
Clone2,Ergebnisse_Clone2_13.07.2026/mobilenet_v2_fp64_medium_BS32_bench_meta.json,.json,603,40b51f439680b520fa904b5ba9c1449206fe53bdff3629b99b672fd4157b7189
Clone2,Ergebnisse_Clone2_13.07.2026/mobilenet_v2_fp64_medium_BS32_perf.csv,.csv,82404,fa38abca0ecc469348f237daabf918d9ee72600261053e9de782506d7b5e3c5c
Clone2,Ergebnisse_Clone2_13.07.2026/mobilenet_v2_fp64_medium_BS32_tegrastats.log,.log,1059396,d1bc87d6d11eeae506d3ef98df43c176d2ce4380ce173470b394326856366d13
Clone2,Ergebnisse_Clone2_13.07.2026/mobilenet_v2_fp64_medium_BS32_tegrastats_power.csv,.csv,51599,fa0d8fcd83dbdf021907a75b95ce5036ff91e277a34fc0f09ab0f8a9e5ffcc34
Clone2,Ergebnisse_Clone2_13.07.2026/mobilenet_v2_fp64_medium_BS4_bench_meta.json,.json,605,028c090fba0a8407a2ee0247156bf92adca763fc23c616e05836d1d34786d7f3
Clone2,Ergebnisse_Clone2_13.07.2026/mobilenet_v2_fp64_medium_BS4_perf.csv,.csv,622838,93d1167ca9d580e7123ccac1f1cf63e00b16dc2e9ef4357692710b896e4b3b76
Clone2,Ergebnisse_Clone2_13.07.2026/mobilenet_v2_fp64_medium_BS4_tegrastats.log,.log,1220619,bef12d9bb0051c7acc1b3724fb7b714b9d26ae8fcfd0cc784b9215556689aad3
Clone2,Ergebnisse_Clone2_13.07.2026/mobilenet_v2_fp64_medium_BS4_tegrastats_power.csv,.csv,60098,700b0c944d7b555998c98af4d212dcf254ccf822c22a5a07b1ae35d3fdb92d80
Clone2,Ergebnisse_Clone2_13.07.2026/mobilenet_v2_fp64_medium_BS64_bench_meta.json,.json,603,3fde72285ff10d20aaf0821d1f43e666861f8b1de7491f239c2146b63d74712d
Clone2,Ergebnisse_Clone2_13.07.2026/mobilenet_v2_fp64_medium_BS64_perf.csv,.csv,41545,4615158001bc4860495cbca01f353fadf8890a4201d68d0b6bb6a39c1753f1d6
Clone2,Ergebnisse_Clone2_13.07.2026/mobilenet_v2_fp64_medium_BS64_tegrastats.log,.log,1154739,34e7c548d8e7e5dc22ae4ceb77aa715b97523a75c4b636cfc8bed8714ea4b0dd
Clone2,Ergebnisse_Clone2_13.07.2026/mobilenet_v2_fp64_medium_BS64_tegrastats_power.csv,.csv,56596,7cfcb45d2ad77f38a5fdb12e511064efddfbe11245b0d82bb611e59ca6dc8e2e
Clone2,Ergebnisse_Clone2_13.07.2026/mobilenet_v2_fp64_medium_BS8_bench_meta.json,.json,603,0dae531a4210938c87af549a268546d793d1e6f7a7f60c3e796fb2119cf26e83
Clone2,Ergebnisse_Clone2_13.07.2026/mobilenet_v2_fp64_medium_BS8_perf.csv,.csv,312329,95d02da212de08568c618222abb61963be537fa5a4de5ee877a7f4d13ac2cf6a
Clone2,Ergebnisse_Clone2_13.07.2026/mobilenet_v2_fp64_medium_BS8_tegrastats.log,.log,1171221,9fe6af04712f912827a34e6e2c568451f308e3cce1f6232d9067852c1b785695
Clone2,Ergebnisse_Clone2_13.07.2026/mobilenet_v2_fp64_medium_BS8_tegrastats_power.csv,.csv,57720,568f3385ecab55b1a0c24ad08580f89f16b90629722994dc3be3af6851f68056
Clone2,Ergebnisse_Clone2_13.07.2026/mobilenet_v2_fp64_slow_BS128_bench_meta.json,.json,604,03d23d4221f4c737230f63e7f538ade1080d7b6b1eed2b9be5574e864cd351f5
Clone2,Ergebnisse_Clone2_13.07.2026/mobilenet_v2_fp64_slow_BS128_perf.csv,.csv,21633,90c9f09283a2a793a9251e386bb2daf3f37be875b00ebe2a4a7abf15ce004e7c
Clone2,Ergebnisse_Clone2_13.07.2026/mobilenet_v2_fp64_slow_BS128_tegrastats.log,.log,2500624,61aef75deee28a982f92bed29c61b8351772d44142885fd7efec2a2f71dcb94d
Clone2,Ergebnisse_Clone2_13.07.2026/mobilenet_v2_fp64_slow_BS128_tegrastats_power.csv,.csv,127847,538e0c954681a6583a75a77d13d8a121b65bca516899071b603c62feb68fdc3e
Clone2,Ergebnisse_Clone2_13.07.2026/mobilenet_v2_fp64_slow_BS16_bench_meta.json,.json,604,49027170d4e0270511f8b9ddc1d6e988c1207239370581751f61fc6e12fb7a6a
Clone2,Ergebnisse_Clone2_13.07.2026/mobilenet_v2_fp64_slow_BS16_perf.csv,.csv,163394,9705726ac7d4ebd20fec49429ad0fec62234f40d2d9d2b814f1c18a1c2bcaf78
Clone2,Ergebnisse_Clone2_13.07.2026/mobilenet_v2_fp64_slow_BS16_tegrastats.log,.log,2015280,0ac6b2d800035300ba7c499c53abd022243425a18c7f980f8ae9954453f57813
Clone2,Ergebnisse_Clone2_13.07.2026/mobilenet_v2_fp64_slow_BS16_tegrastats_power.csv,.csv,103539,4ab5854f4a2069c442952ba0d0f32f1984f12d37ac058afc879c165f388cba22
Clone2,Ergebnisse_Clone2_13.07.2026/mobilenet_v2_fp64_slow_BS1_bench_meta.json,.json,602,1134c7139414d2c9e8d78975d52a373ae7a25611dcc0cfaa96ddbc31e6316f2a
Clone2,Ergebnisse_Clone2_13.07.2026/mobilenet_v2_fp64_slow_BS1_perf.csv,.csv,2471272,788fac13cca7d0690d9e4215d0244ed1e636eb0759da7b95675b7e7e44bdc0f9
Clone2,Ergebnisse_Clone2_13.07.2026/mobilenet_v2_fp64_slow_BS1_tegrastats.log,.log,2069317,7e7ea8c87a15286f50ea37a90bb6707ac441db7c327be57f0b5919371eb7188f
Clone2,Ergebnisse_Clone2_13.07.2026/mobilenet_v2_fp64_slow_BS1_tegrastats_power.csv,.csv,105325,a646b7d9e2261c21d76c7b3f3da7b08d0411ff1e08f3d394a6c5badcf881d6f0
Clone2,Ergebnisse_Clone2_13.07.2026/mobilenet_v2_fp64_slow_BS32_bench_meta.json,.json,605,7ab4804fca425fc78b3085a3b8a4ded014d36f7ec9918d123d56fc95f6c8d898
Clone2,Ergebnisse_Clone2_13.07.2026/mobilenet_v2_fp64_slow_BS32_perf.csv,.csv,82283,0c6c86433ba024c9ba7380f6e24018291cfe5b4b978307d62bba2b69cb4283c1
Clone2,Ergebnisse_Clone2_13.07.2026/mobilenet_v2_fp64_slow_BS32_tegrastats.log,.log,1939225,7db1e48b608b95365c39d70f7546d811dfe4b8249efd24fd2a4d30b32509de87
Clone2,Ergebnisse_Clone2_13.07.2026/mobilenet_v2_fp64_slow_BS32_tegrastats_power.csv,.csv,98780,e25d770ed2b6708ccfa69dd4b04defe3ab8c1bfcbb89b7f2e6d165c50c4682ec
Clone2,Ergebnisse_Clone2_13.07.2026/mobilenet_v2_fp64_slow_BS4_bench_meta.json,.json,604,0402287df1d27465c4c4ef568852fc77da3c394ac1e0b82b7ca9a113ede92dc0
Clone2,Ergebnisse_Clone2_13.07.2026/mobilenet_v2_fp64_slow_BS4_perf.csv,.csv,608899,c38fa943964a30d16721ee294e4dee571a994ecfe5ee6821e6373a3f87cf8aac
Clone2,Ergebnisse_Clone2_13.07.2026/mobilenet_v2_fp64_slow_BS4_tegrastats.log,.log,2205846,7eba284f1d9249f3d387c5093f6c49b1fa0c48162a0b3070f5c0d069acb030e6
Clone2,Ergebnisse_Clone2_13.07.2026/mobilenet_v2_fp64_slow_BS4_tegrastats_power.csv,.csv,113249,a0879ffbde58cbc846f9fae52485f92e68f4d77b0fa59b5d5b899e610555db58
Clone2,Ergebnisse_Clone2_13.07.2026/mobilenet_v2_fp64_slow_BS64_bench_meta.json,.json,602,33b5748579987803408e0317f894ecf711c276923e26d69e438ceebf35138d81
Clone2,Ergebnisse_Clone2_13.07.2026/mobilenet_v2_fp64_slow_BS64_perf.csv,.csv,41346,8609dddb7d5ead694e04c6057acdbfeeb9257c55ab4fed2b398a6ad3e26cc7b2
Clone2,Ergebnisse_Clone2_13.07.2026/mobilenet_v2_fp64_slow_BS64_tegrastats.log,.log,2093976,1640839f9f6a06550f3aa68f2eb5270c39be3c7c71e6a96402d3180495272bcd
Clone2,Ergebnisse_Clone2_13.07.2026/mobilenet_v2_fp64_slow_BS64_tegrastats_power.csv,.csv,107061,9249ae0d1d7a52f0e29ac41904767c571f74e6c8c042b92eb21d0775f3936a04
Clone2,Ergebnisse_Clone2_13.07.2026/mobilenet_v2_fp64_slow_BS8_bench_meta.json,.json,601,b9cb2d2bd7f01bba691e86cd3dca854e14aa2aaaca7b390c3b4f98c4239b3cc6
Clone2,Ergebnisse_Clone2_13.07.2026/mobilenet_v2_fp64_slow_BS8_perf.csv,.csv,310569,71779bbd7226ad1dd7fb20589a0f833d96834a891b2382769497f8df1c8959dd
Clone2,Ergebnisse_Clone2_13.07.2026/mobilenet_v2_fp64_slow_BS8_tegrastats.log,.log,2138644,c54f370753b14d5b04241901015bd89198d7735db343bab26ebe383b5604b683
Clone2,Ergebnisse_Clone2_13.07.2026/mobilenet_v2_fp64_slow_BS8_tegrastats_power.csv,.csv,109789,c24adcbab66b89f9b396e01a13c92ef5be563833653f88570983c06f9ab952b7
Clone2,Ergebnisse_Clone2_13.07.2026/resnet50_fp16_fast_BS128_bench_meta.json,.json,600,f623692def755ed9ba003218229e382c632dc75b5c9835480de770116cb0d2f9
Clone2,Ergebnisse_Clone2_13.07.2026/resnet50_fp16_fast_BS128_perf.csv,.csv,21254,6823d7d00828fc3af517a073b345b0553b71e287908e6a3c0477eb324cd95bd5
Clone2,Ergebnisse_Clone2_13.07.2026/resnet50_fp16_fast_BS128_tegrastats.log,.log,354799,6c595f6a62884939582d409bf6c089d2be293b089c3eec9da26d8ca19a1f48a5
Clone2,Ergebnisse_Clone2_13.07.2026/resnet50_fp16_fast_BS128_tegrastats_power.csv,.csv,15880,27631714ee0f6dcfef646f944479bd2a797c3f04f7a6942e65ebec3d34a77054
Clone2,Ergebnisse_Clone2_13.07.2026/resnet50_fp16_fast_BS16_bench_meta.json,.json,603,0967de37e46504fb1397ccd08a1cc999f90ddc5a23600f02ba1a91b990239ffb
Clone2,Ergebnisse_Clone2_13.07.2026/resnet50_fp16_fast_BS16_perf.csv,.csv,162774,f0acbe204a9e1fc6a843861350b631356af1acb0155f0129fb98c1b243fdc17e
Clone2,Ergebnisse_Clone2_13.07.2026/resnet50_fp16_fast_BS16_tegrastats.log,.log,535128,2b72679a5c418fb17991b14bcac9d6bb5c26386b0ddc1dfda4555ff951e8590a
Clone2,Ergebnisse_Clone2_13.07.2026/resnet50_fp16_fast_BS16_tegrastats_power.csv,.csv,24944,e99fa263d60ad17ed87afddd959cc77f8eb6adab85efc776693a4b0be2ba74e1
Clone2,Ergebnisse_Clone2_13.07.2026/resnet50_fp16_fast_BS1_bench_meta.json,.json,601,8a2f7697fd5e32c3469d31d1bad89c4e1170cfa63b67b11aad2a47f65d058be2
Clone2,Ergebnisse_Clone2_13.07.2026/resnet50_fp16_fast_BS1_perf.csv,.csv,2479541,5cd46a005aa5ed30a83f901d5dbb82e978af703e5a87d7954ccf763d7d0dec73
Clone2,Ergebnisse_Clone2_13.07.2026/resnet50_fp16_fast_BS1_tegrastats.log,.log,1423706,ab8870b176d085c2bcfba336235500393994adf8e219594534d98cc36d611f96
Clone2,Ergebnisse_Clone2_13.07.2026/resnet50_fp16_fast_BS1_tegrastats_power.csv,.csv,68429,45fc83b9e2acd5faabbab9e8117b2d56a36144996697f09a21126944edd45bf9
Clone2,Ergebnisse_Clone2_13.07.2026/resnet50_fp16_fast_BS32_bench_meta.json,.json,601,3771105740fb1093896c8d7f118abb70e5c92f37f04ac0fa176c8f16d7520df3
Clone2,Ergebnisse_Clone2_13.07.2026/resnet50_fp16_fast_BS32_perf.csv,.csv,82154,30102617801f2f1af40800ffdf83b5f997c625ceb1672718abd5d53de103d58f
Clone2,Ergebnisse_Clone2_13.07.2026/resnet50_fp16_fast_BS32_tegrastats.log,.log,586044,633201f59715cea445360f0a712b96535506e28415ccc585c92ff29b087e62ff
Clone2,Ergebnisse_Clone2_13.07.2026/resnet50_fp16_fast_BS32_tegrastats_power.csv,.csv,27916,133e29a8a16ec60e04846c3ed04183977bbbb9e7b832b6f91102ede6d3c5d017
Clone2,Ergebnisse_Clone2_13.07.2026/resnet50_fp16_fast_BS4_bench_meta.json,.json,599,e4eaed0476e2a12134a7d245292667f504f72977a1d3cca60cabe84d7c4d51af
Clone2,Ergebnisse_Clone2_13.07.2026/resnet50_fp16_fast_BS4_perf.csv,.csv,623757,1e4646246c70f0475baea780496d9c680fc3a5e986a37928bb0c1cf96f2d00a6
Clone2,Ergebnisse_Clone2_13.07.2026/resnet50_fp16_fast_BS4_tegrastats.log,.log,393345,20a07b58cd88a09d42de1e8e23e9aa00f133390be47e691d2e3fba8335d95cd4
Clone2,Ergebnisse_Clone2_13.07.2026/resnet50_fp16_fast_BS4_tegrastats_power.csv,.csv,17811,6ce61c32f6c15577047bb0f9835ad8ac201bafc6a3821aa1c2ce7716da52a68c
Clone2,Ergebnisse_Clone2_13.07.2026/resnet50_fp16_fast_BS64_bench_meta.json,.json,600,8ed479c8999eb5e76ae9c67c1e287909567d0ecce0009abefefe2a1b3f1c3b2c
Clone2,Ergebnisse_Clone2_13.07.2026/resnet50_fp16_fast_BS64_perf.csv,.csv,41195,58a30be3047e44beedfcdec631faa6b1cdd6b2f150e9bae8bd5661ec5f730811
Clone2,Ergebnisse_Clone2_13.07.2026/resnet50_fp16_fast_BS64_tegrastats.log,.log,533549,1f3e803023cafe92cbc43c804f512eea241692bb07bbd3da253b9c7c0f9c439e
Clone2,Ergebnisse_Clone2_13.07.2026/resnet50_fp16_fast_BS64_tegrastats_power.csv,.csv,25314,4ac26629046179fc4224fcf7ddc29e8becf27c418f261071ec16709ee8bc781c
Clone2,Ergebnisse_Clone2_13.07.2026/resnet50_fp16_fast_BS8_bench_meta.json,.json,597,705437f69fa50137c75bf4b28650f71e3aa625fc911a95d64c990972881b1a28
Clone2,Ergebnisse_Clone2_13.07.2026/resnet50_fp16_fast_BS8_perf.csv,.csv,303549,1e48edc47b2b532ad1493ccc266f84d9d290f77a6813b84361bd3b368a07ab9f
Clone2,Ergebnisse_Clone2_13.07.2026/resnet50_fp16_fast_BS8_tegrastats.log,.log,578746,df66f5a5d48302b41ca01a74ab28166dc1cc5ff37becdf803c79624fae640bc8
Clone2,Ergebnisse_Clone2_13.07.2026/resnet50_fp16_fast_BS8_tegrastats_power.csv,.csv,27430,0b78b4f8ba16829e1f5c64a715e63072f889f3892781d3e045ee9b04e11c7f8b
Clone2,Ergebnisse_Clone2_13.07.2026/resnet50_fp16_medium_BS128_bench_meta.json,.json,600,b8c5de3e4bd61590e6a3c76e30dd368dd1056020550608223588277424d80ddc
Clone2,Ergebnisse_Clone2_13.07.2026/resnet50_fp16_medium_BS128_perf.csv,.csv,21242,1bcdd2433ea167597cfe7bcfddf7905be7dc6b39dfaa3570468b605e3992a79b
Clone2,Ergebnisse_Clone2_13.07.2026/resnet50_fp16_medium_BS128_tegrastats.log,.log,365148,0836eb2031c716c77cf440c2e225b2f8e84e1ed2036e162071f0dca2f7562896
Clone2,Ergebnisse_Clone2_13.07.2026/resnet50_fp16_medium_BS128_tegrastats_power.csv,.csv,16509,5ad413b6d35eac9797b5007f3c675af1d1c0de338d61595a156bfddb33fd3341
Clone2,Ergebnisse_Clone2_13.07.2026/resnet50_fp16_medium_BS16_bench_meta.json,.json,603,ff650b8628771614daeababffcf06859e60acee51216ac6d9ff721ca49c1864a
Clone2,Ergebnisse_Clone2_13.07.2026/resnet50_fp16_medium_BS16_perf.csv,.csv,163074,0f9f313a854889a9f144dbf839c46beb80f383e8557b2f4e9c95f7a99673ae32
Clone2,Ergebnisse_Clone2_13.07.2026/resnet50_fp16_medium_BS16_tegrastats.log,.log,383757,3f7d2ee2b314f8ab04771cbb4618bbd6d9dec27dc94ec82cb7106d24320d25cf
Clone2,Ergebnisse_Clone2_13.07.2026/resnet50_fp16_medium_BS16_tegrastats_power.csv,.csv,17336,54eb4d2f1363d4c2bd6bc0606afb3a096b2fbb69bf7e8bc205ca7f71d3d723dc
Clone2,Ergebnisse_Clone2_13.07.2026/resnet50_fp16_medium_BS1_bench_meta.json,.json,599,d99acec16f1986ccb70f80715fc15124dd8610126b889ce1f75848b456c73e8a
Clone2,Ergebnisse_Clone2_13.07.2026/resnet50_fp16_medium_BS1_perf.csv,.csv,2479864,b1d1a585387497cdf76c829e74f7ee4f6566ed25e4924e771945ff9987bdecb3
Clone2,Ergebnisse_Clone2_13.07.2026/resnet50_fp16_medium_BS1_tegrastats.log,.log,952601,55dcbf68bb920a08d8cf86d54c0ca322b45b7e230f9faadbbec90ffd5e8fef12
Clone2,Ergebnisse_Clone2_13.07.2026/resnet50_fp16_medium_BS1_tegrastats_power.csv,.csv,45719,729c51f69638d72b6cfcc0749fd71b723520b18dc060378e0640aa230757f8bd
Clone2,Ergebnisse_Clone2_13.07.2026/resnet50_fp16_medium_BS32_bench_meta.json,.json,601,25823f9833991b512fee2c786d3da1f2b8fa41d09ce380e9d05d36219b087896
Clone2,Ergebnisse_Clone2_13.07.2026/resnet50_fp16_medium_BS32_perf.csv,.csv,82397,3e6971819ab574777deb8090bd103010f3143c99a39a75922743cd4416fc5b3c
Clone2,Ergebnisse_Clone2_13.07.2026/resnet50_fp16_medium_BS32_tegrastats.log,.log,367653,cad8d94268fc92a8433a3343fb6eb62a4ac690220d41e6f73002cfda4c8d1ee1
Clone2,Ergebnisse_Clone2_13.07.2026/resnet50_fp16_medium_BS32_tegrastats_power.csv,.csv,16560,79642056ac0ad989da7313eac6dafe9db72f1e0b282fbb02965e51d0d0e74897
Clone2,Ergebnisse_Clone2_13.07.2026/resnet50_fp16_medium_BS4_bench_meta.json,.json,601,01d7da0ab6250e6b1e784d7d177adf0162f373da9a609afd6180afa7b9aca800
Clone2,Ergebnisse_Clone2_13.07.2026/resnet50_fp16_medium_BS4_perf.csv,.csv,608861,357b1bc80a3a8fe040c33a9948c4cf8b84e1752cfe0806725d49e2fe3076069e
Clone2,Ergebnisse_Clone2_13.07.2026/resnet50_fp16_medium_BS4_tegrastats.log,.log,482410,d4205871ed8e9c1dfb9bd97a28df1e6ee8cf282e587dccc665b57ebb776d22c7
Clone2,Ergebnisse_Clone2_13.07.2026/resnet50_fp16_medium_BS4_tegrastats_power.csv,.csv,22706,c42f4efabfb4e08b092d28f6bfaca01f35c921b07416a03d0b03e019c69edba0
Clone2,Ergebnisse_Clone2_13.07.2026/resnet50_fp16_medium_BS64_bench_meta.json,.json,599,84cf0592149384d06dc8a975114db40bb716f29084cdc79388fd27986336842a
Clone2,Ergebnisse_Clone2_13.07.2026/resnet50_fp16_medium_BS64_perf.csv,.csv,41451,e9e7f0ba16729644a4842d048434d1241d9440c83f0a9180e46cba967867835a
Clone2,Ergebnisse_Clone2_13.07.2026/resnet50_fp16_medium_BS64_tegrastats.log,.log,378033,bcdf26821214d3f62bb5f97f4837908f4c8e19dcf0c561881b812e5bb4f65777
Clone2,Ergebnisse_Clone2_13.07.2026/resnet50_fp16_medium_BS64_tegrastats_power.csv,.csv,16966,49f8a467e15ba2eb9c7f2f89bf27f5ab5b06f246e92134f32a6aeab12a48c676
Clone2,Ergebnisse_Clone2_13.07.2026/resnet50_fp16_medium_BS8_bench_meta.json,.json,600,1ebda684430b0d8775da4a561ccf23fb68036cd35f18061247866c4388b4e2b2
Clone2,Ergebnisse_Clone2_13.07.2026/resnet50_fp16_medium_BS8_perf.csv,.csv,307482,d57e2efbdcfc5c730034de449bccceb7d90b08992e68197b3eb37ae2a7c6a4cd
Clone2,Ergebnisse_Clone2_13.07.2026/resnet50_fp16_medium_BS8_tegrastats.log,.log,444575,046d9a644c185a188424c4581ece83147380dc0a6b12f8f72adb80190f7f692f
Clone2,Ergebnisse_Clone2_13.07.2026/resnet50_fp16_medium_BS8_tegrastats_power.csv,.csv,20549,d39254b55536150021cd6b80de8e5d6a7c21e3d6b3cc2dcd5783f26e67662aeb
Clone2,Ergebnisse_Clone2_13.07.2026/resnet50_fp16_slow_BS128_bench_meta.json,.json,603,75485daa1b1cc4c4f7b6c33e55e906c163c58d8a0f11df4a787a7122118b6e4b
Clone2,Ergebnisse_Clone2_13.07.2026/resnet50_fp16_slow_BS128_perf.csv,.csv,21622,5761d7114b50207822b4ca3b5449da23b92aaba18b560ebcaa05c4586a0a853b
Clone2,Ergebnisse_Clone2_13.07.2026/resnet50_fp16_slow_BS128_tegrastats.log,.log,537098,4f8a6568ffaa365c51aaac1786cb009680e49461f469f65b3e5ef572ec6d0436
Clone2,Ergebnisse_Clone2_13.07.2026/resnet50_fp16_slow_BS128_tegrastats_power.csv,.csv,25551,fb89124b16a919cfe91c812b66a2550fd56a32b9a412f20eeca571fd6dab8298
Clone2,Ergebnisse_Clone2_13.07.2026/resnet50_fp16_slow_BS16_bench_meta.json,.json,602,1ceb68c236871849f53ca6678d32670f60aa30b95a4d9c1414a3dd4cc5e07678
Clone2,Ergebnisse_Clone2_13.07.2026/resnet50_fp16_slow_BS16_perf.csv,.csv,159942,75ed788973289ca2a18d6d60d683081bfba03ea2495ee5976d0bfdc53a9abdd5
Clone2,Ergebnisse_Clone2_13.07.2026/resnet50_fp16_slow_BS16_tegrastats.log,.log,554885,9f5afdfbf14a4627f694eb9439359d7bce31cdc6c574c2b2772c9e685cc4cf54
Clone2,Ergebnisse_Clone2_13.07.2026/resnet50_fp16_slow_BS16_tegrastats_power.csv,.csv,25912,dfd30f6d59ba826bd8acfdcb4cfc7b93759275691780781e4222f5b0ff23540a
Clone2,Ergebnisse_Clone2_13.07.2026/resnet50_fp16_slow_BS1_bench_meta.json,.json,602,a7fb5febf40f6c05b28f317d331552ff7d88649d41402bc702c0718a2d0f8b68
Clone2,Ergebnisse_Clone2_13.07.2026/resnet50_fp16_slow_BS1_perf.csv,.csv,2479665,0cb40f816d99cd4a8b06f5c19d5f13b1f620f25debb3bf096df8514214466697
Clone2,Ergebnisse_Clone2_13.07.2026/resnet50_fp16_slow_BS1_tegrastats.log,.log,1292584,286917c6f23e3c51dd6f64f0896c17ffa3f343181c5bd00356aae210d28c8721
Clone2,Ergebnisse_Clone2_13.07.2026/resnet50_fp16_slow_BS1_tegrastats_power.csv,.csv,62892,2f072a6d5101c8ad1b7ce8d2835e34a2d7384d53a3cce3288f84dc705c38356c
Clone2,Ergebnisse_Clone2_13.07.2026/resnet50_fp16_slow_BS32_bench_meta.json,.json,599,d2d02de764954ad5a4e45aed81eb5f376d7c1bfa644278cf606a5ec57760fa8e
Clone2,Ergebnisse_Clone2_13.07.2026/resnet50_fp16_slow_BS32_perf.csv,.csv,82214,5edea87cc678209f19201ace52c8449f2fef8d919a649dc80459219f79cf21b7
Clone2,Ergebnisse_Clone2_13.07.2026/resnet50_fp16_slow_BS32_tegrastats.log,.log,539774,63b8f9a5f50292d2f5b8d4120bf3b140a544bcba23b5e10b4af99a379fbbb8d4
Clone2,Ergebnisse_Clone2_13.07.2026/resnet50_fp16_slow_BS32_tegrastats_power.csv,.csv,25401,0665358dd413529bf4a6c41523c4efb7797aab3811508e19a93c242979d2c9a7
Clone2,Ergebnisse_Clone2_13.07.2026/resnet50_fp16_slow_BS4_bench_meta.json,.json,599,444cb7f6846eec2931a68258c09364d992c6a4d7a83915daa49eaa905ce8b196
Clone2,Ergebnisse_Clone2_13.07.2026/resnet50_fp16_slow_BS4_perf.csv,.csv,607466,ac1fb0bb54afc7b07267eecac7fe882267604eefc644a94268b0a832ad475830
Clone2,Ergebnisse_Clone2_13.07.2026/resnet50_fp16_slow_BS4_tegrastats.log,.log,653396,05cc7345e2b0ba7ba91039b571e692998b97051c56cb70388ceba1825c62f569
Clone2,Ergebnisse_Clone2_13.07.2026/resnet50_fp16_slow_BS4_tegrastats_power.csv,.csv,31176,1ddb92e71fefd59a6ad75806e15bed7f25d19d6c3f1f90de99c54998e3f3d18a
Clone2,Ergebnisse_Clone2_13.07.2026/resnet50_fp16_slow_BS64_bench_meta.json,.json,600,8782aa697311ebe0d41d2b408337a86e781408922f9a8c9210d03a913ac50746
Clone2,Ergebnisse_Clone2_13.07.2026/resnet50_fp16_slow_BS64_perf.csv,.csv,41189,b89479c2a005d7ac272a1694634832f5fe9396fb884a5d40439842c2fd184e16
Clone2,Ergebnisse_Clone2_13.07.2026/resnet50_fp16_slow_BS64_tegrastats.log,.log,538802,873c67565c98606a9b1658351f7ac903dff0e8e09d1f62453bd4d92a7ab9121e
Clone2,Ergebnisse_Clone2_13.07.2026/resnet50_fp16_slow_BS64_tegrastats_power.csv,.csv,25563,332702c9c30b865c6051ec809efb82a94cd0b9b589d83977fa5406a46a54053b
Clone2,Ergebnisse_Clone2_13.07.2026/resnet50_fp16_slow_BS8_bench_meta.json,.json,598,719eeb508d2972bb7d319f57c0a8deb6f52dea51a4eb61f5ed3a7de9d97e8a79
Clone2,Ergebnisse_Clone2_13.07.2026/resnet50_fp16_slow_BS8_perf.csv,.csv,306024,533acf866798de368662656849efd121656690ab821ad938bd5eb326fbf2c9c1
Clone2,Ergebnisse_Clone2_13.07.2026/resnet50_fp16_slow_BS8_tegrastats.log,.log,603021,682eafd83c1560fe8cc46e9aada832c30a8f805c4c6e119b26d3569591cb223c
Clone2,Ergebnisse_Clone2_13.07.2026/resnet50_fp16_slow_BS8_tegrastats_power.csv,.csv,28369,f62acb6f266940e52c0c12390ba02573a57072cfe2430f609a1ae41a2f104a55
Clone2,Ergebnisse_Clone2_13.07.2026/resnet50_fp32_fast_BS128_bench_meta.json,.json,602,63a3d8b692db063059ff07ccfe42cdfdffdf554365b1eed9023ad07a9a80472b
Clone2,Ergebnisse_Clone2_13.07.2026/resnet50_fp32_fast_BS128_perf.csv,.csv,21280,a43af035f213b87bae4c0611dd5e4186938fb44d0796ef4a72ce8bab9f7fcd92
Clone2,Ergebnisse_Clone2_13.07.2026/resnet50_fp32_fast_BS128_tegrastats.log,.log,794058,6ae72a8d645304172fd4b737d6d6cb744f9dc6676f2d0bf48e6e9a5f25637131
Clone2,Ergebnisse_Clone2_13.07.2026/resnet50_fp32_fast_BS128_tegrastats_power.csv,.csv,38281,e00bc1e2ff7416f0ea5b014bafa5a453adc6ea76a58130d70a1d307ee3ebb073
Clone2,Ergebnisse_Clone2_13.07.2026/resnet50_fp32_fast_BS16_bench_meta.json,.json,600,e1262d3c71c71ea4c91d3b509bc692b70d0df55ba973d2818643f969cb7569fb
Clone2,Ergebnisse_Clone2_13.07.2026/resnet50_fp32_fast_BS16_perf.csv,.csv,160092,8781768a3b59de62ea7d4c3089b12cd2640fbadf83b47d5010779bf1a997a8df
Clone2,Ergebnisse_Clone2_13.07.2026/resnet50_fp32_fast_BS16_tegrastats.log,.log,784902,f55cdfb454f101903caf762febfbed715851bf914585894095ae1443daab0bd8
Clone2,Ergebnisse_Clone2_13.07.2026/resnet50_fp32_fast_BS16_tegrastats_power.csv,.csv,38454,7d61337cedb2557a83de20b8c990d24f3d875607b6f5bcd43dded6140de5e7f7
Clone2,Ergebnisse_Clone2_13.07.2026/resnet50_fp32_fast_BS1_bench_meta.json,.json,600,97ea439039d585240798c3e16e375563fab9f7b79341acf7403ca265a20fb59a
Clone2,Ergebnisse_Clone2_13.07.2026/resnet50_fp32_fast_BS1_perf.csv,.csv,2479728,a464699157af3b2683d21cb6577d453b6476522f731166c84d4cdc38c59083f3
Clone2,Ergebnisse_Clone2_13.07.2026/resnet50_fp32_fast_BS1_tegrastats.log,.log,1178351,7318debf4cacf04ca91e8dfebe75bc6f0b8105e66df6edda9088b383046f5979
Clone2,Ergebnisse_Clone2_13.07.2026/resnet50_fp32_fast_BS1_tegrastats_power.csv,.csv,58990,b547720762399622de5a7675b04d37d883760584db955edf52ff86e50ef1ac5a
Clone2,Ergebnisse_Clone2_13.07.2026/resnet50_fp32_fast_BS32_bench_meta.json,.json,601,034f95da0c3b223eabeff1e65ebce36e6af6ca4682b4fb50e6aff2a95dfee933
Clone2,Ergebnisse_Clone2_13.07.2026/resnet50_fp32_fast_BS32_perf.csv,.csv,80553,9bdbdd7b4bf66cbb19a47a5ce8201703edc07bb5142b5a7fb402115080a1fc28
Clone2,Ergebnisse_Clone2_13.07.2026/resnet50_fp32_fast_BS32_tegrastats.log,.log,478971,6ef2c56e2956e46a8287aac163259d58c7c7bd6059b03fa1e8b2469d984014bf
Clone2,Ergebnisse_Clone2_13.07.2026/resnet50_fp32_fast_BS32_tegrastats_power.csv,.csv,22807,9347411a2a674efc7d1b6b4283946061974b6e952956238cff95888cb1c39484
Clone2,Ergebnisse_Clone2_13.07.2026/resnet50_fp32_fast_BS4_bench_meta.json,.json,601,ae29b9bcd1523ba6eaec6b04ebbfd614f943c945f974fe0c064438a382a35aec
Clone2,Ergebnisse_Clone2_13.07.2026/resnet50_fp32_fast_BS4_perf.csv,.csv,619204,74cad329b12a5c910fe0021c77bbeb1af068816c0a41ff811c3ca7767a6882a1
Clone2,Ergebnisse_Clone2_13.07.2026/resnet50_fp32_fast_BS4_tegrastats.log,.log,942653,7bfd44f5cfdd17c1471836f95f82d2ca7cbc1f5f98bf07fd66bdc2ab873c6914
Clone2,Ergebnisse_Clone2_13.07.2026/resnet50_fp32_fast_BS4_tegrastats_power.csv,.csv,46686,9bb1f775e4e0a1f57181db53c9b460ec5b8b61b0551fa12687649b993f1a46e6
Clone2,Ergebnisse_Clone2_13.07.2026/resnet50_fp32_fast_BS64_bench_meta.json,.json,600,f7fc2b7611eb388db35e6e65e1dcafd9a378640aa3489848ff021df471996ba0
Clone2,Ergebnisse_Clone2_13.07.2026/resnet50_fp32_fast_BS64_perf.csv,.csv,41391,abb48df7d986438cdc8eebc674000e441ae8b88ec3faeb845f64319c87b5d3ad
Clone2,Ergebnisse_Clone2_13.07.2026/resnet50_fp32_fast_BS64_tegrastats.log,.log,771620,1982741de23088aa7ccf43662357de8e25e535025644afcc9633510f811c14d6
Clone2,Ergebnisse_Clone2_13.07.2026/resnet50_fp32_fast_BS64_tegrastats_power.csv,.csv,37654,70624763a682bb7ccf105da48aaf9961eed962ae84ba4c1149e19e99fe553108
Clone2,Ergebnisse_Clone2_13.07.2026/resnet50_fp32_fast_BS8_bench_meta.json,.json,602,c878f14e0c4085e42014080c3fd00e0687c9486d9ecaf1233c3e64b77262092b
Clone2,Ergebnisse_Clone2_13.07.2026/resnet50_fp32_fast_BS8_perf.csv,.csv,311117,9b5e4f389d3d8a17c100f3ee1494c130158ac73bbee2309005a7917cd0f72fd5
Clone2,Ergebnisse_Clone2_13.07.2026/resnet50_fp32_fast_BS8_tegrastats.log,.log,835001,1d00ff8edf7d09f43f6211186e43e5fb0ec67a5176ddcf42c1031a615d24c4bc
Clone2,Ergebnisse_Clone2_13.07.2026/resnet50_fp32_fast_BS8_tegrastats_power.csv,.csv,41116,381928237b7b11938aa9af6b0a7d7a1f484650576e3ab0140b5f3648ffa0d524
Clone2,Ergebnisse_Clone2_13.07.2026/resnet50_fp32_medium_BS128_bench_meta.json,.json,602,62725a636c14edfe5d96171b177ae9178397938a17bfa84ffea4fa8c79ffe72e
Clone2,Ergebnisse_Clone2_13.07.2026/resnet50_fp32_medium_BS128_perf.csv,.csv,21251,6b68a4539301b6c13ff330044a247e8c0ef238ca60d346c1f2175f8bfb5dfb7b
Clone2,Ergebnisse_Clone2_13.07.2026/resnet50_fp32_medium_BS128_tegrastats.log,.log,506817,be93cab5462d9042111c37e85a73dcb78ca123b6d9d1b7e42b9ec7813c175800
Clone2,Ergebnisse_Clone2_13.07.2026/resnet50_fp32_medium_BS128_tegrastats_power.csv,.csv,24339,f6f31ae2147a20398c91e54dc0c23c09be787afb97821534c30becf573e4503b
Clone2,Ergebnisse_Clone2_13.07.2026/resnet50_fp32_medium_BS16_bench_meta.json,.json,602,737142e9ff1fece9c484e5e6a8a8c28a3864f772374bbba0159a85ae1be430a3
Clone2,Ergebnisse_Clone2_13.07.2026/resnet50_fp32_medium_BS16_perf.csv,.csv,159837,aca1a85ab86089e117dda48fc6ddc77c73b2325f5186ea1d7886558e5c16ea91
Clone2,Ergebnisse_Clone2_13.07.2026/resnet50_fp32_medium_BS16_tegrastats.log,.log,553578,9be166c6c418574d1eff58fb8b30fef3058102ec3d42761918b5479beaa12195
Clone2,Ergebnisse_Clone2_13.07.2026/resnet50_fp32_medium_BS16_tegrastats_power.csv,.csv,26331,f92908c62b035a07719998c3d491c24377fa758673f9722ff767394364c0ef71
Clone2,Ergebnisse_Clone2_13.07.2026/resnet50_fp32_medium_BS1_bench_meta.json,.json,600,c3458c80f738468551be9e8ffab0569ae3731ec32cecafe1fcd6564aee483fcb
Clone2,Ergebnisse_Clone2_13.07.2026/resnet50_fp32_medium_BS1_perf.csv,.csv,2480764,319844aa1c4e4eb2821290a52ed999078867556e01718abb0b05cc5cee2a276b
Clone2,Ergebnisse_Clone2_13.07.2026/resnet50_fp32_medium_BS1_tegrastats.log,.log,827409,8079a08ee305ae8466713f7fdd1c45db716a29631910ec014c2a1fc3788ad61f
Clone2,Ergebnisse_Clone2_13.07.2026/resnet50_fp32_medium_BS1_tegrastats_power.csv,.csv,40186,e633694c3a7d047ed3001b1c12e38e2d54513480d812c226f60c5933267522e7
Clone2,Ergebnisse_Clone2_13.07.2026/resnet50_fp32_medium_BS32_bench_meta.json,.json,601,1389a242212b10f46e8be624d7237ab7eab33711409f0645c3016a2e24a9234e
Clone2,Ergebnisse_Clone2_13.07.2026/resnet50_fp32_medium_BS32_perf.csv,.csv,80589,80492dac34d4654256262964ac40579c71a7b9aee33855cedadd377f9dee9c72
Clone2,Ergebnisse_Clone2_13.07.2026/resnet50_fp32_medium_BS32_tegrastats.log,.log,490809,f7171e7fec8cf67637df9f3220a96802a23983fcaed431c27de579d3c33ff982
Clone2,Ergebnisse_Clone2_13.07.2026/resnet50_fp32_medium_BS32_tegrastats_power.csv,.csv,23263,739e2e9422e6257e06cd70c07a1ec715e5cc073ce5936c0cdf5ba8f062428fa3
Clone2,Ergebnisse_Clone2_13.07.2026/resnet50_fp32_medium_BS4_bench_meta.json,.json,600,436dd65e47748365ab7a49d470f930ccc93145e36f506eeda20daee6a34edfc5
Clone2,Ergebnisse_Clone2_13.07.2026/resnet50_fp32_medium_BS4_perf.csv,.csv,606514,94239fae53f5dc4c165636b959602d9b191ddb2a0230b78f978aa2580cb5ba23
Clone2,Ergebnisse_Clone2_13.07.2026/resnet50_fp32_medium_BS4_tegrastats.log,.log,583511,f6a8903e77e6d7387f391fb6797641e2155b9bc69541b85c15b6ebfc1f7467ce
Clone2,Ergebnisse_Clone2_13.07.2026/resnet50_fp32_medium_BS4_tegrastats_power.csv,.csv,27908,cc67511427696b836a0e4de51224c04fe2ad8400b515d481ed30a21d7cebd562
Clone2,Ergebnisse_Clone2_13.07.2026/resnet50_fp32_medium_BS64_bench_meta.json,.json,598,24e30e8e1c0a59d0f690ba570c3ab1a15edd67f5ca914f7fb853a5a316ec6757
Clone2,Ergebnisse_Clone2_13.07.2026/resnet50_fp32_medium_BS64_perf.csv,.csv,40414,921ce7ab763c9a78b0b1940f859d72aaef529e462f56fa7d265b208f0397de61
Clone2,Ergebnisse_Clone2_13.07.2026/resnet50_fp32_medium_BS64_tegrastats.log,.log,504511,014841fbd75236ff55e5ff2607b83ddb2e10d23c715e795ac796484679969d01
Clone2,Ergebnisse_Clone2_13.07.2026/resnet50_fp32_medium_BS64_tegrastats_power.csv,.csv,24190,a00e32a70127973695cf10363ab78bb7a5125d53c37257e807bde300534c70e1
Clone2,Ergebnisse_Clone2_13.07.2026/resnet50_fp32_medium_BS8_bench_meta.json,.json,601,deae02181b403e20a4dee303b4dd8a42cac3f18b29884deb6d810462d4d8e78f
Clone2,Ergebnisse_Clone2_13.07.2026/resnet50_fp32_medium_BS8_perf.csv,.csv,310335,c1c50df6d51664835e45dd3698a6237e83e9ad6a97b5362b5711470cf1e25edb
Clone2,Ergebnisse_Clone2_13.07.2026/resnet50_fp32_medium_BS8_tegrastats.log,.log,613833,2952bb9c4e77cae5e57dcecd09b896cb0c69d48ab36a48416f969b1122b365fe
Clone2,Ergebnisse_Clone2_13.07.2026/resnet50_fp32_medium_BS8_tegrastats_power.csv,.csv,29001,8d6a9c70af8e1f29a9e9214dac82aa8baa67990733b904f6d18095dd3f84e654
Clone2,Ergebnisse_Clone2_13.07.2026/resnet50_fp32_slow_BS128_bench_meta.json,.json,601,764dae772f5e218546692ac4ff40f27efaf2183d8a2d2bc09d02870b2a3ef9df
Clone2,Ergebnisse_Clone2_13.07.2026/resnet50_fp32_slow_BS128_perf.csv,.csv,21316,03a023b05d904480cda8674533e657e34b7073628fdd33e3e6fcc20bc9f3b811
Clone2,Ergebnisse_Clone2_13.07.2026/resnet50_fp32_slow_BS128_tegrastats.log,.log,792656,5b0bd20a5bfb91a8b234778f47320eec98e9373934752db92d38debc632ce362
Clone2,Ergebnisse_Clone2_13.07.2026/resnet50_fp32_slow_BS128_tegrastats_power.csv,.csv,38923,a246f6b31f14de07224d240d334ffee312dd224db881ed107dc36bde32a238dc
Clone2,Ergebnisse_Clone2_13.07.2026/resnet50_fp32_slow_BS16_bench_meta.json,.json,601,29e8e57e233ffc2e6e4046bfa6afe09837217beec5d6b12cda708aa2b3313504
Clone2,Ergebnisse_Clone2_13.07.2026/resnet50_fp32_slow_BS16_perf.csv,.csv,160130,9fa8fc973e2162794c6c7d612f920b971258220a1bba549e49087fa7b2abdb12
Clone2,Ergebnisse_Clone2_13.07.2026/resnet50_fp32_slow_BS16_tegrastats.log,.log,794707,24822ecc02aea90155cd5161306737a8bd18b0daf9678e3544a4c4276e8a587a
Clone2,Ergebnisse_Clone2_13.07.2026/resnet50_fp32_slow_BS16_tegrastats_power.csv,.csv,38975,c7e97e75d6609592453c0e136d123a73279b48c781b25319a0cf6e9fbcd21b7e
Clone2,Ergebnisse_Clone2_13.07.2026/resnet50_fp32_slow_BS1_bench_meta.json,.json,600,67cc118c96ac03b0ead6482f0f411c87db64fa491b93f46ce4ae114c1d535e8e
Clone2,Ergebnisse_Clone2_13.07.2026/resnet50_fp32_slow_BS1_perf.csv,.csv,2479839,47ac230ab9c501772a2430ccbcc5eee5a70a10106d61faaeb7e399373260e8ba
Clone2,Ergebnisse_Clone2_13.07.2026/resnet50_fp32_slow_BS1_tegrastats.log,.log,1167767,7e406099743530a9701b134ef84d82b65300e24846777cfd9aa7c07a4e2b0439
Clone2,Ergebnisse_Clone2_13.07.2026/resnet50_fp32_slow_BS1_tegrastats_power.csv,.csv,58292,5730c2d769a9b185c98bc3b62129d41105c312403a2a1ea4003096d89573ddf6
Clone2,Ergebnisse_Clone2_13.07.2026/resnet50_fp32_slow_BS32_bench_meta.json,.json,600,eb34d0cc5e24b345209e351458b45acacff366129a3496abfa5d8502e0716b38
Clone2,Ergebnisse_Clone2_13.07.2026/resnet50_fp32_slow_BS32_perf.csv,.csv,80416,d38f87ea6b5c438784c9fc08b1186d8e7ecc3c69a23b8d547727a370b83a2a46
Clone2,Ergebnisse_Clone2_13.07.2026/resnet50_fp32_slow_BS32_tegrastats.log,.log,774571,ca0d2a2ce0382ea30aa550baac0a938ad5bd25a8d27ba8c4d97af309a2305a29
Clone2,Ergebnisse_Clone2_13.07.2026/resnet50_fp32_slow_BS32_tegrastats_power.csv,.csv,37757,595328aca5b2979a8dc240583122b698742b040574adecaf566b3767f93f71ea
Clone2,Ergebnisse_Clone2_13.07.2026/resnet50_fp32_slow_BS4_bench_meta.json,.json,602,3ac3b6ab15c68704ffa9c38b1268bd6c821f62b93e5db0aeeab52b79b99f177d
Clone2,Ergebnisse_Clone2_13.07.2026/resnet50_fp32_slow_BS4_perf.csv,.csv,619281,41cb8807edf63e6573b05c41199d86c59e02c80a9ae04fd2bf6040c16f97a805
Clone2,Ergebnisse_Clone2_13.07.2026/resnet50_fp32_slow_BS4_tegrastats.log,.log,941200,4b250c1b2085b090f47780ea545c2c04f435ac124432403ab6953b3238874407
Clone2,Ergebnisse_Clone2_13.07.2026/resnet50_fp32_slow_BS4_tegrastats_power.csv,.csv,46625,66d282c0bd940fc14a0eaff0b2e3ff4386ea5172a35c796168fb758909efe318
Clone2,Ergebnisse_Clone2_13.07.2026/resnet50_fp32_slow_BS64_bench_meta.json,.json,598,2d6dd5dbcb80a1a073dbb26021319cad2ee3d4440c84b2c9ef1d05c067080a22
Clone2,Ergebnisse_Clone2_13.07.2026/resnet50_fp32_slow_BS64_perf.csv,.csv,41347,cea7abb6b747f7784732a451a655f06110e92c9730d96f343a1e2c0ee205d9c3
Clone2,Ergebnisse_Clone2_13.07.2026/resnet50_fp32_slow_BS64_tegrastats.log,.log,773095,e600edcc1742de5de70d5234a5114c95cb75c8f18f6aaed3f02da5516a8b5371
Clone2,Ergebnisse_Clone2_13.07.2026/resnet50_fp32_slow_BS64_tegrastats_power.csv,.csv,37636,bd3518059c235169ab682e254c9cec93f96cba248b9803350a7f41e57aac105c
Clone2,Ergebnisse_Clone2_13.07.2026/resnet50_fp32_slow_BS8_bench_meta.json,.json,601,f65f06ae61712666b9d0751dc533fecbfe23597e484ca4cad5de385bec1b48c6
Clone2,Ergebnisse_Clone2_13.07.2026/resnet50_fp32_slow_BS8_perf.csv,.csv,311085,9f790adb7a013c90ddfa67f01be3739649777922c2e2b86984db104e271d474a
Clone2,Ergebnisse_Clone2_13.07.2026/resnet50_fp32_slow_BS8_tegrastats.log,.log,822190,48e2d3e632bba125a69b4c24ab10538afae70f1467c8bf2c55a7e36b5fcd828e
Clone2,Ergebnisse_Clone2_13.07.2026/resnet50_fp32_slow_BS8_tegrastats_power.csv,.csv,40439,bff4b7be9c3f10f722af4a67d4cba7a9c6d5b31fe739a34a8582e59e64a98efc
Clone2,Ergebnisse_Clone2_13.07.2026/resnet50_fp64_fast_BS128_bench_meta.json,.json,597,76c5eba90273758e6856349fabe16dfe385f525229f311d2750aa14bd96ecaf1
Clone2,Ergebnisse_Clone2_13.07.2026/resnet50_fp64_fast_BS128_perf.csv,.csv,21297,cb8a102d525bfecc94b1151e99ce836b3411bb1b1a11d5ce8308b190b1d485f0
Clone2,Ergebnisse_Clone2_13.07.2026/resnet50_fp64_fast_BS128_tegrastats.log,.log,8789055,cb042dba22a7fde762e95a905b00c075d5e28095959c8ac1feed6f363d6220c9
Clone2,Ergebnisse_Clone2_13.07.2026/resnet50_fp64_fast_BS128_tegrastats_power.csv,.csv,472046,3c535df07e8725843a5ef9d305e2df5bc3914da5b60f230b2dfebc7dd7d90ac6
Clone2,Ergebnisse_Clone2_13.07.2026/resnet50_fp64_fast_BS16_bench_meta.json,.json,602,cc3ac9aaa60ecaaec8f5f94a52de213f698ca8bc81449e4342146a259b7e19fa
Clone2,Ergebnisse_Clone2_13.07.2026/resnet50_fp64_fast_BS16_perf.csv,.csv,159906,894c74de6108a54b547e3985df9decce183ef0f17d22bc311c7846d1ceb217ca
Clone2,Ergebnisse_Clone2_13.07.2026/resnet50_fp64_fast_BS16_tegrastats.log,.log,7926340,61a33e6c5046798bcdfff9009f5cbb4070b2258bbbd35f827f69b981b2c43025
Clone2,Ergebnisse_Clone2_13.07.2026/resnet50_fp64_fast_BS16_tegrastats_power.csv,.csv,421295,46500e4abf8eed9b3c8dd1b85ee849ea587185573c00e37f81a1d53e22371117
Clone2,Ergebnisse_Clone2_13.07.2026/resnet50_fp64_fast_BS1_bench_meta.json,.json,602,d431c9396202306290ef6fd27713bc9f74fe4132b284fce35ba830edac93177f
Clone2,Ergebnisse_Clone2_13.07.2026/resnet50_fp64_fast_BS1_perf.csv,.csv,2482729,83054e90b31b3d471bf53d42a5e77608843e86f8587f092d20a4d1d70751b67c
Clone2,Ergebnisse_Clone2_13.07.2026/resnet50_fp64_fast_BS1_tegrastats.log,.log,9467114,69bd053cbc207275dfe8a5e67aebd3641138ae2c8a07f3a0da8b80232948215b
Clone2,Ergebnisse_Clone2_13.07.2026/resnet50_fp64_fast_BS1_tegrastats_power.csv,.csv,503729,19a1609f0a517883292a7361a508ff017e2e029487cf4185fa64e462495a63ff
Clone2,Ergebnisse_Clone2_13.07.2026/resnet50_fp64_fast_BS32_bench_meta.json,.json,602,16e4fe423293a2c78065805908c143946a1ecb9c0f9add75ff2a89eed7181dcc
Clone2,Ergebnisse_Clone2_13.07.2026/resnet50_fp64_fast_BS32_perf.csv,.csv,82340,28381028991e5066fc331b0fba5c877b007758361c4be6240dc887d5ba3efb7a
Clone2,Ergebnisse_Clone2_13.07.2026/resnet50_fp64_fast_BS32_tegrastats.log,.log,16339741,30912decffe3ca8dfdb7e801b48e95b2896e6fea1b6ec5ff9e4b92815d5c9dfc
Clone2,Ergebnisse_Clone2_13.07.2026/resnet50_fp64_fast_BS32_tegrastats_power.csv,.csv,919567,5bb2019baa2e7135dab61096ce6bda14c0d95ced673e89b93524a35e2fb5666e
Clone2,Ergebnisse_Clone2_13.07.2026/resnet50_fp64_fast_BS4_bench_meta.json,.json,600,f9a9002276ebce4f625e3f7c20f39566d9423b6d3ee56a7de02a336fcf84cf26
Clone2,Ergebnisse_Clone2_13.07.2026/resnet50_fp64_fast_BS4_perf.csv,.csv,621589,ac8d066fff9f850f7b746bc14453f3d30048489968316e93356649b02f697fff
Clone2,Ergebnisse_Clone2_13.07.2026/resnet50_fp64_fast_BS4_tegrastats.log,.log,8654122,4e95e44c61eaeb00905068dabb11bd08de56c63540da670e054ed18e4346a555
Clone2,Ergebnisse_Clone2_13.07.2026/resnet50_fp64_fast_BS4_tegrastats_power.csv,.csv,459311,d41805bf8d8d77125658bf7e5821b854037ddb6f4020ce59cd3b5804cd90f7dc
Clone2,Ergebnisse_Clone2_13.07.2026/resnet50_fp64_fast_BS64_bench_meta.json,.json,599,da2199bf8efc7684c0e0b1f746f32a45d6ed25234f7afc942d7c27ae4d9f253a
Clone2,Ergebnisse_Clone2_13.07.2026/resnet50_fp64_fast_BS64_perf.csv,.csv,41392,8ae03fc56c6997200253aed6311e17516377f12fe51ce924d119011f9c8d535b
Clone2,Ergebnisse_Clone2_13.07.2026/resnet50_fp64_fast_BS64_tegrastats.log,.log,16881408,34ed5fe5ec53d20cf55b765cf402f31277f81a796361ef99973a7d1293d3c06b
Clone2,Ergebnisse_Clone2_13.07.2026/resnet50_fp64_fast_BS64_tegrastats_power.csv,.csv,950571,bd6d9326a429e90b9a1ae63277b1758d265697fcf12d5bab6794a4f94b12fafe
Clone2,Ergebnisse_Clone2_13.07.2026/resnet50_fp64_fast_BS8_bench_meta.json,.json,599,1d4d4abc6bc27bf72694d3c404e700dce48c8b22c105cd56fcd7031d23cede6d
Clone2,Ergebnisse_Clone2_13.07.2026/resnet50_fp64_fast_BS8_perf.csv,.csv,310180,87f7d8723e6861bd9c3989c1e333dbcb1194682482fe34f7c5e6c3979ebf5d1c
Clone2,Ergebnisse_Clone2_13.07.2026/resnet50_fp64_fast_BS8_tegrastats.log,.log,16251451,94c7362684b8778b764cb4ddcba9b7bfc6d06309469d791290cfad851623e4dd
Clone2,Ergebnisse_Clone2_13.07.2026/resnet50_fp64_fast_BS8_tegrastats_power.csv,.csv,913312,bcabfebf8ba8c74b31758792c7a8eb536e8f5bd313628387d87df85e6fafa1a7
Clone2,Ergebnisse_Clone2_13.07.2026/resnet50_fp64_medium_BS128_bench_meta.json,.json,599,012d5e4d288a43f5fee750a03c2c2b206189f265c5ad201acb210139671c4be3
Clone2,Ergebnisse_Clone2_13.07.2026/resnet50_fp64_medium_BS128_perf.csv,.csv,21348,31f2fd570723c3a7d3598a020fc3067c39eaef0f57c362d36a16045564714678
Clone2,Ergebnisse_Clone2_13.07.2026/resnet50_fp64_medium_BS128_tegrastats.log,.log,9156213,5989c23ac4622a21cb211e4cbf0109757bdd18ed7fac3a2b4c7f2a91bc6d26d5
Clone2,Ergebnisse_Clone2_13.07.2026/resnet50_fp64_medium_BS128_tegrastats_power.csv,.csv,491947,94b0121139081751d725cc2a5a26e13695bc2e8ce5dd48c8fdcd9d793373b27e
Clone2,Ergebnisse_Clone2_13.07.2026/resnet50_fp64_medium_BS16_bench_meta.json,.json,600,38a03fd40b26d697fbc69f74c6b1de8bfd79978b1fbb7b398174becdaf2d20b1
Clone2,Ergebnisse_Clone2_13.07.2026/resnet50_fp64_medium_BS16_perf.csv,.csv,159812,14b47874cdd02819d0b7254c7d01f889a03e4bf643e54d0a8e123450b03ff8dc
Clone2,Ergebnisse_Clone2_13.07.2026/resnet50_fp64_medium_BS16_tegrastats.log,.log,7861959,1d2e7dab09139b4389cfbe6f91fc7dbe5666a7f537491d3b7fdf26d3cd853c3f
Clone2,Ergebnisse_Clone2_13.07.2026/resnet50_fp64_medium_BS16_tegrastats_power.csv,.csv,422082,10d64e898d4fc188bcb0d2f49811a00bb5e28fc23afdd29f17d0b5c8d07d0f7b
Clone2,Ergebnisse_Clone2_13.07.2026/resnet50_fp64_medium_BS1_bench_meta.json,.json,601,b624685db99d548215d247308100bceb1be2c53d225c1a76c047d11e30ac76d9
Clone2,Ergebnisse_Clone2_13.07.2026/resnet50_fp64_medium_BS1_perf.csv,.csv,2482602,77c066055e8a2eb821e0901e1f40879826b4b50298de566af379952b4470a339
Clone2,Ergebnisse_Clone2_13.07.2026/resnet50_fp64_medium_BS1_tegrastats.log,.log,9467742,97f531f1f421d6f33cb7229764d29901971c4b60146c40ca7936b3f0ea5de2bb
Clone2,Ergebnisse_Clone2_13.07.2026/resnet50_fp64_medium_BS1_tegrastats_power.csv,.csv,500416,df8c9ccda674fb5af10ab4769c19806380163df35a1041294e35e0c681846d4b
Clone2,Ergebnisse_Clone2_13.07.2026/resnet50_fp64_medium_BS32_bench_meta.json,.json,601,306840d29044b2d99cb929d8220a12bac5e240a9febbc2b11090445cbf6c6449
Clone2,Ergebnisse_Clone2_13.07.2026/resnet50_fp64_medium_BS32_perf.csv,.csv,82310,78c088829778c8cf8531d745e5ca879544b302b47e8de3fbb4f02e685fd21cf3
Clone2,Ergebnisse_Clone2_13.07.2026/resnet50_fp64_medium_BS32_tegrastats.log,.log,8428152,f9a1bac0573d030b86774c9dd1c0a5a31edf9b07e94120dfaaa904ac602dcc59
Clone2,Ergebnisse_Clone2_13.07.2026/resnet50_fp64_medium_BS32_tegrastats_power.csv,.csv,458944,1f224b67604c3794076c016837adf9490167e9e56e0fad73f71ac13bee4bd8f4
Clone2,Ergebnisse_Clone2_13.07.2026/resnet50_fp64_medium_BS4_bench_meta.json,.json,603,e8f6dfffc0c9ba056af2972cb0f2771925d3c4b4c5b730ab3ad1d9f32fee4f0b
Clone2,Ergebnisse_Clone2_13.07.2026/resnet50_fp64_medium_BS4_perf.csv,.csv,621448,04f05d9795df9315bcc185cacb214da1925c6e594057566540fbfca4c58cca43
Clone2,Ergebnisse_Clone2_13.07.2026/resnet50_fp64_medium_BS4_tegrastats.log,.log,8642770,94aab2bb4cbc21a9ce0d139fb23d2cc89967dbd831c5cbaa4363950f19993552
Clone2,Ergebnisse_Clone2_13.07.2026/resnet50_fp64_medium_BS4_tegrastats_power.csv,.csv,461272,affcec8eca8a01d684554342a1d8eca3a1f2e4bd5b4aa379f26b98059238a604
Clone2,Ergebnisse_Clone2_13.07.2026/resnet50_fp64_medium_BS64_bench_meta.json,.json,602,1892c5f999d2ce021d32b514a1dba5d4d5987309c10d9dcdde0bdd7f52e7ae86
Clone2,Ergebnisse_Clone2_13.07.2026/resnet50_fp64_medium_BS64_perf.csv,.csv,41467,9d86d97c173a6b39cdb80d18a86169b9cbb60854682088adf7bf522cfc213849
Clone2,Ergebnisse_Clone2_13.07.2026/resnet50_fp64_medium_BS64_tegrastats.log,.log,8759909,81045e9773405600c255a9f6a43ab09155cf9ae8678b8064b6d59f05afdc6e08
Clone2,Ergebnisse_Clone2_13.07.2026/resnet50_fp64_medium_BS64_tegrastats_power.csv,.csv,474370,3a5c555c1eb3ad4e2a3fda099281cd8b1b44767be09a73de5676875f14da5b78
Clone2,Ergebnisse_Clone2_13.07.2026/resnet50_fp64_medium_BS8_bench_meta.json,.json,601,496f76f2cb657be2a2f56aab96558c91a91edf35634abab921e16dffc17bb4ed
Clone2,Ergebnisse_Clone2_13.07.2026/resnet50_fp64_medium_BS8_perf.csv,.csv,311790,8f5c21355821c0d1bf5a536126c0631ba56fff7bf80c65c991254f37b95a7846
Clone2,Ergebnisse_Clone2_13.07.2026/resnet50_fp64_medium_BS8_tegrastats.log,.log,8390548,4fb05d1a8aa1a14dc70932ab5b666922d951b1a98b11740f8fcdac75b0936fab
Clone2,Ergebnisse_Clone2_13.07.2026/resnet50_fp64_medium_BS8_tegrastats_power.csv,.csv,452519,c3a48cd653ee80da7427645d2e5a88e502f24a6003eb8441d0f6adc363f65c63
Clone2,Ergebnisse_Clone2_13.07.2026/resnet50_fp64_slow_BS128_bench_meta.json,.json,602,1178bc1bb56e2ca1f7c079b2e608da3c2a799e206c7cbcefab7ed07b06912db0
Clone2,Ergebnisse_Clone2_13.07.2026/resnet50_fp64_slow_BS128_perf.csv,.csv,21629,43c60f07e474e9fa82eeae065754c2e83fb20163432cb015675291e285624daa
Clone2,Ergebnisse_Clone2_13.07.2026/resnet50_fp64_slow_BS128_tegrastats.log,.log,16941330,1af52d4a2cd01692cec856b63cdb237507691b981d46dab34f75851d6d408a9d
Clone2,Ergebnisse_Clone2_13.07.2026/resnet50_fp64_slow_BS128_tegrastats_power.csv,.csv,958627,34f7ce32389226b2cab644dcd4cb1bc8f69daab82d2bde4dcb6d519afb83bd51
Clone2,Ergebnisse_Clone2_13.07.2026/resnet50_fp64_slow_BS16_bench_meta.json,.json,602,53f4501112e474f6386ba5e6e00d59746b2ab2c5d18f2f35d1ada489649a92c3
Clone2,Ergebnisse_Clone2_13.07.2026/resnet50_fp64_slow_BS16_perf.csv,.csv,163190,9a5bca2a1b1fe805b0782e21b43935921d79eb647b633988e63728f105bb2388
Clone2,Ergebnisse_Clone2_13.07.2026/resnet50_fp64_slow_BS16_tegrastats.log,.log,15265521,dff3a838f9b2b52d5c805ba1ae86e39f41a1968e1d8d375fd5ac81f6199c6d47
Clone2,Ergebnisse_Clone2_13.07.2026/resnet50_fp64_slow_BS16_tegrastats_power.csv,.csv,859194,b79b75f39edc81d72e3913245314a6772ba3f0e2fa0e9050ce9de9a14d6cf407
Clone2,Ergebnisse_Clone2_13.07.2026/resnet50_fp64_slow_BS1_bench_meta.json,.json,599,c2349ca9aa24a713de5988241ced6cf55c860a8b4cfb8db9ab6d95ae1a33256b
Clone2,Ergebnisse_Clone2_13.07.2026/resnet50_fp64_slow_BS1_perf.csv,.csv,2470359,3637874664436e0ef50bce4b0ba30629d29cfa8d65f3e8fce9a2f3e5ca10a270
Clone2,Ergebnisse_Clone2_13.07.2026/resnet50_fp64_slow_BS1_tegrastats.log,.log,18063459,703dbf558547ce6e565af9fecfc8c4caa12f14c0b2ff80f5b4e3e19fc1275080
Clone2,Ergebnisse_Clone2_13.07.2026/resnet50_fp64_slow_BS1_tegrastats_power.csv,.csv,1027346,f1b7a3fa272ce72bea965fc1f28972e83382404dcee7f2e4b7dc77e494aaa6aa
Clone2,Ergebnisse_Clone2_13.07.2026/resnet50_fp64_slow_BS32_bench_meta.json,.json,602,8608607fcad127969095b7481c7de6bbe7ac2c5552622e125672ac533bfd89d1
Clone2,Ergebnisse_Clone2_13.07.2026/resnet50_fp64_slow_BS32_perf.csv,.csv,82343,108d527f3041fa4097a4c6e054475b97bb5282e761a5f04ebb31236e35816f44
Clone2,Ergebnisse_Clone2_13.07.2026/resnet50_fp64_slow_BS32_tegrastats.log,.log,16359640,b253807aaa26ddbfd4051c40f922478187211da987c9f002992a7683a9c8b373
Clone2,Ergebnisse_Clone2_13.07.2026/resnet50_fp64_slow_BS32_tegrastats_power.csv,.csv,919577,28a020796b1f444e17cdb80876a38b1c6c8a59478ef90bb261480b6169225799
Clone2,Ergebnisse_Clone2_13.07.2026/resnet50_fp64_slow_BS4_bench_meta.json,.json,602,26ddb7bc8650d8ae5297031d0a55d602ac1a9fe44173f8f669fc4a6af8a7f1ac
Clone2,Ergebnisse_Clone2_13.07.2026/resnet50_fp64_slow_BS4_perf.csv,.csv,621376,09485187fa8fa25832a90335e48c01b37688fcccd508fef19518edc63e663f47
Clone2,Ergebnisse_Clone2_13.07.2026/resnet50_fp64_slow_BS4_tegrastats.log,.log,16606148,e8435e80f33e2cce1c67f86fe373cba80184eb5fe5dc46963c1f793ae2bd8952
Clone2,Ergebnisse_Clone2_13.07.2026/resnet50_fp64_slow_BS4_tegrastats_power.csv,.csv,942274,fcbb668ae1e00f0640477fa2838c8a3160211eb40797ca538629b3fa647fc94c
Clone2,Ergebnisse_Clone2_13.07.2026/resnet50_fp64_slow_BS64_bench_meta.json,.json,601,07e73c1b741a4c0dc1e44293d8c466f2c0e17df1fa839549abbb9d36d801ebe2
Clone2,Ergebnisse_Clone2_13.07.2026/resnet50_fp64_slow_BS64_perf.csv,.csv,41386,35bc14522d1e94f970ccf97bfd7a85f5955df86b48fd3f4515ac54af4d1ec4dc
Clone2,Ergebnisse_Clone2_13.07.2026/resnet50_fp64_slow_BS64_tegrastats.log,.log,16876439,1d66feeb0576a5843497bfd8f2f79f7d2e05386b8531059571bdea52fc948f29
Clone2,Ergebnisse_Clone2_13.07.2026/resnet50_fp64_slow_BS64_tegrastats_power.csv,.csv,950229,10733f6cead74c17beb1a3ca4103956fc03f374e0dd8a5b3ebeffaeda859600f
Clone2,Ergebnisse_Clone2_13.07.2026/resnet50_fp64_slow_BS8_bench_meta.json,.json,598,80ab19601e52db2a1064de856a695ad5d9f9613a8cdd0a61734c3f62f81e2dcf
Clone2,Ergebnisse_Clone2_13.07.2026/resnet50_fp64_slow_BS8_perf.csv,.csv,310309,c8a08489ab12ba28f1c2eaad16a034f03484aae35f2ae6ac5665f83c3d9cb288
Clone2,Ergebnisse_Clone2_13.07.2026/resnet50_fp64_slow_BS8_tegrastats.log,.log,16145186,bd131f8f51ae02130863b34875800255106108eb658f98a62b90d4f60df9e4de
Clone2,Ergebnisse_Clone2_13.07.2026/resnet50_fp64_slow_BS8_tegrastats_power.csv,.csv,912218,b72def45a647bfae1791ce08b6ba88d37872d17319756bee1440b30084a0cb53
Clone3,Ergebnisse_Clone3_13.07.2026/grid_manifest.csv,.csv,59373,28d14a9e59afb0c4efec94d2d57e69f0f5aff434a853774f29ee73843d886a24
Clone3,Ergebnisse_Clone3_13.07.2026/grid_manifest_enriched.csv,.csv,87056,b5c5fe2389671985b905c0770a0b09a7c7cac494532066f2f7ef8197dadd8e3d
Clone3,Ergebnisse_Clone3_13.07.2026/grid_state.jsonl,.jsonl,28239,d61a01203322dc6f6bec86b81ba5bb1c87f4362cf2e26d74c2e84dd24dfcb993
Clone3,Ergebnisse_Clone3_13.07.2026/mobilenet_v2_fp16_fast_BS128_bench_meta.json,.json,603,2c4d3766d9aac277c3ac23213e9293fc8168e670e729795306c285613327924a
Clone3,Ergebnisse_Clone3_13.07.2026/mobilenet_v2_fp16_fast_BS128_perf.csv,.csv,21299,7b23b4755f5e1a223de613abf7b72b19b2396710f5d28baa134b6058092d7eb8
Clone3,Ergebnisse_Clone3_13.07.2026/mobilenet_v2_fp16_fast_BS128_tegrastats.log,.log,297053,8c3f32bde1054fe775d8f459250ef72c74e8b6990c6a3edb9a9d624cfef965a0
Clone3,Ergebnisse_Clone3_13.07.2026/mobilenet_v2_fp16_fast_BS128_tegrastats_power.csv,.csv,13246,a6ef0d618c15dcda6f34d1e8fe7bbd783ab33543bf5ebb37a4af121046bb4118
Clone3,Ergebnisse_Clone3_13.07.2026/mobilenet_v2_fp16_fast_BS16_bench_meta.json,.json,604,36c9a20a59913430dfd157f3ec275ac06ce1424501aceda23b063656f2e0c3c4
Clone3,Ergebnisse_Clone3_13.07.2026/mobilenet_v2_fp16_fast_BS16_perf.csv,.csv,160173,bf67d4c28c9b1f244981801b17b50f27ae23b654cdb689eba170ec105f5a3a66
Clone3,Ergebnisse_Clone3_13.07.2026/mobilenet_v2_fp16_fast_BS16_tegrastats.log,.log,437167,96b36420af3eb803fe33642c105357da3d6d03f2750e4792ac7dedbc65d70168
Clone3,Ergebnisse_Clone3_13.07.2026/mobilenet_v2_fp16_fast_BS16_tegrastats_power.csv,.csv,20472,9e48a8472e491ab1c983113f9bce2e2b605006b649c3e82789a5a7a81077f568
Clone3,Ergebnisse_Clone3_13.07.2026/mobilenet_v2_fp16_fast_BS1_bench_meta.json,.json,602,8a3a649356c5917ec6df31c97a5b39beabc87b9a724965bffe64ea775c9d2665
Clone3,Ergebnisse_Clone3_13.07.2026/mobilenet_v2_fp16_fast_BS1_perf.csv,.csv,2479990,b9c692be1cce858838b81a08a430a27b2fc49614623789592e7ceb0ad483f900
Clone3,Ergebnisse_Clone3_13.07.2026/mobilenet_v2_fp16_fast_BS1_tegrastats.log,.log,818760,988711bc4806537d575af3809b3fedf82902a559040ea691d3b3a03a0a07e50f
Clone3,Ergebnisse_Clone3_13.07.2026/mobilenet_v2_fp16_fast_BS1_tegrastats_power.csv,.csv,39753,39b0ffce5a3bf8f6b43cd484e11cea2a3e167e971e82adf57e86721decdc08de
Clone3,Ergebnisse_Clone3_13.07.2026/mobilenet_v2_fp16_fast_BS32_bench_meta.json,.json,605,09119420fa3037131f707e67b4fca7b80d2030feb016241e4e534974fea454f4
Clone3,Ergebnisse_Clone3_13.07.2026/mobilenet_v2_fp16_fast_BS32_perf.csv,.csv,82493,77be11ac614bf320a8abc2c07e7554cdae808fbd2ffedfde9327e379d4035409
Clone3,Ergebnisse_Clone3_13.07.2026/mobilenet_v2_fp16_fast_BS32_tegrastats.log,.log,435483,667813e2c954dcb6837f137318c90694249abd263eae0db542c621e1133e4bb9
Clone3,Ergebnisse_Clone3_13.07.2026/mobilenet_v2_fp16_fast_BS32_tegrastats_power.csv,.csv,20272,d677e4ffca283607c1331260ba728064aaf89e1a01d94a523bceb9725445dd61
Clone3,Ergebnisse_Clone3_13.07.2026/mobilenet_v2_fp16_fast_BS4_bench_meta.json,.json,605,e23a48f5433713ce8889490ec4b2273e69da6f1f861a37a91403c87feba3f25b
Clone3,Ergebnisse_Clone3_13.07.2026/mobilenet_v2_fp16_fast_BS4_perf.csv,.csv,622778,7671bec00bf13a27613b247f86902b8aaabbb2b0aea1563978d19630a6feedf5
Clone3,Ergebnisse_Clone3_13.07.2026/mobilenet_v2_fp16_fast_BS4_tegrastats.log,.log,387248,fb7eaafa96d7e461d8145985c5e2acdb507f6eab9243a0089d80204c2cadc9ac
Clone3,Ergebnisse_Clone3_13.07.2026/mobilenet_v2_fp16_fast_BS4_tegrastats_power.csv,.csv,17448,5f332c894b3bf1433c5765848846dfb052d36a3aa8300dfcdc058cda58d0fca1
Clone3,Ergebnisse_Clone3_13.07.2026/mobilenet_v2_fp16_fast_BS64_bench_meta.json,.json,604,186cdd2bb3ab40e46a0bec52e01cc0a3974bb556368f092f48cff546678e02c0
Clone3,Ergebnisse_Clone3_13.07.2026/mobilenet_v2_fp16_fast_BS64_perf.csv,.csv,41517,e55b8042bb2d07641d601a4430cdbd128416fe8d86f0f1c82de49653ec92872a
Clone3,Ergebnisse_Clone3_13.07.2026/mobilenet_v2_fp16_fast_BS64_tegrastats.log,.log,443156,d5bf763639f41582d4a6ab81e8379876fde3bba19a13f083b0e81306ac18e28b
Clone3,Ergebnisse_Clone3_13.07.2026/mobilenet_v2_fp16_fast_BS64_tegrastats_power.csv,.csv,20513,bf30acc8146ce02049dc64fa0ad0bf672d689e2c22129cdb253fc1e78575f006
Clone3,Ergebnisse_Clone3_13.07.2026/mobilenet_v2_fp16_fast_BS8_bench_meta.json,.json,604,96d712b8a608f10708e98acb92dd9d7e4ae0672fd1cea1b1ee12d5b6b7d05268
Clone3,Ergebnisse_Clone3_13.07.2026/mobilenet_v2_fp16_fast_BS8_perf.csv,.csv,312030,07690e2f01d0b4858fc2e12c52c61a0963ae361cbfa73b8daaecc59732870a26
Clone3,Ergebnisse_Clone3_13.07.2026/mobilenet_v2_fp16_fast_BS8_tegrastats.log,.log,459346,10cb6bb55e081f199fbacff79c7ea98c68319fa99f2ec4b340f606a972a78e73
Clone3,Ergebnisse_Clone3_13.07.2026/mobilenet_v2_fp16_fast_BS8_tegrastats_power.csv,.csv,21601,0f933c2bfe962443d7259ea7d5d34a9e51b6107c1e2e7fb6b2d08177db204302
Clone3,Ergebnisse_Clone3_13.07.2026/mobilenet_v2_fp16_medium_BS128_bench_meta.json,.json,601,5f859c96930bb7a2c0789a64f9720b89feb44904276493ade73838c650625583
Clone3,Ergebnisse_Clone3_13.07.2026/mobilenet_v2_fp16_medium_BS128_perf.csv,.csv,21326,be26e14719f7387e188c7fb27dbdd98208c20222d47712830f05d4a683b2998c
Clone3,Ergebnisse_Clone3_13.07.2026/mobilenet_v2_fp16_medium_BS128_tegrastats.log,.log,313699,3706e487c90215706a54baa98ec5fd493f2b075c3f19f1146b359440b76fe9da
Clone3,Ergebnisse_Clone3_13.07.2026/mobilenet_v2_fp16_medium_BS128_tegrastats_power.csv,.csv,14117,a5d4f24c5c30f989221e28d33a86968e13cbd28f899579d88b4a0cc58784a33a
Clone3,Ergebnisse_Clone3_13.07.2026/mobilenet_v2_fp16_medium_BS16_bench_meta.json,.json,601,9b822d147308e99e4f85fa79bab61d67c9c9672b28b923ec07b5adac5df4f832
Clone3,Ergebnisse_Clone3_13.07.2026/mobilenet_v2_fp16_medium_BS16_perf.csv,.csv,160354,c494dc650c7a950891a34e6baf5b8581a61e10ab24704b50ba2cee30c25a7a2b
Clone3,Ergebnisse_Clone3_13.07.2026/mobilenet_v2_fp16_medium_BS16_tegrastats.log,.log,339577,11fac2ce8e7f304a3bddc23cc97cf5c1e461984a8a0b037a5c6e55a69424cc19
Clone3,Ergebnisse_Clone3_13.07.2026/mobilenet_v2_fp16_medium_BS16_tegrastats_power.csv,.csv,15284,07918ea8a28164e8ecc6bb97da5bf1ef80ce32a5d1dfb4debfcf0066441dbaf4
Clone3,Ergebnisse_Clone3_13.07.2026/mobilenet_v2_fp16_medium_BS1_bench_meta.json,.json,605,d2bae30af2c07c90c9e1340b45e1c63c1f43f9da18243ea4ec9723ebc938f174
Clone3,Ergebnisse_Clone3_13.07.2026/mobilenet_v2_fp16_medium_BS1_perf.csv,.csv,2479574,4b2e6eab0e7c0d4f185dd790a431c2a891e40f2f1fc538a5f487f709360b270b
Clone3,Ergebnisse_Clone3_13.07.2026/mobilenet_v2_fp16_medium_BS1_tegrastats.log,.log,842620,c6ab2c03415a919e956a4782f57b1c08d2683c6eaa6524089f9494c1ac331901
Clone3,Ergebnisse_Clone3_13.07.2026/mobilenet_v2_fp16_medium_BS1_tegrastats_power.csv,.csv,40892,e8d3bdf2c881247bc94178941aecebeaa45f45ff3b74daa94989450a434f58a6
Clone3,Ergebnisse_Clone3_13.07.2026/mobilenet_v2_fp16_medium_BS32_bench_meta.json,.json,605,35e6619cd923344de8c4962e255891772a1f5fc9f3032f551664b7ec217cbcde
Clone3,Ergebnisse_Clone3_13.07.2026/mobilenet_v2_fp16_medium_BS32_perf.csv,.csv,82208,9e8de7630ae7d28b965adf26151783d9fdc8185a808a397540406435d9799fa2
Clone3,Ergebnisse_Clone3_13.07.2026/mobilenet_v2_fp16_medium_BS32_tegrastats.log,.log,330350,ad8911962d9e032592899ba5d22649c6e6d7dc37b844149c08d235bdf0da406d
Clone3,Ergebnisse_Clone3_13.07.2026/mobilenet_v2_fp16_medium_BS32_tegrastats_power.csv,.csv,14754,b83b90aca5604bc19e67c655b5a57c0093f554199d6de83a8d2dd12ed5c949cf
Clone3,Ergebnisse_Clone3_13.07.2026/mobilenet_v2_fp16_medium_BS4_bench_meta.json,.json,605,87a46f371d1c519a353fe8f318f0d5ae2c82557d8a748eacb070c5888c3e9e79
Clone3,Ergebnisse_Clone3_13.07.2026/mobilenet_v2_fp16_medium_BS4_perf.csv,.csv,622706,dd8d3dfeff81292ea01e3cc4eaa738378ba768d8e80be361f368036da0dc1166
Clone3,Ergebnisse_Clone3_13.07.2026/mobilenet_v2_fp16_medium_BS4_tegrastats.log,.log,397852,a2319ce9d141d10b706e5715893b635847a4899a0cc36bcf6baabe141481a67a
Clone3,Ergebnisse_Clone3_13.07.2026/mobilenet_v2_fp16_medium_BS4_tegrastats_power.csv,.csv,18111,f5f8cbe32c586ad4a2925e5bb862ec09442f915f7a2b71b4242e0582dfeb4235
Clone3,Ergebnisse_Clone3_13.07.2026/mobilenet_v2_fp16_medium_BS64_bench_meta.json,.json,603,c99202b91483b3b2e3c21b15a95f0e0b4c9c9f281bf61733c9a7ddbc6025473a
Clone3,Ergebnisse_Clone3_13.07.2026/mobilenet_v2_fp16_medium_BS64_perf.csv,.csv,41573,8142cf3bf3ed9f92eca90a8f244413ed6a20541a94511158fcaec427288ee13d
Clone3,Ergebnisse_Clone3_13.07.2026/mobilenet_v2_fp16_medium_BS64_tegrastats.log,.log,305953,cb8f69da0218c61f5cc40f05aaa9fb0a936c67a84e2b8322d8f297f289bbd19d
Clone3,Ergebnisse_Clone3_13.07.2026/mobilenet_v2_fp16_medium_BS64_tegrastats_power.csv,.csv,13619,ddd7ed3f19a42959c9f1ac170a635bc7e6efb1a3b1935c441b87bd3fbfd21032
Clone3,Ergebnisse_Clone3_13.07.2026/mobilenet_v2_fp16_medium_BS8_bench_meta.json,.json,602,e4ee01dd271650768ec95367a018e51124a78dff2d66d25bccf98fd59bc2f15f
Clone3,Ergebnisse_Clone3_13.07.2026/mobilenet_v2_fp16_medium_BS8_perf.csv,.csv,311881,cd63cbfbd2e718834c4e1ca1e3640cc78e4401080685f78d19de59d4a96808c8
Clone3,Ergebnisse_Clone3_13.07.2026/mobilenet_v2_fp16_medium_BS8_tegrastats.log,.log,361904,8579f1ef620cf20de04fe5f71baa0fe439ab39e4aec143700ec2dd858406d004
Clone3,Ergebnisse_Clone3_13.07.2026/mobilenet_v2_fp16_medium_BS8_tegrastats_power.csv,.csv,16349,13950658166130cf39a9c85c7592fc510c32edc1bb21487fb95f990b20da2fc9
Clone3,Ergebnisse_Clone3_13.07.2026/mobilenet_v2_fp16_slow_BS128_bench_meta.json,.json,604,b9b459d1e0306f108d6b135ca98616ddc2fee4130a528d426d4828c72014d10c
Clone3,Ergebnisse_Clone3_13.07.2026/mobilenet_v2_fp16_slow_BS128_perf.csv,.csv,21221,b9bac1ae7772b854932a1b48c0ae8b37f36815a82f644d389c02aaaf9cc4080e
Clone3,Ergebnisse_Clone3_13.07.2026/mobilenet_v2_fp16_slow_BS128_tegrastats.log,.log,446316,fd11d74f000df64a40753eecb8e3d27da324a37717cfd2b37f902899996ca098
Clone3,Ergebnisse_Clone3_13.07.2026/mobilenet_v2_fp16_slow_BS128_tegrastats_power.csv,.csv,20847,ed40c425ad94257298e645f76fe8cab7c5d40084203015ad69ecbdd1243fa437
Clone3,Ergebnisse_Clone3_13.07.2026/mobilenet_v2_fp16_slow_BS16_bench_meta.json,.json,602,60791e2f1f1dbed2fee7a8781115d7b415ccdad4458ebc46180a6649233ca39b
Clone3,Ergebnisse_Clone3_13.07.2026/mobilenet_v2_fp16_slow_BS16_perf.csv,.csv,160182,3ce54835ae8eeaa9ee6ddcd656e912362332e27c83e0f4526e4b4ea93f860653
Clone3,Ergebnisse_Clone3_13.07.2026/mobilenet_v2_fp16_slow_BS16_tegrastats.log,.log,454641,71c15336e13a7484af206cbf9cdd0860224890f26442ed2233aeeefd8eed8a94
Clone3,Ergebnisse_Clone3_13.07.2026/mobilenet_v2_fp16_slow_BS16_tegrastats_power.csv,.csv,21216,fbb221e3fdb54e8945ecdf32f69f29d0fb195ba9a8742425f8cb142dc4831a34
Clone3,Ergebnisse_Clone3_13.07.2026/mobilenet_v2_fp16_slow_BS1_bench_meta.json,.json,605,3280d05c9a9a3428d6d47958572baceeb284e6f42ba4ca9a065f686cd7d7eefe
Clone3,Ergebnisse_Clone3_13.07.2026/mobilenet_v2_fp16_slow_BS1_perf.csv,.csv,2479877,63290f8fdd0971fa00d6f354f801b43f7fc12524eb959728b6aaff8245c77f24
Clone3,Ergebnisse_Clone3_13.07.2026/mobilenet_v2_fp16_slow_BS1_tegrastats.log,.log,1217629,a80fa36f1a8ff8370c47b291ed213dba93a976c8c8e63df8cb58b6fb0cc018fe
Clone3,Ergebnisse_Clone3_13.07.2026/mobilenet_v2_fp16_slow_BS1_tegrastats_power.csv,.csv,59914,5d9839241fa93fadb43dcc25b13c4a807db338ab364c4e65ff953362d1a28f2b
Clone3,Ergebnisse_Clone3_13.07.2026/mobilenet_v2_fp16_slow_BS32_bench_meta.json,.json,607,a59a14ae2e0ee565c092d33ceae5afc6466ff5185ea24a030833ffc6022811af
Clone3,Ergebnisse_Clone3_13.07.2026/mobilenet_v2_fp16_slow_BS32_perf.csv,.csv,82485,e97ec61a3446ec4ef06b8e57717b673ca360882e5b0ea2896b78ad6ceda2eed4
Clone3,Ergebnisse_Clone3_13.07.2026/mobilenet_v2_fp16_slow_BS32_tegrastats.log,.log,444080,3112c4c1457ea6a10567d3ce66d67f84bffa44b9c7a9114136a860b23c3afa40
Clone3,Ergebnisse_Clone3_13.07.2026/mobilenet_v2_fp16_slow_BS32_tegrastats_power.csv,.csv,20675,0a7406ccce86919e94dd1c5122075b9dd5dc05028d50b4b273df6f39761a6a4e
Clone3,Ergebnisse_Clone3_13.07.2026/mobilenet_v2_fp16_slow_BS4_bench_meta.json,.json,602,db95303dafc3447d3dfba2e38a73f794eb20d7f142253733ae95f4ff77d8fe78
Clone3,Ergebnisse_Clone3_13.07.2026/mobilenet_v2_fp16_slow_BS4_perf.csv,.csv,607419,73a7b4a6acce11b6718db3b401a68b437fac2e3174b568fb0a10df0e0c0d7f2b
Clone3,Ergebnisse_Clone3_13.07.2026/mobilenet_v2_fp16_slow_BS4_tegrastats.log,.log,576074,154bfd1c35738d4c655970ac6ef458c7be485545866223c763a5b4c0cbf6dbb4
Clone3,Ergebnisse_Clone3_13.07.2026/mobilenet_v2_fp16_slow_BS4_tegrastats_power.csv,.csv,26859,48b4164c7d47701ccdebfdee15744514fa8a4093f430e7263e718907cee063d7
Clone3,Ergebnisse_Clone3_13.07.2026/mobilenet_v2_fp16_slow_BS64_bench_meta.json,.json,602,841c17fec04b94012ffcf807f82fe28a642840a5c99ad7f01425832e801e1647
Clone3,Ergebnisse_Clone3_13.07.2026/mobilenet_v2_fp16_slow_BS64_perf.csv,.csv,41584,6ce0e6a4317be8649a117558d859162d782ad395f1e51ccdcc686916d1145634
Clone3,Ergebnisse_Clone3_13.07.2026/mobilenet_v2_fp16_slow_BS64_tegrastats.log,.log,442847,22f7e8bdcef98727dbf21b67dc42881bb3144492445aabed4bfead88d3637506
Clone3,Ergebnisse_Clone3_13.07.2026/mobilenet_v2_fp16_slow_BS64_tegrastats_power.csv,.csv,20599,6c312de8181079ca443cc478875823677669ff8a6c31a566605f461d02eaf91d
Clone3,Ergebnisse_Clone3_13.07.2026/mobilenet_v2_fp16_slow_BS8_bench_meta.json,.json,602,7948e96209764fa114b07fdf6454c40a8e73614965ea1c6830c789a9ce5c64a1
Clone3,Ergebnisse_Clone3_13.07.2026/mobilenet_v2_fp16_slow_BS8_perf.csv,.csv,312020,7bd09ef44aa7c0b77f3c7c0cfff89e448c1d899768e2c8c1d00709d190efefb6
Clone3,Ergebnisse_Clone3_13.07.2026/mobilenet_v2_fp16_slow_BS8_tegrastats.log,.log,473615,867cddab1e0fa5c70061ebb4fe5af9b7adde306e91615ca45f328192c9f63d6c
Clone3,Ergebnisse_Clone3_13.07.2026/mobilenet_v2_fp16_slow_BS8_tegrastats_power.csv,.csv,22273,a1748d6c35b6a1114a79d552f21a1ba18d46dd3ef16b96a98af08415ffeb8856
Clone3,Ergebnisse_Clone3_13.07.2026/mobilenet_v2_fp32_fast_BS128_bench_meta.json,.json,603,f21867016b3c42e3d26415e35ceb95b9e86420eb510854fc9cf299ff856379ad
Clone3,Ergebnisse_Clone3_13.07.2026/mobilenet_v2_fp32_fast_BS128_perf.csv,.csv,21233,6ceba17b24b943e1d4b7566f3cfa594ab72926973751ca9d58bb141e01f77487
Clone3,Ergebnisse_Clone3_13.07.2026/mobilenet_v2_fp32_fast_BS128_tegrastats.log,.log,342031,80982e540bf09cfddbe3bd17a7da3dbec36b5f1cd47834d0c830bcfab6788616
Clone3,Ergebnisse_Clone3_13.07.2026/mobilenet_v2_fp32_fast_BS128_tegrastats_power.csv,.csv,15350,782fa9ad106ce0803f920de5bf802260e6151b00d8cf4152974381d25982ddcd
Clone3,Ergebnisse_Clone3_13.07.2026/mobilenet_v2_fp32_fast_BS16_bench_meta.json,.json,603,a55719b9978cea0469b225f08876e5cf03c81e867b402a60daa949d58d5a062e
Clone3,Ergebnisse_Clone3_13.07.2026/mobilenet_v2_fp32_fast_BS16_perf.csv,.csv,163415,02976453688513056423d43a7cc781a1ebde8d4d92ee5a0158c2541c584d7885
Clone3,Ergebnisse_Clone3_13.07.2026/mobilenet_v2_fp32_fast_BS16_tegrastats.log,.log,512519,323ca88e216e344a31c27f2f1b9cc17f55335d8a334476d0e4169578b1c6b64d
Clone3,Ergebnisse_Clone3_13.07.2026/mobilenet_v2_fp32_fast_BS16_tegrastats_power.csv,.csv,24327,dd4a8c99514b2f6bc4ea61e792ad8103f7225a01d23eb588c43c0390134b4fd2
Clone3,Ergebnisse_Clone3_13.07.2026/mobilenet_v2_fp32_fast_BS1_bench_meta.json,.json,603,9307affa6aaf633b8a92830065281f94d1f2f404cf1913bb119d1973d77dd6e6
Clone3,Ergebnisse_Clone3_13.07.2026/mobilenet_v2_fp32_fast_BS1_perf.csv,.csv,2479480,df279c2230068c1262b8b908a182c353f01e3eb11c3fceee8e29c147c2d1352b
Clone3,Ergebnisse_Clone3_13.07.2026/mobilenet_v2_fp32_fast_BS1_tegrastats.log,.log,1090609,a96e893ea6a95f241009cd5bb93ff456fc55ee7388a26d934dd8df3b79d8665c
Clone3,Ergebnisse_Clone3_13.07.2026/mobilenet_v2_fp32_fast_BS1_tegrastats_power.csv,.csv,54366,d7b5dbd5f65e1d676131c0863ec429bcb094dcf37609ba85d9b6c38099ec723b
Clone3,Ergebnisse_Clone3_13.07.2026/mobilenet_v2_fp32_fast_BS32_bench_meta.json,.json,606,65f125aab0e7a7ae6911ecb3e67cc2cac2fefaf2ad44db2f9a630e38113bb252
Clone3,Ergebnisse_Clone3_13.07.2026/mobilenet_v2_fp32_fast_BS32_perf.csv,.csv,82579,37178174dfbbce54331ae307bfae98f2038fa91701ff6dca0ed2c377d0c8329a
Clone3,Ergebnisse_Clone3_13.07.2026/mobilenet_v2_fp32_fast_BS32_tegrastats.log,.log,508827,14b4fa64f8cf2e5f6d0d0e13e30857db3660b06af797868f3bea076e344f3f1b
Clone3,Ergebnisse_Clone3_13.07.2026/mobilenet_v2_fp32_fast_BS32_tegrastats_power.csv,.csv,23950,01d2739e2b35e7b9bbecb770d339829f4e330cacc5411b5fa1b019f742a7ed46
Clone3,Ergebnisse_Clone3_13.07.2026/mobilenet_v2_fp32_fast_BS4_bench_meta.json,.json,605,c1d56240a2f6626d5b07343b244229126cd6ef38a43a20498bcfe515d838b891
Clone3,Ergebnisse_Clone3_13.07.2026/mobilenet_v2_fp32_fast_BS4_perf.csv,.csv,622957,6408ed362519f557206d07eb56af5f1264eb49da6d866a6afca53bfe3a2fb176
Clone3,Ergebnisse_Clone3_13.07.2026/mobilenet_v2_fp32_fast_BS4_tegrastats.log,.log,370934,6fb77871aa3c7db31be0978f812e8aa949cf9af00c0e76282a7b15bec0eb59a2
Clone3,Ergebnisse_Clone3_13.07.2026/mobilenet_v2_fp32_fast_BS4_tegrastats_power.csv,.csv,16608,6381c9c03a6c9bf39ed9ec021e2bcf4468b45ff93faf2f3015551584d93023c9
Clone3,Ergebnisse_Clone3_13.07.2026/mobilenet_v2_fp32_fast_BS64_bench_meta.json,.json,603,de8c79f1a18fe88d2b121c7e2a316084183302633aed64d0c92fc8cba185c5fe
Clone3,Ergebnisse_Clone3_13.07.2026/mobilenet_v2_fp32_fast_BS64_perf.csv,.csv,41561,6038336f30ece485266499e46bd353718c702a58acf548d5f6ff1e69defb6fca
Clone3,Ergebnisse_Clone3_13.07.2026/mobilenet_v2_fp32_fast_BS64_tegrastats.log,.log,338909,2ec8ada6709d9173f64a0b2cdcfd2571986e7c3d0379372a436d0c6073e986ee
Clone3,Ergebnisse_Clone3_13.07.2026/mobilenet_v2_fp32_fast_BS64_tegrastats_power.csv,.csv,15134,a6977bd585e470a20c4d525d56d30e714b0832633835b2c6c15b95644e6d44bb
Clone3,Ergebnisse_Clone3_13.07.2026/mobilenet_v2_fp32_fast_BS8_bench_meta.json,.json,601,0706ed8d72160cbbbf939d742a52007179568fcff39f688d71a5b95a379ab250
Clone3,Ergebnisse_Clone3_13.07.2026/mobilenet_v2_fp32_fast_BS8_perf.csv,.csv,311894,1212a05de5dc7562ab56b5b05a1bdebb8bfd22d0adcd331c903229a02c658370
Clone3,Ergebnisse_Clone3_13.07.2026/mobilenet_v2_fp32_fast_BS8_tegrastats.log,.log,340988,2d91d49cc2dbcf5f9a98890eb65a68e0fdf0b1d7cd991056406d996714ea3b5f
Clone3,Ergebnisse_Clone3_13.07.2026/mobilenet_v2_fp32_fast_BS8_tegrastats_power.csv,.csv,15278,92dc20db88b9f92fbae6a1703366a7af2e7910cfe1c921671e8439a7d0622ddd
Clone3,Ergebnisse_Clone3_13.07.2026/mobilenet_v2_fp32_medium_BS128_bench_meta.json,.json,603,e42eb1ecd5e7598c0b82b2beaed1860bf5123b95ddb143053cc84d8863210ab4
Clone3,Ergebnisse_Clone3_13.07.2026/mobilenet_v2_fp32_medium_BS128_perf.csv,.csv,21227,b89a30e1a37c029f3b46753767737ab8f27a12163088481852a711ef72041686
Clone3,Ergebnisse_Clone3_13.07.2026/mobilenet_v2_fp32_medium_BS128_tegrastats.log,.log,359522,a0ef0e48edbc1b448fe19f502bca27a47b1f097f3db0b8f190a33533dc90421a
Clone3,Ergebnisse_Clone3_13.07.2026/mobilenet_v2_fp32_medium_BS128_tegrastats_power.csv,.csv,16208,2f2b67229f37acbad5fbfee5c1c6e8c2d13879548c27320a71429ac2eedfc4f1
Clone3,Ergebnisse_Clone3_13.07.2026/mobilenet_v2_fp32_medium_BS16_bench_meta.json,.json,605,21448dcfd4a3c22e5fd5e6760e9b827ec7be1f83a9ec89db60aaf1445b0a6f70
Clone3,Ergebnisse_Clone3_13.07.2026/mobilenet_v2_fp32_medium_BS16_perf.csv,.csv,162967,d597350542f6208c1199e48518201e43d054c400bba1814dc00c324975cd35b4
Clone3,Ergebnisse_Clone3_13.07.2026/mobilenet_v2_fp32_medium_BS16_tegrastats.log,.log,400059,29ebb35c69cfeda9d4b21ab7ef9eadfc40f8bf8d3577d8e670fca2e9ef6a1e3e
Clone3,Ergebnisse_Clone3_13.07.2026/mobilenet_v2_fp32_medium_BS16_tegrastats_power.csv,.csv,17899,a55561be9c0c486e5cb87fe1b43fc7bb881fee88f57fb059cea3818d45ff51c8
Clone3,Ergebnisse_Clone3_13.07.2026/mobilenet_v2_fp32_medium_BS1_bench_meta.json,.json,603,16d8b29d0d1e41cf7592439a1752b31430c486eeaf27334086476a1eaece7f3e
Clone3,Ergebnisse_Clone3_13.07.2026/mobilenet_v2_fp32_medium_BS1_perf.csv,.csv,2479590,fe5ab9d1b3770eb9b077aaa77330e7e6543f1423ca85ce6daf06a05e3ffb4e1e
Clone3,Ergebnisse_Clone3_13.07.2026/mobilenet_v2_fp32_medium_BS1_tegrastats.log,.log,755957,847fc68043f50521555589ff5572ecdad930655b73639b9712ca6f96789acd9b
Clone3,Ergebnisse_Clone3_13.07.2026/mobilenet_v2_fp32_medium_BS1_tegrastats_power.csv,.csv,36374,afdb30dae0ecca75bfeb4f4c269aacdc6f9c1d13b2152b8aba29d11bbde7f294
Clone3,Ergebnisse_Clone3_13.07.2026/mobilenet_v2_fp32_medium_BS32_bench_meta.json,.json,605,a1d358353bb99e69ca34630e7e0cfec69d8fbaacb7284ff5dfe757a0563bea1d
Clone3,Ergebnisse_Clone3_13.07.2026/mobilenet_v2_fp32_medium_BS32_perf.csv,.csv,82466,65c2ecc69bd4ae5e63d8936e2c739e5c24d690d99c1c967084820a917c43925b
Clone3,Ergebnisse_Clone3_13.07.2026/mobilenet_v2_fp32_medium_BS32_tegrastats.log,.log,350820,1c3ae2beb9efdd92af2d70a851457faddad53b0f87cdd8a24162960a85969d0c
Clone3,Ergebnisse_Clone3_13.07.2026/mobilenet_v2_fp32_medium_BS32_tegrastats_power.csv,.csv,15533,2c59e77d37cb567751ee12a0a327626c784fadeeaa23b9c3e0ab1bd40e7ec0ae
Clone3,Ergebnisse_Clone3_13.07.2026/mobilenet_v2_fp32_medium_BS4_bench_meta.json,.json,604,12de5ed3388bc05babd543589c75796d6dbc31ac45334b32f2938257080316e9
Clone3,Ergebnisse_Clone3_13.07.2026/mobilenet_v2_fp32_medium_BS4_perf.csv,.csv,612473,53b54cfbb88fe493162270a833749a9be74a4584c58d6ac41817c92a05efb49f
Clone3,Ergebnisse_Clone3_13.07.2026/mobilenet_v2_fp32_medium_BS4_tegrastats.log,.log,445685,5601d78bea3b92272bb38c64d7b0250f0739f8cb3224e00f6daeea67e948732a
Clone3,Ergebnisse_Clone3_13.07.2026/mobilenet_v2_fp32_medium_BS4_tegrastats_power.csv,.csv,20055,e65728c2b67a9b698ad4749ecc824377dc272adf3571dfee7a7b7405a2078229
Clone3,Ergebnisse_Clone3_13.07.2026/mobilenet_v2_fp32_medium_BS64_bench_meta.json,.json,601,8ad3784a033a20843f79b7a8650af7d06cfe134034ffaaf39a13792fa096b873
Clone3,Ergebnisse_Clone3_13.07.2026/mobilenet_v2_fp32_medium_BS64_perf.csv,.csv,41579,b2995c09c29ba827975597615575af8e888c91c5375f9fa63d40a50a22983cd9
Clone3,Ergebnisse_Clone3_13.07.2026/mobilenet_v2_fp32_medium_BS64_tegrastats.log,.log,367803,ae7d427aad28583705428fc464322f8e1df506a8d65b06c6c5cadb23c45dfc19
Clone3,Ergebnisse_Clone3_13.07.2026/mobilenet_v2_fp32_medium_BS64_tegrastats_power.csv,.csv,16666,c585af3276f6c70acd382eab8f792e0d2fae27456fb6a4eb3f206b051d1c5eb7
Clone3,Ergebnisse_Clone3_13.07.2026/mobilenet_v2_fp32_medium_BS8_bench_meta.json,.json,603,ac7a82a1d6a7c856eb7a5c57b3f1902fa7de0e3508d3bb6d73168946b1b445fd
Clone3,Ergebnisse_Clone3_13.07.2026/mobilenet_v2_fp32_medium_BS8_perf.csv,.csv,311082,c0110f39afd373c293a5500834b012aba74cf183b29712b6e39211dd2cd596b5
Clone3,Ergebnisse_Clone3_13.07.2026/mobilenet_v2_fp32_medium_BS8_tegrastats.log,.log,394661,05a3eaf6c7868660b901fc69ecd8879c2c9a2936e35c06492ac97b8f1838b335
Clone3,Ergebnisse_Clone3_13.07.2026/mobilenet_v2_fp32_medium_BS8_tegrastats_power.csv,.csv,17343,dcdcc777ae2e8a633e8b866eadea7ab53e2cad39aefee3a8177d364da9d77b3a
Clone3,Ergebnisse_Clone3_13.07.2026/mobilenet_v2_fp32_slow_BS128_bench_meta.json,.json,602,27374e85a88013649d387ccac5b3f7fc5f6dc9c9ba5b172e3b8ea8ca0d44fc35
Clone3,Ergebnisse_Clone3_13.07.2026/mobilenet_v2_fp32_slow_BS128_perf.csv,.csv,21324,322052ad055dfaf8e9e0755fa59dca614b82a094bc0d8c6c8e7c9ec366eac7cd
Clone3,Ergebnisse_Clone3_13.07.2026/mobilenet_v2_fp32_slow_BS128_tegrastats.log,.log,519803,8680f2b3d2823fb6792b4a8174bc8d5270553d0da5cb00e41938ce0c13cd33b5
Clone3,Ergebnisse_Clone3_13.07.2026/mobilenet_v2_fp32_slow_BS128_tegrastats_power.csv,.csv,24642,a1ab0f974ab7bfba71195c400d48dbdcd710b23b0dbfa16e16f74c5900b077bf
Clone3,Ergebnisse_Clone3_13.07.2026/mobilenet_v2_fp32_slow_BS16_bench_meta.json,.json,603,f37004b15259f5040e414ee9810eda66762a4e44f4acd7737dfc252668ff6f90
Clone3,Ergebnisse_Clone3_13.07.2026/mobilenet_v2_fp32_slow_BS16_perf.csv,.csv,163374,727700f5b1f65b9bd11f3f91505cefd9151b2b764fb7488cda759c7bcf369bc4
Clone3,Ergebnisse_Clone3_13.07.2026/mobilenet_v2_fp32_slow_BS16_tegrastats.log,.log,524353,1b02fc4c9a1a2b855b65098b1363b47c91f4116d00c7f966554ee854b5a91872
Clone3,Ergebnisse_Clone3_13.07.2026/mobilenet_v2_fp32_slow_BS16_tegrastats_power.csv,.csv,24928,093c3b7a85439b69a9eee2be79aaf8a08106efbb5ef167f4bc2915bce19dc291
Clone3,Ergebnisse_Clone3_13.07.2026/mobilenet_v2_fp32_slow_BS1_bench_meta.json,.json,603,fee2596dd557d0617c21d7159fa7b59c112211e443ecb94a8a3975e9fa289f80
Clone3,Ergebnisse_Clone3_13.07.2026/mobilenet_v2_fp32_slow_BS1_perf.csv,.csv,2479794,ef575ec24faa4d2c655a064c39455952283db1ae8e5893d309e83865bb057018
Clone3,Ergebnisse_Clone3_13.07.2026/mobilenet_v2_fp32_slow_BS1_tegrastats.log,.log,1092537,05e14a295284fdd7f8a979ccc9e4f7cf9eed5c2d8e98d950e1e5e9401e8ac829
Clone3,Ergebnisse_Clone3_13.07.2026/mobilenet_v2_fp32_slow_BS1_tegrastats_power.csv,.csv,54379,bd1494463c71998570f600f0374ac3f7614d919174929cdd1781ae06fe895836
Clone3,Ergebnisse_Clone3_13.07.2026/mobilenet_v2_fp32_slow_BS32_bench_meta.json,.json,605,3fbe2cba90f2e818499d0f07ef76f23b71c3be5f770318f07eaf56c14d30ad96
Clone3,Ergebnisse_Clone3_13.07.2026/mobilenet_v2_fp32_slow_BS32_perf.csv,.csv,82206,90a33b776f072768146947b6ae52cf53f5a605f29361f2c6cca180f1c3df5012
Clone3,Ergebnisse_Clone3_13.07.2026/mobilenet_v2_fp32_slow_BS32_tegrastats.log,.log,514452,83d39c2e34beaeb2b75e7e6353328718dc743596eaab01aac66e34c852ae7616
Clone3,Ergebnisse_Clone3_13.07.2026/mobilenet_v2_fp32_slow_BS32_tegrastats_power.csv,.csv,24147,37a7fbc458f8b8df9adc6190fb8c9db75fe1710cfd2022cb76dc0fc3f1485ff9
Clone3,Ergebnisse_Clone3_13.07.2026/mobilenet_v2_fp32_slow_BS4_bench_meta.json,.json,603,a51d664de40e33819245bb6b792fd9c8dc6a4ae0e5288c93a107d0d22fb47630
Clone3,Ergebnisse_Clone3_13.07.2026/mobilenet_v2_fp32_slow_BS4_perf.csv,.csv,607483,bad8e106b425d0b1da8c941faf477a09705bdf03718ff57dc5fae57b8dd4193c
Clone3,Ergebnisse_Clone3_13.07.2026/mobilenet_v2_fp32_slow_BS4_tegrastats.log,.log,585692,92bb0e613410ca1b91a48d0d57b1482c2e055e4017736c12fc2c00883637ac40
Clone3,Ergebnisse_Clone3_13.07.2026/mobilenet_v2_fp32_slow_BS4_tegrastats_power.csv,.csv,28118,57a3e969ff6be4d78f7076eef03b4a9978be3820daa903323c85fb0cf3e21250
Clone3,Ergebnisse_Clone3_13.07.2026/mobilenet_v2_fp32_slow_BS64_bench_meta.json,.json,603,4c4d9879baa2c5599a88ac59902a331dcd03d7a20905f232927cb90a86e8cc64
Clone3,Ergebnisse_Clone3_13.07.2026/mobilenet_v2_fp32_slow_BS64_perf.csv,.csv,41466,a9330a8044a2aefe8980c051beeb61795f4de2c6e94ebe21b871e1a4e134fdfd
Clone3,Ergebnisse_Clone3_13.07.2026/mobilenet_v2_fp32_slow_BS64_tegrastats.log,.log,518926,9349621a5fcf506feba091b470f71d9948a4e4a01bc3fb3a2867bebf5c86c137
Clone3,Ergebnisse_Clone3_13.07.2026/mobilenet_v2_fp32_slow_BS64_tegrastats_power.csv,.csv,24591,87777e03410ca793df57d0ea579c5396d8155f321593631a64d1d25c92004337
Clone3,Ergebnisse_Clone3_13.07.2026/mobilenet_v2_fp32_slow_BS8_bench_meta.json,.json,603,e6c7bc412dbead9200b853b6035607d602e78805cfe386c9c2d4ab8f33f8b2a1
Clone3,Ergebnisse_Clone3_13.07.2026/mobilenet_v2_fp32_slow_BS8_perf.csv,.csv,308319,634f70904eb1c72182e08152b4990bba3c84c0e83132bb94f5aae5aa763a6782
Clone3,Ergebnisse_Clone3_13.07.2026/mobilenet_v2_fp32_slow_BS8_tegrastats.log,.log,544809,8d78a27eba30e0238ab8ceaed0e08b4a05e2cf4d5d01b1359d5edc0a5f00ff43
Clone3,Ergebnisse_Clone3_13.07.2026/mobilenet_v2_fp32_slow_BS8_tegrastats_power.csv,.csv,25988,33a838a09dd8cf942e6849a354b3a3d00fb9c7820d0c483f19016be3d7e8822a
Clone3,Ergebnisse_Clone3_13.07.2026/mobilenet_v2_fp64_fast_BS128_bench_meta.json,.json,604,b0a2e8e372f3d0c5159f3414cf0eee0a645e88a6ec7de4dc8cff5ef1bd47ad9b
Clone3,Ergebnisse_Clone3_13.07.2026/mobilenet_v2_fp64_fast_BS128_perf.csv,.csv,21249,c3a3691524989210ac2b7aaadccd37466c18780d20971e78ced48d828ea1e602
Clone3,Ergebnisse_Clone3_13.07.2026/mobilenet_v2_fp64_fast_BS128_tegrastats.log,.log,1234107,c130d8ebdb21a6ade67dac49d0bbc1b06b625312eb9546c3f99857c6bff28a2a
Clone3,Ergebnisse_Clone3_13.07.2026/mobilenet_v2_fp64_fast_BS128_tegrastats_power.csv,.csv,60672,6a35085c3dfa80aa063fdd63908f446a34940b7df407aa1a61d19251f4faff2e
Clone3,Ergebnisse_Clone3_13.07.2026/mobilenet_v2_fp64_fast_BS16_bench_meta.json,.json,605,efe6287a198190afe37ada6fb561d0e2483d6a3f1c6b68bd3d1e60102453a6be
Clone3,Ergebnisse_Clone3_13.07.2026/mobilenet_v2_fp64_fast_BS16_perf.csv,.csv,163466,f8cc593606a2735f55cb6456e4d23735f282b304de5ac1f6caac3ced48c8bf9f
Clone3,Ergebnisse_Clone3_13.07.2026/mobilenet_v2_fp64_fast_BS16_tegrastats.log,.log,2023941,14be6d15d32e04c00276b56654d5dd8dca0a0e820a71968172cac492365194fc
Clone3,Ergebnisse_Clone3_13.07.2026/mobilenet_v2_fp64_fast_BS16_tegrastats_power.csv,.csv,102227,df38345f40e19da433efe58b9ff6851562a1a98032d25467b43f49a8e4c0f2e2
Clone3,Ergebnisse_Clone3_13.07.2026/mobilenet_v2_fp64_fast_BS1_bench_meta.json,.json,605,7fadface1613dc8dba59f547e15dbd067c350b8ff4271ecb412eee2e782d375b
Clone3,Ergebnisse_Clone3_13.07.2026/mobilenet_v2_fp64_fast_BS1_perf.csv,.csv,2479855,f0d1bde992f70ab2d6ec2dc23e70ceafa6bb7417018d402a4a205d6af626dc1b
Clone3,Ergebnisse_Clone3_13.07.2026/mobilenet_v2_fp64_fast_BS1_tegrastats.log,.log,1105055,cb572b657be70a28e0fb8ea97268463a3f2320dca180a2d40123610ce989955e
Clone3,Ergebnisse_Clone3_13.07.2026/mobilenet_v2_fp64_fast_BS1_tegrastats_power.csv,.csv,51337,7d3ee227f6a017195ea111da6e6a87559017e20d5ce8e1b81dfcee3343f51ed6
Clone3,Ergebnisse_Clone3_13.07.2026/mobilenet_v2_fp64_fast_BS32_bench_meta.json,.json,605,24ba1c4660db201b4b4e067051db77c231644aac27d4b2da3f2ee720f42eb7ac
Clone3,Ergebnisse_Clone3_13.07.2026/mobilenet_v2_fp64_fast_BS32_perf.csv,.csv,82451,d1f6d466a41a83e0f7a5af51fd8e85c80eab91680aa386f32d25972293e5024a
Clone3,Ergebnisse_Clone3_13.07.2026/mobilenet_v2_fp64_fast_BS32_tegrastats.log,.log,1048710,3e938286f3fb382a5e036cb2a8832bec0e553b1dd5b6a12281e31119761efc42
Clone3,Ergebnisse_Clone3_13.07.2026/mobilenet_v2_fp64_fast_BS32_tegrastats_power.csv,.csv,50854,8f3428595dd889bb3f39f389626cdc342c6064a631d6fcb548d2316770ee30af
Clone3,Ergebnisse_Clone3_13.07.2026/mobilenet_v2_fp64_fast_BS4_bench_meta.json,.json,605,32a7c039929d07d8f49a21f89aefeb56a60fd229ef50dff059b0cec163e053e7
Clone3,Ergebnisse_Clone3_13.07.2026/mobilenet_v2_fp64_fast_BS4_perf.csv,.csv,622891,0eb67a66146c3cc6ba4e311a9e6a5aa267ad2fbead2df2132720d9f789505ea8
Clone3,Ergebnisse_Clone3_13.07.2026/mobilenet_v2_fp64_fast_BS4_tegrastats.log,.log,1217135,c0c114e521b14884c79d660e88b2be43f0040e937f07c118194c3b4bbb7641a3
Clone3,Ergebnisse_Clone3_13.07.2026/mobilenet_v2_fp64_fast_BS4_tegrastats_power.csv,.csv,57897,1e1735315766157512a0d6ce7fc5920dc1ce358a4d1f6240bd29c5a3a2141abd
Clone3,Ergebnisse_Clone3_13.07.2026/mobilenet_v2_fp64_fast_BS64_bench_meta.json,.json,599,a30a491ed495f95cf75aee157551ce4b1ea8399c5d319ce0b370b3e36195dd73
Clone3,Ergebnisse_Clone3_13.07.2026/mobilenet_v2_fp64_fast_BS64_perf.csv,.csv,41336,8e25470c0f76704a6a7db0b2cb1fec7691ca128f8e6830e1a64115e76cd2fa6f
Clone3,Ergebnisse_Clone3_13.07.2026/mobilenet_v2_fp64_fast_BS64_tegrastats.log,.log,2097826,75fc35f653abc886359be92c578efdd7ec2889afbe361cb68cc41ef129045c39
Clone3,Ergebnisse_Clone3_13.07.2026/mobilenet_v2_fp64_fast_BS64_tegrastats_power.csv,.csv,106630,fe7ccb1329f645f68317d8ae96c2812a111446093e62be05afe2b347b4aa6933
Clone3,Ergebnisse_Clone3_13.07.2026/mobilenet_v2_fp64_fast_BS8_bench_meta.json,.json,602,6a33aa0052ee0a29ee1c6b12e84e849219eb6c5c203adc3c9c8a3f95be0a631e
Clone3,Ergebnisse_Clone3_13.07.2026/mobilenet_v2_fp64_fast_BS8_perf.csv,.csv,310696,fb88a2c03ca039f4d93c620d4f1b32a1c1fef463fd10fe5fa8a94cbdd55c94c5
Clone3,Ergebnisse_Clone3_13.07.2026/mobilenet_v2_fp64_fast_BS8_tegrastats.log,.log,2154025,3839697e053ec842628fd94de4de2e4770f33c3ae796df4afa5a219a350e97df
Clone3,Ergebnisse_Clone3_13.07.2026/mobilenet_v2_fp64_fast_BS8_tegrastats_power.csv,.csv,110026,93bc4ba31c33b5b4810e41e31470f01b05815b594b79ff32d50ea2d63ddc0891
Clone3,Ergebnisse_Clone3_13.07.2026/mobilenet_v2_fp64_medium_BS128_bench_meta.json,.json,604,8aca052f58f9d7bf8aede44d83bbb276cacc1b60a469e9c1ed99137a86588d02
Clone3,Ergebnisse_Clone3_13.07.2026/mobilenet_v2_fp64_medium_BS128_perf.csv,.csv,21256,8232230696e9a0585fd2995167b1daf8f413af33ee2e6daa7568059eaaf51b96
Clone3,Ergebnisse_Clone3_13.07.2026/mobilenet_v2_fp64_medium_BS128_tegrastats.log,.log,1221874,9d9a62d1f97dffaa660ecbeda224db85877bef5e4c600569de52e9e8874165eb
Clone3,Ergebnisse_Clone3_13.07.2026/mobilenet_v2_fp64_medium_BS128_tegrastats_power.csv,.csv,60067,e67b1d972150a9b0cc8df31362100f190545e8287be3c45fd3482932412f371b
Clone3,Ergebnisse_Clone3_13.07.2026/mobilenet_v2_fp64_medium_BS16_bench_meta.json,.json,603,a9fb7cc95ce4d26e1e6dabe22326648df5d2c8eab2ec92877adde4b1cf76c7ce
Clone3,Ergebnisse_Clone3_13.07.2026/mobilenet_v2_fp64_medium_BS16_perf.csv,.csv,160081,4d8d5aaed09d30ee2bdf13aafd8d4ec7247c5a3f1619ed992cd9272f4cfc6397
Clone3,Ergebnisse_Clone3_13.07.2026/mobilenet_v2_fp64_medium_BS16_tegrastats.log,.log,1102787,f62d036438cf1d02f2b03bb3b0db446e7d6fa3fa5f1fefccdcb93e2cd1c63e34
Clone3,Ergebnisse_Clone3_13.07.2026/mobilenet_v2_fp64_medium_BS16_tegrastats_power.csv,.csv,52598,5f56cf83fddbb6d5e5e86836e1bb92b7d7269c9f64ef20b02d3ec4a3ca03428a
Clone3,Ergebnisse_Clone3_13.07.2026/mobilenet_v2_fp64_medium_BS1_bench_meta.json,.json,602,5b79db9fed51611b8ccf930d5ffd011ac35da924b41efc1bd8d9541c0944daeb
Clone3,Ergebnisse_Clone3_13.07.2026/mobilenet_v2_fp64_medium_BS1_perf.csv,.csv,2479625,792f84cabb38f755540440b488ababbfb3fb7102ee5dd00651a6b03141fc0e80
Clone3,Ergebnisse_Clone3_13.07.2026/mobilenet_v2_fp64_medium_BS1_tegrastats.log,.log,1107997,c33c9383d631f57129a4a3549889c9b20143ea51667a2da9ce0dae41b649f6f3
Clone3,Ergebnisse_Clone3_13.07.2026/mobilenet_v2_fp64_medium_BS1_tegrastats_power.csv,.csv,50705,bea3649c5da62abaf06db54b17cdf4d23ef96a0958bafd800de8c750eb39f8b4
Clone3,Ergebnisse_Clone3_13.07.2026/mobilenet_v2_fp64_medium_BS32_bench_meta.json,.json,602,bd57bf698d4837343738e582dacf8e873294b34d947641780aaf1ba3e2d182e8
Clone3,Ergebnisse_Clone3_13.07.2026/mobilenet_v2_fp64_medium_BS32_perf.csv,.csv,82420,bb0eee1fd8f201aa965427395d50d18fa973b740e63ab9d84b2ce1eeb10c151a
Clone3,Ergebnisse_Clone3_13.07.2026/mobilenet_v2_fp64_medium_BS32_tegrastats.log,.log,1080466,210ceb7352163e7771691572185839a9ed1d042ee159cfb5961deb5ff2023d3d
Clone3,Ergebnisse_Clone3_13.07.2026/mobilenet_v2_fp64_medium_BS32_tegrastats_power.csv,.csv,52784,6af595d3f1b5a3288937d0448ae5830426f5d6552001d08c154dd408bb7f7103
Clone3,Ergebnisse_Clone3_13.07.2026/mobilenet_v2_fp64_medium_BS4_bench_meta.json,.json,604,471ff0d59da6e17a8e4ec92c220c1473f9cfc492e48b0ced33b3d0bb2bfc31fe
Clone3,Ergebnisse_Clone3_13.07.2026/mobilenet_v2_fp64_medium_BS4_perf.csv,.csv,622995,73ce547ef2459daf1e542a840749eb60b99ea9fcc7214b33c5d2aaba5b313497
Clone3,Ergebnisse_Clone3_13.07.2026/mobilenet_v2_fp64_medium_BS4_tegrastats.log,.log,1221912,d7e2c7998c772bfd50f5bbcdc1640ff1a52bf28949b738bced6f63005e66c62f
Clone3,Ergebnisse_Clone3_13.07.2026/mobilenet_v2_fp64_medium_BS4_tegrastats_power.csv,.csv,58062,3e2375be97030b79bc189c243a53726a5023c32e607900bde7d2f4a594662144
Clone3,Ergebnisse_Clone3_13.07.2026/mobilenet_v2_fp64_medium_BS64_bench_meta.json,.json,603,298e952d87f14a6699751c502b6d4c5396508498869c97c2a1f995587dcd778f
Clone3,Ergebnisse_Clone3_13.07.2026/mobilenet_v2_fp64_medium_BS64_perf.csv,.csv,41601,9ab2521de617ee731c23387fea293d4f85ffe70cf7e6ad4ef3fef046ee58f572
Clone3,Ergebnisse_Clone3_13.07.2026/mobilenet_v2_fp64_medium_BS64_tegrastats.log,.log,1151597,c5fbfad186b4e6ed278d0a421507149f0e756a53bbb3b493e370e3d521913645
Clone3,Ergebnisse_Clone3_13.07.2026/mobilenet_v2_fp64_medium_BS64_tegrastats_power.csv,.csv,56255,2a373ee67c1759241e3be870b899a743b99a685bc5a7ee15ecedf91150ce8bbe
Clone3,Ergebnisse_Clone3_13.07.2026/mobilenet_v2_fp64_medium_BS8_bench_meta.json,.json,604,c69c8e4ab2c2815de51707c6a6b41960c498df14053bbb3b51688e4b7afcb93a
Clone3,Ergebnisse_Clone3_13.07.2026/mobilenet_v2_fp64_medium_BS8_perf.csv,.csv,312541,08cd0e3a98c252d8048c89b1b96a493edf7784eb72f1ff403805ecd73184be4f
Clone3,Ergebnisse_Clone3_13.07.2026/mobilenet_v2_fp64_medium_BS8_tegrastats.log,.log,1172969,e5245daa86d6d3a4b04d47601d40b74a8ef7bd155d97b61d62c338a1d9376fe6
Clone3,Ergebnisse_Clone3_13.07.2026/mobilenet_v2_fp64_medium_BS8_tegrastats_power.csv,.csv,55758,04c3773110bc91148924e1a5c89c72a68c3aaf685346c7a32c5544cb3bda8703
Clone3,Ergebnisse_Clone3_13.07.2026/mobilenet_v2_fp64_slow_BS128_bench_meta.json,.json,604,3edb15461c5e63c9d6fb40a31cf7c78fa394adb72e508f9fa79c54d2a21ac699
Clone3,Ergebnisse_Clone3_13.07.2026/mobilenet_v2_fp64_slow_BS128_perf.csv,.csv,21648,2b8e22664e5b63cb3a4c9af5ea63b768ce117061fdaf6e289d94d73ce8c6d67f
Clone3,Ergebnisse_Clone3_13.07.2026/mobilenet_v2_fp64_slow_BS128_tegrastats.log,.log,2233327,3df35ee7da89d2cc81591a5b41f3fe868176c64f62cbc411421a6181366181ff
Clone3,Ergebnisse_Clone3_13.07.2026/mobilenet_v2_fp64_slow_BS128_tegrastats_power.csv,.csv,114020,aaeb5ee2baa169b75048845335001d0d0a2484686c1b5e9e2ee6601c04c81b6a
Clone3,Ergebnisse_Clone3_13.07.2026/mobilenet_v2_fp64_slow_BS16_bench_meta.json,.json,604,c2def27902bbbe5703566cdc076fe6d9b9744f494090bf450e6dade48a233462
Clone3,Ergebnisse_Clone3_13.07.2026/mobilenet_v2_fp64_slow_BS16_perf.csv,.csv,163417,6ca3ece3b9b621f42116a81fd60ea125d834b5144bb8521421b6d2d54189b721
Clone3,Ergebnisse_Clone3_13.07.2026/mobilenet_v2_fp64_slow_BS16_tegrastats.log,.log,2018373,55937ea12785732f8f371860716b801c11f34e0ccdfad874d8d26db156704474
Clone3,Ergebnisse_Clone3_13.07.2026/mobilenet_v2_fp64_slow_BS16_tegrastats_power.csv,.csv,102393,19da3ad974a16af21b1e2ae2f2e777a0f48ab585474ff9c7ae803a0160c5ec81
Clone3,Ergebnisse_Clone3_13.07.2026/mobilenet_v2_fp64_slow_BS1_bench_meta.json,.json,603,780bade04e77b07cc2c56ab930157655683e848f952ac76689bbe858a56ba921
Clone3,Ergebnisse_Clone3_13.07.2026/mobilenet_v2_fp64_slow_BS1_perf.csv,.csv,2471124,5fd2d89076877222d4c81a4c830cb00db6c29e92876513c367af04bcb4084466
Clone3,Ergebnisse_Clone3_13.07.2026/mobilenet_v2_fp64_slow_BS1_tegrastats.log,.log,2037823,37f9b32e8bf1c2a798e9541d839a873f677fd4d1dfdd7d26206608252c901705
Clone3,Ergebnisse_Clone3_13.07.2026/mobilenet_v2_fp64_slow_BS1_tegrastats_power.csv,.csv,103685,62e7b0c5cf3feb18ca8de8901f4b82431f6747463b8e472f9f496d240f9e86c0
Clone3,Ergebnisse_Clone3_13.07.2026/mobilenet_v2_fp64_slow_BS32_bench_meta.json,.json,603,c4cb0966985f8ca0633fe8c55831a49fd92549be4a52fbc612de29bf3fd28f55
Clone3,Ergebnisse_Clone3_13.07.2026/mobilenet_v2_fp64_slow_BS32_perf.csv,.csv,82324,dd5e887cc19e8a7c99b68bbbcbe4669b61892137260d6408a140ea39dfb7990a
Clone3,Ergebnisse_Clone3_13.07.2026/mobilenet_v2_fp64_slow_BS32_tegrastats.log,.log,1934296,def754669196281c3ecbada01c898e38cdf557ae725d40acc791423383881f42
Clone3,Ergebnisse_Clone3_13.07.2026/mobilenet_v2_fp64_slow_BS32_tegrastats_power.csv,.csv,97961,594d904ac8e84553b250b619448ab878b6963a81dd28ffe153bff97f59bcc06c
Clone3,Ergebnisse_Clone3_13.07.2026/mobilenet_v2_fp64_slow_BS4_bench_meta.json,.json,605,99cf3442210f474e60f565b4eb11d8433b898e1c15687879bcb1ec15f2a373c5
Clone3,Ergebnisse_Clone3_13.07.2026/mobilenet_v2_fp64_slow_BS4_perf.csv,.csv,608802,f2a2f98bd765e9f2650805b3e58220cb1316de3cc7ce94f002f54bddd5d4bbf0
Clone3,Ergebnisse_Clone3_13.07.2026/mobilenet_v2_fp64_slow_BS4_tegrastats.log,.log,2211770,c7af2d489a0d9c9f01e63748ab49a6a982ef41710a621980b062483de4986565
Clone3,Ergebnisse_Clone3_13.07.2026/mobilenet_v2_fp64_slow_BS4_tegrastats_power.csv,.csv,113098,7eb1f6b645cdf92ed7b6412fac586c2f459fe141a42215d7eda798b2ff9a3bdc
Clone3,Ergebnisse_Clone3_13.07.2026/mobilenet_v2_fp64_slow_BS64_bench_meta.json,.json,601,6c5ea5775f3858c176fb8b59f3b63c722c85851d717c8c0c628a8427019777e2
Clone3,Ergebnisse_Clone3_13.07.2026/mobilenet_v2_fp64_slow_BS64_perf.csv,.csv,41333,b3f793646fa47be307a384e96099a57bfd031a1fba952d455a1aa06f4a8a4ebf
Clone3,Ergebnisse_Clone3_13.07.2026/mobilenet_v2_fp64_slow_BS64_tegrastats.log,.log,2099533,7c36c05e2c66132b9a4fc06d5d8af6dae6220df5346eb4744759a73d2c1af08a
Clone3,Ergebnisse_Clone3_13.07.2026/mobilenet_v2_fp64_slow_BS64_tegrastats_power.csv,.csv,106778,a294a35c74d50940c890b0f25eb663b558e04b4bf6e711bb90be399e35f7c7eb
Clone3,Ergebnisse_Clone3_13.07.2026/mobilenet_v2_fp64_slow_BS8_bench_meta.json,.json,602,399b8c08c1e848ccaf5410ddcb8971c192d547d209e9ce25b96c084f391cdefd
Clone3,Ergebnisse_Clone3_13.07.2026/mobilenet_v2_fp64_slow_BS8_perf.csv,.csv,310531,52a9bc78aba29497d73953a999e4c4b902afd0576547e13ad57791d28c384af8
Clone3,Ergebnisse_Clone3_13.07.2026/mobilenet_v2_fp64_slow_BS8_tegrastats.log,.log,2150360,928f448458a7a02516b3b713a00014dbca353b42ea7df5ce8e33266b3dd1dc97
Clone3,Ergebnisse_Clone3_13.07.2026/mobilenet_v2_fp64_slow_BS8_tegrastats_power.csv,.csv,109926,653ea51e60159284f374888443f752a2540ff230fc911064d3d0162595bdbe3e
Clone3,Ergebnisse_Clone3_13.07.2026/resnet50_fp16_fast_BS128_bench_meta.json,.json,598,2ebaa431db1ea7141bc094d1a890f5f9f188254c3053c26ffd74a26694ebb8f3
Clone3,Ergebnisse_Clone3_13.07.2026/resnet50_fp16_fast_BS128_perf.csv,.csv,21239,8f762c20276ce808c91cd0e0a3153e94cbde859c0884559bd7f4e09931b4c8cf
Clone3,Ergebnisse_Clone3_13.07.2026/resnet50_fp16_fast_BS128_tegrastats.log,.log,357094,cd7776792d0792a16ee0c68cb73ca9e2441db47770bb024a32d268635b9d0b12
Clone3,Ergebnisse_Clone3_13.07.2026/resnet50_fp16_fast_BS128_tegrastats_power.csv,.csv,16123,f45493e51c2edb8461a74f938bf56dd6444fa8b1dcf7efc3526f80f973301210
Clone3,Ergebnisse_Clone3_13.07.2026/resnet50_fp16_fast_BS16_bench_meta.json,.json,597,abef1597dec649e44757c242434e82dfed966b39eb097a40afaf1d5a8e0f82be
Clone3,Ergebnisse_Clone3_13.07.2026/resnet50_fp16_fast_BS16_perf.csv,.csv,159975,126712a3a0dd0d13c2d1bc9122990aa81efc13185fdd8c523d98897a4cadf063
Clone3,Ergebnisse_Clone3_13.07.2026/resnet50_fp16_fast_BS16_tegrastats.log,.log,355537,0a088aaf751aed9f5316146293650f1dcab2936607a6fc45963cc89a4e46a4e6
Clone3,Ergebnisse_Clone3_13.07.2026/resnet50_fp16_fast_BS16_tegrastats_power.csv,.csv,15986,efe4274e2bfcbcc1d2ac0aef72f45d41556bd8bdfaa0ab90a23c37adbed0839b
Clone3,Ergebnisse_Clone3_13.07.2026/resnet50_fp16_fast_BS1_bench_meta.json,.json,602,e89431dbbb0be81e3045e581f7f2940eb3952d819c4ab6d02b82ae299b82f040
Clone3,Ergebnisse_Clone3_13.07.2026/resnet50_fp16_fast_BS1_perf.csv,.csv,2489701,185ad75f2fab759010990aaa550a58f4bdb3ee9fcaf5310b2d99925da028a18a
Clone3,Ergebnisse_Clone3_13.07.2026/resnet50_fp16_fast_BS1_tegrastats.log,.log,859107,71269cc96de67ea7c9f040da290c9dff8c1204e3e09fe341433d15ca42aad31b
Clone3,Ergebnisse_Clone3_13.07.2026/resnet50_fp16_fast_BS1_tegrastats_power.csv,.csv,41074,ddd411f3ebce1445ea3c09367c747d4ecf2b6e4cbccf7e1031f28df4edb946b7
Clone3,Ergebnisse_Clone3_13.07.2026/resnet50_fp16_fast_BS32_bench_meta.json,.json,601,8009923d277b59ffba287d58b34cb6c8a895d81e703e8a1100f597d33f84ba25
Clone3,Ergebnisse_Clone3_13.07.2026/resnet50_fp16_fast_BS32_perf.csv,.csv,82356,3405799d6600da69d671cbe178e5c3bc024fe739ca8b69edd2ca2cc843b0d106
Clone3,Ergebnisse_Clone3_13.07.2026/resnet50_fp16_fast_BS32_tegrastats.log,.log,348772,d16f6c29e6b47cdccbedc670799b8c7ad499645360491a820ebce1bedb511523
Clone3,Ergebnisse_Clone3_13.07.2026/resnet50_fp16_fast_BS32_tegrastats_power.csv,.csv,15645,1ce2cad6bffa1ae1a122844ec660e50b999fe6507c9b35f60a73fe881ed7ae49
Clone3,Ergebnisse_Clone3_13.07.2026/resnet50_fp16_fast_BS4_bench_meta.json,.json,602,5e020deec627a1214ebde78fbed972632d543de94095f51690d19325ee64843d
Clone3,Ergebnisse_Clone3_13.07.2026/resnet50_fp16_fast_BS4_perf.csv,.csv,623429,0a5b1cf9d4ce8732be692be8c0b974a7a8cd17737c790815c61c8d5a8fe2ce84
Clone3,Ergebnisse_Clone3_13.07.2026/resnet50_fp16_fast_BS4_tegrastats.log,.log,397674,4e9fe5c53f3e963009b8447f1587d082ef36b0342c25760560558f1c34404839
Clone3,Ergebnisse_Clone3_13.07.2026/resnet50_fp16_fast_BS4_tegrastats_power.csv,.csv,18091,112de9cab32364dff7e17757610c2d7ce7ea60f5b325577015b5ea5d131b8b7d
Clone3,Ergebnisse_Clone3_13.07.2026/resnet50_fp16_fast_BS64_bench_meta.json,.json,600,28f7df42e1ef907b090df9d05642eab2e2e08460bf35e43ea6b1a36849cac94b
Clone3,Ergebnisse_Clone3_13.07.2026/resnet50_fp16_fast_BS64_perf.csv,.csv,41212,f525230918d43b046422cbc2e0f91b3256a2a58d5f5e5301bfe086572d8ba2aa
Clone3,Ergebnisse_Clone3_13.07.2026/resnet50_fp16_fast_BS64_tegrastats.log,.log,536877,96e5dad1361ea0361f36d3b464316dc331af989636ce23ec999660205be6733b
Clone3,Ergebnisse_Clone3_13.07.2026/resnet50_fp16_fast_BS64_tegrastats_power.csv,.csv,25484,6079e2a3c7fe2c7cac616f5c0fe8c2c256744c2da31df3b081ce2577d7941456
Clone3,Ergebnisse_Clone3_13.07.2026/resnet50_fp16_fast_BS8_bench_meta.json,.json,600,eb77501be018a1c2a4db1b5cbcc5115132bdfa923364ea12765163c8e332260b
Clone3,Ergebnisse_Clone3_13.07.2026/resnet50_fp16_fast_BS8_perf.csv,.csv,311102,e26f2393f4172b4fb56831fb331769763669270913c3a32043330f6bc0bf9ac8
Clone3,Ergebnisse_Clone3_13.07.2026/resnet50_fp16_fast_BS8_tegrastats.log,.log,371396,6fbbc536134f0b4714107577e3f7b699d8a093722ea2f436f97f2371108f9c2a
Clone3,Ergebnisse_Clone3_13.07.2026/resnet50_fp16_fast_BS8_tegrastats_power.csv,.csv,16687,286618909f964c521c2f728b911771df76693b399d72bbee9f472394f344405b
Clone3,Ergebnisse_Clone3_13.07.2026/resnet50_fp16_medium_BS128_bench_meta.json,.json,600,18d4abea7fd2d0d43f13e5503bea30be69551cc911e4c37dab945e8477eaf3c3
Clone3,Ergebnisse_Clone3_13.07.2026/resnet50_fp16_medium_BS128_perf.csv,.csv,21212,cbf966bee84a5dd499d618eee946e7f6a5bce7c975f0dba0ba01b62010913a11
Clone3,Ergebnisse_Clone3_13.07.2026/resnet50_fp16_medium_BS128_tegrastats.log,.log,363031,73d7280097b3d4fc8ea629831b25e7d851c1920a4675b05debfd788a2f7ff4df
Clone3,Ergebnisse_Clone3_13.07.2026/resnet50_fp16_medium_BS128_tegrastats_power.csv,.csv,16385,6ca8dc06caf9031eaa45df4b49cb11ce7a23f1d434836e3a489b0f584cf1d608
Clone3,Ergebnisse_Clone3_13.07.2026/resnet50_fp16_medium_BS16_bench_meta.json,.json,602,9ad78fc4ec4fe705d664ccfe8af75705dddd61eeb93ca6039f1bc3f21ee6e071
Clone3,Ergebnisse_Clone3_13.07.2026/resnet50_fp16_medium_BS16_perf.csv,.csv,163107,f0f41a5b9fad5b02e2c4c93351f03b3c8644bbb2e2f1d21dff2b933df6992082
Clone3,Ergebnisse_Clone3_13.07.2026/resnet50_fp16_medium_BS16_tegrastats.log,.log,422489,a9cbb61fc41619af8a35ac19b91c7d1056242c58b5e2b89997887ed6943f775e
Clone3,Ergebnisse_Clone3_13.07.2026/resnet50_fp16_medium_BS16_tegrastats_power.csv,.csv,19145,bda1124767164d876a407476fa4e3756dd57dc47a8a116cd9367dc898a857003
Clone3,Ergebnisse_Clone3_13.07.2026/resnet50_fp16_medium_BS1_bench_meta.json,.json,597,751f777e2cc0b4b7343e38864c2543604210d3cc88233255651ae07b49d7ea8f
Clone3,Ergebnisse_Clone3_13.07.2026/resnet50_fp16_medium_BS1_perf.csv,.csv,2479828,254d43b2239ed8989a5ece79b19d1a1f7d3c92caab93336c83aa389a46e66153
Clone3,Ergebnisse_Clone3_13.07.2026/resnet50_fp16_medium_BS1_tegrastats.log,.log,915744,14a66cc8955c4766f678576e9c47aa65681a8850e3efbc53c96e1a4b218208f5
Clone3,Ergebnisse_Clone3_13.07.2026/resnet50_fp16_medium_BS1_tegrastats_power.csv,.csv,44620,6ad52d00eb93c349721a5a37c2f50339568e3b3aa24fb7021070ecca13df3c0f
Clone3,Ergebnisse_Clone3_13.07.2026/resnet50_fp16_medium_BS32_bench_meta.json,.json,602,d6204643f0ae29d4cacf08e430fb2c095f12f8b360720785275f38539a198a4d
Clone3,Ergebnisse_Clone3_13.07.2026/resnet50_fp16_medium_BS32_perf.csv,.csv,82426,3e0a9e83d2a3df57a3155e85efc4be4cbfe54b37e54b3b1e2641b19192466083
Clone3,Ergebnisse_Clone3_13.07.2026/resnet50_fp16_medium_BS32_tegrastats.log,.log,392532,482f83a533bb4ec677591c74da73424065241ee09e318561d900f0995b57ff26
Clone3,Ergebnisse_Clone3_13.07.2026/resnet50_fp16_medium_BS32_tegrastats_power.csv,.csv,17672,175df5743762d30663a32e48eb03924e2ff3d3d279632180c91c0f95445dd818
Clone3,Ergebnisse_Clone3_13.07.2026/resnet50_fp16_medium_BS4_bench_meta.json,.json,600,01c615e0a95ff5e701f26a39310baa8c342a6b4ea480d278d7e7d31d1f7ca7fb
Clone3,Ergebnisse_Clone3_13.07.2026/resnet50_fp16_medium_BS4_perf.csv,.csv,609084,244a69ae492508c7db3117066be9a68b37da3b415bbe177f034036514221c0ea
Clone3,Ergebnisse_Clone3_13.07.2026/resnet50_fp16_medium_BS4_tegrastats.log,.log,480377,7425a9abcc5b06ddff5a087b13014c34b22266464a041bda50c531530e090a78
Clone3,Ergebnisse_Clone3_13.07.2026/resnet50_fp16_medium_BS4_tegrastats_power.csv,.csv,22144,3ea2e632c52dba59abe79ccb84f50efe5f772392a21e2625607cfb678b189d54
Clone3,Ergebnisse_Clone3_13.07.2026/resnet50_fp16_medium_BS64_bench_meta.json,.json,600,182fd3cb280cc20652cca65d56076c41124b3c1292e2e7124e0aa2bf064ed3c5
Clone3,Ergebnisse_Clone3_13.07.2026/resnet50_fp16_medium_BS64_perf.csv,.csv,41460,0412ef5b2952e63de549b6cd1c096d57992dd4c06f80bfbdb858a902a06c5060
Clone3,Ergebnisse_Clone3_13.07.2026/resnet50_fp16_medium_BS64_tegrastats.log,.log,380025,3b7c5e240ac07c73e0ea821d2625e9a8a2fb5f9c71c4a32263c6735b99f637fa
Clone3,Ergebnisse_Clone3_13.07.2026/resnet50_fp16_medium_BS64_tegrastats_power.csv,.csv,17160,f87952c821207ed654231d241f964733dcac01293cf9b0360a74b79483ec290e
Clone3,Ergebnisse_Clone3_13.07.2026/resnet50_fp16_medium_BS8_bench_meta.json,.json,599,c714437c0060b541fe672947a666d162bb85d2d4f8dca920dd17893f897d103d
Clone3,Ergebnisse_Clone3_13.07.2026/resnet50_fp16_medium_BS8_perf.csv,.csv,307226,4096a0b1e5962361f4152f755f952f0d5349aaa299d0d2b149e341ab5f953cc9
Clone3,Ergebnisse_Clone3_13.07.2026/resnet50_fp16_medium_BS8_tegrastats.log,.log,420722,8d4cf0d862e32cb9c084eae6b7a72b025df88ff2112865496d414ed4675d223d
Clone3,Ergebnisse_Clone3_13.07.2026/resnet50_fp16_medium_BS8_tegrastats_power.csv,.csv,19194,2cec2c2b9d867324d7f702ee9b46f0f8c72f60d20f0bc172934eed7d68cd2b8b
Clone3,Ergebnisse_Clone3_13.07.2026/resnet50_fp16_slow_BS128_bench_meta.json,.json,603,9fc32ca3b4a96050a11ecf182161961081f3970f0f53b5e37d17d463d17a1ec6
Clone3,Ergebnisse_Clone3_13.07.2026/resnet50_fp16_slow_BS128_perf.csv,.csv,21645,7d66fb50ff00f9271ecfd1ea3d5abfac7498f97239b503b372158b4719ca580f
Clone3,Ergebnisse_Clone3_13.07.2026/resnet50_fp16_slow_BS128_tegrastats.log,.log,536481,9eb7e6b6bded709f73070683e017168c2782c18685742893b7f1057d1f43d0e2
Clone3,Ergebnisse_Clone3_13.07.2026/resnet50_fp16_slow_BS128_tegrastats_power.csv,.csv,25491,4a011e98d3807816ce02ea1455805782815234f49540469a2035d41fd058b0bb
Clone3,Ergebnisse_Clone3_13.07.2026/resnet50_fp16_slow_BS16_bench_meta.json,.json,600,97e92356be7e1e0cce4a141c000afd512fcd78019a8c418998fef91bb143aee0
Clone3,Ergebnisse_Clone3_13.07.2026/resnet50_fp16_slow_BS16_perf.csv,.csv,159921,8759187b0d0e07e44fd4269985fe581a924abdb7f12c443340375b1edaf07195
Clone3,Ergebnisse_Clone3_13.07.2026/resnet50_fp16_slow_BS16_tegrastats.log,.log,555286,22adc15754ae7f643a6a5e4deaa782d0e2dd5b1e9873f9f73282dc9fb9895b67
Clone3,Ergebnisse_Clone3_13.07.2026/resnet50_fp16_slow_BS16_tegrastats_power.csv,.csv,26226,e9c5a0f2e03849d008bc9707881f8c5c8ad469fca0f440fd857b24b2c669dfb7
Clone3,Ergebnisse_Clone3_13.07.2026/resnet50_fp16_slow_BS1_bench_meta.json,.json,598,acc266fc6aa15a80eaa3596b6e7b8a347b0a3d46e8b4af231b591b05465c480e
Clone3,Ergebnisse_Clone3_13.07.2026/resnet50_fp16_slow_BS1_perf.csv,.csv,2479448,9a3b89edfdf389ab6246f46ae1100b0f770d2e30568e7362872e8663693da3c3
Clone3,Ergebnisse_Clone3_13.07.2026/resnet50_fp16_slow_BS1_tegrastats.log,.log,1278690,035b6727e8df1db0788abf07cccc7f43a6ca99ea4cb4e6ff31212b20eb29a323
Clone3,Ergebnisse_Clone3_13.07.2026/resnet50_fp16_slow_BS1_tegrastats_power.csv,.csv,64281,06aec02c0c610bfc88de8eb1f10bda04c8191cfb42a1c15544549ebd6a66f675
Clone3,Ergebnisse_Clone3_13.07.2026/resnet50_fp16_slow_BS32_bench_meta.json,.json,602,1b98961e4a6c24450eeeffda2065df29ef74072ebab82948a80f9ed6f8c6868f
Clone3,Ergebnisse_Clone3_13.07.2026/resnet50_fp16_slow_BS32_perf.csv,.csv,82168,ceaa8db09ac9b97f7305dff6a5647b44909a6bffc67846fb52816a764885fb5d
Clone3,Ergebnisse_Clone3_13.07.2026/resnet50_fp16_slow_BS32_tegrastats.log,.log,536163,b9212de05e3cc2bfb461cd1c7cc675ab7977d6996efb9ea3d8c6d112852a5a93
Clone3,Ergebnisse_Clone3_13.07.2026/resnet50_fp16_slow_BS32_tegrastats_power.csv,.csv,25367,f081790d8d96c15a15b1074ec5afaea23206fabc44b530a8a92abee28c714bc4
Clone3,Ergebnisse_Clone3_13.07.2026/resnet50_fp16_slow_BS4_bench_meta.json,.json,600,ed52caff8be79bb4b9a897f6c02c54b12324d5ad77023ec27e273e975346c32d
Clone3,Ergebnisse_Clone3_13.07.2026/resnet50_fp16_slow_BS4_perf.csv,.csv,607623,aa24bb0ee5eb0955e7b1cb7d092e910f6fbd2b40fddf6f08c196ec42d0a97933
Clone3,Ergebnisse_Clone3_13.07.2026/resnet50_fp16_slow_BS4_tegrastats.log,.log,648155,59451c536a09252b580392863946a5e5f6a1c92f2500d0a8eaf06c238e336905
Clone3,Ergebnisse_Clone3_13.07.2026/resnet50_fp16_slow_BS4_tegrastats_power.csv,.csv,31415,d853190b6687c011182078120ff267b2c71f5ba00daf86ef8e7d9f6c053ae7ed
Clone3,Ergebnisse_Clone3_13.07.2026/resnet50_fp16_slow_BS64_bench_meta.json,.json,597,405461ce1d50f8983366116a066331977b40eb2150c16c26ecf03af517bd3ae9
Clone3,Ergebnisse_Clone3_13.07.2026/resnet50_fp16_slow_BS64_perf.csv,.csv,41200,25065d45f355e3941db66964fa4a7032baf3168cfaf5d6d40071078eb439d20f
Clone3,Ergebnisse_Clone3_13.07.2026/resnet50_fp16_slow_BS64_tegrastats.log,.log,540605,74d89eef794873c394ea7abe800dc212a43ef90996a488500a2c2579e7acb18b
Clone3,Ergebnisse_Clone3_13.07.2026/resnet50_fp16_slow_BS64_tegrastats_power.csv,.csv,25582,bec2fdf6ef1e46625541dbc20e2ab993d9ff40da5afa9a0e4ea71561d95cb228
Clone3,Ergebnisse_Clone3_13.07.2026/resnet50_fp16_slow_BS8_bench_meta.json,.json,597,e60adba86d2a05ee732eb90a9de87cb1a5411fb00529110f15ec3b9173c1ce7a
Clone3,Ergebnisse_Clone3_13.07.2026/resnet50_fp16_slow_BS8_perf.csv,.csv,306158,16884f0a89bea65a39c1c61afa6bccded385a6e1dc3b5bf1253dc003d51edca4
Clone3,Ergebnisse_Clone3_13.07.2026/resnet50_fp16_slow_BS8_tegrastats.log,.log,595454,5c86aa6831d8ab03bd234e3641c580f4326945a43a1f60aac57847f4785455d3
Clone3,Ergebnisse_Clone3_13.07.2026/resnet50_fp16_slow_BS8_tegrastats_power.csv,.csv,28557,1d016f6f994545ddf0dbfe584ca42761aa0825195d7e53d4aa3954c30e20f414
Clone3,Ergebnisse_Clone3_13.07.2026/resnet50_fp32_fast_BS128_bench_meta.json,.json,599,c79221b697dd1e15752e2be89efa9522c02530dfa7a65f7f948f5659c71eb6c1
Clone3,Ergebnisse_Clone3_13.07.2026/resnet50_fp32_fast_BS128_perf.csv,.csv,21267,be38cc203465111af02975011ad2ff01278388104c2d389b40d66947250de25b
Clone3,Ergebnisse_Clone3_13.07.2026/resnet50_fp32_fast_BS128_tegrastats.log,.log,496476,c0f4a4555461f2451f9730296b199b6c07f7c5ca0894ec7d0de27b8a4307f4c3
Clone3,Ergebnisse_Clone3_13.07.2026/resnet50_fp32_fast_BS128_tegrastats_power.csv,.csv,23466,e3a013ab9e383d61d07400f5f9946ee013c56d9ed82c03479ca5a5cadf9a95bc
Clone3,Ergebnisse_Clone3_13.07.2026/resnet50_fp32_fast_BS16_bench_meta.json,.json,601,ed133fa22b8081b1d0ccdf48b55a02b452c18addd1e25613cca2fd92b2d45fd0
Clone3,Ergebnisse_Clone3_13.07.2026/resnet50_fp32_fast_BS16_perf.csv,.csv,160092,f97eb54dc767f0640924755ab06ac385b1d5b59ccf487c3ced2636c5e2664856
Clone3,Ergebnisse_Clone3_13.07.2026/resnet50_fp32_fast_BS16_tegrastats.log,.log,786086,c1f3d4910205fc5c57349bf749d235f3ba311038ca168327e7df2652a792db8e
Clone3,Ergebnisse_Clone3_13.07.2026/resnet50_fp32_fast_BS16_tegrastats_power.csv,.csv,38376,3ccea8209da6c4ee9d8b98acffb2f917eadc27cc37de4d8a17d531c47f79a37b
Clone3,Ergebnisse_Clone3_13.07.2026/resnet50_fp32_fast_BS1_bench_meta.json,.json,601,510bc13f1df4e79618e2e99aafa841d1cffacf41a5e8824989e00c5596b55cac
Clone3,Ergebnisse_Clone3_13.07.2026/resnet50_fp32_fast_BS1_perf.csv,.csv,2479850,34a469663608bdbe4a43c3ba780aa90022b3f9c031b2178ddaff39f67ef2b773
Clone3,Ergebnisse_Clone3_13.07.2026/resnet50_fp32_fast_BS1_tegrastats.log,.log,1164795,e41594c06797f8b544ef0646a6acbdfa0ec632896f3de6af3516e7dce103a62b
Clone3,Ergebnisse_Clone3_13.07.2026/resnet50_fp32_fast_BS1_tegrastats_power.csv,.csv,57958,f611a1ae9825ba9790179b56c2dde0631add349cd380cb4ac4233cfdfd84297a
Clone3,Ergebnisse_Clone3_13.07.2026/resnet50_fp32_fast_BS32_bench_meta.json,.json,601,0723fcd852495af6c369f2afb2b658e0157c3ed568a78d443ed3eba5ac053b87
Clone3,Ergebnisse_Clone3_13.07.2026/resnet50_fp32_fast_BS32_perf.csv,.csv,80601,326b4795b39ee3a4fc788e90bb847f723451b670a6696660ccf2fffc3bd7b75c
Clone3,Ergebnisse_Clone3_13.07.2026/resnet50_fp32_fast_BS32_tegrastats.log,.log,479929,e9ac9ea14b080def08d3c2e3c3bc55ef6848a2fd4afba7112ae988a760ebb939
Clone3,Ergebnisse_Clone3_13.07.2026/resnet50_fp32_fast_BS32_tegrastats_power.csv,.csv,22664,7a3780c83430fcd89885be6e407ff652edffd4659fd7245f4e3d0a8de96dbf46
Clone3,Ergebnisse_Clone3_13.07.2026/resnet50_fp32_fast_BS4_bench_meta.json,.json,600,ac097e7d2c6bb334b1790458fef7000604b3688e54c5080fcc193d05e2445841
Clone3,Ergebnisse_Clone3_13.07.2026/resnet50_fp32_fast_BS4_perf.csv,.csv,606588,69d5856be404f836b8ba0ddced68f7818bf4f5d24084eddb914f7f3e8cdf60a4
Clone3,Ergebnisse_Clone3_13.07.2026/resnet50_fp32_fast_BS4_tegrastats.log,.log,561176,28ffb1733c377a0ce95223355e0a3801002ced229e1d44accf16204946dcb39c
Clone3,Ergebnisse_Clone3_13.07.2026/resnet50_fp32_fast_BS4_tegrastats_power.csv,.csv,26537,3c4a02993b574391e315437762f82aa4775a7d39380db30aebe6c8ea394e99b8
Clone3,Ergebnisse_Clone3_13.07.2026/resnet50_fp32_fast_BS64_bench_meta.json,.json,601,b988f35cfa61081aa035cda6f44d107b507f666c900b638fe759b06351036296
Clone3,Ergebnisse_Clone3_13.07.2026/resnet50_fp32_fast_BS64_perf.csv,.csv,41382,70173e57637f0b23dff0f4923c205e1f925bea9efd27ff607cbae33b58efa3f6
Clone3,Ergebnisse_Clone3_13.07.2026/resnet50_fp32_fast_BS64_tegrastats.log,.log,773800,327a6e307130b82f1fab17828c8c9fccca746adc6891e31b50ba1623d99eb2e7
Clone3,Ergebnisse_Clone3_13.07.2026/resnet50_fp32_fast_BS64_tegrastats_power.csv,.csv,37771,5e7abef1f78c4921de981656acc8b07973fdf921cd81e9816c1f1d950f8e8cd8
Clone3,Ergebnisse_Clone3_13.07.2026/resnet50_fp32_fast_BS8_bench_meta.json,.json,599,484aa90ec0354074fcb1685051c86640ba646601c5dda81e80fe9d2cab25252f
Clone3,Ergebnisse_Clone3_13.07.2026/resnet50_fp32_fast_BS8_perf.csv,.csv,309881,344c23e518b214ca7ed91fbdc50f967e4b1e83c57e045d2e4da0e8f29e1420ef
Clone3,Ergebnisse_Clone3_13.07.2026/resnet50_fp32_fast_BS8_tegrastats.log,.log,520629,2fcf8d8a6675b83d83c6784fdc167190fc4e0d7332e46ad8d4ca644d19d66142
Clone3,Ergebnisse_Clone3_13.07.2026/resnet50_fp32_fast_BS8_tegrastats_power.csv,.csv,24488,0c20fc3e3a251360a696653a04f99a3efa092188ed2215110d128b392ab674b3
Clone3,Ergebnisse_Clone3_13.07.2026/resnet50_fp32_medium_BS128_bench_meta.json,.json,602,3285511afc03862188c6ed68dd03a28cf449be2fc98690d57e89e2c8cd46f5bf
Clone3,Ergebnisse_Clone3_13.07.2026/resnet50_fp32_medium_BS128_perf.csv,.csv,21237,3a3fcf6b5bf079d02c847395892601ef0b85ee4c30e27ced595349091b987308
Clone3,Ergebnisse_Clone3_13.07.2026/resnet50_fp32_medium_BS128_tegrastats.log,.log,502878,b3e3eca5d5fcbe019c44d4a40c62839c9a3f6fe95850eef457bddc3bf6ef99d2
Clone3,Ergebnisse_Clone3_13.07.2026/resnet50_fp32_medium_BS128_tegrastats_power.csv,.csv,23824,e651ca8877df366298ea48753aa32ad957743937afb664cd7b787185249b47a4
Clone3,Ergebnisse_Clone3_13.07.2026/resnet50_fp32_medium_BS16_bench_meta.json,.json,598,87084e9ac5bc31288307f65888cb2bf048618c5f13219eea330ffe02e8ebf263
Clone3,Ergebnisse_Clone3_13.07.2026/resnet50_fp32_medium_BS16_perf.csv,.csv,159995,726abdc1cd5b60fe85ab56714a7b7d9b79673f07fb64a65b2daaca488b5c8b2f
Clone3,Ergebnisse_Clone3_13.07.2026/resnet50_fp32_medium_BS16_tegrastats.log,.log,553045,9e3a595e45d5f121dad2336cc5782d0872973a3f8c32e4a9422228f5f0c251ea
Clone3,Ergebnisse_Clone3_13.07.2026/resnet50_fp32_medium_BS16_tegrastats_power.csv,.csv,26164,cae00933cf0f1296d0267d3a95ad180a47f810db7eb4b9f366426d191ab554d5
Clone3,Ergebnisse_Clone3_13.07.2026/resnet50_fp32_medium_BS1_bench_meta.json,.json,599,6c84b3b672119466f8390515afae7e93afce7caf0771ff3002fd28adc5a50f81
Clone3,Ergebnisse_Clone3_13.07.2026/resnet50_fp32_medium_BS1_perf.csv,.csv,2480547,1242f5f9423796037ebe2fef4bbab2d56293293c3d74dd3f7c547bcad730c85d
Clone3,Ergebnisse_Clone3_13.07.2026/resnet50_fp32_medium_BS1_tegrastats.log,.log,825583,6430af67128aa1fceb772fd2e0dbe085e4915ec316db4cbcc3c882cd09a02831
Clone3,Ergebnisse_Clone3_13.07.2026/resnet50_fp32_medium_BS1_tegrastats_power.csv,.csv,39849,e738ffdb7908ceadef55ca1dcf64d8b1adfcdc0869d100cb85d604919e1e0ee3
Clone3,Ergebnisse_Clone3_13.07.2026/resnet50_fp32_medium_BS32_bench_meta.json,.json,601,22bd66f197d3451402360be66806d8586ea78ce68b489c41f7348aab3e6876f2
Clone3,Ergebnisse_Clone3_13.07.2026/resnet50_fp32_medium_BS32_perf.csv,.csv,80583,f6ffa78a2b8400fd8fc074e90a4774271341d0af03ebaa433bc943e28287be24
Clone3,Ergebnisse_Clone3_13.07.2026/resnet50_fp32_medium_BS32_tegrastats.log,.log,513403,6aa5f0d4eeede73cbd36624c4fc119001c9d06ec78ee14b9097ea7dbad9ec3d8
Clone3,Ergebnisse_Clone3_13.07.2026/resnet50_fp32_medium_BS32_tegrastats_power.csv,.csv,24328,d35cdec1a72f11c8e3578ba37011d6111b50ab4e109c6b7e90c36fe769d7c9f4
Clone3,Ergebnisse_Clone3_13.07.2026/resnet50_fp32_medium_BS4_bench_meta.json,.json,601,e4fa8acf1aa07b77f60d33e68f55cc9e9336cb46d0d605e389be227c193ec603
Clone3,Ergebnisse_Clone3_13.07.2026/resnet50_fp32_medium_BS4_perf.csv,.csv,606548,a38c087fcbd8eeea2d96aa525ac7f36965062fbb4a7ea29a6d32d8406fad1ba3
Clone3,Ergebnisse_Clone3_13.07.2026/resnet50_fp32_medium_BS4_tegrastats.log,.log,584893,831bd9b531904ebc8813d3d1f01065869e2fe69eaaac2c7d2a6c7dd51b7de28c
Clone3,Ergebnisse_Clone3_13.07.2026/resnet50_fp32_medium_BS4_tegrastats_power.csv,.csv,27321,6c7b85d152b14e445ee943a86c8cd06e6fb18d3c7a9467ebe32909a6acc65102
Clone3,Ergebnisse_Clone3_13.07.2026/resnet50_fp32_medium_BS64_bench_meta.json,.json,598,50838daa9984731369614abe233da2b67e267579e9642a96265252143caa9b82
Clone3,Ergebnisse_Clone3_13.07.2026/resnet50_fp32_medium_BS64_perf.csv,.csv,40423,252512f08f7f13ab3270a0fc03681ae3c84b7b327cab3af94925e48efb36b713
Clone3,Ergebnisse_Clone3_13.07.2026/resnet50_fp32_medium_BS64_tegrastats.log,.log,508982,bff7431b9674544e8901af29329f8196005319f4057ffebbc21d7c7bd39c105d
Clone3,Ergebnisse_Clone3_13.07.2026/resnet50_fp32_medium_BS64_tegrastats_power.csv,.csv,24147,3a7fe84348cfe12ce4a27988c85a05106e886588acd3040915c008a81250c498
Clone3,Ergebnisse_Clone3_13.07.2026/resnet50_fp32_medium_BS8_bench_meta.json,.json,601,9d534181fed25138335e562071ffccd8d2f43ffa14e5a1026fc183dbb01f2cc4
Clone3,Ergebnisse_Clone3_13.07.2026/resnet50_fp32_medium_BS8_perf.csv,.csv,310385,f44416ecb686ada787bbc1ac489316206f0a567349dc69bc64dc2451afa69bf2
Clone3,Ergebnisse_Clone3_13.07.2026/resnet50_fp32_medium_BS8_tegrastats.log,.log,605913,6890491391313e405915564c1962d8df5e07b5e1e178c5ab74ce5081b45f2896
Clone3,Ergebnisse_Clone3_13.07.2026/resnet50_fp32_medium_BS8_tegrastats_power.csv,.csv,28899,b8e93b3f61362088c7fa7767aee08f3feab1f0cceabcf7fde322d1b95d189c82
Clone3,Ergebnisse_Clone3_13.07.2026/resnet50_fp32_slow_BS128_bench_meta.json,.json,602,a6f6985239e303de892532f028268dd0852dc4f034f7bee2c7f311498f1114f0
Clone3,Ergebnisse_Clone3_13.07.2026/resnet50_fp32_slow_BS128_perf.csv,.csv,21335,862088b2bd26e0085e73d3184bff59224c42bc403e9b6fd984e9da0cdb424661
Clone3,Ergebnisse_Clone3_13.07.2026/resnet50_fp32_slow_BS128_tegrastats.log,.log,796857,7aa1f609bff20218aa134f9812367f836f501f18584ad6a39e58db46b25e9770
Clone3,Ergebnisse_Clone3_13.07.2026/resnet50_fp32_slow_BS128_tegrastats_power.csv,.csv,38649,3c9b91145e3bc8f4bf658843284f6e36328735a2576f176c1536707750949e2c
Clone3,Ergebnisse_Clone3_13.07.2026/resnet50_fp32_slow_BS16_bench_meta.json,.json,601,fc1c2149c30badc6dc9364964c0fc393b44d728274bbb85bc225c7ec507d05b5
Clone3,Ergebnisse_Clone3_13.07.2026/resnet50_fp32_slow_BS16_perf.csv,.csv,160079,7fdef366f6bb6e844387323f10ad4f09a6f902b53fdcb6b6a444e3b2bb235505
Clone3,Ergebnisse_Clone3_13.07.2026/resnet50_fp32_slow_BS16_tegrastats.log,.log,800624,3f9745b93ef6c07552475ea542144340747a2a0ac02acab1ee3aecd60a57ba41
Clone3,Ergebnisse_Clone3_13.07.2026/resnet50_fp32_slow_BS16_tegrastats_power.csv,.csv,39066,b465eec29f1089354bd355397a8e37a6c6098a699cb7abc10ff8370cc7d69f43
Clone3,Ergebnisse_Clone3_13.07.2026/resnet50_fp32_slow_BS1_bench_meta.json,.json,600,94a6376613f9ca17e1918bd3d3c68b6c6dab111e3d897c4d1f1f933e04b29cf3
Clone3,Ergebnisse_Clone3_13.07.2026/resnet50_fp32_slow_BS1_perf.csv,.csv,2479913,21730f3f6ba096b62882108b9e014c47e08cd0da933d6e0b0428bc96465879bb
Clone3,Ergebnisse_Clone3_13.07.2026/resnet50_fp32_slow_BS1_tegrastats.log,.log,1197965,3eef05ce4706e5d6fe0d8b2ea258940b0a5b7d308e22c726ae7137b1690fed9d
Clone3,Ergebnisse_Clone3_13.07.2026/resnet50_fp32_slow_BS1_tegrastats_power.csv,.csv,59710,c8868325e20cc892ffe6876c268acc0f009a80a19138630e9cf8964bcb488d50
Clone3,Ergebnisse_Clone3_13.07.2026/resnet50_fp32_slow_BS32_bench_meta.json,.json,599,217efa0505c0b79872f836946c7e8f54aba97f31b1e5598a73e1dc16e82b8ca7
Clone3,Ergebnisse_Clone3_13.07.2026/resnet50_fp32_slow_BS32_perf.csv,.csv,80385,f1eb45cbadd0cfc817cb260a78711099a65d09b3b5c12ed1b18e3f84be9c8bcc
Clone3,Ergebnisse_Clone3_13.07.2026/resnet50_fp32_slow_BS32_tegrastats.log,.log,769489,fdf3334b0a89b976b386a91288dd6f416fa56bdf279441a9f7114138f35374b5
Clone3,Ergebnisse_Clone3_13.07.2026/resnet50_fp32_slow_BS32_tegrastats_power.csv,.csv,37670,1cfe9a1d0a478e8cf79b762aece0253dbe03289c47affe42139a119d238fdcbe
Clone3,Ergebnisse_Clone3_13.07.2026/resnet50_fp32_slow_BS4_bench_meta.json,.json,600,60980c63b713aede44a90df480fbbe86cf4f785f9b9ece3e2122cc053880eb37
Clone3,Ergebnisse_Clone3_13.07.2026/resnet50_fp32_slow_BS4_perf.csv,.csv,619182,4a4c1f3096aba1bcd0c697109cd871f12b49dfe42820127e8abbc8f1f485de5e
Clone3,Ergebnisse_Clone3_13.07.2026/resnet50_fp32_slow_BS4_tegrastats.log,.log,941170,878bc1b5d7adf96bd0a78c426a3f4431057887dfe2a3ef9781ffd431bdb88c6c
Clone3,Ergebnisse_Clone3_13.07.2026/resnet50_fp32_slow_BS4_tegrastats_power.csv,.csv,46505,b9c762d1906063a5d8589d7ecd83f7f66f6a112d0e2cc5d113ae19f6a3392b46
Clone3,Ergebnisse_Clone3_13.07.2026/resnet50_fp32_slow_BS64_bench_meta.json,.json,595,c7a8eb9306a7261ec170bbc1fb7e3cda5525479513dd2710bee20c5031090c8d
Clone3,Ergebnisse_Clone3_13.07.2026/resnet50_fp32_slow_BS64_perf.csv,.csv,41369,77f96ad15172460f15a496d3c7aa00194610363c06d6b2751635b11032657e5b
Clone3,Ergebnisse_Clone3_13.07.2026/resnet50_fp32_slow_BS64_tegrastats.log,.log,768884,c82e64ce7a07ee1af47f30be97ccc96cea882264c04adefc91c9a58f84a5e0dd
Clone3,Ergebnisse_Clone3_13.07.2026/resnet50_fp32_slow_BS64_tegrastats_power.csv,.csv,37466,ecd1f77e2668cc17c52dcbbc8f08e5ecee2b952183b54242d911b31f03467eb5
Clone3,Ergebnisse_Clone3_13.07.2026/resnet50_fp32_slow_BS8_bench_meta.json,.json,601,db7a1c4b265e04c2e8023256cf66393463e0b32e8ae39ba248370de2db6cf745
Clone3,Ergebnisse_Clone3_13.07.2026/resnet50_fp32_slow_BS8_perf.csv,.csv,311172,7594bbbb9ed288e2dd6fe3a95886671275b11f2e99b728175a8fa4925006f716
Clone3,Ergebnisse_Clone3_13.07.2026/resnet50_fp32_slow_BS8_tegrastats.log,.log,835784,493d84995c4b21693abb817b79f01386ba413a020cb697c615d691229328a2c1
Clone3,Ergebnisse_Clone3_13.07.2026/resnet50_fp32_slow_BS8_tegrastats_power.csv,.csv,40998,5ec4c99fdcf73be4669b0870307424e5ae5ec0dab7f6f7bfcdd0ff7351a174c6
Clone3,Ergebnisse_Clone3_13.07.2026/resnet50_fp64_fast_BS128_bench_meta.json,.json,602,3700d1cd21070d9cb1caa79b2a6dec7b8185c62e60bf0fd4b9a687330072f91e
Clone3,Ergebnisse_Clone3_13.07.2026/resnet50_fp64_fast_BS128_perf.csv,.csv,21320,c9393ec0b8f6822c98d303bc00902a05acc0d32684a16567f945b2c49c4dcd86
Clone3,Ergebnisse_Clone3_13.07.2026/resnet50_fp64_fast_BS128_tegrastats.log,.log,9858299,a4cf0f57a5c9b52858327eb2a1f0f0bdc918fd8244a0ae51d47f225106d60284
Clone3,Ergebnisse_Clone3_13.07.2026/resnet50_fp64_fast_BS128_tegrastats_power.csv,.csv,536457,5f7055ad2bc8741621354f608524eca609a4d90c75b2930ea430b6b5292ccde1
Clone3,Ergebnisse_Clone3_13.07.2026/resnet50_fp64_fast_BS16_bench_meta.json,.json,600,3b9757c072579dbf576d646fc72f610c10721c31c2dfcd5738a4741c4ea6c3fa
Clone3,Ergebnisse_Clone3_13.07.2026/resnet50_fp64_fast_BS16_perf.csv,.csv,159871,8e04120ec13b9de3ddf7b06e154fa9dab16919d1ddc98898a2e84871d21251f3
Clone3,Ergebnisse_Clone3_13.07.2026/resnet50_fp64_fast_BS16_tegrastats.log,.log,7881246,b6348d4782c304aa758f4f60c3d2fbdb5df4c01384fcb08bc2da8468b2085a6f
Clone3,Ergebnisse_Clone3_13.07.2026/resnet50_fp64_fast_BS16_tegrastats_power.csv,.csv,423670,c051bd3d61ae5dd3d68747c97369e5699310059eca47e54a24fc814bde3427a1
Clone3,Ergebnisse_Clone3_13.07.2026/resnet50_fp64_fast_BS1_bench_meta.json,.json,601,e7249dfadac68984cd867dea5da1f436b6a9b45b0b8ed656449bca39f02e5d9d
Clone3,Ergebnisse_Clone3_13.07.2026/resnet50_fp64_fast_BS1_perf.csv,.csv,2470235,c63fea5496fcfced965f9de49c8bec2e5cfb5e6a42ed83d9e66f0a5acbbd25df
Clone3,Ergebnisse_Clone3_13.07.2026/resnet50_fp64_fast_BS1_tegrastats.log,.log,18099697,afa2999efdea0ea723c9b94371c5e7e980bee88c4ed57603b902bffd05ae39ef
Clone3,Ergebnisse_Clone3_13.07.2026/resnet50_fp64_fast_BS1_tegrastats_power.csv,.csv,1018469,9e677d4af6354e2d0b9d73319694871613f87e089260f3148547c4f62fd83d3d
Clone3,Ergebnisse_Clone3_13.07.2026/resnet50_fp64_fast_BS32_bench_meta.json,.json,600,0510cdcc53be135d9caeefeeb6a2678d2c2356f40136eb78652f748df645b386
Clone3,Ergebnisse_Clone3_13.07.2026/resnet50_fp64_fast_BS32_perf.csv,.csv,82283,1daae232ac05b084934d7f63ba3d0b4442cf5a73d6425b74f465ecbf33cd3ece
Clone3,Ergebnisse_Clone3_13.07.2026/resnet50_fp64_fast_BS32_tegrastats.log,.log,8457745,ad4000fbfcabf35a80924fc76504a968f46268bb35d2394c3b01c65c8ef926e9
Clone3,Ergebnisse_Clone3_13.07.2026/resnet50_fp64_fast_BS32_tegrastats_power.csv,.csv,455080,d4350ae4299e76d732fe314c9761d68e50952494fae4327435ae2d6a7fc9e740
Clone3,Ergebnisse_Clone3_13.07.2026/resnet50_fp64_fast_BS4_bench_meta.json,.json,602,f9946d057c1b3086cedc1ea60a87452cfe4781301e0e0367896d2d75cd718357
Clone3,Ergebnisse_Clone3_13.07.2026/resnet50_fp64_fast_BS4_perf.csv,.csv,621548,d1b13b38c4b66895c4ada861a1a0716a93b00a279853bf67ed55cd5660118a32
Clone3,Ergebnisse_Clone3_13.07.2026/resnet50_fp64_fast_BS4_tegrastats.log,.log,8592009,9961088067f8d8aca52f741b1279455e765446fde3548b5426571c4d3604cd5e
Clone3,Ergebnisse_Clone3_13.07.2026/resnet50_fp64_fast_BS4_tegrastats_power.csv,.csv,467454,80b2296463b908a28772373eb8ba966aebcde80a7ae31845fda0b990c8f3d004
Clone3,Ergebnisse_Clone3_13.07.2026/resnet50_fp64_fast_BS64_bench_meta.json,.json,600,c389662e9931afa98277fbb29f6a8f881b072a784c7eafd1f6cec1d11ad73d6f
Clone3,Ergebnisse_Clone3_13.07.2026/resnet50_fp64_fast_BS64_perf.csv,.csv,41500,f9fb2b299eaf4172bbf364c701c096edef6da39e1444fd7a5246b883d556d8ce
Clone3,Ergebnisse_Clone3_13.07.2026/resnet50_fp64_fast_BS64_tegrastats.log,.log,8720677,d27b934b238595c05028f0d7dbf0c701390936b5a30bac52977f2f97294233c2
Clone3,Ergebnisse_Clone3_13.07.2026/resnet50_fp64_fast_BS64_tegrastats_power.csv,.csv,469433,8d8b169692e4305c1e65f3dc3c7861ef3b698941bed331323b7c5b2bdad7886a
Clone3,Ergebnisse_Clone3_13.07.2026/resnet50_fp64_fast_BS8_bench_meta.json,.json,601,e308ce5dae2cda95f6ca45bc5482f755651de04839b0b119c84ae80fb33125aa
Clone3,Ergebnisse_Clone3_13.07.2026/resnet50_fp64_fast_BS8_perf.csv,.csv,311776,28619dd29493e9bdf15edb709bd11d2a678057806b2ca3c27ca13a423db9ca1b
Clone3,Ergebnisse_Clone3_13.07.2026/resnet50_fp64_fast_BS8_tegrastats.log,.log,8357372,6dc611b63eebb8d8a2641f7d81076aa594a88007abae9c0c0d5f16586d6b58d7
Clone3,Ergebnisse_Clone3_13.07.2026/resnet50_fp64_fast_BS8_tegrastats_power.csv,.csv,449581,3b8a90b643c0ee0f911373e790487c7aab6702c5a535600d3588227d98bbc5a6
Clone3,Ergebnisse_Clone3_13.07.2026/resnet50_fp64_medium_BS128_bench_meta.json,.json,601,d47b8c1ae8eb418c720617e687c2a20f7437a5cd72cb6632a681a52cbf68edef
Clone3,Ergebnisse_Clone3_13.07.2026/resnet50_fp64_medium_BS128_perf.csv,.csv,21311,8ffa81b6c91edbadb6497151bc234bef9345ee7b7c54587eb7c16acd213aca1e
Clone3,Ergebnisse_Clone3_13.07.2026/resnet50_fp64_medium_BS128_tegrastats.log,.log,9234765,167ecdc877f5874d9ce5437d1b8b7356a9a30890ca2ff3e28b4b6ccaedb23781
Clone3,Ergebnisse_Clone3_13.07.2026/resnet50_fp64_medium_BS128_tegrastats_power.csv,.csv,504464,328970465eb23a9647f08d244be80efed564febfac4971ed1a36b36fcd0c8d60
Clone3,Ergebnisse_Clone3_13.07.2026/resnet50_fp64_medium_BS16_bench_meta.json,.json,600,623bbcb0496e955229ceaafea963b9bfc2fde984800f5c8df804485b7d266d48
Clone3,Ergebnisse_Clone3_13.07.2026/resnet50_fp64_medium_BS16_perf.csv,.csv,159806,33e5fa332735d2b94685628714519be338ac780a7a7fd22222fad0ae8384d17b
Clone3,Ergebnisse_Clone3_13.07.2026/resnet50_fp64_medium_BS16_tegrastats.log,.log,7873781,f7370a947ad35be7f42977d44b6ece6ed5dfac457a2a3e5bad8629f9f49e2ce2
Clone3,Ergebnisse_Clone3_13.07.2026/resnet50_fp64_medium_BS16_tegrastats_power.csv,.csv,423848,0bdad8c60371fbc4631864c8779ff532437786c58f8c8cd7660237a933d36ecc
Clone3,Ergebnisse_Clone3_13.07.2026/resnet50_fp64_medium_BS1_bench_meta.json,.json,601,88c211e4bb41ebaa88ca990f02274911f3565818633ce474613592545ba2c199
Clone3,Ergebnisse_Clone3_13.07.2026/resnet50_fp64_medium_BS1_perf.csv,.csv,2482985,1292e1b81a44fc53eb91539809c677a365ae4face12b448eeaaa9686b05fc1e6
Clone3,Ergebnisse_Clone3_13.07.2026/resnet50_fp64_medium_BS1_tegrastats.log,.log,9433485,bca04503f97691bfb46539a2c0df5d98577162df92735c42c99a541a87d4a03d
Clone3,Ergebnisse_Clone3_13.07.2026/resnet50_fp64_medium_BS1_tegrastats_power.csv,.csv,513758,19c6990297102690290dae99fb8c7db5c7376348672d79c81c6b8e70d3bfe795
Clone3,Ergebnisse_Clone3_13.07.2026/resnet50_fp64_medium_BS32_bench_meta.json,.json,601,87eab9b3c07419d84ba49ce2b803c40fea879431d6d24ac5f5ef3af0c923675f
Clone3,Ergebnisse_Clone3_13.07.2026/resnet50_fp64_medium_BS32_perf.csv,.csv,82337,b096e302b0d8a39737f60de368d2fb86c8c0a43b7e86c9a36f3dc7c94439ce18
Clone3,Ergebnisse_Clone3_13.07.2026/resnet50_fp64_medium_BS32_tegrastats.log,.log,8409020,1077ec07cf19e36532c12a2e754ee99f45b4f312469a798d547ca7012a98ea17
Clone3,Ergebnisse_Clone3_13.07.2026/resnet50_fp64_medium_BS32_tegrastats_power.csv,.csv,456325,000eba7bbc880eb7d6510824848a2010ba8bcd6e078598586b53631b796c9ee2
Clone3,Ergebnisse_Clone3_13.07.2026/resnet50_fp64_medium_BS4_bench_meta.json,.json,602,1ac4a5583d0ede80d857a675f9fa91a60eb91f9e6df5226b16b2b577ed42329f
Clone3,Ergebnisse_Clone3_13.07.2026/resnet50_fp64_medium_BS4_perf.csv,.csv,621518,7562b7263bad1d6fca7aaabd1916c2134fcdc895ab83595021970efbbb29fbc6
Clone3,Ergebnisse_Clone3_13.07.2026/resnet50_fp64_medium_BS4_tegrastats.log,.log,8617739,dab63f69e99cd7334ecf36f8bd5d3bb95592042f4c1901ab760890308d4b3b14
Clone3,Ergebnisse_Clone3_13.07.2026/resnet50_fp64_medium_BS4_tegrastats_power.csv,.csv,467639,fdcbc24e2f67f26eb03f9de19e4efbde3fbc009f0d5529d627474f9e115d822f
Clone3,Ergebnisse_Clone3_13.07.2026/resnet50_fp64_medium_BS64_bench_meta.json,.json,600,68d139f75051a6d8fc8a0abf8dcc4650209a5ded2e39df4bba4947feb2268b6f
Clone3,Ergebnisse_Clone3_13.07.2026/resnet50_fp64_medium_BS64_perf.csv,.csv,41453,219c9cc89cdec1d778ae85b08076eccea630b1eb8d42138fa1b942c5b9058048
Clone3,Ergebnisse_Clone3_13.07.2026/resnet50_fp64_medium_BS64_tegrastats.log,.log,8657126,c6c7fa5938ad2297eb25855b69cec9963907f2794802f9fb06ca492b448e39e4
Clone3,Ergebnisse_Clone3_13.07.2026/resnet50_fp64_medium_BS64_tegrastats_power.csv,.csv,469724,521b15fb764a999caba8579ae545ddd657f73ae04e8484bd90286a4c9d9c77f8
Clone3,Ergebnisse_Clone3_13.07.2026/resnet50_fp64_medium_BS8_bench_meta.json,.json,597,18613892b9462a89d450325c82c55cc8e070639fbadc9af833508ca3e2dad6bf
Clone3,Ergebnisse_Clone3_13.07.2026/resnet50_fp64_medium_BS8_perf.csv,.csv,311800,2598569e508c4bbaee109a55724ccaf879fcae000dd30782c7578af44a6ab700
Clone3,Ergebnisse_Clone3_13.07.2026/resnet50_fp64_medium_BS8_tegrastats.log,.log,8364328,936f4885fa963e034b3e47e912726091592d49832acac0ad017e661d8999b5f5
Clone3,Ergebnisse_Clone3_13.07.2026/resnet50_fp64_medium_BS8_tegrastats_power.csv,.csv,453704,6b2360578dfc3d56d56aa243d6da7db084fd28861d72c59f3f400b96f1f8774e
Clone3,Ergebnisse_Clone3_13.07.2026/resnet50_fp64_slow_BS128_bench_meta.json,.json,599,8a89c08e88f2c7ddc87eea7765c2a429aa63d8bac1f9856f5814aa1689420733
Clone3,Ergebnisse_Clone3_13.07.2026/resnet50_fp64_slow_BS128_perf.csv,.csv,21636,d080046ee160963bc10ed36dc5d6393fc75994030b7cd78ea91e2b04481132a3
Clone3,Ergebnisse_Clone3_13.07.2026/resnet50_fp64_slow_BS128_tegrastats.log,.log,17036140,5f6473a511d2861497be17d75686e02f91546ae260368c21211dc5a341720e41
Clone3,Ergebnisse_Clone3_13.07.2026/resnet50_fp64_slow_BS128_tegrastats_power.csv,.csv,958890,0b649476f884f9736f0e4d6c2858e90372834191f800e9b25dcb4af0e6ba7396
Clone3,Ergebnisse_Clone3_13.07.2026/resnet50_fp64_slow_BS16_bench_meta.json,.json,599,4062cbfddfe454cbc7e8941925f0574e2fc0f289bdb27e180d74e4cb1b2d8649
Clone3,Ergebnisse_Clone3_13.07.2026/resnet50_fp64_slow_BS16_perf.csv,.csv,163111,9ef05db6592bb377ce238c34510f389036e79adadc75c66b89bda1d5e9bdb621
Clone3,Ergebnisse_Clone3_13.07.2026/resnet50_fp64_slow_BS16_tegrastats.log,.log,15270619,c2c0cf8a219b88aad2ccad52fe2686b46d677c3c54fb6837b66e512a428adc21
Clone3,Ergebnisse_Clone3_13.07.2026/resnet50_fp64_slow_BS16_tegrastats_power.csv,.csv,852923,7966c659dfbb1f0d196aef4cd80957bb980fd40de9276c37585551c1b042885a
Clone3,Ergebnisse_Clone3_13.07.2026/resnet50_fp64_slow_BS1_bench_meta.json,.json,601,f83154e7466675e42738e0a5bb72665f9963fbf331d84fb513fb1d4060e45827
Clone3,Ergebnisse_Clone3_13.07.2026/resnet50_fp64_slow_BS1_perf.csv,.csv,2470399,b4d2f7ad49d64c87662935d9aeba79a442b91c00d41bb8b6364b6f0dd199857d
Clone3,Ergebnisse_Clone3_13.07.2026/resnet50_fp64_slow_BS1_tegrastats.log,.log,18121399,3b15f330c6d65af0d75d9b800c8162014646b9aa5f16cc913f4ff2d340af3861
Clone3,Ergebnisse_Clone3_13.07.2026/resnet50_fp64_slow_BS1_tegrastats_power.csv,.csv,1027220,cb59c1920d98941255d0f4eebe905df4764e474ff3dec90a49d700f13d08fbee
Clone3,Ergebnisse_Clone3_13.07.2026/resnet50_fp64_slow_BS32_bench_meta.json,.json,603,c38692148a50cabb5bcfb4e558e9ca8dbbb1a3d56c0e36896f355e7d90db55e0
Clone3,Ergebnisse_Clone3_13.07.2026/resnet50_fp64_slow_BS32_perf.csv,.csv,82435,702a95d242d9c4ebf822bc838733e7343906f287773cc640e5ef991bd639c716
Clone3,Ergebnisse_Clone3_13.07.2026/resnet50_fp64_slow_BS32_tegrastats.log,.log,16349577,8a0863d38cd9855401e6e1787b5f0ef43dbf8a1244bbe96f365fa502db4dfdf1
Clone3,Ergebnisse_Clone3_13.07.2026/resnet50_fp64_slow_BS32_tegrastats_power.csv,.csv,918800,a2cc40d0dea5ef2de1af6bb4062b3d5f0f1f5cb548977cc680cde3f82182efe1
Clone3,Ergebnisse_Clone3_13.07.2026/resnet50_fp64_slow_BS4_bench_meta.json,.json,598,a148f391baeb2175d9afc258731c38ddad041814c2550dbc7ecf81edc9c5bf5f
Clone3,Ergebnisse_Clone3_13.07.2026/resnet50_fp64_slow_BS4_perf.csv,.csv,621528,93a8ea3ce84f328fc17c886981ab800882b31df25eab6a59b6b798fd96b5072a
Clone3,Ergebnisse_Clone3_13.07.2026/resnet50_fp64_slow_BS4_tegrastats.log,.log,16670303,8d66c704f63e9797539f73d2d15b83427d679e37eac9d8178155a89aa53def18
Clone3,Ergebnisse_Clone3_13.07.2026/resnet50_fp64_slow_BS4_tegrastats_power.csv,.csv,940186,a4187c23aa10d1302c0eafdb4664e9665bc069e2172da60db3d6be0be4545fb9
Clone3,Ergebnisse_Clone3_13.07.2026/resnet50_fp64_slow_BS64_bench_meta.json,.json,602,3ff43f33ed6f517df8f49f640c4f93c70f3aacf2e21ac383177ce256a96021c6
Clone3,Ergebnisse_Clone3_13.07.2026/resnet50_fp64_slow_BS64_perf.csv,.csv,41353,f6193a17dcbd2a331c61378544a5716867dd38c545bfab7ce31aebac5c1ece0a
Clone3,Ergebnisse_Clone3_13.07.2026/resnet50_fp64_slow_BS64_tegrastats.log,.log,16859762,31cac071c2c4a48d9e5e304a05acb5d5916affe41b5de05f1a79de5b2386bdba
Clone3,Ergebnisse_Clone3_13.07.2026/resnet50_fp64_slow_BS64_tegrastats_power.csv,.csv,946966,42d3caecf6e42dca0758d0eb499c6a74484d2b983bd70f2d4ce9b91b73dc54ab
Clone3,Ergebnisse_Clone3_13.07.2026/resnet50_fp64_slow_BS8_bench_meta.json,.json,596,1f11c30ad3dd2a7d8dca2c91ae6fc915779686a9404d733d08cf439b2298be6d
Clone3,Ergebnisse_Clone3_13.07.2026/resnet50_fp64_slow_BS8_perf.csv,.csv,310161,16b3d395f026232e612803148bfc45f43a96eb15337ec243d0a89001c1ce9b01
Clone3,Ergebnisse_Clone3_13.07.2026/resnet50_fp64_slow_BS8_tegrastats.log,.log,16254725,6d94154b3d671447f11c8844c6bed2c6fc9b24014baa39eb7452ce7c5364e0cc
Clone3,Ergebnisse_Clone3_13.07.2026/resnet50_fp64_slow_BS8_tegrastats_power.csv,.csv,907611,bc127ac51685bcd132240b719a3afae0a108966bb934634ee340ac440f8c9628
MasterJetson,Ergebnisse_MasterJetson_07.07.2026/grid_manifest.csv,.csv,33840,9b8680a02386d6822eafd2d83c35677ecabc89a1045272382dcae3cb528cd439
MasterJetson,Ergebnisse_MasterJetson_07.07.2026/grid_manifest_enriched.csv,.csv,51025,08c1204aa87938f9e3915ee954a313f5fe15108c56e08643636e840b67d6e4e6
MasterJetson,Ergebnisse_MasterJetson_07.07.2026/grid_state.jsonl,.jsonl,16078,df46b06c2c5e20b1ce861b92197ea3c8ef188d5343405b620211c195c6986015
MasterJetson,Ergebnisse_MasterJetson_07.07.2026/mobilenet_v2_fp16_fast_BS16_bench_meta.json,.json,604,743cd9e782e43927866cbefd5ed113e7917ff9b30bc445eaba9f1617b9d87f8d
MasterJetson,Ergebnisse_MasterJetson_07.07.2026/mobilenet_v2_fp16_fast_BS16_perf.csv,.csv,160269,17d2b610c2d14aae0e37487ab5bcf5b1340a8eeae367ffc128f4e8b604db6786
MasterJetson,Ergebnisse_MasterJetson_07.07.2026/mobilenet_v2_fp16_fast_BS16_tegrastats.log,.log,441888,b52f6829b84e3985ebd2c3649357df36937a0ce9d4038cebc6312549ac50e104
MasterJetson,Ergebnisse_MasterJetson_07.07.2026/mobilenet_v2_fp16_fast_BS16_tegrastats_power.csv,.csv,20267,d0620c7d6fc647a495a05acb8444f2d6cc93444045c0850b7ec406a286c9e5e6
MasterJetson,Ergebnisse_MasterJetson_07.07.2026/mobilenet_v2_fp16_fast_BS1_bench_meta.json,.json,602,c8dc7a87b6a8e1c87ba448b6961e9a7506347b4572ef3a7d7e570794d07e93af
MasterJetson,Ergebnisse_MasterJetson_07.07.2026/mobilenet_v2_fp16_fast_BS1_perf.csv,.csv,2479827,a663b2164ab962e031d8ea3e11b822a457eeb94f1d2a686df85a609e3ae0357d
MasterJetson,Ergebnisse_MasterJetson_07.07.2026/mobilenet_v2_fp16_fast_BS1_tegrastats.log,.log,606532,9bc5cbf954b8c69d840eb3a476711abfc89321f3bb6c9ac4463ff2810563cbef
MasterJetson,Ergebnisse_MasterJetson_07.07.2026/mobilenet_v2_fp16_fast_BS1_tegrastats_power.csv,.csv,28982,57489d4556e8206af694d40ff3b0e317ec7b985967fd56703b80d531a0d15585
MasterJetson,Ergebnisse_MasterJetson_07.07.2026/mobilenet_v2_fp16_fast_BS4_bench_meta.json,.json,603,b3751cf6ec1d4b2d9f7ffe6e3fe9104f34de020e2836d9ba3f7f5406d0bd0cca
MasterJetson,Ergebnisse_MasterJetson_07.07.2026/mobilenet_v2_fp16_fast_BS4_perf.csv,.csv,607349,077dbd4cbbea4feb4fc4779a99a69b6a26beba91ed30e8648eab6279c20ef306
MasterJetson,Ergebnisse_MasterJetson_07.07.2026/mobilenet_v2_fp16_fast_BS4_tegrastats.log,.log,580551,1bea64c0d3efa150edf5ca9611904d344775402aceac50785873385a7df6f3ca
MasterJetson,Ergebnisse_MasterJetson_07.07.2026/mobilenet_v2_fp16_fast_BS4_tegrastats_power.csv,.csv,27738,e6ce47b258ea73de16daf8a49ca742a8c53aa1ae6992e565354d26ec492e1d49
MasterJetson,Ergebnisse_MasterJetson_07.07.2026/mobilenet_v2_fp16_fast_BS8_bench_meta.json,.json,603,ad453502d05c0087e62f31e895f4c025131c7c14f10adb8750385faf73733e22
MasterJetson,Ergebnisse_MasterJetson_07.07.2026/mobilenet_v2_fp16_fast_BS8_perf.csv,.csv,312436,86c29e6d1d81e2f09da1071f06626722692c2f45247fdf5d3cbde2375d4197f0
MasterJetson,Ergebnisse_MasterJetson_07.07.2026/mobilenet_v2_fp16_fast_BS8_tegrastats.log,.log,312968,93a33546fb97ab358c294b3ef8f05b3feb7a1863ac6af9406604cc9f69229a7d
MasterJetson,Ergebnisse_MasterJetson_07.07.2026/mobilenet_v2_fp16_fast_BS8_tegrastats_power.csv,.csv,14050,5224fa5a3c287f288d8ffdf6db30f6f319234bf50f7ca2d39f18e5fa17c2155e
MasterJetson,Ergebnisse_MasterJetson_07.07.2026/mobilenet_v2_fp16_medium_BS16_bench_meta.json,.json,603,4bd85513ecc5deb428c4c10c2e1669ea0dacdc81ea4d5411cb34d36a1327f065
MasterJetson,Ergebnisse_MasterJetson_07.07.2026/mobilenet_v2_fp16_medium_BS16_perf.csv,.csv,160322,a136b885bf29d5a907f2cd7e0d38eaf183b74de53d1d92eeb53540551a80a57e
MasterJetson,Ergebnisse_MasterJetson_07.07.2026/mobilenet_v2_fp16_medium_BS16_tegrastats.log,.log,312209,9de01bcae0a6a9e6a320d153686443f1e97aec086559477932798c3e875a8d2a
MasterJetson,Ergebnisse_MasterJetson_07.07.2026/mobilenet_v2_fp16_medium_BS16_tegrastats_power.csv,.csv,14143,1fb8ba75ac3adfa574ba2c44b1b3b302f58270d30386d1a2cc350e7642874acc
MasterJetson,Ergebnisse_MasterJetson_07.07.2026/mobilenet_v2_fp16_medium_BS1_bench_meta.json,.json,605,c0ecd06f6a459e4f651ccc8a9aa3021fbeb1bc81c23fb501e6d6de7e8d370928
MasterJetson,Ergebnisse_MasterJetson_07.07.2026/mobilenet_v2_fp16_medium_BS1_perf.csv,.csv,2479890,97181aead4bffd6fc4086312b4974c36be2d5ed881de49953e1244625afddcef
MasterJetson,Ergebnisse_MasterJetson_07.07.2026/mobilenet_v2_fp16_medium_BS1_tegrastats.log,.log,834664,f9f4adcf8ea8a992c563902e6dc39871af55d666b121425bb5a138e25c75a05c
MasterJetson,Ergebnisse_MasterJetson_07.07.2026/mobilenet_v2_fp16_medium_BS1_tegrastats_power.csv,.csv,40438,321a773dfc17be7abd05e9474d60cd095ad65351eebd5f094ac441afff58e8c0
MasterJetson,Ergebnisse_MasterJetson_07.07.2026/mobilenet_v2_fp16_medium_BS4_bench_meta.json,.json,601,640f3c8843b4de4ce23d2192a079736da96b196f3d1e9d72700d8b776a1640a8
MasterJetson,Ergebnisse_MasterJetson_07.07.2026/mobilenet_v2_fp16_medium_BS4_perf.csv,.csv,622864,2b7e28ef540dd712864d44dc297e7710ecc28c42b5339f3b6cc5f1ee505f66c8
MasterJetson,Ergebnisse_MasterJetson_07.07.2026/mobilenet_v2_fp16_medium_BS4_tegrastats.log,.log,391959,e235a4c54e008e728473187e0d5ad60f4890b6e452f59c4abda9e58fccba4b2d
MasterJetson,Ergebnisse_MasterJetson_07.07.2026/mobilenet_v2_fp16_medium_BS4_tegrastats_power.csv,.csv,17786,2459a2cb269ebcad1c60420691c531be08f735d893b3774a63111e77398a58ac
MasterJetson,Ergebnisse_MasterJetson_07.07.2026/mobilenet_v2_fp16_medium_BS8_bench_meta.json,.json,602,cb69f01cd7df05a15f151f5a617db27919f90e028ae2340a05ba3e29e72ce65e
MasterJetson,Ergebnisse_MasterJetson_07.07.2026/mobilenet_v2_fp16_medium_BS8_perf.csv,.csv,311921,da36eb1e76489d9ba2d59e42b614b8c4edfddf8db4e952246c72da67e267ba8b
MasterJetson,Ergebnisse_MasterJetson_07.07.2026/mobilenet_v2_fp16_medium_BS8_tegrastats.log,.log,360209,e5d45f41d0bedec3dc0f175e453d7ea461924b7f8d8fa6eac4de9e754697c2e6
MasterJetson,Ergebnisse_MasterJetson_07.07.2026/mobilenet_v2_fp16_medium_BS8_tegrastats_power.csv,.csv,16260,5f64dfe82d79675528bed6d188baa7a2aa0db8f4361c5c14f21af5ea4b321898
MasterJetson,Ergebnisse_MasterJetson_07.07.2026/mobilenet_v2_fp16_slow_BS16_bench_meta.json,.json,601,bcb791db12c616c9ff0423c64ac0b2b96babdb52f4eec185b66859fcb7e42d4f
MasterJetson,Ergebnisse_MasterJetson_07.07.2026/mobilenet_v2_fp16_slow_BS16_perf.csv,.csv,160192,a2c00a858c17e9a07c04384470b88b15d90dffa62cbfb97900d6d6579f06bbe1
MasterJetson,Ergebnisse_MasterJetson_07.07.2026/mobilenet_v2_fp16_slow_BS16_tegrastats.log,.log,454953,70bf1e836a26ad4734d9a37c38945b90c38a3df752456b31213803fee0cb8133
MasterJetson,Ergebnisse_MasterJetson_07.07.2026/mobilenet_v2_fp16_slow_BS16_tegrastats_power.csv,.csv,20987,456f93236b4edfb522faea6b7d794b65d4ef647ad0c4f528eddec6504f95dfc2
MasterJetson,Ergebnisse_MasterJetson_07.07.2026/mobilenet_v2_fp16_slow_BS1_bench_meta.json,.json,606,8e6df3d2bc8cac48a4f3ed39ec4af8ae5ad3f08ff95d16b557e9f162446e9984
MasterJetson,Ergebnisse_MasterJetson_07.07.2026/mobilenet_v2_fp16_slow_BS1_perf.csv,.csv,2479654,435b588517870ebf50ad23fe2cf732ac6464a62632d034cd867311b9af2009e6
MasterJetson,Ergebnisse_MasterJetson_07.07.2026/mobilenet_v2_fp16_slow_BS1_tegrastats.log,.log,1222502,7a7d75586f9dd96c5abcd1befdb4348803c66a80497aa1284e7913bd50ee0bf6
MasterJetson,Ergebnisse_MasterJetson_07.07.2026/mobilenet_v2_fp16_slow_BS1_tegrastats_power.csv,.csv,61664,7a9f2ab96df6a300e280d4a9d4312187cfb74c8b5ca06064abe3442d849a0d00
MasterJetson,Ergebnisse_MasterJetson_07.07.2026/mobilenet_v2_fp16_slow_BS4_bench_meta.json,.json,603,cd66a82f250bd1d396160a04da00518e0c1c2853684b56da3f05a0529d1492d2
MasterJetson,Ergebnisse_MasterJetson_07.07.2026/mobilenet_v2_fp16_slow_BS4_perf.csv,.csv,607544,87a1d9609cf7f1c6f4d9eb8f15ef018675c5b78cdf389610a0b53f65632993f9
MasterJetson,Ergebnisse_MasterJetson_07.07.2026/mobilenet_v2_fp16_slow_BS4_tegrastats.log,.log,576436,d0543b8605db70c2162b7b4725a5db80798621fbe48f84a5c9639ffc226429ed
MasterJetson,Ergebnisse_MasterJetson_07.07.2026/mobilenet_v2_fp16_slow_BS4_tegrastats_power.csv,.csv,27747,dd3e392e35e280ad4cdf0f6849ba7eb99fa13d0138a87adaf99a67cc2ac6e73b
MasterJetson,Ergebnisse_MasterJetson_07.07.2026/mobilenet_v2_fp16_slow_BS8_bench_meta.json,.json,605,26d397ed550026ff294b02346d06c8e122934bad97b5c2f51598acd1e5af7702
MasterJetson,Ergebnisse_MasterJetson_07.07.2026/mobilenet_v2_fp16_slow_BS8_perf.csv,.csv,312019,0341d57997db25363d0188d5a1dfad7d4ebbc783141881844e6dab70c419d8a8
MasterJetson,Ergebnisse_MasterJetson_07.07.2026/mobilenet_v2_fp16_slow_BS8_tegrastats.log,.log,475571,c89fe8a87b3e838222a09324507aeaea14d959d1e6570a755b392f0c33d89c9e
MasterJetson,Ergebnisse_MasterJetson_07.07.2026/mobilenet_v2_fp16_slow_BS8_tegrastats_power.csv,.csv,21634,019065ba1ba1e191ff9945c32ecc328f8b164a393b6fe8119bd6f3bd5d5a95a7
MasterJetson,Ergebnisse_MasterJetson_07.07.2026/mobilenet_v2_fp32_fast_BS16_bench_meta.json,.json,601,bc037e9a387b3907f609fb6319e26b1b427a4ba578cb8f41ad983bcf48d8c30c
MasterJetson,Ergebnisse_MasterJetson_07.07.2026/mobilenet_v2_fp32_fast_BS16_perf.csv,.csv,163785,cfe3252dc34501810f40bfcb5a98498b61eeacc27a6340770aaf81a6d4570d8f
MasterJetson,Ergebnisse_MasterJetson_07.07.2026/mobilenet_v2_fp32_fast_BS16_tegrastats.log,.log,507064,3b276ac194ac9b8137266664ba1b529514a1b966e00e6935756206f342aecaec
MasterJetson,Ergebnisse_MasterJetson_07.07.2026/mobilenet_v2_fp32_fast_BS16_tegrastats_power.csv,.csv,24090,147b6e4a88a77b81db0c5d8f55b73be318ec8170d8d1da6cdeec7c6806dfb7c0
MasterJetson,Ergebnisse_MasterJetson_07.07.2026/mobilenet_v2_fp32_fast_BS1_bench_meta.json,.json,605,30aa09430736c486b68cf4b5bd682d99d1c4216120d311b6160b8b2286d59161
MasterJetson,Ergebnisse_MasterJetson_07.07.2026/mobilenet_v2_fp32_fast_BS1_perf.csv,.csv,2479919,1f192e0d5288df3ee26d685527c7e93cf6465ecf32e878f0019b53da5b502057
MasterJetson,Ergebnisse_MasterJetson_07.07.2026/mobilenet_v2_fp32_fast_BS1_tegrastats.log,.log,1093080,2a52f1a01cb1a5a1b88abcff8a6f81fbc12f970130c2ee6018dc8e6373560323
MasterJetson,Ergebnisse_MasterJetson_07.07.2026/mobilenet_v2_fp32_fast_BS1_tegrastats_power.csv,.csv,54613,41998e290fdd04b1e8967615e7d6ba85736adf436e01fd2a10f6ca42c8a410b4
MasterJetson,Ergebnisse_MasterJetson_07.07.2026/mobilenet_v2_fp32_fast_BS4_bench_meta.json,.json,604,d4a7d81014bdeb8fc8931812d9684515519c356d0afd22c8bb362a99fa7a74ee
MasterJetson,Ergebnisse_MasterJetson_07.07.2026/mobilenet_v2_fp32_fast_BS4_perf.csv,.csv,619670,56736e5c67ae29fcf2befce4224e516f8e05b1246ad7d9f411d34e13dc33df98
MasterJetson,Ergebnisse_MasterJetson_07.07.2026/mobilenet_v2_fp32_fast_BS4_tegrastats.log,.log,548993,70c7e9c1b039b9c469bd867c1ef1e9b1b2c35d4bc29c71e4ff584c9e29112a26
MasterJetson,Ergebnisse_MasterJetson_07.07.2026/mobilenet_v2_fp32_fast_BS4_tegrastats_power.csv,.csv,26223,0fb50fa85ca17983b538bcf5247fc2b21ad5b6ff9da3c847f1f314db7ed77d29
MasterJetson,Ergebnisse_MasterJetson_07.07.2026/mobilenet_v2_fp32_fast_BS8_bench_meta.json,.json,603,78fb56f96d7095c5528e1c6b3e60193e9e980d551b62d89b12957a3823ba5528
MasterJetson,Ergebnisse_MasterJetson_07.07.2026/mobilenet_v2_fp32_fast_BS8_perf.csv,.csv,310618,5bafd55c4b325f79a5e1aa877adbaa32cc464c8d0b840dba62232e276c529a66
MasterJetson,Ergebnisse_MasterJetson_07.07.2026/mobilenet_v2_fp32_fast_BS8_tegrastats.log,.log,514801,8e924c134c15abcefad7e428854e09b74a9cf217425fec51bbc01c2b8b69fbf3
MasterJetson,Ergebnisse_MasterJetson_07.07.2026/mobilenet_v2_fp32_fast_BS8_tegrastats_power.csv,.csv,24493,c340bf532a455a9a6d6a649111e5331d0c54aa7c43aef79f1d07c87513591cd6
MasterJetson,Ergebnisse_MasterJetson_07.07.2026/mobilenet_v2_fp32_medium_BS16_bench_meta.json,.json,605,6301fe4b07dbf66b66918e6bff37764198a1ef7bc5842eb857dd9b39fc9a2620
MasterJetson,Ergebnisse_MasterJetson_07.07.2026/mobilenet_v2_fp32_medium_BS16_perf.csv,.csv,162246,cabe57f658a28493d640984876fc567d30da38120ff1048d30f63851bf19cb32
MasterJetson,Ergebnisse_MasterJetson_07.07.2026/mobilenet_v2_fp32_medium_BS16_tegrastats.log,.log,365589,1605e75cf181e54ac9916d777f84398e635d60e1db0f2715dd6ec4c536c0f3e3
MasterJetson,Ergebnisse_MasterJetson_07.07.2026/mobilenet_v2_fp32_medium_BS16_tegrastats_power.csv,.csv,16490,8cab0b5d7bdfb1857c5e5d8d1ad71507f119812703b076bed5b73446bdf725e9
MasterJetson,Ergebnisse_MasterJetson_07.07.2026/mobilenet_v2_fp32_medium_BS1_bench_meta.json,.json,603,73c071022a569d8d12aa261d975f8fc4c21019b95d71f5434746a7e06576186f
MasterJetson,Ergebnisse_MasterJetson_07.07.2026/mobilenet_v2_fp32_medium_BS1_perf.csv,.csv,2479275,25b4470ec8d32aae98b0211e3a45d38dc450f841228ec30b3357a26129907513
MasterJetson,Ergebnisse_MasterJetson_07.07.2026/mobilenet_v2_fp32_medium_BS1_tegrastats.log,.log,707260,9cedf86cd931aedbfc0a35d307fdbfec885a6acea5634ae966ebee3be38b3c9b
MasterJetson,Ergebnisse_MasterJetson_07.07.2026/mobilenet_v2_fp32_medium_BS1_tegrastats_power.csv,.csv,34031,6046920dceb74eb65d4a767a1e17596b0449ed75ebccbfa1df957e32ac686e8f
MasterJetson,Ergebnisse_MasterJetson_07.07.2026/mobilenet_v2_fp32_medium_BS4_bench_meta.json,.json,603,f04c5965332a91c734726b0531412698b407d34b29139cf46ad9edf6478d0738
MasterJetson,Ergebnisse_MasterJetson_07.07.2026/mobilenet_v2_fp32_medium_BS4_perf.csv,.csv,612496,652524edebdaf2c6b78dd013ebcce3a7bdc6fcf550158b72c4b088297a6a02a5
MasterJetson,Ergebnisse_MasterJetson_07.07.2026/mobilenet_v2_fp32_medium_BS4_tegrastats.log,.log,442879,2bbebacc757ba3fa48292d848ffda83d4f465fde3409fb4dc8a6dec15f864001
MasterJetson,Ergebnisse_MasterJetson_07.07.2026/mobilenet_v2_fp32_medium_BS4_tegrastats_power.csv,.csv,20452,0b75cef6ec03663433a04647918871d567483ed29ae95fa262e1b72182238c68
MasterJetson,Ergebnisse_MasterJetson_07.07.2026/mobilenet_v2_fp32_medium_BS8_bench_meta.json,.json,603,4de01ee41ff0259e27c8ab681f05f91d58c4056df5aa9c79042dc1484d53182d
MasterJetson,Ergebnisse_MasterJetson_07.07.2026/mobilenet_v2_fp32_medium_BS8_perf.csv,.csv,310205,383d8f6cfe50984df37c623c1edb04ee26090f396a9dc3725026cc3ec6c12490
MasterJetson,Ergebnisse_MasterJetson_07.07.2026/mobilenet_v2_fp32_medium_BS8_tegrastats.log,.log,437703,ea422baf1d0399723716b9a6f34dee0f840adcd8be71269190dc127242ef6932
MasterJetson,Ergebnisse_MasterJetson_07.07.2026/mobilenet_v2_fp32_medium_BS8_tegrastats_power.csv,.csv,20170,7e1cc6cf3fc31c24ce940bc72f3617fb8a897d425cd243c9b51d8f9a69c7c6d5
MasterJetson,Ergebnisse_MasterJetson_07.07.2026/mobilenet_v2_fp32_slow_BS16_bench_meta.json,.json,604,d109aa6be8311dedf7a2538ec0bbf9ae953a81bc695450748612fd41d6da5495
MasterJetson,Ergebnisse_MasterJetson_07.07.2026/mobilenet_v2_fp32_slow_BS16_perf.csv,.csv,163284,fb8ed843b616dafeae1f3957052c63fb818ecfd696c084e8286aadaf994a5e7d
MasterJetson,Ergebnisse_MasterJetson_07.07.2026/mobilenet_v2_fp32_slow_BS16_tegrastats.log,.log,520147,14251f3ddef31591f07b2a3751ec540c7627f0f3a2c934fcd9d017fcacd0a8b4
MasterJetson,Ergebnisse_MasterJetson_07.07.2026/mobilenet_v2_fp32_slow_BS16_tegrastats_power.csv,.csv,24717,b309ff1e8ed283acc2dfc56f24a1df53db7e5b22615c1405e42fa4e89d3b4d61
MasterJetson,Ergebnisse_MasterJetson_07.07.2026/mobilenet_v2_fp32_slow_BS1_bench_meta.json,.json,604,96deeccd1497e5b75763c8d54ca3d99a7de96b4d6268c562034faa6166cd39fc
MasterJetson,Ergebnisse_MasterJetson_07.07.2026/mobilenet_v2_fp32_slow_BS1_perf.csv,.csv,2479921,78525d4191cad926ac1d97d1c0076a45f3e7bd1e8fc8f85fee52b9a2d15e0c89
MasterJetson,Ergebnisse_MasterJetson_07.07.2026/mobilenet_v2_fp32_slow_BS1_tegrastats.log,.log,1108649,ace2b23aa67a61a7d0933ddf82a334f6d2ce209ce754fe72ab164f5ad6e441c7
MasterJetson,Ergebnisse_MasterJetson_07.07.2026/mobilenet_v2_fp32_slow_BS1_tegrastats_power.csv,.csv,55372,c4b34425ba93e3542c03fcf08b23140e3e7c6850cf8757f8bcf1ce100a672aac
MasterJetson,Ergebnisse_MasterJetson_07.07.2026/mobilenet_v2_fp32_slow_BS4_bench_meta.json,.json,604,c0ba457ebcd163dd326fdd5f670b0f0974ff616ce621ae7c3feaa423cf2248b4
MasterJetson,Ergebnisse_MasterJetson_07.07.2026/mobilenet_v2_fp32_slow_BS4_perf.csv,.csv,607567,1cf72168b9438095bf2927b793d541c1af08c040eb8432f2d9f47bee21749e7b
MasterJetson,Ergebnisse_MasterJetson_07.07.2026/mobilenet_v2_fp32_slow_BS4_tegrastats.log,.log,580594,9697d2d8e5ac8c507558a192f9ea27017153d9a803765bf261b2e31945f6337e
MasterJetson,Ergebnisse_MasterJetson_07.07.2026/mobilenet_v2_fp32_slow_BS4_tegrastats_power.csv,.csv,28030,e9aaa83f6a0f04106aa19d19ddce5d58818cd5b71fe48ce24bea2292d95c9bea
MasterJetson,Ergebnisse_MasterJetson_07.07.2026/mobilenet_v2_fp32_slow_BS8_bench_meta.json,.json,600,130e4fbc46a0e966ae8030b69b673adae07d31c947e4c59be0259cbcff64f00d
MasterJetson,Ergebnisse_MasterJetson_07.07.2026/mobilenet_v2_fp32_slow_BS8_perf.csv,.csv,309635,b0b80ec666d52313dfbafcb4b9c6f67253f53344f9d9bc3c07481c070917880e
MasterJetson,Ergebnisse_MasterJetson_07.07.2026/mobilenet_v2_fp32_slow_BS8_tegrastats.log,.log,544003,2cf06d3120a45a868ed4636fceecca3284ec7544dd7863e5a5a2680664857261
MasterJetson,Ergebnisse_MasterJetson_07.07.2026/mobilenet_v2_fp32_slow_BS8_tegrastats_power.csv,.csv,26024,c3ff62151f2ae0a27d470338bd16f567d7d014dc8a535c67f2c1528437223b21
MasterJetson,Ergebnisse_MasterJetson_07.07.2026/mobilenet_v2_fp64_fast_BS16_bench_meta.json,.json,603,13e4574bb48baaeb2774ca7cdc9167d2a4a9623aa4fe35233651f10c195eaf87
MasterJetson,Ergebnisse_MasterJetson_07.07.2026/mobilenet_v2_fp64_fast_BS16_perf.csv,.csv,163392,6286eb2a2f9ece1d0174bcfe5733aa7d9118160cf681ece42f68f2d26a4613d6
MasterJetson,Ergebnisse_MasterJetson_07.07.2026/mobilenet_v2_fp64_fast_BS16_tegrastats.log,.log,2006294,edd6f17783d7d235ab6ba7f708dac38ef1e2b5e5b73ae861f54ff2c95186832c
MasterJetson,Ergebnisse_MasterJetson_07.07.2026/mobilenet_v2_fp64_fast_BS16_tegrastats_power.csv,.csv,101338,e04b8bfe9694c12fcb3adb41b6bdab1742ebddc65e54fe6281266276d7f6430c
MasterJetson,Ergebnisse_MasterJetson_07.07.2026/mobilenet_v2_fp64_fast_BS1_bench_meta.json,.json,604,b6c744d47ecfc2b3fda05542b98aebb1385c2bce9ee8e1fbb4cf3e00f3f570a2
MasterJetson,Ergebnisse_MasterJetson_07.07.2026/mobilenet_v2_fp64_fast_BS1_perf.csv,.csv,2479775,f42c69ca88cced20b175bdebfbf2fa8de62a2ad1e241b53dafa7ba066d20a1f3
MasterJetson,Ergebnisse_MasterJetson_07.07.2026/mobilenet_v2_fp64_fast_BS1_tegrastats.log,.log,1096963,7c27a0ab6c5365afacb1ce6937c1cde7a8fd5a471f04822b50222f50fb4fd251
MasterJetson,Ergebnisse_MasterJetson_07.07.2026/mobilenet_v2_fp64_fast_BS1_tegrastats_power.csv,.csv,53829,3c27fa50079dd0f2616f97544f7c3e5870e02608ed8601f39a29fb9ca7fdfbdf
MasterJetson,Ergebnisse_MasterJetson_07.07.2026/mobilenet_v2_fp64_fast_BS4_bench_meta.json,.json,605,6eaa0a53cbcee4095893df41c6396b61d0c85f96204d5507089f0e3cd94d6c3d
MasterJetson,Ergebnisse_MasterJetson_07.07.2026/mobilenet_v2_fp64_fast_BS4_perf.csv,.csv,622868,524aaa624c1b0e4eda3519c9c8855d2eafa3ee4b7737bfca2ef0c61d124442bb
MasterJetson,Ergebnisse_MasterJetson_07.07.2026/mobilenet_v2_fp64_fast_BS4_tegrastats.log,.log,1169123,0d10728ef5984136b6e21dde59f81d5a1843e588ed4eb526a2ee12b830e35d72
MasterJetson,Ergebnisse_MasterJetson_07.07.2026/mobilenet_v2_fp64_fast_BS4_tegrastats_power.csv,.csv,58007,2bd79659f96a3f70f7fdb29e5c58dc073d1bfc4cc40d8703610114658827de27
MasterJetson,Ergebnisse_MasterJetson_07.07.2026/mobilenet_v2_fp64_fast_BS8_bench_meta.json,.json,602,c7e4fbaecf20e4fbe099935432e39258e54feef9ca0dca97a03a60382eeeaba1
MasterJetson,Ergebnisse_MasterJetson_07.07.2026/mobilenet_v2_fp64_fast_BS8_perf.csv,.csv,310533,f3bf899d4f30ad9f0175554d2f7738f488d0c7258e61bfc35daf7d30858986ce
MasterJetson,Ergebnisse_MasterJetson_07.07.2026/mobilenet_v2_fp64_fast_BS8_tegrastats.log,.log,2132785,71c0dae5a1aed3708289ecbdcf4e7f2a744fca416869fd2694b60906699ea8bb
MasterJetson,Ergebnisse_MasterJetson_07.07.2026/mobilenet_v2_fp64_fast_BS8_tegrastats_power.csv,.csv,107959,5acb8dd935ccb90b5ebb956bd99977d8205f30c64c3b8f3d71e7bb447c0e6733
MasterJetson,Ergebnisse_MasterJetson_07.07.2026/mobilenet_v2_fp64_medium_BS16_bench_meta.json,.json,604,e6136786765d3be7ef00a6be8e4b7f04bb38ae34297c6358c91e467de3f42683
MasterJetson,Ergebnisse_MasterJetson_07.07.2026/mobilenet_v2_fp64_medium_BS16_perf.csv,.csv,160084,0e656fe29e7b2f656c1f81b203cee762ac7d4671cd592fc36bdd622aba21bac4
MasterJetson,Ergebnisse_MasterJetson_07.07.2026/mobilenet_v2_fp64_medium_BS16_tegrastats.log,.log,1092229,be8e11a20f71101539e31a47ac040ee6d2728586f73100c61556a2b149ecec7c
MasterJetson,Ergebnisse_MasterJetson_07.07.2026/mobilenet_v2_fp64_medium_BS16_tegrastats_power.csv,.csv,53929,41997c2eccc9883444ba3284c0df6ffabfa1a7c5d28c9a9cdf13eab5ce52f77c
MasterJetson,Ergebnisse_MasterJetson_07.07.2026/mobilenet_v2_fp64_medium_BS1_bench_meta.json,.json,603,e050351807c5e5912aa2c507dd7f792350155c93f0a7b506ece0992b4ff01772
MasterJetson,Ergebnisse_MasterJetson_07.07.2026/mobilenet_v2_fp64_medium_BS1_perf.csv,.csv,2479402,cd429b167b0d729b117a3aaa8c0c4e1eb6ab3ef5e380503dff6bfe21b1406422
MasterJetson,Ergebnisse_MasterJetson_07.07.2026/mobilenet_v2_fp64_medium_BS1_tegrastats.log,.log,1130525,c989ba60d26a5aa29ca33fbe5f0b61eaca5cd6c60758229a20318c2eda031d7a
MasterJetson,Ergebnisse_MasterJetson_07.07.2026/mobilenet_v2_fp64_medium_BS1_tegrastats_power.csv,.csv,55888,14fe35eef00b77ad4023308395e30eedfb2c2cbca6b5e17daf3d9c0d7aa272bc
MasterJetson,Ergebnisse_MasterJetson_07.07.2026/mobilenet_v2_fp64_medium_BS4_bench_meta.json,.json,605,d4f8aae01a184d25f7982e1c0348e458708078e411812adbda48919754b1aceb
MasterJetson,Ergebnisse_MasterJetson_07.07.2026/mobilenet_v2_fp64_medium_BS4_perf.csv,.csv,622965,d9542acf74e2f5323aafb60e13ffcaa8ff52a8878e6a9aff8a8841bb0e6608b2
MasterJetson,Ergebnisse_MasterJetson_07.07.2026/mobilenet_v2_fp64_medium_BS4_tegrastats.log,.log,1170672,ca52d7d89b68a871c4c94803e600a047d6b0e54b97963f2a5ec1be95cdff34fe
MasterJetson,Ergebnisse_MasterJetson_07.07.2026/mobilenet_v2_fp64_medium_BS4_tegrastats_power.csv,.csv,58015,8b6cfb32725e4b96f70cbec6552b3208fdbc3d74f6824d2ccb78cc5109b6a2ea
MasterJetson,Ergebnisse_MasterJetson_07.07.2026/mobilenet_v2_fp64_medium_BS8_bench_meta.json,.json,604,33cdd972663c19c1aee490a8ffff08e064fe9749690e7460de03a8d553ca314e
MasterJetson,Ergebnisse_MasterJetson_07.07.2026/mobilenet_v2_fp64_medium_BS8_perf.csv,.csv,312569,751f6e292a2acfc7b3a4a3118ca96cea462930501e29b8a39a6a9f05808868e5
MasterJetson,Ergebnisse_MasterJetson_07.07.2026/mobilenet_v2_fp64_medium_BS8_tegrastats.log,.log,1154307,fbb1802e2ac2bba39d8f776b2270359b0708f6fa45db4590b43ff680c09aa33a
MasterJetson,Ergebnisse_MasterJetson_07.07.2026/mobilenet_v2_fp64_medium_BS8_tegrastats_power.csv,.csv,57064,be6c9cc8ba50720dc9774577458170be76296d35b0712f7e61f5b7f5679a99e0
MasterJetson,Ergebnisse_MasterJetson_07.07.2026/mobilenet_v2_fp64_slow_BS16_bench_meta.json,.json,604,c73fb3a0c60a3d27bae0c78eff1f4b9fef2d7f987bdca39bd590e4b0fd49213a
MasterJetson,Ergebnisse_MasterJetson_07.07.2026/mobilenet_v2_fp64_slow_BS16_perf.csv,.csv,163432,a93727726bb01cf1206b2d5b2aaa8b2fbf2131e942dcfce2ffbff6e3672ace5f
MasterJetson,Ergebnisse_MasterJetson_07.07.2026/mobilenet_v2_fp64_slow_BS16_tegrastats.log,.log,2012134,41e3a61ac42368afb32d84374d460685ed951bec21fb80d096f54a8b94f12c72
MasterJetson,Ergebnisse_MasterJetson_07.07.2026/mobilenet_v2_fp64_slow_BS16_tegrastats_power.csv,.csv,101892,d3cf280465d9cd336020fabb32773c76472283d7e7f271bf400b6410786d5952
MasterJetson,Ergebnisse_MasterJetson_07.07.2026/mobilenet_v2_fp64_slow_BS1_bench_meta.json,.json,603,ed461dc819b1d8404e00c1d6b80e307aac86fe5e187aa2253814467a578f8b81
MasterJetson,Ergebnisse_MasterJetson_07.07.2026/mobilenet_v2_fp64_slow_BS1_perf.csv,.csv,2471322,3417514614642fca5011c7f4108dbef181e56300021b2ea3f45a4f01a0b8c260
MasterJetson,Ergebnisse_MasterJetson_07.07.2026/mobilenet_v2_fp64_slow_BS1_tegrastats.log,.log,1993963,d0aa0643d42ec626852ab2bc9606f152c6a717a29ddbc145769e0c270ac81104
MasterJetson,Ergebnisse_MasterJetson_07.07.2026/mobilenet_v2_fp64_slow_BS1_tegrastats_power.csv,.csv,101223,420e40e858f7b695ad5e3694aae89e9e7756de27c1e9d080b6a590a66ebcda17
MasterJetson,Ergebnisse_MasterJetson_07.07.2026/mobilenet_v2_fp64_slow_BS4_bench_meta.json,.json,600,9621831381fdcef3f4881d8771a87e585f9a8759728116952952326b88da1b93
MasterJetson,Ergebnisse_MasterJetson_07.07.2026/mobilenet_v2_fp64_slow_BS4_perf.csv,.csv,609087,9bcf7d02aa9e6a56cd098a8856dcd3002c975c5bf83d4a36a0a00f9be3f166c7
MasterJetson,Ergebnisse_MasterJetson_07.07.2026/mobilenet_v2_fp64_slow_BS4_tegrastats.log,.log,2187290,ae8068324ca3d99228355e3bc71a3ef4773e9ff0b8c8b715b0dbb01862524203
MasterJetson,Ergebnisse_MasterJetson_07.07.2026/mobilenet_v2_fp64_slow_BS4_tegrastats_power.csv,.csv,111942,bf17ea57ae52c97320aad46b9b4e923f39b1915a57b305fc36585c5bbe8c3c80
MasterJetson,Ergebnisse_MasterJetson_07.07.2026/mobilenet_v2_fp64_slow_BS8_bench_meta.json,.json,602,e45caa1593472ba005da9aa38a0ba010b7bece7457afa566e289071433f8d9f9
MasterJetson,Ergebnisse_MasterJetson_07.07.2026/mobilenet_v2_fp64_slow_BS8_perf.csv,.csv,310596,4f5f6fc9103d64cb0707a7ac106df8f9b8e8311452eef7c238e5954b717c76ad
MasterJetson,Ergebnisse_MasterJetson_07.07.2026/mobilenet_v2_fp64_slow_BS8_tegrastats.log,.log,2127673,8ad735d414ef97d94172dcd786b9491e97dce0b46d141ea497258426103eb5c3
MasterJetson,Ergebnisse_MasterJetson_07.07.2026/mobilenet_v2_fp64_slow_BS8_tegrastats_power.csv,.csv,107110,8759587d45e9cf4a62a878aa080fd0d9c314262ea45dfb021f72dfd9fb6d0be3
MasterJetson,Ergebnisse_MasterJetson_07.07.2026/resnet50_fp16_fast_BS16_bench_meta.json,.json,602,a6c68c10d465618b42702f4ff51a6a4970dc45f9064440bc35cf9a6f3225f14e
MasterJetson,Ergebnisse_MasterJetson_07.07.2026/resnet50_fp16_fast_BS16_perf.csv,.csv,163131,0368c9d185bf35ca00e6a73c02b063734039ac133f17d81ce8b85cfe889f6040
MasterJetson,Ergebnisse_MasterJetson_07.07.2026/resnet50_fp16_fast_BS16_tegrastats.log,.log,534223,8c0b3a9630379fff6bac6de1f10ed6abaf06af94dfbd08877d4da0129ee9ea67
MasterJetson,Ergebnisse_MasterJetson_07.07.2026/resnet50_fp16_fast_BS16_tegrastats_power.csv,.csv,25515,59dd59376d988e172f5695a756bdbf7f1f1ce06a10c867102f1f0bb767d36a0b
MasterJetson,Ergebnisse_MasterJetson_07.07.2026/resnet50_fp16_fast_BS1_bench_meta.json,.json,602,bcee45b3de11579baf585e6f96997e9fea07eb3fe6bacf083fea5a54215efc79
MasterJetson,Ergebnisse_MasterJetson_07.07.2026/resnet50_fp16_fast_BS1_perf.csv,.csv,2479764,1c7a266a441678ca52bf7f01c4a55e44c481cb267412621d6ffb1215ade5c561
MasterJetson,Ergebnisse_MasterJetson_07.07.2026/resnet50_fp16_fast_BS1_tegrastats.log,.log,834133,175321fb38f6414724b08ef51d55286cb3c44ae193296d64246a2ce655da6c7a
MasterJetson,Ergebnisse_MasterJetson_07.07.2026/resnet50_fp16_fast_BS1_tegrastats_power.csv,.csv,40447,5b99a9bdd52ff2b190752668db6756751315dd953e699234f0ed9f9f1850698c
MasterJetson,Ergebnisse_MasterJetson_07.07.2026/resnet50_fp16_fast_BS4_bench_meta.json,.json,600,c28cd108e2d41412ec633ead34c19558f8b03f3a2737cf1c60be92d2f3149363
MasterJetson,Ergebnisse_MasterJetson_07.07.2026/resnet50_fp16_fast_BS4_perf.csv,.csv,606567,9196d2d6d96f7c317e7f1d3d0ab84a755e4825b55135b83653f43b89ebf9dae4
MasterJetson,Ergebnisse_MasterJetson_07.07.2026/resnet50_fp16_fast_BS4_tegrastats.log,.log,599545,da6e867bef8af60d5f4a0b385d48a4d7e55c99ae3c3858b27208c42425e0425c
MasterJetson,Ergebnisse_MasterJetson_07.07.2026/resnet50_fp16_fast_BS4_tegrastats_power.csv,.csv,28877,becd1da4347cec630ac61072744088141ce19f4687f0a1084aa608990df29728
MasterJetson,Ergebnisse_MasterJetson_07.07.2026/resnet50_fp16_fast_BS8_bench_meta.json,.json,600,52e93a3d4d12d0aae0a8322fb13970e8a86eb4c6f5a92adcef9e07d97c19638f
MasterJetson,Ergebnisse_MasterJetson_07.07.2026/resnet50_fp16_fast_BS8_perf.csv,.csv,311106,838d876466f4a764d0e210b77f4330c7fc11da0b2b5e7369704bbc65720c37ac
MasterJetson,Ergebnisse_MasterJetson_07.07.2026/resnet50_fp16_fast_BS8_tegrastats.log,.log,356443,a755c7a7d52ab6aae13e7e4aa3328a3fe10a65eece50992e1ef7d27741329d5e
MasterJetson,Ergebnisse_MasterJetson_07.07.2026/resnet50_fp16_fast_BS8_tegrastats_power.csv,.csv,16054,331e8f253894e1a297663ae25e3d26b8d46087a9a16600f3ea281739e3aee630
MasterJetson,Ergebnisse_MasterJetson_07.07.2026/resnet50_fp16_medium_BS16_bench_meta.json,.json,603,5c9df23d43b7a96de39247bd5e0f0fe7fd2dec5c678db499d385827d388b3968
MasterJetson,Ergebnisse_MasterJetson_07.07.2026/resnet50_fp16_medium_BS16_perf.csv,.csv,162882,8f701ff3451ddc0837f9ae15da2cb01dc361bbf3f756c18d673675b3b2e858b2
MasterJetson,Ergebnisse_MasterJetson_07.07.2026/resnet50_fp16_medium_BS16_tegrastats.log,.log,411240,57e9b9a1f9f0f42ecc1c5f6de10db5a86c2e7cd56bc2a417e76aeb1f12a6e56d
MasterJetson,Ergebnisse_MasterJetson_07.07.2026/resnet50_fp16_medium_BS16_tegrastats_power.csv,.csv,18902,9c1b9e163da1ab6351e45f8df1d4d04b145a66c54b68e8795e340ef50dfa746e
MasterJetson,Ergebnisse_MasterJetson_07.07.2026/resnet50_fp16_medium_BS1_bench_meta.json,.json,599,e7fd4f8d7b380e3a5c7e9154b18ff3f766f806ba63a103a90b04a17cd2cb5a88
MasterJetson,Ergebnisse_MasterJetson_07.07.2026/resnet50_fp16_medium_BS1_perf.csv,.csv,2479992,732a507fe297c0039a249b1c54bfa0ab9f4018d81ee55d0a847832dfa1b66c45
MasterJetson,Ergebnisse_MasterJetson_07.07.2026/resnet50_fp16_medium_BS1_tegrastats.log,.log,915895,0a86494c49b8987aa90b42f5841a452cbefe2222501a902854c8c8ca9708a070
MasterJetson,Ergebnisse_MasterJetson_07.07.2026/resnet50_fp16_medium_BS1_tegrastats_power.csv,.csv,44712,4791824d26ad515c7b4f0b39fb7e9ae7107936848837e40e1c71509781b03e15
MasterJetson,Ergebnisse_MasterJetson_07.07.2026/resnet50_fp16_medium_BS4_bench_meta.json,.json,597,3fa8712f18720b7dc8ea31d4dce1e693f46063d44beaa1a719efee953a9690bd
MasterJetson,Ergebnisse_MasterJetson_07.07.2026/resnet50_fp16_medium_BS4_perf.csv,.csv,609398,890965a128f29813cab89cf07721e79ac13733597ae4b28d694b16d91a9c3d44
MasterJetson,Ergebnisse_MasterJetson_07.07.2026/resnet50_fp16_medium_BS4_tegrastats.log,.log,467726,2e09956d4c7455b136259ac6dcb9f400eff3ae754dccf844d47cebfe91889f07
MasterJetson,Ergebnisse_MasterJetson_07.07.2026/resnet50_fp16_medium_BS4_tegrastats_power.csv,.csv,21670,98a4898a92defb96d4a7a5a88a72f97cdd520a7f088fc0ad4d781b429eebdd75
MasterJetson,Ergebnisse_MasterJetson_07.07.2026/resnet50_fp16_medium_BS8_bench_meta.json,.json,598,be1d0e21b7b5aa457b4b5ff1b7eebf96f4d4769b1cfff2252b043ebf477df64b
MasterJetson,Ergebnisse_MasterJetson_07.07.2026/resnet50_fp16_medium_BS8_perf.csv,.csv,308591,89c77b045c2bec63afd4dab870e5f736e0eba3c2351bcefd68178b6ec067c56f
MasterJetson,Ergebnisse_MasterJetson_07.07.2026/resnet50_fp16_medium_BS8_tegrastats.log,.log,413395,e9a784ac4c373ea206dc1364aba25b4fd51216168b073cfe3134233226cf3a3d
MasterJetson,Ergebnisse_MasterJetson_07.07.2026/resnet50_fp16_medium_BS8_tegrastats_power.csv,.csv,18916,4a89399e0af0edd90250b7327547bee47093a29bb7000333246e576fffe58e5b
MasterJetson,Ergebnisse_MasterJetson_07.07.2026/resnet50_fp16_slow_BS16_bench_meta.json,.json,599,b41da3fabb21c3f5de8dbecf20db92d0888fad101d071ef4592de56f85594bf8
MasterJetson,Ergebnisse_MasterJetson_07.07.2026/resnet50_fp16_slow_BS16_perf.csv,.csv,161432,33a57a0fb890c4062b73145f877b9d3c14ac88afe26e0448f9f4564d2523f17d
MasterJetson,Ergebnisse_MasterJetson_07.07.2026/resnet50_fp16_slow_BS16_tegrastats.log,.log,549357,b10aae052b30e886bdeedb95589a84bdab3a09280520894e09e80170cd0ae250
MasterJetson,Ergebnisse_MasterJetson_07.07.2026/resnet50_fp16_slow_BS16_tegrastats_power.csv,.csv,26233,7a58a681ebd956ea3fce971bec127f4fb5ea54b2014fa150ff5d06121cf12925
MasterJetson,Ergebnisse_MasterJetson_07.07.2026/resnet50_fp16_slow_BS1_bench_meta.json,.json,599,9dced21746496e5d9eb0f3a60a8140bd37aa46cd70cf197f2a6ee3f1a49819b7
MasterJetson,Ergebnisse_MasterJetson_07.07.2026/resnet50_fp16_slow_BS1_perf.csv,.csv,2479873,f7caff15345b5c4e735abd02fe445aed946a802417ad914a7aac52e98b6d6353
MasterJetson,Ergebnisse_MasterJetson_07.07.2026/resnet50_fp16_slow_BS1_tegrastats.log,.log,1265356,505f202f2dc9f312cea47f0215440bd2840899f9dea686f2e558e5d23d16d628
MasterJetson,Ergebnisse_MasterJetson_07.07.2026/resnet50_fp16_slow_BS1_tegrastats_power.csv,.csv,60209,60ab2ffdde2e594f5d335f7bd79327fc31b9b7f4107901acf87bbda9b84dfacb
MasterJetson,Ergebnisse_MasterJetson_07.07.2026/resnet50_fp16_slow_BS4_bench_meta.json,.json,601,a99e737e5e32ac0b47a1e3065cfa39a5e5e72e16b97bde7198210256dc98c899
MasterJetson,Ergebnisse_MasterJetson_07.07.2026/resnet50_fp16_slow_BS4_perf.csv,.csv,607234,4a92c43e9dd4f975e6899149e33d130bb1cb11edbc516975eb63158cfd4cfe7a
MasterJetson,Ergebnisse_MasterJetson_07.07.2026/resnet50_fp16_slow_BS4_tegrastats.log,.log,648348,6862a43bda7941f716952aa93218142260502287c1e63c85a5e5934ade09f350
MasterJetson,Ergebnisse_MasterJetson_07.07.2026/resnet50_fp16_slow_BS4_tegrastats_power.csv,.csv,31420,1127adf4e542b798db1e074082406ebd3b2f8bff29419e3cd3f02e592fc45975
MasterJetson,Ergebnisse_MasterJetson_07.07.2026/resnet50_fp16_slow_BS8_bench_meta.json,.json,599,075d362a79ca55be9da1f34a9219cfad63d952d6291f892a1e1f18838c31d4b3
MasterJetson,Ergebnisse_MasterJetson_07.07.2026/resnet50_fp16_slow_BS8_perf.csv,.csv,304155,77d119ce7c841db8fe197236f279ebecd2cd493bca8bd1f665cf399e6d37208e
MasterJetson,Ergebnisse_MasterJetson_07.07.2026/resnet50_fp16_slow_BS8_tegrastats.log,.log,590040,2c5776ef5d3a489ec2252107190d4f293abf76f38772eb529feab50620745c60
MasterJetson,Ergebnisse_MasterJetson_07.07.2026/resnet50_fp16_slow_BS8_tegrastats_power.csv,.csv,28430,029d13df0ba296f8a9fa948aaae7ec5609c20d26d272294b2b234eb7dc961ffd
MasterJetson,Ergebnisse_MasterJetson_07.07.2026/resnet50_fp32_fast_BS16_bench_meta.json,.json,600,4e8decc382c112db3a16c00f7f581817e013be25308e425875dc8bb4bf880c45
MasterJetson,Ergebnisse_MasterJetson_07.07.2026/resnet50_fp32_fast_BS16_perf.csv,.csv,160101,188e820e58994a211101987b21e6fdf6cb7587a1522ac3632bf1f04fcc248d19
MasterJetson,Ergebnisse_MasterJetson_07.07.2026/resnet50_fp32_fast_BS16_tegrastats.log,.log,778663,99618f1079c7c30399f5831c50f3fba19d1586a7c813e7f3888d9ec014a3311a
MasterJetson,Ergebnisse_MasterJetson_07.07.2026/resnet50_fp32_fast_BS16_tegrastats_power.csv,.csv,38292,8f96674b08f2dcd749564834ffd84fb897cd6c2215f34e8f88081ffd7d10d015
MasterJetson,Ergebnisse_MasterJetson_07.07.2026/resnet50_fp32_fast_BS1_bench_meta.json,.json,601,301ff34cf998c5eac111ab18ca673bb597c25293defe7a75245d45cf4a02e867
MasterJetson,Ergebnisse_MasterJetson_07.07.2026/resnet50_fp32_fast_BS1_perf.csv,.csv,2479719,a292740b5f1c303a25149c290c37bdf426cef3c495d9fd8810a2dfec6ef1254a
MasterJetson,Ergebnisse_MasterJetson_07.07.2026/resnet50_fp32_fast_BS1_tegrastats.log,.log,1172679,1939d06584d042d99292d7f718224bcafced62219d763c8656ab870bfd2a46ba
MasterJetson,Ergebnisse_MasterJetson_07.07.2026/resnet50_fp32_fast_BS1_tegrastats_power.csv,.csv,58833,7a8c38e492428d36acc5385e7458104f080dd0f793ef272280065959e0d09362
MasterJetson,Ergebnisse_MasterJetson_07.07.2026/resnet50_fp32_fast_BS4_bench_meta.json,.json,599,ae16fa9595b6736b2f2abef2772bba75d5051a99dc7ff095b47a8d0f5cedec22
MasterJetson,Ergebnisse_MasterJetson_07.07.2026/resnet50_fp32_fast_BS4_perf.csv,.csv,606450,6692891cf979f6e314de87f2b7039f9ffcb47cd505d47d0d8814540902ee4922
MasterJetson,Ergebnisse_MasterJetson_07.07.2026/resnet50_fp32_fast_BS4_tegrastats.log,.log,541367,ecaad3a3f57a4b3a446f868bed90413bb9f86d5c53592e134896ae5c1faa010b
MasterJetson,Ergebnisse_MasterJetson_07.07.2026/resnet50_fp32_fast_BS4_tegrastats_power.csv,.csv,25616,e4468632080181b4e1bc593a7028ea88707312c3a673ffd5419b556191acc606
MasterJetson,Ergebnisse_MasterJetson_07.07.2026/resnet50_fp32_fast_BS8_bench_meta.json,.json,600,e4aa90d32e9cb4ec7ed3fbc3a3e50787de6421c2b77e70c429c13afd5159b127
MasterJetson,Ergebnisse_MasterJetson_07.07.2026/resnet50_fp32_fast_BS8_perf.csv,.csv,311102,11208624023bbeb0697fa3e710adf94892120aecd68465a82057bd8821e61572
MasterJetson,Ergebnisse_MasterJetson_07.07.2026/resnet50_fp32_fast_BS8_tegrastats.log,.log,821834,59e9e3450519bdf3c9150a530cf727739bc1313d1afeefac3cd8b0b6978a4af1
MasterJetson,Ergebnisse_MasterJetson_07.07.2026/resnet50_fp32_fast_BS8_tegrastats_power.csv,.csv,40330,4f30c25c92f307c040f6bce8d6170be738fb09dd0ae9996d73880132577693f0
MasterJetson,Ergebnisse_MasterJetson_07.07.2026/resnet50_fp32_medium_BS16_bench_meta.json,.json,602,40917c56732aeff35a7d8bc660d557df53c3345033fa0489e71b8ac1443095c6
MasterJetson,Ergebnisse_MasterJetson_07.07.2026/resnet50_fp32_medium_BS16_perf.csv,.csv,159894,8f517c61337900edfd861c3b8bf555197c40fc9b23fe82a0cb79266b967cb711
MasterJetson,Ergebnisse_MasterJetson_07.07.2026/resnet50_fp32_medium_BS16_tegrastats.log,.log,528665,9d7747f132278a13010ca3128e02362b03e38acd242c897ba1f363a9dbdaf271
MasterJetson,Ergebnisse_MasterJetson_07.07.2026/resnet50_fp32_medium_BS16_tegrastats_power.csv,.csv,24849,cf330622bc5eb0fab4c09264f016e05d93c94bf3dd71f5f525c49935b4ae92e8
MasterJetson,Ergebnisse_MasterJetson_07.07.2026/resnet50_fp32_medium_BS1_bench_meta.json,.json,602,115ee413be657562fdcd035a4c6954617e574e121f75eaa178abf06a1ddc97f3
MasterJetson,Ergebnisse_MasterJetson_07.07.2026/resnet50_fp32_medium_BS1_perf.csv,.csv,2479385,7c10f55ca9d83f0222df15b604dd4c5e972924119345adbc49c87fcfe4798a01
MasterJetson,Ergebnisse_MasterJetson_07.07.2026/resnet50_fp32_medium_BS1_tegrastats.log,.log,800909,2d131ecf7130c017c78c1b9c2b219bd89463779d61ed485100e268dc26d27e9d
MasterJetson,Ergebnisse_MasterJetson_07.07.2026/resnet50_fp32_medium_BS1_tegrastats_power.csv,.csv,38737,71b589ea77f1685b517a1765cb375ac6a435fb1f740d7e21691eeb0dfa2b86d5
MasterJetson,Ergebnisse_MasterJetson_07.07.2026/resnet50_fp32_medium_BS4_bench_meta.json,.json,600,73b44bef9750788c78bbd557c2c1b0d69fa58efa6561f2545ddc99c46aecc646
MasterJetson,Ergebnisse_MasterJetson_07.07.2026/resnet50_fp32_medium_BS4_perf.csv,.csv,606543,07c79fbcd1f868f988ef15f9bc089271d71f7240451b981ea68af7ead1b0bec5
MasterJetson,Ergebnisse_MasterJetson_07.07.2026/resnet50_fp32_medium_BS4_tegrastats.log,.log,559212,5829227a4d60aebc3be311cb88b06e84c076f4b652aab2d3c27abe0450f6b9fc
MasterJetson,Ergebnisse_MasterJetson_07.07.2026/resnet50_fp32_medium_BS4_tegrastats_power.csv,.csv,26216,54bb1f8470dc213a2c06f619f901a4c85aa598138530106140ae43ad44a1322b
MasterJetson,Ergebnisse_MasterJetson_07.07.2026/resnet50_fp32_medium_BS8_bench_meta.json,.json,601,32598072f474fa7042a18fc977f8ef31ebf9320aaf10bddb9df6b586f48b00e1
MasterJetson,Ergebnisse_MasterJetson_07.07.2026/resnet50_fp32_medium_BS8_perf.csv,.csv,309896,b035ac1fe82385cb5c0d509c9e80b685137999289443171a8185891c79275958
MasterJetson,Ergebnisse_MasterJetson_07.07.2026/resnet50_fp32_medium_BS8_tegrastats.log,.log,510534,56ab6a9c0aa52b428c290574423c574716016a8b709d226b064bc416b50603a9
MasterJetson,Ergebnisse_MasterJetson_07.07.2026/resnet50_fp32_medium_BS8_tegrastats_power.csv,.csv,23807,9d63579497811ec0b57780a3d19a9e0dea87fd5d36eb6903322fd242b80e687f
MasterJetson,Ergebnisse_MasterJetson_07.07.2026/resnet50_fp32_slow_BS16_bench_meta.json,.json,602,9610aed1d69592999baf139f475b1df9427dd025021c84d78f83526bfc39f0d6
MasterJetson,Ergebnisse_MasterJetson_07.07.2026/resnet50_fp32_slow_BS16_perf.csv,.csv,160153,f0c027525b12fa7f8fb7bf532899231938b98212f8372f5fd9d5c34fdcba7f37
MasterJetson,Ergebnisse_MasterJetson_07.07.2026/resnet50_fp32_slow_BS16_tegrastats.log,.log,792503,608cbee3a811add8509ea070221c6195b7706d3fb0d4c8196ad06ebae3643db9
MasterJetson,Ergebnisse_MasterJetson_07.07.2026/resnet50_fp32_slow_BS16_tegrastats_power.csv,.csv,38991,15084df8244aa642d049832c3642fd104bfbfbd20a14b065044d3c0601b83818
MasterJetson,Ergebnisse_MasterJetson_07.07.2026/resnet50_fp32_slow_BS1_bench_meta.json,.json,602,4d7f91882ad01b03fa8d4ea4fac7f8d5da18380472a8ddd3b5598312e7a51c01
MasterJetson,Ergebnisse_MasterJetson_07.07.2026/resnet50_fp32_slow_BS1_perf.csv,.csv,2479476,4ca222de254786a62c523ba6e4c84bc6bc80bafb06eac54d80fb1c73791ca7ac
MasterJetson,Ergebnisse_MasterJetson_07.07.2026/resnet50_fp32_slow_BS1_tegrastats.log,.log,1158423,4478db571fc1df1b3e239063e8b9f3c2100fdaf4b9050bbf1947fed348d74c6d
MasterJetson,Ergebnisse_MasterJetson_07.07.2026/resnet50_fp32_slow_BS1_tegrastats_power.csv,.csv,58050,4f4cedd952a8aa9fd8d60aa32bd7f2cfe71197b2459d7a13e183193c7543a559
MasterJetson,Ergebnisse_MasterJetson_07.07.2026/resnet50_fp32_slow_BS4_bench_meta.json,.json,600,b854e3d03f8940fcbef68eb56967b3ec02dbc14fd37934b29b1ae2d595a37e2e
MasterJetson,Ergebnisse_MasterJetson_07.07.2026/resnet50_fp32_slow_BS4_perf.csv,.csv,619237,5a9d442dbbe77f392b60e76f5b1d4b11d4ad03ca920995548278aedbba5204b2
MasterJetson,Ergebnisse_MasterJetson_07.07.2026/resnet50_fp32_slow_BS4_tegrastats.log,.log,909301,28cfcac9d8d91dafcab4e7b37791d9619922ecfd6e19972bcd35cb2b6e5b67bd
MasterJetson,Ergebnisse_MasterJetson_07.07.2026/resnet50_fp32_slow_BS4_tegrastats_power.csv,.csv,45114,4839b7eddd3108ac25a96ca0a9844b232e94d0e6d393773f0698bca27dec895d
MasterJetson,Ergebnisse_MasterJetson_07.07.2026/resnet50_fp32_slow_BS8_bench_meta.json,.json,600,4155f6f0558e4620b8f5da4468c58b43088a0fb0c926fe9e11d614e586264fd2
MasterJetson,Ergebnisse_MasterJetson_07.07.2026/resnet50_fp32_slow_BS8_perf.csv,.csv,311000,0d830cb3a56291e58c073ac8728d6a72c154d01ea5aad75b69ff590f9cc3e72d
MasterJetson,Ergebnisse_MasterJetson_07.07.2026/resnet50_fp32_slow_BS8_tegrastats.log,.log,827070,40148c18c907b834e04a33fd097f8a7453232547a151e5d61e44a90b2f7225d6
MasterJetson,Ergebnisse_MasterJetson_07.07.2026/resnet50_fp32_slow_BS8_tegrastats_power.csv,.csv,40674,1c9e40c8b912c134b55bed94ea265ca9cef4772c745895276682d35e2cf20098
MasterJetson,Ergebnisse_MasterJetson_07.07.2026/resnet50_fp64_fast_BS16_bench_meta.json,.json,600,1cd2fe7920a391ed20ac483d143f92173cd4c7a772db3d7dc13d45ef98ac7c34
MasterJetson,Ergebnisse_MasterJetson_07.07.2026/resnet50_fp64_fast_BS16_perf.csv,.csv,163142,5a07ca8ab9ccceef2af3bf5c55aff82ef3542edb6a998b39d4b293440b876ea8
MasterJetson,Ergebnisse_MasterJetson_07.07.2026/resnet50_fp64_fast_BS16_tegrastats.log,.log,15182304,f04c353cbc364427ab3fdfabb8380547c23eb17e8054c4d59b647c7e62b3893e
MasterJetson,Ergebnisse_MasterJetson_07.07.2026/resnet50_fp64_fast_BS16_tegrastats_power.csv,.csv,859418,2c0a94ce8546ed1d0d65f96091b545fc190cfb80b3ae9730dfd0984a6ea99d71
MasterJetson,Ergebnisse_MasterJetson_07.07.2026/resnet50_fp64_fast_BS1_bench_meta.json,.json,598,7528e8229b4f9ba125ddc5d26167b8ded75d86ef8754da99f375a9b6dc7bb92d
MasterJetson,Ergebnisse_MasterJetson_07.07.2026/resnet50_fp64_fast_BS1_perf.csv,.csv,2482795,92e37e2c1d1ef300c03b72464be0eaccfb9b3b38221e947f279ec936c48e8094
MasterJetson,Ergebnisse_MasterJetson_07.07.2026/resnet50_fp64_fast_BS1_tegrastats.log,.log,9311730,40c42a93c9ea9fddeb106d9eb097ad46a065c6f0058926a1af88faf075fd3f03
MasterJetson,Ergebnisse_MasterJetson_07.07.2026/resnet50_fp64_fast_BS1_tegrastats_power.csv,.csv,507674,ff4d0ac311e87feb7b47d3885c723f9ca1952a30191bc9dd9eb15fb6c497f963
MasterJetson,Ergebnisse_MasterJetson_07.07.2026/resnet50_fp64_fast_BS4_bench_meta.json,.json,603,fda26e6e374839a216f202fde20a9edfffdfa42d5dfdefbdc4790ba3b4fde59e
MasterJetson,Ergebnisse_MasterJetson_07.07.2026/resnet50_fp64_fast_BS4_perf.csv,.csv,621569,c391c6884bc2b35f8854cfc4f0ec68d33924ba13b1424d8e6ae2e9cfd5c01c29
MasterJetson,Ergebnisse_MasterJetson_07.07.2026/resnet50_fp64_fast_BS4_tegrastats.log,.log,8559773,a11c28eb991acb0423890679dc28b139484eeeda1b65a298b90f69fe372b0e6c
MasterJetson,Ergebnisse_MasterJetson_07.07.2026/resnet50_fp64_fast_BS4_tegrastats_power.csv,.csv,465156,3befda53163616b730d99e44c71b11bbfbe3d74844368c9cc704d4960b38cf5c
MasterJetson,Ergebnisse_MasterJetson_07.07.2026/resnet50_fp64_fast_BS8_bench_meta.json,.json,597,6ae94537800b86332cf72e023044fc821b9bc80cb350e08862ecf5e6421bc6a5
MasterJetson,Ergebnisse_MasterJetson_07.07.2026/resnet50_fp64_fast_BS8_perf.csv,.csv,310247,9e78c4fe452283e7060d8b1d9bbd34682268a46b560bfb8d8f894207e553202c
MasterJetson,Ergebnisse_MasterJetson_07.07.2026/resnet50_fp64_fast_BS8_tegrastats.log,.log,16120623,b8ed55fb52bb9095d8f988f7addba45d499b848ea91327e2d458444cb2783386
MasterJetson,Ergebnisse_MasterJetson_07.07.2026/resnet50_fp64_fast_BS8_tegrastats_power.csv,.csv,912992,a3c564b6235a9bff7b1e49a19607742e691f5e737c42a5a8cdb29c05ae45ff24
MasterJetson,Ergebnisse_MasterJetson_07.07.2026/resnet50_fp64_medium_BS16_bench_meta.json,.json,601,2ef0ba08ac3709aac4301513664994dd8334cad6c8163823f5e62bc3b1d1e495
MasterJetson,Ergebnisse_MasterJetson_07.07.2026/resnet50_fp64_medium_BS16_perf.csv,.csv,159839,692ee5d006227d7fd31285f4970e365e015a981c6b326c5696431a9113df1c51
MasterJetson,Ergebnisse_MasterJetson_07.07.2026/resnet50_fp64_medium_BS16_tegrastats.log,.log,7846642,4832d9ba836e966036fb90ee1f0cef2bed568df329f57d00564ebdf27f468ae9
MasterJetson,Ergebnisse_MasterJetson_07.07.2026/resnet50_fp64_medium_BS16_tegrastats_power.csv,.csv,424167,1086d5f03c4d36bea5ccc6753c729f0e5e5edf469d525cd8be63cc56613f1601
MasterJetson,Ergebnisse_MasterJetson_07.07.2026/resnet50_fp64_medium_BS1_bench_meta.json,.json,603,6624eb66aa024c9337b0c7722ce158f99a0412fa31ed7b5ef30a1ceb8407ecc7
MasterJetson,Ergebnisse_MasterJetson_07.07.2026/resnet50_fp64_medium_BS1_perf.csv,.csv,2482708,254269a3535d89d315a5d4d1aa33d52d1066382881338aae532f5ab40d1f0026
MasterJetson,Ergebnisse_MasterJetson_07.07.2026/resnet50_fp64_medium_BS1_tegrastats.log,.log,9319258,819f5f7d5556accb5492902433d414f0efc919c206cbb3c92915bdab00f94872
MasterJetson,Ergebnisse_MasterJetson_07.07.2026/resnet50_fp64_medium_BS1_tegrastats_power.csv,.csv,507918,e76d4f2ca90cd106fdb2d9aec2523a136a0394bf613a8ccef0280cfdfe956296
MasterJetson,Ergebnisse_MasterJetson_07.07.2026/resnet50_fp64_medium_BS4_bench_meta.json,.json,603,91a1bfa8096218d8d6fd5145a2dbcfc4983ff3c029995fae21f44ffb6e664a1b
MasterJetson,Ergebnisse_MasterJetson_07.07.2026/resnet50_fp64_medium_BS4_perf.csv,.csv,621506,d9108ba270e8240597d71bda8a55bd028819867f1bb587844aa2c4c60045ae07
MasterJetson,Ergebnisse_MasterJetson_07.07.2026/resnet50_fp64_medium_BS4_tegrastats.log,.log,8554213,0d023b7988abab34ecdfd599129701fc01a7363b4bcb34e72b57627cdaaa8950
MasterJetson,Ergebnisse_MasterJetson_07.07.2026/resnet50_fp64_medium_BS4_tegrastats_power.csv,.csv,465141,c45bef7c137cfb98b66f0547535e2a5038f67194d7f6df7504a615128f56beb5
MasterJetson,Ergebnisse_MasterJetson_07.07.2026/resnet50_fp64_medium_BS8_bench_meta.json,.json,599,4fc0b46bd80e8266dc375838ed216fa160c82f2a8815a246a9a1c637b4503f12
MasterJetson,Ergebnisse_MasterJetson_07.07.2026/resnet50_fp64_medium_BS8_perf.csv,.csv,311750,a7cfd447945406d8e3c67c1eeef0a9f420c677a438386b4e15379c14141b7ff4
MasterJetson,Ergebnisse_MasterJetson_07.07.2026/resnet50_fp64_medium_BS8_tegrastats.log,.log,8350861,3348b0ca3d5ccb493ba8d1e02be6c6479772162a6c7f25065cbe1515e3d10215
MasterJetson,Ergebnisse_MasterJetson_07.07.2026/resnet50_fp64_medium_BS8_tegrastats_power.csv,.csv,456016,63e7d0bb9af3a6e2aa347291cb0fc7b1d3b6a91dcbc6e7d5c57adefd10f245d8
MasterJetson,Ergebnisse_MasterJetson_07.07.2026/resnet50_fp64_slow_BS16_bench_meta.json,.json,599,cbdcccd43fabe776c113d9f940a628f39f98c78aeab28d349f92a08922b26932
MasterJetson,Ergebnisse_MasterJetson_07.07.2026/resnet50_fp64_slow_BS16_perf.csv,.csv,163177,84b64864c287a1d0144b43931e42ac96c21d05bc18d448c493972806cdd21756
MasterJetson,Ergebnisse_MasterJetson_07.07.2026/resnet50_fp64_slow_BS16_tegrastats.log,.log,15184838,0429ee8c62fdf482cd499aa4327833aedc4acd8d61c23f4dcca32f52a9f1e1d8
MasterJetson,Ergebnisse_MasterJetson_07.07.2026/resnet50_fp64_slow_BS16_tegrastats_power.csv,.csv,859481,5fdaec2f175be0b6295ebf9f5bd70562744c8412db97b417f4c761ca762d5a2a
MasterJetson,Ergebnisse_MasterJetson_07.07.2026/resnet50_fp64_slow_BS1_bench_meta.json,.json,601,0e2b0f9e9422ffe6eb3da786d0358dc653592217bc29776f94c5f26f1aa9f6f8
MasterJetson,Ergebnisse_MasterJetson_07.07.2026/resnet50_fp64_slow_BS1_perf.csv,.csv,2470255,7b496116ed23c973080f94383a53ba444c8d1071f1cc8fd5cfb01e16f0db8d9e
MasterJetson,Ergebnisse_MasterJetson_07.07.2026/resnet50_fp64_slow_BS1_tegrastats.log,.log,17947040,6fb4b9833375e2505d403a129d592b67a326ba48100dc745816007ccf6baf020
MasterJetson,Ergebnisse_MasterJetson_07.07.2026/resnet50_fp64_slow_BS1_tegrastats_power.csv,.csv,1023266,fc6a93e53eb9e8c29064ab2f6613612d43194d66b2f9bbc6a2b800ddb2e7309e
MasterJetson,Ergebnisse_MasterJetson_07.07.2026/resnet50_fp64_slow_BS4_bench_meta.json,.json,601,5c4dd6ef14e284f3d92915f5aa42f4c82a86c5657268f5e8cb2a27a6a3ed8f34
MasterJetson,Ergebnisse_MasterJetson_07.07.2026/resnet50_fp64_slow_BS4_perf.csv,.csv,621544,8f6972a7594a1f3a746fdd6ee1988c22e3696f2626bbbdd66c63942785bf51a3
MasterJetson,Ergebnisse_MasterJetson_07.07.2026/resnet50_fp64_slow_BS4_tegrastats.log,.log,16578757,029c0533df290b6d904a11e2ee98cde227d730b61cc1f478c6cc283d7e5ab39c
MasterJetson,Ergebnisse_MasterJetson_07.07.2026/resnet50_fp64_slow_BS4_tegrastats_power.csv,.csv,941528,6d70a3f5cced531538649fa1bfd6ddc230548f7b3432909f2c4e03aa14c5efb9
MasterJetson,Ergebnisse_MasterJetson_07.07.2026/resnet50_fp64_slow_BS8_bench_meta.json,.json,600,545a39736a5451c4fa92a3da9052338dd02779a1736c3dc5495c3b7115ad3f48
MasterJetson,Ergebnisse_MasterJetson_07.07.2026/resnet50_fp64_slow_BS8_perf.csv,.csv,310187,f554d3b23ad3f7f699cb5580651e845d3494f068d522666180ad4dc71b07a54e
MasterJetson,Ergebnisse_MasterJetson_07.07.2026/resnet50_fp64_slow_BS8_tegrastats.log,.log,16109773,863d1a5c0ebd6da5e26c6f463559c19d7c665582fa4d6b6b78d4bf6e2c593aa2
MasterJetson,Ergebnisse_MasterJetson_07.07.2026/resnet50_fp64_slow_BS8_tegrastats_power.csv,.csv,912242,fdb15e0c5d68bbe079f730cecebd22b44ba4fd019653f9d720d491bcb1fce9c7
Plotcode,Plotcode/build_enriched_manifest.py,.py,4427,40ff471e960fd5d6ae0497ea18527dc3fc259f442033bf54affe2087dd31bac3
Plotcode,Plotcode/diag_check_manifest.py,.py,5035,5a7070bd8d73b3c7150b46406ffb56efc3f0021024f92f27dac402b22be201a2
Plotcode,Plotcode/ee-bench.code-workspace,.code-workspace,163,e92606dca05ecf509e07e35603f2a124ef87b14a8e549b881a52c4ac710e13e5
Plotcode,Plotcode/host_run_grid_unattended_v6.py,.py,14618,3611a4ea0547b85518dbb25584ce9b18241f7a997bdc53fae5ad8402a1c5ead0
Plotcode,Plotcode/make_best_of.py,.py,7883,70215ea0f8adc591b469e2aebb12d11de9fe4ae643ad66fd912447929fc1bf15
Plotcode,Plotcode/make_plot_01_throughput_power_grid.py,.py,6548,0b7fbaee8d87ddbc88dd78888faf89a303082a6a9c0b3004007d6fb79cc3126b
Plotcode,Plotcode/make_plot_01_throughput_power_multi.py,.py,7025,5ad72d090ce21bf80f6a355c7ad3b21fd8da60359563af94fd63933060905046
Plotcode,Plotcode/make_plot_02_energy_per_image_grid.py,.py,8284,465791d82b884c58311216f566917fa969c64ec3ff741d54afd8dcbe11ad254e
Plotcode,Plotcode/make_plot_03_images_per_joule_batch_grid.py,.py,7726,51b08cf9096e94918feac5362551fa6022592d921d85fa0d19dfeb205678cb26
Plotcode,Plotcode/make_plot_04_energy_per_batch_grid.py,.py,8183,6c51aa9a5112c8de62d174e3f8015c87ffbee14a540eb26b30c2418655bc0a4b
Plotcode,Plotcode/make_plot_05_latency_vs_throughput_grid.py,.py,7062,c043510e583aae4c6e36da4b09a7012d54c76b644170923afcaf6d881def75ef
Plotcode,Plotcode/make_plot_06_edp_vs_throughput_all.py,.py,6947,31fbd4e87b45ab489706a74842b7fe39918cef503e938feb9bfc3b29913fd3bf
Plotcode,Plotcode/make_plot_06_edp_vs_throughput_grid.py,.py,6842,9d97237cca9eaf3b318dbeabe7b43e82f74c837139d88995bc2c12bcc0d0f0c6
Plotcode,Plotcode/make_plot_06_edp_vs_throughput_grid_swapped.py,.py,6947,31fbd4e87b45ab489706a74842b7fe39918cef503e938feb9bfc3b29913fd3bf
