dataset_fixed,source_directory_fixed,prefix,model,precision,profile,batch,seed_fixed,cuda_device_fixed,torch_version_fixed,torchvision_version_fixed,timestamp_utc_fixed,perf_rows_iterations_fixed,total_images_fixed,perf_nan_cells_fixed,perf_nonfinite_cells_fixed,perf_duplicate_rows_fixed,perf_duplicate_iters_fixed,perf_iter_sequence_ok_fixed,batch_pattern_ok_fixed,row_img_per_s_max_abs_error_fixed,latency_avg_ms_fixed,latency_p50_ms_fixed,latency_p50_conventional_median_ms_fixed,latency_p50_higher_minus_conventional_ms_fixed,latency_p95_ms_fixed,latency_p99_ms_fixed,latency_max_ms_fixed,latency_max_to_p50_ratio_fixed,latency_iterations_gt2x_p50_fixed,latency_iterations_gt5x_p50_fixed,latency_iterations_gt10x_p50_fixed,throughput_img_s_excluding_gt5x_p50_sensitivity_fixed,throughput_sensitivity_percent_increase_excluding_gt5x_p50_fixed,latency_std_ms_fixed,latency_within_run_cv_fixed,latency_lag1_autocorrelation_fixed,latency_last_vs_first_decile_mean_ratio_fixed,throughput_img_s_fixed,top1_weighted_fixed,inference_time_s_fixed,meta_duration_s_fixed,inference_time_fraction_of_meta_duration_fixed,power_rows_fixed,power_nan_cells_fixed,power_nonfinite_cells_fixed,power_duplicate_rows_fixed,power_duplicate_indices_fixed,power_index_sequence_ok_fixed,power_elapsed_strictly_increasing_fixed,power_elapsed_span_s_fixed,power_elapsed_dt_min_s_fixed,power_elapsed_dt_max_s_fixed,avg_power_W_fixed,time_weighted_avg_power_W_fixed,time_weighted_to_arithmetic_power_ratio_fixed,power_std_W_fixed,power_within_run_cv_fixed,power_lag1_autocorrelation_fixed,power_last_vs_first_decile_mean_ratio_fixed,energy_J_avg_power_times_meta_duration_fixed,energy_per_img_J_avg_power_times_meta_duration_fixed,energy_J_integrated_nominal_elapsed_fixed,energy_per_img_J_integrated_nominal_elapsed_fixed,energy_per_img_J_power_over_throughput_proxy_fixed,reported_epi_to_power_over_throughput_ratio_fixed,edp_per_img_Js_reported_formula_fixed,edp_per_img_Js_power_throughput_proxy_fixed,end_to_end_time_per_img_s_fixed,end_to_end_edp_per_img_Js_fixed,formula_checks_failed_fixed,log_lines_fixed,log_timestamp_count_fixed,log_power_count_fixed,log_malformed_timestamp_lines_fixed,log_malformed_power_lines_fixed,log_replacement_character_lines_fixed,log_wall_span_s_fixed,log_gap_count_gt1s_fixed,log_missing_seconds_from_gaps_fixed,log_max_gap_s_fixed,log_nonpositive_time_steps_fixed,energy_J_integrated_log_timestamps_fixed,log_vs_power_csv_max_abs_diff_W_fixed,log_vs_power_csv_elapsed_max_abs_diff_s_fixed,log_temperature_count_fixed,log_start_gpu_or_tj_temp_C_fixed,log_end_gpu_or_tj_temp_C_fixed,log_time_weighted_mean_gpu_or_tj_temp_C_fixed,log_end_minus_start_gpu_or_tj_temp_C_fixed,cpu_freq_mode_MHz_fixed,cpu_freq_max_MHz_fixed,emc_freq_mode_MHz_fixed,emc_freq_max_MHz_fixed,gpu_freq_mode_MHz_fixed,gpu_freq_max_MHz_fixed,max_gpu_or_tj_temp_C_fixed,log_wall_span_to_meta_duration_ratio_fixed,nominal_elapsed_to_log_wall_span_ratio_fixed,timestamp_energy_to_nominal_energy_ratio_fixed,energy_per_img_J_integrated_log_timestamps_fixed,dataset_random,source_directory_random,seed_random,cuda_device_random,torch_version_random,torchvision_version_random,timestamp_utc_random,perf_rows_iterations_random,total_images_random,perf_nan_cells_random,perf_nonfinite_cells_random,perf_duplicate_rows_random,perf_duplicate_iters_random,perf_iter_sequence_ok_random,batch_pattern_ok_random,row_img_per_s_max_abs_error_random,latency_avg_ms_random,latency_p50_ms_random,latency_p50_conventional_median_ms_random,latency_p50_higher_minus_conventional_ms_random,latency_p95_ms_random,latency_p99_ms_random,latency_max_ms_random,latency_max_to_p50_ratio_random,latency_iterations_gt2x_p50_random,latency_iterations_gt5x_p50_random,latency_iterations_gt10x_p50_random,throughput_img_s_excluding_gt5x_p50_sensitivity_random,throughput_sensitivity_percent_increase_excluding_gt5x_p50_random,latency_std_ms_random,latency_within_run_cv_random,latency_lag1_autocorrelation_random,latency_last_vs_first_decile_mean_ratio_random,throughput_img_s_random,top1_weighted_random,inference_time_s_random,meta_duration_s_random,inference_time_fraction_of_meta_duration_random,power_rows_random,power_nan_cells_random,power_nonfinite_cells_random,power_duplicate_rows_random,power_duplicate_indices_random,power_index_sequence_ok_random,power_elapsed_strictly_increasing_random,power_elapsed_span_s_random,power_elapsed_dt_min_s_random,power_elapsed_dt_max_s_random,avg_power_W_random,time_weighted_avg_power_W_random,time_weighted_to_arithmetic_power_ratio_random,power_std_W_random,power_within_run_cv_random,power_lag1_autocorrelation_random,power_last_vs_first_decile_mean_ratio_random,energy_J_avg_power_times_meta_duration_random,energy_per_img_J_avg_power_times_meta_duration_random,energy_J_integrated_nominal_elapsed_random,energy_per_img_J_integrated_nominal_elapsed_random,energy_per_img_J_power_over_throughput_proxy_random,reported_epi_to_power_over_throughput_ratio_random,edp_per_img_Js_reported_formula_random,edp_per_img_Js_power_throughput_proxy_random,end_to_end_time_per_img_s_random,end_to_end_edp_per_img_Js_random,formula_checks_failed_random,log_lines_random,log_timestamp_count_random,log_power_count_random,log_malformed_timestamp_lines_random,log_malformed_power_lines_random,log_replacement_character_lines_random,log_wall_span_s_random,log_gap_count_gt1s_random,log_missing_seconds_from_gaps_random,log_max_gap_s_random,log_nonpositive_time_steps_random,energy_J_integrated_log_timestamps_random,log_vs_power_csv_max_abs_diff_W_random,log_vs_power_csv_elapsed_max_abs_diff_s_random,log_temperature_count_random,log_start_gpu_or_tj_temp_C_random,log_end_gpu_or_tj_temp_C_random,log_time_weighted_mean_gpu_or_tj_temp_C_random,log_end_minus_start_gpu_or_tj_temp_C_random,cpu_freq_mode_MHz_random,cpu_freq_max_MHz_random,emc_freq_mode_MHz_random,emc_freq_max_MHz_random,gpu_freq_mode_MHz_random,gpu_freq_max_MHz_random,max_gpu_or_tj_temp_C_random,log_wall_span_to_meta_duration_ratio_random,nominal_elapsed_to_log_wall_span_ratio_random,timestamp_energy_to_nominal_energy_ratio_random,energy_per_img_J_integrated_log_timestamps_random,position_fixed,position_random,position_change_random_minus_fixed,log_ratio_random_fixed__throughput_img_s,log_ratio_random_fixed__latency_avg_ms,log_ratio_random_fixed__avg_power_W,log_ratio_random_fixed__energy_per_img_J_avg_power_times_meta_duration,log_ratio_random_fixed__energy_per_img_J_integrated_log_timestamps,log_ratio_random_fixed__energy_per_img_J_power_over_throughput_proxy,log_ratio_random_fixed__inference_time_fraction_of_meta_duration
fixed_2026-03,Ergebnisse_13.03.2026 (feste Reihenfolge),mobilenet_v2_fp16_fast_BS128,mobilenet_v2,fp16,fast,128,123,Orin,2.6.0,0.21.0,2026-03-13T16:53:17Z,391,50000.0,0,0,0,0,True,True,1.1368683772161603e-13,317.2100929293574,315.9189760335721,315.9189760335721,0.0,321.39377601561137,322.1179296204355,323.54899198981,1.0241518127591902,0,0,0,403.1310500581727,0.0,6.2445662918655325,0.019685900389229405,0.11220020405620394,0.9936989258455707,403.1310500581727,0.7211,124.02914633537875,787.7591111040092,0.15744552438315496,811,0,0,0,0,True,True,819.0,1.0,2.0,6.521584463625154,6.529163614163615,1.0011621639772872,1.2325094269863315,0.1889892607940274,-0.04349779077952602,0.8321352293308036,5137.437580055068,0.10274875160110136,5347.385,0.1069477,0.016177331075549934,6.35140315304504,0.03392488985558104,0.005131612693824177,0.015755182222080184,0.001618825304566605,,811,811,811,0,0,0,819.0,9,9.0,2.0,0,5347.385,0.0,0.0,811,37.687,38.0,38.33919474969475,0.3130000000000024,1190.0,1190.0,2133.0,2133.0,815.0,815.0,40.656,1.0396579213818398,1.0,1.0,0.1069477,random_2026-03,Ergebnisse_23.03.2026 (zufällige Reihenfolge),123,Orin,2.6.0,0.21.0,2026-03-17T17:50:35Z,391,50000.0,0,0,0,0,True,True,5.684341886080802e-14,495.760773225097,494.0688109927578,494.0688109927578,0.0,500.9319999953732,501.15005820116494,501.2612100108527,1.0145574844193117,0,0,0,257.94142005180504,0.0,9.436612619399694,0.019034609289499113,0.25532187663894657,0.9946970436737511,257.94142005180504,0.7211,193.84246233101294,1181.806966759992,0.16402210156405309,1221,0,0,0,0,True,True,1234.0,1.0,2.0,6.490907452907453,6.491868719611022,1.0001480943474457,1.014911299743011,0.15635892317158284,-0.04187918894095274,0.9120082549595199,7670.999648440383,0.15341999296880765,8010.966,0.16021932,0.025164269668686078,6.096739344663774,0.07943045396879926,0.012475457788592666,0.02363613933519984,0.0036262563306161174,,1221,1221,1221,0,0,0,1234.0,14,14.0,2.0,0,8010.966,0.0,0.0,1221,37.437,37.812,38.01875324149108,0.375,729.0,729.0,3199.0,3199.0,407.0,408.0,39.625,1.044163754917691,1.0,1.0,0.16021932,48,14,-34,-0.44652919025549187,0.44652919025549204,-0.004715018114468139,0.4008925092665436,0.4042036966928634,0.44181417214102375,0.04092166287448019
fixed_2026-03,Ergebnisse_13.03.2026 (feste Reihenfolge),mobilenet_v2_fp16_fast_BS32,mobilenet_v2,fp16,fast,32,123,Orin,2.6.0,0.21.0,2026-03-13T16:25:53Z,1563,50000.0,0,0,0,0,True,True,1.1368683772161603e-13,85.83467663757345,85.32083197496831,85.32083197496831,0.0,90.35742079722695,90.6823532807175,253.0145280179568,2.96544843927667,1,0,0,372.6904385138499,0.0,4.46821517193618,0.05205606110456591,0.02841091266618321,1.022105188147991,372.6904385138499,0.72106,134.1595995845273,795.8640207999852,0.16857100720506626,814,0,0,0,0,True,True,821.0,1.0,2.0,6.457002457002457,6.458489646772229,1.0002303220077233,0.5203372617088027,0.08058495643663724,0.70884646389355,0.9898366231825398,5138.895937745359,0.10277791875490719,5302.42,0.1060484,0.017325377282955173,5.932218218186846,0.009102630121932045,0.0014871181567064182,0.015917280415999702,0.0016359449533946927,,814,814,814,0,0,0,821.0,8,8.0,2.0,0,5302.42,0.0,0.0,814,37.375,37.968,38.25605846528624,0.5930000000000035,1190.0,1190.0,2133.0,2133.0,815.0,815.0,39.25,1.0315832586259506,1.0,1.0,0.1060484,random_2026-03,Ergebnisse_23.03.2026 (zufällige Reihenfolge),123,Orin,2.6.0,0.21.0,2026-03-18T06:22:15Z,1563,50000.0,0,0,0,0,True,True,5.684341886080802e-14,74.59116521238106,74.02148999972269,74.02148999972269,0.0,79.01182600180618,79.40524113364518,207.09363999776545,2.797750220895868,1,0,0,428.86799240457395,0.0,3.609674751714205,0.04839279211467595,-0.01881066448734961,1.0145286717949427,428.86799240457395,0.72106,116.58599122695159,738.5713665730145,0.15785338628535364,749,0,0,0,0,True,True,756.0,1.0,2.0,7.744615487316422,7.74614880952381,1.000197985582357,0.6070041508244497,0.07837757107742246,0.5641925577468314,0.985628875225739,5719.951244049823,0.11439902488099646,5856.0885,0.11712177,0.018058273465207716,6.334992384593428,0.008736249296036495,0.0013469876594936656,0.01477142733146029,0.0016898368828195567,,749,749,749,0,0,0,756.0,8,8.0,2.0,0,5856.0885,0.0,0.0,749,38.375,38.875,39.02236375661376,0.5,1190.0,1190.0,3199.0,3199.0,815.0,815.0,40.718,1.0235977648414054,1.0,1.0,0.11712177,46,31,-15,0.1404010100516909,-0.1404010100516909,0.1818326319046324,0.1071220232972243,0.09931856912985362,0.0414316218529415,-0.06569040144428274
fixed_2026-03,Ergebnisse_13.03.2026 (feste Reihenfolge),mobilenet_v2_fp16_fast_BS64,mobilenet_v2,fp16,fast,64,123,Orin,2.6.0,0.21.0,2026-03-13T16:39:35Z,782,50000.0,0,0,0,0,True,True,1.1368683772161603e-13,162.1389463312401,161.1896000104025,161.18955201818608,4.799221642315388e-05,166.40767360513564,166.81366687000263,257.23647995619103,1.5958627600018245,0,0,0,394.34460610844513,0.0,3.8909403474171884,0.023997567737169278,-0.03838389116775813,1.0109520750785985,394.34460610844513,0.72116,126.79265603102976,796.1244981760392,0.1592623469338251,811,0,0,0,0,True,True,818.0,1.0,2.0,6.5861664611590625,6.586979828850855,1.00012349637632,0.8383012323783681,0.12728212038400866,0.8242715261981985,0.9522417989080403,5243.408468794119,0.10486816937588238,5388.1494999999995,0.10776298999999999,0.01670155077345691,6.278948032930275,0.01747257765210396,0.0027079718445060116,0.015922489963520785,0.001669762374380285,,811,811,811,0,0,0,818.0,8,8.0,2.0,0,5388.1494999999995,0.0,0.0,811,38.125,37.843,38.35830562347188,-0.2819999999999965,1190.0,1190.0,2133.0,2133.0,815.0,815.0,40.0,1.027477488601442,1.0,1.0,0.10776298999999999,random_2026-03,Ergebnisse_23.03.2026 (zufällige Reihenfolge),123,Orin,2.6.0,0.21.0,2026-03-18T06:09:36Z,782,50000.0,0,0,0,0,True,True,1.7053025658242404e-13,139.96916156566743,139.13344399770722,139.13315598620102,0.00028801150619983673,144.24422875163148,144.45035802433267,258.6917329754215,1.8593066163135044,0,0,0,456.8050434154668,0.0,4.600905737895051,0.03287085302526804,-0.04128764051863741,1.0136645908727224,456.8050434154668,0.72116,109.45588434435194,752.9379953620082,0.14537171057721185,767,0,0,0,0,True,True,774.0,1.0,2.0,7.709431551499348,7.7154773901808795,1.0007842132900648,0.8890858318476554,0.11532443422170913,0.7800419177600328,0.9639185998055287,5804.7239377665355,0.11609447875533072,5971.779500000001,0.11943559000000001,0.016876852965232208,6.878917473209934,0.016717299393400813,0.0023622389594106005,0.015058759907240165,0.0017482388821327191,,767,767,767,0,0,0,774.0,8,8.0,2.0,0,5971.779500000001,0.0,0.0,767,37.906,38.593,38.90456136950904,0.6870000000000047,1190.0,1190.0,3199.0,3199.0,815.0,815.0,40.406,1.0279730930936288,1.0,1.0,0.11943559000000001,47,30,-17,0.14703153721193649,-0.14703153721193668,0.15747299749199264,0.10170030006652313,0.10284295168319195,0.010441460280056259,-0.09125883978646711
fixed_2026-03,Ergebnisse_13.03.2026 (feste Reihenfolge),mobilenet_v2_fp16_medium_BS128,mobilenet_v2,fp16,medium,128,123,Orin,2.6.0,0.21.0,2026-03-12T13:55:06Z,391,50000.0,0,0,0,0,True,True,1.1368683772161603e-13,354.10912720340036,353.4611200157088,353.4611200157088,0.0,367.70185601199046,370.9459487930871,372.14387199492194,1.0528565970095463,0,0,0,361.12381192086497,0.0,9.689317799458168,0.02736251922106662,0.015073108346201689,0.9890187400784979,361.12381192086497,0.7211,138.45666873652954,870.5529419520171,0.15904451304945558,893,0,0,0,0,True,True,904.0,1.0,2.0,5.8341243001119825,5.837421460176991,1.0005651508084847,1.3704000231032538,0.234893867975516,-0.03736361190716628,0.8863856992289347,5078.914073176239,0.10157828146352478,5277.0289999999995,0.10554058,0.01615546831176684,6.287547937532718,0.03737288266834065,0.005720798783441948,0.017411058839040344,0.0017685854353300312,,893,893,893,0,0,0,904.0,12,12.0,2.0,0,5277.0289999999995,0.0,0.0,893,47.687,48.343,48.808096238938056,0.6560000000000059,729.0,1194.0,2133.0,2133.0,305.0,815.0,51.687,1.0384204755807103,1.0,1.0,0.10554058,random_2026-03,Ergebnisse_23.03.2026 (zufällige Reihenfolge),123,Orin,2.6.0,0.21.0,2026-03-18T05:02:29Z,391,50000.0,0,0,0,0,True,True,1.7053025658242404e-13,308.9114594507142,308.731509023346,308.731509023346,0.0,318.2225185009884,321.66347758611664,490.4310099955183,1.5885356552914474,0,0,0,413.96080960882836,0.0,10.959501673503707,0.035477808731962115,0.10497021305842757,1.025715886146408,413.96080960882836,0.7211,120.78438064522925,809.7310180519999,0.14916605385304954,832,0,0,0,0,True,True,840.0,1.0,2.0,7.271652644230769,7.272392857142858,1.0001017943166848,1.5327215731224706,0.21078036150949966,-0.04139947045556699,0.8819487687945489,5888.082698533497,0.11776165397066994,6108.81,0.12217620000000001,0.01756604121801314,6.703938155963733,0.03774162825214235,0.00542635142942784,0.016194620361039996,0.001907105279143158,,832,832,832,0,0,0,840.0,9,9.0,2.0,0,6108.81,0.0,0.0,832,38.718,37.843,38.47217678571428,-0.875,1190.0,1190.0,3199.0,3199.0,305.0,815.0,42.156,1.0373815270419298,1.0,1.0,0.12217620000000001,30,26,-4,0.13655043772167627,-0.13655043772167624,0.22025941216525483,0.14783295297859675,0.1463687415755227,0.0837089744435785,-0.06412397853501814
fixed_2026-03,Ergebnisse_13.03.2026 (feste Reihenfolge),mobilenet_v2_fp16_medium_BS32,mobilenet_v2,fp16,medium,32,123,Orin,2.6.0,0.21.0,2026-03-12T13:24:33Z,1563,50000.0,0,0,0,0,True,True,1.1368683772161603e-13,125.12233751504674,125.0187199912034,125.0187199912034,0.0,132.3038624104811,134.61989118892234,274.4215359853115,2.1950435583136705,1,0,0,255.66788401715075,0.0,5.903836102409331,0.04718450933430938,0.00614949811354592,1.0180791100053042,255.66788401715075,0.72106,195.56621353601804,942.9453275199921,0.20739931343672913,958,0,0,0,0,True,True,970.0,1.0,2.0,5.6533392484342375,5.653973195876288,1.000112136812279,0.564950565840526,0.09993218892657045,0.4791432099606119,1.0103161340926916,5330.789829196448,0.10661579658392897,5484.353999999999,0.10968707999999999,0.02211204301301684,4.821616732617912,0.013724303844799932,0.002766710509021924,0.018858906550399842,0.002010657344572755,,958,958,958,0,0,0,970.0,13,13.0,2.0,0,5484.353999999999,0.0,0.0,958,48.625,48.25,48.64462371134021,-0.375,729.0,1192.0,2133.0,2133.0,305.0,815.0,51.0,1.0286916660917802,1.0,1.0,0.10968707999999999,random_2026-03,Ergebnisse_23.03.2026 (zufällige Reihenfolge),123,Orin,2.6.0,0.21.0,2026-03-18T06:35:58Z,1563,50000.0,0,0,0,0,True,True,1.1368683772161603e-13,108.6682559018052,108.29175700200722,108.29175700200722,0.0,115.69198901415803,119.08737207530066,914.5153110148384,8.444920798522897,1,1,0,295.8789188192298,0.5091716029334004,21.04701695885311,0.19368137257923432,0.03051455762525899,1.0574716446432786,294.3800193559594,0.72106,169.8484839745215,802.3698849240027,0.2116835229809365,814,0,0,0,0,True,True,822.0,1.0,2.0,7.173121621621622,7.174945863746959,1.0002543163522892,0.6101843459066244,0.08506538409545056,0.693886511818289,0.9759000702269877,5755.496770086416,0.11510993540172833,5897.8055,0.11795611,0.024366876655945873,4.724033245091337,0.012818084746661483,0.00264790598797605,0.016047397698480053,0.0018472149124378826,,814,814,814,0,0,0,822.0,9,9.0,2.0,0,5897.8055,0.0,0.0,814,38.281,37.75,38.18757299270073,-0.5309999999999988,1190.0,1190.0,3199.0,3199.0,305.0,815.0,40.468,1.0244651693001372,1.0,1.0,0.11795611,28,32,4,0.14099224135307328,-0.14099224135307323,0.23809454447715192,0.0766559453958274,0.0726810215298541,0.09710230312407837,0.02044635772825106
fixed_2026-03,Ergebnisse_13.03.2026 (feste Reihenfolge),mobilenet_v2_fp16_medium_BS64,mobilenet_v2,fp16,medium,64,123,Orin,2.6.0,0.21.0,2026-03-12T13:39:59Z,782,50000.0,0,0,0,0,True,True,1.1368683772161603e-13,195.86329546708214,195.92697598272932,195.92091199592687,0.006063986802445243,204.80220798926888,208.67096735310042,247.69750400446355,1.2642337930346954,0,0,0,326.44512987160005,0.0,5.653514538677769,0.028864594181342823,0.08618445490852236,1.0046686596475711,326.44512987160005,0.72116,153.16509705525823,898.1956461759983,0.1705253167362226,911,0,0,0,0,True,True,923.0,1.0,2.0,5.79832930845225,5.80294474539545,1.0007959942765707,0.8763403957589607,0.15113670665126167,0.6977387553361922,0.9543639026176096,5208.034139946498,0.10416068279892995,5356.118,0.10712236000000001,0.017762033425748745,5.864231887320589,0.020981338447811144,0.003478930400963616,0.017963912923519964,0.0018711334358543614,,911,911,911,0,0,0,923.0,13,13.0,2.0,0,5356.118,0.0,0.0,911,48.156,47.906,48.747404658721564,-0.25,729.0,1192.0,2133.0,2133.0,305.0,815.0,51.218,1.0276157582477765,1.0,1.0,0.10712236000000001,random_2026-03,Ergebnisse_23.03.2026 (zufällige Reihenfolge),123,Orin,2.6.0,0.21.0,2026-03-18T05:56:39Z,782,50000.0,0,0,0,0,True,True,1.1368683772161603e-13,172.88440685828522,172.39372999756597,172.38609699415974,0.007633003406226635,181.43310260638827,185.1862682888168,421.5125789924059,2.4450574797491607,1,0,0,369.83450438212293,0.0,10.542904891124904,0.06098239328065608,-0.009604940873934938,1.0081208448796717,369.83450438212293,0.72116,135.19560616317904,827.7826001570211,0.16332259960227957,843,0,0,0,0,True,True,851.0,1.0,2.0,7.109405693950178,7.110498824911868,1.0001537584164906,0.9128778794917766,0.1284042462604996,0.8070401508824719,0.9558054102193033,5885.042330909209,0.11770084661818418,6051.0345,0.12102069,0.019223208245071014,6.1228513533043385,0.02092259020823041,0.0033233929553624,0.016555652003140423,0.0019486142570856646,,843,843,843,0,0,0,851.0,9,9.0,2.0,0,6051.0345,0.0,0.0,843,38.5,37.5,38.14442714453584,-1.0,1190.0,1190.0,3199.0,3199.0,305.0,815.0,41.093,1.0280477021848187,1.0,1.0,0.12102069,29,29,0,0.12479374105242745,-0.12479374105242727,0.20384882718167927,0.12221147353002967,0.12198979020793599,0.0790550861292518,-0.043156387400777485
fixed_2026-03,Ergebnisse_13.03.2026 (feste Reihenfolge),mobilenet_v2_fp16_slow_BS128,mobilenet_v2,fp16,slow,128,123,Orin,2.6.0,0.21.0,2026-03-11T08:57:28Z,391,50000.0,0,0,0,0,True,True,5.684341886080802e-14,538.4373155193549,539.0835519938264,539.0835519938264,0.0,548.2047839905135,549.9391135905171,554.5214719895739,1.028637341908596,0,0,0,237.49698277935508,0.0,10.886806508025531,0.020219264516473115,0.1685340285386399,0.9936261457700091,237.49698277935508,0.7211,210.52899036806775,1260.0841102080012,0.16707534732210524,1291,0,0,0,0,True,True,1307.0,1.0,2.0,5.030558481797057,5.030595256312165,1.0000073102251452,1.0622461313981104,0.21115868849190803,-0.0737113448107261,0.8939666159486608,6338.926808384557,0.12677853616769114,6574.987999999999,0.13149976,0.021181567963205084,5.985323484452172,0.07080437776583945,0.011404946592598915,0.025201682204160025,0.00319503237880676,,1291,1291,1291,0,0,0,1307.0,17,17.0,2.0,0,6574.987999999999,0.0,0.0,1291,46.437,46.468,46.95668400918133,0.03100000000000591,729.0,729.0,665.0,2133.0,305.0,408.0,49.25,1.0372323477551466,1.0,1.0,0.13149976,random_2026-03,Ergebnisse_23.03.2026 (zufällige Reihenfolge),123,Orin,2.6.0,0.21.0,2026-03-16T14:51:15Z,391,50000.0,0,0,0,0,True,True,8.526512829121202e-14,506.67800772633507,506.4463189992239,506.4463189992239,0.0,513.8376194990997,515.0964529020712,515.8122530010587,1.0184934387919782,0,0,0,252.38363596142298,0.0,4.147174444179108,0.008185029507771854,0.442492555837258,1.002096290150074,252.38363596142298,0.7211,198.111101020997,1182.8883073519974,0.16748081774896115,1219,0,0,0,0,True,True,1232.0,1.0,2.0,6.479911402789172,6.482849431818182,1.0004534057406627,1.063189468534595,0.16407469214424175,-0.09390572937470053,0.9280732596509936,7665.0114310361905,0.15330022862072382,7986.8705,0.15973741,0.02567484765050152,5.970833038915007,0.08093543265816476,0.013008880656233285,0.023657766147039946,0.003626740958996844,,1219,1219,1219,0,0,0,1232.0,14,14.0,2.0,0,7986.8705,0.0,0.0,1219,37.75,38.25,38.45188636363636,0.5,729.0,729.0,3199.0,3199.0,305.0,408.0,39.937,1.0415184530464618,1.0,1.0,0.15973741,12,10,-2,0.06079537550788209,-0.06079537550788217,0.25317582973504177,0.18995652265623,0.19452625298919812,0.19238045422715935,0.002423931570929694
fixed_2026-03,Ergebnisse_13.03.2026 (feste Reihenfolge),mobilenet_v2_fp16_slow_BS32,mobilenet_v2,fp16,slow,32,123,Orin,2.6.0,0.21.0,2026-03-11T08:13:49Z,1563,50000.0,0,0,0,0,True,True,5.684341886080802e-14,163.47819569543964,162.68227199907415,162.68227199907415,0.0,169.81567361799534,174.7876601445023,349.8967040213756,2.1507979924411615,1,0,0,195.68214060392972,0.0,6.404026653901982,0.039173582915196244,0.012140984837430813,1.0105746930867787,195.68214060392972,0.72106,255.51641987197218,1285.207914240018,0.19881329475244222,1302,0,0,0,0,True,True,1319.0,1.0,2.0,4.946582181259601,4.94630553449583,0.9999440731491698,0.4368422876141539,0.08831194380417956,0.3364648169298576,1.000107820586544,6357.386567793491,0.12714773135586982,6524.177000000001,0.13048354,0.025278659391158885,5.029844715591969,0.021331213687153728,0.0041325096268662355,0.02570415828480036,0.003268225412324552,,1302,1302,1302,0,0,0,1319.0,18,18.0,2.0,0,6524.177000000001,0.0,0.0,1302,46.468,46.437,46.84852160727824,-0.03100000000000591,729.0,729.0,665.0,2133.0,305.0,408.0,47.812,1.0262930887567434,1.0,1.0,0.13048354,random_2026-03,Ergebnisse_23.03.2026 (zufällige Reihenfolge),123,Orin,2.6.0,0.21.0,2026-03-17T18:32:55Z,1563,50000.0,0,0,0,0,True,True,8.526512829121202e-14,146.2156051082924,145.84151000599377,145.84151000599377,0.0,151.7503414012026,154.7655279241735,346.8310050084256,2.3781364098203017,1,0,0,218.78487766103365,0.0,5.840673092140906,0.03994562063204607,0.015542648608923577,1.0097019733613342,218.78487766103365,0.72106,228.53499078426103,1195.9883655149897,0.19108462705308543,1207,0,0,0,0,True,True,1220.0,1.0,2.0,6.431638773819387,6.432030737704919,1.0000609430814316,0.42667774249595813,0.06634043942778496,0.18680524735496776,0.98701357082491,7692.165144683081,0.15384330289366163,7847.0775,0.15694155,0.029397090158050188,5.233283364664333,0.02294730369988333,0.004298313325882336,0.023919767310299794,0.0036798960074643575,,1207,1207,1207,0,0,0,1220.0,14,14.0,2.0,0,7847.0775,0.0,0.0,1207,41.437,37.531,38.10748360655737,-3.905999999999999,729.0,729.0,3199.0,3199.0,305.0,408.0,41.437,1.0200768127662103,1.0,1.0,0.15694155,10,16,6,0.11159734207680912,-0.111597342076809,0.2625324998477183,0.19058492127475316,0.18462635449697823,0.15093515777090916,-0.03964976350384396
fixed_2026-03,Ergebnisse_13.03.2026 (feste Reihenfolge),mobilenet_v2_fp16_slow_BS64,mobilenet_v2,fp16,slow,64,123,Orin,2.6.0,0.21.0,2026-03-11T08:35:37Z,782,50000.0,0,0,0,0,True,True,8.526512829121202e-14,287.25129612339657,287.24624001188204,287.2195360105252,0.026704001356847584,295.20962401875295,299.6273923345143,307.9394240048714,1.0720398776747553,0,0,0,222.5877473442788,0.0,4.937318508797956,0.017188150498986775,0.019103087475908113,1.0063470813530109,222.5877473442788,0.72116,224.6305135684961,1271.3593060159765,0.17668531036471077,1288,0,0,0,0,True,True,1304.0,1.0,2.0,4.973979037267081,4.971394555214724,0.999480399488419,0.7060256452009619,0.14194383207310077,-0.11686122916017695,0.9448846839748467,6323.714536957891,0.12647429073915784,6482.6985,0.12965397,0.022346149312404764,5.659780079825636,0.037243270930043974,0.006418960353355215,0.02542718612031953,0.003215885330059971,,1288,1288,1288,0,0,0,1304.0,17,17.0,2.0,0,6482.6985,0.0,0.0,1288,46.375,46.468,46.88008013803681,0.09300000000000352,729.0,729.0,665.0,2133.0,305.0,408.0,48.593,1.0256738546133812,1.0,1.0,0.12965397,random_2026-03,Ergebnisse_23.03.2026 (zufällige Reihenfolge),123,Orin,2.6.0,0.21.0,2026-03-19T13:04:23Z,782,50000.0,0,0,0,0,True,True,8.526512829121202e-14,265.01449553416256,264.4543630303815,264.44529052241705,0.00907250796444714,271.79978995409334,273.4478369465796,448.8365330034867,1.6972173491874765,0,0,0,241.26461006201447,0.0,7.3532639312268735,0.027746648032990245,0.033083503770570566,1.0140804239152195,241.26461006201447,0.72116,207.24133550771512,1200.7611819139565,0.17259163489727594,1224,0,0,0,0,True,True,1237.0,1.0,2.0,6.462889705882353,6.463517784963621,1.0000971823920646,0.6976346815522965,0.10794469862565156,0.0039410025635789915,0.9654450184465517,7760.387081814837,0.15520774163629675,7995.371499999999,0.15990743,0.02678755787772246,5.794023566641487,0.04237778689361441,0.0070990911375568,0.02401522363827913,0.0037273486257879134,,1224,1224,1224,0,0,0,1237.0,14,14.0,2.0,0,7995.371499999999,0.0,0.0,1224,39.218,39.562,39.80782942603072,0.3439999999999941,729.0,729.0,3199.0,3199.0,305.0,408.0,41.0,1.0301798714281223,1.0,1.0,0.15990743,11,40,29,0.08057290427847143,-0.0805729042784714,0.26185640975690994,0.20472543593332287,0.20972595288366797,0.1812835054784385,-0.023441930454884536
fixed_2026-03,Ergebnisse_13.03.2026 (feste Reihenfolge),mobilenet_v2_fp32_fast_BS128,mobilenet_v2,fp32,fast,128,123,Orin,2.6.0,0.21.0,2026-03-13T17:40:18Z,391,50000.0,0,0,0,0,True,True,5.684341886080802e-14,615.9631125947527,615.735104016494,615.735104016494,0.0,620.3375839977525,622.3458720080089,624.6794880134985,1.0145263505989175,0,0,0,207.60535044538278,0.0,11.847481269539802,0.019234075916708927,0.24953422969739578,0.9956991088411853,207.60535044538278,0.7214,240.84157702454831,906.4851490239962,0.26568728377277895,945,0,0,0,0,True,True,954.0,1.0,2.0,7.217767195767196,7.215365828092243,0.9996672977099675,1.7141798697422397,0.23749448039104218,-0.28494015321451216,0.8495666278521331,6542.798772075537,0.13085597544151076,6883.459,0.13766918,0.03476676868049246,3.7638233407332358,0.08479913662116728,0.021415047051297896,0.018129702980479924,0.002372379967975565,,945,945,945,0,0,0,954.0,10,10.0,2.0,0,6883.459,0.0,0.0,945,38.406,38.625,39.137361635220124,0.2190000000000012,1190.0,1190.0,2133.0,2133.0,815.0,815.0,41.812,1.0524165796065854,1.0,1.0,0.13766918,random_2026-03,Ergebnisse_23.03.2026 (zufällige Reihenfolge),123,Orin,2.6.0,0.21.0,2026-03-16T12:17:10Z,391,50000.0,0,0,0,0,True,True,5.684341886080802e-14,524.7036039564845,522.0472800010612,522.0472800010612,0.0,526.8191140003182,527.145897599803,879.0900359999796,1.6839280074367837,0,0,0,243.7132828656304,0.0,18.135800941916845,0.03456389627432578,0.02982149377189119,1.0212814577821694,243.7132828656304,0.7214,205.15910914698543,818.288870964001,0.2507172178759975,854,0,0,0,0,True,True,861.0,1.0,2.0,8.816618266978923,8.820832171893148,1.0004779502510626,2.0914196156814198,0.23721335690742792,-0.3201727058531538,0.8782182920690886,7214.54060740677,0.14429081214813538,7594.7365,0.15189473,0.03617619098684869,3.9885573415009374,0.07969971225299714,0.0189817777882176,0.016365777419280022,0.0023614313152635295,,854,854,854,0,0,0,861.0,8,8.0,2.0,0,7594.7365,0.0,0.0,854,41.187,40.687,41.50093321718931,-0.5,1267.0,1267.0,3199.0,3199.0,815.0,815.0,44.687,1.052195661644136,1.0,1.0,0.15189473,51,6,-45,0.16035354031612473,-0.16035354031612478,0.20009272764107736,0.09773349759506812,0.0983341543374617,0.039739187324952865,-0.05799431027011551
fixed_2026-03,Ergebnisse_13.03.2026 (feste Reihenfolge),mobilenet_v2_fp32_fast_BS32,mobilenet_v2,fp32,fast,32,123,Orin,2.6.0,0.21.0,2026-03-13T17:08:41Z,1563,50000.0,0,0,0,0,True,True,1.1368683772161603e-13,156.06555962639843,155.20668803947046,155.20668803947046,0.0,160.45219202060252,160.97091006231494,263.8338559772819,1.6998871589231168,0,0,0,204.97644292777522,0.0,3.278466695896947,0.02100698388385746,0.33189115878630904,1.0074068854283598,204.97644292777522,0.7214,243.93046969606075,898.6476762559614,0.2714417186414469,911,0,0,0,0,True,True,919.0,1.0,2.0,7.158322722283205,7.159826441784547,1.0002100658994686,0.6846504403023541,0.09564397511320631,0.45720059819486397,0.9727759092308899,6432.81008027005,0.128656201605401,6579.880499999999,0.13159760999999998,0.034922660477650525,3.6840320824851585,0.02053785465014652,0.005450224551087236,0.01797295352511923,0.002312331932172242,,911,911,911,0,0,0,919.0,9,9.0,2.0,0,6579.880499999999,0.0,0.0,911,37.875,38.593,39.04913710554951,0.7180000000000035,1190.0,1190.0,2133.0,2133.0,815.0,815.0,39.906,1.0226477231086075,1.0,1.0,0.13159760999999998,random_2026-03,Ergebnisse_23.03.2026 (zufällige Reihenfolge),123,Orin,2.6.0,0.21.0,2026-03-16T15:14:20Z,1563,50000.0,0,0,0,0,True,True,5.684341886080802e-14,247.18633614777187,246.0691609994683,246.0691609994683,0.0,252.95191349978268,253.33517388055043,412.2048870012805,1.675158664039868,0,0,0,129.4155808702459,0.0,4.812775791015364,0.01947023393776188,-0.0073564569753375424,1.007421038621943,129.4155808702459,0.7214,386.35224339896746,1350.3476638089996,0.2861131645973027,1367,0,0,0,0,True,True,1381.0,1.0,2.0,6.977463057790782,6.976520999275888,0.9998649855245249,0.6065928584827215,0.08693601864440141,0.4449680940347888,0.9837562120993021,9422.000939401381,0.18844001878802763,9634.5755,0.19269151,0.05391517011221776,3.495120545772424,0.047630708363681745,0.013327093362822963,0.027006953276179992,0.005089190782770742,,1367,1367,1367,0,0,0,1381.0,15,15.0,2.0,0,9634.5755,0.0,0.0,1367,38.25,38.812,39.05849927588703,0.5619999999999976,729.0,729.0,3199.0,3199.0,407.0,408.0,39.937,1.0226995884189836,1.0,1.0,0.19269151,49,11,-38,-0.4598662765897959,0.45986627658979573,-0.02559030492791447,0.38163601071897707,0.3813416586962239,0.4342759716618814,0.0526399609429043
fixed_2026-03,Ergebnisse_13.03.2026 (feste Reihenfolge),mobilenet_v2_fp32_fast_BS64,mobilenet_v2,fp32,fast,64,123,Orin,2.6.0,0.21.0,2026-03-13T17:24:21Z,782,50000.0,0,0,0,0,True,True,8.526512829121202e-14,312.0738949971762,310.805696004536,310.8041280065663,0.001567997969686985,316.1794768006075,316.7878505779663,317.46879999991506,1.0214381656482956,0,0,0,204.88294583694594,0.0,2.7918125413454025,0.008945998323155688,0.5300054295376521,1.0030237952018366,204.88294583694594,0.7214,244.04178588779178,907.16186019202,0.26901680570668524,928,0,0,0,0,True,True,937.0,1.0,2.0,7.161157327586207,7.163311099252935,1.0003007574848874,1.0940495991421695,0.15277552902345437,0.67639615420287,0.9194321972247652,6496.328802420819,0.12992657604841637,6712.0225,0.13424045,0.03495243246495169,3.717239885341295,0.04189294009767368,0.010907741738963224,0.0181432372038404,0.002357288688329227,,928,928,928,0,0,0,937.0,10,10.0,2.0,0,6712.0225,0.0,0.0,928,38.468,38.531,39.08545250800427,0.06299999999999528,1190.0,1190.0,2133.0,2133.0,815.0,815.0,40.968,1.0328917485592528,1.0,1.0,0.13424045,random_2026-03,Ergebnisse_23.03.2026 (zufällige Reihenfolge),123,Orin,2.6.0,0.21.0,2026-03-21T10:27:46Z,782,50000.0,0,0,0,0,True,True,8.526512829121202e-14,266.5894464821146,264.88794398028404,264.8870635021012,0.0008804781828075647,269.95583392563276,270.2732653892599,759.4337280024774,2.8669999721051975,1,0,0,239.83927259521437,0.0,17.768752481247276,0.06665212263921848,0.02554634300408705,1.0295966327461437,239.83927259521437,0.7214,208.47294714901363,865.2320538309868,0.24094454918302927,893,0,0,0,0,True,True,901.0,1.0,2.0,8.502566629339306,8.501194783573807,0.9998386550996536,1.3057022479055471,0.15356565903288982,0.7784812372612624,0.9493249895239587,7356.693187538059,0.14713386375076118,7659.576499999999,0.15319153,0.0354511024709844,4.150332528337745,0.04083924518844825,0.009450889784920457,0.017304641076619737,0.0025460987024231935,,893,893,893,0,0,0,901.0,9,9.0,2.0,0,7659.576499999999,0.0,0.0,893,39.437,40.812,41.51858712541621,1.375,1190.0,1190.0,3199.0,3199.0,815.0,815.0,43.093,1.0413391367213494,1.0,1.0,0.15319153,50,51,1,0.15753018133367733,-0.15753018133367735,0.17169646846788789,0.12437331889137405,0.1320563736535472,0.01416628713421058,-0.1102070317571636
fixed_2026-03,Ergebnisse_13.03.2026 (feste Reihenfolge),mobilenet_v2_fp32_medium_BS128,mobilenet_v2,fp32,medium,128,123,Orin,2.6.0,0.21.0,2026-03-12T14:46:28Z,391,50000.0,0,0,0,0,True,True,5.684341886080802e-14,640.2742940960202,640.5654400005005,640.5654400005005,0.0,651.7782880109735,655.7452671870125,660.7828160049394,1.031561765187368,0,0,0,199.7225861335064,0.0,13.049797078698834,0.020381572708808127,0.1729363930157432,0.9943321760972124,199.7225861335064,0.7214,250.3472489915439,964.0979601279832,0.2596699291411326,1001,0,0,0,0,True,True,1013.0,1.0,2.0,6.769463536463537,6.768931885488647,0.9999214633520033,1.8554206458156817,0.2740868070005115,-0.24047610147501305,0.8498825291095449,6526.425986665259,0.13052851973330518,6856.928,0.13713856,0.03389433147004429,3.8510427576559785,0.08780629469734472,0.021701669155839126,0.019281959202559665,0.0025168455922680946,,1001,1001,1001,0,0,0,1013.0,13,13.0,2.0,0,6856.928,0.0,0.0,1001,49.031,49.125,50.225081441263576,0.0940000000000012,729.0,1192.0,2133.0,2133.0,305.0,815.0,53.875,1.0507231027286117,1.0,1.0,0.13713856,random_2026-03,Ergebnisse_23.03.2026 (zufällige Reihenfolge),123,Orin,2.6.0,0.21.0,2026-03-18T04:48:25Z,391,50000.0,0,0,0,0,True,True,5.684341886080802e-14,550.5295329035142,550.6015419960022,550.6015419960022,0.0,561.5807694994146,563.9725342014572,567.9049519822001,1.0314263740044585,0,0,0,232.28043221810984,0.0,10.938170308290001,0.019868453288239895,0.1427571727856491,0.9938802342462433,232.28043221810984,0.7214,215.25704736527405,894.2999955390114,0.24069892478925328,927,0,0,0,0,True,True,936.0,1.0,2.0,8.094654800431499,8.094145833333334,0.9999371230632172,2.129338711757967,0.2630549126868831,-0.22538760115595452,0.8392289241835933,7239.049751915727,0.14478099503831454,7576.120500000001,0.15152241000000002,0.03484862983564053,4.154567789929105,0.08341756160171478,0.01918519990574265,0.01788599991078023,0.002589552864337967,,927,927,927,0,0,0,936.0,10,10.0,2.0,0,7576.120500000001,0.0,0.0,927,38.187,38.875,39.52149946581197,0.6880000000000024,1190.0,1190.0,3199.0,3199.0,305.0,815.0,42.656,1.0466286533255043,1.0,1.0,0.15152241000000002,33,25,-8,0.15101606692104336,-0.1510160669210433,0.1787821001725162,0.10363047669863482,0.09974173321996542,0.027766033251472904,-0.07586444344716184
fixed_2026-03,Ergebnisse_13.03.2026 (feste Reihenfolge),mobilenet_v2_fp32_medium_BS32,mobilenet_v2,fp32,medium,32,123,Orin,2.6.0,0.21.0,2026-03-12T14:12:33Z,1563,50000.0,0,0,0,0,True,True,5.684341886080802e-14,182.74634975810167,182.75062399334277,182.75062399334277,0.0,190.87108800304125,193.9935859275283,264.7674559848383,1.4487909819365827,0,0,0,175.05008071622817,0.0,5.7755211332661345,0.03160403007179676,0.045731031574189146,1.0064331772744814,175.05008071622817,0.7214,285.6325446719129,1018.5395890559885,0.28043342422914097,1030,0,0,0,0,True,True,1043.0,1.0,2.0,6.58066504854369,6.580433844678811,0.9999648661855339,0.7501740487659725,0.11399669231485761,0.15787876614977586,0.993903237433887,6702.6678742587965,0.13405335748517594,6863.3925,0.13726785,0.03759304206898103,3.565908745538493,0.025085198526642635,0.006869991214409037,0.02037079178111977,0.0027307730328905325,,1030,1030,1030,0,0,0,1043.0,14,14.0,2.0,0,6863.3925,0.0,0.0,1030,48.281,49.093,49.87913087248322,0.8120000000000047,729.0,1192.0,2133.0,2133.0,305.0,815.0,51.125,1.0240151793870693,1.0,1.0,0.13726785,random_2026-03,Ergebnisse_23.03.2026 (zufällige Reihenfolge),123,Orin,2.6.0,0.21.0,2026-03-17T18:49:32Z,1563,50000.0,0,0,0,0,True,True,8.526512829121202e-14,167.10854336019685,167.1962039981736,167.1962039981736,0.0,176.20788380154409,179.22371470078357,203.8289379997877,1.2191002733651435,0,0,0,191.4310461482445,0.0,6.103930534658867,0.036526741313889916,0.040952876085335065,0.9951276970696284,191.4310461482445,0.7214,261.1906532719877,974.4555613389966,0.2680375212935173,984,0,0,0,0,True,True,994.0,1.0,2.0,7.754686991869919,7.755405432595573,1.0000926459993043,0.814741491804267,0.10506439430223928,0.24152956379353063,0.9793759359987553,7556.597865670818,0.15113195731341636,7708.873,0.15417746,0.04050903522652578,3.7308209506419794,0.025764370759575012,0.006769405869631625,0.01948911122677993,0.002945427526002128,,984,984,984,0,0,0,994.0,11,11.0,2.0,0,7708.873,0.0,0.0,984,37.781,38.875,39.43372736418511,1.0940000000000012,1190.0,1190.0,3199.0,3199.0,305.0,815.0,40.593,1.0200567777910234,1.0,1.0,0.15417746,31,17,-14,0.08945556294175183,-0.08945556294175186,0.16416162227105857,0.11991543380652,0.1161701500664619,0.07470605932930667,-0.04520937447721339
fixed_2026-03,Ergebnisse_13.03.2026 (feste Reihenfolge),mobilenet_v2_fp32_medium_BS64,mobilenet_v2,fp32,medium,64,123,Orin,2.6.0,0.21.0,2026-03-12T14:29:31Z,782,50000.0,0,0,0,0,True,True,8.526512829121202e-14,335.8515161121606,335.8171519939788,335.81479999702424,0.002351996954587321,345.1229952072026,348.57604927994544,351.61478401278146,1.0470423619669251,0,0,0,190.37763969622318,0.0,5.815867616916865,0.017316782381219337,0.05498762319490587,0.998508016301112,190.37763969622318,0.7214,262.6358855997096,984.3132807999791,0.2668214385833116,1005,0,0,0,0,True,True,1017.0,1.0,2.0,6.664275621890547,6.664982300884956,1.000106039881077,1.1949355925618967,0.17930464770046725,0.4614708558437229,0.9237670130664881,6559.735001538405,0.1311947000307681,6778.287,0.13556574000000002,0.03500555859671558,3.7478247824069157,0.04552995931186698,0.011756669927060004,0.019686265615999583,0.0025827337122170894,,1005,1005,1005,0,0,0,1017.0,13,13.0,2.0,0,6778.287,0.0,0.0,1005,48.937,49.093,50.07142871189774,0.1560000000000059,729.0,1192.0,2133.0,2133.0,305.0,815.0,52.312,1.0332076380940989,1.0,1.0,0.13556574000000002,random_2026-03,Ergebnisse_23.03.2026 (zufällige Reihenfolge),123,Orin,2.6.0,0.21.0,2026-03-16T12:32:06Z,782,50000.0,0,0,0,0,True,True,8.526512829121202e-14,298.1178071956708,298.42698900029063,298.42564500086155,0.0013439994290820323,306.8916832005016,309.85611688964127,337.482672999613,1.1308718227200434,0,0,0,214.4743365962867,0.0,5.886127841206286,0.019744301410827506,0.0436053528722491,1.0115797785949232,214.4743365962867,0.7214,233.12812522701458,862.5520280290002,0.2702771747690755,884,0,0,0,0,True,True,892.0,1.0,2.0,8.214402714932126,8.205978139013453,0.9989744140613708,1.364576968964441,0.16612004747270492,0.794477724338385,0.9290859579178773,7085.3497208116305,0.1417069944162326,7319.7325,0.14639465000000002,0.0383001660958365,3.6999054798260302,0.04364285204317772,0.011417961531720755,0.017251040560580005,0.002444593108392313,,884,884,884,0,0,0,892.0,9,9.0,2.0,0,7319.7325,0.0,0.0,884,40.343,39.593,40.615520739910316,-0.75,1267.0,1267.0,3199.0,3199.0,305.0,815.0,43.406,1.0341405167619753,1.0,1.0,0.14639465000000002,32,7,-25,0.11918041141197394,-0.11918041141197398,0.20912777836674692,0.0770790266269267,0.0768493684272057,0.08994736695477294,0.012868340327846268
fixed_2026-03,Ergebnisse_13.03.2026 (feste Reihenfolge),mobilenet_v2_fp32_slow_BS128,mobilenet_v2,fp32,slow,128,123,Orin,2.6.0,0.21.0,2026-03-11T10:10:59Z,391,50000.0,0,0,0,0,True,True,5.684341886080802e-14,1009.9347948030893,1009.9577920045704,1009.9577920045704,0.0,1023.7654719967395,1027.0128255942836,1031.3044800132047,1.0211362179465593,0,0,0,126.61930107734837,0.0,7.733497650251824,0.007657422726741138,0.27242105793128724,1.0028276200915156,126.61930107734837,0.7214,394.8845047680079,1420.170804608002,0.27805423367860643,1474,0,0,0,0,True,True,1492.0,1.0,2.0,5.623546811397558,5.621992292225202,0.9997235696217188,1.3770780708014176,0.24487714195077315,-0.08543473478817629,0.8699623580348633,7986.396999893234,0.1597279399978647,8388.0125,0.16776025000000003,0.044413029953168696,3.5964206937984136,0.16942691365986498,0.04485426429233689,0.02840341609216004,0.0045368191413029234,,1474,1474,1474,0,0,0,1492.0,19,19.0,2.0,0,8388.0125,0.0,0.0,1474,47.343,47.687,48.08922319034851,0.3439999999999941,729.0,729.0,2133.0,2133.0,305.0,408.0,50.718,1.050577856662688,1.0,1.0,0.16776025000000003,random_2026-03,Ergebnisse_23.03.2026 (zufällige Reihenfolge),123,Orin,2.6.0,0.21.0,2026-03-18T03:43:26Z,391,50000.0,0,0,0,0,True,True,5.684341886080802e-14,968.166447145438,967.4180180008988,967.4180180008988,0.0,980.0706380046904,981.6947298008017,983.2952109863982,1.0164119260651239,0,0,0,132.08187314143998,0.0,18.423878439812185,0.01902966013140977,0.218430383165272,0.9953189486255009,132.08187314143998,0.7214,378.55308083386626,1361.7599804080091,0.27798810824242653,1416,0,0,0,0,True,True,1430.0,1.0,2.0,6.972513418079096,6.972498601398602,0.9999978749871666,1.4483567961683705,0.20772377323977786,-0.12335540324453609,0.881433993895062,9494.88973559797,0.1898977947119594,9970.673,0.19941346000000001,0.052789328711386266,3.5972761796268085,0.1930654210811789,0.051108856825695506,0.027235199608160184,0.0051719043441296395,,1416,1416,1416,0,0,0,1430.0,15,15.0,2.0,0,9970.673,0.0,0.0,1416,38.968,37.625,38.20390314685315,-1.3430000000000035,729.0,729.0,3199.0,3199.0,305.0,408.0,40.687,1.050111635364365,1.0,1.0,0.19941346000000001,15,23,8,0.042237026124980655,-0.042237026124980565,0.21501319487302867,0.17301401191755614,0.1728444809403848,0.172776168748048,-0.000237843169508204
fixed_2026-03,Ergebnisse_13.03.2026 (feste Reihenfolge),mobilenet_v2_fp32_slow_BS32,mobilenet_v2,fp32,slow,32,123,Orin,2.6.0,0.21.0,2026-03-11T09:21:26Z,1563,50000.0,0,0,0,0,True,True,4.263256414560601e-14,265.953036816854,263.9253759989515,263.9253759989515,0.0,280.5330431932816,284.64689984801225,367.0394240180031,1.3906939513821561,0,0,0,120.28350440600985,0.0,7.119796982010382,0.026770880555552226,0.3572160445794055,1.0006088128091912,120.28350440600985,0.7214,415.6845965447428,1402.2621791999845,0.29643857098242377,1418,0,0,0,0,True,True,1434.0,1.0,2.0,5.758303244005642,5.757713389121339,0.9998975644631224,0.5795431751714845,0.100644782084859,0.5756706016577999,0.9869191600428255,8074.6508554336915,0.16149301710867384,8256.561,0.16513122,0.04787275921533538,3.3733801802036463,0.04391714943227202,0.012731905694120478,0.02804524358399969,0.004529111001927787,,1418,1418,1418,0,0,0,1434.0,17,17.0,2.0,0,8256.561,0.0,0.0,1418,46.718,48.187,48.47624581589958,1.468999999999994,729.0,729.0,2133.0,2133.0,305.0,408.0,49.406,1.022633300156553,1.0,1.0,0.16513122,random_2026-03,Ergebnisse_23.03.2026 (zufällige Reihenfolge),123,Orin,2.6.0,0.21.0,2026-03-18T05:25:47Z,1563,50000.0,0,0,0,0,True,True,4.263256414560601e-14,257.54003457414683,257.2117859963328,257.2117859963328,0.0,264.6144444908714,266.57483360846527,328.4935819974635,1.2771326971857617,0,0,0,124.21277852450461,0.0,3.786716561369544,0.014703409384995375,0.036838073800737385,1.004037210075373,124.21277852450461,0.7214,402.5350740393915,1364.8975054240145,0.2949196349467583,1381,0,0,0,0,True,True,1395.0,1.0,2.0,6.903497465604634,6.9066458781361995,1.000456060503716,0.615367327111361,0.08913848816158938,0.49749548351463385,0.9736878747216499,9422.56646950477,0.18845132939009543,9634.770999999999,0.19269541999999998,0.055577997268958255,3.390754230997639,0.04962678512907974,0.014313559338209346,0.027297950108480292,0.0051443349875676106,,1381,1381,1381,0,0,0,1395.0,15,15.0,2.0,0,9634.770999999999,0.0,0.0,1381,37.562,37.312,37.81964480286738,-0.25,729.0,729.0,3199.0,3199.0,305.0,408.0,39.0,1.0220547656189276,1.0,1.0,0.19269541999999998,13,27,14,0.03214455778092315,-0.03214455778092319,0.18138530663815242,0.1543778700160455,0.15437037705754078,0.14924074885722938,-0.005137121158816315
fixed_2026-03,Ergebnisse_13.03.2026 (feste Reihenfolge),mobilenet_v2_fp32_slow_BS64,mobilenet_v2,fp32,slow,64,123,Orin,2.6.0,0.21.0,2026-03-11T09:46:04Z,782,50000.0,0,0,0,0,True,True,2.842170943040401e-14,526.1763865369327,526.891040004557,526.887264000834,0.0037760037230327725,534.590943994408,536.0802745691035,537.3349759902339,1.0198218136060666,0,0,0,121.51556124866752,0.0,6.87600481792217,0.013067870383118263,0.36650334056342204,1.00005096393002,121.51556124866752,0.7214,411.46993427188136,1429.0356984319806,0.28793537818780146,1458,0,0,0,0,True,True,1476.0,1.0,2.0,5.632473251028807,5.637161246612466,1.0008323156408783,0.9123956893423683,0.16198846380241813,-0.3204893837292766,0.9395798751548874,8049.005346183399,0.16098010692366796,8320.45,0.166409,0.04635186796777906,3.4730014987868736,0.08756048630722443,0.02438925839652298,0.02858071396863961,0.004600926390626375,,1458,1458,1458,0,0,0,1476.0,19,19.0,2.0,0,8320.45,0.0,0.0,1458,47.781,47.593,48.12557757452574,-0.18799999999999528,729.0,729.0,2133.0,2133.0,305.0,408.0,49.781,1.032864330554899,1.0,1.0,0.166409,random_2026-03,Ergebnisse_23.03.2026 (zufällige Reihenfolge),123,Orin,2.6.0,0.21.0,2026-03-16T11:33:06Z,782,50000.0,0,0,0,0,True,True,2.842170943040401e-14,501.30303364066697,500.4986280000594,500.493219999953,0.005408000106399413,508.4958628000095,509.4530342401322,793.4560190005868,1.5853310570923136,0,0,0,127.54484739795585,0.0,11.154527766490888,0.022251067753335067,0.15690237249415587,1.0105495836504603,127.54484739795585,0.7214,392.0189723070016,1386.9424334429996,0.2826497790062119,1418,0,0,0,0,True,True,1432.0,1.0,2.0,6.91251269393512,6.914075418994414,1.0002260719261558,0.9878007422919278,0.1429003874609303,-0.35927689544395014,0.9438791440089592,9587.257176931998,0.19174514353863997,9900.956,0.19801912,0.054196722446710976,3.537947220464738,0.09926758557485527,0.027168981375917445,0.02773884866885999,0.0053187895196071715,,1418,1418,1418,0,0,0,1432.0,15,15.0,2.0,0,9900.956,0.0,0.0,1418,40.562,38.5,39.12507646648045,-2.0619999999999976,729.0,729.0,3199.0,3199.0,305.0,408.0,41.468,1.0324869767270353,1.0,1.0,0.19801912,14,3,-11,0.04842571634837353,-0.04842571634837356,0.20478455894836128,0.17488631500908222,0.17391497822599228,0.15635884259998772,-0.01852747240909433
fixed_2026-03,Ergebnisse_13.03.2026 (feste Reihenfolge),mobilenet_v2_fp64_fast_BS128,mobilenet_v2,fp64,fast,128,123,Orin,2.6.0,0.21.0,2026-03-13T20:20:51Z,391,50000.0,0,0,0,0,True,True,7.105427357601002e-15,6151.053315929799,5808.822655992117,5808.822655992117,0.0,6442.512159992475,7106.803935987413,100082.79305603357,17.22944544584998,1,1,1,21.636639137725084,4.0749105544980235,4770.158227432981,0.7755026631096466,0.005460227793450709,0.954165119720268,20.78948617149685,0.7214,2405.0618465285515,3306.2783849280095,0.7274226687904621,3587,0,0,0,0,True,True,3624.0,1.0,2.0,6.35904014496794,6.3587835264900665,0.9999596450923373,0.7948284584522771,0.12499189191017197,0.5641080450667337,0.9601255033197184,21024.756980196977,0.4204951396039395,23044.2315,0.46088463,0.30587769666411563,1.374716575251596,2.8349259316225788,1.8814700203347776,0.06612556769856019,0.02780547982079582,,3587,3587,3587,0,0,0,3624.0,38,38.0,2.0,0,23044.2315,0.0,0.0,3587,37.468,37.25,37.95073261589405,-0.21800000000000352,1190.0,1190.0,2133.0,2133.0,815.0,815.0,38.968,1.0960964498695438,1.0,1.0,0.46088463,random_2026-03,Ergebnisse_23.03.2026 (zufällige Reihenfolge),123,Orin,2.6.0,0.21.0,2026-03-19T14:46:40Z,391,50000.0,0,0,0,0,True,True,3.552713678800501e-15,11529.933394537433,11528.68893998675,11528.68893998675,0.0,11655.277126992587,11661.591852997662,11666.23491497012,1.0119307560208601,0,0,0,11.090891289298094,0.0,192.5991168922073,0.016704269686714363,0.1452966101078183,0.9926524367106222,11.090891289298094,0.7214,4508.203957264136,5533.956185118994,0.8146439556906608,6076,0,0,0,0,True,True,6140.0,1.0,2.0,6.2480579328505605,6.2485702768729645,1.0000820005236684,0.46556599822242767,0.07451371341719007,0.7422858284064684,0.987820782022486,34576.47884248015,0.691529576849603,38366.2215,0.76732443,0.5633503899618495,1.227530128977871,8.8471995699014,6.495392474046814,0.11067912370237988,0.07653788757999162,,6076,6076,6076,0,0,0,6140.0,65,65.0,2.0,0,38366.2215,0.0,0.0,6076,39.593,38.968,39.3867342019544,-0.625,729.0,729.0,3199.0,3199.0,407.0,408.0,40.343,1.109513663391604,1.0,1.0,0.76732443,54,41,-13,-0.6283232195184687,0.6283232195184687,-0.017606760642246342,0.49747300147201523,0.5097619462198247,0.6107164588762223,0.11324345740420691
fixed_2026-03,Ergebnisse_13.03.2026 (feste Reihenfolge),mobilenet_v2_fp64_fast_BS32,mobilenet_v2,fp64,fast,32,123,Orin,2.6.0,0.21.0,2026-03-13T18:28:25Z,1563,50000.0,0,0,0,0,True,True,1.0658141036401503e-14,1355.5403617052038,1353.9844800252467,1353.9844800252467,0.0,1368.0392063688487,1369.582192626549,1370.74256001506,1.0123768626871563,0,0,0,23.59927020949062,0.0,14.086670649620164,0.010391922695610345,0.306170642652659,0.9992943245399778,23.59927020949062,0.7214,2118.709585345234,2801.0971831679926,0.7563856042113504,2854,0,0,0,0,True,True,2883.0,1.0,2.0,6.42679327259986,6.427459590704128,1.0001036781604768,0.4269328863656554,0.06643015704050277,-0.6324144980909446,0.9937247278467174,18002.072532682472,0.36004145065364945,18530.366,0.37060732,0.27233017019379174,1.32207698617249,0.5023731806033962,0.3691545374077322,0.05602194366335985,0.020170221864993107,,2854,2854,2854,0,0,0,2883.0,30,30.0,2.0,0,18530.366,0.0,0.0,2854,38.343,37.906,38.165408428720085,-0.4370000000000047,1190.0,1190.0,2133.0,2133.0,815.0,815.0,39.156,1.0292395484612842,1.0,1.0,0.37060732,random_2026-03,Ergebnisse_23.03.2026 (zufällige Reihenfolge),123,Orin,2.6.0,0.21.0,2026-03-16T11:09:09Z,1563,50000.0,0,0,0,0,True,True,1.0658141036401503e-14,1088.0043137421762,1086.280127000009,1086.280127000009,0.0,1095.5398559003697,1096.0751936801898,1211.3603980005792,1.115145502427634,0,0,0,29.402239376904124,0.0,4.686840275541868,0.0043077405267094426,0.6552153429142669,1.0022601266936892,29.402239376904124,0.7214,1700.5507423790214,2200.3879876339997,0.7728413134119879,2250,0,0,0,0,True,True,2271.0,1.0,2.0,8.750398222222222,8.750713342140028,1.000036012065943,0.5181004936043293,0.059208790325516666,-0.11085932633106076,0.9947448718398438,19254.271135191684,0.38508542270383367,19872.870000000003,0.39745740000000007,0.29760992385824137,1.2939266866895842,0.43243536572874974,0.3238008809702472,0.044007759752679995,0.016946746766609535,,2250,2250,2250,0,0,0,2271.0,22,22.0,2.0,0,19872.870000000003,0.0,0.0,2250,42.75,40.968,41.83141435490973,-1.7819999999999965,1728.0,1728.0,3199.0,3199.0,1014.0,1019.0,42.968,1.0320907098033774,1.0,1.0,0.39745740000000007,52,2,-50,0.21985505249959683,-0.21985505249959658,0.30862351003145017,0.0672460213029485,0.06994469312986268,0.08876845753185332,0.021522436228904946
fixed_2026-03,Ergebnisse_13.03.2026 (feste Reihenfolge),mobilenet_v2_fp64_fast_BS64,mobilenet_v2,fp64,fast,64,123,Orin,2.6.0,0.21.0,2026-03-13T19:20:33Z,782,50000.0,0,0,0,0,True,True,7.105427357601002e-15,2905.045993124728,2904.168031993322,2904.1674239852,0.0006080081220716238,2929.410428801202,2930.5576499417657,2932.5283200014383,1.0097653743501374,0,0,0,22.009503146302166,0.0,77.73371046737394,0.02675816859744859,0.11960857133668999,0.9918894729525032,22.009503146302166,0.7214,2271.7459666235372,2965.0950399680296,0.7661629512718863,3094,0,0,0,0,True,True,3126.0,1.0,2.0,6.38695119586296,6.387283429302624,1.000052017532227,0.6176947108248388,0.09671198227175122,-0.17722792960698258,0.9861205218571438,18937.91731137114,0.3787583462274228,19966.648,0.39933296,0.2901906123644612,1.305205372225226,1.1600806153706373,0.8430170756917892,0.05930190079936059,0.0224610898749085,,3094,3094,3094,0,0,0,3126.0,33,33.0,2.0,0,19966.648,0.0,0.0,3094,37.531,37.531,38.035523032629555,0.0,1190.0,1190.0,2133.0,2133.0,815.0,815.0,38.812,1.0542663752301529,1.0,1.0,0.39933296,random_2026-03,Ergebnisse_23.03.2026 (zufällige Reihenfolge),123,Orin,2.6.0,0.21.0,2026-03-21T02:44:38Z,782,50000.0,0,0,0,0,True,True,3.552713678800501e-15,5766.576527679652,5766.209691995755,5766.209675493883,1.650187186896801e-05,5829.477972301538,5833.146327772993,5838.770212023519,1.0125837463262024,0,0,0,11.08779509279464,0.0,144.49303830056678,0.025056987903827873,0.11347498228210867,0.9920730291376484,11.08779509279464,0.7214,4509.462844645488,5523.779787351028,0.8163726683985055,5773,0,0,0,0,True,True,5833.0,1.0,2.0,6.229332929152953,6.22921704097377,0.9999813963741382,0.40112778342204775,0.06439337694487168,0.4385025175401137,0.9948079552816625,34409.46332273525,0.688189266454705,36335.023,0.72670046,0.5618189078188378,1.2249307683973787,4.190573815290006,3.239771726634728,0.11047559574702057,0.07602811919828861,,5773,5773,5773,0,0,0,5833.0,61,61.0,2.0,0,36335.023,0.0,0.0,5773,38.218,38.062,38.20225150008572,-0.1560000000000059,729.0,729.0,3199.0,3199.0,407.0,408.0,38.718,1.0559798226129613,1.0,1.0,0.72670046,53,49,-4,-0.6856293590957646,0.6856293590957645,-0.02498778028842807,0.5971655038675505,0.598718815505514,0.6606415788073364,0.06347607493978567
fixed_2026-03,Ergebnisse_13.03.2026 (feste Reihenfolge),mobilenet_v2_fp64_medium_BS128,mobilenet_v2,fp64,medium,128,123,Orin,2.6.0,0.21.0,2026-03-12T17:39:31Z,391,50000.0,0,0,0,0,True,True,7.105427357601002e-15,6511.51164562654,5861.086464021355,5861.086464021355,0.0,7695.513456012122,9144.237158430062,126119.14121598238,21.518048230506853,2,1,1,20.609270125154616,4.942446898545394,6155.002357127525,0.9452493817255991,0.009513191346547534,0.6661151452726373,19.63864073522025,0.7214,2546.001053439977,3825.294640959997,0.6655699213802343,4094,0,0,0,0,True,True,4148.0,1.0,2.0,5.961692965315096,5.964526639344262,1.000475313647592,1.1617044439164574,0.19486150170349428,0.6718338805567341,0.9453166126876923,22805.23215126875,0.45610464302537496,24740.856499999998,0.49481712999999994,0.30356953139955867,1.5024717432035344,3.222007504450501,1.9766965389656177,0.07650589281919995,0.03489469293363879,,4094,4094,4094,0,0,0,4148.0,55,55.0,2.0,0,24740.856499999998,0.0,0.0,4094,48.25,47.531,49.08763464320154,-0.7190000000000012,729.0,1193.0,2133.0,2133.0,814.0,815.0,50.875,1.0843609157800762,1.0,1.0,0.49481712999999994,random_2026-03,Ergebnisse_23.03.2026 (zufällige Reihenfolge),123,Orin,2.6.0,0.21.0,2026-03-20T04:44:04Z,391,50000.0,0,0,0,0,True,True,7.105427357601002e-15,5834.742065229992,5833.497164014261,5833.497164014261,0.0,5884.00752999587,5889.013187837554,5891.621205024421,1.009963841478953,0,0,0,21.916519431715752,0.0,85.28154766054075,0.014616164126387849,0.15467960638738182,0.9944775690538237,21.916519431715752,0.7214,2281.3841475049267,3012.240836819983,0.757371097164123,3295,0,0,0,0,True,True,3330.0,1.0,2.0,7.478265857359635,7.481803603603604,1.0004730704031453,0.9570354352159283,0.12797558330639913,0.4799241343105146,0.954335657082511,22526.337804135295,0.4505267560827059,24914.406,0.49828812,0.3412159435561522,1.3203566966634577,2.90738265436837,1.9909070191942237,0.06024481673639966,0.02714190185504725,,3295,3295,3295,0,0,0,3330.0,36,36.0,2.0,0,24914.406,0.0,0.0,3295,41.781,38.812,39.641111711711716,-2.969000000000001,1190.0,1192.0,3199.0,3199.0,814.0,815.0,41.781,1.1054892953099575,1.0,1.0,0.49828812,36,44,8,0.10974157289240957,-0.10974157289240953,0.22664643253212696,-0.012304796251360219,0.006990203975976608,0.1169048596397175,0.12920965589107775
fixed_2026-03,Ergebnisse_13.03.2026 (feste Reihenfolge),mobilenet_v2_fp64_medium_BS32,mobilenet_v2,fp64,medium,32,123,Orin,2.6.0,0.21.0,2026-03-12T15:36:23Z,1563,50000.0,0,0,0,0,True,True,1.0658141036401503e-14,1374.1958363135334,1373.512991995085,1373.512991995085,0.0,1388.3563936164137,1395.957363198977,1421.02079995675,1.0345885391973306,0,0,0,23.278896959525532,0.0,11.011714126812928,0.008013205858892241,0.24004243673588588,0.9999009114740793,23.278896959525532,0.7214,2147.8680921580526,2907.7836277760216,0.7386615949140687,2955,0,0,0,0,True,True,2992.0,1.0,2.0,6.3931773265651435,6.39378760026738,1.0000954570272438,0.48960606257146144,0.07658258758708819,-0.4570302938141733,0.9974291163840657,18589.976359655,0.3717995271931,19130.2125,0.38260425000000003,0.27463403174475187,1.353799909031867,0.5257731673058622,0.3774009429336368,0.058155672555520434,0.02162225155973924,,2955,2955,2955,0,0,0,2992.0,38,38.0,2.0,0,19130.2125,0.0,0.0,2955,49.156,48.875,49.793939505347595,-0.2809999999999988,729.0,1192.0,2133.0,2133.0,814.0,815.0,50.75,1.0289623930128495,1.0,1.0,0.38260425000000003,random_2026-03,Ergebnisse_23.03.2026 (zufällige Reihenfolge),123,Orin,2.6.0,0.21.0,2026-03-18T04:32:45Z,1563,50000.0,0,0,0,0,True,True,1.0658141036401503e-14,1368.3422386809164,1367.2783249930944,1367.2783249930944,0.0,1382.4686884967377,1391.574880502885,1406.1372360156383,1.0284206297373581,0,0,0,23.378481180694923,0.0,15.653589790506583,0.011439820644283161,0.17769091849203836,0.9988192524697282,23.378481180694923,0.7214,2138.718919058272,2872.510325389012,0.7445469908863198,2924,0,0,0,0,True,True,2955.0,1.0,2.0,7.522650136798905,7.5239103214890015,1.000167518715769,0.5052668132237772,0.0671660656863649,-0.5912784148953608,0.9944941687870594,21608.890192243918,0.43217780384487836,22233.155,0.4446631,0.3217766833805623,1.3430985716691775,0.6084513017127962,0.44030062729227903,0.05745020650778024,0.0248287040789672,,2924,2924,2924,0,0,0,2955.0,32,32.0,2.0,0,22233.155,0.0,0.0,2924,37.75,38.406,38.99309424703891,0.6559999999999988,1190.0,1190.0,3199.0,3199.0,814.0,815.0,39.593,1.0287169288416107,1.0,1.0,0.4446631,34,24,-10,0.004268751325489223,-0.004268751325489007,0.16268710867392938,0.1504822829247759,0.1503157516343242,0.15841835734844018,0.00793607442366442
fixed_2026-03,Ergebnisse_13.03.2026 (feste Reihenfolge),mobilenet_v2_fp64_medium_BS64,mobilenet_v2,fp64,medium,64,123,Orin,2.6.0,0.21.0,2026-03-12T16:30:31Z,782,50000.0,0,0,0,0,True,True,7.105427357601002e-15,2946.1277247678377,2946.775935997721,2946.763807995012,0.012128002708777785,2973.099702390027,2979.074204173521,2984.4539199839346,1.0127861720078344,0,0,0,21.70259571175575,0.0,78.07331813880354,0.026500316833668817,0.12202059345707392,0.992083467246209,21.70259571175575,0.7214,2303.871880768449,3079.9792243840056,0.7480153965094432,3203,0,0,0,0,True,True,3244.0,1.0,2.0,6.286009054011863,6.285528205918618,0.9999235050269395,0.7384829044942776,0.11748040738550355,-0.12583178309723178,0.9812360656573479,19360.777290646296,0.38721554581292594,20390.2535,0.40780507,0.2896431900358762,1.3368708781482628,1.2014458230278888,0.8533258324548944,0.06159958448768011,0.0238523167292465,,3203,3203,3203,0,0,0,3244.0,42,42.0,2.0,0,20390.2535,0.0,0.0,3203,48.593,48.468,49.48487330456227,-0.125,729.0,1192.0,2133.0,2133.0,814.0,815.0,50.718,1.0532538577914592,1.0,1.0,0.40780507,random_2026-03,Ergebnisse_23.03.2026 (zufällige Reihenfolge),123,Orin,2.6.0,0.21.0,2026-03-20T05:37:23Z,782,50000.0,0,0,0,0,True,True,7.105427357601002e-15,2936.793506103273,2937.526172026992,2937.513675511582,0.012496515410020947,2963.845094529097,2968.7123800080735,2974.499267991632,1.012586473719527,0,0,0,21.771574607800424,0.0,59.50138195985546,0.020260662466121335,0.14379091770284055,0.9943974842547719,21.771574607800424,0.7214,2296.5725217727595,3018.585734046006,0.7608107650778945,3154,0,0,0,0,True,True,3188.0,1.0,2.0,7.464299936588459,7.464334692597239,1.0000046562985243,0.7701427969996041,0.10317682884425945,-0.14480980740434982,0.9843653057124192,22531.62930322643,0.4506325860645286,23796.299,0.47592597999999997,0.34284612257278413,1.3143872903764926,1.3976963274498362,1.0068682663644393,0.06037171468092012,0.0272054619118129,,3154,3154,3154,0,0,0,3188.0,35,35.0,2.0,0,23796.299,0.0,0.0,3154,38.625,38.406,39.32004203262233,-0.2190000000000012,1190.0,1192.0,3199.0,3199.0,814.0,815.0,40.312,1.0561237217956758,1.0,1.0,0.47592597999999997,35,45,10,0.0031733304360991327,-0.003173330436099224,0.17180526844821725,0.15167083853068086,0.15447304730965336,0.16863193801211823,0.016961099481436995
fixed_2026-03,Ergebnisse_13.03.2026 (feste Reihenfolge),mobilenet_v2_fp64_slow_BS128,mobilenet_v2,fp64,slow,128,123,Orin,2.6.0,0.21.0,2026-03-11T15:12:50Z,391,50000.0,0,0,0,0,True,True,3.552713678800501e-15,12036.002388295388,11552.581727999495,11552.581727999495,0.0,12318.687295992277,14714.483795210259,108735.2249280084,9.412201314661251,2,1,0,10.848008078995234,2.1031211969808172,5120.051500879035,0.425394689673551,0.01941576700200196,0.8043823119637363,10.624560691016375,0.7214,4706.076933823497,6138.972793696012,0.766590289935162,6674,0,0,0,0,True,True,6756.0,1.0,2.0,5.050066676655679,5.049762581409118,0.9999397839145436,0.5587524018427987,0.11064257912191033,0.7799787059448564,0.9741345885485495,31002.221934340047,0.6200444386868009,34116.195999999996,0.68232392,0.4753200460255995,1.3044777805424326,8.21245233071107,5.72095320916879,0.12277945587392024,0.07612871879961572,,6674,6674,6674,0,0,0,6756.0,83,83.0,2.0,0,34116.195999999996,0.0,0.0,6674,46.812,46.468,46.91528108348135,-0.3439999999999941,729.0,729.0,2133.0,2133.0,407.0,408.0,47.781,1.100509845382863,1.0,1.0,0.68232392,random_2026-03,Ergebnisse_23.03.2026 (zufällige Reihenfolge),123,Orin,2.6.0,0.21.0,2026-03-21T12:48:06Z,391,50000.0,0,0,0,0,True,True,3.552713678800501e-15,11544.97510508906,11541.15077003371,11541.15077003371,0.0,11670.178147498518,11696.514186059361,12115.712169965263,1.0497837183986356,0,0,0,11.07644119520827,0.0,197.8206214100905,0.017134781115542688,0.14481162923768517,0.9926730641447772,11.07644119520827,0.7214,4514.085266089823,5610.197114065988,0.8046215087117039,6156,0,0,0,0,True,True,6221.0,1.0,2.0,6.259371832358674,6.259432245619675,1.000009651649178,0.47897494764049897,0.07652124853238033,0.7430118580237052,0.9896218762333406,35116.30978976457,0.7023261957952914,38939.928,0.77879856,0.565106763268559,1.2428203685495811,8.991209987079209,6.52414351365297,0.11220394228131976,0.07880376793567376,,6156,6156,6156,0,0,0,6221.0,66,66.0,2.0,0,38939.928,0.0,0.0,6156,40.093,38.656,38.910383378877995,-1.4370000000000047,729.0,729.0,3199.0,3199.0,407.0,408.0,40.187,1.1088736943667443,1.0,1.0,0.77879856,18,53,35,0.0416520707299967,-0.04165207072999681,0.21467838731014108,0.12460681170500387,0.1322479233985891,0.17302631658014445,0.0484195048751406
fixed_2026-03,Ergebnisse_13.03.2026 (feste Reihenfolge),mobilenet_v2_fp64_slow_BS32,mobilenet_v2,fp64,slow,32,123,Orin,2.6.0,0.21.0,2026-03-11T11:41:42Z,1563,50000.0,0,0,0,0,True,True,5.329070518200751e-15,2703.485770093463,2701.854143990204,2701.854143990204,0.0,2730.0560447969474,2737.0414739230177,2741.045344009762,1.0145052981881837,0,0,0,11.832784041118082,0.0,21.513117589858684,0.007957547928619187,0.3524834495546754,0.9992385313661806,11.832784041118082,0.7214,4225.548258656083,5282.125900192012,0.7999711363378292,5374,0,0,0,0,True,True,5439.0,1.0,2.0,5.1262182731671,5.126724030152602,1.000098660837005,0.3163123831331186,0.06170482142534544,-0.2485370724176737,0.9977519538192796,27077.33031073351,0.5415466062146702,27884.252,0.55768504,0.4332216539534447,1.2500451010993703,1.5076935698340037,1.1712085767594922,0.10564251800384024,0.05721034709695188,,5374,5374,5374,0,0,0,5439.0,66,66.0,2.0,0,27884.252,0.0,0.0,5374,47.343,46.468,47.05530979959552,-0.875,729.0,729.0,2133.0,2133.0,407.0,408.0,47.781,1.0296990459470656,1.0,1.0,0.55768504,random_2026-03,Ergebnisse_23.03.2026 (zufällige Reihenfolge),123,Orin,2.6.0,0.21.0,2026-03-18T09:05:13Z,1563,50000.0,0,0,0,0,True,True,5.329070518200751e-15,2700.215178542174,2698.56214299216,2698.56214299216,0.0,2727.468075696379,2733.6282145493897,2737.634562974563,1.0144789772893945,0,0,0,11.847116307605825,0.0,25.707903446432727,0.009520686962552457,0.30293953120301326,0.9989150327359212,11.847116307605825,0.7214,4220.4363240614175,5214.139624147996,0.809421424872382,5312,0,0,0,0,True,True,5368.0,1.0,2.0,6.23696140813253,6.236815760059613,0.9999766475911286,0.33152635346888104,0.05315510739518053,-0.3121782262541837,0.9965539349254688,32520.387612425708,0.6504077522485141,33479.227,0.66958454,0.5264539695730356,1.2354503714275484,1.8080223382251792,1.4215389994448904,0.10428279248295992,0.0678263366570402,,5312,5312,5312,0,0,0,5368.0,57,57.0,2.0,0,33479.227,0.0,0.0,5312,38.937,36.468,36.94538906482861,-2.468999999999994,729.0,729.0,3199.0,3199.0,407.0,408.0,38.937,1.0295082960838713,1.0,1.0,0.66958454,16,35,19,0.0012105007222818777,-0.0012105007222817444,0.19612490134293134,0.18317034590135242,0.18286307191960047,0.19491440062064938,0.01174405471929696
fixed_2026-03,Ergebnisse_13.03.2026 (feste Reihenfolge),mobilenet_v2_fp64_slow_BS64,mobilenet_v2,fp64,slow,64,123,Orin,2.6.0,0.21.0,2026-03-11T13:20:25Z,782,50000.0,0,0,0,0,True,True,3.552713678800501e-15,5783.258190240583,5783.776928001316,5783.77611200267,0.0008159986464306712,5847.017929601134,5852.731484171818,5856.287744012661,1.0125369316476045,0,0,0,11.055812627167414,0.0,155.52477535952838,0.02689224140502338,0.10331720718293882,0.9914868056146133,11.055812627167414,0.7214,4522.507904768136,5606.461522016005,0.8066599381818116,5848,0,0,0,0,True,True,5919.0,1.0,2.0,5.069972640218878,5.070485554992397,1.000101167167935,0.44647557430491525,0.08806271867487638,0.3732099126049927,0.9885425106779121,28424.606525061034,0.5684921305012207,30012.203999999998,0.60024408,0.45857982684696097,1.239679761776656,3.4713664918034235,2.6520855394917953,0.1121292304403201,0.0637445851044799,,5848,5848,5848,0,0,0,5919.0,72,72.0,2.0,0,30012.203999999998,0.0,0.0,5848,46.468,46.375,46.87047415103903,-0.09300000000000352,729.0,729.0,2133.0,2133.0,407.0,408.0,47.468,1.0557461202144505,1.0,1.0,0.60024408,random_2026-03,Ergebnisse_23.03.2026 (zufällige Reihenfolge),123,Orin,2.6.0,0.21.0,2026-03-16T14:30:40Z,782,50000.0,0,0,0,0,True,True,3.552713678800501e-15,5778.30322748338,5778.59241599981,5778.592304000085,0.00011199972504982725,5840.187555949342,5845.961837089999,5851.314348999949,1.0125847140211492,0,0,0,11.065293116103623,0.0,141.48118195533783,0.024484900910428167,0.1162439093388255,0.9922824281643036,11.065293116103623,0.7214,4518.633123892004,5528.632734312001,0.8173147577425969,5777,0,0,0,0,True,True,5838.0,1.0,2.0,6.2174644279037565,6.217537598492635,1.0000117685577017,0.4090907349074381,0.06579703666199578,0.434078096176493,0.993773065356158,34374.07736052915,0.687481547210583,36297.984500000006,0.7259596900000002,0.5618888142109232,1.223518834728955,4.1948152197498345,3.246763948641787,0.11057265468624002,0.0760166597228778,,5777,5777,5777,0,0,0,5838.0,62,62.0,2.0,0,36297.984500000006,0.0,0.0,5777,42.0,37.781,38.153741949297704,-4.219000000000001,729.0,729.0,3199.0,3199.0,407.0,408.0,42.0,1.0559572828500603,1.0,1.0,0.7259596900000002,17,9,-8,0.000857144269972279,-0.0008571442699724894,0.20402675421097125,0.19004751823077856,0.19015811737187704,0.20316960994099884,0.013122091710220265
fixed_2026-03,Ergebnisse_13.03.2026 (feste Reihenfolge),resnet50_fp16_fast_BS128,resnet50,fp16,fast,128,123,Orin,2.6.0,0.21.0,2026-03-12T18:28:22Z,391,50000.0,0,0,0,0,True,True,5.684341886080802e-14,669.6399068631067,668.317792005837,668.317792005837,0.0,675.7447519921698,677.7829792350531,678.2047679880634,1.0147938242861265,0,0,0,190.96418319914156,0.0,6.734569607775892,0.010057001589591087,0.40661595261831424,1.0001551626657466,190.96418319914156,0.80734,261.82920358347474,924.3030884800246,0.2832720206680703,965,0,0,0,0,True,True,975.0,1.0,2.0,7.589877720207254,7.595295897435898,1.0007138688432646,2.0141811371080642,0.2653772842407616,-0.3213544830489087,0.8354388078031268,7015.347417973293,0.14030694835946586,7405.413500000001,0.14810827000000001,0.03974503277555649,3.5301756864006353,0.09917920812845588,0.026614860046094767,0.018486061769600493,0.0025937229140772324,,965,965,965,0,0,0,975.0,11,11.0,2.0,0,7405.413500000001,0.0,0.0,965,39.062,39.093,39.80342051282051,0.03100000000000591,1190.0,1190.0,2133.0,2133.0,815.0,815.0,43.0,1.0548487959759436,1.0,1.0,0.14810827000000001,random_2026-03,Ergebnisse_23.03.2026 (zufällige Reihenfolge),123,Orin,2.6.0,0.21.0,2026-03-16T10:31:15Z,391,50000.0,0,0,0,0,True,True,5.684341886080802e-14,508.45037771612465,506.1126810001042,506.1126810001042,0.0,512.4727160000475,514.2986097997436,1231.2289420001434,2.432717037571896,1,0,0,251.50387030110173,0.0,37.15079271892704,0.07306670296087159,0.027172646269606797,1.032676059436833,251.50387030110173,0.80734,198.80409768700474,707.1652770000001,0.2811281947133905,748,0,0,0,0,True,True,754.0,1.0,2.0,10.587680481283423,10.58820026525199,1.0000490932805808,2.6908651432311244,0.2541505807610981,-0.16951669663372312,0.8213344634654065,7487.2400003342855,0.14974480000668572,7983.503000000001,0.15967006,0.04209748529359726,3.557096082161014,0.0811843023169563,0.02140448229842853,0.014143305540000001,0.0021178864595207503,,748,748,748,0,0,0,754.0,7,7.0,2.0,0,7983.503000000001,0.0,0.0,748,45.531,42.875,44.62162665782493,-2.655999999999999,1728.0,1728.0,3199.0,3199.0,1019.0,1019.0,50.312,1.0662288216393858,1.0,1.0,0.15967006,39,1,-38,0.2753724903480655,-0.2753724903480656,0.3328756258380901,0.06510000100028966,0.07516600076364251,0.05750313549002463,-0.0075968655102650684
fixed_2026-03,Ergebnisse_13.03.2026 (feste Reihenfolge),resnet50_fp16_fast_BS32,resnet50,fp16,fast,32,123,Orin,2.6.0,0.21.0,2026-03-12T17:55:54Z,1563,50000.0,0,0,0,0,True,True,8.526512829121202e-14,177.73610466049348,176.92563199670985,176.92563199670985,0.0,182.15557119692676,182.6889996812679,370.8659840049222,2.0961687677442855,1,0,0,179.98460884949463,0.0,5.209723530245989,0.0293115658194347,0.23809389451340443,1.0160330173333505,179.98460884949463,0.80736,277.8015315843513,933.9985635519843,0.29743250410137223,955,0,0,0,0,True,True,964.0,1.0,2.0,7.499259685863874,7.501686203319502,1.0003235675996396,0.8218621118018612,0.10959243261719202,0.3276969663332933,0.9990745968341024,7004.297774300163,0.14008595548600325,7231.6255,0.14463251,0.041666116529635304,3.362107322537875,0.02570641893466987,0.007405573248307578,0.018679971271039684,0.0026168016239546846,,955,955,955,0,0,0,964.0,10,10.0,2.0,0,7231.6255,0.0,0.0,955,47.843,39.125,40.48629668049793,-8.718000000000004,1190.0,1190.0,2133.0,2133.0,815.0,815.0,47.843,1.0321215017011596,1.0,1.0,0.14463251,random_2026-03,Ergebnisse_23.03.2026 (zufällige Reihenfolge),123,Orin,2.6.0,0.21.0,2026-03-16T12:02:46Z,1563,50000.0,0,0,0,0,True,True,8.526512829121202e-14,153.74151752464698,152.72759499930544,152.72759499930544,0.0,157.8768864000267,158.09328729967092,524.6783959992172,3.4353870104587405,1,0,0,208.07498059607315,0.0,9.553725747916811,0.06214148202605852,0.07685226606868475,1.017484673751781,208.07498059607315,0.80736,240.29799189102323,844.7450985980004,0.28446213217435534,860,0,0,0,0,True,True,868.0,1.0,2.0,9.067508139534883,9.074433179723503,1.0007637203167676,0.953534611265519,0.10515949879416711,0.6940901036947065,0.9902119709578029,7659.733057369566,0.15319466114739133,7876.608,0.15753216,0.04357807994771481,3.515406399988137,0.024219233337335493,0.006699760141972063,0.016894901971960006,0.0025882087827128067,,860,860,860,0,0,0,868.0,9,9.0,2.0,0,7876.608,0.0,0.0,860,40.25,40.968,41.84860426267281,0.7180000000000035,1267.0,1267.0,3199.0,3199.0,815.0,815.0,43.031,1.0275288977001407,1.0,1.0,0.15753216,37,5,-32,0.14502715753503595,-0.145027157535036,0.18989318271605835,0.08945320582650854,0.08543351633373623,0.04486602518102239,-0.044587180645486175
fixed_2026-03,Ergebnisse_13.03.2026 (feste Reihenfolge),resnet50_fp16_fast_BS64,resnet50,fp16,fast,64,123,Orin,2.6.0,0.21.0,2026-03-12T18:12:05Z,782,50000.0,0,0,0,0,True,True,5.684341886080802e-14,349.6199345279871,348.48544001579285,348.48452801816165,0.0009119976311922073,353.8145983882714,354.6824748761719,355.3323519881815,1.0196476270919048,0,0,0,182.8803583873245,0.0,3.390879712111738,0.009698759645069088,0.4793780591418328,1.0004641419700653,182.8803583873245,0.80736,273.4027888008859,935.5636294399737,0.2922332380156165,958,0,0,0,0,True,True,967.0,1.0,2.0,7.563099164926932,7.568010341261633,1.0006493602989468,1.3000696901099025,0.17189642258544452,0.5848937643010229,0.9347148591435046,7075.760504553475,0.1415152100910695,7318.266,0.14636532,0.04135544807337349,3.4219242369225684,0.05117223359556788,0.014458689047788409,0.018711272588799475,0.0026479296714752272,,958,958,958,0,0,0,967.0,10,10.0,2.0,0,7318.266,0.0,0.0,958,39.156,39.062,39.86749534643226,-0.0940000000000012,1190.0,1190.0,2133.0,2133.0,815.0,815.0,41.968,1.0336015312810354,1.0,1.0,0.14636532,random_2026-03,Ergebnisse_23.03.2026 (zufällige Reihenfolge),123,Orin,2.6.0,0.21.0,2026-03-18T09:29:48Z,782,50000.0,0,0,0,0,True,True,1.4210854715202004e-14,557.0182676178903,555.1283279783092,555.1281359948916,0.00019198341760784388,562.1022218052531,562.4072635202901,565.5260669882409,1.018730334025285,0,0,0,114.78729270274589,0.0,3.2309517817512017,0.005800441331248416,0.8758959346693828,1.0035166357207088,114.78729270274589,0.80736,435.58828527719015,1421.6445064370055,0.30639747370380427,1456,0,0,0,0,True,True,1471.0,1.0,2.0,7.18898489010989,7.189252209381374,1.0000371845643814,1.1443865673709623,0.15918611387615106,-0.45902074589076414,0.9453453387824086,10220.180875883365,0.2044036175176673,10575.390000000001,0.21150780000000002,0.06262875202333193,3.263734481592705,0.11781370834367122,0.03488535895510679,0.02843289012874011,0.005811785598796852,,1456,1456,1456,0,0,0,1471.0,16,16.0,2.0,0,10575.390000000001,0.0,0.0,1456,36.437,37.812,37.970097552685246,1.375,729.0,729.0,3199.0,3199.0,407.0,408.0,39.093,1.03471718375411,1.0,1.0,0.21150780000000002,38,36,-2,-0.46575137271413836,0.4657513727141386,-0.05073107044606135,0.3676893532841327,0.36815618901935937,0.41502030226807707,0.04733094898394459
fixed_2026-03,Ergebnisse_13.03.2026 (feste Reihenfolge),resnet50_fp16_medium_BS128,resnet50,fp16,medium,128,123,Orin,2.6.0,0.21.0,2026-03-11T16:06:12Z,391,50000.0,0,0,0,0,True,True,5.684341886080802e-14,700.62289579661,701.1622400023043,701.1622400023043,0.0,710.9168640017742,714.6866880037123,719.6081599977333,1.0263076345859246,0,0,0,182.5193533052694,0.0,8.721126661661733,0.012447675795330368,0.14647311211657865,0.9979575794957865,182.5193533052694,0.80734,273.9435522564745,974.9520894720044,0.2809815530574754,1016,0,0,0,0,True,True,1028.0,1.0,2.0,7.158417322834646,7.166418774319066,1.001117768233335,2.154258642451382,0.3009406332848895,-0.27300211342212816,0.8353542728435358,6979.113926210231,0.1395822785242046,7367.0785,0.14734157,0.03922004539903211,3.5589524974810276,0.10323087744461892,0.027478461780744385,0.019499041789440088,0.002721720682008731,,1016,1016,1016,0,0,0,1028.0,13,13.0,2.0,0,7367.0785,0.0,0.0,1016,49.625,50.0,51.11246741245136,0.375,729.0,1192.0,2133.0,2133.0,305.0,815.0,54.781,1.054410787053879,1.0,1.0,0.14734157,random_2026-03,Ergebnisse_23.03.2026 (zufällige Reihenfolge),123,Orin,2.6.0,0.21.0,2026-03-16T11:48:16Z,391,50000.0,0,0,0,0,True,True,5.684341886080802e-14,610.0269014041073,608.5378020006829,608.5378020006829,0.0,619.3655695001326,621.5862889001073,1194.2673630001082,1.9625195987393533,0,0,0,209.62557152369118,0.0,30.22613954979757,0.04954886330459468,0.07578129306843397,1.0350968796772657,209.62557152369118,0.80734,238.52051844900595,860.7381008809998,0.27711160712517624,898,0,0,0,0,True,True,906.0,1.0,2.0,8.73545991091314,8.736368653421634,1.0001040291544763,2.4615075541840676,0.2817833954121782,-0.28034604539889363,0.8116110241697096,7518.943174041483,0.15037886348082966,7915.15,0.158303,0.04167172853683019,3.6086543265879225,0.09656908857297439,0.025420875435475637,0.017214762017619997,0.002588736347302649,,898,898,898,0,0,0,906.0,9,9.0,2.0,0,7915.15,0.0,0.0,898,38.562,40.218,41.29522792494481,1.656000000000006,1267.0,1267.0,3199.0,3199.0,305.0,815.0,44.437,1.0525849838326813,1.0,1.0,0.158303,21,4,-17,0.13846673364118783,-0.13846673364118783,0.19910168146509422,0.07450362867180128,0.07175742124123347,0.06063494782390634,-0.013868680847895014
fixed_2026-03,Ergebnisse_13.03.2026 (feste Reihenfolge),resnet50_fp16_medium_BS32,resnet50,fp16,medium,32,123,Orin,2.6.0,0.21.0,2026-03-11T15:31:24Z,1563,50000.0,0,0,0,0,True,True,5.684341886080802e-14,207.57510526926478,207.7321920078248,207.7321920078248,0.0,215.53411519271324,219.28826369403396,479.4395520002581,2.3079694454973967,1,0,0,154.11175263167948,0.0,8.835873195837657,0.0425671141265993,0.07084314800458442,1.0154581890609282,154.11175263167948,0.80736,324.43988953586086,1061.2581762560003,0.30571249936603395,1080,0,0,0,0,True,True,1094.0,1.0,2.0,6.87571388888889,6.875784277879341,1.0000102373355828,0.8888124151657625,0.12926838282233905,0.13495296005693241,1.0154484025274473,7296.907582180274,0.1459381516436055,7522.107999999999,0.15044216,0.04461511709182591,3.27104715075024,0.031228047198935575,0.009260987626936338,0.021225163525120005,0.0030975611331892873,,1080,1080,1080,0,0,0,1094.0,15,15.0,2.0,0,7522.107999999999,0.0,0.0,1080,46.75,49.343,50.175510511883,2.5930000000000035,729.0,1193.0,2133.0,2133.0,305.0,815.0,51.531,1.03085189304219,1.0,1.0,0.15044216,random_2026-03,Ergebnisse_23.03.2026 (zufällige Reihenfolge),123,Orin,2.6.0,0.21.0,2026-03-17T19:06:45Z,1563,50000.0,0,0,0,0,True,True,5.684341886080802e-14,187.6566410402566,187.15729100222237,187.15729100222237,0.0,197.01109060115414,200.27281488059086,361.8199810007354,1.9332401054920114,0,0,0,170.46965723365597,0.0,7.364239210756203,0.03924315798222354,0.058047463777301786,1.0150744401203267,170.46965723365597,0.80736,293.3073299459211,1007.1953656489932,0.29121195345942297,1020,0,0,0,0,True,True,1030.0,1.0,2.0,8.122012745098038,8.12516359223301,1.0003879392010155,0.9432814452849974,0.11613887774976783,0.16269676856801743,0.9786465021163269,8180.4535966048015,0.16360907193209603,8368.9185,0.16737837,0.04764491744102893,3.433924974990213,0.03140966269699325,0.008940885169623828,0.020143907312979863,0.003295725980562798,,1020,1020,1020,0,0,0,1030.0,11,11.0,2.0,0,8368.9185,0.0,0.0,1020,38.625,39.437,40.01455145631068,0.8119999999999976,1190.0,1190.0,3199.0,3199.0,305.0,815.0,41.718,1.0226417189045667,1.0,1.0,0.16737837,19,18,-1,0.10087931176270881,-0.10087931176270883,0.1665825219240834,0.11429696146182748,0.10667824685471605,0.06570321016137474,-0.04859375130045252
fixed_2026-03,Ergebnisse_13.03.2026 (feste Reihenfolge),resnet50_fp16_medium_BS64,resnet50,fp16,medium,64,123,Orin,2.6.0,0.21.0,2026-03-11T15:49:01Z,782,50000.0,0,0,0,0,True,True,2.842170943040401e-14,381.90196190253283,381.7654399899766,381.7470879876055,0.01835200237110257,391.20370718446793,393.36714975273935,405.2177600096911,1.0614312286107677,0,0,0,167.4215513513107,0.0,5.721127073021678,0.014980617131476784,0.11107629530568146,1.004200748541848,167.4215513513107,0.80736,298.64733420778066,1018.7348016960023,0.29315513096302287,1041,0,0,0,0,True,True,1054.0,1.0,2.0,7.030654178674352,7.031496204933586,1.0001197649945277,1.3965169190857007,0.1986325715353301,0.35140277192316055,0.936109384070983,7162.372090504986,0.1432474418100997,7411.197,0.14822394,0.041993722563957774,3.411163218310292,0.05660701348692331,0.016037485034766135,0.020374696033920045,0.002918623084517431,,1041,1041,1041,0,0,0,1054.0,14,14.0,2.0,0,7411.197,0.0,0.0,1041,49.187,50.031,50.785936907020876,0.8440000000000012,729.0,1192.0,2133.0,2133.0,305.0,815.0,53.281,1.034616662005939,1.0,1.0,0.14822394,random_2026-03,Ergebnisse_23.03.2026 (zufällige Reihenfolge),123,Orin,2.6.0,0.21.0,2026-03-18T05:42:24Z,782,50000.0,0,0,0,0,True,True,5.684341886080802e-14,336.0564725137378,335.4445340228267,335.40246851043776,0.042065512388944626,345.3023074500379,348.08983448456274,569.5791119942442,1.6979829874213566,0,0,0,190.26153088962582,0.0,10.27978847430341,0.03058946729223666,0.07959362057649093,1.0129395353740243,190.26153088962582,0.80736,262.79616150574293,962.0674581930216,0.27315772846046893,984,0,0,0,0,True,True,994.0,1.0,2.0,8.29583943089431,8.309008551307848,1.001587436753476,1.5774561396317597,0.19015027385380656,0.513794964321468,0.9067863780788433,7981.157154857931,0.15962314309715864,8259.1545,0.16518309,0.043602295178140224,3.660888548297908,0.05551084654431928,0.014652833511068561,0.019241349163860434,0.003071364630965288,,984,984,984,0,0,0,994.0,11,11.0,2.0,0,8259.1545,0.0,0.0,984,37.5,38.968,39.506769617706226,1.4680000000000035,1190.0,1190.0,3199.0,3199.0,305.0,815.0,41.531,1.033191582913484,1.0,1.0,0.16518309,20,28,8,0.1278847126355206,-0.12788471263552065,0.16547435895566115,0.10824218416146549,0.10833025679524509,0.03758964632014039,-0.0706525378413249
fixed_2026-03,Ergebnisse_13.03.2026 (feste Reihenfolge),resnet50_fp16_slow_BS128,resnet50,fp16,slow,128,123,Orin,2.6.0,0.21.0,2026-03-09T15:09:33Z,391,50000.0,0,0,0,0,True,True,4.263256414560601e-14,1097.7103932889995,1097.651232000317,1097.651232000317,0.0,1112.11744000002,1115.5152927997733,1128.3346560003338,1.0279537097991505,0,0,0,116.49451315525219,0.0,7.787827064935083,0.0070946099376912285,0.3983075748011811,1.005666910671839,116.49451315525219,0.80734,429.2047637759988,1465.3319741119994,0.2929061614424265,1526,0,0,0,0,True,True,1544.0,1.0,2.0,5.860457404980341,5.867092292746113,1.0011321450370296,1.5728761356777192,0.2683879477293113,-0.053890242379278516,0.860318383339712,8587.515618439129,0.17175031236878258,9058.7905,0.18117581,0.050306724722477804,3.4140626987000395,0.19887856964955306,0.055222214580192545,0.02930663948223999,0.005033424485554014,,1526,1526,1526,0,0,0,1544.0,19,19.0,2.0,0,9058.7905,0.0,0.0,1526,49.25,49.343,49.59695887305699,0.09300000000000352,729.0,729.0,2133.0,2133.0,305.0,408.0,52.593,1.0536861457183953,1.0,1.0,0.18117581,random_2026-03,Ergebnisse_23.03.2026 (zufällige Reihenfolge),123,Orin,2.6.0,0.21.0,2026-03-20T12:28:08Z,391,50000.0,0,0,0,0,True,True,4.263256414560601e-14,1059.7919182546134,1057.4081920203753,1057.4081920203753,0.0,1071.1832600063644,1072.3324641759973,1246.5150419739075,1.1788399705814727,0,0,0,120.6625901264328,0.0,11.283726678321477,0.010647115234568696,0.33721001962344355,1.0084845910876823,120.6625901264328,0.80734,414.37864003755385,1409.408879968978,0.2940088188224517,1471,0,0,0,0,True,True,1486.0,1.0,2.0,7.202629503738954,7.207796433378197,1.000717367127736,1.6608767308322714,0.2305931090819116,-0.09471073716755737,0.8726483052809828,10151.449981696234,0.20302899963392468,10710.785500000002,0.21421571000000003,0.05969231636907418,3.40125852008503,0.22702407822117399,0.06326143446984238,0.02818817759937956,0.0057230174995054365,,1471,1471,1471,0,0,0,1486.0,16,16.0,2.0,0,10710.785500000002,0.0,0.0,1471,41.0,39.968,40.59866285329744,-1.0319999999999965,729.0,729.0,3199.0,3199.0,305.0,408.0,43.656,1.0543427256061475,1.0,1.0,0.21421571000000003,3,47,44,0.03515396458755618,-0.035153964587556416,0.2062185122019729,0.16730707433656852,0.16751561219374708,0.1710645476144167,0.0037574732778479472
fixed_2026-03,Ergebnisse_13.03.2026 (feste Reihenfolge),resnet50_fp16_slow_BS32,resnet50,fp16,slow,32,123,Orin,2.6.0,0.21.0,2026-03-09T14:18:10Z,1563,50000.0,0,0,0,0,True,True,4.263256414560601e-14,302.85065702622586,301.90687999993315,301.90687999993315,0.0,310.95675199992456,317.0666816000812,735.9343039997839,2.4376201827528634,1,0,0,105.62883894612635,0.0,11.777890699843663,0.03889009459478814,0.061014449406542756,1.0135107631333913,105.62883894612635,0.80736,473.35557693199104,1462.2182777950002,0.3237242921390663,1489,0,0,0,0,True,True,1506.0,1.0,2.0,6.020038280725319,6.021381806108897,1.0002231755548598,0.6797274036638995,0.11291081085650558,0.7173562800146972,0.9950355888632996,8802.61000710215,0.176052200142043,9068.201,0.18136402,0.056992373870508095,3.0890483793858063,0.054926212617917566,0.017260177872167683,0.029244365555900004,0.005148534897874376,,1489,1489,1489,0,0,0,1506.0,18,18.0,2.0,0,9068.201,0.0,0.0,1489,45.625,49.781,49.86022310756972,4.155999999999999,729.0,729.0,2133.0,2133.0,305.0,408.0,51.031,1.0299419880532623,1.0,1.0,0.18136402,random_2026-03,Ergebnisse_23.03.2026 (zufällige Reihenfolge),123,Orin,2.6.0,0.21.0,2026-03-18T07:00:19Z,1563,50000.0,0,0,0,0,True,True,4.263256414560601e-14,294.2314151483947,293.35957899456844,293.35957899456844,0.0,300.66606100299396,302.70926240948035,1012.0118769991676,3.4497318289985173,1,0,0,108.72313977628059,0.0,18.472013729743548,0.0627805624373157,0.0210203012757406,1.0186235558537122,108.72313977628059,0.80736,459.8837018769409,1420.4277686050045,0.3237642293691502,1442,0,0,0,0,True,True,1457.0,1.0,2.0,7.109149098474341,7.108999313658201,0.9999789306970405,0.7103759767992457,0.09992419162395903,0.6235289672045536,0.9947749219593314,10098.032790626188,0.20196065581252376,10357.811999999998,0.20715623999999996,0.06538763609202994,3.0886673365630455,0.06095187365202048,0.019239096700566217,0.028408555372100092,0.00573741047363573,,1442,1442,1442,0,0,0,1457.0,16,16.0,2.0,0,10357.811999999998,0.0,0.0,1442,37.687,37.718,38.10374571036376,0.03100000000000591,729.0,729.0,3199.0,3199.0,305.0,408.0,39.093,1.0257473362625915,1.0,1.0,0.20715623999999996,1,33,32,0.02887321882970761,-0.028873218829707475,0.16628894170180097,0.13729236244543572,0.13296711935734606,0.13741572287209322,0.00012336042665755565
fixed_2026-03,Ergebnisse_13.03.2026 (feste Reihenfolge),resnet50_fp16_slow_BS64,resnet50,fp16,slow,64,123,Orin,2.6.0,0.21.0,2026-03-09T14:43:46Z,782,50000.0,0,0,0,0,True,True,1.4210854715202004e-14,586.559062670069,586.6271999998389,586.6166240000439,0.010575999795037205,597.2016815997904,599.3800719997671,604.5233280001412,1.0305068159135942,0,0,0,109.00627574446966,0.0,6.723834336610793,0.011463183785795247,0.2686025363606357,1.0026893310111498,109.00627574446966,0.80736,458.68918700799395,1476.6764720960005,0.3106226689973117,1512,0,0,0,0,True,True,1530.0,1.0,2.0,5.931652116402116,5.933940196078432,1.0003857407062005,1.0698638888091856,0.18036524526629164,-0.39459499105961754,0.9348347833312206,8759.13112094945,0.17518262241898902,9078.928500000002,0.18157857000000002,0.054415693737734666,3.2193400540533457,0.10650655582017153,0.03191801831334719,0.02953352944192001,0.0051737611369239685,,1512,1512,1512,0,0,0,1530.0,19,19.0,2.0,0,9078.928500000002,0.0,0.0,1512,49.531,49.281,50.0613683006536,-0.25,729.0,729.0,2133.0,2133.0,305.0,408.0,51.968,1.0361105014616452,1.0,1.0,0.18157857000000002,random_2026-03,Ergebnisse_23.03.2026 (zufällige Reihenfolge),123,Orin,2.6.0,0.21.0,2026-03-18T02:44:11Z,782,50000.0,0,0,0,0,True,True,1.4210854715202004e-14,567.8554114395776,567.5873739819508,567.5797259900719,0.007647991878911853,575.2068611982395,576.3905845428235,579.7595969925169,1.02144554929961,0,0,0,112.59665336945471,0.0,5.17469808623016,0.009112703660094947,0.4137079415651289,1.0014187023601542,112.59665336945471,0.80736,444.06293174574967,1428.3136172490194,0.31090015972894663,1464,0,0,0,0,True,True,1479.0,1.0,2.0,7.138249316939891,7.1387484787018245,1.0000699277567608,1.1518464258107437,0.16136259391743,-0.4378473860908869,0.9493755317213717,10195.658702703759,0.20391317405407516,10558.208999999999,0.21116417999999998,0.06339663838424846,3.216466665285197,0.119910722315201,0.036000124173573525,0.028566272344980388,0.0058250392647581,,1464,1464,1464,0,0,0,1479.0,16,16.0,2.0,0,10558.208999999999,0.0,0.0,1464,39.0,38.0,38.475329276538204,-1.0,729.0,729.0,3199.0,3199.0,305.0,408.0,40.687,1.0354868721678956,1.0,1.0,0.21116417999999998,2,21,19,0.032406537646793764,-0.03240653764679368,0.1851647752704842,0.1518652993847479,0.15094748257935117,0.15275823762369042,0.0008929382389426543
fixed_2026-03,Ergebnisse_13.03.2026 (feste Reihenfolge),resnet50_fp32_fast_BS128,resnet50,fp32,fast,128,123,Orin,2.6.0,0.21.0,2026-03-12T19:35:15Z,391,50000.0,0,0,0,0,True,True,1.4210854715202004e-14,1561.0860896581437,1558.6166399880312,1558.6166399880312,0.0,1573.9596159837674,1575.0224959978368,1578.0757759930566,1.0124848763357068,0,0,0,81.91555782786186,0.0,29.739868573789753,0.019050754965283415,0.21352369236252206,0.9933475491898581,81.91555782786186,0.80724,610.3846610563342,1272.4343227200443,0.4796983625461575,1354,0,0,0,0,True,True,1367.0,1.0,2.0,9.225336041358936,9.224803584491587,0.9999422832008544,2.7874046304071216,0.30214667714115306,-0.16229774734763308,0.8198233454115815,11738.634217651372,0.23477268435302742,12610.306499999999,0.25220613,0.11262007225471315,2.0846433468986003,0.39371548126951345,0.17580962821312776,0.025448686454400887,0.005974656432158224,,1354,1354,1354,0,0,0,1367.0,14,14.0,2.0,0,12610.306499999999,0.0,0.0,1354,40.625,40.781,42.06995537673738,0.1559999999999988,1190.0,1190.0,2133.0,2133.0,815.0,815.0,46.281,1.0743187098865783,1.0,1.0,0.25220613,random_2026-03,Ergebnisse_23.03.2026 (zufällige Reihenfolge),123,Orin,2.6.0,0.21.0,2026-03-18T23:09:04Z,391,50000.0,0,0,0,0,True,True,1.4210854715202004e-14,2686.2844474579574,2680.705917009618,2680.705917009618,0.0,2713.948729491676,2714.4460687908577,2717.9927180113737,1.0139093217070785,0,0,0,47.60375915241335,0.0,24.012754890855078,0.008939021671207772,0.45707864547217353,0.9989317016635927,47.60375915241335,0.80724,1050.3372189560614,2036.3543244159955,0.5157929572287411,2173,0,0,0,0,True,True,2196.0,1.0,2.0,8.1253985273815,8.128670309653916,1.0004026611447292,1.8861495860594688,0.23213010164404838,0.3577675791688205,0.8739331899999847,16546.190428836682,0.33092380857673365,17850.56,0.35701120000000003,0.17068816984319127,1.9387624161694892,0.9590336341283024,0.45851697601482705,0.04072708648831991,0.013477562572948852,,2173,2173,2173,0,0,0,2196.0,24,24.0,2.0,0,17850.56,0.0,0.0,2173,36.843,38.093,39.24647290528234,1.25,729.0,729.0,3199.0,3199.0,407.0,408.0,41.468,1.0783977884741591,1.0,1.0,0.35701120000000003,42,38,-4,-0.542777202177516,0.5427772021775158,-0.12695883997392635,0.34327041792993507,0.34752042449485526,0.4158183622035897,0.07254794427365491
fixed_2026-03,Ergebnisse_13.03.2026 (feste Reihenfolge),resnet50_fp32_fast_BS32,resnet50,fp32,fast,32,123,Orin,2.6.0,0.21.0,2026-03-12T18:50:21Z,1563,50000.0,0,0,0,0,True,True,1.4210854715202004e-14,405.5233095944692,404.324256000109,404.324256000109,0.0,409.7050560230855,410.358244467061,412.22579195164144,1.0195425721664602,0,0,0,78.88514055515603,0.0,2.5675717557915316,0.006331502271371653,0.32781407699229687,1.0022579620492058,78.88514055515603,0.80724,633.8329328961554,1280.0948528320296,0.49514528669019275,1302,0,0,0,0,True,True,1315.0,1.0,2.0,9.341432411674347,9.343825855513309,1.0002562180759313,1.239427261531464,0.13268064327934379,0.2972566299854047,0.9800032151533276,11957.919548262624,0.2391583909652525,12287.131000000001,0.24574262000000002,0.11841815005885516,2.0196092477917285,0.09965436057081602,0.04802132012792143,0.02560189705664059,0.006122908505724197,,1302,1302,1302,0,0,0,1315.0,14,14.0,2.0,0,12287.131000000001,0.0,0.0,1302,38.781,41.218,42.10817794676806,2.4370000000000047,1190.0,1190.0,2133.0,2133.0,815.0,815.0,43.437,1.0272676255909847,1.0,1.0,0.24574262000000002,random_2026-03,Ergebnisse_23.03.2026 (zufällige Reihenfolge),123,Orin,2.6.0,0.21.0,2026-03-18T07:35:42Z,1563,50000.0,0,0,0,0,True,True,7.105427357601002e-15,701.2782927772497,699.2857889854349,699.2857889854349,0.0,706.7491461901227,712.944393332582,1088.7010599835776,1.5568757110924982,0,0,0,45.61636030264638,0.0,10.414250509146074,0.01485038196163588,0.2681562909596945,1.0062744365469727,45.61636030264638,0.80724,1096.0979716108413,2063.023434206989,0.5313066024536814,2098,0,0,0,0,True,True,2120.0,1.0,2.0,8.177708770257388,8.178537971698114,1.0001013977709432,1.0023511766276822,0.1225711510139941,0.21130444224535816,0.9826302743905618,16870.804831161007,0.33741609662322014,17338.500500000002,0.34677001,0.17927139991006621,1.8821524057517776,0.2431822805991498,0.12571914127271883,0.04126046868413978,0.013921946288247057,,2098,2098,2098,0,0,0,2120.0,23,23.0,2.0,0,17338.500500000002,0.0,0.0,2098,37.781,39.0,39.60028891509434,1.2190000000000012,729.0,729.0,3199.0,3199.0,407.0,408.0,40.406,1.0276179925289664,1.0,1.0,0.34677001,40,34,-6,-0.5477264467392331,0.5477264467392331,-0.1330475936727319,0.3441908206768527,0.3443770367543123,0.4146788530665013,0.0704880323896485
fixed_2026-03,Ergebnisse_13.03.2026 (feste Reihenfolge),resnet50_fp32_fast_BS64,resnet50,fp32,fast,64,123,Orin,2.6.0,0.21.0,2026-03-12T19:12:25Z,782,50000.0,0,0,0,0,True,True,0.0,780.0155323588431,778.6011199932545,778.6010400159284,7.997732609510422e-05,788.5820255993167,789.6582915325416,790.3256959980354,1.015058514178457,0,0,0,81.97095605580388,0.0,17.58811200675208,0.022548412534252892,0.1768161016809801,0.9954459339595254,81.97095605580388,0.80724,609.9721463046153,1266.9203010560013,0.4814605510671763,1308,0,0,0,0,True,True,1321.0,1.0,2.0,9.249509174311926,9.258479182437547,1.0009697820669807,2.0118841011569404,0.2175125256099446,-0.4074462277741005,0.9168349110456453,11718.390947739512,0.23436781895479022,12230.451000000001,0.24460902,0.11283885926638552,2.077013366481346,0.1907988349550749,0.08801606288143428,0.025338406021120027,0.005938506954960825,,1308,1308,1308,0,0,0,1321.0,14,14.0,2.0,0,12230.451000000001,0.0,0.0,1308,40.75,41.0,42.059104844814534,0.25,1190.0,1190.0,2133.0,2133.0,815.0,815.0,44.656,1.0426859518305314,1.0,1.0,0.24460902,random_2026-03,Ergebnisse_23.03.2026 (zufällige Reihenfolge),123,Orin,2.6.0,0.21.0,2026-03-18T03:19:33Z,782,50000.0,0,0,0,0,True,True,1.4210854715202004e-14,1342.656528879561,1340.4794429952744,1340.479314501863,0.0001284934114664793,1358.9528006923501,1360.9142063761828,1361.9399319868537,1.0160095621784593,0,0,0,47.62097941696795,0.0,32.6706166838746,0.02433281779900779,0.19209877556140967,0.994185570148235,47.62097941696795,0.80724,1049.9574055838166,2030.3141814659757,0.5171403594421536,2097,0,0,0,0,True,True,2118.0,1.0,2.0,8.124193609918933,8.126722143531634,1.0003112350264047,1.5102991115006341,0.18590141791508888,-0.5586358175799374,0.9376397794396195,16494.66549919367,0.3298933099838734,17212.3975,0.34424794999999997,0.1706011449026221,1.9337109969113873,0.46220675762090463,0.22905874103783358,0.04060628362931951,0.013395741312620186,,2097,2097,2097,0,0,0,2118.0,22,22.0,2.0,0,17212.3975,0.0,0.0,2097,37.843,38.937,39.63815462700661,1.093999999999994,729.0,729.0,3199.0,3199.0,407.0,408.0,41.312,1.0431883002810487,1.0,1.0,0.34424794999999997,41,22,-19,-0.5430915818889784,0.5430915818889785,-0.12972401259952102,0.34187754197858744,0.3417010835101861,0.4133675692894575,0.07149002731087033
fixed_2026-03,Ergebnisse_13.03.2026 (feste Reihenfolge),resnet50_fp32_medium_BS128,resnet50,fp32,medium,128,123,Orin,2.6.0,0.21.0,2026-03-11T17:17:27Z,391,50000.0,0,0,0,0,True,True,1.4210854715202004e-14,1592.3073965843375,1593.243231996894,1593.243231996894,0.0,1609.9110720097087,1613.1455808063038,1615.4494080110453,1.013937718716256,0,0,0,80.30939134363891,0.0,29.134096795403458,0.018296779163306708,0.12011142030254963,0.9949786746700523,80.30939134363891,0.80724,622.592192064476,1324.0319041280018,0.47022446371827487,1405,0,0,0,0,True,True,1422.0,1.0,2.0,8.896801423487545,8.898892756680732,1.0002350657380827,3.006070692965999,0.3378821837059301,-0.10767887395819259,0.822940418901552,11779.648929388932,0.23559297858777864,12654.2255,0.25308451,0.11078158201222922,2.1266439268015818,0.40298833723392274,0.17639833244338698,0.026480638082560036,0.006238652400775282,,1405,1405,1405,0,0,0,1422.0,18,18.0,2.0,0,12654.2255,0.0,0.0,1405,51.875,52.531,54.3334335443038,0.6559999999999988,729.0,1192.0,2133.0,2133.0,305.0,815.0,58.562,1.0739922471403884,1.0,1.0,0.25308451,random_2026-03,Ergebnisse_23.03.2026 (zufällige Reihenfolge),123,Orin,2.6.0,0.21.0,2026-03-16T12:53:18Z,391,50000.0,0,0,0,0,True,True,1.4210854715202004e-14,1432.692395345246,1432.4519769998003,1432.4519769998003,0.0,1446.1779394996483,1452.0979785991588,1454.8983509994289,1.0156698963455943,0,0,0,89.25659008669962,0.0,7.865756700100168,0.005490192260149954,0.446787152618239,1.003635454780634,89.25659008669962,0.80724,560.1827265799911,1181.7660273399997,0.4740216875593293,1258,0,0,0,0,True,True,1269.0,1.0,2.0,10.748967408585056,10.761292356185974,1.001146616891877,3.3728394428803288,0.3137826467113936,-0.26219361925546686,0.8164350456945351,12702.764512450693,0.25405529024901385,13656.080000000002,0.2731216,0.12042771741721277,2.109608117613476,0.3912992393245262,0.17253587493242697,0.023635320546799996,0.006004678221645754,,1258,1258,1258,0,0,0,1269.0,12,12.0,2.0,0,13656.080000000002,0.0,0.0,1258,39.625,42.156,44.0666000788022,2.530999999999999,1267.0,1267.0,3199.0,3199.0,305.0,815.0,48.406,1.0738166190615182,1.0,1.0,0.2731216,24,8,-16,0.10562868910512932,-0.10562868910512911,0.18911787342231848,0.07544627240147904,0.07619365268785337,0.08348918431718926,0.008042911915710084
fixed_2026-03,Ergebnisse_13.03.2026 (feste Reihenfolge),resnet50_fp32_medium_BS32,resnet50,fp32,medium,32,123,Orin,2.6.0,0.21.0,2026-03-11T16:30:10Z,1563,50000.0,0,0,0,0,True,True,1.4210854715202004e-14,425.97899422126164,425.638112006709,425.638112006709,0.0,438.11881920846645,446.13167680916376,452.0065920078196,1.0619504674447362,0,0,0,75.09704400854955,0.0,6.771396103201974,0.015896079842107853,0.1177435638594072,1.0026883443087486,75.09704400854955,0.80724,665.805167967832,1396.2459654079867,0.4768537811124718,1417,0,0,0,0,True,True,1435.0,1.0,2.0,8.863929428369795,8.866525087108014,1.000292833867778,1.363464885357778,0.15382172166148878,0.6529545001065058,0.9780586795599899,12376.225702022448,0.24752451404044895,12723.4635,0.25446926999999997,0.11803300043821521,2.097078894220066,0.10839856369481866,0.05027957881158865,0.027924919308159733,0.006912102081370988,,1417,1417,1417,0,0,0,1435.0,19,19.0,2.0,0,12723.4635,0.0,0.0,1417,49.718,52.531,54.013777003484314,2.8129999999999953,729.0,1192.0,2133.0,2133.0,805.0,815.0,55.593,1.027755879373796,1.0,1.0,0.25446926999999997,random_2026-03,Ergebnisse_23.03.2026 (zufällige Reihenfolge),123,Orin,2.6.0,0.21.0,2026-03-20T03:48:39Z,1563,50000.0,0,0,0,0,True,True,1.4210854715202004e-14,386.7724341527611,385.8615049975924,385.8615049975924,0.0,399.79570433497423,407.6073573739268,510.4344980209135,1.3228437960508612,0,0,0,82.70952232112013,0.0,7.947491642561394,0.020548237001353675,0.06635553290975565,1.006663875779597,82.70952232112013,0.80724,604.5253145807656,1323.1907221529982,0.4568693722376821,1346,0,0,0,0,True,True,1360.0,1.0,2.0,10.29472808320951,10.300179779411765,1.0005295619425973,1.5451070612870166,0.15008721442648443,0.46733739267179336,0.9792129877751735,13621.888686790742,0.27243777373581485,14008.2445,0.28016489,0.12446847466051342,2.188809451380249,0.10836005646944055,0.04814097491972804,0.026463814443059962,0.007209742691424959,,1346,1346,1346,0,0,0,1360.0,15,15.0,2.0,0,14008.2445,0.0,0.0,1346,37.75,41.687,43.20852647058823,3.9369999999999976,1190.0,1190.0,3199.0,3199.0,807.0,815.0,44.718,1.027818573113261,1.0,1.0,0.28016489,22,43,21,0.09655354108391007,-0.09655354108391011,0.1496417592485786,0.09590061103162954,0.0961982405588006,0.05308821816466845,-0.04281239286696104
fixed_2026-03,Ergebnisse_13.03.2026 (feste Reihenfolge),resnet50_fp32_medium_BS64,resnet50,fp32,medium,64,123,Orin,2.6.0,0.21.0,2026-03-11T16:53:42Z,782,50000.0,0,0,0,0,True,True,1.4210854715202004e-14,810.4246539947138,810.8364480140153,810.8105280116433,0.025920002372004092,822.292761602148,827.4547324937885,830.6271680048667,1.0244077829003924,0,0,0,78.89520464446316,0.0,19.162210280604505,0.023644653683906183,0.08311058548754723,0.9958963779508874,78.89520464446316,0.80724,633.7520794238662,1352.4146086719993,0.46860783324884203,1392,0,0,0,0,True,True,1409.0,1.0,2.0,8.794617816091954,8.79849645138396,1.0004410237457857,2.18924081833408,0.24892961401100525,-0.5032803783037986,0.917904519909808,11893.969612169793,0.23787939224339585,12397.0815,0.24794163,0.11147214657372914,2.133980546306779,0.20093800970363535,0.09033977581706246,0.027048292173439986,0.006434231303439704,,1392,1392,1392,0,0,0,1409.0,18,18.0,2.0,0,12397.0815,0.0,0.0,1392,51.875,52.781,54.17134918381831,0.9059999999999988,729.0,1192.0,2133.0,2133.0,805.0,815.0,57.187,1.041840269223034,1.0,1.0,0.24794163,random_2026-03,Ergebnisse_23.03.2026 (zufällige Reihenfolge),123,Orin,2.6.0,0.21.0,2026-03-17T18:12:32Z,782,50000.0,0,0,0,0,True,True,0.0,731.8479658655368,732.6261410053121,732.5906680052867,0.03547300002537668,743.1371085942374,746.4671997941332,750.244664013735,1.0240484498468028,0,0,0,87.36598570744502,0.0,19.70313049777937,0.026922436649088735,0.06294255636290962,0.9956236568021357,87.36598570744502,0.80724,572.3051093068498,1262.477333197996,0.45331911651604634,1299,0,0,0,0,True,True,1312.0,1.0,2.0,10.335015396458815,10.339157393292682,1.0004007731653004,2.4157470782003743,0.23374392640267425,-0.36884352166329865,0.9102030049874879,13047.722676281552,0.260954453525631,13564.974499999998,0.27129949,0.11829564232316675,2.205951532962988,0.19854997989685755,0.08657442520496669,0.02524954666395992,0.006588981651463581,,1299,1299,1299,0,0,0,1312.0,14,14.0,2.0,0,13564.974499999998,0.0,0.0,1299,37.75,41.812,42.97667911585365,4.061999999999998,1190.0,1192.0,3199.0,3199.0,807.0,815.0,44.875,1.0392265789648338,1.0,1.0,0.27129949,23,15,-8,0.10198557899471318,-0.10198557899471314,0.1613977603065967,0.09258209458207091,0.09002998426573966,0.05941218131188343,-0.03316991327018756
fixed_2026-03,Ergebnisse_13.03.2026 (feste Reihenfolge),resnet50_fp32_slow_BS128,resnet50,fp32,slow,128,123,Orin,2.6.0,0.21.0,2026-03-09T16:59:07Z,391,50000.0,0,0,0,0,True,True,2.1316282072803006e-14,2724.743850475662,2720.5759360003867,2720.5759360003867,0.0,2753.009552000549,2755.91344960103,2757.351711999945,1.0135176436404212,0,0,0,46.93183831916484,0.0,22.690987199579535,0.008327750586763721,0.47791411534322764,0.9993723933415815,46.93183831916484,0.80724,1065.3748455359837,2083.7970808320006,0.5112661186331109,2219,0,0,0,0,True,True,2245.0,1.0,2.0,6.814451104100947,6.8170759465478845,1.000385187655886,1.850125414490572,0.2715002846490694,0.3749436041820767,0.8527543864878117,14199.933318197956,0.28399866636395915,15304.335500000001,0.30608671000000004,0.14519889584888118,1.9559285537511026,0.8340078807848275,0.3956297985600951,0.04167594161664001,0.011835911838587987,,2219,2219,2219,0,0,0,2245.0,27,27.0,2.0,0,15304.335500000001,0.0,0.0,2219,49.468,49.531,50.79890734966592,0.06299999999999528,729.0,729.0,2133.0,2133.0,407.0,408.0,54.187,1.0773601809172493,1.0,1.0,0.30608671000000004,random_2026-03,Ergebnisse_23.03.2026 (zufällige Reihenfolge),123,Orin,2.6.0,0.21.0,2026-03-21T11:04:29Z,391,50000.0,0,0,0,0,True,True,2.1316282072803006e-14,2694.723439253563,2690.974147990346,2690.974147990346,0.0,2723.5151329950895,2727.398009307217,2730.132266995497,1.0145516518746176,0,0,0,47.45467976004407,0.0,31.963624442594092,0.011861560254008108,0.3530816978733786,0.9972415975798692,47.45467976004407,0.80724,1053.6368647481431,2038.4595013220096,0.5168789784956846,2177,0,0,0,0,True,True,2200.0,1.0,2.0,8.124100137804316,8.12210909090909,0.9997549209313705,1.9073702359505011,0.2347792621455799,0.3611477018975747,0.8742148981534709,16560.649115598655,0.3312129823119731,17868.64,0.3573728,0.17119702796192193,1.934688856781102,0.9630208607116757,0.46132864397953866,0.040769190026440194,0.013503285015100806,,2177,2177,2177,0,0,0,2200.0,24,24.0,2.0,0,17868.64,0.0,0.0,2177,40.75,40.062,41.14883704545454,-0.6880000000000024,729.0,729.0,3199.0,3199.0,407.0,408.0,43.687,1.0792463615653025,1.0,1.0,0.3573728,6,52,46,0.011078844719346987,-0.011078844719347185,0.17578945022556466,0.1537920772961141,0.15491106680003977,0.16471060550621766,0.010918528210103334
fixed_2026-03,Ergebnisse_13.03.2026 (feste Reihenfolge),resnet50_fp32_slow_BS32,resnet50,fp32,slow,32,123,Orin,2.6.0,0.21.0,2026-03-09T15:45:37Z,1563,50000.0,0,0,0,0,True,True,7.105427357601002e-15,718.1932047600749,717.1761919998971,717.1761919998971,0.0,726.5279103999092,733.8991475196598,902.2942719993808,1.258120782681406,0,0,0,44.54200215725865,0.0,10.327777202827852,0.014380221275245884,0.48477900358207204,1.0073122629128373,44.54200215725865,0.80724,1122.535979039997,2101.6679957120004,0.5341167022242758,2135,0,0,0,0,True,True,2160.0,1.0,2.0,6.982431850117096,6.984035416666667,1.0002296573148142,0.9465381698332906,0.13555995821390182,0.17040784082782304,0.9895615712370452,14674.753551631233,0.2934950710326247,15085.516500000002,0.30171033,0.15676061945902503,1.8722500079769082,0.21668630881191978,0.11258441166945174,0.04203335991424001,0.01233658395376975,,2135,2135,2135,0,0,0,2160.0,26,26.0,2.0,0,15085.516500000002,0.0,0.0,2135,49.0,50.343,51.4569724537037,1.3430000000000035,729.0,729.0,2133.0,2133.0,407.0,408.0,52.468,1.0277550994767077,1.0,1.0,0.30171033,random_2026-03,Ergebnisse_23.03.2026 (zufällige Reihenfolge),123,Orin,2.6.0,0.21.0,2026-03-21T13:24:11Z,1563,50000.0,0,0,0,0,True,True,7.105427357601002e-15,711.5430267934297,711.1175539903343,711.1175539903343,0.0,719.8726091126446,724.8595489852596,727.890515991021,1.0235867641103324,0,0,0,44.95829777141335,0.0,7.530457706193799,0.010583278062789574,0.3442294642314345,0.9999397741472523,44.95829777141335,0.80724,1112.1417508781306,2088.0678198340465,0.5326176383325137,2128,0,0,0,0,True,True,2150.0,1.0,2.0,8.15822885338346,8.16117488372093,1.000361111509669,1.0216297312300313,0.1252269027494039,0.1626875128640689,0.9901717157936969,17034.93513559161,0.3406987027118322,17546.525999999998,0.35093051999999997,0.18146213842132727,1.8775194962200987,0.24970216439499218,0.12911811922071953,0.04176135639668093,0.014228039947835669,,2128,2128,2128,0,0,0,2150.0,23,23.0,2.0,0,17546.525999999998,0.0,0.0,2128,38.593,40.968,41.30390534883721,2.375,729.0,729.0,3199.0,3199.0,407.0,408.0,42.156,1.029660042445784,1.0,1.0,0.35093051999999997,4,54,50,0.009302731201914827,-0.009302731201914778,0.1556298344435587,0.14913767157447727,0.15112087026404666,0.146327103241644,-0.0028105683328334703
fixed_2026-03,Ergebnisse_13.03.2026 (feste Reihenfolge),resnet50_fp32_slow_BS64,resnet50,fp32,slow,64,123,Orin,2.6.0,0.21.0,2026-03-09T16:21:39Z,782,50000.0,0,0,0,0,True,True,2.1316282072803006e-14,1366.688018168744,1365.7949440002994,1365.7838400004039,0.01110399989556754,1383.2394048010428,1387.2151296008997,1389.349407998452,1.0172459739301447,0,0,0,46.78362440866643,0.0,36.338314894490914,0.026588595503443016,0.16586989733412816,0.9940012495085903,46.78362440866643,0.80724,1068.750030207958,2067.921393664001,0.5168233345244893,2134,0,0,0,0,True,True,2158.0,1.0,2.0,6.910101686972821,6.912541473586655,1.0003530753561027,1.4371917101380751,0.20798416220813684,-0.5081115108473457,0.9418415868685472,14289.5471108848,0.285790942217696,14917.264500000001,0.29834529000000004,0.14770342773384526,1.9348971557564532,0.40774493312007926,0.2018645049262993,0.041358427873280014,0.011819864070547317,,2134,2134,2134,0,0,0,2158.0,25,25.0,2.0,0,14917.264500000001,0.0,0.0,2134,50.406,49.531,50.77996153846154,-0.875,729.0,729.0,2133.0,2133.0,407.0,408.0,53.468,1.0435599760281,1.0,1.0,0.29834529000000004,random_2026-03,Ergebnisse_23.03.2026 (zufällige Reihenfolge),123,Orin,2.6.0,0.21.0,2026-03-17T19:42:18Z,782,50000.0,0,0,0,0,True,True,1.4210854715202004e-14,1352.9352024232746,1351.911771009327,1351.9108270047582,0.0009440045687370002,1367.991572993924,1372.8410183168307,1374.5945999980904,1.016778335299077,0,0,0,47.25918788372807,0.0,35.80535177541257,0.02646494208390819,0.17280307640423093,0.9931976134923414,47.25918788372807,0.80724,1057.9953282950007,2042.2241604500014,0.5180603328392084,2107,0,0,0,0,True,True,2129.0,1.0,2.0,8.082074988134789,8.08278276186003,1.0000875732687806,1.5341002906839187,0.1898151517940771,-0.5504753191426228,0.9443377925239714,16505.408807337524,0.3301081761467505,17208.2445,0.34416489,0.1710159516075296,1.9302771059879085,0.4656327951191341,0.231373501105742,0.040844483209000026,0.013483097857779573,,2107,2107,2107,0,0,0,2129.0,23,23.0,2.0,0,17208.2445,0.0,0.0,2107,39.093,39.375,39.95096265852512,0.2819999999999965,729.0,729.0,3199.0,3199.0,407.0,408.0,42.0,1.0424908495504615,1.0,1.0,0.34416489,5,19,14,0.010113851707417913,-0.010113851707417867,0.1566642914400267,0.14415983498571983,0.14286936691022467,0.1465504397326088,0.0023906047468887598
fixed_2026-03,Ergebnisse_13.03.2026 (feste Reihenfolge),resnet50_fp64_fast_BS128,resnet50,fp64,fast,128,123,Orin,2.6.0,0.21.0,2026-03-13T16:11:55Z,391,50000.0,0,0,0,0,True,True,8.881784197001252e-16,57309.47842397947,52906.25372802606,52906.25372802606,0.0,55877.976288000355,179437.34819520722,639061.2622079789,12.079125191762511,5,3,1,2.355369629171837,5.558273865832564,38097.637201818034,0.6647702657485223,0.14092809059360706,0.8230467676856286,2.2313453440566637,0.80724,22408.00606377597,24597.595435391995,0.9109836009228139,26983,0,0,0,0,True,True,27263.0,1.0,2.0,6.48124085535337,6.4819847045446215,1.000114769564633,1.3531174522505236,0.20877444342048743,0.5421952353799244,0.9587491830209678,159422.94047931617,3.1884588095863236,176718.34900000002,3.53436698,2.9046336877510175,1.0977146009950276,202.55272818273548,166.46304165773086,0.4919519087078399,1.568568397212319,,26983,26983,26983,0,0,0,27263.0,281,281.0,2.0,0,176718.34900000002,0.0,0.0,26983,39.0,37.343,38.89321811612809,-1.6569999999999965,1190.0,1190.0,2133.0,2133.0,815.0,815.0,40.656,1.1083603708992187,1.0,1.0,3.53436698,random_2026-03,Ergebnisse_23.03.2026 (zufällige Reihenfolge),123,Orin,2.6.0,0.21.0,2026-03-17T17:29:46Z,391,50000.0,0,0,0,0,True,True,4.440892098500626e-16,104853.7061534859,104760.26792199993,104760.26792199993,0.0,105509.37410500774,106281.87700010458,107780.69276899625,1.0288317785636554,0,0,0,1.2195776624669272,0.0,1907.0228401983154,0.0181874624193712,0.14546031926481667,0.9951870763892462,1.2195776624669272,0.80724,40997.799106012986,42301.945166825,0.9691705415514845,47074,0,0,0,0,True,True,47571.0,1.0,2.0,6.292854569401367,6.292987786676757,1.0000211696097407,0.8897177525174924,0.14138539874156514,0.7073127663940308,1.003187093165046,266199.9889376208,5.323999778752415,299363.722,5.98727444,5.159863748793462,1.0318101480872113,627.7879147920369,541.0308373080138,0.8460389033364999,4.504310934179461,,47074,47074,47074,0,0,0,47571.0,498,498.0,2.0,0,299363.722,0.0,0.0,47074,36.0,37.593,37.21931521304996,1.5930000000000035,729.0,729.0,3199.0,3199.0,407.0,408.0,39.312,1.1245582162332153,1.0,1.0,5.98727444,45,13,-32,-0.6041000763569104,0.6041000763569103,-0.02949718767789006,0.5126871907163537,0.5271020790337272,0.5746028886790205,0.06191569796266666
fixed_2026-03,Ergebnisse_13.03.2026 (feste Reihenfolge),resnet50_fp64_fast_BS32,resnet50,fp64,fast,32,123,Orin,2.6.0,0.21.0,2026-03-13T02:00:28Z,1563,50000.0,0,0,0,0,True,True,8.881784197001252e-16,13888.384969888188,13890.407743980177,13890.407743980177,0.0,13897.049155208513,14011.313512983033,14022.187935945112,1.0094871363313325,0,0,0,2.3033465262598707,0.0,186.0906341141691,0.013399011801418064,0.071978259717214,0.9969202879942657,2.3033465262598707,0.80724,21707.545707935238,22398.01036943996,0.9691729466092758,22871,0,0,0,0,True,True,23109.0,1.0,2.0,7.099097634559048,7.099572309489809,1.0000668641220611,1.0004840374883548,0.14093115618214747,0.45266116406834195,0.998874847999222,159005.66243252024,3.1801132486504047,164064.0165,3.28128033,3.0820797277457097,1.0318075875916417,45.57168441716175,42.80510976682059,0.44796020738879916,1.424564190385303,,22871,22871,22871,0,0,0,23109.0,239,239.0,2.0,0,164064.0165,0.0,0.0,22871,40.156,38.156,38.97659673720196,-2.0,1190.0,1190.0,2133.0,2133.0,815.0,815.0,40.562,1.0317434280470787,1.0,1.0,3.28128033,random_2026-03,Ergebnisse_23.03.2026 (zufällige Reihenfolge),123,Orin,2.6.0,0.21.0,2026-03-20T03:25:50Z,1563,50000.0,0,0,0,0,True,True,4.440892098500626e-16,27588.35878793344,27593.28752401052,27593.28752401052,0.0,27596.355974604372,27829.476996962912,27903.076183982197,1.0112269572700285,0,0,0,1.1595384677157163,0.0,358.780645886775,0.013004783961403968,0.042576231576345186,0.9968424860842026,1.1595384677157163,0.80724,43120.60478553997,44135.81007540203,0.9769981498441362,45065,0,0,0,0,True,True,45542.0,1.0,2.0,6.610707000998559,6.610888114268149,1.0000273969591396,0.7581217136398334,0.11468088262349514,0.13598878060045194,0.9988821524670898,291768.9086602029,5.835378173204059,301073.0665,6.02146133,5.701153678861221,1.0235433917244707,166.12223559970687,157.28547319757004,0.8827162015080405,5.1509828554136154,,45065,45065,45065,0,0,0,45542.0,478,478.0,2.0,0,301073.0665,0.0,0.0,45065,39.0,37.906,38.75864566773527,-1.0940000000000012,729.0,729.0,3199.0,3199.0,407.0,408.0,40.062,1.0318605214721475,1.0,1.0,6.02146133,43,42,-1,-0.6863410235619083,0.6863410235619083,-0.07127707479837715,0.6070222658719003,0.6070962849662517,0.6150639487635311,0.008041682891630982
fixed_2026-03,Ergebnisse_13.03.2026 (feste Reihenfolge),resnet50_fp64_fast_BS64,resnet50,fp64,fast,64,123,Orin,2.6.0,0.21.0,2026-03-13T08:37:37Z,782,50000.0,0,0,0,0,True,True,8.881784197001252e-16,27779.535596849648,27801.6064640251,27801.588688016636,0.017776008462533355,27813.3602399932,28028.407982401546,28054.709664022084,1.0091039055719495,0,0,0,2.3016446298361513,0.0,749.2703679777652,0.02697202641727159,0.01722568319917379,0.990545617546417,2.3016446298361513,0.80724,21723.596836736426,22419.182798144,0.9689736255031937,23582,0,0,0,0,True,True,23828.0,1.0,2.0,7.22462416249682,7.225416820547255,1.0001097161641361,1.2528630513888908,0.17341567162656432,0.016722153424913705,0.9959581523862073,161970.1697469042,3.239403394938084,172167.232,3.44334464,3.1388964520605094,1.0320198338532631,95.65451499910144,87.19708572483998,0.44838365596288,1.4524955373609032,,23582,23582,23582,0,0,0,23828.0,247,247.0,2.0,0,172167.232,0.0,0.0,23582,38.156,39.031,39.041159979855635,0.875,1190.0,1190.0,2133.0,2133.0,815.0,815.0,40.656,1.0628398106452226,1.0,1.0,3.44334464,random_2026-03,Ergebnisse_23.03.2026 (zufällige Reihenfolge),123,Orin,2.6.0,0.21.0,2026-03-18T22:32:24Z,782,50000.0,0,0,0,0,True,True,4.440892098500626e-16,55179.904938370426,55221.7783019878,55221.7783019878,0.0,55222.824949598005,55757.79163101863,57362.22387000453,1.0387608953176302,0,0,0,1.1587301391193632,0.0,1512.311568635197,0.027406925951109815,0.02830997310115595,0.989250457517837,1.1587301391193632,0.80724,43150.68566180568,44171.507465473,0.9768895864723373,46463,0,0,0,0,True,True,46954.0,1.0,2.0,6.6724464627768345,6.672473942582101,1.000004118400263,0.9591279340988625,0.14374456797060725,0.10657292438346597,0.9975623659509069,294732.01874351583,5.894640374870317,313299.3415,6.265986829999999,5.758412798210207,1.0236571398115903,345.75655762448105,317.7486708011349,0.88343014930946,5.207503026497255,,46463,46463,46463,0,0,0,46954.0,492,492.0,2.0,0,313299.3415,0.0,0.0,46463,38.031,37.156,37.91217574647527,-0.875,729.0,729.0,3199.0,3199.0,407.0,408.0,38.906,1.0629929267571852,1.0,1.0,6.265986829999999,44,37,-7,-0.6862992260220733,0.6862992260220733,-0.07950863491238123,0.5986543515333064,0.5986928126105183,0.6067905911096921,0.008136239576385845
fixed_2026-03,Ergebnisse_13.03.2026 (feste Reihenfolge),resnet50_fp64_medium_BS128,resnet50,fp64,medium,128,123,Orin,2.6.0,0.21.0,2026-03-12T13:08:03Z,391,50000.0,0,0,0,0,True,True,8.881784197001252e-16,52868.613183508656,52772.71603199188,52772.71603199188,0.0,53514.458831981756,54264.34652478493,70970.77187200193,1.3448383408763351,0,0,0,2.4187742055536128,0.0,1317.732565693438,0.024924666760589045,0.08902623741649271,0.9914987628393166,2.4187742055536128,0.80724,20671.627754751884,21598.414049760002,0.9570900764809435,23954,0,0,0,0,True,True,24269.0,1.0,2.0,6.63943107622944,6.639403374675513,0.9999958277217417,1.4023022714562385,0.21120819771392396,0.5102314540128002,0.9892259845046509,143401.1814392471,2.868023628784942,161131.68050000002,3.2226336100000004,2.7449569542229333,1.0448337356885247,170.3761697592641,145.12206741819435,0.4319682809952,1.238895236779847,,23954,23954,23954,0,0,0,24269.0,316,316.0,2.0,0,161131.68050000002,0.0,0.0,23954,49.218,48.718,50.40568014751329,-0.5,729.0,1193.0,2133.0,2133.0,814.0,815.0,52.062,1.1236473170709342,1.0,1.0,3.2226336100000004,random_2026-03,Ergebnisse_23.03.2026 (zufällige Reihenfolge),123,Orin,2.6.0,0.21.0,2026-03-21T10:12:31Z,391,50000.0,0,0,0,0,True,True,8.881784197001252e-16,55594.583174004016,52907.04227803508,52907.04227803508,0.0,55485.48522000783,111726.42835893395,340488.2570420159,6.435594249489415,4,2,0,2.3545650450612943,2.3646306687573837,21182.699024680143,0.3810209163432519,0.025222042194226326,0.9943859457102723,2.3001744153998387,0.80724,21737.482021035572,24217.59289258998,0.8975905292258314,26590,0,0,0,0,True,True,26879.0,1.0,2.0,7.621344001504324,7.620693813013877,0.9999146884735397,1.579958445894227,0.20730706363370685,0.57292073754309,0.9905596667213244,184570.6063228144,3.691412126456288,204836.629,4.096732579999999,3.313376564176551,1.1140937514820888,227.75614016046202,184.20578898390892,0.48435185785179957,1.787942321545765,,26590,26590,26590,0,0,0,26879.0,290,290.0,2.0,0,204836.629,0.0,0.0,26590,38.062,39.343,39.87548816920272,1.281000000000006,1190.0,1192.0,3199.0,3199.0,814.0,815.0,41.812,1.1098956085030378,1.0,1.0,4.096732579999999,27,50,23,-0.05027593236742405,0.05027593236742391,0.13792645376918763,0.2523859134709633,0.23999080771422507,0.18820238613661164,-0.06418352733435177
fixed_2026-03,Ergebnisse_13.03.2026 (feste Reihenfolge),resnet50_fp64_medium_BS32,resnet50,fp64,medium,32,123,Orin,2.6.0,0.21.0,2026-03-11T23:44:37Z,1563,50000.0,0,0,0,0,True,True,8.881784197001252e-16,13915.298917139047,13917.142847989451,13917.142847989451,0.0,13932.3849407956,14035.669001589997,14056.829983979696,1.0100370555591751,0,0,0,2.298891562893482,0.0,186.71745492192707,0.013418141861972717,0.0750372544926795,0.9968173828957382,2.298891562893482,0.80724,21749.61220748833,22512.11967248001,0.9661290240063974,22924,0,0,0,0,True,True,23226.0,1.0,2.0,7.172471907171523,7.172729075174375,1.0000358548637318,1.0312943377295087,0.14378506476942082,0.4672182215554941,0.9981630285974592,161467.54592174626,3.229350918434925,166593.80550000002,3.3318761100000005,3.119969651001697,1.0350584395582534,46.36405202552447,43.4153103060906,0.4502423934496002,1.4539906868048054,,22924,22924,22924,0,0,0,23226.0,303,303.0,2.0,0,166593.80550000002,0.0,0.0,22924,52.312,50.406,51.13274758890898,-1.9059999999999988,729.0,1193.0,2133.0,2133.0,814.0,815.0,52.875,1.0317109333952534,1.0,1.0,3.3318761100000005,random_2026-03,Ergebnisse_23.03.2026 (zufällige Reihenfolge),123,Orin,2.6.0,0.21.0,2026-03-20T12:03:17Z,1563,50000.0,0,0,0,0,True,True,8.881784197001252e-16,13881.162361249251,13879.254795028828,13879.254795028828,0.0,13914.88809605944,14000.76493928791,15169.928965042343,1.0929930453093057,0,0,0,2.3045449972586307,0.0,181.76832732610558,0.013094604226626677,0.060004872362623855,0.9971450371700096,2.3045449972586307,0.80724,21696.25677063258,22437.483577257022,0.9669647978093335,22902,0,0,0,0,True,True,23151.0,1.0,2.0,8.382722862632084,8.382847673966566,1.000014889116165,1.1554783603771663,0.13784045820338126,0.4656286781253391,0.9993960733989316,188087.20656300435,3.761744131260087,194071.30649999998,3.8814261299999995,3.6374741532943573,1.034163810580807,53.87870630372534,50.49236930672662,0.44874967154514045,1.6880814433398237,,22902,22902,22902,0,0,0,23151.0,250,250.0,2.0,0,194071.30649999998,0.0,0.0,22902,38.125,41.218,41.28171003412379,3.0930000000000035,1190.0,1192.0,3199.0,3199.0,814.0,815.0,43.218,1.0318001981053797,1.0,1.0,3.8814261299999995,25,46,21,0.0024561812174267823,-0.002456181217426679,0.15592243353521307,0.15260155155098384,0.15266710363958433,0.1534662523177861,0.0008647007668022336
fixed_2026-03,Ergebnisse_13.03.2026 (feste Reihenfolge),resnet50_fp64_medium_BS64,resnet50,fp64,medium,64,123,Orin,2.6.0,0.21.0,2026-03-12T06:23:42Z,782,50000.0,0,0,0,0,True,True,8.881784197001252e-16,27842.23617583627,27864.858112006918,27864.84648000624,0.011632000678218901,27880.641302395088,28090.757307528984,28115.047871979183,1.0089786841535884,0,0,0,2.2964613374453835,0.0,761.5219523343528,0.027351321478813643,0.031109531187869906,0.9903932426876217,2.2964613374453835,0.80724,21772.628689503963,22530.091780575982,0.9663799376208021,23630,0,0,0,0,True,True,23942.0,1.0,2.0,7.2813375370291995,7.281027963411578,0.9999574839627957,1.279620562389387,0.17573976702520439,0.04111738915471393,0.9946389478207222,164049.20299462092,3.2809840598924183,174322.3715,3.48644743,3.1706771711336814,1.034789694063775,97.07049276069739,88.27874263603638,0.4506018356115196,1.4784174399996597,,23630,23630,23630,0,0,0,23942.0,313,313.0,2.0,0,174322.3715,0.0,0.0,23630,49.75,49.593,51.37538213181855,-0.15699999999999648,729.0,1193.0,2133.0,2133.0,814.0,815.0,52.687,1.062667663903672,1.0,1.0,3.48644743,random_2026-03,Ergebnisse_23.03.2026 (zufällige Reihenfolge),123,Orin,2.6.0,0.21.0,2026-03-18T02:19:28Z,782,50000.0,0,0,0,0,True,True,8.881784197001252e-16,27753.023885613493,27775.39807799621,27775.373069001944,0.025008994267409435,27792.155798141906,28001.382207410934,28025.041070010047,1.0089879177001464,0,0,0,2.303843328545379,0.0,756.6849558269375,0.027264955305255405,0.026798086820058128,0.9904678561848357,2.303843328545379,0.80724,21702.86467854975,22423.49801293599,0.9678625817448059,23572,0,0,0,0,True,True,23828.0,1.0,2.0,8.505430765314781,8.5060007554138,1.0000670148420163,1.4336537931720899,0.16855745849093762,0.039804448196156986,0.9959896159806093,190721.50986520064,3.814430197304013,202680.986,4.05361972,3.691844258648011,1.0332045259950629,112.5002049123539,102.4598418922233,0.4484699602587198,1.7106573589945915,,23572,23572,23572,0,0,0,23828.0,257,257.0,2.0,0,202680.986,0.0,0.0,23572,38.937,39.375,40.509945484304176,0.4380000000000024,1190.0,1192.0,3199.0,3199.0,815.0,815.0,41.531,1.0626352760061681,1.0,1.0,4.05361972,26,20,-6,0.0032093515417526996,-0.003209351541752781,0.15539030009769378,0.15064789941702467,0.15072695057261537,0.15218094855594103,0.001533049138916532
fixed_2026-03,Ergebnisse_13.03.2026 (feste Reihenfolge),resnet50_fp64_slow_BS128,resnet50,fp64,slow,128,123,Orin,2.6.0,0.21.0,2026-03-11T07:51:34Z,391,50000.0,0,0,0,0,True,True,4.440892098500626e-16,104690.13613086435,104772.29481600809,104772.29481600809,0.0,104778.14680000301,105305.87572160002,105312.7913280041,1.0051587732515088,0,0,0,1.2214831556987737,0.0,1872.416437994239,0.01788531859060426,0.00798362492529475,0.9910847304903055,1.2214831556987737,0.80724,40933.84322716796,42044.84334822399,0.9735758292198998,46759,0,0,0,0,True,True,47318.0,1.0,2.0,5.207416048247397,5.206984900038041,0.9999172049620462,0.808787382647988,0.1553145312674206,0.7090153991400928,0.9953913367350984,218944.99199758942,4.378899839951789,246384.1115,4.92768223,4.263191042751949,1.0271413586769849,515.8797234683412,446.31405061758306,0.8408968669644798,3.6822031561667212,,46759,46759,46759,0,0,0,47318.0,560,560.0,2.0,0,246384.1115,0.0,0.0,46759,47.062,46.875,47.45490093621876,-0.1869999999999976,729.0,729.0,2133.0,2133.0,407.0,408.0,48.875,1.1254174408048723,1.0,1.0,4.92768223,random_2026-03,Ergebnisse_23.03.2026 (zufällige Reihenfolge),123,Orin,2.6.0,0.21.0,2026-03-19T12:43:24Z,391,50000.0,0,0,0,0,True,True,4.440892098500626e-16,107584.46229274933,104772.11856798384,104772.11856798384,0.0,105513.12048500404,119597.93238722526,583201.2454899959,5.566378283279365,3,2,0,1.2145970731549967,2.1853264998628497,32887.61380258936,0.3056911109812353,-0.0053720653380105446,1.1189683982532521,1.188621805848638,0.80724,42065.52475646499,43592.29254754301,0.9649761987302484,48350,0,0,0,0,True,True,48869.0,1.0,2.0,6.282591478800414,6.282539687736602,0.9999917564170794,0.8784569125027213,0.13982397478284744,0.7135941511536379,0.9982896731855087,273872.5657005685,5.47745131401137,307021.432,6.14042864,5.285610147724696,1.0362949897788538,660.6147134813981,568.6495256320607,0.8718458509508602,4.7754932019061505,,48350,48350,48350,0,0,0,48869.0,520,520.0,2.0,0,307021.432,0.0,0.0,48350,38.125,39.187,37.2364390104156,1.0619999999999976,729.0,729.0,3199.0,3199.0,407.0,408.0,40.531,1.1210467985069164,1.0,1.0,6.14042864,9,39,30,-0.02727133216300847,0.02727133216300853,0.18769877851390232,0.22384238934392456,0.2200258091938614,0.21497011067691105,-0.00887227866701364
fixed_2026-03,Ergebnisse_13.03.2026 (feste Reihenfolge),resnet50_fp64_slow_BS32,resnet50,fp64,slow,32,123,Orin,2.6.0,0.21.0,2026-03-10T05:39:15Z,1563,50000.0,0,0,0,0,True,True,4.440892098500626e-16,27602.15505216125,27608.29187199852,27608.29187199852,0.0,27613.348473601218,27843.177868161438,27924.493471997263,1.0114531388419379,0,0,0,1.1589589006836245,0.0,364.5370936572769,0.01320683450145077,0.03889133854144373,0.9967775762038146,1.1589589006836245,0.80724,43142.16834652804,44198.416271616,0.9761021318366495,45060,0,0,0,0,True,True,45603.0,1.0,2.0,5.485116267199291,5.485655362585795,1.0000982833107346,0.6847244059500148,0.12483316170427071,0.15055185105641503,0.9976669939621757,242433.45207588674,4.848669041517735,250162.3415,5.00324683,4.732796187995826,1.024482958682186,138.10039476589426,130.6353742113385,0.88396832543232,4.286069853205964,,45060,45060,45060,0,0,0,45603.0,544,544.0,2.0,0,250162.3415,0.0,0.0,45060,49.468,47.562,48.071233855228826,-1.906000000000006,729.0,729.0,2133.0,2133.0,407.0,408.0,49.718,1.0317790510807514,1.0,1.0,5.00324683,random_2026-03,Ergebnisse_23.03.2026 (zufällige Reihenfolge),123,Orin,2.6.0,0.21.0,2026-03-21T01:07:19Z,1563,50000.0,0,0,0,0,True,True,4.440892098500626e-16,27600.318679988257,27606.445823039398,27606.445823039398,0.0,27611.38807387324,27841.839350551603,27918.86329499539,1.0113168306401565,0,0,0,1.1590360113829443,0.0,362.856988018063,0.013146840521126092,0.040337601145982026,0.9968252270087202,1.1590360113829443,0.80724,43139.29809682164,44146.79309580801,0.9771785235498333,45071,0,0,0,0,True,True,45548.0,1.0,2.0,6.618704998779704,6.6184959493281825,0.9999684153544295,0.7674527587065688,0.11595210223874076,0.14268268496163855,0.9989972015472418,292194.60014331783,5.843892002866356,301459.25350000005,6.029185070000001,5.710525759145624,1.0233544597022683,166.40742931262736,157.6123307827011,0.8829358619161602,5.159781822495763,,45071,45071,45071,0,0,0,45548.0,478,478.0,2.0,0,301459.25350000005,0.0,0.0,45071,40.062,38.343,39.20391452972687,-1.718999999999994,729.0,729.0,3199.0,3199.0,407.0,408.0,40.5,1.031739721187699,1.0,1.0,6.029185070000001,7,48,41,6.653224210866406e-05,-6.653224210865942e-05,0.18786144048910422,0.18669277085657615,0.18652478798184846,0.1877949082469955,0.0011021373904194188
fixed_2026-03,Ergebnisse_13.03.2026 (feste Reihenfolge),resnet50_fp64_slow_BS64,resnet50,fp64,slow,64,123,Orin,2.6.0,0.21.0,2026-03-10T18:42:57Z,782,50000.0,0,0,0,0,True,True,4.440892098500626e-16,55189.564380194184,55236.8995519937,55236.89503999776,0.004511995939537883,55241.0822047932,55771.8459907193,55793.173663987545,1.0100706976044198,0,0,0,1.158527334721576,0.0,1501.728755499428,0.027210375228805966,0.004971993444746459,0.99037575850608,1.158527334721576,0.80724,43158.23934531185,44226.701279712,0.9758412474029511,46456,0,0,0,0,True,True,47017.0,1.0,2.0,5.554828159979335,5.554611417146989,0.9999609811813969,0.8698140010919331,0.1565870223238677,0.12103918870561903,0.997150001193512,245671.7256915383,4.913434513830766,261161.165,5.2232233,4.7947320650093275,1.0247568471422412,288.26741858748034,264.6191739876137,0.88453402559424,4.346100010012405,,46456,46456,46456,0,0,0,47017.0,562,562.0,2.0,0,261161.165,0.0,0.0,46456,47.031,47.25,48.38642298530319,0.2190000000000012,729.0,729.0,2133.0,2133.0,407.0,408.0,49.75,1.06309081707543,1.0,1.0,5.2232233,random_2026-03,Ergebnisse_23.03.2026 (zufällige Reihenfolge),123,Orin,2.6.0,0.21.0,2026-03-17T04:16:56Z,782,50000.0,0,0,0,0,True,True,4.440892098500626e-16,55185.15987255367,55232.82207499869,55232.81933949693,0.002735501759161707,55237.043752097634,55764.785525158004,55784.13490199455,1.0099816161167223,0,0,0,1.1586198005676354,0.0,1508.850847641401,0.02734160508234439,0.004866186860906712,0.9903382136706216,1.1586198005676354,0.80724,43154.79502033697,44170.712141613,0.9770002095954676,46462,0,0,0,0,True,True,46953.0,1.0,2.0,6.661767508932029,6.661303910293272,0.9999304090636403,0.9525187345012198,0.1429828845308835,0.10735748991217188,0.9961088649376993,294255.01499138697,5.885100299827739,312768.2025,6.25536405,5.749744226422051,1.0235412338489216,345.2032651602748,317.30055436139327,0.8834142428322601,5.198981425364229,,46462,46462,46462,0,0,0,46953.0,492,492.0,2.0,0,312768.2025,0.0,0.0,46462,38.656,36.125,37.4011732690137,-2.530999999999999,729.0,729.0,3199.0,3199.0,407.0,408.0,39.437,1.06298942723556,1.0,1.0,6.25536405,8,12,4,7.981007740092409e-05,-7.981007740079584e-05,0.1817173527577088,0.18045059294157734,0.18032464191684672,0.18163754268030805,0.0011869497387308674
