dataset,file_type,schema,path
fixed_2026-03,bench_meta.json,batch|cuda_device|device_type|git_commit|git_status|imgsz|iters|measure_accuracy|metrics|model|precision|pretrained|seed|timestamp|torch_version|torchvision_version|warmup :: metrics=duration_s|iterations|latency_avg_ms|latency_p50_ms|throughput_img_s|top1,Ergebnisse_13.03.2026 (feste Reihenfolge)/mobilenet_v2_fp16_fast_BS128_bench_meta.json
fixed_2026-03,perf.csv,iter|batch|latency_ms|img_per_s|acc_top1,Ergebnisse_13.03.2026 (feste Reihenfolge)/mobilenet_v2_fp16_fast_BS128_perf.csv
fixed_2026-03,tegrastats_power.csv,sample_index|elapsed_s|power_W,Ergebnisse_13.03.2026 (feste Reihenfolge)/mobilenet_v2_fp16_fast_BS128_tegrastats_power.csv
fixed_2026-03,bench_meta.json,batch|cuda_device|device_type|git_commit|git_status|imgsz|iters|measure_accuracy|metrics|model|precision|pretrained|seed|timestamp|torch_version|torchvision_version|warmup :: metrics=duration_s|iterations|latency_avg_ms|latency_p50_ms|throughput_img_s|top1,Ergebnisse_13.03.2026 (feste Reihenfolge)/mobilenet_v2_fp16_fast_BS32_bench_meta.json
fixed_2026-03,perf.csv,iter|batch|latency_ms|img_per_s|acc_top1,Ergebnisse_13.03.2026 (feste Reihenfolge)/mobilenet_v2_fp16_fast_BS32_perf.csv
fixed_2026-03,tegrastats_power.csv,sample_index|elapsed_s|power_W,Ergebnisse_13.03.2026 (feste Reihenfolge)/mobilenet_v2_fp16_fast_BS32_tegrastats_power.csv
fixed_2026-03,bench_meta.json,batch|cuda_device|device_type|git_commit|git_status|imgsz|iters|measure_accuracy|metrics|model|precision|pretrained|seed|timestamp|torch_version|torchvision_version|warmup :: metrics=duration_s|iterations|latency_avg_ms|latency_p50_ms|throughput_img_s|top1,Ergebnisse_13.03.2026 (feste Reihenfolge)/mobilenet_v2_fp16_fast_BS64_bench_meta.json
fixed_2026-03,perf.csv,iter|batch|latency_ms|img_per_s|acc_top1,Ergebnisse_13.03.2026 (feste Reihenfolge)/mobilenet_v2_fp16_fast_BS64_perf.csv
fixed_2026-03,tegrastats_power.csv,sample_index|elapsed_s|power_W,Ergebnisse_13.03.2026 (feste Reihenfolge)/mobilenet_v2_fp16_fast_BS64_tegrastats_power.csv
fixed_2026-03,bench_meta.json,batch|cuda_device|device_type|git_commit|git_status|imgsz|iters|measure_accuracy|metrics|model|precision|pretrained|seed|timestamp|torch_version|torchvision_version|warmup :: metrics=duration_s|iterations|latency_avg_ms|latency_p50_ms|throughput_img_s|top1,Ergebnisse_13.03.2026 (feste Reihenfolge)/mobilenet_v2_fp16_medium_BS128_bench_meta.json
fixed_2026-03,perf.csv,iter|batch|latency_ms|img_per_s|acc_top1,Ergebnisse_13.03.2026 (feste Reihenfolge)/mobilenet_v2_fp16_medium_BS128_perf.csv
fixed_2026-03,tegrastats_power.csv,sample_index|elapsed_s|power_W,Ergebnisse_13.03.2026 (feste Reihenfolge)/mobilenet_v2_fp16_medium_BS128_tegrastats_power.csv
fixed_2026-03,bench_meta.json,batch|cuda_device|device_type|git_commit|git_status|imgsz|iters|measure_accuracy|metrics|model|precision|pretrained|seed|timestamp|torch_version|torchvision_version|warmup :: metrics=duration_s|iterations|latency_avg_ms|latency_p50_ms|throughput_img_s|top1,Ergebnisse_13.03.2026 (feste Reihenfolge)/mobilenet_v2_fp16_medium_BS32_bench_meta.json
fixed_2026-03,perf.csv,iter|batch|latency_ms|img_per_s|acc_top1,Ergebnisse_13.03.2026 (feste Reihenfolge)/mobilenet_v2_fp16_medium_BS32_perf.csv
fixed_2026-03,tegrastats_power.csv,sample_index|elapsed_s|power_W,Ergebnisse_13.03.2026 (feste Reihenfolge)/mobilenet_v2_fp16_medium_BS32_tegrastats_power.csv
fixed_2026-03,bench_meta.json,batch|cuda_device|device_type|git_commit|git_status|imgsz|iters|measure_accuracy|metrics|model|precision|pretrained|seed|timestamp|torch_version|torchvision_version|warmup :: metrics=duration_s|iterations|latency_avg_ms|latency_p50_ms|throughput_img_s|top1,Ergebnisse_13.03.2026 (feste Reihenfolge)/mobilenet_v2_fp16_medium_BS64_bench_meta.json
fixed_2026-03,perf.csv,iter|batch|latency_ms|img_per_s|acc_top1,Ergebnisse_13.03.2026 (feste Reihenfolge)/mobilenet_v2_fp16_medium_BS64_perf.csv
fixed_2026-03,tegrastats_power.csv,sample_index|elapsed_s|power_W,Ergebnisse_13.03.2026 (feste Reihenfolge)/mobilenet_v2_fp16_medium_BS64_tegrastats_power.csv
fixed_2026-03,bench_meta.json,batch|cuda_device|device_type|git_commit|git_status|imgsz|iters|measure_accuracy|metrics|model|precision|pretrained|seed|timestamp|torch_version|torchvision_version|warmup :: metrics=duration_s|iterations|latency_avg_ms|latency_p50_ms|throughput_img_s|top1,Ergebnisse_13.03.2026 (feste Reihenfolge)/mobilenet_v2_fp16_slow_BS128_bench_meta.json
fixed_2026-03,perf.csv,iter|batch|latency_ms|img_per_s|acc_top1,Ergebnisse_13.03.2026 (feste Reihenfolge)/mobilenet_v2_fp16_slow_BS128_perf.csv
fixed_2026-03,tegrastats_power.csv,sample_index|elapsed_s|power_W,Ergebnisse_13.03.2026 (feste Reihenfolge)/mobilenet_v2_fp16_slow_BS128_tegrastats_power.csv
fixed_2026-03,bench_meta.json,batch|cuda_device|device_type|git_commit|git_status|imgsz|iters|measure_accuracy|metrics|model|precision|pretrained|seed|timestamp|torch_version|torchvision_version|warmup :: metrics=duration_s|iterations|latency_avg_ms|latency_p50_ms|throughput_img_s|top1,Ergebnisse_13.03.2026 (feste Reihenfolge)/mobilenet_v2_fp16_slow_BS32_bench_meta.json
fixed_2026-03,perf.csv,iter|batch|latency_ms|img_per_s|acc_top1,Ergebnisse_13.03.2026 (feste Reihenfolge)/mobilenet_v2_fp16_slow_BS32_perf.csv
fixed_2026-03,tegrastats_power.csv,sample_index|elapsed_s|power_W,Ergebnisse_13.03.2026 (feste Reihenfolge)/mobilenet_v2_fp16_slow_BS32_tegrastats_power.csv
fixed_2026-03,bench_meta.json,batch|cuda_device|device_type|git_commit|git_status|imgsz|iters|measure_accuracy|metrics|model|precision|pretrained|seed|timestamp|torch_version|torchvision_version|warmup :: metrics=duration_s|iterations|latency_avg_ms|latency_p50_ms|throughput_img_s|top1,Ergebnisse_13.03.2026 (feste Reihenfolge)/mobilenet_v2_fp16_slow_BS64_bench_meta.json
fixed_2026-03,perf.csv,iter|batch|latency_ms|img_per_s|acc_top1,Ergebnisse_13.03.2026 (feste Reihenfolge)/mobilenet_v2_fp16_slow_BS64_perf.csv
fixed_2026-03,tegrastats_power.csv,sample_index|elapsed_s|power_W,Ergebnisse_13.03.2026 (feste Reihenfolge)/mobilenet_v2_fp16_slow_BS64_tegrastats_power.csv
fixed_2026-03,bench_meta.json,batch|cuda_device|device_type|git_commit|git_status|imgsz|iters|measure_accuracy|metrics|model|precision|pretrained|seed|timestamp|torch_version|torchvision_version|warmup :: metrics=duration_s|iterations|latency_avg_ms|latency_p50_ms|throughput_img_s|top1,Ergebnisse_13.03.2026 (feste Reihenfolge)/mobilenet_v2_fp32_fast_BS128_bench_meta.json
fixed_2026-03,perf.csv,iter|batch|latency_ms|img_per_s|acc_top1,Ergebnisse_13.03.2026 (feste Reihenfolge)/mobilenet_v2_fp32_fast_BS128_perf.csv
fixed_2026-03,tegrastats_power.csv,sample_index|elapsed_s|power_W,Ergebnisse_13.03.2026 (feste Reihenfolge)/mobilenet_v2_fp32_fast_BS128_tegrastats_power.csv
fixed_2026-03,bench_meta.json,batch|cuda_device|device_type|git_commit|git_status|imgsz|iters|measure_accuracy|metrics|model|precision|pretrained|seed|timestamp|torch_version|torchvision_version|warmup :: metrics=duration_s|iterations|latency_avg_ms|latency_p50_ms|throughput_img_s|top1,Ergebnisse_13.03.2026 (feste Reihenfolge)/mobilenet_v2_fp32_fast_BS32_bench_meta.json
fixed_2026-03,perf.csv,iter|batch|latency_ms|img_per_s|acc_top1,Ergebnisse_13.03.2026 (feste Reihenfolge)/mobilenet_v2_fp32_fast_BS32_perf.csv
fixed_2026-03,tegrastats_power.csv,sample_index|elapsed_s|power_W,Ergebnisse_13.03.2026 (feste Reihenfolge)/mobilenet_v2_fp32_fast_BS32_tegrastats_power.csv
fixed_2026-03,bench_meta.json,batch|cuda_device|device_type|git_commit|git_status|imgsz|iters|measure_accuracy|metrics|model|precision|pretrained|seed|timestamp|torch_version|torchvision_version|warmup :: metrics=duration_s|iterations|latency_avg_ms|latency_p50_ms|throughput_img_s|top1,Ergebnisse_13.03.2026 (feste Reihenfolge)/mobilenet_v2_fp32_fast_BS64_bench_meta.json
fixed_2026-03,perf.csv,iter|batch|latency_ms|img_per_s|acc_top1,Ergebnisse_13.03.2026 (feste Reihenfolge)/mobilenet_v2_fp32_fast_BS64_perf.csv
fixed_2026-03,tegrastats_power.csv,sample_index|elapsed_s|power_W,Ergebnisse_13.03.2026 (feste Reihenfolge)/mobilenet_v2_fp32_fast_BS64_tegrastats_power.csv
fixed_2026-03,bench_meta.json,batch|cuda_device|device_type|git_commit|git_status|imgsz|iters|measure_accuracy|metrics|model|precision|pretrained|seed|timestamp|torch_version|torchvision_version|warmup :: metrics=duration_s|iterations|latency_avg_ms|latency_p50_ms|throughput_img_s|top1,Ergebnisse_13.03.2026 (feste Reihenfolge)/mobilenet_v2_fp32_medium_BS128_bench_meta.json
fixed_2026-03,perf.csv,iter|batch|latency_ms|img_per_s|acc_top1,Ergebnisse_13.03.2026 (feste Reihenfolge)/mobilenet_v2_fp32_medium_BS128_perf.csv
fixed_2026-03,tegrastats_power.csv,sample_index|elapsed_s|power_W,Ergebnisse_13.03.2026 (feste Reihenfolge)/mobilenet_v2_fp32_medium_BS128_tegrastats_power.csv
fixed_2026-03,bench_meta.json,batch|cuda_device|device_type|git_commit|git_status|imgsz|iters|measure_accuracy|metrics|model|precision|pretrained|seed|timestamp|torch_version|torchvision_version|warmup :: metrics=duration_s|iterations|latency_avg_ms|latency_p50_ms|throughput_img_s|top1,Ergebnisse_13.03.2026 (feste Reihenfolge)/mobilenet_v2_fp32_medium_BS32_bench_meta.json
fixed_2026-03,perf.csv,iter|batch|latency_ms|img_per_s|acc_top1,Ergebnisse_13.03.2026 (feste Reihenfolge)/mobilenet_v2_fp32_medium_BS32_perf.csv
fixed_2026-03,tegrastats_power.csv,sample_index|elapsed_s|power_W,Ergebnisse_13.03.2026 (feste Reihenfolge)/mobilenet_v2_fp32_medium_BS32_tegrastats_power.csv
fixed_2026-03,bench_meta.json,batch|cuda_device|device_type|git_commit|git_status|imgsz|iters|measure_accuracy|metrics|model|precision|pretrained|seed|timestamp|torch_version|torchvision_version|warmup :: metrics=duration_s|iterations|latency_avg_ms|latency_p50_ms|throughput_img_s|top1,Ergebnisse_13.03.2026 (feste Reihenfolge)/mobilenet_v2_fp32_medium_BS64_bench_meta.json
fixed_2026-03,perf.csv,iter|batch|latency_ms|img_per_s|acc_top1,Ergebnisse_13.03.2026 (feste Reihenfolge)/mobilenet_v2_fp32_medium_BS64_perf.csv
fixed_2026-03,tegrastats_power.csv,sample_index|elapsed_s|power_W,Ergebnisse_13.03.2026 (feste Reihenfolge)/mobilenet_v2_fp32_medium_BS64_tegrastats_power.csv
fixed_2026-03,bench_meta.json,batch|cuda_device|device_type|git_commit|git_status|imgsz|iters|measure_accuracy|metrics|model|precision|pretrained|seed|timestamp|torch_version|torchvision_version|warmup :: metrics=duration_s|iterations|latency_avg_ms|latency_p50_ms|throughput_img_s|top1,Ergebnisse_13.03.2026 (feste Reihenfolge)/mobilenet_v2_fp32_slow_BS128_bench_meta.json
fixed_2026-03,perf.csv,iter|batch|latency_ms|img_per_s|acc_top1,Ergebnisse_13.03.2026 (feste Reihenfolge)/mobilenet_v2_fp32_slow_BS128_perf.csv
fixed_2026-03,tegrastats_power.csv,sample_index|elapsed_s|power_W,Ergebnisse_13.03.2026 (feste Reihenfolge)/mobilenet_v2_fp32_slow_BS128_tegrastats_power.csv
fixed_2026-03,bench_meta.json,batch|cuda_device|device_type|git_commit|git_status|imgsz|iters|measure_accuracy|metrics|model|precision|pretrained|seed|timestamp|torch_version|torchvision_version|warmup :: metrics=duration_s|iterations|latency_avg_ms|latency_p50_ms|throughput_img_s|top1,Ergebnisse_13.03.2026 (feste Reihenfolge)/mobilenet_v2_fp32_slow_BS32_bench_meta.json
fixed_2026-03,perf.csv,iter|batch|latency_ms|img_per_s|acc_top1,Ergebnisse_13.03.2026 (feste Reihenfolge)/mobilenet_v2_fp32_slow_BS32_perf.csv
fixed_2026-03,tegrastats_power.csv,sample_index|elapsed_s|power_W,Ergebnisse_13.03.2026 (feste Reihenfolge)/mobilenet_v2_fp32_slow_BS32_tegrastats_power.csv
fixed_2026-03,bench_meta.json,batch|cuda_device|device_type|git_commit|git_status|imgsz|iters|measure_accuracy|metrics|model|precision|pretrained|seed|timestamp|torch_version|torchvision_version|warmup :: metrics=duration_s|iterations|latency_avg_ms|latency_p50_ms|throughput_img_s|top1,Ergebnisse_13.03.2026 (feste Reihenfolge)/mobilenet_v2_fp32_slow_BS64_bench_meta.json
fixed_2026-03,perf.csv,iter|batch|latency_ms|img_per_s|acc_top1,Ergebnisse_13.03.2026 (feste Reihenfolge)/mobilenet_v2_fp32_slow_BS64_perf.csv
fixed_2026-03,tegrastats_power.csv,sample_index|elapsed_s|power_W,Ergebnisse_13.03.2026 (feste Reihenfolge)/mobilenet_v2_fp32_slow_BS64_tegrastats_power.csv
fixed_2026-03,bench_meta.json,batch|cuda_device|device_type|git_commit|git_status|imgsz|iters|measure_accuracy|metrics|model|precision|pretrained|seed|timestamp|torch_version|torchvision_version|warmup :: metrics=duration_s|iterations|latency_avg_ms|latency_p50_ms|throughput_img_s|top1,Ergebnisse_13.03.2026 (feste Reihenfolge)/mobilenet_v2_fp64_fast_BS128_bench_meta.json
fixed_2026-03,perf.csv,iter|batch|latency_ms|img_per_s|acc_top1,Ergebnisse_13.03.2026 (feste Reihenfolge)/mobilenet_v2_fp64_fast_BS128_perf.csv
fixed_2026-03,tegrastats_power.csv,sample_index|elapsed_s|power_W,Ergebnisse_13.03.2026 (feste Reihenfolge)/mobilenet_v2_fp64_fast_BS128_tegrastats_power.csv
fixed_2026-03,bench_meta.json,batch|cuda_device|device_type|git_commit|git_status|imgsz|iters|measure_accuracy|metrics|model|precision|pretrained|seed|timestamp|torch_version|torchvision_version|warmup :: metrics=duration_s|iterations|latency_avg_ms|latency_p50_ms|throughput_img_s|top1,Ergebnisse_13.03.2026 (feste Reihenfolge)/mobilenet_v2_fp64_fast_BS32_bench_meta.json
fixed_2026-03,perf.csv,iter|batch|latency_ms|img_per_s|acc_top1,Ergebnisse_13.03.2026 (feste Reihenfolge)/mobilenet_v2_fp64_fast_BS32_perf.csv
fixed_2026-03,tegrastats_power.csv,sample_index|elapsed_s|power_W,Ergebnisse_13.03.2026 (feste Reihenfolge)/mobilenet_v2_fp64_fast_BS32_tegrastats_power.csv
fixed_2026-03,bench_meta.json,batch|cuda_device|device_type|git_commit|git_status|imgsz|iters|measure_accuracy|metrics|model|precision|pretrained|seed|timestamp|torch_version|torchvision_version|warmup :: metrics=duration_s|iterations|latency_avg_ms|latency_p50_ms|throughput_img_s|top1,Ergebnisse_13.03.2026 (feste Reihenfolge)/mobilenet_v2_fp64_fast_BS64_bench_meta.json
fixed_2026-03,perf.csv,iter|batch|latency_ms|img_per_s|acc_top1,Ergebnisse_13.03.2026 (feste Reihenfolge)/mobilenet_v2_fp64_fast_BS64_perf.csv
fixed_2026-03,tegrastats_power.csv,sample_index|elapsed_s|power_W,Ergebnisse_13.03.2026 (feste Reihenfolge)/mobilenet_v2_fp64_fast_BS64_tegrastats_power.csv
fixed_2026-03,bench_meta.json,batch|cuda_device|device_type|git_commit|git_status|imgsz|iters|measure_accuracy|metrics|model|precision|pretrained|seed|timestamp|torch_version|torchvision_version|warmup :: metrics=duration_s|iterations|latency_avg_ms|latency_p50_ms|throughput_img_s|top1,Ergebnisse_13.03.2026 (feste Reihenfolge)/mobilenet_v2_fp64_medium_BS128_bench_meta.json
fixed_2026-03,perf.csv,iter|batch|latency_ms|img_per_s|acc_top1,Ergebnisse_13.03.2026 (feste Reihenfolge)/mobilenet_v2_fp64_medium_BS128_perf.csv
fixed_2026-03,tegrastats_power.csv,sample_index|elapsed_s|power_W,Ergebnisse_13.03.2026 (feste Reihenfolge)/mobilenet_v2_fp64_medium_BS128_tegrastats_power.csv
fixed_2026-03,bench_meta.json,batch|cuda_device|device_type|git_commit|git_status|imgsz|iters|measure_accuracy|metrics|model|precision|pretrained|seed|timestamp|torch_version|torchvision_version|warmup :: metrics=duration_s|iterations|latency_avg_ms|latency_p50_ms|throughput_img_s|top1,Ergebnisse_13.03.2026 (feste Reihenfolge)/mobilenet_v2_fp64_medium_BS32_bench_meta.json
fixed_2026-03,perf.csv,iter|batch|latency_ms|img_per_s|acc_top1,Ergebnisse_13.03.2026 (feste Reihenfolge)/mobilenet_v2_fp64_medium_BS32_perf.csv
fixed_2026-03,tegrastats_power.csv,sample_index|elapsed_s|power_W,Ergebnisse_13.03.2026 (feste Reihenfolge)/mobilenet_v2_fp64_medium_BS32_tegrastats_power.csv
fixed_2026-03,bench_meta.json,batch|cuda_device|device_type|git_commit|git_status|imgsz|iters|measure_accuracy|metrics|model|precision|pretrained|seed|timestamp|torch_version|torchvision_version|warmup :: metrics=duration_s|iterations|latency_avg_ms|latency_p50_ms|throughput_img_s|top1,Ergebnisse_13.03.2026 (feste Reihenfolge)/mobilenet_v2_fp64_medium_BS64_bench_meta.json
fixed_2026-03,perf.csv,iter|batch|latency_ms|img_per_s|acc_top1,Ergebnisse_13.03.2026 (feste Reihenfolge)/mobilenet_v2_fp64_medium_BS64_perf.csv
fixed_2026-03,tegrastats_power.csv,sample_index|elapsed_s|power_W,Ergebnisse_13.03.2026 (feste Reihenfolge)/mobilenet_v2_fp64_medium_BS64_tegrastats_power.csv
fixed_2026-03,bench_meta.json,batch|cuda_device|device_type|git_commit|git_status|imgsz|iters|measure_accuracy|metrics|model|precision|pretrained|seed|timestamp|torch_version|torchvision_version|warmup :: metrics=duration_s|iterations|latency_avg_ms|latency_p50_ms|throughput_img_s|top1,Ergebnisse_13.03.2026 (feste Reihenfolge)/mobilenet_v2_fp64_slow_BS128_bench_meta.json
fixed_2026-03,perf.csv,iter|batch|latency_ms|img_per_s|acc_top1,Ergebnisse_13.03.2026 (feste Reihenfolge)/mobilenet_v2_fp64_slow_BS128_perf.csv
fixed_2026-03,tegrastats_power.csv,sample_index|elapsed_s|power_W,Ergebnisse_13.03.2026 (feste Reihenfolge)/mobilenet_v2_fp64_slow_BS128_tegrastats_power.csv
fixed_2026-03,bench_meta.json,batch|cuda_device|device_type|git_commit|git_status|imgsz|iters|measure_accuracy|metrics|model|precision|pretrained|seed|timestamp|torch_version|torchvision_version|warmup :: metrics=duration_s|iterations|latency_avg_ms|latency_p50_ms|throughput_img_s|top1,Ergebnisse_13.03.2026 (feste Reihenfolge)/mobilenet_v2_fp64_slow_BS32_bench_meta.json
fixed_2026-03,perf.csv,iter|batch|latency_ms|img_per_s|acc_top1,Ergebnisse_13.03.2026 (feste Reihenfolge)/mobilenet_v2_fp64_slow_BS32_perf.csv
fixed_2026-03,tegrastats_power.csv,sample_index|elapsed_s|power_W,Ergebnisse_13.03.2026 (feste Reihenfolge)/mobilenet_v2_fp64_slow_BS32_tegrastats_power.csv
fixed_2026-03,bench_meta.json,batch|cuda_device|device_type|git_commit|git_status|imgsz|iters|measure_accuracy|metrics|model|precision|pretrained|seed|timestamp|torch_version|torchvision_version|warmup :: metrics=duration_s|iterations|latency_avg_ms|latency_p50_ms|throughput_img_s|top1,Ergebnisse_13.03.2026 (feste Reihenfolge)/mobilenet_v2_fp64_slow_BS64_bench_meta.json
fixed_2026-03,perf.csv,iter|batch|latency_ms|img_per_s|acc_top1,Ergebnisse_13.03.2026 (feste Reihenfolge)/mobilenet_v2_fp64_slow_BS64_perf.csv
fixed_2026-03,tegrastats_power.csv,sample_index|elapsed_s|power_W,Ergebnisse_13.03.2026 (feste Reihenfolge)/mobilenet_v2_fp64_slow_BS64_tegrastats_power.csv
fixed_2026-03,bench_meta.json,batch|cuda_device|device_type|git_commit|git_status|imgsz|iters|measure_accuracy|metrics|model|precision|pretrained|seed|timestamp|torch_version|torchvision_version|warmup :: metrics=duration_s|iterations|latency_avg_ms|latency_p50_ms|throughput_img_s|top1,Ergebnisse_13.03.2026 (feste Reihenfolge)/resnet50_fp16_fast_BS128_bench_meta.json
fixed_2026-03,perf.csv,iter|batch|latency_ms|img_per_s|acc_top1,Ergebnisse_13.03.2026 (feste Reihenfolge)/resnet50_fp16_fast_BS128_perf.csv
fixed_2026-03,tegrastats_power.csv,sample_index|elapsed_s|power_W,Ergebnisse_13.03.2026 (feste Reihenfolge)/resnet50_fp16_fast_BS128_tegrastats_power.csv
fixed_2026-03,bench_meta.json,batch|cuda_device|device_type|git_commit|git_status|imgsz|iters|measure_accuracy|metrics|model|precision|pretrained|seed|timestamp|torch_version|torchvision_version|warmup :: metrics=duration_s|iterations|latency_avg_ms|latency_p50_ms|throughput_img_s|top1,Ergebnisse_13.03.2026 (feste Reihenfolge)/resnet50_fp16_fast_BS32_bench_meta.json
fixed_2026-03,perf.csv,iter|batch|latency_ms|img_per_s|acc_top1,Ergebnisse_13.03.2026 (feste Reihenfolge)/resnet50_fp16_fast_BS32_perf.csv
fixed_2026-03,tegrastats_power.csv,sample_index|elapsed_s|power_W,Ergebnisse_13.03.2026 (feste Reihenfolge)/resnet50_fp16_fast_BS32_tegrastats_power.csv
fixed_2026-03,bench_meta.json,batch|cuda_device|device_type|git_commit|git_status|imgsz|iters|measure_accuracy|metrics|model|precision|pretrained|seed|timestamp|torch_version|torchvision_version|warmup :: metrics=duration_s|iterations|latency_avg_ms|latency_p50_ms|throughput_img_s|top1,Ergebnisse_13.03.2026 (feste Reihenfolge)/resnet50_fp16_fast_BS64_bench_meta.json
fixed_2026-03,perf.csv,iter|batch|latency_ms|img_per_s|acc_top1,Ergebnisse_13.03.2026 (feste Reihenfolge)/resnet50_fp16_fast_BS64_perf.csv
fixed_2026-03,tegrastats_power.csv,sample_index|elapsed_s|power_W,Ergebnisse_13.03.2026 (feste Reihenfolge)/resnet50_fp16_fast_BS64_tegrastats_power.csv
fixed_2026-03,bench_meta.json,batch|cuda_device|device_type|git_commit|git_status|imgsz|iters|measure_accuracy|metrics|model|precision|pretrained|seed|timestamp|torch_version|torchvision_version|warmup :: metrics=duration_s|iterations|latency_avg_ms|latency_p50_ms|throughput_img_s|top1,Ergebnisse_13.03.2026 (feste Reihenfolge)/resnet50_fp16_medium_BS128_bench_meta.json
fixed_2026-03,perf.csv,iter|batch|latency_ms|img_per_s|acc_top1,Ergebnisse_13.03.2026 (feste Reihenfolge)/resnet50_fp16_medium_BS128_perf.csv
fixed_2026-03,tegrastats_power.csv,sample_index|elapsed_s|power_W,Ergebnisse_13.03.2026 (feste Reihenfolge)/resnet50_fp16_medium_BS128_tegrastats_power.csv
fixed_2026-03,bench_meta.json,batch|cuda_device|device_type|git_commit|git_status|imgsz|iters|measure_accuracy|metrics|model|precision|pretrained|seed|timestamp|torch_version|torchvision_version|warmup :: metrics=duration_s|iterations|latency_avg_ms|latency_p50_ms|throughput_img_s|top1,Ergebnisse_13.03.2026 (feste Reihenfolge)/resnet50_fp16_medium_BS32_bench_meta.json
fixed_2026-03,perf.csv,iter|batch|latency_ms|img_per_s|acc_top1,Ergebnisse_13.03.2026 (feste Reihenfolge)/resnet50_fp16_medium_BS32_perf.csv
fixed_2026-03,tegrastats_power.csv,sample_index|elapsed_s|power_W,Ergebnisse_13.03.2026 (feste Reihenfolge)/resnet50_fp16_medium_BS32_tegrastats_power.csv
fixed_2026-03,bench_meta.json,batch|cuda_device|device_type|git_commit|git_status|imgsz|iters|measure_accuracy|metrics|model|precision|pretrained|seed|timestamp|torch_version|torchvision_version|warmup :: metrics=duration_s|iterations|latency_avg_ms|latency_p50_ms|throughput_img_s|top1,Ergebnisse_13.03.2026 (feste Reihenfolge)/resnet50_fp16_medium_BS64_bench_meta.json
fixed_2026-03,perf.csv,iter|batch|latency_ms|img_per_s|acc_top1,Ergebnisse_13.03.2026 (feste Reihenfolge)/resnet50_fp16_medium_BS64_perf.csv
fixed_2026-03,tegrastats_power.csv,sample_index|elapsed_s|power_W,Ergebnisse_13.03.2026 (feste Reihenfolge)/resnet50_fp16_medium_BS64_tegrastats_power.csv
fixed_2026-03,bench_meta.json,batch|cuda_device|device_type|git_commit|git_status|imgsz|iters|measure_accuracy|metrics|model|precision|pretrained|seed|timestamp|torch_version|torchvision_version|warmup :: metrics=duration_s|iterations|latency_avg_ms|latency_p50_ms|throughput_img_s|top1,Ergebnisse_13.03.2026 (feste Reihenfolge)/resnet50_fp16_slow_BS128_bench_meta.json
fixed_2026-03,perf.csv,iter|batch|latency_ms|img_per_s|acc_top1,Ergebnisse_13.03.2026 (feste Reihenfolge)/resnet50_fp16_slow_BS128_perf.csv
fixed_2026-03,tegrastats_power.csv,sample_index|elapsed_s|power_W,Ergebnisse_13.03.2026 (feste Reihenfolge)/resnet50_fp16_slow_BS128_tegrastats_power.csv
fixed_2026-03,bench_meta.json,batch|cuda_device|device_type|git_commit|git_status|imgsz|iters|measure_accuracy|metrics|model|precision|pretrained|seed|timestamp|torch_version|torchvision_version|warmup :: metrics=duration_s|iterations|latency_avg_ms|latency_p50_ms|throughput_img_s|top1,Ergebnisse_13.03.2026 (feste Reihenfolge)/resnet50_fp16_slow_BS32_bench_meta.json
fixed_2026-03,perf.csv,iter|batch|latency_ms|img_per_s|acc_top1,Ergebnisse_13.03.2026 (feste Reihenfolge)/resnet50_fp16_slow_BS32_perf.csv
fixed_2026-03,tegrastats_power.csv,sample_index|elapsed_s|power_W,Ergebnisse_13.03.2026 (feste Reihenfolge)/resnet50_fp16_slow_BS32_tegrastats_power.csv
fixed_2026-03,bench_meta.json,batch|cuda_device|device_type|git_commit|git_status|imgsz|iters|measure_accuracy|metrics|model|precision|pretrained|seed|timestamp|torch_version|torchvision_version|warmup :: metrics=duration_s|iterations|latency_avg_ms|latency_p50_ms|throughput_img_s|top1,Ergebnisse_13.03.2026 (feste Reihenfolge)/resnet50_fp16_slow_BS64_bench_meta.json
fixed_2026-03,perf.csv,iter|batch|latency_ms|img_per_s|acc_top1,Ergebnisse_13.03.2026 (feste Reihenfolge)/resnet50_fp16_slow_BS64_perf.csv
fixed_2026-03,tegrastats_power.csv,sample_index|elapsed_s|power_W,Ergebnisse_13.03.2026 (feste Reihenfolge)/resnet50_fp16_slow_BS64_tegrastats_power.csv
fixed_2026-03,bench_meta.json,batch|cuda_device|device_type|git_commit|git_status|imgsz|iters|measure_accuracy|metrics|model|precision|pretrained|seed|timestamp|torch_version|torchvision_version|warmup :: metrics=duration_s|iterations|latency_avg_ms|latency_p50_ms|throughput_img_s|top1,Ergebnisse_13.03.2026 (feste Reihenfolge)/resnet50_fp32_fast_BS128_bench_meta.json
fixed_2026-03,perf.csv,iter|batch|latency_ms|img_per_s|acc_top1,Ergebnisse_13.03.2026 (feste Reihenfolge)/resnet50_fp32_fast_BS128_perf.csv
fixed_2026-03,tegrastats_power.csv,sample_index|elapsed_s|power_W,Ergebnisse_13.03.2026 (feste Reihenfolge)/resnet50_fp32_fast_BS128_tegrastats_power.csv
fixed_2026-03,bench_meta.json,batch|cuda_device|device_type|git_commit|git_status|imgsz|iters|measure_accuracy|metrics|model|precision|pretrained|seed|timestamp|torch_version|torchvision_version|warmup :: metrics=duration_s|iterations|latency_avg_ms|latency_p50_ms|throughput_img_s|top1,Ergebnisse_13.03.2026 (feste Reihenfolge)/resnet50_fp32_fast_BS32_bench_meta.json
fixed_2026-03,perf.csv,iter|batch|latency_ms|img_per_s|acc_top1,Ergebnisse_13.03.2026 (feste Reihenfolge)/resnet50_fp32_fast_BS32_perf.csv
fixed_2026-03,tegrastats_power.csv,sample_index|elapsed_s|power_W,Ergebnisse_13.03.2026 (feste Reihenfolge)/resnet50_fp32_fast_BS32_tegrastats_power.csv
fixed_2026-03,bench_meta.json,batch|cuda_device|device_type|git_commit|git_status|imgsz|iters|measure_accuracy|metrics|model|precision|pretrained|seed|timestamp|torch_version|torchvision_version|warmup :: metrics=duration_s|iterations|latency_avg_ms|latency_p50_ms|throughput_img_s|top1,Ergebnisse_13.03.2026 (feste Reihenfolge)/resnet50_fp32_fast_BS64_bench_meta.json
fixed_2026-03,perf.csv,iter|batch|latency_ms|img_per_s|acc_top1,Ergebnisse_13.03.2026 (feste Reihenfolge)/resnet50_fp32_fast_BS64_perf.csv
fixed_2026-03,tegrastats_power.csv,sample_index|elapsed_s|power_W,Ergebnisse_13.03.2026 (feste Reihenfolge)/resnet50_fp32_fast_BS64_tegrastats_power.csv
fixed_2026-03,bench_meta.json,batch|cuda_device|device_type|git_commit|git_status|imgsz|iters|measure_accuracy|metrics|model|precision|pretrained|seed|timestamp|torch_version|torchvision_version|warmup :: metrics=duration_s|iterations|latency_avg_ms|latency_p50_ms|throughput_img_s|top1,Ergebnisse_13.03.2026 (feste Reihenfolge)/resnet50_fp32_medium_BS128_bench_meta.json
fixed_2026-03,perf.csv,iter|batch|latency_ms|img_per_s|acc_top1,Ergebnisse_13.03.2026 (feste Reihenfolge)/resnet50_fp32_medium_BS128_perf.csv
fixed_2026-03,tegrastats_power.csv,sample_index|elapsed_s|power_W,Ergebnisse_13.03.2026 (feste Reihenfolge)/resnet50_fp32_medium_BS128_tegrastats_power.csv
fixed_2026-03,bench_meta.json,batch|cuda_device|device_type|git_commit|git_status|imgsz|iters|measure_accuracy|metrics|model|precision|pretrained|seed|timestamp|torch_version|torchvision_version|warmup :: metrics=duration_s|iterations|latency_avg_ms|latency_p50_ms|throughput_img_s|top1,Ergebnisse_13.03.2026 (feste Reihenfolge)/resnet50_fp32_medium_BS32_bench_meta.json
fixed_2026-03,perf.csv,iter|batch|latency_ms|img_per_s|acc_top1,Ergebnisse_13.03.2026 (feste Reihenfolge)/resnet50_fp32_medium_BS32_perf.csv
fixed_2026-03,tegrastats_power.csv,sample_index|elapsed_s|power_W,Ergebnisse_13.03.2026 (feste Reihenfolge)/resnet50_fp32_medium_BS32_tegrastats_power.csv
fixed_2026-03,bench_meta.json,batch|cuda_device|device_type|git_commit|git_status|imgsz|iters|measure_accuracy|metrics|model|precision|pretrained|seed|timestamp|torch_version|torchvision_version|warmup :: metrics=duration_s|iterations|latency_avg_ms|latency_p50_ms|throughput_img_s|top1,Ergebnisse_13.03.2026 (feste Reihenfolge)/resnet50_fp32_medium_BS64_bench_meta.json
fixed_2026-03,perf.csv,iter|batch|latency_ms|img_per_s|acc_top1,Ergebnisse_13.03.2026 (feste Reihenfolge)/resnet50_fp32_medium_BS64_perf.csv
fixed_2026-03,tegrastats_power.csv,sample_index|elapsed_s|power_W,Ergebnisse_13.03.2026 (feste Reihenfolge)/resnet50_fp32_medium_BS64_tegrastats_power.csv
fixed_2026-03,bench_meta.json,batch|cuda_device|device_type|git_commit|git_status|imgsz|iters|measure_accuracy|metrics|model|precision|pretrained|seed|timestamp|torch_version|torchvision_version|warmup :: metrics=duration_s|iterations|latency_avg_ms|latency_p50_ms|throughput_img_s|top1,Ergebnisse_13.03.2026 (feste Reihenfolge)/resnet50_fp32_slow_BS128_bench_meta.json
fixed_2026-03,perf.csv,iter|batch|latency_ms|img_per_s|acc_top1,Ergebnisse_13.03.2026 (feste Reihenfolge)/resnet50_fp32_slow_BS128_perf.csv
fixed_2026-03,tegrastats_power.csv,sample_index|elapsed_s|power_W,Ergebnisse_13.03.2026 (feste Reihenfolge)/resnet50_fp32_slow_BS128_tegrastats_power.csv
fixed_2026-03,bench_meta.json,batch|cuda_device|device_type|git_commit|git_status|imgsz|iters|measure_accuracy|metrics|model|precision|pretrained|seed|timestamp|torch_version|torchvision_version|warmup :: metrics=duration_s|iterations|latency_avg_ms|latency_p50_ms|throughput_img_s|top1,Ergebnisse_13.03.2026 (feste Reihenfolge)/resnet50_fp32_slow_BS32_bench_meta.json
fixed_2026-03,perf.csv,iter|batch|latency_ms|img_per_s|acc_top1,Ergebnisse_13.03.2026 (feste Reihenfolge)/resnet50_fp32_slow_BS32_perf.csv
fixed_2026-03,tegrastats_power.csv,sample_index|elapsed_s|power_W,Ergebnisse_13.03.2026 (feste Reihenfolge)/resnet50_fp32_slow_BS32_tegrastats_power.csv
fixed_2026-03,bench_meta.json,batch|cuda_device|device_type|git_commit|git_status|imgsz|iters|measure_accuracy|metrics|model|precision|pretrained|seed|timestamp|torch_version|torchvision_version|warmup :: metrics=duration_s|iterations|latency_avg_ms|latency_p50_ms|throughput_img_s|top1,Ergebnisse_13.03.2026 (feste Reihenfolge)/resnet50_fp32_slow_BS64_bench_meta.json
fixed_2026-03,perf.csv,iter|batch|latency_ms|img_per_s|acc_top1,Ergebnisse_13.03.2026 (feste Reihenfolge)/resnet50_fp32_slow_BS64_perf.csv
fixed_2026-03,tegrastats_power.csv,sample_index|elapsed_s|power_W,Ergebnisse_13.03.2026 (feste Reihenfolge)/resnet50_fp32_slow_BS64_tegrastats_power.csv
fixed_2026-03,bench_meta.json,batch|cuda_device|device_type|git_commit|git_status|imgsz|iters|measure_accuracy|metrics|model|precision|pretrained|seed|timestamp|torch_version|torchvision_version|warmup :: metrics=duration_s|iterations|latency_avg_ms|latency_p50_ms|throughput_img_s|top1,Ergebnisse_13.03.2026 (feste Reihenfolge)/resnet50_fp64_fast_BS128_bench_meta.json
fixed_2026-03,perf.csv,iter|batch|latency_ms|img_per_s|acc_top1,Ergebnisse_13.03.2026 (feste Reihenfolge)/resnet50_fp64_fast_BS128_perf.csv
fixed_2026-03,tegrastats_power.csv,sample_index|elapsed_s|power_W,Ergebnisse_13.03.2026 (feste Reihenfolge)/resnet50_fp64_fast_BS128_tegrastats_power.csv
fixed_2026-03,bench_meta.json,batch|cuda_device|device_type|git_commit|git_status|imgsz|iters|measure_accuracy|metrics|model|precision|pretrained|seed|timestamp|torch_version|torchvision_version|warmup :: metrics=duration_s|iterations|latency_avg_ms|latency_p50_ms|throughput_img_s|top1,Ergebnisse_13.03.2026 (feste Reihenfolge)/resnet50_fp64_fast_BS32_bench_meta.json
fixed_2026-03,perf.csv,iter|batch|latency_ms|img_per_s|acc_top1,Ergebnisse_13.03.2026 (feste Reihenfolge)/resnet50_fp64_fast_BS32_perf.csv
fixed_2026-03,tegrastats_power.csv,sample_index|elapsed_s|power_W,Ergebnisse_13.03.2026 (feste Reihenfolge)/resnet50_fp64_fast_BS32_tegrastats_power.csv
fixed_2026-03,bench_meta.json,batch|cuda_device|device_type|git_commit|git_status|imgsz|iters|measure_accuracy|metrics|model|precision|pretrained|seed|timestamp|torch_version|torchvision_version|warmup :: metrics=duration_s|iterations|latency_avg_ms|latency_p50_ms|throughput_img_s|top1,Ergebnisse_13.03.2026 (feste Reihenfolge)/resnet50_fp64_fast_BS64_bench_meta.json
fixed_2026-03,perf.csv,iter|batch|latency_ms|img_per_s|acc_top1,Ergebnisse_13.03.2026 (feste Reihenfolge)/resnet50_fp64_fast_BS64_perf.csv
fixed_2026-03,tegrastats_power.csv,sample_index|elapsed_s|power_W,Ergebnisse_13.03.2026 (feste Reihenfolge)/resnet50_fp64_fast_BS64_tegrastats_power.csv
fixed_2026-03,bench_meta.json,batch|cuda_device|device_type|git_commit|git_status|imgsz|iters|measure_accuracy|metrics|model|precision|pretrained|seed|timestamp|torch_version|torchvision_version|warmup :: metrics=duration_s|iterations|latency_avg_ms|latency_p50_ms|throughput_img_s|top1,Ergebnisse_13.03.2026 (feste Reihenfolge)/resnet50_fp64_medium_BS128_bench_meta.json
fixed_2026-03,perf.csv,iter|batch|latency_ms|img_per_s|acc_top1,Ergebnisse_13.03.2026 (feste Reihenfolge)/resnet50_fp64_medium_BS128_perf.csv
fixed_2026-03,tegrastats_power.csv,sample_index|elapsed_s|power_W,Ergebnisse_13.03.2026 (feste Reihenfolge)/resnet50_fp64_medium_BS128_tegrastats_power.csv
fixed_2026-03,bench_meta.json,batch|cuda_device|device_type|git_commit|git_status|imgsz|iters|measure_accuracy|metrics|model|precision|pretrained|seed|timestamp|torch_version|torchvision_version|warmup :: metrics=duration_s|iterations|latency_avg_ms|latency_p50_ms|throughput_img_s|top1,Ergebnisse_13.03.2026 (feste Reihenfolge)/resnet50_fp64_medium_BS32_bench_meta.json
fixed_2026-03,perf.csv,iter|batch|latency_ms|img_per_s|acc_top1,Ergebnisse_13.03.2026 (feste Reihenfolge)/resnet50_fp64_medium_BS32_perf.csv
fixed_2026-03,tegrastats_power.csv,sample_index|elapsed_s|power_W,Ergebnisse_13.03.2026 (feste Reihenfolge)/resnet50_fp64_medium_BS32_tegrastats_power.csv
fixed_2026-03,bench_meta.json,batch|cuda_device|device_type|git_commit|git_status|imgsz|iters|measure_accuracy|metrics|model|precision|pretrained|seed|timestamp|torch_version|torchvision_version|warmup :: metrics=duration_s|iterations|latency_avg_ms|latency_p50_ms|throughput_img_s|top1,Ergebnisse_13.03.2026 (feste Reihenfolge)/resnet50_fp64_medium_BS64_bench_meta.json
fixed_2026-03,perf.csv,iter|batch|latency_ms|img_per_s|acc_top1,Ergebnisse_13.03.2026 (feste Reihenfolge)/resnet50_fp64_medium_BS64_perf.csv
fixed_2026-03,tegrastats_power.csv,sample_index|elapsed_s|power_W,Ergebnisse_13.03.2026 (feste Reihenfolge)/resnet50_fp64_medium_BS64_tegrastats_power.csv
fixed_2026-03,bench_meta.json,batch|cuda_device|device_type|git_commit|git_status|imgsz|iters|measure_accuracy|metrics|model|precision|pretrained|seed|timestamp|torch_version|torchvision_version|warmup :: metrics=duration_s|iterations|latency_avg_ms|latency_p50_ms|throughput_img_s|top1,Ergebnisse_13.03.2026 (feste Reihenfolge)/resnet50_fp64_slow_BS128_bench_meta.json
fixed_2026-03,perf.csv,iter|batch|latency_ms|img_per_s|acc_top1,Ergebnisse_13.03.2026 (feste Reihenfolge)/resnet50_fp64_slow_BS128_perf.csv
fixed_2026-03,tegrastats_power.csv,sample_index|elapsed_s|power_W,Ergebnisse_13.03.2026 (feste Reihenfolge)/resnet50_fp64_slow_BS128_tegrastats_power.csv
fixed_2026-03,bench_meta.json,batch|cuda_device|device_type|git_commit|git_status|imgsz|iters|measure_accuracy|metrics|model|precision|pretrained|seed|timestamp|torch_version|torchvision_version|warmup :: metrics=duration_s|iterations|latency_avg_ms|latency_p50_ms|throughput_img_s|top1,Ergebnisse_13.03.2026 (feste Reihenfolge)/resnet50_fp64_slow_BS32_bench_meta.json
fixed_2026-03,perf.csv,iter|batch|latency_ms|img_per_s|acc_top1,Ergebnisse_13.03.2026 (feste Reihenfolge)/resnet50_fp64_slow_BS32_perf.csv
fixed_2026-03,tegrastats_power.csv,sample_index|elapsed_s|power_W,Ergebnisse_13.03.2026 (feste Reihenfolge)/resnet50_fp64_slow_BS32_tegrastats_power.csv
fixed_2026-03,bench_meta.json,batch|cuda_device|device_type|git_commit|git_status|imgsz|iters|measure_accuracy|metrics|model|precision|pretrained|seed|timestamp|torch_version|torchvision_version|warmup :: metrics=duration_s|iterations|latency_avg_ms|latency_p50_ms|throughput_img_s|top1,Ergebnisse_13.03.2026 (feste Reihenfolge)/resnet50_fp64_slow_BS64_bench_meta.json
fixed_2026-03,perf.csv,iter|batch|latency_ms|img_per_s|acc_top1,Ergebnisse_13.03.2026 (feste Reihenfolge)/resnet50_fp64_slow_BS64_perf.csv
fixed_2026-03,tegrastats_power.csv,sample_index|elapsed_s|power_W,Ergebnisse_13.03.2026 (feste Reihenfolge)/resnet50_fp64_slow_BS64_tegrastats_power.csv
random_2026-03,bench_meta.json,batch|cuda_device|device_type|git_commit|git_status|imgsz|iters|measure_accuracy|metrics|model|precision|pretrained|seed|timestamp|torch_version|torchvision_version|warmup :: metrics=duration_s|iterations|latency_avg_ms|latency_p50_ms|throughput_img_s|top1,Ergebnisse_23.03.2026 (zufällige Reihenfolge)/mobilenet_v2_fp16_fast_BS128_bench_meta.json
random_2026-03,perf.csv,iter|batch|latency_ms|img_per_s|acc_top1,Ergebnisse_23.03.2026 (zufällige Reihenfolge)/mobilenet_v2_fp16_fast_BS128_perf.csv
random_2026-03,tegrastats_power.csv,sample_index|elapsed_s|power_W,Ergebnisse_23.03.2026 (zufällige Reihenfolge)/mobilenet_v2_fp16_fast_BS128_tegrastats_power.csv
random_2026-03,bench_meta.json,batch|cuda_device|device_type|git_commit|git_status|imgsz|iters|measure_accuracy|metrics|model|precision|pretrained|seed|timestamp|torch_version|torchvision_version|warmup :: metrics=duration_s|iterations|latency_avg_ms|latency_p50_ms|throughput_img_s|top1,Ergebnisse_23.03.2026 (zufällige Reihenfolge)/mobilenet_v2_fp16_fast_BS32_bench_meta.json
random_2026-03,perf.csv,iter|batch|latency_ms|img_per_s|acc_top1,Ergebnisse_23.03.2026 (zufällige Reihenfolge)/mobilenet_v2_fp16_fast_BS32_perf.csv
random_2026-03,tegrastats_power.csv,sample_index|elapsed_s|power_W,Ergebnisse_23.03.2026 (zufällige Reihenfolge)/mobilenet_v2_fp16_fast_BS32_tegrastats_power.csv
random_2026-03,bench_meta.json,batch|cuda_device|device_type|git_commit|git_status|imgsz|iters|measure_accuracy|metrics|model|precision|pretrained|seed|timestamp|torch_version|torchvision_version|warmup :: metrics=duration_s|iterations|latency_avg_ms|latency_p50_ms|throughput_img_s|top1,Ergebnisse_23.03.2026 (zufällige Reihenfolge)/mobilenet_v2_fp16_fast_BS64_bench_meta.json
random_2026-03,perf.csv,iter|batch|latency_ms|img_per_s|acc_top1,Ergebnisse_23.03.2026 (zufällige Reihenfolge)/mobilenet_v2_fp16_fast_BS64_perf.csv
random_2026-03,tegrastats_power.csv,sample_index|elapsed_s|power_W,Ergebnisse_23.03.2026 (zufällige Reihenfolge)/mobilenet_v2_fp16_fast_BS64_tegrastats_power.csv
random_2026-03,bench_meta.json,batch|cuda_device|device_type|git_commit|git_status|imgsz|iters|measure_accuracy|metrics|model|precision|pretrained|seed|timestamp|torch_version|torchvision_version|warmup :: metrics=duration_s|iterations|latency_avg_ms|latency_p50_ms|throughput_img_s|top1,Ergebnisse_23.03.2026 (zufällige Reihenfolge)/mobilenet_v2_fp16_medium_BS128_bench_meta.json
random_2026-03,perf.csv,iter|batch|latency_ms|img_per_s|acc_top1,Ergebnisse_23.03.2026 (zufällige Reihenfolge)/mobilenet_v2_fp16_medium_BS128_perf.csv
random_2026-03,tegrastats_power.csv,sample_index|elapsed_s|power_W,Ergebnisse_23.03.2026 (zufällige Reihenfolge)/mobilenet_v2_fp16_medium_BS128_tegrastats_power.csv
random_2026-03,bench_meta.json,batch|cuda_device|device_type|git_commit|git_status|imgsz|iters|measure_accuracy|metrics|model|precision|pretrained|seed|timestamp|torch_version|torchvision_version|warmup :: metrics=duration_s|iterations|latency_avg_ms|latency_p50_ms|throughput_img_s|top1,Ergebnisse_23.03.2026 (zufällige Reihenfolge)/mobilenet_v2_fp16_medium_BS32_bench_meta.json
random_2026-03,perf.csv,iter|batch|latency_ms|img_per_s|acc_top1,Ergebnisse_23.03.2026 (zufällige Reihenfolge)/mobilenet_v2_fp16_medium_BS32_perf.csv
random_2026-03,tegrastats_power.csv,sample_index|elapsed_s|power_W,Ergebnisse_23.03.2026 (zufällige Reihenfolge)/mobilenet_v2_fp16_medium_BS32_tegrastats_power.csv
random_2026-03,bench_meta.json,batch|cuda_device|device_type|git_commit|git_status|imgsz|iters|measure_accuracy|metrics|model|precision|pretrained|seed|timestamp|torch_version|torchvision_version|warmup :: metrics=duration_s|iterations|latency_avg_ms|latency_p50_ms|throughput_img_s|top1,Ergebnisse_23.03.2026 (zufällige Reihenfolge)/mobilenet_v2_fp16_medium_BS64_bench_meta.json
random_2026-03,perf.csv,iter|batch|latency_ms|img_per_s|acc_top1,Ergebnisse_23.03.2026 (zufällige Reihenfolge)/mobilenet_v2_fp16_medium_BS64_perf.csv
random_2026-03,tegrastats_power.csv,sample_index|elapsed_s|power_W,Ergebnisse_23.03.2026 (zufällige Reihenfolge)/mobilenet_v2_fp16_medium_BS64_tegrastats_power.csv
random_2026-03,bench_meta.json,batch|cuda_device|device_type|git_commit|git_status|imgsz|iters|measure_accuracy|metrics|model|precision|pretrained|seed|timestamp|torch_version|torchvision_version|warmup :: metrics=duration_s|iterations|latency_avg_ms|latency_p50_ms|throughput_img_s|top1,Ergebnisse_23.03.2026 (zufällige Reihenfolge)/mobilenet_v2_fp16_slow_BS128_bench_meta.json
random_2026-03,perf.csv,iter|batch|latency_ms|img_per_s|acc_top1,Ergebnisse_23.03.2026 (zufällige Reihenfolge)/mobilenet_v2_fp16_slow_BS128_perf.csv
random_2026-03,tegrastats_power.csv,sample_index|elapsed_s|power_W,Ergebnisse_23.03.2026 (zufällige Reihenfolge)/mobilenet_v2_fp16_slow_BS128_tegrastats_power.csv
random_2026-03,bench_meta.json,batch|cuda_device|device_type|git_commit|git_status|imgsz|iters|measure_accuracy|metrics|model|precision|pretrained|seed|timestamp|torch_version|torchvision_version|warmup :: metrics=duration_s|iterations|latency_avg_ms|latency_p50_ms|throughput_img_s|top1,Ergebnisse_23.03.2026 (zufällige Reihenfolge)/mobilenet_v2_fp16_slow_BS32_bench_meta.json
random_2026-03,perf.csv,iter|batch|latency_ms|img_per_s|acc_top1,Ergebnisse_23.03.2026 (zufällige Reihenfolge)/mobilenet_v2_fp16_slow_BS32_perf.csv
random_2026-03,tegrastats_power.csv,sample_index|elapsed_s|power_W,Ergebnisse_23.03.2026 (zufällige Reihenfolge)/mobilenet_v2_fp16_slow_BS32_tegrastats_power.csv
random_2026-03,bench_meta.json,batch|cuda_device|device_type|git_commit|git_status|imgsz|iters|measure_accuracy|metrics|model|precision|pretrained|seed|timestamp|torch_version|torchvision_version|warmup :: metrics=duration_s|iterations|latency_avg_ms|latency_p50_ms|throughput_img_s|top1,Ergebnisse_23.03.2026 (zufällige Reihenfolge)/mobilenet_v2_fp16_slow_BS64_bench_meta.json
random_2026-03,perf.csv,iter|batch|latency_ms|img_per_s|acc_top1,Ergebnisse_23.03.2026 (zufällige Reihenfolge)/mobilenet_v2_fp16_slow_BS64_perf.csv
random_2026-03,tegrastats_power.csv,sample_index|elapsed_s|power_W,Ergebnisse_23.03.2026 (zufällige Reihenfolge)/mobilenet_v2_fp16_slow_BS64_tegrastats_power.csv
random_2026-03,bench_meta.json,batch|cuda_device|device_type|git_commit|git_status|imgsz|iters|measure_accuracy|metrics|model|precision|pretrained|seed|timestamp|torch_version|torchvision_version|warmup :: metrics=duration_s|iterations|latency_avg_ms|latency_p50_ms|throughput_img_s|top1,Ergebnisse_23.03.2026 (zufällige Reihenfolge)/mobilenet_v2_fp32_fast_BS128_bench_meta.json
random_2026-03,perf.csv,iter|batch|latency_ms|img_per_s|acc_top1,Ergebnisse_23.03.2026 (zufällige Reihenfolge)/mobilenet_v2_fp32_fast_BS128_perf.csv
random_2026-03,tegrastats_power.csv,sample_index|elapsed_s|power_W,Ergebnisse_23.03.2026 (zufällige Reihenfolge)/mobilenet_v2_fp32_fast_BS128_tegrastats_power.csv
random_2026-03,bench_meta.json,batch|cuda_device|device_type|git_commit|git_status|imgsz|iters|measure_accuracy|metrics|model|precision|pretrained|seed|timestamp|torch_version|torchvision_version|warmup :: metrics=duration_s|iterations|latency_avg_ms|latency_p50_ms|throughput_img_s|top1,Ergebnisse_23.03.2026 (zufällige Reihenfolge)/mobilenet_v2_fp32_fast_BS32_bench_meta.json
random_2026-03,perf.csv,iter|batch|latency_ms|img_per_s|acc_top1,Ergebnisse_23.03.2026 (zufällige Reihenfolge)/mobilenet_v2_fp32_fast_BS32_perf.csv
random_2026-03,tegrastats_power.csv,sample_index|elapsed_s|power_W,Ergebnisse_23.03.2026 (zufällige Reihenfolge)/mobilenet_v2_fp32_fast_BS32_tegrastats_power.csv
random_2026-03,bench_meta.json,batch|cuda_device|device_type|git_commit|git_status|imgsz|iters|measure_accuracy|metrics|model|precision|pretrained|seed|timestamp|torch_version|torchvision_version|warmup :: metrics=duration_s|iterations|latency_avg_ms|latency_p50_ms|throughput_img_s|top1,Ergebnisse_23.03.2026 (zufällige Reihenfolge)/mobilenet_v2_fp32_fast_BS64_bench_meta.json
random_2026-03,perf.csv,iter|batch|latency_ms|img_per_s|acc_top1,Ergebnisse_23.03.2026 (zufällige Reihenfolge)/mobilenet_v2_fp32_fast_BS64_perf.csv
random_2026-03,tegrastats_power.csv,sample_index|elapsed_s|power_W,Ergebnisse_23.03.2026 (zufällige Reihenfolge)/mobilenet_v2_fp32_fast_BS64_tegrastats_power.csv
random_2026-03,bench_meta.json,batch|cuda_device|device_type|git_commit|git_status|imgsz|iters|measure_accuracy|metrics|model|precision|pretrained|seed|timestamp|torch_version|torchvision_version|warmup :: metrics=duration_s|iterations|latency_avg_ms|latency_p50_ms|throughput_img_s|top1,Ergebnisse_23.03.2026 (zufällige Reihenfolge)/mobilenet_v2_fp32_medium_BS128_bench_meta.json
random_2026-03,perf.csv,iter|batch|latency_ms|img_per_s|acc_top1,Ergebnisse_23.03.2026 (zufällige Reihenfolge)/mobilenet_v2_fp32_medium_BS128_perf.csv
random_2026-03,tegrastats_power.csv,sample_index|elapsed_s|power_W,Ergebnisse_23.03.2026 (zufällige Reihenfolge)/mobilenet_v2_fp32_medium_BS128_tegrastats_power.csv
random_2026-03,bench_meta.json,batch|cuda_device|device_type|git_commit|git_status|imgsz|iters|measure_accuracy|metrics|model|precision|pretrained|seed|timestamp|torch_version|torchvision_version|warmup :: metrics=duration_s|iterations|latency_avg_ms|latency_p50_ms|throughput_img_s|top1,Ergebnisse_23.03.2026 (zufällige Reihenfolge)/mobilenet_v2_fp32_medium_BS32_bench_meta.json
random_2026-03,perf.csv,iter|batch|latency_ms|img_per_s|acc_top1,Ergebnisse_23.03.2026 (zufällige Reihenfolge)/mobilenet_v2_fp32_medium_BS32_perf.csv
random_2026-03,tegrastats_power.csv,sample_index|elapsed_s|power_W,Ergebnisse_23.03.2026 (zufällige Reihenfolge)/mobilenet_v2_fp32_medium_BS32_tegrastats_power.csv
random_2026-03,bench_meta.json,batch|cuda_device|device_type|git_commit|git_status|imgsz|iters|measure_accuracy|metrics|model|precision|pretrained|seed|timestamp|torch_version|torchvision_version|warmup :: metrics=duration_s|iterations|latency_avg_ms|latency_p50_ms|throughput_img_s|top1,Ergebnisse_23.03.2026 (zufällige Reihenfolge)/mobilenet_v2_fp32_medium_BS64_bench_meta.json
random_2026-03,perf.csv,iter|batch|latency_ms|img_per_s|acc_top1,Ergebnisse_23.03.2026 (zufällige Reihenfolge)/mobilenet_v2_fp32_medium_BS64_perf.csv
random_2026-03,tegrastats_power.csv,sample_index|elapsed_s|power_W,Ergebnisse_23.03.2026 (zufällige Reihenfolge)/mobilenet_v2_fp32_medium_BS64_tegrastats_power.csv
random_2026-03,bench_meta.json,batch|cuda_device|device_type|git_commit|git_status|imgsz|iters|measure_accuracy|metrics|model|precision|pretrained|seed|timestamp|torch_version|torchvision_version|warmup :: metrics=duration_s|iterations|latency_avg_ms|latency_p50_ms|throughput_img_s|top1,Ergebnisse_23.03.2026 (zufällige Reihenfolge)/mobilenet_v2_fp32_slow_BS128_bench_meta.json
random_2026-03,perf.csv,iter|batch|latency_ms|img_per_s|acc_top1,Ergebnisse_23.03.2026 (zufällige Reihenfolge)/mobilenet_v2_fp32_slow_BS128_perf.csv
random_2026-03,tegrastats_power.csv,sample_index|elapsed_s|power_W,Ergebnisse_23.03.2026 (zufällige Reihenfolge)/mobilenet_v2_fp32_slow_BS128_tegrastats_power.csv
random_2026-03,bench_meta.json,batch|cuda_device|device_type|git_commit|git_status|imgsz|iters|measure_accuracy|metrics|model|precision|pretrained|seed|timestamp|torch_version|torchvision_version|warmup :: metrics=duration_s|iterations|latency_avg_ms|latency_p50_ms|throughput_img_s|top1,Ergebnisse_23.03.2026 (zufällige Reihenfolge)/mobilenet_v2_fp32_slow_BS32_bench_meta.json
random_2026-03,perf.csv,iter|batch|latency_ms|img_per_s|acc_top1,Ergebnisse_23.03.2026 (zufällige Reihenfolge)/mobilenet_v2_fp32_slow_BS32_perf.csv
random_2026-03,tegrastats_power.csv,sample_index|elapsed_s|power_W,Ergebnisse_23.03.2026 (zufällige Reihenfolge)/mobilenet_v2_fp32_slow_BS32_tegrastats_power.csv
random_2026-03,bench_meta.json,batch|cuda_device|device_type|git_commit|git_status|imgsz|iters|measure_accuracy|metrics|model|precision|pretrained|seed|timestamp|torch_version|torchvision_version|warmup :: metrics=duration_s|iterations|latency_avg_ms|latency_p50_ms|throughput_img_s|top1,Ergebnisse_23.03.2026 (zufällige Reihenfolge)/mobilenet_v2_fp32_slow_BS64_bench_meta.json
random_2026-03,perf.csv,iter|batch|latency_ms|img_per_s|acc_top1,Ergebnisse_23.03.2026 (zufällige Reihenfolge)/mobilenet_v2_fp32_slow_BS64_perf.csv
random_2026-03,tegrastats_power.csv,sample_index|elapsed_s|power_W,Ergebnisse_23.03.2026 (zufällige Reihenfolge)/mobilenet_v2_fp32_slow_BS64_tegrastats_power.csv
random_2026-03,bench_meta.json,batch|cuda_device|device_type|git_commit|git_status|imgsz|iters|measure_accuracy|metrics|model|precision|pretrained|seed|timestamp|torch_version|torchvision_version|warmup :: metrics=duration_s|iterations|latency_avg_ms|latency_p50_ms|throughput_img_s|top1,Ergebnisse_23.03.2026 (zufällige Reihenfolge)/mobilenet_v2_fp64_fast_BS128_bench_meta.json
random_2026-03,perf.csv,iter|batch|latency_ms|img_per_s|acc_top1,Ergebnisse_23.03.2026 (zufällige Reihenfolge)/mobilenet_v2_fp64_fast_BS128_perf.csv
random_2026-03,tegrastats_power.csv,sample_index|elapsed_s|power_W,Ergebnisse_23.03.2026 (zufällige Reihenfolge)/mobilenet_v2_fp64_fast_BS128_tegrastats_power.csv
random_2026-03,bench_meta.json,batch|cuda_device|device_type|git_commit|git_status|imgsz|iters|measure_accuracy|metrics|model|precision|pretrained|seed|timestamp|torch_version|torchvision_version|warmup :: metrics=duration_s|iterations|latency_avg_ms|latency_p50_ms|throughput_img_s|top1,Ergebnisse_23.03.2026 (zufällige Reihenfolge)/mobilenet_v2_fp64_fast_BS32_bench_meta.json
random_2026-03,perf.csv,iter|batch|latency_ms|img_per_s|acc_top1,Ergebnisse_23.03.2026 (zufällige Reihenfolge)/mobilenet_v2_fp64_fast_BS32_perf.csv
random_2026-03,tegrastats_power.csv,sample_index|elapsed_s|power_W,Ergebnisse_23.03.2026 (zufällige Reihenfolge)/mobilenet_v2_fp64_fast_BS32_tegrastats_power.csv
random_2026-03,bench_meta.json,batch|cuda_device|device_type|git_commit|git_status|imgsz|iters|measure_accuracy|metrics|model|precision|pretrained|seed|timestamp|torch_version|torchvision_version|warmup :: metrics=duration_s|iterations|latency_avg_ms|latency_p50_ms|throughput_img_s|top1,Ergebnisse_23.03.2026 (zufällige Reihenfolge)/mobilenet_v2_fp64_fast_BS64_bench_meta.json
random_2026-03,perf.csv,iter|batch|latency_ms|img_per_s|acc_top1,Ergebnisse_23.03.2026 (zufällige Reihenfolge)/mobilenet_v2_fp64_fast_BS64_perf.csv
random_2026-03,tegrastats_power.csv,sample_index|elapsed_s|power_W,Ergebnisse_23.03.2026 (zufällige Reihenfolge)/mobilenet_v2_fp64_fast_BS64_tegrastats_power.csv
random_2026-03,bench_meta.json,batch|cuda_device|device_type|git_commit|git_status|imgsz|iters|measure_accuracy|metrics|model|precision|pretrained|seed|timestamp|torch_version|torchvision_version|warmup :: metrics=duration_s|iterations|latency_avg_ms|latency_p50_ms|throughput_img_s|top1,Ergebnisse_23.03.2026 (zufällige Reihenfolge)/mobilenet_v2_fp64_medium_BS128_bench_meta.json
random_2026-03,perf.csv,iter|batch|latency_ms|img_per_s|acc_top1,Ergebnisse_23.03.2026 (zufällige Reihenfolge)/mobilenet_v2_fp64_medium_BS128_perf.csv
random_2026-03,tegrastats_power.csv,sample_index|elapsed_s|power_W,Ergebnisse_23.03.2026 (zufällige Reihenfolge)/mobilenet_v2_fp64_medium_BS128_tegrastats_power.csv
random_2026-03,bench_meta.json,batch|cuda_device|device_type|git_commit|git_status|imgsz|iters|measure_accuracy|metrics|model|precision|pretrained|seed|timestamp|torch_version|torchvision_version|warmup :: metrics=duration_s|iterations|latency_avg_ms|latency_p50_ms|throughput_img_s|top1,Ergebnisse_23.03.2026 (zufällige Reihenfolge)/mobilenet_v2_fp64_medium_BS32_bench_meta.json
random_2026-03,perf.csv,iter|batch|latency_ms|img_per_s|acc_top1,Ergebnisse_23.03.2026 (zufällige Reihenfolge)/mobilenet_v2_fp64_medium_BS32_perf.csv
random_2026-03,tegrastats_power.csv,sample_index|elapsed_s|power_W,Ergebnisse_23.03.2026 (zufällige Reihenfolge)/mobilenet_v2_fp64_medium_BS32_tegrastats_power.csv
random_2026-03,bench_meta.json,batch|cuda_device|device_type|git_commit|git_status|imgsz|iters|measure_accuracy|metrics|model|precision|pretrained|seed|timestamp|torch_version|torchvision_version|warmup :: metrics=duration_s|iterations|latency_avg_ms|latency_p50_ms|throughput_img_s|top1,Ergebnisse_23.03.2026 (zufällige Reihenfolge)/mobilenet_v2_fp64_medium_BS64_bench_meta.json
random_2026-03,perf.csv,iter|batch|latency_ms|img_per_s|acc_top1,Ergebnisse_23.03.2026 (zufällige Reihenfolge)/mobilenet_v2_fp64_medium_BS64_perf.csv
random_2026-03,tegrastats_power.csv,sample_index|elapsed_s|power_W,Ergebnisse_23.03.2026 (zufällige Reihenfolge)/mobilenet_v2_fp64_medium_BS64_tegrastats_power.csv
random_2026-03,bench_meta.json,batch|cuda_device|device_type|git_commit|git_status|imgsz|iters|measure_accuracy|metrics|model|precision|pretrained|seed|timestamp|torch_version|torchvision_version|warmup :: metrics=duration_s|iterations|latency_avg_ms|latency_p50_ms|throughput_img_s|top1,Ergebnisse_23.03.2026 (zufällige Reihenfolge)/mobilenet_v2_fp64_slow_BS128_bench_meta.json
random_2026-03,perf.csv,iter|batch|latency_ms|img_per_s|acc_top1,Ergebnisse_23.03.2026 (zufällige Reihenfolge)/mobilenet_v2_fp64_slow_BS128_perf.csv
random_2026-03,tegrastats_power.csv,sample_index|elapsed_s|power_W,Ergebnisse_23.03.2026 (zufällige Reihenfolge)/mobilenet_v2_fp64_slow_BS128_tegrastats_power.csv
random_2026-03,bench_meta.json,batch|cuda_device|device_type|git_commit|git_status|imgsz|iters|measure_accuracy|metrics|model|precision|pretrained|seed|timestamp|torch_version|torchvision_version|warmup :: metrics=duration_s|iterations|latency_avg_ms|latency_p50_ms|throughput_img_s|top1,Ergebnisse_23.03.2026 (zufällige Reihenfolge)/mobilenet_v2_fp64_slow_BS32_bench_meta.json
random_2026-03,perf.csv,iter|batch|latency_ms|img_per_s|acc_top1,Ergebnisse_23.03.2026 (zufällige Reihenfolge)/mobilenet_v2_fp64_slow_BS32_perf.csv
random_2026-03,tegrastats_power.csv,sample_index|elapsed_s|power_W,Ergebnisse_23.03.2026 (zufällige Reihenfolge)/mobilenet_v2_fp64_slow_BS32_tegrastats_power.csv
random_2026-03,bench_meta.json,batch|cuda_device|device_type|git_commit|git_status|imgsz|iters|measure_accuracy|metrics|model|precision|pretrained|seed|timestamp|torch_version|torchvision_version|warmup :: metrics=duration_s|iterations|latency_avg_ms|latency_p50_ms|throughput_img_s|top1,Ergebnisse_23.03.2026 (zufällige Reihenfolge)/mobilenet_v2_fp64_slow_BS64_bench_meta.json
random_2026-03,perf.csv,iter|batch|latency_ms|img_per_s|acc_top1,Ergebnisse_23.03.2026 (zufällige Reihenfolge)/mobilenet_v2_fp64_slow_BS64_perf.csv
random_2026-03,tegrastats_power.csv,sample_index|elapsed_s|power_W,Ergebnisse_23.03.2026 (zufällige Reihenfolge)/mobilenet_v2_fp64_slow_BS64_tegrastats_power.csv
random_2026-03,bench_meta.json,batch|cuda_device|device_type|git_commit|git_status|imgsz|iters|measure_accuracy|metrics|model|precision|pretrained|seed|timestamp|torch_version|torchvision_version|warmup :: metrics=duration_s|iterations|latency_avg_ms|latency_p50_ms|throughput_img_s|top1,Ergebnisse_23.03.2026 (zufällige Reihenfolge)/resnet50_fp16_fast_BS128_bench_meta.json
random_2026-03,perf.csv,iter|batch|latency_ms|img_per_s|acc_top1,Ergebnisse_23.03.2026 (zufällige Reihenfolge)/resnet50_fp16_fast_BS128_perf.csv
random_2026-03,tegrastats_power.csv,sample_index|elapsed_s|power_W,Ergebnisse_23.03.2026 (zufällige Reihenfolge)/resnet50_fp16_fast_BS128_tegrastats_power.csv
random_2026-03,bench_meta.json,batch|cuda_device|device_type|git_commit|git_status|imgsz|iters|measure_accuracy|metrics|model|precision|pretrained|seed|timestamp|torch_version|torchvision_version|warmup :: metrics=duration_s|iterations|latency_avg_ms|latency_p50_ms|throughput_img_s|top1,Ergebnisse_23.03.2026 (zufällige Reihenfolge)/resnet50_fp16_fast_BS32_bench_meta.json
random_2026-03,perf.csv,iter|batch|latency_ms|img_per_s|acc_top1,Ergebnisse_23.03.2026 (zufällige Reihenfolge)/resnet50_fp16_fast_BS32_perf.csv
random_2026-03,tegrastats_power.csv,sample_index|elapsed_s|power_W,Ergebnisse_23.03.2026 (zufällige Reihenfolge)/resnet50_fp16_fast_BS32_tegrastats_power.csv
random_2026-03,bench_meta.json,batch|cuda_device|device_type|git_commit|git_status|imgsz|iters|measure_accuracy|metrics|model|precision|pretrained|seed|timestamp|torch_version|torchvision_version|warmup :: metrics=duration_s|iterations|latency_avg_ms|latency_p50_ms|throughput_img_s|top1,Ergebnisse_23.03.2026 (zufällige Reihenfolge)/resnet50_fp16_fast_BS64_bench_meta.json
random_2026-03,perf.csv,iter|batch|latency_ms|img_per_s|acc_top1,Ergebnisse_23.03.2026 (zufällige Reihenfolge)/resnet50_fp16_fast_BS64_perf.csv
random_2026-03,tegrastats_power.csv,sample_index|elapsed_s|power_W,Ergebnisse_23.03.2026 (zufällige Reihenfolge)/resnet50_fp16_fast_BS64_tegrastats_power.csv
random_2026-03,bench_meta.json,batch|cuda_device|device_type|git_commit|git_status|imgsz|iters|measure_accuracy|metrics|model|precision|pretrained|seed|timestamp|torch_version|torchvision_version|warmup :: metrics=duration_s|iterations|latency_avg_ms|latency_p50_ms|throughput_img_s|top1,Ergebnisse_23.03.2026 (zufällige Reihenfolge)/resnet50_fp16_medium_BS128_bench_meta.json
random_2026-03,perf.csv,iter|batch|latency_ms|img_per_s|acc_top1,Ergebnisse_23.03.2026 (zufällige Reihenfolge)/resnet50_fp16_medium_BS128_perf.csv
random_2026-03,tegrastats_power.csv,sample_index|elapsed_s|power_W,Ergebnisse_23.03.2026 (zufällige Reihenfolge)/resnet50_fp16_medium_BS128_tegrastats_power.csv
random_2026-03,bench_meta.json,batch|cuda_device|device_type|git_commit|git_status|imgsz|iters|measure_accuracy|metrics|model|precision|pretrained|seed|timestamp|torch_version|torchvision_version|warmup :: metrics=duration_s|iterations|latency_avg_ms|latency_p50_ms|throughput_img_s|top1,Ergebnisse_23.03.2026 (zufällige Reihenfolge)/resnet50_fp16_medium_BS32_bench_meta.json
random_2026-03,perf.csv,iter|batch|latency_ms|img_per_s|acc_top1,Ergebnisse_23.03.2026 (zufällige Reihenfolge)/resnet50_fp16_medium_BS32_perf.csv
random_2026-03,tegrastats_power.csv,sample_index|elapsed_s|power_W,Ergebnisse_23.03.2026 (zufällige Reihenfolge)/resnet50_fp16_medium_BS32_tegrastats_power.csv
random_2026-03,bench_meta.json,batch|cuda_device|device_type|git_commit|git_status|imgsz|iters|measure_accuracy|metrics|model|precision|pretrained|seed|timestamp|torch_version|torchvision_version|warmup :: metrics=duration_s|iterations|latency_avg_ms|latency_p50_ms|throughput_img_s|top1,Ergebnisse_23.03.2026 (zufällige Reihenfolge)/resnet50_fp16_medium_BS64_bench_meta.json
random_2026-03,perf.csv,iter|batch|latency_ms|img_per_s|acc_top1,Ergebnisse_23.03.2026 (zufällige Reihenfolge)/resnet50_fp16_medium_BS64_perf.csv
random_2026-03,tegrastats_power.csv,sample_index|elapsed_s|power_W,Ergebnisse_23.03.2026 (zufällige Reihenfolge)/resnet50_fp16_medium_BS64_tegrastats_power.csv
random_2026-03,bench_meta.json,batch|cuda_device|device_type|git_commit|git_status|imgsz|iters|measure_accuracy|metrics|model|precision|pretrained|seed|timestamp|torch_version|torchvision_version|warmup :: metrics=duration_s|iterations|latency_avg_ms|latency_p50_ms|throughput_img_s|top1,Ergebnisse_23.03.2026 (zufällige Reihenfolge)/resnet50_fp16_slow_BS128_bench_meta.json
random_2026-03,perf.csv,iter|batch|latency_ms|img_per_s|acc_top1,Ergebnisse_23.03.2026 (zufällige Reihenfolge)/resnet50_fp16_slow_BS128_perf.csv
random_2026-03,tegrastats_power.csv,sample_index|elapsed_s|power_W,Ergebnisse_23.03.2026 (zufällige Reihenfolge)/resnet50_fp16_slow_BS128_tegrastats_power.csv
random_2026-03,bench_meta.json,batch|cuda_device|device_type|git_commit|git_status|imgsz|iters|measure_accuracy|metrics|model|precision|pretrained|seed|timestamp|torch_version|torchvision_version|warmup :: metrics=duration_s|iterations|latency_avg_ms|latency_p50_ms|throughput_img_s|top1,Ergebnisse_23.03.2026 (zufällige Reihenfolge)/resnet50_fp16_slow_BS32_bench_meta.json
random_2026-03,perf.csv,iter|batch|latency_ms|img_per_s|acc_top1,Ergebnisse_23.03.2026 (zufällige Reihenfolge)/resnet50_fp16_slow_BS32_perf.csv
random_2026-03,tegrastats_power.csv,sample_index|elapsed_s|power_W,Ergebnisse_23.03.2026 (zufällige Reihenfolge)/resnet50_fp16_slow_BS32_tegrastats_power.csv
random_2026-03,bench_meta.json,batch|cuda_device|device_type|git_commit|git_status|imgsz|iters|measure_accuracy|metrics|model|precision|pretrained|seed|timestamp|torch_version|torchvision_version|warmup :: metrics=duration_s|iterations|latency_avg_ms|latency_p50_ms|throughput_img_s|top1,Ergebnisse_23.03.2026 (zufällige Reihenfolge)/resnet50_fp16_slow_BS64_bench_meta.json
random_2026-03,perf.csv,iter|batch|latency_ms|img_per_s|acc_top1,Ergebnisse_23.03.2026 (zufällige Reihenfolge)/resnet50_fp16_slow_BS64_perf.csv
random_2026-03,tegrastats_power.csv,sample_index|elapsed_s|power_W,Ergebnisse_23.03.2026 (zufällige Reihenfolge)/resnet50_fp16_slow_BS64_tegrastats_power.csv
random_2026-03,bench_meta.json,batch|cuda_device|device_type|git_commit|git_status|imgsz|iters|measure_accuracy|metrics|model|precision|pretrained|seed|timestamp|torch_version|torchvision_version|warmup :: metrics=duration_s|iterations|latency_avg_ms|latency_p50_ms|throughput_img_s|top1,Ergebnisse_23.03.2026 (zufällige Reihenfolge)/resnet50_fp32_fast_BS128_bench_meta.json
random_2026-03,perf.csv,iter|batch|latency_ms|img_per_s|acc_top1,Ergebnisse_23.03.2026 (zufällige Reihenfolge)/resnet50_fp32_fast_BS128_perf.csv
random_2026-03,tegrastats_power.csv,sample_index|elapsed_s|power_W,Ergebnisse_23.03.2026 (zufällige Reihenfolge)/resnet50_fp32_fast_BS128_tegrastats_power.csv
random_2026-03,bench_meta.json,batch|cuda_device|device_type|git_commit|git_status|imgsz|iters|measure_accuracy|metrics|model|precision|pretrained|seed|timestamp|torch_version|torchvision_version|warmup :: metrics=duration_s|iterations|latency_avg_ms|latency_p50_ms|throughput_img_s|top1,Ergebnisse_23.03.2026 (zufällige Reihenfolge)/resnet50_fp32_fast_BS32_bench_meta.json
random_2026-03,perf.csv,iter|batch|latency_ms|img_per_s|acc_top1,Ergebnisse_23.03.2026 (zufällige Reihenfolge)/resnet50_fp32_fast_BS32_perf.csv
random_2026-03,tegrastats_power.csv,sample_index|elapsed_s|power_W,Ergebnisse_23.03.2026 (zufällige Reihenfolge)/resnet50_fp32_fast_BS32_tegrastats_power.csv
random_2026-03,bench_meta.json,batch|cuda_device|device_type|git_commit|git_status|imgsz|iters|measure_accuracy|metrics|model|precision|pretrained|seed|timestamp|torch_version|torchvision_version|warmup :: metrics=duration_s|iterations|latency_avg_ms|latency_p50_ms|throughput_img_s|top1,Ergebnisse_23.03.2026 (zufällige Reihenfolge)/resnet50_fp32_fast_BS64_bench_meta.json
random_2026-03,perf.csv,iter|batch|latency_ms|img_per_s|acc_top1,Ergebnisse_23.03.2026 (zufällige Reihenfolge)/resnet50_fp32_fast_BS64_perf.csv
random_2026-03,tegrastats_power.csv,sample_index|elapsed_s|power_W,Ergebnisse_23.03.2026 (zufällige Reihenfolge)/resnet50_fp32_fast_BS64_tegrastats_power.csv
random_2026-03,bench_meta.json,batch|cuda_device|device_type|git_commit|git_status|imgsz|iters|measure_accuracy|metrics|model|precision|pretrained|seed|timestamp|torch_version|torchvision_version|warmup :: metrics=duration_s|iterations|latency_avg_ms|latency_p50_ms|throughput_img_s|top1,Ergebnisse_23.03.2026 (zufällige Reihenfolge)/resnet50_fp32_medium_BS128_bench_meta.json
random_2026-03,perf.csv,iter|batch|latency_ms|img_per_s|acc_top1,Ergebnisse_23.03.2026 (zufällige Reihenfolge)/resnet50_fp32_medium_BS128_perf.csv
random_2026-03,tegrastats_power.csv,sample_index|elapsed_s|power_W,Ergebnisse_23.03.2026 (zufällige Reihenfolge)/resnet50_fp32_medium_BS128_tegrastats_power.csv
random_2026-03,bench_meta.json,batch|cuda_device|device_type|git_commit|git_status|imgsz|iters|measure_accuracy|metrics|model|precision|pretrained|seed|timestamp|torch_version|torchvision_version|warmup :: metrics=duration_s|iterations|latency_avg_ms|latency_p50_ms|throughput_img_s|top1,Ergebnisse_23.03.2026 (zufällige Reihenfolge)/resnet50_fp32_medium_BS32_bench_meta.json
random_2026-03,perf.csv,iter|batch|latency_ms|img_per_s|acc_top1,Ergebnisse_23.03.2026 (zufällige Reihenfolge)/resnet50_fp32_medium_BS32_perf.csv
random_2026-03,tegrastats_power.csv,sample_index|elapsed_s|power_W,Ergebnisse_23.03.2026 (zufällige Reihenfolge)/resnet50_fp32_medium_BS32_tegrastats_power.csv
random_2026-03,bench_meta.json,batch|cuda_device|device_type|git_commit|git_status|imgsz|iters|measure_accuracy|metrics|model|precision|pretrained|seed|timestamp|torch_version|torchvision_version|warmup :: metrics=duration_s|iterations|latency_avg_ms|latency_p50_ms|throughput_img_s|top1,Ergebnisse_23.03.2026 (zufällige Reihenfolge)/resnet50_fp32_medium_BS64_bench_meta.json
random_2026-03,perf.csv,iter|batch|latency_ms|img_per_s|acc_top1,Ergebnisse_23.03.2026 (zufällige Reihenfolge)/resnet50_fp32_medium_BS64_perf.csv
random_2026-03,tegrastats_power.csv,sample_index|elapsed_s|power_W,Ergebnisse_23.03.2026 (zufällige Reihenfolge)/resnet50_fp32_medium_BS64_tegrastats_power.csv
random_2026-03,bench_meta.json,batch|cuda_device|device_type|git_commit|git_status|imgsz|iters|measure_accuracy|metrics|model|precision|pretrained|seed|timestamp|torch_version|torchvision_version|warmup :: metrics=duration_s|iterations|latency_avg_ms|latency_p50_ms|throughput_img_s|top1,Ergebnisse_23.03.2026 (zufällige Reihenfolge)/resnet50_fp32_slow_BS128_bench_meta.json
random_2026-03,perf.csv,iter|batch|latency_ms|img_per_s|acc_top1,Ergebnisse_23.03.2026 (zufällige Reihenfolge)/resnet50_fp32_slow_BS128_perf.csv
random_2026-03,tegrastats_power.csv,sample_index|elapsed_s|power_W,Ergebnisse_23.03.2026 (zufällige Reihenfolge)/resnet50_fp32_slow_BS128_tegrastats_power.csv
random_2026-03,bench_meta.json,batch|cuda_device|device_type|git_commit|git_status|imgsz|iters|measure_accuracy|metrics|model|precision|pretrained|seed|timestamp|torch_version|torchvision_version|warmup :: metrics=duration_s|iterations|latency_avg_ms|latency_p50_ms|throughput_img_s|top1,Ergebnisse_23.03.2026 (zufällige Reihenfolge)/resnet50_fp32_slow_BS32_bench_meta.json
random_2026-03,perf.csv,iter|batch|latency_ms|img_per_s|acc_top1,Ergebnisse_23.03.2026 (zufällige Reihenfolge)/resnet50_fp32_slow_BS32_perf.csv
random_2026-03,tegrastats_power.csv,sample_index|elapsed_s|power_W,Ergebnisse_23.03.2026 (zufällige Reihenfolge)/resnet50_fp32_slow_BS32_tegrastats_power.csv
random_2026-03,bench_meta.json,batch|cuda_device|device_type|git_commit|git_status|imgsz|iters|measure_accuracy|metrics|model|precision|pretrained|seed|timestamp|torch_version|torchvision_version|warmup :: metrics=duration_s|iterations|latency_avg_ms|latency_p50_ms|throughput_img_s|top1,Ergebnisse_23.03.2026 (zufällige Reihenfolge)/resnet50_fp32_slow_BS64_bench_meta.json
random_2026-03,perf.csv,iter|batch|latency_ms|img_per_s|acc_top1,Ergebnisse_23.03.2026 (zufällige Reihenfolge)/resnet50_fp32_slow_BS64_perf.csv
random_2026-03,tegrastats_power.csv,sample_index|elapsed_s|power_W,Ergebnisse_23.03.2026 (zufällige Reihenfolge)/resnet50_fp32_slow_BS64_tegrastats_power.csv
random_2026-03,bench_meta.json,batch|cuda_device|device_type|git_commit|git_status|imgsz|iters|measure_accuracy|metrics|model|precision|pretrained|seed|timestamp|torch_version|torchvision_version|warmup :: metrics=duration_s|iterations|latency_avg_ms|latency_p50_ms|throughput_img_s|top1,Ergebnisse_23.03.2026 (zufällige Reihenfolge)/resnet50_fp64_fast_BS128_bench_meta.json
random_2026-03,perf.csv,iter|batch|latency_ms|img_per_s|acc_top1,Ergebnisse_23.03.2026 (zufällige Reihenfolge)/resnet50_fp64_fast_BS128_perf.csv
random_2026-03,tegrastats_power.csv,sample_index|elapsed_s|power_W,Ergebnisse_23.03.2026 (zufällige Reihenfolge)/resnet50_fp64_fast_BS128_tegrastats_power.csv
random_2026-03,bench_meta.json,batch|cuda_device|device_type|git_commit|git_status|imgsz|iters|measure_accuracy|metrics|model|precision|pretrained|seed|timestamp|torch_version|torchvision_version|warmup :: metrics=duration_s|iterations|latency_avg_ms|latency_p50_ms|throughput_img_s|top1,Ergebnisse_23.03.2026 (zufällige Reihenfolge)/resnet50_fp64_fast_BS32_bench_meta.json
random_2026-03,perf.csv,iter|batch|latency_ms|img_per_s|acc_top1,Ergebnisse_23.03.2026 (zufällige Reihenfolge)/resnet50_fp64_fast_BS32_perf.csv
random_2026-03,tegrastats_power.csv,sample_index|elapsed_s|power_W,Ergebnisse_23.03.2026 (zufällige Reihenfolge)/resnet50_fp64_fast_BS32_tegrastats_power.csv
random_2026-03,bench_meta.json,batch|cuda_device|device_type|git_commit|git_status|imgsz|iters|measure_accuracy|metrics|model|precision|pretrained|seed|timestamp|torch_version|torchvision_version|warmup :: metrics=duration_s|iterations|latency_avg_ms|latency_p50_ms|throughput_img_s|top1,Ergebnisse_23.03.2026 (zufällige Reihenfolge)/resnet50_fp64_fast_BS64_bench_meta.json
random_2026-03,perf.csv,iter|batch|latency_ms|img_per_s|acc_top1,Ergebnisse_23.03.2026 (zufällige Reihenfolge)/resnet50_fp64_fast_BS64_perf.csv
random_2026-03,tegrastats_power.csv,sample_index|elapsed_s|power_W,Ergebnisse_23.03.2026 (zufällige Reihenfolge)/resnet50_fp64_fast_BS64_tegrastats_power.csv
random_2026-03,bench_meta.json,batch|cuda_device|device_type|git_commit|git_status|imgsz|iters|measure_accuracy|metrics|model|precision|pretrained|seed|timestamp|torch_version|torchvision_version|warmup :: metrics=duration_s|iterations|latency_avg_ms|latency_p50_ms|throughput_img_s|top1,Ergebnisse_23.03.2026 (zufällige Reihenfolge)/resnet50_fp64_medium_BS128_bench_meta.json
random_2026-03,perf.csv,iter|batch|latency_ms|img_per_s|acc_top1,Ergebnisse_23.03.2026 (zufällige Reihenfolge)/resnet50_fp64_medium_BS128_perf.csv
random_2026-03,tegrastats_power.csv,sample_index|elapsed_s|power_W,Ergebnisse_23.03.2026 (zufällige Reihenfolge)/resnet50_fp64_medium_BS128_tegrastats_power.csv
random_2026-03,bench_meta.json,batch|cuda_device|device_type|git_commit|git_status|imgsz|iters|measure_accuracy|metrics|model|precision|pretrained|seed|timestamp|torch_version|torchvision_version|warmup :: metrics=duration_s|iterations|latency_avg_ms|latency_p50_ms|throughput_img_s|top1,Ergebnisse_23.03.2026 (zufällige Reihenfolge)/resnet50_fp64_medium_BS32_bench_meta.json
random_2026-03,perf.csv,iter|batch|latency_ms|img_per_s|acc_top1,Ergebnisse_23.03.2026 (zufällige Reihenfolge)/resnet50_fp64_medium_BS32_perf.csv
random_2026-03,tegrastats_power.csv,sample_index|elapsed_s|power_W,Ergebnisse_23.03.2026 (zufällige Reihenfolge)/resnet50_fp64_medium_BS32_tegrastats_power.csv
random_2026-03,bench_meta.json,batch|cuda_device|device_type|git_commit|git_status|imgsz|iters|measure_accuracy|metrics|model|precision|pretrained|seed|timestamp|torch_version|torchvision_version|warmup :: metrics=duration_s|iterations|latency_avg_ms|latency_p50_ms|throughput_img_s|top1,Ergebnisse_23.03.2026 (zufällige Reihenfolge)/resnet50_fp64_medium_BS64_bench_meta.json
random_2026-03,perf.csv,iter|batch|latency_ms|img_per_s|acc_top1,Ergebnisse_23.03.2026 (zufällige Reihenfolge)/resnet50_fp64_medium_BS64_perf.csv
random_2026-03,tegrastats_power.csv,sample_index|elapsed_s|power_W,Ergebnisse_23.03.2026 (zufällige Reihenfolge)/resnet50_fp64_medium_BS64_tegrastats_power.csv
random_2026-03,bench_meta.json,batch|cuda_device|device_type|git_commit|git_status|imgsz|iters|measure_accuracy|metrics|model|precision|pretrained|seed|timestamp|torch_version|torchvision_version|warmup :: metrics=duration_s|iterations|latency_avg_ms|latency_p50_ms|throughput_img_s|top1,Ergebnisse_23.03.2026 (zufällige Reihenfolge)/resnet50_fp64_slow_BS128_bench_meta.json
random_2026-03,perf.csv,iter|batch|latency_ms|img_per_s|acc_top1,Ergebnisse_23.03.2026 (zufällige Reihenfolge)/resnet50_fp64_slow_BS128_perf.csv
random_2026-03,tegrastats_power.csv,sample_index|elapsed_s|power_W,Ergebnisse_23.03.2026 (zufällige Reihenfolge)/resnet50_fp64_slow_BS128_tegrastats_power.csv
random_2026-03,bench_meta.json,batch|cuda_device|device_type|git_commit|git_status|imgsz|iters|measure_accuracy|metrics|model|precision|pretrained|seed|timestamp|torch_version|torchvision_version|warmup :: metrics=duration_s|iterations|latency_avg_ms|latency_p50_ms|throughput_img_s|top1,Ergebnisse_23.03.2026 (zufällige Reihenfolge)/resnet50_fp64_slow_BS32_bench_meta.json
random_2026-03,perf.csv,iter|batch|latency_ms|img_per_s|acc_top1,Ergebnisse_23.03.2026 (zufällige Reihenfolge)/resnet50_fp64_slow_BS32_perf.csv
random_2026-03,tegrastats_power.csv,sample_index|elapsed_s|power_W,Ergebnisse_23.03.2026 (zufällige Reihenfolge)/resnet50_fp64_slow_BS32_tegrastats_power.csv
random_2026-03,bench_meta.json,batch|cuda_device|device_type|git_commit|git_status|imgsz|iters|measure_accuracy|metrics|model|precision|pretrained|seed|timestamp|torch_version|torchvision_version|warmup :: metrics=duration_s|iterations|latency_avg_ms|latency_p50_ms|throughput_img_s|top1,Ergebnisse_23.03.2026 (zufällige Reihenfolge)/resnet50_fp64_slow_BS64_bench_meta.json
random_2026-03,perf.csv,iter|batch|latency_ms|img_per_s|acc_top1,Ergebnisse_23.03.2026 (zufällige Reihenfolge)/resnet50_fp64_slow_BS64_perf.csv
random_2026-03,tegrastats_power.csv,sample_index|elapsed_s|power_W,Ergebnisse_23.03.2026 (zufällige Reihenfolge)/resnet50_fp64_slow_BS64_tegrastats_power.csv
Clone1,bench_meta.json,batch|cuda_device|device_type|git_commit|git_status|imgsz|iters|measure_accuracy|metrics|model|precision|pretrained|seed|timestamp|torch_version|torchvision_version|warmup :: metrics=duration_s|iterations|latency_avg_ms|latency_p50_ms|throughput_img_s|top1,Ergebnisse_Clone1_13.07.2026/mobilenet_v2_fp16_fast_BS1_bench_meta.json
Clone1,perf.csv,iter|batch|latency_ms|img_per_s|acc_top1,Ergebnisse_Clone1_13.07.2026/mobilenet_v2_fp16_fast_BS1_perf.csv
Clone1,tegrastats_power.csv,sample_index|elapsed_s|power_W,Ergebnisse_Clone1_13.07.2026/mobilenet_v2_fp16_fast_BS1_tegrastats_power.csv
Clone1,bench_meta.json,batch|cuda_device|device_type|git_commit|git_status|imgsz|iters|measure_accuracy|metrics|model|precision|pretrained|seed|timestamp|torch_version|torchvision_version|warmup :: metrics=duration_s|iterations|latency_avg_ms|latency_p50_ms|throughput_img_s|top1,Ergebnisse_Clone1_13.07.2026/mobilenet_v2_fp16_fast_BS128_bench_meta.json
Clone1,perf.csv,iter|batch|latency_ms|img_per_s|acc_top1,Ergebnisse_Clone1_13.07.2026/mobilenet_v2_fp16_fast_BS128_perf.csv
Clone1,tegrastats_power.csv,sample_index|elapsed_s|power_W,Ergebnisse_Clone1_13.07.2026/mobilenet_v2_fp16_fast_BS128_tegrastats_power.csv
Clone1,bench_meta.json,batch|cuda_device|device_type|git_commit|git_status|imgsz|iters|measure_accuracy|metrics|model|precision|pretrained|seed|timestamp|torch_version|torchvision_version|warmup :: metrics=duration_s|iterations|latency_avg_ms|latency_p50_ms|throughput_img_s|top1,Ergebnisse_Clone1_13.07.2026/mobilenet_v2_fp16_fast_BS16_bench_meta.json
Clone1,perf.csv,iter|batch|latency_ms|img_per_s|acc_top1,Ergebnisse_Clone1_13.07.2026/mobilenet_v2_fp16_fast_BS16_perf.csv
Clone1,tegrastats_power.csv,sample_index|elapsed_s|power_W,Ergebnisse_Clone1_13.07.2026/mobilenet_v2_fp16_fast_BS16_tegrastats_power.csv
Clone1,bench_meta.json,batch|cuda_device|device_type|git_commit|git_status|imgsz|iters|measure_accuracy|metrics|model|precision|pretrained|seed|timestamp|torch_version|torchvision_version|warmup :: metrics=duration_s|iterations|latency_avg_ms|latency_p50_ms|throughput_img_s|top1,Ergebnisse_Clone1_13.07.2026/mobilenet_v2_fp16_fast_BS32_bench_meta.json
Clone1,perf.csv,iter|batch|latency_ms|img_per_s|acc_top1,Ergebnisse_Clone1_13.07.2026/mobilenet_v2_fp16_fast_BS32_perf.csv
Clone1,tegrastats_power.csv,sample_index|elapsed_s|power_W,Ergebnisse_Clone1_13.07.2026/mobilenet_v2_fp16_fast_BS32_tegrastats_power.csv
Clone1,bench_meta.json,batch|cuda_device|device_type|git_commit|git_status|imgsz|iters|measure_accuracy|metrics|model|precision|pretrained|seed|timestamp|torch_version|torchvision_version|warmup :: metrics=duration_s|iterations|latency_avg_ms|latency_p50_ms|throughput_img_s|top1,Ergebnisse_Clone1_13.07.2026/mobilenet_v2_fp16_fast_BS4_bench_meta.json
Clone1,perf.csv,iter|batch|latency_ms|img_per_s|acc_top1,Ergebnisse_Clone1_13.07.2026/mobilenet_v2_fp16_fast_BS4_perf.csv
Clone1,tegrastats_power.csv,sample_index|elapsed_s|power_W,Ergebnisse_Clone1_13.07.2026/mobilenet_v2_fp16_fast_BS4_tegrastats_power.csv
Clone1,bench_meta.json,batch|cuda_device|device_type|git_commit|git_status|imgsz|iters|measure_accuracy|metrics|model|precision|pretrained|seed|timestamp|torch_version|torchvision_version|warmup :: metrics=duration_s|iterations|latency_avg_ms|latency_p50_ms|throughput_img_s|top1,Ergebnisse_Clone1_13.07.2026/mobilenet_v2_fp16_fast_BS64_bench_meta.json
Clone1,perf.csv,iter|batch|latency_ms|img_per_s|acc_top1,Ergebnisse_Clone1_13.07.2026/mobilenet_v2_fp16_fast_BS64_perf.csv
Clone1,tegrastats_power.csv,sample_index|elapsed_s|power_W,Ergebnisse_Clone1_13.07.2026/mobilenet_v2_fp16_fast_BS64_tegrastats_power.csv
Clone1,bench_meta.json,batch|cuda_device|device_type|git_commit|git_status|imgsz|iters|measure_accuracy|metrics|model|precision|pretrained|seed|timestamp|torch_version|torchvision_version|warmup :: metrics=duration_s|iterations|latency_avg_ms|latency_p50_ms|throughput_img_s|top1,Ergebnisse_Clone1_13.07.2026/mobilenet_v2_fp16_fast_BS8_bench_meta.json
Clone1,perf.csv,iter|batch|latency_ms|img_per_s|acc_top1,Ergebnisse_Clone1_13.07.2026/mobilenet_v2_fp16_fast_BS8_perf.csv
Clone1,tegrastats_power.csv,sample_index|elapsed_s|power_W,Ergebnisse_Clone1_13.07.2026/mobilenet_v2_fp16_fast_BS8_tegrastats_power.csv
Clone1,bench_meta.json,batch|cuda_device|device_type|git_commit|git_status|imgsz|iters|measure_accuracy|metrics|model|precision|pretrained|seed|timestamp|torch_version|torchvision_version|warmup :: metrics=duration_s|iterations|latency_avg_ms|latency_p50_ms|throughput_img_s|top1,Ergebnisse_Clone1_13.07.2026/mobilenet_v2_fp16_medium_BS1_bench_meta.json
Clone1,perf.csv,iter|batch|latency_ms|img_per_s|acc_top1,Ergebnisse_Clone1_13.07.2026/mobilenet_v2_fp16_medium_BS1_perf.csv
Clone1,tegrastats_power.csv,sample_index|elapsed_s|power_W,Ergebnisse_Clone1_13.07.2026/mobilenet_v2_fp16_medium_BS1_tegrastats_power.csv
Clone1,bench_meta.json,batch|cuda_device|device_type|git_commit|git_status|imgsz|iters|measure_accuracy|metrics|model|precision|pretrained|seed|timestamp|torch_version|torchvision_version|warmup :: metrics=duration_s|iterations|latency_avg_ms|latency_p50_ms|throughput_img_s|top1,Ergebnisse_Clone1_13.07.2026/mobilenet_v2_fp16_medium_BS128_bench_meta.json
Clone1,perf.csv,iter|batch|latency_ms|img_per_s|acc_top1,Ergebnisse_Clone1_13.07.2026/mobilenet_v2_fp16_medium_BS128_perf.csv
Clone1,tegrastats_power.csv,sample_index|elapsed_s|power_W,Ergebnisse_Clone1_13.07.2026/mobilenet_v2_fp16_medium_BS128_tegrastats_power.csv
Clone1,bench_meta.json,batch|cuda_device|device_type|git_commit|git_status|imgsz|iters|measure_accuracy|metrics|model|precision|pretrained|seed|timestamp|torch_version|torchvision_version|warmup :: metrics=duration_s|iterations|latency_avg_ms|latency_p50_ms|throughput_img_s|top1,Ergebnisse_Clone1_13.07.2026/mobilenet_v2_fp16_medium_BS16_bench_meta.json
Clone1,perf.csv,iter|batch|latency_ms|img_per_s|acc_top1,Ergebnisse_Clone1_13.07.2026/mobilenet_v2_fp16_medium_BS16_perf.csv
Clone1,tegrastats_power.csv,sample_index|elapsed_s|power_W,Ergebnisse_Clone1_13.07.2026/mobilenet_v2_fp16_medium_BS16_tegrastats_power.csv
Clone1,bench_meta.json,batch|cuda_device|device_type|git_commit|git_status|imgsz|iters|measure_accuracy|metrics|model|precision|pretrained|seed|timestamp|torch_version|torchvision_version|warmup :: metrics=duration_s|iterations|latency_avg_ms|latency_p50_ms|throughput_img_s|top1,Ergebnisse_Clone1_13.07.2026/mobilenet_v2_fp16_medium_BS32_bench_meta.json
Clone1,perf.csv,iter|batch|latency_ms|img_per_s|acc_top1,Ergebnisse_Clone1_13.07.2026/mobilenet_v2_fp16_medium_BS32_perf.csv
Clone1,tegrastats_power.csv,sample_index|elapsed_s|power_W,Ergebnisse_Clone1_13.07.2026/mobilenet_v2_fp16_medium_BS32_tegrastats_power.csv
Clone1,bench_meta.json,batch|cuda_device|device_type|git_commit|git_status|imgsz|iters|measure_accuracy|metrics|model|precision|pretrained|seed|timestamp|torch_version|torchvision_version|warmup :: metrics=duration_s|iterations|latency_avg_ms|latency_p50_ms|throughput_img_s|top1,Ergebnisse_Clone1_13.07.2026/mobilenet_v2_fp16_medium_BS4_bench_meta.json
Clone1,perf.csv,iter|batch|latency_ms|img_per_s|acc_top1,Ergebnisse_Clone1_13.07.2026/mobilenet_v2_fp16_medium_BS4_perf.csv
Clone1,tegrastats_power.csv,sample_index|elapsed_s|power_W,Ergebnisse_Clone1_13.07.2026/mobilenet_v2_fp16_medium_BS4_tegrastats_power.csv
Clone1,bench_meta.json,batch|cuda_device|device_type|git_commit|git_status|imgsz|iters|measure_accuracy|metrics|model|precision|pretrained|seed|timestamp|torch_version|torchvision_version|warmup :: metrics=duration_s|iterations|latency_avg_ms|latency_p50_ms|throughput_img_s|top1,Ergebnisse_Clone1_13.07.2026/mobilenet_v2_fp16_medium_BS64_bench_meta.json
Clone1,perf.csv,iter|batch|latency_ms|img_per_s|acc_top1,Ergebnisse_Clone1_13.07.2026/mobilenet_v2_fp16_medium_BS64_perf.csv
Clone1,tegrastats_power.csv,sample_index|elapsed_s|power_W,Ergebnisse_Clone1_13.07.2026/mobilenet_v2_fp16_medium_BS64_tegrastats_power.csv
Clone1,bench_meta.json,batch|cuda_device|device_type|git_commit|git_status|imgsz|iters|measure_accuracy|metrics|model|precision|pretrained|seed|timestamp|torch_version|torchvision_version|warmup :: metrics=duration_s|iterations|latency_avg_ms|latency_p50_ms|throughput_img_s|top1,Ergebnisse_Clone1_13.07.2026/mobilenet_v2_fp16_medium_BS8_bench_meta.json
Clone1,perf.csv,iter|batch|latency_ms|img_per_s|acc_top1,Ergebnisse_Clone1_13.07.2026/mobilenet_v2_fp16_medium_BS8_perf.csv
Clone1,tegrastats_power.csv,sample_index|elapsed_s|power_W,Ergebnisse_Clone1_13.07.2026/mobilenet_v2_fp16_medium_BS8_tegrastats_power.csv
Clone1,bench_meta.json,batch|cuda_device|device_type|git_commit|git_status|imgsz|iters|measure_accuracy|metrics|model|precision|pretrained|seed|timestamp|torch_version|torchvision_version|warmup :: metrics=duration_s|iterations|latency_avg_ms|latency_p50_ms|throughput_img_s|top1,Ergebnisse_Clone1_13.07.2026/mobilenet_v2_fp16_slow_BS1_bench_meta.json
Clone1,perf.csv,iter|batch|latency_ms|img_per_s|acc_top1,Ergebnisse_Clone1_13.07.2026/mobilenet_v2_fp16_slow_BS1_perf.csv
Clone1,tegrastats_power.csv,sample_index|elapsed_s|power_W,Ergebnisse_Clone1_13.07.2026/mobilenet_v2_fp16_slow_BS1_tegrastats_power.csv
Clone1,bench_meta.json,batch|cuda_device|device_type|git_commit|git_status|imgsz|iters|measure_accuracy|metrics|model|precision|pretrained|seed|timestamp|torch_version|torchvision_version|warmup :: metrics=duration_s|iterations|latency_avg_ms|latency_p50_ms|throughput_img_s|top1,Ergebnisse_Clone1_13.07.2026/mobilenet_v2_fp16_slow_BS128_bench_meta.json
Clone1,perf.csv,iter|batch|latency_ms|img_per_s|acc_top1,Ergebnisse_Clone1_13.07.2026/mobilenet_v2_fp16_slow_BS128_perf.csv
Clone1,tegrastats_power.csv,sample_index|elapsed_s|power_W,Ergebnisse_Clone1_13.07.2026/mobilenet_v2_fp16_slow_BS128_tegrastats_power.csv
Clone1,bench_meta.json,batch|cuda_device|device_type|git_commit|git_status|imgsz|iters|measure_accuracy|metrics|model|precision|pretrained|seed|timestamp|torch_version|torchvision_version|warmup :: metrics=duration_s|iterations|latency_avg_ms|latency_p50_ms|throughput_img_s|top1,Ergebnisse_Clone1_13.07.2026/mobilenet_v2_fp16_slow_BS16_bench_meta.json
Clone1,perf.csv,iter|batch|latency_ms|img_per_s|acc_top1,Ergebnisse_Clone1_13.07.2026/mobilenet_v2_fp16_slow_BS16_perf.csv
Clone1,tegrastats_power.csv,sample_index|elapsed_s|power_W,Ergebnisse_Clone1_13.07.2026/mobilenet_v2_fp16_slow_BS16_tegrastats_power.csv
Clone1,bench_meta.json,batch|cuda_device|device_type|git_commit|git_status|imgsz|iters|measure_accuracy|metrics|model|precision|pretrained|seed|timestamp|torch_version|torchvision_version|warmup :: metrics=duration_s|iterations|latency_avg_ms|latency_p50_ms|throughput_img_s|top1,Ergebnisse_Clone1_13.07.2026/mobilenet_v2_fp16_slow_BS32_bench_meta.json
Clone1,perf.csv,iter|batch|latency_ms|img_per_s|acc_top1,Ergebnisse_Clone1_13.07.2026/mobilenet_v2_fp16_slow_BS32_perf.csv
Clone1,tegrastats_power.csv,sample_index|elapsed_s|power_W,Ergebnisse_Clone1_13.07.2026/mobilenet_v2_fp16_slow_BS32_tegrastats_power.csv
Clone1,bench_meta.json,batch|cuda_device|device_type|git_commit|git_status|imgsz|iters|measure_accuracy|metrics|model|precision|pretrained|seed|timestamp|torch_version|torchvision_version|warmup :: metrics=duration_s|iterations|latency_avg_ms|latency_p50_ms|throughput_img_s|top1,Ergebnisse_Clone1_13.07.2026/mobilenet_v2_fp16_slow_BS4_bench_meta.json
Clone1,perf.csv,iter|batch|latency_ms|img_per_s|acc_top1,Ergebnisse_Clone1_13.07.2026/mobilenet_v2_fp16_slow_BS4_perf.csv
Clone1,tegrastats_power.csv,sample_index|elapsed_s|power_W,Ergebnisse_Clone1_13.07.2026/mobilenet_v2_fp16_slow_BS4_tegrastats_power.csv
Clone1,bench_meta.json,batch|cuda_device|device_type|git_commit|git_status|imgsz|iters|measure_accuracy|metrics|model|precision|pretrained|seed|timestamp|torch_version|torchvision_version|warmup :: metrics=duration_s|iterations|latency_avg_ms|latency_p50_ms|throughput_img_s|top1,Ergebnisse_Clone1_13.07.2026/mobilenet_v2_fp16_slow_BS64_bench_meta.json
Clone1,perf.csv,iter|batch|latency_ms|img_per_s|acc_top1,Ergebnisse_Clone1_13.07.2026/mobilenet_v2_fp16_slow_BS64_perf.csv
Clone1,tegrastats_power.csv,sample_index|elapsed_s|power_W,Ergebnisse_Clone1_13.07.2026/mobilenet_v2_fp16_slow_BS64_tegrastats_power.csv
Clone1,bench_meta.json,batch|cuda_device|device_type|git_commit|git_status|imgsz|iters|measure_accuracy|metrics|model|precision|pretrained|seed|timestamp|torch_version|torchvision_version|warmup :: metrics=duration_s|iterations|latency_avg_ms|latency_p50_ms|throughput_img_s|top1,Ergebnisse_Clone1_13.07.2026/mobilenet_v2_fp16_slow_BS8_bench_meta.json
Clone1,perf.csv,iter|batch|latency_ms|img_per_s|acc_top1,Ergebnisse_Clone1_13.07.2026/mobilenet_v2_fp16_slow_BS8_perf.csv
Clone1,tegrastats_power.csv,sample_index|elapsed_s|power_W,Ergebnisse_Clone1_13.07.2026/mobilenet_v2_fp16_slow_BS8_tegrastats_power.csv
Clone1,bench_meta.json,batch|cuda_device|device_type|git_commit|git_status|imgsz|iters|measure_accuracy|metrics|model|precision|pretrained|seed|timestamp|torch_version|torchvision_version|warmup :: metrics=duration_s|iterations|latency_avg_ms|latency_p50_ms|throughput_img_s|top1,Ergebnisse_Clone1_13.07.2026/mobilenet_v2_fp32_fast_BS1_bench_meta.json
Clone1,perf.csv,iter|batch|latency_ms|img_per_s|acc_top1,Ergebnisse_Clone1_13.07.2026/mobilenet_v2_fp32_fast_BS1_perf.csv
Clone1,tegrastats_power.csv,sample_index|elapsed_s|power_W,Ergebnisse_Clone1_13.07.2026/mobilenet_v2_fp32_fast_BS1_tegrastats_power.csv
Clone1,bench_meta.json,batch|cuda_device|device_type|git_commit|git_status|imgsz|iters|measure_accuracy|metrics|model|precision|pretrained|seed|timestamp|torch_version|torchvision_version|warmup :: metrics=duration_s|iterations|latency_avg_ms|latency_p50_ms|throughput_img_s|top1,Ergebnisse_Clone1_13.07.2026/mobilenet_v2_fp32_fast_BS128_bench_meta.json
Clone1,perf.csv,iter|batch|latency_ms|img_per_s|acc_top1,Ergebnisse_Clone1_13.07.2026/mobilenet_v2_fp32_fast_BS128_perf.csv
Clone1,tegrastats_power.csv,sample_index|elapsed_s|power_W,Ergebnisse_Clone1_13.07.2026/mobilenet_v2_fp32_fast_BS128_tegrastats_power.csv
Clone1,bench_meta.json,batch|cuda_device|device_type|git_commit|git_status|imgsz|iters|measure_accuracy|metrics|model|precision|pretrained|seed|timestamp|torch_version|torchvision_version|warmup :: metrics=duration_s|iterations|latency_avg_ms|latency_p50_ms|throughput_img_s|top1,Ergebnisse_Clone1_13.07.2026/mobilenet_v2_fp32_fast_BS16_bench_meta.json
Clone1,perf.csv,iter|batch|latency_ms|img_per_s|acc_top1,Ergebnisse_Clone1_13.07.2026/mobilenet_v2_fp32_fast_BS16_perf.csv
Clone1,tegrastats_power.csv,sample_index|elapsed_s|power_W,Ergebnisse_Clone1_13.07.2026/mobilenet_v2_fp32_fast_BS16_tegrastats_power.csv
Clone1,bench_meta.json,batch|cuda_device|device_type|git_commit|git_status|imgsz|iters|measure_accuracy|metrics|model|precision|pretrained|seed|timestamp|torch_version|torchvision_version|warmup :: metrics=duration_s|iterations|latency_avg_ms|latency_p50_ms|throughput_img_s|top1,Ergebnisse_Clone1_13.07.2026/mobilenet_v2_fp32_fast_BS32_bench_meta.json
Clone1,perf.csv,iter|batch|latency_ms|img_per_s|acc_top1,Ergebnisse_Clone1_13.07.2026/mobilenet_v2_fp32_fast_BS32_perf.csv
Clone1,tegrastats_power.csv,sample_index|elapsed_s|power_W,Ergebnisse_Clone1_13.07.2026/mobilenet_v2_fp32_fast_BS32_tegrastats_power.csv
Clone1,bench_meta.json,batch|cuda_device|device_type|git_commit|git_status|imgsz|iters|measure_accuracy|metrics|model|precision|pretrained|seed|timestamp|torch_version|torchvision_version|warmup :: metrics=duration_s|iterations|latency_avg_ms|latency_p50_ms|throughput_img_s|top1,Ergebnisse_Clone1_13.07.2026/mobilenet_v2_fp32_fast_BS4_bench_meta.json
Clone1,perf.csv,iter|batch|latency_ms|img_per_s|acc_top1,Ergebnisse_Clone1_13.07.2026/mobilenet_v2_fp32_fast_BS4_perf.csv
Clone1,tegrastats_power.csv,sample_index|elapsed_s|power_W,Ergebnisse_Clone1_13.07.2026/mobilenet_v2_fp32_fast_BS4_tegrastats_power.csv
Clone1,bench_meta.json,batch|cuda_device|device_type|git_commit|git_status|imgsz|iters|measure_accuracy|metrics|model|precision|pretrained|seed|timestamp|torch_version|torchvision_version|warmup :: metrics=duration_s|iterations|latency_avg_ms|latency_p50_ms|throughput_img_s|top1,Ergebnisse_Clone1_13.07.2026/mobilenet_v2_fp32_fast_BS64_bench_meta.json
Clone1,perf.csv,iter|batch|latency_ms|img_per_s|acc_top1,Ergebnisse_Clone1_13.07.2026/mobilenet_v2_fp32_fast_BS64_perf.csv
Clone1,tegrastats_power.csv,sample_index|elapsed_s|power_W,Ergebnisse_Clone1_13.07.2026/mobilenet_v2_fp32_fast_BS64_tegrastats_power.csv
Clone1,bench_meta.json,batch|cuda_device|device_type|git_commit|git_status|imgsz|iters|measure_accuracy|metrics|model|precision|pretrained|seed|timestamp|torch_version|torchvision_version|warmup :: metrics=duration_s|iterations|latency_avg_ms|latency_p50_ms|throughput_img_s|top1,Ergebnisse_Clone1_13.07.2026/mobilenet_v2_fp32_fast_BS8_bench_meta.json
Clone1,perf.csv,iter|batch|latency_ms|img_per_s|acc_top1,Ergebnisse_Clone1_13.07.2026/mobilenet_v2_fp32_fast_BS8_perf.csv
Clone1,tegrastats_power.csv,sample_index|elapsed_s|power_W,Ergebnisse_Clone1_13.07.2026/mobilenet_v2_fp32_fast_BS8_tegrastats_power.csv
Clone1,bench_meta.json,batch|cuda_device|device_type|git_commit|git_status|imgsz|iters|measure_accuracy|metrics|model|precision|pretrained|seed|timestamp|torch_version|torchvision_version|warmup :: metrics=duration_s|iterations|latency_avg_ms|latency_p50_ms|throughput_img_s|top1,Ergebnisse_Clone1_13.07.2026/mobilenet_v2_fp32_medium_BS1_bench_meta.json
Clone1,perf.csv,iter|batch|latency_ms|img_per_s|acc_top1,Ergebnisse_Clone1_13.07.2026/mobilenet_v2_fp32_medium_BS1_perf.csv
Clone1,tegrastats_power.csv,sample_index|elapsed_s|power_W,Ergebnisse_Clone1_13.07.2026/mobilenet_v2_fp32_medium_BS1_tegrastats_power.csv
Clone1,bench_meta.json,batch|cuda_device|device_type|git_commit|git_status|imgsz|iters|measure_accuracy|metrics|model|precision|pretrained|seed|timestamp|torch_version|torchvision_version|warmup :: metrics=duration_s|iterations|latency_avg_ms|latency_p50_ms|throughput_img_s|top1,Ergebnisse_Clone1_13.07.2026/mobilenet_v2_fp32_medium_BS128_bench_meta.json
Clone1,perf.csv,iter|batch|latency_ms|img_per_s|acc_top1,Ergebnisse_Clone1_13.07.2026/mobilenet_v2_fp32_medium_BS128_perf.csv
Clone1,tegrastats_power.csv,sample_index|elapsed_s|power_W,Ergebnisse_Clone1_13.07.2026/mobilenet_v2_fp32_medium_BS128_tegrastats_power.csv
Clone1,bench_meta.json,batch|cuda_device|device_type|git_commit|git_status|imgsz|iters|measure_accuracy|metrics|model|precision|pretrained|seed|timestamp|torch_version|torchvision_version|warmup :: metrics=duration_s|iterations|latency_avg_ms|latency_p50_ms|throughput_img_s|top1,Ergebnisse_Clone1_13.07.2026/mobilenet_v2_fp32_medium_BS16_bench_meta.json
Clone1,perf.csv,iter|batch|latency_ms|img_per_s|acc_top1,Ergebnisse_Clone1_13.07.2026/mobilenet_v2_fp32_medium_BS16_perf.csv
Clone1,tegrastats_power.csv,sample_index|elapsed_s|power_W,Ergebnisse_Clone1_13.07.2026/mobilenet_v2_fp32_medium_BS16_tegrastats_power.csv
Clone1,bench_meta.json,batch|cuda_device|device_type|git_commit|git_status|imgsz|iters|measure_accuracy|metrics|model|precision|pretrained|seed|timestamp|torch_version|torchvision_version|warmup :: metrics=duration_s|iterations|latency_avg_ms|latency_p50_ms|throughput_img_s|top1,Ergebnisse_Clone1_13.07.2026/mobilenet_v2_fp32_medium_BS32_bench_meta.json
Clone1,perf.csv,iter|batch|latency_ms|img_per_s|acc_top1,Ergebnisse_Clone1_13.07.2026/mobilenet_v2_fp32_medium_BS32_perf.csv
Clone1,tegrastats_power.csv,sample_index|elapsed_s|power_W,Ergebnisse_Clone1_13.07.2026/mobilenet_v2_fp32_medium_BS32_tegrastats_power.csv
Clone1,bench_meta.json,batch|cuda_device|device_type|git_commit|git_status|imgsz|iters|measure_accuracy|metrics|model|precision|pretrained|seed|timestamp|torch_version|torchvision_version|warmup :: metrics=duration_s|iterations|latency_avg_ms|latency_p50_ms|throughput_img_s|top1,Ergebnisse_Clone1_13.07.2026/mobilenet_v2_fp32_medium_BS4_bench_meta.json
Clone1,perf.csv,iter|batch|latency_ms|img_per_s|acc_top1,Ergebnisse_Clone1_13.07.2026/mobilenet_v2_fp32_medium_BS4_perf.csv
Clone1,tegrastats_power.csv,sample_index|elapsed_s|power_W,Ergebnisse_Clone1_13.07.2026/mobilenet_v2_fp32_medium_BS4_tegrastats_power.csv
Clone1,bench_meta.json,batch|cuda_device|device_type|git_commit|git_status|imgsz|iters|measure_accuracy|metrics|model|precision|pretrained|seed|timestamp|torch_version|torchvision_version|warmup :: metrics=duration_s|iterations|latency_avg_ms|latency_p50_ms|throughput_img_s|top1,Ergebnisse_Clone1_13.07.2026/mobilenet_v2_fp32_medium_BS64_bench_meta.json
Clone1,perf.csv,iter|batch|latency_ms|img_per_s|acc_top1,Ergebnisse_Clone1_13.07.2026/mobilenet_v2_fp32_medium_BS64_perf.csv
Clone1,tegrastats_power.csv,sample_index|elapsed_s|power_W,Ergebnisse_Clone1_13.07.2026/mobilenet_v2_fp32_medium_BS64_tegrastats_power.csv
Clone1,bench_meta.json,batch|cuda_device|device_type|git_commit|git_status|imgsz|iters|measure_accuracy|metrics|model|precision|pretrained|seed|timestamp|torch_version|torchvision_version|warmup :: metrics=duration_s|iterations|latency_avg_ms|latency_p50_ms|throughput_img_s|top1,Ergebnisse_Clone1_13.07.2026/mobilenet_v2_fp32_medium_BS8_bench_meta.json
Clone1,perf.csv,iter|batch|latency_ms|img_per_s|acc_top1,Ergebnisse_Clone1_13.07.2026/mobilenet_v2_fp32_medium_BS8_perf.csv
Clone1,tegrastats_power.csv,sample_index|elapsed_s|power_W,Ergebnisse_Clone1_13.07.2026/mobilenet_v2_fp32_medium_BS8_tegrastats_power.csv
Clone1,bench_meta.json,batch|cuda_device|device_type|git_commit|git_status|imgsz|iters|measure_accuracy|metrics|model|precision|pretrained|seed|timestamp|torch_version|torchvision_version|warmup :: metrics=duration_s|iterations|latency_avg_ms|latency_p50_ms|throughput_img_s|top1,Ergebnisse_Clone1_13.07.2026/mobilenet_v2_fp32_slow_BS1_bench_meta.json
Clone1,perf.csv,iter|batch|latency_ms|img_per_s|acc_top1,Ergebnisse_Clone1_13.07.2026/mobilenet_v2_fp32_slow_BS1_perf.csv
Clone1,tegrastats_power.csv,sample_index|elapsed_s|power_W,Ergebnisse_Clone1_13.07.2026/mobilenet_v2_fp32_slow_BS1_tegrastats_power.csv
Clone1,bench_meta.json,batch|cuda_device|device_type|git_commit|git_status|imgsz|iters|measure_accuracy|metrics|model|precision|pretrained|seed|timestamp|torch_version|torchvision_version|warmup :: metrics=duration_s|iterations|latency_avg_ms|latency_p50_ms|throughput_img_s|top1,Ergebnisse_Clone1_13.07.2026/mobilenet_v2_fp32_slow_BS128_bench_meta.json
Clone1,perf.csv,iter|batch|latency_ms|img_per_s|acc_top1,Ergebnisse_Clone1_13.07.2026/mobilenet_v2_fp32_slow_BS128_perf.csv
Clone1,tegrastats_power.csv,sample_index|elapsed_s|power_W,Ergebnisse_Clone1_13.07.2026/mobilenet_v2_fp32_slow_BS128_tegrastats_power.csv
Clone1,bench_meta.json,batch|cuda_device|device_type|git_commit|git_status|imgsz|iters|measure_accuracy|metrics|model|precision|pretrained|seed|timestamp|torch_version|torchvision_version|warmup :: metrics=duration_s|iterations|latency_avg_ms|latency_p50_ms|throughput_img_s|top1,Ergebnisse_Clone1_13.07.2026/mobilenet_v2_fp32_slow_BS16_bench_meta.json
Clone1,perf.csv,iter|batch|latency_ms|img_per_s|acc_top1,Ergebnisse_Clone1_13.07.2026/mobilenet_v2_fp32_slow_BS16_perf.csv
Clone1,tegrastats_power.csv,sample_index|elapsed_s|power_W,Ergebnisse_Clone1_13.07.2026/mobilenet_v2_fp32_slow_BS16_tegrastats_power.csv
Clone1,bench_meta.json,batch|cuda_device|device_type|git_commit|git_status|imgsz|iters|measure_accuracy|metrics|model|precision|pretrained|seed|timestamp|torch_version|torchvision_version|warmup :: metrics=duration_s|iterations|latency_avg_ms|latency_p50_ms|throughput_img_s|top1,Ergebnisse_Clone1_13.07.2026/mobilenet_v2_fp32_slow_BS32_bench_meta.json
Clone1,perf.csv,iter|batch|latency_ms|img_per_s|acc_top1,Ergebnisse_Clone1_13.07.2026/mobilenet_v2_fp32_slow_BS32_perf.csv
Clone1,tegrastats_power.csv,sample_index|elapsed_s|power_W,Ergebnisse_Clone1_13.07.2026/mobilenet_v2_fp32_slow_BS32_tegrastats_power.csv
Clone1,bench_meta.json,batch|cuda_device|device_type|git_commit|git_status|imgsz|iters|measure_accuracy|metrics|model|precision|pretrained|seed|timestamp|torch_version|torchvision_version|warmup :: metrics=duration_s|iterations|latency_avg_ms|latency_p50_ms|throughput_img_s|top1,Ergebnisse_Clone1_13.07.2026/mobilenet_v2_fp32_slow_BS4_bench_meta.json
Clone1,perf.csv,iter|batch|latency_ms|img_per_s|acc_top1,Ergebnisse_Clone1_13.07.2026/mobilenet_v2_fp32_slow_BS4_perf.csv
Clone1,tegrastats_power.csv,sample_index|elapsed_s|power_W,Ergebnisse_Clone1_13.07.2026/mobilenet_v2_fp32_slow_BS4_tegrastats_power.csv
Clone1,bench_meta.json,batch|cuda_device|device_type|git_commit|git_status|imgsz|iters|measure_accuracy|metrics|model|precision|pretrained|seed|timestamp|torch_version|torchvision_version|warmup :: metrics=duration_s|iterations|latency_avg_ms|latency_p50_ms|throughput_img_s|top1,Ergebnisse_Clone1_13.07.2026/mobilenet_v2_fp32_slow_BS64_bench_meta.json
Clone1,perf.csv,iter|batch|latency_ms|img_per_s|acc_top1,Ergebnisse_Clone1_13.07.2026/mobilenet_v2_fp32_slow_BS64_perf.csv
Clone1,tegrastats_power.csv,sample_index|elapsed_s|power_W,Ergebnisse_Clone1_13.07.2026/mobilenet_v2_fp32_slow_BS64_tegrastats_power.csv
Clone1,bench_meta.json,batch|cuda_device|device_type|git_commit|git_status|imgsz|iters|measure_accuracy|metrics|model|precision|pretrained|seed|timestamp|torch_version|torchvision_version|warmup :: metrics=duration_s|iterations|latency_avg_ms|latency_p50_ms|throughput_img_s|top1,Ergebnisse_Clone1_13.07.2026/mobilenet_v2_fp32_slow_BS8_bench_meta.json
Clone1,perf.csv,iter|batch|latency_ms|img_per_s|acc_top1,Ergebnisse_Clone1_13.07.2026/mobilenet_v2_fp32_slow_BS8_perf.csv
Clone1,tegrastats_power.csv,sample_index|elapsed_s|power_W,Ergebnisse_Clone1_13.07.2026/mobilenet_v2_fp32_slow_BS8_tegrastats_power.csv
Clone1,bench_meta.json,batch|cuda_device|device_type|git_commit|git_status|imgsz|iters|measure_accuracy|metrics|model|precision|pretrained|seed|timestamp|torch_version|torchvision_version|warmup :: metrics=duration_s|iterations|latency_avg_ms|latency_p50_ms|throughput_img_s|top1,Ergebnisse_Clone1_13.07.2026/mobilenet_v2_fp64_fast_BS1_bench_meta.json
Clone1,perf.csv,iter|batch|latency_ms|img_per_s|acc_top1,Ergebnisse_Clone1_13.07.2026/mobilenet_v2_fp64_fast_BS1_perf.csv
Clone1,tegrastats_power.csv,sample_index|elapsed_s|power_W,Ergebnisse_Clone1_13.07.2026/mobilenet_v2_fp64_fast_BS1_tegrastats_power.csv
Clone1,bench_meta.json,batch|cuda_device|device_type|git_commit|git_status|imgsz|iters|measure_accuracy|metrics|model|precision|pretrained|seed|timestamp|torch_version|torchvision_version|warmup :: metrics=duration_s|iterations|latency_avg_ms|latency_p50_ms|throughput_img_s|top1,Ergebnisse_Clone1_13.07.2026/mobilenet_v2_fp64_fast_BS128_bench_meta.json
Clone1,perf.csv,iter|batch|latency_ms|img_per_s|acc_top1,Ergebnisse_Clone1_13.07.2026/mobilenet_v2_fp64_fast_BS128_perf.csv
Clone1,tegrastats_power.csv,sample_index|elapsed_s|power_W,Ergebnisse_Clone1_13.07.2026/mobilenet_v2_fp64_fast_BS128_tegrastats_power.csv
Clone1,bench_meta.json,batch|cuda_device|device_type|git_commit|git_status|imgsz|iters|measure_accuracy|metrics|model|precision|pretrained|seed|timestamp|torch_version|torchvision_version|warmup :: metrics=duration_s|iterations|latency_avg_ms|latency_p50_ms|throughput_img_s|top1,Ergebnisse_Clone1_13.07.2026/mobilenet_v2_fp64_fast_BS16_bench_meta.json
Clone1,perf.csv,iter|batch|latency_ms|img_per_s|acc_top1,Ergebnisse_Clone1_13.07.2026/mobilenet_v2_fp64_fast_BS16_perf.csv
Clone1,tegrastats_power.csv,sample_index|elapsed_s|power_W,Ergebnisse_Clone1_13.07.2026/mobilenet_v2_fp64_fast_BS16_tegrastats_power.csv
Clone1,bench_meta.json,batch|cuda_device|device_type|git_commit|git_status|imgsz|iters|measure_accuracy|metrics|model|precision|pretrained|seed|timestamp|torch_version|torchvision_version|warmup :: metrics=duration_s|iterations|latency_avg_ms|latency_p50_ms|throughput_img_s|top1,Ergebnisse_Clone1_13.07.2026/mobilenet_v2_fp64_fast_BS32_bench_meta.json
Clone1,perf.csv,iter|batch|latency_ms|img_per_s|acc_top1,Ergebnisse_Clone1_13.07.2026/mobilenet_v2_fp64_fast_BS32_perf.csv
Clone1,tegrastats_power.csv,sample_index|elapsed_s|power_W,Ergebnisse_Clone1_13.07.2026/mobilenet_v2_fp64_fast_BS32_tegrastats_power.csv
Clone1,bench_meta.json,batch|cuda_device|device_type|git_commit|git_status|imgsz|iters|measure_accuracy|metrics|model|precision|pretrained|seed|timestamp|torch_version|torchvision_version|warmup :: metrics=duration_s|iterations|latency_avg_ms|latency_p50_ms|throughput_img_s|top1,Ergebnisse_Clone1_13.07.2026/mobilenet_v2_fp64_fast_BS4_bench_meta.json
Clone1,perf.csv,iter|batch|latency_ms|img_per_s|acc_top1,Ergebnisse_Clone1_13.07.2026/mobilenet_v2_fp64_fast_BS4_perf.csv
Clone1,tegrastats_power.csv,sample_index|elapsed_s|power_W,Ergebnisse_Clone1_13.07.2026/mobilenet_v2_fp64_fast_BS4_tegrastats_power.csv
Clone1,bench_meta.json,batch|cuda_device|device_type|git_commit|git_status|imgsz|iters|measure_accuracy|metrics|model|precision|pretrained|seed|timestamp|torch_version|torchvision_version|warmup :: metrics=duration_s|iterations|latency_avg_ms|latency_p50_ms|throughput_img_s|top1,Ergebnisse_Clone1_13.07.2026/mobilenet_v2_fp64_fast_BS64_bench_meta.json
Clone1,perf.csv,iter|batch|latency_ms|img_per_s|acc_top1,Ergebnisse_Clone1_13.07.2026/mobilenet_v2_fp64_fast_BS64_perf.csv
Clone1,tegrastats_power.csv,sample_index|elapsed_s|power_W,Ergebnisse_Clone1_13.07.2026/mobilenet_v2_fp64_fast_BS64_tegrastats_power.csv
Clone1,bench_meta.json,batch|cuda_device|device_type|git_commit|git_status|imgsz|iters|measure_accuracy|metrics|model|precision|pretrained|seed|timestamp|torch_version|torchvision_version|warmup :: metrics=duration_s|iterations|latency_avg_ms|latency_p50_ms|throughput_img_s|top1,Ergebnisse_Clone1_13.07.2026/mobilenet_v2_fp64_fast_BS8_bench_meta.json
Clone1,perf.csv,iter|batch|latency_ms|img_per_s|acc_top1,Ergebnisse_Clone1_13.07.2026/mobilenet_v2_fp64_fast_BS8_perf.csv
Clone1,tegrastats_power.csv,sample_index|elapsed_s|power_W,Ergebnisse_Clone1_13.07.2026/mobilenet_v2_fp64_fast_BS8_tegrastats_power.csv
Clone1,bench_meta.json,batch|cuda_device|device_type|git_commit|git_status|imgsz|iters|measure_accuracy|metrics|model|precision|pretrained|seed|timestamp|torch_version|torchvision_version|warmup :: metrics=duration_s|iterations|latency_avg_ms|latency_p50_ms|throughput_img_s|top1,Ergebnisse_Clone1_13.07.2026/mobilenet_v2_fp64_medium_BS1_bench_meta.json
Clone1,perf.csv,iter|batch|latency_ms|img_per_s|acc_top1,Ergebnisse_Clone1_13.07.2026/mobilenet_v2_fp64_medium_BS1_perf.csv
Clone1,tegrastats_power.csv,sample_index|elapsed_s|power_W,Ergebnisse_Clone1_13.07.2026/mobilenet_v2_fp64_medium_BS1_tegrastats_power.csv
Clone1,bench_meta.json,batch|cuda_device|device_type|git_commit|git_status|imgsz|iters|measure_accuracy|metrics|model|precision|pretrained|seed|timestamp|torch_version|torchvision_version|warmup :: metrics=duration_s|iterations|latency_avg_ms|latency_p50_ms|throughput_img_s|top1,Ergebnisse_Clone1_13.07.2026/mobilenet_v2_fp64_medium_BS128_bench_meta.json
Clone1,perf.csv,iter|batch|latency_ms|img_per_s|acc_top1,Ergebnisse_Clone1_13.07.2026/mobilenet_v2_fp64_medium_BS128_perf.csv
Clone1,tegrastats_power.csv,sample_index|elapsed_s|power_W,Ergebnisse_Clone1_13.07.2026/mobilenet_v2_fp64_medium_BS128_tegrastats_power.csv
Clone1,bench_meta.json,batch|cuda_device|device_type|git_commit|git_status|imgsz|iters|measure_accuracy|metrics|model|precision|pretrained|seed|timestamp|torch_version|torchvision_version|warmup :: metrics=duration_s|iterations|latency_avg_ms|latency_p50_ms|throughput_img_s|top1,Ergebnisse_Clone1_13.07.2026/mobilenet_v2_fp64_medium_BS16_bench_meta.json
Clone1,perf.csv,iter|batch|latency_ms|img_per_s|acc_top1,Ergebnisse_Clone1_13.07.2026/mobilenet_v2_fp64_medium_BS16_perf.csv
Clone1,tegrastats_power.csv,sample_index|elapsed_s|power_W,Ergebnisse_Clone1_13.07.2026/mobilenet_v2_fp64_medium_BS16_tegrastats_power.csv
Clone1,bench_meta.json,batch|cuda_device|device_type|git_commit|git_status|imgsz|iters|measure_accuracy|metrics|model|precision|pretrained|seed|timestamp|torch_version|torchvision_version|warmup :: metrics=duration_s|iterations|latency_avg_ms|latency_p50_ms|throughput_img_s|top1,Ergebnisse_Clone1_13.07.2026/mobilenet_v2_fp64_medium_BS32_bench_meta.json
Clone1,perf.csv,iter|batch|latency_ms|img_per_s|acc_top1,Ergebnisse_Clone1_13.07.2026/mobilenet_v2_fp64_medium_BS32_perf.csv
Clone1,tegrastats_power.csv,sample_index|elapsed_s|power_W,Ergebnisse_Clone1_13.07.2026/mobilenet_v2_fp64_medium_BS32_tegrastats_power.csv
Clone1,bench_meta.json,batch|cuda_device|device_type|git_commit|git_status|imgsz|iters|measure_accuracy|metrics|model|precision|pretrained|seed|timestamp|torch_version|torchvision_version|warmup :: metrics=duration_s|iterations|latency_avg_ms|latency_p50_ms|throughput_img_s|top1,Ergebnisse_Clone1_13.07.2026/mobilenet_v2_fp64_medium_BS4_bench_meta.json
Clone1,perf.csv,iter|batch|latency_ms|img_per_s|acc_top1,Ergebnisse_Clone1_13.07.2026/mobilenet_v2_fp64_medium_BS4_perf.csv
Clone1,tegrastats_power.csv,sample_index|elapsed_s|power_W,Ergebnisse_Clone1_13.07.2026/mobilenet_v2_fp64_medium_BS4_tegrastats_power.csv
Clone1,bench_meta.json,batch|cuda_device|device_type|git_commit|git_status|imgsz|iters|measure_accuracy|metrics|model|precision|pretrained|seed|timestamp|torch_version|torchvision_version|warmup :: metrics=duration_s|iterations|latency_avg_ms|latency_p50_ms|throughput_img_s|top1,Ergebnisse_Clone1_13.07.2026/mobilenet_v2_fp64_medium_BS64_bench_meta.json
Clone1,perf.csv,iter|batch|latency_ms|img_per_s|acc_top1,Ergebnisse_Clone1_13.07.2026/mobilenet_v2_fp64_medium_BS64_perf.csv
Clone1,tegrastats_power.csv,sample_index|elapsed_s|power_W,Ergebnisse_Clone1_13.07.2026/mobilenet_v2_fp64_medium_BS64_tegrastats_power.csv
Clone1,bench_meta.json,batch|cuda_device|device_type|git_commit|git_status|imgsz|iters|measure_accuracy|metrics|model|precision|pretrained|seed|timestamp|torch_version|torchvision_version|warmup :: metrics=duration_s|iterations|latency_avg_ms|latency_p50_ms|throughput_img_s|top1,Ergebnisse_Clone1_13.07.2026/mobilenet_v2_fp64_medium_BS8_bench_meta.json
Clone1,perf.csv,iter|batch|latency_ms|img_per_s|acc_top1,Ergebnisse_Clone1_13.07.2026/mobilenet_v2_fp64_medium_BS8_perf.csv
Clone1,tegrastats_power.csv,sample_index|elapsed_s|power_W,Ergebnisse_Clone1_13.07.2026/mobilenet_v2_fp64_medium_BS8_tegrastats_power.csv
Clone1,bench_meta.json,batch|cuda_device|device_type|git_commit|git_status|imgsz|iters|measure_accuracy|metrics|model|precision|pretrained|seed|timestamp|torch_version|torchvision_version|warmup :: metrics=duration_s|iterations|latency_avg_ms|latency_p50_ms|throughput_img_s|top1,Ergebnisse_Clone1_13.07.2026/mobilenet_v2_fp64_slow_BS1_bench_meta.json
Clone1,perf.csv,iter|batch|latency_ms|img_per_s|acc_top1,Ergebnisse_Clone1_13.07.2026/mobilenet_v2_fp64_slow_BS1_perf.csv
Clone1,tegrastats_power.csv,sample_index|elapsed_s|power_W,Ergebnisse_Clone1_13.07.2026/mobilenet_v2_fp64_slow_BS1_tegrastats_power.csv
Clone1,bench_meta.json,batch|cuda_device|device_type|git_commit|git_status|imgsz|iters|measure_accuracy|metrics|model|precision|pretrained|seed|timestamp|torch_version|torchvision_version|warmup :: metrics=duration_s|iterations|latency_avg_ms|latency_p50_ms|throughput_img_s|top1,Ergebnisse_Clone1_13.07.2026/mobilenet_v2_fp64_slow_BS128_bench_meta.json
Clone1,perf.csv,iter|batch|latency_ms|img_per_s|acc_top1,Ergebnisse_Clone1_13.07.2026/mobilenet_v2_fp64_slow_BS128_perf.csv
Clone1,tegrastats_power.csv,sample_index|elapsed_s|power_W,Ergebnisse_Clone1_13.07.2026/mobilenet_v2_fp64_slow_BS128_tegrastats_power.csv
Clone1,bench_meta.json,batch|cuda_device|device_type|git_commit|git_status|imgsz|iters|measure_accuracy|metrics|model|precision|pretrained|seed|timestamp|torch_version|torchvision_version|warmup :: metrics=duration_s|iterations|latency_avg_ms|latency_p50_ms|throughput_img_s|top1,Ergebnisse_Clone1_13.07.2026/mobilenet_v2_fp64_slow_BS16_bench_meta.json
Clone1,perf.csv,iter|batch|latency_ms|img_per_s|acc_top1,Ergebnisse_Clone1_13.07.2026/mobilenet_v2_fp64_slow_BS16_perf.csv
Clone1,tegrastats_power.csv,sample_index|elapsed_s|power_W,Ergebnisse_Clone1_13.07.2026/mobilenet_v2_fp64_slow_BS16_tegrastats_power.csv
Clone1,bench_meta.json,batch|cuda_device|device_type|git_commit|git_status|imgsz|iters|measure_accuracy|metrics|model|precision|pretrained|seed|timestamp|torch_version|torchvision_version|warmup :: metrics=duration_s|iterations|latency_avg_ms|latency_p50_ms|throughput_img_s|top1,Ergebnisse_Clone1_13.07.2026/mobilenet_v2_fp64_slow_BS32_bench_meta.json
Clone1,perf.csv,iter|batch|latency_ms|img_per_s|acc_top1,Ergebnisse_Clone1_13.07.2026/mobilenet_v2_fp64_slow_BS32_perf.csv
Clone1,tegrastats_power.csv,sample_index|elapsed_s|power_W,Ergebnisse_Clone1_13.07.2026/mobilenet_v2_fp64_slow_BS32_tegrastats_power.csv
Clone1,bench_meta.json,batch|cuda_device|device_type|git_commit|git_status|imgsz|iters|measure_accuracy|metrics|model|precision|pretrained|seed|timestamp|torch_version|torchvision_version|warmup :: metrics=duration_s|iterations|latency_avg_ms|latency_p50_ms|throughput_img_s|top1,Ergebnisse_Clone1_13.07.2026/mobilenet_v2_fp64_slow_BS4_bench_meta.json
Clone1,perf.csv,iter|batch|latency_ms|img_per_s|acc_top1,Ergebnisse_Clone1_13.07.2026/mobilenet_v2_fp64_slow_BS4_perf.csv
Clone1,tegrastats_power.csv,sample_index|elapsed_s|power_W,Ergebnisse_Clone1_13.07.2026/mobilenet_v2_fp64_slow_BS4_tegrastats_power.csv
Clone1,bench_meta.json,batch|cuda_device|device_type|git_commit|git_status|imgsz|iters|measure_accuracy|metrics|model|precision|pretrained|seed|timestamp|torch_version|torchvision_version|warmup :: metrics=duration_s|iterations|latency_avg_ms|latency_p50_ms|throughput_img_s|top1,Ergebnisse_Clone1_13.07.2026/mobilenet_v2_fp64_slow_BS64_bench_meta.json
Clone1,perf.csv,iter|batch|latency_ms|img_per_s|acc_top1,Ergebnisse_Clone1_13.07.2026/mobilenet_v2_fp64_slow_BS64_perf.csv
Clone1,tegrastats_power.csv,sample_index|elapsed_s|power_W,Ergebnisse_Clone1_13.07.2026/mobilenet_v2_fp64_slow_BS64_tegrastats_power.csv
Clone1,bench_meta.json,batch|cuda_device|device_type|git_commit|git_status|imgsz|iters|measure_accuracy|metrics|model|precision|pretrained|seed|timestamp|torch_version|torchvision_version|warmup :: metrics=duration_s|iterations|latency_avg_ms|latency_p50_ms|throughput_img_s|top1,Ergebnisse_Clone1_13.07.2026/mobilenet_v2_fp64_slow_BS8_bench_meta.json
Clone1,perf.csv,iter|batch|latency_ms|img_per_s|acc_top1,Ergebnisse_Clone1_13.07.2026/mobilenet_v2_fp64_slow_BS8_perf.csv
Clone1,tegrastats_power.csv,sample_index|elapsed_s|power_W,Ergebnisse_Clone1_13.07.2026/mobilenet_v2_fp64_slow_BS8_tegrastats_power.csv
Clone1,bench_meta.json,batch|cuda_device|device_type|git_commit|git_status|imgsz|iters|measure_accuracy|metrics|model|precision|pretrained|seed|timestamp|torch_version|torchvision_version|warmup :: metrics=duration_s|iterations|latency_avg_ms|latency_p50_ms|throughput_img_s|top1,Ergebnisse_Clone1_13.07.2026/resnet50_fp16_fast_BS1_bench_meta.json
Clone1,perf.csv,iter|batch|latency_ms|img_per_s|acc_top1,Ergebnisse_Clone1_13.07.2026/resnet50_fp16_fast_BS1_perf.csv
Clone1,tegrastats_power.csv,sample_index|elapsed_s|power_W,Ergebnisse_Clone1_13.07.2026/resnet50_fp16_fast_BS1_tegrastats_power.csv
Clone1,bench_meta.json,batch|cuda_device|device_type|git_commit|git_status|imgsz|iters|measure_accuracy|metrics|model|precision|pretrained|seed|timestamp|torch_version|torchvision_version|warmup :: metrics=duration_s|iterations|latency_avg_ms|latency_p50_ms|throughput_img_s|top1,Ergebnisse_Clone1_13.07.2026/resnet50_fp16_fast_BS128_bench_meta.json
Clone1,perf.csv,iter|batch|latency_ms|img_per_s|acc_top1,Ergebnisse_Clone1_13.07.2026/resnet50_fp16_fast_BS128_perf.csv
Clone1,tegrastats_power.csv,sample_index|elapsed_s|power_W,Ergebnisse_Clone1_13.07.2026/resnet50_fp16_fast_BS128_tegrastats_power.csv
Clone1,bench_meta.json,batch|cuda_device|device_type|git_commit|git_status|imgsz|iters|measure_accuracy|metrics|model|precision|pretrained|seed|timestamp|torch_version|torchvision_version|warmup :: metrics=duration_s|iterations|latency_avg_ms|latency_p50_ms|throughput_img_s|top1,Ergebnisse_Clone1_13.07.2026/resnet50_fp16_fast_BS16_bench_meta.json
Clone1,perf.csv,iter|batch|latency_ms|img_per_s|acc_top1,Ergebnisse_Clone1_13.07.2026/resnet50_fp16_fast_BS16_perf.csv
Clone1,tegrastats_power.csv,sample_index|elapsed_s|power_W,Ergebnisse_Clone1_13.07.2026/resnet50_fp16_fast_BS16_tegrastats_power.csv
Clone1,bench_meta.json,batch|cuda_device|device_type|git_commit|git_status|imgsz|iters|measure_accuracy|metrics|model|precision|pretrained|seed|timestamp|torch_version|torchvision_version|warmup :: metrics=duration_s|iterations|latency_avg_ms|latency_p50_ms|throughput_img_s|top1,Ergebnisse_Clone1_13.07.2026/resnet50_fp16_fast_BS32_bench_meta.json
Clone1,perf.csv,iter|batch|latency_ms|img_per_s|acc_top1,Ergebnisse_Clone1_13.07.2026/resnet50_fp16_fast_BS32_perf.csv
Clone1,tegrastats_power.csv,sample_index|elapsed_s|power_W,Ergebnisse_Clone1_13.07.2026/resnet50_fp16_fast_BS32_tegrastats_power.csv
Clone1,bench_meta.json,batch|cuda_device|device_type|git_commit|git_status|imgsz|iters|measure_accuracy|metrics|model|precision|pretrained|seed|timestamp|torch_version|torchvision_version|warmup :: metrics=duration_s|iterations|latency_avg_ms|latency_p50_ms|throughput_img_s|top1,Ergebnisse_Clone1_13.07.2026/resnet50_fp16_fast_BS4_bench_meta.json
Clone1,perf.csv,iter|batch|latency_ms|img_per_s|acc_top1,Ergebnisse_Clone1_13.07.2026/resnet50_fp16_fast_BS4_perf.csv
Clone1,tegrastats_power.csv,sample_index|elapsed_s|power_W,Ergebnisse_Clone1_13.07.2026/resnet50_fp16_fast_BS4_tegrastats_power.csv
Clone1,bench_meta.json,batch|cuda_device|device_type|git_commit|git_status|imgsz|iters|measure_accuracy|metrics|model|precision|pretrained|seed|timestamp|torch_version|torchvision_version|warmup :: metrics=duration_s|iterations|latency_avg_ms|latency_p50_ms|throughput_img_s|top1,Ergebnisse_Clone1_13.07.2026/resnet50_fp16_fast_BS64_bench_meta.json
Clone1,perf.csv,iter|batch|latency_ms|img_per_s|acc_top1,Ergebnisse_Clone1_13.07.2026/resnet50_fp16_fast_BS64_perf.csv
Clone1,tegrastats_power.csv,sample_index|elapsed_s|power_W,Ergebnisse_Clone1_13.07.2026/resnet50_fp16_fast_BS64_tegrastats_power.csv
Clone1,bench_meta.json,batch|cuda_device|device_type|git_commit|git_status|imgsz|iters|measure_accuracy|metrics|model|precision|pretrained|seed|timestamp|torch_version|torchvision_version|warmup :: metrics=duration_s|iterations|latency_avg_ms|latency_p50_ms|throughput_img_s|top1,Ergebnisse_Clone1_13.07.2026/resnet50_fp16_fast_BS8_bench_meta.json
Clone1,perf.csv,iter|batch|latency_ms|img_per_s|acc_top1,Ergebnisse_Clone1_13.07.2026/resnet50_fp16_fast_BS8_perf.csv
Clone1,tegrastats_power.csv,sample_index|elapsed_s|power_W,Ergebnisse_Clone1_13.07.2026/resnet50_fp16_fast_BS8_tegrastats_power.csv
Clone1,bench_meta.json,batch|cuda_device|device_type|git_commit|git_status|imgsz|iters|measure_accuracy|metrics|model|precision|pretrained|seed|timestamp|torch_version|torchvision_version|warmup :: metrics=duration_s|iterations|latency_avg_ms|latency_p50_ms|throughput_img_s|top1,Ergebnisse_Clone1_13.07.2026/resnet50_fp16_medium_BS1_bench_meta.json
Clone1,perf.csv,iter|batch|latency_ms|img_per_s|acc_top1,Ergebnisse_Clone1_13.07.2026/resnet50_fp16_medium_BS1_perf.csv
Clone1,tegrastats_power.csv,sample_index|elapsed_s|power_W,Ergebnisse_Clone1_13.07.2026/resnet50_fp16_medium_BS1_tegrastats_power.csv
Clone1,bench_meta.json,batch|cuda_device|device_type|git_commit|git_status|imgsz|iters|measure_accuracy|metrics|model|precision|pretrained|seed|timestamp|torch_version|torchvision_version|warmup :: metrics=duration_s|iterations|latency_avg_ms|latency_p50_ms|throughput_img_s|top1,Ergebnisse_Clone1_13.07.2026/resnet50_fp16_medium_BS128_bench_meta.json
Clone1,perf.csv,iter|batch|latency_ms|img_per_s|acc_top1,Ergebnisse_Clone1_13.07.2026/resnet50_fp16_medium_BS128_perf.csv
Clone1,tegrastats_power.csv,sample_index|elapsed_s|power_W,Ergebnisse_Clone1_13.07.2026/resnet50_fp16_medium_BS128_tegrastats_power.csv
Clone1,bench_meta.json,batch|cuda_device|device_type|git_commit|git_status|imgsz|iters|measure_accuracy|metrics|model|precision|pretrained|seed|timestamp|torch_version|torchvision_version|warmup :: metrics=duration_s|iterations|latency_avg_ms|latency_p50_ms|throughput_img_s|top1,Ergebnisse_Clone1_13.07.2026/resnet50_fp16_medium_BS16_bench_meta.json
Clone1,perf.csv,iter|batch|latency_ms|img_per_s|acc_top1,Ergebnisse_Clone1_13.07.2026/resnet50_fp16_medium_BS16_perf.csv
Clone1,tegrastats_power.csv,sample_index|elapsed_s|power_W,Ergebnisse_Clone1_13.07.2026/resnet50_fp16_medium_BS16_tegrastats_power.csv
Clone1,bench_meta.json,batch|cuda_device|device_type|git_commit|git_status|imgsz|iters|measure_accuracy|metrics|model|precision|pretrained|seed|timestamp|torch_version|torchvision_version|warmup :: metrics=duration_s|iterations|latency_avg_ms|latency_p50_ms|throughput_img_s|top1,Ergebnisse_Clone1_13.07.2026/resnet50_fp16_medium_BS32_bench_meta.json
Clone1,perf.csv,iter|batch|latency_ms|img_per_s|acc_top1,Ergebnisse_Clone1_13.07.2026/resnet50_fp16_medium_BS32_perf.csv
Clone1,tegrastats_power.csv,sample_index|elapsed_s|power_W,Ergebnisse_Clone1_13.07.2026/resnet50_fp16_medium_BS32_tegrastats_power.csv
Clone1,bench_meta.json,batch|cuda_device|device_type|git_commit|git_status|imgsz|iters|measure_accuracy|metrics|model|precision|pretrained|seed|timestamp|torch_version|torchvision_version|warmup :: metrics=duration_s|iterations|latency_avg_ms|latency_p50_ms|throughput_img_s|top1,Ergebnisse_Clone1_13.07.2026/resnet50_fp16_medium_BS4_bench_meta.json
Clone1,perf.csv,iter|batch|latency_ms|img_per_s|acc_top1,Ergebnisse_Clone1_13.07.2026/resnet50_fp16_medium_BS4_perf.csv
Clone1,tegrastats_power.csv,sample_index|elapsed_s|power_W,Ergebnisse_Clone1_13.07.2026/resnet50_fp16_medium_BS4_tegrastats_power.csv
Clone1,bench_meta.json,batch|cuda_device|device_type|git_commit|git_status|imgsz|iters|measure_accuracy|metrics|model|precision|pretrained|seed|timestamp|torch_version|torchvision_version|warmup :: metrics=duration_s|iterations|latency_avg_ms|latency_p50_ms|throughput_img_s|top1,Ergebnisse_Clone1_13.07.2026/resnet50_fp16_medium_BS64_bench_meta.json
Clone1,perf.csv,iter|batch|latency_ms|img_per_s|acc_top1,Ergebnisse_Clone1_13.07.2026/resnet50_fp16_medium_BS64_perf.csv
Clone1,tegrastats_power.csv,sample_index|elapsed_s|power_W,Ergebnisse_Clone1_13.07.2026/resnet50_fp16_medium_BS64_tegrastats_power.csv
Clone1,bench_meta.json,batch|cuda_device|device_type|git_commit|git_status|imgsz|iters|measure_accuracy|metrics|model|precision|pretrained|seed|timestamp|torch_version|torchvision_version|warmup :: metrics=duration_s|iterations|latency_avg_ms|latency_p50_ms|throughput_img_s|top1,Ergebnisse_Clone1_13.07.2026/resnet50_fp16_medium_BS8_bench_meta.json
Clone1,perf.csv,iter|batch|latency_ms|img_per_s|acc_top1,Ergebnisse_Clone1_13.07.2026/resnet50_fp16_medium_BS8_perf.csv
Clone1,tegrastats_power.csv,sample_index|elapsed_s|power_W,Ergebnisse_Clone1_13.07.2026/resnet50_fp16_medium_BS8_tegrastats_power.csv
Clone1,bench_meta.json,batch|cuda_device|device_type|git_commit|git_status|imgsz|iters|measure_accuracy|metrics|model|precision|pretrained|seed|timestamp|torch_version|torchvision_version|warmup :: metrics=duration_s|iterations|latency_avg_ms|latency_p50_ms|throughput_img_s|top1,Ergebnisse_Clone1_13.07.2026/resnet50_fp16_slow_BS1_bench_meta.json
Clone1,perf.csv,iter|batch|latency_ms|img_per_s|acc_top1,Ergebnisse_Clone1_13.07.2026/resnet50_fp16_slow_BS1_perf.csv
Clone1,tegrastats_power.csv,sample_index|elapsed_s|power_W,Ergebnisse_Clone1_13.07.2026/resnet50_fp16_slow_BS1_tegrastats_power.csv
Clone1,bench_meta.json,batch|cuda_device|device_type|git_commit|git_status|imgsz|iters|measure_accuracy|metrics|model|precision|pretrained|seed|timestamp|torch_version|torchvision_version|warmup :: metrics=duration_s|iterations|latency_avg_ms|latency_p50_ms|throughput_img_s|top1,Ergebnisse_Clone1_13.07.2026/resnet50_fp16_slow_BS128_bench_meta.json
Clone1,perf.csv,iter|batch|latency_ms|img_per_s|acc_top1,Ergebnisse_Clone1_13.07.2026/resnet50_fp16_slow_BS128_perf.csv
Clone1,tegrastats_power.csv,sample_index|elapsed_s|power_W,Ergebnisse_Clone1_13.07.2026/resnet50_fp16_slow_BS128_tegrastats_power.csv
Clone1,bench_meta.json,batch|cuda_device|device_type|git_commit|git_status|imgsz|iters|measure_accuracy|metrics|model|precision|pretrained|seed|timestamp|torch_version|torchvision_version|warmup :: metrics=duration_s|iterations|latency_avg_ms|latency_p50_ms|throughput_img_s|top1,Ergebnisse_Clone1_13.07.2026/resnet50_fp16_slow_BS16_bench_meta.json
Clone1,perf.csv,iter|batch|latency_ms|img_per_s|acc_top1,Ergebnisse_Clone1_13.07.2026/resnet50_fp16_slow_BS16_perf.csv
Clone1,tegrastats_power.csv,sample_index|elapsed_s|power_W,Ergebnisse_Clone1_13.07.2026/resnet50_fp16_slow_BS16_tegrastats_power.csv
Clone1,bench_meta.json,batch|cuda_device|device_type|git_commit|git_status|imgsz|iters|measure_accuracy|metrics|model|precision|pretrained|seed|timestamp|torch_version|torchvision_version|warmup :: metrics=duration_s|iterations|latency_avg_ms|latency_p50_ms|throughput_img_s|top1,Ergebnisse_Clone1_13.07.2026/resnet50_fp16_slow_BS32_bench_meta.json
Clone1,perf.csv,iter|batch|latency_ms|img_per_s|acc_top1,Ergebnisse_Clone1_13.07.2026/resnet50_fp16_slow_BS32_perf.csv
Clone1,tegrastats_power.csv,sample_index|elapsed_s|power_W,Ergebnisse_Clone1_13.07.2026/resnet50_fp16_slow_BS32_tegrastats_power.csv
Clone1,bench_meta.json,batch|cuda_device|device_type|git_commit|git_status|imgsz|iters|measure_accuracy|metrics|model|precision|pretrained|seed|timestamp|torch_version|torchvision_version|warmup :: metrics=duration_s|iterations|latency_avg_ms|latency_p50_ms|throughput_img_s|top1,Ergebnisse_Clone1_13.07.2026/resnet50_fp16_slow_BS4_bench_meta.json
Clone1,perf.csv,iter|batch|latency_ms|img_per_s|acc_top1,Ergebnisse_Clone1_13.07.2026/resnet50_fp16_slow_BS4_perf.csv
Clone1,tegrastats_power.csv,sample_index|elapsed_s|power_W,Ergebnisse_Clone1_13.07.2026/resnet50_fp16_slow_BS4_tegrastats_power.csv
Clone1,bench_meta.json,batch|cuda_device|device_type|git_commit|git_status|imgsz|iters|measure_accuracy|metrics|model|precision|pretrained|seed|timestamp|torch_version|torchvision_version|warmup :: metrics=duration_s|iterations|latency_avg_ms|latency_p50_ms|throughput_img_s|top1,Ergebnisse_Clone1_13.07.2026/resnet50_fp16_slow_BS64_bench_meta.json
Clone1,perf.csv,iter|batch|latency_ms|img_per_s|acc_top1,Ergebnisse_Clone1_13.07.2026/resnet50_fp16_slow_BS64_perf.csv
Clone1,tegrastats_power.csv,sample_index|elapsed_s|power_W,Ergebnisse_Clone1_13.07.2026/resnet50_fp16_slow_BS64_tegrastats_power.csv
Clone1,bench_meta.json,batch|cuda_device|device_type|git_commit|git_status|imgsz|iters|measure_accuracy|metrics|model|precision|pretrained|seed|timestamp|torch_version|torchvision_version|warmup :: metrics=duration_s|iterations|latency_avg_ms|latency_p50_ms|throughput_img_s|top1,Ergebnisse_Clone1_13.07.2026/resnet50_fp16_slow_BS8_bench_meta.json
Clone1,perf.csv,iter|batch|latency_ms|img_per_s|acc_top1,Ergebnisse_Clone1_13.07.2026/resnet50_fp16_slow_BS8_perf.csv
Clone1,tegrastats_power.csv,sample_index|elapsed_s|power_W,Ergebnisse_Clone1_13.07.2026/resnet50_fp16_slow_BS8_tegrastats_power.csv
Clone1,bench_meta.json,batch|cuda_device|device_type|git_commit|git_status|imgsz|iters|measure_accuracy|metrics|model|precision|pretrained|seed|timestamp|torch_version|torchvision_version|warmup :: metrics=duration_s|iterations|latency_avg_ms|latency_p50_ms|throughput_img_s|top1,Ergebnisse_Clone1_13.07.2026/resnet50_fp32_fast_BS1_bench_meta.json
Clone1,perf.csv,iter|batch|latency_ms|img_per_s|acc_top1,Ergebnisse_Clone1_13.07.2026/resnet50_fp32_fast_BS1_perf.csv
Clone1,tegrastats_power.csv,sample_index|elapsed_s|power_W,Ergebnisse_Clone1_13.07.2026/resnet50_fp32_fast_BS1_tegrastats_power.csv
Clone1,bench_meta.json,batch|cuda_device|device_type|git_commit|git_status|imgsz|iters|measure_accuracy|metrics|model|precision|pretrained|seed|timestamp|torch_version|torchvision_version|warmup :: metrics=duration_s|iterations|latency_avg_ms|latency_p50_ms|throughput_img_s|top1,Ergebnisse_Clone1_13.07.2026/resnet50_fp32_fast_BS128_bench_meta.json
Clone1,perf.csv,iter|batch|latency_ms|img_per_s|acc_top1,Ergebnisse_Clone1_13.07.2026/resnet50_fp32_fast_BS128_perf.csv
Clone1,tegrastats_power.csv,sample_index|elapsed_s|power_W,Ergebnisse_Clone1_13.07.2026/resnet50_fp32_fast_BS128_tegrastats_power.csv
Clone1,bench_meta.json,batch|cuda_device|device_type|git_commit|git_status|imgsz|iters|measure_accuracy|metrics|model|precision|pretrained|seed|timestamp|torch_version|torchvision_version|warmup :: metrics=duration_s|iterations|latency_avg_ms|latency_p50_ms|throughput_img_s|top1,Ergebnisse_Clone1_13.07.2026/resnet50_fp32_fast_BS16_bench_meta.json
Clone1,perf.csv,iter|batch|latency_ms|img_per_s|acc_top1,Ergebnisse_Clone1_13.07.2026/resnet50_fp32_fast_BS16_perf.csv
Clone1,tegrastats_power.csv,sample_index|elapsed_s|power_W,Ergebnisse_Clone1_13.07.2026/resnet50_fp32_fast_BS16_tegrastats_power.csv
Clone1,bench_meta.json,batch|cuda_device|device_type|git_commit|git_status|imgsz|iters|measure_accuracy|metrics|model|precision|pretrained|seed|timestamp|torch_version|torchvision_version|warmup :: metrics=duration_s|iterations|latency_avg_ms|latency_p50_ms|throughput_img_s|top1,Ergebnisse_Clone1_13.07.2026/resnet50_fp32_fast_BS32_bench_meta.json
Clone1,perf.csv,iter|batch|latency_ms|img_per_s|acc_top1,Ergebnisse_Clone1_13.07.2026/resnet50_fp32_fast_BS32_perf.csv
Clone1,tegrastats_power.csv,sample_index|elapsed_s|power_W,Ergebnisse_Clone1_13.07.2026/resnet50_fp32_fast_BS32_tegrastats_power.csv
Clone1,bench_meta.json,batch|cuda_device|device_type|git_commit|git_status|imgsz|iters|measure_accuracy|metrics|model|precision|pretrained|seed|timestamp|torch_version|torchvision_version|warmup :: metrics=duration_s|iterations|latency_avg_ms|latency_p50_ms|throughput_img_s|top1,Ergebnisse_Clone1_13.07.2026/resnet50_fp32_fast_BS4_bench_meta.json
Clone1,perf.csv,iter|batch|latency_ms|img_per_s|acc_top1,Ergebnisse_Clone1_13.07.2026/resnet50_fp32_fast_BS4_perf.csv
Clone1,tegrastats_power.csv,sample_index|elapsed_s|power_W,Ergebnisse_Clone1_13.07.2026/resnet50_fp32_fast_BS4_tegrastats_power.csv
Clone1,bench_meta.json,batch|cuda_device|device_type|git_commit|git_status|imgsz|iters|measure_accuracy|metrics|model|precision|pretrained|seed|timestamp|torch_version|torchvision_version|warmup :: metrics=duration_s|iterations|latency_avg_ms|latency_p50_ms|throughput_img_s|top1,Ergebnisse_Clone1_13.07.2026/resnet50_fp32_fast_BS64_bench_meta.json
Clone1,perf.csv,iter|batch|latency_ms|img_per_s|acc_top1,Ergebnisse_Clone1_13.07.2026/resnet50_fp32_fast_BS64_perf.csv
Clone1,tegrastats_power.csv,sample_index|elapsed_s|power_W,Ergebnisse_Clone1_13.07.2026/resnet50_fp32_fast_BS64_tegrastats_power.csv
Clone1,bench_meta.json,batch|cuda_device|device_type|git_commit|git_status|imgsz|iters|measure_accuracy|metrics|model|precision|pretrained|seed|timestamp|torch_version|torchvision_version|warmup :: metrics=duration_s|iterations|latency_avg_ms|latency_p50_ms|throughput_img_s|top1,Ergebnisse_Clone1_13.07.2026/resnet50_fp32_fast_BS8_bench_meta.json
Clone1,perf.csv,iter|batch|latency_ms|img_per_s|acc_top1,Ergebnisse_Clone1_13.07.2026/resnet50_fp32_fast_BS8_perf.csv
Clone1,tegrastats_power.csv,sample_index|elapsed_s|power_W,Ergebnisse_Clone1_13.07.2026/resnet50_fp32_fast_BS8_tegrastats_power.csv
Clone1,bench_meta.json,batch|cuda_device|device_type|git_commit|git_status|imgsz|iters|measure_accuracy|metrics|model|precision|pretrained|seed|timestamp|torch_version|torchvision_version|warmup :: metrics=duration_s|iterations|latency_avg_ms|latency_p50_ms|throughput_img_s|top1,Ergebnisse_Clone1_13.07.2026/resnet50_fp32_medium_BS1_bench_meta.json
Clone1,perf.csv,iter|batch|latency_ms|img_per_s|acc_top1,Ergebnisse_Clone1_13.07.2026/resnet50_fp32_medium_BS1_perf.csv
Clone1,tegrastats_power.csv,sample_index|elapsed_s|power_W,Ergebnisse_Clone1_13.07.2026/resnet50_fp32_medium_BS1_tegrastats_power.csv
Clone1,bench_meta.json,batch|cuda_device|device_type|git_commit|git_status|imgsz|iters|measure_accuracy|metrics|model|precision|pretrained|seed|timestamp|torch_version|torchvision_version|warmup :: metrics=duration_s|iterations|latency_avg_ms|latency_p50_ms|throughput_img_s|top1,Ergebnisse_Clone1_13.07.2026/resnet50_fp32_medium_BS128_bench_meta.json
Clone1,perf.csv,iter|batch|latency_ms|img_per_s|acc_top1,Ergebnisse_Clone1_13.07.2026/resnet50_fp32_medium_BS128_perf.csv
Clone1,tegrastats_power.csv,sample_index|elapsed_s|power_W,Ergebnisse_Clone1_13.07.2026/resnet50_fp32_medium_BS128_tegrastats_power.csv
Clone1,bench_meta.json,batch|cuda_device|device_type|git_commit|git_status|imgsz|iters|measure_accuracy|metrics|model|precision|pretrained|seed|timestamp|torch_version|torchvision_version|warmup :: metrics=duration_s|iterations|latency_avg_ms|latency_p50_ms|throughput_img_s|top1,Ergebnisse_Clone1_13.07.2026/resnet50_fp32_medium_BS16_bench_meta.json
Clone1,perf.csv,iter|batch|latency_ms|img_per_s|acc_top1,Ergebnisse_Clone1_13.07.2026/resnet50_fp32_medium_BS16_perf.csv
Clone1,tegrastats_power.csv,sample_index|elapsed_s|power_W,Ergebnisse_Clone1_13.07.2026/resnet50_fp32_medium_BS16_tegrastats_power.csv
Clone1,bench_meta.json,batch|cuda_device|device_type|git_commit|git_status|imgsz|iters|measure_accuracy|metrics|model|precision|pretrained|seed|timestamp|torch_version|torchvision_version|warmup :: metrics=duration_s|iterations|latency_avg_ms|latency_p50_ms|throughput_img_s|top1,Ergebnisse_Clone1_13.07.2026/resnet50_fp32_medium_BS32_bench_meta.json
Clone1,perf.csv,iter|batch|latency_ms|img_per_s|acc_top1,Ergebnisse_Clone1_13.07.2026/resnet50_fp32_medium_BS32_perf.csv
Clone1,tegrastats_power.csv,sample_index|elapsed_s|power_W,Ergebnisse_Clone1_13.07.2026/resnet50_fp32_medium_BS32_tegrastats_power.csv
Clone1,bench_meta.json,batch|cuda_device|device_type|git_commit|git_status|imgsz|iters|measure_accuracy|metrics|model|precision|pretrained|seed|timestamp|torch_version|torchvision_version|warmup :: metrics=duration_s|iterations|latency_avg_ms|latency_p50_ms|throughput_img_s|top1,Ergebnisse_Clone1_13.07.2026/resnet50_fp32_medium_BS4_bench_meta.json
Clone1,perf.csv,iter|batch|latency_ms|img_per_s|acc_top1,Ergebnisse_Clone1_13.07.2026/resnet50_fp32_medium_BS4_perf.csv
Clone1,tegrastats_power.csv,sample_index|elapsed_s|power_W,Ergebnisse_Clone1_13.07.2026/resnet50_fp32_medium_BS4_tegrastats_power.csv
Clone1,bench_meta.json,batch|cuda_device|device_type|git_commit|git_status|imgsz|iters|measure_accuracy|metrics|model|precision|pretrained|seed|timestamp|torch_version|torchvision_version|warmup :: metrics=duration_s|iterations|latency_avg_ms|latency_p50_ms|throughput_img_s|top1,Ergebnisse_Clone1_13.07.2026/resnet50_fp32_medium_BS64_bench_meta.json
Clone1,perf.csv,iter|batch|latency_ms|img_per_s|acc_top1,Ergebnisse_Clone1_13.07.2026/resnet50_fp32_medium_BS64_perf.csv
Clone1,tegrastats_power.csv,sample_index|elapsed_s|power_W,Ergebnisse_Clone1_13.07.2026/resnet50_fp32_medium_BS64_tegrastats_power.csv
Clone1,bench_meta.json,batch|cuda_device|device_type|git_commit|git_status|imgsz|iters|measure_accuracy|metrics|model|precision|pretrained|seed|timestamp|torch_version|torchvision_version|warmup :: metrics=duration_s|iterations|latency_avg_ms|latency_p50_ms|throughput_img_s|top1,Ergebnisse_Clone1_13.07.2026/resnet50_fp32_medium_BS8_bench_meta.json
Clone1,perf.csv,iter|batch|latency_ms|img_per_s|acc_top1,Ergebnisse_Clone1_13.07.2026/resnet50_fp32_medium_BS8_perf.csv
Clone1,tegrastats_power.csv,sample_index|elapsed_s|power_W,Ergebnisse_Clone1_13.07.2026/resnet50_fp32_medium_BS8_tegrastats_power.csv
Clone1,bench_meta.json,batch|cuda_device|device_type|git_commit|git_status|imgsz|iters|measure_accuracy|metrics|model|precision|pretrained|seed|timestamp|torch_version|torchvision_version|warmup :: metrics=duration_s|iterations|latency_avg_ms|latency_p50_ms|throughput_img_s|top1,Ergebnisse_Clone1_13.07.2026/resnet50_fp32_slow_BS1_bench_meta.json
Clone1,perf.csv,iter|batch|latency_ms|img_per_s|acc_top1,Ergebnisse_Clone1_13.07.2026/resnet50_fp32_slow_BS1_perf.csv
Clone1,tegrastats_power.csv,sample_index|elapsed_s|power_W,Ergebnisse_Clone1_13.07.2026/resnet50_fp32_slow_BS1_tegrastats_power.csv
Clone1,bench_meta.json,batch|cuda_device|device_type|git_commit|git_status|imgsz|iters|measure_accuracy|metrics|model|precision|pretrained|seed|timestamp|torch_version|torchvision_version|warmup :: metrics=duration_s|iterations|latency_avg_ms|latency_p50_ms|throughput_img_s|top1,Ergebnisse_Clone1_13.07.2026/resnet50_fp32_slow_BS128_bench_meta.json
Clone1,perf.csv,iter|batch|latency_ms|img_per_s|acc_top1,Ergebnisse_Clone1_13.07.2026/resnet50_fp32_slow_BS128_perf.csv
Clone1,tegrastats_power.csv,sample_index|elapsed_s|power_W,Ergebnisse_Clone1_13.07.2026/resnet50_fp32_slow_BS128_tegrastats_power.csv
Clone1,bench_meta.json,batch|cuda_device|device_type|git_commit|git_status|imgsz|iters|measure_accuracy|metrics|model|precision|pretrained|seed|timestamp|torch_version|torchvision_version|warmup :: metrics=duration_s|iterations|latency_avg_ms|latency_p50_ms|throughput_img_s|top1,Ergebnisse_Clone1_13.07.2026/resnet50_fp32_slow_BS16_bench_meta.json
Clone1,perf.csv,iter|batch|latency_ms|img_per_s|acc_top1,Ergebnisse_Clone1_13.07.2026/resnet50_fp32_slow_BS16_perf.csv
Clone1,tegrastats_power.csv,sample_index|elapsed_s|power_W,Ergebnisse_Clone1_13.07.2026/resnet50_fp32_slow_BS16_tegrastats_power.csv
Clone1,bench_meta.json,batch|cuda_device|device_type|git_commit|git_status|imgsz|iters|measure_accuracy|metrics|model|precision|pretrained|seed|timestamp|torch_version|torchvision_version|warmup :: metrics=duration_s|iterations|latency_avg_ms|latency_p50_ms|throughput_img_s|top1,Ergebnisse_Clone1_13.07.2026/resnet50_fp32_slow_BS32_bench_meta.json
Clone1,perf.csv,iter|batch|latency_ms|img_per_s|acc_top1,Ergebnisse_Clone1_13.07.2026/resnet50_fp32_slow_BS32_perf.csv
Clone1,tegrastats_power.csv,sample_index|elapsed_s|power_W,Ergebnisse_Clone1_13.07.2026/resnet50_fp32_slow_BS32_tegrastats_power.csv
Clone1,bench_meta.json,batch|cuda_device|device_type|git_commit|git_status|imgsz|iters|measure_accuracy|metrics|model|precision|pretrained|seed|timestamp|torch_version|torchvision_version|warmup :: metrics=duration_s|iterations|latency_avg_ms|latency_p50_ms|throughput_img_s|top1,Ergebnisse_Clone1_13.07.2026/resnet50_fp32_slow_BS4_bench_meta.json
Clone1,perf.csv,iter|batch|latency_ms|img_per_s|acc_top1,Ergebnisse_Clone1_13.07.2026/resnet50_fp32_slow_BS4_perf.csv
Clone1,tegrastats_power.csv,sample_index|elapsed_s|power_W,Ergebnisse_Clone1_13.07.2026/resnet50_fp32_slow_BS4_tegrastats_power.csv
Clone1,bench_meta.json,batch|cuda_device|device_type|git_commit|git_status|imgsz|iters|measure_accuracy|metrics|model|precision|pretrained|seed|timestamp|torch_version|torchvision_version|warmup :: metrics=duration_s|iterations|latency_avg_ms|latency_p50_ms|throughput_img_s|top1,Ergebnisse_Clone1_13.07.2026/resnet50_fp32_slow_BS64_bench_meta.json
Clone1,perf.csv,iter|batch|latency_ms|img_per_s|acc_top1,Ergebnisse_Clone1_13.07.2026/resnet50_fp32_slow_BS64_perf.csv
Clone1,tegrastats_power.csv,sample_index|elapsed_s|power_W,Ergebnisse_Clone1_13.07.2026/resnet50_fp32_slow_BS64_tegrastats_power.csv
Clone1,bench_meta.json,batch|cuda_device|device_type|git_commit|git_status|imgsz|iters|measure_accuracy|metrics|model|precision|pretrained|seed|timestamp|torch_version|torchvision_version|warmup :: metrics=duration_s|iterations|latency_avg_ms|latency_p50_ms|throughput_img_s|top1,Ergebnisse_Clone1_13.07.2026/resnet50_fp32_slow_BS8_bench_meta.json
Clone1,perf.csv,iter|batch|latency_ms|img_per_s|acc_top1,Ergebnisse_Clone1_13.07.2026/resnet50_fp32_slow_BS8_perf.csv
Clone1,tegrastats_power.csv,sample_index|elapsed_s|power_W,Ergebnisse_Clone1_13.07.2026/resnet50_fp32_slow_BS8_tegrastats_power.csv
Clone1,bench_meta.json,batch|cuda_device|device_type|git_commit|git_status|imgsz|iters|measure_accuracy|metrics|model|precision|pretrained|seed|timestamp|torch_version|torchvision_version|warmup :: metrics=duration_s|iterations|latency_avg_ms|latency_p50_ms|throughput_img_s|top1,Ergebnisse_Clone1_13.07.2026/resnet50_fp64_fast_BS1_bench_meta.json
Clone1,perf.csv,iter|batch|latency_ms|img_per_s|acc_top1,Ergebnisse_Clone1_13.07.2026/resnet50_fp64_fast_BS1_perf.csv
Clone1,tegrastats_power.csv,sample_index|elapsed_s|power_W,Ergebnisse_Clone1_13.07.2026/resnet50_fp64_fast_BS1_tegrastats_power.csv
Clone1,bench_meta.json,batch|cuda_device|device_type|git_commit|git_status|imgsz|iters|measure_accuracy|metrics|model|precision|pretrained|seed|timestamp|torch_version|torchvision_version|warmup :: metrics=duration_s|iterations|latency_avg_ms|latency_p50_ms|throughput_img_s|top1,Ergebnisse_Clone1_13.07.2026/resnet50_fp64_fast_BS128_bench_meta.json
Clone1,perf.csv,iter|batch|latency_ms|img_per_s|acc_top1,Ergebnisse_Clone1_13.07.2026/resnet50_fp64_fast_BS128_perf.csv
Clone1,tegrastats_power.csv,sample_index|elapsed_s|power_W,Ergebnisse_Clone1_13.07.2026/resnet50_fp64_fast_BS128_tegrastats_power.csv
Clone1,bench_meta.json,batch|cuda_device|device_type|git_commit|git_status|imgsz|iters|measure_accuracy|metrics|model|precision|pretrained|seed|timestamp|torch_version|torchvision_version|warmup :: metrics=duration_s|iterations|latency_avg_ms|latency_p50_ms|throughput_img_s|top1,Ergebnisse_Clone1_13.07.2026/resnet50_fp64_fast_BS16_bench_meta.json
Clone1,perf.csv,iter|batch|latency_ms|img_per_s|acc_top1,Ergebnisse_Clone1_13.07.2026/resnet50_fp64_fast_BS16_perf.csv
Clone1,tegrastats_power.csv,sample_index|elapsed_s|power_W,Ergebnisse_Clone1_13.07.2026/resnet50_fp64_fast_BS16_tegrastats_power.csv
Clone1,bench_meta.json,batch|cuda_device|device_type|git_commit|git_status|imgsz|iters|measure_accuracy|metrics|model|precision|pretrained|seed|timestamp|torch_version|torchvision_version|warmup :: metrics=duration_s|iterations|latency_avg_ms|latency_p50_ms|throughput_img_s|top1,Ergebnisse_Clone1_13.07.2026/resnet50_fp64_fast_BS32_bench_meta.json
Clone1,perf.csv,iter|batch|latency_ms|img_per_s|acc_top1,Ergebnisse_Clone1_13.07.2026/resnet50_fp64_fast_BS32_perf.csv
Clone1,tegrastats_power.csv,sample_index|elapsed_s|power_W,Ergebnisse_Clone1_13.07.2026/resnet50_fp64_fast_BS32_tegrastats_power.csv
Clone1,bench_meta.json,batch|cuda_device|device_type|git_commit|git_status|imgsz|iters|measure_accuracy|metrics|model|precision|pretrained|seed|timestamp|torch_version|torchvision_version|warmup :: metrics=duration_s|iterations|latency_avg_ms|latency_p50_ms|throughput_img_s|top1,Ergebnisse_Clone1_13.07.2026/resnet50_fp64_fast_BS4_bench_meta.json
Clone1,perf.csv,iter|batch|latency_ms|img_per_s|acc_top1,Ergebnisse_Clone1_13.07.2026/resnet50_fp64_fast_BS4_perf.csv
Clone1,tegrastats_power.csv,sample_index|elapsed_s|power_W,Ergebnisse_Clone1_13.07.2026/resnet50_fp64_fast_BS4_tegrastats_power.csv
Clone1,bench_meta.json,batch|cuda_device|device_type|git_commit|git_status|imgsz|iters|measure_accuracy|metrics|model|precision|pretrained|seed|timestamp|torch_version|torchvision_version|warmup :: metrics=duration_s|iterations|latency_avg_ms|latency_p50_ms|throughput_img_s|top1,Ergebnisse_Clone1_13.07.2026/resnet50_fp64_fast_BS64_bench_meta.json
Clone1,perf.csv,iter|batch|latency_ms|img_per_s|acc_top1,Ergebnisse_Clone1_13.07.2026/resnet50_fp64_fast_BS64_perf.csv
Clone1,tegrastats_power.csv,sample_index|elapsed_s|power_W,Ergebnisse_Clone1_13.07.2026/resnet50_fp64_fast_BS64_tegrastats_power.csv
Clone1,bench_meta.json,batch|cuda_device|device_type|git_commit|git_status|imgsz|iters|measure_accuracy|metrics|model|precision|pretrained|seed|timestamp|torch_version|torchvision_version|warmup :: metrics=duration_s|iterations|latency_avg_ms|latency_p50_ms|throughput_img_s|top1,Ergebnisse_Clone1_13.07.2026/resnet50_fp64_fast_BS8_bench_meta.json
Clone1,perf.csv,iter|batch|latency_ms|img_per_s|acc_top1,Ergebnisse_Clone1_13.07.2026/resnet50_fp64_fast_BS8_perf.csv
Clone1,tegrastats_power.csv,sample_index|elapsed_s|power_W,Ergebnisse_Clone1_13.07.2026/resnet50_fp64_fast_BS8_tegrastats_power.csv
Clone1,bench_meta.json,batch|cuda_device|device_type|git_commit|git_status|imgsz|iters|measure_accuracy|metrics|model|precision|pretrained|seed|timestamp|torch_version|torchvision_version|warmup :: metrics=duration_s|iterations|latency_avg_ms|latency_p50_ms|throughput_img_s|top1,Ergebnisse_Clone1_13.07.2026/resnet50_fp64_medium_BS1_bench_meta.json
Clone1,perf.csv,iter|batch|latency_ms|img_per_s|acc_top1,Ergebnisse_Clone1_13.07.2026/resnet50_fp64_medium_BS1_perf.csv
Clone1,tegrastats_power.csv,sample_index|elapsed_s|power_W,Ergebnisse_Clone1_13.07.2026/resnet50_fp64_medium_BS1_tegrastats_power.csv
Clone1,bench_meta.json,batch|cuda_device|device_type|git_commit|git_status|imgsz|iters|measure_accuracy|metrics|model|precision|pretrained|seed|timestamp|torch_version|torchvision_version|warmup :: metrics=duration_s|iterations|latency_avg_ms|latency_p50_ms|throughput_img_s|top1,Ergebnisse_Clone1_13.07.2026/resnet50_fp64_medium_BS128_bench_meta.json
Clone1,perf.csv,iter|batch|latency_ms|img_per_s|acc_top1,Ergebnisse_Clone1_13.07.2026/resnet50_fp64_medium_BS128_perf.csv
Clone1,tegrastats_power.csv,sample_index|elapsed_s|power_W,Ergebnisse_Clone1_13.07.2026/resnet50_fp64_medium_BS128_tegrastats_power.csv
Clone1,bench_meta.json,batch|cuda_device|device_type|git_commit|git_status|imgsz|iters|measure_accuracy|metrics|model|precision|pretrained|seed|timestamp|torch_version|torchvision_version|warmup :: metrics=duration_s|iterations|latency_avg_ms|latency_p50_ms|throughput_img_s|top1,Ergebnisse_Clone1_13.07.2026/resnet50_fp64_medium_BS16_bench_meta.json
Clone1,perf.csv,iter|batch|latency_ms|img_per_s|acc_top1,Ergebnisse_Clone1_13.07.2026/resnet50_fp64_medium_BS16_perf.csv
Clone1,tegrastats_power.csv,sample_index|elapsed_s|power_W,Ergebnisse_Clone1_13.07.2026/resnet50_fp64_medium_BS16_tegrastats_power.csv
Clone1,bench_meta.json,batch|cuda_device|device_type|git_commit|git_status|imgsz|iters|measure_accuracy|metrics|model|precision|pretrained|seed|timestamp|torch_version|torchvision_version|warmup :: metrics=duration_s|iterations|latency_avg_ms|latency_p50_ms|throughput_img_s|top1,Ergebnisse_Clone1_13.07.2026/resnet50_fp64_medium_BS32_bench_meta.json
Clone1,perf.csv,iter|batch|latency_ms|img_per_s|acc_top1,Ergebnisse_Clone1_13.07.2026/resnet50_fp64_medium_BS32_perf.csv
Clone1,tegrastats_power.csv,sample_index|elapsed_s|power_W,Ergebnisse_Clone1_13.07.2026/resnet50_fp64_medium_BS32_tegrastats_power.csv
Clone1,bench_meta.json,batch|cuda_device|device_type|git_commit|git_status|imgsz|iters|measure_accuracy|metrics|model|precision|pretrained|seed|timestamp|torch_version|torchvision_version|warmup :: metrics=duration_s|iterations|latency_avg_ms|latency_p50_ms|throughput_img_s|top1,Ergebnisse_Clone1_13.07.2026/resnet50_fp64_medium_BS4_bench_meta.json
Clone1,perf.csv,iter|batch|latency_ms|img_per_s|acc_top1,Ergebnisse_Clone1_13.07.2026/resnet50_fp64_medium_BS4_perf.csv
Clone1,tegrastats_power.csv,sample_index|elapsed_s|power_W,Ergebnisse_Clone1_13.07.2026/resnet50_fp64_medium_BS4_tegrastats_power.csv
Clone1,bench_meta.json,batch|cuda_device|device_type|git_commit|git_status|imgsz|iters|measure_accuracy|metrics|model|precision|pretrained|seed|timestamp|torch_version|torchvision_version|warmup :: metrics=duration_s|iterations|latency_avg_ms|latency_p50_ms|throughput_img_s|top1,Ergebnisse_Clone1_13.07.2026/resnet50_fp64_medium_BS64_bench_meta.json
Clone1,perf.csv,iter|batch|latency_ms|img_per_s|acc_top1,Ergebnisse_Clone1_13.07.2026/resnet50_fp64_medium_BS64_perf.csv
Clone1,tegrastats_power.csv,sample_index|elapsed_s|power_W,Ergebnisse_Clone1_13.07.2026/resnet50_fp64_medium_BS64_tegrastats_power.csv
Clone1,bench_meta.json,batch|cuda_device|device_type|git_commit|git_status|imgsz|iters|measure_accuracy|metrics|model|precision|pretrained|seed|timestamp|torch_version|torchvision_version|warmup :: metrics=duration_s|iterations|latency_avg_ms|latency_p50_ms|throughput_img_s|top1,Ergebnisse_Clone1_13.07.2026/resnet50_fp64_medium_BS8_bench_meta.json
Clone1,perf.csv,iter|batch|latency_ms|img_per_s|acc_top1,Ergebnisse_Clone1_13.07.2026/resnet50_fp64_medium_BS8_perf.csv
Clone1,tegrastats_power.csv,sample_index|elapsed_s|power_W,Ergebnisse_Clone1_13.07.2026/resnet50_fp64_medium_BS8_tegrastats_power.csv
Clone1,bench_meta.json,batch|cuda_device|device_type|git_commit|git_status|imgsz|iters|measure_accuracy|metrics|model|precision|pretrained|seed|timestamp|torch_version|torchvision_version|warmup :: metrics=duration_s|iterations|latency_avg_ms|latency_p50_ms|throughput_img_s|top1,Ergebnisse_Clone1_13.07.2026/resnet50_fp64_slow_BS1_bench_meta.json
Clone1,perf.csv,iter|batch|latency_ms|img_per_s|acc_top1,Ergebnisse_Clone1_13.07.2026/resnet50_fp64_slow_BS1_perf.csv
Clone1,tegrastats_power.csv,sample_index|elapsed_s|power_W,Ergebnisse_Clone1_13.07.2026/resnet50_fp64_slow_BS1_tegrastats_power.csv
Clone1,bench_meta.json,batch|cuda_device|device_type|git_commit|git_status|imgsz|iters|measure_accuracy|metrics|model|precision|pretrained|seed|timestamp|torch_version|torchvision_version|warmup :: metrics=duration_s|iterations|latency_avg_ms|latency_p50_ms|throughput_img_s|top1,Ergebnisse_Clone1_13.07.2026/resnet50_fp64_slow_BS128_bench_meta.json
Clone1,perf.csv,iter|batch|latency_ms|img_per_s|acc_top1,Ergebnisse_Clone1_13.07.2026/resnet50_fp64_slow_BS128_perf.csv
Clone1,tegrastats_power.csv,sample_index|elapsed_s|power_W,Ergebnisse_Clone1_13.07.2026/resnet50_fp64_slow_BS128_tegrastats_power.csv
Clone1,bench_meta.json,batch|cuda_device|device_type|git_commit|git_status|imgsz|iters|measure_accuracy|metrics|model|precision|pretrained|seed|timestamp|torch_version|torchvision_version|warmup :: metrics=duration_s|iterations|latency_avg_ms|latency_p50_ms|throughput_img_s|top1,Ergebnisse_Clone1_13.07.2026/resnet50_fp64_slow_BS16_bench_meta.json
Clone1,perf.csv,iter|batch|latency_ms|img_per_s|acc_top1,Ergebnisse_Clone1_13.07.2026/resnet50_fp64_slow_BS16_perf.csv
Clone1,tegrastats_power.csv,sample_index|elapsed_s|power_W,Ergebnisse_Clone1_13.07.2026/resnet50_fp64_slow_BS16_tegrastats_power.csv
Clone1,bench_meta.json,batch|cuda_device|device_type|git_commit|git_status|imgsz|iters|measure_accuracy|metrics|model|precision|pretrained|seed|timestamp|torch_version|torchvision_version|warmup :: metrics=duration_s|iterations|latency_avg_ms|latency_p50_ms|throughput_img_s|top1,Ergebnisse_Clone1_13.07.2026/resnet50_fp64_slow_BS32_bench_meta.json
Clone1,perf.csv,iter|batch|latency_ms|img_per_s|acc_top1,Ergebnisse_Clone1_13.07.2026/resnet50_fp64_slow_BS32_perf.csv
Clone1,tegrastats_power.csv,sample_index|elapsed_s|power_W,Ergebnisse_Clone1_13.07.2026/resnet50_fp64_slow_BS32_tegrastats_power.csv
Clone1,bench_meta.json,batch|cuda_device|device_type|git_commit|git_status|imgsz|iters|measure_accuracy|metrics|model|precision|pretrained|seed|timestamp|torch_version|torchvision_version|warmup :: metrics=duration_s|iterations|latency_avg_ms|latency_p50_ms|throughput_img_s|top1,Ergebnisse_Clone1_13.07.2026/resnet50_fp64_slow_BS4_bench_meta.json
Clone1,perf.csv,iter|batch|latency_ms|img_per_s|acc_top1,Ergebnisse_Clone1_13.07.2026/resnet50_fp64_slow_BS4_perf.csv
Clone1,tegrastats_power.csv,sample_index|elapsed_s|power_W,Ergebnisse_Clone1_13.07.2026/resnet50_fp64_slow_BS4_tegrastats_power.csv
Clone1,bench_meta.json,batch|cuda_device|device_type|git_commit|git_status|imgsz|iters|measure_accuracy|metrics|model|precision|pretrained|seed|timestamp|torch_version|torchvision_version|warmup :: metrics=duration_s|iterations|latency_avg_ms|latency_p50_ms|throughput_img_s|top1,Ergebnisse_Clone1_13.07.2026/resnet50_fp64_slow_BS64_bench_meta.json
Clone1,perf.csv,iter|batch|latency_ms|img_per_s|acc_top1,Ergebnisse_Clone1_13.07.2026/resnet50_fp64_slow_BS64_perf.csv
Clone1,tegrastats_power.csv,sample_index|elapsed_s|power_W,Ergebnisse_Clone1_13.07.2026/resnet50_fp64_slow_BS64_tegrastats_power.csv
Clone1,bench_meta.json,batch|cuda_device|device_type|git_commit|git_status|imgsz|iters|measure_accuracy|metrics|model|precision|pretrained|seed|timestamp|torch_version|torchvision_version|warmup :: metrics=duration_s|iterations|latency_avg_ms|latency_p50_ms|throughput_img_s|top1,Ergebnisse_Clone1_13.07.2026/resnet50_fp64_slow_BS8_bench_meta.json
Clone1,perf.csv,iter|batch|latency_ms|img_per_s|acc_top1,Ergebnisse_Clone1_13.07.2026/resnet50_fp64_slow_BS8_perf.csv
Clone1,tegrastats_power.csv,sample_index|elapsed_s|power_W,Ergebnisse_Clone1_13.07.2026/resnet50_fp64_slow_BS8_tegrastats_power.csv
Clone2,bench_meta.json,batch|cuda_device|device_type|git_commit|git_status|imgsz|iters|measure_accuracy|metrics|model|precision|pretrained|seed|timestamp|torch_version|torchvision_version|warmup :: metrics=duration_s|iterations|latency_avg_ms|latency_p50_ms|throughput_img_s|top1,Ergebnisse_Clone2_13.07.2026/mobilenet_v2_fp16_fast_BS1_bench_meta.json
Clone2,perf.csv,iter|batch|latency_ms|img_per_s|acc_top1,Ergebnisse_Clone2_13.07.2026/mobilenet_v2_fp16_fast_BS1_perf.csv
Clone2,tegrastats_power.csv,sample_index|elapsed_s|power_W,Ergebnisse_Clone2_13.07.2026/mobilenet_v2_fp16_fast_BS1_tegrastats_power.csv
Clone2,bench_meta.json,batch|cuda_device|device_type|git_commit|git_status|imgsz|iters|measure_accuracy|metrics|model|precision|pretrained|seed|timestamp|torch_version|torchvision_version|warmup :: metrics=duration_s|iterations|latency_avg_ms|latency_p50_ms|throughput_img_s|top1,Ergebnisse_Clone2_13.07.2026/mobilenet_v2_fp16_fast_BS128_bench_meta.json
Clone2,perf.csv,iter|batch|latency_ms|img_per_s|acc_top1,Ergebnisse_Clone2_13.07.2026/mobilenet_v2_fp16_fast_BS128_perf.csv
Clone2,tegrastats_power.csv,sample_index|elapsed_s|power_W,Ergebnisse_Clone2_13.07.2026/mobilenet_v2_fp16_fast_BS128_tegrastats_power.csv
Clone2,bench_meta.json,batch|cuda_device|device_type|git_commit|git_status|imgsz|iters|measure_accuracy|metrics|model|precision|pretrained|seed|timestamp|torch_version|torchvision_version|warmup :: metrics=duration_s|iterations|latency_avg_ms|latency_p50_ms|throughput_img_s|top1,Ergebnisse_Clone2_13.07.2026/mobilenet_v2_fp16_fast_BS16_bench_meta.json
Clone2,perf.csv,iter|batch|latency_ms|img_per_s|acc_top1,Ergebnisse_Clone2_13.07.2026/mobilenet_v2_fp16_fast_BS16_perf.csv
Clone2,tegrastats_power.csv,sample_index|elapsed_s|power_W,Ergebnisse_Clone2_13.07.2026/mobilenet_v2_fp16_fast_BS16_tegrastats_power.csv
Clone2,bench_meta.json,batch|cuda_device|device_type|git_commit|git_status|imgsz|iters|measure_accuracy|metrics|model|precision|pretrained|seed|timestamp|torch_version|torchvision_version|warmup :: metrics=duration_s|iterations|latency_avg_ms|latency_p50_ms|throughput_img_s|top1,Ergebnisse_Clone2_13.07.2026/mobilenet_v2_fp16_fast_BS32_bench_meta.json
Clone2,perf.csv,iter|batch|latency_ms|img_per_s|acc_top1,Ergebnisse_Clone2_13.07.2026/mobilenet_v2_fp16_fast_BS32_perf.csv
Clone2,tegrastats_power.csv,sample_index|elapsed_s|power_W,Ergebnisse_Clone2_13.07.2026/mobilenet_v2_fp16_fast_BS32_tegrastats_power.csv
Clone2,bench_meta.json,batch|cuda_device|device_type|git_commit|git_status|imgsz|iters|measure_accuracy|metrics|model|precision|pretrained|seed|timestamp|torch_version|torchvision_version|warmup :: metrics=duration_s|iterations|latency_avg_ms|latency_p50_ms|throughput_img_s|top1,Ergebnisse_Clone2_13.07.2026/mobilenet_v2_fp16_fast_BS4_bench_meta.json
Clone2,perf.csv,iter|batch|latency_ms|img_per_s|acc_top1,Ergebnisse_Clone2_13.07.2026/mobilenet_v2_fp16_fast_BS4_perf.csv
Clone2,tegrastats_power.csv,sample_index|elapsed_s|power_W,Ergebnisse_Clone2_13.07.2026/mobilenet_v2_fp16_fast_BS4_tegrastats_power.csv
Clone2,bench_meta.json,batch|cuda_device|device_type|git_commit|git_status|imgsz|iters|measure_accuracy|metrics|model|precision|pretrained|seed|timestamp|torch_version|torchvision_version|warmup :: metrics=duration_s|iterations|latency_avg_ms|latency_p50_ms|throughput_img_s|top1,Ergebnisse_Clone2_13.07.2026/mobilenet_v2_fp16_fast_BS64_bench_meta.json
Clone2,perf.csv,iter|batch|latency_ms|img_per_s|acc_top1,Ergebnisse_Clone2_13.07.2026/mobilenet_v2_fp16_fast_BS64_perf.csv
Clone2,tegrastats_power.csv,sample_index|elapsed_s|power_W,Ergebnisse_Clone2_13.07.2026/mobilenet_v2_fp16_fast_BS64_tegrastats_power.csv
Clone2,bench_meta.json,batch|cuda_device|device_type|git_commit|git_status|imgsz|iters|measure_accuracy|metrics|model|precision|pretrained|seed|timestamp|torch_version|torchvision_version|warmup :: metrics=duration_s|iterations|latency_avg_ms|latency_p50_ms|throughput_img_s|top1,Ergebnisse_Clone2_13.07.2026/mobilenet_v2_fp16_fast_BS8_bench_meta.json
Clone2,perf.csv,iter|batch|latency_ms|img_per_s|acc_top1,Ergebnisse_Clone2_13.07.2026/mobilenet_v2_fp16_fast_BS8_perf.csv
Clone2,tegrastats_power.csv,sample_index|elapsed_s|power_W,Ergebnisse_Clone2_13.07.2026/mobilenet_v2_fp16_fast_BS8_tegrastats_power.csv
Clone2,bench_meta.json,batch|cuda_device|device_type|git_commit|git_status|imgsz|iters|measure_accuracy|metrics|model|precision|pretrained|seed|timestamp|torch_version|torchvision_version|warmup :: metrics=duration_s|iterations|latency_avg_ms|latency_p50_ms|throughput_img_s|top1,Ergebnisse_Clone2_13.07.2026/mobilenet_v2_fp16_medium_BS1_bench_meta.json
Clone2,perf.csv,iter|batch|latency_ms|img_per_s|acc_top1,Ergebnisse_Clone2_13.07.2026/mobilenet_v2_fp16_medium_BS1_perf.csv
Clone2,tegrastats_power.csv,sample_index|elapsed_s|power_W,Ergebnisse_Clone2_13.07.2026/mobilenet_v2_fp16_medium_BS1_tegrastats_power.csv
Clone2,bench_meta.json,batch|cuda_device|device_type|git_commit|git_status|imgsz|iters|measure_accuracy|metrics|model|precision|pretrained|seed|timestamp|torch_version|torchvision_version|warmup :: metrics=duration_s|iterations|latency_avg_ms|latency_p50_ms|throughput_img_s|top1,Ergebnisse_Clone2_13.07.2026/mobilenet_v2_fp16_medium_BS128_bench_meta.json
Clone2,perf.csv,iter|batch|latency_ms|img_per_s|acc_top1,Ergebnisse_Clone2_13.07.2026/mobilenet_v2_fp16_medium_BS128_perf.csv
Clone2,tegrastats_power.csv,sample_index|elapsed_s|power_W,Ergebnisse_Clone2_13.07.2026/mobilenet_v2_fp16_medium_BS128_tegrastats_power.csv
Clone2,bench_meta.json,batch|cuda_device|device_type|git_commit|git_status|imgsz|iters|measure_accuracy|metrics|model|precision|pretrained|seed|timestamp|torch_version|torchvision_version|warmup :: metrics=duration_s|iterations|latency_avg_ms|latency_p50_ms|throughput_img_s|top1,Ergebnisse_Clone2_13.07.2026/mobilenet_v2_fp16_medium_BS16_bench_meta.json
Clone2,perf.csv,iter|batch|latency_ms|img_per_s|acc_top1,Ergebnisse_Clone2_13.07.2026/mobilenet_v2_fp16_medium_BS16_perf.csv
Clone2,tegrastats_power.csv,sample_index|elapsed_s|power_W,Ergebnisse_Clone2_13.07.2026/mobilenet_v2_fp16_medium_BS16_tegrastats_power.csv
Clone2,bench_meta.json,batch|cuda_device|device_type|git_commit|git_status|imgsz|iters|measure_accuracy|metrics|model|precision|pretrained|seed|timestamp|torch_version|torchvision_version|warmup :: metrics=duration_s|iterations|latency_avg_ms|latency_p50_ms|throughput_img_s|top1,Ergebnisse_Clone2_13.07.2026/mobilenet_v2_fp16_medium_BS32_bench_meta.json
Clone2,perf.csv,iter|batch|latency_ms|img_per_s|acc_top1,Ergebnisse_Clone2_13.07.2026/mobilenet_v2_fp16_medium_BS32_perf.csv
Clone2,tegrastats_power.csv,sample_index|elapsed_s|power_W,Ergebnisse_Clone2_13.07.2026/mobilenet_v2_fp16_medium_BS32_tegrastats_power.csv
Clone2,bench_meta.json,batch|cuda_device|device_type|git_commit|git_status|imgsz|iters|measure_accuracy|metrics|model|precision|pretrained|seed|timestamp|torch_version|torchvision_version|warmup :: metrics=duration_s|iterations|latency_avg_ms|latency_p50_ms|throughput_img_s|top1,Ergebnisse_Clone2_13.07.2026/mobilenet_v2_fp16_medium_BS4_bench_meta.json
Clone2,perf.csv,iter|batch|latency_ms|img_per_s|acc_top1,Ergebnisse_Clone2_13.07.2026/mobilenet_v2_fp16_medium_BS4_perf.csv
Clone2,tegrastats_power.csv,sample_index|elapsed_s|power_W,Ergebnisse_Clone2_13.07.2026/mobilenet_v2_fp16_medium_BS4_tegrastats_power.csv
Clone2,bench_meta.json,batch|cuda_device|device_type|git_commit|git_status|imgsz|iters|measure_accuracy|metrics|model|precision|pretrained|seed|timestamp|torch_version|torchvision_version|warmup :: metrics=duration_s|iterations|latency_avg_ms|latency_p50_ms|throughput_img_s|top1,Ergebnisse_Clone2_13.07.2026/mobilenet_v2_fp16_medium_BS64_bench_meta.json
Clone2,perf.csv,iter|batch|latency_ms|img_per_s|acc_top1,Ergebnisse_Clone2_13.07.2026/mobilenet_v2_fp16_medium_BS64_perf.csv
Clone2,tegrastats_power.csv,sample_index|elapsed_s|power_W,Ergebnisse_Clone2_13.07.2026/mobilenet_v2_fp16_medium_BS64_tegrastats_power.csv
Clone2,bench_meta.json,batch|cuda_device|device_type|git_commit|git_status|imgsz|iters|measure_accuracy|metrics|model|precision|pretrained|seed|timestamp|torch_version|torchvision_version|warmup :: metrics=duration_s|iterations|latency_avg_ms|latency_p50_ms|throughput_img_s|top1,Ergebnisse_Clone2_13.07.2026/mobilenet_v2_fp16_medium_BS8_bench_meta.json
Clone2,perf.csv,iter|batch|latency_ms|img_per_s|acc_top1,Ergebnisse_Clone2_13.07.2026/mobilenet_v2_fp16_medium_BS8_perf.csv
Clone2,tegrastats_power.csv,sample_index|elapsed_s|power_W,Ergebnisse_Clone2_13.07.2026/mobilenet_v2_fp16_medium_BS8_tegrastats_power.csv
Clone2,bench_meta.json,batch|cuda_device|device_type|git_commit|git_status|imgsz|iters|measure_accuracy|metrics|model|precision|pretrained|seed|timestamp|torch_version|torchvision_version|warmup :: metrics=duration_s|iterations|latency_avg_ms|latency_p50_ms|throughput_img_s|top1,Ergebnisse_Clone2_13.07.2026/mobilenet_v2_fp16_slow_BS1_bench_meta.json
Clone2,perf.csv,iter|batch|latency_ms|img_per_s|acc_top1,Ergebnisse_Clone2_13.07.2026/mobilenet_v2_fp16_slow_BS1_perf.csv
Clone2,tegrastats_power.csv,sample_index|elapsed_s|power_W,Ergebnisse_Clone2_13.07.2026/mobilenet_v2_fp16_slow_BS1_tegrastats_power.csv
Clone2,bench_meta.json,batch|cuda_device|device_type|git_commit|git_status|imgsz|iters|measure_accuracy|metrics|model|precision|pretrained|seed|timestamp|torch_version|torchvision_version|warmup :: metrics=duration_s|iterations|latency_avg_ms|latency_p50_ms|throughput_img_s|top1,Ergebnisse_Clone2_13.07.2026/mobilenet_v2_fp16_slow_BS128_bench_meta.json
Clone2,perf.csv,iter|batch|latency_ms|img_per_s|acc_top1,Ergebnisse_Clone2_13.07.2026/mobilenet_v2_fp16_slow_BS128_perf.csv
Clone2,tegrastats_power.csv,sample_index|elapsed_s|power_W,Ergebnisse_Clone2_13.07.2026/mobilenet_v2_fp16_slow_BS128_tegrastats_power.csv
Clone2,bench_meta.json,batch|cuda_device|device_type|git_commit|git_status|imgsz|iters|measure_accuracy|metrics|model|precision|pretrained|seed|timestamp|torch_version|torchvision_version|warmup :: metrics=duration_s|iterations|latency_avg_ms|latency_p50_ms|throughput_img_s|top1,Ergebnisse_Clone2_13.07.2026/mobilenet_v2_fp16_slow_BS16_bench_meta.json
Clone2,perf.csv,iter|batch|latency_ms|img_per_s|acc_top1,Ergebnisse_Clone2_13.07.2026/mobilenet_v2_fp16_slow_BS16_perf.csv
Clone2,tegrastats_power.csv,sample_index|elapsed_s|power_W,Ergebnisse_Clone2_13.07.2026/mobilenet_v2_fp16_slow_BS16_tegrastats_power.csv
Clone2,bench_meta.json,batch|cuda_device|device_type|git_commit|git_status|imgsz|iters|measure_accuracy|metrics|model|precision|pretrained|seed|timestamp|torch_version|torchvision_version|warmup :: metrics=duration_s|iterations|latency_avg_ms|latency_p50_ms|throughput_img_s|top1,Ergebnisse_Clone2_13.07.2026/mobilenet_v2_fp16_slow_BS32_bench_meta.json
Clone2,perf.csv,iter|batch|latency_ms|img_per_s|acc_top1,Ergebnisse_Clone2_13.07.2026/mobilenet_v2_fp16_slow_BS32_perf.csv
Clone2,tegrastats_power.csv,sample_index|elapsed_s|power_W,Ergebnisse_Clone2_13.07.2026/mobilenet_v2_fp16_slow_BS32_tegrastats_power.csv
Clone2,bench_meta.json,batch|cuda_device|device_type|git_commit|git_status|imgsz|iters|measure_accuracy|metrics|model|precision|pretrained|seed|timestamp|torch_version|torchvision_version|warmup :: metrics=duration_s|iterations|latency_avg_ms|latency_p50_ms|throughput_img_s|top1,Ergebnisse_Clone2_13.07.2026/mobilenet_v2_fp16_slow_BS4_bench_meta.json
Clone2,perf.csv,iter|batch|latency_ms|img_per_s|acc_top1,Ergebnisse_Clone2_13.07.2026/mobilenet_v2_fp16_slow_BS4_perf.csv
Clone2,tegrastats_power.csv,sample_index|elapsed_s|power_W,Ergebnisse_Clone2_13.07.2026/mobilenet_v2_fp16_slow_BS4_tegrastats_power.csv
Clone2,bench_meta.json,batch|cuda_device|device_type|git_commit|git_status|imgsz|iters|measure_accuracy|metrics|model|precision|pretrained|seed|timestamp|torch_version|torchvision_version|warmup :: metrics=duration_s|iterations|latency_avg_ms|latency_p50_ms|throughput_img_s|top1,Ergebnisse_Clone2_13.07.2026/mobilenet_v2_fp16_slow_BS64_bench_meta.json
Clone2,perf.csv,iter|batch|latency_ms|img_per_s|acc_top1,Ergebnisse_Clone2_13.07.2026/mobilenet_v2_fp16_slow_BS64_perf.csv
Clone2,tegrastats_power.csv,sample_index|elapsed_s|power_W,Ergebnisse_Clone2_13.07.2026/mobilenet_v2_fp16_slow_BS64_tegrastats_power.csv
Clone2,bench_meta.json,batch|cuda_device|device_type|git_commit|git_status|imgsz|iters|measure_accuracy|metrics|model|precision|pretrained|seed|timestamp|torch_version|torchvision_version|warmup :: metrics=duration_s|iterations|latency_avg_ms|latency_p50_ms|throughput_img_s|top1,Ergebnisse_Clone2_13.07.2026/mobilenet_v2_fp16_slow_BS8_bench_meta.json
Clone2,perf.csv,iter|batch|latency_ms|img_per_s|acc_top1,Ergebnisse_Clone2_13.07.2026/mobilenet_v2_fp16_slow_BS8_perf.csv
Clone2,tegrastats_power.csv,sample_index|elapsed_s|power_W,Ergebnisse_Clone2_13.07.2026/mobilenet_v2_fp16_slow_BS8_tegrastats_power.csv
Clone2,bench_meta.json,batch|cuda_device|device_type|git_commit|git_status|imgsz|iters|measure_accuracy|metrics|model|precision|pretrained|seed|timestamp|torch_version|torchvision_version|warmup :: metrics=duration_s|iterations|latency_avg_ms|latency_p50_ms|throughput_img_s|top1,Ergebnisse_Clone2_13.07.2026/mobilenet_v2_fp32_fast_BS1_bench_meta.json
Clone2,perf.csv,iter|batch|latency_ms|img_per_s|acc_top1,Ergebnisse_Clone2_13.07.2026/mobilenet_v2_fp32_fast_BS1_perf.csv
Clone2,tegrastats_power.csv,sample_index|elapsed_s|power_W,Ergebnisse_Clone2_13.07.2026/mobilenet_v2_fp32_fast_BS1_tegrastats_power.csv
Clone2,bench_meta.json,batch|cuda_device|device_type|git_commit|git_status|imgsz|iters|measure_accuracy|metrics|model|precision|pretrained|seed|timestamp|torch_version|torchvision_version|warmup :: metrics=duration_s|iterations|latency_avg_ms|latency_p50_ms|throughput_img_s|top1,Ergebnisse_Clone2_13.07.2026/mobilenet_v2_fp32_fast_BS128_bench_meta.json
Clone2,perf.csv,iter|batch|latency_ms|img_per_s|acc_top1,Ergebnisse_Clone2_13.07.2026/mobilenet_v2_fp32_fast_BS128_perf.csv
Clone2,tegrastats_power.csv,sample_index|elapsed_s|power_W,Ergebnisse_Clone2_13.07.2026/mobilenet_v2_fp32_fast_BS128_tegrastats_power.csv
Clone2,bench_meta.json,batch|cuda_device|device_type|git_commit|git_status|imgsz|iters|measure_accuracy|metrics|model|precision|pretrained|seed|timestamp|torch_version|torchvision_version|warmup :: metrics=duration_s|iterations|latency_avg_ms|latency_p50_ms|throughput_img_s|top1,Ergebnisse_Clone2_13.07.2026/mobilenet_v2_fp32_fast_BS16_bench_meta.json
Clone2,perf.csv,iter|batch|latency_ms|img_per_s|acc_top1,Ergebnisse_Clone2_13.07.2026/mobilenet_v2_fp32_fast_BS16_perf.csv
Clone2,tegrastats_power.csv,sample_index|elapsed_s|power_W,Ergebnisse_Clone2_13.07.2026/mobilenet_v2_fp32_fast_BS16_tegrastats_power.csv
Clone2,bench_meta.json,batch|cuda_device|device_type|git_commit|git_status|imgsz|iters|measure_accuracy|metrics|model|precision|pretrained|seed|timestamp|torch_version|torchvision_version|warmup :: metrics=duration_s|iterations|latency_avg_ms|latency_p50_ms|throughput_img_s|top1,Ergebnisse_Clone2_13.07.2026/mobilenet_v2_fp32_fast_BS32_bench_meta.json
Clone2,perf.csv,iter|batch|latency_ms|img_per_s|acc_top1,Ergebnisse_Clone2_13.07.2026/mobilenet_v2_fp32_fast_BS32_perf.csv
Clone2,tegrastats_power.csv,sample_index|elapsed_s|power_W,Ergebnisse_Clone2_13.07.2026/mobilenet_v2_fp32_fast_BS32_tegrastats_power.csv
Clone2,bench_meta.json,batch|cuda_device|device_type|git_commit|git_status|imgsz|iters|measure_accuracy|metrics|model|precision|pretrained|seed|timestamp|torch_version|torchvision_version|warmup :: metrics=duration_s|iterations|latency_avg_ms|latency_p50_ms|throughput_img_s|top1,Ergebnisse_Clone2_13.07.2026/mobilenet_v2_fp32_fast_BS4_bench_meta.json
Clone2,perf.csv,iter|batch|latency_ms|img_per_s|acc_top1,Ergebnisse_Clone2_13.07.2026/mobilenet_v2_fp32_fast_BS4_perf.csv
Clone2,tegrastats_power.csv,sample_index|elapsed_s|power_W,Ergebnisse_Clone2_13.07.2026/mobilenet_v2_fp32_fast_BS4_tegrastats_power.csv
Clone2,bench_meta.json,batch|cuda_device|device_type|git_commit|git_status|imgsz|iters|measure_accuracy|metrics|model|precision|pretrained|seed|timestamp|torch_version|torchvision_version|warmup :: metrics=duration_s|iterations|latency_avg_ms|latency_p50_ms|throughput_img_s|top1,Ergebnisse_Clone2_13.07.2026/mobilenet_v2_fp32_fast_BS64_bench_meta.json
Clone2,perf.csv,iter|batch|latency_ms|img_per_s|acc_top1,Ergebnisse_Clone2_13.07.2026/mobilenet_v2_fp32_fast_BS64_perf.csv
Clone2,tegrastats_power.csv,sample_index|elapsed_s|power_W,Ergebnisse_Clone2_13.07.2026/mobilenet_v2_fp32_fast_BS64_tegrastats_power.csv
Clone2,bench_meta.json,batch|cuda_device|device_type|git_commit|git_status|imgsz|iters|measure_accuracy|metrics|model|precision|pretrained|seed|timestamp|torch_version|torchvision_version|warmup :: metrics=duration_s|iterations|latency_avg_ms|latency_p50_ms|throughput_img_s|top1,Ergebnisse_Clone2_13.07.2026/mobilenet_v2_fp32_fast_BS8_bench_meta.json
Clone2,perf.csv,iter|batch|latency_ms|img_per_s|acc_top1,Ergebnisse_Clone2_13.07.2026/mobilenet_v2_fp32_fast_BS8_perf.csv
Clone2,tegrastats_power.csv,sample_index|elapsed_s|power_W,Ergebnisse_Clone2_13.07.2026/mobilenet_v2_fp32_fast_BS8_tegrastats_power.csv
Clone2,bench_meta.json,batch|cuda_device|device_type|git_commit|git_status|imgsz|iters|measure_accuracy|metrics|model|precision|pretrained|seed|timestamp|torch_version|torchvision_version|warmup :: metrics=duration_s|iterations|latency_avg_ms|latency_p50_ms|throughput_img_s|top1,Ergebnisse_Clone2_13.07.2026/mobilenet_v2_fp32_medium_BS1_bench_meta.json
Clone2,perf.csv,iter|batch|latency_ms|img_per_s|acc_top1,Ergebnisse_Clone2_13.07.2026/mobilenet_v2_fp32_medium_BS1_perf.csv
Clone2,tegrastats_power.csv,sample_index|elapsed_s|power_W,Ergebnisse_Clone2_13.07.2026/mobilenet_v2_fp32_medium_BS1_tegrastats_power.csv
Clone2,bench_meta.json,batch|cuda_device|device_type|git_commit|git_status|imgsz|iters|measure_accuracy|metrics|model|precision|pretrained|seed|timestamp|torch_version|torchvision_version|warmup :: metrics=duration_s|iterations|latency_avg_ms|latency_p50_ms|throughput_img_s|top1,Ergebnisse_Clone2_13.07.2026/mobilenet_v2_fp32_medium_BS128_bench_meta.json
Clone2,perf.csv,iter|batch|latency_ms|img_per_s|acc_top1,Ergebnisse_Clone2_13.07.2026/mobilenet_v2_fp32_medium_BS128_perf.csv
Clone2,tegrastats_power.csv,sample_index|elapsed_s|power_W,Ergebnisse_Clone2_13.07.2026/mobilenet_v2_fp32_medium_BS128_tegrastats_power.csv
Clone2,bench_meta.json,batch|cuda_device|device_type|git_commit|git_status|imgsz|iters|measure_accuracy|metrics|model|precision|pretrained|seed|timestamp|torch_version|torchvision_version|warmup :: metrics=duration_s|iterations|latency_avg_ms|latency_p50_ms|throughput_img_s|top1,Ergebnisse_Clone2_13.07.2026/mobilenet_v2_fp32_medium_BS16_bench_meta.json
Clone2,perf.csv,iter|batch|latency_ms|img_per_s|acc_top1,Ergebnisse_Clone2_13.07.2026/mobilenet_v2_fp32_medium_BS16_perf.csv
Clone2,tegrastats_power.csv,sample_index|elapsed_s|power_W,Ergebnisse_Clone2_13.07.2026/mobilenet_v2_fp32_medium_BS16_tegrastats_power.csv
Clone2,bench_meta.json,batch|cuda_device|device_type|git_commit|git_status|imgsz|iters|measure_accuracy|metrics|model|precision|pretrained|seed|timestamp|torch_version|torchvision_version|warmup :: metrics=duration_s|iterations|latency_avg_ms|latency_p50_ms|throughput_img_s|top1,Ergebnisse_Clone2_13.07.2026/mobilenet_v2_fp32_medium_BS32_bench_meta.json
Clone2,perf.csv,iter|batch|latency_ms|img_per_s|acc_top1,Ergebnisse_Clone2_13.07.2026/mobilenet_v2_fp32_medium_BS32_perf.csv
Clone2,tegrastats_power.csv,sample_index|elapsed_s|power_W,Ergebnisse_Clone2_13.07.2026/mobilenet_v2_fp32_medium_BS32_tegrastats_power.csv
Clone2,bench_meta.json,batch|cuda_device|device_type|git_commit|git_status|imgsz|iters|measure_accuracy|metrics|model|precision|pretrained|seed|timestamp|torch_version|torchvision_version|warmup :: metrics=duration_s|iterations|latency_avg_ms|latency_p50_ms|throughput_img_s|top1,Ergebnisse_Clone2_13.07.2026/mobilenet_v2_fp32_medium_BS4_bench_meta.json
Clone2,perf.csv,iter|batch|latency_ms|img_per_s|acc_top1,Ergebnisse_Clone2_13.07.2026/mobilenet_v2_fp32_medium_BS4_perf.csv
Clone2,tegrastats_power.csv,sample_index|elapsed_s|power_W,Ergebnisse_Clone2_13.07.2026/mobilenet_v2_fp32_medium_BS4_tegrastats_power.csv
Clone2,bench_meta.json,batch|cuda_device|device_type|git_commit|git_status|imgsz|iters|measure_accuracy|metrics|model|precision|pretrained|seed|timestamp|torch_version|torchvision_version|warmup :: metrics=duration_s|iterations|latency_avg_ms|latency_p50_ms|throughput_img_s|top1,Ergebnisse_Clone2_13.07.2026/mobilenet_v2_fp32_medium_BS64_bench_meta.json
Clone2,perf.csv,iter|batch|latency_ms|img_per_s|acc_top1,Ergebnisse_Clone2_13.07.2026/mobilenet_v2_fp32_medium_BS64_perf.csv
Clone2,tegrastats_power.csv,sample_index|elapsed_s|power_W,Ergebnisse_Clone2_13.07.2026/mobilenet_v2_fp32_medium_BS64_tegrastats_power.csv
Clone2,bench_meta.json,batch|cuda_device|device_type|git_commit|git_status|imgsz|iters|measure_accuracy|metrics|model|precision|pretrained|seed|timestamp|torch_version|torchvision_version|warmup :: metrics=duration_s|iterations|latency_avg_ms|latency_p50_ms|throughput_img_s|top1,Ergebnisse_Clone2_13.07.2026/mobilenet_v2_fp32_medium_BS8_bench_meta.json
Clone2,perf.csv,iter|batch|latency_ms|img_per_s|acc_top1,Ergebnisse_Clone2_13.07.2026/mobilenet_v2_fp32_medium_BS8_perf.csv
Clone2,tegrastats_power.csv,sample_index|elapsed_s|power_W,Ergebnisse_Clone2_13.07.2026/mobilenet_v2_fp32_medium_BS8_tegrastats_power.csv
Clone2,bench_meta.json,batch|cuda_device|device_type|git_commit|git_status|imgsz|iters|measure_accuracy|metrics|model|precision|pretrained|seed|timestamp|torch_version|torchvision_version|warmup :: metrics=duration_s|iterations|latency_avg_ms|latency_p50_ms|throughput_img_s|top1,Ergebnisse_Clone2_13.07.2026/mobilenet_v2_fp32_slow_BS1_bench_meta.json
Clone2,perf.csv,iter|batch|latency_ms|img_per_s|acc_top1,Ergebnisse_Clone2_13.07.2026/mobilenet_v2_fp32_slow_BS1_perf.csv
Clone2,tegrastats_power.csv,sample_index|elapsed_s|power_W,Ergebnisse_Clone2_13.07.2026/mobilenet_v2_fp32_slow_BS1_tegrastats_power.csv
Clone2,bench_meta.json,batch|cuda_device|device_type|git_commit|git_status|imgsz|iters|measure_accuracy|metrics|model|precision|pretrained|seed|timestamp|torch_version|torchvision_version|warmup :: metrics=duration_s|iterations|latency_avg_ms|latency_p50_ms|throughput_img_s|top1,Ergebnisse_Clone2_13.07.2026/mobilenet_v2_fp32_slow_BS128_bench_meta.json
Clone2,perf.csv,iter|batch|latency_ms|img_per_s|acc_top1,Ergebnisse_Clone2_13.07.2026/mobilenet_v2_fp32_slow_BS128_perf.csv
Clone2,tegrastats_power.csv,sample_index|elapsed_s|power_W,Ergebnisse_Clone2_13.07.2026/mobilenet_v2_fp32_slow_BS128_tegrastats_power.csv
Clone2,bench_meta.json,batch|cuda_device|device_type|git_commit|git_status|imgsz|iters|measure_accuracy|metrics|model|precision|pretrained|seed|timestamp|torch_version|torchvision_version|warmup :: metrics=duration_s|iterations|latency_avg_ms|latency_p50_ms|throughput_img_s|top1,Ergebnisse_Clone2_13.07.2026/mobilenet_v2_fp32_slow_BS16_bench_meta.json
Clone2,perf.csv,iter|batch|latency_ms|img_per_s|acc_top1,Ergebnisse_Clone2_13.07.2026/mobilenet_v2_fp32_slow_BS16_perf.csv
Clone2,tegrastats_power.csv,sample_index|elapsed_s|power_W,Ergebnisse_Clone2_13.07.2026/mobilenet_v2_fp32_slow_BS16_tegrastats_power.csv
Clone2,bench_meta.json,batch|cuda_device|device_type|git_commit|git_status|imgsz|iters|measure_accuracy|metrics|model|precision|pretrained|seed|timestamp|torch_version|torchvision_version|warmup :: metrics=duration_s|iterations|latency_avg_ms|latency_p50_ms|throughput_img_s|top1,Ergebnisse_Clone2_13.07.2026/mobilenet_v2_fp32_slow_BS32_bench_meta.json
Clone2,perf.csv,iter|batch|latency_ms|img_per_s|acc_top1,Ergebnisse_Clone2_13.07.2026/mobilenet_v2_fp32_slow_BS32_perf.csv
Clone2,tegrastats_power.csv,sample_index|elapsed_s|power_W,Ergebnisse_Clone2_13.07.2026/mobilenet_v2_fp32_slow_BS32_tegrastats_power.csv
Clone2,bench_meta.json,batch|cuda_device|device_type|git_commit|git_status|imgsz|iters|measure_accuracy|metrics|model|precision|pretrained|seed|timestamp|torch_version|torchvision_version|warmup :: metrics=duration_s|iterations|latency_avg_ms|latency_p50_ms|throughput_img_s|top1,Ergebnisse_Clone2_13.07.2026/mobilenet_v2_fp32_slow_BS4_bench_meta.json
Clone2,perf.csv,iter|batch|latency_ms|img_per_s|acc_top1,Ergebnisse_Clone2_13.07.2026/mobilenet_v2_fp32_slow_BS4_perf.csv
Clone2,tegrastats_power.csv,sample_index|elapsed_s|power_W,Ergebnisse_Clone2_13.07.2026/mobilenet_v2_fp32_slow_BS4_tegrastats_power.csv
Clone2,bench_meta.json,batch|cuda_device|device_type|git_commit|git_status|imgsz|iters|measure_accuracy|metrics|model|precision|pretrained|seed|timestamp|torch_version|torchvision_version|warmup :: metrics=duration_s|iterations|latency_avg_ms|latency_p50_ms|throughput_img_s|top1,Ergebnisse_Clone2_13.07.2026/mobilenet_v2_fp32_slow_BS64_bench_meta.json
Clone2,perf.csv,iter|batch|latency_ms|img_per_s|acc_top1,Ergebnisse_Clone2_13.07.2026/mobilenet_v2_fp32_slow_BS64_perf.csv
Clone2,tegrastats_power.csv,sample_index|elapsed_s|power_W,Ergebnisse_Clone2_13.07.2026/mobilenet_v2_fp32_slow_BS64_tegrastats_power.csv
Clone2,bench_meta.json,batch|cuda_device|device_type|git_commit|git_status|imgsz|iters|measure_accuracy|metrics|model|precision|pretrained|seed|timestamp|torch_version|torchvision_version|warmup :: metrics=duration_s|iterations|latency_avg_ms|latency_p50_ms|throughput_img_s|top1,Ergebnisse_Clone2_13.07.2026/mobilenet_v2_fp32_slow_BS8_bench_meta.json
Clone2,perf.csv,iter|batch|latency_ms|img_per_s|acc_top1,Ergebnisse_Clone2_13.07.2026/mobilenet_v2_fp32_slow_BS8_perf.csv
Clone2,tegrastats_power.csv,sample_index|elapsed_s|power_W,Ergebnisse_Clone2_13.07.2026/mobilenet_v2_fp32_slow_BS8_tegrastats_power.csv
Clone2,bench_meta.json,batch|cuda_device|device_type|git_commit|git_status|imgsz|iters|measure_accuracy|metrics|model|precision|pretrained|seed|timestamp|torch_version|torchvision_version|warmup :: metrics=duration_s|iterations|latency_avg_ms|latency_p50_ms|throughput_img_s|top1,Ergebnisse_Clone2_13.07.2026/mobilenet_v2_fp64_fast_BS1_bench_meta.json
Clone2,perf.csv,iter|batch|latency_ms|img_per_s|acc_top1,Ergebnisse_Clone2_13.07.2026/mobilenet_v2_fp64_fast_BS1_perf.csv
Clone2,tegrastats_power.csv,sample_index|elapsed_s|power_W,Ergebnisse_Clone2_13.07.2026/mobilenet_v2_fp64_fast_BS1_tegrastats_power.csv
Clone2,bench_meta.json,batch|cuda_device|device_type|git_commit|git_status|imgsz|iters|measure_accuracy|metrics|model|precision|pretrained|seed|timestamp|torch_version|torchvision_version|warmup :: metrics=duration_s|iterations|latency_avg_ms|latency_p50_ms|throughput_img_s|top1,Ergebnisse_Clone2_13.07.2026/mobilenet_v2_fp64_fast_BS128_bench_meta.json
Clone2,perf.csv,iter|batch|latency_ms|img_per_s|acc_top1,Ergebnisse_Clone2_13.07.2026/mobilenet_v2_fp64_fast_BS128_perf.csv
Clone2,tegrastats_power.csv,sample_index|elapsed_s|power_W,Ergebnisse_Clone2_13.07.2026/mobilenet_v2_fp64_fast_BS128_tegrastats_power.csv
Clone2,bench_meta.json,batch|cuda_device|device_type|git_commit|git_status|imgsz|iters|measure_accuracy|metrics|model|precision|pretrained|seed|timestamp|torch_version|torchvision_version|warmup :: metrics=duration_s|iterations|latency_avg_ms|latency_p50_ms|throughput_img_s|top1,Ergebnisse_Clone2_13.07.2026/mobilenet_v2_fp64_fast_BS16_bench_meta.json
Clone2,perf.csv,iter|batch|latency_ms|img_per_s|acc_top1,Ergebnisse_Clone2_13.07.2026/mobilenet_v2_fp64_fast_BS16_perf.csv
Clone2,tegrastats_power.csv,sample_index|elapsed_s|power_W,Ergebnisse_Clone2_13.07.2026/mobilenet_v2_fp64_fast_BS16_tegrastats_power.csv
Clone2,bench_meta.json,batch|cuda_device|device_type|git_commit|git_status|imgsz|iters|measure_accuracy|metrics|model|precision|pretrained|seed|timestamp|torch_version|torchvision_version|warmup :: metrics=duration_s|iterations|latency_avg_ms|latency_p50_ms|throughput_img_s|top1,Ergebnisse_Clone2_13.07.2026/mobilenet_v2_fp64_fast_BS32_bench_meta.json
Clone2,perf.csv,iter|batch|latency_ms|img_per_s|acc_top1,Ergebnisse_Clone2_13.07.2026/mobilenet_v2_fp64_fast_BS32_perf.csv
Clone2,tegrastats_power.csv,sample_index|elapsed_s|power_W,Ergebnisse_Clone2_13.07.2026/mobilenet_v2_fp64_fast_BS32_tegrastats_power.csv
Clone2,bench_meta.json,batch|cuda_device|device_type|git_commit|git_status|imgsz|iters|measure_accuracy|metrics|model|precision|pretrained|seed|timestamp|torch_version|torchvision_version|warmup :: metrics=duration_s|iterations|latency_avg_ms|latency_p50_ms|throughput_img_s|top1,Ergebnisse_Clone2_13.07.2026/mobilenet_v2_fp64_fast_BS4_bench_meta.json
Clone2,perf.csv,iter|batch|latency_ms|img_per_s|acc_top1,Ergebnisse_Clone2_13.07.2026/mobilenet_v2_fp64_fast_BS4_perf.csv
Clone2,tegrastats_power.csv,sample_index|elapsed_s|power_W,Ergebnisse_Clone2_13.07.2026/mobilenet_v2_fp64_fast_BS4_tegrastats_power.csv
Clone2,bench_meta.json,batch|cuda_device|device_type|git_commit|git_status|imgsz|iters|measure_accuracy|metrics|model|precision|pretrained|seed|timestamp|torch_version|torchvision_version|warmup :: metrics=duration_s|iterations|latency_avg_ms|latency_p50_ms|throughput_img_s|top1,Ergebnisse_Clone2_13.07.2026/mobilenet_v2_fp64_fast_BS64_bench_meta.json
Clone2,perf.csv,iter|batch|latency_ms|img_per_s|acc_top1,Ergebnisse_Clone2_13.07.2026/mobilenet_v2_fp64_fast_BS64_perf.csv
Clone2,tegrastats_power.csv,sample_index|elapsed_s|power_W,Ergebnisse_Clone2_13.07.2026/mobilenet_v2_fp64_fast_BS64_tegrastats_power.csv
Clone2,bench_meta.json,batch|cuda_device|device_type|git_commit|git_status|imgsz|iters|measure_accuracy|metrics|model|precision|pretrained|seed|timestamp|torch_version|torchvision_version|warmup :: metrics=duration_s|iterations|latency_avg_ms|latency_p50_ms|throughput_img_s|top1,Ergebnisse_Clone2_13.07.2026/mobilenet_v2_fp64_fast_BS8_bench_meta.json
Clone2,perf.csv,iter|batch|latency_ms|img_per_s|acc_top1,Ergebnisse_Clone2_13.07.2026/mobilenet_v2_fp64_fast_BS8_perf.csv
Clone2,tegrastats_power.csv,sample_index|elapsed_s|power_W,Ergebnisse_Clone2_13.07.2026/mobilenet_v2_fp64_fast_BS8_tegrastats_power.csv
Clone2,bench_meta.json,batch|cuda_device|device_type|git_commit|git_status|imgsz|iters|measure_accuracy|metrics|model|precision|pretrained|seed|timestamp|torch_version|torchvision_version|warmup :: metrics=duration_s|iterations|latency_avg_ms|latency_p50_ms|throughput_img_s|top1,Ergebnisse_Clone2_13.07.2026/mobilenet_v2_fp64_medium_BS1_bench_meta.json
Clone2,perf.csv,iter|batch|latency_ms|img_per_s|acc_top1,Ergebnisse_Clone2_13.07.2026/mobilenet_v2_fp64_medium_BS1_perf.csv
Clone2,tegrastats_power.csv,sample_index|elapsed_s|power_W,Ergebnisse_Clone2_13.07.2026/mobilenet_v2_fp64_medium_BS1_tegrastats_power.csv
Clone2,bench_meta.json,batch|cuda_device|device_type|git_commit|git_status|imgsz|iters|measure_accuracy|metrics|model|precision|pretrained|seed|timestamp|torch_version|torchvision_version|warmup :: metrics=duration_s|iterations|latency_avg_ms|latency_p50_ms|throughput_img_s|top1,Ergebnisse_Clone2_13.07.2026/mobilenet_v2_fp64_medium_BS128_bench_meta.json
Clone2,perf.csv,iter|batch|latency_ms|img_per_s|acc_top1,Ergebnisse_Clone2_13.07.2026/mobilenet_v2_fp64_medium_BS128_perf.csv
Clone2,tegrastats_power.csv,sample_index|elapsed_s|power_W,Ergebnisse_Clone2_13.07.2026/mobilenet_v2_fp64_medium_BS128_tegrastats_power.csv
Clone2,bench_meta.json,batch|cuda_device|device_type|git_commit|git_status|imgsz|iters|measure_accuracy|metrics|model|precision|pretrained|seed|timestamp|torch_version|torchvision_version|warmup :: metrics=duration_s|iterations|latency_avg_ms|latency_p50_ms|throughput_img_s|top1,Ergebnisse_Clone2_13.07.2026/mobilenet_v2_fp64_medium_BS16_bench_meta.json
Clone2,perf.csv,iter|batch|latency_ms|img_per_s|acc_top1,Ergebnisse_Clone2_13.07.2026/mobilenet_v2_fp64_medium_BS16_perf.csv
Clone2,tegrastats_power.csv,sample_index|elapsed_s|power_W,Ergebnisse_Clone2_13.07.2026/mobilenet_v2_fp64_medium_BS16_tegrastats_power.csv
Clone2,bench_meta.json,batch|cuda_device|device_type|git_commit|git_status|imgsz|iters|measure_accuracy|metrics|model|precision|pretrained|seed|timestamp|torch_version|torchvision_version|warmup :: metrics=duration_s|iterations|latency_avg_ms|latency_p50_ms|throughput_img_s|top1,Ergebnisse_Clone2_13.07.2026/mobilenet_v2_fp64_medium_BS32_bench_meta.json
Clone2,perf.csv,iter|batch|latency_ms|img_per_s|acc_top1,Ergebnisse_Clone2_13.07.2026/mobilenet_v2_fp64_medium_BS32_perf.csv
Clone2,tegrastats_power.csv,sample_index|elapsed_s|power_W,Ergebnisse_Clone2_13.07.2026/mobilenet_v2_fp64_medium_BS32_tegrastats_power.csv
Clone2,bench_meta.json,batch|cuda_device|device_type|git_commit|git_status|imgsz|iters|measure_accuracy|metrics|model|precision|pretrained|seed|timestamp|torch_version|torchvision_version|warmup :: metrics=duration_s|iterations|latency_avg_ms|latency_p50_ms|throughput_img_s|top1,Ergebnisse_Clone2_13.07.2026/mobilenet_v2_fp64_medium_BS4_bench_meta.json
Clone2,perf.csv,iter|batch|latency_ms|img_per_s|acc_top1,Ergebnisse_Clone2_13.07.2026/mobilenet_v2_fp64_medium_BS4_perf.csv
Clone2,tegrastats_power.csv,sample_index|elapsed_s|power_W,Ergebnisse_Clone2_13.07.2026/mobilenet_v2_fp64_medium_BS4_tegrastats_power.csv
Clone2,bench_meta.json,batch|cuda_device|device_type|git_commit|git_status|imgsz|iters|measure_accuracy|metrics|model|precision|pretrained|seed|timestamp|torch_version|torchvision_version|warmup :: metrics=duration_s|iterations|latency_avg_ms|latency_p50_ms|throughput_img_s|top1,Ergebnisse_Clone2_13.07.2026/mobilenet_v2_fp64_medium_BS64_bench_meta.json
Clone2,perf.csv,iter|batch|latency_ms|img_per_s|acc_top1,Ergebnisse_Clone2_13.07.2026/mobilenet_v2_fp64_medium_BS64_perf.csv
Clone2,tegrastats_power.csv,sample_index|elapsed_s|power_W,Ergebnisse_Clone2_13.07.2026/mobilenet_v2_fp64_medium_BS64_tegrastats_power.csv
Clone2,bench_meta.json,batch|cuda_device|device_type|git_commit|git_status|imgsz|iters|measure_accuracy|metrics|model|precision|pretrained|seed|timestamp|torch_version|torchvision_version|warmup :: metrics=duration_s|iterations|latency_avg_ms|latency_p50_ms|throughput_img_s|top1,Ergebnisse_Clone2_13.07.2026/mobilenet_v2_fp64_medium_BS8_bench_meta.json
Clone2,perf.csv,iter|batch|latency_ms|img_per_s|acc_top1,Ergebnisse_Clone2_13.07.2026/mobilenet_v2_fp64_medium_BS8_perf.csv
Clone2,tegrastats_power.csv,sample_index|elapsed_s|power_W,Ergebnisse_Clone2_13.07.2026/mobilenet_v2_fp64_medium_BS8_tegrastats_power.csv
Clone2,bench_meta.json,batch|cuda_device|device_type|git_commit|git_status|imgsz|iters|measure_accuracy|metrics|model|precision|pretrained|seed|timestamp|torch_version|torchvision_version|warmup :: metrics=duration_s|iterations|latency_avg_ms|latency_p50_ms|throughput_img_s|top1,Ergebnisse_Clone2_13.07.2026/mobilenet_v2_fp64_slow_BS1_bench_meta.json
Clone2,perf.csv,iter|batch|latency_ms|img_per_s|acc_top1,Ergebnisse_Clone2_13.07.2026/mobilenet_v2_fp64_slow_BS1_perf.csv
Clone2,tegrastats_power.csv,sample_index|elapsed_s|power_W,Ergebnisse_Clone2_13.07.2026/mobilenet_v2_fp64_slow_BS1_tegrastats_power.csv
Clone2,bench_meta.json,batch|cuda_device|device_type|git_commit|git_status|imgsz|iters|measure_accuracy|metrics|model|precision|pretrained|seed|timestamp|torch_version|torchvision_version|warmup :: metrics=duration_s|iterations|latency_avg_ms|latency_p50_ms|throughput_img_s|top1,Ergebnisse_Clone2_13.07.2026/mobilenet_v2_fp64_slow_BS128_bench_meta.json
Clone2,perf.csv,iter|batch|latency_ms|img_per_s|acc_top1,Ergebnisse_Clone2_13.07.2026/mobilenet_v2_fp64_slow_BS128_perf.csv
Clone2,tegrastats_power.csv,sample_index|elapsed_s|power_W,Ergebnisse_Clone2_13.07.2026/mobilenet_v2_fp64_slow_BS128_tegrastats_power.csv
Clone2,bench_meta.json,batch|cuda_device|device_type|git_commit|git_status|imgsz|iters|measure_accuracy|metrics|model|precision|pretrained|seed|timestamp|torch_version|torchvision_version|warmup :: metrics=duration_s|iterations|latency_avg_ms|latency_p50_ms|throughput_img_s|top1,Ergebnisse_Clone2_13.07.2026/mobilenet_v2_fp64_slow_BS16_bench_meta.json
Clone2,perf.csv,iter|batch|latency_ms|img_per_s|acc_top1,Ergebnisse_Clone2_13.07.2026/mobilenet_v2_fp64_slow_BS16_perf.csv
Clone2,tegrastats_power.csv,sample_index|elapsed_s|power_W,Ergebnisse_Clone2_13.07.2026/mobilenet_v2_fp64_slow_BS16_tegrastats_power.csv
Clone2,bench_meta.json,batch|cuda_device|device_type|git_commit|git_status|imgsz|iters|measure_accuracy|metrics|model|precision|pretrained|seed|timestamp|torch_version|torchvision_version|warmup :: metrics=duration_s|iterations|latency_avg_ms|latency_p50_ms|throughput_img_s|top1,Ergebnisse_Clone2_13.07.2026/mobilenet_v2_fp64_slow_BS32_bench_meta.json
Clone2,perf.csv,iter|batch|latency_ms|img_per_s|acc_top1,Ergebnisse_Clone2_13.07.2026/mobilenet_v2_fp64_slow_BS32_perf.csv
Clone2,tegrastats_power.csv,sample_index|elapsed_s|power_W,Ergebnisse_Clone2_13.07.2026/mobilenet_v2_fp64_slow_BS32_tegrastats_power.csv
Clone2,bench_meta.json,batch|cuda_device|device_type|git_commit|git_status|imgsz|iters|measure_accuracy|metrics|model|precision|pretrained|seed|timestamp|torch_version|torchvision_version|warmup :: metrics=duration_s|iterations|latency_avg_ms|latency_p50_ms|throughput_img_s|top1,Ergebnisse_Clone2_13.07.2026/mobilenet_v2_fp64_slow_BS4_bench_meta.json
Clone2,perf.csv,iter|batch|latency_ms|img_per_s|acc_top1,Ergebnisse_Clone2_13.07.2026/mobilenet_v2_fp64_slow_BS4_perf.csv
Clone2,tegrastats_power.csv,sample_index|elapsed_s|power_W,Ergebnisse_Clone2_13.07.2026/mobilenet_v2_fp64_slow_BS4_tegrastats_power.csv
Clone2,bench_meta.json,batch|cuda_device|device_type|git_commit|git_status|imgsz|iters|measure_accuracy|metrics|model|precision|pretrained|seed|timestamp|torch_version|torchvision_version|warmup :: metrics=duration_s|iterations|latency_avg_ms|latency_p50_ms|throughput_img_s|top1,Ergebnisse_Clone2_13.07.2026/mobilenet_v2_fp64_slow_BS64_bench_meta.json
Clone2,perf.csv,iter|batch|latency_ms|img_per_s|acc_top1,Ergebnisse_Clone2_13.07.2026/mobilenet_v2_fp64_slow_BS64_perf.csv
Clone2,tegrastats_power.csv,sample_index|elapsed_s|power_W,Ergebnisse_Clone2_13.07.2026/mobilenet_v2_fp64_slow_BS64_tegrastats_power.csv
Clone2,bench_meta.json,batch|cuda_device|device_type|git_commit|git_status|imgsz|iters|measure_accuracy|metrics|model|precision|pretrained|seed|timestamp|torch_version|torchvision_version|warmup :: metrics=duration_s|iterations|latency_avg_ms|latency_p50_ms|throughput_img_s|top1,Ergebnisse_Clone2_13.07.2026/mobilenet_v2_fp64_slow_BS8_bench_meta.json
Clone2,perf.csv,iter|batch|latency_ms|img_per_s|acc_top1,Ergebnisse_Clone2_13.07.2026/mobilenet_v2_fp64_slow_BS8_perf.csv
Clone2,tegrastats_power.csv,sample_index|elapsed_s|power_W,Ergebnisse_Clone2_13.07.2026/mobilenet_v2_fp64_slow_BS8_tegrastats_power.csv
Clone2,bench_meta.json,batch|cuda_device|device_type|git_commit|git_status|imgsz|iters|measure_accuracy|metrics|model|precision|pretrained|seed|timestamp|torch_version|torchvision_version|warmup :: metrics=duration_s|iterations|latency_avg_ms|latency_p50_ms|throughput_img_s|top1,Ergebnisse_Clone2_13.07.2026/resnet50_fp16_fast_BS1_bench_meta.json
Clone2,perf.csv,iter|batch|latency_ms|img_per_s|acc_top1,Ergebnisse_Clone2_13.07.2026/resnet50_fp16_fast_BS1_perf.csv
Clone2,tegrastats_power.csv,sample_index|elapsed_s|power_W,Ergebnisse_Clone2_13.07.2026/resnet50_fp16_fast_BS1_tegrastats_power.csv
Clone2,bench_meta.json,batch|cuda_device|device_type|git_commit|git_status|imgsz|iters|measure_accuracy|metrics|model|precision|pretrained|seed|timestamp|torch_version|torchvision_version|warmup :: metrics=duration_s|iterations|latency_avg_ms|latency_p50_ms|throughput_img_s|top1,Ergebnisse_Clone2_13.07.2026/resnet50_fp16_fast_BS128_bench_meta.json
Clone2,perf.csv,iter|batch|latency_ms|img_per_s|acc_top1,Ergebnisse_Clone2_13.07.2026/resnet50_fp16_fast_BS128_perf.csv
Clone2,tegrastats_power.csv,sample_index|elapsed_s|power_W,Ergebnisse_Clone2_13.07.2026/resnet50_fp16_fast_BS128_tegrastats_power.csv
Clone2,bench_meta.json,batch|cuda_device|device_type|git_commit|git_status|imgsz|iters|measure_accuracy|metrics|model|precision|pretrained|seed|timestamp|torch_version|torchvision_version|warmup :: metrics=duration_s|iterations|latency_avg_ms|latency_p50_ms|throughput_img_s|top1,Ergebnisse_Clone2_13.07.2026/resnet50_fp16_fast_BS16_bench_meta.json
Clone2,perf.csv,iter|batch|latency_ms|img_per_s|acc_top1,Ergebnisse_Clone2_13.07.2026/resnet50_fp16_fast_BS16_perf.csv
Clone2,tegrastats_power.csv,sample_index|elapsed_s|power_W,Ergebnisse_Clone2_13.07.2026/resnet50_fp16_fast_BS16_tegrastats_power.csv
Clone2,bench_meta.json,batch|cuda_device|device_type|git_commit|git_status|imgsz|iters|measure_accuracy|metrics|model|precision|pretrained|seed|timestamp|torch_version|torchvision_version|warmup :: metrics=duration_s|iterations|latency_avg_ms|latency_p50_ms|throughput_img_s|top1,Ergebnisse_Clone2_13.07.2026/resnet50_fp16_fast_BS32_bench_meta.json
Clone2,perf.csv,iter|batch|latency_ms|img_per_s|acc_top1,Ergebnisse_Clone2_13.07.2026/resnet50_fp16_fast_BS32_perf.csv
Clone2,tegrastats_power.csv,sample_index|elapsed_s|power_W,Ergebnisse_Clone2_13.07.2026/resnet50_fp16_fast_BS32_tegrastats_power.csv
Clone2,bench_meta.json,batch|cuda_device|device_type|git_commit|git_status|imgsz|iters|measure_accuracy|metrics|model|precision|pretrained|seed|timestamp|torch_version|torchvision_version|warmup :: metrics=duration_s|iterations|latency_avg_ms|latency_p50_ms|throughput_img_s|top1,Ergebnisse_Clone2_13.07.2026/resnet50_fp16_fast_BS4_bench_meta.json
Clone2,perf.csv,iter|batch|latency_ms|img_per_s|acc_top1,Ergebnisse_Clone2_13.07.2026/resnet50_fp16_fast_BS4_perf.csv
Clone2,tegrastats_power.csv,sample_index|elapsed_s|power_W,Ergebnisse_Clone2_13.07.2026/resnet50_fp16_fast_BS4_tegrastats_power.csv
Clone2,bench_meta.json,batch|cuda_device|device_type|git_commit|git_status|imgsz|iters|measure_accuracy|metrics|model|precision|pretrained|seed|timestamp|torch_version|torchvision_version|warmup :: metrics=duration_s|iterations|latency_avg_ms|latency_p50_ms|throughput_img_s|top1,Ergebnisse_Clone2_13.07.2026/resnet50_fp16_fast_BS64_bench_meta.json
Clone2,perf.csv,iter|batch|latency_ms|img_per_s|acc_top1,Ergebnisse_Clone2_13.07.2026/resnet50_fp16_fast_BS64_perf.csv
Clone2,tegrastats_power.csv,sample_index|elapsed_s|power_W,Ergebnisse_Clone2_13.07.2026/resnet50_fp16_fast_BS64_tegrastats_power.csv
Clone2,bench_meta.json,batch|cuda_device|device_type|git_commit|git_status|imgsz|iters|measure_accuracy|metrics|model|precision|pretrained|seed|timestamp|torch_version|torchvision_version|warmup :: metrics=duration_s|iterations|latency_avg_ms|latency_p50_ms|throughput_img_s|top1,Ergebnisse_Clone2_13.07.2026/resnet50_fp16_fast_BS8_bench_meta.json
Clone2,perf.csv,iter|batch|latency_ms|img_per_s|acc_top1,Ergebnisse_Clone2_13.07.2026/resnet50_fp16_fast_BS8_perf.csv
Clone2,tegrastats_power.csv,sample_index|elapsed_s|power_W,Ergebnisse_Clone2_13.07.2026/resnet50_fp16_fast_BS8_tegrastats_power.csv
Clone2,bench_meta.json,batch|cuda_device|device_type|git_commit|git_status|imgsz|iters|measure_accuracy|metrics|model|precision|pretrained|seed|timestamp|torch_version|torchvision_version|warmup :: metrics=duration_s|iterations|latency_avg_ms|latency_p50_ms|throughput_img_s|top1,Ergebnisse_Clone2_13.07.2026/resnet50_fp16_medium_BS1_bench_meta.json
Clone2,perf.csv,iter|batch|latency_ms|img_per_s|acc_top1,Ergebnisse_Clone2_13.07.2026/resnet50_fp16_medium_BS1_perf.csv
Clone2,tegrastats_power.csv,sample_index|elapsed_s|power_W,Ergebnisse_Clone2_13.07.2026/resnet50_fp16_medium_BS1_tegrastats_power.csv
Clone2,bench_meta.json,batch|cuda_device|device_type|git_commit|git_status|imgsz|iters|measure_accuracy|metrics|model|precision|pretrained|seed|timestamp|torch_version|torchvision_version|warmup :: metrics=duration_s|iterations|latency_avg_ms|latency_p50_ms|throughput_img_s|top1,Ergebnisse_Clone2_13.07.2026/resnet50_fp16_medium_BS128_bench_meta.json
Clone2,perf.csv,iter|batch|latency_ms|img_per_s|acc_top1,Ergebnisse_Clone2_13.07.2026/resnet50_fp16_medium_BS128_perf.csv
Clone2,tegrastats_power.csv,sample_index|elapsed_s|power_W,Ergebnisse_Clone2_13.07.2026/resnet50_fp16_medium_BS128_tegrastats_power.csv
Clone2,bench_meta.json,batch|cuda_device|device_type|git_commit|git_status|imgsz|iters|measure_accuracy|metrics|model|precision|pretrained|seed|timestamp|torch_version|torchvision_version|warmup :: metrics=duration_s|iterations|latency_avg_ms|latency_p50_ms|throughput_img_s|top1,Ergebnisse_Clone2_13.07.2026/resnet50_fp16_medium_BS16_bench_meta.json
Clone2,perf.csv,iter|batch|latency_ms|img_per_s|acc_top1,Ergebnisse_Clone2_13.07.2026/resnet50_fp16_medium_BS16_perf.csv
Clone2,tegrastats_power.csv,sample_index|elapsed_s|power_W,Ergebnisse_Clone2_13.07.2026/resnet50_fp16_medium_BS16_tegrastats_power.csv
Clone2,bench_meta.json,batch|cuda_device|device_type|git_commit|git_status|imgsz|iters|measure_accuracy|metrics|model|precision|pretrained|seed|timestamp|torch_version|torchvision_version|warmup :: metrics=duration_s|iterations|latency_avg_ms|latency_p50_ms|throughput_img_s|top1,Ergebnisse_Clone2_13.07.2026/resnet50_fp16_medium_BS32_bench_meta.json
Clone2,perf.csv,iter|batch|latency_ms|img_per_s|acc_top1,Ergebnisse_Clone2_13.07.2026/resnet50_fp16_medium_BS32_perf.csv
Clone2,tegrastats_power.csv,sample_index|elapsed_s|power_W,Ergebnisse_Clone2_13.07.2026/resnet50_fp16_medium_BS32_tegrastats_power.csv
Clone2,bench_meta.json,batch|cuda_device|device_type|git_commit|git_status|imgsz|iters|measure_accuracy|metrics|model|precision|pretrained|seed|timestamp|torch_version|torchvision_version|warmup :: metrics=duration_s|iterations|latency_avg_ms|latency_p50_ms|throughput_img_s|top1,Ergebnisse_Clone2_13.07.2026/resnet50_fp16_medium_BS4_bench_meta.json
Clone2,perf.csv,iter|batch|latency_ms|img_per_s|acc_top1,Ergebnisse_Clone2_13.07.2026/resnet50_fp16_medium_BS4_perf.csv
Clone2,tegrastats_power.csv,sample_index|elapsed_s|power_W,Ergebnisse_Clone2_13.07.2026/resnet50_fp16_medium_BS4_tegrastats_power.csv
Clone2,bench_meta.json,batch|cuda_device|device_type|git_commit|git_status|imgsz|iters|measure_accuracy|metrics|model|precision|pretrained|seed|timestamp|torch_version|torchvision_version|warmup :: metrics=duration_s|iterations|latency_avg_ms|latency_p50_ms|throughput_img_s|top1,Ergebnisse_Clone2_13.07.2026/resnet50_fp16_medium_BS64_bench_meta.json
Clone2,perf.csv,iter|batch|latency_ms|img_per_s|acc_top1,Ergebnisse_Clone2_13.07.2026/resnet50_fp16_medium_BS64_perf.csv
Clone2,tegrastats_power.csv,sample_index|elapsed_s|power_W,Ergebnisse_Clone2_13.07.2026/resnet50_fp16_medium_BS64_tegrastats_power.csv
Clone2,bench_meta.json,batch|cuda_device|device_type|git_commit|git_status|imgsz|iters|measure_accuracy|metrics|model|precision|pretrained|seed|timestamp|torch_version|torchvision_version|warmup :: metrics=duration_s|iterations|latency_avg_ms|latency_p50_ms|throughput_img_s|top1,Ergebnisse_Clone2_13.07.2026/resnet50_fp16_medium_BS8_bench_meta.json
Clone2,perf.csv,iter|batch|latency_ms|img_per_s|acc_top1,Ergebnisse_Clone2_13.07.2026/resnet50_fp16_medium_BS8_perf.csv
Clone2,tegrastats_power.csv,sample_index|elapsed_s|power_W,Ergebnisse_Clone2_13.07.2026/resnet50_fp16_medium_BS8_tegrastats_power.csv
Clone2,bench_meta.json,batch|cuda_device|device_type|git_commit|git_status|imgsz|iters|measure_accuracy|metrics|model|precision|pretrained|seed|timestamp|torch_version|torchvision_version|warmup :: metrics=duration_s|iterations|latency_avg_ms|latency_p50_ms|throughput_img_s|top1,Ergebnisse_Clone2_13.07.2026/resnet50_fp16_slow_BS1_bench_meta.json
Clone2,perf.csv,iter|batch|latency_ms|img_per_s|acc_top1,Ergebnisse_Clone2_13.07.2026/resnet50_fp16_slow_BS1_perf.csv
Clone2,tegrastats_power.csv,sample_index|elapsed_s|power_W,Ergebnisse_Clone2_13.07.2026/resnet50_fp16_slow_BS1_tegrastats_power.csv
Clone2,bench_meta.json,batch|cuda_device|device_type|git_commit|git_status|imgsz|iters|measure_accuracy|metrics|model|precision|pretrained|seed|timestamp|torch_version|torchvision_version|warmup :: metrics=duration_s|iterations|latency_avg_ms|latency_p50_ms|throughput_img_s|top1,Ergebnisse_Clone2_13.07.2026/resnet50_fp16_slow_BS128_bench_meta.json
Clone2,perf.csv,iter|batch|latency_ms|img_per_s|acc_top1,Ergebnisse_Clone2_13.07.2026/resnet50_fp16_slow_BS128_perf.csv
Clone2,tegrastats_power.csv,sample_index|elapsed_s|power_W,Ergebnisse_Clone2_13.07.2026/resnet50_fp16_slow_BS128_tegrastats_power.csv
Clone2,bench_meta.json,batch|cuda_device|device_type|git_commit|git_status|imgsz|iters|measure_accuracy|metrics|model|precision|pretrained|seed|timestamp|torch_version|torchvision_version|warmup :: metrics=duration_s|iterations|latency_avg_ms|latency_p50_ms|throughput_img_s|top1,Ergebnisse_Clone2_13.07.2026/resnet50_fp16_slow_BS16_bench_meta.json
Clone2,perf.csv,iter|batch|latency_ms|img_per_s|acc_top1,Ergebnisse_Clone2_13.07.2026/resnet50_fp16_slow_BS16_perf.csv
Clone2,tegrastats_power.csv,sample_index|elapsed_s|power_W,Ergebnisse_Clone2_13.07.2026/resnet50_fp16_slow_BS16_tegrastats_power.csv
Clone2,bench_meta.json,batch|cuda_device|device_type|git_commit|git_status|imgsz|iters|measure_accuracy|metrics|model|precision|pretrained|seed|timestamp|torch_version|torchvision_version|warmup :: metrics=duration_s|iterations|latency_avg_ms|latency_p50_ms|throughput_img_s|top1,Ergebnisse_Clone2_13.07.2026/resnet50_fp16_slow_BS32_bench_meta.json
Clone2,perf.csv,iter|batch|latency_ms|img_per_s|acc_top1,Ergebnisse_Clone2_13.07.2026/resnet50_fp16_slow_BS32_perf.csv
Clone2,tegrastats_power.csv,sample_index|elapsed_s|power_W,Ergebnisse_Clone2_13.07.2026/resnet50_fp16_slow_BS32_tegrastats_power.csv
Clone2,bench_meta.json,batch|cuda_device|device_type|git_commit|git_status|imgsz|iters|measure_accuracy|metrics|model|precision|pretrained|seed|timestamp|torch_version|torchvision_version|warmup :: metrics=duration_s|iterations|latency_avg_ms|latency_p50_ms|throughput_img_s|top1,Ergebnisse_Clone2_13.07.2026/resnet50_fp16_slow_BS4_bench_meta.json
Clone2,perf.csv,iter|batch|latency_ms|img_per_s|acc_top1,Ergebnisse_Clone2_13.07.2026/resnet50_fp16_slow_BS4_perf.csv
Clone2,tegrastats_power.csv,sample_index|elapsed_s|power_W,Ergebnisse_Clone2_13.07.2026/resnet50_fp16_slow_BS4_tegrastats_power.csv
Clone2,bench_meta.json,batch|cuda_device|device_type|git_commit|git_status|imgsz|iters|measure_accuracy|metrics|model|precision|pretrained|seed|timestamp|torch_version|torchvision_version|warmup :: metrics=duration_s|iterations|latency_avg_ms|latency_p50_ms|throughput_img_s|top1,Ergebnisse_Clone2_13.07.2026/resnet50_fp16_slow_BS64_bench_meta.json
Clone2,perf.csv,iter|batch|latency_ms|img_per_s|acc_top1,Ergebnisse_Clone2_13.07.2026/resnet50_fp16_slow_BS64_perf.csv
Clone2,tegrastats_power.csv,sample_index|elapsed_s|power_W,Ergebnisse_Clone2_13.07.2026/resnet50_fp16_slow_BS64_tegrastats_power.csv
Clone2,bench_meta.json,batch|cuda_device|device_type|git_commit|git_status|imgsz|iters|measure_accuracy|metrics|model|precision|pretrained|seed|timestamp|torch_version|torchvision_version|warmup :: metrics=duration_s|iterations|latency_avg_ms|latency_p50_ms|throughput_img_s|top1,Ergebnisse_Clone2_13.07.2026/resnet50_fp16_slow_BS8_bench_meta.json
Clone2,perf.csv,iter|batch|latency_ms|img_per_s|acc_top1,Ergebnisse_Clone2_13.07.2026/resnet50_fp16_slow_BS8_perf.csv
Clone2,tegrastats_power.csv,sample_index|elapsed_s|power_W,Ergebnisse_Clone2_13.07.2026/resnet50_fp16_slow_BS8_tegrastats_power.csv
Clone2,bench_meta.json,batch|cuda_device|device_type|git_commit|git_status|imgsz|iters|measure_accuracy|metrics|model|precision|pretrained|seed|timestamp|torch_version|torchvision_version|warmup :: metrics=duration_s|iterations|latency_avg_ms|latency_p50_ms|throughput_img_s|top1,Ergebnisse_Clone2_13.07.2026/resnet50_fp32_fast_BS1_bench_meta.json
Clone2,perf.csv,iter|batch|latency_ms|img_per_s|acc_top1,Ergebnisse_Clone2_13.07.2026/resnet50_fp32_fast_BS1_perf.csv
Clone2,tegrastats_power.csv,sample_index|elapsed_s|power_W,Ergebnisse_Clone2_13.07.2026/resnet50_fp32_fast_BS1_tegrastats_power.csv
Clone2,bench_meta.json,batch|cuda_device|device_type|git_commit|git_status|imgsz|iters|measure_accuracy|metrics|model|precision|pretrained|seed|timestamp|torch_version|torchvision_version|warmup :: metrics=duration_s|iterations|latency_avg_ms|latency_p50_ms|throughput_img_s|top1,Ergebnisse_Clone2_13.07.2026/resnet50_fp32_fast_BS128_bench_meta.json
Clone2,perf.csv,iter|batch|latency_ms|img_per_s|acc_top1,Ergebnisse_Clone2_13.07.2026/resnet50_fp32_fast_BS128_perf.csv
Clone2,tegrastats_power.csv,sample_index|elapsed_s|power_W,Ergebnisse_Clone2_13.07.2026/resnet50_fp32_fast_BS128_tegrastats_power.csv
Clone2,bench_meta.json,batch|cuda_device|device_type|git_commit|git_status|imgsz|iters|measure_accuracy|metrics|model|precision|pretrained|seed|timestamp|torch_version|torchvision_version|warmup :: metrics=duration_s|iterations|latency_avg_ms|latency_p50_ms|throughput_img_s|top1,Ergebnisse_Clone2_13.07.2026/resnet50_fp32_fast_BS16_bench_meta.json
Clone2,perf.csv,iter|batch|latency_ms|img_per_s|acc_top1,Ergebnisse_Clone2_13.07.2026/resnet50_fp32_fast_BS16_perf.csv
Clone2,tegrastats_power.csv,sample_index|elapsed_s|power_W,Ergebnisse_Clone2_13.07.2026/resnet50_fp32_fast_BS16_tegrastats_power.csv
Clone2,bench_meta.json,batch|cuda_device|device_type|git_commit|git_status|imgsz|iters|measure_accuracy|metrics|model|precision|pretrained|seed|timestamp|torch_version|torchvision_version|warmup :: metrics=duration_s|iterations|latency_avg_ms|latency_p50_ms|throughput_img_s|top1,Ergebnisse_Clone2_13.07.2026/resnet50_fp32_fast_BS32_bench_meta.json
Clone2,perf.csv,iter|batch|latency_ms|img_per_s|acc_top1,Ergebnisse_Clone2_13.07.2026/resnet50_fp32_fast_BS32_perf.csv
Clone2,tegrastats_power.csv,sample_index|elapsed_s|power_W,Ergebnisse_Clone2_13.07.2026/resnet50_fp32_fast_BS32_tegrastats_power.csv
Clone2,bench_meta.json,batch|cuda_device|device_type|git_commit|git_status|imgsz|iters|measure_accuracy|metrics|model|precision|pretrained|seed|timestamp|torch_version|torchvision_version|warmup :: metrics=duration_s|iterations|latency_avg_ms|latency_p50_ms|throughput_img_s|top1,Ergebnisse_Clone2_13.07.2026/resnet50_fp32_fast_BS4_bench_meta.json
Clone2,perf.csv,iter|batch|latency_ms|img_per_s|acc_top1,Ergebnisse_Clone2_13.07.2026/resnet50_fp32_fast_BS4_perf.csv
Clone2,tegrastats_power.csv,sample_index|elapsed_s|power_W,Ergebnisse_Clone2_13.07.2026/resnet50_fp32_fast_BS4_tegrastats_power.csv
Clone2,bench_meta.json,batch|cuda_device|device_type|git_commit|git_status|imgsz|iters|measure_accuracy|metrics|model|precision|pretrained|seed|timestamp|torch_version|torchvision_version|warmup :: metrics=duration_s|iterations|latency_avg_ms|latency_p50_ms|throughput_img_s|top1,Ergebnisse_Clone2_13.07.2026/resnet50_fp32_fast_BS64_bench_meta.json
Clone2,perf.csv,iter|batch|latency_ms|img_per_s|acc_top1,Ergebnisse_Clone2_13.07.2026/resnet50_fp32_fast_BS64_perf.csv
Clone2,tegrastats_power.csv,sample_index|elapsed_s|power_W,Ergebnisse_Clone2_13.07.2026/resnet50_fp32_fast_BS64_tegrastats_power.csv
Clone2,bench_meta.json,batch|cuda_device|device_type|git_commit|git_status|imgsz|iters|measure_accuracy|metrics|model|precision|pretrained|seed|timestamp|torch_version|torchvision_version|warmup :: metrics=duration_s|iterations|latency_avg_ms|latency_p50_ms|throughput_img_s|top1,Ergebnisse_Clone2_13.07.2026/resnet50_fp32_fast_BS8_bench_meta.json
Clone2,perf.csv,iter|batch|latency_ms|img_per_s|acc_top1,Ergebnisse_Clone2_13.07.2026/resnet50_fp32_fast_BS8_perf.csv
Clone2,tegrastats_power.csv,sample_index|elapsed_s|power_W,Ergebnisse_Clone2_13.07.2026/resnet50_fp32_fast_BS8_tegrastats_power.csv
Clone2,bench_meta.json,batch|cuda_device|device_type|git_commit|git_status|imgsz|iters|measure_accuracy|metrics|model|precision|pretrained|seed|timestamp|torch_version|torchvision_version|warmup :: metrics=duration_s|iterations|latency_avg_ms|latency_p50_ms|throughput_img_s|top1,Ergebnisse_Clone2_13.07.2026/resnet50_fp32_medium_BS1_bench_meta.json
Clone2,perf.csv,iter|batch|latency_ms|img_per_s|acc_top1,Ergebnisse_Clone2_13.07.2026/resnet50_fp32_medium_BS1_perf.csv
Clone2,tegrastats_power.csv,sample_index|elapsed_s|power_W,Ergebnisse_Clone2_13.07.2026/resnet50_fp32_medium_BS1_tegrastats_power.csv
Clone2,bench_meta.json,batch|cuda_device|device_type|git_commit|git_status|imgsz|iters|measure_accuracy|metrics|model|precision|pretrained|seed|timestamp|torch_version|torchvision_version|warmup :: metrics=duration_s|iterations|latency_avg_ms|latency_p50_ms|throughput_img_s|top1,Ergebnisse_Clone2_13.07.2026/resnet50_fp32_medium_BS128_bench_meta.json
Clone2,perf.csv,iter|batch|latency_ms|img_per_s|acc_top1,Ergebnisse_Clone2_13.07.2026/resnet50_fp32_medium_BS128_perf.csv
Clone2,tegrastats_power.csv,sample_index|elapsed_s|power_W,Ergebnisse_Clone2_13.07.2026/resnet50_fp32_medium_BS128_tegrastats_power.csv
Clone2,bench_meta.json,batch|cuda_device|device_type|git_commit|git_status|imgsz|iters|measure_accuracy|metrics|model|precision|pretrained|seed|timestamp|torch_version|torchvision_version|warmup :: metrics=duration_s|iterations|latency_avg_ms|latency_p50_ms|throughput_img_s|top1,Ergebnisse_Clone2_13.07.2026/resnet50_fp32_medium_BS16_bench_meta.json
Clone2,perf.csv,iter|batch|latency_ms|img_per_s|acc_top1,Ergebnisse_Clone2_13.07.2026/resnet50_fp32_medium_BS16_perf.csv
Clone2,tegrastats_power.csv,sample_index|elapsed_s|power_W,Ergebnisse_Clone2_13.07.2026/resnet50_fp32_medium_BS16_tegrastats_power.csv
Clone2,bench_meta.json,batch|cuda_device|device_type|git_commit|git_status|imgsz|iters|measure_accuracy|metrics|model|precision|pretrained|seed|timestamp|torch_version|torchvision_version|warmup :: metrics=duration_s|iterations|latency_avg_ms|latency_p50_ms|throughput_img_s|top1,Ergebnisse_Clone2_13.07.2026/resnet50_fp32_medium_BS32_bench_meta.json
Clone2,perf.csv,iter|batch|latency_ms|img_per_s|acc_top1,Ergebnisse_Clone2_13.07.2026/resnet50_fp32_medium_BS32_perf.csv
Clone2,tegrastats_power.csv,sample_index|elapsed_s|power_W,Ergebnisse_Clone2_13.07.2026/resnet50_fp32_medium_BS32_tegrastats_power.csv
Clone2,bench_meta.json,batch|cuda_device|device_type|git_commit|git_status|imgsz|iters|measure_accuracy|metrics|model|precision|pretrained|seed|timestamp|torch_version|torchvision_version|warmup :: metrics=duration_s|iterations|latency_avg_ms|latency_p50_ms|throughput_img_s|top1,Ergebnisse_Clone2_13.07.2026/resnet50_fp32_medium_BS4_bench_meta.json
Clone2,perf.csv,iter|batch|latency_ms|img_per_s|acc_top1,Ergebnisse_Clone2_13.07.2026/resnet50_fp32_medium_BS4_perf.csv
Clone2,tegrastats_power.csv,sample_index|elapsed_s|power_W,Ergebnisse_Clone2_13.07.2026/resnet50_fp32_medium_BS4_tegrastats_power.csv
Clone2,bench_meta.json,batch|cuda_device|device_type|git_commit|git_status|imgsz|iters|measure_accuracy|metrics|model|precision|pretrained|seed|timestamp|torch_version|torchvision_version|warmup :: metrics=duration_s|iterations|latency_avg_ms|latency_p50_ms|throughput_img_s|top1,Ergebnisse_Clone2_13.07.2026/resnet50_fp32_medium_BS64_bench_meta.json
Clone2,perf.csv,iter|batch|latency_ms|img_per_s|acc_top1,Ergebnisse_Clone2_13.07.2026/resnet50_fp32_medium_BS64_perf.csv
Clone2,tegrastats_power.csv,sample_index|elapsed_s|power_W,Ergebnisse_Clone2_13.07.2026/resnet50_fp32_medium_BS64_tegrastats_power.csv
Clone2,bench_meta.json,batch|cuda_device|device_type|git_commit|git_status|imgsz|iters|measure_accuracy|metrics|model|precision|pretrained|seed|timestamp|torch_version|torchvision_version|warmup :: metrics=duration_s|iterations|latency_avg_ms|latency_p50_ms|throughput_img_s|top1,Ergebnisse_Clone2_13.07.2026/resnet50_fp32_medium_BS8_bench_meta.json
Clone2,perf.csv,iter|batch|latency_ms|img_per_s|acc_top1,Ergebnisse_Clone2_13.07.2026/resnet50_fp32_medium_BS8_perf.csv
Clone2,tegrastats_power.csv,sample_index|elapsed_s|power_W,Ergebnisse_Clone2_13.07.2026/resnet50_fp32_medium_BS8_tegrastats_power.csv
Clone2,bench_meta.json,batch|cuda_device|device_type|git_commit|git_status|imgsz|iters|measure_accuracy|metrics|model|precision|pretrained|seed|timestamp|torch_version|torchvision_version|warmup :: metrics=duration_s|iterations|latency_avg_ms|latency_p50_ms|throughput_img_s|top1,Ergebnisse_Clone2_13.07.2026/resnet50_fp32_slow_BS1_bench_meta.json
Clone2,perf.csv,iter|batch|latency_ms|img_per_s|acc_top1,Ergebnisse_Clone2_13.07.2026/resnet50_fp32_slow_BS1_perf.csv
Clone2,tegrastats_power.csv,sample_index|elapsed_s|power_W,Ergebnisse_Clone2_13.07.2026/resnet50_fp32_slow_BS1_tegrastats_power.csv
Clone2,bench_meta.json,batch|cuda_device|device_type|git_commit|git_status|imgsz|iters|measure_accuracy|metrics|model|precision|pretrained|seed|timestamp|torch_version|torchvision_version|warmup :: metrics=duration_s|iterations|latency_avg_ms|latency_p50_ms|throughput_img_s|top1,Ergebnisse_Clone2_13.07.2026/resnet50_fp32_slow_BS128_bench_meta.json
Clone2,perf.csv,iter|batch|latency_ms|img_per_s|acc_top1,Ergebnisse_Clone2_13.07.2026/resnet50_fp32_slow_BS128_perf.csv
Clone2,tegrastats_power.csv,sample_index|elapsed_s|power_W,Ergebnisse_Clone2_13.07.2026/resnet50_fp32_slow_BS128_tegrastats_power.csv
Clone2,bench_meta.json,batch|cuda_device|device_type|git_commit|git_status|imgsz|iters|measure_accuracy|metrics|model|precision|pretrained|seed|timestamp|torch_version|torchvision_version|warmup :: metrics=duration_s|iterations|latency_avg_ms|latency_p50_ms|throughput_img_s|top1,Ergebnisse_Clone2_13.07.2026/resnet50_fp32_slow_BS16_bench_meta.json
Clone2,perf.csv,iter|batch|latency_ms|img_per_s|acc_top1,Ergebnisse_Clone2_13.07.2026/resnet50_fp32_slow_BS16_perf.csv
Clone2,tegrastats_power.csv,sample_index|elapsed_s|power_W,Ergebnisse_Clone2_13.07.2026/resnet50_fp32_slow_BS16_tegrastats_power.csv
Clone2,bench_meta.json,batch|cuda_device|device_type|git_commit|git_status|imgsz|iters|measure_accuracy|metrics|model|precision|pretrained|seed|timestamp|torch_version|torchvision_version|warmup :: metrics=duration_s|iterations|latency_avg_ms|latency_p50_ms|throughput_img_s|top1,Ergebnisse_Clone2_13.07.2026/resnet50_fp32_slow_BS32_bench_meta.json
Clone2,perf.csv,iter|batch|latency_ms|img_per_s|acc_top1,Ergebnisse_Clone2_13.07.2026/resnet50_fp32_slow_BS32_perf.csv
Clone2,tegrastats_power.csv,sample_index|elapsed_s|power_W,Ergebnisse_Clone2_13.07.2026/resnet50_fp32_slow_BS32_tegrastats_power.csv
Clone2,bench_meta.json,batch|cuda_device|device_type|git_commit|git_status|imgsz|iters|measure_accuracy|metrics|model|precision|pretrained|seed|timestamp|torch_version|torchvision_version|warmup :: metrics=duration_s|iterations|latency_avg_ms|latency_p50_ms|throughput_img_s|top1,Ergebnisse_Clone2_13.07.2026/resnet50_fp32_slow_BS4_bench_meta.json
Clone2,perf.csv,iter|batch|latency_ms|img_per_s|acc_top1,Ergebnisse_Clone2_13.07.2026/resnet50_fp32_slow_BS4_perf.csv
Clone2,tegrastats_power.csv,sample_index|elapsed_s|power_W,Ergebnisse_Clone2_13.07.2026/resnet50_fp32_slow_BS4_tegrastats_power.csv
Clone2,bench_meta.json,batch|cuda_device|device_type|git_commit|git_status|imgsz|iters|measure_accuracy|metrics|model|precision|pretrained|seed|timestamp|torch_version|torchvision_version|warmup :: metrics=duration_s|iterations|latency_avg_ms|latency_p50_ms|throughput_img_s|top1,Ergebnisse_Clone2_13.07.2026/resnet50_fp32_slow_BS64_bench_meta.json
Clone2,perf.csv,iter|batch|latency_ms|img_per_s|acc_top1,Ergebnisse_Clone2_13.07.2026/resnet50_fp32_slow_BS64_perf.csv
Clone2,tegrastats_power.csv,sample_index|elapsed_s|power_W,Ergebnisse_Clone2_13.07.2026/resnet50_fp32_slow_BS64_tegrastats_power.csv
Clone2,bench_meta.json,batch|cuda_device|device_type|git_commit|git_status|imgsz|iters|measure_accuracy|metrics|model|precision|pretrained|seed|timestamp|torch_version|torchvision_version|warmup :: metrics=duration_s|iterations|latency_avg_ms|latency_p50_ms|throughput_img_s|top1,Ergebnisse_Clone2_13.07.2026/resnet50_fp32_slow_BS8_bench_meta.json
Clone2,perf.csv,iter|batch|latency_ms|img_per_s|acc_top1,Ergebnisse_Clone2_13.07.2026/resnet50_fp32_slow_BS8_perf.csv
Clone2,tegrastats_power.csv,sample_index|elapsed_s|power_W,Ergebnisse_Clone2_13.07.2026/resnet50_fp32_slow_BS8_tegrastats_power.csv
Clone2,bench_meta.json,batch|cuda_device|device_type|git_commit|git_status|imgsz|iters|measure_accuracy|metrics|model|precision|pretrained|seed|timestamp|torch_version|torchvision_version|warmup :: metrics=duration_s|iterations|latency_avg_ms|latency_p50_ms|throughput_img_s|top1,Ergebnisse_Clone2_13.07.2026/resnet50_fp64_fast_BS1_bench_meta.json
Clone2,perf.csv,iter|batch|latency_ms|img_per_s|acc_top1,Ergebnisse_Clone2_13.07.2026/resnet50_fp64_fast_BS1_perf.csv
Clone2,tegrastats_power.csv,sample_index|elapsed_s|power_W,Ergebnisse_Clone2_13.07.2026/resnet50_fp64_fast_BS1_tegrastats_power.csv
Clone2,bench_meta.json,batch|cuda_device|device_type|git_commit|git_status|imgsz|iters|measure_accuracy|metrics|model|precision|pretrained|seed|timestamp|torch_version|torchvision_version|warmup :: metrics=duration_s|iterations|latency_avg_ms|latency_p50_ms|throughput_img_s|top1,Ergebnisse_Clone2_13.07.2026/resnet50_fp64_fast_BS128_bench_meta.json
Clone2,perf.csv,iter|batch|latency_ms|img_per_s|acc_top1,Ergebnisse_Clone2_13.07.2026/resnet50_fp64_fast_BS128_perf.csv
Clone2,tegrastats_power.csv,sample_index|elapsed_s|power_W,Ergebnisse_Clone2_13.07.2026/resnet50_fp64_fast_BS128_tegrastats_power.csv
Clone2,bench_meta.json,batch|cuda_device|device_type|git_commit|git_status|imgsz|iters|measure_accuracy|metrics|model|precision|pretrained|seed|timestamp|torch_version|torchvision_version|warmup :: metrics=duration_s|iterations|latency_avg_ms|latency_p50_ms|throughput_img_s|top1,Ergebnisse_Clone2_13.07.2026/resnet50_fp64_fast_BS16_bench_meta.json
Clone2,perf.csv,iter|batch|latency_ms|img_per_s|acc_top1,Ergebnisse_Clone2_13.07.2026/resnet50_fp64_fast_BS16_perf.csv
Clone2,tegrastats_power.csv,sample_index|elapsed_s|power_W,Ergebnisse_Clone2_13.07.2026/resnet50_fp64_fast_BS16_tegrastats_power.csv
Clone2,bench_meta.json,batch|cuda_device|device_type|git_commit|git_status|imgsz|iters|measure_accuracy|metrics|model|precision|pretrained|seed|timestamp|torch_version|torchvision_version|warmup :: metrics=duration_s|iterations|latency_avg_ms|latency_p50_ms|throughput_img_s|top1,Ergebnisse_Clone2_13.07.2026/resnet50_fp64_fast_BS32_bench_meta.json
Clone2,perf.csv,iter|batch|latency_ms|img_per_s|acc_top1,Ergebnisse_Clone2_13.07.2026/resnet50_fp64_fast_BS32_perf.csv
Clone2,tegrastats_power.csv,sample_index|elapsed_s|power_W,Ergebnisse_Clone2_13.07.2026/resnet50_fp64_fast_BS32_tegrastats_power.csv
Clone2,bench_meta.json,batch|cuda_device|device_type|git_commit|git_status|imgsz|iters|measure_accuracy|metrics|model|precision|pretrained|seed|timestamp|torch_version|torchvision_version|warmup :: metrics=duration_s|iterations|latency_avg_ms|latency_p50_ms|throughput_img_s|top1,Ergebnisse_Clone2_13.07.2026/resnet50_fp64_fast_BS4_bench_meta.json
Clone2,perf.csv,iter|batch|latency_ms|img_per_s|acc_top1,Ergebnisse_Clone2_13.07.2026/resnet50_fp64_fast_BS4_perf.csv
Clone2,tegrastats_power.csv,sample_index|elapsed_s|power_W,Ergebnisse_Clone2_13.07.2026/resnet50_fp64_fast_BS4_tegrastats_power.csv
Clone2,bench_meta.json,batch|cuda_device|device_type|git_commit|git_status|imgsz|iters|measure_accuracy|metrics|model|precision|pretrained|seed|timestamp|torch_version|torchvision_version|warmup :: metrics=duration_s|iterations|latency_avg_ms|latency_p50_ms|throughput_img_s|top1,Ergebnisse_Clone2_13.07.2026/resnet50_fp64_fast_BS64_bench_meta.json
Clone2,perf.csv,iter|batch|latency_ms|img_per_s|acc_top1,Ergebnisse_Clone2_13.07.2026/resnet50_fp64_fast_BS64_perf.csv
Clone2,tegrastats_power.csv,sample_index|elapsed_s|power_W,Ergebnisse_Clone2_13.07.2026/resnet50_fp64_fast_BS64_tegrastats_power.csv
Clone2,bench_meta.json,batch|cuda_device|device_type|git_commit|git_status|imgsz|iters|measure_accuracy|metrics|model|precision|pretrained|seed|timestamp|torch_version|torchvision_version|warmup :: metrics=duration_s|iterations|latency_avg_ms|latency_p50_ms|throughput_img_s|top1,Ergebnisse_Clone2_13.07.2026/resnet50_fp64_fast_BS8_bench_meta.json
Clone2,perf.csv,iter|batch|latency_ms|img_per_s|acc_top1,Ergebnisse_Clone2_13.07.2026/resnet50_fp64_fast_BS8_perf.csv
Clone2,tegrastats_power.csv,sample_index|elapsed_s|power_W,Ergebnisse_Clone2_13.07.2026/resnet50_fp64_fast_BS8_tegrastats_power.csv
Clone2,bench_meta.json,batch|cuda_device|device_type|git_commit|git_status|imgsz|iters|measure_accuracy|metrics|model|precision|pretrained|seed|timestamp|torch_version|torchvision_version|warmup :: metrics=duration_s|iterations|latency_avg_ms|latency_p50_ms|throughput_img_s|top1,Ergebnisse_Clone2_13.07.2026/resnet50_fp64_medium_BS1_bench_meta.json
Clone2,perf.csv,iter|batch|latency_ms|img_per_s|acc_top1,Ergebnisse_Clone2_13.07.2026/resnet50_fp64_medium_BS1_perf.csv
Clone2,tegrastats_power.csv,sample_index|elapsed_s|power_W,Ergebnisse_Clone2_13.07.2026/resnet50_fp64_medium_BS1_tegrastats_power.csv
Clone2,bench_meta.json,batch|cuda_device|device_type|git_commit|git_status|imgsz|iters|measure_accuracy|metrics|model|precision|pretrained|seed|timestamp|torch_version|torchvision_version|warmup :: metrics=duration_s|iterations|latency_avg_ms|latency_p50_ms|throughput_img_s|top1,Ergebnisse_Clone2_13.07.2026/resnet50_fp64_medium_BS128_bench_meta.json
Clone2,perf.csv,iter|batch|latency_ms|img_per_s|acc_top1,Ergebnisse_Clone2_13.07.2026/resnet50_fp64_medium_BS128_perf.csv
Clone2,tegrastats_power.csv,sample_index|elapsed_s|power_W,Ergebnisse_Clone2_13.07.2026/resnet50_fp64_medium_BS128_tegrastats_power.csv
Clone2,bench_meta.json,batch|cuda_device|device_type|git_commit|git_status|imgsz|iters|measure_accuracy|metrics|model|precision|pretrained|seed|timestamp|torch_version|torchvision_version|warmup :: metrics=duration_s|iterations|latency_avg_ms|latency_p50_ms|throughput_img_s|top1,Ergebnisse_Clone2_13.07.2026/resnet50_fp64_medium_BS16_bench_meta.json
Clone2,perf.csv,iter|batch|latency_ms|img_per_s|acc_top1,Ergebnisse_Clone2_13.07.2026/resnet50_fp64_medium_BS16_perf.csv
Clone2,tegrastats_power.csv,sample_index|elapsed_s|power_W,Ergebnisse_Clone2_13.07.2026/resnet50_fp64_medium_BS16_tegrastats_power.csv
Clone2,bench_meta.json,batch|cuda_device|device_type|git_commit|git_status|imgsz|iters|measure_accuracy|metrics|model|precision|pretrained|seed|timestamp|torch_version|torchvision_version|warmup :: metrics=duration_s|iterations|latency_avg_ms|latency_p50_ms|throughput_img_s|top1,Ergebnisse_Clone2_13.07.2026/resnet50_fp64_medium_BS32_bench_meta.json
Clone2,perf.csv,iter|batch|latency_ms|img_per_s|acc_top1,Ergebnisse_Clone2_13.07.2026/resnet50_fp64_medium_BS32_perf.csv
Clone2,tegrastats_power.csv,sample_index|elapsed_s|power_W,Ergebnisse_Clone2_13.07.2026/resnet50_fp64_medium_BS32_tegrastats_power.csv
Clone2,bench_meta.json,batch|cuda_device|device_type|git_commit|git_status|imgsz|iters|measure_accuracy|metrics|model|precision|pretrained|seed|timestamp|torch_version|torchvision_version|warmup :: metrics=duration_s|iterations|latency_avg_ms|latency_p50_ms|throughput_img_s|top1,Ergebnisse_Clone2_13.07.2026/resnet50_fp64_medium_BS4_bench_meta.json
Clone2,perf.csv,iter|batch|latency_ms|img_per_s|acc_top1,Ergebnisse_Clone2_13.07.2026/resnet50_fp64_medium_BS4_perf.csv
Clone2,tegrastats_power.csv,sample_index|elapsed_s|power_W,Ergebnisse_Clone2_13.07.2026/resnet50_fp64_medium_BS4_tegrastats_power.csv
Clone2,bench_meta.json,batch|cuda_device|device_type|git_commit|git_status|imgsz|iters|measure_accuracy|metrics|model|precision|pretrained|seed|timestamp|torch_version|torchvision_version|warmup :: metrics=duration_s|iterations|latency_avg_ms|latency_p50_ms|throughput_img_s|top1,Ergebnisse_Clone2_13.07.2026/resnet50_fp64_medium_BS64_bench_meta.json
Clone2,perf.csv,iter|batch|latency_ms|img_per_s|acc_top1,Ergebnisse_Clone2_13.07.2026/resnet50_fp64_medium_BS64_perf.csv
Clone2,tegrastats_power.csv,sample_index|elapsed_s|power_W,Ergebnisse_Clone2_13.07.2026/resnet50_fp64_medium_BS64_tegrastats_power.csv
Clone2,bench_meta.json,batch|cuda_device|device_type|git_commit|git_status|imgsz|iters|measure_accuracy|metrics|model|precision|pretrained|seed|timestamp|torch_version|torchvision_version|warmup :: metrics=duration_s|iterations|latency_avg_ms|latency_p50_ms|throughput_img_s|top1,Ergebnisse_Clone2_13.07.2026/resnet50_fp64_medium_BS8_bench_meta.json
Clone2,perf.csv,iter|batch|latency_ms|img_per_s|acc_top1,Ergebnisse_Clone2_13.07.2026/resnet50_fp64_medium_BS8_perf.csv
Clone2,tegrastats_power.csv,sample_index|elapsed_s|power_W,Ergebnisse_Clone2_13.07.2026/resnet50_fp64_medium_BS8_tegrastats_power.csv
Clone2,bench_meta.json,batch|cuda_device|device_type|git_commit|git_status|imgsz|iters|measure_accuracy|metrics|model|precision|pretrained|seed|timestamp|torch_version|torchvision_version|warmup :: metrics=duration_s|iterations|latency_avg_ms|latency_p50_ms|throughput_img_s|top1,Ergebnisse_Clone2_13.07.2026/resnet50_fp64_slow_BS1_bench_meta.json
Clone2,perf.csv,iter|batch|latency_ms|img_per_s|acc_top1,Ergebnisse_Clone2_13.07.2026/resnet50_fp64_slow_BS1_perf.csv
Clone2,tegrastats_power.csv,sample_index|elapsed_s|power_W,Ergebnisse_Clone2_13.07.2026/resnet50_fp64_slow_BS1_tegrastats_power.csv
Clone2,bench_meta.json,batch|cuda_device|device_type|git_commit|git_status|imgsz|iters|measure_accuracy|metrics|model|precision|pretrained|seed|timestamp|torch_version|torchvision_version|warmup :: metrics=duration_s|iterations|latency_avg_ms|latency_p50_ms|throughput_img_s|top1,Ergebnisse_Clone2_13.07.2026/resnet50_fp64_slow_BS128_bench_meta.json
Clone2,perf.csv,iter|batch|latency_ms|img_per_s|acc_top1,Ergebnisse_Clone2_13.07.2026/resnet50_fp64_slow_BS128_perf.csv
Clone2,tegrastats_power.csv,sample_index|elapsed_s|power_W,Ergebnisse_Clone2_13.07.2026/resnet50_fp64_slow_BS128_tegrastats_power.csv
Clone2,bench_meta.json,batch|cuda_device|device_type|git_commit|git_status|imgsz|iters|measure_accuracy|metrics|model|precision|pretrained|seed|timestamp|torch_version|torchvision_version|warmup :: metrics=duration_s|iterations|latency_avg_ms|latency_p50_ms|throughput_img_s|top1,Ergebnisse_Clone2_13.07.2026/resnet50_fp64_slow_BS16_bench_meta.json
Clone2,perf.csv,iter|batch|latency_ms|img_per_s|acc_top1,Ergebnisse_Clone2_13.07.2026/resnet50_fp64_slow_BS16_perf.csv
Clone2,tegrastats_power.csv,sample_index|elapsed_s|power_W,Ergebnisse_Clone2_13.07.2026/resnet50_fp64_slow_BS16_tegrastats_power.csv
Clone2,bench_meta.json,batch|cuda_device|device_type|git_commit|git_status|imgsz|iters|measure_accuracy|metrics|model|precision|pretrained|seed|timestamp|torch_version|torchvision_version|warmup :: metrics=duration_s|iterations|latency_avg_ms|latency_p50_ms|throughput_img_s|top1,Ergebnisse_Clone2_13.07.2026/resnet50_fp64_slow_BS32_bench_meta.json
Clone2,perf.csv,iter|batch|latency_ms|img_per_s|acc_top1,Ergebnisse_Clone2_13.07.2026/resnet50_fp64_slow_BS32_perf.csv
Clone2,tegrastats_power.csv,sample_index|elapsed_s|power_W,Ergebnisse_Clone2_13.07.2026/resnet50_fp64_slow_BS32_tegrastats_power.csv
Clone2,bench_meta.json,batch|cuda_device|device_type|git_commit|git_status|imgsz|iters|measure_accuracy|metrics|model|precision|pretrained|seed|timestamp|torch_version|torchvision_version|warmup :: metrics=duration_s|iterations|latency_avg_ms|latency_p50_ms|throughput_img_s|top1,Ergebnisse_Clone2_13.07.2026/resnet50_fp64_slow_BS4_bench_meta.json
Clone2,perf.csv,iter|batch|latency_ms|img_per_s|acc_top1,Ergebnisse_Clone2_13.07.2026/resnet50_fp64_slow_BS4_perf.csv
Clone2,tegrastats_power.csv,sample_index|elapsed_s|power_W,Ergebnisse_Clone2_13.07.2026/resnet50_fp64_slow_BS4_tegrastats_power.csv
Clone2,bench_meta.json,batch|cuda_device|device_type|git_commit|git_status|imgsz|iters|measure_accuracy|metrics|model|precision|pretrained|seed|timestamp|torch_version|torchvision_version|warmup :: metrics=duration_s|iterations|latency_avg_ms|latency_p50_ms|throughput_img_s|top1,Ergebnisse_Clone2_13.07.2026/resnet50_fp64_slow_BS64_bench_meta.json
Clone2,perf.csv,iter|batch|latency_ms|img_per_s|acc_top1,Ergebnisse_Clone2_13.07.2026/resnet50_fp64_slow_BS64_perf.csv
Clone2,tegrastats_power.csv,sample_index|elapsed_s|power_W,Ergebnisse_Clone2_13.07.2026/resnet50_fp64_slow_BS64_tegrastats_power.csv
Clone2,bench_meta.json,batch|cuda_device|device_type|git_commit|git_status|imgsz|iters|measure_accuracy|metrics|model|precision|pretrained|seed|timestamp|torch_version|torchvision_version|warmup :: metrics=duration_s|iterations|latency_avg_ms|latency_p50_ms|throughput_img_s|top1,Ergebnisse_Clone2_13.07.2026/resnet50_fp64_slow_BS8_bench_meta.json
Clone2,perf.csv,iter|batch|latency_ms|img_per_s|acc_top1,Ergebnisse_Clone2_13.07.2026/resnet50_fp64_slow_BS8_perf.csv
Clone2,tegrastats_power.csv,sample_index|elapsed_s|power_W,Ergebnisse_Clone2_13.07.2026/resnet50_fp64_slow_BS8_tegrastats_power.csv
Clone3,bench_meta.json,batch|cuda_device|device_type|git_commit|git_status|imgsz|iters|measure_accuracy|metrics|model|precision|pretrained|seed|timestamp|torch_version|torchvision_version|warmup :: metrics=duration_s|iterations|latency_avg_ms|latency_p50_ms|throughput_img_s|top1,Ergebnisse_Clone3_13.07.2026/mobilenet_v2_fp16_fast_BS1_bench_meta.json
Clone3,perf.csv,iter|batch|latency_ms|img_per_s|acc_top1,Ergebnisse_Clone3_13.07.2026/mobilenet_v2_fp16_fast_BS1_perf.csv
Clone3,tegrastats_power.csv,sample_index|elapsed_s|power_W,Ergebnisse_Clone3_13.07.2026/mobilenet_v2_fp16_fast_BS1_tegrastats_power.csv
Clone3,bench_meta.json,batch|cuda_device|device_type|git_commit|git_status|imgsz|iters|measure_accuracy|metrics|model|precision|pretrained|seed|timestamp|torch_version|torchvision_version|warmup :: metrics=duration_s|iterations|latency_avg_ms|latency_p50_ms|throughput_img_s|top1,Ergebnisse_Clone3_13.07.2026/mobilenet_v2_fp16_fast_BS128_bench_meta.json
Clone3,perf.csv,iter|batch|latency_ms|img_per_s|acc_top1,Ergebnisse_Clone3_13.07.2026/mobilenet_v2_fp16_fast_BS128_perf.csv
Clone3,tegrastats_power.csv,sample_index|elapsed_s|power_W,Ergebnisse_Clone3_13.07.2026/mobilenet_v2_fp16_fast_BS128_tegrastats_power.csv
Clone3,bench_meta.json,batch|cuda_device|device_type|git_commit|git_status|imgsz|iters|measure_accuracy|metrics|model|precision|pretrained|seed|timestamp|torch_version|torchvision_version|warmup :: metrics=duration_s|iterations|latency_avg_ms|latency_p50_ms|throughput_img_s|top1,Ergebnisse_Clone3_13.07.2026/mobilenet_v2_fp16_fast_BS16_bench_meta.json
Clone3,perf.csv,iter|batch|latency_ms|img_per_s|acc_top1,Ergebnisse_Clone3_13.07.2026/mobilenet_v2_fp16_fast_BS16_perf.csv
Clone3,tegrastats_power.csv,sample_index|elapsed_s|power_W,Ergebnisse_Clone3_13.07.2026/mobilenet_v2_fp16_fast_BS16_tegrastats_power.csv
Clone3,bench_meta.json,batch|cuda_device|device_type|git_commit|git_status|imgsz|iters|measure_accuracy|metrics|model|precision|pretrained|seed|timestamp|torch_version|torchvision_version|warmup :: metrics=duration_s|iterations|latency_avg_ms|latency_p50_ms|throughput_img_s|top1,Ergebnisse_Clone3_13.07.2026/mobilenet_v2_fp16_fast_BS32_bench_meta.json
Clone3,perf.csv,iter|batch|latency_ms|img_per_s|acc_top1,Ergebnisse_Clone3_13.07.2026/mobilenet_v2_fp16_fast_BS32_perf.csv
Clone3,tegrastats_power.csv,sample_index|elapsed_s|power_W,Ergebnisse_Clone3_13.07.2026/mobilenet_v2_fp16_fast_BS32_tegrastats_power.csv
Clone3,bench_meta.json,batch|cuda_device|device_type|git_commit|git_status|imgsz|iters|measure_accuracy|metrics|model|precision|pretrained|seed|timestamp|torch_version|torchvision_version|warmup :: metrics=duration_s|iterations|latency_avg_ms|latency_p50_ms|throughput_img_s|top1,Ergebnisse_Clone3_13.07.2026/mobilenet_v2_fp16_fast_BS4_bench_meta.json
Clone3,perf.csv,iter|batch|latency_ms|img_per_s|acc_top1,Ergebnisse_Clone3_13.07.2026/mobilenet_v2_fp16_fast_BS4_perf.csv
Clone3,tegrastats_power.csv,sample_index|elapsed_s|power_W,Ergebnisse_Clone3_13.07.2026/mobilenet_v2_fp16_fast_BS4_tegrastats_power.csv
Clone3,bench_meta.json,batch|cuda_device|device_type|git_commit|git_status|imgsz|iters|measure_accuracy|metrics|model|precision|pretrained|seed|timestamp|torch_version|torchvision_version|warmup :: metrics=duration_s|iterations|latency_avg_ms|latency_p50_ms|throughput_img_s|top1,Ergebnisse_Clone3_13.07.2026/mobilenet_v2_fp16_fast_BS64_bench_meta.json
Clone3,perf.csv,iter|batch|latency_ms|img_per_s|acc_top1,Ergebnisse_Clone3_13.07.2026/mobilenet_v2_fp16_fast_BS64_perf.csv
Clone3,tegrastats_power.csv,sample_index|elapsed_s|power_W,Ergebnisse_Clone3_13.07.2026/mobilenet_v2_fp16_fast_BS64_tegrastats_power.csv
Clone3,bench_meta.json,batch|cuda_device|device_type|git_commit|git_status|imgsz|iters|measure_accuracy|metrics|model|precision|pretrained|seed|timestamp|torch_version|torchvision_version|warmup :: metrics=duration_s|iterations|latency_avg_ms|latency_p50_ms|throughput_img_s|top1,Ergebnisse_Clone3_13.07.2026/mobilenet_v2_fp16_fast_BS8_bench_meta.json
Clone3,perf.csv,iter|batch|latency_ms|img_per_s|acc_top1,Ergebnisse_Clone3_13.07.2026/mobilenet_v2_fp16_fast_BS8_perf.csv
Clone3,tegrastats_power.csv,sample_index|elapsed_s|power_W,Ergebnisse_Clone3_13.07.2026/mobilenet_v2_fp16_fast_BS8_tegrastats_power.csv
Clone3,bench_meta.json,batch|cuda_device|device_type|git_commit|git_status|imgsz|iters|measure_accuracy|metrics|model|precision|pretrained|seed|timestamp|torch_version|torchvision_version|warmup :: metrics=duration_s|iterations|latency_avg_ms|latency_p50_ms|throughput_img_s|top1,Ergebnisse_Clone3_13.07.2026/mobilenet_v2_fp16_medium_BS1_bench_meta.json
Clone3,perf.csv,iter|batch|latency_ms|img_per_s|acc_top1,Ergebnisse_Clone3_13.07.2026/mobilenet_v2_fp16_medium_BS1_perf.csv
Clone3,tegrastats_power.csv,sample_index|elapsed_s|power_W,Ergebnisse_Clone3_13.07.2026/mobilenet_v2_fp16_medium_BS1_tegrastats_power.csv
Clone3,bench_meta.json,batch|cuda_device|device_type|git_commit|git_status|imgsz|iters|measure_accuracy|metrics|model|precision|pretrained|seed|timestamp|torch_version|torchvision_version|warmup :: metrics=duration_s|iterations|latency_avg_ms|latency_p50_ms|throughput_img_s|top1,Ergebnisse_Clone3_13.07.2026/mobilenet_v2_fp16_medium_BS128_bench_meta.json
Clone3,perf.csv,iter|batch|latency_ms|img_per_s|acc_top1,Ergebnisse_Clone3_13.07.2026/mobilenet_v2_fp16_medium_BS128_perf.csv
Clone3,tegrastats_power.csv,sample_index|elapsed_s|power_W,Ergebnisse_Clone3_13.07.2026/mobilenet_v2_fp16_medium_BS128_tegrastats_power.csv
Clone3,bench_meta.json,batch|cuda_device|device_type|git_commit|git_status|imgsz|iters|measure_accuracy|metrics|model|precision|pretrained|seed|timestamp|torch_version|torchvision_version|warmup :: metrics=duration_s|iterations|latency_avg_ms|latency_p50_ms|throughput_img_s|top1,Ergebnisse_Clone3_13.07.2026/mobilenet_v2_fp16_medium_BS16_bench_meta.json
Clone3,perf.csv,iter|batch|latency_ms|img_per_s|acc_top1,Ergebnisse_Clone3_13.07.2026/mobilenet_v2_fp16_medium_BS16_perf.csv
Clone3,tegrastats_power.csv,sample_index|elapsed_s|power_W,Ergebnisse_Clone3_13.07.2026/mobilenet_v2_fp16_medium_BS16_tegrastats_power.csv
Clone3,bench_meta.json,batch|cuda_device|device_type|git_commit|git_status|imgsz|iters|measure_accuracy|metrics|model|precision|pretrained|seed|timestamp|torch_version|torchvision_version|warmup :: metrics=duration_s|iterations|latency_avg_ms|latency_p50_ms|throughput_img_s|top1,Ergebnisse_Clone3_13.07.2026/mobilenet_v2_fp16_medium_BS32_bench_meta.json
Clone3,perf.csv,iter|batch|latency_ms|img_per_s|acc_top1,Ergebnisse_Clone3_13.07.2026/mobilenet_v2_fp16_medium_BS32_perf.csv
Clone3,tegrastats_power.csv,sample_index|elapsed_s|power_W,Ergebnisse_Clone3_13.07.2026/mobilenet_v2_fp16_medium_BS32_tegrastats_power.csv
Clone3,bench_meta.json,batch|cuda_device|device_type|git_commit|git_status|imgsz|iters|measure_accuracy|metrics|model|precision|pretrained|seed|timestamp|torch_version|torchvision_version|warmup :: metrics=duration_s|iterations|latency_avg_ms|latency_p50_ms|throughput_img_s|top1,Ergebnisse_Clone3_13.07.2026/mobilenet_v2_fp16_medium_BS4_bench_meta.json
Clone3,perf.csv,iter|batch|latency_ms|img_per_s|acc_top1,Ergebnisse_Clone3_13.07.2026/mobilenet_v2_fp16_medium_BS4_perf.csv
Clone3,tegrastats_power.csv,sample_index|elapsed_s|power_W,Ergebnisse_Clone3_13.07.2026/mobilenet_v2_fp16_medium_BS4_tegrastats_power.csv
Clone3,bench_meta.json,batch|cuda_device|device_type|git_commit|git_status|imgsz|iters|measure_accuracy|metrics|model|precision|pretrained|seed|timestamp|torch_version|torchvision_version|warmup :: metrics=duration_s|iterations|latency_avg_ms|latency_p50_ms|throughput_img_s|top1,Ergebnisse_Clone3_13.07.2026/mobilenet_v2_fp16_medium_BS64_bench_meta.json
Clone3,perf.csv,iter|batch|latency_ms|img_per_s|acc_top1,Ergebnisse_Clone3_13.07.2026/mobilenet_v2_fp16_medium_BS64_perf.csv
Clone3,tegrastats_power.csv,sample_index|elapsed_s|power_W,Ergebnisse_Clone3_13.07.2026/mobilenet_v2_fp16_medium_BS64_tegrastats_power.csv
Clone3,bench_meta.json,batch|cuda_device|device_type|git_commit|git_status|imgsz|iters|measure_accuracy|metrics|model|precision|pretrained|seed|timestamp|torch_version|torchvision_version|warmup :: metrics=duration_s|iterations|latency_avg_ms|latency_p50_ms|throughput_img_s|top1,Ergebnisse_Clone3_13.07.2026/mobilenet_v2_fp16_medium_BS8_bench_meta.json
Clone3,perf.csv,iter|batch|latency_ms|img_per_s|acc_top1,Ergebnisse_Clone3_13.07.2026/mobilenet_v2_fp16_medium_BS8_perf.csv
Clone3,tegrastats_power.csv,sample_index|elapsed_s|power_W,Ergebnisse_Clone3_13.07.2026/mobilenet_v2_fp16_medium_BS8_tegrastats_power.csv
Clone3,bench_meta.json,batch|cuda_device|device_type|git_commit|git_status|imgsz|iters|measure_accuracy|metrics|model|precision|pretrained|seed|timestamp|torch_version|torchvision_version|warmup :: metrics=duration_s|iterations|latency_avg_ms|latency_p50_ms|throughput_img_s|top1,Ergebnisse_Clone3_13.07.2026/mobilenet_v2_fp16_slow_BS1_bench_meta.json
Clone3,perf.csv,iter|batch|latency_ms|img_per_s|acc_top1,Ergebnisse_Clone3_13.07.2026/mobilenet_v2_fp16_slow_BS1_perf.csv
Clone3,tegrastats_power.csv,sample_index|elapsed_s|power_W,Ergebnisse_Clone3_13.07.2026/mobilenet_v2_fp16_slow_BS1_tegrastats_power.csv
Clone3,bench_meta.json,batch|cuda_device|device_type|git_commit|git_status|imgsz|iters|measure_accuracy|metrics|model|precision|pretrained|seed|timestamp|torch_version|torchvision_version|warmup :: metrics=duration_s|iterations|latency_avg_ms|latency_p50_ms|throughput_img_s|top1,Ergebnisse_Clone3_13.07.2026/mobilenet_v2_fp16_slow_BS128_bench_meta.json
Clone3,perf.csv,iter|batch|latency_ms|img_per_s|acc_top1,Ergebnisse_Clone3_13.07.2026/mobilenet_v2_fp16_slow_BS128_perf.csv
Clone3,tegrastats_power.csv,sample_index|elapsed_s|power_W,Ergebnisse_Clone3_13.07.2026/mobilenet_v2_fp16_slow_BS128_tegrastats_power.csv
Clone3,bench_meta.json,batch|cuda_device|device_type|git_commit|git_status|imgsz|iters|measure_accuracy|metrics|model|precision|pretrained|seed|timestamp|torch_version|torchvision_version|warmup :: metrics=duration_s|iterations|latency_avg_ms|latency_p50_ms|throughput_img_s|top1,Ergebnisse_Clone3_13.07.2026/mobilenet_v2_fp16_slow_BS16_bench_meta.json
Clone3,perf.csv,iter|batch|latency_ms|img_per_s|acc_top1,Ergebnisse_Clone3_13.07.2026/mobilenet_v2_fp16_slow_BS16_perf.csv
Clone3,tegrastats_power.csv,sample_index|elapsed_s|power_W,Ergebnisse_Clone3_13.07.2026/mobilenet_v2_fp16_slow_BS16_tegrastats_power.csv
Clone3,bench_meta.json,batch|cuda_device|device_type|git_commit|git_status|imgsz|iters|measure_accuracy|metrics|model|precision|pretrained|seed|timestamp|torch_version|torchvision_version|warmup :: metrics=duration_s|iterations|latency_avg_ms|latency_p50_ms|throughput_img_s|top1,Ergebnisse_Clone3_13.07.2026/mobilenet_v2_fp16_slow_BS32_bench_meta.json
Clone3,perf.csv,iter|batch|latency_ms|img_per_s|acc_top1,Ergebnisse_Clone3_13.07.2026/mobilenet_v2_fp16_slow_BS32_perf.csv
Clone3,tegrastats_power.csv,sample_index|elapsed_s|power_W,Ergebnisse_Clone3_13.07.2026/mobilenet_v2_fp16_slow_BS32_tegrastats_power.csv
Clone3,bench_meta.json,batch|cuda_device|device_type|git_commit|git_status|imgsz|iters|measure_accuracy|metrics|model|precision|pretrained|seed|timestamp|torch_version|torchvision_version|warmup :: metrics=duration_s|iterations|latency_avg_ms|latency_p50_ms|throughput_img_s|top1,Ergebnisse_Clone3_13.07.2026/mobilenet_v2_fp16_slow_BS4_bench_meta.json
Clone3,perf.csv,iter|batch|latency_ms|img_per_s|acc_top1,Ergebnisse_Clone3_13.07.2026/mobilenet_v2_fp16_slow_BS4_perf.csv
Clone3,tegrastats_power.csv,sample_index|elapsed_s|power_W,Ergebnisse_Clone3_13.07.2026/mobilenet_v2_fp16_slow_BS4_tegrastats_power.csv
Clone3,bench_meta.json,batch|cuda_device|device_type|git_commit|git_status|imgsz|iters|measure_accuracy|metrics|model|precision|pretrained|seed|timestamp|torch_version|torchvision_version|warmup :: metrics=duration_s|iterations|latency_avg_ms|latency_p50_ms|throughput_img_s|top1,Ergebnisse_Clone3_13.07.2026/mobilenet_v2_fp16_slow_BS64_bench_meta.json
Clone3,perf.csv,iter|batch|latency_ms|img_per_s|acc_top1,Ergebnisse_Clone3_13.07.2026/mobilenet_v2_fp16_slow_BS64_perf.csv
Clone3,tegrastats_power.csv,sample_index|elapsed_s|power_W,Ergebnisse_Clone3_13.07.2026/mobilenet_v2_fp16_slow_BS64_tegrastats_power.csv
Clone3,bench_meta.json,batch|cuda_device|device_type|git_commit|git_status|imgsz|iters|measure_accuracy|metrics|model|precision|pretrained|seed|timestamp|torch_version|torchvision_version|warmup :: metrics=duration_s|iterations|latency_avg_ms|latency_p50_ms|throughput_img_s|top1,Ergebnisse_Clone3_13.07.2026/mobilenet_v2_fp16_slow_BS8_bench_meta.json
Clone3,perf.csv,iter|batch|latency_ms|img_per_s|acc_top1,Ergebnisse_Clone3_13.07.2026/mobilenet_v2_fp16_slow_BS8_perf.csv
Clone3,tegrastats_power.csv,sample_index|elapsed_s|power_W,Ergebnisse_Clone3_13.07.2026/mobilenet_v2_fp16_slow_BS8_tegrastats_power.csv
Clone3,bench_meta.json,batch|cuda_device|device_type|git_commit|git_status|imgsz|iters|measure_accuracy|metrics|model|precision|pretrained|seed|timestamp|torch_version|torchvision_version|warmup :: metrics=duration_s|iterations|latency_avg_ms|latency_p50_ms|throughput_img_s|top1,Ergebnisse_Clone3_13.07.2026/mobilenet_v2_fp32_fast_BS1_bench_meta.json
Clone3,perf.csv,iter|batch|latency_ms|img_per_s|acc_top1,Ergebnisse_Clone3_13.07.2026/mobilenet_v2_fp32_fast_BS1_perf.csv
Clone3,tegrastats_power.csv,sample_index|elapsed_s|power_W,Ergebnisse_Clone3_13.07.2026/mobilenet_v2_fp32_fast_BS1_tegrastats_power.csv
Clone3,bench_meta.json,batch|cuda_device|device_type|git_commit|git_status|imgsz|iters|measure_accuracy|metrics|model|precision|pretrained|seed|timestamp|torch_version|torchvision_version|warmup :: metrics=duration_s|iterations|latency_avg_ms|latency_p50_ms|throughput_img_s|top1,Ergebnisse_Clone3_13.07.2026/mobilenet_v2_fp32_fast_BS128_bench_meta.json
Clone3,perf.csv,iter|batch|latency_ms|img_per_s|acc_top1,Ergebnisse_Clone3_13.07.2026/mobilenet_v2_fp32_fast_BS128_perf.csv
Clone3,tegrastats_power.csv,sample_index|elapsed_s|power_W,Ergebnisse_Clone3_13.07.2026/mobilenet_v2_fp32_fast_BS128_tegrastats_power.csv
Clone3,bench_meta.json,batch|cuda_device|device_type|git_commit|git_status|imgsz|iters|measure_accuracy|metrics|model|precision|pretrained|seed|timestamp|torch_version|torchvision_version|warmup :: metrics=duration_s|iterations|latency_avg_ms|latency_p50_ms|throughput_img_s|top1,Ergebnisse_Clone3_13.07.2026/mobilenet_v2_fp32_fast_BS16_bench_meta.json
Clone3,perf.csv,iter|batch|latency_ms|img_per_s|acc_top1,Ergebnisse_Clone3_13.07.2026/mobilenet_v2_fp32_fast_BS16_perf.csv
Clone3,tegrastats_power.csv,sample_index|elapsed_s|power_W,Ergebnisse_Clone3_13.07.2026/mobilenet_v2_fp32_fast_BS16_tegrastats_power.csv
Clone3,bench_meta.json,batch|cuda_device|device_type|git_commit|git_status|imgsz|iters|measure_accuracy|metrics|model|precision|pretrained|seed|timestamp|torch_version|torchvision_version|warmup :: metrics=duration_s|iterations|latency_avg_ms|latency_p50_ms|throughput_img_s|top1,Ergebnisse_Clone3_13.07.2026/mobilenet_v2_fp32_fast_BS32_bench_meta.json
Clone3,perf.csv,iter|batch|latency_ms|img_per_s|acc_top1,Ergebnisse_Clone3_13.07.2026/mobilenet_v2_fp32_fast_BS32_perf.csv
Clone3,tegrastats_power.csv,sample_index|elapsed_s|power_W,Ergebnisse_Clone3_13.07.2026/mobilenet_v2_fp32_fast_BS32_tegrastats_power.csv
Clone3,bench_meta.json,batch|cuda_device|device_type|git_commit|git_status|imgsz|iters|measure_accuracy|metrics|model|precision|pretrained|seed|timestamp|torch_version|torchvision_version|warmup :: metrics=duration_s|iterations|latency_avg_ms|latency_p50_ms|throughput_img_s|top1,Ergebnisse_Clone3_13.07.2026/mobilenet_v2_fp32_fast_BS4_bench_meta.json
Clone3,perf.csv,iter|batch|latency_ms|img_per_s|acc_top1,Ergebnisse_Clone3_13.07.2026/mobilenet_v2_fp32_fast_BS4_perf.csv
Clone3,tegrastats_power.csv,sample_index|elapsed_s|power_W,Ergebnisse_Clone3_13.07.2026/mobilenet_v2_fp32_fast_BS4_tegrastats_power.csv
Clone3,bench_meta.json,batch|cuda_device|device_type|git_commit|git_status|imgsz|iters|measure_accuracy|metrics|model|precision|pretrained|seed|timestamp|torch_version|torchvision_version|warmup :: metrics=duration_s|iterations|latency_avg_ms|latency_p50_ms|throughput_img_s|top1,Ergebnisse_Clone3_13.07.2026/mobilenet_v2_fp32_fast_BS64_bench_meta.json
Clone3,perf.csv,iter|batch|latency_ms|img_per_s|acc_top1,Ergebnisse_Clone3_13.07.2026/mobilenet_v2_fp32_fast_BS64_perf.csv
Clone3,tegrastats_power.csv,sample_index|elapsed_s|power_W,Ergebnisse_Clone3_13.07.2026/mobilenet_v2_fp32_fast_BS64_tegrastats_power.csv
Clone3,bench_meta.json,batch|cuda_device|device_type|git_commit|git_status|imgsz|iters|measure_accuracy|metrics|model|precision|pretrained|seed|timestamp|torch_version|torchvision_version|warmup :: metrics=duration_s|iterations|latency_avg_ms|latency_p50_ms|throughput_img_s|top1,Ergebnisse_Clone3_13.07.2026/mobilenet_v2_fp32_fast_BS8_bench_meta.json
Clone3,perf.csv,iter|batch|latency_ms|img_per_s|acc_top1,Ergebnisse_Clone3_13.07.2026/mobilenet_v2_fp32_fast_BS8_perf.csv
Clone3,tegrastats_power.csv,sample_index|elapsed_s|power_W,Ergebnisse_Clone3_13.07.2026/mobilenet_v2_fp32_fast_BS8_tegrastats_power.csv
Clone3,bench_meta.json,batch|cuda_device|device_type|git_commit|git_status|imgsz|iters|measure_accuracy|metrics|model|precision|pretrained|seed|timestamp|torch_version|torchvision_version|warmup :: metrics=duration_s|iterations|latency_avg_ms|latency_p50_ms|throughput_img_s|top1,Ergebnisse_Clone3_13.07.2026/mobilenet_v2_fp32_medium_BS1_bench_meta.json
Clone3,perf.csv,iter|batch|latency_ms|img_per_s|acc_top1,Ergebnisse_Clone3_13.07.2026/mobilenet_v2_fp32_medium_BS1_perf.csv
Clone3,tegrastats_power.csv,sample_index|elapsed_s|power_W,Ergebnisse_Clone3_13.07.2026/mobilenet_v2_fp32_medium_BS1_tegrastats_power.csv
Clone3,bench_meta.json,batch|cuda_device|device_type|git_commit|git_status|imgsz|iters|measure_accuracy|metrics|model|precision|pretrained|seed|timestamp|torch_version|torchvision_version|warmup :: metrics=duration_s|iterations|latency_avg_ms|latency_p50_ms|throughput_img_s|top1,Ergebnisse_Clone3_13.07.2026/mobilenet_v2_fp32_medium_BS128_bench_meta.json
Clone3,perf.csv,iter|batch|latency_ms|img_per_s|acc_top1,Ergebnisse_Clone3_13.07.2026/mobilenet_v2_fp32_medium_BS128_perf.csv
Clone3,tegrastats_power.csv,sample_index|elapsed_s|power_W,Ergebnisse_Clone3_13.07.2026/mobilenet_v2_fp32_medium_BS128_tegrastats_power.csv
Clone3,bench_meta.json,batch|cuda_device|device_type|git_commit|git_status|imgsz|iters|measure_accuracy|metrics|model|precision|pretrained|seed|timestamp|torch_version|torchvision_version|warmup :: metrics=duration_s|iterations|latency_avg_ms|latency_p50_ms|throughput_img_s|top1,Ergebnisse_Clone3_13.07.2026/mobilenet_v2_fp32_medium_BS16_bench_meta.json
Clone3,perf.csv,iter|batch|latency_ms|img_per_s|acc_top1,Ergebnisse_Clone3_13.07.2026/mobilenet_v2_fp32_medium_BS16_perf.csv
Clone3,tegrastats_power.csv,sample_index|elapsed_s|power_W,Ergebnisse_Clone3_13.07.2026/mobilenet_v2_fp32_medium_BS16_tegrastats_power.csv
Clone3,bench_meta.json,batch|cuda_device|device_type|git_commit|git_status|imgsz|iters|measure_accuracy|metrics|model|precision|pretrained|seed|timestamp|torch_version|torchvision_version|warmup :: metrics=duration_s|iterations|latency_avg_ms|latency_p50_ms|throughput_img_s|top1,Ergebnisse_Clone3_13.07.2026/mobilenet_v2_fp32_medium_BS32_bench_meta.json
Clone3,perf.csv,iter|batch|latency_ms|img_per_s|acc_top1,Ergebnisse_Clone3_13.07.2026/mobilenet_v2_fp32_medium_BS32_perf.csv
Clone3,tegrastats_power.csv,sample_index|elapsed_s|power_W,Ergebnisse_Clone3_13.07.2026/mobilenet_v2_fp32_medium_BS32_tegrastats_power.csv
Clone3,bench_meta.json,batch|cuda_device|device_type|git_commit|git_status|imgsz|iters|measure_accuracy|metrics|model|precision|pretrained|seed|timestamp|torch_version|torchvision_version|warmup :: metrics=duration_s|iterations|latency_avg_ms|latency_p50_ms|throughput_img_s|top1,Ergebnisse_Clone3_13.07.2026/mobilenet_v2_fp32_medium_BS4_bench_meta.json
Clone3,perf.csv,iter|batch|latency_ms|img_per_s|acc_top1,Ergebnisse_Clone3_13.07.2026/mobilenet_v2_fp32_medium_BS4_perf.csv
Clone3,tegrastats_power.csv,sample_index|elapsed_s|power_W,Ergebnisse_Clone3_13.07.2026/mobilenet_v2_fp32_medium_BS4_tegrastats_power.csv
Clone3,bench_meta.json,batch|cuda_device|device_type|git_commit|git_status|imgsz|iters|measure_accuracy|metrics|model|precision|pretrained|seed|timestamp|torch_version|torchvision_version|warmup :: metrics=duration_s|iterations|latency_avg_ms|latency_p50_ms|throughput_img_s|top1,Ergebnisse_Clone3_13.07.2026/mobilenet_v2_fp32_medium_BS64_bench_meta.json
Clone3,perf.csv,iter|batch|latency_ms|img_per_s|acc_top1,Ergebnisse_Clone3_13.07.2026/mobilenet_v2_fp32_medium_BS64_perf.csv
Clone3,tegrastats_power.csv,sample_index|elapsed_s|power_W,Ergebnisse_Clone3_13.07.2026/mobilenet_v2_fp32_medium_BS64_tegrastats_power.csv
Clone3,bench_meta.json,batch|cuda_device|device_type|git_commit|git_status|imgsz|iters|measure_accuracy|metrics|model|precision|pretrained|seed|timestamp|torch_version|torchvision_version|warmup :: metrics=duration_s|iterations|latency_avg_ms|latency_p50_ms|throughput_img_s|top1,Ergebnisse_Clone3_13.07.2026/mobilenet_v2_fp32_medium_BS8_bench_meta.json
Clone3,perf.csv,iter|batch|latency_ms|img_per_s|acc_top1,Ergebnisse_Clone3_13.07.2026/mobilenet_v2_fp32_medium_BS8_perf.csv
Clone3,tegrastats_power.csv,sample_index|elapsed_s|power_W,Ergebnisse_Clone3_13.07.2026/mobilenet_v2_fp32_medium_BS8_tegrastats_power.csv
Clone3,bench_meta.json,batch|cuda_device|device_type|git_commit|git_status|imgsz|iters|measure_accuracy|metrics|model|precision|pretrained|seed|timestamp|torch_version|torchvision_version|warmup :: metrics=duration_s|iterations|latency_avg_ms|latency_p50_ms|throughput_img_s|top1,Ergebnisse_Clone3_13.07.2026/mobilenet_v2_fp32_slow_BS1_bench_meta.json
Clone3,perf.csv,iter|batch|latency_ms|img_per_s|acc_top1,Ergebnisse_Clone3_13.07.2026/mobilenet_v2_fp32_slow_BS1_perf.csv
Clone3,tegrastats_power.csv,sample_index|elapsed_s|power_W,Ergebnisse_Clone3_13.07.2026/mobilenet_v2_fp32_slow_BS1_tegrastats_power.csv
Clone3,bench_meta.json,batch|cuda_device|device_type|git_commit|git_status|imgsz|iters|measure_accuracy|metrics|model|precision|pretrained|seed|timestamp|torch_version|torchvision_version|warmup :: metrics=duration_s|iterations|latency_avg_ms|latency_p50_ms|throughput_img_s|top1,Ergebnisse_Clone3_13.07.2026/mobilenet_v2_fp32_slow_BS128_bench_meta.json
Clone3,perf.csv,iter|batch|latency_ms|img_per_s|acc_top1,Ergebnisse_Clone3_13.07.2026/mobilenet_v2_fp32_slow_BS128_perf.csv
Clone3,tegrastats_power.csv,sample_index|elapsed_s|power_W,Ergebnisse_Clone3_13.07.2026/mobilenet_v2_fp32_slow_BS128_tegrastats_power.csv
Clone3,bench_meta.json,batch|cuda_device|device_type|git_commit|git_status|imgsz|iters|measure_accuracy|metrics|model|precision|pretrained|seed|timestamp|torch_version|torchvision_version|warmup :: metrics=duration_s|iterations|latency_avg_ms|latency_p50_ms|throughput_img_s|top1,Ergebnisse_Clone3_13.07.2026/mobilenet_v2_fp32_slow_BS16_bench_meta.json
Clone3,perf.csv,iter|batch|latency_ms|img_per_s|acc_top1,Ergebnisse_Clone3_13.07.2026/mobilenet_v2_fp32_slow_BS16_perf.csv
Clone3,tegrastats_power.csv,sample_index|elapsed_s|power_W,Ergebnisse_Clone3_13.07.2026/mobilenet_v2_fp32_slow_BS16_tegrastats_power.csv
Clone3,bench_meta.json,batch|cuda_device|device_type|git_commit|git_status|imgsz|iters|measure_accuracy|metrics|model|precision|pretrained|seed|timestamp|torch_version|torchvision_version|warmup :: metrics=duration_s|iterations|latency_avg_ms|latency_p50_ms|throughput_img_s|top1,Ergebnisse_Clone3_13.07.2026/mobilenet_v2_fp32_slow_BS32_bench_meta.json
Clone3,perf.csv,iter|batch|latency_ms|img_per_s|acc_top1,Ergebnisse_Clone3_13.07.2026/mobilenet_v2_fp32_slow_BS32_perf.csv
Clone3,tegrastats_power.csv,sample_index|elapsed_s|power_W,Ergebnisse_Clone3_13.07.2026/mobilenet_v2_fp32_slow_BS32_tegrastats_power.csv
Clone3,bench_meta.json,batch|cuda_device|device_type|git_commit|git_status|imgsz|iters|measure_accuracy|metrics|model|precision|pretrained|seed|timestamp|torch_version|torchvision_version|warmup :: metrics=duration_s|iterations|latency_avg_ms|latency_p50_ms|throughput_img_s|top1,Ergebnisse_Clone3_13.07.2026/mobilenet_v2_fp32_slow_BS4_bench_meta.json
Clone3,perf.csv,iter|batch|latency_ms|img_per_s|acc_top1,Ergebnisse_Clone3_13.07.2026/mobilenet_v2_fp32_slow_BS4_perf.csv
Clone3,tegrastats_power.csv,sample_index|elapsed_s|power_W,Ergebnisse_Clone3_13.07.2026/mobilenet_v2_fp32_slow_BS4_tegrastats_power.csv
Clone3,bench_meta.json,batch|cuda_device|device_type|git_commit|git_status|imgsz|iters|measure_accuracy|metrics|model|precision|pretrained|seed|timestamp|torch_version|torchvision_version|warmup :: metrics=duration_s|iterations|latency_avg_ms|latency_p50_ms|throughput_img_s|top1,Ergebnisse_Clone3_13.07.2026/mobilenet_v2_fp32_slow_BS64_bench_meta.json
Clone3,perf.csv,iter|batch|latency_ms|img_per_s|acc_top1,Ergebnisse_Clone3_13.07.2026/mobilenet_v2_fp32_slow_BS64_perf.csv
Clone3,tegrastats_power.csv,sample_index|elapsed_s|power_W,Ergebnisse_Clone3_13.07.2026/mobilenet_v2_fp32_slow_BS64_tegrastats_power.csv
Clone3,bench_meta.json,batch|cuda_device|device_type|git_commit|git_status|imgsz|iters|measure_accuracy|metrics|model|precision|pretrained|seed|timestamp|torch_version|torchvision_version|warmup :: metrics=duration_s|iterations|latency_avg_ms|latency_p50_ms|throughput_img_s|top1,Ergebnisse_Clone3_13.07.2026/mobilenet_v2_fp32_slow_BS8_bench_meta.json
Clone3,perf.csv,iter|batch|latency_ms|img_per_s|acc_top1,Ergebnisse_Clone3_13.07.2026/mobilenet_v2_fp32_slow_BS8_perf.csv
Clone3,tegrastats_power.csv,sample_index|elapsed_s|power_W,Ergebnisse_Clone3_13.07.2026/mobilenet_v2_fp32_slow_BS8_tegrastats_power.csv
Clone3,bench_meta.json,batch|cuda_device|device_type|git_commit|git_status|imgsz|iters|measure_accuracy|metrics|model|precision|pretrained|seed|timestamp|torch_version|torchvision_version|warmup :: metrics=duration_s|iterations|latency_avg_ms|latency_p50_ms|throughput_img_s|top1,Ergebnisse_Clone3_13.07.2026/mobilenet_v2_fp64_fast_BS1_bench_meta.json
Clone3,perf.csv,iter|batch|latency_ms|img_per_s|acc_top1,Ergebnisse_Clone3_13.07.2026/mobilenet_v2_fp64_fast_BS1_perf.csv
Clone3,tegrastats_power.csv,sample_index|elapsed_s|power_W,Ergebnisse_Clone3_13.07.2026/mobilenet_v2_fp64_fast_BS1_tegrastats_power.csv
Clone3,bench_meta.json,batch|cuda_device|device_type|git_commit|git_status|imgsz|iters|measure_accuracy|metrics|model|precision|pretrained|seed|timestamp|torch_version|torchvision_version|warmup :: metrics=duration_s|iterations|latency_avg_ms|latency_p50_ms|throughput_img_s|top1,Ergebnisse_Clone3_13.07.2026/mobilenet_v2_fp64_fast_BS128_bench_meta.json
Clone3,perf.csv,iter|batch|latency_ms|img_per_s|acc_top1,Ergebnisse_Clone3_13.07.2026/mobilenet_v2_fp64_fast_BS128_perf.csv
Clone3,tegrastats_power.csv,sample_index|elapsed_s|power_W,Ergebnisse_Clone3_13.07.2026/mobilenet_v2_fp64_fast_BS128_tegrastats_power.csv
Clone3,bench_meta.json,batch|cuda_device|device_type|git_commit|git_status|imgsz|iters|measure_accuracy|metrics|model|precision|pretrained|seed|timestamp|torch_version|torchvision_version|warmup :: metrics=duration_s|iterations|latency_avg_ms|latency_p50_ms|throughput_img_s|top1,Ergebnisse_Clone3_13.07.2026/mobilenet_v2_fp64_fast_BS16_bench_meta.json
Clone3,perf.csv,iter|batch|latency_ms|img_per_s|acc_top1,Ergebnisse_Clone3_13.07.2026/mobilenet_v2_fp64_fast_BS16_perf.csv
Clone3,tegrastats_power.csv,sample_index|elapsed_s|power_W,Ergebnisse_Clone3_13.07.2026/mobilenet_v2_fp64_fast_BS16_tegrastats_power.csv
Clone3,bench_meta.json,batch|cuda_device|device_type|git_commit|git_status|imgsz|iters|measure_accuracy|metrics|model|precision|pretrained|seed|timestamp|torch_version|torchvision_version|warmup :: metrics=duration_s|iterations|latency_avg_ms|latency_p50_ms|throughput_img_s|top1,Ergebnisse_Clone3_13.07.2026/mobilenet_v2_fp64_fast_BS32_bench_meta.json
Clone3,perf.csv,iter|batch|latency_ms|img_per_s|acc_top1,Ergebnisse_Clone3_13.07.2026/mobilenet_v2_fp64_fast_BS32_perf.csv
Clone3,tegrastats_power.csv,sample_index|elapsed_s|power_W,Ergebnisse_Clone3_13.07.2026/mobilenet_v2_fp64_fast_BS32_tegrastats_power.csv
Clone3,bench_meta.json,batch|cuda_device|device_type|git_commit|git_status|imgsz|iters|measure_accuracy|metrics|model|precision|pretrained|seed|timestamp|torch_version|torchvision_version|warmup :: metrics=duration_s|iterations|latency_avg_ms|latency_p50_ms|throughput_img_s|top1,Ergebnisse_Clone3_13.07.2026/mobilenet_v2_fp64_fast_BS4_bench_meta.json
Clone3,perf.csv,iter|batch|latency_ms|img_per_s|acc_top1,Ergebnisse_Clone3_13.07.2026/mobilenet_v2_fp64_fast_BS4_perf.csv
Clone3,tegrastats_power.csv,sample_index|elapsed_s|power_W,Ergebnisse_Clone3_13.07.2026/mobilenet_v2_fp64_fast_BS4_tegrastats_power.csv
Clone3,bench_meta.json,batch|cuda_device|device_type|git_commit|git_status|imgsz|iters|measure_accuracy|metrics|model|precision|pretrained|seed|timestamp|torch_version|torchvision_version|warmup :: metrics=duration_s|iterations|latency_avg_ms|latency_p50_ms|throughput_img_s|top1,Ergebnisse_Clone3_13.07.2026/mobilenet_v2_fp64_fast_BS64_bench_meta.json
Clone3,perf.csv,iter|batch|latency_ms|img_per_s|acc_top1,Ergebnisse_Clone3_13.07.2026/mobilenet_v2_fp64_fast_BS64_perf.csv
Clone3,tegrastats_power.csv,sample_index|elapsed_s|power_W,Ergebnisse_Clone3_13.07.2026/mobilenet_v2_fp64_fast_BS64_tegrastats_power.csv
Clone3,bench_meta.json,batch|cuda_device|device_type|git_commit|git_status|imgsz|iters|measure_accuracy|metrics|model|precision|pretrained|seed|timestamp|torch_version|torchvision_version|warmup :: metrics=duration_s|iterations|latency_avg_ms|latency_p50_ms|throughput_img_s|top1,Ergebnisse_Clone3_13.07.2026/mobilenet_v2_fp64_fast_BS8_bench_meta.json
Clone3,perf.csv,iter|batch|latency_ms|img_per_s|acc_top1,Ergebnisse_Clone3_13.07.2026/mobilenet_v2_fp64_fast_BS8_perf.csv
Clone3,tegrastats_power.csv,sample_index|elapsed_s|power_W,Ergebnisse_Clone3_13.07.2026/mobilenet_v2_fp64_fast_BS8_tegrastats_power.csv
Clone3,bench_meta.json,batch|cuda_device|device_type|git_commit|git_status|imgsz|iters|measure_accuracy|metrics|model|precision|pretrained|seed|timestamp|torch_version|torchvision_version|warmup :: metrics=duration_s|iterations|latency_avg_ms|latency_p50_ms|throughput_img_s|top1,Ergebnisse_Clone3_13.07.2026/mobilenet_v2_fp64_medium_BS1_bench_meta.json
Clone3,perf.csv,iter|batch|latency_ms|img_per_s|acc_top1,Ergebnisse_Clone3_13.07.2026/mobilenet_v2_fp64_medium_BS1_perf.csv
Clone3,tegrastats_power.csv,sample_index|elapsed_s|power_W,Ergebnisse_Clone3_13.07.2026/mobilenet_v2_fp64_medium_BS1_tegrastats_power.csv
Clone3,bench_meta.json,batch|cuda_device|device_type|git_commit|git_status|imgsz|iters|measure_accuracy|metrics|model|precision|pretrained|seed|timestamp|torch_version|torchvision_version|warmup :: metrics=duration_s|iterations|latency_avg_ms|latency_p50_ms|throughput_img_s|top1,Ergebnisse_Clone3_13.07.2026/mobilenet_v2_fp64_medium_BS128_bench_meta.json
Clone3,perf.csv,iter|batch|latency_ms|img_per_s|acc_top1,Ergebnisse_Clone3_13.07.2026/mobilenet_v2_fp64_medium_BS128_perf.csv
Clone3,tegrastats_power.csv,sample_index|elapsed_s|power_W,Ergebnisse_Clone3_13.07.2026/mobilenet_v2_fp64_medium_BS128_tegrastats_power.csv
Clone3,bench_meta.json,batch|cuda_device|device_type|git_commit|git_status|imgsz|iters|measure_accuracy|metrics|model|precision|pretrained|seed|timestamp|torch_version|torchvision_version|warmup :: metrics=duration_s|iterations|latency_avg_ms|latency_p50_ms|throughput_img_s|top1,Ergebnisse_Clone3_13.07.2026/mobilenet_v2_fp64_medium_BS16_bench_meta.json
Clone3,perf.csv,iter|batch|latency_ms|img_per_s|acc_top1,Ergebnisse_Clone3_13.07.2026/mobilenet_v2_fp64_medium_BS16_perf.csv
Clone3,tegrastats_power.csv,sample_index|elapsed_s|power_W,Ergebnisse_Clone3_13.07.2026/mobilenet_v2_fp64_medium_BS16_tegrastats_power.csv
Clone3,bench_meta.json,batch|cuda_device|device_type|git_commit|git_status|imgsz|iters|measure_accuracy|metrics|model|precision|pretrained|seed|timestamp|torch_version|torchvision_version|warmup :: metrics=duration_s|iterations|latency_avg_ms|latency_p50_ms|throughput_img_s|top1,Ergebnisse_Clone3_13.07.2026/mobilenet_v2_fp64_medium_BS32_bench_meta.json
Clone3,perf.csv,iter|batch|latency_ms|img_per_s|acc_top1,Ergebnisse_Clone3_13.07.2026/mobilenet_v2_fp64_medium_BS32_perf.csv
Clone3,tegrastats_power.csv,sample_index|elapsed_s|power_W,Ergebnisse_Clone3_13.07.2026/mobilenet_v2_fp64_medium_BS32_tegrastats_power.csv
Clone3,bench_meta.json,batch|cuda_device|device_type|git_commit|git_status|imgsz|iters|measure_accuracy|metrics|model|precision|pretrained|seed|timestamp|torch_version|torchvision_version|warmup :: metrics=duration_s|iterations|latency_avg_ms|latency_p50_ms|throughput_img_s|top1,Ergebnisse_Clone3_13.07.2026/mobilenet_v2_fp64_medium_BS4_bench_meta.json
Clone3,perf.csv,iter|batch|latency_ms|img_per_s|acc_top1,Ergebnisse_Clone3_13.07.2026/mobilenet_v2_fp64_medium_BS4_perf.csv
Clone3,tegrastats_power.csv,sample_index|elapsed_s|power_W,Ergebnisse_Clone3_13.07.2026/mobilenet_v2_fp64_medium_BS4_tegrastats_power.csv
Clone3,bench_meta.json,batch|cuda_device|device_type|git_commit|git_status|imgsz|iters|measure_accuracy|metrics|model|precision|pretrained|seed|timestamp|torch_version|torchvision_version|warmup :: metrics=duration_s|iterations|latency_avg_ms|latency_p50_ms|throughput_img_s|top1,Ergebnisse_Clone3_13.07.2026/mobilenet_v2_fp64_medium_BS64_bench_meta.json
Clone3,perf.csv,iter|batch|latency_ms|img_per_s|acc_top1,Ergebnisse_Clone3_13.07.2026/mobilenet_v2_fp64_medium_BS64_perf.csv
Clone3,tegrastats_power.csv,sample_index|elapsed_s|power_W,Ergebnisse_Clone3_13.07.2026/mobilenet_v2_fp64_medium_BS64_tegrastats_power.csv
Clone3,bench_meta.json,batch|cuda_device|device_type|git_commit|git_status|imgsz|iters|measure_accuracy|metrics|model|precision|pretrained|seed|timestamp|torch_version|torchvision_version|warmup :: metrics=duration_s|iterations|latency_avg_ms|latency_p50_ms|throughput_img_s|top1,Ergebnisse_Clone3_13.07.2026/mobilenet_v2_fp64_medium_BS8_bench_meta.json
Clone3,perf.csv,iter|batch|latency_ms|img_per_s|acc_top1,Ergebnisse_Clone3_13.07.2026/mobilenet_v2_fp64_medium_BS8_perf.csv
Clone3,tegrastats_power.csv,sample_index|elapsed_s|power_W,Ergebnisse_Clone3_13.07.2026/mobilenet_v2_fp64_medium_BS8_tegrastats_power.csv
Clone3,bench_meta.json,batch|cuda_device|device_type|git_commit|git_status|imgsz|iters|measure_accuracy|metrics|model|precision|pretrained|seed|timestamp|torch_version|torchvision_version|warmup :: metrics=duration_s|iterations|latency_avg_ms|latency_p50_ms|throughput_img_s|top1,Ergebnisse_Clone3_13.07.2026/mobilenet_v2_fp64_slow_BS1_bench_meta.json
Clone3,perf.csv,iter|batch|latency_ms|img_per_s|acc_top1,Ergebnisse_Clone3_13.07.2026/mobilenet_v2_fp64_slow_BS1_perf.csv
Clone3,tegrastats_power.csv,sample_index|elapsed_s|power_W,Ergebnisse_Clone3_13.07.2026/mobilenet_v2_fp64_slow_BS1_tegrastats_power.csv
Clone3,bench_meta.json,batch|cuda_device|device_type|git_commit|git_status|imgsz|iters|measure_accuracy|metrics|model|precision|pretrained|seed|timestamp|torch_version|torchvision_version|warmup :: metrics=duration_s|iterations|latency_avg_ms|latency_p50_ms|throughput_img_s|top1,Ergebnisse_Clone3_13.07.2026/mobilenet_v2_fp64_slow_BS128_bench_meta.json
Clone3,perf.csv,iter|batch|latency_ms|img_per_s|acc_top1,Ergebnisse_Clone3_13.07.2026/mobilenet_v2_fp64_slow_BS128_perf.csv
Clone3,tegrastats_power.csv,sample_index|elapsed_s|power_W,Ergebnisse_Clone3_13.07.2026/mobilenet_v2_fp64_slow_BS128_tegrastats_power.csv
Clone3,bench_meta.json,batch|cuda_device|device_type|git_commit|git_status|imgsz|iters|measure_accuracy|metrics|model|precision|pretrained|seed|timestamp|torch_version|torchvision_version|warmup :: metrics=duration_s|iterations|latency_avg_ms|latency_p50_ms|throughput_img_s|top1,Ergebnisse_Clone3_13.07.2026/mobilenet_v2_fp64_slow_BS16_bench_meta.json
Clone3,perf.csv,iter|batch|latency_ms|img_per_s|acc_top1,Ergebnisse_Clone3_13.07.2026/mobilenet_v2_fp64_slow_BS16_perf.csv
Clone3,tegrastats_power.csv,sample_index|elapsed_s|power_W,Ergebnisse_Clone3_13.07.2026/mobilenet_v2_fp64_slow_BS16_tegrastats_power.csv
Clone3,bench_meta.json,batch|cuda_device|device_type|git_commit|git_status|imgsz|iters|measure_accuracy|metrics|model|precision|pretrained|seed|timestamp|torch_version|torchvision_version|warmup :: metrics=duration_s|iterations|latency_avg_ms|latency_p50_ms|throughput_img_s|top1,Ergebnisse_Clone3_13.07.2026/mobilenet_v2_fp64_slow_BS32_bench_meta.json
Clone3,perf.csv,iter|batch|latency_ms|img_per_s|acc_top1,Ergebnisse_Clone3_13.07.2026/mobilenet_v2_fp64_slow_BS32_perf.csv
Clone3,tegrastats_power.csv,sample_index|elapsed_s|power_W,Ergebnisse_Clone3_13.07.2026/mobilenet_v2_fp64_slow_BS32_tegrastats_power.csv
Clone3,bench_meta.json,batch|cuda_device|device_type|git_commit|git_status|imgsz|iters|measure_accuracy|metrics|model|precision|pretrained|seed|timestamp|torch_version|torchvision_version|warmup :: metrics=duration_s|iterations|latency_avg_ms|latency_p50_ms|throughput_img_s|top1,Ergebnisse_Clone3_13.07.2026/mobilenet_v2_fp64_slow_BS4_bench_meta.json
Clone3,perf.csv,iter|batch|latency_ms|img_per_s|acc_top1,Ergebnisse_Clone3_13.07.2026/mobilenet_v2_fp64_slow_BS4_perf.csv
Clone3,tegrastats_power.csv,sample_index|elapsed_s|power_W,Ergebnisse_Clone3_13.07.2026/mobilenet_v2_fp64_slow_BS4_tegrastats_power.csv
Clone3,bench_meta.json,batch|cuda_device|device_type|git_commit|git_status|imgsz|iters|measure_accuracy|metrics|model|precision|pretrained|seed|timestamp|torch_version|torchvision_version|warmup :: metrics=duration_s|iterations|latency_avg_ms|latency_p50_ms|throughput_img_s|top1,Ergebnisse_Clone3_13.07.2026/mobilenet_v2_fp64_slow_BS64_bench_meta.json
Clone3,perf.csv,iter|batch|latency_ms|img_per_s|acc_top1,Ergebnisse_Clone3_13.07.2026/mobilenet_v2_fp64_slow_BS64_perf.csv
Clone3,tegrastats_power.csv,sample_index|elapsed_s|power_W,Ergebnisse_Clone3_13.07.2026/mobilenet_v2_fp64_slow_BS64_tegrastats_power.csv
Clone3,bench_meta.json,batch|cuda_device|device_type|git_commit|git_status|imgsz|iters|measure_accuracy|metrics|model|precision|pretrained|seed|timestamp|torch_version|torchvision_version|warmup :: metrics=duration_s|iterations|latency_avg_ms|latency_p50_ms|throughput_img_s|top1,Ergebnisse_Clone3_13.07.2026/mobilenet_v2_fp64_slow_BS8_bench_meta.json
Clone3,perf.csv,iter|batch|latency_ms|img_per_s|acc_top1,Ergebnisse_Clone3_13.07.2026/mobilenet_v2_fp64_slow_BS8_perf.csv
Clone3,tegrastats_power.csv,sample_index|elapsed_s|power_W,Ergebnisse_Clone3_13.07.2026/mobilenet_v2_fp64_slow_BS8_tegrastats_power.csv
Clone3,bench_meta.json,batch|cuda_device|device_type|git_commit|git_status|imgsz|iters|measure_accuracy|metrics|model|precision|pretrained|seed|timestamp|torch_version|torchvision_version|warmup :: metrics=duration_s|iterations|latency_avg_ms|latency_p50_ms|throughput_img_s|top1,Ergebnisse_Clone3_13.07.2026/resnet50_fp16_fast_BS1_bench_meta.json
Clone3,perf.csv,iter|batch|latency_ms|img_per_s|acc_top1,Ergebnisse_Clone3_13.07.2026/resnet50_fp16_fast_BS1_perf.csv
Clone3,tegrastats_power.csv,sample_index|elapsed_s|power_W,Ergebnisse_Clone3_13.07.2026/resnet50_fp16_fast_BS1_tegrastats_power.csv
Clone3,bench_meta.json,batch|cuda_device|device_type|git_commit|git_status|imgsz|iters|measure_accuracy|metrics|model|precision|pretrained|seed|timestamp|torch_version|torchvision_version|warmup :: metrics=duration_s|iterations|latency_avg_ms|latency_p50_ms|throughput_img_s|top1,Ergebnisse_Clone3_13.07.2026/resnet50_fp16_fast_BS128_bench_meta.json
Clone3,perf.csv,iter|batch|latency_ms|img_per_s|acc_top1,Ergebnisse_Clone3_13.07.2026/resnet50_fp16_fast_BS128_perf.csv
Clone3,tegrastats_power.csv,sample_index|elapsed_s|power_W,Ergebnisse_Clone3_13.07.2026/resnet50_fp16_fast_BS128_tegrastats_power.csv
Clone3,bench_meta.json,batch|cuda_device|device_type|git_commit|git_status|imgsz|iters|measure_accuracy|metrics|model|precision|pretrained|seed|timestamp|torch_version|torchvision_version|warmup :: metrics=duration_s|iterations|latency_avg_ms|latency_p50_ms|throughput_img_s|top1,Ergebnisse_Clone3_13.07.2026/resnet50_fp16_fast_BS16_bench_meta.json
Clone3,perf.csv,iter|batch|latency_ms|img_per_s|acc_top1,Ergebnisse_Clone3_13.07.2026/resnet50_fp16_fast_BS16_perf.csv
Clone3,tegrastats_power.csv,sample_index|elapsed_s|power_W,Ergebnisse_Clone3_13.07.2026/resnet50_fp16_fast_BS16_tegrastats_power.csv
Clone3,bench_meta.json,batch|cuda_device|device_type|git_commit|git_status|imgsz|iters|measure_accuracy|metrics|model|precision|pretrained|seed|timestamp|torch_version|torchvision_version|warmup :: metrics=duration_s|iterations|latency_avg_ms|latency_p50_ms|throughput_img_s|top1,Ergebnisse_Clone3_13.07.2026/resnet50_fp16_fast_BS32_bench_meta.json
Clone3,perf.csv,iter|batch|latency_ms|img_per_s|acc_top1,Ergebnisse_Clone3_13.07.2026/resnet50_fp16_fast_BS32_perf.csv
Clone3,tegrastats_power.csv,sample_index|elapsed_s|power_W,Ergebnisse_Clone3_13.07.2026/resnet50_fp16_fast_BS32_tegrastats_power.csv
Clone3,bench_meta.json,batch|cuda_device|device_type|git_commit|git_status|imgsz|iters|measure_accuracy|metrics|model|precision|pretrained|seed|timestamp|torch_version|torchvision_version|warmup :: metrics=duration_s|iterations|latency_avg_ms|latency_p50_ms|throughput_img_s|top1,Ergebnisse_Clone3_13.07.2026/resnet50_fp16_fast_BS4_bench_meta.json
Clone3,perf.csv,iter|batch|latency_ms|img_per_s|acc_top1,Ergebnisse_Clone3_13.07.2026/resnet50_fp16_fast_BS4_perf.csv
Clone3,tegrastats_power.csv,sample_index|elapsed_s|power_W,Ergebnisse_Clone3_13.07.2026/resnet50_fp16_fast_BS4_tegrastats_power.csv
Clone3,bench_meta.json,batch|cuda_device|device_type|git_commit|git_status|imgsz|iters|measure_accuracy|metrics|model|precision|pretrained|seed|timestamp|torch_version|torchvision_version|warmup :: metrics=duration_s|iterations|latency_avg_ms|latency_p50_ms|throughput_img_s|top1,Ergebnisse_Clone3_13.07.2026/resnet50_fp16_fast_BS64_bench_meta.json
Clone3,perf.csv,iter|batch|latency_ms|img_per_s|acc_top1,Ergebnisse_Clone3_13.07.2026/resnet50_fp16_fast_BS64_perf.csv
Clone3,tegrastats_power.csv,sample_index|elapsed_s|power_W,Ergebnisse_Clone3_13.07.2026/resnet50_fp16_fast_BS64_tegrastats_power.csv
Clone3,bench_meta.json,batch|cuda_device|device_type|git_commit|git_status|imgsz|iters|measure_accuracy|metrics|model|precision|pretrained|seed|timestamp|torch_version|torchvision_version|warmup :: metrics=duration_s|iterations|latency_avg_ms|latency_p50_ms|throughput_img_s|top1,Ergebnisse_Clone3_13.07.2026/resnet50_fp16_fast_BS8_bench_meta.json
Clone3,perf.csv,iter|batch|latency_ms|img_per_s|acc_top1,Ergebnisse_Clone3_13.07.2026/resnet50_fp16_fast_BS8_perf.csv
Clone3,tegrastats_power.csv,sample_index|elapsed_s|power_W,Ergebnisse_Clone3_13.07.2026/resnet50_fp16_fast_BS8_tegrastats_power.csv
Clone3,bench_meta.json,batch|cuda_device|device_type|git_commit|git_status|imgsz|iters|measure_accuracy|metrics|model|precision|pretrained|seed|timestamp|torch_version|torchvision_version|warmup :: metrics=duration_s|iterations|latency_avg_ms|latency_p50_ms|throughput_img_s|top1,Ergebnisse_Clone3_13.07.2026/resnet50_fp16_medium_BS1_bench_meta.json
Clone3,perf.csv,iter|batch|latency_ms|img_per_s|acc_top1,Ergebnisse_Clone3_13.07.2026/resnet50_fp16_medium_BS1_perf.csv
Clone3,tegrastats_power.csv,sample_index|elapsed_s|power_W,Ergebnisse_Clone3_13.07.2026/resnet50_fp16_medium_BS1_tegrastats_power.csv
Clone3,bench_meta.json,batch|cuda_device|device_type|git_commit|git_status|imgsz|iters|measure_accuracy|metrics|model|precision|pretrained|seed|timestamp|torch_version|torchvision_version|warmup :: metrics=duration_s|iterations|latency_avg_ms|latency_p50_ms|throughput_img_s|top1,Ergebnisse_Clone3_13.07.2026/resnet50_fp16_medium_BS128_bench_meta.json
Clone3,perf.csv,iter|batch|latency_ms|img_per_s|acc_top1,Ergebnisse_Clone3_13.07.2026/resnet50_fp16_medium_BS128_perf.csv
Clone3,tegrastats_power.csv,sample_index|elapsed_s|power_W,Ergebnisse_Clone3_13.07.2026/resnet50_fp16_medium_BS128_tegrastats_power.csv
Clone3,bench_meta.json,batch|cuda_device|device_type|git_commit|git_status|imgsz|iters|measure_accuracy|metrics|model|precision|pretrained|seed|timestamp|torch_version|torchvision_version|warmup :: metrics=duration_s|iterations|latency_avg_ms|latency_p50_ms|throughput_img_s|top1,Ergebnisse_Clone3_13.07.2026/resnet50_fp16_medium_BS16_bench_meta.json
Clone3,perf.csv,iter|batch|latency_ms|img_per_s|acc_top1,Ergebnisse_Clone3_13.07.2026/resnet50_fp16_medium_BS16_perf.csv
Clone3,tegrastats_power.csv,sample_index|elapsed_s|power_W,Ergebnisse_Clone3_13.07.2026/resnet50_fp16_medium_BS16_tegrastats_power.csv
Clone3,bench_meta.json,batch|cuda_device|device_type|git_commit|git_status|imgsz|iters|measure_accuracy|metrics|model|precision|pretrained|seed|timestamp|torch_version|torchvision_version|warmup :: metrics=duration_s|iterations|latency_avg_ms|latency_p50_ms|throughput_img_s|top1,Ergebnisse_Clone3_13.07.2026/resnet50_fp16_medium_BS32_bench_meta.json
Clone3,perf.csv,iter|batch|latency_ms|img_per_s|acc_top1,Ergebnisse_Clone3_13.07.2026/resnet50_fp16_medium_BS32_perf.csv
Clone3,tegrastats_power.csv,sample_index|elapsed_s|power_W,Ergebnisse_Clone3_13.07.2026/resnet50_fp16_medium_BS32_tegrastats_power.csv
Clone3,bench_meta.json,batch|cuda_device|device_type|git_commit|git_status|imgsz|iters|measure_accuracy|metrics|model|precision|pretrained|seed|timestamp|torch_version|torchvision_version|warmup :: metrics=duration_s|iterations|latency_avg_ms|latency_p50_ms|throughput_img_s|top1,Ergebnisse_Clone3_13.07.2026/resnet50_fp16_medium_BS4_bench_meta.json
Clone3,perf.csv,iter|batch|latency_ms|img_per_s|acc_top1,Ergebnisse_Clone3_13.07.2026/resnet50_fp16_medium_BS4_perf.csv
Clone3,tegrastats_power.csv,sample_index|elapsed_s|power_W,Ergebnisse_Clone3_13.07.2026/resnet50_fp16_medium_BS4_tegrastats_power.csv
Clone3,bench_meta.json,batch|cuda_device|device_type|git_commit|git_status|imgsz|iters|measure_accuracy|metrics|model|precision|pretrained|seed|timestamp|torch_version|torchvision_version|warmup :: metrics=duration_s|iterations|latency_avg_ms|latency_p50_ms|throughput_img_s|top1,Ergebnisse_Clone3_13.07.2026/resnet50_fp16_medium_BS64_bench_meta.json
Clone3,perf.csv,iter|batch|latency_ms|img_per_s|acc_top1,Ergebnisse_Clone3_13.07.2026/resnet50_fp16_medium_BS64_perf.csv
Clone3,tegrastats_power.csv,sample_index|elapsed_s|power_W,Ergebnisse_Clone3_13.07.2026/resnet50_fp16_medium_BS64_tegrastats_power.csv
Clone3,bench_meta.json,batch|cuda_device|device_type|git_commit|git_status|imgsz|iters|measure_accuracy|metrics|model|precision|pretrained|seed|timestamp|torch_version|torchvision_version|warmup :: metrics=duration_s|iterations|latency_avg_ms|latency_p50_ms|throughput_img_s|top1,Ergebnisse_Clone3_13.07.2026/resnet50_fp16_medium_BS8_bench_meta.json
Clone3,perf.csv,iter|batch|latency_ms|img_per_s|acc_top1,Ergebnisse_Clone3_13.07.2026/resnet50_fp16_medium_BS8_perf.csv
Clone3,tegrastats_power.csv,sample_index|elapsed_s|power_W,Ergebnisse_Clone3_13.07.2026/resnet50_fp16_medium_BS8_tegrastats_power.csv
Clone3,bench_meta.json,batch|cuda_device|device_type|git_commit|git_status|imgsz|iters|measure_accuracy|metrics|model|precision|pretrained|seed|timestamp|torch_version|torchvision_version|warmup :: metrics=duration_s|iterations|latency_avg_ms|latency_p50_ms|throughput_img_s|top1,Ergebnisse_Clone3_13.07.2026/resnet50_fp16_slow_BS1_bench_meta.json
Clone3,perf.csv,iter|batch|latency_ms|img_per_s|acc_top1,Ergebnisse_Clone3_13.07.2026/resnet50_fp16_slow_BS1_perf.csv
Clone3,tegrastats_power.csv,sample_index|elapsed_s|power_W,Ergebnisse_Clone3_13.07.2026/resnet50_fp16_slow_BS1_tegrastats_power.csv
Clone3,bench_meta.json,batch|cuda_device|device_type|git_commit|git_status|imgsz|iters|measure_accuracy|metrics|model|precision|pretrained|seed|timestamp|torch_version|torchvision_version|warmup :: metrics=duration_s|iterations|latency_avg_ms|latency_p50_ms|throughput_img_s|top1,Ergebnisse_Clone3_13.07.2026/resnet50_fp16_slow_BS128_bench_meta.json
Clone3,perf.csv,iter|batch|latency_ms|img_per_s|acc_top1,Ergebnisse_Clone3_13.07.2026/resnet50_fp16_slow_BS128_perf.csv
Clone3,tegrastats_power.csv,sample_index|elapsed_s|power_W,Ergebnisse_Clone3_13.07.2026/resnet50_fp16_slow_BS128_tegrastats_power.csv
Clone3,bench_meta.json,batch|cuda_device|device_type|git_commit|git_status|imgsz|iters|measure_accuracy|metrics|model|precision|pretrained|seed|timestamp|torch_version|torchvision_version|warmup :: metrics=duration_s|iterations|latency_avg_ms|latency_p50_ms|throughput_img_s|top1,Ergebnisse_Clone3_13.07.2026/resnet50_fp16_slow_BS16_bench_meta.json
Clone3,perf.csv,iter|batch|latency_ms|img_per_s|acc_top1,Ergebnisse_Clone3_13.07.2026/resnet50_fp16_slow_BS16_perf.csv
Clone3,tegrastats_power.csv,sample_index|elapsed_s|power_W,Ergebnisse_Clone3_13.07.2026/resnet50_fp16_slow_BS16_tegrastats_power.csv
Clone3,bench_meta.json,batch|cuda_device|device_type|git_commit|git_status|imgsz|iters|measure_accuracy|metrics|model|precision|pretrained|seed|timestamp|torch_version|torchvision_version|warmup :: metrics=duration_s|iterations|latency_avg_ms|latency_p50_ms|throughput_img_s|top1,Ergebnisse_Clone3_13.07.2026/resnet50_fp16_slow_BS32_bench_meta.json
Clone3,perf.csv,iter|batch|latency_ms|img_per_s|acc_top1,Ergebnisse_Clone3_13.07.2026/resnet50_fp16_slow_BS32_perf.csv
Clone3,tegrastats_power.csv,sample_index|elapsed_s|power_W,Ergebnisse_Clone3_13.07.2026/resnet50_fp16_slow_BS32_tegrastats_power.csv
Clone3,bench_meta.json,batch|cuda_device|device_type|git_commit|git_status|imgsz|iters|measure_accuracy|metrics|model|precision|pretrained|seed|timestamp|torch_version|torchvision_version|warmup :: metrics=duration_s|iterations|latency_avg_ms|latency_p50_ms|throughput_img_s|top1,Ergebnisse_Clone3_13.07.2026/resnet50_fp16_slow_BS4_bench_meta.json
Clone3,perf.csv,iter|batch|latency_ms|img_per_s|acc_top1,Ergebnisse_Clone3_13.07.2026/resnet50_fp16_slow_BS4_perf.csv
Clone3,tegrastats_power.csv,sample_index|elapsed_s|power_W,Ergebnisse_Clone3_13.07.2026/resnet50_fp16_slow_BS4_tegrastats_power.csv
Clone3,bench_meta.json,batch|cuda_device|device_type|git_commit|git_status|imgsz|iters|measure_accuracy|metrics|model|precision|pretrained|seed|timestamp|torch_version|torchvision_version|warmup :: metrics=duration_s|iterations|latency_avg_ms|latency_p50_ms|throughput_img_s|top1,Ergebnisse_Clone3_13.07.2026/resnet50_fp16_slow_BS64_bench_meta.json
Clone3,perf.csv,iter|batch|latency_ms|img_per_s|acc_top1,Ergebnisse_Clone3_13.07.2026/resnet50_fp16_slow_BS64_perf.csv
Clone3,tegrastats_power.csv,sample_index|elapsed_s|power_W,Ergebnisse_Clone3_13.07.2026/resnet50_fp16_slow_BS64_tegrastats_power.csv
Clone3,bench_meta.json,batch|cuda_device|device_type|git_commit|git_status|imgsz|iters|measure_accuracy|metrics|model|precision|pretrained|seed|timestamp|torch_version|torchvision_version|warmup :: metrics=duration_s|iterations|latency_avg_ms|latency_p50_ms|throughput_img_s|top1,Ergebnisse_Clone3_13.07.2026/resnet50_fp16_slow_BS8_bench_meta.json
Clone3,perf.csv,iter|batch|latency_ms|img_per_s|acc_top1,Ergebnisse_Clone3_13.07.2026/resnet50_fp16_slow_BS8_perf.csv
Clone3,tegrastats_power.csv,sample_index|elapsed_s|power_W,Ergebnisse_Clone3_13.07.2026/resnet50_fp16_slow_BS8_tegrastats_power.csv
Clone3,bench_meta.json,batch|cuda_device|device_type|git_commit|git_status|imgsz|iters|measure_accuracy|metrics|model|precision|pretrained|seed|timestamp|torch_version|torchvision_version|warmup :: metrics=duration_s|iterations|latency_avg_ms|latency_p50_ms|throughput_img_s|top1,Ergebnisse_Clone3_13.07.2026/resnet50_fp32_fast_BS1_bench_meta.json
Clone3,perf.csv,iter|batch|latency_ms|img_per_s|acc_top1,Ergebnisse_Clone3_13.07.2026/resnet50_fp32_fast_BS1_perf.csv
Clone3,tegrastats_power.csv,sample_index|elapsed_s|power_W,Ergebnisse_Clone3_13.07.2026/resnet50_fp32_fast_BS1_tegrastats_power.csv
Clone3,bench_meta.json,batch|cuda_device|device_type|git_commit|git_status|imgsz|iters|measure_accuracy|metrics|model|precision|pretrained|seed|timestamp|torch_version|torchvision_version|warmup :: metrics=duration_s|iterations|latency_avg_ms|latency_p50_ms|throughput_img_s|top1,Ergebnisse_Clone3_13.07.2026/resnet50_fp32_fast_BS128_bench_meta.json
Clone3,perf.csv,iter|batch|latency_ms|img_per_s|acc_top1,Ergebnisse_Clone3_13.07.2026/resnet50_fp32_fast_BS128_perf.csv
Clone3,tegrastats_power.csv,sample_index|elapsed_s|power_W,Ergebnisse_Clone3_13.07.2026/resnet50_fp32_fast_BS128_tegrastats_power.csv
Clone3,bench_meta.json,batch|cuda_device|device_type|git_commit|git_status|imgsz|iters|measure_accuracy|metrics|model|precision|pretrained|seed|timestamp|torch_version|torchvision_version|warmup :: metrics=duration_s|iterations|latency_avg_ms|latency_p50_ms|throughput_img_s|top1,Ergebnisse_Clone3_13.07.2026/resnet50_fp32_fast_BS16_bench_meta.json
Clone3,perf.csv,iter|batch|latency_ms|img_per_s|acc_top1,Ergebnisse_Clone3_13.07.2026/resnet50_fp32_fast_BS16_perf.csv
Clone3,tegrastats_power.csv,sample_index|elapsed_s|power_W,Ergebnisse_Clone3_13.07.2026/resnet50_fp32_fast_BS16_tegrastats_power.csv
Clone3,bench_meta.json,batch|cuda_device|device_type|git_commit|git_status|imgsz|iters|measure_accuracy|metrics|model|precision|pretrained|seed|timestamp|torch_version|torchvision_version|warmup :: metrics=duration_s|iterations|latency_avg_ms|latency_p50_ms|throughput_img_s|top1,Ergebnisse_Clone3_13.07.2026/resnet50_fp32_fast_BS32_bench_meta.json
Clone3,perf.csv,iter|batch|latency_ms|img_per_s|acc_top1,Ergebnisse_Clone3_13.07.2026/resnet50_fp32_fast_BS32_perf.csv
Clone3,tegrastats_power.csv,sample_index|elapsed_s|power_W,Ergebnisse_Clone3_13.07.2026/resnet50_fp32_fast_BS32_tegrastats_power.csv
Clone3,bench_meta.json,batch|cuda_device|device_type|git_commit|git_status|imgsz|iters|measure_accuracy|metrics|model|precision|pretrained|seed|timestamp|torch_version|torchvision_version|warmup :: metrics=duration_s|iterations|latency_avg_ms|latency_p50_ms|throughput_img_s|top1,Ergebnisse_Clone3_13.07.2026/resnet50_fp32_fast_BS4_bench_meta.json
Clone3,perf.csv,iter|batch|latency_ms|img_per_s|acc_top1,Ergebnisse_Clone3_13.07.2026/resnet50_fp32_fast_BS4_perf.csv
Clone3,tegrastats_power.csv,sample_index|elapsed_s|power_W,Ergebnisse_Clone3_13.07.2026/resnet50_fp32_fast_BS4_tegrastats_power.csv
Clone3,bench_meta.json,batch|cuda_device|device_type|git_commit|git_status|imgsz|iters|measure_accuracy|metrics|model|precision|pretrained|seed|timestamp|torch_version|torchvision_version|warmup :: metrics=duration_s|iterations|latency_avg_ms|latency_p50_ms|throughput_img_s|top1,Ergebnisse_Clone3_13.07.2026/resnet50_fp32_fast_BS64_bench_meta.json
Clone3,perf.csv,iter|batch|latency_ms|img_per_s|acc_top1,Ergebnisse_Clone3_13.07.2026/resnet50_fp32_fast_BS64_perf.csv
Clone3,tegrastats_power.csv,sample_index|elapsed_s|power_W,Ergebnisse_Clone3_13.07.2026/resnet50_fp32_fast_BS64_tegrastats_power.csv
Clone3,bench_meta.json,batch|cuda_device|device_type|git_commit|git_status|imgsz|iters|measure_accuracy|metrics|model|precision|pretrained|seed|timestamp|torch_version|torchvision_version|warmup :: metrics=duration_s|iterations|latency_avg_ms|latency_p50_ms|throughput_img_s|top1,Ergebnisse_Clone3_13.07.2026/resnet50_fp32_fast_BS8_bench_meta.json
Clone3,perf.csv,iter|batch|latency_ms|img_per_s|acc_top1,Ergebnisse_Clone3_13.07.2026/resnet50_fp32_fast_BS8_perf.csv
Clone3,tegrastats_power.csv,sample_index|elapsed_s|power_W,Ergebnisse_Clone3_13.07.2026/resnet50_fp32_fast_BS8_tegrastats_power.csv
Clone3,bench_meta.json,batch|cuda_device|device_type|git_commit|git_status|imgsz|iters|measure_accuracy|metrics|model|precision|pretrained|seed|timestamp|torch_version|torchvision_version|warmup :: metrics=duration_s|iterations|latency_avg_ms|latency_p50_ms|throughput_img_s|top1,Ergebnisse_Clone3_13.07.2026/resnet50_fp32_medium_BS1_bench_meta.json
Clone3,perf.csv,iter|batch|latency_ms|img_per_s|acc_top1,Ergebnisse_Clone3_13.07.2026/resnet50_fp32_medium_BS1_perf.csv
Clone3,tegrastats_power.csv,sample_index|elapsed_s|power_W,Ergebnisse_Clone3_13.07.2026/resnet50_fp32_medium_BS1_tegrastats_power.csv
Clone3,bench_meta.json,batch|cuda_device|device_type|git_commit|git_status|imgsz|iters|measure_accuracy|metrics|model|precision|pretrained|seed|timestamp|torch_version|torchvision_version|warmup :: metrics=duration_s|iterations|latency_avg_ms|latency_p50_ms|throughput_img_s|top1,Ergebnisse_Clone3_13.07.2026/resnet50_fp32_medium_BS128_bench_meta.json
Clone3,perf.csv,iter|batch|latency_ms|img_per_s|acc_top1,Ergebnisse_Clone3_13.07.2026/resnet50_fp32_medium_BS128_perf.csv
Clone3,tegrastats_power.csv,sample_index|elapsed_s|power_W,Ergebnisse_Clone3_13.07.2026/resnet50_fp32_medium_BS128_tegrastats_power.csv
Clone3,bench_meta.json,batch|cuda_device|device_type|git_commit|git_status|imgsz|iters|measure_accuracy|metrics|model|precision|pretrained|seed|timestamp|torch_version|torchvision_version|warmup :: metrics=duration_s|iterations|latency_avg_ms|latency_p50_ms|throughput_img_s|top1,Ergebnisse_Clone3_13.07.2026/resnet50_fp32_medium_BS16_bench_meta.json
Clone3,perf.csv,iter|batch|latency_ms|img_per_s|acc_top1,Ergebnisse_Clone3_13.07.2026/resnet50_fp32_medium_BS16_perf.csv
Clone3,tegrastats_power.csv,sample_index|elapsed_s|power_W,Ergebnisse_Clone3_13.07.2026/resnet50_fp32_medium_BS16_tegrastats_power.csv
Clone3,bench_meta.json,batch|cuda_device|device_type|git_commit|git_status|imgsz|iters|measure_accuracy|metrics|model|precision|pretrained|seed|timestamp|torch_version|torchvision_version|warmup :: metrics=duration_s|iterations|latency_avg_ms|latency_p50_ms|throughput_img_s|top1,Ergebnisse_Clone3_13.07.2026/resnet50_fp32_medium_BS32_bench_meta.json
Clone3,perf.csv,iter|batch|latency_ms|img_per_s|acc_top1,Ergebnisse_Clone3_13.07.2026/resnet50_fp32_medium_BS32_perf.csv
Clone3,tegrastats_power.csv,sample_index|elapsed_s|power_W,Ergebnisse_Clone3_13.07.2026/resnet50_fp32_medium_BS32_tegrastats_power.csv
Clone3,bench_meta.json,batch|cuda_device|device_type|git_commit|git_status|imgsz|iters|measure_accuracy|metrics|model|precision|pretrained|seed|timestamp|torch_version|torchvision_version|warmup :: metrics=duration_s|iterations|latency_avg_ms|latency_p50_ms|throughput_img_s|top1,Ergebnisse_Clone3_13.07.2026/resnet50_fp32_medium_BS4_bench_meta.json
Clone3,perf.csv,iter|batch|latency_ms|img_per_s|acc_top1,Ergebnisse_Clone3_13.07.2026/resnet50_fp32_medium_BS4_perf.csv
Clone3,tegrastats_power.csv,sample_index|elapsed_s|power_W,Ergebnisse_Clone3_13.07.2026/resnet50_fp32_medium_BS4_tegrastats_power.csv
Clone3,bench_meta.json,batch|cuda_device|device_type|git_commit|git_status|imgsz|iters|measure_accuracy|metrics|model|precision|pretrained|seed|timestamp|torch_version|torchvision_version|warmup :: metrics=duration_s|iterations|latency_avg_ms|latency_p50_ms|throughput_img_s|top1,Ergebnisse_Clone3_13.07.2026/resnet50_fp32_medium_BS64_bench_meta.json
Clone3,perf.csv,iter|batch|latency_ms|img_per_s|acc_top1,Ergebnisse_Clone3_13.07.2026/resnet50_fp32_medium_BS64_perf.csv
Clone3,tegrastats_power.csv,sample_index|elapsed_s|power_W,Ergebnisse_Clone3_13.07.2026/resnet50_fp32_medium_BS64_tegrastats_power.csv
Clone3,bench_meta.json,batch|cuda_device|device_type|git_commit|git_status|imgsz|iters|measure_accuracy|metrics|model|precision|pretrained|seed|timestamp|torch_version|torchvision_version|warmup :: metrics=duration_s|iterations|latency_avg_ms|latency_p50_ms|throughput_img_s|top1,Ergebnisse_Clone3_13.07.2026/resnet50_fp32_medium_BS8_bench_meta.json
Clone3,perf.csv,iter|batch|latency_ms|img_per_s|acc_top1,Ergebnisse_Clone3_13.07.2026/resnet50_fp32_medium_BS8_perf.csv
Clone3,tegrastats_power.csv,sample_index|elapsed_s|power_W,Ergebnisse_Clone3_13.07.2026/resnet50_fp32_medium_BS8_tegrastats_power.csv
Clone3,bench_meta.json,batch|cuda_device|device_type|git_commit|git_status|imgsz|iters|measure_accuracy|metrics|model|precision|pretrained|seed|timestamp|torch_version|torchvision_version|warmup :: metrics=duration_s|iterations|latency_avg_ms|latency_p50_ms|throughput_img_s|top1,Ergebnisse_Clone3_13.07.2026/resnet50_fp32_slow_BS1_bench_meta.json
Clone3,perf.csv,iter|batch|latency_ms|img_per_s|acc_top1,Ergebnisse_Clone3_13.07.2026/resnet50_fp32_slow_BS1_perf.csv
Clone3,tegrastats_power.csv,sample_index|elapsed_s|power_W,Ergebnisse_Clone3_13.07.2026/resnet50_fp32_slow_BS1_tegrastats_power.csv
Clone3,bench_meta.json,batch|cuda_device|device_type|git_commit|git_status|imgsz|iters|measure_accuracy|metrics|model|precision|pretrained|seed|timestamp|torch_version|torchvision_version|warmup :: metrics=duration_s|iterations|latency_avg_ms|latency_p50_ms|throughput_img_s|top1,Ergebnisse_Clone3_13.07.2026/resnet50_fp32_slow_BS128_bench_meta.json
Clone3,perf.csv,iter|batch|latency_ms|img_per_s|acc_top1,Ergebnisse_Clone3_13.07.2026/resnet50_fp32_slow_BS128_perf.csv
Clone3,tegrastats_power.csv,sample_index|elapsed_s|power_W,Ergebnisse_Clone3_13.07.2026/resnet50_fp32_slow_BS128_tegrastats_power.csv
Clone3,bench_meta.json,batch|cuda_device|device_type|git_commit|git_status|imgsz|iters|measure_accuracy|metrics|model|precision|pretrained|seed|timestamp|torch_version|torchvision_version|warmup :: metrics=duration_s|iterations|latency_avg_ms|latency_p50_ms|throughput_img_s|top1,Ergebnisse_Clone3_13.07.2026/resnet50_fp32_slow_BS16_bench_meta.json
Clone3,perf.csv,iter|batch|latency_ms|img_per_s|acc_top1,Ergebnisse_Clone3_13.07.2026/resnet50_fp32_slow_BS16_perf.csv
Clone3,tegrastats_power.csv,sample_index|elapsed_s|power_W,Ergebnisse_Clone3_13.07.2026/resnet50_fp32_slow_BS16_tegrastats_power.csv
Clone3,bench_meta.json,batch|cuda_device|device_type|git_commit|git_status|imgsz|iters|measure_accuracy|metrics|model|precision|pretrained|seed|timestamp|torch_version|torchvision_version|warmup :: metrics=duration_s|iterations|latency_avg_ms|latency_p50_ms|throughput_img_s|top1,Ergebnisse_Clone3_13.07.2026/resnet50_fp32_slow_BS32_bench_meta.json
Clone3,perf.csv,iter|batch|latency_ms|img_per_s|acc_top1,Ergebnisse_Clone3_13.07.2026/resnet50_fp32_slow_BS32_perf.csv
Clone3,tegrastats_power.csv,sample_index|elapsed_s|power_W,Ergebnisse_Clone3_13.07.2026/resnet50_fp32_slow_BS32_tegrastats_power.csv
Clone3,bench_meta.json,batch|cuda_device|device_type|git_commit|git_status|imgsz|iters|measure_accuracy|metrics|model|precision|pretrained|seed|timestamp|torch_version|torchvision_version|warmup :: metrics=duration_s|iterations|latency_avg_ms|latency_p50_ms|throughput_img_s|top1,Ergebnisse_Clone3_13.07.2026/resnet50_fp32_slow_BS4_bench_meta.json
Clone3,perf.csv,iter|batch|latency_ms|img_per_s|acc_top1,Ergebnisse_Clone3_13.07.2026/resnet50_fp32_slow_BS4_perf.csv
Clone3,tegrastats_power.csv,sample_index|elapsed_s|power_W,Ergebnisse_Clone3_13.07.2026/resnet50_fp32_slow_BS4_tegrastats_power.csv
Clone3,bench_meta.json,batch|cuda_device|device_type|git_commit|git_status|imgsz|iters|measure_accuracy|metrics|model|precision|pretrained|seed|timestamp|torch_version|torchvision_version|warmup :: metrics=duration_s|iterations|latency_avg_ms|latency_p50_ms|throughput_img_s|top1,Ergebnisse_Clone3_13.07.2026/resnet50_fp32_slow_BS64_bench_meta.json
Clone3,perf.csv,iter|batch|latency_ms|img_per_s|acc_top1,Ergebnisse_Clone3_13.07.2026/resnet50_fp32_slow_BS64_perf.csv
Clone3,tegrastats_power.csv,sample_index|elapsed_s|power_W,Ergebnisse_Clone3_13.07.2026/resnet50_fp32_slow_BS64_tegrastats_power.csv
Clone3,bench_meta.json,batch|cuda_device|device_type|git_commit|git_status|imgsz|iters|measure_accuracy|metrics|model|precision|pretrained|seed|timestamp|torch_version|torchvision_version|warmup :: metrics=duration_s|iterations|latency_avg_ms|latency_p50_ms|throughput_img_s|top1,Ergebnisse_Clone3_13.07.2026/resnet50_fp32_slow_BS8_bench_meta.json
Clone3,perf.csv,iter|batch|latency_ms|img_per_s|acc_top1,Ergebnisse_Clone3_13.07.2026/resnet50_fp32_slow_BS8_perf.csv
Clone3,tegrastats_power.csv,sample_index|elapsed_s|power_W,Ergebnisse_Clone3_13.07.2026/resnet50_fp32_slow_BS8_tegrastats_power.csv
Clone3,bench_meta.json,batch|cuda_device|device_type|git_commit|git_status|imgsz|iters|measure_accuracy|metrics|model|precision|pretrained|seed|timestamp|torch_version|torchvision_version|warmup :: metrics=duration_s|iterations|latency_avg_ms|latency_p50_ms|throughput_img_s|top1,Ergebnisse_Clone3_13.07.2026/resnet50_fp64_fast_BS1_bench_meta.json
Clone3,perf.csv,iter|batch|latency_ms|img_per_s|acc_top1,Ergebnisse_Clone3_13.07.2026/resnet50_fp64_fast_BS1_perf.csv
Clone3,tegrastats_power.csv,sample_index|elapsed_s|power_W,Ergebnisse_Clone3_13.07.2026/resnet50_fp64_fast_BS1_tegrastats_power.csv
Clone3,bench_meta.json,batch|cuda_device|device_type|git_commit|git_status|imgsz|iters|measure_accuracy|metrics|model|precision|pretrained|seed|timestamp|torch_version|torchvision_version|warmup :: metrics=duration_s|iterations|latency_avg_ms|latency_p50_ms|throughput_img_s|top1,Ergebnisse_Clone3_13.07.2026/resnet50_fp64_fast_BS128_bench_meta.json
Clone3,perf.csv,iter|batch|latency_ms|img_per_s|acc_top1,Ergebnisse_Clone3_13.07.2026/resnet50_fp64_fast_BS128_perf.csv
Clone3,tegrastats_power.csv,sample_index|elapsed_s|power_W,Ergebnisse_Clone3_13.07.2026/resnet50_fp64_fast_BS128_tegrastats_power.csv
Clone3,bench_meta.json,batch|cuda_device|device_type|git_commit|git_status|imgsz|iters|measure_accuracy|metrics|model|precision|pretrained|seed|timestamp|torch_version|torchvision_version|warmup :: metrics=duration_s|iterations|latency_avg_ms|latency_p50_ms|throughput_img_s|top1,Ergebnisse_Clone3_13.07.2026/resnet50_fp64_fast_BS16_bench_meta.json
Clone3,perf.csv,iter|batch|latency_ms|img_per_s|acc_top1,Ergebnisse_Clone3_13.07.2026/resnet50_fp64_fast_BS16_perf.csv
Clone3,tegrastats_power.csv,sample_index|elapsed_s|power_W,Ergebnisse_Clone3_13.07.2026/resnet50_fp64_fast_BS16_tegrastats_power.csv
Clone3,bench_meta.json,batch|cuda_device|device_type|git_commit|git_status|imgsz|iters|measure_accuracy|metrics|model|precision|pretrained|seed|timestamp|torch_version|torchvision_version|warmup :: metrics=duration_s|iterations|latency_avg_ms|latency_p50_ms|throughput_img_s|top1,Ergebnisse_Clone3_13.07.2026/resnet50_fp64_fast_BS32_bench_meta.json
Clone3,perf.csv,iter|batch|latency_ms|img_per_s|acc_top1,Ergebnisse_Clone3_13.07.2026/resnet50_fp64_fast_BS32_perf.csv
Clone3,tegrastats_power.csv,sample_index|elapsed_s|power_W,Ergebnisse_Clone3_13.07.2026/resnet50_fp64_fast_BS32_tegrastats_power.csv
Clone3,bench_meta.json,batch|cuda_device|device_type|git_commit|git_status|imgsz|iters|measure_accuracy|metrics|model|precision|pretrained|seed|timestamp|torch_version|torchvision_version|warmup :: metrics=duration_s|iterations|latency_avg_ms|latency_p50_ms|throughput_img_s|top1,Ergebnisse_Clone3_13.07.2026/resnet50_fp64_fast_BS4_bench_meta.json
Clone3,perf.csv,iter|batch|latency_ms|img_per_s|acc_top1,Ergebnisse_Clone3_13.07.2026/resnet50_fp64_fast_BS4_perf.csv
Clone3,tegrastats_power.csv,sample_index|elapsed_s|power_W,Ergebnisse_Clone3_13.07.2026/resnet50_fp64_fast_BS4_tegrastats_power.csv
Clone3,bench_meta.json,batch|cuda_device|device_type|git_commit|git_status|imgsz|iters|measure_accuracy|metrics|model|precision|pretrained|seed|timestamp|torch_version|torchvision_version|warmup :: metrics=duration_s|iterations|latency_avg_ms|latency_p50_ms|throughput_img_s|top1,Ergebnisse_Clone3_13.07.2026/resnet50_fp64_fast_BS64_bench_meta.json
Clone3,perf.csv,iter|batch|latency_ms|img_per_s|acc_top1,Ergebnisse_Clone3_13.07.2026/resnet50_fp64_fast_BS64_perf.csv
Clone3,tegrastats_power.csv,sample_index|elapsed_s|power_W,Ergebnisse_Clone3_13.07.2026/resnet50_fp64_fast_BS64_tegrastats_power.csv
Clone3,bench_meta.json,batch|cuda_device|device_type|git_commit|git_status|imgsz|iters|measure_accuracy|metrics|model|precision|pretrained|seed|timestamp|torch_version|torchvision_version|warmup :: metrics=duration_s|iterations|latency_avg_ms|latency_p50_ms|throughput_img_s|top1,Ergebnisse_Clone3_13.07.2026/resnet50_fp64_fast_BS8_bench_meta.json
Clone3,perf.csv,iter|batch|latency_ms|img_per_s|acc_top1,Ergebnisse_Clone3_13.07.2026/resnet50_fp64_fast_BS8_perf.csv
Clone3,tegrastats_power.csv,sample_index|elapsed_s|power_W,Ergebnisse_Clone3_13.07.2026/resnet50_fp64_fast_BS8_tegrastats_power.csv
Clone3,bench_meta.json,batch|cuda_device|device_type|git_commit|git_status|imgsz|iters|measure_accuracy|metrics|model|precision|pretrained|seed|timestamp|torch_version|torchvision_version|warmup :: metrics=duration_s|iterations|latency_avg_ms|latency_p50_ms|throughput_img_s|top1,Ergebnisse_Clone3_13.07.2026/resnet50_fp64_medium_BS1_bench_meta.json
Clone3,perf.csv,iter|batch|latency_ms|img_per_s|acc_top1,Ergebnisse_Clone3_13.07.2026/resnet50_fp64_medium_BS1_perf.csv
Clone3,tegrastats_power.csv,sample_index|elapsed_s|power_W,Ergebnisse_Clone3_13.07.2026/resnet50_fp64_medium_BS1_tegrastats_power.csv
Clone3,bench_meta.json,batch|cuda_device|device_type|git_commit|git_status|imgsz|iters|measure_accuracy|metrics|model|precision|pretrained|seed|timestamp|torch_version|torchvision_version|warmup :: metrics=duration_s|iterations|latency_avg_ms|latency_p50_ms|throughput_img_s|top1,Ergebnisse_Clone3_13.07.2026/resnet50_fp64_medium_BS128_bench_meta.json
Clone3,perf.csv,iter|batch|latency_ms|img_per_s|acc_top1,Ergebnisse_Clone3_13.07.2026/resnet50_fp64_medium_BS128_perf.csv
Clone3,tegrastats_power.csv,sample_index|elapsed_s|power_W,Ergebnisse_Clone3_13.07.2026/resnet50_fp64_medium_BS128_tegrastats_power.csv
Clone3,bench_meta.json,batch|cuda_device|device_type|git_commit|git_status|imgsz|iters|measure_accuracy|metrics|model|precision|pretrained|seed|timestamp|torch_version|torchvision_version|warmup :: metrics=duration_s|iterations|latency_avg_ms|latency_p50_ms|throughput_img_s|top1,Ergebnisse_Clone3_13.07.2026/resnet50_fp64_medium_BS16_bench_meta.json
Clone3,perf.csv,iter|batch|latency_ms|img_per_s|acc_top1,Ergebnisse_Clone3_13.07.2026/resnet50_fp64_medium_BS16_perf.csv
Clone3,tegrastats_power.csv,sample_index|elapsed_s|power_W,Ergebnisse_Clone3_13.07.2026/resnet50_fp64_medium_BS16_tegrastats_power.csv
Clone3,bench_meta.json,batch|cuda_device|device_type|git_commit|git_status|imgsz|iters|measure_accuracy|metrics|model|precision|pretrained|seed|timestamp|torch_version|torchvision_version|warmup :: metrics=duration_s|iterations|latency_avg_ms|latency_p50_ms|throughput_img_s|top1,Ergebnisse_Clone3_13.07.2026/resnet50_fp64_medium_BS32_bench_meta.json
Clone3,perf.csv,iter|batch|latency_ms|img_per_s|acc_top1,Ergebnisse_Clone3_13.07.2026/resnet50_fp64_medium_BS32_perf.csv
Clone3,tegrastats_power.csv,sample_index|elapsed_s|power_W,Ergebnisse_Clone3_13.07.2026/resnet50_fp64_medium_BS32_tegrastats_power.csv
Clone3,bench_meta.json,batch|cuda_device|device_type|git_commit|git_status|imgsz|iters|measure_accuracy|metrics|model|precision|pretrained|seed|timestamp|torch_version|torchvision_version|warmup :: metrics=duration_s|iterations|latency_avg_ms|latency_p50_ms|throughput_img_s|top1,Ergebnisse_Clone3_13.07.2026/resnet50_fp64_medium_BS4_bench_meta.json
Clone3,perf.csv,iter|batch|latency_ms|img_per_s|acc_top1,Ergebnisse_Clone3_13.07.2026/resnet50_fp64_medium_BS4_perf.csv
Clone3,tegrastats_power.csv,sample_index|elapsed_s|power_W,Ergebnisse_Clone3_13.07.2026/resnet50_fp64_medium_BS4_tegrastats_power.csv
Clone3,bench_meta.json,batch|cuda_device|device_type|git_commit|git_status|imgsz|iters|measure_accuracy|metrics|model|precision|pretrained|seed|timestamp|torch_version|torchvision_version|warmup :: metrics=duration_s|iterations|latency_avg_ms|latency_p50_ms|throughput_img_s|top1,Ergebnisse_Clone3_13.07.2026/resnet50_fp64_medium_BS64_bench_meta.json
Clone3,perf.csv,iter|batch|latency_ms|img_per_s|acc_top1,Ergebnisse_Clone3_13.07.2026/resnet50_fp64_medium_BS64_perf.csv
Clone3,tegrastats_power.csv,sample_index|elapsed_s|power_W,Ergebnisse_Clone3_13.07.2026/resnet50_fp64_medium_BS64_tegrastats_power.csv
Clone3,bench_meta.json,batch|cuda_device|device_type|git_commit|git_status|imgsz|iters|measure_accuracy|metrics|model|precision|pretrained|seed|timestamp|torch_version|torchvision_version|warmup :: metrics=duration_s|iterations|latency_avg_ms|latency_p50_ms|throughput_img_s|top1,Ergebnisse_Clone3_13.07.2026/resnet50_fp64_medium_BS8_bench_meta.json
Clone3,perf.csv,iter|batch|latency_ms|img_per_s|acc_top1,Ergebnisse_Clone3_13.07.2026/resnet50_fp64_medium_BS8_perf.csv
Clone3,tegrastats_power.csv,sample_index|elapsed_s|power_W,Ergebnisse_Clone3_13.07.2026/resnet50_fp64_medium_BS8_tegrastats_power.csv
Clone3,bench_meta.json,batch|cuda_device|device_type|git_commit|git_status|imgsz|iters|measure_accuracy|metrics|model|precision|pretrained|seed|timestamp|torch_version|torchvision_version|warmup :: metrics=duration_s|iterations|latency_avg_ms|latency_p50_ms|throughput_img_s|top1,Ergebnisse_Clone3_13.07.2026/resnet50_fp64_slow_BS1_bench_meta.json
Clone3,perf.csv,iter|batch|latency_ms|img_per_s|acc_top1,Ergebnisse_Clone3_13.07.2026/resnet50_fp64_slow_BS1_perf.csv
Clone3,tegrastats_power.csv,sample_index|elapsed_s|power_W,Ergebnisse_Clone3_13.07.2026/resnet50_fp64_slow_BS1_tegrastats_power.csv
Clone3,bench_meta.json,batch|cuda_device|device_type|git_commit|git_status|imgsz|iters|measure_accuracy|metrics|model|precision|pretrained|seed|timestamp|torch_version|torchvision_version|warmup :: metrics=duration_s|iterations|latency_avg_ms|latency_p50_ms|throughput_img_s|top1,Ergebnisse_Clone3_13.07.2026/resnet50_fp64_slow_BS128_bench_meta.json
Clone3,perf.csv,iter|batch|latency_ms|img_per_s|acc_top1,Ergebnisse_Clone3_13.07.2026/resnet50_fp64_slow_BS128_perf.csv
Clone3,tegrastats_power.csv,sample_index|elapsed_s|power_W,Ergebnisse_Clone3_13.07.2026/resnet50_fp64_slow_BS128_tegrastats_power.csv
Clone3,bench_meta.json,batch|cuda_device|device_type|git_commit|git_status|imgsz|iters|measure_accuracy|metrics|model|precision|pretrained|seed|timestamp|torch_version|torchvision_version|warmup :: metrics=duration_s|iterations|latency_avg_ms|latency_p50_ms|throughput_img_s|top1,Ergebnisse_Clone3_13.07.2026/resnet50_fp64_slow_BS16_bench_meta.json
Clone3,perf.csv,iter|batch|latency_ms|img_per_s|acc_top1,Ergebnisse_Clone3_13.07.2026/resnet50_fp64_slow_BS16_perf.csv
Clone3,tegrastats_power.csv,sample_index|elapsed_s|power_W,Ergebnisse_Clone3_13.07.2026/resnet50_fp64_slow_BS16_tegrastats_power.csv
Clone3,bench_meta.json,batch|cuda_device|device_type|git_commit|git_status|imgsz|iters|measure_accuracy|metrics|model|precision|pretrained|seed|timestamp|torch_version|torchvision_version|warmup :: metrics=duration_s|iterations|latency_avg_ms|latency_p50_ms|throughput_img_s|top1,Ergebnisse_Clone3_13.07.2026/resnet50_fp64_slow_BS32_bench_meta.json
Clone3,perf.csv,iter|batch|latency_ms|img_per_s|acc_top1,Ergebnisse_Clone3_13.07.2026/resnet50_fp64_slow_BS32_perf.csv
Clone3,tegrastats_power.csv,sample_index|elapsed_s|power_W,Ergebnisse_Clone3_13.07.2026/resnet50_fp64_slow_BS32_tegrastats_power.csv
Clone3,bench_meta.json,batch|cuda_device|device_type|git_commit|git_status|imgsz|iters|measure_accuracy|metrics|model|precision|pretrained|seed|timestamp|torch_version|torchvision_version|warmup :: metrics=duration_s|iterations|latency_avg_ms|latency_p50_ms|throughput_img_s|top1,Ergebnisse_Clone3_13.07.2026/resnet50_fp64_slow_BS4_bench_meta.json
Clone3,perf.csv,iter|batch|latency_ms|img_per_s|acc_top1,Ergebnisse_Clone3_13.07.2026/resnet50_fp64_slow_BS4_perf.csv
Clone3,tegrastats_power.csv,sample_index|elapsed_s|power_W,Ergebnisse_Clone3_13.07.2026/resnet50_fp64_slow_BS4_tegrastats_power.csv
Clone3,bench_meta.json,batch|cuda_device|device_type|git_commit|git_status|imgsz|iters|measure_accuracy|metrics|model|precision|pretrained|seed|timestamp|torch_version|torchvision_version|warmup :: metrics=duration_s|iterations|latency_avg_ms|latency_p50_ms|throughput_img_s|top1,Ergebnisse_Clone3_13.07.2026/resnet50_fp64_slow_BS64_bench_meta.json
Clone3,perf.csv,iter|batch|latency_ms|img_per_s|acc_top1,Ergebnisse_Clone3_13.07.2026/resnet50_fp64_slow_BS64_perf.csv
Clone3,tegrastats_power.csv,sample_index|elapsed_s|power_W,Ergebnisse_Clone3_13.07.2026/resnet50_fp64_slow_BS64_tegrastats_power.csv
Clone3,bench_meta.json,batch|cuda_device|device_type|git_commit|git_status|imgsz|iters|measure_accuracy|metrics|model|precision|pretrained|seed|timestamp|torch_version|torchvision_version|warmup :: metrics=duration_s|iterations|latency_avg_ms|latency_p50_ms|throughput_img_s|top1,Ergebnisse_Clone3_13.07.2026/resnet50_fp64_slow_BS8_bench_meta.json
Clone3,perf.csv,iter|batch|latency_ms|img_per_s|acc_top1,Ergebnisse_Clone3_13.07.2026/resnet50_fp64_slow_BS8_perf.csv
Clone3,tegrastats_power.csv,sample_index|elapsed_s|power_W,Ergebnisse_Clone3_13.07.2026/resnet50_fp64_slow_BS8_tegrastats_power.csv
MasterJetson,bench_meta.json,batch|cuda_device|device_type|git_commit|git_status|imgsz|iters|measure_accuracy|metrics|model|precision|pretrained|seed|timestamp|torch_version|torchvision_version|warmup :: metrics=duration_s|iterations|latency_avg_ms|latency_p50_ms|throughput_img_s|top1,Ergebnisse_MasterJetson_07.07.2026/mobilenet_v2_fp16_fast_BS1_bench_meta.json
MasterJetson,perf.csv,iter|batch|latency_ms|img_per_s|acc_top1,Ergebnisse_MasterJetson_07.07.2026/mobilenet_v2_fp16_fast_BS1_perf.csv
MasterJetson,tegrastats_power.csv,sample_index|elapsed_s|power_W,Ergebnisse_MasterJetson_07.07.2026/mobilenet_v2_fp16_fast_BS1_tegrastats_power.csv
MasterJetson,bench_meta.json,batch|cuda_device|device_type|git_commit|git_status|imgsz|iters|measure_accuracy|metrics|model|precision|pretrained|seed|timestamp|torch_version|torchvision_version|warmup :: metrics=duration_s|iterations|latency_avg_ms|latency_p50_ms|throughput_img_s|top1,Ergebnisse_MasterJetson_07.07.2026/mobilenet_v2_fp16_fast_BS16_bench_meta.json
MasterJetson,perf.csv,iter|batch|latency_ms|img_per_s|acc_top1,Ergebnisse_MasterJetson_07.07.2026/mobilenet_v2_fp16_fast_BS16_perf.csv
MasterJetson,tegrastats_power.csv,sample_index|elapsed_s|power_W,Ergebnisse_MasterJetson_07.07.2026/mobilenet_v2_fp16_fast_BS16_tegrastats_power.csv
MasterJetson,bench_meta.json,batch|cuda_device|device_type|git_commit|git_status|imgsz|iters|measure_accuracy|metrics|model|precision|pretrained|seed|timestamp|torch_version|torchvision_version|warmup :: metrics=duration_s|iterations|latency_avg_ms|latency_p50_ms|throughput_img_s|top1,Ergebnisse_MasterJetson_07.07.2026/mobilenet_v2_fp16_fast_BS4_bench_meta.json
MasterJetson,perf.csv,iter|batch|latency_ms|img_per_s|acc_top1,Ergebnisse_MasterJetson_07.07.2026/mobilenet_v2_fp16_fast_BS4_perf.csv
MasterJetson,tegrastats_power.csv,sample_index|elapsed_s|power_W,Ergebnisse_MasterJetson_07.07.2026/mobilenet_v2_fp16_fast_BS4_tegrastats_power.csv
MasterJetson,bench_meta.json,batch|cuda_device|device_type|git_commit|git_status|imgsz|iters|measure_accuracy|metrics|model|precision|pretrained|seed|timestamp|torch_version|torchvision_version|warmup :: metrics=duration_s|iterations|latency_avg_ms|latency_p50_ms|throughput_img_s|top1,Ergebnisse_MasterJetson_07.07.2026/mobilenet_v2_fp16_fast_BS8_bench_meta.json
MasterJetson,perf.csv,iter|batch|latency_ms|img_per_s|acc_top1,Ergebnisse_MasterJetson_07.07.2026/mobilenet_v2_fp16_fast_BS8_perf.csv
MasterJetson,tegrastats_power.csv,sample_index|elapsed_s|power_W,Ergebnisse_MasterJetson_07.07.2026/mobilenet_v2_fp16_fast_BS8_tegrastats_power.csv
MasterJetson,bench_meta.json,batch|cuda_device|device_type|git_commit|git_status|imgsz|iters|measure_accuracy|metrics|model|precision|pretrained|seed|timestamp|torch_version|torchvision_version|warmup :: metrics=duration_s|iterations|latency_avg_ms|latency_p50_ms|throughput_img_s|top1,Ergebnisse_MasterJetson_07.07.2026/mobilenet_v2_fp16_medium_BS1_bench_meta.json
MasterJetson,perf.csv,iter|batch|latency_ms|img_per_s|acc_top1,Ergebnisse_MasterJetson_07.07.2026/mobilenet_v2_fp16_medium_BS1_perf.csv
MasterJetson,tegrastats_power.csv,sample_index|elapsed_s|power_W,Ergebnisse_MasterJetson_07.07.2026/mobilenet_v2_fp16_medium_BS1_tegrastats_power.csv
MasterJetson,bench_meta.json,batch|cuda_device|device_type|git_commit|git_status|imgsz|iters|measure_accuracy|metrics|model|precision|pretrained|seed|timestamp|torch_version|torchvision_version|warmup :: metrics=duration_s|iterations|latency_avg_ms|latency_p50_ms|throughput_img_s|top1,Ergebnisse_MasterJetson_07.07.2026/mobilenet_v2_fp16_medium_BS16_bench_meta.json
MasterJetson,perf.csv,iter|batch|latency_ms|img_per_s|acc_top1,Ergebnisse_MasterJetson_07.07.2026/mobilenet_v2_fp16_medium_BS16_perf.csv
MasterJetson,tegrastats_power.csv,sample_index|elapsed_s|power_W,Ergebnisse_MasterJetson_07.07.2026/mobilenet_v2_fp16_medium_BS16_tegrastats_power.csv
MasterJetson,bench_meta.json,batch|cuda_device|device_type|git_commit|git_status|imgsz|iters|measure_accuracy|metrics|model|precision|pretrained|seed|timestamp|torch_version|torchvision_version|warmup :: metrics=duration_s|iterations|latency_avg_ms|latency_p50_ms|throughput_img_s|top1,Ergebnisse_MasterJetson_07.07.2026/mobilenet_v2_fp16_medium_BS4_bench_meta.json
MasterJetson,perf.csv,iter|batch|latency_ms|img_per_s|acc_top1,Ergebnisse_MasterJetson_07.07.2026/mobilenet_v2_fp16_medium_BS4_perf.csv
MasterJetson,tegrastats_power.csv,sample_index|elapsed_s|power_W,Ergebnisse_MasterJetson_07.07.2026/mobilenet_v2_fp16_medium_BS4_tegrastats_power.csv
MasterJetson,bench_meta.json,batch|cuda_device|device_type|git_commit|git_status|imgsz|iters|measure_accuracy|metrics|model|precision|pretrained|seed|timestamp|torch_version|torchvision_version|warmup :: metrics=duration_s|iterations|latency_avg_ms|latency_p50_ms|throughput_img_s|top1,Ergebnisse_MasterJetson_07.07.2026/mobilenet_v2_fp16_medium_BS8_bench_meta.json
MasterJetson,perf.csv,iter|batch|latency_ms|img_per_s|acc_top1,Ergebnisse_MasterJetson_07.07.2026/mobilenet_v2_fp16_medium_BS8_perf.csv
MasterJetson,tegrastats_power.csv,sample_index|elapsed_s|power_W,Ergebnisse_MasterJetson_07.07.2026/mobilenet_v2_fp16_medium_BS8_tegrastats_power.csv
MasterJetson,bench_meta.json,batch|cuda_device|device_type|git_commit|git_status|imgsz|iters|measure_accuracy|metrics|model|precision|pretrained|seed|timestamp|torch_version|torchvision_version|warmup :: metrics=duration_s|iterations|latency_avg_ms|latency_p50_ms|throughput_img_s|top1,Ergebnisse_MasterJetson_07.07.2026/mobilenet_v2_fp16_slow_BS1_bench_meta.json
MasterJetson,perf.csv,iter|batch|latency_ms|img_per_s|acc_top1,Ergebnisse_MasterJetson_07.07.2026/mobilenet_v2_fp16_slow_BS1_perf.csv
MasterJetson,tegrastats_power.csv,sample_index|elapsed_s|power_W,Ergebnisse_MasterJetson_07.07.2026/mobilenet_v2_fp16_slow_BS1_tegrastats_power.csv
MasterJetson,bench_meta.json,batch|cuda_device|device_type|git_commit|git_status|imgsz|iters|measure_accuracy|metrics|model|precision|pretrained|seed|timestamp|torch_version|torchvision_version|warmup :: metrics=duration_s|iterations|latency_avg_ms|latency_p50_ms|throughput_img_s|top1,Ergebnisse_MasterJetson_07.07.2026/mobilenet_v2_fp16_slow_BS16_bench_meta.json
MasterJetson,perf.csv,iter|batch|latency_ms|img_per_s|acc_top1,Ergebnisse_MasterJetson_07.07.2026/mobilenet_v2_fp16_slow_BS16_perf.csv
MasterJetson,tegrastats_power.csv,sample_index|elapsed_s|power_W,Ergebnisse_MasterJetson_07.07.2026/mobilenet_v2_fp16_slow_BS16_tegrastats_power.csv
MasterJetson,bench_meta.json,batch|cuda_device|device_type|git_commit|git_status|imgsz|iters|measure_accuracy|metrics|model|precision|pretrained|seed|timestamp|torch_version|torchvision_version|warmup :: metrics=duration_s|iterations|latency_avg_ms|latency_p50_ms|throughput_img_s|top1,Ergebnisse_MasterJetson_07.07.2026/mobilenet_v2_fp16_slow_BS4_bench_meta.json
MasterJetson,perf.csv,iter|batch|latency_ms|img_per_s|acc_top1,Ergebnisse_MasterJetson_07.07.2026/mobilenet_v2_fp16_slow_BS4_perf.csv
MasterJetson,tegrastats_power.csv,sample_index|elapsed_s|power_W,Ergebnisse_MasterJetson_07.07.2026/mobilenet_v2_fp16_slow_BS4_tegrastats_power.csv
MasterJetson,bench_meta.json,batch|cuda_device|device_type|git_commit|git_status|imgsz|iters|measure_accuracy|metrics|model|precision|pretrained|seed|timestamp|torch_version|torchvision_version|warmup :: metrics=duration_s|iterations|latency_avg_ms|latency_p50_ms|throughput_img_s|top1,Ergebnisse_MasterJetson_07.07.2026/mobilenet_v2_fp16_slow_BS8_bench_meta.json
MasterJetson,perf.csv,iter|batch|latency_ms|img_per_s|acc_top1,Ergebnisse_MasterJetson_07.07.2026/mobilenet_v2_fp16_slow_BS8_perf.csv
MasterJetson,tegrastats_power.csv,sample_index|elapsed_s|power_W,Ergebnisse_MasterJetson_07.07.2026/mobilenet_v2_fp16_slow_BS8_tegrastats_power.csv
MasterJetson,bench_meta.json,batch|cuda_device|device_type|git_commit|git_status|imgsz|iters|measure_accuracy|metrics|model|precision|pretrained|seed|timestamp|torch_version|torchvision_version|warmup :: metrics=duration_s|iterations|latency_avg_ms|latency_p50_ms|throughput_img_s|top1,Ergebnisse_MasterJetson_07.07.2026/mobilenet_v2_fp32_fast_BS1_bench_meta.json
MasterJetson,perf.csv,iter|batch|latency_ms|img_per_s|acc_top1,Ergebnisse_MasterJetson_07.07.2026/mobilenet_v2_fp32_fast_BS1_perf.csv
MasterJetson,tegrastats_power.csv,sample_index|elapsed_s|power_W,Ergebnisse_MasterJetson_07.07.2026/mobilenet_v2_fp32_fast_BS1_tegrastats_power.csv
MasterJetson,bench_meta.json,batch|cuda_device|device_type|git_commit|git_status|imgsz|iters|measure_accuracy|metrics|model|precision|pretrained|seed|timestamp|torch_version|torchvision_version|warmup :: metrics=duration_s|iterations|latency_avg_ms|latency_p50_ms|throughput_img_s|top1,Ergebnisse_MasterJetson_07.07.2026/mobilenet_v2_fp32_fast_BS16_bench_meta.json
MasterJetson,perf.csv,iter|batch|latency_ms|img_per_s|acc_top1,Ergebnisse_MasterJetson_07.07.2026/mobilenet_v2_fp32_fast_BS16_perf.csv
MasterJetson,tegrastats_power.csv,sample_index|elapsed_s|power_W,Ergebnisse_MasterJetson_07.07.2026/mobilenet_v2_fp32_fast_BS16_tegrastats_power.csv
MasterJetson,bench_meta.json,batch|cuda_device|device_type|git_commit|git_status|imgsz|iters|measure_accuracy|metrics|model|precision|pretrained|seed|timestamp|torch_version|torchvision_version|warmup :: metrics=duration_s|iterations|latency_avg_ms|latency_p50_ms|throughput_img_s|top1,Ergebnisse_MasterJetson_07.07.2026/mobilenet_v2_fp32_fast_BS4_bench_meta.json
MasterJetson,perf.csv,iter|batch|latency_ms|img_per_s|acc_top1,Ergebnisse_MasterJetson_07.07.2026/mobilenet_v2_fp32_fast_BS4_perf.csv
MasterJetson,tegrastats_power.csv,sample_index|elapsed_s|power_W,Ergebnisse_MasterJetson_07.07.2026/mobilenet_v2_fp32_fast_BS4_tegrastats_power.csv
MasterJetson,bench_meta.json,batch|cuda_device|device_type|git_commit|git_status|imgsz|iters|measure_accuracy|metrics|model|precision|pretrained|seed|timestamp|torch_version|torchvision_version|warmup :: metrics=duration_s|iterations|latency_avg_ms|latency_p50_ms|throughput_img_s|top1,Ergebnisse_MasterJetson_07.07.2026/mobilenet_v2_fp32_fast_BS8_bench_meta.json
MasterJetson,perf.csv,iter|batch|latency_ms|img_per_s|acc_top1,Ergebnisse_MasterJetson_07.07.2026/mobilenet_v2_fp32_fast_BS8_perf.csv
MasterJetson,tegrastats_power.csv,sample_index|elapsed_s|power_W,Ergebnisse_MasterJetson_07.07.2026/mobilenet_v2_fp32_fast_BS8_tegrastats_power.csv
MasterJetson,bench_meta.json,batch|cuda_device|device_type|git_commit|git_status|imgsz|iters|measure_accuracy|metrics|model|precision|pretrained|seed|timestamp|torch_version|torchvision_version|warmup :: metrics=duration_s|iterations|latency_avg_ms|latency_p50_ms|throughput_img_s|top1,Ergebnisse_MasterJetson_07.07.2026/mobilenet_v2_fp32_medium_BS1_bench_meta.json
MasterJetson,perf.csv,iter|batch|latency_ms|img_per_s|acc_top1,Ergebnisse_MasterJetson_07.07.2026/mobilenet_v2_fp32_medium_BS1_perf.csv
MasterJetson,tegrastats_power.csv,sample_index|elapsed_s|power_W,Ergebnisse_MasterJetson_07.07.2026/mobilenet_v2_fp32_medium_BS1_tegrastats_power.csv
MasterJetson,bench_meta.json,batch|cuda_device|device_type|git_commit|git_status|imgsz|iters|measure_accuracy|metrics|model|precision|pretrained|seed|timestamp|torch_version|torchvision_version|warmup :: metrics=duration_s|iterations|latency_avg_ms|latency_p50_ms|throughput_img_s|top1,Ergebnisse_MasterJetson_07.07.2026/mobilenet_v2_fp32_medium_BS16_bench_meta.json
MasterJetson,perf.csv,iter|batch|latency_ms|img_per_s|acc_top1,Ergebnisse_MasterJetson_07.07.2026/mobilenet_v2_fp32_medium_BS16_perf.csv
MasterJetson,tegrastats_power.csv,sample_index|elapsed_s|power_W,Ergebnisse_MasterJetson_07.07.2026/mobilenet_v2_fp32_medium_BS16_tegrastats_power.csv
MasterJetson,bench_meta.json,batch|cuda_device|device_type|git_commit|git_status|imgsz|iters|measure_accuracy|metrics|model|precision|pretrained|seed|timestamp|torch_version|torchvision_version|warmup :: metrics=duration_s|iterations|latency_avg_ms|latency_p50_ms|throughput_img_s|top1,Ergebnisse_MasterJetson_07.07.2026/mobilenet_v2_fp32_medium_BS4_bench_meta.json
MasterJetson,perf.csv,iter|batch|latency_ms|img_per_s|acc_top1,Ergebnisse_MasterJetson_07.07.2026/mobilenet_v2_fp32_medium_BS4_perf.csv
MasterJetson,tegrastats_power.csv,sample_index|elapsed_s|power_W,Ergebnisse_MasterJetson_07.07.2026/mobilenet_v2_fp32_medium_BS4_tegrastats_power.csv
MasterJetson,bench_meta.json,batch|cuda_device|device_type|git_commit|git_status|imgsz|iters|measure_accuracy|metrics|model|precision|pretrained|seed|timestamp|torch_version|torchvision_version|warmup :: metrics=duration_s|iterations|latency_avg_ms|latency_p50_ms|throughput_img_s|top1,Ergebnisse_MasterJetson_07.07.2026/mobilenet_v2_fp32_medium_BS8_bench_meta.json
MasterJetson,perf.csv,iter|batch|latency_ms|img_per_s|acc_top1,Ergebnisse_MasterJetson_07.07.2026/mobilenet_v2_fp32_medium_BS8_perf.csv
MasterJetson,tegrastats_power.csv,sample_index|elapsed_s|power_W,Ergebnisse_MasterJetson_07.07.2026/mobilenet_v2_fp32_medium_BS8_tegrastats_power.csv
MasterJetson,bench_meta.json,batch|cuda_device|device_type|git_commit|git_status|imgsz|iters|measure_accuracy|metrics|model|precision|pretrained|seed|timestamp|torch_version|torchvision_version|warmup :: metrics=duration_s|iterations|latency_avg_ms|latency_p50_ms|throughput_img_s|top1,Ergebnisse_MasterJetson_07.07.2026/mobilenet_v2_fp32_slow_BS1_bench_meta.json
MasterJetson,perf.csv,iter|batch|latency_ms|img_per_s|acc_top1,Ergebnisse_MasterJetson_07.07.2026/mobilenet_v2_fp32_slow_BS1_perf.csv
MasterJetson,tegrastats_power.csv,sample_index|elapsed_s|power_W,Ergebnisse_MasterJetson_07.07.2026/mobilenet_v2_fp32_slow_BS1_tegrastats_power.csv
MasterJetson,bench_meta.json,batch|cuda_device|device_type|git_commit|git_status|imgsz|iters|measure_accuracy|metrics|model|precision|pretrained|seed|timestamp|torch_version|torchvision_version|warmup :: metrics=duration_s|iterations|latency_avg_ms|latency_p50_ms|throughput_img_s|top1,Ergebnisse_MasterJetson_07.07.2026/mobilenet_v2_fp32_slow_BS16_bench_meta.json
MasterJetson,perf.csv,iter|batch|latency_ms|img_per_s|acc_top1,Ergebnisse_MasterJetson_07.07.2026/mobilenet_v2_fp32_slow_BS16_perf.csv
MasterJetson,tegrastats_power.csv,sample_index|elapsed_s|power_W,Ergebnisse_MasterJetson_07.07.2026/mobilenet_v2_fp32_slow_BS16_tegrastats_power.csv
MasterJetson,bench_meta.json,batch|cuda_device|device_type|git_commit|git_status|imgsz|iters|measure_accuracy|metrics|model|precision|pretrained|seed|timestamp|torch_version|torchvision_version|warmup :: metrics=duration_s|iterations|latency_avg_ms|latency_p50_ms|throughput_img_s|top1,Ergebnisse_MasterJetson_07.07.2026/mobilenet_v2_fp32_slow_BS4_bench_meta.json
MasterJetson,perf.csv,iter|batch|latency_ms|img_per_s|acc_top1,Ergebnisse_MasterJetson_07.07.2026/mobilenet_v2_fp32_slow_BS4_perf.csv
MasterJetson,tegrastats_power.csv,sample_index|elapsed_s|power_W,Ergebnisse_MasterJetson_07.07.2026/mobilenet_v2_fp32_slow_BS4_tegrastats_power.csv
MasterJetson,bench_meta.json,batch|cuda_device|device_type|git_commit|git_status|imgsz|iters|measure_accuracy|metrics|model|precision|pretrained|seed|timestamp|torch_version|torchvision_version|warmup :: metrics=duration_s|iterations|latency_avg_ms|latency_p50_ms|throughput_img_s|top1,Ergebnisse_MasterJetson_07.07.2026/mobilenet_v2_fp32_slow_BS8_bench_meta.json
MasterJetson,perf.csv,iter|batch|latency_ms|img_per_s|acc_top1,Ergebnisse_MasterJetson_07.07.2026/mobilenet_v2_fp32_slow_BS8_perf.csv
MasterJetson,tegrastats_power.csv,sample_index|elapsed_s|power_W,Ergebnisse_MasterJetson_07.07.2026/mobilenet_v2_fp32_slow_BS8_tegrastats_power.csv
MasterJetson,bench_meta.json,batch|cuda_device|device_type|git_commit|git_status|imgsz|iters|measure_accuracy|metrics|model|precision|pretrained|seed|timestamp|torch_version|torchvision_version|warmup :: metrics=duration_s|iterations|latency_avg_ms|latency_p50_ms|throughput_img_s|top1,Ergebnisse_MasterJetson_07.07.2026/mobilenet_v2_fp64_fast_BS1_bench_meta.json
MasterJetson,perf.csv,iter|batch|latency_ms|img_per_s|acc_top1,Ergebnisse_MasterJetson_07.07.2026/mobilenet_v2_fp64_fast_BS1_perf.csv
MasterJetson,tegrastats_power.csv,sample_index|elapsed_s|power_W,Ergebnisse_MasterJetson_07.07.2026/mobilenet_v2_fp64_fast_BS1_tegrastats_power.csv
MasterJetson,bench_meta.json,batch|cuda_device|device_type|git_commit|git_status|imgsz|iters|measure_accuracy|metrics|model|precision|pretrained|seed|timestamp|torch_version|torchvision_version|warmup :: metrics=duration_s|iterations|latency_avg_ms|latency_p50_ms|throughput_img_s|top1,Ergebnisse_MasterJetson_07.07.2026/mobilenet_v2_fp64_fast_BS16_bench_meta.json
MasterJetson,perf.csv,iter|batch|latency_ms|img_per_s|acc_top1,Ergebnisse_MasterJetson_07.07.2026/mobilenet_v2_fp64_fast_BS16_perf.csv
MasterJetson,tegrastats_power.csv,sample_index|elapsed_s|power_W,Ergebnisse_MasterJetson_07.07.2026/mobilenet_v2_fp64_fast_BS16_tegrastats_power.csv
MasterJetson,bench_meta.json,batch|cuda_device|device_type|git_commit|git_status|imgsz|iters|measure_accuracy|metrics|model|precision|pretrained|seed|timestamp|torch_version|torchvision_version|warmup :: metrics=duration_s|iterations|latency_avg_ms|latency_p50_ms|throughput_img_s|top1,Ergebnisse_MasterJetson_07.07.2026/mobilenet_v2_fp64_fast_BS4_bench_meta.json
MasterJetson,perf.csv,iter|batch|latency_ms|img_per_s|acc_top1,Ergebnisse_MasterJetson_07.07.2026/mobilenet_v2_fp64_fast_BS4_perf.csv
MasterJetson,tegrastats_power.csv,sample_index|elapsed_s|power_W,Ergebnisse_MasterJetson_07.07.2026/mobilenet_v2_fp64_fast_BS4_tegrastats_power.csv
MasterJetson,bench_meta.json,batch|cuda_device|device_type|git_commit|git_status|imgsz|iters|measure_accuracy|metrics|model|precision|pretrained|seed|timestamp|torch_version|torchvision_version|warmup :: metrics=duration_s|iterations|latency_avg_ms|latency_p50_ms|throughput_img_s|top1,Ergebnisse_MasterJetson_07.07.2026/mobilenet_v2_fp64_fast_BS8_bench_meta.json
MasterJetson,perf.csv,iter|batch|latency_ms|img_per_s|acc_top1,Ergebnisse_MasterJetson_07.07.2026/mobilenet_v2_fp64_fast_BS8_perf.csv
MasterJetson,tegrastats_power.csv,sample_index|elapsed_s|power_W,Ergebnisse_MasterJetson_07.07.2026/mobilenet_v2_fp64_fast_BS8_tegrastats_power.csv
MasterJetson,bench_meta.json,batch|cuda_device|device_type|git_commit|git_status|imgsz|iters|measure_accuracy|metrics|model|precision|pretrained|seed|timestamp|torch_version|torchvision_version|warmup :: metrics=duration_s|iterations|latency_avg_ms|latency_p50_ms|throughput_img_s|top1,Ergebnisse_MasterJetson_07.07.2026/mobilenet_v2_fp64_medium_BS1_bench_meta.json
MasterJetson,perf.csv,iter|batch|latency_ms|img_per_s|acc_top1,Ergebnisse_MasterJetson_07.07.2026/mobilenet_v2_fp64_medium_BS1_perf.csv
MasterJetson,tegrastats_power.csv,sample_index|elapsed_s|power_W,Ergebnisse_MasterJetson_07.07.2026/mobilenet_v2_fp64_medium_BS1_tegrastats_power.csv
MasterJetson,bench_meta.json,batch|cuda_device|device_type|git_commit|git_status|imgsz|iters|measure_accuracy|metrics|model|precision|pretrained|seed|timestamp|torch_version|torchvision_version|warmup :: metrics=duration_s|iterations|latency_avg_ms|latency_p50_ms|throughput_img_s|top1,Ergebnisse_MasterJetson_07.07.2026/mobilenet_v2_fp64_medium_BS16_bench_meta.json
MasterJetson,perf.csv,iter|batch|latency_ms|img_per_s|acc_top1,Ergebnisse_MasterJetson_07.07.2026/mobilenet_v2_fp64_medium_BS16_perf.csv
MasterJetson,tegrastats_power.csv,sample_index|elapsed_s|power_W,Ergebnisse_MasterJetson_07.07.2026/mobilenet_v2_fp64_medium_BS16_tegrastats_power.csv
MasterJetson,bench_meta.json,batch|cuda_device|device_type|git_commit|git_status|imgsz|iters|measure_accuracy|metrics|model|precision|pretrained|seed|timestamp|torch_version|torchvision_version|warmup :: metrics=duration_s|iterations|latency_avg_ms|latency_p50_ms|throughput_img_s|top1,Ergebnisse_MasterJetson_07.07.2026/mobilenet_v2_fp64_medium_BS4_bench_meta.json
MasterJetson,perf.csv,iter|batch|latency_ms|img_per_s|acc_top1,Ergebnisse_MasterJetson_07.07.2026/mobilenet_v2_fp64_medium_BS4_perf.csv
MasterJetson,tegrastats_power.csv,sample_index|elapsed_s|power_W,Ergebnisse_MasterJetson_07.07.2026/mobilenet_v2_fp64_medium_BS4_tegrastats_power.csv
MasterJetson,bench_meta.json,batch|cuda_device|device_type|git_commit|git_status|imgsz|iters|measure_accuracy|metrics|model|precision|pretrained|seed|timestamp|torch_version|torchvision_version|warmup :: metrics=duration_s|iterations|latency_avg_ms|latency_p50_ms|throughput_img_s|top1,Ergebnisse_MasterJetson_07.07.2026/mobilenet_v2_fp64_medium_BS8_bench_meta.json
MasterJetson,perf.csv,iter|batch|latency_ms|img_per_s|acc_top1,Ergebnisse_MasterJetson_07.07.2026/mobilenet_v2_fp64_medium_BS8_perf.csv
MasterJetson,tegrastats_power.csv,sample_index|elapsed_s|power_W,Ergebnisse_MasterJetson_07.07.2026/mobilenet_v2_fp64_medium_BS8_tegrastats_power.csv
MasterJetson,bench_meta.json,batch|cuda_device|device_type|git_commit|git_status|imgsz|iters|measure_accuracy|metrics|model|precision|pretrained|seed|timestamp|torch_version|torchvision_version|warmup :: metrics=duration_s|iterations|latency_avg_ms|latency_p50_ms|throughput_img_s|top1,Ergebnisse_MasterJetson_07.07.2026/mobilenet_v2_fp64_slow_BS1_bench_meta.json
MasterJetson,perf.csv,iter|batch|latency_ms|img_per_s|acc_top1,Ergebnisse_MasterJetson_07.07.2026/mobilenet_v2_fp64_slow_BS1_perf.csv
MasterJetson,tegrastats_power.csv,sample_index|elapsed_s|power_W,Ergebnisse_MasterJetson_07.07.2026/mobilenet_v2_fp64_slow_BS1_tegrastats_power.csv
MasterJetson,bench_meta.json,batch|cuda_device|device_type|git_commit|git_status|imgsz|iters|measure_accuracy|metrics|model|precision|pretrained|seed|timestamp|torch_version|torchvision_version|warmup :: metrics=duration_s|iterations|latency_avg_ms|latency_p50_ms|throughput_img_s|top1,Ergebnisse_MasterJetson_07.07.2026/mobilenet_v2_fp64_slow_BS16_bench_meta.json
MasterJetson,perf.csv,iter|batch|latency_ms|img_per_s|acc_top1,Ergebnisse_MasterJetson_07.07.2026/mobilenet_v2_fp64_slow_BS16_perf.csv
MasterJetson,tegrastats_power.csv,sample_index|elapsed_s|power_W,Ergebnisse_MasterJetson_07.07.2026/mobilenet_v2_fp64_slow_BS16_tegrastats_power.csv
MasterJetson,bench_meta.json,batch|cuda_device|device_type|git_commit|git_status|imgsz|iters|measure_accuracy|metrics|model|precision|pretrained|seed|timestamp|torch_version|torchvision_version|warmup :: metrics=duration_s|iterations|latency_avg_ms|latency_p50_ms|throughput_img_s|top1,Ergebnisse_MasterJetson_07.07.2026/mobilenet_v2_fp64_slow_BS4_bench_meta.json
MasterJetson,perf.csv,iter|batch|latency_ms|img_per_s|acc_top1,Ergebnisse_MasterJetson_07.07.2026/mobilenet_v2_fp64_slow_BS4_perf.csv
MasterJetson,tegrastats_power.csv,sample_index|elapsed_s|power_W,Ergebnisse_MasterJetson_07.07.2026/mobilenet_v2_fp64_slow_BS4_tegrastats_power.csv
MasterJetson,bench_meta.json,batch|cuda_device|device_type|git_commit|git_status|imgsz|iters|measure_accuracy|metrics|model|precision|pretrained|seed|timestamp|torch_version|torchvision_version|warmup :: metrics=duration_s|iterations|latency_avg_ms|latency_p50_ms|throughput_img_s|top1,Ergebnisse_MasterJetson_07.07.2026/mobilenet_v2_fp64_slow_BS8_bench_meta.json
MasterJetson,perf.csv,iter|batch|latency_ms|img_per_s|acc_top1,Ergebnisse_MasterJetson_07.07.2026/mobilenet_v2_fp64_slow_BS8_perf.csv
MasterJetson,tegrastats_power.csv,sample_index|elapsed_s|power_W,Ergebnisse_MasterJetson_07.07.2026/mobilenet_v2_fp64_slow_BS8_tegrastats_power.csv
MasterJetson,bench_meta.json,batch|cuda_device|device_type|git_commit|git_status|imgsz|iters|measure_accuracy|metrics|model|precision|pretrained|seed|timestamp|torch_version|torchvision_version|warmup :: metrics=duration_s|iterations|latency_avg_ms|latency_p50_ms|throughput_img_s|top1,Ergebnisse_MasterJetson_07.07.2026/resnet50_fp16_fast_BS1_bench_meta.json
MasterJetson,perf.csv,iter|batch|latency_ms|img_per_s|acc_top1,Ergebnisse_MasterJetson_07.07.2026/resnet50_fp16_fast_BS1_perf.csv
MasterJetson,tegrastats_power.csv,sample_index|elapsed_s|power_W,Ergebnisse_MasterJetson_07.07.2026/resnet50_fp16_fast_BS1_tegrastats_power.csv
MasterJetson,bench_meta.json,batch|cuda_device|device_type|git_commit|git_status|imgsz|iters|measure_accuracy|metrics|model|precision|pretrained|seed|timestamp|torch_version|torchvision_version|warmup :: metrics=duration_s|iterations|latency_avg_ms|latency_p50_ms|throughput_img_s|top1,Ergebnisse_MasterJetson_07.07.2026/resnet50_fp16_fast_BS16_bench_meta.json
MasterJetson,perf.csv,iter|batch|latency_ms|img_per_s|acc_top1,Ergebnisse_MasterJetson_07.07.2026/resnet50_fp16_fast_BS16_perf.csv
MasterJetson,tegrastats_power.csv,sample_index|elapsed_s|power_W,Ergebnisse_MasterJetson_07.07.2026/resnet50_fp16_fast_BS16_tegrastats_power.csv
MasterJetson,bench_meta.json,batch|cuda_device|device_type|git_commit|git_status|imgsz|iters|measure_accuracy|metrics|model|precision|pretrained|seed|timestamp|torch_version|torchvision_version|warmup :: metrics=duration_s|iterations|latency_avg_ms|latency_p50_ms|throughput_img_s|top1,Ergebnisse_MasterJetson_07.07.2026/resnet50_fp16_fast_BS4_bench_meta.json
MasterJetson,perf.csv,iter|batch|latency_ms|img_per_s|acc_top1,Ergebnisse_MasterJetson_07.07.2026/resnet50_fp16_fast_BS4_perf.csv
MasterJetson,tegrastats_power.csv,sample_index|elapsed_s|power_W,Ergebnisse_MasterJetson_07.07.2026/resnet50_fp16_fast_BS4_tegrastats_power.csv
MasterJetson,bench_meta.json,batch|cuda_device|device_type|git_commit|git_status|imgsz|iters|measure_accuracy|metrics|model|precision|pretrained|seed|timestamp|torch_version|torchvision_version|warmup :: metrics=duration_s|iterations|latency_avg_ms|latency_p50_ms|throughput_img_s|top1,Ergebnisse_MasterJetson_07.07.2026/resnet50_fp16_fast_BS8_bench_meta.json
MasterJetson,perf.csv,iter|batch|latency_ms|img_per_s|acc_top1,Ergebnisse_MasterJetson_07.07.2026/resnet50_fp16_fast_BS8_perf.csv
MasterJetson,tegrastats_power.csv,sample_index|elapsed_s|power_W,Ergebnisse_MasterJetson_07.07.2026/resnet50_fp16_fast_BS8_tegrastats_power.csv
MasterJetson,bench_meta.json,batch|cuda_device|device_type|git_commit|git_status|imgsz|iters|measure_accuracy|metrics|model|precision|pretrained|seed|timestamp|torch_version|torchvision_version|warmup :: metrics=duration_s|iterations|latency_avg_ms|latency_p50_ms|throughput_img_s|top1,Ergebnisse_MasterJetson_07.07.2026/resnet50_fp16_medium_BS1_bench_meta.json
MasterJetson,perf.csv,iter|batch|latency_ms|img_per_s|acc_top1,Ergebnisse_MasterJetson_07.07.2026/resnet50_fp16_medium_BS1_perf.csv
MasterJetson,tegrastats_power.csv,sample_index|elapsed_s|power_W,Ergebnisse_MasterJetson_07.07.2026/resnet50_fp16_medium_BS1_tegrastats_power.csv
MasterJetson,bench_meta.json,batch|cuda_device|device_type|git_commit|git_status|imgsz|iters|measure_accuracy|metrics|model|precision|pretrained|seed|timestamp|torch_version|torchvision_version|warmup :: metrics=duration_s|iterations|latency_avg_ms|latency_p50_ms|throughput_img_s|top1,Ergebnisse_MasterJetson_07.07.2026/resnet50_fp16_medium_BS16_bench_meta.json
MasterJetson,perf.csv,iter|batch|latency_ms|img_per_s|acc_top1,Ergebnisse_MasterJetson_07.07.2026/resnet50_fp16_medium_BS16_perf.csv
MasterJetson,tegrastats_power.csv,sample_index|elapsed_s|power_W,Ergebnisse_MasterJetson_07.07.2026/resnet50_fp16_medium_BS16_tegrastats_power.csv
MasterJetson,bench_meta.json,batch|cuda_device|device_type|git_commit|git_status|imgsz|iters|measure_accuracy|metrics|model|precision|pretrained|seed|timestamp|torch_version|torchvision_version|warmup :: metrics=duration_s|iterations|latency_avg_ms|latency_p50_ms|throughput_img_s|top1,Ergebnisse_MasterJetson_07.07.2026/resnet50_fp16_medium_BS4_bench_meta.json
MasterJetson,perf.csv,iter|batch|latency_ms|img_per_s|acc_top1,Ergebnisse_MasterJetson_07.07.2026/resnet50_fp16_medium_BS4_perf.csv
MasterJetson,tegrastats_power.csv,sample_index|elapsed_s|power_W,Ergebnisse_MasterJetson_07.07.2026/resnet50_fp16_medium_BS4_tegrastats_power.csv
MasterJetson,bench_meta.json,batch|cuda_device|device_type|git_commit|git_status|imgsz|iters|measure_accuracy|metrics|model|precision|pretrained|seed|timestamp|torch_version|torchvision_version|warmup :: metrics=duration_s|iterations|latency_avg_ms|latency_p50_ms|throughput_img_s|top1,Ergebnisse_MasterJetson_07.07.2026/resnet50_fp16_medium_BS8_bench_meta.json
MasterJetson,perf.csv,iter|batch|latency_ms|img_per_s|acc_top1,Ergebnisse_MasterJetson_07.07.2026/resnet50_fp16_medium_BS8_perf.csv
MasterJetson,tegrastats_power.csv,sample_index|elapsed_s|power_W,Ergebnisse_MasterJetson_07.07.2026/resnet50_fp16_medium_BS8_tegrastats_power.csv
MasterJetson,bench_meta.json,batch|cuda_device|device_type|git_commit|git_status|imgsz|iters|measure_accuracy|metrics|model|precision|pretrained|seed|timestamp|torch_version|torchvision_version|warmup :: metrics=duration_s|iterations|latency_avg_ms|latency_p50_ms|throughput_img_s|top1,Ergebnisse_MasterJetson_07.07.2026/resnet50_fp16_slow_BS1_bench_meta.json
MasterJetson,perf.csv,iter|batch|latency_ms|img_per_s|acc_top1,Ergebnisse_MasterJetson_07.07.2026/resnet50_fp16_slow_BS1_perf.csv
MasterJetson,tegrastats_power.csv,sample_index|elapsed_s|power_W,Ergebnisse_MasterJetson_07.07.2026/resnet50_fp16_slow_BS1_tegrastats_power.csv
MasterJetson,bench_meta.json,batch|cuda_device|device_type|git_commit|git_status|imgsz|iters|measure_accuracy|metrics|model|precision|pretrained|seed|timestamp|torch_version|torchvision_version|warmup :: metrics=duration_s|iterations|latency_avg_ms|latency_p50_ms|throughput_img_s|top1,Ergebnisse_MasterJetson_07.07.2026/resnet50_fp16_slow_BS16_bench_meta.json
MasterJetson,perf.csv,iter|batch|latency_ms|img_per_s|acc_top1,Ergebnisse_MasterJetson_07.07.2026/resnet50_fp16_slow_BS16_perf.csv
MasterJetson,tegrastats_power.csv,sample_index|elapsed_s|power_W,Ergebnisse_MasterJetson_07.07.2026/resnet50_fp16_slow_BS16_tegrastats_power.csv
MasterJetson,bench_meta.json,batch|cuda_device|device_type|git_commit|git_status|imgsz|iters|measure_accuracy|metrics|model|precision|pretrained|seed|timestamp|torch_version|torchvision_version|warmup :: metrics=duration_s|iterations|latency_avg_ms|latency_p50_ms|throughput_img_s|top1,Ergebnisse_MasterJetson_07.07.2026/resnet50_fp16_slow_BS4_bench_meta.json
MasterJetson,perf.csv,iter|batch|latency_ms|img_per_s|acc_top1,Ergebnisse_MasterJetson_07.07.2026/resnet50_fp16_slow_BS4_perf.csv
MasterJetson,tegrastats_power.csv,sample_index|elapsed_s|power_W,Ergebnisse_MasterJetson_07.07.2026/resnet50_fp16_slow_BS4_tegrastats_power.csv
MasterJetson,bench_meta.json,batch|cuda_device|device_type|git_commit|git_status|imgsz|iters|measure_accuracy|metrics|model|precision|pretrained|seed|timestamp|torch_version|torchvision_version|warmup :: metrics=duration_s|iterations|latency_avg_ms|latency_p50_ms|throughput_img_s|top1,Ergebnisse_MasterJetson_07.07.2026/resnet50_fp16_slow_BS8_bench_meta.json
MasterJetson,perf.csv,iter|batch|latency_ms|img_per_s|acc_top1,Ergebnisse_MasterJetson_07.07.2026/resnet50_fp16_slow_BS8_perf.csv
MasterJetson,tegrastats_power.csv,sample_index|elapsed_s|power_W,Ergebnisse_MasterJetson_07.07.2026/resnet50_fp16_slow_BS8_tegrastats_power.csv
MasterJetson,bench_meta.json,batch|cuda_device|device_type|git_commit|git_status|imgsz|iters|measure_accuracy|metrics|model|precision|pretrained|seed|timestamp|torch_version|torchvision_version|warmup :: metrics=duration_s|iterations|latency_avg_ms|latency_p50_ms|throughput_img_s|top1,Ergebnisse_MasterJetson_07.07.2026/resnet50_fp32_fast_BS1_bench_meta.json
MasterJetson,perf.csv,iter|batch|latency_ms|img_per_s|acc_top1,Ergebnisse_MasterJetson_07.07.2026/resnet50_fp32_fast_BS1_perf.csv
MasterJetson,tegrastats_power.csv,sample_index|elapsed_s|power_W,Ergebnisse_MasterJetson_07.07.2026/resnet50_fp32_fast_BS1_tegrastats_power.csv
MasterJetson,bench_meta.json,batch|cuda_device|device_type|git_commit|git_status|imgsz|iters|measure_accuracy|metrics|model|precision|pretrained|seed|timestamp|torch_version|torchvision_version|warmup :: metrics=duration_s|iterations|latency_avg_ms|latency_p50_ms|throughput_img_s|top1,Ergebnisse_MasterJetson_07.07.2026/resnet50_fp32_fast_BS16_bench_meta.json
MasterJetson,perf.csv,iter|batch|latency_ms|img_per_s|acc_top1,Ergebnisse_MasterJetson_07.07.2026/resnet50_fp32_fast_BS16_perf.csv
MasterJetson,tegrastats_power.csv,sample_index|elapsed_s|power_W,Ergebnisse_MasterJetson_07.07.2026/resnet50_fp32_fast_BS16_tegrastats_power.csv
MasterJetson,bench_meta.json,batch|cuda_device|device_type|git_commit|git_status|imgsz|iters|measure_accuracy|metrics|model|precision|pretrained|seed|timestamp|torch_version|torchvision_version|warmup :: metrics=duration_s|iterations|latency_avg_ms|latency_p50_ms|throughput_img_s|top1,Ergebnisse_MasterJetson_07.07.2026/resnet50_fp32_fast_BS4_bench_meta.json
MasterJetson,perf.csv,iter|batch|latency_ms|img_per_s|acc_top1,Ergebnisse_MasterJetson_07.07.2026/resnet50_fp32_fast_BS4_perf.csv
MasterJetson,tegrastats_power.csv,sample_index|elapsed_s|power_W,Ergebnisse_MasterJetson_07.07.2026/resnet50_fp32_fast_BS4_tegrastats_power.csv
MasterJetson,bench_meta.json,batch|cuda_device|device_type|git_commit|git_status|imgsz|iters|measure_accuracy|metrics|model|precision|pretrained|seed|timestamp|torch_version|torchvision_version|warmup :: metrics=duration_s|iterations|latency_avg_ms|latency_p50_ms|throughput_img_s|top1,Ergebnisse_MasterJetson_07.07.2026/resnet50_fp32_fast_BS8_bench_meta.json
MasterJetson,perf.csv,iter|batch|latency_ms|img_per_s|acc_top1,Ergebnisse_MasterJetson_07.07.2026/resnet50_fp32_fast_BS8_perf.csv
MasterJetson,tegrastats_power.csv,sample_index|elapsed_s|power_W,Ergebnisse_MasterJetson_07.07.2026/resnet50_fp32_fast_BS8_tegrastats_power.csv
MasterJetson,bench_meta.json,batch|cuda_device|device_type|git_commit|git_status|imgsz|iters|measure_accuracy|metrics|model|precision|pretrained|seed|timestamp|torch_version|torchvision_version|warmup :: metrics=duration_s|iterations|latency_avg_ms|latency_p50_ms|throughput_img_s|top1,Ergebnisse_MasterJetson_07.07.2026/resnet50_fp32_medium_BS1_bench_meta.json
MasterJetson,perf.csv,iter|batch|latency_ms|img_per_s|acc_top1,Ergebnisse_MasterJetson_07.07.2026/resnet50_fp32_medium_BS1_perf.csv
MasterJetson,tegrastats_power.csv,sample_index|elapsed_s|power_W,Ergebnisse_MasterJetson_07.07.2026/resnet50_fp32_medium_BS1_tegrastats_power.csv
MasterJetson,bench_meta.json,batch|cuda_device|device_type|git_commit|git_status|imgsz|iters|measure_accuracy|metrics|model|precision|pretrained|seed|timestamp|torch_version|torchvision_version|warmup :: metrics=duration_s|iterations|latency_avg_ms|latency_p50_ms|throughput_img_s|top1,Ergebnisse_MasterJetson_07.07.2026/resnet50_fp32_medium_BS16_bench_meta.json
MasterJetson,perf.csv,iter|batch|latency_ms|img_per_s|acc_top1,Ergebnisse_MasterJetson_07.07.2026/resnet50_fp32_medium_BS16_perf.csv
MasterJetson,tegrastats_power.csv,sample_index|elapsed_s|power_W,Ergebnisse_MasterJetson_07.07.2026/resnet50_fp32_medium_BS16_tegrastats_power.csv
MasterJetson,bench_meta.json,batch|cuda_device|device_type|git_commit|git_status|imgsz|iters|measure_accuracy|metrics|model|precision|pretrained|seed|timestamp|torch_version|torchvision_version|warmup :: metrics=duration_s|iterations|latency_avg_ms|latency_p50_ms|throughput_img_s|top1,Ergebnisse_MasterJetson_07.07.2026/resnet50_fp32_medium_BS4_bench_meta.json
MasterJetson,perf.csv,iter|batch|latency_ms|img_per_s|acc_top1,Ergebnisse_MasterJetson_07.07.2026/resnet50_fp32_medium_BS4_perf.csv
MasterJetson,tegrastats_power.csv,sample_index|elapsed_s|power_W,Ergebnisse_MasterJetson_07.07.2026/resnet50_fp32_medium_BS4_tegrastats_power.csv
MasterJetson,bench_meta.json,batch|cuda_device|device_type|git_commit|git_status|imgsz|iters|measure_accuracy|metrics|model|precision|pretrained|seed|timestamp|torch_version|torchvision_version|warmup :: metrics=duration_s|iterations|latency_avg_ms|latency_p50_ms|throughput_img_s|top1,Ergebnisse_MasterJetson_07.07.2026/resnet50_fp32_medium_BS8_bench_meta.json
MasterJetson,perf.csv,iter|batch|latency_ms|img_per_s|acc_top1,Ergebnisse_MasterJetson_07.07.2026/resnet50_fp32_medium_BS8_perf.csv
MasterJetson,tegrastats_power.csv,sample_index|elapsed_s|power_W,Ergebnisse_MasterJetson_07.07.2026/resnet50_fp32_medium_BS8_tegrastats_power.csv
MasterJetson,bench_meta.json,batch|cuda_device|device_type|git_commit|git_status|imgsz|iters|measure_accuracy|metrics|model|precision|pretrained|seed|timestamp|torch_version|torchvision_version|warmup :: metrics=duration_s|iterations|latency_avg_ms|latency_p50_ms|throughput_img_s|top1,Ergebnisse_MasterJetson_07.07.2026/resnet50_fp32_slow_BS1_bench_meta.json
MasterJetson,perf.csv,iter|batch|latency_ms|img_per_s|acc_top1,Ergebnisse_MasterJetson_07.07.2026/resnet50_fp32_slow_BS1_perf.csv
MasterJetson,tegrastats_power.csv,sample_index|elapsed_s|power_W,Ergebnisse_MasterJetson_07.07.2026/resnet50_fp32_slow_BS1_tegrastats_power.csv
MasterJetson,bench_meta.json,batch|cuda_device|device_type|git_commit|git_status|imgsz|iters|measure_accuracy|metrics|model|precision|pretrained|seed|timestamp|torch_version|torchvision_version|warmup :: metrics=duration_s|iterations|latency_avg_ms|latency_p50_ms|throughput_img_s|top1,Ergebnisse_MasterJetson_07.07.2026/resnet50_fp32_slow_BS16_bench_meta.json
MasterJetson,perf.csv,iter|batch|latency_ms|img_per_s|acc_top1,Ergebnisse_MasterJetson_07.07.2026/resnet50_fp32_slow_BS16_perf.csv
MasterJetson,tegrastats_power.csv,sample_index|elapsed_s|power_W,Ergebnisse_MasterJetson_07.07.2026/resnet50_fp32_slow_BS16_tegrastats_power.csv
MasterJetson,bench_meta.json,batch|cuda_device|device_type|git_commit|git_status|imgsz|iters|measure_accuracy|metrics|model|precision|pretrained|seed|timestamp|torch_version|torchvision_version|warmup :: metrics=duration_s|iterations|latency_avg_ms|latency_p50_ms|throughput_img_s|top1,Ergebnisse_MasterJetson_07.07.2026/resnet50_fp32_slow_BS4_bench_meta.json
MasterJetson,perf.csv,iter|batch|latency_ms|img_per_s|acc_top1,Ergebnisse_MasterJetson_07.07.2026/resnet50_fp32_slow_BS4_perf.csv
MasterJetson,tegrastats_power.csv,sample_index|elapsed_s|power_W,Ergebnisse_MasterJetson_07.07.2026/resnet50_fp32_slow_BS4_tegrastats_power.csv
MasterJetson,bench_meta.json,batch|cuda_device|device_type|git_commit|git_status|imgsz|iters|measure_accuracy|metrics|model|precision|pretrained|seed|timestamp|torch_version|torchvision_version|warmup :: metrics=duration_s|iterations|latency_avg_ms|latency_p50_ms|throughput_img_s|top1,Ergebnisse_MasterJetson_07.07.2026/resnet50_fp32_slow_BS8_bench_meta.json
MasterJetson,perf.csv,iter|batch|latency_ms|img_per_s|acc_top1,Ergebnisse_MasterJetson_07.07.2026/resnet50_fp32_slow_BS8_perf.csv
MasterJetson,tegrastats_power.csv,sample_index|elapsed_s|power_W,Ergebnisse_MasterJetson_07.07.2026/resnet50_fp32_slow_BS8_tegrastats_power.csv
MasterJetson,bench_meta.json,batch|cuda_device|device_type|git_commit|git_status|imgsz|iters|measure_accuracy|metrics|model|precision|pretrained|seed|timestamp|torch_version|torchvision_version|warmup :: metrics=duration_s|iterations|latency_avg_ms|latency_p50_ms|throughput_img_s|top1,Ergebnisse_MasterJetson_07.07.2026/resnet50_fp64_fast_BS1_bench_meta.json
MasterJetson,perf.csv,iter|batch|latency_ms|img_per_s|acc_top1,Ergebnisse_MasterJetson_07.07.2026/resnet50_fp64_fast_BS1_perf.csv
MasterJetson,tegrastats_power.csv,sample_index|elapsed_s|power_W,Ergebnisse_MasterJetson_07.07.2026/resnet50_fp64_fast_BS1_tegrastats_power.csv
MasterJetson,bench_meta.json,batch|cuda_device|device_type|git_commit|git_status|imgsz|iters|measure_accuracy|metrics|model|precision|pretrained|seed|timestamp|torch_version|torchvision_version|warmup :: metrics=duration_s|iterations|latency_avg_ms|latency_p50_ms|throughput_img_s|top1,Ergebnisse_MasterJetson_07.07.2026/resnet50_fp64_fast_BS16_bench_meta.json
MasterJetson,perf.csv,iter|batch|latency_ms|img_per_s|acc_top1,Ergebnisse_MasterJetson_07.07.2026/resnet50_fp64_fast_BS16_perf.csv
MasterJetson,tegrastats_power.csv,sample_index|elapsed_s|power_W,Ergebnisse_MasterJetson_07.07.2026/resnet50_fp64_fast_BS16_tegrastats_power.csv
MasterJetson,bench_meta.json,batch|cuda_device|device_type|git_commit|git_status|imgsz|iters|measure_accuracy|metrics|model|precision|pretrained|seed|timestamp|torch_version|torchvision_version|warmup :: metrics=duration_s|iterations|latency_avg_ms|latency_p50_ms|throughput_img_s|top1,Ergebnisse_MasterJetson_07.07.2026/resnet50_fp64_fast_BS4_bench_meta.json
MasterJetson,perf.csv,iter|batch|latency_ms|img_per_s|acc_top1,Ergebnisse_MasterJetson_07.07.2026/resnet50_fp64_fast_BS4_perf.csv
MasterJetson,tegrastats_power.csv,sample_index|elapsed_s|power_W,Ergebnisse_MasterJetson_07.07.2026/resnet50_fp64_fast_BS4_tegrastats_power.csv
MasterJetson,bench_meta.json,batch|cuda_device|device_type|git_commit|git_status|imgsz|iters|measure_accuracy|metrics|model|precision|pretrained|seed|timestamp|torch_version|torchvision_version|warmup :: metrics=duration_s|iterations|latency_avg_ms|latency_p50_ms|throughput_img_s|top1,Ergebnisse_MasterJetson_07.07.2026/resnet50_fp64_fast_BS8_bench_meta.json
MasterJetson,perf.csv,iter|batch|latency_ms|img_per_s|acc_top1,Ergebnisse_MasterJetson_07.07.2026/resnet50_fp64_fast_BS8_perf.csv
MasterJetson,tegrastats_power.csv,sample_index|elapsed_s|power_W,Ergebnisse_MasterJetson_07.07.2026/resnet50_fp64_fast_BS8_tegrastats_power.csv
MasterJetson,bench_meta.json,batch|cuda_device|device_type|git_commit|git_status|imgsz|iters|measure_accuracy|metrics|model|precision|pretrained|seed|timestamp|torch_version|torchvision_version|warmup :: metrics=duration_s|iterations|latency_avg_ms|latency_p50_ms|throughput_img_s|top1,Ergebnisse_MasterJetson_07.07.2026/resnet50_fp64_medium_BS1_bench_meta.json
MasterJetson,perf.csv,iter|batch|latency_ms|img_per_s|acc_top1,Ergebnisse_MasterJetson_07.07.2026/resnet50_fp64_medium_BS1_perf.csv
MasterJetson,tegrastats_power.csv,sample_index|elapsed_s|power_W,Ergebnisse_MasterJetson_07.07.2026/resnet50_fp64_medium_BS1_tegrastats_power.csv
MasterJetson,bench_meta.json,batch|cuda_device|device_type|git_commit|git_status|imgsz|iters|measure_accuracy|metrics|model|precision|pretrained|seed|timestamp|torch_version|torchvision_version|warmup :: metrics=duration_s|iterations|latency_avg_ms|latency_p50_ms|throughput_img_s|top1,Ergebnisse_MasterJetson_07.07.2026/resnet50_fp64_medium_BS16_bench_meta.json
MasterJetson,perf.csv,iter|batch|latency_ms|img_per_s|acc_top1,Ergebnisse_MasterJetson_07.07.2026/resnet50_fp64_medium_BS16_perf.csv
MasterJetson,tegrastats_power.csv,sample_index|elapsed_s|power_W,Ergebnisse_MasterJetson_07.07.2026/resnet50_fp64_medium_BS16_tegrastats_power.csv
MasterJetson,bench_meta.json,batch|cuda_device|device_type|git_commit|git_status|imgsz|iters|measure_accuracy|metrics|model|precision|pretrained|seed|timestamp|torch_version|torchvision_version|warmup :: metrics=duration_s|iterations|latency_avg_ms|latency_p50_ms|throughput_img_s|top1,Ergebnisse_MasterJetson_07.07.2026/resnet50_fp64_medium_BS4_bench_meta.json
MasterJetson,perf.csv,iter|batch|latency_ms|img_per_s|acc_top1,Ergebnisse_MasterJetson_07.07.2026/resnet50_fp64_medium_BS4_perf.csv
MasterJetson,tegrastats_power.csv,sample_index|elapsed_s|power_W,Ergebnisse_MasterJetson_07.07.2026/resnet50_fp64_medium_BS4_tegrastats_power.csv
MasterJetson,bench_meta.json,batch|cuda_device|device_type|git_commit|git_status|imgsz|iters|measure_accuracy|metrics|model|precision|pretrained|seed|timestamp|torch_version|torchvision_version|warmup :: metrics=duration_s|iterations|latency_avg_ms|latency_p50_ms|throughput_img_s|top1,Ergebnisse_MasterJetson_07.07.2026/resnet50_fp64_medium_BS8_bench_meta.json
MasterJetson,perf.csv,iter|batch|latency_ms|img_per_s|acc_top1,Ergebnisse_MasterJetson_07.07.2026/resnet50_fp64_medium_BS8_perf.csv
MasterJetson,tegrastats_power.csv,sample_index|elapsed_s|power_W,Ergebnisse_MasterJetson_07.07.2026/resnet50_fp64_medium_BS8_tegrastats_power.csv
MasterJetson,bench_meta.json,batch|cuda_device|device_type|git_commit|git_status|imgsz|iters|measure_accuracy|metrics|model|precision|pretrained|seed|timestamp|torch_version|torchvision_version|warmup :: metrics=duration_s|iterations|latency_avg_ms|latency_p50_ms|throughput_img_s|top1,Ergebnisse_MasterJetson_07.07.2026/resnet50_fp64_slow_BS1_bench_meta.json
MasterJetson,perf.csv,iter|batch|latency_ms|img_per_s|acc_top1,Ergebnisse_MasterJetson_07.07.2026/resnet50_fp64_slow_BS1_perf.csv
MasterJetson,tegrastats_power.csv,sample_index|elapsed_s|power_W,Ergebnisse_MasterJetson_07.07.2026/resnet50_fp64_slow_BS1_tegrastats_power.csv
MasterJetson,bench_meta.json,batch|cuda_device|device_type|git_commit|git_status|imgsz|iters|measure_accuracy|metrics|model|precision|pretrained|seed|timestamp|torch_version|torchvision_version|warmup :: metrics=duration_s|iterations|latency_avg_ms|latency_p50_ms|throughput_img_s|top1,Ergebnisse_MasterJetson_07.07.2026/resnet50_fp64_slow_BS16_bench_meta.json
MasterJetson,perf.csv,iter|batch|latency_ms|img_per_s|acc_top1,Ergebnisse_MasterJetson_07.07.2026/resnet50_fp64_slow_BS16_perf.csv
MasterJetson,tegrastats_power.csv,sample_index|elapsed_s|power_W,Ergebnisse_MasterJetson_07.07.2026/resnet50_fp64_slow_BS16_tegrastats_power.csv
MasterJetson,bench_meta.json,batch|cuda_device|device_type|git_commit|git_status|imgsz|iters|measure_accuracy|metrics|model|precision|pretrained|seed|timestamp|torch_version|torchvision_version|warmup :: metrics=duration_s|iterations|latency_avg_ms|latency_p50_ms|throughput_img_s|top1,Ergebnisse_MasterJetson_07.07.2026/resnet50_fp64_slow_BS4_bench_meta.json
MasterJetson,perf.csv,iter|batch|latency_ms|img_per_s|acc_top1,Ergebnisse_MasterJetson_07.07.2026/resnet50_fp64_slow_BS4_perf.csv
MasterJetson,tegrastats_power.csv,sample_index|elapsed_s|power_W,Ergebnisse_MasterJetson_07.07.2026/resnet50_fp64_slow_BS4_tegrastats_power.csv
MasterJetson,bench_meta.json,batch|cuda_device|device_type|git_commit|git_status|imgsz|iters|measure_accuracy|metrics|model|precision|pretrained|seed|timestamp|torch_version|torchvision_version|warmup :: metrics=duration_s|iterations|latency_avg_ms|latency_p50_ms|throughput_img_s|top1,Ergebnisse_MasterJetson_07.07.2026/resnet50_fp64_slow_BS8_bench_meta.json
MasterJetson,perf.csv,iter|batch|latency_ms|img_per_s|acc_top1,Ergebnisse_MasterJetson_07.07.2026/resnet50_fp64_slow_BS8_perf.csv
MasterJetson,tegrastats_power.csv,sample_index|elapsed_s|power_W,Ergebnisse_MasterJetson_07.07.2026/resnet50_fp64_slow_BS8_tegrastats_power.csv
