sample_index,elapsed_s,power_W
0,0.0,3.738
1,1.0,3.86
2,2.0,4.104
3,4.0,4.104
4,5.0,4.023
5,6.0,4.064
6,7.0,4.104
7,8.0,4.064
8,9.0,4.023
9,10.0,4.104
10,11.0,4.104
11,12.0,4.104
12,13.0,4.064
13,14.0,4.104
14,15.0,4.064
15,16.0,4.104
16,17.0,4.145
17,18.0,4.496
18,19.0,4.644
19,20.0,5.644
20,21.0,4.853
21,22.0,4.967
22,23.0,4.422
23,24.0,5.998
24,25.0,5.676
25,26.0,5.796
26,27.0,5.483
27,28.0,5.023
28,29.0,5.023
29,30.0,4.869
30,31.0,4.975
31,32.0,4.934
32,33.0,4.894
33,34.0,5.032
34,35.0,5.385
35,36.0,5.425
36,37.0,5.305
37,38.0,5.474
38,39.0,5.096
39,40.0,5.023
40,41.0,4.828
41,42.0,4.95
42,43.0,4.869
43,44.0,4.82
44,45.0,4.83
45,46.0,5.626
46,47.0,6.511
47,48.0,5.988
48,49.0,5.515
49,50.0,5.362
50,51.0,5.104
51,52.0,5.064
52,53.0,4.909
53,54.0,4.869
54,55.0,4.861
55,56.0,4.886
56,57.0,5.385
57,58.0,5.466
58,59.0,5.345
59,60.0,5.506
60,61.0,5.716
61,62.0,5.258
62,63.0,4.901
63,64.0,5.226
64,65.0,4.869
65,66.0,4.828
66,67.0,4.78
67,68.0,4.83
68,69.0,5.546
69,70.0,5.908
70,71.0,5.586
71,72.0,5.756
72,73.0,5.371
73,74.0,5.185
74,75.0,4.95
75,76.0,4.861
76,77.0,4.909
77,78.0,4.861
78,79.0,4.838
79,80.0,5.957
80,81.0,6.269
81,82.0,5.908
82,84.0,5.747
83,85.0,5.394
84,86.0,5.023
85,87.0,5.064
86,88.0,5.023
87,89.0,4.982
88,90.0,4.942
89,91.0,4.853
90,92.0,4.83
91,93.0,5.425
92,94.0,5.586
93,95.0,5.425
94,96.0,5.434
95,97.0,5.177
96,98.0,5.136
97,99.0,4.869
98,100.0,4.982
99,101.0,4.909
100,102.0,4.82
101,103.0,4.805
102,104.0,5.626
103,105.0,6.591
104,106.0,6.068
105,107.0,5.555
106,108.0,5.402
107,109.0,5.104
108,110.0,5.104
109,111.0,4.909
110,112.0,4.869
111,113.0,4.861
112,114.0,4.886
113,115.0,5.313
114,116.0,5.385
115,117.0,5.265
116,118.0,5.184
117,119.0,5.716
118,120.0,5.217
119,121.0,4.909
120,122.0,5.185
121,123.0,4.869
122,124.0,4.828
123,125.0,4.78
124,126.0,4.83
125,127.0,5.546
126,128.0,5.948
127,129.0,5.586
128,130.0,5.796
129,131.0,5.411
130,132.0,5.145
131,133.0,4.99
132,134.0,4.828
133,135.0,4.869
134,136.0,4.861
135,137.0,4.838
136,138.0,5.908
137,139.0,6.229
138,140.0,5.908
139,141.0,5.667
140,142.0,5.434
141,143.0,5.056
142,144.0,4.982
143,145.0,5.023
144,146.0,5.023
145,147.0,4.942
146,148.0,4.813
147,149.0,4.823
148,150.0,5.425
149,151.0,5.586
150,152.0,5.466
151,153.0,5.506
152,154.0,5.209
153,155.0,5.104
154,156.0,4.869
155,157.0,4.982
156,158.0,4.869
157,159.0,4.78
158,160.0,4.83
159,161.0,5.667
160,162.0,6.631
161,163.0,6.109
162,164.0,5.546
163,165.0,5.402
164,166.0,5.145
165,167.0,5.104
166,169.0,4.909
167,170.0,4.869
168,171.0,4.861
169,172.0,4.894
170,173.0,5.273
171,174.0,5.385
172,175.0,5.265
173,176.0,5.184
174,177.0,5.707
175,178.0,5.217
176,179.0,4.95
177,180.0,5.104
178,181.0,4.869
179,182.0,4.861
180,183.0,4.78
181,184.0,4.83
182,185.0,5.586
183,186.0,5.988
184,187.0,5.626
185,188.0,5.787
186,189.0,5.443
187,190.0,5.064
188,191.0,4.95
189,192.0,4.869
190,193.0,4.787
191,194.0,4.861
192,195.0,4.838
193,196.0,5.787
194,197.0,6.109
195,198.0,5.868
196,199.0,5.626
197,200.0,5.434
198,201.0,5.064
199,202.0,4.942
200,203.0,5.023
201,204.0,5.023
202,205.0,4.942
203,206.0,4.82
204,207.0,4.83
205,208.0,5.425
206,209.0,5.586
207,210.0,5.466
208,211.0,5.474
209,212.0,5.209
210,213.0,5.064
211,214.0,4.901
212,215.0,4.982
213,216.0,4.942
214,217.0,4.82
215,218.0,4.83
216,219.0,5.667
217,220.0,6.631
218,221.0,6.109
219,222.0,5.586
220,223.0,5.402
221,224.0,5.145
222,225.0,5.104
223,226.0,4.909
224,227.0,4.869
225,228.0,4.861
226,229.0,4.886
227,230.0,5.313
228,231.0,5.425
229,232.0,5.265
230,233.0,5.184
231,234.0,5.676
232,235.0,5.217
233,236.0,4.95
234,237.0,5.145
235,238.0,4.869
236,239.0,4.828
237,240.0,4.78
238,241.0,4.83
239,242.0,5.546
240,243.0,5.948
241,244.0,5.626
242,245.0,5.787
243,246.0,5.411
244,247.0,5.145
245,248.0,4.95
246,249.0,4.828
247,250.0,4.869
248,252.0,4.861
249,253.0,4.838
250,254.0,5.908
251,255.0,6.229
252,256.0,5.908
253,257.0,5.667
254,258.0,5.434
255,259.0,5.064
256,260.0,4.942
257,261.0,5.023
258,262.0,4.982
259,263.0,4.942
260,264.0,4.82
261,265.0,4.83
262,266.0,5.425
263,267.0,5.586
264,268.0,5.466
265,269.0,5.474
266,270.0,5.209
267,271.0,5.104
268,272.0,4.901
269,273.0,4.982
270,274.0,4.942
271,275.0,4.78
272,276.0,4.878
273,277.0,5.667
274,278.0,6.591
275,279.0,6.149
276,280.0,5.586
277,281.0,5.443
278,282.0,5.145
279,283.0,5.104
280,284.0,4.909
281,285.0,4.909
282,286.0,4.861
283,287.0,4.886
284,288.0,5.233
285,289.0,5.345
286,290.0,5.305
287,291.0,5.224
288,292.0,5.716
289,293.0,5.217
290,294.0,4.95
291,295.0,5.354
292,296.0,4.942
293,297.0,4.828
294,298.0,4.78
295,299.0,4.83
296,300.0,5.586
297,301.0,5.988
298,302.0,5.626
299,303.0,5.787
300,304.0,5.451
301,305.0,5.104
302,306.0,4.942
303,307.0,4.901
304,308.0,4.828
305,309.0,4.861
306,310.0,4.838
307,311.0,5.837
308,312.0,6.149
309,313.0,5.868
310,314.0,5.626
311,315.0,5.434
312,316.0,5.064
313,317.0,4.901
314,318.0,5.023
315,319.0,5.023
316,320.0,4.942
317,321.0,4.813
318,322.0,4.83
319,323.0,5.425
320,324.0,5.626
321,325.0,5.466
322,326.0,5.474
323,327.0,5.209
324,328.0,5.104
325,329.0,4.901
326,330.0,5.023
327,331.0,4.942
328,332.0,4.82
329,333.0,4.911
330,334.0,5.667
331,335.0,6.591
332,337.0,6.189
333,338.0,5.626
334,339.0,5.474
335,340.0,5.145
336,341.0,5.145
337,342.0,4.942
338,343.0,4.909
339,344.0,4.861
340,345.0,4.894
341,346.0,5.152
342,347.0,5.305
343,348.0,5.305
344,349.0,5.224
345,350.0,5.756
346,351.0,5.298
347,352.0,4.942
348,353.0,5.064
349,354.0,4.869
350,355.0,4.828
351,356.0,4.78
352,357.0,4.83
353,358.0,5.586
354,359.0,6.028
355,360.0,5.667
356,361.0,5.716
357,362.0,5.492
358,363.0,5.023
359,364.0,4.95
360,365.0,4.869
361,366.0,4.787
362,367.0,4.82
363,368.0,4.838
364,369.0,5.756
365,370.0,6.028
366,371.0,5.827
367,372.0,5.466
368,373.0,5.474
369,374.0,5.064
370,375.0,4.861
371,376.0,5.064
372,377.0,5.023
373,378.0,4.982
374,379.0,4.82
375,380.0,4.83
376,381.0,5.425
377,382.0,5.626
378,383.0,5.506
379,384.0,5.515
380,385.0,5.209
381,386.0,5.104
382,387.0,4.901
383,388.0,5.023
384,389.0,4.942
385,390.0,4.78
386,391.0,4.878
387,392.0,5.707
388,393.0,6.551
389,394.0,6.189
390,395.0,5.667
391,396.0,5.474
392,397.0,5.217
393,398.0,5.185
394,399.0,4.982
395,400.0,4.909
396,401.0,4.901
397,402.0,4.894
398,403.0,4.991
399,404.0,5.305
400,405.0,5.345
401,406.0,5.224
402,407.0,5.635
403,408.0,5.298
404,409.0,4.942
405,410.0,4.95
406,411.0,4.909
407,412.0,4.828
408,413.0,4.78
409,414.0,4.83
410,415.0,5.586
411,416.0,6.109
412,417.0,5.707
413,418.0,5.676
414,419.0,5.371
415,420.0,5.023
416,421.0,4.982
417,423.0,4.869
418,424.0,4.787
419,425.0,4.894
420,426.0,4.878
421,427.0,5.676
422,428.0,5.948
423,429.0,5.827
424,430.0,5.425
425,431.0,5.515
426,432.0,5.064
427,433.0,4.869
428,434.0,5.064
429,435.0,5.023
430,436.0,4.942
431,437.0,4.78
432,438.0,4.79
433,439.0,5.425
434,440.0,5.667
435,441.0,5.506
436,442.0,5.555
437,443.0,5.217
438,444.0,5.104
439,445.0,4.901
440,446.0,5.023
441,447.0,4.942
442,448.0,4.787
443,449.0,4.878
444,450.0,5.707
445,451.0,6.591
446,452.0,6.189
447,453.0,5.667
448,454.0,5.474
449,455.0,5.185
450,456.0,5.145
451,457.0,4.95
452,458.0,4.909
453,459.0,4.901
454,460.0,4.894
455,461.0,4.991
456,462.0,5.305
457,463.0,5.345
458,464.0,5.224
459,465.0,5.635
460,466.0,5.298
461,467.0,4.942
462,468.0,4.909
463,469.0,4.869
464,470.0,4.828
465,471.0,4.78
466,472.0,4.83
467,473.0,5.626
468,474.0,6.109
469,475.0,5.707
470,476.0,5.667
471,477.0,5.371
472,478.0,5.023
473,479.0,4.99
474,480.0,4.828
475,481.0,4.828
476,482.0,4.861
477,483.0,4.846
478,484.0,5.626
479,485.0,5.948
480,486.0,5.827
481,487.0,5.385
482,488.0,5.474
483,489.0,5.104
484,490.0,4.861
485,491.0,5.064
486,492.0,5.023
487,493.0,4.942
488,494.0,4.78
489,495.0,4.83
490,496.0,5.466
491,497.0,5.667
492,498.0,5.506
493,499.0,5.555
494,500.0,5.258
495,501.0,5.145
496,502.0,4.901
497,503.0,5.023
498,504.0,4.942
499,505.0,4.787
500,506.0,4.878
501,508.0,5.747
502,509.0,6.551
503,510.0,6.068
504,511.0,5.707
505,512.0,5.515
506,513.0,5.258
507,514.0,5.185
508,515.0,4.909
509,516.0,4.909
510,517.0,4.901
511,518.0,4.894
512,519.0,4.87
513,520.0,5.305
514,521.0,5.385
515,522.0,5.265
516,523.0,5.595
517,524.0,5.339
518,525.0,4.99
519,526.0,4.828
520,527.0,4.909
521,528.0,4.828
522,529.0,4.787
523,530.0,4.83
524,531.0,5.626
525,532.0,6.149
526,533.0,5.747
527,534.0,5.635
528,535.0,5.33
529,536.0,5.023
530,537.0,4.99
531,538.0,4.869
532,539.0,4.787
533,540.0,4.82
534,541.0,4.846
535,542.0,5.595
536,543.0,5.868
537,544.0,5.787
538,545.0,5.305
539,546.0,5.515
540,547.0,5.104
541,548.0,4.861
542,549.0,5.104
543,550.0,4.982
544,551.0,4.909
545,552.0,4.78
546,553.0,4.83
547,554.0,5.466
548,555.0,5.707
549,556.0,5.546
550,557.0,5.586
551,558.0,5.258
552,559.0,5.145
553,560.0,4.901
554,561.0,5.023
555,562.0,4.942
556,563.0,4.787
557,564.0,4.878
558,565.0,5.756
559,566.0,6.551
560,567.0,6.068
561,568.0,5.747
562,569.0,5.515
563,570.0,5.217
564,571.0,5.185
565,572.0,4.95
566,573.0,4.901
567,574.0,4.901
568,575.0,4.861
569,576.0,4.83
570,577.0,5.345
571,578.0,5.385
572,579.0,5.265
573,580.0,5.595
574,581.0,5.339
575,582.0,4.982
576,583.0,4.828
577,584.0,4.869
578,585.0,4.828
579,586.0,4.787
580,587.0,4.83
581,588.0,5.626
582,589.0,6.149
583,591.0,5.747
584,592.0,5.635
585,593.0,5.33
586,594.0,5.023
587,595.0,4.99
588,596.0,4.869
589,597.0,4.828
590,598.0,4.861
591,599.0,4.78
592,600.0,4.226
593,601.0,4.226
594,602.0,4.422
595,603.0,4.838
596,604.0,5.626
597,605.0,6.551
598,606.0,6.068
599,607.0,5.506
600,608.0,5.402
601,609.0,5.104
602,610.0,5.217
603,611.0,4.909
604,612.0,4.901
605,613.0,4.861
606,614.0,4.82
607,615.0,4.179
608,616.0,4.26
609,617.0,4.145
610,618.0,4.919
611,619.0,5.948
612,620.0,6.31
613,621.0,5.868
614,622.0,5.787
615,623.0,5.354
616,624.0,5.056
617,625.0,5.023
618,626.0,5.023
619,627.0,5.023
620,628.0,4.942
621,629.0,4.861
622,630.0,4.301
623,631.0,4.104
624,632.0,4.456
625,633.0,4.87
626,634.0,5.626
627,635.0,5.707
628,636.0,5.506
629,637.0,5.595
630,638.0,5.258
631,639.0,5.177
632,640.0,4.869
633,641.0,5.023
634,642.0,4.901
635,643.0,4.82
636,644.0,4.699
637,645.0,4.145
638,646.0,4.104
639,647.0,5.072
640,648.0,5.626
641,649.0,6.551
642,650.0,5.988
643,651.0,5.626
644,652.0,5.362
645,653.0,5.145
646,654.0,5.064
647,655.0,4.909
648,656.0,4.869
649,657.0,4.901
650,658.0,4.82
651,659.0,4.226
652,660.0,4.145
653,661.0,4.878
654,662.0,5.948
655,663.0,6.591
656,664.0,6.35
657,665.0,5.948
658,666.0,5.555
659,667.0,5.258
660,668.0,5.185
661,669.0,4.942
662,670.0,4.909
663,671.0,4.975
664,673.0,4.861
665,674.0,4.301
666,675.0,4.145
667,676.0,4.765
668,677.0,5.394
669,678.0,5.466
670,679.0,5.385
671,680.0,5.184
672,681.0,5.635
673,682.0,5.177
674,683.0,4.901
675,684.0,5.185
676,685.0,4.869
677,686.0,4.828
678,687.0,4.926
679,688.0,4.382
680,689.0,4.145
681,690.0,4.651
682,691.0,4.83
683,692.0,5.385
684,693.0,5.586
685,694.0,5.466
686,695.0,5.515
687,696.0,5.177
688,697.0,5.104
689,698.0,4.869
690,699.0,5.064
691,700.0,4.909
692,701.0,4.82
693,702.0,4.585
694,703.0,4.145
695,704.0,4.104
696,705.0,4.79
697,706.0,5.626
698,707.0,6.47
699,708.0,5.948
700,709.0,5.474
701,710.0,5.322
702,711.0,5.136
703,712.0,5.064
704,713.0,4.901
705,714.0,4.828
706,715.0,4.861
707,716.0,4.82
708,717.0,4.26
709,718.0,4.145
710,719.0,4.838
711,720.0,5.707
712,721.0,6.591
713,722.0,6.189
714,723.0,5.707
715,724.0,5.474
716,725.0,5.515
717,726.0,5.667
718,727.0,5.425
719,728.0,4.942
720,729.0,4.942
721,730.0,4.861
722,731.0,4.422
723,732.0,4.26
724,733.0,4.145
725,734.0,4.226
726,735.0,4.463
727,736.0,4.267
728,737.0,4.878
729,738.0,5.948
730,739.0,6.591
731,740.0,6.671
732,741.0,5.787
733,742.0,5.515
734,743.0,5.258
735,744.0,5.298
736,745.0,5.023
737,746.0,4.901
738,747.0,4.934
739,748.0,4.861
740,749.0,4.503
741,750.0,4.145
742,751.0,4.219
743,752.0,4.341
744,754.0,4.145
745,755.0,4.226
746,756.0,4.348
747,757.0,4.145
748,758.0,4.389
749,759.0,4.389
750,760.0,4.267
751,761.0,4.341
752,762.0,4.226
753,763.0,4.226
754,764.0,4.226
755,765.0,4.185
756,766.0,4.185
757,767.0,4.185
758,768.0,4.348
759,769.0,4.389
760,770.0,4.267
761,771.0,4.226
762,772.0,4.651
763,773.0,4.967
764,774.0,4.26
765,775.0,4.267
766,776.0,4.307
767,777.0,4.389
768,778.0,4.348
769,779.0,4.422
770,780.0,4.422
771,781.0,4.226
772,782.0,4.226
773,783.0,4.267
774,784.0,4.307
775,785.0,4.267
776,786.0,4.226
777,787.0,4.348
778,788.0,4.389
779,789.0,4.429
780,790.0,4.348
781,791.0,4.348
782,792.0,4.348
783,793.0,4.348
784,794.0,4.307
785,795.0,4.267
786,796.0,4.267
787,797.0,4.267
788,798.0,4.185
789,799.0,4.185
790,800.0,4.422
791,801.0,4.185
792,802.0,4.226
793,803.0,4.226
794,804.0,4.307
795,805.0,4.389
796,806.0,4.348
797,807.0,4.577
798,808.0,4.267
799,809.0,4.226
800,810.0,4.145
801,811.0,4.185
802,812.0,4.145
803,813.0,4.226
804,814.0,4.772
805,815.0,4.104
806,816.0,4.267
807,817.0,4.307
808,818.0,4.307
809,819.0,4.348
810,820.0,4.429
811,821.0,4.348
812,822.0,4.307
813,823.0,5.088
814,824.0,5.492
815,825.0,4.747
816,826.0,4.348
817,827.0,4.382
818,828.0,4.267
819,829.0,4.463
820,830.0,4.185
821,831.0,4.185
822,832.0,4.185
823,834.0,4.267
824,835.0,4.226
825,836.0,4.226
826,837.0,4.463
827,838.0,4.307
828,839.0,4.389
829,840.0,4.348
830,841.0,4.389
831,842.0,4.389
832,843.0,4.348
833,844.0,4.267
834,845.0,4.185
835,846.0,4.651
836,847.0,4.341
837,848.0,4.185
838,849.0,4.145
839,850.0,4.185
840,851.0,4.185
841,852.0,4.267
842,853.0,4.185
843,854.0,4.267
844,855.0,4.389
845,856.0,4.307
846,857.0,4.307
847,858.0,4.503
848,859.0,4.389
849,860.0,4.348
850,861.0,4.348
851,862.0,4.544
852,863.0,4.267
853,864.0,4.341
854,865.0,4.585
855,866.0,4.226
856,867.0,4.267
857,868.0,4.732
858,869.0,4.341
859,870.0,5.756
860,871.0,5.827
861,872.0,5.425
862,873.0,5.128
863,874.0,4.909
864,875.0,5.08
865,876.0,4.901
866,877.0,4.82
867,878.0,4.389
868,879.0,4.185
869,880.0,4.422
870,881.0,4.226
871,882.0,4.382
872,883.0,4.382
873,884.0,5.072
874,885.0,5.506
875,886.0,6.028
876,887.0,5.385
877,888.0,5.466
878,889.0,5.096
879,890.0,5.096
880,891.0,4.828
881,892.0,4.982
882,893.0,4.975
883,894.0,4.861
884,895.0,4.699
885,896.0,4.341
886,897.0,4.185
887,898.0,4.104
888,899.0,4.382
889,900.0,4.382
890,901.0,4.87
891,902.0,5.425
892,903.0,5.667
893,904.0,5.948
894,905.0,5.827
895,906.0,5.626
896,907.0,5.466
897,908.0,4.901
898,909.0,5.023
899,910.0,4.901
900,911.0,4.82
901,912.0,4.846
902,913.0,4.422
903,914.0,4.145
904,916.0,4.104
905,917.0,4.145
906,918.0,4.691
907,919.0,4.919
908,920.0,6.109
909,921.0,6.591
910,922.0,6.149
911,923.0,5.667
912,924.0,5.555
913,925.0,5.226
914,926.0,5.217
915,927.0,5.136
916,928.0,5.056
917,929.0,4.901
918,930.0,4.861
919,931.0,4.463
920,932.0,4.185
921,933.0,4.145
922,934.0,4.301
923,935.0,4.382
924,936.0,5.032
925,937.0,5.425
926,938.0,5.586
927,939.0,5.265
928,940.0,5.635
929,941.0,5.676
930,942.0,5.023
931,943.0,5.088
932,944.0,5.201
933,945.0,4.861
934,946.0,4.78
935,947.0,4.422
936,948.0,4.341
937,949.0,4.226
938,950.0,4.145
939,951.0,4.496
940,952.0,4.389
941,953.0,4.577
942,954.0,5.756
943,955.0,5.827
944,956.0,5.747
945,957.0,5.305
946,958.0,5.676
947,959.0,5.177
948,960.0,4.909
949,961.0,5.185
950,962.0,5.007
951,963.0,4.861
952,964.0,4.78
953,965.0,4.422
954,966.0,4.267
955,967.0,4.463
956,968.0,4.301
957,969.0,4.226
958,970.0,4.422
959,971.0,4.145
960,972.0,4.463
961,973.0,4.422
962,974.0,5.08
963,975.0,5.868
964,976.0,6.591
965,977.0,6.028
966,978.0,5.667
967,979.0,5.362
968,980.0,5.217
969,981.0,5.064
970,982.0,4.901
971,983.0,5.16
972,984.0,4.894
973,985.0,4.934
974,986.0,4.26
975,987.0,4.301
976,988.0,4.185
977,989.0,4.145
978,990.0,4.463
979,991.0,4.463
980,992.0,5.112
981,993.0,5.546
982,994.0,5.787
983,995.0,5.747
984,997.0,5.827
985,998.0,5.564
986,999.0,5.371
987,1000.0,4.982
988,1001.0,5.136
989,1002.0,4.975
990,1003.0,4.82
991,1004.0,4.658
992,1005.0,4.267
993,1006.0,4.185
994,1007.0,4.179
995,1008.0,4.415
996,1009.0,4.463
997,1010.0,5.112
998,1011.0,5.868
999,1012.0,5.787
1000,1013.0,5.305
1001,1014.0,5.595
1002,1015.0,5.258
1003,1016.0,5.128
1004,1017.0,4.926
1005,1018.0,4.942
1006,1019.0,4.901
1007,1020.0,4.853
1008,1021.0,4.611
1009,1022.0,4.185
1010,1023.0,4.145
1011,1024.0,4.307
1012,1025.0,4.537
1013,1026.0,4.226
1014,1027.0,5.112
1015,1028.0,5.787
1016,1029.0,6.35
1017,1030.0,5.827
1018,1031.0,5.716
1019,1032.0,5.258
1020,1033.0,5.185
1021,1034.0,5.056
1022,1035.0,5.064
1023,1036.0,4.942
1024,1037.0,4.82
1025,1038.0,4.813
1026,1039.0,4.185
1027,1040.0,4.301
1028,1041.0,4.145
1029,1042.0,4.104
1030,1043.0,4.26
1031,1044.0,4.691
1032,1045.0,5.837
1033,1046.0,5.787
1034,1047.0,5.506
1035,1048.0,5.305
1036,1049.0,5.676
1037,1050.0,5.402
1038,1051.0,4.942
1039,1052.0,5.322
1040,1053.0,4.828
1041,1054.0,4.861
1042,1055.0,4.886
1043,1056.0,4.503
1044,1057.0,4.422
1045,1058.0,4.341
1046,1059.0,4.145
1047,1060.0,4.104
1048,1061.0,4.301
1049,1062.0,4.919
1050,1063.0,6.189
1051,1064.0,6.993
1052,1065.0,6.109
1053,1066.0,5.827
1054,1067.0,5.555
1055,1068.0,5.258
1056,1069.0,5.362
1057,1070.0,5.177
1058,1071.0,4.942
1059,1072.0,4.901
1060,1073.0,4.853
1061,1074.0,4.422
1062,1075.0,4.185
1063,1076.0,4.145
1064,1077.0,4.179
1065,1079.0,4.422
1066,1080.0,5.072
1067,1081.0,5.707
1068,1082.0,5.586
1069,1083.0,5.425
1070,1084.0,5.515
1071,1085.0,5.136
1072,1086.0,5.322
1073,1087.0,5.233
1074,1088.0,4.982
1075,1089.0,4.975
1076,1090.0,4.82
1077,1091.0,4.585
1078,1092.0,4.307
1079,1093.0,4.185
1080,1094.0,4.185
1081,1095.0,4.226
1082,1096.0,4.307
1083,1097.0,4.765
1084,1098.0,5.998
1085,1099.0,6.109
1086,1100.0,6.068
1087,1101.0,5.546
1088,1102.0,5.474
1089,1103.0,5.104
1090,1104.0,4.975
1091,1105.0,5.104
1092,1106.0,5.023
1093,1107.0,5.056
1094,1108.0,4.78
1095,1109.0,4.503
1096,1110.0,4.185
1097,1111.0,4.226
1098,1112.0,4.219
1099,1113.0,4.26
1100,1114.0,4.463
1101,1115.0,4.878
1102,1116.0,6.068
1103,1117.0,6.631
1104,1118.0,6.229
1105,1119.0,5.667
1106,1120.0,5.483
1107,1121.0,5.33
1108,1122.0,5.145
1109,1123.0,4.982
1110,1124.0,5.128
1111,1125.0,5.007
1112,1126.0,4.82
1113,1127.0,4.463
1114,1128.0,4.185
1115,1129.0,4.104
1116,1130.0,4.382
1117,1131.0,4.732
1118,1132.0,5.635
1119,1133.0,5.908
1120,1134.0,5.787
1121,1135.0,5.345
1122,1136.0,5.515
1123,1137.0,5.096
1124,1138.0,4.869
1125,1139.0,5.064
1126,1140.0,5.023
1127,1141.0,4.942
1128,1142.0,4.78
1129,1143.0,4.382
1130,1144.0,4.179
1131,1145.0,4.104
1132,1146.0,4.699
1133,1147.0,5.233
1134,1148.0,5.626
1135,1149.0,5.667
1136,1150.0,5.466
1137,1151.0,5.595
1138,1152.0,5.249
1139,1153.0,5.177
1140,1154.0,4.942
1141,1155.0,5.064
1142,1156.0,4.942
1143,1157.0,4.82
1144,1158.0,4.805
1145,1159.0,4.179
1146,1161.0,4.301
1147,1162.0,4.145
1148,1163.0,4.456
1149,1164.0,4.878
1150,1165.0,6.028
1151,1166.0,6.511
1152,1167.0,6.028
1153,1168.0,5.827
1154,1169.0,5.747
1155,1170.0,5.322
1156,1171.0,5.145
1157,1172.0,5.023
1158,1173.0,4.942
1159,1174.0,4.942
1160,1175.0,4.894
1161,1176.0,4.382
1162,1177.0,4.145
1163,1178.0,4.185
1164,1179.0,4.341
1165,1180.0,4.145
1166,1181.0,4.463
1167,1182.0,4.544
1168,1183.0,4.878
1169,1184.0,5.988
1170,1185.0,6.591
1171,1186.0,6.229
1172,1187.0,5.626
1173,1188.0,5.483
1174,1189.0,5.177
1175,1190.0,5.185
1176,1191.0,4.95
1177,1192.0,4.942
1178,1193.0,4.861
1179,1194.0,4.894
1180,1195.0,4.341
1181,1196.0,4.145
1182,1197.0,4.104
1183,1198.0,4.618
1184,1199.0,4.838
1185,1200.0,5.626
1186,1201.0,6.511
1187,1202.0,5.988
1188,1203.0,5.515
1189,1204.0,5.362
1190,1205.0,5.313
1191,1206.0,5.595
1192,1207.0,5.128
1193,1208.0,4.942
1194,1209.0,4.934
1195,1210.0,4.82
1196,1211.0,4.382
1197,1212.0,4.145
1198,1213.0,4.145
1199,1214.0,4.26
1200,1215.0,4.544
1201,1216.0,4.537
1202,1217.0,5.434
1203,1218.0,5.506
1204,1219.0,5.385
1205,1220.0,5.224
1206,1221.0,5.635
1207,1222.0,5.177
1208,1223.0,4.942
1209,1224.0,5.226
1210,1225.0,4.828
1211,1226.0,4.828
1212,1227.0,4.82
1213,1228.0,4.382
1214,1229.0,4.145
1215,1230.0,4.611
1216,1231.0,4.79
1217,1232.0,5.506
1218,1233.0,5.787
1219,1234.0,5.546
1220,1236.0,5.676
1221,1237.0,5.371
1222,1238.0,5.258
1223,1239.0,4.942
1224,1240.0,4.909
1225,1241.0,5.169
1226,1242.0,4.861
1227,1243.0,4.78
1228,1244.0,4.219
1229,1245.0,4.185
1230,1246.0,4.757
1231,1247.0,5.747
1232,1248.0,6.551
1233,1249.0,6.229
1234,1250.0,5.635
1235,1251.0,5.555
1236,1252.0,5.185
1237,1253.0,5.177
1238,1254.0,4.942
1239,1255.0,4.901
1240,1256.0,4.901
1241,1257.0,4.82
1242,1258.0,4.219
1243,1259.0,4.104
1244,1260.0,4.724
1245,1261.0,5.434
1246,1262.0,5.506
1247,1263.0,5.385
1248,1264.0,5.144
1249,1265.0,5.595
1250,1266.0,5.474
1251,1267.0,5.08
1252,1268.0,5.371
1253,1269.0,4.869
1254,1270.0,4.787
1255,1271.0,4.78
1256,1272.0,4.382
1257,1273.0,4.145
1258,1274.0,4.651
1259,1275.0,4.79
1260,1276.0,5.425
1261,1277.0,5.626
1262,1278.0,5.466
1263,1279.0,5.515
1264,1280.0,5.33
1265,1281.0,5.104
1266,1282.0,4.869
1267,1283.0,5.023
1268,1284.0,4.942
1269,1285.0,4.82
1270,1286.0,4.618
1271,1287.0,4.185
1272,1288.0,4.145
1273,1289.0,5.032
1274,1290.0,5.707
1275,1291.0,6.631
1276,1292.0,6.109
1277,1293.0,5.586
1278,1294.0,5.443
1279,1295.0,5.209
1280,1296.0,5.136
1281,1297.0,4.942
1282,1298.0,4.901
1283,1299.0,4.861
1284,1300.0,4.82
1285,1301.0,4.219
1286,1302.0,4.145
1287,1303.0,4.798
1288,1304.0,5.988
1289,1305.0,6.269
1290,1306.0,5.908
1291,1307.0,5.707
1292,1308.0,5.394
1293,1309.0,5.023
1294,1310.0,5.031
1295,1311.0,5.023
1296,1312.0,4.942
1297,1313.0,4.942
1298,1314.0,4.82
1299,1315.0,4.301
1300,1317.0,4.104
1301,1318.0,4.724
1302,1319.0,5.595
1303,1320.0,5.908
1304,1321.0,5.787
1305,1322.0,5.345
1306,1323.0,5.474
1307,1324.0,5.104
1308,1325.0,4.869
1309,1326.0,5.217
1310,1327.0,5.193
1311,1328.0,4.942
1312,1329.0,4.82
1313,1330.0,4.341
1314,1331.0,4.145
1315,1332.0,4.772
1316,1333.0,4.911
1317,1334.0,5.305
1318,1335.0,5.345
1319,1336.0,5.265
1320,1337.0,5.635
1321,1338.0,5.33
1322,1339.0,4.95
1323,1340.0,4.869
1324,1341.0,4.909
1325,1342.0,4.869
1326,1343.0,4.78
1327,1344.0,4.456
1328,1345.0,4.145
1329,1346.0,4.145
1330,1347.0,4.991
1331,1348.0,5.707
1332,1349.0,6.068
1333,1350.0,5.747
1334,1351.0,5.676
1335,1352.0,5.443
1336,1353.0,5.023
1337,1354.0,5.056
1338,1355.0,4.828
1339,1356.0,5.015
1340,1357.0,4.861
1341,1358.0,4.853
1342,1359.0,4.26
1343,1360.0,4.185
1344,1361.0,4.456
1345,1362.0,5.032
1346,1363.0,5.626
1347,1364.0,6.551
1348,1365.0,5.948
1349,1366.0,5.474
1350,1367.0,5.322
1351,1368.0,5.104
1352,1369.0,5.104
1353,1370.0,4.909
1354,1371.0,4.869
1355,1372.0,4.861
1356,1373.0,4.82
1357,1374.0,4.219
1358,1375.0,4.145
1359,1376.0,4.732
1360,1377.0,4.83
1361,1378.0,5.546
1362,1379.0,5.948
1363,1380.0,5.586
1364,1381.0,5.756
1365,1382.0,5.443
1366,1383.0,5.023
1367,1384.0,4.982
1368,1385.0,4.861
1369,1386.0,5.12
1370,1387.0,4.926
1371,1388.0,4.894
1372,1389.0,4.26
1373,1390.0,4.145
1374,1391.0,4.456
1375,1392.0,4.79
1376,1393.0,5.747
1377,1394.0,5.948
1378,1395.0,5.626
1379,1396.0,5.716
1380,1397.0,5.564
1381,1399.0,5.056
1382,1400.0,5.015
1383,1401.0,4.975
1384,1402.0,4.861
1385,1403.0,4.82
1386,1404.0,4.813
1387,1405.0,4.219
1388,1406.0,4.145
1389,1407.0,4.911
1390,1408.0,5.626
1391,1409.0,6.47
1392,1410.0,6.028
1393,1411.0,5.515
1394,1412.0,5.322
1395,1413.0,5.104
1396,1414.0,5.064
1397,1415.0,4.909
1398,1416.0,4.934
1399,1417.0,4.861
1400,1418.0,4.82
1401,1419.0,4.219
1402,1420.0,4.104
1403,1421.0,4.798
1404,1422.0,5.747
1405,1423.0,6.511
1406,1424.0,6.028
1407,1425.0,5.747
1408,1426.0,5.555
1409,1427.0,5.258
1410,1428.0,5.185
1411,1429.0,4.942
1412,1430.0,4.909
1413,1431.0,4.901
1414,1432.0,4.861
1415,1433.0,4.26
1416,1434.0,4.145
1417,1435.0,4.658
1418,1436.0,4.79
1419,1437.0,5.385
1420,1438.0,5.506
1421,1439.0,5.385
1422,1440.0,5.394
1423,1441.0,5.136
1424,1442.0,5.023
1425,1443.0,4.861
1426,1444.0,4.95
1427,1445.0,4.901
1428,1446.0,4.967
1429,1447.0,4.732
1430,1448.0,4.138
1431,1449.0,4.226
1432,1450.0,4.644
1433,1451.0,5.474
1434,1452.0,5.506
1435,1453.0,5.385
1436,1454.0,5.144
1437,1455.0,5.595
1438,1456.0,5.177
1439,1457.0,4.909
1440,1458.0,5.185
1441,1459.0,4.828
1442,1460.0,4.787
1443,1461.0,4.78
1444,1462.0,4.382
1445,1463.0,4.104
1446,1464.0,4.226
1447,1465.0,4.537
1448,1466.0,4.83
1449,1467.0,5.385
1450,1468.0,5.626
1451,1469.0,5.425
1452,1470.0,5.595
1453,1471.0,5.177
1454,1472.0,5.104
1455,1473.0,4.869
1456,1474.0,5.023
1457,1475.0,4.942
1458,1476.0,4.82
1459,1477.0,4.618
1460,1478.0,4.185
1461,1480.0,4.104
1462,1481.0,4.919
1463,1482.0,5.908
1464,1483.0,6.43
1465,1484.0,5.948
1466,1485.0,6.068
1467,1486.0,5.555
1468,1487.0,5.217
1469,1488.0,5.185
1470,1489.0,4.99
1471,1490.0,4.942
1472,1491.0,4.942
1473,1492.0,4.853
1474,1493.0,4.301
1475,1494.0,4.104
1476,1495.0,4.878
1477,1496.0,5.756
1478,1497.0,6.149
1479,1498.0,5.827
1480,1499.0,5.586
1481,1500.0,5.434
1482,1501.0,5.096
1483,1502.0,4.828
1484,1503.0,5.064
1485,1504.0,4.982
1486,1505.0,4.942
1487,1506.0,4.967
1488,1507.0,4.496
1489,1508.0,4.145
1490,1509.0,4.651
1491,1510.0,4.911
1492,1511.0,5.425
1493,1512.0,5.707
1494,1513.0,5.466
1495,1514.0,5.515
1496,1515.0,5.217
1497,1516.0,5.104
1498,1517.0,4.869
1499,1518.0,5.023
1500,1519.0,4.942
1501,1520.0,4.82
1502,1521.0,4.658
1503,1522.0,4.185
1504,1523.0,4.145
1505,1524.0,4.999
1506,1525.0,5.868
1507,1526.0,6.189
1508,1527.0,5.948
1509,1528.0,5.667
1510,1529.0,5.394
1511,1530.0,5.249
1512,1531.0,4.901
1513,1532.0,5.064
1514,1533.0,4.982
1515,1534.0,5.056
1516,1535.0,4.853
1517,1536.0,4.341
1518,1537.0,4.145
1519,1538.0,4.219
1520,1539.0,4.87
1521,1540.0,5.667
1522,1541.0,6.149
1523,1542.0,5.787
1524,1543.0,5.667
1525,1544.0,5.402
1526,1545.0,5.023
1527,1546.0,5.023
1528,1547.0,4.869
1529,1548.0,4.861
1530,1549.0,4.82
1531,1550.0,4.78
1532,1551.0,4.179
1533,1552.0,4.104
1534,1553.0,4.838
1535,1554.0,5.908
1536,1555.0,6.028
1537,1556.0,5.827
1538,1557.0,5.385
1539,1558.0,5.474
1540,1559.0,5.104
1541,1560.0,4.869
1542,1561.0,5.064
1543,1563.0,4.982
1544,1564.0,4.982
1545,1565.0,4.78
1546,1566.0,4.301
1547,1567.0,4.341
1548,1568.0,4.301
1549,1569.0,4.463
1550,1570.0,5.152
1551,1571.0,5.506
1552,1572.0,5.586
1553,1573.0,5.425
1554,1574.0,5.474
1555,1575.0,5.177
1556,1576.0,5.064
1557,1577.0,4.869
1558,1578.0,4.99
1559,1579.0,4.909
1560,1580.0,4.78
1561,1581.0,4.658
1562,1582.0,4.341
1563,1583.0,4.219
1564,1584.0,4.104
1565,1585.0,4.503
1566,1586.0,4.911
1567,1587.0,5.667
1568,1588.0,5.988
1569,1589.0,5.586
1570,1590.0,5.787
1571,1591.0,5.451
1572,1592.0,5.145
1573,1593.0,4.982
1574,1594.0,4.828
1575,1595.0,4.861
1576,1596.0,5.007
1577,1597.0,4.853
1578,1598.0,4.219
1579,1599.0,4.26
1580,1600.0,4.145
1581,1601.0,4.772
1582,1602.0,5.434
1583,1603.0,5.506
1584,1604.0,5.345
1585,1605.0,5.184
1586,1606.0,5.635
1587,1607.0,5.258
1588,1608.0,4.909
1589,1609.0,5.226
1590,1610.0,4.869
1591,1611.0,4.861
1592,1612.0,4.78
1593,1613.0,4.422
1594,1614.0,4.145
1595,1615.0,4.691
1596,1616.0,4.83
1597,1617.0,5.305
1598,1618.0,5.385
1599,1619.0,5.425
1600,1620.0,5.555
1601,1621.0,5.217
1602,1622.0,5.023
1603,1623.0,4.828
1604,1624.0,4.95
1605,1625.0,4.869
1606,1626.0,5.072
1607,1627.0,4.611
1608,1628.0,4.138
1609,1629.0,4.456
1610,1630.0,4.911
1611,1631.0,5.546
1612,1632.0,5.868
1613,1633.0,5.474
1614,1634.0,5.635
1615,1635.0,5.29
1616,1636.0,5.217
1617,1637.0,4.95
1618,1638.0,4.828
1619,1639.0,5.023
1620,1640.0,4.82
1621,1641.0,4.82
1622,1642.0,4.301
1623,1643.0,4.26
1624,1644.0,4.456
1625,1645.0,4.83
1626,1647.0,5.546
1627,1648.0,5.988
1628,1649.0,5.555
1629,1650.0,5.676
1630,1651.0,5.483
1631,1652.0,5.258
1632,1653.0,4.982
1633,1654.0,4.861
1634,1655.0,5.023
1635,1656.0,4.861
1636,1657.0,4.886
1637,1658.0,4.219
1638,1659.0,4.145
1639,1660.0,4.798
1640,1661.0,5.747
1641,1662.0,6.591
1642,1663.0,6.189
1643,1664.0,5.626
1644,1665.0,5.474
1645,1666.0,5.145
1646,1667.0,5.104
1647,1668.0,4.95
1648,1669.0,4.869
1649,1670.0,5.16
1650,1671.0,4.853
1651,1672.0,4.219
1652,1673.0,4.104
1653,1674.0,4.724
1654,1675.0,5.877
1655,1676.0,6.31
1656,1677.0,5.868
1657,1678.0,5.747
1658,1679.0,5.354
1659,1680.0,5.322
1660,1681.0,5.064
1661,1682.0,4.982
1662,1683.0,4.95
1663,1684.0,4.942
1664,1685.0,4.861
1665,1686.0,4.503
1666,1687.0,4.341
1667,1688.0,4.145
1668,1689.0,4.83
1669,1690.0,5.586
1670,1691.0,6.47
1671,1692.0,5.948
1672,1693.0,5.506
1673,1694.0,5.362
1674,1695.0,5.064
1675,1696.0,5.104
1676,1697.0,4.909
1677,1698.0,4.869
1678,1699.0,4.82
1679,1700.0,4.78
1680,1701.0,4.185
1681,1702.0,4.104
1682,1703.0,4.846
1683,1704.0,5.425
1684,1705.0,5.385
1685,1706.0,5.506
1686,1707.0,5.305
1687,1708.0,5.716
1688,1709.0,5.217
1689,1710.0,4.942
1690,1711.0,5.145
1691,1712.0,4.901
1692,1713.0,4.828
1693,1714.0,4.82
1694,1715.0,4.382
1695,1716.0,4.145
1696,1717.0,4.145
1697,1718.0,4.757
1698,1719.0,5.747
1699,1720.0,6.551
1700,1721.0,6.189
1701,1722.0,5.667
1702,1723.0,5.515
1703,1724.0,5.217
1704,1725.0,5.185
1705,1726.0,4.909
1706,1727.0,4.869
1707,1729.0,4.861
1708,1730.0,4.861
1709,1731.0,4.26
1710,1732.0,4.145
1711,1733.0,4.724
1712,1734.0,5.515
1713,1735.0,5.667
1714,1736.0,5.546
1715,1737.0,5.144
1716,1738.0,5.555
1717,1739.0,5.136
1718,1740.0,4.901
1719,1741.0,5.145
1720,1742.0,5.048
1721,1743.0,4.787
1722,1744.0,4.772
1723,1745.0,4.382
1724,1746.0,4.185
1725,1747.0,4.301
1726,1748.0,4.911
1727,1749.0,5.626
1728,1750.0,6.31
1729,1751.0,5.948
1730,1752.0,5.555
1731,1753.0,5.249
1732,1754.0,5.104
1733,1755.0,5.023
1734,1756.0,4.901
1735,1757.0,4.828
1736,1758.0,4.861
1737,1759.0,4.853
1738,1760.0,4.26
1739,1761.0,4.145
1740,1762.0,4.805
1741,1763.0,5.354
1742,1764.0,5.425
1743,1765.0,5.345
1744,1766.0,5.224
1745,1767.0,5.796
1746,1768.0,5.298
1747,1769.0,4.942
1748,1770.0,5.064
1749,1771.0,4.942
1750,1772.0,4.828
1751,1773.0,4.78
1752,1774.0,4.422
1753,1775.0,4.104
1754,1776.0,4.104
1755,1777.0,4.732
1756,1778.0,4.911
1757,1779.0,5.345
1758,1780.0,5.385
1759,1781.0,5.265
1760,1782.0,5.595
1761,1783.0,5.339
1762,1784.0,4.982
1763,1785.0,4.975
1764,1786.0,4.909
1765,1787.0,4.869
1766,1788.0,4.78
1767,1789.0,4.463
1768,1790.0,4.145
1769,1791.0,4.456
1770,1792.0,4.87
1771,1793.0,5.506
1772,1794.0,5.948
1773,1795.0,5.466
1774,1796.0,5.635
1775,1797.0,5.29
1776,1798.0,5.185
1777,1799.0,4.942
1778,1800.0,4.869
1779,1801.0,5.096
1780,1802.0,4.82
1781,1803.0,4.739
1782,1804.0,4.185
1783,1805.0,4.145
1784,1806.0,5.112
1785,1807.0,5.868
1786,1808.0,6.189
1787,1809.0,5.787
1788,1810.0,5.635
1789,1812.0,5.474
1790,1813.0,5.064
1791,1814.0,5.056
1792,1815.0,5.015
1793,1816.0,4.828
1794,1817.0,4.82
1795,1818.0,4.739
1796,1819.0,4.26
1797,1820.0,4.145
1798,1821.0,4.145
1799,1822.0,4.699
1800,1823.0,4.959
1801,1824.0,5.626
1802,1825.0,6.591
1803,1826.0,6.028
1804,1827.0,5.667
1805,1828.0,5.402
1806,1829.0,5.145
1807,1830.0,5.104
1808,1831.0,5.056
1809,1832.0,4.869
1810,1833.0,4.861
1811,1834.0,4.82
1812,1835.0,4.219
1813,1836.0,4.179
1814,1837.0,4.415
1815,1838.0,4.87
1816,1839.0,5.586
1817,1840.0,5.988
1818,1841.0,5.635
1819,1842.0,5.917
1820,1843.0,5.451
1821,1844.0,5.145
1822,1845.0,4.982
1823,1846.0,4.828
1824,1847.0,4.861
1825,1848.0,4.82
1826,1849.0,4.78
1827,1850.0,4.179
1828,1851.0,4.145
1829,1852.0,4.798
1830,1853.0,5.877
1831,1854.0,6.43
1832,1855.0,5.988
1833,1856.0,5.787
1834,1857.0,5.595
1835,1858.0,5.258
1836,1859.0,5.266
1837,1860.0,4.95
1838,1861.0,4.942
1839,1862.0,5.007
1840,1863.0,4.861
1841,1864.0,4.26
1842,1865.0,4.104
1843,1866.0,4.26
1844,1867.0,5.04
1845,1868.0,6.068
1846,1869.0,6.229
1847,1870.0,5.868
1848,1871.0,5.787
1849,1872.0,5.434
1850,1873.0,5.281
1851,1874.0,4.942
1852,1875.0,5.023
1853,1876.0,4.982
1854,1877.0,4.942
1855,1878.0,4.82
1856,1879.0,4.301
1857,1880.0,4.226
1858,1881.0,4.813
1859,1882.0,4.951
1860,1883.0,5.868
1861,1884.0,5.787
1862,1885.0,5.546
1863,1886.0,5.586
1864,1887.0,5.258
1865,1888.0,5.185
1866,1889.0,4.909
1867,1890.0,5.023
1868,1891.0,4.942
1869,1892.0,4.82
1870,1893.0,4.739
1871,1894.0,4.301
1872,1896.0,4.341
1873,1897.0,5.112
1874,1898.0,5.586
1875,1899.0,5.908
1876,1900.0,5.506
1877,1901.0,5.707
1878,1902.0,5.33
1879,1903.0,5.298
1880,1904.0,5.056
1881,1905.0,4.861
1882,1906.0,4.982
1883,1907.0,4.861
1884,1908.0,4.739
1885,1909.0,4.185
1886,1910.0,4.104
1887,1911.0,5.16
1888,1912.0,5.506
1889,1913.0,5.466
1890,1914.0,5.385
1891,1915.0,5.184
1892,1916.0,5.635
1893,1917.0,5.217
1894,1918.0,4.942
1895,1919.0,5.185
1896,1920.0,4.861
1897,1921.0,4.828
1898,1922.0,4.82
1899,1923.0,4.382
1900,1924.0,4.185
1901,1925.0,4.294
1902,1926.0,4.911
1903,1927.0,5.868
1904,1928.0,6.068
1905,1929.0,5.595
1906,1930.0,5.747
1907,1931.0,5.411
1908,1932.0,5.096
1909,1933.0,4.95
1910,1934.0,4.861
1911,1935.0,4.828
1912,1936.0,4.82
1913,1937.0,4.813
1914,1938.0,4.301
1915,1939.0,4.26
1916,1940.0,4.341
1917,1941.0,4.959
1918,1942.0,5.747
1919,1943.0,6.551
1920,1944.0,6.109
1921,1945.0,5.707
1922,1946.0,5.635
1923,1947.0,5.298
1924,1948.0,5.266
1925,1949.0,4.982
1926,1950.0,4.975
1927,1951.0,5.056
1928,1952.0,4.901
1929,1953.0,4.301
1930,1954.0,4.185
1931,1955.0,4.456
1932,1956.0,4.911
1933,1957.0,5.546
1934,1958.0,5.868
1935,1959.0,5.586
1936,1960.0,5.877
1937,1961.0,5.402
1938,1962.0,5.258
1939,1963.0,4.982
1940,1964.0,4.828
1941,1965.0,4.828
1942,1966.0,4.82
1943,1967.0,4.853
1944,1968.0,4.179
1945,1969.0,4.185
1946,1970.0,4.919
1947,1971.0,6.109
1948,1972.0,6.229
1949,1973.0,5.827
1950,1974.0,5.626
1951,1975.0,5.434
1952,1976.0,5.064
1953,1978.0,4.861
1954,1979.0,5.064
1955,1980.0,5.023
1956,1981.0,4.909
1957,1982.0,4.853
1958,1983.0,4.382
1959,1984.0,4.341
1960,1985.0,4.179
1961,1986.0,4.999
1962,1987.0,5.988
1963,1988.0,6.671
1964,1989.0,6.028
1965,1990.0,5.747
1966,1991.0,5.555
1967,1992.0,5.443
1968,1993.0,5.217
1969,1994.0,5.088
1970,1995.0,4.901
1971,1996.0,4.942
1972,1997.0,4.861
1973,1998.0,4.341
1974,1999.0,4.145
1975,2000.0,4.301
1976,2001.0,4.537
1977,2002.0,4.911
1978,2003.0,5.546
1979,2004.0,5.827
1980,2005.0,5.466
1981,2006.0,5.635
1982,2007.0,5.402
1983,2008.0,5.217
1984,2009.0,4.901
1985,2010.0,4.909
1986,2011.0,4.982
1987,2012.0,4.861
1988,2013.0,4.78
1989,2014.0,4.185
1990,2015.0,4.219
1991,2016.0,4.145
1992,2017.0,4.463
1993,2018.0,4.732
1994,2019.0,5.787
1995,2020.0,6.028
1996,2021.0,5.868
1997,2022.0,5.345
1998,2023.0,5.515
1999,2024.0,5.136
2000,2025.0,4.901
2001,2026.0,5.104
2002,2027.0,5.096
2003,2028.0,4.942
2004,2029.0,4.813
2005,2030.0,4.382
2006,2031.0,4.219
2007,2032.0,4.145
2008,2033.0,4.618
2009,2034.0,4.838
2010,2035.0,5.747
2011,2036.0,6.511
2012,2037.0,6.109
2013,2038.0,5.707
2014,2039.0,5.555
2015,2040.0,5.258
2016,2041.0,5.258
2017,2042.0,4.982
2018,2043.0,4.909
2019,2044.0,4.901
2020,2045.0,4.82
2021,2046.0,4.422
2022,2047.0,4.382
2023,2048.0,4.185
2024,2049.0,4.919
2025,2050.0,5.707
2026,2051.0,6.591
2027,2052.0,6.269
2028,2053.0,5.667
2029,2054.0,5.515
2030,2055.0,5.185
2031,2056.0,5.145
2032,2058.0,4.95
2033,2059.0,4.901
2034,2060.0,4.861
2035,2061.0,4.861
2036,2062.0,4.26
2037,2063.0,4.145
2038,2064.0,4.691
2039,2065.0,5.434
2040,2066.0,5.425
2041,2067.0,5.425
2042,2068.0,5.184
2043,2069.0,5.707
2044,2070.0,5.217
2045,2071.0,4.942
2046,2072.0,5.217
2047,2073.0,4.901
2048,2074.0,4.828
2049,2075.0,4.813
2050,2076.0,4.422
2051,2077.0,4.185
2052,2078.0,4.732
2053,2079.0,4.87
2054,2080.0,5.425
2055,2081.0,5.546
2056,2082.0,5.425
2057,2083.0,5.474
2058,2084.0,5.177
2059,2085.0,5.064
2060,2086.0,4.869
2061,2087.0,4.95
2062,2088.0,4.869
2063,2089.0,4.78
2064,2090.0,4.585
2065,2091.0,4.145
2066,2092.0,4.145
2067,2093.0,4.79
2068,2094.0,5.667
2069,2095.0,6.229
2070,2096.0,5.787
2071,2097.0,5.546
2072,2098.0,5.249
2073,2099.0,5.064
2074,2100.0,5.023
2075,2101.0,4.869
2076,2102.0,5.007
2077,2103.0,4.861
2078,2104.0,4.813
2079,2105.0,4.179
2080,2106.0,4.145
2081,2107.0,5.04
2082,2108.0,5.506
2083,2109.0,5.466
2084,2110.0,5.385
2085,2111.0,5.224
2086,2112.0,5.747
2087,2113.0,5.217
2088,2114.0,4.982
2089,2115.0,5.226
2090,2116.0,4.861
2091,2117.0,4.787
2092,2118.0,4.82
2093,2119.0,4.382
2094,2120.0,4.185
2095,2121.0,4.691
2096,2122.0,4.983
2097,2123.0,5.425
2098,2124.0,5.626
2099,2125.0,5.385
2100,2126.0,5.466
2101,2127.0,5.177
2102,2128.0,5.104
2103,2129.0,4.869
2104,2130.0,4.99
2105,2131.0,5.015
2106,2132.0,4.82
2107,2133.0,4.544
2108,2134.0,4.145
2109,2135.0,4.219
2110,2136.0,4.87
2111,2137.0,5.626
2112,2138.0,5.908
2113,2139.0,5.546
2114,2141.0,5.716
2115,2142.0,5.371
2116,2143.0,5.258
2117,2144.0,4.982
2118,2145.0,4.828
2119,2146.0,4.982
2120,2147.0,4.82
2121,2148.0,4.78
2122,2149.0,4.179
2123,2150.0,4.104
2124,2151.0,4.83
2125,2152.0,5.586
2126,2153.0,6.39
2127,2154.0,5.948
2128,2155.0,5.466
2129,2156.0,5.322
2130,2157.0,5.104
2131,2158.0,5.064
2132,2159.0,4.869
2133,2160.0,4.869
2134,2161.0,4.861
2135,2162.0,4.934
2136,2163.0,4.219
2137,2164.0,4.145
2138,2165.0,4.878
2139,2166.0,5.948
2140,2167.0,6.712
2141,2168.0,6.068
2142,2169.0,5.827
2143,2170.0,5.586
2144,2171.0,5.217
2145,2172.0,5.258
2146,2173.0,5.023
2147,2174.0,4.975
2148,2175.0,4.901
2149,2176.0,4.934
2150,2177.0,4.26
2151,2178.0,4.145
2152,2179.0,4.886
2153,2180.0,5.506
2154,2181.0,5.626
2155,2182.0,5.506
2156,2183.0,5.144
2157,2184.0,5.586
2158,2185.0,5.177
2159,2186.0,4.909
2160,2187.0,5.217
2161,2188.0,4.828
2162,2189.0,4.787
2163,2190.0,4.78
2164,2191.0,4.382
2165,2192.0,4.145
2166,2193.0,4.691
2167,2194.0,4.863
2168,2195.0,5.425
2169,2196.0,5.506
2170,2197.0,5.385
2171,2198.0,5.434
2172,2199.0,5.096
2173,2200.0,5.023
2174,2201.0,4.828
2175,2202.0,5.056
2176,2203.0,4.901
2177,2204.0,4.82
2178,2205.0,4.537
2179,2206.0,4.145
2180,2207.0,4.496
2181,2208.0,4.87
2182,2209.0,5.586
2183,2210.0,5.707
2184,2211.0,5.626
2185,2212.0,5.827
2186,2213.0,5.29
2187,2214.0,5.145
2188,2215.0,4.942
2189,2216.0,5.023
2190,2217.0,4.942
2191,2218.0,4.82
2192,2219.0,4.699
2193,2220.0,4.185
2194,2221.0,4.26
2195,2223.0,4.503
2196,2224.0,4.813
2197,2225.0,5.707
2198,2226.0,5.169
2199,2227.0,6.631
2200,2228.0,6.229
2201,2229.0,5.908
2202,2230.0,5.827
2203,2231.0,5.586
2204,2232.0,5.466
2205,2233.0,5.385
2206,2234.0,5.305
2207,2235.0,5.265
2208,2236.0,4.926
2209,2237.0,4.301
2210,2238.0,4.226
2211,2239.0,4.104
2212,2240.0,4.463
2213,2241.0,4.219
2214,2242.0,4.577
2215,2243.0,4.422
2216,2244.0,4.226
2217,2245.0,4.341
2218,2246.0,4.26
2219,2247.0,4.307
2220,2248.0,4.348
2221,2249.0,4.267
2222,2250.0,4.919
2223,2251.0,4.699
2224,2252.0,4.429
2225,2253.0,4.307
2226,2254.0,4.307
2227,2255.0,4.463
2228,2256.0,4.307
2229,2257.0,4.389
2230,2258.0,4.307
2231,2259.0,4.226
2232,2260.0,4.267
2233,2261.0,4.307
2234,2262.0,4.389
2235,2263.0,4.226
2236,2264.0,4.503
2237,2265.0,4.226
2238,2266.0,4.307
2239,2267.0,4.307
2240,2268.0,4.348
2241,2269.0,4.544
2242,2270.0,4.389
2243,2271.0,4.348
2244,2272.0,4.348
2245,2273.0,4.658
2246,2274.0,4.301
2247,2275.0,5.402
2248,2276.0,5.827
2249,2277.0,5.385
2250,2278.0,5.667
2251,2279.0,5.29
2252,2280.0,5.096
2253,2281.0,5.258
2254,2282.0,4.975
2255,2283.0,4.828
2256,2284.0,4.78
2257,2285.0,4.625
2258,2286.0,4.226
2259,2287.0,4.301
2260,2288.0,4.422
2261,2289.0,4.145
2262,2290.0,4.375
2263,2291.0,4.618
2264,2292.0,4.185
2265,2293.0,5.193
2266,2294.0,4.658
2267,2295.0,4.699
2268,2296.0,5.443
2269,2297.0,5.988
2270,2298.0,5.868
2271,2299.0,5.868
2272,2300.0,5.667
2273,2301.0,5.667
2274,2302.0,5.015
2275,2304.0,5.064
2276,2305.0,4.942
2277,2306.0,4.78
2278,2307.0,4.625
2279,2308.0,4.226
2280,2309.0,4.422
2281,2310.0,4.145
2282,2311.0,4.185
2283,2312.0,4.415
2284,2313.0,4.422
2285,2314.0,5.152
2286,2315.0,5.747
2287,2316.0,5.787
2288,2317.0,5.667
2289,2318.0,5.586
2290,2319.0,5.136
2291,2320.0,5.064
2292,2321.0,4.828
2293,2322.0,4.942
2294,2323.0,5.128
2295,2324.0,4.861
2296,2325.0,4.651
2297,2326.0,4.422
2298,2327.0,4.179
2299,2328.0,4.185
2300,2329.0,4.422
2301,2330.0,4.185
2302,2331.0,4.219
2303,2332.0,4.26
2304,2333.0,5.12
2305,2334.0,5.12
2306,2335.0,4.26
2307,2336.0,4.82
2308,2337.0,4.422
2309,2338.0,4.625
2310,2339.0,5.015
2311,2340.0,6.561
2312,2341.0,6.028
2313,2342.0,6.269
2314,2343.0,5.546
2315,2344.0,5.371
2316,2345.0,5.217
2317,2346.0,4.99
2318,2347.0,5.241
2319,2348.0,5.048
2320,2349.0,4.901
2321,2350.0,4.422
2322,2351.0,4.145
2323,2352.0,4.145
2324,2353.0,4.456
2325,2354.0,4.999
2326,2355.0,5.747
2327,2356.0,6.591
2328,2357.0,5.988
2329,2358.0,5.506
2330,2359.0,5.362
2331,2360.0,5.145
2332,2361.0,5.064
2333,2362.0,4.901
2334,2363.0,4.942
2335,2364.0,4.901
2336,2365.0,4.886
2337,2366.0,4.382
2338,2367.0,4.145
2339,2368.0,4.064
2340,2369.0,4.145
2341,2370.0,4.463
2342,2371.0,4.878
2343,2372.0,5.827
2344,2373.0,6.712
2345,2374.0,6.189
2346,2375.0,5.787
2347,2376.0,5.474
2348,2377.0,5.33
2349,2378.0,5.177
2350,2379.0,4.982
2351,2380.0,4.982
2352,2381.0,4.901
2353,2382.0,4.853
2354,2383.0,4.301
2355,2385.0,4.26
2356,2386.0,4.185
2357,2387.0,4.104
2358,2388.0,4.577
2359,2389.0,4.307
2360,2390.0,4.798
2361,2391.0,5.747
2362,2392.0,6.551
2363,2393.0,6.149
2364,2394.0,5.667
2365,2395.0,5.483
2366,2396.0,5.185
2367,2397.0,5.145
2368,2398.0,4.95
2369,2399.0,4.909
2370,2400.0,4.861
2371,2401.0,4.82
2372,2402.0,4.341
2373,2403.0,4.185
2374,2404.0,4.104
2375,2405.0,4.684
2376,2406.0,5.555
2377,2407.0,6.229
2378,2408.0,5.988
2379,2409.0,5.345
2380,2410.0,5.515
2381,2411.0,5.136
2382,2412.0,4.869
2383,2413.0,5.104
2384,2414.0,4.982
2385,2415.0,5.096
2386,2416.0,4.78
2387,2417.0,4.422
2388,2418.0,4.219
2389,2419.0,4.732
2390,2420.0,4.83
2391,2421.0,5.425
2392,2422.0,5.586
2393,2423.0,5.506
2394,2424.0,5.474
2395,2425.0,5.177
2396,2426.0,5.064
2397,2427.0,4.901
2398,2428.0,4.982
2399,2429.0,4.909
2400,2430.0,4.82
2401,2431.0,4.618
2402,2432.0,4.185
2403,2433.0,4.301
2404,2434.0,4.87
2405,2435.0,5.466
2406,2436.0,5.868
2407,2437.0,5.586
2408,2438.0,5.626
2409,2439.0,5.249
2410,2440.0,5.217
2411,2441.0,4.909
2412,2442.0,5.023
2413,2443.0,5.088
2414,2444.0,4.861
2415,2445.0,4.739
2416,2446.0,4.179
2417,2447.0,4.104
2418,2448.0,4.991
2419,2449.0,5.667
2420,2450.0,6.671
2421,2451.0,6.068
2422,2452.0,5.586
2423,2453.0,5.402
2424,2454.0,5.136
2425,2455.0,5.104
2426,2456.0,4.942
2427,2457.0,4.869
2428,2458.0,4.894
2429,2459.0,4.82
2430,2460.0,4.219
2431,2461.0,4.185
2432,2462.0,4.185
2433,2464.0,4.991
2434,2465.0,5.667
2435,2466.0,6.028
2436,2467.0,5.747
2437,2468.0,5.988
2438,2469.0,5.564
2439,2470.0,5.064
2440,2471.0,4.982
2441,2472.0,4.828
2442,2473.0,4.861
2443,2474.0,4.861
2444,2475.0,4.82
2445,2476.0,4.179
2446,2477.0,4.104
2447,2478.0,4.463
2448,2479.0,4.422
2449,2480.0,4.838
2450,2481.0,6.028
2451,2482.0,6.993
2452,2483.0,6.229
2453,2484.0,5.747
2454,2485.0,5.555
2455,2486.0,5.217
2456,2487.0,5.483
2457,2488.0,4.982
2458,2489.0,4.901
2459,2490.0,4.901
2460,2491.0,4.861
2461,2492.0,4.422
2462,2493.0,4.26
2463,2494.0,4.145
2464,2495.0,4.618
2465,2496.0,5.032
2466,2497.0,5.667
2467,2498.0,5.988
2468,2499.0,5.586
2469,2500.0,5.747
2470,2501.0,5.402
2471,2502.0,5.226
2472,2503.0,4.982
2473,2504.0,4.869
2474,2505.0,4.982
2475,2506.0,4.82
2476,2507.0,4.813
2477,2508.0,4.382
2478,2509.0,4.26
2479,2510.0,4.684
2480,2511.0,5.474
2481,2512.0,5.626
2482,2513.0,5.506
2483,2514.0,5.144
2484,2515.0,5.546
2485,2516.0,5.177
2486,2517.0,4.869
2487,2518.0,5.145
2488,2519.0,4.828
2489,2520.0,4.787
2490,2521.0,4.82
2491,2522.0,4.415
2492,2523.0,4.138
2493,2524.0,4.104
2494,2525.0,4.577
2495,2526.0,4.991
2496,2527.0,5.667
2497,2528.0,5.787
2498,2529.0,5.466
2499,2530.0,5.555
2500,2531.0,5.249
2501,2532.0,5.145
2502,2533.0,4.869
2503,2534.0,5.023
2504,2535.0,5.16
2505,2536.0,4.934
2506,2537.0,4.625
2507,2538.0,4.185
2508,2539.0,4.145
2509,2540.0,4.691
2510,2541.0,4.87
2511,2542.0,5.425
2512,2544.0,5.506
2513,2545.0,5.425
2514,2546.0,5.434
2515,2547.0,5.169
2516,2548.0,5.064
2517,2549.0,5.128
2518,2550.0,5.425
2519,2551.0,4.975
2520,2552.0,4.82
2521,2553.0,4.618
2522,2554.0,4.226
2523,2555.0,4.145
2524,2556.0,4.26
2525,2557.0,4.301
2526,2558.0,4.691
2527,2559.0,6.199
2528,2560.0,6.189
2529,2561.0,5.908
2530,2562.0,5.546
2531,2563.0,5.586
2532,2564.0,5.434
2533,2565.0,4.982
2534,2566.0,5.064
2535,2567.0,4.982
2536,2568.0,4.942
2537,2569.0,4.78
2538,2570.0,4.341
2539,2571.0,4.301
2540,2572.0,4.145
2541,2573.0,4.104
2542,2574.0,4.456
2543,2575.0,5.072
2544,2576.0,5.345
2545,2577.0,5.868
2546,2578.0,5.747
2547,2579.0,5.707
2548,2580.0,5.298
2549,2581.0,4.982
2550,2582.0,4.982
2551,2583.0,4.901
2552,2584.0,4.828
2553,2585.0,4.813
2554,2586.0,4.618
2555,2587.0,4.341
2556,2588.0,4.185
2557,2589.0,4.348
2558,2590.0,4.226
2559,2591.0,4.145
2560,2592.0,4.422
2561,2593.0,4.618
2562,2594.0,5.112
2563,2595.0,5.425
2564,2596.0,5.626
2565,2597.0,5.385
2566,2598.0,5.425
2567,2599.0,5.136
2568,2600.0,5.023
2569,2601.0,4.901
2570,2602.0,4.99
2571,2603.0,4.975
2572,2604.0,4.853
2573,2605.0,4.739
2574,2606.0,4.226
2575,2607.0,4.185
2576,2608.0,4.185
2577,2609.0,4.456
2578,2610.0,4.911
2579,2611.0,5.425
2580,2612.0,5.747
2581,2613.0,5.586
2582,2614.0,5.595
2583,2615.0,5.249
2584,2616.0,5.258
2585,2617.0,5.241
2586,2618.0,5.048
2587,2619.0,4.982
2588,2620.0,4.861
2589,2621.0,4.739
2590,2622.0,4.219
2591,2623.0,4.104
2592,2624.0,4.651
2593,2625.0,4.83
2594,2627.0,5.345
2595,2628.0,5.425
2596,2629.0,5.345
2597,2630.0,5.626
2598,2631.0,5.29
2599,2632.0,5.064
2600,2633.0,4.861
2601,2634.0,5.023
2602,2635.0,4.942
2603,2636.0,4.82
2604,2637.0,4.658
2605,2638.0,4.185
2606,2639.0,4.26
2607,2640.0,4.798
2608,2641.0,5.707
2609,2642.0,6.591
2610,2643.0,6.149
2611,2644.0,5.707
2612,2645.0,5.474
2613,2646.0,5.217
2614,2647.0,5.217
2615,2648.0,5.224
2616,2649.0,5.015
2617,2650.0,4.942
2618,2651.0,4.82
2619,2652.0,4.267
2620,2653.0,4.104
2621,2654.0,4.26
2622,2655.0,4.145
2623,2656.0,4.463
2624,2657.0,4.537
2625,2658.0,5.837
2626,2659.0,5.988
2627,2660.0,5.546
2628,2661.0,5.144
2629,2662.0,5.635
2630,2663.0,5.249
2631,2664.0,4.942
2632,2665.0,5.185
2633,2666.0,4.869
2634,2667.0,4.861
2635,2668.0,4.813
2636,2669.0,4.537
2637,2670.0,4.185
2638,2671.0,4.104
2639,2672.0,4.422
2640,2673.0,4.838
2641,2674.0,5.827
2642,2675.0,6.43
2643,2676.0,5.988
2644,2677.0,5.747
2645,2678.0,5.787
2646,2679.0,5.298
2647,2680.0,5.298
2648,2681.0,4.982
2649,2682.0,4.901
2650,2683.0,4.901
2651,2684.0,4.967
2652,2685.0,4.375
2653,2686.0,4.179
2654,2687.0,4.104
2655,2688.0,4.757
2656,2689.0,5.908
2657,2690.0,6.31
2658,2691.0,5.908
2659,2692.0,5.747
2660,2693.0,5.394
2661,2694.0,5.096
2662,2695.0,5.023
2663,2696.0,5.064
2664,2697.0,4.942
2665,2698.0,5.128
2666,2699.0,4.901
2667,2700.0,4.341
2668,2701.0,4.145
2669,2702.0,4.765
2670,2703.0,4.911
2671,2704.0,5.305
2672,2705.0,5.385
2673,2706.0,5.265
2674,2707.0,5.827
2675,2708.0,5.483
2676,2710.0,4.982
2677,2711.0,4.828
2678,2712.0,4.942
2679,2713.0,4.828
2680,2714.0,4.82
2681,2715.0,4.463
2682,2716.0,4.145
2683,2717.0,4.179
2684,2718.0,4.87
2685,2719.0,5.667
2686,2720.0,6.229
2687,2721.0,5.787
2688,2722.0,5.626
2689,2723.0,5.33
2690,2724.0,5.064
2691,2725.0,5.023
2692,2726.0,4.869
2693,2727.0,4.975
2694,2728.0,4.861
2695,2729.0,4.82
2696,2730.0,4.219
2697,2731.0,4.104
2698,2732.0,4.846
2699,2733.0,5.394
2700,2734.0,5.626
2701,2735.0,5.345
2702,2736.0,5.224
2703,2737.0,5.796
2704,2738.0,5.29
2705,2739.0,4.982
2706,2740.0,5.258
2707,2741.0,4.901
2708,2742.0,4.861
2709,2743.0,4.82
2710,2744.0,4.422
2711,2745.0,4.104
2712,2746.0,4.145
2713,2747.0,4.651
2714,2748.0,4.911
2715,2749.0,5.425
2716,2750.0,5.586
2717,2751.0,5.466
2718,2752.0,5.474
2719,2753.0,5.136
2720,2754.0,5.104
2721,2755.0,4.869
2722,2756.0,4.99
2723,2757.0,4.909
2724,2758.0,4.82
2725,2759.0,4.618
2726,2760.0,4.179
2727,2761.0,4.691
2728,2762.0,4.991
2729,2763.0,5.626
2730,2764.0,5.546
2731,2765.0,5.385
2732,2766.0,5.474
2733,2767.0,5.434
2734,2768.0,5.345
2735,2769.0,4.901
2736,2770.0,4.95
2737,2771.0,4.901
2738,2772.0,4.78
2739,2773.0,4.772
2740,2774.0,4.226
2741,2775.0,4.145
2742,2776.0,4.503
2743,2777.0,4.226
2744,2778.0,4.611
2745,2779.0,5.676
2746,2780.0,5.707
2747,2781.0,5.546
2748,2782.0,5.144
2749,2783.0,5.595
2750,2784.0,5.177
2751,2785.0,4.869
2752,2786.0,5.145
2753,2787.0,4.869
2754,2788.0,4.82
2755,2789.0,4.78
2756,2790.0,4.496
2757,2792.0,4.145
2758,2793.0,4.145
2759,2794.0,4.456
2760,2795.0,4.83
2761,2796.0,5.345
2762,2797.0,5.787
2763,2798.0,5.466
2764,2799.0,5.474
2765,2800.0,5.136
2766,2801.0,5.064
2767,2802.0,4.828
2768,2803.0,5.023
2769,2804.0,4.901
2770,2805.0,4.853
2771,2806.0,4.544
2772,2807.0,4.219
2773,2808.0,4.375
2774,2809.0,4.951
2775,2810.0,5.747
2776,2811.0,6.109
2777,2812.0,5.707
2778,2813.0,5.676
2779,2814.0,5.371
2780,2815.0,5.023
2781,2816.0,4.982
2782,2817.0,4.901
2783,2818.0,4.934
2784,2819.0,4.82
2785,2820.0,4.999
2786,2821.0,4.26
2787,2822.0,4.185
2788,2823.0,4.104
2789,2824.0,4.87
2790,2825.0,5.626
2791,2826.0,6.591
2792,2827.0,6.068
2793,2828.0,5.908
2794,2829.0,5.523
2795,2830.0,5.177
2796,2831.0,5.064
2797,2832.0,4.975
2798,2833.0,4.869
2799,2834.0,4.894
2800,2835.0,4.78
2801,2836.0,4.463
2802,2837.0,4.185
2803,2838.0,4.185
2804,2839.0,4.26
2805,2840.0,4.577
2806,2841.0,4.959
2807,2842.0,5.564
2808,2843.0,5.988
2809,2844.0,5.707
2810,2845.0,5.265
2811,2846.0,5.595
2812,2847.0,5.29
2813,2848.0,5.015
2814,2849.0,5.145
2815,2850.0,4.901
2816,2851.0,4.82
2817,2852.0,4.813
2818,2853.0,4.422
2819,2854.0,4.341
2820,2855.0,4.145
2821,2856.0,4.145
2822,2857.0,4.544
2823,2858.0,4.919
2824,2859.0,5.868
2825,2860.0,6.671
2826,2861.0,6.149
2827,2862.0,5.667
2828,2863.0,5.515
2829,2864.0,5.217
2830,2865.0,5.217
2831,2866.0,4.95
2832,2867.0,4.901
2833,2868.0,4.975
2834,2869.0,4.894
2835,2870.0,4.301
2836,2871.0,4.145
2837,2872.0,4.104
2838,2874.0,4.618
2839,2875.0,4.919
2840,2876.0,5.707
2841,2877.0,6.631
2842,2878.0,6.109
2843,2879.0,5.868
2844,2880.0,5.908
2845,2881.0,5.258
2846,2882.0,5.217
2847,2883.0,5.048
2848,2884.0,4.942
2849,2885.0,4.869
2850,2886.0,4.82
2851,2887.0,4.503
2852,2888.0,4.301
2853,2889.0,4.463
2854,2890.0,4.267
2855,2891.0,4.415
2856,2892.0,4.382
2857,2893.0,5.112
2858,2894.0,5.626
2859,2895.0,5.546
2860,2896.0,5.385
2861,2897.0,5.434
2862,2898.0,5.136
2863,2899.0,5.064
2864,2900.0,4.869
2865,2901.0,4.942
2866,2902.0,4.869
2867,2903.0,4.901
2868,2904.0,4.658
2869,2905.0,4.185
2870,2906.0,4.145
2871,2907.0,4.382
2872,2908.0,4.496
2873,2909.0,4.503
2874,2910.0,4.503
2875,2911.0,5.072
2876,2912.0,5.908
2877,2913.0,5.747
2878,2914.0,5.506
2879,2915.0,5.474
2880,2916.0,5.177
2881,2917.0,5.064
2882,2918.0,4.942
2883,2919.0,5.096
2884,2920.0,4.942
2885,2921.0,4.78
2886,2922.0,4.846
2887,2923.0,4.179
2888,2924.0,4.382
2889,2925.0,4.185
2890,2926.0,4.185
2891,2927.0,4.422
2892,2928.0,5.04
2893,2929.0,5.988
2894,2930.0,6.631
2895,2931.0,5.948
2896,2932.0,5.466
2897,2933.0,5.29
2898,2934.0,5.104
2899,2935.0,5.064
2900,2936.0,4.909
2901,2937.0,4.828
2902,2938.0,4.861
2903,2939.0,4.78
2904,2940.0,4.26
2905,2941.0,4.179
2906,2942.0,4.185
2907,2943.0,4.26
2908,2944.0,4.341
2909,2945.0,4.919
2910,2946.0,5.747
2911,2947.0,7.033
2912,2948.0,6.43
2913,2949.0,5.626
2914,2950.0,5.402
2915,2951.0,5.136
2916,2952.0,5.104
2917,2953.0,4.942
2918,2954.0,4.901
2919,2956.0,4.901
2920,2957.0,4.853
2921,2958.0,4.26
2922,2959.0,4.301
2923,2960.0,4.179
2924,2961.0,4.185
2925,2962.0,4.219
2926,2963.0,4.959
2927,2964.0,5.988
2928,2965.0,6.631
2929,2966.0,6.31
2930,2967.0,5.868
2931,2968.0,5.564
2932,2969.0,5.217
2933,2970.0,5.145
2934,2971.0,5.023
2935,2972.0,4.901
2936,2973.0,4.975
2937,2974.0,4.861
2938,2975.0,4.341
2939,2976.0,4.185
2940,2977.0,4.145
2941,2978.0,4.496
2942,2979.0,4.765
2943,2980.0,5.868
2944,2981.0,5.908
2945,2982.0,5.787
2946,2983.0,5.345
2947,2984.0,5.595
2948,2985.0,5.104
2949,2986.0,4.901
2950,2987.0,5.515
2951,2988.0,5.136
2952,2989.0,4.942
2953,2990.0,4.853
2954,2991.0,4.301
2955,2992.0,4.341
2956,2993.0,4.145
2957,2994.0,4.26
2958,2995.0,4.544
2959,2996.0,5.072
2960,2997.0,5.827
2961,2998.0,5.707
2962,2999.0,5.506
2963,3000.0,5.555
2964,3001.0,5.249
2965,3002.0,5.29
2966,3003.0,4.942
2967,3004.0,5.023
2968,3005.0,4.942
2969,3006.0,4.82
2970,3007.0,4.666
2971,3008.0,4.226
2972,3009.0,4.341
2973,3010.0,4.185
2974,3011.0,4.463
2975,3012.0,4.926
2976,3013.0,5.998
2977,3014.0,6.35
2978,3015.0,5.868
2979,3016.0,5.787
2980,3017.0,5.354
2981,3018.0,5.169
2982,3019.0,5.104
2983,3020.0,5.023
2984,3021.0,4.95
2985,3022.0,4.942
2986,3023.0,4.901
2987,3024.0,4.341
2988,3025.0,4.145
2989,3026.0,4.301
2990,3027.0,4.415
2991,3028.0,4.732
2992,3029.0,5.676
2993,3030.0,5.626
2994,3031.0,5.546
2995,3032.0,5.144
2996,3033.0,5.595
2997,3034.0,5.136
2998,3035.0,4.909
2999,3037.0,5.185
3000,3038.0,5.056
3001,3039.0,4.828
3002,3040.0,4.78
3003,3041.0,4.415
3004,3042.0,4.382
3005,3043.0,4.219
3006,3044.0,4.185
3007,3045.0,4.341
3008,3046.0,4.544
3009,3047.0,5.072
3010,3048.0,5.626
3011,3049.0,5.827
3012,3050.0,5.546
3013,3051.0,5.515
3014,3052.0,5.249
3015,3053.0,5.104
3016,3054.0,4.942
3017,3055.0,5.023
3018,3056.0,4.942
3019,3057.0,4.82
3020,3058.0,4.658
3021,3059.0,4.26
3022,3060.0,4.185
3023,3061.0,4.104
3024,3062.0,4.422
3025,3063.0,4.618
3026,3064.0,5.072
3027,3065.0,5.385
3028,3066.0,5.425
3029,3067.0,5.305
3030,3068.0,5.868
3031,3069.0,5.33
3032,3070.0,5.023
3033,3071.0,4.861
3034,3072.0,4.942
3035,3073.0,4.901
3036,3074.0,4.926
3037,3075.0,4.537
3038,3076.0,4.185
3039,3077.0,4.179
3040,3078.0,4.185
3041,3079.0,4.496
3042,3080.0,4.577
3043,3081.0,4.959
3044,3082.0,5.908
3045,3083.0,6.712
3046,3084.0,6.028
3047,3085.0,5.506
3048,3086.0,5.362
3049,3087.0,5.177
3050,3088.0,5.064
3051,3089.0,4.909
3052,3090.0,4.869
3053,3091.0,4.901
3054,3092.0,4.82
3055,3093.0,4.301
3056,3094.0,4.145
3057,3095.0,4.145
3058,3096.0,4.618
3059,3097.0,4.959
3060,3098.0,5.868
3061,3099.0,6.591
3062,3100.0,6.109
3063,3101.0,5.787
3064,3102.0,5.402
3065,3103.0,5.145
3066,3104.0,5.096
3067,3105.0,4.909
3068,3106.0,4.861
3069,3107.0,4.861
3070,3108.0,4.82
3071,3109.0,4.301
3072,3110.0,4.185
3073,3111.0,4.341
3074,3112.0,4.219
3075,3113.0,4.463
3076,3114.0,4.544
3077,3115.0,4.959
3078,3117.0,6.028
3079,3118.0,6.872
3080,3119.0,6.189
3081,3120.0,5.586
3082,3121.0,5.443
3083,3122.0,5.362
3084,3123.0,5.145
3085,3124.0,4.95
3086,3125.0,4.909
3087,3126.0,4.861
3088,3127.0,4.82
3089,3128.0,4.301
3090,3129.0,4.301
3091,3130.0,4.219
3092,3131.0,4.145
3093,3132.0,4.301
3094,3133.0,4.999
3095,3134.0,5.747
3096,3135.0,6.591
3097,3136.0,6.028
3098,3137.0,5.546
3099,3138.0,5.474
3100,3139.0,5.136
3101,3140.0,5.298
3102,3141.0,4.909
3103,3142.0,4.901
3104,3143.0,4.901
3105,3144.0,4.78
3106,3145.0,4.382
3107,3146.0,4.185
3108,3147.0,4.145
3109,3148.0,4.422
3110,3149.0,4.684
3111,3150.0,5.716
3112,3151.0,5.988
3113,3152.0,5.827
3114,3153.0,5.425
3115,3154.0,5.555
3116,3155.0,5.177
3117,3156.0,4.901
3118,3157.0,5.064
3119,3158.0,5.128
3120,3159.0,4.982
3121,3160.0,4.813
3122,3161.0,4.301
3123,3162.0,4.219
3124,3163.0,4.145
3125,3164.0,4.145
3126,3165.0,4.422
3127,3166.0,4.422
3128,3167.0,5.032
3129,3168.0,5.667
3130,3169.0,5.868
3131,3170.0,5.546
3132,3171.0,5.595
3133,3172.0,5.249
3134,3173.0,5.177
3135,3174.0,4.909
3136,3175.0,5.064
3137,3176.0,4.942
3138,3177.0,4.82
3139,3178.0,4.625
3140,3179.0,4.219
3141,3180.0,4.145
3142,3181.0,4.185
3143,3182.0,4.422
3144,3183.0,4.886
3145,3184.0,5.868
3146,3185.0,6.43
3147,3186.0,5.948
3148,3187.0,6.028
3149,3188.0,5.948
3150,3189.0,5.339
3151,3190.0,5.226
3152,3191.0,5.023
3153,3192.0,4.901
3154,3193.0,5.015
3155,3194.0,4.861
3156,3196.0,4.544
3157,3197.0,4.185
3158,3198.0,4.104
3159,3199.0,4.382
3160,3200.0,4.503
3161,3201.0,5.072
3162,3202.0,5.917
3163,3203.0,6.953
3164,3204.0,6.39
3165,3205.0,5.667
3166,3206.0,5.555
3167,3207.0,5.29
3168,3208.0,5.177
3169,3209.0,5.402
3170,3210.0,5.169
3171,3211.0,4.901
3172,3212.0,4.853
3173,3213.0,4.301
3174,3214.0,4.226
3175,3215.0,4.301
3176,3216.0,4.422
3177,3217.0,4.341
3178,3218.0,5.152
3179,3219.0,5.546
3180,3220.0,5.586
3181,3221.0,5.385
3182,3222.0,5.707
3183,3223.0,5.474
3184,3224.0,5.281
3185,3225.0,4.861
3186,3226.0,4.982
3187,3227.0,4.901
3188,3228.0,4.78
3189,3229.0,4.699
3190,3230.0,4.226
3191,3231.0,4.185
3192,3232.0,4.145
3193,3233.0,4.699
3194,3234.0,5.072
3195,3235.0,5.747
3196,3236.0,6.47
3197,3237.0,6.47
3198,3238.0,5.635
3199,3239.0,5.322
3200,3240.0,5.29
3201,3241.0,5.136
3202,3242.0,4.982
3203,3243.0,4.869
3204,3244.0,4.901
3205,3245.0,4.82
3206,3246.0,4.422
3207,3247.0,4.185
3208,3248.0,4.341
3209,3249.0,4.307
3210,3250.0,4.307
3211,3251.0,4.348
3212,3252.0,4.53
3213,3253.0,5.595
3214,3254.0,5.466
3215,3255.0,5.345
3216,3256.0,5.224
3217,3257.0,5.756
3218,3258.0,5.298
3219,3259.0,4.982
3220,3260.0,4.901
3221,3261.0,5.056
3222,3262.0,4.869
3223,3263.0,5.048
3224,3264.0,4.503
3225,3265.0,4.341
3226,3266.0,4.185
3227,3267.0,4.185
3228,3268.0,4.618
3229,3269.0,4.911
3230,3270.0,5.635
3231,3271.0,6.511
3232,3272.0,5.948
3233,3273.0,5.474
3234,3274.0,5.322
3235,3275.0,5.104
3236,3276.0,5.104
3237,3277.0,5.015
3238,3278.0,4.942
3239,3280.0,4.861
3240,3281.0,4.82
3241,3282.0,4.226
3242,3283.0,4.145
3243,3284.0,4.219
3244,3285.0,4.422
3245,3286.0,4.846
3246,3287.0,5.948
3247,3288.0,6.792
3248,3289.0,6.39
3249,3290.0,5.948
3250,3291.0,5.635
3251,3292.0,5.217
3252,3293.0,5.226
3253,3294.0,4.982
3254,3295.0,4.909
3255,3296.0,4.901
3256,3297.0,4.861
3257,3298.0,4.382
3258,3299.0,4.145
3259,3300.0,4.145
3260,3301.0,4.503
3261,3302.0,5.04
3262,3303.0,5.136
3263,3304.0,5.716
3264,3305.0,6.149
3265,3306.0,5.667
3266,3307.0,5.595
3267,3308.0,5.515
3268,3309.0,5.434
3269,3310.0,4.942
3270,3311.0,5.064
3271,3312.0,4.982
3272,3313.0,4.82
3273,3314.0,4.706
3274,3315.0,4.301
3275,3316.0,4.145
3276,3317.0,4.301
3277,3318.0,4.226
3278,3319.0,4.382
3279,3320.0,4.959
3280,3321.0,5.868
3281,3322.0,6.511
3282,3323.0,5.908
3283,3324.0,5.474
3284,3325.0,5.29
3285,3326.0,5.136
3286,3327.0,5.136
3287,3328.0,4.869
3288,3329.0,4.861
3289,3330.0,4.861
3290,3331.0,4.78
3291,3332.0,4.26
3292,3333.0,4.145
3293,3334.0,4.104
3294,3335.0,4.658
3295,3336.0,5.112
3296,3337.0,5.827
3297,3338.0,5.948
3298,3339.0,5.546
3299,3340.0,5.676
3300,3341.0,5.555
3301,3342.0,5.492
3302,3343.0,4.982
3303,3344.0,4.828
3304,3345.0,4.982
3305,3346.0,4.82
3306,3347.0,4.706
3307,3348.0,4.341
3308,3349.0,4.145
3309,3350.0,4.104
3310,3351.0,4.104
3311,3352.0,4.422
3312,3353.0,4.911
3313,3354.0,5.747
3314,3355.0,5.747
3315,3356.0,5.546
3316,3357.0,5.555
3317,3358.0,5.258
3318,3359.0,5.145
3319,3361.0,4.901
3320,3362.0,5.249
3321,3363.0,4.982
3322,3364.0,4.82
3323,3365.0,4.699
3324,3366.0,4.179
3325,3367.0,4.185
3326,3368.0,4.267
3327,3369.0,4.618
3328,3370.0,5.112
3329,3371.0,6.068
3330,3372.0,6.229
3331,3373.0,5.747
3332,3374.0,5.707
3333,3375.0,5.371
3334,3376.0,5.201
3335,3377.0,5.136
3336,3378.0,4.869
3337,3379.0,4.828
3338,3380.0,4.82
3339,3381.0,4.739
3340,3382.0,4.389
3341,3383.0,4.145
3342,3384.0,4.226
3343,3385.0,4.301
3344,3386.0,4.463
3345,3387.0,5.072
3346,3388.0,5.707
3347,3389.0,5.747
3348,3390.0,5.586
3349,3391.0,5.515
3350,3392.0,5.177
3351,3393.0,5.169
3352,3394.0,4.869
3353,3395.0,4.982
3354,3396.0,4.909
3355,3397.0,4.82
3356,3398.0,4.772
3357,3399.0,4.219
3358,3400.0,4.104
3359,3401.0,4.26
3360,3402.0,4.382
3361,3403.0,5.072
3362,3404.0,5.827
3363,3405.0,5.827
3364,3406.0,5.868
3365,3407.0,5.796
3366,3408.0,5.29
3367,3409.0,5.226
3368,3410.0,4.982
3369,3411.0,5.064
3370,3412.0,4.942
3371,3413.0,4.861
3372,3414.0,4.853
3373,3415.0,4.219
3374,3416.0,4.145
3375,3417.0,4.145
3376,3418.0,4.585
3377,3419.0,5.152
3378,3420.0,5.425
3379,3421.0,5.506
3380,3422.0,5.466
3381,3423.0,5.626
3382,3424.0,5.217
3383,3425.0,5.023
3384,3426.0,4.869
3385,3427.0,4.95
3386,3428.0,5.313
3387,3429.0,5.08
3388,3430.0,4.544
3389,3431.0,4.226
3390,3432.0,4.145
3391,3433.0,4.145
3392,3434.0,4.415
3393,3435.0,4.951
3394,3436.0,5.466
3395,3437.0,5.868
3396,3438.0,5.586
3397,3439.0,5.586
3398,3440.0,5.249
3399,3441.0,5.217
3400,3442.0,5.015
3401,3444.0,5.209
3402,3445.0,5.056
3403,3446.0,4.861
3404,3447.0,4.706
3405,3448.0,4.382
3406,3449.0,4.145
3407,3450.0,4.145
3408,3451.0,4.625
3409,3452.0,5.112
3410,3453.0,5.626
3411,3454.0,6.068
3412,3455.0,5.546
3413,3456.0,5.667
3414,3457.0,5.29
3415,3458.0,5.29
3416,3459.0,4.982
3417,3460.0,5.056
3418,3461.0,4.982
3419,3462.0,4.82
3420,3463.0,4.706
3421,3464.0,4.463
3422,3465.0,4.219
3423,3466.0,4.104
3424,3467.0,4.382
3425,3468.0,4.886
3426,3469.0,5.988
3427,3470.0,6.591
3428,3471.0,5.948
3429,3472.0,5.868
3430,3473.0,5.474
3431,3474.0,5.217
3432,3475.0,5.217
3433,3476.0,4.99
3434,3477.0,4.982
3435,3478.0,4.901
3436,3479.0,4.894
3437,3480.0,4.375
3438,3481.0,4.185
3439,3482.0,4.26
3440,3483.0,4.26
3441,3484.0,4.544
3442,3485.0,4.991
3443,3486.0,5.29
3444,3487.0,5.948
3445,3488.0,5.988
3446,3489.0,5.345
3447,3490.0,5.595
3448,3491.0,5.177
3449,3492.0,4.909
3450,3493.0,5.185
3451,3494.0,4.861
3452,3495.0,5.048
3453,3496.0,4.853
3454,3497.0,4.341
3455,3498.0,4.301
3456,3499.0,4.301
3457,3500.0,4.104
3458,3501.0,4.618
3459,3502.0,4.999
3460,3503.0,5.787
3461,3504.0,6.872
3462,3505.0,5.988
3463,3506.0,5.546
3464,3507.0,5.362
3465,3508.0,5.136
3466,3509.0,5.064
3467,3510.0,4.942
3468,3511.0,4.934
3469,3512.0,4.894
3470,3513.0,4.78
3471,3514.0,4.389
3472,3515.0,4.179
3473,3516.0,4.145
3474,3517.0,4.301
3475,3518.0,4.911
3476,3519.0,5.385
3477,3520.0,5.546
3478,3521.0,5.385
3479,3522.0,5.434
3480,3523.0,5.322
3481,3525.0,5.104
3482,3526.0,4.869
3483,3527.0,5.249
3484,3528.0,4.975
3485,3529.0,4.853
3486,3530.0,4.625
3487,3531.0,4.219
3488,3532.0,4.145
3489,3533.0,4.26
3490,3534.0,4.577
3491,3535.0,5.354
3492,3536.0,5.385
3493,3537.0,5.305
3494,3538.0,5.224
3495,3539.0,6.028
3496,3540.0,5.747
3497,3541.0,4.982
3498,3542.0,5.136
3499,3543.0,4.901
3500,3544.0,4.869
3501,3545.0,4.78
3502,3546.0,4.496
3503,3547.0,4.382
3504,3548.0,4.26
3505,3549.0,4.301
3506,3550.0,4.382
3507,3551.0,4.926
3508,3552.0,5.796
3509,3553.0,6.068
3510,3554.0,5.868
3511,3555.0,5.425
3512,3556.0,5.474
3513,3557.0,5.104
3514,3558.0,4.869
3515,3559.0,5.064
3516,3560.0,5.023
3517,3561.0,4.982
3518,3562.0,4.78
3519,3563.0,4.618
3520,3564.0,4.185
3521,3565.0,4.145
3522,3566.0,4.179
3523,3567.0,4.544
3524,3568.0,4.26
3525,3569.0,4.611
3526,3570.0,5.16
3527,3571.0,4.422
3528,3572.0,5.42
3529,3573.0,5.595
3530,3574.0,5.586
3531,3575.0,5.425
3532,3576.0,5.877
3533,3577.0,5.258
3534,3578.0,5.023
3535,3579.0,5.064
3536,3580.0,4.901
3537,3581.0,4.828
3538,3582.0,4.82
3539,3583.0,4.658
3540,3584.0,4.382
3541,3585.0,4.185
3542,3586.0,4.145
3543,3587.0,4.185
3544,3588.0,4.422
3545,3589.0,4.577
3546,3590.0,4.919
3547,3591.0,6.109
3548,3592.0,6.913
3549,3593.0,6.109
3550,3594.0,5.555
3551,3595.0,5.523
3552,3596.0,5.145
3553,3597.0,5.104
3554,3598.0,4.909
3555,3599.0,4.869
3556,3600.0,4.861
3557,3601.0,4.967
3558,3602.0,4.26
3559,3603.0,4.26
3560,3604.0,4.185
3561,3605.0,4.145
3562,3606.0,4.618
3563,3607.0,4.999
3564,3609.0,6.028
3565,3610.0,6.913
3566,3611.0,6.43
3567,3612.0,5.948
3568,3613.0,5.515
3569,3614.0,5.217
3570,3615.0,5.136
3571,3616.0,5.015
3572,3617.0,5.007
3573,3618.0,5.12
3574,3619.0,5.12
3575,3620.0,4.341
3576,3621.0,4.267
3577,3622.0,4.185
3578,3623.0,4.226
3579,3624.0,4.185
3580,3625.0,4.456
3581,3626.0,4.301
3582,3627.0,5.112
3583,3628.0,5.827
3584,3629.0,5.586
3585,3630.0,5.586
3586,3631.0,5.434
3587,3632.0,5.136
3588,3633.0,5.104
3589,3634.0,5.201
3590,3635.0,5.023
3591,3636.0,4.901
3592,3637.0,4.853
3593,3638.0,4.577
3594,3639.0,4.26
3595,3640.0,4.145
3596,3641.0,4.26
3597,3642.0,4.145
3598,3643.0,4.341
3599,3644.0,4.691
3600,3645.0,5.635
3601,3646.0,6.189
3602,3647.0,6.189
3603,3648.0,5.345
3604,3649.0,5.595
3605,3650.0,5.136
3606,3651.0,4.901
3607,3652.0,5.104
3608,3653.0,4.909
3609,3654.0,4.828
3610,3655.0,4.78
3611,3656.0,4.463
3612,3657.0,4.456
3613,3658.0,4.179
3614,3659.0,4.104
3615,3660.0,4.104
3616,3661.0,4.658
3617,3662.0,4.651
3618,3663.0,5.676
3619,3664.0,5.908
3620,3665.0,5.948
3621,3666.0,5.345
3622,3667.0,5.595
3623,3668.0,5.362
3624,3669.0,5.385
3625,3670.0,5.209
3626,3671.0,4.982
3627,3672.0,4.901
3628,3673.0,4.78
3629,3674.0,4.503
3630,3675.0,4.145
3631,3676.0,4.145
3632,3677.0,4.496
3633,3678.0,4.301
3634,3679.0,4.951
3635,3680.0,5.466
3636,3681.0,5.707
3637,3682.0,5.506
3638,3683.0,5.555
3639,3684.0,5.443
3640,3685.0,5.177
3641,3686.0,4.901
3642,3687.0,5.096
3643,3688.0,4.942
3644,3689.0,4.82
3645,3691.0,4.666
3646,3692.0,4.26
3647,3693.0,4.185
3648,3694.0,4.301
3649,3695.0,4.732
3650,3696.0,5.595
3651,3697.0,5.948
3652,3698.0,5.868
3653,3699.0,5.345
3654,3700.0,5.908
3655,3701.0,5.258
3656,3702.0,4.901
3657,3703.0,5.145
3658,3704.0,5.015
3659,3705.0,5.16
3660,3706.0,4.853
3661,3707.0,4.375
3662,3708.0,4.179
3663,3709.0,4.26
3664,3710.0,4.145
3665,3711.0,4.739
3666,3712.0,4.886
3667,3713.0,6.028
3668,3714.0,6.43
3669,3715.0,5.948
3670,3716.0,5.787
3671,3717.0,5.555
3672,3718.0,5.515
3673,3719.0,5.402
3674,3720.0,5.023
3675,3721.0,4.942
3676,3722.0,5.233
3677,3723.0,4.894
3678,3724.0,4.301
3679,3725.0,4.185
3680,3726.0,4.26
3681,3727.0,4.226
3682,3728.0,4.618
3683,3729.0,4.226
3684,3730.0,5.072
3685,3731.0,4.772
3686,3732.0,5.725
3687,3733.0,6.591
3688,3734.0,5.988
3689,3735.0,5.747
3690,3736.0,5.33
3691,3737.0,5.023
3692,3738.0,5.023
3693,3739.0,4.942
3694,3740.0,4.975
3695,3741.0,4.861
3696,3742.0,4.894
3697,3743.0,4.301
3698,3744.0,4.382
3699,3745.0,4.179
3700,3746.0,4.145
3701,3747.0,4.618
3702,3748.0,5.032
3703,3749.0,5.707
3704,3750.0,6.47
3705,3751.0,5.868
3706,3752.0,5.707
3707,3753.0,5.443
3708,3754.0,5.201
3709,3755.0,5.064
3710,3756.0,4.861
3711,3757.0,4.934
3712,3758.0,4.861
3713,3759.0,4.772
3714,3760.0,4.26
3715,3761.0,4.341
3716,3762.0,4.179
3717,3763.0,4.739
3718,3764.0,5.04
3719,3765.0,5.908
3720,3766.0,6.953
3721,3767.0,6.189
3722,3768.0,5.586
3723,3769.0,5.322
3724,3770.0,5.249
3725,3771.0,5.169
3726,3772.0,4.901
3727,3774.0,4.869
3728,3775.0,4.861
3729,3776.0,4.78
3730,3777.0,4.348
3731,3778.0,4.145
3732,3779.0,4.104
3733,3780.0,4.415
3734,3781.0,4.805
3735,3782.0,6.35
3736,3783.0,6.43
3737,3784.0,5.908
3738,3785.0,5.787
3739,3786.0,5.354
3740,3787.0,5.064
3741,3788.0,5.064
3742,3789.0,5.322
3743,3790.0,5.305
3744,3791.0,5.128
3745,3792.0,4.934
3746,3793.0,4.341
3747,3794.0,4.301
3748,3795.0,4.145
3749,3796.0,4.463
3750,3797.0,4.878
3751,3798.0,5.827
3752,3799.0,6.47
3753,3800.0,6.028
3754,3801.0,5.988
3755,3802.0,5.868
3756,3803.0,5.379
3757,3804.0,5.339
3758,3805.0,5.056
3759,3806.0,4.942
3760,3807.0,5.056
3761,3808.0,4.861
3762,3809.0,4.463
3763,3810.0,4.145
3764,3811.0,4.145
3765,3812.0,4.375
3766,3813.0,4.846
3767,3814.0,5.877
3768,3815.0,5.908
3769,3816.0,5.787
3770,3817.0,5.265
3771,3818.0,5.595
3772,3819.0,5.136
3773,3820.0,4.869
3774,3821.0,5.104
3775,3822.0,4.982
3776,3823.0,4.869
3777,3824.0,4.853
3778,3825.0,4.341
3779,3826.0,4.185
3780,3827.0,4.456
3781,3828.0,4.83
3782,3829.0,5.586
3783,3830.0,6.028
3784,3831.0,5.626
3785,3832.0,5.716
3786,3833.0,5.451
3787,3834.0,5.023
3788,3835.0,4.95
3789,3836.0,4.861
3790,3837.0,4.828
3791,3838.0,4.82
3792,3839.0,4.739
3793,3840.0,4.226
3794,3841.0,4.145
3795,3842.0,4.765
3796,3843.0,5.515
3797,3844.0,5.747
3798,3845.0,5.586
3799,3846.0,5.184
3800,3847.0,5.515
3801,3848.0,5.362
3802,3849.0,5.193
3803,3850.0,5.226
3804,3851.0,4.869
3805,3852.0,4.82
3806,3853.0,4.78
3807,3855.0,4.382
3808,3856.0,4.145
3809,3857.0,4.651
3810,3858.0,4.83
3811,3859.0,5.385
3812,3860.0,5.546
3813,3861.0,5.385
3814,3862.0,5.434
3815,3863.0,5.136
3816,3864.0,5.064
3817,3865.0,4.934
3818,3866.0,4.982
3819,3867.0,4.975
3820,3868.0,4.82
3821,3869.0,4.544
3822,3870.0,4.219
3823,3871.0,4.145
3824,3872.0,4.805
3825,3873.0,5.586
3826,3874.0,5.868
3827,3875.0,5.747
3828,3876.0,5.265
3829,3877.0,5.555
3830,3878.0,5.136
3831,3879.0,4.901
3832,3880.0,5.145
3833,3881.0,4.95
3834,3882.0,4.934
3835,3883.0,4.78
3836,3884.0,4.415
3837,3885.0,4.098
3838,3886.0,4.496
3839,3887.0,4.911
3840,3888.0,5.586
3841,3889.0,5.707
3842,3890.0,5.546
3843,3891.0,5.555
3844,3892.0,5.29
3845,3893.0,5.298
3846,3894.0,4.942
3847,3895.0,4.787
3848,3896.0,5.023
3849,3897.0,5.152
3850,3898.0,4.813
3851,3899.0,4.219
3852,3900.0,4.219
3853,3901.0,4.878
3854,3902.0,5.667
3855,3903.0,6.43
3856,3904.0,5.988
3857,3905.0,5.506
3858,3906.0,5.434
3859,3907.0,5.145
3860,3908.0,5.104
3861,3909.0,5.193
3862,3910.0,4.942
3863,3911.0,4.901
3864,3912.0,4.82
3865,3913.0,4.26
3866,3914.0,4.145
3867,3915.0,4.772
3868,3916.0,4.87
3869,3917.0,5.345
3870,3918.0,5.466
3871,3919.0,5.345
3872,3920.0,5.394
3873,3921.0,5.177
3874,3922.0,5.064
3875,3923.0,4.901
3876,3924.0,4.982
3877,3925.0,5.015
3878,3926.0,4.82
3879,3927.0,4.699
3880,3928.0,4.219
3881,3929.0,4.145
3882,3930.0,4.765
3883,3931.0,5.434
3884,3932.0,5.385
3885,3933.0,5.305
3886,3934.0,5.224
3887,3935.0,5.756
3888,3936.0,5.258
3889,3938.0,5.056
3890,3939.0,5.217
3891,3940.0,4.901
3892,3941.0,4.828
3893,3942.0,4.813
3894,3943.0,4.496
3895,3944.0,4.185
3896,3945.0,4.846
3897,3946.0,5.635
3898,3947.0,6.028
3899,3948.0,6.028
3900,3949.0,5.385
3901,3950.0,5.595
3902,3951.0,5.104
3903,3952.0,4.901
3904,3953.0,5.104
3905,3954.0,5.023
3906,3955.0,4.909
3907,3956.0,4.813
3908,3957.0,4.341
3909,3958.0,4.185
3910,3959.0,4.919
3911,3960.0,5.586
3912,3961.0,5.908
3913,3962.0,5.868
3914,3963.0,5.345
3915,3964.0,5.515
3916,3965.0,5.104
3917,3966.0,4.869
3918,3967.0,5.104
3919,3968.0,4.982
3920,3969.0,5.128
3921,3970.0,4.959
3922,3971.0,4.382
3923,3972.0,4.145
3924,3973.0,4.658
3925,3974.0,4.951
3926,3975.0,5.667
3927,3976.0,5.506
3928,3977.0,5.345
3929,3978.0,5.394
3930,3979.0,5.136
3931,3980.0,5.023
3932,3981.0,4.869
3933,3982.0,4.95
3934,3983.0,4.901
3935,3984.0,4.78
3936,3985.0,4.691
3937,3986.0,4.179
3938,3987.0,4.226
3939,3988.0,4.618
3940,3989.0,4.83
3941,3990.0,5.466
3942,3991.0,5.787
3943,3992.0,5.546
3944,3993.0,5.586
3945,3994.0,5.258
3946,3995.0,5.185
3947,3996.0,4.942
3948,3997.0,5.104
3949,3998.0,4.942
3950,3999.0,4.861
3951,4000.0,4.699
3952,4001.0,4.185
3953,4002.0,4.145
3954,4003.0,4.798
3955,4004.0,5.868
3956,4005.0,6.39
3957,4006.0,5.948
3958,4007.0,5.868
3959,4008.0,5.555
3960,4009.0,5.177
3961,4010.0,5.145
3962,4011.0,4.99
3963,4012.0,4.942
3964,4013.0,4.901
3965,4014.0,4.861
3966,4015.0,4.26
3967,4016.0,4.145
3968,4018.0,4.691
3969,4019.0,4.911
3970,4020.0,5.345
3971,4021.0,5.425
3972,4022.0,5.506
3973,4023.0,5.595
3974,4024.0,5.217
3975,4025.0,5.023
3976,4026.0,4.828
3977,4027.0,4.942
3978,4028.0,4.869
3979,4029.0,5.04
3980,4030.0,4.691
3981,4031.0,4.179
3982,4032.0,4.145
3983,4033.0,4.911
3984,4034.0,5.626
3985,4035.0,6.39
3986,4036.0,5.868
3987,4037.0,5.506
3988,4038.0,5.29
3989,4039.0,5.096
3990,4040.0,5.023
3991,4041.0,4.901
3992,4042.0,4.828
3993,4043.0,4.861
3994,4044.0,4.82
3995,4045.0,4.219
3996,4046.0,4.145
3997,4047.0,4.959
3998,4048.0,5.908
3999,4049.0,6.35
4000,4050.0,5.988
4001,4051.0,5.787
4002,4052.0,5.434
4003,4053.0,5.136
4004,4054.0,5.177
4005,4055.0,4.982
4006,4056.0,4.982
4007,4057.0,4.942
4008,4058.0,4.934
4009,4059.0,4.301
4010,4060.0,4.145
4011,4061.0,4.651
4012,4062.0,5.152
4013,4063.0,5.305
4014,4064.0,5.345
4015,4065.0,5.224
4016,4066.0,5.756
4017,4067.0,5.362
4018,4068.0,4.982
4019,4069.0,5.023
4020,4070.0,4.909
4021,4071.0,4.828
4022,4072.0,4.82
4023,4073.0,4.382
4024,4074.0,4.145
4025,4075.0,4.219
4026,4076.0,4.83
4027,4077.0,5.506
4028,4078.0,5.908
4029,4079.0,5.506
4030,4080.0,5.716
4031,4081.0,5.371
4032,4082.0,5.33
4033,4083.0,4.95
4034,4084.0,4.82
4035,4085.0,4.982
4036,4086.0,4.894
4037,4087.0,4.739
4038,4088.0,4.219
4039,4089.0,4.267
4040,4090.0,4.878
4041,4091.0,5.908
4042,4092.0,6.068
4043,4093.0,5.868
4044,4094.0,5.506
4045,4095.0,5.474
4046,4096.0,5.064
4047,4097.0,4.869
4048,4098.0,5.064
4049,4099.0,4.982
4050,4100.0,4.942
4051,4102.0,4.78
4052,4103.0,4.301
4053,4104.0,4.104
4054,4105.0,4.805
4055,4106.0,5.425
4056,4107.0,5.425
4057,4108.0,5.345
4058,4109.0,5.224
4059,4110.0,5.756
4060,4111.0,5.258
4061,4112.0,4.942
4062,4113.0,5.064
4063,4114.0,4.909
4064,4115.0,4.828
4065,4116.0,4.78
4066,4117.0,4.422
4067,4118.0,4.145
4068,4119.0,4.577
4069,4120.0,4.83
4070,4121.0,5.385
4071,4122.0,5.626
4072,4123.0,5.425
4073,4124.0,5.515
4074,4125.0,5.177
4075,4126.0,5.104
4076,4127.0,4.869
4077,4128.0,5.023
4078,4129.0,4.942
4079,4130.0,4.861
4080,4131.0,4.625
4081,4132.0,4.185
4082,4133.0,4.26
4083,4134.0,4.911
4084,4135.0,5.506
4085,4136.0,5.908
4086,4137.0,5.506
4087,4138.0,5.707
4088,4139.0,5.33
4089,4140.0,5.258
4090,4141.0,4.95
4091,4142.0,4.934
4092,4143.0,4.982
4093,4144.0,4.853
4094,4145.0,4.78
4095,4146.0,4.219
4096,4147.0,4.618
4097,4148.0,4.83
4098,4149.0,5.586
4099,4150.0,5.506
4100,4151.0,5.305
4101,4152.0,5.474
4102,4153.0,5.136
4103,4154.0,5.023
4104,4155.0,4.828
4105,4156.0,4.95
4106,4157.0,4.869
4107,4158.0,4.78
4108,4159.0,4.537
4109,4160.0,4.145
4110,4161.0,4.757
4111,4162.0,5.948
4112,4163.0,6.31
4113,4164.0,5.868
4114,4165.0,5.707
4115,4166.0,5.394
4116,4167.0,5.064
4117,4168.0,5.096
4118,4169.0,5.064
4119,4170.0,5.023
4120,4171.0,4.942
4121,4172.0,4.861
4122,4173.0,4.301
4123,4174.0,4.104
4124,4175.0,4.846
4125,4176.0,5.586
4126,4177.0,5.948
4127,4178.0,5.787
4128,4179.0,5.305
4129,4180.0,5.595
4130,4181.0,5.177
4131,4182.0,4.869
4132,4183.0,5.209
4133,4185.0,4.982
4134,4186.0,4.861
4135,4187.0,4.78
4136,4188.0,4.341
4137,4189.0,4.104
4138,4190.0,4.104
4139,4191.0,4.577
4140,4192.0,4.83
4141,4193.0,5.385
4142,4194.0,5.626
4143,4195.0,5.425
4144,4196.0,5.515
4145,4197.0,5.177
4146,4198.0,5.362
4147,4199.0,4.982
4148,4200.0,5.023
4149,4201.0,4.909
4150,4202.0,4.82
4151,4203.0,4.585
4152,4204.0,4.145
4153,4205.0,4.145
4154,4206.0,4.79
4155,4207.0,5.707
4156,4208.0,6.551
4157,4209.0,6.43
4158,4210.0,5.787
4159,4211.0,5.474
4160,4212.0,5.217
4161,4213.0,5.145
4162,4214.0,4.95
4163,4215.0,4.869
4164,4216.0,4.861
4165,4217.0,4.861
4166,4218.0,4.219
4167,4219.0,4.145
4168,4220.0,4.765
4169,4221.0,5.466
4170,4222.0,5.506
4171,4223.0,5.425
4172,4224.0,5.184
4173,4225.0,5.948
4174,4226.0,5.258
4175,4227.0,4.982
4176,4228.0,5.226
4177,4229.0,4.861
4178,4230.0,4.828
4179,4231.0,4.813
4180,4232.0,4.382
4181,4233.0,4.185
4182,4234.0,4.537
4183,4235.0,4.951
4184,4236.0,5.506
4185,4237.0,5.787
4186,4238.0,5.546
4187,4239.0,5.626
4188,4240.0,5.258
4189,4241.0,5.209
4190,4242.0,4.909
4191,4243.0,5.064
4192,4244.0,4.942
4193,4245.0,4.853
4194,4246.0,4.699
4195,4247.0,4.26
4196,4248.0,4.145
4197,4249.0,4.878
4198,4250.0,5.787
4199,4251.0,6.511
4200,4252.0,6.028
4201,4253.0,5.707
4202,4254.0,5.555
4203,4255.0,5.226
4204,4256.0,5.226
4205,4257.0,4.95
4206,4258.0,4.901
4207,4259.0,4.901
4208,4260.0,4.861
4209,4261.0,4.26
4210,4262.0,4.145
4211,4263.0,4.382
4212,4264.0,4.911
4213,4266.0,5.466
4214,4267.0,5.747
4215,4268.0,5.555
4216,4269.0,5.667
4217,4270.0,5.506
4218,4271.0,5.217
4219,4272.0,4.909
4220,4273.0,5.023
4221,4274.0,4.95
4222,4275.0,4.853
4223,4276.0,4.739
4224,4277.0,4.219
4225,4278.0,4.104
4226,4279.0,4.145
4227,4280.0,4.463
4228,4281.0,4.926
4229,4282.0,5.868
4230,4283.0,6.511
4231,4284.0,5.988
4232,4285.0,5.787
4233,4286.0,5.635
4234,4287.0,5.451
4235,4288.0,5.226
4236,4289.0,4.982
4237,4290.0,4.942
4238,4291.0,5.007
4239,4292.0,4.861
4240,4293.0,4.301
4241,4294.0,4.226
4242,4295.0,4.813
4243,4296.0,5.474
4244,4297.0,5.506
4245,4298.0,5.425
4246,4299.0,5.224
4247,4300.0,5.676
4248,4301.0,5.217
4249,4302.0,4.942
4250,4303.0,5.443
4251,4304.0,4.975
4252,4305.0,4.828
4253,4306.0,4.78
4254,4307.0,4.382
4255,4308.0,4.179
4256,4309.0,4.618
4257,4310.0,4.83
4258,4311.0,5.345
4259,4312.0,5.385
4260,4313.0,5.265
4261,4314.0,5.595
4262,4315.0,5.298
4263,4316.0,4.982
4264,4317.0,4.828
4265,4318.0,4.909
4266,4319.0,4.869
4267,4320.0,4.82
4268,4321.0,4.503
4269,4322.0,4.185
4270,4323.0,4.456
4271,4324.0,4.87
4272,4325.0,5.425
4273,4326.0,5.747
4274,4327.0,5.506
4275,4328.0,5.586
4276,4329.0,5.474
4277,4330.0,5.249
4278,4331.0,4.942
4279,4332.0,5.064
4280,4333.0,4.942
4281,4334.0,4.82
4282,4335.0,4.658
4283,4336.0,4.185
4284,4337.0,4.219
4285,4338.0,4.911
4286,4339.0,5.586
4287,4340.0,6.109
4288,4341.0,5.667
4289,4342.0,5.716
4290,4343.0,5.451
4291,4344.0,5.064
4292,4346.0,4.982
4293,4347.0,5.015
4294,4348.0,4.828
4295,4349.0,4.861
4296,4350.0,4.78
4297,4351.0,4.226
4298,4352.0,4.104
4299,4353.0,4.838
4300,4354.0,6.028
4301,4355.0,6.43
4302,4356.0,5.948
4303,4357.0,5.827
4304,4358.0,5.555
4305,4359.0,5.185
4306,4360.0,5.258
4307,4361.0,4.982
4308,4362.0,4.942
4309,4363.0,4.901
4310,4364.0,4.861
4311,4365.0,4.219
4312,4366.0,4.145
4313,4367.0,4.104
4314,4368.0,4.757
4315,4369.0,5.957
4316,4370.0,6.35
4317,4371.0,5.908
4318,4372.0,5.827
4319,4373.0,5.394
4320,4374.0,5.145
4321,4375.0,5.064
4322,4376.0,4.982
4323,4377.0,4.95
4324,4378.0,4.942
4325,4379.0,4.861
4326,4380.0,4.301
4327,4381.0,4.145
4328,4382.0,4.185
4329,4383.0,4.79
4330,4384.0,5.626
4331,4385.0,6.591
4332,4386.0,6.068
4333,4387.0,5.515
4334,4388.0,5.402
4335,4389.0,5.281
4336,4390.0,5.136
4337,4391.0,4.909
4338,4392.0,4.901
4339,4393.0,4.861
4340,4394.0,4.853
4341,4395.0,4.219
4342,4396.0,4.185
4343,4397.0,4.145
4344,4398.0,4.911
4345,4399.0,5.586
4346,4400.0,5.988
4347,4401.0,5.626
4348,4402.0,5.747
4349,4403.0,5.451
4350,4404.0,5.023
4351,4405.0,4.95
4352,4406.0,4.901
4353,4407.0,4.861
4354,4408.0,4.82
4355,4409.0,4.739
4356,4410.0,4.185
4357,4411.0,4.145
4358,4412.0,4.537
4359,4413.0,4.911
4360,4414.0,5.425
4361,4415.0,5.626
4362,4416.0,5.586
4363,4417.0,5.586
4364,4418.0,5.217
4365,4419.0,5.136
4366,4420.0,4.869
4367,4421.0,5.023
4368,4422.0,4.982
4369,4423.0,4.894
4370,4424.0,4.577
4371,4425.0,4.185
4372,4426.0,4.341
4373,4427.0,4.83
4374,4429.0,5.466
4375,4430.0,5.787
4376,4431.0,5.546
4377,4432.0,5.586
4378,4433.0,5.258
4379,4434.0,5.217
4380,4435.0,4.909
4381,4436.0,4.982
4382,4437.0,4.942
4383,4438.0,4.853
4384,4439.0,4.699
4385,4440.0,4.185
4386,4441.0,4.138
4387,4442.0,5.032
4388,4443.0,5.546
4389,4444.0,5.948
4390,4445.0,5.595
4391,4446.0,5.796
4392,4447.0,5.411
4393,4448.0,5.185
4394,4449.0,5.096
4395,4450.0,5.112
4396,4451.0,4.942
4397,4452.0,4.861
4398,4453.0,4.82
4399,4454.0,4.219
4400,4455.0,4.104
4401,4456.0,4.772
4402,4457.0,5.024
4403,4458.0,5.305
4404,4459.0,5.385
4405,4460.0,5.265
4406,4461.0,5.555
4407,4462.0,5.217
4408,4463.0,5.064
4409,4464.0,4.828
4410,4465.0,4.942
4411,4466.0,4.869
4412,4467.0,4.894
4413,4468.0,4.658
4414,4469.0,4.226
4415,4470.0,4.651
4416,4471.0,5.032
4417,4472.0,5.305
4418,4473.0,5.385
4419,4474.0,5.265
4420,4475.0,5.595
4421,4476.0,5.258
4422,4477.0,5.023
4423,4478.0,4.828
4424,4479.0,4.942
4425,4480.0,4.869
4426,4481.0,4.813
4427,4482.0,4.577
4428,4483.0,4.219
4429,4484.0,4.651
4430,4485.0,4.911
4431,4486.0,5.385
4432,4487.0,5.626
4433,4488.0,5.474
4434,4489.0,5.555
4435,4490.0,5.217
4436,4491.0,5.258
4437,4492.0,4.901
4438,4493.0,5.023
4439,4494.0,4.942
4440,4495.0,4.82
4441,4496.0,4.739
4442,4497.0,4.185
4443,4498.0,4.145
4444,4499.0,4.757
4445,4500.0,5.707
4446,4501.0,6.712
4447,4502.0,6.229
4448,4503.0,5.667
4449,4504.0,5.515
4450,4505.0,5.185
4451,4506.0,5.185
4452,4507.0,4.942
4453,4508.0,4.909
4454,4510.0,5.152
4455,4511.0,4.894
4456,4512.0,4.26
4457,4513.0,4.138
4458,4514.0,4.732
4459,4515.0,4.87
4460,4516.0,5.385
4461,4517.0,5.586
4462,4518.0,5.385
4463,4519.0,5.434
4464,4520.0,5.136
4465,4521.0,5.064
4466,4522.0,4.869
4467,4523.0,5.023
4468,4524.0,4.869
4469,4525.0,4.82
4470,4526.0,4.618
4471,4527.0,4.219
4472,4528.0,4.422
4473,4529.0,4.226
4474,4530.0,4.838
4475,4531.0,5.988
4476,4532.0,6.47
4477,4533.0,6.028
4478,4534.0,5.747
4479,4535.0,5.635
4480,4536.0,5.258
4481,4537.0,5.266
4482,4538.0,4.982
4483,4539.0,4.942
4484,4540.0,4.975
4485,4541.0,5.007
4486,4542.0,4.341
4487,4543.0,4.145
4488,4544.0,4.724
4489,4545.0,5.474
4490,4546.0,5.667
4491,4547.0,5.546
4492,4548.0,5.184
4493,4549.0,5.555
4494,4550.0,5.185
4495,4551.0,4.901
4496,4552.0,5.145
4497,4553.0,5.273
4498,4554.0,4.861
4499,4555.0,4.78
4500,4556.0,4.422
4501,4557.0,4.145
4502,4558.0,4.805
4503,4559.0,5.394
4504,4560.0,5.425
4505,4561.0,5.345
4506,4562.0,5.385
4507,4563.0,5.756
4508,4564.0,5.217
4509,4565.0,4.909
4510,4566.0,5.258
4511,4567.0,4.901
4512,4568.0,4.82
4513,4569.0,5.193
4514,4570.0,4.651
4515,4571.0,4.301
4516,4572.0,4.26
4517,4573.0,4.422
4518,4574.0,4.382
4519,4575.0,4.87
4520,4576.0,5.425
4521,4577.0,5.546
4522,4578.0,5.425
4523,4579.0,5.676
4524,4580.0,5.298
4525,4581.0,5.023
4526,4582.0,4.787
4527,4583.0,5.015
4528,4584.0,4.861
4529,4585.0,4.78
4530,4586.0,4.463
4531,4587.0,4.179
4532,4588.0,4.145
4533,4589.0,4.757
4534,4590.0,5.787
4535,4591.0,6.671
4536,4593.0,6.028
4537,4594.0,5.787
4538,4595.0,5.595
4539,4596.0,5.258
4540,4597.0,5.371
4541,4598.0,5.064
4542,4599.0,4.901
4543,4600.0,4.942
4544,4601.0,4.861
4545,4602.0,4.301
4546,4603.0,4.145
4547,4604.0,4.959
4548,4605.0,5.948
4549,4606.0,6.109
4550,4607.0,5.827
4551,4608.0,5.506
4552,4609.0,5.515
4553,4610.0,5.169
4554,4611.0,4.869
4555,4612.0,5.145
4556,4613.0,4.982
4557,4614.0,4.982
4558,4615.0,4.78
4559,4616.0,4.382
4560,4617.0,4.341
4561,4618.0,4.341
4562,4619.0,4.382
4563,4620.0,4.585
4564,4621.0,4.765
4565,4622.0,6.269
4566,4623.0,6.792
4567,4624.0,6.43
4568,4625.0,6.269
4569,4626.0,5.595
4570,4627.0,5.29
4571,4628.0,5.104
4572,4629.0,5.169
4573,4630.0,5.313
4574,4631.0,5.088
4575,4632.0,5.048
4576,4633.0,4.463
4577,4634.0,4.145
4578,4635.0,4.185
4579,4636.0,4.179
4580,4637.0,4.651
4581,4638.0,5.434
4582,4639.0,5.667
4583,4640.0,5.425
4584,4641.0,5.224
4585,4642.0,5.635
4586,4643.0,5.249
4587,4644.0,4.942
4588,4645.0,5.258
4589,4646.0,4.861
4590,4647.0,5.007
4591,4648.0,4.934
4592,4649.0,4.382
4593,4650.0,4.185
4594,4651.0,4.341
4595,4652.0,4.382
4596,4653.0,4.544
4597,4654.0,4.226
4598,4655.0,4.57
4599,4656.0,5.676
4600,4657.0,6.109
4601,4658.0,5.747
4602,4659.0,5.224
4603,4660.0,5.595
4604,4661.0,5.136
4605,4662.0,4.901
4606,4663.0,5.145
4607,4664.0,4.982
4608,4665.0,4.828
4609,4666.0,4.82
4610,4667.0,4.463
4611,4668.0,4.185
4612,4669.0,4.145
4613,4670.0,4.732
4614,4671.0,4.911
4615,4672.0,5.626
4616,4673.0,6.068
4617,4675.0,5.667
4618,4676.0,5.676
4619,4677.0,5.483
4620,4678.0,5.023
4621,4679.0,5.169
4622,4680.0,4.869
4623,4681.0,4.828
4624,4682.0,5.048
4625,4683.0,4.813
4626,4684.0,4.219
4627,4685.0,4.185
4628,4686.0,4.717
4629,4687.0,5.957
4630,4688.0,6.229
4631,4689.0,5.908
4632,4690.0,5.948
4633,4691.0,5.474
4634,4692.0,5.064
4635,4693.0,5.023
4636,4694.0,5.023
4637,4695.0,4.982
4638,4696.0,4.942
4639,4697.0,4.82
4640,4698.0,4.26
4641,4699.0,4.185
4642,4700.0,4.724
4643,4701.0,5.546
4644,4702.0,5.787
4645,4703.0,5.747
4646,4704.0,5.224
4647,4705.0,5.707
4648,4706.0,5.145
4649,4707.0,4.975
4650,4708.0,5.177
4651,4709.0,4.869
4652,4710.0,4.828
4653,4711.0,4.78
4654,4712.0,4.341
4655,4713.0,4.145
4656,4714.0,4.611
4657,4715.0,4.83
4658,4716.0,5.425
4659,4717.0,5.707
4660,4718.0,5.546
4661,4719.0,5.555
4662,4720.0,5.258
4663,4721.0,5.104
4664,4722.0,4.909
4665,4723.0,5.023
4666,4724.0,4.942
4667,4725.0,4.82
4668,4726.0,4.658
4669,4727.0,4.185
4670,4728.0,4.145
4671,4729.0,4.813
4672,4730.0,5.313
4673,4731.0,5.626
4674,4732.0,5.466
4675,4733.0,5.224
4676,4734.0,5.756
4677,4735.0,5.217
4678,4736.0,4.942
4679,4737.0,5.064
4680,4738.0,4.869
4681,4739.0,4.828
4682,4740.0,4.82
4683,4741.0,4.422
4684,4742.0,4.185
4685,4743.0,4.611
4686,4744.0,4.911
4687,4745.0,5.425
4688,4746.0,5.707
4689,4747.0,5.506
4690,4748.0,5.555
4691,4749.0,5.466
4692,4750.0,5.281
4693,4751.0,4.901
4694,4752.0,5.056
4695,4753.0,4.982
4696,4754.0,4.853
4697,4756.0,4.618
4698,4757.0,4.226
4699,4758.0,4.375
4700,4759.0,4.951
4701,4760.0,5.546
4702,4761.0,6.028
4703,4762.0,5.546
4704,4763.0,5.716
4705,4764.0,5.371
4706,4765.0,5.258
4707,4766.0,4.942
4708,4767.0,4.934
4709,4768.0,5.056
4710,4769.0,4.82
4711,4770.0,4.739
4712,4771.0,4.185
4713,4772.0,4.145
4714,4773.0,4.798
4715,4774.0,5.747
4716,4775.0,6.551
4717,4776.0,6.149
4718,4777.0,5.667
4719,4778.0,5.555
4720,4779.0,5.185
4721,4780.0,5.185
4722,4781.0,4.95
4723,4782.0,4.942
4724,4783.0,4.901
4725,4784.0,4.886
4726,4785.0,4.219
4727,4786.0,4.145
4728,4787.0,4.618
4729,4788.0,4.87
4730,4789.0,5.385
4731,4790.0,5.466
4732,4791.0,5.305
4733,4792.0,5.474
4734,4793.0,5.096
4735,4794.0,5.023
4736,4795.0,4.828
4737,4796.0,4.942
4738,4797.0,4.869
4739,4798.0,4.82
4740,4799.0,4.503
4741,4800.0,4.185
4742,4801.0,4.691
4743,4802.0,4.951
4744,4803.0,5.345
4745,4804.0,5.546
4746,4805.0,5.345
4747,4806.0,5.434
4748,4807.0,5.136
4749,4808.0,5.064
4750,4809.0,5.007
4751,4810.0,5.273
4752,4811.0,4.934
4753,4812.0,4.82
4754,4813.0,4.544
4755,4814.0,4.145
4756,4815.0,4.26
4757,4816.0,4.79
4758,4817.0,5.546
4759,4818.0,5.948
4760,4819.0,5.586
4761,4820.0,5.787
4762,4821.0,5.411
4763,4822.0,5.145
4764,4823.0,4.982
4765,4824.0,4.828
4766,4825.0,4.828
4767,4826.0,4.828
4768,4827.0,4.82
4769,4828.0,4.138
4770,4829.0,4.179
4771,4830.0,4.798
4772,4831.0,5.868
4773,4832.0,6.43
4774,4833.0,5.988
4775,4834.0,5.787
4776,4835.0,5.595
4777,4836.0,5.258
4778,4838.0,5.33
4779,4839.0,4.982
4780,4840.0,4.942
4781,4841.0,4.901
4782,4842.0,4.861
4783,4843.0,4.26
4784,4844.0,4.145
4785,4845.0,4.691
4786,4846.0,4.911
4787,4847.0,5.345
4788,4848.0,5.466
4789,4849.0,5.425
4790,4850.0,5.555
4791,4851.0,5.217
4792,4852.0,5.064
4793,4853.0,4.828
4794,4854.0,5.241
4795,4855.0,4.975
4796,4856.0,4.82
4797,4857.0,4.503
4798,4858.0,4.185
4799,4859.0,4.341
4800,4860.0,4.87
4801,4861.0,5.546
4802,4862.0,6.028
4803,4863.0,5.586
4804,4864.0,5.837
4805,4865.0,5.411
4806,4866.0,5.185
4807,4867.0,4.99
4808,4868.0,4.828
4809,4869.0,4.909
4810,4870.0,5.04
4811,4871.0,4.78
4812,4872.0,4.179
4813,4873.0,4.219
4814,4874.0,4.87
4815,4875.0,5.626
4816,4876.0,6.068
4817,4877.0,5.707
4818,4878.0,5.635
4819,4879.0,5.371
4820,4880.0,4.982
4821,4881.0,5.201
4822,4882.0,4.869
4823,4883.0,4.828
4824,4884.0,4.82
4825,4885.0,4.78
4826,4886.0,4.226
4827,4887.0,4.185
4828,4888.0,4.846
4829,4889.0,5.555
4830,4890.0,5.747
4831,4891.0,5.667
4832,4892.0,5.265
4833,4893.0,5.555
4834,4894.0,5.136
4835,4895.0,4.909
4836,4896.0,5.104
4837,4897.0,4.942
4838,4898.0,4.787
4839,4899.0,4.813
4840,4900.0,4.341
4841,4901.0,4.219
4842,4902.0,4.838
4843,4903.0,5.787
4844,4904.0,6.551
4845,4905.0,6.149
4846,4906.0,5.747
4847,4907.0,5.555
4848,4908.0,5.226
4849,4909.0,5.258
4850,4910.0,4.95
4851,4911.0,4.942
4852,4912.0,4.901
4853,4913.0,4.861
4854,4914.0,4.26
4855,4915.0,4.185
4856,4916.0,4.79
4857,4918.0,5.707
4858,4919.0,6.591
4859,4920.0,6.149
4860,4921.0,5.586
4861,4922.0,5.626
4862,4923.0,5.177
4863,4924.0,5.104
4864,4925.0,4.95
4865,4926.0,4.869
4866,4927.0,4.861
4867,4928.0,4.82
4868,4929.0,4.26
4869,4930.0,4.185
4870,4931.0,4.846
4871,4932.0,5.313
4872,4933.0,5.385
4873,4934.0,5.546
4874,4935.0,5.224
4875,4936.0,5.716
4876,4937.0,5.258
4877,4938.0,4.942
4878,4939.0,5.177
4879,4940.0,4.901
4880,4941.0,4.828
4881,4942.0,4.78
4882,4943.0,4.422
4883,4944.0,4.145
4884,4945.0,4.577
4885,4946.0,4.951
4886,4947.0,5.546
4887,4948.0,5.787
4888,4949.0,5.506
4889,4950.0,5.555
4890,4951.0,5.249
4891,4952.0,5.145
4892,4953.0,4.901
4893,4954.0,5.064
4894,4955.0,4.942
4895,4956.0,4.82
4896,4957.0,4.699
4897,4958.0,4.145
4898,4959.0,4.145
4899,4960.0,4.577
4900,4961.0,4.991
4901,4962.0,5.305
4902,4963.0,5.425
4903,4964.0,5.265
4904,4965.0,5.676
4905,4966.0,5.339
4906,4967.0,5.023
4907,4968.0,4.828
4908,4969.0,5.015
4909,4970.0,4.861
4910,4971.0,4.787
4911,4972.0,4.503
4912,4973.0,4.145
4913,4974.0,4.219
4914,4975.0,4.838
4915,4976.0,5.586
4916,4977.0,6.43
4917,4978.0,5.908
4918,4979.0,5.434
4919,4980.0,5.322
4920,4981.0,5.145
4921,4982.0,5.064
4922,4983.0,4.869
4923,4984.0,4.828
4924,4985.0,4.828
4925,4986.0,4.78
4926,4987.0,4.219
4927,4988.0,4.179
4928,4989.0,4.959
4929,4990.0,6.028
4930,4991.0,6.591
4931,4992.0,6.189
4932,4993.0,5.707
4933,4994.0,5.515
4934,4995.0,5.185
4935,4996.0,5.185
4936,4997.0,4.95
4937,4998.0,4.901
4938,4999.0,4.861
4939,5001.0,4.861
4940,5002.0,4.219
4941,5003.0,4.145
4942,5004.0,4.886
4943,5005.0,5.626
4944,5006.0,5.747
4945,5007.0,5.747
4946,5008.0,5.224
4947,5009.0,5.595
4948,5010.0,5.145
4949,5011.0,4.901
4950,5012.0,5.145
4951,5013.0,4.942
4952,5014.0,4.787
4953,5015.0,4.813
4954,5016.0,4.341
4955,5017.0,4.185
4956,5018.0,4.382
4957,5019.0,4.911
4958,5020.0,5.466
4959,5021.0,5.747
4960,5022.0,5.546
4961,5023.0,5.595
4962,5024.0,5.29
4963,5025.0,5.185
4964,5026.0,4.901
4965,5027.0,4.99
4966,5028.0,4.982
4967,5029.0,4.82
4968,5030.0,4.813
4969,5031.0,4.219
4970,5032.0,4.422
4971,5033.0,4.83
4972,5034.0,5.466
4973,5035.0,5.827
4974,5036.0,5.506
4975,5037.0,5.716
4976,5038.0,5.371
4977,5039.0,5.185
4978,5040.0,4.982
4979,5041.0,4.828
4980,5042.0,4.934
4981,5043.0,4.82
4982,5044.0,4.78
4983,5045.0,4.179
4984,5046.0,4.185
4985,5047.0,4.838
4986,5048.0,5.707
4987,5049.0,6.551
4988,5050.0,6.31
4989,5051.0,5.667
4990,5052.0,5.555
4991,5053.0,5.217
4992,5054.0,5.217
4993,5055.0,4.95
4994,5056.0,4.942
4995,5057.0,4.942
4996,5058.0,4.894
4997,5059.0,4.26
4998,5060.0,4.185
4999,5061.0,4.334
5000,5062.0,4.87
5001,5063.0,5.586
5002,5064.0,5.988
5003,5065.0,5.626
5004,5066.0,5.716
5005,5067.0,5.411
5006,5068.0,5.064
5007,5069.0,4.982
5008,5070.0,4.828
5009,5071.0,4.828
5010,5072.0,4.82
5011,5073.0,4.78
5012,5074.0,4.219
5013,5075.0,4.145
5014,5076.0,4.87
5015,5077.0,5.787
5016,5078.0,6.551
5017,5079.0,6.189
5018,5080.0,5.667
5019,5081.0,5.474
5020,5082.0,5.185
5021,5084.0,5.185
5022,5085.0,4.95
5023,5086.0,4.901
5024,5087.0,4.901
5025,5088.0,4.861
5026,5089.0,4.219
5027,5090.0,4.185
5028,5091.0,4.104
5029,5092.0,4.83
5030,5093.0,5.667
5031,5094.0,6.229
5032,5095.0,5.787
5033,5096.0,5.555
5034,5097.0,5.249
5035,5098.0,5.096
5036,5099.0,4.982
5037,5100.0,4.869
5038,5101.0,4.828
5039,5102.0,5.007
5040,5103.0,4.82
5041,5104.0,4.26
5042,5105.0,4.104
5043,5106.0,4.83
5044,5107.0,5.626
5045,5108.0,6.591
5046,5109.0,6.028
5047,5110.0,5.827
5048,5111.0,5.443
5049,5112.0,5.177
5050,5113.0,5.064
5051,5114.0,4.942
5052,5115.0,4.869
5053,5116.0,4.894
5054,5117.0,4.82
5055,5118.0,4.26
5056,5119.0,4.145
5057,5120.0,4.919
5058,5121.0,5.827
5059,5122.0,6.511
5060,5123.0,6.109
5061,5124.0,5.707
5062,5125.0,5.555
5063,5126.0,5.217
5064,5127.0,5.33
5065,5128.0,5.015
5066,5129.0,4.942
5067,5130.0,4.901
5068,5131.0,4.861
5069,5132.0,4.26
5070,5133.0,4.145
5071,5134.0,4.691
5072,5135.0,5.112
5073,5136.0,5.305
5074,5137.0,5.506
5075,5138.0,5.265
5076,5139.0,5.676
5077,5140.0,5.298
5078,5141.0,4.982
5079,5142.0,4.982
5080,5143.0,4.909
5081,5144.0,4.828
5082,5145.0,4.853
5083,5146.0,4.463
5084,5147.0,4.185
5085,5148.0,4.618
5086,5149.0,5.072
5087,5150.0,5.385
5088,5151.0,5.506
5089,5152.0,5.345
5090,5153.0,5.434
5091,5154.0,5.096
5092,5155.0,5.064
5093,5156.0,4.828
5094,5157.0,4.99
5095,5158.0,4.869
5096,5159.0,4.813
5097,5160.0,4.544
5098,5161.0,4.219
5099,5162.0,4.145
5100,5163.0,4.724
5101,5164.0,5.756
5102,5165.0,6.028
5103,5166.0,5.827
5104,5167.0,5.506
5105,5169.0,5.434
5106,5170.0,5.281
5107,5171.0,5.112
5108,5172.0,5.104
5109,5173.0,5.023
5110,5174.0,4.982
5111,5175.0,4.78
5112,5176.0,4.301
5113,5177.0,4.145
5114,5178.0,4.651
5115,5179.0,5.112
5116,5180.0,5.305
5117,5181.0,5.345
5118,5182.0,5.466
5119,5183.0,5.787
5120,5184.0,5.298
5121,5185.0,4.942
5122,5186.0,5.023
5123,5187.0,5.088
5124,5188.0,4.861
5125,5189.0,4.813
5126,5190.0,4.422
5127,5191.0,4.185
5128,5192.0,4.691
5129,5193.0,4.87
5130,5194.0,5.385
5131,5195.0,5.586
5132,5196.0,5.425
5133,5197.0,5.474
5134,5198.0,5.177
5135,5199.0,5.104
5136,5200.0,4.869
5137,5201.0,4.982
5138,5202.0,4.909
5139,5203.0,4.82
5140,5204.0,4.577
5141,5205.0,4.185
5142,5206.0,4.104
5143,5207.0,4.838
5144,5208.0,5.667
5145,5209.0,6.953
5146,5210.0,6.31
5147,5211.0,5.667
5148,5212.0,5.443
5149,5213.0,5.177
5150,5214.0,5.104
5151,5215.0,4.982
5152,5216.0,4.901
5153,5217.0,4.901
5154,5218.0,4.82
5155,5219.0,4.219
5156,5220.0,4.145
5157,5221.0,4.757
5158,5222.0,5.595
5159,5223.0,5.827
5160,5224.0,5.747
5161,5225.0,5.265
5162,5226.0,5.555
5163,5227.0,5.145
5164,5228.0,4.869
5165,5229.0,5.104
5166,5230.0,5.193
5167,5231.0,4.975
5168,5232.0,4.78
5169,5233.0,4.301
5170,5234.0,4.145
5171,5235.0,4.732
5172,5236.0,4.863
5173,5237.0,5.345
5174,5238.0,5.466
5175,5239.0,5.305
5176,5240.0,5.474
5177,5241.0,5.136
5178,5242.0,5.023
5179,5243.0,4.828
5180,5244.0,4.942
5181,5245.0,4.901
5182,5246.0,4.82
5183,5247.0,4.577
5184,5248.0,4.226
5185,5250.0,4.145
5186,5251.0,4.911
5187,5252.0,5.667
5188,5253.0,6.43
5189,5254.0,6.028
5190,5255.0,5.506
5191,5256.0,5.29
5192,5257.0,5.145
5193,5258.0,5.096
5194,5259.0,4.942
5195,5260.0,4.828
5196,5261.0,4.894
5197,5262.0,4.934
5198,5263.0,4.301
5199,5264.0,4.145
5200,5265.0,4.846
5201,5266.0,5.506
5202,5267.0,5.586
5203,5268.0,5.425
5204,5269.0,5.184
5205,5270.0,5.756
5206,5271.0,5.177
5207,5272.0,4.901
5208,5273.0,5.185
5209,5274.0,4.869
5210,5275.0,4.787
5211,5276.0,4.83
5212,5277.0,4.415
5213,5278.0,4.145
5214,5279.0,4.717
5215,5280.0,5.827
5216,5281.0,6.189
5217,5282.0,5.908
5218,5283.0,5.626
5219,5284.0,5.394
5220,5285.0,5.064
5221,5286.0,4.901
5222,5287.0,5.023
5223,5288.0,4.982
5224,5289.0,4.982
5225,5290.0,5.04
5226,5291.0,4.415
5227,5292.0,4.185
5228,5293.0,4.611
5229,5294.0,4.911
5230,5295.0,5.305
5231,5296.0,5.385
5232,5297.0,5.265
5233,5298.0,5.635
5234,5299.0,5.339
5235,5300.0,4.982
5236,5301.0,4.869
5237,5302.0,4.942
5238,5303.0,4.901
5239,5304.0,4.82
5240,5305.0,4.463
5241,5306.0,4.185
5242,5307.0,4.496
5243,5308.0,4.87
5244,5309.0,5.506
5245,5310.0,5.827
5246,5311.0,5.474
5247,5312.0,5.676
5248,5313.0,5.258
5249,5314.0,5.226
5250,5315.0,4.909
5251,5316.0,4.942
5252,5317.0,5.056
5253,5318.0,4.82
5254,5319.0,4.739
5255,5320.0,4.185
5256,5321.0,4.104
5257,5322.0,4.83
5258,5323.0,5.667
5259,5324.0,6.189
5260,5325.0,5.747
5261,5326.0,5.635
5262,5327.0,5.33
5263,5328.0,5.023
5264,5329.0,4.982
5265,5330.0,4.901
5266,5332.0,4.901
5267,5333.0,4.861
5268,5334.0,4.78
5269,5335.0,4.26
5270,5336.0,4.145
5271,5337.0,4.757
5272,5338.0,5.756
5273,5339.0,6.068
5274,5340.0,5.827
5275,5341.0,5.546
5276,5342.0,5.707
5277,5343.0,5.104
5278,5344.0,4.869
5279,5345.0,5.023
5280,5346.0,4.982
5281,5347.0,4.942
5282,5348.0,4.772
5283,5349.0,4.301
5284,5350.0,4.219
5285,5351.0,4.805
5286,5352.0,5.506
5287,5353.0,5.586
5288,5354.0,5.506
5289,5355.0,5.144
5290,5356.0,5.595
5291,5357.0,5.136
5292,5358.0,4.942
5293,5359.0,5.145
5294,5360.0,4.861
5295,5361.0,4.787
5296,5362.0,4.813
5297,5363.0,4.341
5298,5364.0,4.185
5299,5365.0,4.618
5300,5366.0,4.87
5301,5367.0,5.425
5302,5368.0,5.546
5303,5369.0,5.466
5304,5370.0,5.434
5305,5371.0,5.096
5306,5372.0,5.023
5307,5373.0,4.869
5308,5374.0,4.95
5309,5375.0,4.869
5310,5376.0,4.78
5311,5377.0,4.577
5312,5378.0,4.185
5313,5379.0,4.301
5314,5380.0,4.83
5315,5381.0,5.546
5316,5382.0,5.908
5317,5383.0,5.586
5318,5384.0,5.756
5319,5385.0,5.371
5320,5386.0,5.226
5321,5387.0,4.982
5322,5388.0,4.828
5323,5389.0,4.982
5324,5390.0,4.861
5325,5391.0,4.772
5326,5392.0,4.179
5327,5393.0,4.145
5328,5394.0,4.79
5329,5395.0,5.586
5330,5396.0,6.35
5331,5397.0,5.908
5332,5398.0,5.466
5333,5399.0,5.29
5334,5400.0,5.064
5335,5401.0,5.064
5336,5402.0,4.869
5337,5403.0,4.869
5338,5404.0,4.861
5339,5405.0,4.82
5340,5406.0,4.219
5341,5407.0,4.145
5342,5408.0,4.83
5343,5409.0,5.747
5344,5411.0,6.712
5345,5412.0,5.988
5346,5413.0,5.506
5347,5414.0,5.402
5348,5415.0,5.104
5349,5416.0,5.104
5350,5417.0,4.909
5351,5418.0,4.901
5352,5419.0,4.861
5353,5420.0,4.853
5354,5421.0,4.179
5355,5422.0,4.185
5356,5423.0,4.651
5357,5424.0,5.072
5358,5425.0,5.265
5359,5426.0,5.305
5360,5427.0,5.224
5361,5428.0,5.676
5362,5429.0,5.258
5363,5430.0,4.95
5364,5431.0,4.99
5365,5432.0,4.869
5366,5433.0,4.828
5367,5434.0,4.78
5368,5435.0,4.422
5369,5436.0,4.145
5370,5437.0,4.219
5371,5438.0,4.87
5372,5439.0,5.626
5373,5440.0,6.028
5374,5441.0,5.667
5375,5442.0,5.707
5376,5443.0,5.483
5377,5444.0,4.982
5378,5445.0,4.942
5379,5446.0,4.869
5380,5447.0,4.828
5381,5448.0,4.82
5382,5449.0,4.78
5383,5450.0,4.219
5384,5451.0,4.145
5385,5452.0,4.684
5386,5453.0,5.917
5387,5454.0,6.269
5388,5455.0,5.908
5389,5456.0,5.747
5390,5457.0,5.394
5391,5458.0,5.023
5392,5459.0,5.064
5393,5460.0,5.023
5394,5461.0,4.982
5395,5462.0,5.056
5396,5463.0,4.894
5397,5464.0,4.301
5398,5465.0,4.185
5399,5466.0,4.145
5400,5467.0,4.87
5401,5468.0,5.667
5402,5469.0,6.269
5403,5470.0,6.028
5404,5471.0,5.707
5405,5472.0,5.29
5406,5473.0,5.064
5407,5474.0,4.982
5408,5475.0,4.869
5409,5476.0,4.828
5410,5477.0,4.82
5411,5478.0,4.78
5412,5479.0,4.185
5413,5480.0,4.145
5414,5481.0,4.757
5415,5482.0,5.796
5416,5483.0,6.551
5417,5484.0,6.028
5418,5485.0,5.747
5419,5486.0,5.595
5420,5487.0,5.258
5421,5488.0,5.226
5422,5489.0,5.023
5423,5490.0,4.901
5424,5491.0,4.901
5425,5492.0,4.861
5426,5493.0,4.26
5427,5495.0,4.185
5428,5496.0,4.577
5429,5497.0,4.83
5430,5498.0,5.466
5431,5499.0,5.667
5432,5500.0,5.466
5433,5501.0,5.555
5434,5502.0,5.217
5435,5503.0,5.136
5436,5504.0,4.869
5437,5505.0,5.023
5438,5506.0,4.942
5439,5507.0,4.82
5440,5508.0,4.658
5441,5509.0,4.226
5442,5510.0,4.185
5443,5511.0,4.732
5444,5512.0,4.911
5445,5513.0,5.425
5446,5514.0,5.546
5447,5515.0,5.425
5448,5516.0,5.434
5449,5517.0,5.169
5450,5518.0,5.064
5451,5519.0,4.901
5452,5520.0,4.95
5453,5521.0,4.901
5454,5522.0,4.853
5455,5523.0,4.544
5456,5524.0,4.185
5457,5525.0,4.301
5458,5526.0,4.911
5459,5527.0,5.546
5460,5528.0,5.868
5461,5529.0,5.506
5462,5530.0,5.908
5463,5531.0,5.515
5464,5532.0,5.258
5465,5533.0,4.95
5466,5534.0,4.828
5467,5535.0,4.982
5468,5536.0,4.82
5469,5537.0,4.853
5470,5538.0,4.219
5471,5539.0,4.145
5472,5540.0,4.463
5473,5541.0,4.463
5474,5542.0,4.951
5475,5543.0,5.345
5476,5544.0,5.425
5477,5545.0,5.305
5478,5546.0,5.635
5479,5547.0,5.371
5480,5548.0,5.023
5481,5549.0,4.861
5482,5550.0,4.942
5483,5551.0,4.869
5484,5552.0,4.813
5485,5553.0,4.463
5486,5554.0,4.226
5487,5555.0,4.496
5488,5556.0,4.911
5489,5557.0,5.586
5490,5558.0,5.827
5491,5559.0,5.474
5492,5560.0,5.626
5493,5561.0,5.258
5494,5562.0,5.217
5495,5563.0,4.909
5496,5564.0,4.909
5497,5565.0,4.942
5498,5566.0,4.82
5499,5567.0,4.739
5500,5568.0,4.185
5501,5569.0,4.145
5502,5570.0,4.87
5503,5571.0,5.626
5504,5572.0,6.109
5505,5573.0,5.707
5506,5574.0,5.635
5507,5576.0,5.371
5508,5577.0,5.023
5509,5578.0,4.982
5510,5579.0,4.828
5511,5580.0,4.828
5512,5581.0,4.828
5513,5582.0,4.82
5514,5583.0,4.179
5515,5584.0,4.145
5516,5585.0,4.805
5517,5586.0,5.466
5518,5587.0,5.546
5519,5588.0,5.425
5520,5589.0,5.144
5521,5590.0,5.868
5522,5591.0,5.515
5523,5592.0,5.015
5524,5593.0,5.185
5525,5594.0,4.901
5526,5595.0,4.787
5527,5596.0,4.82
5528,5597.0,4.537
5529,5598.0,4.185
5530,5599.0,4.219
5531,5600.0,4.618
5532,5601.0,4.951
5533,5602.0,5.425
5534,5603.0,5.506
5535,5604.0,5.506
5536,5605.0,5.394
5537,5606.0,5.136
5538,5607.0,5.064
5539,5608.0,4.901
5540,5609.0,4.982
5541,5610.0,4.982
5542,5611.0,4.82
5543,5612.0,4.739
5544,5613.0,4.267
5545,5614.0,4.26
5546,5615.0,4.798
5547,5616.0,5.827
5548,5617.0,6.631
5549,5618.0,5.948
5550,5619.0,5.787
5551,5620.0,5.354
5552,5621.0,5.023
5553,5622.0,4.942
5554,5623.0,5.023
5555,5624.0,4.982
5556,5625.0,4.982
5557,5626.0,4.78
5558,5627.0,4.341
5559,5628.0,4.301
5560,5629.0,4.145
5561,5630.0,4.341
5562,5631.0,4.911
5563,5632.0,5.586
5564,5633.0,5.988
5565,5634.0,5.626
5566,5635.0,5.716
5567,5636.0,5.402
5568,5637.0,5.023
5569,5638.0,4.982
5570,5639.0,4.869
5571,5640.0,4.828
5572,5641.0,4.934
5573,5642.0,4.82
5574,5643.0,4.219
5575,5644.0,4.104
5576,5645.0,4.145
5577,5646.0,4.911
5578,5647.0,5.707
5579,5648.0,6.591
5580,5649.0,6.068
5581,5650.0,5.827
5582,5651.0,5.483
5583,5652.0,5.145
5584,5653.0,5.104
5585,5654.0,4.909
5586,5655.0,4.901
5587,5656.0,4.861
5588,5657.0,4.853
5589,5659.0,4.219
5590,5660.0,4.185
5591,5661.0,4.951
5592,5662.0,5.667
5593,5663.0,6.39
5594,5664.0,5.948
5595,5665.0,5.466
5596,5666.0,5.281
5597,5667.0,5.177
5598,5668.0,5.064
5599,5669.0,4.869
5600,5670.0,5.007
5601,5671.0,4.861
5602,5672.0,4.78
5603,5673.0,4.219
5604,5674.0,4.104
5605,5675.0,4.798
5606,5676.0,5.787
5607,5677.0,6.511
5608,5678.0,6.068
5609,5679.0,5.707
5610,5680.0,5.555
5611,5681.0,5.298
5612,5682.0,5.185
5613,5683.0,4.942
5614,5684.0,4.909
5615,5685.0,4.901
5616,5686.0,4.861
5617,5687.0,4.26
5618,5688.0,4.145
5619,5689.0,4.798
5620,5690.0,5.787
5621,5691.0,6.511
5622,5692.0,5.988
5623,5693.0,5.787
5624,5694.0,5.555
5625,5695.0,5.258
5626,5696.0,5.226
5627,5697.0,4.99
5628,5698.0,4.909
5629,5699.0,4.901
5630,5700.0,4.861
5631,5701.0,4.307
5632,5702.0,4.145
5633,5703.0,4.496
5634,5704.0,4.83
5635,5705.0,5.466
5636,5706.0,5.707
5637,5707.0,5.626
5638,5708.0,5.555
5639,5709.0,5.29
5640,5710.0,5.402
5641,5711.0,5.12
5642,5712.0,5.064
5643,5713.0,4.982
5644,5714.0,4.82
5645,5715.0,4.699
5646,5716.0,4.185
5647,5717.0,4.104
5648,5718.0,4.79
5649,5719.0,5.586
5650,5720.0,6.39
5651,5721.0,5.908
5652,5722.0,5.466
5653,5723.0,5.33
5654,5724.0,5.104
5655,5725.0,5.023
5656,5726.0,4.909
5657,5727.0,4.861
5658,5728.0,4.861
5659,5729.0,4.78
5660,5730.0,4.226
5661,5731.0,4.104
5662,5732.0,4.838
5663,5733.0,5.796
5664,5734.0,6.189
5665,5735.0,5.827
5666,5736.0,5.626
5667,5737.0,5.555
5668,5738.0,5.104
5669,5739.0,4.869
5670,5741.0,5.104
5671,5742.0,5.023
5672,5743.0,4.982
5673,5744.0,4.78
5674,5745.0,4.341
5675,5746.0,4.145
5676,5747.0,4.537
5677,5748.0,4.79
5678,5749.0,5.466
5679,5750.0,5.707
5680,5751.0,5.586
5681,5752.0,5.635
5682,5753.0,5.258
5683,5754.0,5.185
5684,5755.0,4.901
5685,5756.0,5.031
5686,5757.0,4.982
5687,5758.0,4.82
5688,5759.0,4.699
5689,5760.0,4.145
5690,5761.0,4.375
5691,5762.0,4.991
5692,5763.0,5.466
5693,5764.0,5.827
5694,5765.0,5.474
5695,5766.0,5.635
5696,5767.0,5.29
5697,5768.0,5.185
5698,5769.0,4.909
5699,5770.0,5.128
5700,5771.0,5.152
5701,5772.0,4.853
5702,5773.0,4.886
5703,5774.0,4.219
5704,5775.0,4.145
5705,5776.0,4.79
5706,5777.0,5.586
5707,5778.0,6.31
5708,5779.0,5.827
5709,5780.0,5.474
5710,5781.0,5.29
5711,5782.0,5.104
5712,5783.0,5.023
5713,5784.0,4.909
5714,5785.0,4.828
5715,5786.0,4.861
5716,5787.0,4.853
5717,5788.0,4.219
5718,5789.0,4.104
5719,5790.0,4.959
5720,5791.0,5.747
5721,5792.0,6.551
5722,5793.0,6.068
5723,5794.0,5.707
5724,5795.0,5.515
5725,5796.0,5.258
5726,5797.0,5.217
5727,5798.0,5.411
5728,5799.0,5.056
5729,5800.0,4.982
5730,5801.0,4.861
5731,5802.0,4.26
5732,5803.0,4.145
5733,5804.0,4.724
5734,5805.0,5.515
5735,5806.0,5.707
5736,5807.0,5.586
5737,5808.0,5.144
5738,5809.0,5.555
5739,5810.0,5.177
5740,5811.0,4.942
5741,5812.0,5.145
5742,5813.0,4.828
5743,5814.0,4.787
5744,5815.0,4.78
5745,5816.0,4.341
5746,5817.0,4.185
5747,5818.0,4.145
5748,5819.0,4.83
5749,5820.0,5.586
5750,5821.0,6.229
5751,5823.0,5.667
5752,5824.0,5.756
5753,5825.0,5.411
5754,5826.0,5.064
5755,5827.0,4.982
5756,5828.0,4.901
5757,5829.0,4.828
5758,5830.0,4.894
5759,5831.0,4.999
5760,5832.0,4.341
5761,5833.0,4.145
5762,5834.0,4.757
5763,5835.0,5.917
5764,5836.0,6.31
5765,5837.0,5.908
5766,5838.0,5.787
5767,5839.0,5.626
5768,5840.0,5.136
5769,5841.0,5.064
5770,5842.0,5.023
5771,5843.0,4.982
5772,5844.0,4.982
5773,5845.0,4.861
5774,5846.0,4.341
5775,5847.0,4.185
5776,5848.0,4.805
5777,5849.0,5.434
5778,5850.0,5.506
5779,5851.0,5.425
5780,5852.0,5.144
5781,5853.0,5.676
5782,5854.0,5.217
5783,5855.0,4.982
5784,5856.0,5.185
5785,5857.0,4.869
5786,5858.0,4.828
5787,5859.0,4.78
5788,5860.0,4.382
5789,5861.0,4.145
5790,5862.0,4.691
5791,5863.0,4.87
5792,5864.0,5.425
5793,5865.0,5.626
5794,5866.0,5.787
5795,5867.0,5.595
5796,5868.0,5.177
5797,5869.0,5.104
5798,5870.0,4.869
5799,5871.0,5.177
5800,5872.0,4.942
5801,5873.0,4.813
5802,5874.0,4.618
5803,5875.0,4.185
5804,5876.0,4.375
5805,5877.0,4.911
5806,5878.0,5.466
5807,5879.0,5.868
5808,5880.0,5.474
5809,5881.0,5.676
5810,5882.0,5.29
5811,5883.0,5.217
5812,5884.0,4.909
5813,5885.0,4.828
5814,5886.0,4.942
5815,5887.0,4.853
5816,5888.0,4.739
5817,5889.0,4.226
5818,5890.0,4.185
5819,5891.0,5.04
5820,5892.0,5.394
5821,5893.0,5.425
5822,5894.0,5.305
5823,5895.0,5.224
5824,5896.0,5.716
5825,5897.0,5.258
5826,5898.0,4.95
5827,5899.0,5.104
5828,5900.0,4.869
5829,5901.0,4.828
5830,5902.0,4.813
5831,5903.0,4.422
5832,5905.0,4.138
5833,5906.0,4.651
5834,5907.0,4.87
5835,5908.0,5.345
5836,5909.0,5.466
5837,5910.0,5.305
5838,5911.0,5.707
5839,5912.0,5.217
5840,5913.0,5.023
5841,5914.0,4.828
5842,5915.0,4.95
5843,5916.0,4.869
5844,5917.0,4.82
5845,5918.0,4.537
5846,5919.0,4.185
5847,5920.0,4.145
5848,5921.0,4.798
5849,5922.0,5.707
5850,5923.0,6.591
5851,5924.0,6.149
5852,5925.0,5.626
5853,5926.0,5.443
5854,5927.0,5.177
5855,5928.0,5.145
5856,5929.0,4.95
5857,5930.0,4.869
5858,5931.0,5.015
5859,5932.0,4.853
5860,5933.0,4.26
5861,5934.0,4.104
5862,5935.0,4.878
5863,5936.0,5.827
5864,5937.0,6.43
5865,5938.0,5.948
5866,5939.0,5.868
5867,5940.0,5.555
5868,5941.0,5.298
5869,5942.0,5.33
5870,5943.0,4.982
5871,5944.0,4.909
5872,5945.0,4.975
5873,5946.0,4.934
5874,5947.0,4.26
5875,5948.0,4.145
5876,5949.0,4.26
5877,5950.0,5.072
5878,5951.0,5.908
5879,5952.0,6.189
5880,5953.0,5.747
5881,5954.0,5.676
5882,5955.0,5.371
5883,5956.0,5.023
5884,5957.0,4.982
5885,5958.0,4.869
5886,5959.0,4.828
5887,5960.0,4.861
5888,5961.0,4.78
5889,5962.0,4.226
5890,5963.0,4.145
5891,5964.0,4.919
5892,5965.0,5.837
5893,5966.0,6.189
5894,5967.0,5.908
5895,5968.0,5.667
5896,5969.0,5.394
5897,5970.0,5.064
5898,5971.0,4.942
5899,5972.0,5.064
5900,5973.0,4.982
5901,5974.0,4.982
5902,5975.0,4.82
5903,5976.0,4.341
5904,5977.0,4.185
5905,5978.0,4.537
5906,5979.0,4.83
5907,5980.0,5.586
5908,5981.0,5.707
5909,5982.0,5.506
5910,5983.0,5.595
5911,5985.0,5.217
5912,5986.0,5.145
5913,5987.0,4.901
5914,5988.0,5.064
5915,5989.0,4.909
5916,5990.0,4.82
5917,5991.0,4.625
5918,5992.0,4.267
5919,5993.0,4.145
5920,5994.0,4.684
5921,5995.0,5.434
5922,5996.0,5.586
5923,5997.0,5.425
5924,5998.0,5.144
5925,5999.0,5.595
5926,6000.0,5.177
5927,6001.0,4.909
5928,6002.0,5.322
5929,6003.0,4.869
5930,6004.0,4.82
5931,6005.0,4.78
5932,6006.0,4.382
5933,6007.0,4.145
5934,6008.0,4.537
5935,6009.0,4.83
5936,6010.0,5.466
5937,6011.0,5.988
5938,6012.0,5.586
5939,6013.0,5.595
5940,6014.0,5.249
5941,6015.0,5.145
5942,6016.0,4.901
5943,6017.0,5.023
5944,6018.0,4.942
5945,6019.0,4.82
5946,6020.0,4.699
5947,6021.0,4.185
5948,6022.0,4.301
5949,6023.0,4.911
5950,6024.0,5.707
5951,6025.0,6.109
5952,6026.0,5.716
5953,6027.0,5.716
5954,6028.0,5.411
5955,6029.0,5.023
5956,6030.0,4.95
5957,6031.0,5.007
5958,6032.0,4.828
5959,6033.0,4.82
5960,6034.0,4.78
5961,6035.0,4.185
5962,6036.0,4.104
5963,6037.0,4.798
5964,6038.0,5.747
5965,6039.0,6.551
5966,6040.0,6.109
5967,6041.0,5.707
5968,6042.0,5.515
5969,6043.0,5.217
5970,6044.0,5.145
5971,6045.0,4.942
5972,6046.0,4.901
5973,6047.0,4.901
5974,6048.0,4.82
5975,6049.0,4.301
5976,6050.0,4.145
5977,6051.0,4.83
5978,6052.0,5.747
5979,6053.0,6.551
5980,6054.0,6.149
5981,6055.0,5.667
5982,6056.0,5.483
5983,6057.0,5.217
5984,6058.0,5.145
5985,6059.0,4.942
5986,6060.0,4.869
5987,6061.0,5.088
5988,6062.0,4.853
5989,6063.0,4.26
5990,6064.0,4.104
5991,6066.0,4.724
5992,6067.0,5.756
5993,6068.0,6.149
5994,6069.0,5.827
5995,6070.0,5.586
5996,6071.0,5.635
5997,6072.0,5.281
5998,6073.0,4.869
5999,6074.0,5.104
6000,6075.0,4.982
6001,6076.0,4.982
6002,6077.0,4.78
6003,6078.0,4.301
6004,6079.0,4.104
6005,6080.0,4.651
6006,6081.0,4.83
6007,6082.0,5.305
6008,6083.0,5.425
6009,6084.0,5.265
6010,6085.0,5.595
6011,6086.0,5.258
6012,6087.0,5.056
6013,6088.0,4.828
6014,6089.0,4.909
6015,6090.0,4.828
6016,6091.0,4.78
6017,6092.0,4.503
6018,6093.0,4.145
6019,6094.0,4.104
6020,6095.0,4.83
6021,6096.0,5.626
6022,6097.0,6.47
6023,6098.0,5.948
6024,6099.0,5.515
6025,6100.0,5.322
6026,6101.0,5.104
6027,6102.0,5.064
6028,6103.0,4.909
6029,6104.0,4.869
6030,6105.0,4.861
6031,6106.0,4.78
6032,6107.0,4.226
6033,6108.0,4.104
6034,6109.0,4.757
6035,6110.0,5.787
6036,6111.0,6.47
6037,6112.0,6.028
6038,6113.0,5.787
6039,6114.0,5.595
6040,6115.0,5.298
6041,6116.0,5.226
6042,6117.0,4.982
6043,6118.0,4.909
6044,6119.0,4.942
6045,6120.0,4.861
6046,6121.0,4.301
6047,6122.0,4.104
6048,6123.0,4.537
6049,6124.0,4.79
6050,6125.0,5.425
6051,6126.0,5.707
6052,6127.0,5.515
6053,6128.0,5.555
6054,6129.0,5.217
6055,6130.0,5.402
6056,6131.0,5.015
6057,6132.0,5.023
6058,6133.0,4.909
6059,6134.0,4.82
6060,6135.0,4.666
6061,6136.0,4.185
6062,6137.0,4.334
6063,6138.0,4.87
6064,6139.0,5.506
6065,6140.0,5.908
6066,6141.0,5.506
6067,6142.0,5.716
6068,6143.0,5.33
6069,6145.0,5.258
6070,6146.0,5.056
6071,6147.0,4.861
6072,6148.0,4.982
6073,6149.0,4.82
6074,6150.0,4.739
6075,6151.0,4.226
6076,6152.0,4.145
6077,6153.0,4.959
6078,6154.0,5.827
6079,6155.0,6.591
6080,6156.0,6.028
6081,6157.0,5.595
6082,6158.0,5.443
6083,6159.0,5.136
6084,6160.0,5.064
6085,6161.0,4.942
6086,6162.0,4.861
6087,6163.0,4.894
6088,6164.0,4.894
6089,6165.0,4.26
6090,6166.0,4.145
6091,6167.0,4.26
6092,6168.0,4.415
6093,6169.0,4.911
6094,6170.0,5.635
6095,6171.0,6.189
6096,6172.0,5.827
6097,6173.0,5.595
6098,6174.0,5.249
6099,6175.0,5.064
6100,6176.0,5.023
6101,6177.0,4.901
6102,6178.0,4.869
6103,6179.0,4.861
6104,6180.0,4.861
6105,6181.0,4.219
6106,6182.0,4.145
6107,6183.0,4.878
6108,6184.0,5.747
6109,6185.0,6.511
6110,6186.0,6.028
6111,6187.0,5.747
6112,6188.0,5.595
6113,6189.0,5.258
6114,6190.0,5.307
6115,6191.0,5.233
6116,6192.0,4.975
6117,6193.0,4.942
6118,6194.0,5.233
6119,6195.0,4.496
6120,6196.0,4.185
6121,6197.0,4.104
6122,6198.0,5.007
6123,6199.0,5.676
6124,6200.0,5.667
6125,6201.0,5.425
6126,6202.0,5.184
6127,6203.0,5.716
6128,6204.0,5.217
6129,6205.0,4.942
6130,6206.0,5.104
6131,6207.0,4.942
6132,6208.0,4.861
6133,6209.0,4.78
6134,6210.0,4.503
6135,6211.0,4.145
6136,6212.0,4.185
6137,6213.0,4.894
6138,6214.0,5.515
6139,6215.0,5.385
6140,6216.0,5.305
6141,6217.0,5.385
6142,6218.0,5.716
6143,6219.0,5.217
6144,6220.0,4.942
6145,6221.0,5.145
6146,6222.0,4.869
6147,6223.0,4.828
6148,6224.0,4.78
6149,6225.0,4.382
6150,6227.0,4.104
6151,6228.0,4.691
6152,6229.0,4.87
6153,6230.0,5.385
6154,6231.0,5.586
6155,6232.0,5.474
6156,6233.0,5.555
6157,6234.0,5.177
6158,6235.0,5.104
6159,6236.0,4.869
6160,6237.0,5.023
6161,6238.0,4.942
6162,6239.0,4.82
6163,6240.0,4.585
6164,6241.0,4.145
6165,6242.0,4.185
6166,6243.0,4.83
6167,6244.0,5.626
6168,6245.0,6.47
6169,6246.0,6.229
6170,6247.0,5.515
6171,6248.0,5.362
6172,6249.0,5.104
6173,6250.0,5.064
6174,6251.0,5.201
6175,6252.0,5.015
6176,6253.0,4.861
6177,6254.0,4.853
6178,6255.0,4.26
6179,6256.0,4.145
6180,6257.0,4.651
6181,6258.0,5.273
6182,6259.0,5.305
6183,6260.0,5.345
6184,6261.0,5.184
6185,6262.0,5.796
6186,6263.0,5.371
6187,6264.0,4.982
6188,6265.0,5.064
6189,6266.0,4.901
6190,6267.0,4.942
6191,6268.0,4.846
6192,6269.0,4.422
6193,6270.0,4.145
6194,6271.0,4.611
6195,6272.0,4.991
6196,6273.0,5.546
6197,6274.0,5.626
6198,6275.0,5.466
6199,6276.0,5.515
6200,6277.0,5.217
6201,6278.0,5.104
6202,6279.0,4.869
6203,6280.0,4.99
6204,6281.0,4.942
6205,6282.0,4.82
6206,6283.0,4.618
6207,6284.0,4.185
6208,6285.0,4.145
6209,6286.0,4.79
6210,6287.0,5.667
6211,6288.0,6.551
6212,6289.0,6.028
6213,6290.0,5.555
6214,6291.0,5.515
6215,6292.0,5.249
6216,6293.0,5.104
6217,6294.0,4.909
6218,6295.0,4.861
6219,6296.0,4.861
6220,6297.0,4.82
6221,6298.0,4.219
6222,6299.0,4.145
6223,6300.0,4.838
6224,6301.0,5.957
6225,6302.0,6.511
6226,6303.0,6.028
6227,6304.0,5.747
6228,6305.0,5.595
6229,6307.0,5.258
6230,6308.0,5.258
6231,6309.0,4.95
6232,6310.0,4.95
6233,6311.0,5.128
6234,6312.0,5.112
6235,6313.0,4.26
6236,6314.0,4.185
6237,6315.0,4.651
6238,6316.0,5.273
6239,6317.0,5.385
6240,6318.0,5.345
6241,6319.0,5.184
6242,6320.0,5.716
6243,6321.0,5.258
6244,6322.0,4.942
6245,6323.0,5.064
6246,6324.0,4.901
6247,6325.0,4.828
6248,6326.0,4.78
6249,6327.0,4.463
6250,6328.0,4.145
6251,6329.0,4.26
6252,6330.0,4.87
6253,6331.0,5.626
6254,6332.0,6.068
6255,6333.0,5.716
6256,6334.0,5.716
6257,6335.0,5.451
6258,6336.0,5.096
6259,6337.0,4.982
6260,6338.0,4.869
6261,6339.0,4.828
6262,6340.0,4.82
6263,6341.0,4.853
6264,6342.0,4.179
6265,6343.0,4.145
6266,6344.0,4.83
6267,6345.0,5.667
6268,6346.0,6.631
6269,6347.0,6.149
6270,6348.0,5.595
6271,6349.0,5.483
6272,6350.0,5.145
6273,6351.0,5.362
6274,6352.0,4.95
6275,6353.0,4.942
6276,6354.0,4.861
6277,6355.0,4.894
6278,6356.0,4.219
6279,6357.0,4.185
6280,6358.0,4.651
6281,6359.0,4.911
6282,6360.0,5.305
6283,6361.0,5.385
6284,6362.0,5.305
6285,6363.0,5.787
6286,6364.0,5.339
6287,6365.0,4.99
6288,6366.0,4.828
6289,6367.0,4.942
6290,6368.0,4.901
6291,6369.0,4.78
6292,6370.0,4.544
6293,6371.0,4.422
6294,6372.0,4.185
6295,6373.0,4.301
6296,6374.0,4.87
6297,6375.0,5.667
6298,6376.0,6.31
6299,6377.0,5.868
6300,6378.0,5.555
6301,6379.0,5.29
6302,6380.0,5.064
6303,6381.0,4.99
6304,6382.0,4.901
6305,6383.0,4.861
6306,6384.0,4.861
6307,6385.0,4.78
6308,6386.0,4.226
6309,6387.0,4.145
6310,6388.0,4.757
6311,6389.0,5.827
6312,6391.0,6.43
6313,6392.0,5.948
6314,6393.0,5.948
6315,6394.0,5.515
6316,6395.0,5.217
6317,6396.0,5.185
6318,6397.0,5.015
6319,6398.0,4.982
6320,6399.0,4.942
6321,6400.0,4.861
6322,6401.0,4.301
6323,6402.0,4.145
6324,6403.0,4.846
6325,6404.0,5.676
6326,6405.0,5.908
6327,6406.0,5.787
6328,6407.0,5.305
6329,6408.0,5.515
6330,6409.0,5.104
6331,6410.0,4.901
6332,6411.0,5.104
6333,6412.0,5.056
6334,6413.0,4.942
6335,6414.0,4.78
6336,6415.0,4.341
6337,6416.0,4.145
6338,6417.0,4.26
6339,6418.0,4.87
6340,6419.0,5.626
6341,6420.0,6.229
6342,6421.0,5.707
6343,6422.0,5.868
6344,6423.0,5.411
6345,6424.0,5.023
6346,6425.0,5.015
6347,6426.0,4.869
6348,6427.0,4.787
6349,6428.0,4.82
6350,6429.0,4.853
6351,6430.0,4.219
6352,6431.0,4.341
6353,6432.0,4.382
6354,6433.0,4.463
6355,6434.0,4.341
6356,6435.0,5.032
6357,6436.0,5.466
6358,6437.0,5.787
6359,6438.0,5.546
6360,6439.0,5.586
6361,6440.0,5.249
6362,6441.0,5.145
6363,6442.0,4.869
6364,6443.0,5.096
6365,6444.0,4.942
6366,6445.0,4.861
6367,6446.0,4.699
6368,6447.0,4.341
6369,6448.0,4.145
6370,6449.0,4.301
6371,6450.0,4.951
6372,6451.0,5.586
6373,6452.0,5.948
6374,6453.0,5.707
6375,6454.0,5.787
6376,6455.0,5.443
6377,6456.0,5.29
6378,6457.0,5.128
6379,6458.0,4.828
6380,6459.0,4.901
6381,6460.0,4.861
6382,6461.0,4.853
6383,6462.0,4.185
6384,6463.0,4.226
6385,6464.0,4.838
6386,6465.0,5.747
6387,6466.0,6.068
6388,6467.0,5.868
6389,6468.0,5.506
6390,6469.0,5.474
6391,6470.0,5.064
6392,6471.0,4.869
6393,6472.0,5.096
6394,6474.0,5.064
6395,6475.0,4.982
6396,6476.0,4.78
6397,6477.0,4.382
6398,6478.0,4.179
6399,6479.0,4.618
6400,6480.0,4.87
6401,6481.0,5.345
6402,6482.0,5.667
6403,6483.0,5.305
6404,6484.0,5.595
6405,6485.0,5.298
6406,6486.0,4.99
6407,6487.0,4.828
6408,6488.0,4.909
6409,6489.0,4.869
6410,6490.0,4.787
6411,6491.0,4.699
6412,6492.0,4.341
6413,6493.0,4.185
6414,6494.0,4.496
6415,6495.0,4.83
6416,6496.0,5.747
6417,6497.0,5.908
6418,6498.0,5.787
6419,6499.0,5.626
6420,6500.0,5.258
6421,6501.0,5.177
6422,6502.0,4.909
6423,6503.0,5.136
6424,6504.0,4.942
6425,6505.0,4.861
6426,6506.0,4.886
6427,6507.0,4.301
6428,6508.0,4.145
6429,6509.0,4.691
6430,6510.0,5.032
6431,6511.0,5.586
6432,6512.0,5.908
6433,6513.0,5.667
6434,6514.0,5.707
6435,6515.0,5.33
6436,6516.0,5.258
6437,6517.0,4.95
6438,6518.0,4.828
6439,6519.0,4.982
6440,6520.0,4.82
6441,6521.0,4.739
6442,6522.0,4.226
6443,6523.0,4.26
6444,6524.0,4.456
6445,6525.0,4.999
6446,6526.0,6.068
6447,6527.0,6.671
6448,6528.0,6.068
6449,6529.0,5.787
6450,6530.0,5.394
6451,6531.0,5.104
6452,6532.0,5.145
6453,6533.0,5.169
6454,6534.0,4.982
6455,6535.0,4.901
6456,6536.0,4.901
6457,6537.0,4.26
6458,6538.0,4.267
6459,6539.0,4.145
6460,6540.0,4.684
6461,6541.0,5.676
6462,6542.0,5.988
6463,6543.0,5.827
6464,6544.0,5.466
6465,6545.0,5.474
6466,6546.0,5.136
6467,6547.0,4.828
6468,6548.0,5.104
6469,6549.0,5.023
6470,6550.0,5.177
6471,6551.0,5.112
6472,6552.0,4.382
6473,6553.0,4.145
6474,6555.0,4.611
6475,6556.0,5.354
6476,6557.0,5.385
6477,6558.0,5.265
6478,6559.0,5.224
6479,6560.0,5.716
6480,6561.0,5.217
6481,6562.0,4.942
6482,6563.0,5.104
6483,6564.0,4.869
6484,6565.0,4.82
6485,6566.0,4.78
6486,6567.0,4.422
6487,6568.0,4.185
6488,6569.0,4.179
6489,6570.0,4.83
6490,6571.0,5.626
6491,6572.0,6.189
6492,6573.0,5.747
6493,6574.0,5.988
6494,6575.0,5.33
6495,6576.0,5.064
6496,6577.0,5.177
6497,6578.0,4.901
6498,6579.0,4.828
6499,6580.0,4.853
6500,6581.0,4.78
6501,6582.0,4.219
6502,6583.0,4.145
6503,6584.0,4.838
6504,6585.0,5.868
6505,6586.0,6.39
6506,6587.0,5.988
6507,6588.0,5.868
6508,6589.0,5.434
6509,6590.0,5.217
6510,6591.0,5.104
6511,6592.0,5.023
6512,6593.0,4.942
6513,6594.0,5.015
6514,6595.0,4.901
6515,6596.0,4.301
6516,6597.0,4.145
6517,6598.0,4.846
6518,6599.0,5.595
6519,6600.0,5.908
6520,6601.0,5.827
6521,6602.0,5.265
6522,6603.0,5.555
6523,6604.0,5.104
6524,6605.0,4.869
6525,6606.0,5.104
6526,6607.0,4.942
6527,6608.0,4.869
6528,6609.0,4.78
6529,6610.0,4.341
6530,6611.0,4.267
6531,6612.0,4.185
6532,6613.0,4.724
6533,6614.0,5.474
6534,6615.0,5.586
6535,6616.0,5.425
6536,6617.0,5.184
6537,6618.0,5.595
6538,6619.0,5.177
6539,6620.0,4.909
6540,6621.0,5.217
6541,6622.0,4.828
6542,6623.0,5.007
6543,6624.0,4.886
6544,6625.0,4.463
6545,6626.0,4.145
6546,6627.0,4.651
6547,6628.0,4.83
6548,6629.0,5.506
6549,6630.0,5.707
6550,6631.0,5.506
6551,6632.0,5.555
6552,6633.0,5.443
6553,6634.0,5.145
6554,6635.0,4.901
6555,6636.0,5.023
6556,6638.0,5.015
6557,6639.0,4.82
6558,6640.0,4.618
6559,6641.0,4.145
6560,6642.0,4.104
6561,6643.0,4.838
6562,6644.0,5.707
6563,6645.0,6.591
6564,6646.0,6.149
6565,6647.0,5.626
6566,6648.0,5.443
6567,6649.0,5.145
6568,6650.0,5.104
6569,6651.0,4.95
6570,6652.0,4.942
6571,6653.0,4.901
6572,6654.0,4.853
6573,6655.0,4.219
6574,6656.0,4.104
6575,6657.0,4.618
6576,6658.0,4.87
6577,6659.0,5.345
6578,6660.0,5.425
6579,6661.0,5.305
6580,6662.0,5.626
6581,6663.0,5.136
6582,6664.0,5.064
6583,6665.0,4.828
6584,6666.0,4.909
6585,6667.0,4.909
6586,6668.0,4.787
6587,6669.0,4.537
6588,6670.0,4.145
6589,6671.0,4.226
6590,6672.0,4.959
6591,6673.0,5.908
6592,6674.0,6.39
6593,6675.0,5.948
6594,6676.0,5.827
6595,6677.0,5.474
6596,6678.0,5.185
6597,6679.0,5.217
6598,6680.0,4.99
6599,6681.0,4.942
6600,6682.0,4.901
6601,6683.0,4.934
6602,6684.0,4.26
6603,6685.0,4.185
6604,6686.0,4.658
6605,6687.0,5.072
6606,6688.0,5.345
6607,6689.0,5.425
6608,6690.0,5.305
6609,6691.0,5.515
6610,6692.0,5.217
6611,6693.0,5.023
6612,6694.0,4.901
6613,6695.0,4.909
6614,6696.0,4.869
6615,6697.0,4.926
6616,6698.0,4.496
6617,6699.0,4.145
6618,6700.0,4.104
6619,6701.0,4.886
6620,6702.0,5.595
6621,6703.0,5.747
6622,6704.0,5.667
6623,6705.0,5.184
6624,6706.0,5.555
6625,6707.0,5.136
6626,6708.0,4.901
6627,6709.0,5.104
6628,6710.0,4.901
6629,6711.0,4.787
6630,6712.0,4.78
6631,6713.0,4.341
6632,6714.0,4.145
6633,6715.0,4.145
6634,6716.0,4.757
6635,6717.0,5.827
6636,6718.0,6.43
6637,6719.0,5.948
6638,6721.0,5.827
6639,6722.0,5.756
6640,6723.0,5.258
6641,6724.0,5.226
6642,6725.0,4.982
6643,6726.0,4.909
6644,6727.0,4.942
6645,6728.0,4.861
6646,6729.0,4.301
6647,6730.0,4.503
6648,6731.0,4.959
6649,6732.0,6.511
6650,6733.0,5.425
6651,6734.0,5.483
6652,6735.0,4.982
6653,6736.0,4.982
6654,6737.0,4.934
6655,6738.0,4.926
6656,6739.0,4.382
6657,6740.0,4.389
6658,6741.0,4.185
6659,6742.0,4.382
6660,6743.0,4.267
6661,6744.0,4.267
6662,6745.0,4.267
6663,6746.0,4.267
6664,6747.0,4.267
6665,6748.0,4.267
6666,6749.0,4.348
6667,6750.0,4.185
6668,6751.0,4.348
6669,6752.0,4.348
6670,6753.0,4.389
6671,6754.0,4.348
6672,6755.0,4.463
6673,6756.0,4.064
