sample_index,elapsed_s,power_W
0,0.0,4.709
1,1.0,4.83
2,2.0,5.152
3,3.0,5.152
4,4.0,5.273
5,5.0,5.273
6,6.0,5.273
7,7.0,5.313
8,8.0,5.273
9,9.0,5.354
10,10.0,5.313
11,11.0,5.273
12,12.0,5.434
13,13.0,5.394
14,14.0,6.159
15,15.0,6.32
16,16.0,6.159
17,17.0,7.837
18,18.0,9.028
19,19.0,8.587
20,20.0,8.105
21,21.0,6.239
22,22.0,6.591
23,23.0,8.507
24,24.0,6.993
25,25.0,6.31
26,26.0,6.4
27,27.0,6.038
28,28.0,6.279
29,29.0,6.32
30,30.0,6.199
31,31.0,7.596
32,32.0,8.467
33,33.0,8.065
34,34.0,7.905
35,35.0,6.199
36,36.0,6.551
37,37.0,7.985
38,38.0,6.752
39,39.0,6.39
40,40.0,6.32
41,41.0,5.957
42,42.0,6.239
43,43.0,6.159
44,44.0,6.31
45,46.0,7.314
46,47.0,7.757
47,48.0,7.435
48,49.0,7.154
49,50.0,6.078
50,51.0,8.186
51,52.0,7.194
52,53.0,7.757
53,54.0,8.065
54,55.0,6.239
55,56.0,5.998
56,57.0,6.239
57,58.0,6.279
58,59.0,8.266
59,60.0,7.113
60,61.0,8.025
61,62.0,8.467
62,63.0,6.631
63,64.0,7.395
64,65.0,7.355
65,66.0,7.194
66,67.0,7.584
67,68.0,7.073
68,69.0,6.078
69,70.0,5.957
70,71.0,6.31
71,72.0,6.279
72,73.0,9.309
73,74.0,8.667
74,75.0,9.189
75,76.0,9.389
76,77.0,6.4
77,78.0,7.435
78,79.0,6.671
79,80.0,7.905
80,81.0,6.671
81,82.0,6.671
82,83.0,6.038
83,84.0,6.32
84,85.0,6.239
85,86.0,6.35
86,87.0,7.945
87,88.0,9.149
88,89.0,8.627
89,90.0,8.145
90,91.0,6.239
91,92.0,6.591
92,93.0,8.266
93,94.0,6.872
94,95.0,6.269
95,96.0,6.36
96,97.0,5.957
97,98.0,6.239
98,99.0,6.159
99,100.0,6.36
100,101.0,7.395
101,102.0,7.716
102,103.0,7.395
103,104.0,7.113
104,105.0,6.078
105,106.0,8.226
106,107.0,7.113
107,108.0,7.757
108,109.0,8.025
109,110.0,6.239
110,111.0,5.957
111,112.0,6.239
112,113.0,6.279
113,114.0,8.266
114,115.0,7.113
115,116.0,8.065
116,117.0,8.467
117,118.0,6.671
118,119.0,7.435
119,120.0,7.395
120,121.0,7.234
121,122.0,7.596
122,123.0,7.073
123,124.0,6.078
124,125.0,5.957
125,126.0,6.32
126,127.0,6.279
127,128.0,9.309
128,129.0,8.627
129,130.0,9.189
130,131.0,9.43
131,132.0,6.269
132,133.0,7.314
133,134.0,6.631
134,135.0,7.905
135,136.0,6.671
136,137.0,6.671
137,138.0,6.038
138,139.0,6.279
139,140.0,6.239
140,142.0,6.32
141,143.0,7.958
142,144.0,9.189
143,145.0,8.627
144,146.0,8.145
145,147.0,6.159
146,148.0,6.591
147,149.0,8.226
148,150.0,6.872
149,151.0,6.269
150,152.0,6.36
151,153.0,5.957
152,154.0,6.279
153,155.0,6.279
154,156.0,6.44
155,157.0,7.355
156,158.0,7.716
157,159.0,7.395
158,160.0,7.113
159,161.0,6.078
160,162.0,8.226
161,163.0,7.113
162,164.0,7.797
163,165.0,8.025
164,166.0,6.239
165,167.0,5.957
166,168.0,6.239
167,169.0,6.279
168,170.0,8.266
169,171.0,7.113
170,172.0,8.065
171,173.0,8.467
172,174.0,6.631
173,175.0,7.435
174,176.0,7.355
175,177.0,7.234
176,178.0,7.596
177,179.0,7.073
178,180.0,6.038
179,181.0,5.917
180,182.0,6.32
181,183.0,6.279
182,184.0,9.349
183,185.0,8.667
184,186.0,9.189
185,187.0,9.349
186,188.0,6.239
187,189.0,7.274
188,190.0,6.631
189,191.0,7.865
190,192.0,6.671
191,193.0,6.671
192,194.0,6.038
193,195.0,6.279
194,196.0,6.239
195,197.0,6.32
196,198.0,7.917
197,199.0,9.109
198,200.0,8.587
199,201.0,8.145
200,202.0,6.159
201,203.0,6.591
202,204.0,8.226
203,205.0,6.872
204,206.0,6.269
205,207.0,6.36
206,208.0,5.957
207,209.0,6.279
208,210.0,6.279
209,211.0,6.481
210,212.0,7.314
211,213.0,7.676
212,214.0,7.355
213,215.0,7.073
214,216.0,6.038
215,217.0,8.266
216,218.0,7.113
217,219.0,7.797
218,220.0,8.025
219,221.0,6.239
220,222.0,5.957
221,223.0,6.239
222,224.0,6.279
223,225.0,8.266
224,226.0,7.154
225,227.0,8.065
226,228.0,8.507
227,229.0,6.631
228,230.0,7.435
229,231.0,7.355
230,232.0,7.274
231,233.0,7.596
232,234.0,7.073
233,235.0,6.078
234,236.0,5.917
235,237.0,6.32
236,239.0,6.279
237,240.0,9.309
238,241.0,8.627
239,242.0,9.149
240,243.0,9.389
241,244.0,6.229
242,245.0,7.274
243,246.0,6.631
244,247.0,7.865
245,248.0,6.671
246,249.0,6.671
247,250.0,6.038
248,251.0,6.279
249,252.0,6.239
250,253.0,6.32
251,254.0,7.958
252,255.0,9.109
253,256.0,8.587
254,257.0,8.145
255,258.0,6.199
256,259.0,6.591
257,260.0,8.226
258,261.0,6.872
259,262.0,6.269
260,263.0,6.36
261,264.0,5.957
262,265.0,6.239
263,266.0,6.239
264,267.0,6.43
265,268.0,7.314
266,269.0,7.716
267,270.0,7.395
268,271.0,7.113
269,272.0,6.038
270,273.0,8.266
271,274.0,7.073
272,275.0,7.797
273,276.0,8.025
274,277.0,6.239
275,278.0,5.957
276,279.0,6.239
277,280.0,6.279
278,281.0,8.266
279,282.0,7.113
280,283.0,8.065
281,284.0,8.467
282,285.0,6.631
283,286.0,7.475
284,287.0,7.355
285,288.0,7.274
286,289.0,7.596
287,290.0,7.073
288,291.0,6.078
289,292.0,5.917
290,293.0,6.32
291,294.0,6.279
292,295.0,9.269
293,296.0,8.667
294,297.0,9.149
295,298.0,9.349
296,299.0,6.239
297,300.0,7.234
298,301.0,6.671
299,302.0,7.824
300,303.0,6.631
301,304.0,6.671
302,305.0,6.038
303,306.0,6.279
304,307.0,6.239
305,308.0,6.32
306,309.0,7.917
307,310.0,9.068
308,311.0,8.547
309,312.0,8.226
310,313.0,6.199
311,314.0,6.591
312,315.0,8.186
313,316.0,6.832
314,317.0,6.269
315,318.0,6.36
316,319.0,5.957
317,320.0,6.279
318,321.0,6.44
319,322.0,6.551
320,323.0,7.274
321,324.0,7.636
322,325.0,7.355
323,326.0,7.033
324,327.0,5.998
325,328.0,8.346
326,329.0,7.033
327,330.0,7.945
328,331.0,7.917
329,332.0,6.199
330,333.0,5.957
331,334.0,6.199
332,335.0,6.279
333,337.0,8.386
334,338.0,7.274
335,339.0,8.186
336,340.0,8.547
337,341.0,6.591
338,342.0,7.636
339,343.0,7.274
340,344.0,7.475
341,345.0,7.475
342,346.0,6.993
343,347.0,6.078
344,348.0,5.917
345,349.0,6.239
346,350.0,6.239
347,351.0,9.309
348,352.0,8.747
349,353.0,9.189
350,354.0,9.47
351,355.0,6.199
352,356.0,7.154
353,357.0,6.953
354,358.0,7.716
355,359.0,6.591
356,360.0,6.591
357,361.0,6.038
358,362.0,6.279
359,363.0,6.239
360,364.0,6.279
361,365.0,7.797
362,366.0,8.868
363,367.0,8.346
364,368.0,8.105
365,369.0,6.159
366,370.0,6.551
367,371.0,8.025
368,372.0,6.752
369,373.0,6.551
370,374.0,6.36
371,375.0,5.917
372,376.0,6.32
373,377.0,6.44
374,378.0,6.792
375,379.0,7.194
376,380.0,7.515
377,381.0,7.274
378,382.0,6.953
379,383.0,5.998
380,384.0,8.346
381,385.0,6.953
382,386.0,8.105
383,387.0,7.837
384,388.0,6.159
385,389.0,5.957
386,390.0,6.199
387,391.0,6.279
388,392.0,8.507
389,393.0,7.475
390,394.0,8.346
391,395.0,8.667
392,396.0,6.631
393,397.0,7.837
394,398.0,7.194
395,399.0,7.636
396,400.0,7.395
397,401.0,6.993
398,402.0,5.998
399,403.0,5.917
400,404.0,6.279
401,405.0,6.199
402,406.0,9.309
403,407.0,8.828
404,408.0,9.269
405,409.0,9.51
406,410.0,6.159
407,411.0,7.194
408,412.0,7.113
409,413.0,7.596
410,414.0,6.551
411,415.0,6.551
412,416.0,6.038
413,417.0,6.279
414,418.0,6.239
415,419.0,6.279
416,420.0,7.757
417,421.0,8.707
418,422.0,8.226
419,423.0,8.025
420,424.0,6.199
421,425.0,6.551
422,426.0,7.905
423,427.0,6.712
424,428.0,6.712
425,429.0,6.32
426,430.0,5.917
427,431.0,6.32
428,433.0,6.44
429,434.0,6.913
430,435.0,7.154
431,436.0,7.475
432,437.0,7.314
433,438.0,6.953
434,439.0,5.998
435,440.0,8.306
436,441.0,6.913
437,442.0,8.186
438,443.0,7.797
439,444.0,6.199
440,445.0,5.957
441,446.0,6.199
442,447.0,6.279
443,448.0,8.547
444,449.0,7.515
445,450.0,8.386
446,451.0,8.707
447,452.0,6.601
448,453.0,7.917
449,454.0,7.113
450,455.0,7.757
451,456.0,7.395
452,457.0,6.953
453,458.0,5.957
454,459.0,5.917
455,460.0,6.279
456,461.0,6.199
457,462.0,9.189
458,463.0,8.868
459,464.0,9.269
460,465.0,9.51
461,466.0,6.159
462,467.0,7.154
463,468.0,7.194
464,469.0,7.596
465,470.0,6.511
466,471.0,6.561
467,472.0,6.038
468,473.0,6.279
469,474.0,6.239
470,475.0,6.239
471,476.0,7.716
472,477.0,8.627
473,478.0,8.186
474,479.0,7.945
475,480.0,6.159
476,481.0,6.551
477,482.0,7.877
478,483.0,6.712
479,484.0,6.832
480,485.0,6.32
481,486.0,5.957
482,487.0,6.279
483,488.0,6.4
484,489.0,6.993
485,490.0,7.113
486,491.0,7.435
487,492.0,7.355
488,493.0,6.913
489,494.0,5.998
490,495.0,8.186
491,496.0,6.832
492,497.0,8.306
493,498.0,7.676
494,499.0,6.159
495,500.0,5.957
496,501.0,6.159
497,502.0,6.279
498,503.0,8.627
499,504.0,7.636
500,505.0,8.426
501,506.0,8.788
502,507.0,6.511
503,508.0,8.038
504,509.0,7.033
505,510.0,7.877
506,511.0,7.314
507,512.0,6.913
508,513.0,5.957
509,514.0,5.917
510,515.0,6.279
511,516.0,6.159
512,517.0,9.028
513,518.0,8.948
514,519.0,9.349
515,520.0,9.43
516,521.0,6.118
517,522.0,7.113
518,523.0,7.395
519,524.0,7.475
520,525.0,6.47
521,526.0,6.521
522,527.0,6.078
523,528.0,6.32
524,530.0,6.239
525,531.0,6.239
526,532.0,7.676
527,533.0,8.547
528,534.0,8.105
529,535.0,7.877
530,536.0,6.159
531,537.0,6.752
532,538.0,7.757
533,539.0,6.712
534,540.0,7.033
535,541.0,6.36
536,542.0,5.998
537,543.0,6.279
538,544.0,6.36
539,545.0,7.154
540,546.0,7.033
541,547.0,7.355
542,548.0,7.515
543,549.0,6.872
544,550.0,6.038
545,551.0,8.105
546,552.0,6.792
547,553.0,8.426
548,554.0,7.636
549,555.0,6.159
550,556.0,5.957
551,557.0,6.159
552,558.0,6.279
553,559.0,8.667
554,560.0,7.757
555,561.0,8.467
556,562.0,8.828
557,563.0,6.521
558,564.0,8.078
559,565.0,6.953
560,566.0,7.985
561,567.0,7.234
562,568.0,6.913
563,569.0,5.957
564,570.0,5.957
565,571.0,6.279
566,572.0,6.159
567,573.0,8.908
568,574.0,8.988
569,575.0,9.389
570,576.0,9.309
571,577.0,6.118
572,578.0,7.073
573,579.0,7.475
574,580.0,7.435
575,581.0,6.47
576,582.0,6.481
577,583.0,6.038
578,584.0,6.279
579,585.0,6.279
580,586.0,6.239
581,587.0,7.636
582,588.0,8.467
583,589.0,8.186
584,590.0,7.797
585,591.0,6.159
586,592.0,6.872
587,593.0,7.716
588,594.0,6.712
589,595.0,7.113
590,596.0,6.36
591,597.0,5.998
592,598.0,6.239
593,599.0,6.36
594,600.0,7.274
595,601.0,7.033
596,602.0,7.355
597,603.0,7.596
598,604.0,6.832
599,605.0,6.038
600,606.0,8.038
601,607.0,6.752
602,608.0,8.426
603,609.0,7.596
604,610.0,6.078
605,611.0,5.957
606,612.0,6.078
607,613.0,6.279
608,614.0,8.707
609,615.0,7.837
610,616.0,8.547
611,617.0,8.868
612,618.0,6.481
613,619.0,8.118
614,620.0,6.913
615,621.0,8.065
616,622.0,7.194
617,623.0,6.872
618,624.0,5.957
619,625.0,5.917
620,627.0,6.279
621,628.0,6.159
622,629.0,8.788
623,630.0,9.028
624,631.0,9.43
625,632.0,9.229
626,633.0,6.159
627,634.0,6.993
628,635.0,7.636
629,636.0,7.355
630,637.0,6.39
631,638.0,6.481
632,639.0,6.038
633,640.0,6.279
634,641.0,6.279
635,642.0,6.239
636,643.0,7.556
637,644.0,8.346
638,645.0,8.105
639,646.0,7.757
640,647.0,6.279
641,648.0,7.073
642,649.0,7.636
643,650.0,6.671
644,651.0,7.314
645,652.0,6.36
646,653.0,5.998
647,654.0,6.239
648,655.0,6.36
649,656.0,7.395
650,657.0,6.953
651,658.0,7.314
652,659.0,7.676
653,660.0,6.832
654,661.0,6.038
655,662.0,7.877
656,663.0,6.712
657,664.0,8.386
658,665.0,7.515
659,666.0,6.078
660,667.0,5.957
661,668.0,6.118
662,669.0,6.32
663,670.0,8.788
664,671.0,7.958
665,672.0,8.627
666,673.0,8.988
667,674.0,6.481
668,675.0,7.998
669,676.0,6.872
670,677.0,8.186
671,678.0,7.113
672,679.0,6.872
673,680.0,5.998
674,681.0,5.917
675,682.0,6.279
676,683.0,6.159
677,684.0,8.667
678,685.0,9.109
679,686.0,9.43
680,687.0,9.028
681,688.0,6.159
682,689.0,6.953
683,690.0,7.797
684,691.0,7.395
685,692.0,6.35
686,693.0,6.44
687,694.0,6.038
688,695.0,6.279
689,696.0,6.239
690,697.0,6.199
691,698.0,7.515
692,699.0,8.226
693,700.0,8.025
694,701.0,7.676
695,702.0,6.239
696,703.0,7.234
697,704.0,7.515
698,705.0,6.671
699,706.0,7.435
700,707.0,6.36
701,708.0,5.917
702,709.0,6.32
703,710.0,6.239
704,711.0,6.36
705,712.0,7.917
706,713.0,9.028
707,714.0,8.547
708,715.0,8.226
709,716.0,6.159
710,717.0,6.551
711,718.0,8.145
712,719.0,6.832
713,720.0,6.31
714,721.0,6.32
715,722.0,5.957
716,724.0,5.837
717,725.0,6.279
718,726.0,6.239
719,727.0,9.269
720,728.0,8.627
721,729.0,9.149
722,730.0,9.389
723,731.0,6.239
724,732.0,7.274
725,733.0,6.631
726,734.0,7.865
727,735.0,6.671
728,736.0,6.682
729,737.0,6.038
730,738.0,5.796
731,739.0,6.118
732,740.0,6.279
733,741.0,8.788
734,742.0,7.917
735,743.0,8.627
736,744.0,8.948
737,745.0,6.521
738,746.0,7.998
739,747.0,6.913
740,748.0,8.145
741,749.0,7.194
742,750.0,6.872
743,751.0,6.038
744,752.0,5.756
745,753.0,6.159
746,754.0,6.32
747,755.0,7.917
748,756.0,6.792
749,757.0,7.716
750,758.0,8.145
751,759.0,6.752
752,760.0,6.792
753,761.0,7.556
754,762.0,6.631
755,763.0,7.958
756,764.0,7.234
757,765.0,6.078
758,766.0,5.595
759,767.0,6.199
760,768.0,6.279
761,769.0,6.159
762,770.0,7.515
763,771.0,8.226
764,772.0,8.065
765,773.0,7.636
766,774.0,6.279
767,775.0,7.154
768,776.0,7.556
769,777.0,6.631
770,778.0,7.435
771,779.0,6.32
772,780.0,5.917
773,781.0,5.756
774,782.0,6.32
775,783.0,6.279
776,784.0,9.149
777,785.0,8.467
778,786.0,9.028
779,787.0,9.269
780,788.0,6.32
781,789.0,7.435
782,790.0,6.671
783,791.0,8.065
784,792.0,6.792
785,793.0,6.763
786,794.0,6.038
787,795.0,5.837
788,796.0,6.118
789,797.0,6.279
790,798.0,8.667
791,799.0,7.757
792,800.0,8.507
793,801.0,8.828
794,802.0,6.561
795,803.0,8.158
796,804.0,6.993
797,805.0,8.038
798,806.0,7.274
799,807.0,6.872
800,808.0,6.038
801,809.0,5.796
802,810.0,6.279
803,811.0,6.32
804,812.0,8.078
805,813.0,6.832
806,814.0,7.877
807,815.0,8.306
808,816.0,6.671
809,817.0,7.113
810,818.0,7.355
811,820.0,6.913
812,821.0,7.716
813,822.0,7.154
814,823.0,6.038
815,824.0,5.756
816,825.0,6.239
817,826.0,6.4
818,827.0,7.113
819,828.0,7.073
820,829.0,7.355
821,830.0,7.475
822,831.0,6.832
823,832.0,6.038
824,833.0,8.078
825,834.0,6.832
826,835.0,8.346
827,836.0,7.636
828,837.0,6.118
829,838.0,5.676
830,839.0,6.199
831,840.0,6.239
832,841.0,6.159
833,842.0,7.556
834,843.0,8.226
835,844.0,8.065
836,845.0,7.636
837,846.0,6.279
838,847.0,7.154
839,848.0,7.556
840,849.0,6.631
841,850.0,7.435
842,851.0,6.279
843,852.0,5.917
844,853.0,6.199
845,854.0,6.279
846,855.0,6.4
847,856.0,8.065
848,857.0,9.349
849,858.0,8.908
850,859.0,8.306
851,860.0,6.199
852,861.0,6.631
853,862.0,8.426
854,863.0,6.993
855,864.0,6.31
856,865.0,6.36
857,866.0,6.038
858,867.0,5.837
859,868.0,6.32
860,869.0,6.239
861,870.0,9.389
862,871.0,8.788
863,872.0,9.229
864,873.0,9.43
865,874.0,6.199
866,875.0,7.154
867,876.0,6.953
868,877.0,7.676
869,878.0,6.591
870,879.0,6.601
871,880.0,6.038
872,881.0,5.796
873,882.0,6.118
874,883.0,6.279
875,884.0,8.667
876,885.0,7.757
877,886.0,8.467
878,887.0,8.828
879,888.0,6.521
880,889.0,8.118
881,890.0,6.993
882,891.0,7.945
883,892.0,7.274
884,893.0,6.913
885,894.0,5.957
886,895.0,5.756
887,896.0,6.118
888,897.0,6.279
889,898.0,7.596
890,899.0,6.872
891,900.0,7.314
892,901.0,7.958
893,902.0,6.752
894,903.0,6.32
895,904.0,7.716
896,905.0,6.712
897,906.0,8.145
898,907.0,7.395
899,908.0,6.118
900,909.0,5.716
901,910.0,6.239
902,911.0,6.199
903,912.0,6.118
904,913.0,7.395
905,914.0,8.105
906,916.0,7.797
907,917.0,7.395
908,918.0,6.199
909,919.0,7.636
910,920.0,7.475
911,921.0,7.073
912,922.0,7.958
913,923.0,6.279
914,924.0,5.877
915,925.0,6.199
916,926.0,6.239
917,927.0,6.36
918,928.0,7.985
919,929.0,9.269
920,930.0,8.707
921,931.0,8.186
922,932.0,6.159
923,933.0,6.591
924,934.0,8.346
925,935.0,6.913
926,936.0,6.269
927,937.0,6.36
928,938.0,5.957
929,939.0,5.837
930,940.0,6.279
931,941.0,6.159
932,942.0,9.028
933,943.0,8.948
934,944.0,9.309
935,945.0,9.43
936,946.0,6.118
937,947.0,7.154
938,948.0,7.355
939,949.0,7.515
940,950.0,6.47
941,951.0,6.521
942,952.0,6.038
943,953.0,5.837
944,954.0,6.36
945,955.0,6.279
946,956.0,8.868
947,957.0,8.078
948,958.0,8.707
949,959.0,9.028
950,960.0,6.44
951,961.0,7.877
952,962.0,6.792
953,963.0,8.346
954,964.0,7.073
955,965.0,6.872
956,966.0,5.998
957,967.0,5.837
958,968.0,6.199
959,969.0,6.36
960,970.0,8.158
961,971.0,7.033
962,972.0,7.998
963,973.0,8.386
964,974.0,6.591
965,975.0,7.355
966,976.0,7.355
967,977.0,7.154
968,978.0,7.596
969,979.0,7.073
970,980.0,6.038
971,981.0,5.716
972,982.0,6.239
973,983.0,6.4
974,984.0,7.073
975,985.0,7.073
976,986.0,7.355
977,987.0,7.435
978,988.0,6.832
979,989.0,6.038
980,990.0,8.118
981,991.0,6.792
982,992.0,8.346
983,993.0,7.676
984,994.0,6.159
985,995.0,5.716
986,996.0,6.239
987,997.0,6.199
988,998.0,6.159
989,999.0,7.475
990,1000.0,8.118
991,1001.0,7.917
992,1002.0,7.556
993,1003.0,6.199
994,1004.0,7.395
995,1005.0,7.435
996,1006.0,6.792
997,1007.0,7.636
998,1008.0,6.36
999,1009.0,5.877
1000,1010.0,6.239
1001,1011.0,6.239
1002,1013.0,6.4
1003,1014.0,8.078
1004,1015.0,9.43
1005,1016.0,8.828
1006,1017.0,8.306
1007,1018.0,6.159
1008,1019.0,6.671
1009,1020.0,8.426
1010,1021.0,7.033
1011,1022.0,6.279
1012,1023.0,6.36
1013,1024.0,5.957
1014,1025.0,5.837
1015,1026.0,6.239
1016,1027.0,6.239
1017,1028.0,9.349
1018,1029.0,8.747
1019,1030.0,9.229
1020,1031.0,9.43
1021,1032.0,6.199
1022,1033.0,7.154
1023,1034.0,6.913
1024,1035.0,7.716
1025,1036.0,6.591
1026,1037.0,6.601
1027,1038.0,6.038
1028,1039.0,5.796
1029,1040.0,6.118
1030,1041.0,6.239
1031,1042.0,8.788
1032,1043.0,7.958
1033,1044.0,8.627
1034,1045.0,8.948
1035,1046.0,6.521
1036,1047.0,7.958
1037,1048.0,6.872
1038,1049.0,8.186
1039,1050.0,7.194
1040,1051.0,6.832
1041,1052.0,5.998
1042,1053.0,5.756
1043,1054.0,6.199
1044,1055.0,6.279
1045,1056.0,7.998
1046,1057.0,6.752
1047,1058.0,7.757
1048,1059.0,8.226
1049,1060.0,6.712
1050,1061.0,6.953
1051,1062.0,7.475
1052,1063.0,6.752
1053,1064.0,7.837
1054,1065.0,7.154
1055,1066.0,6.078
1056,1067.0,5.635
1057,1068.0,6.279
1058,1069.0,6.159
1059,1070.0,6.239
1060,1071.0,7.234
1061,1072.0,7.877
1062,1073.0,7.515
1063,1074.0,7.234
1064,1075.0,6.078
1065,1076.0,8.065
1066,1077.0,7.194
1067,1078.0,7.556
1068,1079.0,8.105
1069,1080.0,6.239
1070,1081.0,5.796
1071,1082.0,6.239
1072,1083.0,6.239
1073,1084.0,6.239
1074,1085.0,7.716
1075,1086.0,8.627
1076,1087.0,8.186
1077,1088.0,7.945
1078,1089.0,6.199
1079,1090.0,6.551
1080,1091.0,7.877
1081,1092.0,6.712
1082,1093.0,6.872
1083,1094.0,6.32
1084,1095.0,5.998
1085,1096.0,5.837
1086,1097.0,6.279
1087,1098.0,6.4
1088,1099.0,8.507
1089,1100.0,9.149
1090,1101.0,9.47
1091,1102.0,8.828
1092,1103.0,6.199
1093,1104.0,6.832
1094,1105.0,7.998
1095,1106.0,7.274
1096,1107.0,6.35
1097,1108.0,6.36
1098,1110.0,6.078
1099,1111.0,5.837
1100,1112.0,6.4
1101,1113.0,6.239
1102,1114.0,9.109
1103,1115.0,8.386
1104,1116.0,8.948
1105,1117.0,9.229
1106,1118.0,6.36
1107,1119.0,7.556
1108,1120.0,6.712
1109,1121.0,8.186
1110,1122.0,6.872
1111,1123.0,6.763
1112,1124.0,6.078
1113,1125.0,5.756
1114,1126.0,6.239
1115,1127.0,6.279
1116,1128.0,8.266
1117,1129.0,7.073
1118,1130.0,8.038
1119,1131.0,8.467
1120,1132.0,6.591
1121,1133.0,7.395
1122,1134.0,7.314
1123,1135.0,7.194
1124,1136.0,7.556
1125,1137.0,7.073
1126,1138.0,5.998
1127,1139.0,5.716
1128,1140.0,6.239
1129,1141.0,6.4
1130,1142.0,7.033
1131,1143.0,7.073
1132,1144.0,7.355
1133,1145.0,7.435
1134,1146.0,6.832
1135,1147.0,6.038
1136,1148.0,8.105
1137,1149.0,6.832
1138,1150.0,8.306
1139,1151.0,7.676
1140,1152.0,6.118
1141,1153.0,5.716
1142,1154.0,6.239
1143,1155.0,6.199
1144,1156.0,6.118
1145,1157.0,7.395
1146,1158.0,8.038
1147,1159.0,7.877
1148,1160.0,7.435
1149,1161.0,6.199
1150,1162.0,7.515
1151,1163.0,7.395
1152,1164.0,6.953
1153,1165.0,7.837
1154,1166.0,6.279
1155,1167.0,5.877
1156,1168.0,6.239
1157,1169.0,6.279
1158,1170.0,6.4
1159,1171.0,7.998
1160,1172.0,9.149
1161,1173.0,8.627
1162,1174.0,8.105
1163,1175.0,6.239
1164,1176.0,6.591
1165,1177.0,8.266
1166,1178.0,6.872
1167,1179.0,6.32
1168,1180.0,6.32
1169,1181.0,5.998
1170,1182.0,5.877
1171,1183.0,6.279
1172,1184.0,6.118
1173,1185.0,8.747
1174,1186.0,9.068
1175,1187.0,9.47
1176,1188.0,9.109
1177,1189.0,6.159
1178,1190.0,6.953
1179,1191.0,7.716
1180,1192.0,7.435
1181,1193.0,6.39
1182,1194.0,6.481
1183,1195.0,6.078
1184,1196.0,5.837
1185,1197.0,6.36
1186,1198.0,6.279
1187,1199.0,9.109
1188,1200.0,8.386
1189,1201.0,8.908
1190,1202.0,9.229
1191,1203.0,6.32
1192,1204.0,7.515
1193,1205.0,6.671
1194,1207.0,8.186
1195,1208.0,6.832
1196,1209.0,6.763
1197,1210.0,5.998
1198,1211.0,5.796
1199,1212.0,6.159
1200,1213.0,6.32
1201,1214.0,8.346
1202,1215.0,7.355
1203,1216.0,8.145
1204,1217.0,8.587
1205,1218.0,6.551
1206,1219.0,7.676
1207,1220.0,7.194
1208,1221.0,7.515
1209,1222.0,7.395
1210,1223.0,7.033
1211,1224.0,5.998
1212,1225.0,5.796
1213,1226.0,6.199
1214,1227.0,6.4
1215,1228.0,7.234
1216,1229.0,7.033
1217,1230.0,7.314
1218,1231.0,7.636
1219,1232.0,6.792
1220,1233.0,6.078
1221,1234.0,7.985
1222,1235.0,6.832
1223,1236.0,8.386
1224,1237.0,7.636
1225,1238.0,6.118
1226,1239.0,5.716
1227,1240.0,6.239
1228,1241.0,6.199
1229,1242.0,6.159
1230,1243.0,7.435
1231,1244.0,8.065
1232,1245.0,7.917
1233,1246.0,7.515
1234,1247.0,6.239
1235,1248.0,7.395
1236,1249.0,7.435
1237,1250.0,6.792
1238,1251.0,7.676
1239,1252.0,6.279
1240,1253.0,5.877
1241,1254.0,5.917
1242,1255.0,6.279
1243,1256.0,6.239
1244,1257.0,8.627
1245,1258.0,9.109
1246,1259.0,9.47
1247,1260.0,8.948
1248,1261.0,6.159
1249,1262.0,6.913
1250,1263.0,7.837
1251,1264.0,7.355
1252,1265.0,6.35
1253,1266.0,6.44
1254,1267.0,6.038
1255,1268.0,5.756
1256,1269.0,6.159
1257,1270.0,6.32
1258,1271.0,8.306
1259,1272.0,7.234
1260,1273.0,8.118
1261,1274.0,8.587
1262,1275.0,6.601
1263,1276.0,7.596
1264,1277.0,7.234
1265,1278.0,7.435
1266,1279.0,7.475
1267,1280.0,7.073
1268,1281.0,5.998
1269,1282.0,5.635
1270,1283.0,6.239
1271,1284.0,6.279
1272,1285.0,6.4
1273,1286.0,7.395
1274,1287.0,7.716
1275,1288.0,7.435
1276,1289.0,7.073
1277,1290.0,6.118
1278,1291.0,8.266
1279,1292.0,7.073
1280,1293.0,7.797
1281,1294.0,7.998
1282,1295.0,6.199
1283,1296.0,5.756
1284,1297.0,5.837
1285,1298.0,6.239
1286,1299.0,6.159
1287,1300.0,8.627
1288,1301.0,9.109
1289,1303.0,9.47
1290,1304.0,8.988
1291,1305.0,6.159
1292,1306.0,6.913
1293,1307.0,7.797
1294,1308.0,7.395
1295,1309.0,6.36
1296,1310.0,6.4
1297,1311.0,6.038
1298,1312.0,5.756
1299,1313.0,6.199
1300,1314.0,6.36
1301,1315.0,8.226
1302,1316.0,7.154
1303,1317.0,8.038
1304,1318.0,8.507
1305,1319.0,6.601
1306,1320.0,7.475
1307,1321.0,7.314
1308,1322.0,7.274
1309,1323.0,7.515
1310,1324.0,7.073
1311,1325.0,5.998
1312,1326.0,5.716
1313,1327.0,6.239
1314,1328.0,6.44
1315,1329.0,6.993
1316,1330.0,7.113
1317,1331.0,7.395
1318,1332.0,7.395
1319,1333.0,6.872
1320,1334.0,6.078
1321,1335.0,8.186
1322,1336.0,6.913
1323,1337.0,8.226
1324,1338.0,7.716
1325,1339.0,6.118
1326,1340.0,5.796
1327,1341.0,6.239
1328,1342.0,6.279
1329,1343.0,6.159
1330,1344.0,7.515
1331,1345.0,8.226
1332,1346.0,8.065
1333,1347.0,7.636
1334,1348.0,6.239
1335,1349.0,7.154
1336,1350.0,7.556
1337,1351.0,6.631
1338,1352.0,7.395
1339,1353.0,6.32
1340,1354.0,5.917
1341,1355.0,6.239
1342,1356.0,6.239
1343,1357.0,6.4
1344,1358.0,8.105
1345,1359.0,9.349
1346,1360.0,8.988
1347,1361.0,8.426
1348,1362.0,6.159
1349,1363.0,6.671
1350,1364.0,8.346
1351,1365.0,7.073
1352,1366.0,6.279
1353,1367.0,6.4
1354,1368.0,6.038
1355,1369.0,5.877
1356,1370.0,6.279
1357,1371.0,6.279
1358,1372.0,9.269
1359,1373.0,8.667
1360,1374.0,9.149
1361,1375.0,9.389
1362,1376.0,6.239
1363,1377.0,7.274
1364,1378.0,6.671
1365,1379.0,7.877
1366,1380.0,6.671
1367,1381.0,6.682
1368,1382.0,6.038
1369,1383.0,5.837
1370,1384.0,6.078
1371,1385.0,6.32
1372,1386.0,8.707
1373,1387.0,7.877
1374,1388.0,8.547
1375,1389.0,8.948
1376,1390.0,6.481
1377,1391.0,8.158
1378,1392.0,6.913
1379,1393.0,8.105
1380,1394.0,7.194
1381,1395.0,6.872
1382,1396.0,5.998
1383,1397.0,5.796
1384,1398.0,6.239
1385,1400.0,6.279
1386,1401.0,8.038
1387,1402.0,6.752
1388,1403.0,7.797
1389,1404.0,8.266
1390,1405.0,6.671
1391,1406.0,7.073
1392,1407.0,7.395
1393,1408.0,6.872
1394,1409.0,7.797
1395,1410.0,7.154
1396,1411.0,6.038
1397,1412.0,5.716
1398,1413.0,6.239
1399,1414.0,6.4
1400,1415.0,7.033
1401,1416.0,7.073
1402,1417.0,7.355
1403,1418.0,7.395
1404,1419.0,6.872
1405,1420.0,5.998
1406,1421.0,8.145
1407,1422.0,6.832
1408,1423.0,8.306
1409,1424.0,7.676
1410,1425.0,6.159
1411,1426.0,5.716
1412,1427.0,6.239
1413,1428.0,6.199
1414,1429.0,6.118
1415,1430.0,7.314
1416,1431.0,8.025
1417,1432.0,7.676
1418,1433.0,7.355
1419,1434.0,6.118
1420,1435.0,7.837
1421,1436.0,7.314
1422,1437.0,7.274
1423,1438.0,7.998
1424,1439.0,6.32
1425,1440.0,5.796
1426,1441.0,6.279
1427,1442.0,6.239
1428,1443.0,6.44
1429,1444.0,8.105
1430,1445.0,9.389
1431,1446.0,8.948
1432,1447.0,8.386
1433,1448.0,6.159
1434,1449.0,6.671
1435,1450.0,8.386
1436,1451.0,6.993
1437,1452.0,6.269
1438,1453.0,6.36
1439,1454.0,5.998
1440,1455.0,5.837
1441,1456.0,6.279
1442,1457.0,6.199
1443,1458.0,9.149
1444,1459.0,8.908
1445,1460.0,9.309
1446,1461.0,9.51
1447,1462.0,6.159
1448,1463.0,7.154
1449,1464.0,7.234
1450,1465.0,7.556
1451,1466.0,6.511
1452,1467.0,6.521
1453,1468.0,6.038
1454,1469.0,5.796
1455,1470.0,6.36
1456,1471.0,6.279
1457,1472.0,8.868
1458,1473.0,8.038
1459,1474.0,8.707
1460,1475.0,9.028
1461,1476.0,6.481
1462,1477.0,7.877
1463,1478.0,6.832
1464,1479.0,8.306
1465,1480.0,7.113
1466,1481.0,6.832
1467,1482.0,6.038
1468,1483.0,5.716
1469,1484.0,6.159
1470,1485.0,6.279
1471,1486.0,7.636
1472,1487.0,6.832
1473,1488.0,7.435
1474,1489.0,7.917
1475,1490.0,6.792
1476,1491.0,6.4
1477,1492.0,7.716
1478,1493.0,6.671
1479,1494.0,8.186
1480,1496.0,7.355
1481,1497.0,6.159
1482,1498.0,5.635
1483,1499.0,6.239
1484,1500.0,6.239
1485,1501.0,6.239
1486,1502.0,7.757
1487,1503.0,8.707
1488,1504.0,8.226
1489,1505.0,7.985
1490,1506.0,6.199
1491,1507.0,6.511
1492,1508.0,7.905
1493,1509.0,6.712
1494,1510.0,6.752
1495,1511.0,6.32
1496,1512.0,5.998
1497,1513.0,5.837
1498,1514.0,6.239
1499,1515.0,6.199
1500,1516.0,9.309
1501,1517.0,8.828
1502,1518.0,9.269
1503,1519.0,9.47
1504,1520.0,6.199
1505,1521.0,7.194
1506,1522.0,7.154
1507,1523.0,7.636
1508,1524.0,6.551
1509,1525.0,6.561
1510,1526.0,6.078
1511,1527.0,5.756
1512,1528.0,6.199
1513,1529.0,6.279
1514,1530.0,8.467
1515,1531.0,7.314
1516,1532.0,8.226
1517,1533.0,8.587
1518,1534.0,6.591
1519,1535.0,7.676
1520,1536.0,7.234
1521,1537.0,7.475
1522,1538.0,7.475
1523,1539.0,7.033
1524,1540.0,6.038
1525,1541.0,5.756
1526,1542.0,6.239
1527,1543.0,6.36
1528,1544.0,7.355
1529,1545.0,6.953
1530,1546.0,7.314
1531,1547.0,7.676
1532,1548.0,6.872
1533,1549.0,6.038
1534,1550.0,7.905
1535,1551.0,6.712
1536,1552.0,8.426
1537,1553.0,7.515
1538,1554.0,6.078
1539,1555.0,5.676
1540,1556.0,6.199
1541,1557.0,6.159
1542,1558.0,6.078
1543,1559.0,7.314
1544,1560.0,7.958
1545,1561.0,7.636
1546,1562.0,7.274
1547,1563.0,6.118
1548,1564.0,7.877
1549,1565.0,7.314
1550,1566.0,7.314
1551,1567.0,8.065
1552,1568.0,6.239
1553,1569.0,5.837
1554,1570.0,6.239
1555,1571.0,6.239
1556,1572.0,6.239
1557,1573.0,7.797
1558,1574.0,8.747
1559,1575.0,8.306
1560,1576.0,8.025
1561,1577.0,6.199
1562,1578.0,6.511
1563,1579.0,7.998
1564,1580.0,6.712
1565,1581.0,6.671
1566,1582.0,6.32
1567,1583.0,5.957
1568,1584.0,5.917
1569,1585.0,6.4
1570,1586.0,6.4
1571,1587.0,8.627
1572,1588.0,9.189
1573,1589.0,9.51
1574,1590.0,8.908
1575,1591.0,6.199
1576,1593.0,6.872
1577,1594.0,7.958
1578,1595.0,7.314
1579,1596.0,6.39
1580,1597.0,6.4
1581,1598.0,6.118
1582,1599.0,5.837
1583,1600.0,6.36
1584,1601.0,6.32
1585,1602.0,9.189
1586,1603.0,8.507
1587,1604.0,9.028
1588,1605.0,9.309
1589,1606.0,6.279
1590,1607.0,7.395
1591,1608.0,6.671
1592,1609.0,8.065
1593,1610.0,6.752
1594,1611.0,6.752
1595,1612.0,5.998
1596,1613.0,5.837
1597,1614.0,6.118
1598,1615.0,6.32
1599,1616.0,8.547
1600,1617.0,7.556
1601,1618.0,8.346
1602,1619.0,8.747
1603,1620.0,6.521
1604,1621.0,7.958
1605,1622.0,7.073
1606,1623.0,7.757
1607,1624.0,7.395
1608,1625.0,6.953
1609,1626.0,5.957
1610,1627.0,5.756
1611,1628.0,6.159
1612,1629.0,6.32
1613,1630.0,7.435
1614,1631.0,6.913
1615,1632.0,7.234
1616,1633.0,7.797
1617,1634.0,6.792
1618,1635.0,6.118
1619,1636.0,7.797
1620,1637.0,6.752
1621,1638.0,8.266
1622,1639.0,7.475
1623,1640.0,6.078
1624,1641.0,5.716
1625,1642.0,6.199
1626,1643.0,6.239
1627,1644.0,6.078
1628,1645.0,7.395
1629,1646.0,8.065
1630,1647.0,7.797
1631,1648.0,7.355
1632,1649.0,6.199
1633,1650.0,7.716
1634,1651.0,7.395
1635,1652.0,7.113
1636,1653.0,7.917
1637,1654.0,6.279
1638,1655.0,5.837
1639,1656.0,5.796
1640,1657.0,6.279
1641,1658.0,6.199
1642,1659.0,9.068
1643,1660.0,8.908
1644,1661.0,9.309
1645,1662.0,9.47
1646,1663.0,6.118
1647,1664.0,7.113
1648,1665.0,7.314
1649,1666.0,7.515
1650,1667.0,6.511
1651,1668.0,6.561
1652,1669.0,6.038
1653,1670.0,5.837
1654,1671.0,6.4
1655,1672.0,6.279
1656,1673.0,8.868
1657,1674.0,8.078
1658,1675.0,8.667
1659,1676.0,9.028
1660,1677.0,6.44
1661,1678.0,7.877
1662,1679.0,6.792
1663,1680.0,8.306
1664,1681.0,7.073
1665,1682.0,6.832
1666,1683.0,5.998
1667,1684.0,5.796
1668,1685.0,6.118
1669,1686.0,6.279
1670,1687.0,7.676
1671,1688.0,6.832
1672,1690.0,7.435
1673,1691.0,7.998
1674,1692.0,6.712
1675,1693.0,6.521
1676,1694.0,7.636
1677,1695.0,6.712
1678,1696.0,8.065
1679,1697.0,7.355
1680,1698.0,6.078
1681,1699.0,5.716
1682,1700.0,6.239
1683,1701.0,6.239
1684,1702.0,6.078
1685,1703.0,7.355
1686,1704.0,8.025
1687,1705.0,7.716
1688,1706.0,7.355
1689,1707.0,6.118
1690,1708.0,7.757
1691,1709.0,7.355
1692,1710.0,7.194
1693,1711.0,7.985
1694,1712.0,6.279
1695,1713.0,5.837
1696,1714.0,6.199
1697,1715.0,6.239
1698,1716.0,6.36
1699,1717.0,8.025
1700,1718.0,9.349
1701,1719.0,8.868
1702,1720.0,8.306
1703,1721.0,6.159
1704,1722.0,6.631
1705,1723.0,8.426
1706,1724.0,6.993
1707,1725.0,6.269
1708,1726.0,6.36
1709,1727.0,5.957
1710,1728.0,5.837
1711,1729.0,6.36
1712,1730.0,6.279
1713,1731.0,9.068
1714,1732.0,8.346
1715,1733.0,8.908
1716,1734.0,9.229
1717,1735.0,6.36
1718,1736.0,7.556
1719,1737.0,6.671
1720,1738.0,8.266
1721,1739.0,6.832
1722,1740.0,6.752
1723,1741.0,5.998
1724,1742.0,5.796
1725,1743.0,6.118
1726,1744.0,6.32
1727,1745.0,7.757
1728,1746.0,6.832
1729,1747.0,7.515
1730,1748.0,8.105
1731,1749.0,6.712
1732,1750.0,6.671
1733,1751.0,7.556
1734,1752.0,6.712
1735,1753.0,7.985
1736,1754.0,7.314
1737,1755.0,6.078
1738,1756.0,5.635
1739,1757.0,6.239
1740,1758.0,6.118
1741,1759.0,6.279
1742,1760.0,7.234
1743,1761.0,7.797
1744,1762.0,7.475
1745,1763.0,7.113
1746,1764.0,6.078
1747,1765.0,8.145
1748,1766.0,7.154
1749,1767.0,7.676
1750,1768.0,8.065
1751,1769.0,6.239
1752,1770.0,5.796
1753,1771.0,6.279
1754,1772.0,6.239
1755,1773.0,6.159
1756,1774.0,7.515
1757,1775.0,8.226
1758,1776.0,8.025
1759,1777.0,7.636
1760,1778.0,6.239
1761,1779.0,7.154
1762,1780.0,7.556
1763,1781.0,6.631
1764,1782.0,7.395
1765,1783.0,6.32
1766,1784.0,5.917
1767,1785.0,5.917
1768,1787.0,6.239
1769,1788.0,6.481
1770,1789.0,8.467
1771,1790.0,9.189
1772,1791.0,9.43
1773,1792.0,8.828
1774,1793.0,6.159
1775,1794.0,6.913
1776,1795.0,7.985
1777,1796.0,7.314
1778,1797.0,6.35
1779,1798.0,6.44
1780,1799.0,6.038
1781,1800.0,5.917
1782,1801.0,6.4
1783,1802.0,6.36
1784,1803.0,9.149
1785,1804.0,8.467
1786,1805.0,8.988
1787,1806.0,9.269
1788,1807.0,6.32
1789,1808.0,7.475
1790,1809.0,6.671
1791,1810.0,8.105
1792,1811.0,6.792
1793,1812.0,6.752
1794,1813.0,6.038
1795,1814.0,5.796
1796,1815.0,6.159
1797,1816.0,6.279
1798,1817.0,8.386
1799,1818.0,7.355
1800,1819.0,8.186
1801,1820.0,8.587
1802,1821.0,6.551
1803,1822.0,7.676
1804,1823.0,7.234
1805,1824.0,7.475
1806,1825.0,7.435
1807,1826.0,6.993
1808,1827.0,5.998
1809,1828.0,5.756
1810,1829.0,6.199
1811,1830.0,6.36
1812,1831.0,7.355
1813,1832.0,6.953
1814,1833.0,7.314
1815,1834.0,7.676
1816,1835.0,6.832
1817,1836.0,6.038
1818,1837.0,7.945
1819,1838.0,6.712
1820,1839.0,8.426
1821,1840.0,7.515
1822,1841.0,6.118
1823,1842.0,5.676
1824,1843.0,6.279
1825,1844.0,6.199
1826,1845.0,6.159
1827,1846.0,7.395
1828,1847.0,8.065
1829,1848.0,7.865
1830,1849.0,7.515
1831,1850.0,6.199
1832,1851.0,7.556
1833,1852.0,7.395
1834,1853.0,6.953
1835,1854.0,7.797
1836,1855.0,6.36
1837,1856.0,5.837
1838,1857.0,6.239
1839,1858.0,6.239
1840,1859.0,6.4
1841,1860.0,8.025
1842,1861.0,9.349
1843,1862.0,8.868
1844,1863.0,8.306
1845,1864.0,6.199
1846,1865.0,6.631
1847,1866.0,8.426
1848,1867.0,6.993
1849,1868.0,6.269
1850,1869.0,6.36
1851,1870.0,5.998
1852,1871.0,5.837
1853,1872.0,6.279
1854,1873.0,6.199
1855,1874.0,9.269
1856,1875.0,8.828
1857,1876.0,9.269
1858,1877.0,9.51
1859,1878.0,6.279
1860,1879.0,7.234
1861,1880.0,7.154
1862,1881.0,7.596
1863,1883.0,6.551
1864,1884.0,6.561
1865,1885.0,6.078
1866,1886.0,5.837
1867,1887.0,6.199
1868,1888.0,6.279
1869,1889.0,8.828
1870,1890.0,7.958
1871,1891.0,8.667
1872,1892.0,8.988
1873,1893.0,6.521
1874,1894.0,7.958
1875,1895.0,6.872
1876,1896.0,8.186
1877,1897.0,7.154
1878,1898.0,6.832
1879,1899.0,6.038
1880,1900.0,5.796
1881,1901.0,6.279
1882,1902.0,6.279
1883,1903.0,8.038
1884,1904.0,6.752
1885,1905.0,7.837
1886,1906.0,8.266
1887,1907.0,6.712
1888,1908.0,7.033
1889,1909.0,7.435
1890,1910.0,6.792
1891,1911.0,7.757
1892,1912.0,7.154
1893,1913.0,6.038
1894,1914.0,5.595
1895,1915.0,6.239
1896,1916.0,6.159
1897,1917.0,6.199
1898,1918.0,7.274
1899,1919.0,7.877
1900,1920.0,7.556
1901,1921.0,7.234
1902,1922.0,6.118
1903,1923.0,7.958
1904,1924.0,7.234
1905,1925.0,7.435
1906,1926.0,8.145
1907,1927.0,6.239
1908,1928.0,5.796
1909,1929.0,5.837
1910,1930.0,6.279
1911,1931.0,6.159
1912,1932.0,8.948
1913,1933.0,8.948
1914,1934.0,9.389
1915,1935.0,9.349
1916,1936.0,6.118
1917,1937.0,7.033
1918,1938.0,7.475
1919,1939.0,7.475
1920,1940.0,6.47
1921,1941.0,6.481
1922,1942.0,6.159
1923,1943.0,5.837
1924,1944.0,6.44
1925,1945.0,6.239
1926,1946.0,9.028
1927,1947.0,8.266
1928,1948.0,8.908
1929,1949.0,9.149
1930,1950.0,6.44
1931,1951.0,7.636
1932,1952.0,6.752
1933,1953.0,8.346
1934,1954.0,6.953
1935,1955.0,6.832
1936,1956.0,5.998
1937,1957.0,5.796
1938,1958.0,6.159
1939,1959.0,6.279
1940,1960.0,8.266
1941,1961.0,7.194
1942,1962.0,8.065
1943,1963.0,8.507
1944,1964.0,6.591
1945,1965.0,7.515
1946,1966.0,7.274
1947,1967.0,7.314
1948,1968.0,7.515
1949,1969.0,7.073
1950,1970.0,5.998
1951,1971.0,5.756
1952,1972.0,6.199
1953,1973.0,6.36
1954,1974.0,7.194
1955,1975.0,7.033
1956,1976.0,7.314
1957,1977.0,7.556
1958,1978.0,6.792
1959,1980.0,6.038
1960,1981.0,7.985
1961,1982.0,6.832
1962,1983.0,8.386
1963,1984.0,7.596
1964,1985.0,6.118
1965,1986.0,5.716
1966,1987.0,6.239
1967,1988.0,6.199
1968,1989.0,6.118
1969,1990.0,7.395
1970,1991.0,8.105
1971,1992.0,7.797
1972,1993.0,7.395
1973,1994.0,6.199
1974,1995.0,7.676
1975,1996.0,7.435
1976,1997.0,7.073
1977,1998.0,7.945
1978,1999.0,6.279
1979,2000.0,5.877
1980,2001.0,6.239
1981,2002.0,6.279
1982,2003.0,6.32
1983,2004.0,7.998
1984,2005.0,9.109
1985,2006.0,8.667
1986,2007.0,8.105
1987,2008.0,6.199
1988,2009.0,6.591
1989,2010.0,8.266
1990,2011.0,6.872
1991,2012.0,6.279
1992,2013.0,6.32
1993,2014.0,5.957
1994,2015.0,5.837
1995,2016.0,6.199
1996,2017.0,6.239
1997,2018.0,9.349
1998,2019.0,8.788
1999,2020.0,9.229
2000,2021.0,9.47
2001,2022.0,6.159
2002,2023.0,7.154
2003,2024.0,6.953
2004,2025.0,7.676
2005,2026.0,6.591
2006,2027.0,6.601
2007,2028.0,6.038
2008,2029.0,5.837
2009,2030.0,6.199
2010,2031.0,6.279
2011,2032.0,8.828
2012,2033.0,7.998
2013,2034.0,8.667
2014,2035.0,9.028
2015,2036.0,6.481
2016,2037.0,7.958
2017,2038.0,6.832
2018,2039.0,8.266
2019,2040.0,7.073
2020,2041.0,6.832
2021,2042.0,5.998
2022,2043.0,5.837
2023,2044.0,6.239
2024,2045.0,6.32
2025,2046.0,8.038
2026,2047.0,6.832
2027,2048.0,7.797
2028,2049.0,8.306
2029,2050.0,6.631
2030,2051.0,7.113
2031,2052.0,7.395
2032,2053.0,6.913
2033,2054.0,7.757
2034,2055.0,7.194
2035,2056.0,6.038
2036,2057.0,5.676
2037,2058.0,6.239
2038,2059.0,6.521
2039,2060.0,6.671
2040,2061.0,7.234
2041,2062.0,7.556
2042,2063.0,7.314
2043,2064.0,6.993
2044,2065.0,5.998
2045,2066.0,8.386
2046,2067.0,6.953
2047,2068.0,7.998
2048,2069.0,7.877
2049,2070.0,6.199
2050,2071.0,5.716
2051,2072.0,6.239
2052,2073.0,6.279
2053,2074.0,6.199
2054,2075.0,7.596
2055,2077.0,8.386
2056,2078.0,8.186
2057,2079.0,7.757
2058,2080.0,6.199
2059,2081.0,6.913
2060,2082.0,7.676
2061,2083.0,6.712
2062,2084.0,7.194
2063,2085.0,6.32
2064,2086.0,5.957
2065,2087.0,5.917
2066,2088.0,6.279
2067,2089.0,6.481
2068,2090.0,8.266
2069,2091.0,9.269
2070,2092.0,9.229
2071,2093.0,8.627
2072,2094.0,6.159
2073,2095.0,6.792
2074,2096.0,8.186
2075,2097.0,7.154
2076,2098.0,6.229
2077,2099.0,6.4
2078,2100.0,5.998
2079,2101.0,5.877
2080,2102.0,6.239
2081,2103.0,6.279
2082,2104.0,9.309
2083,2105.0,8.747
2084,2106.0,9.189
2085,2107.0,9.47
2086,2108.0,6.199
2087,2109.0,7.234
2088,2110.0,6.832
2089,2111.0,7.757
2090,2112.0,6.591
2091,2113.0,6.601
2092,2114.0,6.038
2093,2115.0,5.796
2094,2116.0,6.078
2095,2117.0,6.279
2096,2118.0,8.707
2097,2119.0,7.797
2098,2120.0,8.507
2099,2121.0,8.868
2100,2122.0,6.481
2101,2123.0,8.118
2102,2124.0,6.953
2103,2125.0,8.065
2104,2126.0,7.194
2105,2127.0,6.872
2106,2128.0,5.957
2107,2129.0,5.756
2108,2130.0,6.199
2109,2131.0,6.279
2110,2132.0,7.556
2111,2133.0,6.872
2112,2134.0,7.314
2113,2135.0,7.877
2114,2136.0,6.752
2115,2137.0,6.279
2116,2138.0,7.757
2117,2139.0,6.671
2118,2140.0,8.186
2119,2141.0,7.355
2120,2142.0,6.118
2121,2143.0,5.635
2122,2144.0,6.279
2123,2145.0,6.239
2124,2146.0,6.44
2125,2147.0,7.355
2126,2148.0,7.757
2127,2149.0,7.395
2128,2150.0,7.113
2129,2151.0,6.078
2130,2152.0,8.306
2131,2153.0,7.073
2132,2154.0,7.837
2133,2155.0,8.038
2134,2156.0,6.239
2135,2157.0,5.756
2136,2158.0,6.601
2137,2159.0,6.4
2138,2160.0,6.239
2139,2161.0,7.596
2140,2162.0,8.386
2141,2163.0,8.186
2142,2164.0,7.716
2143,2165.0,6.239
2144,2166.0,6.953
2145,2167.0,7.676
2146,2168.0,6.631
2147,2169.0,7.234
2148,2170.0,6.279
2149,2171.0,5.957
2150,2173.0,5.837
2151,2174.0,6.279
2152,2175.0,6.481
2153,2176.0,8.386
2154,2177.0,9.229
2155,2178.0,9.349
2156,2179.0,8.667
2157,2180.0,6.159
2158,2181.0,6.792
2159,2182.0,8.065
2160,2183.0,7.194
2161,2184.0,6.269
2162,2185.0,6.36
2163,2186.0,6.038
2164,2187.0,5.837
2165,2188.0,6.279
2166,2189.0,6.239
2167,2190.0,9.269
2168,2191.0,8.627
2169,2192.0,9.149
2170,2193.0,9.349
2171,2194.0,6.239
2172,2195.0,7.274
2173,2196.0,6.671
2174,2197.0,7.837
2175,2198.0,6.671
2176,2199.0,6.642
2177,2200.0,6.078
2178,2201.0,5.796
2179,2202.0,6.118
2180,2203.0,6.279
2181,2204.0,8.707
2182,2205.0,7.757
2183,2206.0,8.547
2184,2207.0,8.828
2185,2208.0,6.561
2186,2209.0,8.118
2187,2210.0,7.033
2188,2211.0,7.998
2189,2212.0,7.314
2190,2213.0,6.872
2191,2214.0,5.957
2192,2215.0,5.756
2193,2216.0,6.118
2194,2217.0,6.279
2195,2218.0,7.676
2196,2219.0,6.832
2197,2220.0,7.435
2198,2221.0,7.998
2199,2222.0,6.712
2200,2223.0,6.481
2201,2224.0,7.636
2202,2225.0,6.671
2203,2226.0,8.065
2204,2227.0,7.314
2205,2228.0,6.078
2206,2229.0,5.635
2207,2230.0,6.199
2208,2231.0,6.118
2209,2232.0,6.279
2210,2233.0,7.274
2211,2234.0,7.716
2212,2235.0,7.435
2213,2236.0,7.113
2214,2237.0,6.078
2215,2238.0,8.145
2216,2239.0,7.154
2217,2240.0,7.716
2218,2241.0,8.065
2219,2242.0,6.199
2220,2243.0,5.837
2221,2244.0,6.239
2222,2245.0,6.279
2223,2246.0,6.279
2224,2247.0,7.917
2225,2248.0,8.988
2226,2249.0,8.507
2227,2250.0,8.186
2228,2251.0,6.199
2229,2252.0,6.551
2230,2253.0,8.145
2231,2254.0,6.792
2232,2255.0,6.47
2233,2256.0,6.32
2234,2257.0,5.998
2235,2258.0,5.877
2236,2259.0,6.36
2237,2260.0,6.159
2238,2261.0,8.908
2239,2262.0,9.028
2240,2263.0,9.47
2241,2264.0,9.189
2242,2265.0,6.159
2243,2266.0,6.993
2244,2267.0,7.636
2245,2268.0,7.395
2246,2270.0,6.39
2247,2271.0,6.44
2248,2272.0,6.038
2249,2273.0,5.837
2250,2274.0,6.32
2251,2275.0,6.279
2252,2276.0,9.109
2253,2277.0,8.467
2254,2278.0,8.988
2255,2279.0,9.269
2256,2280.0,6.32
2257,2281.0,7.475
2258,2282.0,6.671
2259,2283.0,8.105
2260,2284.0,6.792
2261,2285.0,6.752
2262,2286.0,5.998
2263,2287.0,5.837
2264,2288.0,6.159
2265,2289.0,6.32
2266,2290.0,8.426
2267,2291.0,7.435
2268,2292.0,8.226
2269,2293.0,8.667
2270,2294.0,6.551
2271,2295.0,7.797
2272,2296.0,7.154
2273,2297.0,7.636
2274,2298.0,7.355
2275,2299.0,6.993
2276,2300.0,5.998
2277,2301.0,5.837
2278,2302.0,6.239
2279,2303.0,6.4
2280,2304.0,7.395
2281,2305.0,6.993
2282,2306.0,7.274
2283,2307.0,7.757
2284,2308.0,6.792
2285,2309.0,6.078
2286,2310.0,7.905
2287,2311.0,6.792
2288,2312.0,8.346
2289,2313.0,7.515
2290,2314.0,6.078
2291,2315.0,5.716
2292,2316.0,6.239
2293,2317.0,6.199
2294,2318.0,6.118
2295,2319.0,7.475
2296,2320.0,8.105
2297,2321.0,7.905
2298,2322.0,7.556
2299,2323.0,6.199
2300,2324.0,7.395
2301,2325.0,7.435
2302,2326.0,6.792
2303,2327.0,7.636
2304,2328.0,6.32
2305,2329.0,5.877
2306,2330.0,5.837
2307,2331.0,6.279
2308,2332.0,6.159
2309,2333.0,8.828
2310,2334.0,9.068
2311,2335.0,9.43
2312,2336.0,9.189
2313,2337.0,6.159
2314,2338.0,6.993
2315,2339.0,7.676
2316,2340.0,7.395
2317,2341.0,6.39
2318,2342.0,6.44
2319,2343.0,6.038
2320,2344.0,5.796
2321,2345.0,6.159
2322,2346.0,6.32
2323,2347.0,8.386
2324,2348.0,7.395
2325,2349.0,8.226
2326,2350.0,8.627
2327,2351.0,6.551
2328,2352.0,7.757
2329,2353.0,7.154
2330,2354.0,7.596
2331,2355.0,7.355
2332,2356.0,7.033
2333,2357.0,5.998
2334,2358.0,5.635
2335,2359.0,6.239
2336,2360.0,6.239
2337,2361.0,6.078
2338,2362.0,7.395
2339,2363.0,8.065
2340,2364.0,7.757
2341,2366.0,7.314
2342,2367.0,6.159
2343,2368.0,7.797
2344,2369.0,7.355
2345,2370.0,7.234
2346,2371.0,7.985
2347,2372.0,6.279
2348,2373.0,5.837
2349,2374.0,6.239
2350,2375.0,6.239
2351,2376.0,6.32
2352,2377.0,7.958
2353,2378.0,9.068
2354,2379.0,8.547
2355,2380.0,8.145
2356,2381.0,6.199
2357,2382.0,6.591
2358,2383.0,8.186
2359,2384.0,6.832
2360,2385.0,6.269
2361,2386.0,6.36
2362,2387.0,5.917
2363,2388.0,5.877
2364,2389.0,6.239
2365,2390.0,6.239
2366,2391.0,9.269
2367,2392.0,8.788
2368,2393.0,9.229
2369,2394.0,9.51
2370,2395.0,6.159
2371,2396.0,7.234
2372,2397.0,7.073
2373,2398.0,7.636
2374,2399.0,6.551
2375,2400.0,6.591
2376,2401.0,6.038
2377,2402.0,5.837
2378,2403.0,6.078
2379,2404.0,6.279
2380,2405.0,8.707
2381,2406.0,7.877
2382,2407.0,8.507
2383,2408.0,8.908
2384,2409.0,6.511
2385,2410.0,8.105
2386,2411.0,6.913
2387,2412.0,8.105
2388,2413.0,7.194
2389,2414.0,6.913
2390,2415.0,5.957
2391,2416.0,5.837
2392,2417.0,6.159
2393,2418.0,6.32
2394,2419.0,7.757
2395,2420.0,6.792
2396,2421.0,7.475
2397,2422.0,7.998
2398,2423.0,6.712
2399,2424.0,6.561
2400,2425.0,7.596
2401,2426.0,6.631
2402,2427.0,8.025
2403,2428.0,7.274
2404,2429.0,6.078
2405,2430.0,5.635
2406,2431.0,6.199
2407,2432.0,6.279
2408,2433.0,6.239
2409,2434.0,7.596
2410,2435.0,8.426
2411,2436.0,8.186
2412,2437.0,7.797
2413,2438.0,6.159
2414,2439.0,6.872
2415,2440.0,7.716
2416,2441.0,6.671
2417,2442.0,7.113
2418,2443.0,6.32
2419,2444.0,5.957
2420,2445.0,5.837
2421,2446.0,6.239
2422,2447.0,6.279
2423,2448.0,9.349
2424,2449.0,8.707
2425,2450.0,9.149
2426,2451.0,9.389
2427,2452.0,6.199
2428,2453.0,7.234
2429,2454.0,6.792
2430,2455.0,7.837
2431,2456.0,6.631
2432,2457.0,6.682
2433,2458.0,6.038
2434,2459.0,5.917
2435,2460.0,6.36
2436,2462.0,6.32
2437,2463.0,9.068
2438,2464.0,8.426
2439,2465.0,8.948
2440,2466.0,9.269
2441,2467.0,6.32
2442,2468.0,7.556
2443,2469.0,6.671
2444,2470.0,8.186
2445,2471.0,6.792
2446,2472.0,6.712
2447,2473.0,5.998
2448,2474.0,5.837
2449,2475.0,6.078
2450,2476.0,6.279
2451,2477.0,8.747
2452,2478.0,7.877
2453,2479.0,8.587
2454,2480.0,8.908
2455,2481.0,6.481
2456,2482.0,8.038
2457,2483.0,6.913
2458,2484.0,8.105
2459,2485.0,7.194
2460,2486.0,6.872
2461,2487.0,5.998
2462,2488.0,5.796
2463,2489.0,6.118
2464,2490.0,6.279
2465,2491.0,7.917
2466,2492.0,6.752
2467,2493.0,7.716
2468,2494.0,8.186
2469,2495.0,6.671
2470,2496.0,6.913
2471,2497.0,7.435
2472,2498.0,6.712
2473,2499.0,7.917
2474,2500.0,7.194
2475,2501.0,6.078
2476,2502.0,5.635
2477,2503.0,6.36
2478,2504.0,6.521
2479,2505.0,6.792
2480,2506.0,7.194
2481,2507.0,7.515
2482,2508.0,7.274
2483,2509.0,6.993
2484,2510.0,5.998
2485,2511.0,8.346
2486,2512.0,6.953
2487,2513.0,8.105
2488,2514.0,7.797
2489,2515.0,6.199
2490,2516.0,5.716
2491,2517.0,6.279
2492,2518.0,6.199
2493,2519.0,6.199
2494,2520.0,7.435
2495,2521.0,8.105
2496,2522.0,7.917
2497,2523.0,7.515
2498,2524.0,6.199
2499,2525.0,7.475
2500,2526.0,7.395
2501,2527.0,6.872
2502,2528.0,7.716
2503,2529.0,6.279
2504,2530.0,5.877
2505,2531.0,6.159
2506,2532.0,6.239
2507,2533.0,6.36
2508,2534.0,8.065
2509,2535.0,9.269
2510,2536.0,8.788
2511,2537.0,8.226
2512,2538.0,6.159
2513,2539.0,6.631
2514,2540.0,8.386
2515,2541.0,6.913
2516,2542.0,6.269
2517,2543.0,6.32
2518,2544.0,5.998
2519,2545.0,5.837
2520,2546.0,6.279
2521,2547.0,6.159
2522,2548.0,9.149
2523,2549.0,8.908
2524,2550.0,9.349
2525,2551.0,9.47
2526,2552.0,6.159
2527,2553.0,7.113
2528,2554.0,7.355
2529,2555.0,7.515
2530,2556.0,6.511
2531,2557.0,6.521
2532,2559.0,6.078
2533,2560.0,5.837
2534,2561.0,6.239
2535,2562.0,6.279
2536,2563.0,8.868
2537,2564.0,7.998
2538,2565.0,8.707
2539,2566.0,8.988
2540,2567.0,6.521
2541,2568.0,7.917
2542,2569.0,6.913
2543,2570.0,8.266
2544,2571.0,7.154
2545,2572.0,6.832
2546,2573.0,6.038
2547,2574.0,5.756
2548,2575.0,6.159
2549,2576.0,6.32
2550,2577.0,7.797
2551,2578.0,6.792
2552,2579.0,7.556
2553,2580.0,8.105
2554,2581.0,6.712
2555,2582.0,6.712
2556,2583.0,7.556
2557,2584.0,6.631
2558,2585.0,7.945
2559,2586.0,7.234
2560,2587.0,6.078
2561,2588.0,5.635
2562,2589.0,6.239
2563,2590.0,6.159
2564,2591.0,6.199
2565,2592.0,7.234
2566,2593.0,7.877
2567,2594.0,7.556
2568,2595.0,7.194
2569,2596.0,6.118
2570,2597.0,7.985
2571,2598.0,7.234
2572,2599.0,7.515
2573,2600.0,8.145
2574,2601.0,6.239
2575,2602.0,5.796
2576,2603.0,6.239
2577,2604.0,6.279
2578,2605.0,6.32
2579,2606.0,7.917
2580,2607.0,8.988
2581,2608.0,8.547
2582,2609.0,8.226
2583,2610.0,6.239
2584,2611.0,6.551
2585,2612.0,8.186
2586,2613.0,6.792
2587,2614.0,6.4
2588,2615.0,6.32
2589,2616.0,5.998
2590,2617.0,5.837
2591,2618.0,6.32
2592,2619.0,6.159
2593,2620.0,8.988
2594,2621.0,8.988
2595,2622.0,9.47
2596,2623.0,9.349
2597,2624.0,6.199
2598,2625.0,7.073
2599,2626.0,7.475
2600,2627.0,7.395
2601,2628.0,6.47
2602,2629.0,6.481
2603,2630.0,6.038
2604,2631.0,5.837
2605,2632.0,6.4
2606,2633.0,6.279
2607,2634.0,9.028
2608,2635.0,8.266
2609,2636.0,8.868
2610,2637.0,9.149
2611,2638.0,6.36
2612,2639.0,7.636
2613,2640.0,6.671
2614,2641.0,8.306
2615,2642.0,6.872
2616,2643.0,6.763
2617,2644.0,5.998
2618,2645.0,5.796
2619,2646.0,6.199
2620,2647.0,6.32
2621,2648.0,8.199
2622,2649.0,7.073
2623,2650.0,7.998
2624,2651.0,8.426
2625,2652.0,6.631
2626,2653.0,7.355
2627,2654.0,7.355
2628,2656.0,7.194
2629,2657.0,7.596
2630,2658.0,7.113
2631,2659.0,5.998
2632,2660.0,5.716
2633,2661.0,6.279
2634,2662.0,6.481
2635,2663.0,6.832
2636,2664.0,7.194
2637,2665.0,7.475
2638,2666.0,7.314
2639,2667.0,6.913
2640,2668.0,6.038
2641,2669.0,8.266
2642,2670.0,6.953
2643,2671.0,8.145
2644,2672.0,7.837
2645,2673.0,6.118
2646,2674.0,5.796
2647,2675.0,6.239
2648,2676.0,6.279
2649,2677.0,6.159
2650,2678.0,7.556
2651,2679.0,8.266
2652,2680.0,8.065
2653,2681.0,7.676
2654,2682.0,6.279
2655,2683.0,7.113
2656,2684.0,7.596
2657,2685.0,6.631
2658,2686.0,7.355
2659,2687.0,6.32
2660,2688.0,5.917
2661,2689.0,5.837
2662,2690.0,6.279
2663,2691.0,6.159
2664,2692.0,8.988
2665,2693.0,8.908
2666,2694.0,9.349
2667,2695.0,9.43
2668,2696.0,6.118
2669,2697.0,7.113
2670,2698.0,7.395
2671,2699.0,7.475
2672,2700.0,6.47
2673,2701.0,6.521
2674,2702.0,6.038
2675,2703.0,5.837
2676,2704.0,6.43
2677,2705.0,6.279
2678,2706.0,8.948
2679,2707.0,8.199
2680,2708.0,8.788
2681,2709.0,9.109
2682,2710.0,6.44
2683,2711.0,7.757
2684,2712.0,6.712
2685,2713.0,8.426
2686,2714.0,6.993
2687,2715.0,6.832
2688,2716.0,5.998
2689,2717.0,5.837
2690,2718.0,6.239
2691,2719.0,6.36
2692,2720.0,8.038
2693,2721.0,6.872
2694,2722.0,7.797
2695,2723.0,8.346
2696,2724.0,6.631
2697,2725.0,7.154
2698,2726.0,7.355
2699,2727.0,6.872
2700,2728.0,7.716
2701,2729.0,7.154
2702,2730.0,6.038
2703,2731.0,5.595
2704,2732.0,6.239
2705,2733.0,6.32
2706,2734.0,6.511
2707,2735.0,7.314
2708,2736.0,7.676
2709,2737.0,7.355
2710,2738.0,7.073
2711,2739.0,6.038
2712,2740.0,8.306
2713,2741.0,7.033
2714,2742.0,7.837
2715,2743.0,7.998
2716,2744.0,6.199
2717,2745.0,5.756
2718,2746.0,6.239
2719,2747.0,6.239
2720,2748.0,6.279
2721,2749.0,7.636
2722,2750.0,8.507
2723,2752.0,8.105
2724,2753.0,7.837
2725,2754.0,6.159
2726,2755.0,6.832
2727,2756.0,7.716
2728,2757.0,6.671
2729,2758.0,7.033
2730,2759.0,6.32
2731,2760.0,5.957
2732,2761.0,5.877
2733,2762.0,6.279
2734,2763.0,6.521
2735,2764.0,8.386
2736,2765.0,9.229
2737,2766.0,9.389
2738,2767.0,8.747
2739,2768.0,6.159
2740,2769.0,6.832
2741,2770.0,8.065
2742,2771.0,7.274
2743,2772.0,6.269
2744,2773.0,6.44
2745,2774.0,6.038
2746,2775.0,5.917
2747,2776.0,6.279
2748,2777.0,6.32
2749,2778.0,9.229
2750,2779.0,8.587
2751,2780.0,9.109
2752,2781.0,9.349
2753,2782.0,6.229
2754,2783.0,7.314
2755,2784.0,6.631
2756,2785.0,7.905
2757,2786.0,6.712
2758,2787.0,6.671
2759,2788.0,6.038
2760,2789.0,5.796
2761,2790.0,6.521
2762,2791.0,6.32
2763,2792.0,8.426
2764,2793.0,7.395
2765,2794.0,8.226
2766,2795.0,8.627
2767,2796.0,6.551
2768,2797.0,7.757
2769,2798.0,7.154
2770,2799.0,7.556
2771,2800.0,7.395
2772,2801.0,6.993
2773,2802.0,5.998
2774,2803.0,5.756
2775,2804.0,6.199
2776,2805.0,6.32
2777,2806.0,7.435
2778,2807.0,6.913
2779,2808.0,7.274
2780,2809.0,7.757
2781,2810.0,6.832
2782,2811.0,6.078
2783,2812.0,7.865
2784,2813.0,6.712
2785,2814.0,8.346
2786,2815.0,7.435
2787,2816.0,6.118
2788,2817.0,5.676
2789,2818.0,6.279
2790,2819.0,6.199
2791,2820.0,6.159
2792,2821.0,7.395
2793,2822.0,8.145
2794,2823.0,7.797
2795,2824.0,7.515
2796,2825.0,6.159
2797,2826.0,7.636
2798,2827.0,7.355
2799,2828.0,7.033
2800,2829.0,7.837
2801,2830.0,6.279
2802,2831.0,5.877
2803,2832.0,6.279
2804,2833.0,6.239
2805,2834.0,6.32
2806,2835.0,7.917
2807,2836.0,9.068
2808,2837.0,8.547
2809,2838.0,8.145
2810,2839.0,6.199
2811,2840.0,6.551
2812,2841.0,8.186
2813,2842.0,6.832
2814,2843.0,6.269
2815,2844.0,6.32
2816,2845.0,5.957
2817,2846.0,5.837
2818,2847.0,6.279
2819,2848.0,6.159
2820,2850.0,9.028
2821,2851.0,8.948
2822,2852.0,9.389
2823,2853.0,9.389
2824,2854.0,6.118
2825,2855.0,7.073
2826,2856.0,7.475
2827,2857.0,7.435
2828,2858.0,6.47
2829,2859.0,6.481
2830,2860.0,6.078
2831,2861.0,5.837
2832,2862.0,6.43
2833,2863.0,6.239
2834,2864.0,9.028
2835,2865.0,8.226
2836,2866.0,8.868
2837,2867.0,9.109
2838,2868.0,6.43
2839,2869.0,7.716
2840,2870.0,6.752
2841,2871.0,8.386
2842,2872.0,6.993
2843,2873.0,6.752
2844,2874.0,6.038
2845,2875.0,5.756
2846,2876.0,6.279
2847,2877.0,6.279
2848,2878.0,8.078
2849,2879.0,6.792
2850,2880.0,7.877
2851,2881.0,8.266
2852,2882.0,6.671
2853,2883.0,7.073
2854,2884.0,7.355
2855,2885.0,6.872
2856,2886.0,7.716
2857,2887.0,7.154
2858,2888.0,6.038
2859,2889.0,5.635
2860,2890.0,6.279
2861,2891.0,6.44
2862,2892.0,6.832
2863,2893.0,7.194
2864,2894.0,7.475
2865,2895.0,7.274
2866,2896.0,6.913
2867,2897.0,6.038
2868,2898.0,8.266
2869,2899.0,6.913
2870,2900.0,8.145
2871,2901.0,7.797
2872,2902.0,6.118
2873,2903.0,5.716
2874,2904.0,6.199
2875,2905.0,6.239
2876,2906.0,6.118
2877,2907.0,7.435
2878,2908.0,8.025
2879,2909.0,7.865
2880,2910.0,7.515
2881,2911.0,6.199
2882,2912.0,7.435
2883,2913.0,7.435
2884,2914.0,6.872
2885,2915.0,7.757
2886,2916.0,6.279
2887,2917.0,5.877
2888,2918.0,6.199
2889,2919.0,6.279
2890,2920.0,6.32
2891,2921.0,7.985
2892,2922.0,9.149
2893,2923.0,8.667
2894,2924.0,8.105
2895,2925.0,6.199
2896,2926.0,6.591
2897,2927.0,8.306
2898,2928.0,6.872
2899,2929.0,6.31
2900,2930.0,6.32
2901,2931.0,6.038
2902,2932.0,5.877
2903,2933.0,6.32
2904,2934.0,6.159
2905,2935.0,9.028
2906,2936.0,8.948
2907,2937.0,9.349
2908,2938.0,9.389
2909,2939.0,6.109
2910,2940.0,7.073
2911,2941.0,7.435
2912,2942.0,7.435
2913,2943.0,6.43
2914,2944.0,6.521
2915,2946.0,6.038
2916,2947.0,5.837
2917,2948.0,6.44
2918,2949.0,6.279
2919,2950.0,8.948
2920,2951.0,8.186
2921,2952.0,8.788
2922,2953.0,9.109
2923,2954.0,6.4
2924,2955.0,7.757
2925,2956.0,6.712
2926,2957.0,8.426
2927,2958.0,6.953
2928,2959.0,6.792
2929,2960.0,5.998
2930,2961.0,5.796
2931,2962.0,6.118
2932,2963.0,6.279
2933,2964.0,7.636
2934,2965.0,6.832
2935,2966.0,7.274
2936,2967.0,7.797
2937,2968.0,6.752
2938,2969.0,6.038
2939,2970.0,7.917
2940,2971.0,6.752
2941,2972.0,8.386
2942,2973.0,7.636
2943,2974.0,6.118
2944,2975.0,5.716
2945,2976.0,6.239
2946,2977.0,6.279
2947,2978.0,6.159
2948,2979.0,7.596
2949,2980.0,8.386
2950,2981.0,8.186
2951,2982.0,7.824
2952,2983.0,6.239
2953,2984.0,6.551
2954,2985.0,7.945
2955,2986.0,6.712
2956,2987.0,6.631
2957,2988.0,6.32
2958,2989.0,5.957
2959,2990.0,5.837
2960,2991.0,6.239
2961,2992.0,6.159
2962,2993.0,9.189
2963,2994.0,8.788
2964,2995.0,9.189
2965,2996.0,9.43
2966,2997.0,6.199
2967,2998.0,7.194
2968,2999.0,6.671
2969,3000.0,7.877
2970,3001.0,6.671
2971,3002.0,6.722
2972,3003.0,5.998
2973,3004.0,5.796
2974,3005.0,6.159
2975,3006.0,6.279
2976,3007.0,8.118
2977,3008.0,6.913
2978,3009.0,7.837
2979,3010.0,8.266
2980,3011.0,6.631
2981,3012.0,6.993
2982,3013.0,7.395
2983,3014.0,6.792
2984,3015.0,7.784
2985,3016.0,7.194
2986,3017.0,6.038
2987,3018.0,5.716
2988,3019.0,6.279
2989,3020.0,6.481
2990,3021.0,6.913
2991,3022.0,7.154
2992,3023.0,7.435
2993,3024.0,7.355
2994,3025.0,6.913
2995,3026.0,6.078
2996,3027.0,8.226
2997,3028.0,6.913
2998,3029.0,8.186
2999,3030.0,7.797
3000,3031.0,6.118
3001,3032.0,5.756
3002,3033.0,6.239
3003,3034.0,6.279
3004,3035.0,6.159
3005,3036.0,7.515
3006,3037.0,8.105
3007,3038.0,8.025
3008,3039.0,7.556
3009,3040.0,6.279
3010,3041.0,7.274
3011,3043.0,7.475
3012,3044.0,6.712
3013,3045.0,7.596
3014,3046.0,6.279
3015,3047.0,5.877
3016,3048.0,6.038
3017,3049.0,6.239
3018,3050.0,6.44
3019,3051.0,8.186
3020,3052.0,9.269
3021,3053.0,9.109
3022,3054.0,8.467
3023,3055.0,6.159
3024,3056.0,6.712
3025,3057.0,8.266
3026,3058.0,7.073
3027,3059.0,6.269
3028,3060.0,6.4
3029,3061.0,5.998
3030,3062.0,5.837
3031,3063.0,6.279
3032,3064.0,6.32
3033,3065.0,9.229
3034,3066.0,8.587
3035,3067.0,9.068
3036,3068.0,9.349
3037,3069.0,6.239
3038,3070.0,7.355
3039,3071.0,6.631
3040,3072.0,7.945
3041,3073.0,6.712
3042,3074.0,6.712
3043,3075.0,6.038
3044,3076.0,5.837
3045,3077.0,6.159
3046,3078.0,6.32
3047,3079.0,8.426
3048,3080.0,7.475
3049,3081.0,8.266
3050,3082.0,8.707
3051,3083.0,6.551
3052,3084.0,7.837
3053,3085.0,7.154
3054,3086.0,7.676
3055,3087.0,7.355
3056,3088.0,7.033
3057,3089.0,5.957
3058,3090.0,5.837
3059,3091.0,6.199
3060,3092.0,6.43
3061,3093.0,7.234
3062,3094.0,7.033
3063,3095.0,7.314
3064,3096.0,7.596
3065,3097.0,6.792
3066,3098.0,6.038
3067,3099.0,7.985
3068,3100.0,6.752
3069,3101.0,8.386
3070,3102.0,7.596
3071,3103.0,6.118
3072,3104.0,5.676
3073,3105.0,6.239
3074,3106.0,6.159
3075,3107.0,6.078
3076,3108.0,7.314
3077,3109.0,7.985
3078,3110.0,7.636
3079,3111.0,7.314
3080,3112.0,6.159
3081,3113.0,7.837
3082,3114.0,7.314
3083,3115.0,7.314
3084,3116.0,8.025
3085,3117.0,6.279
3086,3118.0,5.796
3087,3119.0,6.239
3088,3120.0,6.239
3089,3121.0,6.279
3090,3122.0,7.837
3091,3123.0,8.868
3092,3124.0,8.386
3093,3125.0,8.105
3094,3126.0,6.159
3095,3127.0,6.551
3096,3128.0,7.998
3097,3129.0,6.792
3098,3130.0,6.551
3099,3131.0,6.36
3100,3132.0,5.917
3101,3133.0,5.917
3102,3134.0,6.279
3103,3135.0,6.159
3104,3136.0,8.747
3105,3137.0,9.149
3106,3138.0,9.43
3107,3140.0,9.149
3108,3141.0,6.159
3109,3142.0,6.993
3110,3143.0,7.757
3111,3144.0,7.435
3112,3145.0,6.39
3113,3146.0,6.44
3114,3147.0,6.078
3115,3148.0,5.796
3116,3149.0,6.279
3117,3150.0,6.239
3118,3151.0,8.868
3119,3152.0,7.998
3120,3153.0,8.667
3121,3154.0,8.988
3122,3155.0,6.481
3123,3156.0,7.877
3124,3157.0,6.832
3125,3158.0,8.266
3126,3159.0,7.073
3127,3160.0,6.832
3128,3161.0,5.998
3129,3162.0,5.756
3130,3163.0,6.199
3131,3164.0,6.32
3132,3165.0,7.958
3133,3166.0,6.752
3134,3167.0,7.757
3135,3168.0,8.186
3136,3169.0,6.712
3137,3170.0,6.953
3138,3171.0,7.435
3139,3172.0,6.752
3140,3173.0,7.824
3141,3174.0,7.154
3142,3175.0,6.078
3143,3176.0,5.595
3144,3177.0,6.279
3145,3178.0,6.199
3146,3179.0,6.39
3147,3180.0,7.355
3148,3181.0,7.716
3149,3182.0,7.395
3150,3183.0,7.113
3151,3184.0,6.038
3152,3185.0,8.266
3153,3186.0,7.073
3154,3187.0,7.797
3155,3188.0,8.025
3156,3189.0,6.239
3157,3190.0,5.756
3158,3191.0,6.279
3159,3192.0,6.239
3160,3193.0,6.199
3161,3194.0,7.515
3162,3195.0,8.186
3163,3196.0,8.025
3164,3197.0,7.596
3165,3198.0,6.239
3166,3199.0,7.194
3167,3200.0,7.556
3168,3201.0,6.631
3169,3202.0,7.435
3170,3203.0,6.279
3171,3204.0,5.917
3172,3205.0,6.239
3173,3206.0,6.239
3174,3207.0,6.239
3175,3208.0,7.716
3176,3209.0,8.627
3177,3210.0,8.226
3178,3211.0,7.905
3179,3212.0,6.199
3180,3213.0,6.551
3181,3214.0,7.865
3182,3215.0,6.712
3183,3216.0,6.832
3184,3217.0,6.32
3185,3218.0,5.998
3186,3219.0,5.877
3187,3220.0,6.32
3188,3221.0,6.561
3189,3222.0,8.467
3190,3223.0,9.229
3191,3224.0,9.43
3192,3225.0,8.747
3193,3226.0,6.199
3194,3227.0,6.792
3195,3228.0,8.065
3196,3229.0,7.234
3197,3230.0,6.35
3198,3231.0,6.36
3199,3232.0,6.078
3200,3233.0,5.837
3201,3234.0,6.32
3202,3235.0,6.279
3203,3237.0,9.269
3204,3238.0,8.587
3205,3239.0,9.149
3206,3240.0,9.349
3207,3241.0,6.32
3208,3242.0,7.314
3209,3243.0,6.671
3210,3244.0,7.865
3211,3245.0,6.671
3212,3246.0,6.671
3213,3247.0,6.038
3214,3248.0,5.796
3215,3249.0,6.078
3216,3250.0,6.279
3217,3251.0,8.707
3218,3252.0,7.797
3219,3253.0,8.507
3220,3254.0,8.868
3221,3255.0,6.481
3222,3256.0,8.118
3223,3257.0,6.913
3224,3258.0,8.025
3225,3259.0,7.194
3226,3260.0,6.913
3227,3261.0,5.957
3228,3262.0,5.796
3229,3263.0,6.078
3230,3264.0,6.32
3231,3265.0,7.917
3232,3266.0,6.792
3233,3267.0,7.676
3234,3268.0,8.186
3235,3269.0,6.671
3236,3270.0,6.913
3237,3271.0,7.435
3238,3272.0,6.671
3239,3273.0,7.824
3240,3274.0,7.194
3241,3275.0,6.078
3242,3276.0,5.635
3243,3277.0,6.199
3244,3278.0,6.159
3245,3279.0,6.32
3246,3280.0,7.355
3247,3281.0,7.716
3248,3282.0,7.475
3249,3283.0,7.113
3250,3284.0,6.32
3251,3285.0,8.186
3252,3286.0,7.154
3253,3287.0,7.716
3254,3288.0,8.105
3255,3289.0,6.199
3256,3290.0,5.837
3257,3291.0,6.239
3258,3292.0,6.279
3259,3293.0,6.279
3260,3294.0,7.877
3261,3295.0,9.028
3262,3296.0,8.507
3263,3297.0,8.186
3264,3298.0,6.159
3265,3299.0,6.551
3266,3300.0,8.145
3267,3301.0,6.832
3268,3302.0,6.31
3269,3303.0,6.32
3270,3304.0,5.957
3271,3305.0,5.877
3272,3306.0,6.279
3273,3307.0,6.159
3274,3308.0,8.948
3275,3309.0,8.988
3276,3310.0,9.389
3277,3311.0,9.349
3278,3312.0,6.118
3279,3313.0,7.073
3280,3314.0,7.475
3281,3315.0,7.435
3282,3316.0,6.43
3283,3317.0,6.481
3284,3318.0,6.038
3285,3319.0,5.837
3286,3320.0,6.078
3287,3321.0,6.279
3288,3322.0,8.788
3289,3323.0,7.917
3290,3324.0,8.627
3291,3325.0,8.948
3292,3326.0,6.481
3293,3327.0,8.038
3294,3328.0,6.872
3295,3329.0,8.186
3296,3330.0,7.154
3297,3331.0,6.913
3298,3333.0,5.998
3299,3334.0,5.837
3300,3335.0,6.118
3301,3336.0,6.36
3302,3337.0,7.877
3303,3338.0,6.832
3304,3339.0,7.636
3305,3340.0,8.186
3306,3341.0,6.712
3307,3342.0,6.913
3308,3343.0,7.475
3309,3344.0,6.671
3310,3345.0,7.905
3311,3346.0,7.194
3312,3347.0,6.078
3313,3348.0,5.595
3314,3349.0,6.239
3315,3350.0,6.199
3316,3351.0,6.118
3317,3352.0,7.395
3318,3353.0,8.025
3319,3354.0,7.865
3320,3355.0,7.475
3321,3356.0,6.199
3322,3357.0,7.475
3323,3358.0,7.395
3324,3359.0,6.872
3325,3360.0,7.716
3326,3361.0,6.279
3327,3362.0,5.837
3328,3363.0,6.199
3329,3364.0,6.239
3330,3365.0,6.36
3331,3366.0,7.985
3332,3367.0,9.269
3333,3368.0,8.747
3334,3369.0,8.226
3335,3370.0,6.159
3336,3371.0,6.591
3337,3372.0,8.386
3338,3373.0,6.953
3339,3374.0,6.269
3340,3375.0,6.36
3341,3376.0,5.957
3342,3377.0,5.877
3343,3378.0,6.279
3344,3379.0,6.199
3345,3380.0,9.229
3346,3381.0,8.868
3347,3382.0,9.269
3348,3383.0,9.51
3349,3384.0,6.159
3350,3385.0,7.234
3351,3386.0,7.154
3352,3387.0,7.636
3353,3388.0,6.511
3354,3389.0,6.601
3355,3390.0,6.038
3356,3391.0,5.837
3357,3392.0,6.118
3358,3393.0,6.32
3359,3394.0,8.467
3360,3395.0,7.435
3361,3396.0,8.266
3362,3397.0,8.627
3363,3398.0,6.561
3364,3399.0,7.757
3365,3400.0,7.154
3366,3401.0,7.596
3367,3402.0,7.355
3368,3403.0,6.953
3369,3404.0,5.998
3370,3405.0,5.555
3371,3406.0,6.199
3372,3407.0,6.118
3373,3408.0,6.239
3374,3409.0,7.234
3375,3410.0,7.837
3376,3411.0,7.515
3377,3412.0,7.194
3378,3413.0,6.078
3379,3414.0,8.038
3380,3415.0,7.194
3381,3416.0,7.556
3382,3417.0,8.105
3383,3418.0,6.239
3384,3419.0,5.796
3385,3420.0,6.279
3386,3421.0,6.239
3387,3422.0,6.279
3388,3423.0,7.757
3389,3424.0,8.747
3390,3425.0,8.266
3391,3426.0,8.025
3392,3427.0,6.159
3393,3428.0,6.551
3394,3430.0,7.945
3395,3431.0,6.752
3396,3432.0,6.712
3397,3433.0,6.36
3398,3434.0,5.957
3399,3435.0,5.917
3400,3436.0,6.239
3401,3437.0,6.32
3402,3438.0,8.547
3403,3439.0,9.189
3404,3440.0,9.47
3405,3441.0,8.948
3406,3442.0,6.159
3407,3443.0,6.953
3408,3444.0,7.917
3409,3445.0,7.355
3410,3446.0,6.35
3411,3447.0,6.4
3412,3448.0,6.078
3413,3449.0,5.354
3414,3450.0,6.239
3415,3451.0,6.199
3416,3452.0,6.118
3417,3453.0,7.395
3418,3454.0,8.145
3419,3455.0,7.757
3420,3456.0,7.395
3421,3457.0,6.159
3422,3458.0,7.596
3423,3459.0,7.355
3424,3460.0,7.033
3425,3461.0,7.837
3426,3462.0,6.279
3427,3463.0,5.837
3428,3464.0,5.957
3429,3465.0,6.279
3430,3466.0,6.159
3431,3467.0,8.747
3432,3468.0,9.068
3433,3469.0,9.43
3434,3470.0,9.149
3435,3471.0,6.159
3436,3472.0,6.953
3437,3473.0,7.716
3438,3474.0,7.435
3439,3475.0,6.39
3440,3476.0,6.44
3441,3477.0,6.038
3442,3478.0,5.837
3443,3479.0,6.4
3444,3480.0,6.279
3445,3481.0,9.028
3446,3482.0,8.306
3447,3483.0,8.868
3448,3484.0,9.189
3449,3485.0,6.36
3450,3486.0,7.676
3451,3487.0,6.671
3452,3488.0,8.346
3453,3489.0,6.872
3454,3490.0,6.792
3455,3491.0,5.998
3456,3492.0,5.877
3457,3493.0,6.159
3458,3494.0,6.32
3459,3495.0,8.346
3460,3496.0,7.274
3461,3497.0,8.105
3462,3498.0,8.547
3463,3499.0,6.591
3464,3500.0,7.596
3465,3501.0,7.234
3466,3502.0,7.395
3467,3503.0,7.475
3468,3504.0,7.033
3469,3505.0,5.998
3470,3506.0,5.716
3471,3507.0,6.199
3472,3508.0,6.32
3473,3509.0,7.395
3474,3510.0,6.953
3475,3511.0,7.274
3476,3512.0,7.716
3477,3513.0,6.792
3478,3514.0,6.038
3479,3515.0,7.917
3480,3516.0,6.712
3481,3517.0,8.386
3482,3518.0,7.515
3483,3519.0,6.078
3484,3520.0,5.676
3485,3521.0,6.239
3486,3522.0,6.118
3487,3523.0,6.159
3488,3524.0,7.274
3489,3525.0,7.958
3490,3527.0,7.596
3491,3528.0,7.274
3492,3529.0,6.118
3493,3530.0,7.958
3494,3531.0,7.274
3495,3532.0,7.395
3496,3533.0,8.065
3497,3534.0,6.279
3498,3535.0,5.796
3499,3536.0,6.279
3500,3537.0,6.239
3501,3538.0,6.279
3502,3539.0,7.716
3503,3540.0,8.707
3504,3541.0,8.186
3505,3542.0,7.998
3506,3543.0,6.159
3507,3544.0,6.591
3508,3545.0,7.877
3509,3546.0,6.752
3510,3547.0,6.832
3511,3548.0,6.32
3512,3549.0,5.998
3513,3550.0,5.877
3514,3551.0,6.279
3515,3552.0,6.481
3516,3553.0,8.386
3517,3554.0,9.189
3518,3555.0,9.389
3519,3556.0,8.707
3520,3557.0,6.159
3521,3558.0,6.792
3522,3559.0,8.065
3523,3560.0,7.234
3524,3561.0,6.31
3525,3562.0,6.36
3526,3563.0,6.038
3527,3564.0,5.796
3528,3565.0,6.44
3529,3566.0,6.279
3530,3567.0,8.988
3531,3568.0,8.239
3532,3569.0,8.868
3533,3570.0,9.149
3534,3571.0,6.4
3535,3572.0,7.676
3536,3573.0,6.712
3537,3574.0,8.386
3538,3575.0,6.953
3539,3576.0,6.752
3540,3577.0,5.998
3541,3578.0,5.796
3542,3579.0,6.118
3543,3580.0,6.32
3544,3581.0,7.917
3545,3582.0,6.752
3546,3583.0,7.716
3547,3584.0,8.186
3548,3585.0,6.712
3549,3586.0,6.872
3550,3587.0,7.475
3551,3588.0,6.671
3552,3589.0,7.917
3553,3590.0,7.154
3554,3591.0,6.078
3555,3592.0,5.595
3556,3593.0,6.279
3557,3594.0,6.521
3558,3595.0,6.712
3559,3596.0,7.274
3560,3597.0,7.636
3561,3598.0,7.314
3562,3599.0,7.033
3563,3600.0,6.038
3564,3601.0,8.346
3565,3602.0,6.993
3566,3603.0,7.945
3567,3604.0,7.877
3568,3605.0,6.159
3569,3606.0,5.716
3570,3607.0,6.199
3571,3608.0,6.279
3572,3609.0,6.159
3573,3610.0,7.556
3574,3611.0,8.266
3575,3612.0,8.065
3576,3613.0,7.636
3577,3614.0,6.279
3578,3615.0,7.113
3579,3616.0,7.596
3580,3617.0,6.631
3581,3618.0,7.355
3582,3619.0,6.32
3583,3620.0,5.917
3584,3621.0,6.078
3585,3622.0,6.279
3586,3624.0,6.44
3587,3625.0,8.186
3588,3626.0,9.309
3589,3627.0,9.068
3590,3628.0,8.467
3591,3629.0,6.159
3592,3630.0,6.712
3593,3631.0,8.346
3594,3632.0,7.073
3595,3633.0,6.31
3596,3634.0,6.36
3597,3635.0,6.038
3598,3636.0,5.837
3599,3637.0,6.279
3600,3638.0,6.239
3601,3639.0,9.349
3602,3640.0,8.707
3603,3641.0,9.229
3604,3642.0,9.43
3605,3643.0,6.239
3606,3644.0,7.194
3607,3645.0,6.913
3608,3646.0,7.757
3609,3647.0,6.671
3610,3648.0,6.601
3611,3649.0,6.118
3612,3650.0,5.756
3613,3651.0,6.199
3614,3652.0,6.32
3615,3653.0,8.386
3616,3654.0,7.395
3617,3655.0,8.226
3618,3656.0,8.627
3619,3657.0,6.561
3620,3658.0,7.716
3621,3659.0,7.154
3622,3660.0,7.556
3623,3661.0,7.355
3624,3662.0,6.993
3625,3663.0,5.957
3626,3664.0,5.756
3627,3665.0,6.199
3628,3666.0,6.36
3629,3667.0,7.314
3630,3668.0,6.953
3631,3669.0,7.274
3632,3670.0,7.716
3633,3671.0,6.792
3634,3672.0,6.038
3635,3673.0,7.998
3636,3674.0,6.752
3637,3675.0,8.386
3638,3676.0,7.515
3639,3677.0,6.118
3640,3678.0,5.877
3641,3679.0,6.279
3642,3680.0,6.279
3643,3681.0,6.159
3644,3682.0,7.515
3645,3683.0,8.145
3646,3684.0,8.025
3647,3685.0,7.596
3648,3686.0,6.239
3649,3687.0,7.234
3650,3688.0,7.556
3651,3689.0,6.631
3652,3690.0,7.556
3653,3691.0,6.279
3654,3692.0,5.917
3655,3693.0,6.159
3656,3694.0,6.32
3657,3695.0,6.44
3658,3696.0,8.226
3659,3697.0,9.309
3660,3698.0,9.149
3661,3699.0,8.507
3662,3700.0,6.199
3663,3701.0,6.712
3664,3702.0,8.266
3665,3703.0,7.113
3666,3704.0,6.279
3667,3705.0,6.36
3668,3706.0,5.998
3669,3707.0,5.877
3670,3708.0,6.32
3671,3709.0,6.36
3672,3710.0,9.189
3673,3711.0,8.547
3674,3712.0,9.028
3675,3713.0,9.349
3676,3714.0,6.279
3677,3715.0,7.395
3678,3716.0,6.671
3679,3717.0,8.025
3680,3718.0,6.712
3681,3719.0,6.763
3682,3721.0,6.078
3683,3722.0,5.796
3684,3723.0,6.118
3685,3724.0,6.279
3686,3725.0,8.426
3687,3726.0,7.435
3688,3727.0,8.266
3689,3728.0,8.667
3690,3729.0,6.561
3691,3730.0,7.797
3692,3731.0,7.154
3693,3732.0,7.636
3694,3733.0,7.355
3695,3734.0,6.993
3696,3735.0,5.998
3697,3736.0,5.756
3698,3737.0,6.239
3699,3738.0,6.44
3700,3739.0,7.073
3701,3740.0,7.113
3702,3741.0,7.355
3703,3742.0,7.475
3704,3743.0,6.872
3705,3744.0,6.078
3706,3745.0,8.186
3707,3746.0,7.234
3708,3747.0,8.306
3709,3748.0,7.757
3710,3749.0,6.118
3711,3750.0,5.796
3712,3751.0,6.279
3713,3752.0,6.32
3714,3753.0,6.199
3715,3754.0,7.596
3716,3755.0,8.386
3717,3756.0,8.186
3718,3757.0,7.757
3719,3758.0,6.199
3720,3759.0,6.913
3721,3760.0,7.676
3722,3761.0,6.671
3723,3762.0,7.154
3724,3763.0,6.32
3725,3764.0,5.917
3726,3765.0,5.877
3727,3766.0,6.279
3728,3767.0,6.159
3729,3768.0,9.068
3730,3769.0,8.948
3731,3770.0,9.349
3732,3771.0,9.43
3733,3772.0,6.118
3734,3773.0,7.113
3735,3774.0,7.355
3736,3775.0,7.475
3737,3776.0,6.47
3738,3777.0,6.521
3739,3778.0,6.038
3740,3779.0,5.837
3741,3780.0,6.078
3742,3781.0,6.32
3743,3782.0,8.667
3744,3783.0,7.837
3745,3784.0,8.507
3746,3785.0,8.908
3747,3786.0,6.481
3748,3787.0,8.158
3749,3788.0,6.953
3750,3789.0,8.078
3751,3790.0,7.234
3752,3791.0,6.913
3753,3792.0,5.957
3754,3793.0,5.796
3755,3794.0,6.159
3756,3795.0,6.32
3757,3796.0,7.556
3758,3797.0,6.913
3759,3798.0,7.314
3760,3799.0,7.917
3761,3800.0,6.752
3762,3801.0,6.32
3763,3802.0,7.757
3764,3803.0,6.752
3765,3804.0,8.186
3766,3805.0,7.395
3767,3806.0,6.118
3768,3807.0,5.635
3769,3808.0,6.239
3770,3809.0,6.159
3771,3810.0,6.159
3772,3811.0,7.314
3773,3812.0,8.038
3774,3813.0,7.676
3775,3814.0,7.314
3776,3815.0,6.118
3777,3817.0,7.797
3778,3818.0,7.355
3779,3819.0,7.234
3780,3820.0,7.998
3781,3821.0,6.279
3782,3822.0,5.796
3783,3823.0,6.239
3784,3824.0,6.239
3785,3825.0,6.36
3786,3826.0,7.917
3787,3827.0,9.028
3788,3828.0,8.467
3789,3829.0,8.266
3790,3830.0,6.199
3791,3831.0,6.591
3792,3832.0,8.145
3793,3833.0,6.832
3794,3834.0,6.32
3795,3835.0,6.36
3796,3836.0,5.957
3797,3837.0,5.877
3798,3838.0,6.279
3799,3839.0,6.199
3800,3840.0,9.109
3801,3841.0,8.908
3802,3842.0,9.309
3803,3843.0,9.51
3804,3844.0,6.118
3805,3845.0,7.154
3806,3846.0,7.274
3807,3847.0,7.556
3808,3848.0,6.47
3809,3849.0,6.561
3810,3850.0,6.038
3811,3851.0,5.877
3812,3852.0,6.4
3813,3853.0,6.32
3814,3854.0,8.948
3815,3855.0,8.239
3816,3856.0,8.788
3817,3857.0,9.149
3818,3858.0,6.4
3819,3859.0,7.716
3820,3860.0,6.712
3821,3861.0,8.426
3822,3862.0,6.953
3823,3863.0,6.763
3824,3864.0,5.998
3825,3865.0,5.796
3826,3866.0,6.159
3827,3867.0,6.279
3828,3868.0,8.239
3829,3869.0,7.113
3830,3870.0,8.078
3831,3871.0,8.467
3832,3872.0,6.591
3833,3873.0,7.435
3834,3874.0,7.314
3835,3875.0,7.234
3836,3876.0,7.556
3837,3877.0,7.033
3838,3878.0,6.038
3839,3879.0,5.595
3840,3880.0,6.279
3841,3881.0,6.481
3842,3882.0,6.712
3843,3883.0,7.234
3844,3884.0,7.556
3845,3885.0,7.314
3846,3886.0,6.953
3847,3887.0,5.998
3848,3888.0,8.426
3849,3889.0,6.993
3850,3890.0,8.038
3851,3891.0,7.837
3852,3892.0,6.159
3853,3893.0,5.716
3854,3894.0,6.239
3855,3895.0,6.279
3856,3896.0,6.199
3857,3897.0,7.515
3858,3898.0,8.266
3859,3899.0,8.065
3860,3900.0,7.676
3861,3901.0,6.239
3862,3902.0,7.194
3863,3903.0,7.556
3864,3904.0,6.671
3865,3905.0,7.395
3866,3906.0,6.36
3867,3907.0,5.917
3868,3908.0,6.279
3869,3909.0,6.279
3870,3910.0,6.44
3871,3911.0,8.065
3872,3912.0,9.389
3873,3914.0,8.868
3874,3915.0,8.306
3875,3916.0,6.159
3876,3917.0,6.631
3877,3918.0,8.386
3878,3919.0,6.993
3879,3920.0,6.279
3880,3921.0,6.36
3881,3922.0,5.998
3882,3923.0,5.837
3883,3924.0,6.279
3884,3925.0,6.199
3885,3926.0,9.229
3886,3927.0,8.828
3887,3928.0,9.269
3888,3929.0,9.51
3889,3930.0,6.159
3890,3931.0,7.154
3891,3932.0,7.234
3892,3933.0,7.556
3893,3934.0,6.511
3894,3935.0,6.521
3895,3936.0,6.078
3896,3937.0,5.796
3897,3938.0,6.32
3898,3939.0,6.279
3899,3940.0,8.908
3900,3941.0,8.038
3901,3942.0,8.707
3902,3943.0,8.988
3903,3944.0,6.481
3904,3945.0,7.877
3905,3946.0,6.872
3906,3947.0,8.266
3907,3948.0,7.113
3908,3949.0,6.832
3909,3950.0,6.038
3910,3951.0,5.796
3911,3952.0,6.239
3912,3953.0,6.279
3913,3954.0,8.118
3914,3955.0,6.872
3915,3956.0,7.917
3916,3957.0,8.346
3917,3958.0,6.671
3918,3959.0,7.154
3919,3960.0,7.355
3920,3961.0,6.993
3921,3962.0,7.757
3922,3963.0,7.113
3923,3964.0,6.038
3924,3965.0,5.716
3925,3966.0,6.239
3926,3967.0,6.4
3927,3968.0,6.993
3928,3969.0,7.073
3929,3970.0,7.395
3930,3971.0,7.395
3931,3972.0,6.832
3932,3973.0,5.998
3933,3974.0,8.145
3934,3975.0,6.872
3935,3976.0,8.266
3936,3977.0,7.676
3937,3978.0,6.118
3938,3979.0,5.716
3939,3980.0,6.239
3940,3981.0,6.239
3941,3982.0,6.118
3942,3983.0,7.435
3943,3984.0,8.025
3944,3985.0,7.877
3945,3986.0,7.475
3946,3987.0,6.199
3947,3988.0,7.515
3948,3989.0,7.395
3949,3990.0,6.913
3950,3991.0,7.757
3951,3992.0,6.279
3952,3993.0,5.877
3953,3994.0,6.239
3954,3995.0,6.279
3955,3996.0,6.32
3956,3997.0,7.958
3957,3998.0,9.109
3958,3999.0,8.627
3959,4000.0,8.145
3960,4001.0,6.199
3961,4002.0,6.551
3962,4003.0,8.226
3963,4004.0,6.872
3964,4005.0,6.32
3965,4006.0,6.4
3966,4007.0,5.998
3967,4008.0,5.877
3968,4009.0,6.4
3969,4011.0,6.118
3970,4012.0,8.788
3971,4013.0,9.068
3972,4014.0,9.51
3973,4015.0,9.109
3974,4016.0,6.199
3975,4017.0,6.953
3976,4018.0,7.716
3977,4019.0,7.395
3978,4020.0,6.35
3979,4021.0,6.44
3980,4022.0,6.038
3981,4023.0,5.837
3982,4024.0,6.279
3983,4025.0,6.279
3984,4026.0,9.189
3985,4027.0,8.547
3986,4028.0,9.068
3987,4029.0,9.309
3988,4030.0,6.279
3989,4031.0,7.355
3990,4032.0,6.631
3991,4033.0,7.958
3992,4034.0,6.712
3993,4035.0,6.722
3994,4036.0,5.998
3995,4037.0,5.837
3996,4038.0,6.118
3997,4039.0,6.279
3998,4040.0,8.547
3999,4041.0,7.636
4000,4042.0,8.386
4001,4043.0,8.788
4002,4044.0,6.521
4003,4045.0,7.998
4004,4046.0,7.033
4005,4047.0,7.837
4006,4048.0,7.355
4007,4049.0,6.953
4008,4050.0,5.998
4009,4051.0,5.796
4010,4052.0,6.199
4011,4053.0,6.4
4012,4054.0,7.234
4013,4055.0,7.033
4014,4056.0,7.314
4015,4057.0,7.636
4016,4058.0,6.792
4017,4059.0,6.078
4018,4060.0,7.998
4019,4061.0,6.832
4020,4062.0,8.386
4021,4063.0,7.596
4022,4064.0,6.078
4023,4065.0,5.756
4024,4066.0,6.239
4025,4067.0,6.32
4026,4068.0,6.159
4027,4069.0,7.515
4028,4070.0,8.186
4029,4071.0,7.985
4030,4072.0,7.596
4031,4073.0,6.239
4032,4074.0,7.194
4033,4075.0,7.515
4034,4076.0,6.631
4035,4077.0,7.475
4036,4078.0,6.32
4037,4079.0,5.917
4038,4080.0,5.877
4039,4081.0,6.279
4040,4082.0,6.481
4041,4083.0,8.467
4042,4084.0,9.189
4043,4085.0,9.43
4044,4086.0,8.788
4045,4087.0,6.159
4046,4088.0,6.872
4047,4089.0,7.985
4048,4090.0,7.274
4049,4091.0,6.31
4050,4092.0,6.4
4051,4093.0,6.038
4052,4094.0,5.837
4053,4095.0,6.36
4054,4096.0,6.279
4055,4097.0,9.068
4056,4098.0,8.426
4057,4099.0,8.988
4058,4100.0,9.269
4059,4101.0,6.32
4060,4102.0,7.515
4061,4103.0,6.671
4062,4104.0,8.226
4063,4105.0,6.832
4064,4106.0,6.752
4065,4108.0,5.998
4066,4109.0,5.716
4067,4110.0,6.239
4068,4111.0,6.44
4069,4112.0,7.113
4070,4113.0,7.073
4071,4114.0,7.314
4072,4115.0,7.556
4073,4116.0,6.792
4074,4117.0,6.078
4075,4118.0,8.065
4076,4119.0,6.872
4077,4120.0,8.346
4078,4121.0,7.676
4079,4122.0,6.118
4080,4123.0,5.796
4081,4124.0,6.199
4082,4125.0,6.239
4083,4126.0,6.32
4084,4127.0,7.998
4085,4128.0,9.189
4086,4129.0,8.627
4087,4130.0,8.145
4088,4131.0,6.159
4089,4132.0,6.591
4090,4133.0,8.266
4091,4134.0,6.872
4092,4135.0,6.269
4093,4136.0,6.32
4094,4137.0,5.957
4095,4138.0,5.877
4096,4139.0,6.279
4097,4140.0,6.279
4098,4141.0,9.309
4099,4142.0,8.667
4100,4143.0,9.149
4101,4144.0,9.389
4102,4145.0,6.199
4103,4146.0,7.234
4104,4147.0,6.752
4105,4148.0,7.837
4106,4149.0,6.631
4107,4150.0,6.682
4108,4151.0,6.038
4109,4152.0,5.837
4110,4153.0,6.118
4111,4154.0,6.279
4112,4155.0,8.788
4113,4156.0,7.958
4114,4157.0,8.587
4115,4158.0,8.988
4116,4159.0,6.481
4117,4160.0,7.998
4118,4161.0,6.872
4119,4162.0,8.226
4120,4163.0,7.154
4121,4164.0,6.872
4122,4165.0,5.998
4123,4166.0,5.837
4124,4167.0,6.078
4125,4168.0,6.36
4126,4169.0,7.877
4127,4170.0,6.872
4128,4171.0,7.636
4129,4172.0,8.186
4130,4173.0,6.712
4131,4174.0,6.832
4132,4175.0,7.515
4133,4176.0,6.631
4134,4177.0,7.917
4135,4178.0,7.194
4136,4179.0,6.078
4137,4180.0,5.635
4138,4181.0,6.279
4139,4182.0,6.481
4140,4183.0,6.832
4141,4184.0,7.194
4142,4185.0,7.515
4143,4186.0,7.274
4144,4187.0,6.953
4145,4188.0,5.998
4146,4189.0,8.386
4147,4190.0,6.913
4148,4191.0,8.145
4149,4192.0,7.837
4150,4193.0,6.159
4151,4194.0,5.716
4152,4195.0,6.239
4153,4196.0,6.279
4154,4197.0,6.199
4155,4198.0,7.515
4156,4199.0,8.186
4157,4200.0,7.998
4158,4201.0,7.596
4159,4202.0,6.239
4160,4204.0,7.274
4161,4205.0,7.515
4162,4206.0,6.631
4163,4207.0,7.475
4164,4208.0,6.32
4165,4209.0,5.877
4166,4210.0,6.239
4167,4211.0,6.239
4168,4212.0,6.4
4169,4213.0,8.038
4170,4214.0,9.389
4171,4215.0,8.868
4172,4216.0,8.306
4173,4217.0,6.159
4174,4218.0,6.671
4175,4219.0,8.426
4176,4220.0,7.033
4177,4221.0,6.269
4178,4222.0,6.4
4179,4223.0,5.957
4180,4224.0,5.917
4181,4225.0,6.279
4182,4226.0,6.239
4183,4227.0,9.028
4184,4228.0,8.908
4185,4229.0,9.309
4186,4230.0,9.389
4187,4231.0,6.159
4188,4232.0,7.073
4189,4233.0,7.355
4190,4234.0,7.475
4191,4235.0,6.47
4192,4236.0,6.521
4193,4237.0,6.038
4194,4238.0,5.837
4195,4239.0,6.4
4196,4240.0,6.279
4197,4241.0,9.028
4198,4242.0,8.279
4199,4243.0,8.868
4200,4244.0,9.149
4201,4245.0,6.44
4202,4246.0,7.636
4203,4247.0,6.712
4204,4248.0,8.346
4205,4249.0,6.913
4206,4250.0,6.763
4207,4251.0,5.998
4208,4252.0,5.837
4209,4253.0,6.159
4210,4254.0,6.279
4211,4255.0,8.547
4212,4256.0,7.556
4213,4257.0,8.346
4214,4258.0,8.707
4215,4259.0,6.561
4216,4260.0,7.877
4217,4261.0,7.113
4218,4262.0,7.716
4219,4263.0,7.435
4220,4264.0,6.953
4221,4265.0,5.998
4222,4266.0,5.756
4223,4267.0,6.199
4224,4268.0,6.279
4225,4269.0,7.556
4226,4270.0,6.872
4227,4271.0,7.314
4228,4272.0,7.837
4229,4273.0,6.832
4230,4274.0,6.199
4231,4275.0,7.837
4232,4276.0,6.712
4233,4277.0,8.266
4234,4278.0,7.395
4235,4279.0,6.118
4236,4280.0,5.635
4237,4281.0,6.239
4238,4282.0,6.199
4239,4283.0,6.078
4240,4284.0,7.355
4241,4285.0,8.065
4242,4286.0,7.716
4243,4287.0,7.355
4244,4288.0,6.159
4245,4289.0,7.716
4246,4290.0,7.395
4247,4291.0,7.154
4248,4292.0,7.958
4249,4293.0,6.279
4250,4294.0,5.837
4251,4295.0,6.159
4252,4296.0,6.239
4253,4297.0,6.32
4254,4298.0,8.038
4255,4299.0,9.229
4256,4301.0,8.707
4257,4302.0,8.186
4258,4303.0,6.199
4259,4304.0,6.591
4260,4305.0,8.386
4261,4306.0,6.913
4262,4307.0,6.279
4263,4308.0,6.32
4264,4309.0,5.998
4265,4310.0,5.877
4266,4311.0,6.32
4267,4312.0,6.159
4268,4313.0,8.948
4269,4314.0,8.988
4270,4315.0,9.43
4271,4316.0,9.269
4272,4317.0,6.199
4273,4318.0,7.033
4274,4319.0,7.556
4275,4320.0,7.395
4276,4321.0,6.47
4277,4322.0,6.481
4278,4323.0,6.078
4279,4324.0,5.837
4280,4325.0,6.481
4281,4326.0,6.239
4282,4327.0,9.028
4283,4328.0,8.186
4284,4329.0,8.868
4285,4330.0,9.109
4286,4331.0,6.4
4287,4332.0,7.676
4288,4333.0,6.712
4289,4334.0,8.426
4290,4335.0,6.953
4291,4336.0,6.803
4292,4337.0,5.998
4293,4338.0,5.796
4294,4339.0,6.199
4295,4340.0,6.32
4296,4341.0,8.239
4297,4342.0,7.113
4298,4343.0,8.038
4299,4344.0,8.467
4300,4345.0,6.591
4301,4346.0,7.435
4302,4347.0,7.314
4303,4348.0,7.234
4304,4349.0,7.556
4305,4350.0,7.113
4306,4351.0,6.038
4307,4352.0,5.756
4308,4353.0,6.199
4309,4354.0,6.36
4310,4355.0,7.194
4311,4356.0,7.033
4312,4357.0,7.314
4313,4358.0,7.556
4314,4359.0,6.792
4315,4360.0,6.038
4316,4361.0,8.025
4317,4362.0,6.792
4318,4363.0,8.346
4319,4364.0,7.596
4320,4365.0,6.078
4321,4366.0,5.676
4322,4367.0,6.239
4323,4368.0,6.32
4324,4369.0,6.32
4325,4370.0,7.877
4326,4371.0,8.908
4327,4372.0,8.467
4328,4373.0,8.105
4329,4374.0,6.239
4330,4375.0,6.551
4331,4376.0,8.105
4332,4377.0,6.752
4333,4378.0,6.511
4334,4379.0,6.32
4335,4380.0,5.998
4336,4381.0,5.837
4337,4382.0,6.279
4338,4383.0,6.118
4339,4384.0,8.667
4340,4385.0,9.109
4341,4386.0,9.47
4342,4387.0,9.068
4343,4388.0,6.159
4344,4389.0,6.953
4345,4390.0,7.757
4346,4391.0,7.395
4347,4392.0,6.35
4348,4393.0,6.44
4349,4394.0,6.038
4350,4395.0,5.877
4351,4396.0,6.4
4352,4398.0,6.279
4353,4399.0,9.109
4354,4400.0,8.426
4355,4401.0,8.988
4356,4402.0,9.229
4357,4403.0,6.32
4358,4404.0,7.515
4359,4405.0,6.671
4360,4406.0,8.186
4361,4407.0,6.832
4362,4408.0,6.763
4363,4409.0,5.998
4364,4410.0,5.796
4365,4411.0,6.159
4366,4412.0,6.32
4367,4413.0,8.306
4368,4414.0,7.234
4369,4415.0,8.118
4370,4416.0,8.587
4371,4417.0,6.601
4372,4418.0,7.596
4373,4419.0,7.234
4374,4420.0,7.395
4375,4421.0,7.475
4376,4422.0,7.073
4377,4423.0,5.998
4378,4424.0,5.796
4379,4425.0,6.199
4380,4426.0,6.4
4381,4427.0,7.234
4382,4428.0,7.033
4383,4429.0,7.314
4384,4430.0,7.716
4385,4431.0,6.792
4386,4432.0,6.078
4387,4433.0,7.998
4388,4434.0,6.832
4389,4435.0,8.426
4390,4436.0,7.596
4391,4437.0,6.078
4392,4438.0,5.676
4393,4439.0,6.239
4394,4440.0,6.159
4395,4441.0,6.078
4396,4442.0,7.314
4397,4443.0,8.038
4398,4444.0,7.676
4399,4445.0,7.314
4400,4446.0,6.118
4401,4447.0,7.757
4402,4448.0,7.355
4403,4449.0,7.194
4404,4450.0,7.998
4405,4451.0,6.279
4406,4452.0,5.837
4407,4453.0,6.239
4408,4454.0,6.239
4409,4455.0,6.239
4410,4456.0,7.716
4411,4457.0,8.667
4412,4458.0,8.186
4413,4459.0,7.958
4414,4460.0,6.159
4415,4461.0,6.561
4416,4462.0,7.877
4417,4463.0,6.712
4418,4464.0,6.792
4419,4465.0,6.36
4420,4466.0,5.998
4421,4467.0,5.877
4422,4468.0,6.239
4423,4469.0,6.32
4424,4470.0,8.547
4425,4471.0,9.189
4426,4472.0,9.51
4427,4473.0,8.908
4428,4474.0,6.159
4429,4475.0,6.872
4430,4476.0,7.917
4431,4477.0,7.314
4432,4478.0,6.31
4433,4479.0,6.44
4434,4480.0,6.038
4435,4481.0,5.877
4436,4482.0,6.36
4437,4483.0,6.32
4438,4484.0,9.109
4439,4485.0,8.467
4440,4486.0,8.988
4441,4487.0,9.269
4442,4488.0,6.32
4443,4489.0,7.515
4444,4490.0,6.671
4445,4491.0,8.145
4446,4492.0,6.792
4447,4493.0,6.763
4448,4495.0,6.038
4449,4496.0,5.796
4450,4497.0,6.159
4451,4498.0,6.279
4452,4499.0,8.346
4453,4500.0,7.234
4454,4501.0,8.158
4455,4502.0,8.547
4456,4503.0,6.601
4457,4504.0,7.596
4458,4505.0,7.274
4459,4506.0,7.395
4460,4507.0,7.475
4461,4508.0,7.033
4462,4509.0,5.998
4463,4510.0,5.796
4464,4511.0,6.159
4465,4512.0,6.279
4466,4513.0,7.515
4467,4514.0,6.872
4468,4515.0,7.274
4469,4516.0,7.837
4470,4517.0,6.792
4471,4518.0,6.159
4472,4519.0,7.797
4473,4520.0,6.671
4474,4521.0,8.266
4475,4522.0,7.395
4476,4523.0,6.118
4477,4524.0,5.635
4478,4525.0,6.279
4479,4526.0,6.159
4480,4527.0,6.118
4481,4528.0,7.274
4482,4529.0,7.998
4483,4530.0,7.636
4484,4531.0,7.314
4485,4532.0,6.118
4486,4533.0,7.917
4487,4534.0,7.274
4488,4535.0,7.435
4489,4536.0,8.105
4490,4537.0,6.279
4491,4538.0,5.796
4492,4539.0,6.279
4493,4540.0,6.239
4494,4541.0,6.279
4495,4542.0,7.716
4496,4543.0,8.667
4497,4544.0,8.145
4498,4545.0,7.958
4499,4546.0,6.199
4500,4547.0,6.591
4501,4548.0,7.837
4502,4549.0,6.671
4503,4550.0,6.913
4504,4551.0,6.32
4505,4552.0,5.998
4506,4553.0,5.837
4507,4554.0,6.239
4508,4555.0,6.239
4509,4556.0,8.587
4510,4557.0,9.149
4511,4558.0,9.51
4512,4559.0,8.908
4513,4560.0,6.159
4514,4561.0,6.872
4515,4562.0,7.917
4516,4563.0,7.314
4517,4564.0,6.35
4518,4565.0,6.4
4519,4566.0,6.038
4520,4567.0,5.837
4521,4568.0,6.32
4522,4569.0,6.32
4523,4570.0,9.229
4524,4571.0,8.547
4525,4572.0,9.068
4526,4573.0,9.309
4527,4574.0,6.32
4528,4575.0,7.395
4529,4576.0,6.631
4530,4577.0,7.985
4531,4578.0,6.752
4532,4579.0,6.722
4533,4580.0,6.078
4534,4581.0,5.796
4535,4582.0,6.159
4536,4583.0,6.279
4537,4584.0,8.426
4538,4585.0,7.355
4539,4586.0,8.239
4540,4587.0,8.587
4541,4588.0,6.601
4542,4589.0,7.676
4543,4590.0,7.274
4544,4592.0,7.515
4545,4593.0,7.435
4546,4594.0,6.993
4547,4595.0,6.038
4548,4596.0,5.756
4549,4597.0,6.239
4550,4598.0,6.32
4551,4599.0,7.435
4552,4600.0,6.913
4553,4601.0,7.234
4554,4602.0,7.757
4555,4603.0,6.792
4556,4604.0,6.038
4557,4605.0,7.837
4558,4606.0,6.712
4559,4607.0,8.306
4560,4608.0,7.435
4561,4609.0,6.078
4562,4610.0,5.676
4563,4611.0,6.239
4564,4612.0,6.199
4565,4613.0,6.118
4566,4614.0,7.314
4567,4615.0,7.998
4568,4616.0,7.636
4569,4617.0,7.234
4570,4618.0,6.118
4571,4619.0,7.877
4572,4620.0,7.314
4573,4621.0,7.314
4574,4622.0,8.078
4575,4623.0,6.239
4576,4624.0,5.837
4577,4625.0,5.837
4578,4626.0,6.279
4579,4627.0,6.118
4580,4628.0,8.868
4581,4629.0,9.028
4582,4630.0,9.43
4583,4631.0,9.189
4584,4632.0,6.159
4585,4633.0,6.993
4586,4634.0,7.636
4587,4635.0,7.355
4588,4636.0,6.43
4589,4637.0,6.44
4590,4638.0,6.078
4591,4639.0,5.716
4592,4640.0,6.199
4593,4641.0,6.279
4594,4642.0,8.386
4595,4643.0,7.274
4596,4644.0,8.199
4597,4645.0,8.587
4598,4646.0,6.642
4599,4647.0,7.636
4600,4648.0,7.274
4601,4649.0,7.435
4602,4650.0,7.515
4603,4651.0,7.033
4604,4652.0,5.998
4605,4653.0,5.796
4606,4654.0,6.159
4607,4655.0,6.32
4608,4656.0,7.515
4609,4657.0,6.913
4610,4658.0,7.234
4611,4659.0,7.797
4612,4660.0,6.752
4613,4661.0,6.159
4614,4662.0,7.757
4615,4663.0,6.712
4616,4664.0,8.226
4617,4665.0,7.435
4618,4666.0,6.118
4619,4667.0,5.676
4620,4668.0,6.239
4621,4669.0,6.159
4622,4670.0,6.118
4623,4671.0,7.314
4624,4672.0,8.038
4625,4673.0,7.676
4626,4674.0,7.314
4627,4675.0,6.199
4628,4676.0,7.797
4629,4677.0,7.355
4630,4678.0,7.234
4631,4679.0,8.038
4632,4680.0,6.279
4633,4681.0,5.837
4634,4682.0,6.239
4635,4683.0,6.279
4636,4684.0,6.32
4637,4685.0,7.958
4638,4686.0,9.109
4639,4687.0,8.587
4640,4689.0,8.145
4641,4690.0,6.239
4642,4691.0,6.591
4643,4692.0,8.226
4644,4693.0,6.832
4645,4694.0,6.32
4646,4695.0,6.32
4647,4696.0,5.998
4648,4697.0,5.837
4649,4698.0,6.32
4650,4699.0,6.159
4651,4700.0,8.988
4652,4701.0,8.988
4653,4702.0,9.43
4654,4703.0,9.309
4655,4704.0,6.199
4656,4705.0,7.033
4657,4706.0,7.515
4658,4707.0,7.395
4659,4708.0,6.43
4660,4709.0,6.481
4661,4710.0,6.038
4662,4711.0,5.837
4663,4712.0,6.36
4664,4713.0,6.239
4665,4714.0,9.068
4666,4715.0,8.386
4667,4716.0,8.948
4668,4717.0,9.229
4669,4718.0,6.36
4670,4719.0,7.556
4671,4720.0,6.671
4672,4721.0,8.226
4673,4722.0,6.832
4674,4723.0,6.763
4675,4724.0,5.998
4676,4725.0,5.796
4677,4726.0,6.118
4678,4727.0,6.32
4679,4728.0,7.917
4680,4729.0,6.792
4681,4730.0,7.716
4682,4731.0,8.226
4683,4732.0,6.671
4684,4733.0,6.913
4685,4734.0,7.435
4686,4735.0,6.752
4687,4736.0,7.837
4688,4737.0,7.194
4689,4738.0,6.078
4690,4739.0,5.635
4691,4740.0,6.279
4692,4741.0,6.481
4693,4742.0,6.752
4694,4743.0,7.234
4695,4744.0,7.515
4696,4745.0,7.314
4697,4746.0,6.953
4698,4747.0,6.038
4699,4748.0,8.346
4700,4749.0,6.993
4701,4750.0,8.078
4702,4751.0,7.877
4703,4752.0,6.159
4704,4753.0,5.796
4705,4754.0,6.239
4706,4755.0,6.32
4707,4756.0,6.159
4708,4757.0,7.556
4709,4758.0,8.226
4710,4759.0,8.065
4711,4760.0,7.676
4712,4761.0,6.239
4713,4762.0,7.154
4714,4763.0,7.556
4715,4764.0,6.631
4716,4765.0,7.435
4717,4766.0,6.279
4718,4767.0,5.917
4719,4768.0,6.078
4720,4769.0,6.279
4721,4770.0,6.481
4722,4771.0,8.186
4723,4772.0,9.309
4724,4773.0,9.109
4725,4774.0,8.507
4726,4775.0,6.159
4727,4776.0,6.712
4728,4777.0,8.266
4729,4778.0,7.113
4730,4779.0,6.269
4731,4780.0,6.36
4732,4781.0,5.998
4733,4782.0,5.837
4734,4783.0,6.239
4735,4784.0,6.239
4736,4786.0,9.349
4737,4787.0,8.747
4738,4788.0,9.189
4739,4789.0,9.43
4740,4790.0,6.199
4741,4791.0,7.194
4742,4792.0,6.913
4743,4793.0,7.797
4744,4794.0,6.591
4745,4795.0,6.642
4746,4796.0,6.038
4747,4797.0,5.837
4748,4798.0,6.118
4749,4799.0,6.32
4750,4800.0,8.467
4751,4801.0,7.515
4752,4802.0,8.266
4753,4803.0,8.747
4754,4804.0,6.561
4755,4805.0,7.877
4756,4806.0,7.154
4757,4807.0,7.676
4758,4808.0,7.355
4759,4809.0,7.033
4760,4810.0,5.998
4761,4811.0,5.877
4762,4812.0,6.199
4763,4813.0,6.32
4764,4814.0,7.515
4765,4815.0,6.872
4766,4816.0,7.274
4767,4817.0,7.837
4768,4818.0,6.752
4769,4819.0,6.239
4770,4820.0,7.757
4771,4821.0,6.671
4772,4822.0,8.186
4773,4823.0,7.395
4774,4824.0,6.118
4775,4825.0,5.635
4776,4826.0,6.239
4777,4827.0,6.279
4778,4828.0,6.481
4779,4829.0,7.314
4780,4830.0,7.676
4781,4831.0,7.355
4782,4832.0,7.073
4783,4833.0,6.038
4784,4834.0,8.266
4785,4835.0,7.033
4786,4836.0,7.837
4787,4837.0,7.998
4788,4838.0,6.199
4789,4839.0,5.756
4790,4840.0,6.239
4791,4841.0,6.239
4792,4842.0,6.239
4793,4843.0,7.636
4794,4844.0,8.507
4795,4845.0,8.105
4796,4846.0,7.877
4797,4847.0,6.159
4798,4848.0,6.792
4799,4849.0,7.757
4800,4850.0,6.752
4801,4851.0,7.033
4802,4852.0,6.36
4803,4853.0,5.957
4804,4854.0,5.877
4805,4855.0,6.239
4806,4856.0,6.521
4807,4857.0,8.426
4808,4858.0,9.189
4809,4859.0,9.389
4810,4860.0,8.828
4811,4861.0,6.159
4812,4862.0,6.872
4813,4863.0,7.985
4814,4864.0,7.314
4815,4865.0,6.31
4816,4866.0,6.4
4817,4867.0,6.038
4818,4868.0,5.837
4819,4869.0,6.279
4820,4870.0,6.279
4821,4871.0,9.229
4822,4872.0,8.587
4823,4873.0,9.109
4824,4874.0,9.349
4825,4875.0,6.279
4826,4876.0,7.314
4827,4877.0,6.631
4828,4878.0,7.917
4829,4879.0,6.712
4830,4880.0,6.682
4831,4882.0,6.038
4832,4883.0,5.796
4833,4884.0,6.078
4834,4885.0,6.279
4835,4886.0,8.707
4836,4887.0,7.757
4837,4888.0,8.507
4838,4889.0,8.868
4839,4890.0,6.521
4840,4891.0,8.118
4841,4892.0,6.953
4842,4893.0,7.998
4843,4894.0,7.274
4844,4895.0,6.872
4845,4896.0,5.998
4846,4897.0,5.756
4847,4898.0,6.118
4848,4899.0,6.279
4849,4900.0,7.797
4850,4901.0,6.803
4851,4902.0,7.596
4852,4903.0,8.078
4853,4904.0,6.712
4854,4905.0,6.682
4855,4906.0,7.556
4856,4907.0,6.631
4857,4908.0,7.998
4858,4909.0,7.234
4859,4910.0,6.118
4860,4911.0,5.595
4861,4912.0,6.239
4862,4913.0,6.4
4863,4914.0,6.601
4864,4915.0,7.274
4865,4916.0,7.676
4866,4917.0,7.355
4867,4918.0,7.073
4868,4919.0,6.038
4869,4920.0,8.346
4870,4921.0,6.993
4871,4922.0,7.917
4872,4923.0,7.958
4873,4924.0,6.159
4874,4925.0,5.756
4875,4926.0,6.199
4876,4927.0,6.239
4877,4928.0,6.199
4878,4929.0,7.676
4879,4930.0,8.587
4880,4931.0,8.145
4881,4932.0,7.917
4882,4933.0,6.159
4883,4934.0,6.591
4884,4935.0,7.837
4885,4936.0,6.671
4886,4937.0,6.913
4887,4938.0,6.32
4888,4939.0,5.998
4889,4940.0,5.877
4890,4941.0,6.279
4891,4942.0,6.481
4892,4943.0,8.467
4893,4944.0,9.189
4894,4945.0,9.47
4895,4946.0,8.788
4896,4947.0,6.199
4897,4948.0,6.832
4898,4949.0,8.038
4899,4950.0,7.274
4900,4951.0,6.35
4901,4952.0,6.36
4902,4953.0,6.038
4903,4954.0,5.837
4904,4955.0,6.32
4905,4956.0,6.279
4906,4957.0,9.269
4907,4958.0,8.587
4908,4959.0,9.149
4909,4960.0,9.349
4910,4961.0,6.279
4911,4962.0,7.314
4912,4963.0,6.671
4913,4964.0,7.917
4914,4965.0,6.752
4915,4966.0,6.682
4916,4967.0,6.078
4917,4968.0,5.756
4918,4969.0,6.279
4919,4970.0,6.32
4920,4971.0,8.038
4921,4972.0,6.763
4922,4973.0,7.797
4923,4974.0,8.266
4924,4975.0,6.682
4925,4976.0,7.033
4926,4977.0,7.395
4927,4979.0,6.792
4928,4980.0,7.757
4929,4981.0,7.154
4930,4982.0,6.038
4931,4983.0,5.595
4932,4984.0,6.199
4933,4985.0,6.199
4934,4986.0,6.118
4935,4987.0,7.395
4936,4988.0,8.078
4937,4989.0,7.797
4938,4990.0,7.435
4939,4991.0,6.199
4940,4992.0,7.556
4941,4993.0,7.355
4942,4994.0,6.953
4943,4995.0,7.837
4944,4996.0,6.279
4945,4997.0,5.877
4946,4998.0,6.199
4947,4999.0,6.279
4948,5000.0,6.32
4949,5001.0,7.998
4950,5002.0,9.189
4951,5003.0,8.667
4952,5004.0,8.105
4953,5005.0,6.199
4954,5006.0,6.591
4955,5007.0,8.306
4956,5008.0,6.872
4957,5009.0,6.32
4958,5010.0,6.36
4959,5011.0,5.998
4960,5012.0,5.837
4961,5013.0,6.279
4962,5014.0,6.118
4963,5015.0,8.908
4964,5016.0,9.028
4965,5017.0,9.43
4966,5018.0,9.269
4967,5019.0,6.199
4968,5020.0,7.033
4969,5021.0,7.596
4970,5022.0,7.355
4971,5023.0,6.47
4972,5024.0,6.481
4973,5025.0,6.118
4974,5026.0,5.837
4975,5027.0,6.44
4976,5028.0,6.279
4977,5029.0,9.068
4978,5030.0,8.346
4979,5031.0,8.908
4980,5032.0,9.189
4981,5033.0,6.36
4982,5034.0,7.556
4983,5035.0,6.671
4984,5036.0,8.266
4985,5037.0,6.872
4986,5038.0,6.763
4987,5039.0,5.998
4988,5040.0,5.796
4989,5041.0,6.118
4990,5042.0,6.279
4991,5043.0,8.426
4992,5044.0,7.435
4993,5045.0,8.226
4994,5046.0,8.667
4995,5047.0,6.561
4996,5048.0,7.797
4997,5049.0,7.154
4998,5050.0,7.636
4999,5051.0,7.355
5000,5052.0,6.993
5001,5053.0,5.957
5002,5054.0,5.796
5003,5055.0,6.159
5004,5056.0,6.32
5005,5057.0,7.515
5006,5058.0,6.872
5007,5059.0,7.274
5008,5060.0,7.877
5009,5061.0,6.752
5010,5062.0,6.239
5011,5063.0,7.757
5012,5064.0,6.712
5013,5065.0,8.186
5014,5066.0,7.435
5015,5067.0,6.118
5016,5068.0,5.716
5017,5069.0,6.239
5018,5070.0,6.159
5019,5071.0,6.199
5020,5072.0,7.274
5021,5073.0,7.877
5022,5074.0,7.596
5023,5076.0,7.194
5024,5077.0,6.159
5025,5078.0,7.958
5026,5079.0,7.274
5027,5080.0,7.435
5028,5081.0,8.145
5029,5082.0,6.239
5030,5083.0,5.796
5031,5084.0,6.239
5032,5085.0,6.239
5033,5086.0,6.239
5034,5087.0,7.757
5035,5088.0,8.707
5036,5089.0,8.226
5037,5090.0,7.985
5038,5091.0,6.159
5039,5092.0,6.561
5040,5093.0,7.917
5041,5094.0,6.712
5042,5095.0,6.712
5043,5096.0,6.32
5044,5097.0,5.917
5045,5098.0,5.917
5046,5099.0,6.239
5047,5100.0,6.481
5048,5101.0,8.266
5049,5102.0,9.269
5050,5103.0,9.189
5051,5104.0,8.587
5052,5105.0,6.159
5053,5106.0,6.752
5054,5107.0,8.186
5055,5108.0,7.154
5056,5109.0,6.229
5057,5110.0,6.4
5058,5111.0,5.998
5059,5112.0,5.877
5060,5113.0,6.279
5061,5114.0,6.239
5062,5115.0,9.269
5063,5116.0,8.868
5064,5117.0,9.269
5065,5118.0,9.51
5066,5119.0,6.199
5067,5120.0,7.234
5068,5121.0,7.073
5069,5122.0,7.676
5070,5123.0,6.551
5071,5124.0,6.601
5072,5125.0,6.038
5073,5126.0,5.877
5074,5127.0,6.078
5075,5128.0,6.32
5076,5129.0,8.627
5077,5130.0,7.958
5078,5131.0,8.587
5079,5132.0,8.908
5080,5133.0,6.521
5081,5134.0,8.078
5082,5135.0,6.953
5083,5136.0,7.958
5084,5137.0,7.274
5085,5138.0,6.872
5086,5139.0,5.957
5087,5140.0,5.756
5088,5141.0,6.118
5089,5142.0,6.279
5090,5143.0,7.797
5091,5144.0,6.792
5092,5145.0,7.596
5093,5146.0,8.078
5094,5147.0,6.712
5095,5148.0,6.722
5096,5149.0,7.556
5097,5150.0,6.631
5098,5151.0,7.998
5099,5152.0,7.234
5100,5153.0,6.078
5101,5154.0,5.635
5102,5155.0,6.239
5103,5156.0,6.44
5104,5157.0,6.601
5105,5158.0,7.274
5106,5159.0,7.676
5107,5160.0,7.355
5108,5161.0,7.033
5109,5162.0,5.998
5110,5163.0,8.346
5111,5164.0,6.993
5112,5165.0,7.958
5113,5166.0,7.958
5114,5167.0,6.199
5115,5168.0,5.716
5116,5169.0,6.279
5117,5170.0,6.239
5118,5172.0,6.239
5119,5173.0,7.636
5120,5174.0,8.547
5121,5175.0,8.105
5122,5176.0,7.877
5123,5177.0,6.199
5124,5178.0,6.792
5125,5179.0,7.757
5126,5180.0,6.752
5127,5181.0,7.033
5128,5182.0,6.36
5129,5183.0,5.957
5130,5184.0,6.199
5131,5185.0,6.239
5132,5186.0,6.44
5133,5187.0,8.158
5134,5188.0,9.309
5135,5189.0,9.068
5136,5190.0,8.467
5137,5191.0,6.199
5138,5192.0,6.712
5139,5193.0,8.306
5140,5194.0,7.073
5141,5195.0,6.269
5142,5196.0,6.36
5143,5197.0,5.998
5144,5198.0,5.837
5145,5199.0,6.279
5146,5200.0,6.279
5147,5201.0,9.189
5148,5202.0,8.467
5149,5203.0,9.028
5150,5204.0,9.229
5151,5205.0,6.32
5152,5206.0,7.556
5153,5207.0,6.671
5154,5208.0,8.346
5155,5209.0,6.953
5156,5210.0,6.763
5157,5211.0,6.038
5158,5212.0,5.796
5159,5213.0,6.239
5160,5214.0,6.279
5161,5215.0,7.998
5162,5216.0,6.763
5163,5217.0,7.676
5164,5218.0,8.078
5165,5219.0,6.712
5166,5220.0,6.601
5167,5221.0,7.636
5168,5222.0,6.671
5169,5223.0,8.186
5170,5224.0,7.395
5171,5225.0,6.078
5172,5226.0,5.676
5173,5227.0,6.279
5174,5228.0,6.159
5175,5229.0,6.159
5176,5230.0,7.355
5177,5231.0,8.199
5178,5232.0,7.837
5179,5233.0,7.556
5180,5234.0,6.199
5181,5235.0,7.314
5182,5236.0,7.515
5183,5237.0,6.631
5184,5238.0,7.274
5185,5239.0,6.279
5186,5240.0,5.957
5187,5241.0,5.837
5188,5242.0,6.279
5189,5243.0,6.44
5190,5244.0,8.507
5191,5245.0,9.109
5192,5246.0,9.43
5193,5247.0,9.068
5194,5248.0,6.159
5195,5249.0,6.953
5196,5250.0,7.716
5197,5251.0,7.395
5198,5252.0,6.39
5199,5253.0,6.44
5200,5254.0,6.078
5201,5255.0,5.837
5202,5256.0,6.36
5203,5257.0,6.239
5204,5258.0,9.149
5205,5259.0,8.426
5206,5260.0,8.988
5207,5261.0,9.229
5208,5262.0,6.32
5209,5263.0,7.475
5210,5264.0,6.671
5211,5265.0,8.145
5212,5266.0,6.832
5213,5267.0,6.763
5214,5269.0,6.038
5215,5270.0,5.837
5216,5271.0,6.159
5217,5272.0,6.279
5218,5273.0,8.627
5219,5274.0,7.676
5220,5275.0,8.467
5221,5276.0,8.788
5222,5277.0,6.561
5223,5278.0,8.038
5224,5279.0,7.073
5225,5280.0,7.917
5226,5281.0,7.395
5227,5282.0,6.924
5228,5283.0,6.038
5229,5284.0,5.796
5230,5285.0,6.32
5231,5286.0,6.279
5232,5287.0,8.038
5233,5288.0,6.792
5234,5289.0,7.797
5235,5290.0,8.266
5236,5291.0,6.631
5237,5292.0,7.033
5238,5293.0,7.355
5239,5294.0,6.832
5240,5295.0,7.757
5241,5296.0,7.154
5242,5297.0,6.038
5243,5298.0,5.716
5244,5299.0,6.239
5245,5300.0,6.44
5246,5301.0,6.953
5247,5302.0,7.113
5248,5303.0,7.395
5249,5304.0,7.395
5250,5305.0,6.872
5251,5306.0,6.038
5252,5307.0,8.186
5253,5308.0,6.872
5254,5309.0,8.226
5255,5310.0,7.757
5256,5311.0,6.118
5257,5312.0,5.716
5258,5313.0,6.239
5259,5314.0,6.239
5260,5315.0,6.118
5261,5316.0,7.435
5262,5317.0,8.038
5263,5318.0,7.877
5264,5319.0,7.475
5265,5320.0,6.239
5266,5321.0,7.475
5267,5322.0,7.395
5268,5323.0,6.872
5269,5324.0,7.757
5270,5325.0,6.279
5271,5326.0,5.917
5272,5327.0,6.199
5273,5328.0,6.279
5274,5329.0,6.36
5275,5330.0,8.078
5276,5331.0,9.309
5277,5332.0,8.828
5278,5333.0,8.226
5279,5334.0,6.199
5280,5335.0,6.591
5281,5336.0,8.467
5282,5337.0,6.953
5283,5338.0,6.279
5284,5339.0,6.36
5285,5340.0,5.957
5286,5341.0,5.837
5287,5342.0,6.239
5288,5343.0,6.199
5289,5344.0,9.229
5290,5345.0,8.868
5291,5346.0,9.269
5292,5347.0,9.51
5293,5348.0,6.159
5294,5349.0,7.194
5295,5350.0,7.194
5296,5351.0,7.596
5297,5352.0,6.511
5298,5353.0,6.561
5299,5354.0,6.038
5300,5355.0,5.837
5301,5356.0,6.159
5302,5357.0,6.32
5303,5358.0,8.426
5304,5359.0,7.395
5305,5360.0,8.186
5306,5361.0,8.627
5307,5362.0,6.551
5308,5363.0,7.757
5309,5365.0,7.154
5310,5366.0,7.556
5311,5367.0,7.355
5312,5368.0,6.993
5313,5369.0,5.998
5314,5370.0,5.756
5315,5371.0,6.239
5316,5372.0,6.44
5317,5373.0,7.033
5318,5374.0,7.113
5319,5375.0,7.355
5320,5376.0,7.475
5321,5377.0,6.832
5322,5378.0,6.038
5323,5379.0,8.145
5324,5380.0,6.872
5325,5381.0,8.306
5326,5382.0,7.676
5327,5383.0,6.118
5328,5384.0,5.796
5329,5385.0,6.239
5330,5386.0,6.36
5331,5387.0,6.199
5332,5388.0,7.676
5333,5389.0,8.386
5334,5390.0,8.266
5335,5391.0,7.757
5336,5392.0,6.199
5337,5393.0,6.913
5338,5394.0,7.676
5339,5395.0,6.671
5340,5396.0,7.194
5341,5397.0,6.32
5342,5398.0,5.957
5343,5399.0,5.877
5344,5400.0,6.279
5345,5401.0,6.521
5346,5402.0,8.386
5347,5403.0,9.229
5348,5404.0,9.389
5349,5405.0,8.747
5350,5406.0,6.159
5351,5407.0,6.792
5352,5408.0,8.078
5353,5409.0,7.234
5354,5410.0,6.269
5355,5411.0,6.4
5356,5412.0,5.998
5357,5413.0,5.837
5358,5414.0,6.078
5359,5415.0,6.32
5360,5416.0,8.667
5361,5417.0,7.757
5362,5418.0,8.467
5363,5419.0,8.868
5364,5420.0,6.521
5365,5421.0,8.118
5366,5422.0,6.953
5367,5423.0,7.998
5368,5424.0,7.234
5369,5425.0,6.953
5370,5426.0,5.957
5371,5427.0,5.635
5372,5428.0,6.199
5373,5429.0,6.239
5374,5430.0,6.118
5375,5431.0,7.435
5376,5432.0,8.145
5377,5433.0,7.837
5378,5434.0,7.395
5379,5435.0,6.199
5380,5436.0,7.596
5381,5437.0,7.435
5382,5438.0,7.033
5383,5439.0,7.917
5384,5440.0,6.279
5385,5441.0,5.917
5386,5442.0,6.199
5387,5443.0,6.239
5388,5444.0,6.36
5389,5445.0,8.038
5390,5446.0,9.229
5391,5447.0,8.707
5392,5448.0,8.186
5393,5449.0,6.159
5394,5450.0,6.591
5395,5451.0,8.306
5396,5452.0,6.913
5397,5453.0,6.239
5398,5454.0,6.36
5399,5455.0,5.957
5400,5456.0,5.837
5401,5457.0,6.279
5402,5458.0,6.279
5403,5459.0,9.269
5404,5461.0,8.627
5405,5462.0,9.109
5406,5463.0,9.349
5407,5464.0,6.239
5408,5465.0,7.274
5409,5466.0,6.631
5410,5467.0,7.877
5411,5468.0,6.671
5412,5469.0,6.682
5413,5470.0,6.038
5414,5471.0,5.796
5415,5472.0,6.199
5416,5473.0,6.32
5417,5474.0,8.118
5418,5475.0,6.993
5419,5476.0,7.917
5420,5477.0,8.467
5421,5478.0,6.631
5422,5479.0,7.314
5423,5480.0,7.355
5424,5481.0,7.073
5425,5482.0,7.636
5426,5483.0,7.113
5427,5484.0,6.038
5428,5485.0,5.635
5429,5486.0,6.279
5430,5487.0,6.521
5431,5488.0,6.763
5432,5489.0,7.234
5433,5490.0,7.515
5434,5491.0,7.355
5435,5492.0,6.953
5436,5493.0,6.038
5437,5494.0,8.346
5438,5495.0,6.953
5439,5496.0,8.078
5440,5497.0,7.837
5441,5498.0,6.159
5442,5499.0,5.716
5443,5500.0,6.279
5444,5501.0,6.279
5445,5502.0,6.199
5446,5503.0,7.596
5447,5504.0,8.426
5448,5505.0,8.186
5449,5506.0,7.797
5450,5507.0,6.159
5451,5508.0,6.872
5452,5509.0,7.716
5453,5510.0,6.671
5454,5511.0,7.154
5455,5512.0,6.32
5456,5513.0,5.917
5457,5514.0,5.877
5458,5515.0,6.279
5459,5516.0,6.481
5460,5517.0,8.507
5461,5518.0,9.189
5462,5519.0,9.47
5463,5520.0,8.868
5464,5521.0,6.159
5465,5522.0,6.872
5466,5523.0,7.998
5467,5524.0,7.274
5468,5525.0,6.31
5469,5526.0,6.4
5470,5527.0,6.038
5471,5528.0,5.877
5472,5529.0,6.4
5473,5530.0,6.279
5474,5531.0,9.028
5475,5532.0,8.319
5476,5533.0,8.868
5477,5534.0,9.189
5478,5535.0,6.4
5479,5536.0,7.676
5480,5537.0,6.712
5481,5538.0,8.346
5482,5539.0,6.913
5483,5540.0,6.803
5484,5541.0,6.038
5485,5542.0,5.837
5486,5543.0,6.159
5487,5544.0,6.36
5488,5545.0,8.386
5489,5546.0,7.355
5490,5547.0,8.199
5491,5548.0,8.587
5492,5549.0,6.642
5493,5550.0,7.676
5494,5551.0,7.194
5495,5552.0,7.475
5496,5553.0,7.395
5497,5554.0,6.993
5498,5555.0,5.998
5499,5557.0,5.756
5500,5558.0,6.159
5501,5559.0,6.279
5502,5560.0,7.475
5503,5561.0,6.872
5504,5562.0,7.234
5505,5563.0,7.797
5506,5564.0,6.792
5507,5565.0,6.118
5508,5566.0,7.837
5509,5567.0,6.712
5510,5568.0,8.266
5511,5569.0,7.435
5512,5570.0,6.078
5513,5571.0,5.635
5514,5572.0,6.239
5515,5573.0,6.159
5516,5574.0,6.118
5517,5575.0,7.355
5518,5576.0,8.105
5519,5577.0,7.716
5520,5578.0,7.395
5521,5579.0,6.159
5522,5580.0,7.716
5523,5581.0,7.395
5524,5582.0,7.194
5525,5583.0,7.958
5526,5584.0,6.32
5527,5585.0,5.837
5528,5586.0,6.239
5529,5587.0,6.239
5530,5588.0,6.44
5531,5589.0,8.078
5532,5590.0,9.389
5533,5591.0,8.908
5534,5592.0,8.386
5535,5593.0,6.159
5536,5594.0,6.712
5537,5595.0,8.386
5538,5596.0,7.113
5539,5597.0,6.279
5540,5598.0,6.4
5541,5599.0,5.957
5542,5600.0,5.877
5543,5601.0,6.279
5544,5602.0,6.239
5545,5603.0,9.309
5546,5604.0,8.667
5547,5605.0,9.189
5548,5606.0,9.389
5549,5607.0,6.239
5550,5608.0,7.234
5551,5609.0,6.752
5552,5610.0,7.837
5553,5611.0,6.631
5554,5612.0,6.642
5555,5613.0,6.038
5556,5614.0,5.796
5557,5615.0,6.118
5558,5616.0,6.279
5559,5617.0,8.707
5560,5618.0,7.797
5561,5619.0,8.547
5562,5620.0,8.868
5563,5621.0,6.521
5564,5622.0,8.118
5565,5623.0,6.953
5566,5624.0,8.078
5567,5625.0,7.234
5568,5626.0,6.872
5569,5627.0,5.998
5570,5628.0,5.837
5571,5629.0,6.239
5572,5630.0,6.279
5573,5631.0,8.078
5574,5632.0,6.803
5575,5633.0,7.837
5576,5634.0,8.279
5577,5635.0,6.682
5578,5636.0,7.073
5579,5637.0,7.395
5580,5638.0,6.872
5581,5639.0,7.757
5582,5640.0,7.154
5583,5641.0,6.078
5584,5642.0,5.635
5585,5643.0,6.32
5586,5644.0,6.44
5587,5645.0,6.601
5588,5646.0,7.274
5589,5647.0,7.636
5590,5648.0,7.355
5591,5649.0,7.073
5592,5650.0,6.038
5593,5651.0,8.386
5594,5652.0,7.033
5595,5654.0,7.917
5596,5655.0,7.958
5597,5656.0,6.159
5598,5657.0,5.756
5599,5658.0,6.239
5600,5659.0,6.279
5601,5660.0,6.239
5602,5661.0,7.636
5603,5662.0,8.467
5604,5663.0,8.145
5605,5664.0,7.797
5606,5665.0,6.199
5607,5666.0,6.792
5608,5667.0,7.757
5609,5668.0,6.671
5610,5669.0,7.073
5611,5670.0,6.32
5612,5671.0,5.957
5613,5672.0,5.957
5614,5673.0,6.279
5615,5674.0,6.44
5616,5675.0,8.226
5617,5676.0,9.269
5618,5677.0,9.189
5619,5678.0,8.547
5620,5679.0,6.199
5621,5680.0,6.712
5622,5681.0,8.226
5623,5682.0,7.113
5624,5683.0,6.269
5625,5684.0,6.36
5626,5685.0,6.038
5627,5686.0,5.877
5628,5687.0,6.279
5629,5688.0,6.199
5630,5689.0,9.309
5631,5690.0,8.828
5632,5691.0,9.309
5633,5692.0,9.47
5634,5693.0,6.199
5635,5694.0,7.194
5636,5695.0,7.194
5637,5696.0,7.596
5638,5697.0,6.551
5639,5698.0,6.561
5640,5699.0,6.078
5641,5700.0,5.837
5642,5701.0,6.44
5643,5702.0,6.239
5644,5703.0,9.068
5645,5704.0,8.279
5646,5705.0,8.948
5647,5706.0,9.149
5648,5707.0,6.4
5649,5708.0,7.636
5650,5709.0,6.671
5651,5710.0,8.306
5652,5711.0,6.872
5653,5712.0,6.752
5654,5713.0,5.998
5655,5714.0,5.837
5656,5715.0,6.118
5657,5716.0,6.279
5658,5717.0,8.507
5659,5718.0,7.515
5660,5719.0,8.306
5661,5720.0,8.707
5662,5721.0,6.521
5663,5722.0,7.917
5664,5723.0,7.073
5665,5724.0,7.757
5666,5725.0,7.395
5667,5726.0,6.953
5668,5727.0,5.957
5669,5728.0,5.796
5670,5729.0,6.159
5671,5730.0,6.279
5672,5731.0,7.636
5673,5732.0,6.832
5674,5733.0,7.395
5675,5734.0,7.958
5676,5735.0,6.752
5677,5736.0,6.481
5678,5737.0,7.676
5679,5738.0,6.712
5680,5739.0,8.105
5681,5740.0,7.355
5682,5741.0,6.078
5683,5742.0,5.676
5684,5743.0,6.239
5685,5744.0,6.199
5686,5745.0,6.199
5687,5746.0,7.274
5688,5747.0,7.837
5689,5748.0,7.556
5690,5750.0,7.194
5691,5751.0,6.118
5692,5752.0,8.038
5693,5753.0,7.234
5694,5754.0,7.556
5695,5755.0,8.145
5696,5756.0,6.239
5697,5757.0,5.837
5698,5758.0,6.239
5699,5759.0,6.239
5700,5760.0,6.239
5701,5761.0,7.716
5702,5762.0,8.627
5703,5763.0,8.186
5704,5764.0,7.917
5705,5765.0,6.199
5706,5766.0,6.591
5707,5767.0,7.877
5708,5768.0,6.712
5709,5769.0,6.832
5710,5770.0,6.32
5711,5771.0,5.957
5712,5772.0,5.998
5713,5773.0,6.279
5714,5774.0,6.44
5715,5775.0,8.226
5716,5776.0,9.309
5717,5777.0,9.149
5718,5778.0,8.547
5719,5779.0,6.159
5720,5780.0,6.752
5721,5781.0,8.266
5722,5782.0,7.113
5723,5783.0,6.269
5724,5784.0,6.4
5725,5785.0,5.998
5726,5786.0,5.917
5727,5787.0,6.279
5728,5788.0,6.159
5729,5789.0,8.747
5730,5790.0,9.109
5731,5791.0,9.43
5732,5792.0,9.149
5733,5793.0,6.159
5734,5794.0,6.993
5735,5795.0,7.716
5736,5796.0,7.475
5737,5797.0,6.39
5738,5798.0,6.481
5739,5799.0,6.038
5740,5800.0,5.917
5741,5801.0,6.32
5742,5802.0,6.36
5743,5803.0,9.229
5744,5804.0,8.627
5745,5805.0,9.068
5746,5806.0,9.43
5747,5807.0,6.279
5748,5808.0,7.355
5749,5809.0,6.631
5750,5810.0,7.945
5751,5811.0,6.752
5752,5812.0,6.682
5753,5813.0,6.038
5754,5814.0,5.796
5755,5815.0,6.159
5756,5816.0,6.279
5757,5817.0,8.467
5758,5818.0,7.475
5759,5819.0,8.306
5760,5820.0,8.667
5761,5821.0,6.561
5762,5822.0,7.877
5763,5823.0,7.113
5764,5824.0,7.676
5765,5825.0,7.395
5766,5826.0,6.953
5767,5827.0,5.957
5768,5828.0,5.716
5769,5829.0,6.199
5770,5830.0,6.36
5771,5831.0,7.234
5772,5832.0,6.993
5773,5833.0,7.314
5774,5834.0,7.596
5775,5835.0,6.792
5776,5836.0,6.038
5777,5837.0,7.985
5778,5838.0,6.752
5779,5839.0,8.426
5780,5840.0,7.556
5781,5841.0,6.118
5782,5842.0,5.716
5783,5843.0,6.239
5784,5844.0,6.159
5785,5845.0,6.36
5786,5847.0,7.355
5787,5848.0,7.757
5788,5849.0,7.395
5789,5850.0,7.154
5790,5851.0,6.078
5791,5852.0,8.266
5792,5853.0,7.113
5793,5854.0,7.797
5794,5855.0,8.078
5795,5856.0,6.239
5796,5857.0,5.756
5797,5858.0,6.32
5798,5859.0,6.279
5799,5860.0,6.239
5800,5861.0,7.515
5801,5862.0,8.226
5802,5863.0,8.078
5803,5864.0,7.636
5804,5865.0,6.239
5805,5866.0,7.154
5806,5867.0,7.556
5807,5868.0,6.631
5808,5869.0,7.435
5809,5870.0,6.279
5810,5871.0,5.917
5811,5872.0,5.837
5812,5873.0,6.279
5813,5874.0,6.481
5814,5875.0,8.467
5815,5876.0,9.189
5816,5877.0,9.43
5817,5878.0,8.788
5818,5879.0,6.159
5819,5880.0,6.832
5820,5881.0,8.038
5821,5882.0,7.234
5822,5883.0,6.31
5823,5884.0,6.4
5824,5885.0,6.038
5825,5886.0,5.837
5826,5887.0,6.36
5827,5888.0,6.279
5828,5889.0,9.149
5829,5890.0,8.467
5830,5891.0,9.028
5831,5892.0,9.269
5832,5893.0,6.36
5833,5894.0,7.435
5834,5895.0,6.712
5835,5896.0,8.105
5836,5897.0,6.792
5837,5898.0,6.752
5838,5899.0,6.038
5839,5900.0,5.796
5840,5901.0,6.159
5841,5902.0,6.279
5842,5903.0,8.467
5843,5904.0,7.395
5844,5905.0,8.266
5845,5906.0,8.627
5846,5907.0,6.601
5847,5908.0,7.757
5848,5909.0,7.194
5849,5910.0,7.596
5850,5911.0,7.435
5851,5912.0,6.993
5852,5913.0,5.998
5853,5914.0,5.756
5854,5915.0,6.159
5855,5916.0,6.32
5856,5917.0,7.395
5857,5918.0,6.913
5858,5919.0,7.234
5859,5920.0,7.716
5860,5921.0,6.792
5861,5922.0,6.038
5862,5923.0,7.877
5863,5924.0,6.712
5864,5925.0,8.306
5865,5926.0,7.475
5866,5927.0,6.078
5867,5928.0,5.716
5868,5929.0,6.239
5869,5930.0,6.199
5870,5931.0,6.118
5871,5932.0,7.355
5872,5933.0,8.065
5873,5934.0,7.716
5874,5935.0,7.355
5875,5936.0,6.159
5876,5937.0,7.676
5877,5938.0,7.395
5878,5939.0,7.154
5879,5940.0,7.958
5880,5941.0,6.279
5881,5942.0,5.837
5882,5944.0,6.239
5883,5945.0,6.279
5884,5946.0,6.279
5885,5947.0,7.917
5886,5948.0,8.988
5887,5949.0,8.507
5888,5950.0,8.226
5889,5951.0,6.199
5890,5952.0,6.551
5891,5953.0,8.186
5892,5954.0,6.792
5893,5955.0,6.4
5894,5956.0,6.32
5895,5957.0,5.998
5896,5958.0,5.877
5897,5959.0,6.32
5898,5960.0,6.159
5899,5961.0,8.868
5900,5962.0,9.028
5901,5963.0,9.47
5902,5964.0,9.229
5903,5965.0,6.159
5904,5966.0,6.993
5905,5967.0,7.596
5906,5968.0,7.355
5907,5969.0,6.39
5908,5970.0,6.481
5909,5971.0,6.038
5910,5972.0,5.837
5911,5973.0,6.078
5912,5974.0,6.279
5913,5975.0,8.747
5914,5976.0,7.877
5915,5977.0,8.587
5916,5978.0,8.948
5917,5979.0,6.521
5918,5980.0,8.078
5919,5981.0,6.913
5920,5982.0,8.118
5921,5983.0,7.194
5922,5984.0,6.872
5923,5985.0,5.998
5924,5986.0,5.796
5925,5987.0,6.078
5926,5988.0,6.32
5927,5989.0,7.877
5928,5990.0,6.832
5929,5991.0,7.636
5930,5992.0,8.199
5931,5993.0,6.671
5932,5994.0,6.792
5933,5995.0,7.515
5934,5996.0,6.631
5935,5997.0,7.877
5936,5998.0,7.234
5937,5999.0,6.038
5938,6000.0,5.676
5939,6001.0,6.239
5940,6002.0,6.159
5941,6003.0,6.199
5942,6004.0,7.274
5943,6005.0,7.837
5944,6006.0,7.556
5945,6007.0,7.154
5946,6008.0,6.118
5947,6009.0,8.078
5948,6010.0,7.234
5949,6011.0,7.596
5950,6012.0,8.145
5951,6013.0,6.239
5952,6014.0,5.837
5953,6015.0,6.239
5954,6016.0,6.239
5955,6017.0,6.279
5956,6018.0,7.797
5957,6019.0,8.868
5958,6020.0,8.346
5959,6021.0,8.065
5960,6022.0,6.199
5961,6023.0,6.551
5962,6024.0,8.025
5963,6025.0,6.752
5964,6026.0,6.551
5965,6027.0,6.32
5966,6028.0,5.917
5967,6029.0,5.877
5968,6030.0,6.279
5969,6031.0,6.118
5970,6032.0,8.707
5971,6033.0,9.109
5972,6034.0,9.47
5973,6035.0,9.068
5974,6036.0,6.159
5975,6037.0,6.953
5976,6038.0,7.716
5977,6039.0,7.395
5978,6041.0,6.39
5979,6042.0,6.44
5980,6043.0,6.038
5981,6044.0,5.837
5982,6045.0,6.36
5983,6046.0,6.279
5984,6047.0,9.068
5985,6048.0,8.386
5986,6049.0,8.948
5987,6050.0,9.229
5988,6051.0,6.32
5989,6052.0,7.556
5990,6053.0,6.671
5991,6054.0,8.226
5992,6055.0,6.832
5993,6056.0,6.763
5994,6057.0,5.998
5995,6058.0,5.837
5996,6059.0,6.159
5997,6060.0,6.36
5998,6061.0,8.386
5999,6062.0,7.395
6000,6063.0,8.186
6001,6064.0,8.627
6002,6065.0,6.561
6003,6066.0,7.716
6004,6067.0,7.194
6005,6068.0,7.515
6006,6069.0,7.395
6007,6070.0,6.993
6008,6071.0,5.998
6009,6072.0,5.756
6010,6073.0,6.159
6011,6074.0,6.32
6012,6075.0,7.475
6013,6076.0,6.872
6014,6077.0,7.234
6015,6078.0,7.797
6016,6079.0,6.792
6017,6080.0,6.159
6018,6081.0,7.797
6019,6082.0,6.671
6020,6083.0,8.266
6021,6084.0,7.435
6022,6085.0,6.078
6023,6086.0,5.635
6024,6087.0,6.239
6025,6088.0,6.159
6026,6089.0,6.199
6027,6090.0,7.274
6028,6091.0,7.917
6029,6092.0,7.556
6030,6093.0,7.234
6031,6094.0,6.078
6032,6095.0,7.998
6033,6096.0,7.234
6034,6097.0,7.475
6035,6098.0,8.105
6036,6099.0,6.279
6037,6100.0,5.796
6038,6101.0,6.279
6039,6102.0,6.239
6040,6103.0,6.239
6041,6104.0,7.716
6042,6105.0,8.627
6043,6106.0,8.145
6044,6107.0,7.958
6045,6108.0,6.199
6046,6109.0,6.642
6047,6110.0,7.837
6048,6111.0,6.752
6049,6112.0,6.872
6050,6113.0,6.36
6051,6114.0,5.957
6052,6115.0,6.279
6053,6116.0,6.279
6054,6117.0,6.481
6055,6118.0,8.145
6056,6119.0,9.389
6057,6120.0,9.028
6058,6121.0,8.426
6059,6122.0,6.159
6060,6123.0,6.671
6061,6124.0,8.346
6062,6125.0,7.033
6063,6126.0,6.279
6064,6127.0,6.4
6065,6128.0,5.998
6066,6129.0,5.837
6067,6130.0,6.239
6068,6131.0,6.199
6069,6132.0,9.309
6070,6133.0,8.788
6071,6134.0,9.229
6072,6135.0,9.43
6073,6136.0,6.199
6074,6138.0,7.194
6075,6139.0,7.073
6076,6140.0,7.676
6077,6141.0,6.551
6078,6142.0,6.561
6079,6143.0,6.038
6080,6144.0,5.796
6081,6145.0,6.44
6082,6146.0,6.279
6083,6147.0,8.868
6084,6148.0,8.078
6085,6149.0,8.747
6086,6150.0,9.028
6087,6151.0,6.481
6088,6152.0,7.837
6089,6153.0,6.832
6090,6154.0,8.346
6091,6155.0,7.073
6092,6156.0,6.792
6093,6157.0,6.038
6094,6158.0,5.796
6095,6159.0,6.239
6096,6160.0,6.279
6097,6161.0,8.158
6098,6162.0,6.913
6099,6163.0,7.917
6100,6164.0,8.346
6101,6165.0,6.671
6102,6166.0,7.234
6103,6167.0,7.395
6104,6168.0,7.033
6105,6169.0,7.716
6106,6170.0,7.113
6107,6171.0,6.078
6108,6172.0,5.716
6109,6173.0,6.279
6110,6174.0,6.4
6111,6175.0,7.033
6112,6176.0,7.073
6113,6177.0,7.355
6114,6178.0,7.435
6115,6179.0,6.832
6116,6180.0,6.038
6117,6181.0,8.105
6118,6182.0,6.832
6119,6183.0,8.306
6120,6184.0,7.676
6121,6185.0,6.118
6122,6186.0,5.676
6123,6187.0,6.239
6124,6188.0,6.199
6125,6189.0,6.118
6126,6190.0,7.355
6127,6191.0,8.118
6128,6192.0,7.757
6129,6193.0,7.395
6130,6194.0,6.199
6131,6195.0,7.636
6132,6196.0,7.435
6133,6197.0,7.073
6134,6198.0,7.877
6135,6199.0,6.279
6136,6200.0,5.837
6137,6201.0,6.239
6138,6202.0,6.279
6139,6203.0,6.239
6140,6204.0,7.797
6141,6205.0,8.747
6142,6206.0,8.306
6143,6207.0,7.985
6144,6208.0,6.199
6145,6209.0,6.511
6146,6210.0,7.985
6147,6211.0,6.712
6148,6212.0,6.712
6149,6213.0,6.32
6150,6214.0,5.998
6151,6215.0,5.837
6152,6216.0,6.32
6153,6217.0,6.521
6154,6218.0,8.547
6155,6219.0,9.189
6156,6220.0,9.51
6157,6221.0,8.788
6158,6222.0,6.239
6159,6223.0,6.832
6160,6224.0,7.998
6161,6225.0,7.234
6162,6226.0,6.31
6163,6227.0,6.4
6164,6228.0,6.038
6165,6229.0,5.837
6166,6230.0,6.279
6167,6231.0,6.32
6168,6232.0,9.229
6169,6234.0,8.587
6170,6235.0,9.109
6171,6236.0,9.349
6172,6237.0,6.239
6173,6238.0,7.314
6174,6239.0,6.591
6175,6240.0,7.917
6176,6241.0,6.671
6177,6242.0,6.682
6178,6243.0,6.038
6179,6244.0,5.837
6180,6245.0,6.199
6181,6246.0,6.32
6182,6247.0,8.306
6183,6248.0,7.274
6184,6249.0,8.158
6185,6250.0,8.547
6186,6251.0,6.591
6187,6252.0,7.596
6188,6253.0,7.274
6189,6254.0,7.395
6190,6255.0,7.475
6191,6256.0,7.073
6192,6257.0,5.998
6193,6258.0,5.635
6194,6259.0,6.279
6195,6260.0,6.521
6196,6261.0,6.752
6197,6262.0,7.234
6198,6263.0,7.515
6199,6264.0,7.355
6200,6265.0,6.953
6201,6266.0,6.038
6202,6267.0,8.346
6203,6268.0,6.993
6204,6269.0,8.065
6205,6270.0,7.917
6206,6271.0,6.159
6207,6272.0,5.796
6208,6273.0,6.239
6209,6274.0,6.32
6210,6275.0,6.159
6211,6276.0,7.556
6212,6277.0,8.226
6213,6278.0,8.065
6214,6279.0,7.676
6215,6280.0,6.239
6216,6281.0,7.113
6217,6282.0,7.596
6218,6283.0,6.631
6219,6284.0,7.355
6220,6285.0,6.32
6221,6286.0,5.917
6222,6287.0,5.917
6223,6288.0,6.239
6224,6289.0,6.481
6225,6290.0,8.306
6226,6291.0,9.269
6227,6292.0,9.269
6228,6293.0,8.627
6229,6294.0,6.199
6230,6295.0,6.792
6231,6296.0,8.145
6232,6297.0,7.154
6233,6298.0,6.269
6234,6299.0,6.36
6235,6300.0,5.998
6236,6301.0,5.837
6237,6302.0,6.279
6238,6303.0,6.32
6239,6304.0,9.229
6240,6305.0,8.587
6241,6306.0,9.109
6242,6307.0,9.349
6243,6308.0,6.239
6244,6309.0,7.355
6245,6310.0,6.631
6246,6311.0,7.958
6247,6312.0,6.712
6248,6313.0,6.712
6249,6314.0,6.038
6250,6315.0,5.837
6251,6316.0,6.078
6252,6317.0,6.32
6253,6318.0,8.667
6254,6319.0,7.797
6255,6320.0,8.507
6256,6321.0,8.908
6257,6322.0,6.521
6258,6323.0,8.158
6259,6324.0,6.953
6260,6325.0,8.065
6261,6326.0,7.234
6262,6327.0,6.953
6263,6328.0,5.957
6264,6330.0,5.796
6265,6331.0,6.199
6266,6332.0,6.279
6267,6333.0,7.958
6268,6334.0,6.752
6269,6335.0,7.716
6270,6336.0,8.226
6271,6337.0,6.671
6272,6338.0,6.953
6273,6339.0,7.435
6274,6340.0,6.752
6275,6341.0,7.837
6276,6342.0,7.194
6277,6343.0,6.038
6278,6344.0,5.756
6279,6345.0,6.279
6280,6346.0,6.4
6281,6347.0,7.033
6282,6348.0,7.073
6283,6349.0,7.395
6284,6350.0,7.395
6285,6351.0,6.872
6286,6352.0,6.038
6287,6353.0,8.145
6288,6354.0,6.832
6289,6355.0,8.306
6290,6356.0,7.676
6291,6357.0,6.118
6292,6358.0,5.716
6293,6359.0,6.239
6294,6360.0,6.118
6295,6361.0,6.199
6296,6362.0,7.194
6297,6363.0,7.837
6298,6364.0,7.475
6299,6365.0,7.194
6300,6366.0,6.078
6301,6367.0,8.118
6302,6368.0,7.194
6303,6369.0,7.596
6304,6370.0,8.105
6305,6371.0,6.279
6306,6372.0,5.756
6307,6373.0,6.279
6308,6374.0,6.239
6309,6375.0,6.36
6310,6376.0,7.837
6311,6377.0,8.988
6312,6378.0,8.426
6313,6379.0,8.226
6314,6380.0,6.199
6315,6381.0,6.551
6316,6382.0,8.065
6317,6383.0,6.792
6318,6384.0,6.4
6319,6385.0,6.32
6320,6386.0,5.957
6321,6387.0,5.837
6322,6388.0,6.279
6323,6389.0,6.118
6324,6390.0,8.908
6325,6391.0,8.988
6326,6392.0,9.389
6327,6393.0,9.269
6328,6394.0,6.159
6329,6395.0,6.993
6330,6396.0,7.556
6331,6397.0,7.355
6332,6398.0,6.43
6333,6399.0,6.481
6334,6400.0,6.078
6335,6401.0,5.837
6336,6402.0,6.4
6337,6403.0,6.239
6338,6404.0,9.028
6339,6405.0,8.266
6340,6406.0,8.868
6341,6407.0,9.149
6342,6408.0,6.44
6343,6409.0,7.636
6344,6410.0,6.712
6345,6411.0,8.306
6346,6412.0,6.953
6347,6413.0,6.752
6348,6414.0,6.038
6349,6415.0,5.796
6350,6416.0,6.159
6351,6417.0,6.279
6352,6418.0,7.636
6353,6419.0,6.832
6354,6420.0,7.395
6355,6421.0,7.917
6356,6422.0,6.792
6357,6423.0,6.36
6358,6424.0,7.757
6359,6425.0,6.671
6360,6426.0,8.226
6361,6428.0,7.355
6362,6429.0,6.159
6363,6430.0,5.676
6364,6431.0,6.279
6365,6432.0,6.118
6366,6433.0,6.159
6367,6434.0,7.274
6368,6435.0,7.917
6369,6436.0,7.596
6370,6437.0,7.234
6371,6438.0,6.118
6372,6439.0,7.917
6373,6440.0,7.274
6374,6441.0,7.395
6375,6442.0,8.105
6376,6443.0,6.239
6377,6444.0,5.796
6378,6445.0,6.32
6379,6446.0,6.239
6380,6447.0,6.239
6381,6448.0,7.797
6382,6449.0,8.747
6383,6450.0,8.306
6384,6451.0,8.038
6385,6452.0,6.199
6386,6453.0,6.561
6387,6454.0,7.998
6388,6455.0,6.712
6389,6456.0,6.671
6390,6457.0,6.32
6391,6458.0,5.957
6392,6459.0,5.837
6393,6460.0,6.279
6394,6461.0,6.239
6395,6462.0,8.627
6396,6463.0,9.109
6397,6464.0,9.51
6398,6465.0,8.908
6399,6466.0,6.199
6400,6467.0,6.872
6401,6468.0,7.917
6402,6469.0,7.314
6403,6470.0,6.4
6404,6471.0,6.4
6405,6472.0,6.078
6406,6473.0,5.837
6407,6474.0,6.36
6408,6475.0,6.32
6409,6476.0,9.309
6410,6477.0,8.587
6411,6478.0,9.149
6412,6479.0,9.349
6413,6480.0,6.32
6414,6481.0,7.314
6415,6482.0,6.631
6416,6483.0,7.917
6417,6484.0,6.671
6418,6485.0,6.722
6419,6486.0,6.038
6420,6487.0,5.837
6421,6488.0,6.078
6422,6489.0,6.279
6423,6490.0,8.747
6424,6491.0,7.877
6425,6492.0,8.547
6426,6493.0,8.908
6427,6494.0,6.481
6428,6495.0,8.078
6429,6496.0,6.913
6430,6497.0,8.065
6431,6498.0,7.194
6432,6499.0,6.872
6433,6500.0,5.998
6434,6501.0,5.837
6435,6502.0,6.199
6436,6503.0,6.32
6437,6504.0,8.118
6438,6505.0,6.953
6439,6506.0,7.877
6440,6507.0,8.386
6441,6508.0,6.631
6442,6509.0,7.234
6443,6510.0,7.355
6444,6511.0,7.033
6445,6512.0,7.636
6446,6513.0,7.154
6447,6514.0,6.038
6448,6515.0,5.635
6449,6516.0,6.279
6450,6517.0,6.481
6451,6518.0,6.792
6452,6519.0,7.234
6453,6520.0,7.515
6454,6521.0,7.314
6455,6522.0,6.913
6456,6524.0,6.038
6457,6525.0,8.306
6458,6526.0,6.993
6459,6527.0,8.105
6460,6528.0,7.877
6461,6529.0,6.159
6462,6530.0,5.796
6463,6531.0,6.239
6464,6532.0,6.279
6465,6533.0,6.159
6466,6534.0,7.515
6467,6535.0,8.226
6468,6536.0,8.025
6469,6537.0,7.636
6470,6538.0,6.239
6471,6539.0,7.194
6472,6540.0,7.556
6473,6541.0,6.631
6474,6542.0,7.435
6475,6543.0,6.279
6476,6544.0,5.877
6477,6545.0,5.877
6478,6546.0,6.239
6479,6547.0,6.481
6480,6548.0,8.306
6481,6549.0,9.229
6482,6550.0,9.269
6483,6551.0,8.627
6484,6552.0,6.159
6485,6553.0,6.752
6486,6554.0,8.145
6487,6555.0,7.154
6488,6556.0,6.269
6489,6557.0,6.4
6490,6558.0,5.998
6491,6559.0,5.837
6492,6560.0,6.36
6493,6561.0,6.279
6494,6562.0,9.109
6495,6563.0,8.467
6496,6564.0,8.988
6497,6565.0,9.269
6498,6566.0,6.32
6499,6567.0,7.515
6500,6568.0,6.631
6501,6569.0,8.145
6502,6570.0,6.832
6503,6571.0,6.803
6504,6572.0,5.998
6505,6573.0,5.756
6506,6574.0,6.159
6507,6575.0,6.36
6508,6576.0,7.515
6509,6577.0,6.953
6510,6578.0,7.234
6511,6579.0,7.837
6512,6580.0,6.792
6513,6581.0,6.199
6514,6582.0,7.797
6515,6583.0,6.752
6516,6584.0,8.266
6517,6585.0,7.435
6518,6586.0,6.078
6519,6587.0,5.635
6520,6588.0,6.239
6521,6589.0,6.239
6522,6590.0,6.159
6523,6591.0,7.475
6524,6592.0,8.226
6525,6593.0,8.025
6526,6594.0,7.636
6527,6595.0,6.239
6528,6596.0,7.194
6529,6597.0,7.515
6530,6598.0,6.631
6531,6599.0,7.475
6532,6600.0,6.32
6533,6601.0,5.877
6534,6602.0,6.239
6535,6603.0,6.239
6536,6604.0,6.4
6537,6605.0,8.105
6538,6606.0,9.389
6539,6607.0,8.988
6540,6608.0,8.386
6541,6609.0,6.159
6542,6610.0,6.671
6543,6611.0,8.426
6544,6612.0,7.073
6545,6613.0,6.269
6546,6614.0,6.36
6547,6615.0,5.998
6548,6616.0,5.877
6549,6617.0,6.279
6550,6618.0,6.199
6551,6619.0,9.229
6552,6621.0,8.868
6553,6622.0,9.309
6554,6623.0,9.55
6555,6624.0,6.159
6556,6625.0,7.234
6557,6626.0,7.194
6558,6627.0,7.636
6559,6628.0,6.511
6560,6629.0,6.601
6561,6630.0,6.038
6562,6631.0,5.877
6563,6632.0,6.4
6564,6633.0,6.32
6565,6634.0,8.988
6566,6635.0,8.266
6567,6636.0,8.828
6568,6637.0,9.149
6569,6638.0,6.4
6570,6639.0,7.676
6571,6640.0,6.712
6572,6641.0,8.386
6573,6642.0,6.953
6574,6643.0,6.763
6575,6644.0,5.998
6576,6645.0,5.837
6577,6646.0,6.159
6578,6647.0,6.279
6579,6648.0,8.426
6580,6649.0,7.395
6581,6650.0,8.226
6582,6651.0,8.627
6583,6652.0,6.601
6584,6653.0,7.797
6585,6654.0,7.154
6586,6655.0,7.596
6587,6656.0,7.355
6588,6657.0,6.993
6589,6658.0,5.998
6590,6659.0,5.796
6591,6660.0,6.118
6592,6661.0,6.239
6593,6662.0,7.757
6594,6663.0,6.792
6595,6664.0,7.515
6596,6665.0,8.025
6597,6666.0,6.752
6598,6667.0,6.631
6599,6668.0,7.596
6600,6669.0,6.631
6601,6670.0,8.025
6602,6671.0,7.274
6603,6672.0,6.118
6604,6673.0,5.635
6605,6674.0,6.279
6606,6675.0,6.481
6607,6676.0,6.642
6608,6677.0,7.314
6609,6678.0,7.636
6610,6679.0,7.355
6611,6680.0,7.073
6612,6681.0,5.998
6613,6682.0,8.386
6614,6683.0,6.993
6615,6684.0,7.998
6616,6685.0,7.917
6617,6686.0,6.239
6618,6687.0,5.756
6619,6688.0,6.279
6620,6689.0,6.279
6621,6690.0,6.239
6622,6691.0,7.596
6623,6692.0,8.346
6624,6693.0,8.186
6625,6694.0,7.716
6626,6695.0,6.199
6627,6696.0,6.913
6628,6697.0,7.676
6629,6698.0,6.671
6630,6699.0,7.154
6631,6700.0,6.32
6632,6701.0,5.957
6633,6702.0,5.837
6634,6703.0,6.279
6635,6704.0,6.32
6636,6705.0,8.547
6637,6706.0,9.149
6638,6707.0,9.51
6639,6708.0,8.868
6640,6709.0,6.159
6641,6710.0,6.872
6642,6711.0,7.958
6643,6712.0,7.314
6644,6713.0,6.35
6645,6714.0,6.4
6646,6715.0,6.038
6647,6717.0,5.716
6648,6718.0,6.199
6649,6719.0,6.279
6650,6720.0,8.306
6651,6721.0,7.154
6652,6722.0,8.065
6653,6723.0,8.507
6654,6724.0,6.631
6655,6725.0,7.515
6656,6726.0,7.314
6657,6727.0,7.314
6658,6728.0,7.556
6659,6729.0,7.073
6660,6730.0,6.038
6661,6731.0,5.756
6662,6732.0,6.239
6663,6733.0,6.4
6664,6734.0,7.234
6665,6735.0,6.993
6666,6736.0,7.355
6667,6737.0,7.556
6668,6738.0,6.832
6669,6739.0,6.038
6670,6740.0,8.065
6671,6741.0,6.752
6672,6742.0,8.467
6673,6743.0,7.596
6674,6744.0,6.118
6675,6745.0,5.716
6676,6746.0,6.239
6677,6747.0,6.239
6678,6748.0,6.159
6679,6749.0,7.475
6680,6750.0,8.186
6681,6751.0,7.998
6682,6752.0,7.556
6683,6753.0,6.239
6684,6754.0,7.274
6685,6755.0,7.515
6686,6756.0,6.631
6687,6757.0,7.556
6688,6758.0,6.279
6689,6759.0,5.917
6690,6760.0,6.159
6691,6761.0,6.279
6692,6762.0,6.4
6693,6763.0,8.145
6694,6764.0,9.309
6695,6765.0,9.068
6696,6766.0,8.426
6697,6767.0,6.199
6698,6768.0,6.671
6699,6769.0,8.346
6700,6770.0,7.033
6701,6771.0,6.269
6702,6772.0,6.4
6703,6773.0,5.998
6704,6774.0,5.796
6705,6775.0,6.32
6706,6776.0,6.32
6707,6777.0,9.229
6708,6778.0,8.547
6709,6779.0,9.109
6710,6780.0,9.309
6711,6781.0,6.32
6712,6782.0,7.355
6713,6783.0,6.671
6714,6784.0,7.985
6715,6785.0,6.792
6716,6786.0,6.722
6717,6787.0,6.078
6718,6788.0,5.635
6719,6789.0,6.239
6720,6790.0,6.36
6721,6791.0,7.234
6722,6792.0,7.033
6723,6793.0,7.355
6724,6794.0,7.556
6725,6795.0,6.832
6726,6796.0,6.038
6727,6797.0,8.025
6728,6798.0,6.752
6729,6799.0,8.386
6730,6800.0,7.596
6731,6801.0,6.078
6732,6802.0,5.716
6733,6803.0,6.239
6734,6804.0,6.159
6735,6805.0,6.199
6736,6806.0,7.274
6737,6807.0,7.877
6738,6808.0,7.556
6739,6809.0,7.194
6740,6810.0,6.118
6741,6811.0,7.958
6742,6812.0,7.234
6743,6814.0,7.435
6744,6815.0,8.105
6745,6816.0,6.239
6746,6817.0,5.837
6747,6818.0,6.279
6748,6819.0,6.239
6749,6820.0,6.239
6750,6821.0,7.757
6751,6822.0,8.667
6752,6823.0,8.226
6753,6824.0,7.945
6754,6825.0,6.199
6755,6826.0,6.551
6756,6827.0,7.917
6757,6828.0,6.712
6758,6829.0,6.792
6759,6830.0,6.32
6760,6831.0,5.998
6761,6832.0,5.837
6762,6833.0,6.32
6763,6834.0,6.118
6764,6835.0,8.828
6765,6836.0,9.068
6766,6837.0,9.47
6767,6838.0,9.189
6768,6839.0,6.199
6769,6840.0,6.953
6770,6841.0,7.716
6771,6842.0,7.355
6772,6843.0,6.43
6773,6844.0,6.44
6774,6845.0,6.118
6775,6846.0,5.837
6776,6847.0,6.44
6777,6848.0,6.239
6778,6849.0,9.068
6779,6850.0,8.306
6780,6851.0,8.908
6781,6852.0,9.189
6782,6853.0,6.36
6783,6854.0,7.596
6784,6855.0,6.671
6785,6856.0,8.266
6786,6857.0,6.872
6787,6858.0,6.752
6788,6859.0,5.998
6789,6860.0,5.796
6790,6861.0,6.199
6791,6862.0,6.279
6792,6863.0,8.226
6793,6864.0,7.154
6794,6865.0,8.065
6795,6866.0,8.507
6796,6867.0,6.591
6797,6868.0,7.475
6798,6869.0,7.274
6799,6870.0,7.355
6800,6871.0,7.515
6801,6872.0,7.073
6802,6873.0,5.998
6803,6874.0,5.716
6804,6875.0,6.239
6805,6876.0,6.4
6806,6877.0,7.033
6807,6878.0,7.113
6808,6879.0,7.395
6809,6880.0,7.435
6810,6881.0,6.832
6811,6882.0,6.038
6812,6883.0,8.145
6813,6884.0,6.872
6814,6885.0,8.266
6815,6886.0,7.716
6816,6887.0,6.118
6817,6888.0,5.796
6818,6889.0,6.239
6819,6890.0,6.239
6820,6891.0,6.118
6821,6892.0,7.475
6822,6893.0,8.038
6823,6894.0,7.917
6824,6895.0,7.475
6825,6896.0,6.239
6826,6897.0,7.435
6827,6898.0,7.475
6828,6899.0,6.832
6829,6900.0,7.716
6830,6901.0,6.279
6831,6902.0,5.877
6832,6903.0,6.239
6833,6904.0,6.239
6834,6905.0,6.32
6835,6906.0,7.917
6836,6907.0,9.068
6837,6908.0,8.547
6838,6909.0,8.145
6839,6910.0,6.159
6840,6912.0,6.591
6841,6913.0,8.186
6842,6914.0,6.832
6843,6915.0,6.279
6844,6916.0,6.36
6845,6917.0,5.957
6846,6918.0,5.877
6847,6919.0,6.279
6848,6920.0,6.159
6849,6921.0,8.908
6850,6922.0,8.988
6851,6923.0,9.349
6852,6924.0,9.309
6853,6925.0,6.159
6854,6926.0,7.033
6855,6927.0,7.515
6856,6928.0,7.435
6857,6929.0,6.43
6858,6930.0,6.521
6859,6931.0,6.038
6860,6932.0,5.877
6861,6933.0,6.4
6862,6934.0,6.279
6863,6935.0,9.028
6864,6936.0,8.306
6865,6937.0,8.868
6866,6938.0,9.189
6867,6939.0,6.4
6868,6940.0,7.676
6869,6941.0,6.712
6870,6942.0,8.346
6871,6943.0,6.913
6872,6944.0,6.803
6873,6945.0,5.998
6874,6946.0,5.877
6875,6947.0,6.159
6876,6948.0,6.36
6877,6949.0,8.346
6878,6950.0,7.314
6879,6951.0,8.145
6880,6952.0,8.547
6881,6953.0,6.591
6882,6954.0,7.636
6883,6955.0,7.234
6884,6956.0,7.475
6885,6957.0,7.435
6886,6958.0,7.033
6887,6959.0,5.998
6888,6960.0,5.756
6889,6961.0,6.199
6890,6962.0,6.36
6891,6963.0,7.435
6892,6964.0,6.913
6893,6965.0,7.274
6894,6966.0,7.757
6895,6967.0,6.832
6896,6968.0,6.078
6897,6969.0,7.837
6898,6970.0,6.712
6899,6971.0,8.306
6900,6972.0,7.435
6901,6973.0,6.078
6902,6974.0,5.676
6903,6975.0,6.279
6904,6976.0,6.239
6905,6977.0,6.159
6906,6978.0,7.435
6907,6979.0,8.105
6908,6980.0,7.905
6909,6981.0,7.556
6910,6982.0,6.199
6911,6983.0,7.395
6912,6984.0,7.435
6913,6985.0,6.792
6914,6986.0,7.596
6915,6987.0,6.32
6916,6988.0,5.917
6917,6989.0,6.279
6918,6990.0,6.32
6919,6991.0,6.239
6920,6992.0,7.596
6921,6993.0,8.467
6922,6994.0,8.186
6923,6995.0,7.837
6924,6996.0,6.159
6925,6997.0,6.913
6926,6998.0,7.716
6927,6999.0,6.712
6928,7000.0,7.113
6929,7001.0,6.32
6930,7002.0,5.957
6931,7003.0,5.837
6932,7004.0,6.279
6933,7005.0,6.199
6934,7006.0,9.149
6935,7008.0,8.868
6936,7009.0,9.309
6937,7010.0,9.51
6938,7011.0,6.159
6939,7012.0,7.154
6940,7013.0,7.314
6941,7014.0,7.515
6942,7015.0,6.511
6943,7016.0,6.521
6944,7017.0,6.078
6945,7018.0,5.595
6946,7019.0,6.199
6947,7020.0,6.32
6948,7021.0,7.355
6949,7022.0,6.953
6950,7023.0,7.314
6951,7024.0,7.716
6952,7025.0,6.832
6953,7026.0,6.038
6954,7027.0,7.917
6955,7028.0,6.712
6956,7029.0,8.386
6957,7030.0,7.515
6958,7031.0,6.118
6959,7032.0,5.676
6960,7033.0,6.239
6961,7034.0,6.159
6962,7035.0,6.118
6963,7036.0,7.355
6964,7037.0,8.145
6965,7038.0,7.757
6966,7039.0,7.395
6967,7040.0,6.159
6968,7041.0,7.716
6969,7042.0,7.395
6970,7043.0,7.154
6971,7044.0,7.958
6972,7045.0,6.32
6973,7046.0,5.837
6974,7047.0,6.279
6975,7048.0,6.239
6976,7049.0,6.32
6977,7050.0,7.797
6978,7051.0,8.828
6979,7052.0,8.266
6980,7053.0,8.025
6981,7054.0,6.199
6982,7055.0,6.511
6983,7056.0,7.945
6984,7057.0,6.712
6985,7058.0,6.671
6986,7059.0,6.32
6987,7060.0,5.917
6988,7061.0,6.159
6989,7062.0,6.279
6990,7063.0,6.4
6991,7064.0,8.145
6992,7065.0,9.309
6993,7066.0,8.988
6994,7067.0,8.426
6995,7068.0,6.199
6996,7069.0,6.671
6997,7070.0,8.386
6998,7071.0,7.033
6999,7072.0,6.31
7000,7073.0,6.36
7001,7074.0,5.998
7002,7075.0,5.796
7003,7076.0,6.36
7004,7077.0,6.239
7005,7078.0,9.149
7006,7079.0,8.426
7007,7080.0,9.028
7008,7081.0,9.269
7009,7082.0,6.32
7010,7083.0,7.435
7011,7084.0,6.671
7012,7085.0,8.105
7013,7086.0,6.832
7014,7087.0,6.763
7015,7088.0,6.078
7016,7089.0,5.837
7017,7090.0,6.159
7018,7091.0,6.279
7019,7092.0,8.627
7020,7093.0,7.636
7021,7094.0,8.467
7022,7095.0,8.828
7023,7096.0,6.561
7024,7097.0,8.038
7025,7098.0,7.113
7026,7099.0,7.837
7027,7100.0,7.395
7028,7101.0,6.953
7029,7102.0,6.038
7030,7103.0,5.756
7031,7105.0,6.159
7032,7106.0,6.279
7033,7107.0,7.716
7034,7108.0,6.792
7035,7109.0,7.475
7036,7110.0,8.025
7037,7111.0,6.712
7038,7112.0,6.551
7039,7113.0,7.596
7040,7114.0,6.671
7041,7115.0,8.025
7042,7116.0,7.274
7043,7117.0,6.078
7044,7118.0,5.635
7045,7119.0,6.239
7046,7120.0,6.159
7047,7121.0,6.199
7048,7122.0,7.274
7049,7123.0,7.877
7050,7124.0,7.556
7051,7125.0,7.194
7052,7126.0,6.118
7053,7127.0,7.998
7054,7128.0,7.234
7055,7129.0,7.515
7056,7130.0,8.158
7057,7131.0,6.239
7058,7132.0,5.796
7059,7133.0,6.279
7060,7134.0,6.279
7061,7135.0,6.159
7062,7136.0,7.556
7063,7137.0,8.306
7064,7138.0,8.105
7065,7139.0,7.636
7066,7140.0,6.279
7067,7141.0,7.113
7068,7142.0,7.596
7069,7143.0,6.631
7070,7144.0,7.435
7071,7145.0,6.279
7072,7146.0,5.957
7073,7147.0,6.279
7074,7148.0,6.279
7075,7149.0,6.279
7076,7150.0,7.877
7077,7151.0,8.868
7078,7152.0,8.426
7079,7153.0,8.105
7080,7154.0,6.199
7081,7155.0,6.551
7082,7156.0,8.065
7083,7157.0,6.752
7084,7158.0,6.47
7085,7159.0,6.32
7086,7160.0,5.957
7087,7161.0,5.877
7088,7162.0,6.239
7089,7163.0,6.481
7090,7164.0,8.306
7091,7165.0,9.229
7092,7166.0,9.269
7093,7167.0,8.627
7094,7168.0,6.159
7095,7169.0,6.792
7096,7170.0,8.145
7097,7171.0,7.194
7098,7172.0,6.269
7099,7173.0,6.36
7100,7174.0,5.998
7101,7175.0,5.877
7102,7176.0,6.36
7103,7177.0,6.279
7104,7178.0,9.109
7105,7179.0,8.426
7106,7180.0,8.948
7107,7181.0,9.269
7108,7182.0,6.32
7109,7183.0,7.515
7110,7184.0,6.671
7111,7185.0,8.186
7112,7186.0,6.832
7113,7187.0,6.803
7114,7188.0,6.038
7115,7189.0,5.837
7116,7190.0,6.159
7117,7191.0,6.32
7118,7192.0,8.386
7119,7193.0,7.395
7120,7194.0,8.226
7121,7195.0,8.667
7122,7196.0,6.551
7123,7197.0,7.757
7124,7198.0,7.154
7125,7199.0,7.596
7126,7200.0,7.395
7127,7202.0,7.033
7128,7203.0,5.957
7129,7204.0,5.917
7130,7205.0,6.118
7131,7206.0,6.32
7132,7207.0,7.917
7133,7208.0,6.752
7134,7209.0,7.716
7135,7210.0,8.226
7136,7211.0,6.712
7137,7212.0,6.953
7138,7213.0,7.475
7139,7214.0,6.752
7140,7215.0,7.837
7141,7216.0,7.154
7142,7217.0,6.078
7143,7218.0,5.756
7144,7219.0,6.279
7145,7220.0,6.44
7146,7221.0,6.993
7147,7222.0,7.113
7148,7223.0,7.395
7149,7224.0,7.355
7150,7225.0,6.872
7151,7226.0,5.998
7152,7227.0,8.186
7153,7228.0,6.832
7154,7229.0,8.266
7155,7230.0,7.676
7156,7231.0,6.118
7157,7232.0,5.796
7158,7233.0,6.32
7159,7234.0,6.481
7160,7235.0,6.913
7161,7236.0,7.154
7162,7237.0,7.475
7163,7238.0,7.274
7164,7239.0,6.953
7165,7240.0,6.038
7166,7241.0,8.306
7167,7242.0,6.913
7168,7243.0,8.186
7169,7244.0,7.757
7170,7245.0,6.159
7171,7246.0,5.716
7172,7247.0,6.279
7173,7248.0,6.199
7174,7249.0,6.159
7175,7250.0,7.355
7176,7251.0,8.186
7177,7252.0,7.797
7178,7253.0,7.475
7179,7254.0,6.159
7180,7255.0,7.676
7181,7256.0,7.435
7182,7257.0,7.113
7183,7258.0,7.917
7184,7259.0,6.279
7185,7260.0,5.917
7186,7261.0,6.239
7187,7262.0,6.279
7188,7263.0,6.199
7189,7264.0,7.596
7190,7265.0,8.386
7191,7266.0,8.186
7192,7267.0,7.757
7193,7268.0,6.199
7194,7269.0,6.913
7195,7270.0,7.716
7196,7271.0,6.631
7197,7272.0,7.194
7198,7273.0,6.36
7199,7274.0,5.957
7200,7275.0,5.716
7201,7276.0,6.078
7202,7277.0,6.279
7203,7278.0,8.788
7204,7279.0,7.757
7205,7280.0,8.507
7206,7281.0,8.828
7207,7282.0,6.521
7208,7283.0,8.078
7209,7284.0,6.993
7210,7285.0,7.985
7211,7286.0,7.274
7212,7287.0,6.872
7213,7288.0,5.998
7214,7289.0,5.555
7215,7290.0,6.239
7216,7291.0,6.521
7217,7292.0,6.671
7218,7293.0,7.234
7219,7294.0,7.636
7220,7295.0,7.355
7221,7296.0,7.033
7222,7298.0,6.038
7223,7299.0,8.386
7224,7300.0,6.993
7225,7301.0,7.985
7226,7302.0,7.917
7227,7303.0,6.239
7228,7304.0,5.756
7229,7305.0,6.279
7230,7306.0,6.159
7231,7307.0,6.078
7232,7308.0,7.314
7233,7309.0,8.038
7234,7310.0,7.676
7235,7311.0,7.314
7236,7312.0,6.159
7237,7313.0,7.837
7238,7314.0,7.355
7239,7315.0,7.274
7240,7316.0,8.038
7241,7317.0,6.279
7242,7318.0,5.837
7243,7319.0,6.199
7244,7320.0,6.279
7245,7321.0,6.44
7246,7322.0,8.065
7247,7323.0,9.389
7248,7324.0,8.908
7249,7325.0,8.306
7250,7326.0,6.199
7251,7327.0,6.631
7252,7328.0,8.426
7253,7329.0,6.993
7254,7330.0,6.31
7255,7331.0,6.36
7256,7332.0,5.998
7257,7333.0,5.837
7258,7334.0,6.44
7259,7335.0,6.199
7260,7336.0,9.189
7261,7337.0,8.868
7262,7338.0,9.349
7263,7339.0,9.51
7264,7340.0,6.199
7265,7341.0,7.154
7266,7342.0,7.314
7267,7343.0,7.556
7268,7344.0,6.551
7269,7345.0,6.521
7270,7346.0,6.078
7271,7347.0,5.756
7272,7348.0,6.239
7273,7349.0,6.279
7274,7350.0,8.226
7275,7351.0,7.033
7276,7352.0,8.078
7277,7353.0,8.426
7278,7354.0,6.631
7279,7355.0,7.355
7280,7356.0,7.355
7281,7357.0,7.154
7282,7358.0,7.596
7283,7359.0,7.113
7284,7360.0,5.998
7285,7361.0,5.877
7286,7362.0,6.239
7287,7363.0,6.279
7288,7364.0,7.998
7289,7365.0,6.752
7290,7366.0,7.757
7291,7367.0,8.226
7292,7368.0,6.671
7293,7369.0,7.033
7294,7370.0,7.395
7295,7371.0,6.832
7296,7372.0,7.757
7297,7373.0,7.194
7298,7374.0,6.038
7299,7375.0,5.796
7300,7376.0,6.239
7301,7377.0,6.4
7302,7378.0,7.073
7303,7379.0,7.073
7304,7380.0,7.355
7305,7381.0,7.475
7306,7382.0,6.832
7307,7383.0,6.038
7308,7384.0,8.105
7309,7385.0,6.872
7310,7386.0,8.306
7311,7387.0,7.676
7312,7388.0,6.118
7313,7389.0,5.716
7314,7390.0,6.239
7315,7391.0,6.279
7316,7392.0,6.32
7317,7393.0,8.038
7318,7395.0,9.229
7319,7396.0,8.707
7320,7397.0,8.145
7321,7398.0,6.199
7322,7399.0,6.591
7323,7400.0,8.346
7324,7401.0,6.913
7325,7402.0,6.31
7326,7403.0,6.36
7327,7404.0,5.998
7328,7405.0,5.756
7329,7406.0,6.118
7330,7407.0,6.279
7331,7408.0,8.467
7332,7409.0,7.435
7333,7410.0,8.266
7334,7411.0,8.667
7335,7412.0,6.561
7336,7413.0,7.797
7337,7414.0,7.154
7338,7415.0,7.636
7339,7416.0,7.355
7340,7417.0,6.993
7341,7418.0,5.998
7342,7419.0,5.595
7343,7420.0,6.32
7344,7421.0,6.521
7345,7422.0,6.792
7346,7423.0,7.194
7347,7424.0,7.515
7348,7425.0,7.355
7349,7426.0,6.953
7350,7427.0,5.998
7351,7428.0,8.346
7352,7429.0,6.953
7353,7430.0,8.065
7354,7431.0,7.877
7355,7432.0,6.159
7356,7433.0,5.796
7357,7434.0,6.239
7358,7435.0,6.279
7359,7436.0,6.159
7360,7437.0,7.596
7361,7438.0,8.386
7362,7439.0,8.145
7363,7440.0,7.837
7364,7441.0,6.199
7365,7442.0,6.511
7366,7443.0,7.945
7367,7444.0,6.712
7368,7445.0,6.551
7369,7446.0,6.32
7370,7447.0,5.998
7371,7448.0,5.837
7372,7449.0,6.32
7373,7450.0,6.239
7374,7451.0,9.309
7375,7452.0,8.587
7376,7453.0,9.149
7377,7454.0,9.309
7378,7455.0,6.32
7379,7456.0,7.435
7380,7457.0,6.671
7381,7458.0,8.145
7382,7459.0,6.832
7383,7460.0,6.752
7384,7461.0,5.998
7385,7462.0,5.796
7386,7463.0,6.199
7387,7464.0,6.32
7388,7465.0,7.837
7389,7466.0,6.792
7390,7467.0,7.515
7391,7468.0,7.958
7392,7469.0,6.712
7393,7470.0,6.32
7394,7471.0,7.757
7395,7472.0,6.712
7396,7473.0,8.306
7397,7474.0,7.556
7398,7475.0,6.078
7399,7476.0,5.716
7400,7477.0,6.239
7401,7478.0,6.279
7402,7479.0,6.239
7403,7480.0,7.757
7404,7481.0,8.707
7405,7482.0,8.346
7406,7483.0,8.105
7407,7484.0,6.199
7408,7485.0,6.551
7409,7486.0,8.065
7410,7487.0,6.792
7411,7488.0,6.511
7412,7489.0,6.32
7413,7491.0,5.957
7414,7492.0,5.837
7415,7493.0,6.32
7416,7494.0,6.159
7417,7495.0,8.868
7418,7496.0,9.028
7419,7497.0,9.43
7420,7498.0,9.189
7421,7499.0,6.199
7422,7500.0,6.993
7423,7501.0,7.676
7424,7502.0,7.355
7425,7503.0,6.47
7426,7504.0,6.44
7427,7505.0,6.078
7428,7506.0,5.837
7429,7507.0,6.44
7430,7508.0,6.279
7431,7509.0,8.908
7432,7510.0,8.158
7433,7511.0,8.788
7434,7512.0,9.068
7435,7513.0,6.44
7436,7514.0,7.757
7437,7515.0,6.752
7438,7516.0,8.386
7439,7517.0,6.993
7440,7518.0,6.792
7441,7519.0,5.998
7442,7520.0,5.796
7443,7521.0,6.199
7444,7522.0,6.279
7445,7523.0,8.239
7446,7524.0,7.113
7447,7525.0,7.998
7448,7526.0,8.467
7449,7527.0,6.591
7450,7528.0,7.435
7451,7529.0,7.314
7452,7530.0,7.274
7453,7531.0,7.556
7454,7532.0,7.073
7455,7533.0,5.998
7456,7534.0,5.756
7457,7535.0,6.199
7458,7536.0,6.4
7459,7537.0,7.113
7460,7538.0,7.073
7461,7539.0,7.314
7462,7540.0,7.515
7463,7541.0,6.792
7464,7542.0,6.038
7465,7543.0,8.065
7466,7544.0,6.832
7467,7545.0,8.346
7468,7546.0,7.636
7469,7547.0,6.078
7470,7548.0,5.756
7471,7549.0,6.239
7472,7550.0,6.32
7473,7551.0,6.199
7474,7552.0,7.636
7475,7553.0,8.386
7476,7554.0,8.226
7477,7555.0,7.757
7478,7556.0,6.239
7479,7557.0,6.953
7480,7558.0,7.676
7481,7559.0,6.671
7482,7560.0,7.234
7483,7561.0,6.32
7484,7562.0,5.917
7485,7563.0,5.877
7486,7564.0,6.239
7487,7565.0,6.481
7488,7566.0,8.386
7489,7567.0,9.229
7490,7568.0,9.349
7491,7569.0,8.707
7492,7570.0,6.159
7493,7571.0,6.792
7494,7572.0,8.065
7495,7573.0,7.194
7496,7574.0,6.269
7497,7575.0,6.4
7498,7576.0,5.998
7499,7577.0,5.837
7500,7578.0,6.279
7501,7579.0,6.32
7502,7580.0,9.269
7503,7581.0,8.627
7504,7582.0,9.109
7505,7583.0,9.389
7506,7584.0,6.239
7507,7585.0,7.314
7508,7586.0,6.631
7509,7588.0,7.877
7510,7589.0,6.671
7511,7590.0,6.682
7512,7591.0,6.038
7513,7592.0,5.837
7514,7593.0,6.078
7515,7594.0,6.32
7516,7595.0,8.627
7517,7596.0,7.797
7518,7597.0,8.507
7519,7598.0,8.868
7520,7599.0,6.481
7521,7600.0,8.158
7522,7601.0,6.953
7523,7602.0,8.038
7524,7603.0,7.234
7525,7604.0,6.953
7526,7605.0,5.957
7527,7606.0,5.796
7528,7607.0,6.118
7529,7608.0,6.32
7530,7609.0,7.676
7531,7610.0,6.792
7532,7611.0,7.435
7533,7612.0,7.998
7534,7613.0,6.752
7535,7614.0,6.481
7536,7615.0,7.636
7537,7616.0,6.671
7538,7617.0,8.065
7539,7618.0,7.314
7540,7619.0,6.118
7541,7620.0,5.635
7542,7621.0,6.239
7543,7622.0,6.118
7544,7623.0,6.199
7545,7624.0,7.234
7546,7625.0,7.837
7547,7626.0,7.475
7548,7627.0,7.194
7549,7628.0,6.078
7550,7629.0,8.038
7551,7630.0,7.194
7552,7631.0,7.556
7553,7632.0,8.118
7554,7633.0,6.239
7555,7634.0,5.756
7556,7635.0,6.239
7557,7636.0,6.239
7558,7637.0,6.279
7559,7638.0,7.716
7560,7639.0,8.707
7561,7640.0,8.186
7562,7641.0,7.985
7563,7642.0,6.159
7564,7643.0,6.561
7565,7644.0,7.917
7566,7645.0,6.752
7567,7646.0,6.752
7568,7647.0,6.36
7569,7648.0,5.957
7570,7649.0,5.877
7571,7650.0,6.279
7572,7651.0,6.521
7573,7652.0,8.426
7574,7653.0,9.229
7575,7654.0,9.389
7576,7655.0,8.828
7577,7656.0,6.159
7578,7657.0,6.872
7579,7658.0,8.038
7580,7659.0,7.274
7581,7660.0,6.31
7582,7661.0,6.4
7583,7662.0,6.038
7584,7663.0,5.837
7585,7664.0,6.279
7586,7665.0,6.279
7587,7666.0,9.229
7588,7667.0,8.587
7589,7668.0,9.149
7590,7669.0,9.349
7591,7670.0,6.279
7592,7671.0,7.314
7593,7672.0,6.631
7594,7673.0,7.905
7595,7674.0,6.712
7596,7675.0,6.671
7597,7676.0,6.038
7598,7677.0,5.796
7599,7678.0,6.118
7600,7679.0,6.279
7601,7680.0,8.667
7602,7681.0,7.716
7603,7682.0,8.467
7604,7683.0,8.828
7605,7685.0,6.521
7606,7686.0,8.078
7607,7687.0,6.993
7608,7688.0,7.958
7609,7689.0,7.274
7610,7690.0,6.872
7611,7691.0,5.998
7612,7692.0,5.796
7613,7693.0,6.159
7614,7694.0,6.32
7615,7695.0,7.958
7616,7696.0,6.792
7617,7697.0,7.716
7618,7698.0,8.186
7619,7699.0,6.712
7620,7700.0,6.872
7621,7701.0,7.515
7622,7702.0,6.671
7623,7703.0,7.865
7624,7704.0,7.154
7625,7705.0,6.118
7626,7706.0,5.676
7627,7707.0,6.32
7628,7708.0,6.44
7629,7709.0,6.913
7630,7710.0,7.154
7631,7711.0,7.515
7632,7712.0,7.274
7633,7713.0,6.993
7634,7714.0,5.998
7635,7715.0,8.306
7636,7716.0,6.913
7637,7717.0,8.145
7638,7718.0,7.797
7639,7719.0,6.118
7640,7720.0,5.716
7641,7721.0,5.837
7642,7722.0,6.279
7643,7723.0,6.481
7644,7724.0,8.467
7645,7725.0,9.189
7646,7726.0,9.43
7647,7727.0,8.788
7648,7728.0,6.159
7649,7729.0,6.832
7650,7730.0,7.998
7651,7731.0,7.234
7652,7732.0,6.31
7653,7733.0,6.4
7654,7734.0,6.038
7655,7735.0,5.756
7656,7736.0,6.118
7657,7737.0,6.279
7658,7738.0,8.507
7659,7739.0,7.475
7660,7740.0,8.306
7661,7741.0,8.707
7662,7742.0,6.561
7663,7743.0,7.837
7664,7744.0,7.113
7665,7745.0,7.676
7666,7746.0,7.435
7667,7747.0,6.953
7668,7748.0,5.998
7669,7749.0,5.796
7670,7750.0,6.199
7671,7751.0,6.239
7672,7752.0,7.716
7673,7753.0,6.792
7674,7754.0,7.475
7675,7755.0,7.998
7676,7756.0,6.792
7677,7757.0,6.481
7678,7758.0,7.676
7679,7759.0,6.631
7680,7760.0,8.105
7681,7761.0,7.314
7682,7762.0,6.118
7683,7763.0,5.635
7684,7764.0,6.279
7685,7765.0,6.36
7686,7766.0,6.551
7687,7767.0,7.314
7688,7768.0,7.636
7689,7769.0,7.395
7690,7770.0,7.033
7691,7771.0,6.038
7692,7772.0,8.306
7693,7773.0,7.033
7694,7774.0,7.877
7695,7775.0,7.958
7696,7776.0,6.159
7697,7777.0,5.756
7698,7778.0,6.239
7699,7779.0,6.279
7700,7781.0,6.159
7701,7782.0,7.556
7702,7783.0,8.266
7703,7784.0,8.105
7704,7785.0,7.676
7705,7786.0,6.279
7706,7787.0,7.073
7707,7788.0,7.596
7708,7789.0,6.631
7709,7790.0,7.355
7710,7791.0,6.32
7711,7792.0,5.917
7712,7793.0,6.279
7713,7794.0,6.32
7714,7795.0,6.44
7715,7796.0,8.118
7716,7797.0,9.349
7717,7798.0,8.908
7718,7799.0,8.346
7719,7800.0,6.199
7720,7801.0,6.671
7721,7802.0,8.426
7722,7803.0,6.993
7723,7804.0,6.31
7724,7805.0,6.36
7725,7806.0,5.998
7726,7807.0,5.796
7727,7808.0,6.32
7728,7809.0,6.279
7729,7810.0,9.269
7730,7811.0,8.587
7731,7812.0,9.149
7732,7813.0,9.309
7733,7814.0,6.32
7734,7815.0,7.314
7735,7816.0,6.671
7736,7817.0,7.917
7737,7818.0,6.752
7738,7819.0,6.682
7739,7820.0,6.078
7740,7821.0,5.756
7741,7822.0,6.199
7742,7823.0,6.279
7743,7824.0,8.239
7744,7825.0,7.113
7745,7826.0,8.038
7746,7827.0,8.467
7747,7828.0,6.591
7748,7829.0,7.435
7749,7830.0,7.314
7750,7831.0,7.274
7751,7832.0,7.515
7752,7833.0,7.073
7753,7834.0,5.998
7754,7835.0,5.716
7755,7836.0,6.239
7756,7837.0,6.4
7757,7838.0,7.073
7758,7839.0,7.073
7759,7840.0,7.355
7760,7841.0,7.435
7761,7842.0,6.792
7762,7843.0,6.038
7763,7844.0,8.065
7764,7845.0,6.832
7765,7846.0,8.306
7766,7847.0,7.676
7767,7848.0,6.159
7768,7849.0,5.716
7769,7850.0,6.239
7770,7851.0,6.199
7771,7852.0,6.078
7772,7853.0,7.355
7773,7854.0,8.038
7774,7855.0,7.716
7775,7856.0,7.314
7776,7857.0,6.159
7777,7858.0,7.757
7778,7859.0,7.395
7779,7860.0,7.234
7780,7861.0,8.025
7781,7862.0,6.279
7782,7863.0,5.877
7783,7864.0,6.239
7784,7865.0,6.32
7785,7866.0,6.279
7786,7867.0,7.917
7787,7868.0,8.908
7788,7869.0,8.467
7789,7870.0,8.145
7790,7871.0,6.239
7791,7872.0,6.551
7792,7873.0,8.105
7793,7874.0,6.792
7794,7875.0,6.47
7795,7876.0,6.32
7796,7877.0,5.917
7797,7879.0,5.877
7798,7880.0,6.279
7799,7881.0,6.159
7800,7882.0,8.868
7801,7883.0,9.028
7802,7884.0,9.389
7803,7885.0,9.229
7804,7886.0,6.159
7805,7887.0,7.033
7806,7888.0,7.556
7807,7889.0,7.355
7808,7890.0,6.39
7809,7891.0,6.481
7810,7892.0,6.038
7811,7893.0,5.837
7812,7894.0,6.078
7813,7895.0,6.279
7814,7896.0,8.747
7815,7897.0,7.877
7816,7898.0,8.547
7817,7899.0,8.948
7818,7900.0,6.481
7819,7901.0,8.038
7820,7902.0,6.872
7821,7903.0,8.145
7822,7904.0,7.154
7823,7905.0,6.872
7824,7906.0,5.957
7825,7907.0,5.796
7826,7908.0,6.159
7827,7909.0,6.32
7828,7910.0,7.475
7829,7911.0,6.913
7830,7912.0,7.234
7831,7913.0,7.877
7832,7914.0,6.792
7833,7915.0,6.239
7834,7916.0,7.757
7835,7917.0,6.752
7836,7918.0,8.226
7837,7919.0,7.435
7838,7920.0,6.118
7839,7921.0,5.716
7840,7922.0,6.239
7841,7923.0,6.199
7842,7924.0,6.118
7843,7925.0,7.355
7844,7926.0,7.958
7845,7927.0,7.596
7846,7928.0,7.274
7847,7929.0,6.118
7848,7930.0,7.917
7849,7931.0,7.274
7850,7932.0,7.395
7851,7933.0,8.065
7852,7934.0,6.279
7853,7935.0,5.796
7854,7936.0,6.239
7855,7937.0,6.239
7856,7938.0,6.279
7857,7939.0,7.837
7858,7940.0,8.908
7859,7941.0,8.386
7860,7942.0,8.105
7861,7943.0,6.199
7862,7944.0,6.551
7863,7945.0,8.025
7864,7946.0,6.792
7865,7947.0,6.511
7866,7948.0,6.32
7867,7949.0,5.917
7868,7950.0,5.917
7869,7951.0,6.279
7870,7952.0,6.36
7871,7953.0,8.507
7872,7954.0,9.189
7873,7955.0,9.51
7874,7956.0,8.868
7875,7957.0,6.159
7876,7958.0,6.872
7877,7959.0,7.917
7878,7960.0,7.314
7879,7961.0,6.31
7880,7962.0,6.4
7881,7963.0,6.038
7882,7964.0,5.837
7883,7965.0,6.32
7884,7966.0,6.32
7885,7967.0,9.189
7886,7968.0,8.587
7887,7969.0,9.068
7888,7970.0,9.349
7889,7971.0,6.279
7890,7972.0,7.435
7891,7973.0,6.631
7892,7975.0,8.038
7893,7976.0,6.752
7894,7977.0,6.763
7895,7978.0,6.038
7896,7979.0,5.837
7897,7980.0,6.118
7898,7981.0,6.279
7899,7982.0,8.587
7900,7983.0,7.636
7901,7984.0,8.386
7902,7985.0,8.747
7903,7986.0,6.521
7904,7987.0,7.998
7905,7988.0,7.033
7906,7989.0,7.837
7907,7990.0,7.355
7908,7991.0,6.953
7909,7992.0,5.957
7910,7993.0,5.756
7911,7994.0,6.159
7912,7995.0,6.279
7913,7996.0,7.676
7914,7997.0,6.792
7915,7998.0,7.435
7916,7999.0,7.958
7917,8000.0,6.752
7918,8001.0,6.481
7919,8002.0,7.676
7920,8003.0,6.671
7921,8004.0,8.105
7922,8005.0,7.314
7923,8006.0,6.118
7924,8007.0,5.635
7925,8008.0,6.239
7926,8009.0,6.159
7927,8010.0,6.159
7928,8011.0,7.274
7929,8012.0,7.945
7930,8013.0,7.596
7931,8014.0,7.314
7932,8015.0,6.159
7933,8016.0,7.917
7934,8017.0,7.274
7935,8018.0,7.355
7936,8019.0,8.065
7937,8020.0,6.32
7938,8021.0,5.837
7939,8022.0,5.877
7940,8023.0,6.239
7941,8024.0,6.521
7942,8025.0,8.306
7943,8026.0,9.309
7944,8027.0,9.269
7945,8028.0,8.707
7946,8029.0,6.159
7947,8030.0,6.752
7948,8031.0,8.145
7949,8032.0,7.154
7950,8033.0,6.269
7951,8034.0,6.36
7952,8035.0,5.998
7953,8036.0,5.796
7954,8037.0,6.32
7955,8038.0,6.32
7956,8039.0,9.189
7957,8040.0,8.507
7958,8041.0,9.028
7959,8042.0,9.309
7960,8043.0,6.32
7961,8044.0,7.395
7962,8045.0,6.671
7963,8046.0,8.025
7964,8047.0,6.752
7965,8048.0,6.712
7966,8049.0,6.038
7967,8050.0,5.716
7968,8051.0,6.239
7969,8052.0,6.32
7970,8053.0,8.078
7971,8054.0,6.832
7972,8055.0,7.877
7973,8056.0,8.306
7974,8057.0,6.671
7975,8058.0,7.113
7976,8059.0,7.395
7977,8060.0,6.913
7978,8061.0,8.426
7979,8062.0,7.194
7980,8063.0,6.118
7981,8064.0,5.635
7982,8065.0,5.877
7983,8066.0,6.279
7984,8067.0,6.32
7985,8068.0,9.229
7986,8069.0,8.667
7987,8070.0,9.109
7988,8072.0,9.43
7989,8073.0,6.239
7990,8074.0,7.355
7991,8075.0,6.631
7992,8076.0,7.945
7993,8077.0,6.671
7994,8078.0,6.671
7995,8079.0,6.038
7996,8080.0,5.796
7997,8081.0,6.118
7998,8082.0,6.279
7999,8083.0,8.507
8000,8084.0,7.515
8001,8085.0,8.346
8002,8086.0,8.707
8003,8087.0,6.561
8004,8088.0,7.917
8005,8089.0,7.113
8006,8090.0,7.757
8007,8091.0,7.395
8008,8092.0,6.953
8009,8093.0,5.957
8010,8094.0,5.756
8011,8095.0,6.159
8012,8096.0,6.279
8013,8097.0,7.636
8014,8098.0,6.832
8015,8099.0,7.395
8016,8100.0,7.958
8017,8101.0,6.752
8018,8102.0,6.4
8019,8103.0,7.716
8020,8104.0,6.671
8021,8105.0,8.145
8022,8106.0,7.355
8023,8107.0,6.118
8024,8108.0,5.837
8025,8109.0,6.239
8026,8110.0,6.36
8027,8111.0,7.194
8028,8112.0,7.033
8029,8113.0,7.355
8030,8114.0,7.515
8031,8115.0,6.832
8032,8116.0,6.038
8033,8117.0,8.065
8034,8118.0,6.792
8035,8119.0,8.386
8036,8120.0,7.596
8037,8121.0,6.159
8038,8122.0,5.676
8039,8123.0,6.279
8040,8124.0,6.159
8041,8125.0,6.118
8042,8126.0,7.274
8043,8127.0,7.958
8044,8128.0,7.636
8045,8129.0,7.274
8046,8130.0,6.159
8047,8131.0,7.837
8048,8132.0,7.314
8049,8133.0,7.274
8050,8134.0,8.025
8051,8135.0,6.279
8052,8136.0,5.837
8053,8137.0,6.239
8054,8138.0,6.239
8055,8139.0,6.279
8056,8140.0,7.877
8057,8141.0,8.908
8058,8142.0,8.426
8059,8143.0,8.145
8060,8144.0,6.199
8061,8145.0,6.551
8062,8146.0,8.105
8063,8147.0,6.792
8064,8148.0,6.43
8065,8149.0,6.32
8066,8150.0,5.957
8067,8151.0,5.837
8068,8152.0,6.279
8069,8153.0,6.239
8070,8154.0,8.627
8071,8155.0,9.109
8072,8156.0,9.51
8073,8157.0,8.948
8074,8158.0,6.199
8075,8159.0,6.872
8076,8160.0,7.877
8077,8161.0,7.314
8078,8162.0,6.39
8079,8163.0,6.4
8080,8164.0,6.078
8081,8165.0,5.837
8082,8166.0,6.521
8083,8167.0,6.279
8084,8169.0,8.948
8085,8170.0,8.078
8086,8171.0,8.828
8087,8172.0,9.068
8088,8173.0,6.481
8089,8174.0,7.837
8090,8175.0,6.792
8091,8176.0,8.386
8092,8177.0,7.033
8093,8178.0,6.792
8094,8179.0,5.998
8095,8180.0,5.796
8096,8181.0,6.239
8097,8182.0,6.32
8098,8183.0,8.078
8099,8184.0,6.872
8100,8185.0,7.917
8101,8186.0,8.346
8102,8187.0,6.631
8103,8188.0,7.194
8104,8189.0,7.314
8105,8190.0,6.993
8106,8191.0,7.676
8107,8192.0,7.113
8108,8193.0,6.038
8109,8194.0,5.676
8110,8195.0,6.239
8111,8196.0,6.44
8112,8197.0,6.872
8113,8198.0,7.194
8114,8199.0,7.475
8115,8200.0,7.274
8116,8201.0,6.913
8117,8202.0,6.038
8118,8203.0,8.266
8119,8204.0,6.953
8120,8205.0,8.105
8121,8206.0,7.837
8122,8207.0,6.159
8123,8208.0,5.756
8124,8209.0,6.239
8125,8210.0,6.239
8126,8211.0,6.118
8127,8212.0,7.435
8128,8213.0,8.065
8129,8214.0,7.877
8130,8215.0,7.435
8131,8216.0,6.239
8132,8217.0,7.556
8133,8218.0,7.395
8134,8219.0,6.953
8135,8220.0,7.824
8136,8221.0,6.279
8137,8222.0,5.877
8138,8223.0,6.239
8139,8224.0,6.239
8140,8225.0,6.32
8141,8226.0,7.905
8142,8227.0,9.109
8143,8228.0,8.587
8144,8229.0,8.105
8145,8230.0,6.159
8146,8231.0,6.591
8147,8232.0,8.226
8148,8233.0,6.872
8149,8234.0,6.269
8150,8235.0,6.36
8151,8236.0,5.957
8152,8237.0,5.837
8153,8238.0,6.239
8154,8239.0,6.239
8155,8240.0,9.309
8156,8241.0,8.747
8157,8242.0,9.229
8158,8243.0,9.47
8159,8244.0,6.199
8160,8245.0,7.154
8161,8246.0,6.953
8162,8247.0,7.716
8163,8248.0,6.591
8164,8249.0,6.601
8165,8250.0,6.038
8166,8251.0,5.837
8167,8252.0,6.118
8168,8253.0,6.279
8169,8254.0,8.547
8170,8255.0,7.596
8171,8256.0,8.346
8172,8257.0,8.747
8173,8258.0,6.521
8174,8259.0,7.958
8175,8260.0,7.073
8176,8261.0,7.797
8177,8262.0,7.355
8178,8263.0,6.953
8179,8264.0,5.957
8180,8266.0,5.837
8181,8267.0,6.199
8182,8268.0,6.4
8183,8269.0,7.395
8184,8270.0,6.993
8185,8271.0,7.274
8186,8272.0,7.716
8187,8273.0,6.792
8188,8274.0,6.038
8189,8275.0,7.877
8190,8276.0,6.712
8191,8277.0,8.346
8192,8278.0,7.475
8193,8279.0,6.078
8194,8280.0,5.676
8195,8281.0,6.239
8196,8282.0,6.159
8197,8283.0,6.078
8198,8284.0,7.314
8199,8285.0,8.065
8200,8286.0,7.676
8201,8287.0,7.355
8202,8288.0,6.159
8203,8289.0,7.716
8204,8290.0,7.355
8205,8291.0,7.194
8206,8292.0,7.945
8207,8293.0,6.279
8208,8294.0,5.837
8209,8295.0,6.239
8210,8296.0,6.239
8211,8297.0,6.32
8212,8298.0,7.837
8213,8299.0,8.908
8214,8300.0,8.426
8215,8301.0,8.145
8216,8302.0,6.199
8217,8303.0,6.631
8218,8304.0,8.065
8219,8305.0,6.832
8220,8306.0,6.43
8221,8307.0,6.36
8222,8308.0,5.957
8223,8309.0,5.877
8224,8310.0,6.279
8225,8311.0,6.159
8226,8312.0,8.788
8227,8313.0,9.109
8228,8314.0,9.43
8229,8315.0,9.189
8230,8316.0,6.159
8231,8317.0,7.033
8232,8318.0,7.636
8233,8319.0,7.355
8234,8320.0,6.39
8235,8321.0,6.43
8236,8322.0,6.038
8237,8323.0,5.837
8238,8324.0,6.36
8239,8325.0,6.239
8240,8326.0,9.109
8241,8327.0,8.386
8242,8328.0,8.948
8243,8329.0,9.229
8244,8330.0,6.36
8245,8331.0,7.556
8246,8332.0,6.671
8247,8333.0,8.186
8248,8334.0,6.872
8249,8335.0,6.712
8250,8336.0,6.038
8251,8337.0,5.796
8252,8338.0,6.159
8253,8339.0,6.279
8254,8340.0,8.507
8255,8341.0,7.475
8256,8342.0,8.306
8257,8343.0,8.707
8258,8344.0,6.551
8259,8345.0,7.837
8260,8346.0,7.113
8261,8347.0,7.676
8262,8348.0,7.395
8263,8349.0,6.953
8264,8350.0,5.998
8265,8351.0,5.756
8266,8352.0,6.199
8267,8353.0,6.32
8268,8354.0,7.475
8269,8355.0,6.913
8270,8356.0,7.274
8271,8357.0,7.797
8272,8358.0,6.832
8273,8359.0,6.118
8274,8360.0,7.877
8275,8362.0,6.712
8276,8363.0,8.346
8277,8364.0,7.435
8278,8365.0,6.118
8279,8366.0,5.676
8280,8367.0,6.239
8281,8368.0,6.159
8282,8369.0,6.078
8283,8370.0,7.314
8284,8371.0,7.958
8285,8372.0,7.636
8286,8373.0,7.274
8287,8374.0,6.118
8288,8375.0,7.877
8289,8376.0,7.314
8290,8377.0,7.314
8291,8378.0,8.038
8292,8379.0,6.239
8293,8380.0,5.796
8294,8381.0,6.239
8295,8382.0,6.239
8296,8383.0,6.279
8297,8384.0,7.877
8298,8385.0,8.948
8299,8386.0,8.467
8300,8387.0,8.186
8301,8388.0,6.199
8302,8389.0,6.591
8303,8390.0,8.145
8304,8391.0,6.792
8305,8392.0,6.4
8306,8393.0,6.32
8307,8394.0,5.957
8308,8395.0,5.877
8309,8396.0,6.279
8310,8397.0,6.159
8311,8398.0,8.868
8312,8399.0,8.988
8313,8400.0,9.47
8314,8401.0,9.269
8315,8402.0,6.199
8316,8403.0,6.993
8317,8404.0,7.596
8318,8405.0,7.395
8319,8406.0,6.47
8320,8407.0,6.481
8321,8408.0,6.118
8322,8409.0,5.837
8323,8410.0,6.481
8324,8411.0,6.239
8325,8412.0,9.068
8326,8413.0,8.266
8327,8414.0,8.908
8328,8415.0,9.149
8329,8416.0,6.44
8330,8417.0,7.676
8331,8418.0,6.671
8332,8419.0,8.386
8333,8420.0,6.953
8334,8421.0,6.792
8335,8422.0,5.998
8336,8423.0,5.796
8337,8424.0,6.199
8338,8425.0,6.32
8339,8426.0,8.239
8340,8427.0,7.073
8341,8428.0,8.038
8342,8429.0,8.467
8343,8430.0,6.631
8344,8431.0,7.395
8345,8432.0,7.314
8346,8433.0,7.194
8347,8434.0,7.556
8348,8435.0,7.073
8349,8436.0,5.998
8350,8437.0,5.635
8351,8438.0,6.239
8352,8439.0,6.159
8353,8440.0,6.199
8354,8441.0,7.234
8355,8442.0,7.837
8356,8443.0,7.515
8357,8444.0,7.154
8358,8445.0,6.159
8359,8446.0,8.038
8360,8447.0,7.194
8361,8448.0,7.556
8362,8449.0,8.145
8363,8450.0,6.239
8364,8451.0,5.837
8365,8452.0,6.239
8366,8453.0,6.279
8367,8454.0,6.32
8368,8455.0,7.917
8369,8456.0,8.988
8370,8457.0,8.507
8371,8458.0,8.186
8372,8460.0,6.239
8373,8461.0,6.551
8374,8462.0,8.186
8375,8463.0,6.792
8376,8464.0,6.4
8377,8465.0,6.32
8378,8466.0,5.998
8379,8467.0,5.837
8380,8468.0,6.279
8381,8469.0,6.159
8382,8470.0,8.948
8383,8471.0,8.988
8384,8472.0,9.349
8385,8473.0,9.349
8386,8474.0,6.118
8387,8475.0,7.073
8388,8476.0,7.475
8389,8477.0,7.395
8390,8478.0,6.43
8391,8479.0,6.521
8392,8480.0,6.038
8393,8481.0,5.837
8394,8482.0,6.159
8395,8483.0,6.279
8396,8484.0,8.788
8397,8485.0,7.958
8398,8486.0,8.627
8399,8487.0,8.988
8400,8488.0,6.481
8401,8489.0,7.958
8402,8490.0,6.872
8403,8491.0,8.226
8404,8492.0,7.113
8405,8493.0,6.872
8406,8494.0,5.957
8407,8495.0,5.716
8408,8496.0,6.159
8409,8497.0,6.32
8410,8498.0,7.515
8411,8499.0,6.913
8412,8500.0,7.234
8413,8501.0,7.837
8414,8502.0,6.752
8415,8503.0,6.239
8416,8504.0,7.757
8417,8505.0,6.712
8418,8506.0,8.226
8419,8507.0,7.435
8420,8508.0,6.118
8421,8509.0,5.716
8422,8510.0,6.199
8423,8511.0,6.199
8424,8512.0,6.078
8425,8513.0,7.355
8426,8514.0,8.065
8427,8515.0,7.797
8428,8516.0,7.314
8429,8517.0,6.159
8430,8518.0,7.757
8431,8519.0,7.355
8432,8520.0,7.194
8433,8521.0,7.958
8434,8522.0,6.279
8435,8523.0,5.796
8436,8524.0,6.239
8437,8525.0,6.239
8438,8526.0,6.32
8439,8527.0,7.958
8440,8528.0,9.149
8441,8529.0,8.627
8442,8530.0,8.105
8443,8531.0,6.159
8444,8532.0,6.591
8445,8533.0,8.266
8446,8534.0,6.872
8447,8535.0,6.279
8448,8536.0,6.36
8449,8537.0,5.957
8450,8538.0,5.877
8451,8539.0,6.279
8452,8540.0,6.199
8453,8541.0,9.109
8454,8542.0,8.868
8455,8543.0,9.309
8456,8544.0,9.51
8457,8545.0,6.118
8458,8546.0,7.154
8459,8547.0,7.355
8460,8548.0,7.556
8461,8549.0,6.511
8462,8550.0,6.561
8463,8551.0,6.038
8464,8552.0,5.877
8465,8553.0,6.44
8466,8554.0,6.36
8467,8555.0,8.988
8468,8557.0,8.266
8469,8558.0,8.828
8470,8559.0,9.149
8471,8560.0,6.4
8472,8561.0,7.757
8473,8562.0,6.712
8474,8563.0,8.467
8475,8564.0,6.953
8476,8565.0,6.843
8477,8566.0,5.998
8478,8567.0,5.796
8479,8568.0,6.159
8480,8569.0,6.32
8481,8570.0,8.279
8482,8571.0,7.154
8483,8572.0,8.078
8484,8573.0,8.507
8485,8574.0,6.642
8486,8575.0,7.515
8487,8576.0,7.274
8488,8577.0,7.314
8489,8578.0,7.515
8490,8579.0,7.033
8491,8580.0,5.998
8492,8581.0,5.756
8493,8582.0,6.199
8494,8583.0,6.32
8495,8584.0,7.314
8496,8585.0,6.953
8497,8586.0,7.314
8498,8587.0,7.636
8499,8588.0,6.832
8500,8589.0,6.038
8501,8590.0,7.958
8502,8591.0,6.712
8503,8592.0,8.426
8504,8593.0,7.515
8505,8594.0,6.118
8506,8595.0,5.676
8507,8596.0,6.239
8508,8597.0,6.159
8509,8598.0,6.118
8510,8599.0,7.274
8511,8600.0,7.958
8512,8601.0,7.596
8513,8602.0,7.274
8514,8603.0,6.118
8515,8604.0,7.877
8516,8605.0,7.274
8517,8606.0,7.355
8518,8607.0,8.078
8519,8608.0,6.279
8520,8609.0,5.796
8521,8610.0,6.32
8522,8611.0,6.239
8523,8612.0,6.32
8524,8613.0,7.757
8525,8614.0,8.828
8526,8615.0,8.266
8527,8616.0,8.065
8528,8617.0,6.159
8529,8618.0,6.551
8530,8619.0,7.998
8531,8620.0,6.712
8532,8621.0,6.631
8533,8622.0,6.32
8534,8623.0,5.917
8535,8624.0,5.837
8536,8625.0,6.279
8537,8626.0,6.159
8538,8627.0,8.627
8539,8628.0,9.109
8540,8629.0,9.47
8541,8630.0,8.948
8542,8631.0,6.159
8543,8632.0,6.872
8544,8633.0,7.837
8545,8634.0,7.355
8546,8635.0,6.35
8547,8636.0,6.4
8548,8637.0,6.038
8549,8638.0,5.837
8550,8639.0,6.4
8551,8640.0,6.239
8552,8641.0,9.068
8553,8642.0,8.319
8554,8643.0,8.908
8555,8644.0,9.189
8556,8645.0,6.4
8557,8646.0,7.596
8558,8647.0,6.712
8559,8648.0,8.266
8560,8649.0,6.913
8561,8650.0,6.763
8562,8651.0,6.038
8563,8652.0,5.796
8564,8654.0,6.199
8565,8655.0,6.279
8566,8656.0,8.386
8567,8657.0,7.314
8568,8658.0,8.186
8569,8659.0,8.587
8570,8660.0,6.631
8571,8661.0,7.676
8572,8662.0,7.274
8573,8663.0,7.475
8574,8664.0,7.475
8575,8665.0,7.033
8576,8666.0,6.038
8577,8667.0,5.756
8578,8668.0,6.239
8579,8669.0,6.32
8580,8670.0,7.475
8581,8671.0,6.913
8582,8672.0,7.194
8583,8673.0,7.797
8584,8674.0,6.752
8585,8675.0,6.159
8586,8676.0,7.797
8587,8677.0,6.712
8588,8678.0,8.226
8589,8679.0,7.395
8590,8680.0,6.078
8591,8681.0,5.676
8592,8682.0,6.239
8593,8683.0,6.118
8594,8684.0,6.279
8595,8685.0,7.274
8596,8686.0,7.757
8597,8687.0,7.435
8598,8688.0,7.113
8599,8689.0,6.118
8600,8690.0,8.186
8601,8691.0,7.113
8602,8692.0,7.676
8603,8693.0,8.078
8604,8694.0,6.239
8605,8695.0,5.796
8606,8696.0,6.239
8607,8697.0,6.279
8608,8698.0,6.159
8609,8699.0,7.515
8610,8700.0,8.145
8611,8701.0,7.998
8612,8702.0,7.596
8613,8703.0,6.279
8614,8704.0,7.314
8615,8705.0,7.515
8616,8706.0,6.671
8617,8707.0,7.596
8618,8708.0,6.279
8619,8709.0,5.917
8620,8710.0,6.199
8621,8711.0,6.279
8622,8712.0,6.36
8623,8713.0,8.078
8624,8714.0,9.309
8625,8715.0,8.828
8626,8716.0,8.226
8627,8717.0,6.199
8628,8718.0,6.591
8629,8719.0,8.426
8630,8720.0,6.953
8631,8721.0,6.279
8632,8722.0,6.36
8633,8723.0,5.957
8634,8724.0,5.917
8635,8725.0,6.279
8636,8726.0,6.239
8637,8727.0,8.587
8638,8728.0,9.109
8639,8729.0,9.47
8640,8730.0,8.948
8641,8731.0,6.159
8642,8732.0,6.872
8643,8733.0,7.877
8644,8734.0,7.355
8645,8735.0,6.35
8646,8736.0,6.4
8647,8737.0,6.038
8648,8738.0,5.796
8649,8739.0,6.118
8650,8740.0,6.279
8651,8741.0,8.587
8652,8742.0,7.636
8653,8743.0,8.426
8654,8744.0,8.788
8655,8745.0,6.521
8656,8746.0,8.038
8657,8747.0,6.993
8658,8748.0,7.917
8659,8749.0,7.314
8660,8751.0,6.953
8661,8752.0,5.957
8662,8753.0,5.837
8663,8754.0,6.118
8664,8755.0,6.36
8665,8756.0,7.837
8666,8757.0,6.792
8667,8758.0,7.596
8668,8759.0,8.158
8669,8760.0,6.671
8670,8761.0,6.803
8671,8762.0,7.515
8672,8763.0,6.671
8673,8764.0,7.917
8674,8765.0,7.234
8675,8766.0,6.078
8676,8767.0,5.877
8677,8768.0,6.239
8678,8769.0,6.481
8679,8770.0,6.913
8680,8771.0,7.154
8681,8772.0,7.395
8682,8773.0,7.314
8683,8774.0,6.872
8684,8775.0,5.998
8685,8776.0,8.226
8686,8777.0,6.872
8687,8778.0,8.226
8688,8779.0,7.716
8689,8780.0,6.118
8690,8781.0,5.716
8691,8782.0,6.239
8692,8783.0,6.239
8693,8784.0,6.279
8694,8785.0,7.797
8695,8786.0,8.747
8696,8787.0,8.266
8697,8788.0,8.038
8698,8789.0,6.199
8699,8790.0,6.601
8700,8791.0,7.958
8701,8792.0,6.712
8702,8793.0,6.671
8703,8794.0,6.36
8704,8795.0,5.917
8705,8796.0,5.957
8706,8797.0,6.279
8707,8798.0,6.44
8708,8799.0,8.507
8709,8800.0,9.189
8710,8801.0,9.47
8711,8802.0,8.828
8712,8803.0,6.159
8713,8804.0,6.872
8714,8805.0,7.958
8715,8806.0,7.274
8716,8807.0,6.31
8717,8808.0,6.4
8718,8809.0,6.038
8719,8810.0,5.877
8720,8811.0,6.239
8721,8812.0,6.279
8722,8813.0,9.309
8723,8814.0,8.828
8724,8815.0,9.229
8725,8816.0,9.51
8726,8817.0,6.199
8727,8818.0,7.234
8728,8819.0,6.993
8729,8820.0,7.757
8730,8821.0,6.591
8731,8822.0,6.601
8732,8823.0,6.038
8733,8824.0,5.837
8734,8825.0,6.44
8735,8826.0,6.239
8736,8827.0,8.908
8737,8828.0,8.118
8738,8829.0,8.747
8739,8830.0,9.068
8740,8831.0,6.44
8741,8832.0,7.797
8742,8833.0,6.752
8743,8834.0,8.386
8744,8835.0,6.993
8745,8836.0,6.792
8746,8837.0,5.998
8747,8838.0,5.796
8748,8839.0,6.199
8749,8840.0,6.279
8750,8841.0,8.199
8751,8842.0,7.033
8752,8843.0,7.998
8753,8844.0,8.426
8754,8845.0,6.642
8755,8846.0,7.355
8756,8848.0,7.355
8757,8849.0,7.154
8758,8850.0,7.596
8759,8851.0,7.113
8760,8852.0,6.038
8761,8853.0,5.676
8762,8854.0,6.279
8763,8855.0,6.4
8764,8856.0,7.033
8765,8857.0,7.113
8766,8858.0,7.435
8767,8859.0,7.355
8768,8860.0,6.913
8769,8861.0,6.038
8770,8862.0,8.226
8771,8863.0,6.872
8772,8864.0,8.266
8773,8865.0,7.716
8774,8866.0,6.159
8775,8867.0,5.716
8776,8868.0,6.279
8777,8869.0,6.279
8778,8870.0,6.199
8779,8871.0,7.515
8780,8872.0,8.226
8781,8873.0,7.998
8782,8874.0,7.596
8783,8875.0,6.239
8784,8876.0,7.274
8785,8877.0,7.515
8786,8878.0,6.631
8787,8879.0,7.515
8788,8880.0,6.279
8789,8881.0,5.877
8790,8882.0,6.159
8791,8883.0,6.239
8792,8884.0,6.36
8793,8885.0,8.038
8794,8886.0,9.269
8795,8887.0,8.707
8796,8888.0,8.186
8797,8889.0,6.239
8798,8890.0,6.591
8799,8891.0,8.346
8800,8892.0,6.913
8801,8893.0,6.279
8802,8894.0,6.32
8803,8895.0,5.998
8804,8896.0,5.877
8805,8897.0,6.279
8806,8898.0,6.481
8807,8899.0,8.346
8808,8900.0,9.229
8809,8901.0,9.269
8810,8902.0,8.627
8811,8903.0,6.199
8812,8904.0,6.752
8813,8905.0,8.186
8814,8906.0,7.154
8815,8907.0,6.32
8816,8908.0,6.36
8817,8909.0,6.038
8818,8910.0,5.877
8819,8911.0,6.32
8820,8912.0,6.159
8821,8913.0,9.109
8822,8914.0,8.908
8823,8915.0,9.389
8824,8916.0,9.47
8825,8917.0,6.159
8826,8918.0,7.113
8827,8919.0,7.355
8828,8920.0,7.515
8829,8921.0,6.551
8830,8922.0,6.521
8831,8923.0,6.118
8832,8924.0,5.837
8833,8925.0,6.36
8834,8926.0,6.239
8835,8927.0,9.109
8836,8928.0,8.467
8837,8929.0,8.988
8838,8930.0,9.269
8839,8931.0,6.32
8840,8932.0,7.475
8841,8933.0,6.671
8842,8934.0,8.145
8843,8935.0,6.792
8844,8936.0,6.792
8845,8937.0,5.998
8846,8938.0,5.716
8847,8939.0,6.118
8848,8940.0,6.279
8849,8941.0,7.636
8850,8942.0,6.832
8851,8943.0,7.395
8852,8945.0,7.958
8853,8946.0,6.712
8854,8947.0,6.44
8855,8948.0,7.636
8856,8949.0,6.671
8857,8950.0,8.065
8858,8951.0,7.355
8859,8952.0,6.078
8860,8953.0,5.796
8861,8954.0,6.239
8862,8955.0,6.44
8863,8956.0,6.993
8864,8957.0,7.113
8865,8958.0,7.395
8866,8959.0,7.395
8867,8960.0,6.872
8868,8961.0,6.038
8869,8962.0,8.145
8870,8963.0,6.913
8871,8964.0,8.266
8872,8965.0,7.757
8873,8966.0,6.118
8874,8967.0,5.796
8875,8968.0,6.239
8876,8969.0,6.239
8877,8970.0,6.078
8878,8971.0,7.395
8879,8972.0,8.065
8880,8973.0,7.757
8881,8974.0,7.355
8882,8975.0,6.118
8883,8976.0,7.716
8884,8977.0,7.355
8885,8978.0,7.154
8886,8979.0,7.958
8887,8980.0,6.279
8888,8981.0,5.837
8889,8982.0,6.279
8890,8983.0,6.279
8891,8984.0,6.32
8892,8985.0,7.917
8893,8986.0,9.028
8894,8987.0,8.507
8895,8988.0,8.226
8896,8989.0,6.199
8897,8990.0,6.591
8898,8991.0,8.145
8899,8992.0,6.832
8900,8993.0,6.32
8901,8994.0,6.36
8902,8995.0,5.957
8903,8996.0,5.877
8904,8997.0,6.239
8905,8998.0,6.239
8906,8999.0,9.309
8907,9000.0,8.707
8908,9001.0,9.189
8909,9002.0,9.43
8910,9003.0,6.199
8911,9004.0,7.234
8912,9005.0,6.832
8913,9006.0,7.797
8914,9007.0,6.631
8915,9008.0,6.642
8916,9009.0,6.038
8917,9010.0,5.877
8918,9011.0,6.078
8919,9012.0,6.32
8920,9013.0,8.747
8921,9014.0,7.917
8922,9015.0,8.587
8923,9016.0,8.988
8924,9017.0,6.521
8925,9018.0,8.078
8926,9019.0,6.913
8927,9020.0,8.186
8928,9021.0,7.154
8929,9022.0,6.913
8930,9023.0,5.998
8931,9024.0,5.837
8932,9025.0,6.159
8933,9026.0,6.279
8934,9027.0,8.306
8935,9028.0,7.194
8936,9029.0,8.118
8937,9030.0,8.547
8938,9031.0,6.642
8939,9032.0,7.556
8940,9033.0,7.274
8941,9034.0,7.355
8942,9035.0,7.475
8943,9036.0,7.033
8944,9037.0,5.998
8945,9038.0,5.676
8946,9039.0,6.279
8947,9041.0,6.44
8948,9042.0,6.953
8949,9043.0,7.154
8950,9044.0,7.435
8951,9045.0,7.314
8952,9046.0,6.913
8953,9047.0,5.998
8954,9048.0,8.226
8955,9049.0,6.872
8956,9050.0,8.186
8957,9051.0,7.757
8958,9052.0,6.239
8959,9053.0,5.716
8960,9054.0,6.239
8961,9055.0,6.239
8962,9056.0,6.159
8963,9057.0,7.475
8964,9058.0,8.145
8965,9059.0,7.958
8966,9060.0,7.596
8967,9061.0,6.239
8968,9062.0,7.314
8969,9063.0,7.475
8970,9064.0,6.712
8971,9065.0,7.556
8972,9066.0,6.32
8973,9067.0,5.877
8974,9068.0,6.279
8975,9069.0,6.239
8976,9070.0,6.4
8977,9071.0,7.958
8978,9072.0,9.189
8979,9073.0,8.587
8980,9074.0,8.145
8981,9075.0,6.159
8982,9076.0,6.591
8983,9077.0,8.306
8984,9078.0,6.953
8985,9079.0,6.32
8986,9080.0,6.32
8987,9081.0,5.957
8988,9082.0,5.796
8989,9083.0,6.36
8990,9084.0,6.239
8991,9085.0,8.868
8992,9086.0,8.038
8993,9087.0,8.747
8994,9088.0,9.028
8995,9089.0,6.481
8996,9090.0,7.877
8997,9091.0,6.832
8998,9092.0,8.306
8999,9093.0,7.073
9000,9094.0,6.843
9001,9095.0,6.038
9002,9096.0,5.917
9003,9097.0,6.44
9004,9098.0,6.239
9005,9099.0,8.948
9006,9100.0,8.199
9007,9101.0,8.828
9008,9102.0,9.109
9009,9103.0,6.44
9010,9104.0,7.716
9011,9105.0,6.752
9012,9106.0,8.426
9013,9107.0,7.033
9014,9108.0,6.843
9015,9109.0,6.078
9016,9110.0,5.796
9017,9111.0,6.239
9018,9112.0,6.279
9019,9113.0,8.226
9020,9114.0,7.073
9021,9115.0,8.038
9022,9116.0,8.426
9023,9117.0,6.631
9024,9118.0,7.355
9025,9119.0,7.355
9026,9120.0,7.154
9027,9121.0,7.596
9028,9122.0,7.073
9029,9123.0,6.038
9030,9124.0,5.716
9031,9125.0,6.239
9032,9126.0,6.4
9033,9127.0,6.993
9034,9128.0,7.073
9035,9129.0,7.355
9036,9130.0,7.395
9037,9131.0,6.872
9038,9132.0,6.038
9039,9133.0,8.145
9040,9134.0,6.832
9041,9135.0,8.266
9042,9136.0,7.716
9043,9138.0,6.118
9044,9139.0,5.716
9045,9140.0,6.199
9046,9141.0,6.199
9047,9142.0,6.199
9048,9143.0,7.395
9049,9144.0,8.078
9050,9145.0,7.837
9051,9146.0,7.475
9052,9147.0,6.239
9053,9148.0,7.556
9054,9149.0,7.395
9055,9150.0,6.993
9056,9151.0,7.837
9057,9152.0,6.279
9058,9153.0,5.877
9059,9154.0,5.756
9060,9155.0,6.4
9061,9156.0,6.32
9062,9157.0,9.109
9063,9158.0,8.346
9064,9159.0,8.948
9065,9160.0,9.189
9066,9161.0,6.4
9067,9162.0,7.556
9068,9163.0,6.712
9069,9164.0,8.226
9070,9165.0,6.913
9071,9166.0,6.763
9072,9167.0,6.078
9073,9168.0,5.796
9074,9169.0,6.199
9075,9170.0,6.279
9076,9171.0,8.386
9077,9172.0,7.314
9078,9173.0,8.186
9079,9174.0,8.587
9080,9175.0,6.601
9081,9176.0,7.676
9082,9177.0,7.194
9083,9178.0,7.475
9084,9179.0,7.395
9085,9180.0,6.993
9086,9181.0,5.957
9087,9182.0,5.756
9088,9183.0,6.199
9089,9184.0,6.36
9090,9185.0,7.355
9091,9186.0,6.993
9092,9187.0,7.274
9093,9188.0,7.716
9094,9189.0,6.792
9095,9190.0,6.038
9096,9191.0,7.877
9097,9192.0,6.712
9098,9193.0,8.346
9099,9194.0,7.515
9100,9195.0,6.078
9101,9196.0,5.676
9102,9197.0,6.199
9103,9198.0,6.239
9104,9199.0,6.118
9105,9200.0,7.435
9106,9201.0,8.025
9107,9202.0,7.877
9108,9203.0,7.475
9109,9204.0,6.239
9110,9205.0,7.435
9111,9206.0,7.435
9112,9207.0,6.832
9113,9208.0,7.757
9114,9209.0,6.279
9115,9210.0,5.877
9116,9211.0,5.756
9117,9212.0,6.481
9118,9213.0,6.279
9119,9214.0,8.948
9120,9215.0,8.118
9121,9216.0,8.788
9122,9217.0,9.068
9123,9218.0,6.521
9124,9219.0,7.837
9125,9220.0,6.832
9126,9221.0,8.386
9127,9222.0,7.033
9128,9223.0,6.843
9129,9224.0,5.998
9130,9225.0,5.796
9131,9226.0,6.199
9132,9227.0,6.279
9133,9228.0,8.158
9134,9229.0,6.993
9135,9230.0,7.958
9136,9231.0,8.426
9137,9232.0,6.601
9138,9233.0,7.314
9139,9235.0,7.395
9140,9236.0,7.113
9141,9237.0,7.596
9142,9238.0,7.073
9143,9239.0,5.998
9144,9240.0,5.555
9145,9241.0,6.199
9146,9242.0,6.239
9147,9243.0,6.118
9148,9244.0,7.475
9149,9245.0,8.118
9150,9246.0,7.958
9151,9247.0,7.515
9152,9248.0,6.239
9153,9249.0,7.355
9154,9250.0,7.475
9155,9251.0,6.752
9156,9252.0,7.636
9157,9253.0,6.279
9158,9254.0,5.917
9159,9255.0,6.239
9160,9256.0,6.279
9161,9257.0,6.32
9162,9258.0,7.958
9163,9259.0,9.149
9164,9260.0,8.627
9165,9261.0,8.118
9166,9262.0,6.199
9167,9263.0,6.591
9168,9264.0,8.306
9169,9265.0,6.872
9170,9266.0,6.32
9171,9267.0,6.32
9172,9268.0,5.998
9173,9269.0,5.837
9174,9270.0,6.4
9175,9271.0,6.159
9176,9272.0,9.109
9177,9273.0,8.908
9178,9274.0,9.349
9179,9275.0,9.43
9180,9276.0,6.118
9181,9277.0,7.073
9182,9278.0,7.314
9183,9279.0,7.515
9184,9280.0,6.47
9185,9281.0,6.521
9186,9282.0,6.038
9187,9283.0,5.756
9188,9284.0,6.199
9189,9285.0,6.279
9190,9286.0,8.158
9191,9287.0,6.993
9192,9288.0,7.958
9193,9289.0,8.426
9194,9290.0,6.591
9195,9291.0,7.314
9196,9292.0,7.355
9197,9293.0,7.154
9198,9294.0,7.636
9199,9295.0,7.113
9200,9296.0,5.998
9201,9297.0,5.837
9202,9298.0,6.199
9203,9299.0,6.32
9204,9300.0,7.435
9205,9301.0,6.913
9206,9302.0,7.274
9207,9303.0,7.797
9208,9304.0,6.752
9209,9305.0,6.159
9210,9306.0,7.797
9211,9307.0,6.712
9212,9308.0,8.266
9213,9309.0,7.475
9214,9310.0,6.078
9215,9311.0,5.716
9216,9312.0,6.239
9217,9313.0,6.199
9218,9314.0,6.078
9219,9315.0,7.355
9220,9316.0,7.998
9221,9317.0,7.716
9222,9318.0,7.314
9223,9319.0,6.199
9224,9320.0,7.797
9225,9321.0,7.395
9226,9322.0,7.234
9227,9323.0,8.038
9228,9324.0,6.279
9229,9325.0,5.877
9230,9326.0,5.837
9231,9327.0,6.239
9232,9328.0,6.4
9233,9329.0,8.507
9234,9331.0,9.189
9235,9332.0,9.47
9236,9333.0,8.868
9237,9334.0,6.159
9238,9335.0,6.832
9239,9336.0,7.917
9240,9337.0,7.274
9241,9338.0,6.31
9242,9339.0,6.36
9243,9340.0,6.038
9244,9341.0,5.434
9245,9342.0,6.199
9246,9343.0,6.36
9247,9344.0,6.521
9248,9345.0,7.314
9249,9346.0,7.636
9250,9347.0,7.355
9251,9348.0,7.033
9252,9349.0,6.038
9253,9350.0,8.306
9254,9351.0,7.033
9255,9352.0,7.877
9256,9353.0,7.998
9257,9354.0,6.159
9258,9355.0,5.877
9259,9356.0,6.239
9260,9357.0,6.279
9261,9358.0,6.239
9262,9359.0,7.797
9263,9360.0,8.788
9264,9361.0,8.306
9265,9362.0,8.038
9266,9363.0,6.199
9267,9364.0,6.551
9268,9365.0,8.025
9269,9366.0,6.752
9270,9367.0,6.671
9271,9368.0,6.32
9272,9369.0,5.957
9273,9370.0,5.877
9274,9371.0,6.32
9275,9372.0,6.4
9276,9373.0,8.547
9277,9374.0,9.189
9278,9375.0,9.51
9279,9376.0,8.828
9280,9377.0,6.199
9281,9378.0,6.832
9282,9379.0,7.998
9283,9380.0,7.274
9284,9381.0,6.31
9285,9382.0,6.36
9286,9383.0,5.998
9287,9384.0,5.837
9288,9385.0,6.239
9289,9386.0,6.239
9290,9387.0,9.309
9291,9388.0,8.788
9292,9389.0,9.229
9293,9390.0,9.47
9294,9391.0,6.199
9295,9392.0,7.154
9296,9393.0,6.993
9297,9394.0,7.676
9298,9395.0,6.591
9299,9396.0,6.601
9300,9397.0,6.038
9301,9398.0,5.837
9302,9399.0,6.159
9303,9400.0,6.279
9304,9401.0,8.788
9305,9402.0,7.958
9306,9403.0,8.627
9307,9404.0,8.988
9308,9405.0,6.481
9309,9406.0,7.958
9310,9407.0,6.832
9311,9408.0,8.266
9312,9409.0,7.113
9313,9410.0,6.872
9314,9411.0,5.957
9315,9412.0,5.796
9316,9413.0,6.159
9317,9414.0,6.32
9318,9415.0,7.998
9319,9416.0,6.803
9320,9417.0,7.757
9321,9418.0,8.266
9322,9419.0,6.671
9323,9420.0,6.993
9324,9421.0,7.435
9325,9422.0,6.792
9326,9423.0,7.797
9327,9424.0,7.234
9328,9425.0,6.038
9329,9426.0,5.716
9330,9428.0,6.239
9331,9429.0,6.159
9332,9430.0,6.118
9333,9431.0,7.274
9334,9432.0,7.917
9335,9433.0,7.596
9336,9434.0,7.234
9337,9435.0,6.118
9338,9436.0,7.917
9339,9437.0,7.234
9340,9438.0,7.395
9341,9439.0,8.078
9342,9440.0,6.239
9343,9441.0,5.837
9344,9442.0,6.199
9345,9443.0,6.239
9346,9444.0,6.4
9347,9445.0,8.078
9348,9446.0,9.349
9349,9447.0,8.828
9350,9448.0,8.266
9351,9449.0,6.159
9352,9450.0,6.631
9353,9451.0,8.426
9354,9452.0,6.953
9355,9453.0,6.279
9356,9454.0,6.36
9357,9455.0,5.957
9358,9456.0,5.837
9359,9457.0,6.279
9360,9458.0,6.32
9361,9459.0,9.309
9362,9460.0,8.707
9363,9461.0,9.149
9364,9462.0,9.43
9365,9463.0,6.239
9366,9464.0,7.314
9367,9465.0,6.712
9368,9466.0,7.877
9369,9467.0,6.631
9370,9468.0,6.682
9371,9469.0,6.038
9372,9470.0,5.877
9373,9471.0,6.078
9374,9472.0,6.32
9375,9473.0,8.667
9376,9474.0,7.797
9377,9475.0,8.507
9378,9476.0,8.908
9379,9477.0,6.521
9380,9478.0,8.158
9381,9479.0,6.953
9382,9480.0,8.038
9383,9481.0,7.234
9384,9482.0,6.872
9385,9483.0,5.998
9386,9484.0,5.716
9387,9485.0,6.199
9388,9486.0,6.36
9389,9487.0,7.314
9390,9488.0,6.953
9391,9489.0,7.274
9392,9490.0,7.636
9393,9491.0,6.832
9394,9492.0,6.038
9395,9493.0,7.958
9396,9494.0,6.712
9397,9495.0,8.426
9398,9496.0,7.515
9399,9497.0,6.078
9400,9498.0,5.635
9401,9499.0,6.279
9402,9500.0,6.279
9403,9501.0,6.36
9404,9502.0,7.917
9405,9503.0,9.028
9406,9504.0,8.507
9407,9505.0,8.226
9408,9506.0,6.199
9409,9507.0,6.591
9410,9508.0,8.145
9411,9509.0,6.832
9412,9510.0,6.32
9413,9511.0,6.36
9414,9512.0,5.957
9415,9513.0,5.877
9416,9514.0,6.279
9417,9515.0,6.279
9418,9516.0,9.189
9419,9517.0,8.908
9420,9518.0,9.269
9421,9519.0,9.55
9422,9520.0,6.199
9423,9521.0,7.234
9424,9522.0,7.234
9425,9523.0,7.596
9426,9525.0,6.511
9427,9526.0,6.601
9428,9527.0,6.038
9429,9528.0,5.877
9430,9529.0,6.4
9431,9530.0,6.32
9432,9531.0,8.868
9433,9532.0,8.078
9434,9533.0,8.707
9435,9534.0,9.028
9436,9535.0,6.44
9437,9536.0,7.837
9438,9537.0,6.792
9439,9538.0,8.306
9440,9539.0,7.033
9441,9540.0,6.803
9442,9541.0,5.998
9443,9542.0,5.796
9444,9543.0,6.199
9445,9544.0,6.279
9446,9545.0,8.158
9447,9546.0,6.993
9448,9547.0,7.958
9449,9548.0,8.386
9450,9549.0,6.631
9451,9550.0,7.274
9452,9551.0,7.395
9453,9552.0,7.073
9454,9553.0,7.636
9455,9554.0,7.073
9456,9555.0,6.038
9457,9556.0,5.716
9458,9557.0,6.239
9459,9558.0,6.4
9460,9559.0,6.993
9461,9560.0,7.113
9462,9561.0,7.395
9463,9562.0,7.355
9464,9563.0,6.872
9465,9564.0,5.998
9466,9565.0,8.186
9467,9566.0,6.832
9468,9567.0,8.266
9469,9568.0,7.716
9470,9569.0,6.159
9471,9570.0,5.716
9472,9571.0,6.279
9473,9572.0,6.239
9474,9573.0,6.199
9475,9574.0,7.475
9476,9575.0,8.158
9477,9576.0,7.958
9478,9577.0,7.596
9479,9578.0,6.239
9480,9579.0,7.355
9481,9580.0,7.475
9482,9581.0,6.752
9483,9582.0,7.596
9484,9583.0,6.279
9485,9584.0,5.877
9486,9585.0,6.239
9487,9586.0,6.279
9488,9587.0,6.4
9489,9588.0,8.118
9490,9589.0,9.349
9491,9590.0,8.988
9492,9591.0,8.386
9493,9592.0,6.159
9494,9593.0,6.671
9495,9594.0,8.386
9496,9595.0,7.033
9497,9596.0,6.279
9498,9597.0,6.36
9499,9598.0,5.998
9500,9599.0,5.837
9501,9600.0,6.239
9502,9601.0,6.239
9503,9602.0,9.349
9504,9603.0,8.747
9505,9604.0,9.229
9506,9605.0,9.43
9507,9606.0,6.199
9508,9607.0,7.154
9509,9608.0,6.993
9510,9609.0,7.676
9511,9610.0,6.591
9512,9611.0,6.601
9513,9612.0,6.038
9514,9613.0,5.796
9515,9614.0,6.118
9516,9615.0,6.279
9517,9616.0,8.707
9518,9617.0,7.797
9519,9618.0,8.547
9520,9619.0,8.868
9521,9620.0,6.561
9522,9622.0,8.118
9523,9623.0,6.993
9524,9624.0,8.038
9525,9625.0,7.274
9526,9626.0,6.872
9527,9627.0,6.038
9528,9628.0,5.756
9529,9629.0,6.239
9530,9630.0,6.36
9531,9631.0,7.314
9532,9632.0,6.993
9533,9633.0,7.355
9534,9634.0,7.596
9535,9635.0,6.792
9536,9636.0,6.038
9537,9637.0,7.998
9538,9638.0,6.752
9539,9639.0,8.386
9540,9640.0,7.556
9541,9641.0,6.078
9542,9642.0,5.676
9543,9643.0,6.199
9544,9644.0,6.239
9545,9645.0,6.159
9546,9646.0,7.515
9547,9647.0,8.226
9548,9648.0,8.025
9549,9649.0,7.596
9550,9650.0,6.279
9551,9651.0,7.154
9552,9652.0,7.556
9553,9653.0,6.591
9554,9654.0,7.435
9555,9655.0,6.32
9556,9656.0,5.917
9557,9657.0,6.199
9558,9658.0,6.279
9559,9659.0,6.32
9560,9660.0,7.998
9561,9661.0,9.149
9562,9662.0,8.627
9563,9663.0,8.105
9564,9664.0,6.199
9565,9665.0,6.591
9566,9666.0,8.306
9567,9667.0,6.872
9568,9668.0,6.279
9569,9669.0,6.32
9570,9670.0,5.998
9571,9671.0,5.877
9572,9672.0,6.32
9573,9673.0,6.159
9574,9674.0,9.189
9575,9675.0,8.828
9576,9676.0,9.309
9577,9677.0,9.43
9578,9678.0,6.239
9579,9679.0,7.154
9580,9680.0,6.792
9581,9681.0,7.837
9582,9682.0,6.712
9583,9683.0,6.682
9584,9684.0,6.078
9585,9685.0,5.837
9586,9686.0,6.078
9587,9687.0,6.239
9588,9688.0,8.507
9589,9689.0,7.556
9590,9690.0,8.306
9591,9691.0,8.627
9592,9692.0,6.561
9593,9693.0,7.636
9594,9694.0,7.234
9595,9695.0,7.274
9596,9696.0,7.556
9597,9697.0,7.073
9598,9698.0,5.998
9599,9699.0,5.837
9600,9700.0,6.199
9601,9701.0,6.4
9602,9702.0,7.113
9603,9703.0,7.073
9604,9704.0,7.475
9605,9705.0,7.274
9606,9706.0,6.913
9607,9707.0,5.998
9608,9708.0,8.386
9609,9709.0,7.033
9610,9710.0,7.797
9611,9711.0,8.038
9612,9712.0,6.199
9613,9713.0,5.837
9614,9714.0,6.239
9615,9715.0,6.279
9616,9716.0,6.239
9617,9717.0,7.757
9618,9719.0,8.788
9619,9720.0,8.386
9620,9721.0,8.145
9621,9722.0,6.199
9622,9723.0,6.551
9623,9724.0,8.145
9624,9725.0,6.792
9625,9726.0,6.4
9626,9727.0,6.32
9627,9728.0,5.998
9628,9729.0,5.837
9629,9730.0,6.32
9630,9731.0,6.199
9631,9732.0,8.667
9632,9733.0,9.109
9633,9734.0,9.51
9634,9735.0,8.948
9635,9736.0,6.199
9636,9737.0,6.872
9637,9738.0,7.837
9638,9739.0,7.355
9639,9740.0,6.35
9640,9741.0,6.44
9641,9742.0,6.038
9642,9743.0,5.837
9643,9744.0,6.279
9644,9745.0,6.279
9645,9746.0,9.229
9646,9747.0,8.587
9647,9748.0,9.109
9648,9749.0,9.349
9649,9750.0,6.239
9650,9751.0,7.314
9651,9752.0,6.631
9652,9753.0,7.917
9653,9754.0,6.671
9654,9755.0,6.682
9655,9756.0,6.038
9656,9757.0,5.837
9657,9758.0,6.078
9658,9759.0,6.279
9659,9760.0,8.747
9660,9761.0,7.917
9661,9762.0,8.547
9662,9763.0,8.908
9663,9764.0,6.481
9664,9765.0,8.038
9665,9766.0,6.872
9666,9767.0,8.158
9667,9768.0,7.154
9668,9769.0,6.872
9669,9770.0,5.998
9670,9771.0,5.837
9671,9772.0,6.239
9672,9773.0,6.32
9673,9774.0,8.078
9674,9775.0,6.913
9675,9776.0,7.837
9676,9777.0,8.346
9677,9778.0,6.642
9678,9779.0,7.194
9679,9780.0,7.314
9680,9781.0,6.993
9681,9782.0,7.676
9682,9783.0,7.154
9683,9784.0,6.038
9684,9785.0,5.837
9685,9786.0,6.239
9686,9787.0,6.44
9687,9788.0,7.113
9688,9789.0,7.073
9689,9790.0,7.314
9690,9791.0,7.515
9691,9792.0,6.792
9692,9793.0,5.998
9693,9794.0,8.038
9694,9795.0,6.792
9695,9796.0,8.346
9696,9797.0,7.596
9697,9798.0,6.118
9698,9799.0,5.676
9699,9800.0,6.279
9700,9801.0,6.159
9701,9802.0,6.078
9702,9803.0,7.314
9703,9804.0,8.078
9704,9805.0,7.676
9705,9806.0,7.355
9706,9807.0,6.118
9707,9808.0,7.716
9708,9809.0,7.355
9709,9810.0,7.194
9710,9811.0,7.958
9711,9812.0,6.279
9712,9813.0,5.796
9713,9814.0,6.199
9714,9816.0,6.239
9715,9817.0,6.36
9716,9818.0,7.958
9717,9819.0,9.229
9718,9820.0,8.667
9719,9821.0,8.145
9720,9822.0,6.159
9721,9823.0,6.591
9722,9824.0,8.266
9723,9825.0,6.913
9724,9826.0,6.279
9725,9827.0,6.36
9726,9828.0,5.957
9727,9829.0,5.877
9728,9830.0,6.279
9729,9831.0,6.199
9730,9832.0,9.028
9731,9833.0,8.988
9732,9834.0,9.349
9733,9835.0,9.47
9734,9836.0,6.118
9735,9837.0,7.154
9736,9838.0,7.395
9737,9839.0,7.515
9738,9840.0,6.47
9739,9841.0,6.561
9740,9842.0,6.038
9741,9843.0,5.837
9742,9844.0,6.118
9743,9845.0,6.279
9744,9846.0,8.587
9745,9847.0,7.676
9746,9848.0,8.426
9747,9849.0,8.788
9748,9850.0,6.521
9749,9851.0,8.078
9750,9852.0,6.993
9751,9853.0,7.917
9752,9854.0,7.314
9753,9855.0,6.913
9754,9856.0,5.957
9755,9857.0,5.796
9756,9858.0,6.118
9757,9859.0,6.239
9758,9860.0,7.757
9759,9861.0,6.792
9760,9862.0,7.515
9761,9863.0,8.038
9762,9864.0,6.712
9763,9865.0,6.642
9764,9866.0,7.596
9765,9867.0,6.631
9766,9868.0,7.998
9767,9869.0,7.234
9768,9870.0,6.118
9769,9871.0,5.796
9770,9872.0,6.239
9771,9873.0,6.36
9772,9874.0,7.154
9773,9875.0,7.033
9774,9876.0,7.355
9775,9877.0,7.515
9776,9878.0,6.872
9777,9879.0,6.038
9778,9880.0,8.118
9779,9881.0,6.792
9780,9882.0,8.386
9781,9883.0,7.636
9782,9884.0,6.159
9783,9885.0,5.716
9784,9886.0,6.279
9785,9887.0,6.159
9786,9888.0,6.159
9787,9889.0,7.314
9788,9890.0,8.078
9789,9891.0,7.676
9790,9892.0,7.355
9791,9893.0,6.118
9792,9894.0,7.797
9793,9895.0,7.355
9794,9896.0,7.234
9795,9897.0,7.998
9796,9898.0,6.279
9797,9899.0,5.796
9798,9900.0,6.239
9799,9901.0,6.279
9800,9902.0,6.36
9801,9903.0,7.958
9802,9904.0,9.109
9803,9905.0,8.627
9804,9906.0,8.118
9805,9907.0,6.159
9806,9908.0,6.601
9807,9909.0,8.226
9808,9910.0,6.872
9809,9911.0,6.279
9810,9913.0,6.32
9811,9914.0,5.957
9812,9915.0,5.796
9813,9916.0,6.239
9814,9917.0,6.239
9815,9918.0,9.309
9816,9919.0,8.707
9817,9920.0,9.229
9818,9921.0,9.43
9819,9922.0,6.199
9820,9923.0,7.154
9821,9924.0,6.913
9822,9925.0,7.716
9823,9926.0,6.631
9824,9927.0,6.601
9825,9928.0,6.038
9826,9929.0,5.796
9827,9930.0,6.239
9828,9931.0,6.279
9829,9932.0,8.239
9830,9933.0,7.033
9831,9934.0,7.998
9832,9935.0,8.426
9833,9936.0,6.682
9834,9937.0,7.355
9835,9938.0,7.395
9836,9939.0,7.113
9837,9940.0,7.636
9838,9941.0,7.073
9839,9942.0,6.078
9840,9943.0,5.635
9841,9944.0,6.32
9842,9945.0,6.44
9843,9946.0,6.832
9844,9947.0,7.194
9845,9948.0,7.475
9846,9949.0,7.274
9847,9950.0,6.953
9848,9951.0,5.998
9849,9952.0,8.306
9850,9953.0,6.953
9851,9954.0,8.078
9852,9955.0,7.837
9853,9956.0,6.159
9854,9957.0,5.756
9855,9958.0,6.239
9856,9959.0,6.279
9857,9960.0,6.199
9858,9961.0,7.596
9859,9962.0,8.346
9860,9963.0,8.186
9861,9964.0,7.716
9862,9965.0,6.239
9863,9966.0,6.953
9864,9967.0,7.676
9865,9968.0,6.631
9866,9969.0,7.194
9867,9970.0,6.32
9868,9971.0,5.957
9869,9972.0,5.998
9870,9973.0,6.279
9871,9974.0,6.44
9872,9975.0,8.239
9873,9976.0,9.269
9874,9977.0,9.149
9875,9978.0,8.507
9876,9979.0,6.199
9877,9980.0,6.752
9878,9981.0,8.266
9879,9982.0,7.073
9880,9983.0,6.32
9881,9984.0,6.36
9882,9985.0,6.038
9883,9986.0,5.837
9884,9987.0,6.32
9885,9988.0,6.199
9886,9989.0,9.309
9887,9990.0,8.868
9888,9991.0,9.309
9889,9992.0,9.47
9890,9993.0,6.199
9891,9994.0,7.194
9892,9995.0,7.194
9893,9996.0,7.596
9894,9997.0,6.601
9895,9998.0,6.561
9896,9999.0,6.118
9897,10000.0,5.837
9898,10001.0,6.4
9899,10002.0,6.279
9900,10003.0,8.868
9901,10004.0,8.078
9902,10005.0,8.707
9903,10006.0,9.068
9904,10007.0,6.44
9905,10009.0,7.877
9906,10010.0,6.792
9907,10011.0,8.346
9908,10012.0,7.033
9909,10013.0,6.803
9910,10014.0,5.998
9911,10015.0,5.796
9912,10016.0,6.118
9913,10017.0,6.32
9914,10018.0,7.837
9915,10019.0,6.803
9916,10020.0,7.636
9917,10021.0,8.158
9918,10022.0,6.722
9919,10023.0,6.843
9920,10024.0,7.515
9921,10025.0,6.642
9922,10026.0,7.877
9923,10027.0,7.194
9924,10028.0,6.038
9925,10029.0,5.635
9926,10030.0,6.239
9927,10031.0,6.32
9928,10032.0,6.481
9929,10033.0,7.355
9930,10034.0,7.636
9931,10035.0,7.395
9932,10036.0,7.033
9933,10037.0,6.078
9934,10038.0,8.266
9935,10039.0,7.073
9936,10040.0,7.837
9937,10041.0,8.038
9938,10042.0,6.199
9939,10043.0,5.837
9940,10044.0,6.239
9941,10045.0,6.279
9942,10046.0,6.159
9943,10047.0,7.515
9944,10048.0,8.158
9945,10049.0,8.038
9946,10050.0,7.596
9947,10051.0,6.279
9948,10052.0,7.234
9949,10053.0,7.515
9950,10054.0,6.631
9951,10055.0,7.515
9952,10056.0,6.279
9953,10057.0,5.877
9954,10058.0,6.199
9955,10059.0,6.239
9956,10060.0,6.4
9957,10061.0,8.038
9958,10062.0,9.349
9959,10063.0,8.828
9960,10064.0,8.266
9961,10065.0,6.159
9962,10066.0,6.631
9963,10067.0,8.426
9964,10068.0,6.993
9965,10069.0,6.279
9966,10070.0,6.36
9967,10071.0,5.957
9968,10072.0,5.837
9969,10073.0,6.279
9970,10074.0,6.199
9971,10075.0,9.109
9972,10076.0,8.948
9973,10077.0,9.309
9974,10078.0,9.51
9975,10079.0,6.118
9976,10080.0,7.154
9977,10081.0,7.314
9978,10082.0,7.515
9979,10083.0,6.481
9980,10084.0,6.561
9981,10085.0,6.038
9982,10086.0,5.877
9983,10087.0,6.44
9984,10088.0,6.32
9985,10089.0,8.988
9986,10090.0,8.279
9987,10091.0,8.828
9988,10092.0,9.149
9989,10093.0,6.4
9990,10094.0,7.716
9991,10095.0,6.712
9992,10096.0,8.426
9993,10097.0,6.913
9994,10098.0,6.843
9995,10099.0,5.998
9996,10100.0,5.917
9997,10101.0,6.118
9998,10102.0,6.279
9999,10103.0,8.547
10000,10104.0,7.556
10001,10106.0,8.346
10002,10107.0,8.707
10003,10108.0,6.521
10004,10109.0,7.917
10005,10110.0,7.073
10006,10111.0,7.757
10007,10112.0,7.395
10008,10113.0,6.913
10009,10114.0,5.957
10010,10115.0,5.796
10011,10116.0,6.118
10012,10117.0,6.32
10013,10118.0,7.917
10014,10119.0,6.763
10015,10120.0,7.676
10016,10121.0,8.199
10017,10122.0,6.671
10018,10123.0,6.843
10019,10124.0,7.475
10020,10125.0,6.642
10021,10126.0,7.877
10022,10127.0,7.154
10023,10128.0,6.078
10024,10129.0,5.756
10025,10130.0,6.279
10026,10131.0,6.4
10027,10132.0,6.953
10028,10133.0,7.113
10029,10134.0,7.435
10030,10135.0,7.355
10031,10136.0,6.913
10032,10137.0,5.998
10033,10138.0,8.226
10034,10139.0,6.872
10035,10140.0,8.266
10036,10141.0,7.716
10037,10142.0,6.159
10038,10143.0,5.676
10039,10144.0,5.837
10040,10145.0,6.279
10041,10146.0,6.239
10042,10147.0,9.229
10043,10148.0,8.868
10044,10149.0,9.269
10045,10150.0,9.55
10046,10151.0,6.159
10047,10152.0,7.234
10048,10153.0,7.194
10049,10154.0,7.596
10050,10155.0,6.511
10051,10156.0,6.561
10052,10157.0,6.038
10053,10158.0,5.796
10054,10159.0,6.078
10055,10160.0,6.279
10056,10161.0,8.667
10057,10162.0,7.716
10058,10163.0,8.467
10059,10164.0,8.828
10060,10165.0,6.521
10061,10166.0,8.078
10062,10167.0,6.953
10063,10168.0,7.958
10064,10169.0,7.274
10065,10170.0,6.913
10066,10171.0,5.998
10067,10172.0,5.796
10068,10173.0,6.239
10069,10174.0,6.279
10070,10175.0,8.038
10071,10176.0,6.803
10072,10177.0,7.837
10073,10178.0,8.319
10074,10179.0,6.682
10075,10180.0,7.073
10076,10181.0,7.395
10077,10182.0,6.872
10078,10183.0,7.757
10079,10184.0,7.194
10080,10185.0,6.078
10081,10186.0,5.716
10082,10187.0,6.32
10083,10188.0,6.481
10084,10189.0,7.033
10085,10190.0,7.154
10086,10191.0,7.435
10087,10192.0,7.355
10088,10193.0,6.913
10089,10194.0,5.998
10090,10195.0,8.226
10091,10196.0,6.872
10092,10197.0,8.266
10093,10198.0,7.676
10094,10199.0,6.159
10095,10200.0,5.716
10096,10202.0,6.279
10097,10203.0,6.239
10098,10204.0,6.239
10099,10205.0,7.515
10100,10206.0,8.306
10101,10207.0,8.038
10102,10208.0,7.636
10103,10209.0,6.239
10104,10210.0,7.154
10105,10211.0,7.556
10106,10212.0,6.631
10107,10213.0,7.435
10108,10214.0,6.279
10109,10215.0,5.917
10110,10216.0,5.877
10111,10217.0,6.279
10112,10218.0,6.159
10113,10219.0,8.868
10114,10220.0,8.988
10115,10221.0,9.43
10116,10222.0,9.229
10117,10223.0,6.159
10118,10224.0,6.993
10119,10225.0,7.556
10120,10226.0,7.355
10121,10227.0,6.43
10122,10228.0,6.44
10123,10229.0,6.078
10124,10230.0,5.837
10125,10231.0,6.4
10126,10232.0,6.239
10127,10233.0,9.109
10128,10234.0,8.359
10129,10235.0,8.948
10130,10236.0,9.229
10131,10237.0,6.4
10132,10238.0,7.596
10133,10239.0,6.712
10134,10240.0,8.226
10135,10241.0,6.872
10136,10242.0,6.763
10137,10243.0,6.038
10138,10244.0,5.796
10139,10245.0,6.159
10140,10246.0,6.279
10141,10247.0,8.507
10142,10248.0,7.475
10143,10249.0,8.346
10144,10250.0,8.707
10145,10251.0,6.601
10146,10252.0,7.877
10147,10253.0,7.154
10148,10254.0,7.676
10149,10255.0,7.435
10150,10256.0,7.194
10151,10257.0,6.279
10152,10258.0,5.313
10153,10259.0,4.991
10154,10260.0,5.877
10155,10261.0,6.279
10156,10262.0,6.481
10157,10263.0,8.467
10158,10264.0,9.269
10159,10265.0,9.309
10160,10266.0,8.788
10161,10267.0,6.159
10162,10268.0,6.752
10163,10269.0,8.105
10164,10270.0,7.154
10165,10271.0,6.269
10166,10272.0,6.36
10167,10273.0,5.998
10168,10274.0,5.877
10169,10275.0,6.239
10170,10276.0,6.239
10171,10277.0,9.269
10172,10278.0,8.788
10173,10279.0,9.229
10174,10280.0,9.51
10175,10281.0,6.159
10176,10282.0,7.194
10177,10283.0,7.033
10178,10284.0,7.676
10179,10285.0,6.551
10180,10286.0,6.601
10181,10287.0,6.038
10182,10288.0,5.837
10183,10289.0,6.44
10184,10290.0,6.279
10185,10291.0,8.908
10186,10292.0,8.118
10187,10293.0,8.747
10188,10294.0,9.109
10189,10295.0,6.481
10190,10296.0,7.837
10191,10297.0,6.752
10192,10299.0,8.386
10193,10300.0,7.033
10194,10301.0,6.843
10195,10302.0,5.998
10196,10303.0,5.837
10197,10304.0,6.239
10198,10305.0,6.36
10199,10306.0,7.998
10200,10307.0,6.843
10201,10308.0,7.797
10202,10309.0,8.346
10203,10310.0,6.642
10204,10311.0,7.113
10205,10312.0,7.395
10206,10313.0,6.872
10207,10314.0,7.757
10208,10315.0,7.154
10209,10316.0,6.118
10210,10317.0,5.716
10211,10318.0,6.239
10212,10319.0,6.4
10213,10320.0,6.993
10214,10321.0,7.073
10215,10322.0,7.395
10216,10323.0,7.395
10217,10324.0,6.872
10218,10325.0,5.998
10219,10326.0,8.158
10220,10327.0,6.832
10221,10328.0,8.266
10222,10329.0,7.676
10223,10330.0,6.118
10224,10331.0,5.676
10225,10332.0,6.239
10226,10333.0,6.159
10227,10334.0,6.118
10228,10335.0,7.355
10229,10336.0,8.158
10230,10337.0,7.757
10231,10338.0,7.395
10232,10339.0,6.159
10233,10340.0,7.636
10234,10341.0,7.435
10235,10342.0,7.073
10236,10343.0,7.877
10237,10344.0,6.279
10238,10345.0,5.837
10239,10346.0,6.279
10240,10347.0,6.239
10241,10348.0,6.32
10242,10349.0,7.917
10243,10350.0,9.068
10244,10351.0,8.507
10245,10352.0,8.266
10246,10353.0,6.159
10247,10354.0,6.591
10248,10355.0,8.145
10249,10356.0,6.872
10250,10357.0,6.32
10251,10358.0,6.4
10252,10359.0,5.957
10253,10360.0,5.957
10254,10361.0,6.279
10255,10362.0,6.36
10256,10363.0,8.587
10257,10364.0,9.149
10258,10365.0,9.51
10259,10366.0,8.908
10260,10367.0,6.159
10261,10368.0,6.913
10262,10369.0,7.917
10263,10370.0,7.314
10264,10371.0,6.36
10265,10372.0,6.4
10266,10373.0,6.038
10267,10374.0,5.796
10268,10375.0,6.4
10269,10376.0,6.279
10270,10377.0,8.988
10271,10378.0,8.199
10272,10379.0,8.828
10273,10380.0,9.109
10274,10381.0,6.44
10275,10382.0,7.716
10276,10383.0,6.712
10277,10384.0,8.426
10278,10385.0,6.953
10279,10386.0,6.763
10280,10387.0,5.998
10281,10388.0,5.877
10282,10389.0,6.159
10283,10390.0,6.32
10284,10391.0,8.627
10285,10392.0,7.676
10286,10393.0,8.426
10287,10394.0,8.747
10288,10396.0,6.521
10289,10397.0,8.038
10290,10398.0,7.033
10291,10399.0,7.837
10292,10400.0,7.355
10293,10401.0,6.913
10294,10402.0,5.998
10295,10403.0,5.756
10296,10404.0,6.159
10297,10405.0,6.239
10298,10406.0,7.716
10299,10407.0,6.792
10300,10408.0,7.475
10301,10409.0,7.958
10302,10410.0,6.792
10303,10411.0,6.481
10304,10412.0,7.676
10305,10413.0,6.671
10306,10414.0,8.105
10307,10415.0,7.314
10308,10416.0,6.159
10309,10417.0,5.635
10310,10418.0,6.239
10311,10419.0,6.239
10312,10420.0,6.44
10313,10421.0,7.355
10314,10422.0,7.676
10315,10423.0,7.355
10316,10424.0,7.033
10317,10425.0,6.038
10318,10426.0,8.266
10319,10427.0,7.073
10320,10428.0,7.797
10321,10429.0,8.038
10322,10430.0,6.199
10323,10431.0,5.756
10324,10432.0,6.279
10325,10433.0,6.279
10326,10434.0,6.159
10327,10435.0,7.596
10328,10436.0,8.346
10329,10437.0,8.145
10330,10438.0,7.716
10331,10439.0,6.239
10332,10440.0,6.953
10333,10441.0,7.676
10334,10442.0,6.631
10335,10443.0,7.274
10336,10444.0,6.32
10337,10445.0,5.957
10338,10446.0,5.917
10339,10447.0,6.279
10340,10448.0,6.44
10341,10449.0,8.266
10342,10450.0,9.269
10343,10451.0,9.229
10344,10452.0,8.587
10345,10453.0,6.199
10346,10454.0,6.712
10347,10455.0,8.239
10348,10456.0,7.113
10349,10457.0,6.269
10350,10458.0,6.36
10351,10459.0,6.038
10352,10460.0,5.837
10353,10461.0,6.239
10354,10462.0,6.199
10355,10463.0,9.349
10356,10464.0,8.788
10357,10465.0,9.269
10358,10466.0,9.47
10359,10467.0,6.239
10360,10468.0,7.194
10361,10469.0,7.073
10362,10470.0,7.676
10363,10471.0,6.551
10364,10472.0,6.561
10365,10473.0,6.038
10366,10474.0,5.837
10367,10475.0,6.44
10368,10476.0,6.279
10369,10477.0,8.908
10370,10478.0,8.118
10371,10479.0,8.747
10372,10480.0,9.028
10373,10481.0,6.44
10374,10482.0,7.837
10375,10483.0,6.832
10376,10484.0,8.386
10377,10485.0,7.033
10378,10486.0,6.843
10379,10487.0,5.998
10380,10488.0,5.837
10381,10489.0,6.199
10382,10490.0,6.32
10383,10491.0,8.199
10384,10493.0,7.073
10385,10494.0,7.998
10386,10495.0,8.467
10387,10496.0,6.642
10388,10497.0,7.395
10389,10498.0,7.314
10390,10499.0,7.234
10391,10500.0,7.556
10392,10501.0,7.073
10393,10502.0,5.998
10394,10503.0,5.796
10395,10504.0,6.199
10396,10505.0,6.36
10397,10506.0,7.314
10398,10507.0,6.993
10399,10508.0,7.274
10400,10509.0,7.716
10401,10510.0,6.792
10402,10511.0,6.078
10403,10512.0,7.917
10404,10513.0,6.752
10405,10514.0,8.386
10406,10515.0,7.515
10407,10516.0,6.078
10408,10517.0,5.756
10409,10518.0,6.239
10410,10519.0,6.199
10411,10520.0,6.199
10412,10521.0,7.274
10413,10522.0,7.837
10414,10523.0,7.515
10415,10524.0,7.154
10416,10525.0,6.078
10417,10526.0,8.078
10418,10527.0,7.154
10419,10528.0,7.556
10420,10529.0,8.078
10421,10530.0,6.279
10422,10531.0,5.796
10423,10532.0,6.239
10424,10533.0,6.279
10425,10534.0,6.199
10426,10535.0,7.636
10427,10536.0,8.426
10428,10537.0,8.158
10429,10538.0,7.797
10430,10539.0,6.159
10431,10540.0,6.792
10432,10541.0,7.716
10433,10542.0,6.671
10434,10543.0,7.073
10435,10544.0,6.32
10436,10545.0,5.957
10437,10546.0,6.038
10438,10547.0,6.239
10439,10548.0,6.44
10440,10549.0,8.186
10441,10550.0,9.309
10442,10551.0,9.068
10443,10552.0,8.507
10444,10553.0,6.159
10445,10554.0,6.712
10446,10555.0,8.266
10447,10556.0,7.113
10448,10557.0,6.269
10449,10558.0,6.4
10450,10559.0,6.038
10451,10560.0,5.877
10452,10561.0,6.239
10453,10562.0,6.239
10454,10563.0,9.269
10455,10564.0,8.868
10456,10565.0,9.229
10457,10566.0,9.51
10458,10567.0,6.159
10459,10568.0,7.274
10460,10569.0,7.073
10461,10570.0,7.676
10462,10571.0,6.551
10463,10572.0,6.642
10464,10573.0,6.038
10465,10574.0,5.877
10466,10575.0,6.4
10467,10576.0,6.239
10468,10577.0,8.988
10469,10578.0,8.199
10470,10579.0,8.788
10471,10580.0,9.109
10472,10581.0,6.4
10473,10582.0,7.676
10474,10583.0,6.712
10475,10584.0,8.426
10476,10585.0,6.953
10477,10586.0,6.803
10478,10587.0,5.998
10479,10589.0,5.796
10480,10590.0,6.159
10481,10591.0,6.279
10482,10592.0,8.306
10483,10593.0,7.234
10484,10594.0,8.158
10485,10595.0,8.547
10486,10596.0,6.601
10487,10597.0,7.596
10488,10598.0,7.274
10489,10599.0,7.395
10490,10600.0,7.475
10491,10601.0,7.033
10492,10602.0,6.038
10493,10603.0,5.676
10494,10604.0,6.239
10495,10605.0,6.4
10496,10606.0,7.113
10497,10607.0,7.033
10498,10608.0,7.355
10499,10609.0,7.475
10500,10610.0,6.832
10501,10611.0,6.038
10502,10612.0,8.118
10503,10613.0,6.832
10504,10614.0,8.346
10505,10615.0,7.636
10506,10616.0,6.159
10507,10617.0,5.716
10508,10618.0,6.279
10509,10619.0,6.279
10510,10620.0,6.239
10511,10621.0,7.515
10512,10622.0,8.226
10513,10623.0,7.985
10514,10624.0,7.636
10515,10625.0,6.239
10516,10626.0,7.274
10517,10627.0,7.515
10518,10628.0,6.631
10519,10629.0,7.515
10520,10630.0,6.279
10521,10631.0,5.917
10522,10632.0,6.159
10523,10633.0,6.239
10524,10634.0,6.36
10525,10635.0,8.038
10526,10636.0,9.269
10527,10637.0,8.788
10528,10638.0,8.186
10529,10639.0,6.159
10530,10640.0,6.591
10531,10641.0,8.386
10532,10642.0,6.913
10533,10643.0,6.279
10534,10644.0,6.32
10535,10645.0,5.957
10536,10646.0,5.877
10537,10647.0,6.279
10538,10648.0,6.199
10539,10649.0,9.149
10540,10650.0,8.948
10541,10651.0,9.349
10542,10652.0,9.51
10543,10653.0,6.159
10544,10654.0,7.154
10545,10655.0,7.314
10546,10656.0,7.515
10547,10657.0,6.511
10548,10658.0,6.521
10549,10659.0,6.038
10550,10660.0,5.796
10551,10661.0,6.481
10552,10662.0,6.239
10553,10663.0,8.908
10554,10664.0,8.118
10555,10665.0,8.788
10556,10666.0,9.109
10557,10667.0,6.481
10558,10668.0,7.797
10559,10669.0,6.792
10560,10670.0,8.386
10561,10671.0,7.033
10562,10672.0,6.803
10563,10673.0,6.038
10564,10674.0,5.796
10565,10675.0,6.239
10566,10676.0,6.279
10567,10677.0,8.346
10568,10678.0,7.154
10569,10679.0,8.078
10570,10680.0,8.467
10571,10681.0,6.601
10572,10682.0,7.435
10573,10683.0,7.314
10574,10684.0,7.274
10575,10686.0,7.556
10576,10687.0,7.073
10577,10688.0,5.998
10578,10689.0,5.796
10579,10690.0,6.199
10580,10691.0,6.36
10581,10692.0,7.274
10582,10693.0,6.953
10583,10694.0,7.274
10584,10695.0,7.676
10585,10696.0,6.832
10586,10697.0,6.038
10587,10698.0,7.958
10588,10699.0,6.752
10589,10700.0,8.426
10590,10701.0,7.556
10591,10702.0,6.078
10592,10703.0,5.716
10593,10704.0,6.199
10594,10705.0,6.159
10595,10706.0,6.32
10596,10707.0,7.355
10597,10708.0,7.716
10598,10709.0,7.435
10599,10710.0,7.073
10600,10711.0,6.078
10601,10712.0,8.199
10602,10713.0,7.113
10603,10714.0,7.757
10604,10715.0,8.078
10605,10716.0,6.199
10606,10717.0,5.837
10607,10718.0,6.239
10608,10719.0,6.239
10609,10720.0,6.118
10610,10721.0,7.395
10611,10722.0,8.118
10612,10723.0,7.877
10613,10724.0,7.395
10614,10725.0,6.239
10615,10726.0,7.556
10616,10727.0,7.395
10617,10728.0,6.993
10618,10729.0,7.877
10619,10730.0,6.279
10620,10731.0,5.877
10621,10732.0,6.159
10622,10733.0,6.239
10623,10734.0,6.4
10624,10735.0,8.158
10625,10736.0,9.349
10626,10737.0,9.028
10627,10738.0,8.426
10628,10739.0,6.159
10629,10740.0,6.671
10630,10741.0,8.346
10631,10742.0,7.033
10632,10743.0,6.36
10633,10744.0,6.36
10634,10745.0,5.998
10635,10746.0,5.877
10636,10747.0,6.199
10637,10748.0,6.279
10638,10749.0,9.309
10639,10750.0,8.788
10640,10751.0,9.229
10641,10752.0,9.43
10642,10753.0,6.199
10643,10754.0,7.154
10644,10755.0,6.993
10645,10756.0,7.676
10646,10757.0,6.551
10647,10758.0,6.601
10648,10759.0,6.038
10649,10760.0,5.837
10650,10761.0,6.078
10651,10762.0,6.279
10652,10763.0,8.747
10653,10764.0,7.917
10654,10765.0,8.587
10655,10766.0,8.948
10656,10767.0,6.481
10657,10768.0,8.078
10658,10769.0,6.872
10659,10770.0,8.199
10660,10771.0,7.154
10661,10772.0,6.924
10662,10773.0,5.998
10663,10774.0,5.796
10664,10775.0,6.118
10665,10776.0,6.32
10666,10777.0,7.556
10667,10778.0,6.924
10668,10779.0,7.274
10669,10780.0,7.877
10670,10782.0,6.752
10671,10783.0,6.279
10672,10784.0,7.716
10673,10785.0,6.671
10674,10786.0,8.145
10675,10787.0,7.355
10676,10788.0,6.118
10677,10789.0,5.635
10678,10790.0,6.239
10679,10791.0,6.32
10680,10792.0,6.481
10681,10793.0,7.314
10682,10794.0,7.676
10683,10795.0,7.395
10684,10796.0,7.073
10685,10797.0,6.038
10686,10798.0,8.306
10687,10799.0,7.073
10688,10800.0,7.837
10689,10801.0,7.998
10690,10802.0,6.199
10691,10803.0,5.756
10692,10804.0,6.239
10693,10805.0,6.239
10694,10806.0,6.32
10695,10807.0,7.917
10696,10808.0,9.068
10697,10809.0,8.547
10698,10810.0,8.186
10699,10811.0,6.159
10700,10812.0,6.601
10701,10813.0,8.158
10702,10814.0,6.832
10703,10815.0,6.279
10704,10816.0,6.36
10705,10817.0,5.957
10706,10818.0,5.877
10707,10819.0,6.279
10708,10820.0,6.159
10709,10821.0,8.707
10710,10822.0,9.109
10711,10823.0,9.43
10712,10824.0,9.068
10713,10825.0,6.159
10714,10826.0,6.993
10715,10827.0,7.757
10716,10828.0,7.435
10717,10829.0,6.35
10718,10830.0,6.521
10719,10831.0,6.078
10720,10832.0,5.837
10721,10833.0,6.36
10722,10834.0,6.239
10723,10835.0,9.149
10724,10836.0,8.44
10725,10837.0,8.988
10726,10838.0,9.229
10727,10839.0,6.32
10728,10840.0,7.515
10729,10841.0,6.671
10730,10842.0,8.158
10731,10843.0,6.832
10732,10844.0,6.763
10733,10845.0,6.038
10734,10846.0,5.756
10735,10847.0,6.199
10736,10848.0,6.32
10737,10849.0,8.279
10738,10850.0,7.113
10739,10851.0,8.078
10740,10852.0,8.507
10741,10853.0,6.601
10742,10854.0,7.475
10743,10855.0,7.314
10744,10856.0,7.274
10745,10857.0,7.556
10746,10858.0,7.033
10747,10859.0,6.038
10748,10860.0,5.555
10749,10861.0,6.239
10750,10862.0,6.239
10751,10863.0,6.199
10752,10864.0,7.556
10753,10865.0,8.306
10754,10866.0,8.078
10755,10867.0,7.716
10756,10868.0,6.239
10757,10869.0,7.113
10758,10870.0,7.596
10759,10871.0,6.671
10760,10872.0,7.355
10761,10873.0,6.36
10762,10874.0,5.917
10763,10875.0,6.239
10764,10876.0,6.239
10765,10877.0,6.44
10766,10878.0,8.118
10767,10880.0,9.43
10768,10881.0,8.868
10769,10882.0,8.346
10770,10883.0,6.159
10771,10884.0,6.642
10772,10885.0,8.426
10773,10886.0,6.953
10774,10887.0,6.279
10775,10888.0,6.36
10776,10889.0,5.957
10777,10890.0,5.837
10778,10891.0,6.279
10779,10892.0,6.199
10780,10893.0,9.149
10781,10894.0,8.908
10782,10895.0,9.309
10783,10896.0,9.51
10784,10897.0,6.159
10785,10898.0,7.113
10786,10899.0,7.274
10787,10900.0,7.515
10788,10901.0,6.511
10789,10902.0,6.521
10790,10903.0,6.038
10791,10904.0,5.796
10792,10905.0,6.481
10793,10906.0,6.279
10794,10907.0,8.908
10795,10908.0,8.118
10796,10909.0,8.788
10797,10910.0,9.068
10798,10911.0,6.481
10799,10912.0,7.797
10800,10913.0,6.832
10801,10914.0,8.386
10802,10915.0,7.033
10803,10916.0,6.832
10804,10917.0,6.038
10805,10918.0,5.756
10806,10919.0,6.159
10807,10920.0,6.239
10808,10921.0,7.797
10809,10922.0,6.792
10810,10923.0,7.515
10811,10924.0,8.038
10812,10925.0,6.792
10813,10926.0,6.642
10814,10927.0,7.636
10815,10928.0,6.631
10816,10929.0,8.065
10817,10930.0,7.274
10818,10931.0,6.118
10819,10932.0,5.635
10820,10933.0,6.36
10821,10934.0,6.279
10822,10935.0,6.199
10823,10936.0,7.475
10824,10937.0,8.186
10825,10938.0,7.998
10826,10939.0,7.596
10827,10940.0,6.36
10828,10941.0,7.234
10829,10942.0,7.556
10830,10943.0,6.712
10831,10944.0,7.475
10832,10945.0,6.279
10833,10946.0,5.957
10834,10947.0,6.199
10835,10948.0,6.239
10836,10949.0,6.32
10837,10950.0,7.998
10838,10951.0,9.189
10839,10952.0,8.667
10840,10953.0,8.158
10841,10954.0,6.199
10842,10955.0,6.591
10843,10956.0,8.346
10844,10957.0,6.872
10845,10958.0,6.32
10846,10959.0,6.36
10847,10960.0,5.957
10848,10961.0,5.837
10849,10962.0,6.279
10850,10963.0,6.199
10851,10964.0,9.229
10852,10965.0,8.868
10853,10966.0,9.349
10854,10967.0,9.51
10855,10968.0,6.199
10856,10969.0,7.154
10857,10970.0,7.234
10858,10971.0,7.556
10859,10972.0,6.551
10860,10973.0,6.521
10861,10974.0,6.118
10862,10976.0,5.756
10863,10977.0,6.199
10864,10978.0,6.279
10865,10979.0,8.346
10866,10980.0,7.194
10867,10981.0,8.145
10868,10982.0,8.547
10869,10983.0,6.631
10870,10984.0,7.556
10871,10985.0,7.234
10872,10986.0,7.355
10873,10987.0,7.475
10874,10988.0,7.073
10875,10989.0,5.998
10876,10990.0,5.837
10877,10991.0,6.118
10878,10992.0,6.279
10879,10993.0,7.716
10880,10994.0,6.792
10881,10995.0,7.475
10882,10996.0,8.038
10883,10997.0,6.712
10884,10998.0,6.803
10885,10999.0,7.636
10886,11000.0,6.671
10887,11001.0,8.038
10888,11002.0,7.274
10889,11003.0,6.078
10890,11004.0,5.796
10891,11005.0,6.279
10892,11006.0,6.44
10893,11007.0,6.953
10894,11008.0,7.113
10895,11009.0,7.395
10896,11010.0,7.395
10897,11011.0,6.872
10898,11012.0,6.038
10899,11013.0,8.186
10900,11014.0,6.872
10901,11015.0,8.226
10902,11016.0,7.716
10903,11017.0,6.118
10904,11018.0,5.756
10905,11019.0,6.279
10906,11020.0,6.239
10907,11021.0,6.118
10908,11022.0,7.395
10909,11023.0,8.038
10910,11024.0,7.716
10911,11025.0,7.314
10912,11026.0,6.199
10913,11027.0,7.757
10914,11028.0,7.435
10915,11029.0,7.194
10916,11030.0,8.038
10917,11031.0,6.279
10918,11032.0,5.877
10919,11033.0,6.239
10920,11034.0,6.239
10921,11035.0,6.279
10922,11036.0,7.757
10923,11037.0,8.747
10924,11038.0,8.226
10925,11039.0,7.998
10926,11040.0,6.199
10927,11041.0,6.521
10928,11042.0,7.917
10929,11043.0,6.712
10930,11044.0,6.712
10931,11045.0,6.32
10932,11046.0,5.917
10933,11047.0,5.837
10934,11048.0,6.279
10935,11049.0,6.159
10936,11050.0,8.868
10937,11051.0,9.028
10938,11052.0,9.43
10939,11053.0,9.269
10940,11054.0,6.159
10941,11055.0,7.033
10942,11056.0,7.556
10943,11057.0,7.395
10944,11058.0,6.43
10945,11059.0,6.481
10946,11060.0,6.078
10947,11061.0,5.877
10948,11062.0,6.44
10949,11063.0,6.279
10950,11064.0,8.948
10951,11065.0,8.199
10952,11066.0,8.788
10953,11067.0,9.149
10954,11068.0,6.4
10955,11069.0,7.757
10956,11070.0,6.712
10957,11071.0,8.467
10958,11073.0,6.953
10959,11074.0,6.843
10960,11075.0,5.998
10961,11076.0,5.837
10962,11077.0,6.199
10963,11078.0,6.36
10964,11079.0,8.279
10965,11080.0,7.154
10966,11081.0,8.038
10967,11082.0,8.467
10968,11083.0,6.601
10969,11084.0,7.435
10970,11085.0,7.314
10971,11086.0,7.234
10972,11087.0,7.556
10973,11088.0,7.033
10974,11089.0,6.038
10975,11090.0,5.676
10976,11091.0,6.279
10977,11092.0,6.44
10978,11093.0,6.872
10979,11094.0,7.154
10980,11095.0,7.475
10981,11096.0,7.314
10982,11097.0,6.913
10983,11098.0,5.998
10984,11099.0,8.266
10985,11100.0,6.872
10986,11101.0,8.145
10987,11102.0,7.757
10988,11103.0,6.159
10989,11104.0,5.716
10990,11105.0,6.159
10991,11106.0,6.239
10992,11107.0,6.44
10993,11108.0,8.118
10994,11109.0,9.349
10995,11110.0,8.988
10996,11111.0,8.426
10997,11112.0,6.159
10998,11113.0,6.671
10999,11114.0,8.346
11000,11115.0,7.073
11001,11116.0,6.269
11002,11117.0,6.4
11003,11118.0,5.998
11004,11119.0,5.877
11005,11120.0,6.199
11006,11121.0,6.239
11007,11122.0,9.309
11008,11123.0,8.828
11009,11124.0,9.229
11010,11125.0,9.51
11011,11126.0,6.199
11012,11127.0,7.234
11013,11128.0,6.993
11014,11129.0,7.716
11015,11130.0,6.591
11016,11131.0,6.601
11017,11132.0,6.038
11018,11133.0,5.796
11019,11134.0,6.118
11020,11135.0,6.279
11021,11136.0,8.587
11022,11137.0,7.596
11023,11138.0,8.386
11024,11139.0,8.747
11025,11140.0,6.561
11026,11141.0,7.958
11027,11142.0,7.073
11028,11143.0,7.757
11029,11144.0,7.395
11030,11145.0,6.953
11031,11146.0,5.957
11032,11147.0,5.555
11033,11148.0,6.239
11034,11149.0,6.159
11035,11150.0,6.078
11036,11151.0,7.314
11037,11152.0,7.998
11038,11153.0,7.636
11039,11154.0,7.314
11040,11155.0,6.118
11041,11156.0,8.118
11042,11157.0,7.355
11043,11158.0,7.314
11044,11159.0,8.038
11045,11160.0,6.279
11046,11161.0,5.796
11047,11162.0,6.239
11048,11163.0,6.239
11049,11164.0,6.36
11050,11165.0,7.917
11051,11166.0,9.109
11052,11167.0,8.587
11053,11168.0,8.186
11054,11170.0,6.199
11055,11171.0,6.631
11056,11172.0,8.226
11057,11173.0,6.872
11058,11174.0,6.279
11059,11175.0,6.4
11060,11176.0,5.957
11061,11177.0,5.756
11062,11178.0,6.199
11063,11179.0,6.36
11064,11180.0,8.158
11065,11181.0,7.073
11066,11182.0,7.958
11067,11183.0,8.426
11068,11184.0,6.642
11069,11185.0,7.314
11070,11186.0,7.355
11071,11187.0,7.154
11072,11188.0,7.596
11073,11189.0,7.073
11074,11190.0,5.998
11075,11191.0,5.716
11076,11192.0,6.239
11077,11193.0,6.4
11078,11194.0,7.033
11079,11195.0,7.073
11080,11196.0,7.355
11081,11197.0,7.395
11082,11198.0,6.872
11083,11199.0,5.998
11084,11200.0,8.158
11085,11201.0,6.832
11086,11202.0,8.266
11087,11203.0,7.676
11088,11204.0,6.118
11089,11205.0,5.676
11090,11206.0,6.279
11091,11207.0,6.199
11092,11208.0,6.118
11093,11209.0,7.395
11094,11210.0,8.118
11095,11211.0,7.797
11096,11212.0,7.435
11097,11213.0,6.159
11098,11214.0,7.596
11099,11215.0,7.355
11100,11216.0,7.033
11101,11217.0,7.837
11102,11218.0,6.32
11103,11219.0,5.877
11104,11220.0,6.279
11105,11221.0,6.239
11106,11222.0,6.36
11107,11223.0,7.877
11108,11224.0,9.028
11109,11225.0,8.507
11110,11226.0,8.266
11111,11227.0,6.159
11112,11228.0,6.631
11113,11229.0,8.145
11114,11230.0,6.872
11115,11231.0,6.36
11116,11232.0,6.36
11117,11233.0,5.957
11118,11234.0,5.837
11119,11235.0,6.279
11120,11236.0,6.36
11121,11237.0,8.507
11122,11238.0,9.149
11123,11239.0,9.47
11124,11240.0,8.828
11125,11241.0,6.159
11126,11242.0,6.872
11127,11243.0,7.917
11128,11244.0,7.274
11129,11245.0,6.32
11130,11246.0,6.4
11131,11247.0,6.038
11132,11248.0,5.837
11133,11249.0,6.279
11134,11250.0,6.279
11135,11251.0,9.309
11136,11252.0,8.667
11137,11253.0,9.189
11138,11254.0,9.389
11139,11255.0,6.239
11140,11256.0,7.234
11141,11257.0,6.792
11142,11258.0,7.797
11143,11259.0,6.631
11144,11260.0,7.085
11145,11261.0,6.118
11146,11262.0,5.796
11147,11263.0,6.078
11148,11264.0,6.239
11149,11265.0,8.747
11150,11267.0,7.877
11151,11268.0,8.627
11152,11269.0,8.948
11153,11270.0,6.521
11154,11271.0,8.038
11155,11272.0,6.913
11156,11273.0,8.158
11157,11274.0,7.194
11158,11275.0,6.872
11159,11276.0,6.038
11160,11277.0,5.756
11161,11278.0,6.279
11162,11279.0,6.279
11163,11280.0,8.038
11164,11281.0,6.752
11165,11282.0,7.837
11166,11283.0,8.266
11167,11284.0,6.671
11168,11285.0,6.993
11169,11286.0,7.395
11170,11287.0,6.792
11171,11288.0,7.797
11172,11289.0,7.154
11173,11290.0,6.038
11174,11291.0,5.716
11175,11292.0,6.239
11176,11293.0,6.44
11177,11294.0,6.913
11178,11295.0,7.154
11179,11296.0,7.435
11180,11297.0,7.314
11181,11298.0,6.872
11182,11299.0,6.038
11183,11300.0,8.226
11184,11301.0,6.913
11185,11302.0,8.186
11186,11303.0,7.757
11187,11304.0,6.118
11188,11305.0,5.756
11189,11306.0,6.239
11190,11307.0,6.159
11191,11308.0,6.078
11192,11309.0,7.314
11193,11310.0,8.038
11194,11311.0,7.676
11195,11312.0,7.274
11196,11313.0,6.159
11197,11314.0,7.797
11198,11315.0,7.355
11199,11316.0,7.274
11200,11317.0,8.038
11201,11318.0,6.279
11202,11319.0,5.877
11203,11320.0,6.239
11204,11321.0,6.279
11205,11322.0,6.199
11206,11323.0,7.716
11207,11324.0,8.547
11208,11325.0,8.145
11209,11326.0,7.877
11210,11327.0,6.239
11211,11328.0,6.671
11212,11329.0,7.837
11213,11330.0,6.671
11214,11331.0,7.033
11215,11332.0,6.32
11216,11333.0,6.038
11217,11334.0,5.837
11218,11335.0,6.279
11219,11336.0,6.159
11220,11337.0,8.868
11221,11338.0,9.028
11222,11339.0,9.389
11223,11340.0,9.229
11224,11341.0,6.159
11225,11342.0,6.993
11226,11343.0,7.596
11227,11344.0,7.355
11228,11345.0,6.39
11229,11346.0,6.481
11230,11347.0,6.038
11231,11348.0,5.877
11232,11349.0,6.32
11233,11350.0,6.32
11234,11351.0,9.189
11235,11352.0,8.507
11236,11353.0,9.028
11237,11354.0,9.309
11238,11355.0,6.279
11239,11356.0,7.395
11240,11357.0,6.631
11241,11358.0,8.038
11242,11359.0,6.752
11243,11360.0,6.763
11244,11361.0,6.038
11245,11363.0,5.837
11246,11364.0,6.118
11247,11365.0,6.32
11248,11366.0,8.507
11249,11367.0,7.596
11250,11368.0,8.346
11251,11369.0,8.747
11252,11370.0,6.521
11253,11371.0,7.958
11254,11372.0,7.073
11255,11373.0,7.797
11256,11374.0,7.395
11257,11375.0,6.993
11258,11376.0,5.957
11259,11377.0,5.716
11260,11378.0,6.279
11261,11379.0,6.521
11262,11380.0,6.803
11263,11381.0,7.234
11264,11382.0,7.515
11265,11383.0,7.355
11266,11384.0,6.953
11267,11385.0,6.038
11268,11386.0,8.306
11269,11387.0,6.913
11270,11388.0,8.078
11271,11389.0,7.797
11272,11390.0,6.118
11273,11391.0,5.756
11274,11392.0,6.118
11275,11393.0,6.239
11276,11394.0,6.4
11277,11395.0,8.158
11278,11396.0,9.309
11279,11397.0,9.068
11280,11398.0,8.467
11281,11399.0,6.159
11282,11400.0,6.671
11283,11401.0,8.306
11284,11402.0,7.073
11285,11403.0,6.279
11286,11404.0,6.36
11287,11405.0,5.998
11288,11406.0,5.837
11289,11407.0,6.32
11290,11408.0,6.239
11291,11409.0,9.109
11292,11410.0,8.426
11293,11411.0,8.988
11294,11412.0,9.269
11295,11413.0,6.32
11296,11414.0,7.515
11297,11415.0,6.631
11298,11416.0,8.145
11299,11417.0,6.792
11300,11418.0,6.803
11301,11419.0,5.998
11302,11420.0,5.837
11303,11421.0,6.118
11304,11422.0,6.32
11305,11423.0,8.467
11306,11424.0,7.475
11307,11425.0,8.279
11308,11426.0,8.667
11309,11427.0,6.521
11310,11428.0,7.877
11311,11429.0,7.113
11312,11430.0,7.716
11313,11431.0,7.355
11314,11432.0,7.033
11315,11433.0,5.957
11316,11434.0,5.796
11317,11435.0,6.159
11318,11436.0,6.32
11319,11437.0,7.395
11320,11438.0,6.913
11321,11439.0,7.274
11322,11440.0,7.757
11323,11441.0,6.792
11324,11442.0,6.038
11325,11443.0,7.877
11326,11444.0,6.712
11327,11445.0,8.306
11328,11446.0,7.435
11329,11447.0,6.078
11330,11448.0,5.676
11331,11449.0,6.239
11332,11450.0,6.159
11333,11451.0,6.159
11334,11452.0,7.274
11335,11453.0,7.958
11336,11454.0,7.596
11337,11455.0,7.274
11338,11456.0,6.118
11339,11457.0,7.917
11340,11458.0,7.274
11341,11460.0,7.395
11342,11461.0,8.078
11343,11462.0,6.279
11344,11463.0,5.796
11345,11464.0,6.239
11346,11465.0,6.239
11347,11466.0,6.279
11348,11467.0,7.757
11349,11468.0,8.747
11350,11469.0,8.226
11351,11470.0,8.038
11352,11471.0,6.159
11353,11472.0,6.601
11354,11473.0,7.917
11355,11474.0,6.752
11356,11475.0,6.712
11357,11476.0,6.36
11358,11477.0,5.957
11359,11478.0,5.877
11360,11479.0,6.239
11361,11480.0,6.36
11362,11481.0,8.547
11363,11482.0,9.229
11364,11483.0,9.51
11365,11484.0,8.908
11366,11485.0,6.159
11367,11486.0,6.872
11368,11487.0,7.917
11369,11488.0,7.274
11370,11489.0,6.32
11371,11490.0,6.4
11372,11491.0,6.038
11373,11492.0,5.837
11374,11493.0,6.279
11375,11494.0,6.279
11376,11495.0,9.229
11377,11496.0,8.587
11378,11497.0,9.109
11379,11498.0,9.349
11380,11499.0,6.279
11381,11500.0,7.314
11382,11501.0,6.631
11383,11502.0,7.958
11384,11503.0,6.712
11385,11504.0,6.682
11386,11505.0,6.038
11387,11506.0,5.837
11388,11507.0,6.118
11389,11508.0,6.239
11390,11509.0,8.788
11391,11510.0,7.917
11392,11511.0,8.627
11393,11512.0,8.948
11394,11513.0,6.481
11395,11514.0,7.998
11396,11515.0,6.872
11397,11516.0,8.186
11398,11517.0,7.154
11399,11518.0,6.843
11400,11519.0,5.998
11401,11520.0,5.837
11402,11521.0,6.279
11403,11522.0,6.32
11404,11523.0,8.199
11405,11524.0,6.993
11406,11525.0,7.958
11407,11526.0,8.386
11408,11527.0,6.682
11409,11528.0,7.274
11410,11529.0,7.435
11411,11530.0,7.113
11412,11531.0,7.676
11413,11532.0,7.113
11414,11533.0,6.078
11415,11534.0,5.595
11416,11535.0,6.32
11417,11536.0,6.44
11418,11537.0,6.832
11419,11538.0,7.194
11420,11539.0,7.475
11421,11540.0,7.274
11422,11541.0,6.913
11423,11542.0,5.998
11424,11543.0,8.266
11425,11544.0,6.913
11426,11545.0,8.118
11427,11546.0,7.797
11428,11547.0,6.159
11429,11548.0,5.716
11430,11549.0,6.239
11431,11550.0,6.279
11432,11551.0,6.239
11433,11552.0,7.757
11434,11553.0,8.707
11435,11554.0,8.266
11436,11556.0,7.998
11437,11557.0,6.199
11438,11558.0,6.551
11439,11559.0,7.958
11440,11560.0,6.712
11441,11561.0,6.712
11442,11562.0,6.32
11443,11563.0,5.957
11444,11564.0,5.837
11445,11565.0,6.279
11446,11566.0,6.118
11447,11567.0,8.707
11448,11568.0,9.068
11449,11569.0,9.51
11450,11570.0,9.028
11451,11571.0,6.199
11452,11572.0,6.913
11453,11573.0,7.837
11454,11574.0,7.355
11455,11575.0,6.4
11456,11576.0,6.4
11457,11577.0,6.118
11458,11578.0,5.837
11459,11579.0,6.32
11460,11580.0,6.279
11461,11581.0,9.229
11462,11582.0,8.547
11463,11583.0,9.149
11464,11584.0,9.309
11465,11585.0,6.32
11466,11586.0,7.355
11467,11587.0,6.631
11468,11588.0,7.958
11469,11589.0,6.712
11470,11590.0,6.682
11471,11591.0,5.998
11472,11592.0,5.837
11473,11593.0,6.078
11474,11594.0,6.279
11475,11595.0,8.667
11476,11596.0,7.797
11477,11597.0,8.507
11478,11598.0,8.868
11479,11599.0,6.481
11480,11600.0,8.118
11481,11601.0,6.913
11482,11602.0,8.038
11483,11603.0,7.194
11484,11604.0,6.872
11485,11605.0,5.957
11486,11606.0,5.796
11487,11607.0,6.078
11488,11608.0,6.32
11489,11609.0,7.837
11490,11610.0,6.832
11491,11611.0,7.596
11492,11612.0,8.118
11493,11613.0,6.671
11494,11614.0,6.752
11495,11615.0,7.515
11496,11616.0,6.631
11497,11617.0,7.917
11498,11618.0,7.234
11499,11619.0,6.038
11500,11620.0,5.837
11501,11621.0,6.239
11502,11622.0,6.4
11503,11623.0,7.113
11504,11624.0,7.073
11505,11625.0,7.314
11506,11626.0,7.515
11507,11627.0,6.792
11508,11628.0,6.078
11509,11629.0,8.078
11510,11630.0,6.872
11511,11631.0,8.386
11512,11632.0,7.676
11513,11633.0,6.118
11514,11634.0,5.837
11515,11635.0,6.239
11516,11636.0,6.199
11517,11637.0,6.118
11518,11638.0,7.355
11519,11639.0,8.078
11520,11640.0,7.797
11521,11641.0,7.435
11522,11642.0,6.159
11523,11643.0,7.556
11524,11644.0,7.314
11525,11645.0,6.953
11526,11646.0,7.797
11527,11647.0,6.279
11528,11648.0,5.837
11529,11649.0,6.199
11530,11650.0,6.239
11531,11651.0,6.36
11532,11653.0,7.998
11533,11654.0,9.269
11534,11655.0,8.707
11535,11656.0,8.186
11536,11657.0,6.159
11537,11658.0,6.591
11538,11659.0,8.346
11539,11660.0,6.913
11540,11661.0,6.279
11541,11662.0,6.36
11542,11663.0,5.957
11543,11664.0,5.877
11544,11665.0,6.279
11545,11666.0,6.199
11546,11667.0,9.229
11547,11668.0,8.868
11548,11669.0,9.269
11549,11670.0,9.51
11550,11671.0,6.159
11551,11672.0,7.194
11552,11673.0,7.154
11553,11674.0,7.596
11554,11675.0,6.511
11555,11676.0,6.601
11556,11677.0,6.038
11557,11678.0,5.877
11558,11679.0,6.118
11559,11680.0,6.32
11560,11681.0,8.788
11561,11682.0,7.998
11562,11683.0,8.627
11563,11684.0,8.988
11564,11685.0,6.481
11565,11686.0,7.998
11566,11687.0,6.913
11567,11688.0,8.158
11568,11689.0,7.154
11569,11690.0,6.872
11570,11691.0,5.998
11571,11692.0,5.796
11572,11693.0,6.239
11573,11694.0,6.32
11574,11695.0,8.078
11575,11696.0,6.872
11576,11697.0,7.877
11577,11698.0,8.346
11578,11699.0,6.642
11579,11700.0,7.154
11580,11701.0,7.355
11581,11702.0,6.953
11582,11703.0,7.716
11583,11704.0,7.113
11584,11705.0,6.038
11585,11706.0,5.796
11586,11707.0,6.199
11587,11708.0,6.36
11588,11709.0,7.274
11589,11710.0,6.993
11590,11711.0,7.314
11591,11712.0,7.596
11592,11713.0,6.792
11593,11714.0,5.998
11594,11715.0,7.998
11595,11716.0,6.752
11596,11717.0,8.426
11597,11718.0,7.556
11598,11719.0,6.118
11599,11720.0,5.716
11600,11721.0,6.239
11601,11722.0,6.159
11602,11723.0,6.36
11603,11724.0,7.314
11604,11725.0,7.757
11605,11726.0,7.395
11606,11727.0,7.154
11607,11728.0,6.038
11608,11729.0,8.239
11609,11730.0,7.113
11610,11731.0,7.757
11611,11732.0,8.038
11612,11733.0,6.239
11613,11734.0,5.756
11614,11735.0,6.239
11615,11736.0,6.239
11616,11737.0,6.199
11617,11738.0,7.676
11618,11739.0,8.587
11619,11740.0,8.145
11620,11741.0,7.917
11621,11742.0,6.159
11622,11743.0,6.601
11623,11744.0,7.837
11624,11745.0,6.671
11625,11746.0,6.872
11626,11747.0,6.32
11627,11748.0,5.998
11628,11750.0,5.837
11629,11751.0,6.279
11630,11752.0,6.199
11631,11753.0,8.627
11632,11754.0,9.109
11633,11755.0,9.51
11634,11756.0,8.948
11635,11757.0,6.199
11636,11758.0,6.913
11637,11759.0,7.837
11638,11760.0,7.314
11639,11761.0,6.35
11640,11762.0,6.4
11641,11763.0,6.078
11642,11764.0,5.837
11643,11765.0,6.279
11644,11766.0,6.279
11645,11767.0,9.269
11646,11768.0,8.627
11647,11769.0,9.149
11648,11770.0,9.389
11649,11771.0,6.279
11650,11772.0,7.274
11651,11773.0,6.682
11652,11774.0,7.877
11653,11775.0,6.712
11654,11776.0,6.682
11655,11777.0,6.078
11656,11778.0,5.837
11657,11779.0,6.159
11658,11780.0,6.279
11659,11781.0,8.788
11660,11782.0,7.877
11661,11783.0,8.627
11662,11784.0,8.908
11663,11785.0,6.521
11664,11786.0,8.038
11665,11787.0,6.913
11666,11788.0,8.118
11667,11789.0,7.154
11668,11790.0,6.913
11669,11791.0,5.957
11670,11792.0,5.796
11671,11793.0,6.239
11672,11794.0,6.32
11673,11795.0,8.038
11674,11796.0,6.832
11675,11797.0,7.837
11676,11798.0,8.306
11677,11799.0,6.642
11678,11800.0,7.073
11679,11801.0,7.355
11680,11802.0,6.872
11681,11803.0,7.716
11682,11804.0,7.154
11683,11805.0,6.038
11684,11806.0,5.635
11685,11807.0,6.279
11686,11808.0,6.44
11687,11809.0,6.792
11688,11810.0,7.194
11689,11811.0,7.515
11690,11812.0,7.314
11691,11813.0,6.953
11692,11814.0,6.038
11693,11815.0,8.346
11694,11816.0,6.953
11695,11817.0,8.118
11696,11818.0,7.837
11697,11819.0,6.118
11698,11820.0,5.756
11699,11821.0,6.239
11700,11822.0,6.279
11701,11823.0,6.159
11702,11824.0,7.515
11703,11825.0,8.145
11704,11826.0,8.038
11705,11827.0,7.596
11706,11828.0,6.279
11707,11829.0,7.234
11708,11830.0,7.556
11709,11831.0,6.631
11710,11832.0,7.596
11711,11833.0,6.279
11712,11834.0,5.957
11713,11835.0,5.877
11714,11836.0,6.279
11715,11837.0,6.481
11716,11838.0,8.306
11717,11839.0,9.229
11718,11840.0,9.229
11719,11841.0,8.627
11720,11842.0,6.159
11721,11843.0,6.752
11722,11844.0,8.186
11723,11845.0,7.154
11724,11847.0,6.279
11725,11848.0,6.4
11726,11849.0,5.998
11727,11850.0,5.837
11728,11851.0,6.32
11729,11852.0,6.32
11730,11853.0,9.189
11731,11854.0,8.547
11732,11855.0,9.068
11733,11856.0,9.309
11734,11857.0,6.279
11735,11858.0,7.395
11736,11859.0,6.631
11737,11860.0,8.038
11738,11861.0,6.752
11739,11862.0,6.763
11740,11863.0,5.998
11741,11864.0,5.837
11742,11865.0,6.118
11743,11866.0,6.32
11744,11867.0,8.507
11745,11868.0,7.556
11746,11869.0,8.346
11747,11870.0,8.747
11748,11871.0,6.561
11749,11872.0,7.958
11750,11873.0,7.073
11751,11874.0,7.757
11752,11875.0,7.395
11753,11876.0,7.395
11754,11877.0,6.038
11755,11878.0,5.837
11756,11879.0,6.199
11757,11880.0,6.4
11758,11881.0,7.314
11759,11882.0,6.993
11760,11883.0,7.274
11761,11884.0,7.716
11762,11885.0,6.792
11763,11886.0,6.078
11764,11887.0,7.917
11765,11888.0,6.752
11766,11889.0,8.426
11767,11890.0,7.515
11768,11891.0,6.078
11769,11892.0,5.676
11770,11893.0,6.239
11771,11894.0,6.159
11772,11895.0,6.078
11773,11896.0,7.274
11774,11897.0,7.998
11775,11898.0,7.636
11776,11899.0,7.274
11777,11900.0,6.118
11778,11901.0,7.837
11779,11902.0,7.314
11780,11903.0,7.314
11781,11904.0,8.038
11782,11905.0,6.279
11783,11906.0,5.796
11784,11907.0,6.199
11785,11908.0,6.239
11786,11909.0,6.36
11787,11910.0,7.998
11788,11911.0,9.269
11789,11912.0,8.707
11790,11913.0,8.186
11791,11914.0,6.159
11792,11915.0,6.591
11793,11916.0,8.306
11794,11917.0,6.913
11795,11918.0,6.279
11796,11919.0,6.36
11797,11920.0,5.957
11798,11921.0,5.877
11799,11922.0,6.239
11800,11923.0,6.279
11801,11924.0,9.229
11802,11925.0,8.587
11803,11926.0,9.068
11804,11927.0,9.309
11805,11928.0,6.32
11806,11929.0,7.515
11807,11930.0,6.671
11808,11931.0,8.306
11809,11932.0,6.913
11810,11933.0,6.803
11811,11934.0,5.998
11812,11935.0,5.917
11813,11936.0,6.199
11814,11937.0,6.32
11815,11938.0,8.078
11816,11939.0,6.803
11817,11940.0,7.757
11818,11941.0,8.158
11819,11943.0,6.671
11820,11944.0,6.722
11821,11945.0,7.556
11822,11946.0,6.631
11823,11947.0,8.065
11824,11948.0,7.314
11825,11949.0,6.118
11826,11950.0,5.676
11827,11951.0,6.239
11828,11952.0,6.118
11829,11953.0,6.199
11830,11954.0,7.234
11831,11955.0,7.958
11832,11956.0,7.636
11833,11957.0,7.355
11834,11958.0,6.159
11835,11959.0,7.596
11836,11960.0,7.355
11837,11961.0,6.792
11838,11962.0,7.596
11839,11963.0,6.279
11840,11964.0,5.877
11841,11965.0,6.199
11842,11966.0,6.239
11843,11967.0,6.4
11844,11968.0,8.038
11845,11969.0,9.349
11846,11970.0,9.028
11847,11971.0,8.507
11848,11972.0,6.159
11849,11973.0,6.752
11850,11974.0,8.226
11851,11975.0,7.154
11852,11976.0,6.229
11853,11977.0,6.4
11854,11978.0,5.998
11855,11979.0,5.837
11856,11980.0,6.36
11857,11981.0,6.32
11858,11982.0,9.068
11859,11983.0,8.386
11860,11984.0,8.908
11861,11985.0,9.229
11862,11986.0,6.4
11863,11987.0,7.636
11864,11988.0,6.671
11865,11989.0,8.266
11866,11990.0,6.872
11867,11991.0,6.763
11868,11992.0,6.038
11869,11993.0,5.837
11870,11994.0,6.118
11871,11995.0,6.279
11872,11996.0,8.547
11873,11997.0,7.596
11874,11998.0,8.386
11875,11999.0,8.747
11876,12000.0,6.521
11877,12001.0,7.958
11878,12002.0,7.073
11879,12003.0,7.797
11880,12004.0,7.355
11881,12005.0,6.913
11882,12006.0,5.957
11883,12007.0,5.756
11884,12008.0,6.159
11885,12009.0,6.279
11886,12010.0,7.716
11887,12011.0,6.803
11888,12012.0,7.435
11889,12013.0,7.998
11890,12014.0,6.752
11891,12015.0,6.481
11892,12016.0,7.636
11893,12017.0,6.671
11894,12018.0,8.078
11895,12019.0,7.274
11896,12020.0,6.118
11897,12021.0,5.635
11898,12022.0,6.279
11899,12023.0,6.521
11900,12024.0,6.722
11901,12025.0,7.274
11902,12026.0,7.636
11903,12027.0,7.314
11904,12028.0,7.033
11905,12029.0,6.038
11906,12030.0,8.386
11907,12031.0,6.993
11908,12032.0,7.998
11909,12033.0,7.917
11910,12034.0,6.199
11911,12035.0,5.756
11912,12036.0,6.279
11913,12037.0,6.199
11914,12039.0,6.159
11915,12040.0,7.435
11916,12041.0,8.078
11917,12042.0,7.917
11918,12043.0,7.515
11919,12044.0,6.199
11920,12045.0,7.355
11921,12046.0,7.435
11922,12047.0,6.792
11923,12048.0,7.636
11924,12049.0,6.279
11925,12050.0,5.877
11926,12051.0,6.199
11927,12052.0,6.279
11928,12053.0,6.36
11929,12054.0,7.998
11930,12055.0,9.189
11931,12056.0,8.667
11932,12057.0,8.145
11933,12058.0,6.199
11934,12059.0,6.591
11935,12060.0,8.306
11936,12061.0,6.872
11937,12062.0,6.279
11938,12063.0,6.36
11939,12064.0,5.957
11940,12065.0,5.837
11941,12066.0,6.279
11942,12067.0,6.239
11943,12068.0,8.587
11944,12069.0,9.109
11945,12070.0,9.51
11946,12071.0,8.908
11947,12072.0,6.199
11948,12073.0,6.872
11949,12074.0,7.917
11950,12075.0,7.314
11951,12076.0,6.35
11952,12077.0,6.4
11953,12078.0,6.078
11954,12079.0,5.837
11955,12080.0,6.32
11956,12081.0,6.279
11957,12082.0,9.269
11958,12083.0,8.547
11959,12084.0,9.109
11960,12085.0,9.349
11961,12086.0,6.36
11962,12087.0,7.355
11963,12088.0,6.671
11964,12089.0,7.958
11965,12090.0,6.712
11966,12091.0,6.682
11967,12092.0,6.038
11968,12093.0,5.796
11969,12094.0,6.118
11970,12095.0,6.279
11971,12096.0,8.547
11972,12097.0,7.636
11973,12098.0,8.346
11974,12099.0,8.747
11975,12100.0,6.521
11976,12101.0,7.958
11977,12102.0,7.073
11978,12103.0,7.797
11979,12104.0,7.355
11980,12105.0,6.953
11981,12106.0,5.957
11982,12107.0,5.756
11983,12108.0,6.159
11984,12109.0,6.32
11985,12110.0,7.515
11986,12111.0,6.913
11987,12112.0,7.274
11988,12113.0,7.837
11989,12114.0,6.752
11990,12115.0,6.199
11991,12116.0,7.757
11992,12117.0,6.712
11993,12118.0,8.226
11994,12119.0,7.435
11995,12120.0,6.078
11996,12121.0,5.676
11997,12122.0,6.239
11998,12123.0,6.199
11999,12124.0,6.078
12000,12125.0,7.355
12001,12126.0,8.038
12002,12127.0,7.716
12003,12128.0,7.314
12004,12129.0,6.199
12005,12130.0,7.757
12006,12131.0,7.395
12007,12132.0,7.194
12008,12133.0,8.025
12009,12134.0,6.279
12010,12136.0,5.917
12011,12137.0,6.239
12012,12138.0,6.279
12013,12139.0,6.239
12014,12140.0,7.757
12015,12141.0,8.788
12016,12142.0,8.266
12017,12143.0,8.038
12018,12144.0,6.159
12019,12145.0,6.561
12020,12146.0,7.958
12021,12147.0,6.712
12022,12148.0,6.631
12023,12149.0,6.32
12024,12150.0,5.917
12025,12151.0,5.837
12026,12152.0,6.239
12027,12153.0,6.239
12028,12154.0,9.269
12029,12155.0,8.667
12030,12156.0,9.149
12031,12157.0,9.389
12032,12158.0,6.239
12033,12159.0,7.274
12034,12160.0,6.712
12035,12161.0,7.837
12036,12162.0,6.631
12037,12163.0,6.682
12038,12164.0,6.038
12039,12165.0,5.756
12040,12166.0,6.118
12041,12167.0,6.279
12042,12168.0,7.716
12043,12169.0,6.832
12044,12170.0,7.435
12045,12171.0,8.038
12046,12172.0,6.752
12047,12173.0,6.561
12048,12174.0,7.636
12049,12175.0,6.671
12050,12176.0,8.038
12051,12177.0,7.355
12052,12178.0,6.118
12053,12179.0,5.877
12054,12180.0,6.199
12055,12181.0,6.44
12056,12182.0,7.113
12057,12183.0,7.073
12058,12184.0,7.314
12059,12185.0,7.515
12060,12186.0,6.792
12061,12187.0,6.078
12062,12188.0,8.078
12063,12189.0,6.832
12064,12190.0,8.386
12065,12191.0,7.636
12066,12192.0,6.118
12067,12193.0,5.716
12068,12194.0,6.239
12069,12195.0,6.481
12070,12196.0,6.601
12071,12197.0,7.234
12072,12198.0,7.596
12073,12199.0,7.314
12074,12200.0,6.993
12075,12201.0,5.998
12076,12202.0,8.346
12077,12203.0,6.993
12078,12204.0,7.917
12079,12205.0,7.917
12080,12206.0,6.199
12081,12207.0,5.756
12082,12208.0,6.239
12083,12209.0,6.199
12084,12210.0,6.159
12085,12211.0,7.395
12086,12212.0,8.038
12087,12213.0,7.877
12088,12214.0,7.475
12089,12215.0,6.199
12090,12216.0,7.475
12091,12217.0,7.395
12092,12218.0,6.872
12093,12219.0,7.676
12094,12220.0,6.32
12095,12221.0,5.877
12096,12222.0,6.279
12097,12223.0,6.239
12098,12224.0,6.36
12099,12225.0,7.958
12100,12226.0,9.189
12101,12227.0,8.587
12102,12228.0,8.145
12103,12229.0,6.159
12104,12230.0,6.631
12105,12231.0,8.266
12106,12233.0,6.913
12107,12234.0,6.279
12108,12235.0,6.4
12109,12236.0,5.957
12110,12237.0,5.917
12111,12238.0,6.279
12112,12239.0,6.199
12113,12240.0,8.908
12114,12241.0,8.948
12115,12242.0,9.349
12116,12243.0,9.269
12117,12244.0,6.159
12118,12245.0,6.993
12119,12246.0,7.515
12120,12247.0,7.395
12121,12248.0,6.43
12122,12249.0,6.481
12123,12250.0,6.038
12124,12251.0,5.837
12125,12252.0,6.36
12126,12253.0,6.239
12127,12254.0,9.068
12128,12255.0,8.346
12129,12256.0,8.908
12130,12257.0,9.189
12131,12258.0,6.36
12132,12259.0,7.515
12133,12260.0,6.671
12134,12261.0,8.186
12135,12262.0,6.832
12136,12263.0,6.763
12137,12264.0,6.038
12138,12265.0,5.796
12139,12266.0,6.159
12140,12267.0,6.279
12141,12268.0,8.507
12142,12269.0,7.475
12143,12270.0,8.346
12144,12271.0,8.707
12145,12272.0,6.561
12146,12273.0,7.837
12147,12274.0,7.113
12148,12275.0,7.676
12149,12276.0,7.395
12150,12277.0,6.953
12151,12278.0,6.118
12152,12279.0,5.796
12153,12280.0,6.199
12154,12281.0,6.279
12155,12282.0,7.676
12156,12283.0,6.832
12157,12284.0,7.435
12158,12285.0,7.958
12159,12286.0,6.792
12160,12287.0,6.4
12161,12288.0,7.757
12162,12289.0,6.671
12163,12290.0,8.145
12164,12291.0,7.355
12165,12292.0,6.118
12166,12293.0,5.635
12167,12294.0,6.199
12168,12295.0,6.36
12169,12296.0,6.521
12170,12297.0,7.355
12171,12298.0,7.676
12172,12299.0,7.395
12173,12300.0,7.073
12174,12301.0,6.078
12175,12302.0,8.306
12176,12303.0,7.033
12177,12304.0,7.837
12178,12305.0,7.998
12179,12306.0,6.199
12180,12307.0,5.796
12181,12308.0,6.239
12182,12309.0,6.199
12183,12310.0,6.118
12184,12311.0,7.435
12185,12312.0,8.078
12186,12313.0,7.877
12187,12314.0,7.435
12188,12315.0,6.199
12189,12316.0,7.475
12190,12317.0,7.395
12191,12318.0,6.872
12192,12319.0,7.757
12193,12320.0,6.279
12194,12321.0,5.917
12195,12322.0,6.279
12196,12323.0,6.279
12197,12324.0,6.32
12198,12325.0,7.958
12199,12326.0,9.109
12200,12327.0,8.587
12201,12329.0,8.145
12202,12330.0,6.199
12203,12331.0,6.591
12204,12332.0,8.266
12205,12333.0,6.832
12206,12334.0,6.32
12207,12335.0,6.32
12208,12336.0,5.998
12209,12337.0,5.877
12210,12338.0,6.32
12211,12339.0,6.118
12212,12340.0,8.707
12213,12341.0,9.068
12214,12342.0,9.43
12215,12343.0,9.109
12216,12344.0,6.159
12217,12345.0,6.953
12218,12346.0,7.716
12219,12347.0,7.435
12220,12348.0,6.39
12221,12349.0,6.44
12222,12350.0,6.038
12223,12351.0,5.837
12224,12352.0,6.279
12225,12353.0,6.279
12226,12354.0,8.828
12227,12355.0,8.038
12228,12356.0,8.667
12229,12357.0,9.028
12230,12358.0,6.481
12231,12359.0,7.917
12232,12360.0,6.792
12233,12361.0,8.266
12234,12362.0,7.073
12235,12363.0,6.843
12236,12364.0,5.957
12237,12365.0,5.796
12238,12366.0,6.118
12239,12367.0,6.279
12240,12368.0,7.757
12241,12369.0,6.832
12242,12370.0,7.515
12243,12371.0,8.078
12244,12372.0,6.712
12245,12373.0,6.682
12246,12374.0,7.556
12247,12375.0,6.671
12248,12376.0,7.998
12249,12377.0,7.274
12250,12378.0,6.078
12251,12379.0,5.676
12252,12380.0,6.239
12253,12381.0,6.199
12254,12382.0,6.32
12255,12383.0,7.355
12256,12384.0,7.757
12257,12385.0,7.475
12258,12386.0,7.113
12259,12387.0,6.118
12260,12388.0,8.186
12261,12389.0,7.113
12262,12390.0,7.716
12263,12391.0,8.078
12264,12392.0,6.199
12265,12393.0,5.756
12266,12394.0,5.917
12267,12395.0,6.279
12268,12396.0,6.199
12269,12397.0,9.149
12270,12398.0,8.868
12271,12399.0,9.309
12272,12400.0,9.51
12273,12401.0,6.118
12274,12402.0,7.154
12275,12403.0,7.234
12276,12404.0,7.556
12277,12405.0,6.511
12278,12406.0,6.561
12279,12407.0,6.038
12280,12408.0,5.756
12281,12409.0,6.199
12282,12410.0,6.32
12283,12411.0,8.199
12284,12412.0,7.033
12285,12413.0,7.958
12286,12414.0,8.426
12287,12415.0,6.631
12288,12416.0,7.314
12289,12417.0,7.395
12290,12418.0,7.154
12291,12419.0,7.636
12292,12420.0,7.113
12293,12421.0,5.998
12294,12422.0,5.756
12295,12423.0,6.239
12296,12424.0,6.44
12297,12426.0,6.993
12298,12427.0,7.154
12299,12428.0,7.395
12300,12429.0,7.395
12301,12430.0,6.872
12302,12431.0,6.078
12303,12432.0,8.186
12304,12433.0,6.913
12305,12434.0,8.226
12306,12435.0,7.757
12307,12436.0,6.159
12308,12437.0,5.796
12309,12438.0,6.239
12310,12439.0,6.279
12311,12440.0,6.159
12312,12441.0,7.596
12313,12442.0,8.346
12314,12443.0,8.145
12315,12444.0,7.757
12316,12445.0,6.239
12317,12446.0,6.953
12318,12447.0,7.676
12319,12448.0,6.671
12320,12449.0,7.194
12321,12450.0,6.32
12322,12451.0,5.957
12323,12452.0,5.877
12324,12453.0,6.279
12325,12454.0,6.199
12326,12455.0,8.627
12327,12456.0,9.109
12328,12457.0,9.47
12329,12458.0,9.028
12330,12459.0,6.159
12331,12460.0,6.913
12332,12461.0,7.797
12333,12462.0,7.395
12334,12463.0,6.35
12335,12464.0,6.44
12336,12465.0,6.038
12337,12466.0,5.837
12338,12467.0,6.4
12339,12468.0,6.279
12340,12469.0,8.908
12341,12470.0,8.199
12342,12471.0,8.788
12343,12472.0,9.109
12344,12473.0,6.44
12345,12474.0,7.797
12346,12475.0,6.752
12347,12476.0,8.426
12348,12477.0,6.993
12349,12478.0,6.843
12350,12479.0,5.998
12351,12480.0,5.716
12352,12481.0,6.239
12353,12482.0,6.44
12354,12483.0,7.154
12355,12484.0,7.073
12356,12485.0,7.314
12357,12486.0,7.556
12358,12487.0,6.792
12359,12488.0,6.038
12360,12489.0,8.038
12361,12490.0,6.792
12362,12491.0,8.346
12363,12492.0,7.636
12364,12493.0,6.159
12365,12494.0,5.676
12366,12495.0,6.239
12367,12496.0,6.199
12368,12497.0,6.118
12369,12498.0,7.435
12370,12499.0,8.078
12371,12500.0,7.917
12372,12501.0,7.515
12373,12502.0,6.199
12374,12503.0,7.395
12375,12504.0,7.435
12376,12505.0,6.752
12377,12506.0,7.596
12378,12507.0,6.279
12379,12508.0,5.877
12380,12509.0,6.239
12381,12510.0,6.239
12382,12511.0,6.36
12383,12512.0,7.958
12384,12513.0,9.149
12385,12514.0,8.627
12386,12515.0,8.145
12387,12516.0,6.159
12388,12517.0,6.591
12389,12518.0,8.266
12390,12519.0,6.913
12391,12520.0,6.279
12392,12521.0,6.36
12393,12523.0,5.957
12394,12524.0,5.837
12395,12525.0,6.32
12396,12526.0,6.36
12397,12527.0,9.189
12398,12528.0,8.547
12399,12529.0,9.068
12400,12530.0,9.349
12401,12531.0,6.279
12402,12532.0,7.435
12403,12533.0,6.631
12404,12534.0,8.078
12405,12535.0,6.752
12406,12536.0,6.763
12407,12537.0,6.038
12408,12538.0,5.716
12409,12539.0,6.078
12410,12540.0,6.32
12411,12541.0,7.877
12412,12542.0,6.792
12413,12543.0,7.636
12414,12544.0,8.158
12415,12545.0,6.712
12416,12546.0,6.792
12417,12547.0,7.515
12418,12548.0,6.631
12419,12549.0,7.917
12420,12550.0,7.194
12421,12551.0,6.078
12422,12552.0,5.635
12423,12553.0,6.279
12424,12554.0,6.44
12425,12555.0,6.752
12426,12556.0,7.194
12427,12557.0,7.515
12428,12558.0,7.274
12429,12559.0,6.953
12430,12560.0,5.998
12431,12561.0,8.346
12432,12562.0,6.913
12433,12563.0,8.065
12434,12564.0,7.837
12435,12565.0,6.159
12436,12566.0,5.716
12437,12567.0,6.239
12438,12568.0,6.199
12439,12569.0,6.159
12440,12570.0,7.435
12441,12571.0,8.078
12442,12572.0,7.837
12443,12573.0,7.475
12444,12574.0,6.199
12445,12575.0,7.556
12446,12576.0,7.355
12447,12577.0,6.993
12448,12578.0,7.757
12449,12579.0,6.32
12450,12580.0,5.877
12451,12581.0,6.279
12452,12582.0,6.239
12453,12583.0,6.32
12454,12584.0,7.797
12455,12585.0,8.868
12456,12586.0,8.386
12457,12587.0,8.078
12458,12588.0,6.199
12459,12589.0,6.551
12460,12590.0,8.025
12461,12591.0,6.752
12462,12592.0,6.551
12463,12593.0,6.32
12464,12594.0,5.917
12465,12595.0,5.837
12466,12596.0,6.279
12467,12597.0,6.481
12468,12598.0,8.507
12469,12599.0,9.189
12470,12600.0,9.51
12471,12601.0,8.788
12472,12602.0,6.159
12473,12603.0,6.832
12474,12604.0,7.958
12475,12605.0,7.274
12476,12606.0,6.31
12477,12607.0,6.36
12478,12608.0,6.038
12479,12609.0,5.837
12480,12610.0,6.279
12481,12611.0,6.239
12482,12612.0,9.309
12483,12613.0,8.667
12484,12614.0,9.189
12485,12615.0,9.389
12486,12616.0,6.239
12487,12617.0,7.234
12488,12619.0,6.792
12489,12620.0,7.797
12490,12621.0,6.671
12491,12622.0,6.642
12492,12623.0,6.078
12493,12624.0,5.837
12494,12625.0,6.32
12495,12626.0,6.279
12496,12627.0,8.908
12497,12628.0,8.038
12498,12629.0,8.707
12499,12630.0,8.988
12500,12631.0,6.521
12501,12632.0,7.917
12502,12633.0,6.872
12503,12634.0,8.266
12504,12635.0,7.113
12505,12636.0,6.832
12506,12637.0,5.998
12507,12638.0,5.796
12508,12639.0,6.159
12509,12640.0,6.32
12510,12641.0,7.958
12511,12642.0,6.752
12512,12643.0,7.757
12513,12644.0,8.226
12514,12645.0,6.671
12515,12646.0,6.953
12516,12647.0,7.435
12517,12648.0,6.752
12518,12649.0,7.797
12519,12650.0,7.154
12520,12651.0,6.038
12521,12652.0,5.635
12522,12653.0,6.239
12523,12654.0,6.118
12524,12655.0,6.239
12525,12656.0,7.234
12526,12657.0,7.797
12527,12658.0,7.475
12528,12659.0,7.113
12529,12660.0,6.078
12530,12661.0,8.118
12531,12662.0,7.154
12532,12663.0,7.636
12533,12664.0,8.118
12534,12665.0,6.199
12535,12666.0,5.837
12536,12667.0,6.279
12537,12668.0,6.32
12538,12669.0,6.279
12539,12670.0,7.797
12540,12671.0,8.667
12541,12672.0,8.226
12542,12673.0,7.958
12543,12674.0,6.199
12544,12675.0,6.551
12545,12676.0,7.917
12546,12677.0,6.752
12547,12678.0,7.033
12548,12679.0,6.32
12549,12680.0,5.998
12550,12681.0,5.957
12551,12682.0,6.239
12552,12683.0,6.44
12553,12684.0,8.266
12554,12685.0,9.269
12555,12686.0,9.189
12556,12687.0,8.547
12557,12688.0,6.159
12558,12689.0,6.752
12559,12690.0,8.226
12560,12691.0,7.113
12561,12692.0,6.239
12562,12693.0,6.36
12563,12694.0,5.998
12564,12695.0,5.837
12565,12696.0,6.4
12566,12697.0,6.279
12567,12698.0,9.028
12568,12699.0,8.306
12569,12700.0,8.868
12570,12701.0,9.149
12571,12702.0,6.36
12572,12703.0,7.636
12573,12704.0,6.671
12574,12705.0,8.306
12575,12706.0,6.872
12576,12707.0,6.803
12577,12708.0,5.998
12578,12709.0,5.756
12579,12710.0,6.199
12580,12711.0,6.4
12581,12712.0,7.234
12582,12713.0,7.033
12583,12714.0,7.314
12584,12716.0,7.636
12585,12717.0,6.752
12586,12718.0,6.118
12587,12719.0,7.998
12588,12720.0,6.792
12589,12721.0,8.426
12590,12722.0,7.636
12591,12723.0,6.078
12592,12724.0,5.756
12593,12725.0,6.199
12594,12726.0,6.279
12595,12727.0,6.118
12596,12728.0,7.355
12597,12729.0,8.118
12598,12730.0,7.716
12599,12731.0,7.395
12600,12732.0,6.159
12601,12733.0,7.676
12602,12734.0,7.395
12603,12735.0,7.113
12604,12736.0,7.917
12605,12737.0,6.32
12606,12738.0,5.837
12607,12739.0,6.32
12608,12740.0,6.239
12609,12741.0,6.36
12610,12742.0,7.958
12611,12743.0,9.189
12612,12744.0,8.627
12613,12745.0,8.145
12614,12746.0,6.159
12615,12747.0,6.591
12616,12748.0,8.266
12617,12749.0,6.872
12618,12750.0,6.36
12619,12751.0,6.36
12620,12752.0,6.078
12621,12753.0,5.877
12622,12754.0,6.279
12623,12755.0,6.199
12624,12756.0,9.068
12625,12757.0,8.948
12626,12758.0,9.349
12627,12759.0,9.47
12628,12760.0,6.159
12629,12761.0,7.154
12630,12762.0,7.355
12631,12763.0,7.515
12632,12764.0,6.47
12633,12765.0,6.561
12634,12766.0,6.038
12635,12767.0,5.877
12636,12768.0,6.44
12637,12769.0,6.32
12638,12770.0,8.948
12639,12771.0,8.239
12640,12772.0,8.788
12641,12773.0,9.149
12642,12774.0,6.44
12643,12775.0,7.757
12644,12776.0,6.752
12645,12777.0,8.386
12646,12778.0,6.993
12647,12779.0,6.803
12648,12780.0,5.998
12649,12781.0,5.796
12650,12782.0,6.199
12651,12783.0,6.279
12652,12784.0,8.158
12653,12785.0,6.953
12654,12786.0,7.917
12655,12787.0,8.386
12656,12788.0,6.631
12657,12789.0,7.234
12658,12790.0,7.355
12659,12791.0,7.033
12660,12792.0,7.676
12661,12793.0,7.113
12662,12794.0,6.038
12663,12795.0,5.716
12664,12796.0,6.239
12665,12797.0,6.4
12666,12798.0,7.113
12667,12799.0,7.073
12668,12800.0,7.355
12669,12801.0,7.435
12670,12802.0,6.872
12671,12803.0,6.038
12672,12804.0,8.105
12673,12805.0,6.832
12674,12806.0,8.306
12675,12807.0,7.636
12676,12808.0,6.118
12677,12809.0,5.716
12678,12810.0,6.279
12679,12812.0,6.118
12680,12813.0,6.32
12681,12814.0,7.274
12682,12815.0,7.797
12683,12816.0,7.435
12684,12817.0,7.194
12685,12818.0,6.078
12686,12819.0,8.145
12687,12820.0,7.154
12688,12821.0,7.676
12689,12822.0,8.078
12690,12823.0,6.279
12691,12824.0,5.796
12692,12825.0,6.279
12693,12826.0,6.239
12694,12827.0,6.239
12695,12828.0,7.515
12696,12829.0,8.266
12697,12830.0,8.065
12698,12831.0,7.636
12699,12832.0,6.239
12700,12833.0,7.113
12701,12834.0,7.556
12702,12835.0,6.631
12703,12836.0,7.395
12704,12837.0,6.279
12705,12838.0,5.957
12706,12839.0,5.837
12707,12840.0,6.279
12708,12841.0,6.199
12709,12842.0,8.587
12710,12843.0,9.109
12711,12844.0,9.51
12712,12845.0,8.948
12713,12846.0,6.159
12714,12847.0,6.872
12715,12848.0,7.837
12716,12849.0,7.314
12717,12850.0,6.35
12718,12851.0,6.4
12719,12852.0,6.078
12720,12853.0,5.837
12721,12854.0,6.36
12722,12855.0,6.239
12723,12856.0,9.149
12724,12857.0,8.426
12725,12858.0,8.988
12726,12859.0,9.229
12727,12860.0,6.36
12728,12861.0,7.475
12729,12862.0,6.671
12730,12863.0,8.105
12731,12864.0,6.832
12732,12865.0,6.763
12733,12866.0,6.038
12734,12867.0,5.796
12735,12868.0,6.159
12736,12869.0,6.279
12737,12870.0,8.507
12738,12871.0,7.475
12739,12872.0,8.346
12740,12873.0,8.667
12741,12874.0,6.601
12742,12875.0,7.837
12743,12876.0,7.194
12744,12877.0,7.636
12745,12878.0,7.355
12746,12879.0,6.993
12747,12880.0,5.957
12748,12881.0,5.796
12749,12882.0,6.159
12750,12883.0,6.279
12751,12884.0,7.556
12752,12885.0,6.872
12753,12886.0,7.274
12754,12887.0,7.877
12755,12888.0,6.752
12756,12889.0,6.279
12757,12890.0,7.757
12758,12891.0,6.671
12759,12892.0,8.186
12760,12893.0,7.395
12761,12894.0,6.118
12762,12895.0,5.676
12763,12896.0,6.199
12764,12897.0,6.159
12765,12898.0,6.118
12766,12899.0,7.314
12767,12900.0,7.958
12768,12901.0,7.636
12769,12902.0,7.274
12770,12903.0,6.159
12771,12904.0,7.877
12772,12905.0,7.314
12773,12906.0,7.355
12774,12907.0,8.105
12775,12909.0,6.239
12776,12910.0,5.837
12777,12911.0,6.239
12778,12912.0,6.279
12779,12913.0,6.32
12780,12914.0,7.958
12781,12915.0,9.028
12782,12916.0,8.587
12783,12917.0,8.186
12784,12918.0,6.199
12785,12919.0,6.551
12786,12920.0,8.226
12787,12921.0,6.832
12788,12922.0,6.32
12789,12923.0,6.32
12790,12924.0,5.998
12791,12925.0,5.837
12792,12926.0,6.32
12793,12927.0,6.159
12794,12928.0,9.028
12795,12929.0,8.908
12796,12930.0,9.349
12797,12931.0,9.389
12798,12932.0,6.118
12799,12933.0,7.073
12800,12934.0,7.395
12801,12935.0,7.475
12802,12936.0,6.47
12803,12937.0,6.521
12804,12938.0,6.038
12805,12939.0,5.837
12806,12940.0,6.4
12807,12941.0,6.279
12808,12942.0,8.868
12809,12943.0,8.078
12810,12944.0,8.707
12811,12945.0,9.028
12812,12946.0,6.44
12813,12947.0,7.877
12814,12948.0,6.792
12815,12949.0,8.346
12816,12950.0,7.033
12817,12951.0,6.832
12818,12952.0,5.998
12819,12953.0,5.796
12820,12954.0,6.199
12821,12955.0,6.32
12822,12956.0,8.118
12823,12957.0,6.953
12824,12958.0,7.877
12825,12959.0,8.386
12826,12960.0,6.631
12827,12961.0,7.234
12828,12962.0,7.314
12829,12963.0,7.033
12830,12964.0,7.676
12831,12965.0,7.154
12832,12966.0,6.038
12833,12967.0,5.676
12834,12968.0,6.279
12835,12969.0,6.521
12836,12970.0,6.792
12837,12971.0,7.234
12838,12972.0,7.515
12839,12973.0,7.355
12840,12974.0,6.953
12841,12975.0,6.078
12842,12976.0,8.386
12843,12977.0,6.953
12844,12978.0,8.038
12845,12979.0,7.877
12846,12980.0,6.159
12847,12981.0,5.756
12848,12982.0,6.32
12849,12983.0,6.239
12850,12984.0,6.118
12851,12985.0,7.435
12852,12986.0,8.065
12853,12987.0,7.917
12854,12988.0,7.556
12855,12989.0,6.199
12856,12990.0,7.395
12857,12991.0,7.435
12858,12992.0,6.752
12859,12993.0,7.596
12860,12994.0,6.279
12861,12995.0,5.917
12862,12996.0,6.239
12863,12997.0,6.239
12864,12998.0,6.32
12865,12999.0,7.917
12866,13000.0,9.109
12867,13001.0,8.547
12868,13002.0,8.145
12869,13003.0,6.199
12870,13004.0,6.591
12871,13006.0,8.226
12872,13007.0,6.872
12873,13008.0,6.279
12874,13009.0,6.36
12875,13010.0,5.957
12876,13011.0,5.877
12877,13012.0,6.279
12878,13013.0,6.159
12879,13014.0,8.747
12880,13015.0,9.109
12881,13016.0,9.43
12882,13017.0,9.149
12883,13018.0,6.159
12884,13019.0,6.993
12885,13020.0,7.676
12886,13021.0,7.435
12887,13022.0,6.39
12888,13023.0,6.481
12889,13024.0,6.078
12890,13025.0,5.957
12891,13026.0,6.279
12892,13027.0,6.159
12893,13028.0,9.068
12894,13029.0,8.868
12895,13030.0,9.309
12896,13031.0,9.47
12897,13032.0,6.118
12898,13033.0,7.113
12899,13034.0,7.274
12900,13035.0,7.515
12901,13036.0,6.47
12902,13037.0,6.521
12903,13038.0,6.038
12904,13039.0,5.877
12905,13040.0,6.279
12906,13041.0,6.159
12907,13042.0,8.667
12908,13043.0,9.068
12909,13044.0,9.47
12910,13045.0,9.028
12911,13046.0,6.159
12912,13047.0,6.913
12913,13048.0,7.757
12914,13049.0,7.395
12915,13050.0,6.4
12916,13051.0,6.4
12917,13052.0,6.078
12918,13053.0,5.837
12919,13054.0,6.239
12920,13055.0,6.199
12921,13056.0,9.309
12922,13057.0,8.788
12923,13058.0,9.229
12924,13059.0,9.43
12925,13060.0,6.199
12926,13061.0,7.154
12927,13062.0,6.993
12928,13063.0,7.676
12929,13064.0,6.631
12930,13065.0,6.601
12931,13066.0,6.078
12932,13067.0,5.837
12933,13068.0,6.44
12934,13069.0,6.239
12935,13070.0,9.028
12936,13071.0,8.239
12937,13072.0,8.868
12938,13073.0,9.149
12939,13074.0,6.44
12940,13075.0,7.676
12941,13076.0,6.712
12942,13077.0,8.346
12943,13078.0,6.913
12944,13079.0,6.763
12945,13080.0,5.998
12946,13081.0,5.796
12947,13082.0,6.159
12948,13083.0,6.279
12949,13084.0,8.346
12950,13085.0,7.274
12951,13086.0,8.158
12952,13087.0,8.547
12953,13088.0,6.561
12954,13089.0,7.596
12955,13090.0,7.234
12956,13091.0,7.395
12957,13092.0,7.435
12958,13093.0,7.033
12959,13094.0,5.998
12960,13095.0,5.796
12961,13096.0,6.159
12962,13097.0,6.32
12963,13098.0,7.515
12964,13099.0,6.872
12965,13100.0,7.234
12966,13102.0,7.837
12967,13103.0,6.752
12968,13104.0,6.199
12969,13105.0,7.797
12970,13106.0,6.712
12971,13107.0,8.226
12972,13108.0,7.435
12973,13109.0,6.078
12974,13110.0,5.716
12975,13111.0,6.239
12976,13112.0,6.159
12977,13113.0,6.199
12978,13114.0,7.274
12979,13115.0,7.877
12980,13116.0,7.596
12981,13117.0,7.194
12982,13118.0,6.159
12983,13119.0,7.958
12984,13120.0,7.274
12985,13121.0,7.435
12986,13122.0,8.145
12987,13123.0,6.239
12988,13124.0,5.877
12989,13125.0,6.239
12990,13126.0,6.279
12991,13127.0,6.239
12992,13128.0,7.797
12993,13129.0,8.747
12994,13130.0,8.266
12995,13131.0,8.038
12996,13132.0,6.159
12997,13133.0,6.561
12998,13134.0,7.958
12999,13135.0,6.712
13000,13136.0,6.631
13001,13137.0,6.32
13002,13138.0,5.957
13003,13139.0,5.877
13004,13140.0,6.279
13005,13141.0,6.118
13006,13142.0,8.707
13007,13143.0,9.068
13008,13144.0,9.43
13009,13145.0,9.109
13010,13146.0,6.159
13011,13147.0,6.953
13012,13148.0,7.676
13013,13149.0,7.395
13014,13150.0,6.39
13015,13151.0,6.44
13016,13152.0,6.078
13017,13153.0,5.796
13018,13154.0,6.159
13019,13155.0,6.279
13020,13156.0,8.788
13021,13157.0,7.998
13022,13158.0,8.627
13023,13159.0,8.988
13024,13160.0,6.481
13025,13161.0,7.998
13026,13162.0,6.872
13027,13163.0,8.226
13028,13164.0,7.154
13029,13165.0,6.913
13030,13166.0,5.998
13031,13167.0,5.796
13032,13168.0,6.199
13033,13169.0,6.4
13034,13170.0,7.355
13035,13171.0,6.993
13036,13172.0,7.274
13037,13173.0,7.716
13038,13174.0,6.792
13039,13175.0,6.078
13040,13176.0,7.958
13041,13177.0,6.752
13042,13178.0,8.426
13043,13179.0,7.556
13044,13180.0,6.078
13045,13181.0,5.676
13046,13182.0,5.756
13047,13183.0,6.44
13048,13184.0,6.279
13049,13185.0,8.948
13050,13186.0,8.158
13051,13187.0,8.788
13052,13188.0,9.109
13053,13189.0,6.44
13054,13190.0,7.797
13055,13191.0,6.752
13056,13192.0,8.386
13057,13193.0,6.993
13058,13194.0,6.803
13059,13195.0,5.998
13060,13196.0,5.756
13061,13197.0,6.118
13062,13199.0,6.279
13063,13200.0,7.757
13064,13201.0,6.832
13065,13202.0,7.515
13066,13203.0,8.078
13067,13204.0,6.712
13068,13205.0,6.642
13069,13206.0,7.596
13070,13207.0,6.671
13071,13208.0,7.998
13072,13209.0,7.314
13073,13210.0,6.078
13074,13211.0,5.676
13075,13212.0,6.239
13076,13213.0,6.32
13077,13214.0,6.159
13078,13215.0,7.596
13079,13216.0,8.346
13080,13217.0,8.199
13081,13218.0,7.716
13082,13219.0,6.279
13083,13220.0,6.953
13084,13221.0,7.716
13085,13222.0,6.671
13086,13223.0,7.234
13087,13224.0,6.279
13088,13225.0,5.998
13089,13226.0,5.837
13090,13227.0,6.279
13091,13228.0,6.481
13092,13229.0,8.386
13093,13230.0,9.229
13094,13231.0,9.389
13095,13232.0,8.747
13096,13233.0,6.159
13097,13234.0,6.832
13098,13235.0,8.038
13099,13236.0,7.234
13100,13237.0,6.31
13101,13238.0,6.4
13102,13239.0,6.038
13103,13240.0,5.837
13104,13241.0,6.4
13105,13242.0,6.279
13106,13243.0,8.988
13107,13244.0,8.239
13108,13245.0,8.828
13109,13246.0,9.109
13110,13247.0,6.4
13111,13248.0,7.716
13112,13249.0,6.712
13113,13250.0,8.426
13114,13251.0,6.953
13115,13252.0,6.792
13116,13253.0,5.998
13117,13254.0,5.796
13118,13255.0,6.239
13119,13256.0,6.32
13120,13257.0,7.998
13121,13258.0,6.792
13122,13259.0,7.757
13123,13260.0,8.266
13124,13261.0,6.631
13125,13262.0,7.033
13126,13263.0,7.395
13127,13264.0,6.792
13128,13265.0,7.797
13129,13266.0,7.194
13130,13267.0,6.038
13131,13268.0,5.676
13132,13269.0,6.239
13133,13270.0,6.199
13134,13271.0,6.199
13135,13272.0,7.314
13136,13273.0,7.917
13137,13274.0,7.636
13138,13275.0,7.234
13139,13276.0,6.159
13140,13277.0,7.917
13141,13278.0,7.274
13142,13279.0,7.395
13143,13280.0,8.105
13144,13281.0,6.239
13145,13282.0,5.796
13146,13283.0,6.239
13147,13284.0,6.239
13148,13285.0,6.36
13149,13286.0,7.958
13150,13287.0,9.149
13151,13288.0,8.627
13152,13289.0,8.105
13153,13290.0,6.159
13154,13291.0,6.591
13155,13292.0,8.266
13156,13293.0,6.953
13157,13294.0,6.279
13158,13296.0,6.36
13159,13297.0,5.957
13160,13298.0,5.837
13161,13299.0,6.279
13162,13300.0,6.199
13163,13301.0,9.229
13164,13302.0,8.868
13165,13303.0,9.269
13166,13304.0,9.51
13167,13305.0,6.159
13168,13306.0,7.194
13169,13307.0,7.194
13170,13308.0,7.596
13171,13309.0,6.511
13172,13310.0,6.601
13173,13311.0,6.038
13174,13312.0,5.877
13175,13313.0,6.44
13176,13314.0,6.32
13177,13315.0,8.988
13178,13316.0,8.279
13179,13317.0,8.828
13180,13318.0,9.149
13181,13319.0,6.4
13182,13320.0,7.757
13183,13321.0,6.712
13184,13322.0,8.467
13185,13323.0,6.953
13186,13324.0,6.843
13187,13325.0,5.998
13188,13326.0,5.837
13189,13327.0,6.199
13190,13328.0,6.279
13191,13329.0,8.118
13192,13330.0,6.953
13193,13331.0,7.917
13194,13332.0,8.346
13195,13333.0,6.631
13196,13334.0,7.234
13197,13335.0,7.355
13198,13336.0,7.033
13199,13337.0,7.676
13200,13338.0,7.113
13201,13339.0,6.038
13202,13340.0,5.756
13203,13341.0,6.239
13204,13342.0,6.36
13205,13343.0,7.314
13206,13344.0,6.993
13207,13345.0,7.314
13208,13346.0,7.636
13209,13347.0,6.792
13210,13348.0,6.038
13211,13349.0,7.998
13212,13350.0,6.752
13213,13351.0,8.426
13214,13352.0,7.556
13215,13353.0,6.118
13216,13354.0,5.676
13217,13355.0,6.239
13218,13356.0,6.239
13219,13357.0,6.159
13220,13358.0,7.475
13221,13359.0,8.186
13222,13360.0,7.998
13223,13361.0,7.596
13224,13362.0,6.239
13225,13363.0,7.314
13226,13364.0,7.515
13227,13365.0,6.671
13228,13366.0,7.515
13229,13367.0,6.32
13230,13368.0,5.917
13231,13369.0,6.239
13232,13370.0,6.239
13233,13371.0,6.44
13234,13372.0,8.078
13235,13373.0,9.43
13236,13374.0,8.908
13237,13375.0,8.386
13238,13376.0,6.159
13239,13377.0,6.631
13240,13378.0,8.386
13241,13379.0,6.993
13242,13380.0,6.279
13243,13381.0,6.36
13244,13382.0,5.998
13245,13383.0,5.837
13246,13384.0,6.279
13247,13385.0,6.199
13248,13386.0,9.189
13249,13387.0,8.868
13250,13388.0,9.309
13251,13389.0,9.51
13252,13390.0,6.159
13253,13391.0,7.154
13254,13393.0,7.194
13255,13394.0,7.556
13256,13395.0,6.511
13257,13396.0,6.561
13258,13397.0,6.038
13259,13398.0,5.837
13260,13399.0,6.44
13261,13400.0,6.279
13262,13401.0,8.948
13263,13402.0,8.158
13264,13403.0,8.828
13265,13404.0,9.109
13266,13405.0,6.44
13267,13406.0,7.757
13268,13407.0,6.752
13269,13408.0,8.386
13270,13409.0,7.033
13271,13410.0,6.803
13272,13411.0,6.038
13273,13412.0,5.796
13274,13413.0,6.199
13275,13414.0,6.279
13276,13415.0,8.386
13277,13416.0,7.314
13278,13417.0,8.239
13279,13418.0,8.587
13280,13419.0,6.642
13281,13420.0,7.636
13282,13421.0,7.274
13283,13422.0,7.435
13284,13423.0,7.475
13285,13424.0,7.033
13286,13425.0,6.038
13287,13426.0,5.756
13288,13427.0,6.199
13289,13428.0,6.36
13290,13429.0,7.314
13291,13430.0,6.953
13292,13431.0,7.274
13293,13432.0,7.636
13294,13433.0,6.792
13295,13434.0,6.038
13296,13435.0,7.958
13297,13436.0,6.752
13298,13437.0,8.426
13299,13438.0,7.556
13300,13439.0,6.078
13301,13440.0,5.676
13302,13441.0,6.199
13303,13442.0,6.239
13304,13443.0,6.32
13305,13444.0,7.917
13306,13445.0,9.028
13307,13446.0,8.547
13308,13447.0,8.199
13309,13448.0,6.199
13310,13449.0,6.551
13311,13450.0,8.199
13312,13451.0,6.832
13313,13452.0,6.279
13314,13453.0,6.32
13315,13454.0,5.957
13316,13455.0,5.837
13317,13456.0,6.279
13318,13457.0,6.118
13319,13458.0,8.788
13320,13459.0,9.028
13321,13460.0,9.47
13322,13461.0,9.149
13323,13462.0,6.199
13324,13463.0,6.953
13325,13464.0,7.676
13326,13465.0,7.355
13327,13466.0,6.43
13328,13467.0,6.44
13329,13468.0,6.078
13330,13469.0,5.837
13331,13470.0,6.4
13332,13471.0,6.32
13333,13472.0,9.189
13334,13473.0,8.507
13335,13474.0,9.028
13336,13475.0,9.309
13337,13476.0,6.279
13338,13477.0,7.395
13339,13478.0,6.631
13340,13479.0,8.038
13341,13480.0,6.752
13342,13481.0,6.763
13343,13482.0,5.998
13344,13483.0,5.837
13345,13484.0,6.078
13346,13485.0,6.279
13347,13486.0,8.587
13348,13487.0,7.636
13349,13488.0,8.386
13350,13490.0,8.788
13351,13491.0,6.521
13352,13492.0,8.038
13353,13493.0,6.993
13354,13494.0,7.877
13355,13495.0,7.314
13356,13496.0,6.913
13357,13497.0,5.957
13358,13498.0,5.756
13359,13499.0,6.199
13360,13500.0,6.36
13361,13501.0,7.355
13362,13502.0,6.953
13363,13503.0,7.274
13364,13504.0,7.716
13365,13505.0,6.792
13366,13506.0,6.038
13367,13507.0,7.917
13368,13508.0,6.752
13369,13509.0,8.426
13370,13510.0,7.515
13371,13511.0,6.078
13372,13512.0,5.756
13373,13513.0,6.239
13374,13514.0,6.279
13375,13515.0,6.159
13376,13516.0,7.556
13377,13517.0,8.226
13378,13518.0,8.065
13379,13519.0,7.636
13380,13520.0,6.32
13381,13521.0,7.154
13382,13522.0,7.636
13383,13523.0,6.631
13384,13524.0,7.435
13385,13525.0,6.32
13386,13526.0,5.877
13387,13527.0,5.796
13388,13528.0,6.239
13389,13529.0,6.239
13390,13530.0,9.309
13391,13531.0,8.667
13392,13532.0,9.149
13393,13533.0,9.389
13394,13534.0,6.199
13395,13535.0,7.234
13396,13536.0,6.712
13397,13537.0,7.797
13398,13538.0,6.631
13399,13539.0,6.642
13400,13540.0,6.038
13401,13541.0,5.796
13402,13542.0,6.078
13403,13543.0,6.279
13404,13544.0,8.667
13405,13545.0,7.797
13406,13546.0,8.507
13407,13547.0,8.868
13408,13548.0,6.481
13409,13549.0,8.118
13410,13550.0,6.953
13411,13551.0,8.038
13412,13552.0,7.234
13413,13553.0,6.913
13414,13554.0,5.957
13415,13555.0,5.796
13416,13556.0,6.118
13417,13557.0,6.279
13418,13558.0,7.636
13419,13559.0,6.843
13420,13560.0,7.355
13421,13561.0,7.958
13422,13562.0,6.752
13423,13563.0,6.4
13424,13564.0,7.676
13425,13565.0,6.712
13426,13566.0,8.118
13427,13567.0,7.355
13428,13568.0,6.078
13429,13569.0,5.716
13430,13570.0,6.239
13431,13571.0,6.159
13432,13572.0,6.199
13433,13573.0,7.274
13434,13574.0,7.837
13435,13575.0,7.556
13436,13576.0,7.154
13437,13577.0,6.078
13438,13578.0,8.038
13439,13579.0,7.194
13440,13580.0,7.556
13441,13581.0,8.105
13442,13582.0,6.239
13443,13583.0,5.756
13444,13584.0,6.199
13445,13586.0,6.279
13446,13587.0,6.4
13447,13588.0,8.118
13448,13589.0,9.349
13449,13590.0,8.828
13450,13591.0,8.306
13451,13592.0,6.159
13452,13593.0,6.631
13453,13594.0,8.426
13454,13595.0,6.993
13455,13596.0,6.279
13456,13597.0,6.36
13457,13598.0,5.957
13458,13599.0,5.837
13459,13600.0,6.199
13460,13601.0,6.239
13461,13602.0,9.349
13462,13603.0,8.747
13463,13604.0,9.189
13464,13605.0,9.43
13465,13606.0,6.199
13466,13607.0,7.194
13467,13608.0,6.913
13468,13609.0,7.757
13469,13610.0,6.591
13470,13611.0,6.642
13471,13612.0,6.038
13472,13613.0,5.837
13473,13614.0,6.118
13474,13615.0,6.32
13475,13616.0,8.667
13476,13617.0,7.797
13477,13618.0,8.467
13478,13619.0,8.868
13479,13620.0,6.481
13480,13621.0,8.158
13481,13622.0,6.953
13482,13623.0,7.998
13483,13624.0,7.274
13484,13625.0,6.953
13485,13626.0,5.957
13486,13627.0,5.877
13487,13628.0,6.239
13488,13629.0,6.32
13489,13630.0,8.118
13490,13631.0,6.924
13491,13632.0,7.917
13492,13633.0,8.346
13493,13634.0,6.631
13494,13635.0,7.194
13495,13636.0,7.314
13496,13637.0,6.993
13497,13638.0,7.676
13498,13639.0,7.113
13499,13640.0,6.038
13500,13641.0,5.756
13501,13642.0,6.239
13502,13643.0,6.4
13503,13644.0,7.113
13504,13645.0,7.033
13505,13646.0,7.314
13506,13647.0,7.475
13507,13648.0,6.832
13508,13649.0,5.998
13509,13650.0,8.118
13510,13651.0,6.792
13511,13652.0,8.346
13512,13653.0,7.636
13513,13654.0,6.118
13514,13655.0,5.676
13515,13656.0,6.239
13516,13657.0,6.118
13517,13658.0,6.239
13518,13659.0,7.234
13519,13660.0,7.877
13520,13661.0,7.515
13521,13662.0,7.234
13522,13663.0,6.078
13523,13664.0,8.038
13524,13665.0,7.234
13525,13666.0,7.515
13526,13667.0,8.105
13527,13668.0,6.279
13528,13669.0,5.796
13529,13670.0,6.279
13530,13671.0,6.239
13531,13672.0,6.239
13532,13673.0,7.676
13533,13674.0,8.547
13534,13675.0,8.118
13535,13676.0,7.877
13536,13677.0,6.159
13537,13678.0,6.752
13538,13679.0,7.757
13539,13680.0,6.712
13540,13681.0,6.993
13541,13683.0,6.279
13542,13684.0,5.957
13543,13685.0,6.199
13544,13686.0,6.239
13545,13687.0,6.4
13546,13688.0,8.118
13547,13689.0,9.309
13548,13690.0,8.948
13549,13691.0,8.386
13550,13692.0,6.159
13551,13693.0,6.671
13552,13694.0,8.346
13553,13695.0,7.033
13554,13696.0,6.269
13555,13697.0,6.36
13556,13698.0,5.998
13557,13699.0,5.837
13558,13700.0,6.239
13559,13701.0,6.199
13560,13702.0,9.309
13561,13703.0,8.788
13562,13704.0,9.229
13563,13705.0,9.43
13564,13706.0,6.199
13565,13707.0,7.194
13566,13708.0,7.033
13567,13709.0,7.636
13568,13710.0,6.551
13569,13711.0,6.601
13570,13712.0,6.038
13571,13713.0,5.796
13572,13714.0,6.078
13573,13715.0,6.279
13574,13716.0,8.747
13575,13717.0,7.877
13576,13718.0,8.587
13577,13719.0,8.868
13578,13720.0,6.521
13579,13721.0,8.038
13580,13722.0,6.953
13581,13723.0,8.078
13582,13724.0,7.234
13583,13725.0,6.872
13584,13726.0,6.038
13585,13727.0,5.796
13586,13728.0,6.279
13587,13729.0,6.279
13588,13730.0,8.038
13589,13731.0,6.763
13590,13732.0,7.797
13591,13733.0,8.226
13592,13734.0,6.671
13593,13735.0,6.993
13594,13736.0,7.395
13595,13737.0,6.792
13596,13738.0,7.797
13597,13739.0,7.154
13598,13740.0,6.038
13599,13741.0,5.635
13600,13742.0,6.279
13601,13743.0,6.44
13602,13744.0,6.832
13603,13745.0,7.154
13604,13746.0,7.475
13605,13747.0,7.274
13606,13748.0,6.913
13607,13749.0,6.038
13608,13750.0,8.266
13609,13751.0,6.953
13610,13752.0,8.118
13611,13753.0,7.837
13612,13754.0,6.118
13613,13755.0,5.716
13614,13756.0,6.239
13615,13757.0,6.279
13616,13758.0,6.159
13617,13759.0,7.596
13618,13760.0,8.346
13619,13761.0,8.186
13620,13762.0,7.757
13621,13763.0,6.239
13622,13764.0,6.953
13623,13765.0,7.676
13624,13766.0,6.631
13625,13767.0,7.274
13626,13768.0,6.279
13627,13769.0,5.957
13628,13770.0,6.239
13629,13771.0,6.279
13630,13772.0,6.4
13631,13773.0,8.105
13632,13774.0,9.349
13633,13775.0,8.988
13634,13776.0,8.346
13635,13777.0,6.199
13636,13778.0,6.671
13637,13780.0,8.426
13638,13781.0,7.033
13639,13782.0,6.32
13640,13783.0,6.36
13641,13784.0,6.038
13642,13785.0,5.837
13643,13786.0,6.32
13644,13787.0,6.199
13645,13788.0,9.229
13646,13789.0,8.828
13647,13790.0,9.269
13648,13791.0,9.51
13649,13792.0,6.159
13650,13793.0,7.234
13651,13794.0,7.154
13652,13795.0,7.596
13653,13796.0,6.511
13654,13797.0,6.561
13655,13798.0,6.038
13656,13799.0,5.796
13657,13800.0,6.159
13658,13801.0,6.36
13659,13802.0,8.707
13660,13803.0,7.837
13661,13804.0,8.507
13662,13805.0,8.868
13663,13806.0,6.481
13664,13807.0,8.118
13665,13808.0,6.913
13666,13809.0,8.038
13667,13810.0,7.194
13668,13811.0,6.913
13669,13812.0,5.957
13670,13813.0,5.796
13671,13814.0,6.078
13672,13815.0,6.32
13673,13816.0,7.877
13674,13817.0,6.792
13675,13818.0,7.636
13676,13819.0,8.145
13677,13820.0,6.671
13678,13821.0,6.843
13679,13822.0,7.515
13680,13823.0,6.671
13681,13824.0,7.917
13682,13825.0,7.274
13683,13826.0,6.078
13684,13827.0,5.676
13685,13828.0,6.239
13686,13829.0,6.279
13687,13830.0,6.159
13688,13831.0,7.475
13689,13832.0,8.078
13690,13833.0,7.958
13691,13834.0,7.515
13692,13835.0,6.279
13693,13836.0,7.355
13694,13837.0,7.435
13695,13838.0,6.752
13696,13839.0,7.636
13697,13840.0,6.279
13698,13841.0,5.877
13699,13842.0,5.676
13700,13843.0,6.118
13701,13844.0,6.279
13702,13845.0,8.386
13703,13846.0,7.395
13704,13847.0,8.239
13705,13848.0,8.667
13706,13849.0,6.561
13707,13850.0,7.757
13708,13851.0,7.154
13709,13852.0,7.596
13710,13853.0,7.355
13711,13854.0,6.993
13712,13855.0,5.957
13713,13856.0,5.716
13714,13857.0,6.239
13715,13858.0,6.4
13716,13859.0,7.113
13717,13860.0,7.033
13718,13861.0,7.314
13719,13862.0,7.515
13720,13863.0,6.792
13721,13864.0,6.038
13722,13865.0,8.078
13723,13866.0,6.792
13724,13867.0,8.346
13725,13868.0,7.636
13726,13869.0,6.118
13727,13870.0,5.756
13728,13871.0,6.279
13729,13872.0,6.239
13730,13873.0,6.118
13731,13874.0,7.475
13732,13875.0,8.078
13733,13877.0,7.958
13734,13878.0,7.515
13735,13879.0,6.239
13736,13880.0,7.435
13737,13881.0,7.475
13738,13882.0,6.792
13739,13883.0,7.716
13740,13884.0,6.279
13741,13885.0,5.957
13742,13886.0,5.877
13743,13887.0,6.32
13744,13888.0,6.199
13745,13889.0,8.667
13746,13890.0,9.109
13747,13891.0,9.47
13748,13892.0,8.988
13749,13893.0,6.159
13750,13894.0,6.913
13751,13895.0,7.797
13752,13896.0,7.355
13753,13897.0,6.35
13754,13898.0,6.44
13755,13899.0,6.038
13756,13900.0,5.837
13757,13901.0,6.4
13758,13902.0,6.279
13759,13903.0,9.028
13760,13904.0,8.279
13761,13905.0,8.868
13762,13906.0,9.149
13763,13907.0,6.4
13764,13908.0,7.636
13765,13909.0,6.671
13766,13910.0,8.346
13767,13911.0,6.913
13768,13912.0,6.763
13769,13913.0,5.998
13770,13914.0,5.837
13771,13915.0,6.159
13772,13916.0,6.32
13773,13917.0,8.319
13774,13918.0,7.274
13775,13919.0,8.158
13776,13920.0,8.587
13777,13921.0,6.561
13778,13922.0,7.636
13779,13923.0,7.234
13780,13924.0,7.435
13781,13925.0,7.435
13782,13926.0,7.073
13783,13927.0,5.998
13784,13928.0,5.635
13785,13929.0,6.239
13786,13930.0,6.521
13787,13931.0,6.712
13788,13932.0,7.234
13789,13933.0,7.515
13790,13934.0,7.355
13791,13935.0,6.953
13792,13936.0,6.038
13793,13937.0,8.386
13794,13938.0,6.993
13795,13939.0,8.038
13796,13940.0,7.877
13797,13941.0,6.159
13798,13942.0,5.716
13799,13943.0,6.239
13800,13944.0,6.279
13801,13945.0,6.199
13802,13946.0,7.596
13803,13947.0,8.426
13804,13948.0,8.226
13805,13949.0,7.797
13806,13950.0,6.199
13807,13951.0,6.872
13808,13952.0,7.676
13809,13953.0,6.671
13810,13954.0,7.113
13811,13955.0,6.32
13812,13956.0,5.957
13813,13957.0,5.716
13814,13958.0,6.199
13815,13959.0,6.279
13816,13960.0,8.319
13817,13961.0,7.194
13818,13962.0,8.078
13819,13963.0,8.507
13820,13964.0,6.601
13821,13965.0,7.556
13822,13966.0,7.234
13823,13967.0,7.355
13824,13968.0,7.475
13825,13969.0,7.515
13826,13970.0,6.038
13827,13971.0,5.796
13828,13973.0,6.199
13829,13974.0,6.4
13830,13975.0,7.194
13831,13976.0,7.033
13832,13977.0,7.314
13833,13978.0,7.596
13834,13979.0,6.792
13835,13980.0,6.078
13836,13981.0,8.025
13837,13982.0,6.832
13838,13983.0,8.386
13839,13984.0,7.636
13840,13985.0,6.078
13841,13986.0,5.756
13842,13987.0,6.199
13843,13988.0,6.199
13844,13989.0,6.078
13845,13990.0,7.314
13846,13991.0,8.065
13847,13992.0,7.676
13848,13993.0,7.314
13849,13994.0,6.118
13850,13995.0,7.797
13851,13996.0,7.355
13852,13997.0,7.234
13853,13998.0,7.985
13854,13999.0,6.279
13855,14000.0,5.796
13856,14001.0,6.239
13857,14002.0,6.239
13858,14003.0,6.279
13859,14004.0,7.877
13860,14005.0,8.988
13861,14006.0,8.467
13862,14007.0,8.186
13863,14008.0,6.159
13864,14009.0,6.551
13865,14010.0,8.145
13866,14011.0,6.792
13867,14012.0,6.35
13868,14013.0,6.36
13869,14014.0,5.917
13870,14015.0,5.837
13871,14016.0,6.279
13872,14017.0,6.32
13873,14018.0,9.189
13874,14019.0,8.587
13875,14020.0,9.068
13876,14021.0,9.349
13877,14022.0,6.279
13878,14023.0,7.395
13879,14024.0,6.631
13880,14025.0,7.985
13881,14026.0,6.712
13882,14027.0,6.763
13883,14028.0,6.038
13884,14029.0,5.756
13885,14030.0,6.118
13886,14031.0,6.32
13887,14032.0,7.757
13888,14033.0,6.883
13889,14034.0,7.515
13890,14035.0,8.078
13891,14036.0,6.712
13892,14037.0,6.642
13893,14038.0,7.556
13894,14039.0,6.671
13895,14040.0,7.998
13896,14041.0,7.234
13897,14042.0,6.078
13898,14043.0,5.635
13899,14044.0,6.199
13900,14045.0,6.279
13901,14046.0,6.199
13902,14047.0,7.596
13903,14048.0,8.426
13904,14049.0,8.186
13905,14050.0,7.797
13906,14051.0,6.159
13907,14052.0,6.872
13908,14053.0,7.716
13909,14054.0,6.671
13910,14055.0,7.113
13911,14056.0,6.32
13912,14057.0,5.957
13913,14058.0,5.998
13914,14059.0,6.239
13915,14060.0,6.44
13916,14061.0,8.226
13917,14062.0,9.269
13918,14063.0,9.149
13919,14064.0,8.547
13920,14065.0,6.159
13921,14066.0,6.752
13922,14067.0,8.186
13923,14069.0,7.154
13924,14070.0,6.239
13925,14071.0,6.4
13926,14072.0,5.998
13927,14073.0,5.877
13928,14074.0,6.279
13929,14075.0,6.32
13930,14076.0,9.189
13931,14077.0,8.587
13932,14078.0,9.028
13933,14079.0,9.349
13934,14080.0,6.279
13935,14081.0,7.435
13936,14082.0,6.631
13937,14083.0,7.985
13938,14084.0,6.752
13939,14085.0,6.722
13940,14086.0,6.038
13941,14087.0,5.796
13942,14088.0,6.118
13943,14089.0,6.279
13944,14090.0,8.587
13945,14091.0,7.636
13946,14092.0,8.426
13947,14093.0,8.788
13948,14094.0,6.561
13949,14095.0,7.998
13950,14096.0,7.033
13951,14097.0,7.837
13952,14098.0,7.355
13953,14099.0,6.953
13954,14100.0,5.957
13955,14101.0,5.796
13956,14102.0,6.118
13957,14103.0,6.239
13958,14104.0,7.797
13959,14105.0,6.792
13960,14106.0,7.556
13961,14107.0,8.078
13962,14108.0,6.712
13963,14109.0,6.642
13964,14110.0,7.596
13965,14111.0,6.631
13966,14112.0,7.998
13967,14113.0,7.234
13968,14114.0,6.118
13969,14115.0,5.635
13970,14116.0,6.239
13971,14117.0,6.481
13972,14118.0,6.712
13973,14119.0,7.234
13974,14120.0,7.596
13975,14121.0,7.314
13976,14122.0,7.033
13977,14123.0,5.998
13978,14124.0,8.426
13979,14125.0,6.993
13980,14126.0,8.038
13981,14127.0,7.917
13982,14128.0,6.199
13983,14129.0,5.756
13984,14130.0,6.279
13985,14131.0,6.239
13986,14132.0,6.199
13987,14133.0,7.676
13988,14134.0,8.507
13989,14135.0,8.105
13990,14136.0,7.877
13991,14137.0,6.159
13992,14138.0,6.631
13993,14139.0,7.797
13994,14140.0,6.671
13995,14141.0,6.913
13996,14142.0,6.279
13997,14143.0,5.957
13998,14144.0,5.837
13999,14145.0,6.279
14000,14146.0,6.36
14001,14147.0,8.507
14002,14148.0,9.149
14003,14149.0,9.51
14004,14150.0,8.828
14005,14151.0,6.159
14006,14152.0,6.832
14007,14153.0,7.958
14008,14154.0,7.274
14009,14155.0,6.35
14010,14156.0,6.36
14011,14157.0,6.038
14012,14158.0,5.837
14013,14159.0,6.4
14014,14160.0,6.279
14015,14161.0,9.028
14016,14162.0,8.199
14017,14163.0,8.828
14018,14164.0,9.068
14019,14166.0,6.44
14020,14167.0,7.837
14021,14168.0,6.832
14022,14169.0,8.186
14023,14170.0,7.154
14024,14171.0,6.872
14025,14172.0,5.998
14026,14173.0,5.796
14027,14174.0,6.159
14028,14175.0,6.239
14029,14176.0,7.797
14030,14177.0,6.792
14031,14178.0,7.395
14032,14179.0,7.877
14033,14180.0,6.832
14034,14181.0,6.078
14035,14182.0,7.877
14036,14183.0,6.712
14037,14184.0,8.386
14038,14185.0,7.636
14039,14186.0,6.118
14040,14187.0,5.716
14041,14188.0,6.239
14042,14189.0,6.239
14043,14190.0,6.118
14044,14191.0,7.515
14045,14192.0,8.266
14046,14193.0,8.105
14047,14194.0,7.757
14048,14195.0,6.159
14049,14196.0,6.712
14050,14197.0,7.797
14051,14198.0,6.671
14052,14199.0,6.712
14053,14200.0,6.32
14054,14201.0,5.957
14055,14202.0,5.837
14056,14203.0,6.239
14057,14204.0,6.199
14058,14205.0,9.309
14059,14206.0,8.667
14060,14207.0,9.109
14061,14208.0,9.349
14062,14209.0,6.279
14063,14210.0,7.314
14064,14211.0,6.642
14065,14212.0,7.917
14066,14213.0,6.712
14067,14214.0,6.682
14068,14215.0,6.038
14069,14216.0,5.796
14070,14217.0,6.159
14071,14218.0,6.279
14072,14219.0,8.627
14073,14220.0,7.636
14074,14221.0,8.426
14075,14222.0,8.747
14076,14223.0,6.561
14077,14224.0,7.998
14078,14225.0,7.073
14079,14226.0,7.797
14080,14227.0,7.395
14081,14228.0,6.913
14082,14229.0,5.998
14083,14230.0,5.756
14084,14231.0,6.118
14085,14232.0,6.279
14086,14233.0,7.676
14087,14234.0,6.803
14088,14235.0,7.435
14089,14236.0,7.998
14090,14237.0,6.712
14091,14238.0,6.481
14092,14239.0,7.636
14093,14240.0,6.671
14094,14241.0,8.065
14095,14242.0,7.314
14096,14243.0,6.078
14097,14244.0,5.837
14098,14245.0,6.199
14099,14246.0,6.36
14100,14247.0,7.234
14101,14248.0,7.033
14102,14249.0,7.314
14103,14250.0,7.596
14104,14251.0,6.752
14105,14252.0,6.038
14106,14253.0,7.998
14107,14254.0,6.752
14108,14255.0,8.386
14109,14256.0,7.596
14110,14257.0,6.078
14111,14258.0,5.716
14112,14259.0,6.239
14113,14260.0,6.561
14114,14261.0,6.642
14115,14263.0,7.314
14116,14264.0,7.596
14117,14265.0,7.355
14118,14266.0,6.993
14119,14267.0,6.038
14120,14268.0,8.346
14121,14269.0,7.033
14122,14270.0,7.958
14123,14271.0,7.958
14124,14272.0,6.159
14125,14273.0,5.796
14126,14274.0,6.239
14127,14275.0,6.279
14128,14276.0,6.118
14129,14277.0,7.435
14130,14278.0,8.038
14131,14279.0,7.797
14132,14280.0,7.475
14133,14281.0,6.199
14134,14282.0,7.556
14135,14283.0,7.355
14136,14284.0,6.953
14137,14285.0,7.797
14138,14286.0,6.279
14139,14287.0,5.877
14140,14288.0,6.239
14141,14289.0,6.239
14142,14290.0,6.279
14143,14291.0,7.837
14144,14292.0,8.908
14145,14293.0,8.386
14146,14294.0,8.158
14147,14295.0,6.159
14148,14296.0,6.561
14149,14297.0,8.078
14150,14298.0,6.792
14151,14299.0,6.44
14152,14300.0,6.36
14153,14301.0,5.957
14154,14302.0,5.877
14155,14303.0,6.279
14156,14304.0,6.4
14157,14305.0,8.507
14158,14306.0,9.189
14159,14307.0,9.47
14160,14308.0,8.868
14161,14309.0,6.159
14162,14310.0,6.913
14163,14311.0,7.958
14164,14312.0,7.314
14165,14313.0,6.31
14166,14314.0,6.44
14167,14315.0,5.998
14168,14316.0,5.917
14169,14317.0,6.279
14170,14318.0,6.32
14171,14319.0,9.269
14172,14320.0,8.747
14173,14321.0,9.189
14174,14322.0,9.47
14175,14323.0,6.199
14176,14324.0,7.274
14177,14325.0,6.792
14178,14326.0,7.757
14179,14327.0,6.631
14180,14328.0,6.642
14181,14329.0,6.038
14182,14330.0,5.796
14183,14331.0,6.078
14184,14332.0,6.279
14185,14333.0,8.627
14186,14334.0,7.716
14187,14335.0,8.467
14188,14336.0,8.828
14189,14337.0,6.521
14190,14338.0,8.078
14191,14339.0,6.993
14192,14340.0,7.958
14193,14341.0,7.274
14194,14342.0,6.913
14195,14343.0,5.957
14196,14344.0,5.756
14197,14345.0,6.118
14198,14346.0,6.239
14199,14347.0,7.797
14200,14348.0,6.803
14201,14349.0,7.556
14202,14350.0,8.078
14203,14351.0,6.752
14204,14352.0,6.642
14205,14353.0,7.596
14206,14354.0,6.631
14207,14355.0,8.038
14208,14356.0,7.274
14209,14357.0,6.118
14210,14358.0,5.635
14211,14360.0,6.239
14212,14361.0,6.521
14213,14362.0,6.642
14214,14363.0,7.274
14215,14364.0,7.636
14216,14365.0,7.355
14217,14366.0,7.073
14218,14367.0,5.998
14219,14368.0,8.386
14220,14369.0,6.993
14221,14370.0,7.998
14222,14371.0,7.917
14223,14372.0,6.239
14224,14373.0,5.756
14225,14374.0,6.239
14226,14375.0,6.239
14227,14376.0,6.118
14228,14377.0,7.475
14229,14378.0,8.118
14230,14379.0,7.998
14231,14380.0,7.596
14232,14381.0,6.239
14233,14382.0,7.274
14234,14383.0,7.515
14235,14384.0,6.642
14236,14385.0,7.515
14237,14386.0,6.279
14238,14387.0,5.917
14239,14388.0,6.199
14240,14389.0,6.279
14241,14390.0,6.4
14242,14391.0,8.078
14243,14392.0,9.349
14244,14393.0,8.948
14245,14394.0,8.346
14246,14395.0,6.159
14247,14396.0,6.631
14248,14397.0,8.386
14249,14398.0,6.993
14250,14399.0,6.32
14251,14400.0,6.36
14252,14401.0,5.998
14253,14402.0,5.837
14254,14403.0,6.279
14255,14404.0,6.199
14256,14405.0,9.309
14257,14406.0,8.788
14258,14407.0,9.269
14259,14408.0,9.47
14260,14409.0,6.239
14261,14410.0,7.194
14262,14411.0,7.113
14263,14412.0,7.636
14264,14413.0,6.591
14265,14414.0,6.561
14266,14415.0,6.078
14267,14416.0,5.796
14268,14417.0,6.4
14269,14418.0,6.279
14270,14419.0,8.908
14271,14420.0,8.038
14272,14421.0,8.747
14273,14422.0,9.028
14274,14423.0,6.481
14275,14424.0,7.877
14276,14425.0,6.832
14277,14426.0,8.306
14278,14427.0,7.073
14279,14428.0,6.832
14280,14429.0,5.998
14281,14430.0,5.796
14282,14431.0,6.159
14283,14432.0,6.279
14284,14433.0,7.958
14285,14434.0,6.763
14286,14435.0,7.757
14287,14436.0,8.226
14288,14437.0,6.682
14289,14438.0,6.953
14290,14439.0,7.435
14291,14440.0,6.752
14292,14441.0,7.797
14293,14442.0,7.194
14294,14443.0,6.038
14295,14444.0,5.716
14296,14445.0,6.279
14297,14446.0,6.44
14298,14447.0,6.872
14299,14448.0,7.154
14300,14449.0,7.435
14301,14450.0,7.314
14302,14451.0,6.872
14303,14452.0,6.038
14304,14453.0,8.226
14305,14454.0,6.913
14306,14456.0,8.158
14307,14457.0,7.757
14308,14458.0,6.118
14309,14459.0,5.716
14310,14460.0,6.199
14311,14461.0,6.32
14312,14462.0,6.4
14313,14463.0,8.078
14314,14464.0,9.389
14315,14465.0,8.908
14316,14466.0,8.306
14317,14467.0,6.199
14318,14468.0,6.631
14319,14469.0,8.467
14320,14470.0,6.993
14321,14471.0,6.32
14322,14472.0,6.36
14323,14473.0,5.998
14324,14474.0,5.877
14325,14475.0,6.239
14326,14476.0,6.239
14327,14477.0,9.43
14328,14478.0,8.828
14329,14479.0,9.269
14330,14480.0,9.47
14331,14481.0,6.199
14332,14482.0,7.154
14333,14483.0,6.993
14334,14484.0,7.676
14335,14485.0,6.551
14336,14486.0,6.601
14337,14487.0,6.038
14338,14488.0,5.796
14339,14489.0,6.078
14340,14490.0,6.32
14341,14491.0,8.547
14342,14492.0,7.636
14343,14493.0,8.386
14344,14494.0,8.788
14345,14495.0,6.521
14346,14496.0,8.038
14347,14497.0,7.033
14348,14498.0,7.877
14349,14499.0,7.314
14350,14500.0,6.953
14351,14501.0,5.957
14352,14502.0,5.837
14353,14503.0,6.159
14354,14504.0,6.32
14355,14505.0,7.515
14356,14506.0,6.913
14357,14507.0,7.274
14358,14508.0,7.877
14359,14509.0,6.752
14360,14510.0,6.239
14361,14511.0,7.757
14362,14512.0,6.712
14363,14513.0,8.186
14364,14514.0,7.435
14365,14515.0,6.118
14366,14516.0,5.756
14367,14517.0,6.239
14368,14518.0,6.32
14369,14519.0,6.159
14370,14520.0,7.556
14371,14521.0,8.226
14372,14522.0,8.118
14373,14523.0,7.636
14374,14524.0,6.239
14375,14525.0,7.194
14376,14526.0,7.556
14377,14527.0,6.642
14378,14528.0,7.435
14379,14529.0,6.279
14380,14530.0,5.917
14381,14531.0,6.239
14382,14532.0,6.32
14383,14533.0,6.4
14384,14534.0,8.078
14385,14535.0,9.389
14386,14536.0,8.988
14387,14537.0,8.346
14388,14538.0,6.159
14389,14539.0,6.631
14390,14540.0,8.386
14391,14541.0,6.993
14392,14542.0,6.279
14393,14543.0,6.36
14394,14544.0,5.957
14395,14545.0,5.877
14396,14546.0,6.239
14397,14547.0,6.239
14398,14548.0,9.309
14399,14549.0,8.747
14400,14550.0,9.229
14401,14552.0,9.47
14402,14553.0,6.199
14403,14554.0,7.234
14404,14555.0,6.872
14405,14556.0,7.757
14406,14557.0,6.591
14407,14558.0,6.642
14408,14559.0,6.159
14409,14560.0,5.877
14410,14561.0,6.118
14411,14562.0,6.32
14412,14563.0,8.587
14413,14564.0,7.676
14414,14565.0,8.386
14415,14566.0,8.788
14416,14567.0,6.521
14417,14568.0,8.078
14418,14569.0,7.033
14419,14570.0,7.877
14420,14571.0,7.314
14421,14572.0,6.993
14422,14573.0,5.957
14423,14574.0,5.837
14424,14575.0,6.199
14425,14576.0,6.279
14426,14577.0,7.636
14427,14578.0,6.792
14428,14579.0,7.395
14429,14580.0,7.958
14430,14581.0,6.752
14431,14582.0,6.44
14432,14583.0,7.676
14433,14584.0,6.671
14434,14585.0,8.105
14435,14586.0,7.355
14436,14587.0,6.118
14437,14588.0,5.676
14438,14589.0,6.239
14439,14590.0,6.118
14440,14591.0,6.199
14441,14592.0,7.234
14442,14593.0,7.797
14443,14594.0,7.475
14444,14595.0,7.154
14445,14596.0,6.078
14446,14597.0,8.118
14447,14598.0,7.194
14448,14599.0,7.636
14449,14600.0,8.078
14450,14601.0,6.239
14451,14602.0,5.796
14452,14603.0,6.279
14453,14604.0,6.199
14454,14605.0,6.118
14455,14606.0,7.395
14456,14607.0,8.118
14457,14608.0,7.837
14458,14609.0,7.475
14459,14610.0,6.199
14460,14611.0,7.556
14461,14612.0,7.355
14462,14613.0,6.993
14463,14614.0,7.797
14464,14615.0,6.32
14465,14616.0,5.877
14466,14617.0,6.239
14467,14618.0,6.239
14468,14619.0,6.4
14469,14620.0,7.998
14470,14621.0,9.269
14471,14622.0,8.667
14472,14623.0,8.226
14473,14624.0,6.159
14474,14625.0,6.631
14475,14626.0,8.306
14476,14627.0,6.872
14477,14628.0,6.279
14478,14629.0,6.32
14479,14630.0,5.957
14480,14631.0,5.837
14481,14632.0,6.279
14482,14633.0,6.159
14483,14634.0,9.109
14484,14635.0,8.948
14485,14636.0,9.349
14486,14637.0,9.43
14487,14638.0,6.159
14488,14639.0,7.113
14489,14640.0,7.395
14490,14641.0,7.475
14491,14642.0,6.47
14492,14643.0,6.521
14493,14644.0,6.038
14494,14645.0,5.837
14495,14646.0,6.4
14496,14647.0,6.279
14497,14649.0,9.068
14498,14650.0,8.359
14499,14651.0,8.948
14500,14652.0,9.189
14501,14653.0,6.36
14502,14654.0,7.556
14503,14655.0,6.712
14504,14656.0,8.226
14505,14657.0,6.872
14506,14658.0,6.763
14507,14659.0,6.038
14508,14660.0,5.796
14509,14661.0,6.159
14510,14662.0,6.279
14511,14663.0,8.507
14512,14664.0,7.515
14513,14665.0,8.346
14514,14666.0,8.707
14515,14667.0,6.561
14516,14668.0,7.877
14517,14669.0,7.154
14518,14670.0,7.716
14519,14671.0,7.435
14520,14672.0,6.953
14521,14673.0,5.998
14522,14674.0,5.796
14523,14675.0,6.199
14524,14676.0,6.239
14525,14677.0,7.797
14526,14678.0,6.792
14527,14679.0,7.515
14528,14680.0,8.038
14529,14681.0,6.712
14530,14682.0,6.601
14531,14683.0,7.596
14532,14684.0,6.631
14533,14685.0,7.998
14534,14686.0,7.274
14535,14687.0,6.078
14536,14688.0,5.635
14537,14689.0,6.239
14538,14690.0,6.279
14539,14691.0,6.44
14540,14692.0,7.314
14541,14693.0,7.636
14542,14694.0,7.355
14543,14695.0,7.073
14544,14696.0,6.078
14545,14697.0,8.266
14546,14698.0,7.073
14547,14699.0,7.797
14548,14700.0,8.078
14549,14701.0,6.199
14550,14702.0,5.756
14551,14703.0,6.199
14552,14704.0,6.239
14553,14705.0,6.199
14554,14706.0,7.676
14555,14707.0,8.547
14556,14708.0,8.105
14557,14709.0,7.877
14558,14710.0,6.199
14559,14711.0,6.682
14560,14712.0,7.837
14561,14713.0,6.671
14562,14714.0,6.993
14563,14715.0,6.32
14564,14716.0,5.998
14565,14717.0,5.837
14566,14718.0,6.279
14567,14719.0,6.481
14568,14720.0,8.386
14569,14721.0,9.229
14570,14722.0,9.349
14571,14723.0,8.667
14572,14724.0,6.239
14573,14725.0,6.792
14574,14726.0,8.145
14575,14727.0,7.154
14576,14728.0,6.279
14577,14729.0,6.4
14578,14730.0,6.038
14579,14731.0,5.837
14580,14732.0,6.279
14581,14733.0,6.199
14582,14734.0,9.269
14583,14735.0,8.828
14584,14736.0,9.269
14585,14737.0,9.51
14586,14738.0,6.159
14587,14739.0,7.234
14588,14740.0,7.073
14589,14741.0,7.636
14590,14742.0,6.551
14591,14743.0,6.561
14592,14745.0,6.038
14593,14746.0,5.837
14594,14747.0,6.44
14595,14748.0,6.279
14596,14749.0,8.908
14597,14750.0,8.158
14598,14751.0,8.788
14599,14752.0,9.109
14600,14753.0,6.44
14601,14754.0,7.797
14602,14755.0,6.752
14603,14756.0,8.426
14604,14757.0,6.993
14605,14758.0,6.832
14606,14759.0,5.998
14607,14760.0,5.877
14608,14761.0,6.199
14609,14762.0,6.32
14610,14763.0,8.199
14611,14764.0,7.073
14612,14765.0,7.958
14613,14766.0,8.467
14614,14767.0,6.601
14615,14768.0,7.395
14616,14769.0,7.355
14617,14770.0,7.194
14618,14771.0,7.596
14619,14772.0,7.113
14620,14773.0,5.998
14621,14774.0,5.837
14622,14775.0,6.199
14623,14776.0,6.44
14624,14777.0,7.154
14625,14778.0,7.033
14626,14779.0,7.314
14627,14780.0,7.515
14628,14781.0,6.792
14629,14782.0,6.038
14630,14783.0,8.038
14631,14784.0,6.792
14632,14785.0,8.346
14633,14786.0,7.596
14634,14787.0,6.118
14635,14788.0,5.676
14636,14789.0,6.239
14637,14790.0,6.159
14638,14791.0,6.239
14639,14792.0,7.234
14640,14793.0,7.877
14641,14794.0,7.515
14642,14795.0,7.194
14643,14796.0,6.078
14644,14797.0,8.038
14645,14798.0,7.194
14646,14799.0,7.475
14647,14800.0,8.105
14648,14801.0,6.239
14649,14802.0,5.796
14650,14803.0,6.239
14651,14804.0,6.239
14652,14805.0,6.279
14653,14806.0,7.757
14654,14807.0,8.788
14655,14808.0,8.306
14656,14809.0,8.065
14657,14810.0,6.199
14658,14811.0,6.591
14659,14812.0,7.998
14660,14813.0,6.752
14661,14814.0,6.591
14662,14815.0,6.36
14663,14816.0,5.917
14664,14817.0,5.877
14665,14818.0,6.279
14666,14819.0,6.239
14667,14820.0,8.627
14668,14821.0,9.149
14669,14822.0,9.47
14670,14823.0,9.028
14671,14824.0,6.159
14672,14825.0,6.953
14673,14826.0,7.837
14674,14827.0,7.395
14675,14828.0,6.35
14676,14829.0,6.4
14677,14830.0,6.078
14678,14831.0,5.796
14679,14832.0,6.32
14680,14833.0,6.239
14681,14834.0,9.149
14682,14835.0,8.467
14683,14836.0,8.988
14684,14837.0,9.269
14685,14838.0,6.32
14686,14839.0,7.515
14687,14840.0,6.671
14688,14842.0,8.105
14689,14843.0,6.792
14690,14844.0,6.763
14691,14845.0,6.038
14692,14846.0,5.837
14693,14847.0,6.078
14694,14848.0,6.279
14695,14849.0,8.747
14696,14850.0,7.837
14697,14851.0,8.587
14698,14852.0,8.908
14699,14853.0,6.521
14700,14854.0,8.038
14701,14855.0,6.913
14702,14856.0,8.065
14703,14857.0,7.194
14704,14858.0,6.872
14705,14859.0,5.998
14706,14860.0,5.796
14707,14861.0,6.239
14708,14862.0,6.279
14709,14863.0,8.038
14710,14864.0,6.792
14711,14865.0,7.837
14712,14866.0,8.266
14713,14867.0,6.671
14714,14868.0,7.033
14715,14869.0,7.395
14716,14870.0,6.832
14717,14871.0,7.797
14718,14872.0,7.154
14719,14873.0,6.078
14720,14874.0,5.756
14721,14875.0,6.279
14722,14876.0,6.4
14723,14877.0,7.073
14724,14878.0,7.073
14725,14879.0,7.435
14726,14880.0,7.435
14727,14881.0,6.872
14728,14882.0,5.998
14729,14883.0,8.105
14730,14884.0,6.832
14731,14885.0,8.266
14732,14886.0,7.676
14733,14887.0,6.118
14734,14888.0,5.716
14735,14889.0,6.239
14736,14890.0,6.199
14737,14891.0,6.078
14738,14892.0,7.355
14739,14893.0,8.105
14740,14894.0,7.757
14741,14895.0,7.395
14742,14896.0,6.199
14743,14897.0,7.636
14744,14898.0,7.435
14745,14899.0,7.073
14746,14900.0,7.917
14747,14901.0,6.279
14748,14902.0,5.837
14749,14903.0,6.239
14750,14904.0,6.239
14751,14905.0,6.279
14752,14906.0,7.837
14753,14907.0,8.868
14754,14908.0,8.426
14755,14909.0,8.145
14756,14910.0,6.199
14757,14911.0,6.551
14758,14912.0,8.065
14759,14913.0,6.792
14760,14914.0,6.47
14761,14915.0,6.32
14762,14916.0,5.957
14763,14917.0,5.877
14764,14918.0,6.32
14765,14919.0,6.118
14766,14920.0,8.868
14767,14921.0,9.028
14768,14922.0,9.47
14769,14923.0,9.189
14770,14924.0,6.199
14771,14925.0,6.993
14772,14926.0,7.636
14773,14927.0,7.355
14774,14928.0,6.551
14775,14929.0,6.481
14776,14930.0,6.078
14777,14931.0,5.756
14778,14932.0,6.118
14779,14933.0,6.279
14780,14934.0,8.386
14781,14935.0,7.355
14782,14936.0,8.186
14783,14938.0,8.627
14784,14939.0,6.561
14785,14940.0,7.716
14786,14941.0,7.154
14787,14942.0,7.515
14788,14943.0,7.355
14789,14944.0,6.993
14790,14945.0,5.957
14791,14946.0,5.756
14792,14947.0,6.239
14793,14948.0,6.4
14794,14949.0,7.154
14795,14950.0,7.033
14796,14951.0,7.314
14797,14952.0,7.515
14798,14953.0,6.792
14799,14954.0,6.038
14800,14955.0,8.038
14801,14956.0,6.792
14802,14957.0,8.386
14803,14958.0,7.636
14804,14959.0,6.118
14805,14960.0,5.756
14806,14961.0,6.239
14807,14962.0,6.4
14808,14963.0,6.521
14809,14964.0,7.355
14810,14965.0,7.636
14811,14966.0,7.395
14812,14967.0,7.033
14813,14968.0,6.078
14814,14969.0,8.306
14815,14970.0,7.113
14816,14971.0,7.837
14817,14972.0,8.038
14818,14973.0,6.199
14819,14974.0,5.837
14820,14975.0,6.239
14821,14976.0,6.32
14822,14977.0,6.199
14823,14978.0,7.596
14824,14979.0,8.346
14825,14980.0,8.145
14826,14981.0,7.716
14827,14982.0,6.279
14828,14983.0,6.993
14829,14984.0,7.636
14830,14985.0,6.631
14831,14986.0,7.234
14832,14987.0,6.32
14833,14988.0,5.917
14834,14989.0,6.078
14835,14990.0,6.239
14836,14991.0,6.44
14837,14992.0,8.145
14838,14993.0,9.309
14839,14994.0,9.109
14840,14995.0,8.507
14841,14996.0,6.159
14842,14997.0,6.712
14843,14998.0,8.266
14844,14999.0,7.073
14845,15000.0,6.269
14846,15001.0,6.36
14847,15002.0,5.998
14848,15003.0,5.877
14849,15004.0,6.279
14850,15005.0,6.239
14851,15006.0,9.269
14852,15007.0,8.828
14853,15008.0,9.269
14854,15009.0,9.47
14855,15010.0,6.159
14856,15011.0,7.234
14857,15012.0,7.113
14858,15013.0,7.676
14859,15014.0,6.551
14860,15015.0,6.601
14861,15016.0,6.038
14862,15017.0,5.837
14863,15018.0,6.4
14864,15019.0,6.279
14865,15020.0,8.948
14866,15021.0,8.239
14867,15022.0,8.788
14868,15023.0,9.109
14869,15024.0,6.4
14870,15025.0,7.797
14871,15026.0,6.712
14872,15027.0,8.467
14873,15028.0,6.953
14874,15029.0,6.832
14875,15030.0,5.998
14876,15031.0,5.837
14877,15032.0,6.159
14878,15033.0,6.279
14879,15035.0,8.426
14880,15036.0,7.395
14881,15037.0,8.226
14882,15038.0,8.627
14883,15039.0,6.561
14884,15040.0,7.716
14885,15041.0,7.154
14886,15042.0,7.556
14887,15043.0,7.395
14888,15044.0,6.993
14889,15045.0,5.998
14890,15046.0,5.676
14891,15047.0,6.239
14892,15048.0,6.44
14893,15049.0,6.993
14894,15050.0,7.113
14895,15051.0,7.395
14896,15052.0,7.355
14897,15053.0,6.872
14898,15054.0,6.038
14899,15055.0,8.226
14900,15056.0,6.832
14901,15057.0,8.226
14902,15058.0,7.716
14903,15059.0,6.118
14904,15060.0,5.635
14905,15061.0,6.239
14906,15062.0,6.239
14907,15063.0,6.239
14908,15064.0,7.636
14909,15065.0,8.507
14910,15066.0,8.105
14911,15067.0,7.837
14912,15068.0,6.159
14913,15069.0,6.752
14914,15070.0,7.757
14915,15071.0,6.712
14916,15072.0,6.993
14917,15073.0,6.36
14918,15074.0,5.957
14919,15075.0,6.279
14920,15076.0,6.239
14921,15077.0,6.36
14922,15078.0,7.958
14923,15079.0,9.149
14924,15080.0,8.547
14925,15081.0,8.199
14926,15082.0,6.159
14927,15083.0,6.631
14928,15084.0,8.226
14929,15085.0,6.872
14930,15086.0,6.279
14931,15087.0,6.32
14932,15088.0,5.957
14933,15089.0,5.877
14934,15090.0,6.32
14935,15091.0,6.159
14936,15092.0,8.707
14937,15093.0,9.109
14938,15094.0,9.47
14939,15095.0,9.028
14940,15096.0,6.159
14941,15097.0,6.913
14942,15098.0,7.716
14943,15099.0,7.395
14944,15100.0,6.39
14945,15101.0,6.44
14946,15102.0,6.078
14947,15103.0,5.837
14948,15104.0,6.36
14949,15105.0,6.279
14950,15106.0,9.149
14951,15107.0,8.467
14952,15108.0,9.028
14953,15109.0,9.229
14954,15110.0,6.36
14955,15111.0,7.475
14956,15112.0,6.671
14957,15113.0,8.105
14958,15114.0,6.832
14959,15115.0,6.752
14960,15116.0,6.038
14961,15117.0,5.796
14962,15118.0,6.159
14963,15119.0,6.279
14964,15120.0,8.467
14965,15121.0,7.435
14966,15122.0,8.266
14967,15123.0,8.627
14968,15124.0,6.601
14969,15125.0,7.797
14970,15126.0,7.194
14971,15127.0,7.596
14972,15128.0,7.395
14973,15129.0,6.993
14974,15130.0,6.038
14975,15132.0,5.756
14976,15133.0,6.239
14977,15134.0,6.36
14978,15135.0,7.274
14979,15136.0,6.993
14980,15137.0,7.355
14981,15138.0,7.556
14982,15139.0,6.792
14983,15140.0,5.998
14984,15141.0,7.985
14985,15142.0,6.752
14986,15143.0,8.386
14987,15144.0,7.556
14988,15145.0,6.078
14989,15146.0,5.716
14990,15147.0,6.199
14991,15148.0,6.159
14992,15149.0,6.199
14993,15150.0,7.274
14994,15151.0,7.877
14995,15152.0,7.556
14996,15153.0,7.234
14997,15154.0,6.118
14998,15155.0,7.958
14999,15156.0,7.234
15000,15157.0,7.435
15001,15158.0,8.145
15002,15159.0,6.239
15003,15160.0,5.796
15004,15161.0,6.199
15005,15162.0,6.239
15006,15163.0,6.279
15007,15164.0,7.877
15008,15165.0,8.948
15009,15166.0,8.467
15010,15167.0,8.186
15011,15168.0,6.199
15012,15169.0,6.551
15013,15170.0,8.145
15014,15171.0,6.792
15015,15172.0,6.36
15016,15173.0,6.32
15017,15174.0,5.957
15018,15175.0,5.877
15019,15176.0,6.32
15020,15177.0,6.159
15021,15178.0,8.988
15022,15179.0,8.948
15023,15180.0,9.43
15024,15181.0,9.349
15025,15182.0,6.159
15026,15183.0,7.073
15027,15184.0,7.475
15028,15185.0,7.435
15029,15186.0,6.511
15030,15187.0,6.481
15031,15188.0,6.078
15032,15189.0,5.796
15033,15190.0,6.32
15034,15191.0,6.279
15035,15192.0,8.868
15036,15193.0,8.038
15037,15194.0,8.667
15038,15195.0,8.988
15039,15196.0,6.44
15040,15197.0,7.917
15041,15198.0,6.792
15042,15199.0,8.266
15043,15200.0,7.073
15044,15201.0,6.843
15045,15202.0,5.998
15046,15203.0,5.837
15047,15204.0,6.159
15048,15205.0,6.279
15049,15206.0,8.239
15050,15207.0,7.113
15051,15208.0,8.038
15052,15209.0,8.467
15053,15210.0,6.591
15054,15211.0,7.435
15055,15212.0,7.314
15056,15213.0,7.234
15057,15214.0,7.556
15058,15215.0,7.073
15059,15216.0,5.998
15060,15217.0,5.796
15061,15218.0,6.199
15062,15219.0,6.36
15063,15220.0,7.314
15064,15221.0,6.993
15065,15222.0,7.314
15066,15223.0,7.676
15067,15224.0,6.832
15068,15225.0,6.078
15069,15226.0,7.905
15070,15227.0,6.792
15071,15229.0,8.426
15072,15230.0,7.596
15073,15231.0,6.078
15074,15232.0,5.756
15075,15233.0,6.239
15076,15234.0,6.239
15077,15235.0,6.078
15078,15236.0,7.395
15079,15237.0,8.065
15080,15238.0,7.757
15081,15239.0,7.355
15082,15240.0,6.159
15083,15241.0,7.716
15084,15242.0,7.355
15085,15243.0,7.154
15086,15244.0,7.917
15087,15245.0,6.279
15088,15246.0,5.837
15089,15247.0,5.756
15090,15248.0,6.36
15091,15249.0,6.279
15092,15250.0,8.868
15093,15251.0,8.038
15094,15252.0,8.667
15095,15253.0,9.028
15096,15254.0,6.44
15097,15255.0,7.877
15098,15256.0,6.832
15099,15257.0,8.306
15100,15258.0,7.073
15101,15259.0,6.832
15102,15260.0,5.998
15103,15261.0,5.837
15104,15262.0,6.239
15105,15263.0,6.32
15106,15264.0,8.038
15107,15265.0,6.832
15108,15266.0,7.797
15109,15267.0,8.306
15110,15268.0,6.631
15111,15269.0,7.113
15112,15270.0,7.395
15113,15271.0,6.913
15114,15272.0,7.757
15115,15273.0,7.194
15116,15274.0,6.038
15117,15275.0,5.796
15118,15276.0,6.239
15119,15277.0,6.44
15120,15278.0,6.953
15121,15279.0,7.154
15122,15280.0,7.395
15123,15281.0,7.355
15124,15282.0,6.872
15125,15283.0,6.038
15126,15284.0,8.186
15127,15285.0,6.913
15128,15286.0,8.186
15129,15287.0,7.797
15130,15288.0,6.118
15131,15289.0,5.796
15132,15290.0,6.239
15133,15291.0,6.239
15134,15292.0,6.118
15135,15293.0,7.435
15136,15294.0,8.078
15137,15295.0,7.917
15138,15296.0,7.515
15139,15297.0,6.199
15140,15298.0,7.435
15141,15299.0,7.435
15142,15300.0,6.832
15143,15301.0,7.636
15144,15302.0,6.279
15145,15303.0,5.877
15146,15304.0,6.239
15147,15305.0,6.239
15148,15306.0,6.32
15149,15307.0,7.958
15150,15308.0,9.149
15151,15309.0,8.627
15152,15310.0,8.105
15153,15311.0,6.159
15154,15312.0,6.591
15155,15313.0,8.266
15156,15314.0,6.872
15157,15315.0,6.239
15158,15316.0,6.36
15159,15317.0,5.957
15160,15318.0,5.877
15161,15319.0,6.279
15162,15320.0,6.159
15163,15321.0,8.788
15164,15322.0,9.028
15165,15323.0,9.43
15166,15325.0,9.189
15167,15326.0,6.159
15168,15327.0,6.993
15169,15328.0,7.596
15170,15329.0,7.355
15171,15330.0,6.39
15172,15331.0,6.521
15173,15332.0,6.078
15174,15333.0,5.877
15175,15334.0,6.36
15176,15335.0,6.279
15177,15336.0,9.109
15178,15337.0,8.426
15179,15338.0,8.908
15180,15339.0,9.229
15181,15340.0,6.36
15182,15341.0,7.596
15183,15342.0,6.671
15184,15343.0,8.226
15185,15344.0,6.872
15186,15345.0,6.752
15187,15346.0,6.038
15188,15347.0,5.796
15189,15348.0,6.118
15190,15349.0,6.279
15191,15350.0,8.507
15192,15351.0,7.556
15193,15352.0,8.346
15194,15353.0,8.707
15195,15354.0,6.561
15196,15355.0,7.917
15197,15356.0,7.113
15198,15357.0,7.716
15199,15358.0,7.395
15200,15359.0,6.953
15201,15360.0,5.957
15202,15361.0,5.796
15203,15362.0,6.199
15204,15363.0,6.279
15205,15364.0,7.596
15206,15365.0,6.832
15207,15366.0,7.314
15208,15367.0,7.877
15209,15368.0,6.752
15210,15369.0,6.279
15211,15370.0,7.757
15212,15371.0,6.671
15213,15372.0,8.186
15214,15373.0,7.355
15215,15374.0,6.118
15216,15375.0,5.635
15217,15376.0,6.239
15218,15377.0,6.118
15219,15378.0,6.279
15220,15379.0,7.234
15221,15380.0,7.837
15222,15381.0,7.475
15223,15382.0,7.194
15224,15383.0,6.038
15225,15384.0,8.145
15226,15385.0,7.154
15227,15386.0,7.676
15228,15387.0,8.078
15229,15388.0,6.279
15230,15389.0,5.756
15231,15390.0,6.279
15232,15391.0,6.239
15233,15392.0,6.199
15234,15393.0,7.676
15235,15394.0,8.547
15236,15395.0,8.105
15237,15396.0,7.877
15238,15397.0,6.159
15239,15398.0,6.591
15240,15399.0,7.837
15241,15400.0,6.671
15242,15401.0,6.872
15243,15402.0,6.279
15244,15403.0,5.957
15245,15404.0,5.837
15246,15405.0,6.279
15247,15406.0,6.481
15248,15407.0,8.426
15249,15408.0,9.189
15250,15409.0,9.389
15251,15410.0,8.747
15252,15411.0,6.159
15253,15412.0,6.792
15254,15413.0,8.038
15255,15414.0,7.234
15256,15415.0,6.32
15257,15416.0,6.36
15258,15417.0,6.038
15259,15418.0,5.837
15260,15419.0,6.279
15261,15420.0,6.279
15262,15422.0,9.309
15263,15423.0,8.627
15264,15424.0,9.149
15265,15425.0,9.389
15266,15426.0,6.279
15267,15427.0,7.274
15268,15428.0,6.671
15269,15429.0,7.837
15270,15430.0,6.712
15271,15431.0,6.682
15272,15432.0,6.078
15273,15433.0,5.837
15274,15434.0,6.481
15275,15435.0,6.279
15276,15436.0,8.948
15277,15437.0,8.078
15278,15438.0,8.788
15279,15439.0,9.028
15280,15440.0,6.481
15281,15441.0,7.877
15282,15442.0,6.792
15283,15443.0,8.346
15284,15444.0,7.033
15285,15445.0,6.843
15286,15446.0,5.998
15287,15447.0,5.716
15288,15448.0,6.159
15289,15449.0,6.32
15290,15450.0,7.314
15291,15451.0,6.953
15292,15452.0,7.274
15293,15453.0,7.676
15294,15454.0,6.792
15295,15455.0,6.038
15296,15456.0,7.917
15297,15457.0,6.712
15298,15458.0,8.426
15299,15459.0,7.515
15300,15460.0,6.078
15301,15461.0,5.676
15302,15462.0,6.239
15303,15463.0,6.279
15304,15464.0,6.239
15305,15465.0,7.676
15306,15466.0,8.507
15307,15467.0,8.118
15308,15468.0,7.877
15309,15469.0,6.199
15310,15470.0,6.671
15311,15471.0,7.837
15312,15472.0,6.671
15313,15473.0,6.953
15314,15474.0,6.32
15315,15475.0,5.998
15316,15476.0,5.837
15317,15477.0,6.279
15318,15478.0,6.481
15319,15479.0,8.346
15320,15480.0,9.229
15321,15481.0,9.349
15322,15482.0,8.667
15323,15483.0,6.199
15324,15484.0,6.752
15325,15485.0,8.145
15326,15486.0,7.194
15327,15487.0,6.36
15328,15488.0,6.36
15329,15489.0,6.038
15330,15490.0,5.837
15331,15491.0,6.239
15332,15492.0,6.239
15333,15493.0,9.309
15334,15494.0,8.707
15335,15495.0,9.149
15336,15496.0,9.389
15337,15497.0,6.199
15338,15498.0,7.234
15339,15499.0,6.752
15340,15500.0,7.797
15341,15501.0,6.631
15342,15502.0,6.642
15343,15503.0,6.038
15344,15504.0,5.796
15345,15505.0,6.078
15346,15506.0,6.279
15347,15507.0,8.707
15348,15508.0,7.837
15349,15509.0,8.547
15350,15510.0,8.908
15351,15511.0,6.481
15352,15512.0,8.118
15353,15513.0,6.913
15354,15514.0,8.078
15355,15515.0,7.194
15356,15516.0,6.913
15357,15518.0,5.957
15358,15519.0,5.796
15359,15520.0,6.118
15360,15521.0,6.279
15361,15522.0,7.636
15362,15523.0,6.832
15363,15524.0,7.395
15364,15525.0,7.958
15365,15526.0,6.752
15366,15527.0,6.44
15367,15528.0,7.676
15368,15529.0,6.712
15369,15530.0,8.118
15370,15531.0,7.395
15371,15532.0,6.078
15372,15533.0,5.716
15373,15534.0,6.239
15374,15535.0,6.159
15375,15536.0,6.199
15376,15537.0,7.274
15377,15538.0,7.837
15378,15539.0,7.556
15379,15540.0,7.154
15380,15541.0,6.118
15381,15542.0,8.038
15382,15543.0,7.194
15383,15544.0,7.515
15384,15545.0,8.118
15385,15546.0,6.239
15386,15547.0,5.796
15387,15548.0,6.239
15388,15549.0,6.239
15389,15550.0,6.199
15390,15551.0,7.676
15391,15552.0,8.547
15392,15553.0,8.105
15393,15554.0,7.877
15394,15555.0,6.159
15395,15556.0,6.671
15396,15557.0,7.797
15397,15558.0,6.712
15398,15559.0,6.913
15399,15560.0,6.32
15400,15561.0,5.957
15401,15562.0,5.877
15402,15563.0,6.239
15403,15564.0,6.118
15404,15565.0,8.707
15405,15566.0,9.109
15406,15567.0,9.43
15407,15568.0,9.109
15408,15569.0,6.159
15409,15570.0,6.993
15410,15571.0,7.676
15411,15572.0,7.435
15412,15573.0,6.39
15413,15574.0,6.481
15414,15575.0,6.078
15415,15576.0,5.877
15416,15577.0,6.4
15417,15578.0,6.279
15418,15579.0,9.028
15419,15580.0,8.346
15420,15581.0,8.868
15421,15582.0,9.189
15422,15583.0,6.36
15423,15584.0,7.636
15424,15585.0,6.671
15425,15586.0,8.346
15426,15587.0,6.872
15427,15588.0,6.832
15428,15589.0,5.998
15429,15590.0,5.837
15430,15591.0,6.159
15431,15592.0,6.279
15432,15593.0,8.426
15433,15594.0,7.355
15434,15595.0,8.226
15435,15596.0,8.587
15436,15597.0,6.561
15437,15598.0,7.676
15438,15599.0,7.194
15439,15600.0,7.515
15440,15601.0,7.395
15441,15602.0,6.993
15442,15603.0,5.998
15443,15604.0,5.716
15444,15605.0,6.199
15445,15606.0,6.32
15446,15607.0,7.355
15447,15608.0,6.953
15448,15609.0,7.274
15449,15610.0,7.676
15450,15611.0,6.792
15451,15612.0,6.038
15452,15613.0,7.917
15453,15614.0,6.712
15454,15616.0,8.426
15455,15617.0,7.515
15456,15618.0,6.078
15457,15619.0,5.635
15458,15620.0,6.279
15459,15621.0,6.279
15460,15622.0,6.199
15461,15623.0,7.556
15462,15624.0,8.306
15463,15625.0,8.065
15464,15626.0,7.716
15465,15627.0,6.279
15466,15628.0,7.073
15467,15629.0,7.596
15468,15630.0,6.671
15469,15631.0,7.274
15470,15632.0,6.32
15471,15633.0,5.917
15472,15634.0,5.877
15473,15635.0,6.239
15474,15636.0,6.199
15475,15637.0,8.828
15476,15638.0,9.068
15477,15639.0,9.389
15478,15640.0,9.269
15479,15641.0,6.159
15480,15642.0,7.033
15481,15643.0,7.556
15482,15644.0,7.355
15483,15645.0,6.43
15484,15646.0,6.481
15485,15647.0,6.038
15486,15648.0,5.837
15487,15649.0,6.239
15488,15650.0,6.199
15489,15651.0,9.309
15490,15652.0,8.788
15491,15653.0,9.229
15492,15654.0,9.43
15493,15655.0,6.199
15494,15656.0,7.154
15495,15657.0,6.993
15496,15658.0,7.676
15497,15659.0,6.591
15498,15660.0,6.561
15499,15661.0,6.078
15500,15662.0,5.837
15501,15663.0,6.36
15502,15664.0,6.239
15503,15665.0,9.109
15504,15666.0,8.386
15505,15667.0,8.988
15506,15668.0,9.229
15507,15669.0,6.36
15508,15670.0,7.515
15509,15671.0,6.671
15510,15672.0,8.186
15511,15673.0,6.832
15512,15674.0,6.722
15513,15675.0,6.038
15514,15676.0,5.796
15515,15677.0,6.159
15516,15678.0,6.279
15517,15679.0,8.507
15518,15680.0,7.475
15519,15681.0,8.346
15520,15682.0,8.667
15521,15683.0,6.601
15522,15684.0,7.837
15523,15685.0,7.154
15524,15686.0,7.676
15525,15687.0,7.435
15526,15688.0,6.993
15527,15689.0,6.038
15528,15690.0,5.796
15529,15691.0,6.239
15530,15692.0,6.32
15531,15693.0,7.475
15532,15694.0,6.913
15533,15695.0,7.274
15534,15696.0,7.757
15535,15697.0,6.792
15536,15698.0,6.038
15537,15699.0,7.877
15538,15700.0,6.712
15539,15701.0,8.346
15540,15702.0,7.475
15541,15703.0,6.078
15542,15704.0,5.635
15543,15705.0,6.239
15544,15706.0,6.279
15545,15707.0,6.239
15546,15708.0,7.716
15547,15709.0,8.667
15548,15710.0,8.186
15549,15712.0,7.958
15550,15713.0,6.159
15551,15714.0,6.511
15552,15715.0,7.877
15553,15716.0,6.712
15554,15717.0,6.832
15555,15718.0,6.32
15556,15719.0,5.998
15557,15720.0,5.837
15558,15721.0,6.32
15559,15722.0,6.521
15560,15723.0,8.467
15561,15724.0,9.189
15562,15725.0,9.43
15563,15726.0,8.788
15564,15727.0,6.159
15565,15728.0,6.832
15566,15729.0,8.038
15567,15730.0,7.234
15568,15731.0,6.35
15569,15732.0,6.4
15570,15733.0,6.078
15571,15734.0,5.837
15572,15735.0,6.32
15573,15736.0,6.279
15574,15737.0,9.229
15575,15738.0,8.547
15576,15739.0,9.109
15577,15740.0,9.309
15578,15741.0,6.36
15579,15742.0,7.395
15580,15743.0,6.712
15581,15744.0,7.998
15582,15745.0,6.792
15583,15746.0,6.722
15584,15747.0,6.038
15585,15748.0,5.796
15586,15749.0,6.078
15587,15750.0,6.279
15588,15751.0,8.587
15589,15752.0,7.676
15590,15753.0,8.386
15591,15754.0,8.788
15592,15755.0,6.521
15593,15756.0,7.998
15594,15757.0,7.033
15595,15758.0,7.837
15596,15759.0,7.314
15597,15760.0,6.913
15598,15761.0,5.957
15599,15762.0,5.796
15600,15763.0,6.159
15601,15764.0,6.32
15602,15765.0,7.716
15603,15766.0,6.832
15604,15767.0,7.435
15605,15768.0,7.998
15606,15769.0,6.752
15607,15770.0,6.521
15608,15771.0,7.636
15609,15772.0,6.671
15610,15773.0,8.078
15611,15774.0,7.314
15612,15775.0,6.078
15613,15776.0,5.676
15614,15777.0,6.239
15615,15778.0,6.279
15616,15779.0,6.44
15617,15780.0,7.355
15618,15781.0,7.676
15619,15782.0,7.395
15620,15783.0,7.073
15621,15784.0,6.078
15622,15785.0,8.226
15623,15786.0,7.113
15624,15787.0,7.757
15625,15788.0,8.078
15626,15789.0,6.199
15627,15790.0,5.837
15628,15791.0,6.239
15629,15792.0,6.279
15630,15793.0,6.239
15631,15794.0,7.797
15632,15795.0,8.707
15633,15796.0,8.306
15634,15797.0,7.998
15635,15798.0,6.199
15636,15799.0,6.511
15637,15800.0,7.917
15638,15801.0,6.712
15639,15802.0,6.712
15640,15803.0,6.32
15641,15804.0,5.917
15642,15805.0,5.837
15643,15806.0,6.279
15644,15807.0,6.159
15645,15809.0,8.828
15646,15810.0,9.028
15647,15811.0,9.389
15648,15812.0,9.229
15649,15813.0,6.159
15650,15814.0,7.033
15651,15815.0,7.556
15652,15816.0,7.395
15653,15817.0,6.43
15654,15818.0,6.481
15655,15819.0,6.038
15656,15820.0,5.837
15657,15821.0,6.44
15658,15822.0,6.279
15659,15823.0,8.908
15660,15824.0,8.158
15661,15825.0,8.747
15662,15826.0,9.068
15663,15827.0,6.44
15664,15828.0,7.797
15665,15829.0,6.752
15666,15830.0,8.386
15667,15831.0,6.993
15668,15832.0,6.843
15669,15833.0,5.998
15670,15834.0,5.837
15671,15835.0,6.118
15672,15836.0,6.279
15673,15837.0,7.757
15674,15838.0,6.832
15675,15839.0,7.475
15676,15840.0,8.078
15677,15841.0,6.712
15678,15842.0,6.601
15679,15843.0,7.596
15680,15844.0,6.671
15681,15845.0,8.025
15682,15846.0,7.314
15683,15847.0,6.078
15684,15848.0,5.716
15685,15849.0,6.199
15686,15850.0,6.199
15687,15851.0,6.078
15688,15852.0,7.314
15689,15853.0,8.038
15690,15854.0,7.676
15691,15855.0,7.355
15692,15856.0,6.118
15693,15857.0,7.716
15694,15858.0,7.355
15695,15859.0,7.154
15696,15860.0,7.958
15697,15861.0,6.279
15698,15862.0,5.837
15699,15863.0,6.239
15700,15864.0,6.239
15701,15865.0,6.32
15702,15866.0,7.917
15703,15867.0,9.068
15704,15868.0,8.547
15705,15869.0,8.145
15706,15870.0,6.199
15707,15871.0,6.591
15708,15872.0,8.186
15709,15873.0,6.872
15710,15874.0,6.269
15711,15875.0,6.36
15712,15876.0,5.957
15713,15877.0,5.877
15714,15878.0,6.279
15715,15879.0,6.118
15716,15880.0,8.707
15717,15881.0,9.068
15718,15882.0,9.43
15719,15883.0,9.109
15720,15884.0,6.159
15721,15885.0,6.953
15722,15886.0,7.716
15723,15887.0,7.435
15724,15888.0,6.39
15725,15889.0,6.481
15726,15890.0,6.038
15727,15891.0,5.877
15728,15892.0,6.279
15729,15893.0,6.32
15730,15894.0,9.229
15731,15895.0,8.667
15732,15896.0,9.068
15733,15897.0,9.389
15734,15898.0,6.239
15735,15899.0,7.395
15736,15900.0,6.631
15737,15901.0,7.945
15738,15902.0,6.712
15739,15903.0,6.682
15740,15904.0,6.038
15741,15906.0,5.837
15742,15907.0,6.118
15743,15908.0,6.279
15744,15909.0,8.747
15745,15910.0,7.917
15746,15911.0,8.587
15747,15912.0,8.908
15748,15913.0,6.481
15749,15914.0,7.998
15750,15915.0,6.913
15751,15916.0,8.145
15752,15917.0,7.154
15753,15918.0,6.872
15754,15919.0,5.998
15755,15920.0,5.756
15756,15921.0,6.118
15757,15922.0,6.239
15758,15923.0,7.716
15759,15924.0,6.792
15760,15925.0,7.475
15761,15926.0,8.025
15762,15927.0,6.712
15763,15928.0,6.511
15764,15929.0,7.636
15765,15930.0,6.631
15766,15931.0,8.065
15767,15932.0,7.274
15768,15933.0,6.118
15769,15934.0,5.877
15770,15935.0,6.239
15771,15936.0,6.36
15772,15937.0,7.314
15773,15938.0,6.953
15774,15939.0,7.314
15775,15940.0,7.636
15776,15941.0,6.832
15777,15942.0,6.038
15778,15943.0,7.985
15779,15944.0,6.752
15780,15945.0,8.426
15781,15946.0,7.556
15782,15947.0,6.118
15783,15948.0,5.917
15784,15949.0,6.279
15785,15950.0,6.36
15786,15951.0,7.355
15787,15952.0,6.953
15788,15953.0,7.314
15789,15954.0,7.636
15790,15955.0,6.792
15791,15956.0,6.038
15792,15957.0,7.958
15793,15958.0,6.712
15794,15959.0,8.426
15795,15960.0,7.515
15796,15961.0,6.078
15797,15962.0,5.676
15798,15963.0,6.199
15799,15964.0,6.118
15800,15965.0,6.199
15801,15966.0,7.234
15802,15967.0,7.917
15803,15968.0,7.556
15804,15969.0,7.194
15805,15970.0,6.118
15806,15971.0,7.958
15807,15972.0,7.234
15808,15973.0,7.435
15809,15974.0,8.145
15810,15975.0,6.239
15811,15976.0,5.796
15812,15977.0,6.239
15813,15978.0,6.239
15814,15979.0,6.199
15815,15980.0,7.676
15816,15981.0,8.507
15817,15982.0,8.105
15818,15983.0,7.837
15819,15984.0,6.199
15820,15985.0,6.712
15821,15986.0,7.797
15822,15987.0,6.671
15823,15988.0,7.033
15824,15989.0,6.32
15825,15990.0,5.998
15826,15991.0,6.118
15827,15992.0,6.32
15828,15993.0,6.44
15829,15994.0,8.186
15830,15995.0,9.309
15831,15996.0,9.068
15832,15997.0,8.426
15833,15998.0,6.199
15834,15999.0,6.712
15835,16000.0,8.346
15836,16001.0,7.073
15837,16003.0,6.31
15838,16004.0,6.36
15839,16005.0,6.038
15840,16006.0,5.837
15841,16007.0,6.239
15842,16008.0,6.199
15843,16009.0,9.309
15844,16010.0,8.788
15845,16011.0,9.229
15846,16012.0,9.47
15847,16013.0,6.199
15848,16014.0,7.234
15849,16015.0,7.033
15850,16016.0,7.676
15851,16017.0,6.551
15852,16018.0,6.601
15853,16019.0,6.038
15854,16020.0,5.877
15855,16021.0,6.44
15856,16022.0,6.279
15857,16023.0,8.948
15858,16024.0,8.199
15859,16025.0,8.788
15860,16026.0,9.109
15861,16027.0,6.4
15862,16028.0,7.716
15863,16029.0,6.712
15864,16030.0,8.426
15865,16031.0,6.953
15866,16032.0,6.792
15867,16033.0,5.998
15868,16034.0,5.837
15869,16035.0,6.159
15870,16036.0,6.32
15871,16037.0,8.266
15872,16038.0,7.194
15873,16039.0,8.078
15874,16040.0,8.507
15875,16041.0,6.591
15876,16042.0,7.515
15877,16043.0,7.274
15878,16044.0,7.314
15879,16045.0,7.515
15880,16046.0,7.113
15881,16047.0,5.998
15882,16048.0,5.796
15883,16049.0,6.199
15884,16050.0,6.481
15885,16051.0,7.154
15886,16052.0,7.073
15887,16053.0,7.314
15888,16054.0,7.556
15889,16055.0,6.792
15890,16056.0,6.078
15891,16057.0,8.025
15892,16058.0,6.792
15893,16059.0,8.346
15894,16060.0,7.596
15895,16061.0,6.118
15896,16062.0,5.676
15897,16063.0,6.239
15898,16064.0,6.199
15899,16065.0,6.118
15900,16066.0,7.395
15901,16067.0,8.078
15902,16068.0,7.837
15903,16069.0,7.435
15904,16070.0,6.159
15905,16071.0,7.556
15906,16072.0,7.355
15907,16073.0,6.953
15908,16074.0,7.797
15909,16075.0,6.279
15910,16076.0,5.837
15911,16077.0,6.239
15912,16078.0,6.239
15913,16079.0,6.32
15914,16080.0,7.917
15915,16081.0,9.068
15916,16082.0,8.507
15917,16083.0,8.186
15918,16084.0,6.159
15919,16085.0,6.591
15920,16086.0,8.186
15921,16087.0,6.872
15922,16088.0,6.279
15923,16089.0,6.36
15924,16090.0,5.957
15925,16091.0,5.877
15926,16092.0,6.279
15927,16093.0,6.199
15928,16094.0,8.948
15929,16095.0,8.988
15930,16096.0,9.349
15931,16097.0,9.389
15932,16098.0,6.118
15933,16100.0,7.113
15934,16101.0,7.435
15935,16102.0,7.515
15936,16103.0,6.47
15937,16104.0,6.561
15938,16105.0,6.038
15939,16106.0,5.837
15940,16107.0,6.32
15941,16108.0,6.239
15942,16109.0,8.828
15943,16110.0,8.038
15944,16111.0,8.707
15945,16112.0,9.028
15946,16113.0,6.481
15947,16114.0,7.877
15948,16115.0,6.832
15949,16116.0,8.266
15950,16117.0,7.073
15951,16118.0,6.832
15952,16119.0,5.998
15953,16120.0,5.796
15954,16121.0,6.199
15955,16122.0,6.279
15956,16123.0,8.226
15957,16124.0,7.073
15958,16125.0,8.038
15959,16126.0,8.426
15960,16127.0,6.601
15961,16128.0,7.355
15962,16129.0,7.355
15963,16130.0,7.154
15964,16131.0,7.636
15965,16132.0,7.073
15966,16133.0,6.038
15967,16134.0,5.555
15968,16135.0,6.239
15969,16136.0,6.36
15970,16137.0,6.521
15971,16138.0,7.314
15972,16139.0,7.676
15973,16140.0,7.355
15974,16141.0,7.113
15975,16142.0,6.038
15976,16143.0,8.306
15977,16144.0,7.073
15978,16145.0,7.837
15979,16146.0,8.038
15980,16147.0,6.239
15981,16148.0,5.756
15982,16149.0,6.279
15983,16150.0,6.239
15984,16151.0,6.279
15985,16152.0,7.676
15986,16153.0,8.547
15987,16154.0,8.105
15988,16155.0,7.877
15989,16156.0,6.199
15990,16157.0,6.712
15991,16158.0,7.757
15992,16159.0,6.671
15993,16160.0,6.993
15994,16161.0,6.32
15995,16162.0,5.957
15996,16163.0,5.756
15997,16164.0,6.36
15998,16165.0,6.239
15999,16166.0,9.068
16000,16167.0,8.306
16001,16168.0,8.908
16002,16169.0,9.189
16003,16170.0,6.4
16004,16171.0,7.596
16005,16172.0,6.712
16006,16173.0,8.266
16007,16174.0,6.872
16008,16175.0,6.763
16009,16176.0,6.038
16010,16177.0,5.796
16011,16178.0,6.159
16012,16179.0,6.32
16013,16180.0,7.877
16014,16181.0,6.792
16015,16182.0,7.636
16016,16183.0,8.145
16017,16184.0,6.712
16018,16185.0,6.792
16019,16186.0,7.515
16020,16187.0,6.631
16021,16188.0,7.958
16022,16189.0,7.194
16023,16190.0,6.118
16024,16191.0,5.676
16025,16192.0,6.279
16026,16193.0,6.481
16027,16194.0,6.712
16028,16196.0,7.274
16029,16197.0,7.636
16030,16198.0,7.314
16031,16199.0,7.033
16032,16200.0,5.998
16033,16201.0,8.426
16034,16202.0,6.993
16035,16203.0,7.998
16036,16204.0,7.917
16037,16205.0,6.199
16038,16206.0,5.716
16039,16207.0,6.239
16040,16208.0,6.239
16041,16209.0,6.279
16042,16210.0,7.917
16043,16211.0,9.028
16044,16212.0,8.507
16045,16213.0,8.186
16046,16214.0,6.159
16047,16215.0,6.551
16048,16216.0,8.186
16049,16217.0,6.832
16050,16218.0,6.279
16051,16219.0,6.32
16052,16220.0,5.957
16053,16221.0,5.837
16054,16222.0,6.279
16055,16223.0,6.159
16056,16224.0,9.149
16057,16225.0,8.868
16058,16226.0,9.309
16059,16227.0,9.51
16060,16228.0,6.159
16061,16229.0,7.154
16062,16230.0,7.274
16063,16231.0,7.556
16064,16232.0,6.511
16065,16233.0,6.561
16066,16234.0,6.078
16067,16235.0,5.796
16068,16236.0,6.159
16069,16237.0,6.279
16070,16238.0,8.828
16071,16239.0,7.917
16072,16240.0,8.627
16073,16241.0,8.948
16074,16242.0,6.521
16075,16243.0,7.998
16076,16244.0,6.913
16077,16245.0,8.145
16078,16246.0,7.194
16079,16247.0,6.832
16080,16248.0,6.038
16081,16249.0,5.796
16082,16250.0,6.159
16083,16251.0,6.279
16084,16252.0,7.958
16085,16253.0,6.792
16086,16254.0,7.716
16087,16255.0,8.145
16088,16256.0,6.712
16089,16257.0,6.832
16090,16258.0,7.475
16091,16259.0,6.631
16092,16260.0,7.877
16093,16261.0,7.194
16094,16262.0,6.078
16095,16263.0,5.635
16096,16264.0,6.199
16097,16265.0,6.481
16098,16266.0,6.631
16099,16267.0,7.274
16100,16268.0,7.556
16101,16269.0,7.314
16102,16270.0,6.993
16103,16271.0,5.998
16104,16272.0,8.386
16105,16273.0,6.993
16106,16274.0,7.958
16107,16275.0,7.917
16108,16276.0,6.159
16109,16277.0,5.796
16110,16278.0,6.36
16111,16279.0,6.199
16112,16280.0,6.078
16113,16281.0,7.355
16114,16282.0,8.065
16115,16283.0,7.716
16116,16284.0,7.355
16117,16285.0,6.159
16118,16286.0,7.716
16119,16287.0,7.435
16120,16288.0,7.154
16121,16289.0,7.958
16122,16290.0,6.279
16123,16291.0,5.917
16124,16293.0,6.239
16125,16294.0,6.279
16126,16295.0,6.279
16127,16296.0,7.837
16128,16297.0,8.828
16129,16298.0,8.386
16130,16299.0,8.105
16131,16300.0,6.199
16132,16301.0,6.551
16133,16302.0,8.105
16134,16303.0,6.792
16135,16304.0,6.551
16136,16305.0,6.32
16137,16306.0,5.998
16138,16307.0,5.837
16139,16308.0,6.279
16140,16309.0,6.199
16141,16310.0,9.149
16142,16311.0,8.868
16143,16312.0,9.309
16144,16313.0,9.51
16145,16314.0,6.159
16146,16315.0,7.154
16147,16316.0,7.234
16148,16317.0,7.556
16149,16318.0,6.511
16150,16319.0,6.561
16151,16320.0,6.038
16152,16321.0,5.877
16153,16322.0,6.44
16154,16323.0,6.279
16155,16324.0,8.988
16156,16325.0,8.239
16157,16326.0,8.828
16158,16327.0,9.149
16159,16328.0,6.4
16160,16329.0,7.716
16161,16330.0,6.712
16162,16331.0,8.467
16163,16332.0,6.953
16164,16333.0,6.792
16165,16334.0,5.998
16166,16335.0,5.796
16167,16336.0,6.199
16168,16337.0,6.36
16169,16338.0,8.158
16170,16339.0,6.993
16171,16340.0,7.958
16172,16341.0,8.547
16173,16342.0,6.631
16174,16343.0,7.314
16175,16344.0,7.395
16176,16345.0,7.113
16177,16346.0,7.636
16178,16347.0,7.154
16179,16348.0,6.038
16180,16349.0,5.796
16181,16350.0,6.239
16182,16351.0,6.521
16183,16352.0,6.631
16184,16353.0,7.234
16185,16354.0,7.556
16186,16355.0,7.314
16187,16356.0,6.993
16188,16357.0,5.998
16189,16358.0,8.346
16190,16359.0,6.993
16191,16360.0,7.917
16192,16361.0,7.877
16193,16362.0,6.159
16194,16363.0,5.716
16195,16364.0,6.239
16196,16365.0,6.239
16197,16366.0,6.239
16198,16367.0,7.757
16199,16368.0,8.788
16200,16369.0,8.266
16201,16370.0,8.038
16202,16371.0,6.159
16203,16372.0,6.551
16204,16373.0,7.958
16205,16374.0,6.752
16206,16375.0,6.631
16207,16376.0,6.32
16208,16377.0,5.917
16209,16378.0,6.239
16210,16379.0,6.239
16211,16380.0,6.4
16212,16381.0,8.078
16213,16382.0,9.349
16214,16383.0,8.788
16215,16384.0,8.266
16216,16385.0,6.159
16217,16386.0,6.671
16218,16387.0,8.426
16219,16388.0,6.993
16220,16389.0,6.279
16221,16391.0,6.4
16222,16392.0,5.957
16223,16393.0,5.917
16224,16394.0,6.4
16225,16395.0,6.36
16226,16396.0,9.028
16227,16397.0,8.279
16228,16398.0,8.788
16229,16399.0,9.109
16230,16400.0,6.44
16231,16401.0,7.917
16232,16402.0,6.832
16233,16403.0,8.186
16234,16404.0,7.154
16235,16405.0,6.872
16236,16406.0,5.957
16237,16407.0,5.796
16238,16408.0,6.199
16239,16409.0,6.279
16240,16410.0,7.797
16241,16411.0,6.792
16242,16412.0,7.475
16243,16413.0,7.958
16244,16414.0,6.712
16245,16415.0,6.239
16246,16416.0,7.757
16247,16417.0,6.671
16248,16418.0,8.386
16249,16419.0,7.515
16250,16420.0,6.078
16251,16421.0,5.676
16252,16422.0,6.239
16253,16423.0,6.159
16254,16424.0,6.118
16255,16425.0,7.355
16256,16426.0,8.065
16257,16427.0,7.837
16258,16428.0,7.515
16259,16429.0,6.199
16260,16430.0,7.234
16261,16431.0,7.556
16262,16432.0,6.631
16263,16433.0,7.234
16264,16434.0,6.32
16265,16435.0,5.957
16266,16436.0,6.279
16267,16437.0,6.239
16268,16438.0,6.36
16269,16439.0,8.025
16270,16440.0,9.389
16271,16441.0,8.948
16272,16442.0,8.426
16273,16443.0,6.159
16274,16444.0,6.752
16275,16445.0,8.266
16276,16446.0,7.113
16277,16447.0,6.269
16278,16448.0,6.4
16279,16449.0,5.998
16280,16450.0,5.917
16281,16451.0,6.279
16282,16452.0,6.239
16283,16453.0,8.988
16284,16454.0,8.988
16285,16455.0,9.349
16286,16456.0,9.349
16287,16457.0,6.118
16288,16458.0,7.073
16289,16459.0,7.435
16290,16460.0,7.435
16291,16461.0,6.47
16292,16462.0,6.481
16293,16463.0,6.038
16294,16464.0,5.796
16295,16465.0,6.44
16296,16466.0,6.239
16297,16467.0,8.948
16298,16468.0,8.118
16299,16469.0,8.747
16300,16470.0,9.068
16301,16471.0,6.44
16302,16472.0,7.757
16303,16473.0,6.752
16304,16474.0,8.386
16305,16475.0,6.993
16306,16476.0,6.792
16307,16477.0,5.998
16308,16478.0,5.796
16309,16479.0,6.199
16310,16480.0,6.279
16311,16481.0,8.199
16312,16482.0,7.033
16313,16483.0,7.998
16314,16484.0,8.426
16315,16485.0,6.631
16316,16486.0,7.314
16317,16488.0,7.395
16318,16489.0,7.113
16319,16490.0,7.636
16320,16491.0,7.113
16321,16492.0,6.038
16322,16493.0,5.676
16323,16494.0,6.279
16324,16495.0,6.239
16325,16496.0,6.481
16326,16497.0,7.355
16327,16498.0,7.757
16328,16499.0,7.395
16329,16500.0,7.113
16330,16501.0,6.038
16331,16502.0,8.266
16332,16503.0,7.073
16333,16504.0,7.797
16334,16505.0,8.038
16335,16506.0,6.239
16336,16507.0,5.796
16337,16508.0,6.239
16338,16509.0,6.279
16339,16510.0,6.159
16340,16511.0,7.596
16341,16512.0,8.386
16342,16513.0,8.186
16343,16514.0,7.757
16344,16515.0,6.199
16345,16516.0,6.913
16346,16517.0,7.676
16347,16518.0,6.631
16348,16519.0,7.194
16349,16520.0,6.32
16350,16521.0,5.957
16351,16522.0,6.118
16352,16523.0,6.239
16353,16524.0,6.4
16354,16525.0,8.186
16355,16526.0,9.309
16356,16527.0,9.109
16357,16528.0,8.467
16358,16529.0,6.159
16359,16530.0,6.712
16360,16531.0,8.306
16361,16532.0,7.073
16362,16533.0,6.279
16363,16534.0,6.36
16364,16535.0,5.998
16365,16536.0,5.796
16366,16537.0,6.4
16367,16538.0,6.239
16368,16539.0,9.068
16369,16540.0,8.359
16370,16541.0,8.908
16371,16542.0,9.189
16372,16543.0,6.4
16373,16544.0,7.556
16374,16545.0,6.712
16375,16546.0,8.266
16376,16547.0,6.913
16377,16548.0,6.763
16378,16549.0,6.038
16379,16550.0,5.716
16380,16551.0,6.279
16381,16552.0,6.4
16382,16553.0,7.154
16383,16554.0,7.033
16384,16555.0,7.395
16385,16556.0,7.475
16386,16557.0,6.872
16387,16558.0,6.038
16388,16559.0,8.158
16389,16560.0,6.792
16390,16561.0,8.346
16391,16562.0,7.636
16392,16563.0,6.118
16393,16564.0,5.716
16394,16565.0,6.199
16395,16566.0,6.199
16396,16567.0,6.118
16397,16568.0,7.395
16398,16569.0,8.078
16399,16570.0,7.797
16400,16571.0,7.435
16401,16572.0,6.199
16402,16573.0,7.556
16403,16574.0,7.355
16404,16575.0,6.953
16405,16576.0,7.797
16406,16577.0,6.279
16407,16578.0,5.877
16408,16579.0,6.199
16409,16580.0,6.239
16410,16581.0,6.32
16411,16582.0,7.917
16412,16583.0,9.068
16413,16585.0,8.587
16414,16586.0,8.145
16415,16587.0,6.199
16416,16588.0,6.551
16417,16589.0,8.226
16418,16590.0,6.832
16419,16591.0,6.32
16420,16592.0,6.32
16421,16593.0,5.957
16422,16594.0,5.837
16423,16595.0,6.279
16424,16596.0,6.118
16425,16597.0,8.788
16426,16598.0,8.988
16427,16599.0,9.43
16428,16600.0,9.189
16429,16601.0,6.199
16430,16602.0,6.993
16431,16603.0,7.636
16432,16604.0,7.355
16433,16605.0,6.47
16434,16606.0,6.481
16435,16607.0,6.118
16436,16608.0,5.877
16437,16609.0,6.44
16438,16610.0,6.279
16439,16611.0,9.149
16440,16612.0,8.386
16441,16613.0,8.948
16442,16614.0,9.189
16443,16615.0,6.32
16444,16616.0,7.556
16445,16617.0,6.671
16446,16618.0,8.186
16447,16619.0,6.832
16448,16620.0,6.763
16449,16621.0,6.038
16450,16622.0,5.837
16451,16623.0,6.078
16452,16624.0,6.279
16453,16625.0,8.627
16454,16626.0,7.716
16455,16627.0,8.426
16456,16628.0,8.788
16457,16629.0,6.521
16458,16630.0,8.078
16459,16631.0,6.993
16460,16632.0,7.917
16461,16633.0,7.314
16462,16634.0,6.953
16463,16635.0,5.957
16464,16636.0,5.837
16465,16637.0,6.239
16466,16638.0,6.32
16467,16639.0,7.998
16468,16640.0,6.803
16469,16641.0,7.797
16470,16642.0,8.306
16471,16643.0,6.631
16472,16644.0,7.073
16473,16645.0,7.355
16474,16646.0,6.872
16475,16647.0,7.757
16476,16648.0,7.194
16477,16649.0,6.038
16478,16650.0,5.716
16479,16651.0,6.239
16480,16652.0,6.199
16481,16653.0,6.239
16482,16654.0,7.274
16483,16655.0,7.797
16484,16656.0,7.515
16485,16657.0,7.154
16486,16658.0,6.118
16487,16659.0,8.038
16488,16660.0,7.234
16489,16661.0,7.515
16490,16662.0,8.145
16491,16663.0,6.239
16492,16664.0,5.837
16493,16665.0,6.159
16494,16666.0,6.239
16495,16667.0,6.36
16496,16668.0,8.065
16497,16669.0,9.269
16498,16670.0,8.788
16499,16671.0,8.226
16500,16672.0,6.159
16501,16673.0,6.591
16502,16674.0,8.386
16503,16675.0,6.953
16504,16676.0,6.269
16505,16677.0,6.36
16506,16678.0,5.957
16507,16679.0,5.837
16508,16680.0,6.279
16509,16682.0,6.32
16510,16683.0,9.189
16511,16684.0,8.547
16512,16685.0,9.068
16513,16686.0,9.349
16514,16687.0,6.279
16515,16688.0,7.355
16516,16689.0,6.631
16517,16690.0,7.998
16518,16691.0,6.752
16519,16692.0,6.722
16520,16693.0,6.038
16521,16694.0,5.676
16522,16695.0,6.199
16523,16696.0,6.36
16524,16697.0,7.234
16525,16698.0,6.993
16526,16699.0,7.314
16527,16700.0,7.636
16528,16701.0,6.792
16529,16702.0,6.078
16530,16703.0,7.958
16531,16704.0,6.792
16532,16705.0,8.386
16533,16706.0,7.596
16534,16707.0,6.078
16535,16708.0,5.756
16536,16709.0,6.239
16537,16710.0,6.199
16538,16711.0,6.078
16539,16712.0,7.395
16540,16713.0,8.065
16541,16714.0,7.757
16542,16715.0,7.355
16543,16716.0,6.199
16544,16717.0,7.716
16545,16718.0,7.395
16546,16719.0,7.113
16547,16720.0,7.917
16548,16721.0,6.279
16549,16722.0,5.837
16550,16723.0,6.239
16551,16724.0,6.239
16552,16725.0,6.279
16553,16726.0,7.877
16554,16727.0,8.948
16555,16728.0,8.467
16556,16729.0,8.186
16557,16730.0,6.159
16558,16731.0,6.591
16559,16732.0,8.105
16560,16733.0,6.832
16561,16734.0,6.32
16562,16735.0,6.32
16563,16736.0,5.957
16564,16737.0,5.877
16565,16738.0,6.279
16566,16739.0,6.159
16567,16740.0,8.868
16568,16741.0,9.028
16569,16742.0,9.389
16570,16743.0,9.309
16571,16744.0,6.118
16572,16745.0,7.033
16573,16746.0,7.515
16574,16747.0,7.395
16575,16748.0,6.43
16576,16749.0,6.481
16577,16750.0,6.038
16578,16751.0,5.837
16579,16752.0,6.159
16580,16753.0,6.32
16581,16754.0,8.788
16582,16755.0,7.998
16583,16756.0,8.627
16584,16757.0,8.988
16585,16758.0,6.481
16586,16759.0,7.998
16587,16760.0,6.872
16588,16761.0,8.226
16589,16762.0,7.113
16590,16763.0,6.913
16591,16764.0,5.998
16592,16765.0,5.837
16593,16766.0,6.239
16594,16767.0,6.32
16595,16768.0,8.078
16596,16769.0,6.843
16597,16770.0,7.837
16598,16771.0,8.306
16599,16772.0,6.631
16600,16773.0,7.113
16601,16774.0,7.355
16602,16775.0,6.953
16603,16776.0,7.716
16604,16777.0,7.113
16605,16779.0,6.038
16606,16780.0,5.676
16607,16781.0,6.239
16608,16782.0,6.44
16609,16783.0,6.953
16610,16784.0,7.113
16611,16785.0,7.435
16612,16786.0,7.314
16613,16787.0,6.913
16614,16788.0,6.038
16615,16789.0,8.226
16616,16790.0,6.872
16617,16791.0,8.226
16618,16792.0,7.716
16619,16793.0,6.118
16620,16794.0,5.716
16621,16795.0,6.279
16622,16796.0,6.239
16623,16797.0,6.159
16624,16798.0,7.395
16625,16799.0,8.118
16626,16800.0,7.837
16627,16801.0,7.475
16628,16802.0,6.199
16629,16803.0,7.596
16630,16804.0,7.355
16631,16805.0,6.993
16632,16806.0,7.797
16633,16807.0,6.32
16634,16808.0,5.837
16635,16809.0,6.279
16636,16810.0,6.239
16637,16811.0,6.32
16638,16812.0,7.797
16639,16813.0,8.868
16640,16814.0,8.346
16641,16815.0,8.145
16642,16816.0,6.159
16643,16817.0,6.591
16644,16818.0,8.038
16645,16819.0,6.792
16646,16820.0,6.551
16647,16821.0,6.32
16648,16822.0,5.917
16649,16823.0,5.837
16650,16824.0,6.279
16651,16825.0,6.279
16652,16826.0,8.547
16653,16827.0,9.149
16654,16828.0,9.51
16655,16829.0,8.908
16656,16830.0,6.199
16657,16831.0,6.872
16658,16832.0,7.877
16659,16833.0,7.314
16660,16834.0,6.35
16661,16835.0,6.4
16662,16836.0,6.038
16663,16837.0,5.837
16664,16838.0,6.44
16665,16839.0,6.279
16666,16840.0,9.068
16667,16841.0,8.306
16668,16842.0,8.908
16669,16843.0,9.189
16670,16844.0,6.4
16671,16845.0,7.596
16672,16846.0,6.712
16673,16847.0,8.306
16674,16848.0,6.953
16675,16849.0,6.763
16676,16850.0,6.038
16677,16851.0,5.756
16678,16852.0,6.159
16679,16853.0,6.279
16680,16854.0,7.958
16681,16855.0,6.792
16682,16856.0,7.757
16683,16857.0,8.186
16684,16858.0,6.712
16685,16859.0,6.913
16686,16860.0,7.475
16687,16861.0,6.712
16688,16862.0,7.877
16689,16863.0,7.154
16690,16864.0,6.118
16691,16865.0,5.635
16692,16866.0,6.279
16693,16867.0,6.199
16694,16868.0,6.159
16695,16869.0,7.314
16696,16870.0,8.065
16697,16871.0,7.716
16698,16872.0,7.355
16699,16873.0,6.159
16700,16874.0,7.716
16701,16876.0,7.395
16702,16877.0,7.154
16703,16878.0,7.958
16704,16879.0,6.279
16705,16880.0,5.837
16706,16881.0,6.239
16707,16882.0,6.239
16708,16883.0,6.32
16709,16884.0,7.958
16710,16885.0,9.109
16711,16886.0,8.627
16712,16887.0,8.105
16713,16888.0,6.199
16714,16889.0,6.591
16715,16890.0,8.266
16716,16891.0,6.913
16717,16892.0,6.269
16718,16893.0,6.36
16719,16894.0,5.957
16720,16895.0,5.837
16721,16896.0,6.763
16722,16897.0,6.199
16723,16898.0,9.068
16724,16899.0,8.908
16725,16900.0,9.349
16726,16901.0,9.43
16727,16902.0,6.159
16728,16903.0,7.113
16729,16904.0,7.395
16730,16905.0,7.475
16731,16906.0,6.511
16732,16907.0,6.521
16733,16908.0,6.078
16734,16909.0,5.837
16735,16910.0,6.521
16736,16911.0,6.279
16737,16912.0,8.948
16738,16913.0,8.118
16739,16914.0,8.788
16740,16915.0,9.068
16741,16916.0,6.521
16742,16917.0,7.797
16743,16918.0,6.752
16744,16919.0,8.386
16745,16920.0,6.993
16746,16921.0,6.832
16747,16922.0,5.998
16748,16923.0,5.796
16749,16924.0,6.199
16750,16925.0,6.279
16751,16926.0,8.186
16752,16927.0,7.073
16753,16928.0,7.985
16754,16929.0,8.467
16755,16930.0,6.591
16756,16931.0,7.435
16757,16932.0,7.314
16758,16933.0,7.234
16759,16934.0,7.556
16760,16935.0,7.073
16761,16936.0,5.998
16762,16937.0,5.756
16763,16938.0,6.199
16764,16939.0,6.4
16765,16940.0,7.154
16766,16941.0,7.033
16767,16942.0,7.314
16768,16943.0,7.556
16769,16944.0,6.792
16770,16945.0,6.038
16771,16946.0,8.025
16772,16947.0,6.792
16773,16948.0,8.386
16774,16949.0,7.636
16775,16950.0,6.118
16776,16951.0,5.716
16777,16952.0,6.239
16778,16953.0,6.239
16779,16954.0,6.078
16780,16955.0,7.395
16781,16956.0,8.105
16782,16957.0,7.797
16783,16958.0,7.395
16784,16959.0,6.239
16785,16960.0,7.676
16786,16961.0,7.475
16787,16962.0,7.113
16788,16963.0,7.945
16789,16964.0,6.279
16790,16965.0,5.837
16791,16966.0,5.837
16792,16967.0,6.239
16793,16968.0,6.521
16794,16969.0,8.426
16795,16970.0,9.189
16796,16972.0,9.389
16797,16973.0,8.747
16798,16974.0,6.159
16799,16975.0,6.832
16800,16976.0,8.025
16801,16977.0,7.274
16802,16978.0,6.31
16803,16979.0,6.4
16804,16980.0,6.038
16805,16981.0,5.796
16806,16982.0,6.199
16807,16983.0,6.279
16808,16984.0,8.587
16809,16985.0,7.676
16810,16986.0,8.426
16811,16987.0,8.788
16812,16988.0,6.521
16813,16989.0,8.078
16814,16990.0,6.993
16815,16991.0,7.917
16816,16992.0,7.314
16817,16993.0,6.953
16818,16994.0,5.957
16819,16995.0,5.796
16820,16996.0,6.159
16821,16997.0,6.32
16822,16998.0,7.596
16823,16999.0,6.872
16824,17000.0,7.314
16825,17001.0,7.958
16826,17002.0,6.752
16827,17003.0,6.36
16828,17004.0,7.716
16829,17005.0,6.712
16830,17006.0,8.145
16831,17007.0,7.395
16832,17008.0,6.078
16833,17009.0,5.716
16834,17010.0,6.239
16835,17011.0,6.199
16836,17012.0,6.199
16837,17013.0,7.234
16838,17014.0,7.837
16839,17015.0,7.475
16840,17016.0,7.154
16841,17017.0,6.078
16842,17018.0,8.065
16843,17019.0,7.194
16844,17020.0,7.556
16845,17021.0,8.105
16846,17022.0,6.239
16847,17023.0,5.756
16848,17024.0,6.239
16849,17025.0,6.239
16850,17026.0,6.32
16851,17027.0,7.917
16852,17028.0,9.109
16853,17029.0,8.587
16854,17030.0,8.145
16855,17031.0,6.159
16856,17032.0,6.591
16857,17033.0,8.186
16858,17034.0,6.872
16859,17035.0,6.269
16860,17036.0,6.36
16861,17037.0,5.957
16862,17038.0,5.877
16863,17039.0,6.239
16864,17040.0,6.159
16865,17041.0,8.667
16866,17042.0,9.149
16867,17043.0,9.47
16868,17044.0,9.068
16869,17045.0,6.159
16870,17046.0,6.953
16871,17047.0,7.757
16872,17048.0,7.395
16873,17049.0,6.35
16874,17050.0,6.481
16875,17051.0,6.038
16876,17052.0,5.877
16877,17053.0,6.32
16878,17054.0,6.36
16879,17055.0,9.149
16880,17056.0,8.547
16881,17057.0,9.028
16882,17058.0,9.309
16883,17059.0,6.279
16884,17060.0,7.435
16885,17061.0,6.671
16886,17062.0,8.065
16887,17063.0,6.752
16888,17064.0,6.763
16889,17065.0,6.038
16890,17066.0,5.796
16891,17067.0,6.118
16892,17069.0,6.279
16893,17070.0,8.547
16894,17071.0,7.596
16895,17072.0,8.386
16896,17073.0,8.747
16897,17074.0,6.521
16898,17075.0,7.958
16899,17076.0,7.033
16900,17077.0,7.757
16901,17078.0,7.395
16902,17079.0,6.953
16903,17080.0,5.998
16904,17081.0,5.796
16905,17082.0,6.159
16906,17083.0,6.239
16907,17084.0,7.716
16908,17085.0,6.792
16909,17086.0,7.435
16910,17087.0,7.958
16911,17088.0,6.752
16912,17089.0,6.481
16913,17090.0,7.636
16914,17091.0,6.671
16915,17092.0,8.065
16916,17093.0,7.274
16917,17094.0,6.118
16918,17095.0,5.635
16919,17096.0,6.239
16920,17097.0,6.36
16921,17098.0,6.521
16922,17099.0,7.314
16923,17100.0,7.676
16924,17101.0,7.355
16925,17102.0,7.154
16926,17103.0,6.038
16927,17104.0,8.346
16928,17105.0,7.033
16929,17106.0,7.877
16930,17107.0,7.998
16931,17108.0,6.239
16932,17109.0,5.756
16933,17110.0,6.078
16934,17111.0,6.239
16935,17112.0,6.44
16936,17113.0,8.186
16937,17114.0,9.269
16938,17115.0,9.109
16939,17116.0,8.507
16940,17117.0,6.159
16941,17118.0,6.712
16942,17119.0,8.266
16943,17120.0,7.073
16944,17121.0,6.269
16945,17122.0,6.36
16946,17123.0,5.998
16947,17124.0,5.837
16948,17125.0,6.239
16949,17126.0,6.239
16950,17127.0,9.309
16951,17128.0,8.707
16952,17129.0,9.189
16953,17130.0,9.43
16954,17131.0,6.199
16955,17132.0,7.154
16956,17133.0,6.872
16957,17134.0,7.716
16958,17135.0,6.591
16959,17136.0,6.601
16960,17137.0,6.078
16961,17138.0,5.796
16962,17139.0,6.078
16963,17140.0,6.239
16964,17141.0,8.707
16965,17142.0,7.837
16966,17143.0,8.547
16967,17144.0,8.868
16968,17145.0,6.521
16969,17146.0,8.078
16970,17147.0,6.953
16971,17148.0,8.078
16972,17149.0,7.234
16973,17150.0,6.872
16974,17151.0,5.998
16975,17152.0,5.796
16976,17153.0,6.199
16977,17154.0,6.279
16978,17155.0,7.716
16979,17156.0,6.832
16980,17157.0,7.515
16981,17158.0,7.998
16982,17159.0,6.752
16983,17160.0,6.481
16984,17161.0,7.636
16985,17162.0,6.671
16986,17163.0,8.065
16987,17164.0,7.314
16988,17166.0,6.078
16989,17167.0,5.635
16990,17168.0,6.239
16991,17169.0,6.118
16992,17170.0,6.199
16993,17171.0,7.274
16994,17172.0,7.917
16995,17173.0,7.596
16996,17174.0,7.234
16997,17175.0,6.159
16998,17176.0,7.958
16999,17177.0,7.274
17000,17178.0,7.395
17001,17179.0,8.105
17002,17180.0,6.239
17003,17181.0,5.837
17004,17182.0,6.239
17005,17183.0,6.279
17006,17184.0,6.32
17007,17185.0,7.917
17008,17186.0,9.028
17009,17187.0,8.547
17010,17188.0,8.186
17011,17189.0,6.199
17012,17190.0,6.551
17013,17191.0,8.226
17014,17192.0,6.832
17015,17193.0,6.32
17016,17194.0,6.32
17017,17195.0,5.957
17018,17196.0,5.837
17019,17197.0,6.279
17020,17198.0,6.159
17021,17199.0,8.667
17022,17200.0,9.068
17023,17201.0,9.51
17024,17202.0,8.988
17025,17203.0,6.199
17026,17204.0,6.913
17027,17205.0,7.837
17028,17206.0,7.355
17029,17207.0,6.43
17030,17208.0,6.4
17031,17209.0,6.078
17032,17210.0,5.837
17033,17211.0,6.32
17034,17212.0,6.279
17035,17213.0,9.149
17036,17214.0,8.507
17037,17215.0,9.028
17038,17216.0,9.309
17039,17217.0,6.32
17040,17218.0,7.435
17041,17219.0,6.631
17042,17220.0,8.025
17043,17221.0,6.752
17044,17222.0,6.763
17045,17223.0,6.038
17046,17224.0,5.796
17047,17225.0,6.199
17048,17226.0,6.279
17049,17227.0,8.118
17050,17228.0,6.953
17051,17229.0,7.917
17052,17230.0,8.386
17053,17231.0,6.642
17054,17232.0,7.274
17055,17233.0,7.355
17056,17234.0,7.073
17057,17235.0,7.636
17058,17236.0,7.113
17059,17237.0,5.998
17060,17238.0,5.635
17061,17239.0,6.199
17062,17240.0,6.118
17063,17241.0,6.199
17064,17242.0,7.234
17065,17243.0,7.797
17066,17244.0,7.515
17067,17245.0,7.154
17068,17246.0,6.118
17069,17247.0,8.118
17070,17248.0,7.234
17071,17249.0,7.596
17072,17250.0,8.145
17073,17251.0,6.199
17074,17252.0,5.837
17075,17253.0,6.32
17076,17254.0,6.32
17077,17255.0,6.279
17078,17256.0,7.837
17079,17257.0,8.788
17080,17258.0,8.386
17081,17259.0,8.118
17082,17260.0,6.159
17083,17261.0,6.551
17084,17263.0,7.998
17085,17264.0,6.752
17086,17265.0,6.551
17087,17266.0,6.32
17088,17267.0,5.917
17089,17268.0,5.837
17090,17269.0,6.279
17091,17270.0,6.159
17092,17271.0,8.788
17093,17272.0,9.028
17094,17273.0,9.43
17095,17274.0,9.149
17096,17275.0,6.159
17097,17276.0,6.993
17098,17277.0,7.676
17099,17278.0,7.395
17100,17279.0,6.39
17101,17280.0,6.481
17102,17281.0,6.078
17103,17282.0,5.877
17104,17283.0,6.36
17105,17284.0,6.279
17106,17285.0,9.109
17107,17286.0,8.426
17108,17287.0,8.948
17109,17288.0,9.269
17110,17289.0,6.32
17111,17290.0,7.556
17112,17291.0,6.671
17113,17292.0,8.186
17114,17293.0,6.832
17115,17294.0,6.763
17116,17295.0,5.998
17117,17296.0,5.837
17118,17297.0,6.159
17119,17298.0,6.36
17120,17299.0,8.279
17121,17300.0,7.234
17122,17301.0,8.118
17123,17302.0,8.587
17124,17303.0,6.601
17125,17304.0,7.596
17126,17305.0,7.274
17127,17306.0,7.395
17128,17307.0,7.475
17129,17308.0,7.033
17130,17309.0,5.998
17131,17310.0,5.635
17132,17311.0,6.279
17133,17312.0,6.44
17134,17313.0,6.832
17135,17314.0,7.154
17136,17315.0,7.475
17137,17316.0,7.234
17138,17317.0,6.913
17139,17318.0,5.998
17140,17319.0,8.306
17141,17320.0,6.913
17142,17321.0,8.105
17143,17322.0,7.797
17144,17323.0,6.159
17145,17324.0,5.716
17146,17325.0,6.239
17147,17326.0,6.159
17148,17327.0,6.078
17149,17328.0,7.355
17150,17329.0,8.078
17151,17330.0,7.676
17152,17331.0,7.314
17153,17332.0,6.118
17154,17333.0,7.757
17155,17334.0,7.355
17156,17335.0,7.234
17157,17336.0,7.998
17158,17337.0,6.32
17159,17338.0,5.837
17160,17339.0,6.279
17161,17340.0,6.239
17162,17341.0,6.239
17163,17342.0,7.636
17164,17343.0,8.507
17165,17344.0,8.105
17166,17345.0,7.877
17167,17346.0,6.159
17168,17347.0,6.792
17169,17348.0,7.757
17170,17349.0,6.712
17171,17350.0,7.033
17172,17351.0,6.36
17173,17352.0,5.957
17174,17353.0,6.038
17175,17354.0,6.239
17176,17355.0,6.481
17177,17356.0,8.226
17178,17357.0,9.309
17179,17359.0,9.149
17180,17360.0,8.507
17181,17361.0,6.159
17182,17362.0,6.712
17183,17363.0,8.226
17184,17364.0,7.113
17185,17365.0,6.229
17186,17366.0,6.36
17187,17367.0,5.998
17188,17368.0,5.837
17189,17369.0,6.199
17190,17370.0,6.199
17191,17371.0,9.309
17192,17372.0,8.788
17193,17373.0,9.229
17194,17374.0,9.43
17195,17375.0,6.159
17196,17376.0,7.154
17197,17377.0,7.033
17198,17378.0,7.676
17199,17379.0,6.591
17200,17380.0,6.601
17201,17381.0,6.078
17202,17382.0,5.837
17203,17383.0,6.44
17204,17384.0,6.279
17205,17385.0,8.988
17206,17386.0,8.199
17207,17387.0,8.828
17208,17388.0,9.109
17209,17389.0,6.44
17210,17390.0,7.716
17211,17391.0,6.752
17212,17392.0,8.426
17213,17393.0,6.993
17214,17394.0,6.803
17215,17395.0,6.038
17216,17396.0,5.837
17217,17397.0,6.118
17218,17398.0,6.279
17219,17399.0,8.707
17220,17400.0,7.797
17221,17401.0,8.547
17222,17402.0,8.868
17223,17403.0,6.561
17224,17404.0,8.118
17225,17405.0,6.993
17226,17406.0,8.038
17227,17407.0,7.274
17228,17408.0,6.872
17229,17409.0,5.957
17230,17410.0,5.837
17231,17411.0,6.159
17232,17412.0,6.279
17233,17413.0,8.239
17234,17414.0,7.154
17235,17415.0,8.038
17236,17416.0,8.507
17237,17417.0,6.601
17238,17418.0,7.475
17239,17419.0,7.274
17240,17420.0,7.274
17241,17421.0,7.515
17242,17422.0,7.073
17243,17423.0,5.998
17244,17424.0,5.716
17245,17425.0,6.199
17246,17426.0,6.4
17247,17427.0,7.073
17248,17428.0,7.033
17249,17429.0,7.314
17250,17430.0,7.515
17251,17431.0,6.832
17252,17432.0,6.038
17253,17433.0,8.065
17254,17434.0,6.832
17255,17435.0,8.346
17256,17436.0,7.676
17257,17437.0,6.118
17258,17438.0,5.716
17259,17439.0,6.239
17260,17440.0,6.199
17261,17441.0,6.078
17262,17442.0,7.355
17263,17443.0,8.038
17264,17444.0,7.716
17265,17445.0,7.314
17266,17446.0,6.159
17267,17447.0,7.757
17268,17448.0,7.395
17269,17449.0,7.194
17270,17450.0,7.985
17271,17451.0,6.279
17272,17452.0,5.917
17273,17453.0,6.199
17274,17455.0,6.32
17275,17456.0,6.36
17276,17457.0,8.038
17277,17458.0,9.309
17278,17459.0,8.747
17279,17460.0,8.186
17280,17461.0,6.159
17281,17462.0,6.591
17282,17463.0,8.346
17283,17464.0,6.913
17284,17465.0,6.279
17285,17466.0,6.36
17286,17467.0,5.998
17287,17468.0,5.837
17288,17469.0,6.279
17289,17470.0,6.199
17290,17471.0,9.149
17291,17472.0,8.908
17292,17473.0,9.309
17293,17474.0,9.51
17294,17475.0,6.118
17295,17476.0,7.154
17296,17477.0,7.234
17297,17478.0,7.556
17298,17479.0,6.511
17299,17480.0,6.561
17300,17481.0,6.038
17301,17482.0,5.837
17302,17483.0,6.44
17303,17484.0,6.279
17304,17485.0,8.908
17305,17486.0,8.158
17306,17487.0,8.788
17307,17488.0,9.109
17308,17489.0,6.44
17309,17490.0,7.837
17310,17491.0,6.752
17311,17492.0,8.426
17312,17493.0,6.993
17313,17494.0,6.832
17314,17495.0,5.998
17315,17496.0,5.877
17316,17497.0,6.159
17317,17498.0,6.36
17318,17499.0,8.386
17319,17500.0,7.395
17320,17501.0,8.199
17321,17502.0,8.667
17322,17503.0,6.561
17323,17504.0,7.757
17324,17505.0,7.154
17325,17506.0,7.556
17326,17507.0,7.355
17327,17508.0,6.993
17328,17509.0,5.998
17329,17510.0,5.796
17330,17511.0,6.199
17331,17512.0,6.32
17332,17513.0,7.596
17333,17514.0,6.872
17334,17515.0,7.355
17335,17516.0,7.877
17336,17517.0,6.752
17337,17518.0,6.32
17338,17519.0,7.716
17339,17520.0,6.671
17340,17521.0,8.186
17341,17522.0,7.395
17342,17523.0,6.159
17343,17524.0,5.635
17344,17525.0,6.239
17345,17526.0,6.118
17346,17527.0,6.239
17347,17528.0,7.234
17348,17529.0,7.797
17349,17530.0,7.475
17350,17531.0,7.154
17351,17532.0,6.078
17352,17533.0,8.118
17353,17534.0,7.154
17354,17535.0,7.636
17355,17536.0,8.078
17356,17537.0,6.239
17357,17538.0,5.796
17358,17539.0,6.279
17359,17540.0,6.239
17360,17541.0,6.239
17361,17542.0,7.676
17362,17543.0,8.587
17363,17544.0,8.186
17364,17545.0,7.917
17365,17546.0,6.199
17366,17547.0,6.712
17367,17548.0,7.797
17368,17549.0,6.712
17369,17550.0,6.913
17370,17552.0,6.36
17371,17553.0,5.957
17372,17554.0,5.957
17373,17555.0,6.239
17374,17556.0,6.521
17375,17557.0,8.306
17376,17558.0,9.269
17377,17559.0,9.269
17378,17560.0,8.627
17379,17561.0,6.159
17380,17562.0,6.752
17381,17563.0,8.145
17382,17564.0,7.154
17383,17565.0,6.269
17384,17566.0,6.36
17385,17567.0,6.038
17386,17568.0,5.837
17387,17569.0,6.279
17388,17570.0,6.239
17389,17571.0,9.309
17390,17572.0,8.667
17391,17573.0,9.189
17392,17574.0,9.389
17393,17575.0,6.239
17394,17576.0,7.234
17395,17577.0,6.832
17396,17578.0,7.797
17397,17579.0,6.631
17398,17580.0,6.642
17399,17581.0,6.038
17400,17582.0,5.796
17401,17583.0,6.199
17402,17584.0,6.279
17403,17585.0,8.828
17404,17586.0,7.958
17405,17587.0,8.667
17406,17588.0,8.988
17407,17589.0,6.481
17408,17590.0,7.917
17409,17591.0,6.872
17410,17592.0,8.226
17411,17593.0,7.113
17412,17594.0,6.832
17413,17595.0,5.998
17414,17596.0,5.796
17415,17597.0,6.239
17416,17598.0,6.279
17417,17599.0,8.118
17418,17600.0,6.872
17419,17601.0,7.917
17420,17602.0,8.346
17421,17603.0,6.671
17422,17604.0,7.154
17423,17605.0,7.395
17424,17606.0,6.953
17425,17607.0,7.757
17426,17608.0,7.113
17427,17609.0,6.038
17428,17610.0,5.716
17429,17611.0,6.279
17430,17612.0,6.44
17431,17613.0,6.872
17432,17614.0,7.113
17433,17615.0,7.435
17434,17616.0,7.314
17435,17617.0,6.913
17436,17618.0,6.038
17437,17619.0,8.266
17438,17620.0,6.913
17439,17621.0,8.145
17440,17622.0,7.797
17441,17623.0,6.159
17442,17624.0,5.716
17443,17625.0,6.239
17444,17626.0,6.279
17445,17627.0,6.32
17446,17628.0,7.958
17447,17629.0,9.068
17448,17630.0,8.587
17449,17631.0,8.145
17450,17632.0,6.199
17451,17633.0,6.551
17452,17634.0,8.226
17453,17635.0,6.832
17454,17636.0,6.32
17455,17637.0,6.36
17456,17638.0,5.998
17457,17639.0,5.837
17458,17640.0,6.279
17459,17641.0,6.159
17460,17642.0,8.908
17461,17643.0,8.988
17462,17644.0,9.43
17463,17645.0,9.229
17464,17646.0,6.199
17465,17647.0,6.993
17466,17649.0,7.636
17467,17650.0,7.355
17468,17651.0,6.47
17469,17652.0,6.44
17470,17653.0,6.118
17471,17654.0,5.837
17472,17655.0,6.4
17473,17656.0,6.239
17474,17657.0,9.149
17475,17658.0,8.359
17476,17659.0,8.988
17477,17660.0,9.189
17478,17661.0,6.36
17479,17662.0,7.556
17480,17663.0,6.671
17481,17664.0,8.226
17482,17665.0,6.832
17483,17666.0,6.763
17484,17667.0,5.998
17485,17668.0,5.837
17486,17669.0,6.118
17487,17670.0,6.279
17488,17671.0,8.467
17489,17672.0,7.475
17490,17673.0,8.266
17491,17674.0,8.667
17492,17675.0,6.561
17493,17676.0,7.877
17494,17677.0,7.113
17495,17678.0,7.676
17496,17679.0,7.355
17497,17680.0,6.993
17498,17681.0,5.957
17499,17682.0,5.796
17500,17683.0,6.118
17501,17684.0,6.279
17502,17685.0,7.636
17503,17686.0,6.832
17504,17687.0,7.395
17505,17688.0,7.958
17506,17689.0,6.752
17507,17690.0,6.44
17508,17691.0,7.676
17509,17692.0,6.671
17510,17693.0,8.118
17511,17694.0,7.355
17512,17695.0,6.078
17513,17696.0,5.676
17514,17697.0,6.239
17515,17698.0,6.159
17516,17699.0,6.199
17517,17700.0,7.274
17518,17701.0,7.877
17519,17702.0,7.596
17520,17703.0,7.194
17521,17704.0,6.118
17522,17705.0,7.998
17523,17706.0,7.274
17524,17707.0,7.515
17525,17708.0,8.186
17526,17709.0,6.239
17527,17710.0,5.837
17528,17711.0,6.239
17529,17712.0,6.239
17530,17713.0,6.279
17531,17714.0,7.877
17532,17715.0,8.988
17533,17716.0,8.467
17534,17717.0,8.186
17535,17718.0,6.159
17536,17719.0,6.551
17537,17720.0,8.105
17538,17721.0,6.832
17539,17722.0,6.32
17540,17723.0,6.32
17541,17724.0,5.957
17542,17725.0,5.837
17543,17726.0,6.279
17544,17727.0,6.159
17545,17728.0,8.828
17546,17729.0,9.028
17547,17730.0,9.43
17548,17731.0,9.229
17549,17732.0,6.159
17550,17733.0,7.033
17551,17734.0,7.596
17552,17735.0,7.355
17553,17736.0,6.39
17554,17737.0,6.481
17555,17738.0,6.038
17556,17739.0,5.877
17557,17740.0,6.4
17558,17741.0,6.279
17559,17742.0,9.028
17560,17743.0,8.359
17561,17744.0,8.868
17562,17746.0,9.149
17563,17747.0,6.36
17564,17748.0,7.636
17565,17749.0,6.712
17566,17750.0,8.346
17567,17751.0,6.913
17568,17752.0,6.803
17569,17753.0,5.998
17570,17754.0,5.877
17571,17755.0,6.159
17572,17756.0,6.32
17573,17757.0,8.426
17574,17758.0,7.475
17575,17759.0,8.226
17576,17760.0,8.667
17577,17761.0,6.561
17578,17762.0,7.757
17579,17763.0,7.154
17580,17764.0,7.596
17581,17765.0,7.355
17582,17766.0,6.993
17583,17767.0,5.998
17584,17768.0,5.756
17585,17769.0,6.199
17586,17770.0,6.36
17587,17771.0,7.274
17588,17772.0,6.993
17589,17773.0,7.314
17590,17774.0,7.596
17591,17775.0,6.792
17592,17776.0,6.038
17593,17777.0,7.998
17594,17778.0,6.752
17595,17779.0,8.426
17596,17780.0,7.556
17597,17781.0,6.118
17598,17782.0,5.676
17599,17783.0,6.239
17600,17784.0,6.239
17601,17785.0,6.199
17602,17786.0,7.556
17603,17787.0,8.226
17604,17788.0,8.038
17605,17789.0,7.676
17606,17790.0,6.279
17607,17791.0,7.194
17608,17792.0,7.556
17609,17793.0,6.631
17610,17794.0,7.395
17611,17795.0,6.32
17612,17796.0,5.917
17613,17797.0,6.279
17614,17798.0,6.239
17615,17799.0,6.32
17616,17800.0,7.877
17617,17801.0,8.988
17618,17802.0,8.467
17619,17803.0,8.226
17620,17804.0,6.159
17621,17805.0,6.591
17622,17806.0,8.105
17623,17807.0,6.872
17624,17808.0,6.32
17625,17809.0,6.4
17626,17810.0,5.957
17627,17811.0,5.877
17628,17812.0,6.279
17629,17813.0,6.159
17630,17814.0,9.068
17631,17815.0,8.908
17632,17816.0,9.349
17633,17817.0,9.51
17634,17818.0,6.159
17635,17819.0,7.113
17636,17820.0,7.355
17637,17821.0,7.475
17638,17822.0,6.511
17639,17823.0,6.521
17640,17824.0,6.038
17641,17825.0,5.796
17642,17826.0,6.4
17643,17827.0,6.279
17644,17828.0,8.908
17645,17829.0,8.078
17646,17830.0,8.707
17647,17831.0,9.028
17648,17832.0,6.481
17649,17833.0,7.837
17650,17834.0,6.792
17651,17835.0,8.306
17652,17836.0,7.073
17653,17837.0,6.843
17654,17838.0,5.998
17655,17839.0,5.796
17656,17840.0,6.199
17657,17841.0,6.279
17658,17843.0,8.239
17659,17844.0,7.033
17660,17845.0,7.998
17661,17846.0,8.426
17662,17847.0,6.642
17663,17848.0,7.355
17664,17849.0,7.395
17665,17850.0,7.154
17666,17851.0,7.636
17667,17852.0,7.073
17668,17853.0,6.078
17669,17854.0,5.756
17670,17855.0,6.279
17671,17856.0,6.36
17672,17857.0,7.194
17673,17858.0,7.033
17674,17859.0,7.395
17675,17860.0,7.515
17676,17861.0,6.872
17677,17862.0,6.038
17678,17863.0,8.078
17679,17864.0,6.792
17680,17865.0,8.386
17681,17866.0,7.636
17682,17867.0,6.118
17683,17868.0,5.676
17684,17869.0,6.239
17685,17870.0,6.239
17686,17871.0,6.159
17687,17872.0,7.515
17688,17873.0,8.158
17689,17874.0,7.998
17690,17875.0,7.596
17691,17876.0,6.239
17692,17877.0,7.234
17693,17878.0,7.515
17694,17879.0,6.631
17695,17880.0,7.515
17696,17881.0,6.279
17697,17882.0,5.917
17698,17883.0,5.837
17699,17884.0,6.279
17700,17885.0,6.159
17701,17886.0,8.667
17702,17887.0,9.068
17703,17888.0,9.47
17704,17889.0,8.988
17705,17890.0,6.159
17706,17891.0,6.913
17707,17892.0,7.797
17708,17893.0,7.395
17709,17894.0,6.39
17710,17895.0,6.44
17711,17896.0,6.078
17712,17897.0,5.837
17713,17898.0,6.4
17714,17899.0,6.239
17715,17900.0,9.109
17716,17901.0,8.359
17717,17902.0,8.988
17718,17903.0,9.189
17719,17904.0,6.4
17720,17905.0,7.515
17721,17906.0,6.712
17722,17907.0,8.226
17723,17908.0,6.913
17724,17909.0,6.722
17725,17910.0,6.038
17726,17911.0,5.796
17727,17912.0,6.159
17728,17913.0,6.279
17729,17914.0,8.279
17730,17915.0,7.194
17731,17916.0,8.078
17732,17917.0,8.507
17733,17918.0,6.601
17734,17919.0,7.515
17735,17920.0,7.314
17736,17921.0,7.355
17737,17922.0,7.515
17738,17923.0,7.033
17739,17924.0,5.998
17740,17925.0,5.796
17741,17926.0,6.159
17742,17927.0,6.36
17743,17928.0,7.355
17744,17929.0,6.953
17745,17930.0,7.274
17746,17931.0,7.716
17747,17932.0,6.792
17748,17933.0,6.038
17749,17934.0,7.877
17750,17935.0,6.752
17751,17936.0,8.346
17752,17937.0,7.515
17753,17939.0,6.078
17754,17940.0,5.716
17755,17941.0,6.239
17756,17942.0,6.239
17757,17943.0,6.44
17758,17944.0,7.395
17759,17945.0,7.676
17760,17946.0,7.395
17761,17947.0,7.073
17762,17948.0,6.078
17763,17949.0,8.226
17764,17950.0,7.113
17765,17951.0,7.757
17766,17952.0,8.078
17767,17953.0,6.199
17768,17954.0,5.837
17769,17955.0,6.239
17770,17956.0,6.279
17771,17957.0,6.199
17772,17958.0,7.716
17773,17959.0,8.547
17774,17960.0,8.105
17775,17961.0,7.917
17776,17962.0,6.159
17777,17963.0,6.671
17778,17964.0,7.797
17779,17965.0,6.712
17780,17966.0,6.913
17781,17967.0,6.32
17782,17968.0,5.957
17783,17969.0,5.877
17784,17970.0,6.279
17785,17971.0,6.159
17786,17972.0,8.627
17787,17973.0,9.109
17788,17974.0,9.47
17789,17975.0,9.028
17790,17976.0,6.159
17791,17977.0,6.913
17792,17978.0,7.757
17793,17979.0,7.395
17794,17980.0,6.35
17795,17981.0,6.44
17796,17982.0,6.038
17797,17983.0,5.796
17798,17984.0,6.078
17799,17985.0,6.279
17800,17986.0,8.587
17801,17987.0,7.676
17802,17988.0,8.426
17803,17989.0,8.828
17804,17990.0,6.521
17805,17991.0,8.078
17806,17992.0,6.993
17807,17993.0,7.917
17808,17994.0,7.274
17809,17995.0,6.953
17810,17996.0,5.957
17811,17997.0,5.837
17812,17998.0,6.118
17813,17999.0,6.279
17814,18000.0,7.757
17815,18001.0,6.832
17816,18002.0,7.556
17817,18003.0,8.118
17818,18004.0,6.722
17819,18005.0,6.682
17820,18006.0,7.556
17821,18007.0,6.712
17822,18008.0,7.998
17823,18009.0,7.314
17824,18010.0,6.078
17825,18011.0,5.676
17826,18012.0,6.239
17827,18013.0,6.481
17828,18014.0,6.682
17829,18015.0,7.234
17830,18016.0,7.556
17831,18017.0,7.314
17832,18018.0,6.993
17833,18019.0,5.998
17834,18020.0,8.386
17835,18021.0,6.993
17836,18022.0,8.038
17837,18023.0,7.877
17838,18024.0,6.159
17839,18025.0,5.716
17840,18026.0,6.239
17841,18027.0,6.32
17842,18028.0,6.199
17843,18029.0,7.596
17844,18030.0,8.426
17845,18031.0,8.226
17846,18032.0,7.797
17847,18033.0,6.159
17848,18035.0,6.913
17849,18036.0,7.676
17850,18037.0,6.671
17851,18038.0,7.154
17852,18039.0,6.32
17853,18040.0,5.957
17854,18041.0,6.199
17855,18042.0,6.239
17856,18043.0,6.44
17857,18044.0,8.158
17858,18045.0,9.349
17859,18046.0,9.068
17860,18047.0,8.467
17861,18048.0,6.159
17862,18049.0,6.752
17863,18050.0,8.306
17864,18051.0,7.113
17865,18052.0,6.32
17866,18053.0,6.44
17867,18054.0,5.998
17868,18055.0,5.877
17869,18056.0,6.36
17870,18057.0,6.32
17871,18058.0,9.109
17872,18059.0,8.44
17873,18060.0,8.948
17874,18061.0,9.229
17875,18062.0,6.32
17876,18063.0,7.515
17877,18064.0,6.671
17878,18065.0,8.186
17879,18066.0,6.832
17880,18067.0,6.722
17881,18068.0,5.998
17882,18069.0,5.796
17883,18070.0,6.159
17884,18071.0,6.279
17885,18072.0,8.319
17886,18073.0,7.234
17887,18074.0,8.158
17888,18075.0,8.547
17889,18076.0,6.601
17890,18077.0,7.636
17891,18078.0,7.355
17892,18079.0,7.395
17893,18080.0,7.475
17894,18081.0,7.033
17895,18082.0,5.998
17896,18083.0,5.756
17897,18084.0,6.199
17898,18085.0,6.32
17899,18086.0,7.355
17900,18087.0,6.953
17901,18088.0,7.274
17902,18089.0,7.676
17903,18090.0,6.832
17904,18091.0,6.038
17905,18092.0,7.958
17906,18093.0,6.712
17907,18094.0,8.426
17908,18095.0,7.515
17909,18096.0,6.118
17910,18097.0,5.676
17911,18098.0,6.239
17912,18099.0,6.118
17913,18100.0,6.239
17914,18101.0,7.234
17915,18102.0,7.877
17916,18103.0,7.515
17917,18104.0,7.234
17918,18105.0,6.118
17919,18106.0,8.078
17920,18107.0,7.194
17921,18108.0,7.596
17922,18109.0,8.118
17923,18110.0,6.279
17924,18111.0,5.796
17925,18112.0,6.038
17926,18113.0,6.239
17927,18114.0,6.44
17928,18115.0,8.226
17929,18116.0,9.269
17930,18117.0,9.189
17931,18118.0,8.507
17932,18119.0,6.159
17933,18120.0,6.712
17934,18121.0,8.266
17935,18122.0,7.113
17936,18123.0,6.279
17937,18124.0,6.36
17938,18125.0,5.998
17939,18126.0,5.837
17940,18127.0,6.279
17941,18128.0,6.199
17942,18129.0,9.269
17943,18130.0,8.828
17944,18132.0,9.309
17945,18133.0,9.47
17946,18134.0,6.159
17947,18135.0,7.194
17948,18136.0,7.234
17949,18137.0,7.596
17950,18138.0,6.551
17951,18139.0,6.561
17952,18140.0,6.078
17953,18141.0,5.837
17954,18142.0,6.481
17955,18143.0,6.279
17956,18144.0,8.948
17957,18145.0,8.158
17958,18146.0,8.788
17959,18147.0,9.068
17960,18148.0,6.521
17961,18149.0,7.797
17962,18150.0,6.792
17963,18151.0,8.386
17964,18152.0,7.033
17965,18153.0,6.803
17966,18154.0,6.118
17967,18155.0,5.796
17968,18156.0,6.239
17969,18157.0,6.279
17970,18158.0,8.239
17971,18159.0,7.033
17972,18160.0,7.998
17973,18161.0,8.426
17974,18162.0,6.601
17975,18163.0,7.314
17976,18164.0,7.355
17977,18165.0,7.113
17978,18166.0,7.596
17979,18167.0,7.073
17980,18168.0,5.998
17981,18169.0,5.796
17982,18170.0,6.159
17983,18171.0,6.32
17984,18172.0,7.355
17985,18173.0,6.953
17986,18174.0,7.274
17987,18175.0,7.716
17988,18176.0,6.792
17989,18177.0,6.038
17990,18178.0,7.877
17991,18179.0,6.712
17992,18180.0,8.346
17993,18181.0,7.515
17994,18182.0,6.078
17995,18183.0,5.676
17996,18184.0,5.796
17997,18185.0,6.32
17998,18186.0,6.159
17999,18187.0,8.868
18000,18188.0,9.028
18001,18189.0,9.43
18002,18190.0,9.229
18003,18191.0,6.199
18004,18192.0,6.993
18005,18193.0,7.596
18006,18194.0,7.355
18007,18195.0,6.43
18008,18196.0,6.481
18009,18197.0,6.078
18010,18198.0,5.837
18011,18199.0,6.32
18012,18200.0,6.279
18013,18201.0,9.229
18014,18202.0,8.587
18015,18203.0,9.149
18016,18204.0,9.349
18017,18205.0,6.279
18018,18206.0,7.314
18019,18207.0,6.671
18020,18208.0,7.917
18021,18209.0,6.752
18022,18210.0,6.682
18023,18211.0,6.078
18024,18212.0,5.796
18025,18213.0,6.199
18026,18214.0,6.279
18027,18215.0,8.319
18028,18216.0,7.234
18029,18217.0,8.118
18030,18218.0,8.507
18031,18219.0,6.561
18032,18220.0,7.556
18033,18221.0,7.234
18034,18222.0,7.355
18035,18223.0,7.475
18036,18224.0,7.033
18037,18225.0,5.998
18038,18226.0,5.676
18039,18228.0,6.32
18040,18229.0,6.481
18041,18230.0,6.792
18042,18231.0,7.194
18043,18232.0,7.475
18044,18233.0,7.274
18045,18234.0,6.913
18046,18235.0,5.998
18047,18236.0,8.306
18048,18237.0,6.953
18049,18238.0,8.105
18050,18239.0,7.797
18051,18240.0,6.118
18052,18241.0,5.756
18053,18242.0,6.239
18054,18243.0,6.32
18055,18244.0,6.32
18056,18245.0,7.958
18057,18246.0,9.028
18058,18247.0,8.547
18059,18248.0,8.226
18060,18249.0,6.199
18061,18250.0,6.551
18062,18251.0,8.186
18063,18252.0,6.832
18064,18253.0,6.36
18065,18254.0,6.32
18066,18255.0,5.998
18067,18256.0,5.837
18068,18257.0,6.279
18069,18258.0,6.239
18070,18259.0,9.389
18071,18260.0,8.747
18072,18261.0,9.269
18073,18262.0,9.43
18074,18263.0,6.279
18075,18264.0,7.154
18076,18265.0,6.953
18077,18266.0,7.716
18078,18267.0,6.591
18079,18268.0,6.601
18080,18269.0,6.038
18081,18270.0,5.877
18082,18271.0,6.44
18083,18272.0,6.279
18084,18273.0,8.948
18085,18274.0,8.199
18086,18275.0,8.788
18087,18276.0,9.109
18088,18277.0,6.4
18089,18278.0,7.716
18090,18279.0,6.712
18091,18280.0,8.426
18092,18281.0,6.953
18093,18282.0,6.803
18094,18283.0,5.998
18095,18284.0,5.837
18096,18285.0,6.159
18097,18286.0,6.279
18098,18287.0,8.346
18099,18288.0,7.274
18100,18289.0,8.158
18101,18290.0,8.587
18102,18291.0,6.642
18103,18292.0,7.676
18104,18293.0,7.234
18105,18294.0,7.475
18106,18295.0,7.435
18107,18296.0,7.033
18108,18297.0,5.998
18109,18298.0,5.837
18110,18299.0,6.159
18111,18300.0,6.36
18112,18301.0,7.355
18113,18302.0,6.953
18114,18303.0,7.274
18115,18304.0,7.757
18116,18305.0,6.792
18117,18306.0,6.078
18118,18307.0,7.877
18119,18308.0,6.752
18120,18309.0,8.346
18121,18310.0,7.515
18122,18311.0,6.078
18123,18312.0,5.756
18124,18313.0,6.239
18125,18314.0,6.199
18126,18315.0,6.078
18127,18316.0,7.355
18128,18317.0,7.998
18129,18318.0,7.636
18130,18319.0,7.274
18131,18320.0,6.118
18132,18321.0,7.877
18133,18322.0,7.274
18134,18323.0,7.355
18135,18325.0,8.065
18136,18326.0,6.279
18137,18327.0,5.837
18138,18328.0,6.239
18139,18329.0,6.239
18140,18330.0,6.32
18141,18331.0,7.917
18142,18332.0,9.028
18143,18333.0,8.507
18144,18334.0,8.226
18145,18335.0,6.159
18146,18336.0,6.591
18147,18337.0,8.145
18148,18338.0,6.832
18149,18339.0,6.32
18150,18340.0,6.32
18151,18341.0,5.917
18152,18342.0,5.877
18153,18343.0,6.279
18154,18344.0,6.279
18155,18345.0,9.269
18156,18346.0,8.667
18157,18347.0,9.149
18158,18348.0,9.389
18159,18349.0,6.239
18160,18350.0,7.274
18161,18351.0,6.752
18162,18352.0,7.837
18163,18353.0,6.631
18164,18354.0,6.682
18165,18355.0,6.038
18166,18356.0,5.837
18167,18357.0,6.078
18168,18358.0,6.32
18169,18359.0,8.707
18170,18360.0,7.877
18171,18361.0,8.547
18172,18362.0,8.948
18173,18363.0,6.521
18174,18364.0,8.118
18175,18365.0,6.913
18176,18366.0,8.145
18177,18367.0,7.194
18178,18368.0,6.913
18179,18369.0,5.998
18180,18370.0,5.756
18181,18371.0,6.159
18182,18372.0,6.279
18183,18373.0,7.596
18184,18374.0,6.832
18185,18375.0,7.355
18186,18376.0,7.917
18187,18377.0,6.752
18188,18378.0,6.4
18189,18379.0,7.676
18190,18380.0,6.671
18191,18381.0,8.105
18192,18382.0,7.314
18193,18383.0,6.078
18194,18384.0,5.635
18195,18385.0,6.239
18196,18386.0,6.118
18197,18387.0,6.199
18198,18388.0,7.234
18199,18389.0,7.837
18200,18390.0,7.515
18201,18391.0,7.194
18202,18392.0,6.078
18203,18393.0,8.078
18204,18394.0,7.194
18205,18395.0,7.556
18206,18396.0,8.105
18207,18397.0,6.239
18208,18398.0,5.837
18209,18399.0,6.279
18210,18400.0,6.239
18211,18401.0,6.239
18212,18402.0,7.676
18213,18403.0,8.587
18214,18404.0,8.105
18215,18405.0,7.917
18216,18406.0,6.199
18217,18407.0,6.671
18218,18408.0,7.837
18219,18409.0,6.712
18220,18410.0,6.913
18221,18411.0,6.36
18222,18412.0,5.998
18223,18413.0,5.917
18224,18414.0,6.239
18225,18415.0,6.521
18226,18416.0,8.346
18227,18417.0,9.269
18228,18418.0,9.309
18229,18419.0,8.707
18230,18420.0,6.159
18231,18422.0,6.752
18232,18423.0,8.145
18233,18424.0,7.154
18234,18425.0,6.269
18235,18426.0,6.36
18236,18427.0,6.038
18237,18428.0,5.837
18238,18429.0,6.32
18239,18430.0,6.279
18240,18431.0,9.229
18241,18432.0,8.547
18242,18433.0,9.109
18243,18434.0,9.309
18244,18435.0,6.279
18245,18436.0,7.355
18246,18437.0,6.631
18247,18438.0,7.958
18248,18439.0,6.712
18249,18440.0,6.682
18250,18441.0,6.038
18251,18442.0,5.796
18252,18443.0,6.159
18253,18444.0,6.279
18254,18445.0,8.467
18255,18446.0,7.435
18256,18447.0,8.266
18257,18448.0,8.667
18258,18449.0,6.561
18259,18450.0,7.797
18260,18451.0,7.154
18261,18452.0,7.636
18262,18453.0,7.395
18263,18454.0,6.953
18264,18455.0,5.998
18265,18456.0,5.756
18266,18457.0,6.199
18267,18458.0,6.279
18268,18459.0,7.596
18269,18460.0,6.832
18270,18461.0,7.314
18271,18462.0,7.877
18272,18463.0,6.792
18273,18464.0,6.279
18274,18465.0,7.757
18275,18466.0,6.671
18276,18467.0,8.226
18277,18468.0,7.395
18278,18469.0,6.159
18279,18470.0,5.676
18280,18471.0,6.239
18281,18472.0,6.32
18282,18473.0,6.521
18283,18474.0,7.355
18284,18475.0,7.636
18285,18476.0,7.395
18286,18477.0,7.033
18287,18478.0,6.038
18288,18479.0,8.306
18289,18480.0,7.033
18290,18481.0,7.837
18291,18482.0,7.998
18292,18483.0,6.199
18293,18484.0,5.756
18294,18485.0,6.239
18295,18486.0,6.279
18296,18487.0,6.159
18297,18488.0,7.515
18298,18489.0,8.226
18299,18490.0,8.078
18300,18491.0,7.636
18301,18492.0,6.279
18302,18493.0,7.154
18303,18494.0,7.556
18304,18495.0,6.631
18305,18496.0,7.435
18306,18497.0,6.279
18307,18498.0,5.917
18308,18499.0,6.199
18309,18500.0,6.279
18310,18501.0,6.36
18311,18502.0,8.078
18312,18503.0,9.269
18313,18504.0,8.788
18314,18505.0,8.186
18315,18506.0,6.199
18316,18507.0,6.591
18317,18508.0,8.386
18318,18509.0,6.913
18319,18510.0,6.32
18320,18511.0,6.36
18321,18512.0,6.038
18322,18513.0,5.877
18323,18514.0,6.32
18324,18515.0,6.159
18325,18516.0,9.028
18326,18517.0,8.948
18327,18519.0,9.389
18328,18520.0,9.349
18329,18521.0,6.118
18330,18522.0,7.073
18331,18523.0,7.435
18332,18524.0,7.435
18333,18525.0,6.43
18334,18526.0,6.521
18335,18527.0,6.038
18336,18528.0,5.837
18337,18529.0,6.4
18338,18530.0,6.279
18339,18531.0,8.988
18340,18532.0,8.279
18341,18533.0,8.828
18342,18534.0,9.149
18343,18535.0,6.36
18344,18536.0,7.636
18345,18537.0,6.712
18346,18538.0,8.386
18347,18539.0,6.913
18348,18540.0,6.752
18349,18541.0,5.998
18350,18542.0,5.837
18351,18543.0,6.239
18352,18544.0,6.32
18353,18545.0,8.186
18354,18546.0,7.073
18355,18547.0,7.998
18356,18548.0,8.467
18357,18549.0,6.591
18358,18550.0,7.395
18359,18551.0,7.355
18360,18552.0,7.234
18361,18553.0,7.596
18362,18554.0,7.113
18363,18555.0,5.998
18364,18556.0,5.676
18365,18557.0,6.239
18366,18558.0,6.279
18367,18559.0,6.44
18368,18560.0,7.355
18369,18561.0,7.676
18370,18562.0,7.435
18371,18563.0,7.073
18372,18564.0,6.078
18373,18565.0,8.226
18374,18566.0,7.113
18375,18567.0,7.797
18376,18568.0,8.078
18377,18569.0,6.199
18378,18570.0,5.877
18379,18571.0,6.239
18380,18572.0,6.239
18381,18573.0,6.279
18382,18574.0,7.797
18383,18575.0,8.788
18384,18576.0,8.306
18385,18577.0,8.065
18386,18578.0,6.159
18387,18579.0,6.551
18388,18580.0,7.985
18389,18581.0,6.752
18390,18582.0,6.551
18391,18583.0,6.32
18392,18584.0,5.917
18393,18585.0,5.837
18394,18586.0,6.279
18395,18587.0,6.118
18396,18588.0,8.747
18397,18589.0,9.068
18398,18590.0,9.47
18399,18591.0,9.109
18400,18592.0,6.159
18401,18593.0,6.953
18402,18594.0,7.716
18403,18595.0,7.395
18404,18596.0,6.39
18405,18597.0,6.44
18406,18598.0,6.078
18407,18599.0,5.837
18408,18600.0,6.4
18409,18601.0,6.279
18410,18602.0,9.028
18411,18603.0,8.306
18412,18604.0,8.868
18413,18605.0,9.149
18414,18606.0,6.4
18415,18607.0,7.676
18416,18608.0,6.712
18417,18609.0,8.386
18418,18610.0,6.913
18419,18611.0,6.792
18420,18612.0,5.998
18421,18613.0,5.837
18422,18615.0,6.159
18423,18616.0,6.32
18424,18617.0,8.386
18425,18618.0,7.435
18426,18619.0,8.186
18427,18620.0,8.667
18428,18621.0,6.561
18429,18622.0,7.757
18430,18623.0,7.154
18431,18624.0,7.556
18432,18625.0,7.395
18433,18626.0,6.993
18434,18627.0,5.998
18435,18628.0,5.756
18436,18629.0,6.239
18437,18630.0,6.4
18438,18631.0,7.033
18439,18632.0,7.113
18440,18633.0,7.435
18441,18634.0,7.274
18442,18635.0,6.953
18443,18636.0,5.998
18444,18637.0,8.346
18445,18638.0,7.033
18446,18639.0,7.757
18447,18640.0,8.078
18448,18641.0,6.239
18449,18642.0,5.756
18450,18643.0,6.239
18451,18644.0,6.239
18452,18645.0,6.279
18453,18646.0,7.837
18454,18647.0,8.948
18455,18648.0,8.507
18456,18649.0,8.105
18457,18650.0,6.159
18458,18651.0,6.631
18459,18652.0,8.346
18460,18653.0,6.993
18461,18654.0,6.279
18462,18655.0,6.36
18463,18656.0,5.998
18464,18657.0,5.877
18465,18658.0,6.239
18466,18659.0,6.279
18467,18660.0,9.269
18468,18661.0,8.627
18469,18662.0,9.109
18470,18663.0,9.389
18471,18664.0,6.279
18472,18665.0,7.475
18473,18666.0,6.631
18474,18667.0,8.186
18475,18668.0,6.832
18476,18669.0,6.803
18477,18670.0,5.998
18478,18671.0,5.837
18479,18672.0,6.199
18480,18673.0,6.32
18481,18674.0,8.239
18482,18675.0,7.033
18483,18676.0,7.917
18484,18677.0,8.266
18485,18678.0,6.631
18486,18679.0,7.113
18487,18680.0,7.355
18488,18681.0,6.913
18489,18682.0,7.716
18490,18683.0,7.113
18491,18684.0,6.038
18492,18685.0,5.756
18493,18686.0,6.239
18494,18687.0,6.36
18495,18688.0,7.154
18496,18689.0,7.033
18497,18690.0,7.314
18498,18691.0,7.515
18499,18692.0,6.792
18500,18693.0,6.038
18501,18694.0,8.025
18502,18695.0,6.792
18503,18696.0,8.386
18504,18697.0,7.596
18505,18698.0,6.118
18506,18699.0,5.676
18507,18700.0,6.279
18508,18701.0,6.159
18509,18702.0,6.118
18510,18703.0,7.314
18511,18704.0,8.078
18512,18705.0,7.676
18513,18706.0,7.355
18514,18707.0,6.159
18515,18708.0,7.797
18516,18709.0,7.355
18517,18710.0,7.234
18518,18711.0,7.998
18519,18713.0,6.32
18520,18714.0,5.837
18521,18715.0,6.279
18522,18716.0,6.239
18523,18717.0,6.36
18524,18718.0,7.877
18525,18719.0,8.988
18526,18720.0,8.426
18527,18721.0,8.226
18528,18722.0,6.159
18529,18723.0,6.591
18530,18724.0,8.105
18531,18725.0,6.792
18532,18726.0,6.39
18533,18727.0,6.32
18534,18728.0,5.957
18535,18729.0,5.837
18536,18730.0,6.279
18537,18731.0,6.279
18538,18732.0,8.547
18539,18733.0,9.149
18540,18734.0,9.47
18541,18735.0,8.868
18542,18736.0,6.159
18543,18737.0,6.872
18544,18738.0,7.917
18545,18739.0,7.274
18546,18740.0,6.31
18547,18741.0,6.4
18548,18742.0,6.038
18549,18743.0,5.877
18550,18744.0,6.279
18551,18745.0,6.159
18552,18746.0,8.868
18553,18747.0,8.988
18554,18748.0,9.389
18555,18749.0,9.229
18556,18750.0,6.199
18557,18751.0,6.993
18558,18752.0,7.596
18559,18753.0,7.355
18560,18754.0,6.43
18561,18755.0,6.44
18562,18756.0,6.078
18563,18757.0,5.837
18564,18758.0,6.4
18565,18759.0,6.239
18566,18760.0,9.068
18567,18761.0,8.359
18568,18762.0,8.948
18569,18763.0,9.189
18570,18764.0,6.36
18571,18765.0,7.556
18572,18766.0,6.712
18573,18767.0,8.226
18574,18768.0,6.913
18575,18769.0,6.763
18576,18770.0,6.078
18577,18771.0,5.796
18578,18772.0,6.199
18579,18773.0,6.279
18580,18774.0,8.386
18581,18775.0,7.314
18582,18776.0,8.186
18583,18777.0,8.587
18584,18778.0,6.601
18585,18779.0,7.676
18586,18780.0,7.194
18587,18781.0,7.515
18588,18782.0,7.395
18589,18783.0,7.033
18590,18784.0,5.957
18591,18785.0,5.555
18592,18786.0,6.199
18593,18787.0,6.239
18594,18788.0,6.118
18595,18789.0,7.475
18596,18790.0,8.105
18597,18791.0,7.958
18598,18792.0,7.556
18599,18793.0,6.239
18600,18794.0,7.314
18601,18795.0,7.475
18602,18796.0,6.712
18603,18797.0,7.596
18604,18798.0,6.279
18605,18799.0,5.917
18606,18800.0,5.756
18607,18801.0,6.44
18608,18802.0,6.239
18609,18803.0,8.908
18610,18804.0,8.078
18611,18805.0,8.747
18612,18806.0,9.028
18613,18807.0,6.481
18614,18809.0,7.797
18615,18810.0,6.792
18616,18811.0,8.346
18617,18812.0,7.033
18618,18813.0,6.803
18619,18814.0,6.038
18620,18815.0,5.796
18621,18816.0,6.239
18622,18817.0,6.279
18623,18818.0,8.199
18624,18819.0,7.033
18625,18820.0,8.038
18626,18821.0,8.426
18627,18822.0,6.671
18628,18823.0,7.355
18629,18824.0,7.395
18630,18825.0,7.154
18631,18826.0,7.636
18632,18827.0,7.073
18633,18828.0,6.038
18634,18829.0,5.756
18635,18830.0,6.199
18636,18831.0,6.36
18637,18832.0,7.234
18638,18833.0,6.993
18639,18834.0,7.274
18640,18835.0,7.636
18641,18836.0,6.792
18642,18837.0,6.038
18643,18838.0,7.958
18644,18839.0,6.752
18645,18840.0,8.426
18646,18841.0,7.556
18647,18842.0,6.078
18648,18843.0,5.716
18649,18844.0,6.159
18650,18845.0,6.239
18651,18846.0,6.4
18652,18847.0,8.065
18653,18848.0,9.349
18654,18849.0,8.948
18655,18850.0,8.346
18656,18851.0,6.199
18657,18852.0,6.631
18658,18853.0,8.426
18659,18854.0,6.993
18660,18855.0,6.31
18661,18856.0,6.36
18662,18857.0,5.998
18663,18858.0,5.676
18664,18859.0,6.118
18665,18860.0,6.32
18666,18861.0,7.877
18667,18862.0,6.792
18668,18863.0,7.636
18669,18864.0,8.105
18670,18865.0,6.712
18671,18866.0,6.792
18672,18867.0,7.515
18673,18868.0,6.631
18674,18869.0,7.958
18675,18870.0,7.234
18676,18871.0,6.118
18677,18872.0,5.635
18678,18873.0,6.32
18679,18874.0,6.199
18680,18875.0,6.159
18681,18876.0,7.355
18682,18877.0,8.158
18683,18878.0,7.757
18684,18879.0,7.435
18685,18880.0,6.159
18686,18881.0,7.676
18687,18882.0,7.395
18688,18883.0,7.113
18689,18884.0,7.917
18690,18885.0,6.279
18691,18886.0,5.837
18692,18887.0,6.239
18693,18888.0,6.279
18694,18889.0,6.279
18695,18890.0,7.837
18696,18891.0,8.868
18697,18892.0,8.386
18698,18893.0,8.105
18699,18894.0,6.199
18700,18895.0,6.551
18701,18896.0,8.065
18702,18897.0,6.752
18703,18898.0,6.47
18704,18899.0,6.32
18705,18900.0,5.957
18706,18901.0,5.837
18707,18902.0,6.279
18708,18903.0,6.32
18709,18904.0,8.547
18710,18906.0,9.149
18711,18907.0,9.51
18712,18908.0,8.868
18713,18909.0,6.159
18714,18910.0,6.872
18715,18911.0,7.917
18716,18912.0,7.314
18717,18913.0,6.35
18718,18914.0,6.4
18719,18915.0,6.078
18720,18916.0,5.837
18721,18917.0,6.239
18722,18918.0,6.239
18723,18919.0,9.349
18724,18920.0,8.707
18725,18921.0,9.229
18726,18922.0,9.43
18727,18923.0,6.239
18728,18924.0,7.154
18729,18925.0,6.953
18730,18926.0,7.716
18731,18927.0,6.631
18732,18928.0,6.601
18733,18929.0,6.078
18734,18930.0,5.837
18735,18931.0,6.44
18736,18932.0,6.279
18737,18933.0,8.868
18738,18934.0,8.038
18739,18935.0,8.667
18740,18936.0,8.988
18741,18937.0,6.481
18742,18938.0,7.877
18743,18939.0,6.792
18744,18940.0,8.306
18745,18941.0,7.073
18746,18942.0,6.843
18747,18943.0,5.998
18748,18944.0,5.796
18749,18945.0,6.199
18750,18946.0,6.279
18751,18947.0,8.239
18752,18948.0,7.113
18753,18949.0,8.038
18754,18950.0,8.467
18755,18951.0,6.601
18756,18952.0,7.435
18757,18953.0,7.314
18758,18954.0,7.274
18759,18955.0,7.515
18760,18956.0,7.073
18761,18957.0,5.998
18762,18958.0,5.796
18763,18959.0,6.159
18764,18960.0,6.32
18765,18961.0,7.395
18766,18962.0,6.913
18767,18963.0,7.234
18768,18964.0,7.757
18769,18965.0,6.792
18770,18966.0,6.078
18771,18967.0,7.837
18772,18968.0,6.752
18773,18969.0,8.306
18774,18970.0,7.475
18775,18971.0,6.078
18776,18972.0,5.716
18777,18973.0,6.199
18778,18974.0,6.239
18779,18975.0,6.118
18780,18976.0,7.435
18781,18977.0,8.078
18782,18978.0,7.877
18783,18979.0,7.435
18784,18980.0,6.239
18785,18981.0,7.556
18786,18982.0,7.395
18787,18983.0,6.953
18788,18984.0,7.797
18789,18985.0,6.279
18790,18986.0,5.837
18791,18987.0,6.199
18792,18988.0,6.279
18793,18989.0,6.4
18794,18990.0,8.038
18795,18991.0,9.389
18796,18992.0,8.868
18797,18993.0,8.346
18798,18994.0,6.199
18799,18995.0,6.631
18800,18996.0,8.386
18801,18997.0,6.993
18802,18998.0,6.279
18803,18999.0,6.36
18804,19000.0,5.957
18805,19001.0,5.837
18806,19003.0,6.239
18807,19004.0,6.239
18808,19005.0,9.309
18809,19006.0,8.707
18810,19007.0,9.189
18811,19008.0,9.43
18812,19009.0,6.199
18813,19010.0,7.194
18814,19011.0,6.872
18815,19012.0,7.757
18816,19013.0,6.591
18817,19014.0,6.642
18818,19015.0,6.038
18819,19016.0,5.837
18820,19017.0,6.078
18821,19018.0,6.32
18822,19019.0,8.667
18823,19020.0,7.797
18824,19021.0,8.507
18825,19022.0,8.868
18826,19023.0,6.521
18827,19024.0,8.158
18828,19025.0,6.953
18829,19026.0,7.998
18830,19027.0,7.274
18831,19028.0,6.953
18832,19029.0,5.957
18833,19030.0,5.837
18834,19031.0,6.239
18835,19032.0,6.36
18836,19033.0,8.038
18837,19034.0,6.832
18838,19035.0,7.797
18839,19036.0,8.306
18840,19037.0,6.631
18841,19038.0,7.033
18842,19039.0,7.395
18843,19040.0,6.832
18844,19041.0,7.757
18845,19042.0,7.154
18846,19043.0,6.038
18847,19044.0,5.756
18848,19045.0,6.239
18849,19046.0,6.4
18850,19047.0,7.154
18851,19048.0,7.033
18852,19049.0,7.314
18853,19050.0,7.515
18854,19051.0,6.832
18855,19052.0,6.038
18856,19053.0,8.078
18857,19054.0,6.792
18858,19055.0,8.346
18859,19056.0,7.596
18860,19057.0,6.118
18861,19058.0,5.676
18862,19059.0,6.239
18863,19060.0,6.159
18864,19061.0,6.078
18865,19062.0,7.314
18866,19063.0,8.038
18867,19064.0,7.676
18868,19065.0,7.314
18869,19066.0,6.118
18870,19067.0,7.797
18871,19068.0,7.355
18872,19069.0,7.234
18873,19070.0,7.998
18874,19071.0,6.32
18875,19072.0,5.796
18876,19073.0,6.279
18877,19074.0,6.239
18878,19075.0,6.32
18879,19076.0,7.877
18880,19077.0,8.948
18881,19078.0,8.467
18882,19079.0,8.186
18883,19080.0,6.159
18884,19081.0,6.591
18885,19082.0,8.065
18886,19083.0,6.872
18887,19084.0,6.44
18888,19085.0,6.4
18889,19086.0,5.957
18890,19087.0,5.877
18891,19088.0,6.279
18892,19089.0,6.118
18893,19090.0,8.707
18894,19091.0,9.109
18895,19092.0,9.47
18896,19093.0,9.068
18897,19094.0,6.159
18898,19095.0,6.913
18899,19096.0,7.757
18900,19097.0,7.395
18901,19099.0,6.39
18902,19100.0,6.4
18903,19101.0,6.078
18904,19102.0,5.837
18905,19103.0,6.36
18906,19104.0,6.239
18907,19105.0,9.109
18908,19106.0,8.346
18909,19107.0,8.948
18910,19108.0,9.229
18911,19109.0,6.36
18912,19110.0,7.515
18913,19111.0,6.712
18914,19112.0,8.186
18915,19113.0,6.872
18916,19114.0,6.722
18917,19115.0,6.038
18918,19116.0,5.796
18919,19117.0,6.159
18920,19118.0,6.279
18921,19119.0,8.467
18922,19120.0,7.395
18923,19121.0,8.279
18924,19122.0,8.627
18925,19123.0,6.601
18926,19124.0,7.757
18927,19125.0,7.194
18928,19126.0,7.596
18929,19127.0,7.395
18930,19128.0,6.993
18931,19129.0,6.038
18932,19130.0,5.756
18933,19131.0,6.199
18934,19132.0,6.279
18935,19133.0,7.596
18936,19134.0,6.883
18937,19135.0,7.355
18938,19136.0,7.877
18939,19137.0,6.832
18940,19138.0,6.279
18941,19139.0,7.757
18942,19140.0,6.671
18943,19141.0,8.199
18944,19142.0,7.395
18945,19143.0,6.118
18946,19144.0,5.676
18947,19145.0,6.199
18948,19146.0,6.4
18949,19147.0,6.521
18950,19148.0,7.314
18951,19149.0,7.636
18952,19150.0,7.355
18953,19151.0,7.033
18954,19152.0,6.038
18955,19153.0,8.306
18956,19154.0,7.033
18957,19155.0,7.877
18958,19156.0,7.998
18959,19157.0,6.159
18960,19158.0,5.756
18961,19159.0,6.239
18962,19160.0,6.32
18963,19161.0,6.199
18964,19162.0,7.596
18965,19163.0,8.386
18966,19164.0,8.226
18967,19165.0,7.757
18968,19166.0,6.199
18969,19167.0,6.913
18970,19168.0,7.716
18971,19169.0,6.671
18972,19170.0,7.234
18973,19171.0,6.32
18974,19172.0,5.957
18975,19173.0,5.877
18976,19174.0,6.32
18977,19175.0,6.481
18978,19176.0,8.386
18979,19177.0,9.229
18980,19178.0,9.389
18981,19179.0,8.707
18982,19180.0,6.199
18983,19181.0,6.792
18984,19182.0,8.145
18985,19183.0,7.194
18986,19184.0,6.36
18987,19185.0,6.36
18988,19186.0,6.078
18989,19187.0,5.837
18990,19188.0,6.32
18991,19189.0,6.279
18992,19190.0,9.229
18993,19191.0,8.627
18994,19192.0,9.109
18995,19193.0,9.349
18996,19194.0,6.239
18997,19196.0,7.355
18998,19197.0,6.631
18999,19198.0,7.917
19000,19199.0,6.712
19001,19200.0,6.682
19002,19201.0,6.038
19003,19202.0,5.837
19004,19203.0,6.118
19005,19204.0,6.32
19006,19205.0,8.627
19007,19206.0,7.757
19008,19207.0,8.467
19009,19208.0,8.868
19010,19209.0,6.521
19011,19210.0,8.118
19012,19211.0,6.953
19013,19212.0,7.998
19014,19213.0,7.274
19015,19214.0,6.913
19016,19215.0,5.957
19017,19216.0,5.796
19018,19217.0,6.118
19019,19218.0,6.32
19020,19219.0,7.797
19021,19220.0,6.832
19022,19221.0,7.556
19023,19222.0,8.118
19024,19223.0,6.712
19025,19224.0,6.722
19026,19225.0,7.556
19027,19226.0,6.671
19028,19227.0,7.958
19029,19228.0,7.274
19030,19229.0,6.078
19031,19230.0,5.756
19032,19231.0,6.239
19033,19232.0,6.199
19034,19233.0,6.199
19035,19234.0,7.314
19036,19235.0,7.877
19037,19236.0,7.556
19038,19237.0,7.194
19039,19238.0,6.118
19040,19239.0,8.038
19041,19240.0,7.194
19042,19241.0,7.515
19043,19242.0,8.118
19044,19243.0,6.239
19045,19244.0,5.756
19046,19245.0,6.239
19047,19246.0,6.239
19048,19247.0,6.279
19049,19248.0,7.757
19050,19249.0,8.707
19051,19250.0,8.266
19052,19251.0,7.998
19053,19252.0,6.159
19054,19253.0,6.551
19055,19254.0,7.917
19056,19255.0,6.712
19057,19256.0,6.712
19058,19257.0,6.32
19059,19258.0,5.917
19060,19259.0,5.877
19061,19260.0,6.239
19062,19261.0,6.118
19063,19262.0,8.707
19064,19263.0,9.068
19065,19264.0,9.47
19066,19265.0,9.109
19067,19266.0,6.118
19068,19267.0,6.953
19069,19268.0,7.716
19070,19269.0,7.435
19071,19270.0,6.35
19072,19271.0,6.44
19073,19272.0,6.038
19074,19273.0,5.837
19075,19274.0,6.44
19076,19275.0,6.279
19077,19276.0,8.948
19078,19277.0,8.239
19079,19278.0,8.828
19080,19279.0,9.149
19081,19280.0,6.4
19082,19281.0,7.757
19083,19282.0,6.712
19084,19283.0,8.467
19085,19284.0,6.953
19086,19285.0,6.803
19087,19286.0,5.998
19088,19287.0,5.796
19089,19288.0,6.159
19090,19289.0,6.279
19091,19290.0,8.279
19092,19291.0,7.194
19093,19293.0,8.078
19094,19294.0,8.507
19095,19295.0,6.601
19096,19296.0,7.515
19097,19297.0,7.274
19098,19298.0,7.314
19099,19299.0,7.515
19100,19300.0,7.033
19101,19301.0,5.998
19102,19302.0,5.756
19103,19303.0,6.199
19104,19304.0,6.36
19105,19305.0,7.234
19106,19306.0,6.993
19107,19307.0,7.314
19108,19308.0,7.596
19109,19309.0,6.792
19110,19310.0,6.038
19111,19311.0,8.038
19112,19312.0,6.752
19113,19313.0,8.426
19114,19314.0,7.556
19115,19315.0,6.118
19116,19316.0,5.676
19117,19317.0,6.279
19118,19318.0,6.159
19119,19319.0,6.159
19120,19320.0,7.314
19121,19321.0,7.958
19122,19322.0,7.596
19123,19323.0,7.314
19124,19324.0,6.159
19125,19325.0,7.917
19126,19326.0,7.274
19127,19327.0,7.435
19128,19328.0,8.118
19129,19329.0,6.32
19130,19330.0,5.796
19131,19331.0,6.279
19132,19332.0,6.279
19133,19333.0,6.279
19134,19334.0,7.636
19135,19335.0,8.467
19136,19336.0,8.199
19137,19337.0,7.797
19138,19338.0,6.199
19139,19339.0,6.832
19140,19340.0,7.716
19141,19341.0,6.671
19142,19342.0,7.113
19143,19343.0,6.32
19144,19344.0,5.957
19145,19345.0,6.159
19146,19346.0,6.279
19147,19347.0,6.4
19148,19348.0,8.158
19149,19349.0,9.349
19150,19350.0,9.028
19151,19351.0,8.386
19152,19352.0,6.159
19153,19353.0,6.671
19154,19354.0,8.346
19155,19355.0,7.033
19156,19356.0,6.279
19157,19357.0,6.36
19158,19358.0,5.998
19159,19359.0,5.837
19160,19360.0,6.279
19161,19361.0,6.199
19162,19362.0,9.229
19163,19363.0,8.828
19164,19364.0,9.309
19165,19365.0,9.51
19166,19366.0,6.159
19167,19367.0,7.154
19168,19368.0,7.234
19169,19369.0,7.556
19170,19370.0,6.551
19171,19371.0,6.521
19172,19372.0,6.078
19173,19373.0,5.837
19174,19374.0,6.481
19175,19375.0,6.239
19176,19376.0,8.988
19177,19377.0,8.158
19178,19378.0,8.828
19179,19379.0,9.068
19180,19380.0,6.481
19181,19381.0,7.757
19182,19382.0,6.792
19183,19383.0,8.426
19184,19384.0,6.993
19185,19385.0,6.803
19186,19386.0,5.998
19187,19387.0,5.837
19188,19389.0,6.118
19189,19390.0,6.279
19190,19391.0,8.426
19191,19392.0,7.395
19192,19393.0,8.239
19193,19394.0,8.627
19194,19395.0,6.561
19195,19396.0,7.757
19196,19397.0,7.154
19197,19398.0,7.596
19198,19399.0,7.355
19199,19400.0,6.993
19200,19401.0,5.957
19201,19402.0,5.796
19202,19403.0,6.159
19203,19404.0,6.279
19204,19405.0,7.636
19205,19406.0,6.832
19206,19407.0,7.395
19207,19408.0,7.998
19208,19409.0,6.712
19209,19410.0,6.481
19210,19411.0,7.636
19211,19412.0,6.671
19212,19413.0,8.078
19213,19414.0,7.314
19214,19415.0,6.078
19215,19416.0,5.635
19216,19417.0,6.199
19217,19418.0,6.159
19218,19419.0,6.239
19219,19420.0,7.274
19220,19421.0,7.797
19221,19422.0,7.475
19222,19423.0,7.154
19223,19424.0,6.118
19224,19425.0,8.118
19225,19426.0,7.194
19226,19427.0,7.636
19227,19428.0,8.118
19228,19429.0,6.239
19229,19430.0,5.837
19230,19431.0,6.239
19231,19432.0,6.279
19232,19433.0,6.199
19233,19434.0,7.716
19234,19435.0,8.547
19235,19436.0,8.118
19236,19437.0,7.877
19237,19438.0,6.199
19238,19439.0,6.671
19239,19440.0,7.797
19240,19441.0,6.671
19241,19442.0,6.953
19242,19443.0,6.32
19243,19444.0,5.957
19244,19445.0,5.877
19245,19446.0,6.279
19246,19447.0,6.521
19247,19448.0,8.426
19248,19449.0,9.189
19249,19450.0,9.389
19250,19451.0,8.788
19251,19452.0,6.159
19252,19453.0,6.832
19253,19454.0,8.038
19254,19455.0,7.234
19255,19456.0,6.279
19256,19457.0,6.4
19257,19458.0,6.038
19258,19459.0,5.877
19259,19460.0,6.279
19260,19461.0,6.32
19261,19462.0,9.189
19262,19463.0,8.547
19263,19464.0,9.068
19264,19465.0,9.349
19265,19466.0,6.279
19266,19467.0,7.395
19267,19468.0,6.631
19268,19469.0,7.998
19269,19470.0,6.752
19270,19471.0,6.763
19271,19472.0,6.038
19272,19473.0,5.877
19273,19474.0,6.118
19274,19475.0,6.36
19275,19476.0,8.707
19276,19477.0,7.837
19277,19478.0,8.467
19278,19479.0,8.908
19279,19480.0,6.521
19280,19481.0,8.199
19281,19482.0,6.953
19282,19483.0,8.038
19283,19484.0,7.234
19284,19486.0,6.872
19285,19487.0,5.998
19286,19488.0,5.756
19287,19489.0,6.118
19288,19490.0,6.279
19289,19491.0,7.877
19290,19492.0,6.763
19291,19493.0,7.636
19292,19494.0,8.158
19293,19495.0,6.671
19294,19496.0,6.803
19295,19497.0,7.475
19296,19498.0,6.631
19297,19499.0,7.917
19298,19500.0,7.194
19299,19501.0,6.078
19300,19502.0,5.595
19301,19503.0,6.239
19302,19504.0,6.32
19303,19505.0,6.481
19304,19506.0,7.314
19305,19507.0,7.676
19306,19508.0,7.355
19307,19509.0,7.073
19308,19510.0,6.038
19309,19511.0,8.319
19310,19512.0,7.033
19311,19513.0,7.837
19312,19514.0,7.998
19313,19515.0,6.199
19314,19516.0,5.756
19315,19517.0,6.239
19316,19518.0,6.239
19317,19519.0,6.32
19318,19520.0,7.797
19319,19521.0,8.908
19320,19522.0,8.346
19321,19523.0,8.158
19322,19524.0,6.159
19323,19525.0,6.601
19324,19526.0,8.038
19325,19527.0,6.792
19326,19528.0,6.481
19327,19529.0,6.36
19328,19530.0,5.957
19329,19531.0,5.877
19330,19532.0,6.36
19331,19533.0,6.279
19332,19534.0,9.109
19333,19535.0,8.44
19334,19536.0,8.988
19335,19537.0,9.229
19336,19538.0,6.32
19337,19539.0,7.475
19338,19540.0,6.671
19339,19541.0,8.118
19340,19542.0,6.832
19341,19543.0,6.763
19342,19544.0,6.038
19343,19545.0,5.796
19344,19546.0,6.118
19345,19547.0,6.279
19346,19548.0,8.587
19347,19549.0,7.636
19348,19550.0,8.386
19349,19551.0,8.788
19350,19552.0,6.521
19351,19553.0,7.998
19352,19554.0,7.033
19353,19555.0,7.837
19354,19556.0,7.355
19355,19557.0,6.913
19356,19558.0,5.957
19357,19559.0,5.796
19358,19560.0,6.118
19359,19561.0,6.239
19360,19562.0,7.716
19361,19563.0,6.792
19362,19564.0,7.515
19363,19565.0,7.998
19364,19566.0,6.752
19365,19567.0,6.561
19366,19568.0,7.636
19367,19569.0,6.631
19368,19570.0,8.038
19369,19571.0,7.274
19370,19572.0,6.118
19371,19573.0,5.635
19372,19574.0,6.279
19373,19575.0,6.4
19374,19576.0,6.601
19375,19577.0,7.274
19376,19578.0,7.676
19377,19579.0,7.355
19378,19580.0,7.073
19379,19582.0,6.038
19380,19583.0,8.346
19381,19584.0,7.033
19382,19585.0,7.877
19383,19586.0,7.958
19384,19587.0,6.159
19385,19588.0,5.756
19386,19589.0,6.199
19387,19590.0,6.279
19388,19591.0,6.159
19389,19592.0,7.556
19390,19593.0,8.306
19391,19594.0,8.145
19392,19595.0,7.716
19393,19596.0,6.279
19394,19597.0,6.993
19395,19598.0,7.676
19396,19599.0,6.631
19397,19600.0,7.234
19398,19601.0,6.32
19399,19602.0,5.957
19400,19603.0,6.078
19401,19604.0,6.279
19402,19605.0,6.4
19403,19606.0,8.199
19404,19607.0,9.269
19405,19608.0,9.109
19406,19609.0,8.507
19407,19610.0,6.159
19408,19611.0,6.712
19409,19612.0,8.306
19410,19613.0,7.073
19411,19614.0,6.32
19412,19615.0,6.36
19413,19616.0,6.038
19414,19617.0,5.837
19415,19618.0,6.32
19416,19619.0,6.199
19417,19620.0,9.189
19418,19621.0,8.868
19419,19622.0,9.349
19420,19623.0,9.51
19421,19624.0,6.199
19422,19625.0,7.154
19423,19626.0,7.314
19424,19627.0,7.515
19425,19628.0,6.551
19426,19629.0,6.561
19427,19630.0,6.118
19428,19631.0,5.837
19429,19632.0,6.4
19430,19633.0,6.279
19431,19634.0,9.068
19432,19635.0,8.319
19433,19636.0,8.908
19434,19637.0,9.189
19435,19638.0,6.36
19436,19639.0,7.596
19437,19640.0,6.671
19438,19641.0,8.266
19439,19642.0,6.872
19440,19643.0,6.763
19441,19644.0,5.998
19442,19645.0,5.837
19443,19646.0,6.118
19444,19647.0,6.279
19445,19648.0,8.426
19446,19649.0,7.395
19447,19650.0,8.279
19448,19651.0,8.627
19449,19652.0,6.561
19450,19653.0,7.757
19451,19654.0,7.154
19452,19655.0,7.556
19453,19656.0,7.355
19454,19657.0,6.993
19455,19658.0,5.998
19456,19659.0,5.796
19457,19660.0,6.159
19458,19661.0,6.32
19459,19662.0,7.515
19460,19663.0,6.872
19461,19664.0,7.274
19462,19665.0,7.877
19463,19666.0,6.752
19464,19667.0,6.239
19465,19668.0,7.757
19466,19669.0,6.712
19467,19670.0,8.186
19468,19671.0,7.435
19469,19672.0,6.118
19470,19673.0,5.716
19471,19674.0,6.239
19472,19675.0,6.199
19473,19676.0,6.199
19474,19677.0,7.314
19475,19679.0,7.917
19476,19680.0,7.636
19477,19681.0,7.234
19478,19682.0,6.159
19479,19683.0,7.958
19480,19684.0,7.274
19481,19685.0,7.395
19482,19686.0,8.118
19483,19687.0,6.239
19484,19688.0,5.796
19485,19689.0,6.239
19486,19690.0,6.239
19487,19691.0,6.279
19488,19692.0,7.837
19489,19693.0,8.908
19490,19694.0,8.386
19491,19695.0,8.118
19492,19696.0,6.159
19493,19697.0,6.551
19494,19698.0,8.078
19495,19699.0,6.792
19496,19700.0,6.44
19497,19701.0,6.36
19498,19702.0,5.917
19499,19703.0,5.877
19500,19704.0,6.239
19501,19705.0,6.159
19502,19706.0,8.747
19503,19707.0,9.068
19504,19708.0,9.43
19505,19709.0,9.109
19506,19710.0,6.159
19507,19711.0,6.953
19508,19712.0,7.676
19509,19713.0,7.435
19510,19714.0,6.39
19511,19715.0,6.44
19512,19716.0,6.038
19513,19717.0,5.837
19514,19718.0,6.36
19515,19719.0,6.32
19516,19720.0,9.109
19517,19721.0,8.426
19518,19722.0,8.948
19519,19723.0,9.269
19520,19724.0,6.32
19521,19725.0,7.556
19522,19726.0,6.671
19523,19727.0,8.226
19524,19728.0,6.832
19525,19729.0,6.803
19526,19730.0,5.998
19527,19731.0,5.837
19528,19732.0,6.159
19529,19733.0,6.279
19530,19734.0,8.386
19531,19735.0,7.314
19532,19736.0,8.186
19533,19737.0,8.587
19534,19738.0,6.601
19535,19739.0,7.636
19536,19740.0,7.194
19537,19741.0,7.435
19538,19742.0,7.435
19539,19743.0,7.033
19540,19744.0,6.038
19541,19745.0,5.756
19542,19746.0,6.199
19543,19747.0,6.32
19544,19748.0,7.395
19545,19749.0,6.913
19546,19750.0,7.234
19547,19751.0,7.716
19548,19752.0,6.792
19549,19753.0,6.038
19550,19754.0,7.877
19551,19755.0,6.712
19552,19756.0,8.346
19553,19757.0,7.475
19554,19758.0,6.078
19555,19759.0,5.635
19556,19760.0,6.239
19557,19761.0,6.159
19558,19762.0,6.159
19559,19763.0,7.274
19560,19764.0,7.958
19561,19765.0,7.596
19562,19766.0,7.274
19563,19767.0,6.118
19564,19768.0,7.917
19565,19769.0,7.274
19566,19770.0,7.395
19567,19771.0,8.078
19568,19772.0,6.279
19569,19773.0,5.796
19570,19774.0,6.279
19571,19776.0,6.239
19572,19777.0,6.279
19573,19778.0,7.676
19574,19779.0,8.627
19575,19780.0,8.145
19576,19781.0,7.958
19577,19782.0,6.199
19578,19783.0,6.631
19579,19784.0,7.837
19580,19785.0,6.671
19581,19786.0,6.872
19582,19787.0,6.32
19583,19788.0,5.998
19584,19789.0,5.957
19585,19790.0,6.32
19586,19791.0,6.521
19587,19792.0,8.306
19588,19793.0,9.269
19589,19794.0,9.189
19590,19795.0,8.587
19591,19796.0,6.159
19592,19797.0,6.752
19593,19798.0,8.199
19594,19799.0,7.154
19595,19800.0,6.279
19596,19801.0,6.4
19597,19802.0,5.998
19598,19803.0,5.837
19599,19804.0,6.279
19600,19805.0,6.159
19601,19806.0,9.189
19602,19807.0,8.828
19603,19808.0,9.309
19604,19809.0,9.47
19605,19810.0,6.159
19606,19811.0,7.154
19607,19812.0,7.234
19608,19813.0,7.556
19609,19814.0,6.511
19610,19815.0,6.521
19611,19816.0,6.078
19612,19817.0,5.796
19613,19818.0,6.118
19614,19819.0,6.279
19615,19820.0,8.788
19616,19821.0,7.877
19617,19822.0,8.627
19618,19823.0,8.908
19619,19824.0,6.521
19620,19825.0,8.038
19621,19826.0,6.953
19622,19827.0,8.158
19623,19828.0,7.234
19624,19829.0,6.872
19625,19830.0,6.078
19626,19831.0,5.595
19627,19832.0,6.239
19628,19833.0,6.118
19629,19834.0,6.239
19630,19835.0,7.234
19631,19836.0,7.757
19632,19837.0,7.475
19633,19838.0,7.154
19634,19839.0,6.078
19635,19840.0,8.078
19636,19841.0,7.154
19637,19842.0,7.596
19638,19843.0,8.078
19639,19844.0,6.199
19640,19845.0,5.796
19641,19846.0,6.239
19642,19847.0,6.279
19643,19848.0,6.239
19644,19849.0,7.636
19645,19850.0,8.467
19646,19851.0,8.158
19647,19852.0,7.797
19648,19853.0,6.199
19649,19854.0,6.792
19650,19855.0,7.757
19651,19856.0,6.671
19652,19857.0,7.073
19653,19858.0,6.32
19654,19859.0,5.957
19655,19860.0,5.998
19656,19861.0,6.279
19657,19862.0,6.44
19658,19863.0,8.266
19659,19864.0,9.309
19660,19865.0,9.775
19661,19866.0,8.547
19662,19867.0,6.199
19663,19868.0,6.712
19664,19869.0,8.306
19665,19870.0,7.113
19666,19871.0,6.32
19667,19873.0,6.36
19668,19874.0,6.038
19669,19875.0,5.837
19670,19876.0,6.32
19671,19877.0,6.239
19672,19878.0,9.389
19673,19879.0,8.788
19674,19880.0,9.149
19675,19881.0,9.389
19676,19882.0,6.199
19677,19883.0,7.234
19678,19884.0,6.792
19679,19885.0,7.797
19680,19886.0,6.631
19681,19887.0,6.642
19682,19888.0,6.038
19683,19889.0,5.837
19684,19890.0,6.4
19685,19891.0,6.279
19686,19892.0,8.908
19687,19893.0,8.158
19688,19894.0,8.788
19689,19895.0,9.068
19690,19896.0,6.4
19691,19897.0,7.757
19692,19898.0,6.752
19693,19899.0,8.426
19694,19900.0,6.993
19695,19901.0,6.803
19696,19902.0,5.998
19697,19903.0,5.796
19698,19904.0,6.199
19699,19905.0,6.32
19700,19906.0,8.078
19701,19907.0,6.883
19702,19908.0,7.877
19703,19909.0,8.346
19704,19910.0,6.642
19705,19911.0,7.154
19706,19912.0,7.314
19707,19913.0,6.993
19708,19914.0,7.676
19709,19915.0,7.154
19710,19916.0,6.038
19711,19917.0,5.635
19712,19918.0,6.239
19713,19919.0,6.521
19714,19920.0,6.722
19715,19921.0,7.274
19716,19922.0,7.515
19717,19923.0,7.355
19718,19924.0,6.993
19719,19925.0,6.078
19720,19926.0,8.386
19721,19927.0,7.073
19722,19928.0,7.998
19723,19929.0,7.877
19724,19930.0,6.159
19725,19931.0,5.716
19726,19932.0,6.239
19727,19933.0,6.279
19728,19934.0,6.239
19729,19935.0,7.596
19730,19936.0,8.467
19731,19937.0,8.145
19732,19938.0,7.837
19733,19939.0,6.199
19734,19940.0,6.832
19735,19941.0,7.716
19736,19942.0,6.712
19737,19943.0,7.073
19738,19944.0,6.32
19739,19945.0,5.957
19740,19946.0,6.239
19741,19947.0,6.239
19742,19948.0,6.36
19743,19949.0,7.958
19744,19950.0,9.229
19745,19951.0,8.667
19746,19952.0,8.186
19747,19953.0,6.199
19748,19954.0,6.591
19749,19955.0,8.266
19750,19956.0,6.913
19751,19957.0,6.279
19752,19958.0,6.4
19753,19959.0,5.957
19754,19960.0,5.877
19755,19961.0,6.279
19756,19962.0,6.36
19757,19963.0,8.507
19758,19964.0,9.189
19759,19965.0,9.51
19760,19966.0,8.908
19761,19967.0,6.159
19762,19968.0,6.913
19763,19970.0,7.917
19764,19971.0,7.355
19765,19972.0,6.31
19766,19973.0,6.44
19767,19974.0,6.038
19768,19975.0,5.796
19769,19976.0,6.32
19770,19977.0,6.279
19771,19978.0,9.149
19772,19979.0,8.467
19773,19980.0,9.028
19774,19981.0,9.269
19775,19982.0,6.279
19776,19983.0,7.435
19777,19984.0,6.631
19778,19985.0,8.065
19779,19986.0,6.792
19780,19987.0,6.722
19781,19988.0,6.038
19782,19989.0,5.837
19783,19990.0,6.159
19784,19991.0,6.279
19785,19992.0,8.467
19786,19993.0,7.475
19787,19994.0,8.306
19788,19995.0,8.667
19789,19996.0,6.561
19790,19997.0,7.837
19791,19998.0,7.113
19792,19999.0,7.636
19793,20000.0,7.355
19794,20001.0,6.953
19795,20002.0,5.998
19796,20003.0,5.756
19797,20004.0,6.159
19798,20005.0,6.279
19799,20006.0,7.556
19800,20007.0,6.872
19801,20008.0,7.314
19802,20009.0,7.877
19803,20010.0,6.832
19804,20011.0,6.279
19805,20012.0,7.757
19806,20013.0,6.671
19807,20014.0,8.226
19808,20015.0,7.355
19809,20016.0,6.159
19810,20017.0,5.635
19811,20018.0,6.279
19812,20019.0,6.118
19813,20020.0,6.32
19814,20021.0,7.274
19815,20022.0,7.797
19816,20023.0,7.435
19817,20024.0,7.194
19818,20025.0,6.078
19819,20026.0,8.145
19820,20027.0,7.154
19821,20028.0,7.636
19822,20029.0,8.078
19823,20030.0,6.199
19824,20031.0,5.796
19825,20032.0,6.159
19826,20033.0,6.239
19827,20034.0,6.32
19828,20035.0,7.998
19829,20036.0,9.229
19830,20037.0,8.667
19831,20038.0,8.145
19832,20039.0,6.199
19833,20040.0,6.591
19834,20041.0,8.306
19835,20042.0,6.913
19836,20043.0,6.32
19837,20044.0,6.36
19838,20045.0,5.957
19839,20046.0,5.837
19840,20047.0,6.239
19841,20048.0,6.239
19842,20049.0,9.349
19843,20050.0,8.747
19844,20051.0,9.269
19845,20052.0,9.43
19846,20053.0,6.199
19847,20054.0,7.154
19848,20055.0,6.993
19849,20056.0,7.676
19850,20057.0,6.591
19851,20058.0,6.601
19852,20059.0,6.078
19853,20060.0,5.796
19854,20061.0,6.118
19855,20062.0,6.279
19856,20063.0,8.788
19857,20064.0,7.877
19858,20065.0,8.587
19859,20067.0,8.908
19860,20068.0,6.521
19861,20069.0,8.038
19862,20070.0,6.953
19863,20071.0,8.105
19864,20072.0,7.234
19865,20073.0,6.872
19866,20074.0,6.038
19867,20075.0,5.756
19868,20076.0,6.159
19869,20077.0,6.32
19870,20078.0,7.877
19871,20079.0,6.792
19872,20080.0,7.596
19873,20081.0,8.105
19874,20082.0,6.712
19875,20083.0,6.752
19876,20084.0,7.515
19877,20085.0,6.631
19878,20086.0,7.917
19879,20087.0,7.234
19880,20088.0,6.078
19881,20089.0,5.635
19882,20090.0,6.199
19883,20091.0,6.118
19884,20092.0,6.32
19885,20093.0,7.274
19886,20094.0,7.757
19887,20095.0,7.435
19888,20096.0,7.113
19889,20097.0,6.078
19890,20098.0,8.145
19891,20099.0,7.154
19892,20100.0,7.676
19893,20101.0,8.078
19894,20102.0,6.199
19895,20103.0,5.796
19896,20104.0,6.239
19897,20105.0,6.279
19898,20106.0,6.239
19899,20107.0,7.757
19900,20108.0,8.627
19901,20109.0,8.186
19902,20110.0,7.958
19903,20111.0,6.199
19904,20112.0,6.511
19905,20113.0,7.917
19906,20114.0,6.712
19907,20115.0,6.832
19908,20116.0,6.32
19909,20117.0,5.998
19910,20118.0,5.837
19911,20119.0,6.32
19912,20120.0,6.44
19913,20121.0,8.507
19914,20122.0,9.189
19915,20123.0,9.51
19916,20124.0,8.828
19917,20125.0,6.199
19918,20126.0,6.832
19919,20127.0,7.998
19920,20128.0,7.274
19921,20129.0,6.35
19922,20130.0,6.4
19923,20131.0,6.038
19924,20132.0,5.837
19925,20133.0,6.279
19926,20134.0,6.279
19927,20135.0,9.229
19928,20136.0,8.627
19929,20137.0,9.109
19930,20138.0,9.349
19931,20139.0,6.239
19932,20140.0,7.314
19933,20141.0,6.591
19934,20142.0,7.917
19935,20143.0,6.671
19936,20144.0,6.682
19937,20145.0,6.038
19938,20146.0,5.837
19939,20147.0,6.118
19940,20148.0,6.32
19941,20149.0,8.547
19942,20150.0,7.596
19943,20151.0,8.346
19944,20152.0,8.747
19945,20153.0,6.521
19946,20154.0,7.958
19947,20155.0,7.073
19948,20156.0,7.797
19949,20157.0,7.355
19950,20158.0,6.953
19951,20159.0,5.998
19952,20160.0,5.796
19953,20161.0,6.199
19954,20163.0,6.4
19955,20164.0,7.314
19956,20165.0,7.033
19957,20166.0,7.314
19958,20167.0,7.676
19959,20168.0,6.792
19960,20169.0,6.038
19961,20170.0,7.958
19962,20171.0,6.792
19963,20172.0,8.426
19964,20173.0,7.556
19965,20174.0,6.078
19966,20175.0,5.756
19967,20176.0,6.199
19968,20177.0,6.239
19969,20178.0,6.118
19970,20179.0,7.475
19971,20180.0,8.038
19972,20181.0,7.917
19973,20182.0,7.475
19974,20183.0,6.199
19975,20184.0,7.475
19976,20185.0,7.395
19977,20186.0,6.872
19978,20187.0,7.716
19979,20188.0,6.279
19980,20189.0,5.837
19981,20190.0,5.837
19982,20191.0,6.239
19983,20192.0,6.521
19984,20193.0,8.426
19985,20194.0,9.189
19986,20195.0,9.389
19987,20196.0,8.747
19988,20197.0,6.159
19989,20198.0,6.832
19990,20199.0,7.985
19991,20200.0,7.234
19992,20201.0,6.31
19993,20202.0,6.4
19994,20203.0,6.038
19995,20204.0,5.796
19996,20205.0,6.44
19997,20206.0,6.279
19998,20207.0,8.908
19999,20208.0,8.158
20000,20209.0,8.747
20001,20210.0,9.068
20002,20211.0,6.44
20003,20212.0,7.797
20004,20213.0,6.752
20005,20214.0,8.386
20006,20215.0,6.993
20007,20216.0,6.843
20008,20217.0,5.998
20009,20218.0,5.796
20010,20219.0,6.159
20011,20220.0,6.32
20012,20221.0,7.596
20013,20222.0,6.872
20014,20223.0,7.314
20015,20224.0,7.958
20016,20225.0,6.752
20017,20226.0,6.36
20018,20227.0,7.716
20019,20228.0,6.712
20020,20229.0,8.145
20021,20230.0,7.435
20022,20231.0,6.118
20023,20232.0,5.716
20024,20233.0,6.239
20025,20234.0,6.159
20026,20235.0,6.078
20027,20236.0,7.274
20028,20237.0,7.998
20029,20238.0,7.636
20030,20239.0,7.274
20031,20240.0,6.118
20032,20241.0,7.837
20033,20242.0,7.314
20034,20243.0,7.314
20035,20244.0,8.038
20036,20245.0,6.279
20037,20246.0,5.796
20038,20247.0,6.239
20039,20248.0,6.239
20040,20249.0,6.32
20041,20250.0,7.877
20042,20251.0,9.028
20043,20252.0,8.507
20044,20253.0,8.226
20045,20254.0,6.159
20046,20255.0,6.591
20047,20256.0,8.145
20048,20257.0,6.832
20049,20258.0,6.32
20050,20260.0,6.36
20051,20261.0,5.957
20052,20262.0,5.877
20053,20263.0,6.279
20054,20264.0,6.159
20055,20265.0,8.908
20056,20266.0,8.988
20057,20267.0,9.389
20058,20268.0,9.309
20059,20269.0,6.159
20060,20270.0,7.073
20061,20271.0,7.515
20062,20272.0,7.435
20063,20273.0,6.43
20064,20274.0,6.521
20065,20275.0,6.038
20066,20276.0,5.877
20067,20277.0,6.36
20068,20278.0,6.32
20069,20279.0,9.028
20070,20280.0,8.386
20071,20281.0,8.908
20072,20282.0,9.229
20073,20283.0,6.36
20074,20284.0,7.596
20075,20285.0,6.712
20076,20286.0,8.266
20077,20287.0,6.872
20078,20288.0,6.763
20079,20289.0,5.998
20080,20290.0,5.796
20081,20291.0,6.159
20082,20292.0,6.279
20083,20293.0,8.386
20084,20294.0,7.355
20085,20295.0,8.186
20086,20296.0,8.627
20087,20297.0,6.561
20088,20298.0,7.716
20089,20299.0,7.194
20090,20300.0,7.515
20091,20301.0,7.395
20092,20302.0,6.993
20093,20303.0,5.998
20094,20304.0,5.756
20095,20305.0,6.159
20096,20306.0,6.279
20097,20307.0,7.556
20098,20308.0,6.872
20099,20309.0,7.314
20100,20310.0,7.877
20101,20311.0,6.792
20102,20312.0,6.279
20103,20313.0,7.757
20104,20314.0,6.671
20105,20315.0,8.226
20106,20316.0,7.395
20107,20317.0,6.159
20108,20318.0,5.676
20109,20319.0,6.279
20110,20320.0,6.118
20111,20321.0,6.239
20112,20322.0,7.234
20113,20323.0,7.837
20114,20324.0,7.475
20115,20325.0,7.194
20116,20326.0,6.078
20117,20327.0,8.118
20118,20328.0,7.194
20119,20329.0,7.596
20120,20330.0,8.118
20121,20331.0,6.279
20122,20332.0,5.796
20123,20333.0,6.239
20124,20334.0,6.239
20125,20335.0,6.199
20126,20336.0,7.676
20127,20337.0,8.507
20128,20338.0,8.118
20129,20339.0,7.877
20130,20340.0,6.159
20131,20341.0,6.712
20132,20342.0,7.797
20133,20343.0,6.671
20134,20344.0,6.993
20135,20345.0,6.279
20136,20346.0,5.957
20137,20347.0,5.837
20138,20348.0,6.239
20139,20349.0,6.481
20140,20350.0,8.346
20141,20351.0,9.229
20142,20352.0,9.51
20143,20353.0,8.788
20144,20354.0,6.159
20145,20355.0,6.792
20146,20357.0,8.078
20147,20358.0,7.194
20148,20359.0,6.31
20149,20360.0,6.4
20150,20361.0,6.038
20151,20362.0,5.837
20152,20363.0,6.279
20153,20364.0,6.239
20154,20365.0,9.269
20155,20366.0,8.627
20156,20367.0,9.189
20157,20368.0,9.349
20158,20369.0,6.239
20159,20370.0,7.274
20160,20371.0,6.671
20161,20372.0,7.877
20162,20373.0,6.712
20163,20374.0,6.682
20164,20375.0,6.078
20165,20376.0,5.796
20166,20377.0,6.118
20167,20378.0,6.279
20168,20379.0,8.747
20169,20380.0,7.837
20170,20381.0,8.587
20171,20382.0,8.868
20172,20383.0,6.561
20173,20384.0,8.078
20174,20385.0,6.913
20175,20386.0,8.065
20176,20387.0,7.194
20177,20388.0,6.872
20178,20389.0,5.957
20179,20390.0,5.756
20180,20391.0,6.078
20181,20392.0,6.32
20182,20393.0,7.877
20183,20394.0,6.792
20184,20395.0,7.636
20185,20396.0,8.145
20186,20397.0,6.712
20187,20398.0,6.832
20188,20399.0,7.475
20189,20400.0,6.631
20190,20401.0,7.917
20191,20402.0,7.194
20192,20403.0,6.078
20193,20404.0,5.595
20194,20405.0,6.199
20195,20406.0,6.481
20196,20407.0,6.561
20197,20408.0,7.314
20198,20409.0,7.596
20199,20410.0,7.355
20200,20411.0,6.993
20201,20412.0,6.038
20202,20413.0,8.306
20203,20414.0,7.033
20204,20415.0,7.877
20205,20416.0,7.958
20206,20417.0,6.199
20207,20418.0,5.756
20208,20419.0,6.239
20209,20420.0,6.279
20210,20421.0,6.199
20211,20422.0,7.556
20212,20423.0,8.226
20213,20424.0,8.065
20214,20425.0,7.636
20215,20426.0,6.279
20216,20427.0,7.113
20217,20428.0,7.596
20218,20429.0,6.631
20219,20430.0,7.435
20220,20431.0,6.32
20221,20432.0,5.957
20222,20433.0,6.239
20223,20434.0,6.32
20224,20435.0,6.32
20225,20436.0,7.958
20226,20437.0,9.109
20227,20438.0,8.627
20228,20439.0,8.145
20229,20440.0,6.159
20230,20441.0,6.591
20231,20442.0,8.226
20232,20443.0,6.872
20233,20444.0,6.279
20234,20445.0,6.36
20235,20446.0,5.957
20236,20447.0,5.877
20237,20448.0,6.279
20238,20449.0,6.521
20239,20450.0,8.467
20240,20451.0,9.189
20241,20452.0,9.43
20242,20454.0,8.788
20243,20455.0,6.159
20244,20456.0,6.832
20245,20457.0,7.998
20246,20458.0,7.274
20247,20459.0,6.31
20248,20460.0,6.44
20249,20461.0,6.038
20250,20462.0,5.877
20251,20463.0,6.32
20252,20464.0,6.32
20253,20465.0,9.189
20254,20466.0,8.547
20255,20467.0,9.028
20256,20468.0,9.309
20257,20469.0,6.279
20258,20470.0,7.435
20259,20471.0,6.631
20260,20472.0,8.078
20261,20473.0,6.752
20262,20474.0,6.763
20263,20475.0,6.038
20264,20476.0,5.837
20265,20477.0,6.118
20266,20478.0,6.32
20267,20479.0,8.426
20268,20480.0,7.475
20269,20481.0,8.266
20270,20482.0,8.707
20271,20483.0,6.561
20272,20484.0,7.837
20273,20485.0,7.154
20274,20486.0,7.636
20275,20487.0,7.355
20276,20488.0,6.993
20277,20489.0,5.998
20278,20490.0,5.796
20279,20491.0,6.159
20280,20492.0,6.279
20281,20493.0,7.515
20282,20494.0,6.872
20283,20495.0,7.274
20284,20496.0,7.837
20285,20497.0,6.792
20286,20498.0,6.199
20287,20499.0,7.837
20288,20500.0,6.671
20289,20501.0,8.226
20290,20502.0,7.395
20291,20503.0,6.118
20292,20504.0,5.635
20293,20505.0,6.279
20294,20506.0,6.118
20295,20507.0,6.199
20296,20508.0,7.234
20297,20509.0,7.877
20298,20510.0,7.556
20299,20511.0,7.234
20300,20512.0,6.078
20301,20513.0,8.038
20302,20514.0,7.234
20303,20515.0,7.515
20304,20516.0,8.158
20305,20517.0,6.279
20306,20518.0,5.796
20307,20519.0,6.239
20308,20520.0,6.239
20309,20521.0,6.279
20310,20522.0,7.757
20311,20523.0,8.747
20312,20524.0,8.279
20313,20525.0,8.078
20314,20526.0,6.199
20315,20527.0,6.591
20316,20528.0,7.958
20317,20529.0,6.752
20318,20530.0,6.712
20319,20531.0,6.36
20320,20532.0,5.917
20321,20533.0,5.917
20322,20534.0,6.279
20323,20535.0,6.199
20324,20536.0,8.627
20325,20537.0,9.068
20326,20538.0,9.47
20327,20539.0,8.988
20328,20540.0,6.159
20329,20541.0,6.913
20330,20542.0,7.797
20331,20543.0,7.355
20332,20544.0,6.35
20333,20545.0,6.4
20334,20546.0,6.078
20335,20547.0,5.837
20336,20548.0,6.36
20337,20549.0,6.239
20338,20551.0,9.109
20339,20552.0,8.386
20340,20553.0,8.988
20341,20554.0,9.269
20342,20555.0,6.36
20343,20556.0,7.475
20344,20557.0,6.671
20345,20558.0,8.145
20346,20559.0,6.832
20347,20560.0,6.763
20348,20561.0,6.038
20349,20562.0,5.796
20350,20563.0,6.159
20351,20564.0,6.279
20352,20565.0,8.426
20353,20566.0,7.314
20354,20567.0,8.239
20355,20568.0,8.587
20356,20569.0,6.601
20357,20570.0,7.716
20358,20571.0,7.234
20359,20572.0,7.515
20360,20573.0,7.435
20361,20574.0,6.993
20362,20575.0,6.038
20363,20576.0,5.716
20364,20577.0,6.239
20365,20578.0,6.36
20366,20579.0,7.355
20367,20580.0,6.993
20368,20581.0,7.314
20369,20582.0,7.676
20370,20583.0,6.872
20371,20584.0,6.038
20372,20585.0,7.998
20373,20586.0,6.712
20374,20587.0,8.426
20375,20588.0,7.515
20376,20589.0,6.078
20377,20590.0,5.676
20378,20591.0,6.239
20379,20592.0,6.159
20380,20593.0,6.078
20381,20594.0,7.355
20382,20595.0,8.065
20383,20596.0,7.716
20384,20597.0,7.355
20385,20598.0,6.159
20386,20599.0,7.676
20387,20600.0,7.395
20388,20601.0,7.154
20389,20602.0,7.958
20390,20603.0,6.279
20391,20604.0,5.837
20392,20605.0,6.239
20393,20606.0,6.239
20394,20607.0,6.279
20395,20608.0,7.877
20396,20609.0,8.988
20397,20610.0,8.507
20398,20611.0,8.186
20399,20612.0,6.199
20400,20613.0,6.591
20401,20614.0,8.145
20402,20615.0,6.792
20403,20616.0,6.36
20404,20617.0,6.32
20405,20618.0,5.957
20406,20619.0,5.877
20407,20620.0,6.32
20408,20621.0,6.159
20409,20622.0,8.788
20410,20623.0,9.068
20411,20624.0,9.47
20412,20625.0,9.109
20413,20626.0,6.199
20414,20627.0,6.953
20415,20628.0,7.757
20416,20629.0,7.395
20417,20630.0,6.44
20418,20631.0,6.44
20419,20632.0,6.118
20420,20633.0,5.796
20421,20634.0,6.481
20422,20635.0,6.239
20423,20636.0,8.988
20424,20637.0,8.158
20425,20638.0,8.747
20426,20639.0,9.109
20427,20640.0,6.44
20428,20641.0,7.757
20429,20642.0,6.752
20430,20643.0,8.426
20431,20644.0,6.993
20432,20645.0,6.803
20433,20647.0,5.998
20434,20648.0,5.756
20435,20649.0,6.159
20436,20650.0,6.32
20437,20651.0,7.475
20438,20652.0,6.913
20439,20653.0,7.234
20440,20654.0,7.837
20441,20655.0,6.752
20442,20656.0,6.159
20443,20657.0,7.797
20444,20658.0,6.712
20445,20659.0,8.226
20446,20660.0,7.435
20447,20661.0,6.078
20448,20662.0,5.676
20449,20663.0,6.239
20450,20664.0,6.159
20451,20665.0,6.078
20452,20666.0,7.314
20453,20667.0,7.958
20454,20668.0,7.636
20455,20669.0,7.274
20456,20670.0,6.159
20457,20671.0,7.877
20458,20672.0,7.314
20459,20673.0,7.355
20460,20674.0,8.118
20461,20675.0,6.239
20462,20676.0,5.877
20463,20677.0,6.239
20464,20678.0,6.32
20465,20679.0,6.239
20466,20680.0,7.837
20467,20681.0,8.747
20468,20682.0,8.346
20469,20683.0,8.025
20470,20684.0,6.279
20471,20685.0,6.561
20472,20686.0,7.998
20473,20687.0,6.712
20474,20688.0,6.631
20475,20689.0,6.32
20476,20690.0,5.917
20477,20691.0,5.837
20478,20692.0,6.279
20479,20693.0,6.118
20480,20694.0,8.707
20481,20695.0,9.068
20482,20696.0,9.43
20483,20697.0,9.109
20484,20698.0,6.159
20485,20699.0,6.953
20486,20700.0,7.716
20487,20701.0,7.435
20488,20702.0,6.39
20489,20703.0,6.44
20490,20704.0,6.038
20491,20705.0,5.796
20492,20706.0,6.199
20493,20707.0,6.279
20494,20708.0,8.828
20495,20709.0,7.998
20496,20710.0,8.627
20497,20711.0,8.988
20498,20712.0,6.481
20499,20713.0,7.958
20500,20714.0,6.832
20501,20715.0,8.239
20502,20716.0,7.113
20503,20717.0,6.883
20504,20718.0,5.998
20505,20719.0,5.796
20506,20720.0,6.118
20507,20721.0,6.32
20508,20722.0,7.917
20509,20723.0,6.803
20510,20724.0,7.676
20511,20725.0,8.239
20512,20726.0,6.671
20513,20727.0,6.913
20514,20728.0,7.435
20515,20729.0,6.712
20516,20730.0,7.877
20517,20731.0,7.234
20518,20732.0,6.038
20519,20733.0,5.676
20520,20734.0,6.239
20521,20735.0,6.239
20522,20736.0,6.36
20523,20737.0,7.355
20524,20738.0,7.716
20525,20739.0,7.435
20526,20740.0,7.113
20527,20741.0,6.038
20528,20742.0,8.199
20529,20744.0,7.113
20530,20745.0,7.716
20531,20746.0,8.038
20532,20747.0,6.199
20533,20748.0,5.756
20534,20749.0,5.957
20535,20750.0,6.239
20536,20751.0,6.44
20537,20752.0,8.239
20538,20753.0,9.269
20539,20754.0,9.149
20540,20755.0,8.547
20541,20756.0,6.159
20542,20757.0,6.752
20543,20758.0,8.199
20544,20759.0,7.154
20545,20760.0,6.279
20546,20761.0,6.4
20547,20762.0,5.998
20548,20763.0,5.877
20549,20764.0,6.239
20550,20765.0,6.239
20551,20766.0,9.349
20552,20767.0,8.747
20553,20768.0,9.189
20554,20769.0,9.47
20555,20770.0,6.199
20556,20771.0,7.194
20557,20772.0,6.913
20558,20773.0,7.757
20559,20774.0,6.591
20560,20775.0,6.642
20561,20776.0,6.038
20562,20777.0,5.877
20563,20778.0,6.078
20564,20779.0,6.32
20565,20780.0,8.707
20566,20781.0,7.917
20567,20782.0,8.587
20568,20783.0,8.948
20569,20784.0,6.481
20570,20785.0,8.078
20571,20786.0,6.872
20572,20787.0,8.158
20573,20788.0,7.154
20574,20789.0,6.883
20575,20790.0,5.998
20576,20791.0,5.837
20577,20792.0,6.199
20578,20793.0,6.279
20579,20794.0,8.199
20580,20795.0,7.073
20581,20796.0,7.998
20582,20797.0,8.426
20583,20798.0,6.601
20584,20799.0,7.355
20585,20800.0,7.355
20586,20801.0,7.154
20587,20802.0,7.596
20588,20803.0,7.073
20589,20804.0,5.998
20590,20805.0,5.756
20591,20806.0,6.199
20592,20807.0,6.36
20593,20808.0,7.274
20594,20809.0,6.993
20595,20810.0,7.314
20596,20811.0,7.596
20597,20812.0,6.792
20598,20813.0,6.038
20599,20814.0,7.998
20600,20815.0,6.752
20601,20816.0,8.426
20602,20817.0,7.596
20603,20818.0,6.118
20604,20819.0,5.676
20605,20820.0,6.279
20606,20821.0,6.159
20607,20822.0,6.118
20608,20823.0,7.314
20609,20824.0,8.038
20610,20825.0,7.636
20611,20826.0,7.355
20612,20827.0,6.159
20613,20828.0,7.837
20614,20829.0,7.314
20615,20830.0,7.314
20616,20831.0,8.038
20617,20832.0,6.32
20618,20833.0,5.837
20619,20834.0,6.279
20620,20835.0,6.239
20621,20836.0,6.32
20622,20837.0,7.797
20623,20838.0,8.908
20624,20839.0,8.386
20625,20841.0,8.118
20626,20842.0,6.159
20627,20843.0,6.551
20628,20844.0,8.025
20629,20845.0,6.752
20630,20846.0,6.511
20631,20847.0,6.32
20632,20848.0,5.957
20633,20849.0,5.837
20634,20850.0,6.279
20635,20851.0,6.199
20636,20852.0,8.627
20637,20853.0,9.109
20638,20854.0,9.51
20639,20855.0,8.948
20640,20856.0,6.159
20641,20857.0,6.913
20642,20858.0,7.837
20643,20859.0,7.355
20644,20860.0,6.36
20645,20861.0,6.4
20646,20862.0,6.078
20647,20863.0,5.837
20648,20864.0,6.32
20649,20865.0,6.279
20650,20866.0,9.229
20651,20867.0,8.547
20652,20868.0,9.068
20653,20869.0,9.309
20654,20870.0,6.279
20655,20871.0,7.355
20656,20872.0,6.631
20657,20873.0,7.958
20658,20874.0,6.752
20659,20875.0,6.682
20660,20876.0,6.038
20661,20877.0,5.796
20662,20878.0,6.159
20663,20879.0,6.279
20664,20880.0,8.4
20665,20881.0,7.274
20666,20882.0,8.118
20667,20883.0,8.426
20668,20884.0,6.682
20669,20885.0,7.355
20670,20886.0,7.395
20671,20887.0,6.953
20672,20888.0,7.797
20673,20889.0,7.154
20674,20890.0,6.118
20675,20891.0,5.595
20676,20892.0,6.159
20677,20893.0,6.239
20678,20894.0,6.44
20679,20895.0,8.226
20680,20896.0,9.149
20681,20897.0,9.349
20682,20898.0,8.747
20683,20899.0,6.159
20684,20900.0,6.872
20685,20901.0,7.797
20686,20902.0,7.355
20687,20903.0,6.39
20688,20904.0,6.44
20689,20905.0,6.038
20690,20906.0,5.796
20691,20907.0,6.078
20692,20908.0,6.279
20693,20909.0,8.627
20694,20910.0,7.636
20695,20911.0,8.346
20696,20912.0,8.707
20697,20913.0,6.561
20698,20914.0,7.757
20699,20915.0,7.194
20700,20916.0,7.435
20701,20917.0,7.475
20702,20918.0,7.033
20703,20919.0,6.038
20704,20920.0,5.635
20705,20921.0,6.239
20706,20922.0,6.159
20707,20923.0,6.118
20708,20924.0,7.314
20709,20925.0,8.105
20710,20926.0,7.757
20711,20927.0,7.475
20712,20928.0,6.199
20713,20929.0,7.596
20714,20930.0,7.355
20715,20931.0,7.033
20716,20932.0,7.797
20717,20933.0,6.32
20718,20934.0,5.877
20719,20935.0,6.279
20720,20936.0,6.279
20721,20938.0,6.239
20722,20939.0,7.636
20723,20940.0,8.467
20724,20941.0,8.346
20725,20942.0,7.837
20726,20943.0,6.199
20727,20944.0,6.953
20728,20945.0,7.676
20729,20946.0,6.671
20730,20947.0,7.194
20731,20948.0,6.279
20732,20949.0,5.957
20733,20950.0,5.837
20734,20951.0,6.279
20735,20952.0,6.239
20736,20953.0,8.587
20737,20954.0,9.109
20738,20955.0,9.47
20739,20956.0,8.908
20740,20957.0,6.159
20741,20958.0,6.872
20742,20959.0,7.877
20743,20960.0,7.314
20744,20961.0,6.36
20745,20962.0,6.4
20746,20963.0,6.038
20747,20964.0,5.837
20748,20965.0,6.4
20749,20966.0,6.239
20750,20967.0,9.028
20751,20968.0,8.319
20752,20969.0,8.868
20753,20970.0,9.189
20754,20971.0,6.4
20755,20972.0,7.596
20756,20973.0,6.712
20757,20974.0,8.306
20758,20975.0,6.913
20759,20976.0,6.763
20760,20977.0,6.038
20761,20978.0,5.796
20762,20979.0,6.199
20763,20980.0,6.279
20764,20981.0,8.4
20765,20982.0,7.314
20766,20983.0,8.239
20767,20984.0,8.587
20768,20985.0,6.601
20769,20986.0,7.676
20770,20987.0,7.234
20771,20988.0,7.475
20772,20989.0,7.475
20773,20990.0,6.993
20774,20991.0,6.038
20775,20992.0,5.796
20776,20993.0,6.199
20777,20994.0,6.279
20778,20995.0,7.636
20779,20996.0,6.872
20780,20997.0,7.355
20781,20998.0,7.917
20782,20999.0,6.712
20783,21000.0,6.4
20784,21001.0,7.676
20785,21002.0,6.671
20786,21003.0,8.118
20787,21004.0,7.355
20788,21005.0,6.159
20789,21006.0,5.716
20790,21007.0,6.239
20791,21008.0,6.481
20792,21009.0,6.682
20793,21010.0,7.234
20794,21011.0,7.556
20795,21012.0,7.355
20796,21013.0,6.953
20797,21014.0,6.038
20798,21015.0,8.346
20799,21016.0,6.993
20800,21017.0,7.998
20801,21018.0,7.917
20802,21019.0,6.159
20803,21020.0,5.796
20804,21021.0,6.239
20805,21022.0,6.279
20806,21023.0,6.32
20807,21024.0,7.958
20808,21025.0,9.109
20809,21026.0,8.627
20810,21027.0,8.105
20811,21028.0,6.199
20812,21029.0,6.591
20813,21030.0,8.306
20814,21031.0,6.872
20815,21032.0,6.32
20816,21034.0,6.32
20817,21035.0,5.998
20818,21036.0,5.837
20819,21037.0,6.279
20820,21038.0,6.239
20821,21039.0,9.389
20822,21040.0,8.747
20823,21041.0,9.269
20824,21042.0,9.43
20825,21043.0,6.279
20826,21044.0,7.154
20827,21045.0,6.993
20828,21046.0,7.716
20829,21047.0,6.591
20830,21048.0,6.601
20831,21049.0,6.038
20832,21050.0,5.837
20833,21051.0,6.44
20834,21052.0,6.279
20835,21053.0,8.908
20836,21054.0,8.078
20837,21055.0,8.747
20838,21056.0,9.028
20839,21057.0,6.44
20840,21058.0,7.837
20841,21059.0,6.792
20842,21060.0,8.386
20843,21061.0,7.033
20844,21062.0,6.843
20845,21063.0,5.998
20846,21064.0,5.796
20847,21065.0,6.199
20848,21066.0,6.32
20849,21067.0,8.239
20850,21068.0,7.113
20851,21069.0,8.038
20852,21070.0,8.467
20853,21071.0,6.601
20854,21072.0,7.435
20855,21073.0,7.314
20856,21074.0,7.234
20857,21075.0,7.515
20858,21076.0,7.073
20859,21077.0,5.998
20860,21078.0,5.635
20861,21079.0,6.239
20862,21080.0,6.521
20863,21081.0,6.722
20864,21082.0,7.234
20865,21083.0,7.596
20866,21084.0,7.355
20867,21085.0,6.953
20868,21086.0,6.038
20869,21087.0,8.386
20870,21088.0,7.033
20871,21089.0,7.998
20872,21090.0,7.958
20873,21091.0,6.159
20874,21092.0,5.796
20875,21093.0,6.239
20876,21094.0,6.32
20877,21095.0,6.159
20878,21096.0,7.596
20879,21097.0,8.266
20880,21098.0,8.105
20881,21099.0,7.676
20882,21100.0,6.279
20883,21101.0,7.033
20884,21102.0,7.596
20885,21103.0,6.631
20886,21104.0,7.314
20887,21105.0,6.279
20888,21106.0,5.917
20889,21107.0,5.877
20890,21108.0,6.279
20891,21109.0,6.481
20892,21110.0,8.346
20893,21111.0,9.229
20894,21112.0,9.349
20895,21113.0,8.707
20896,21114.0,6.159
20897,21115.0,6.832
20898,21116.0,8.118
20899,21117.0,7.194
20900,21118.0,6.279
20901,21119.0,6.4
20902,21120.0,6.038
20903,21121.0,5.837
20904,21122.0,6.4
20905,21123.0,6.279
20906,21124.0,8.988
20907,21125.0,8.319
20908,21126.0,8.868
20909,21127.0,9.189
20910,21128.0,6.4
20911,21129.0,7.676
20912,21131.0,6.712
20913,21132.0,8.386
20914,21133.0,6.913
20915,21134.0,6.803
20916,21135.0,5.998
20917,21136.0,5.837
20918,21137.0,6.199
20919,21138.0,6.32
20920,21139.0,8.158
20921,21140.0,6.993
20922,21141.0,7.917
20923,21142.0,8.467
20924,21143.0,6.631
20925,21144.0,7.314
20926,21145.0,7.395
20927,21146.0,7.113
20928,21147.0,7.636
20929,21148.0,7.154
20930,21149.0,6.038
20931,21150.0,5.635
20932,21151.0,6.239
20933,21152.0,6.481
20934,21153.0,6.722
20935,21154.0,7.234
20936,21155.0,7.556
20937,21156.0,7.314
20938,21157.0,6.953
20939,21158.0,5.998
20940,21159.0,8.386
20941,21160.0,6.953
20942,21161.0,7.998
20943,21162.0,7.837
20944,21163.0,6.159
20945,21164.0,5.756
20946,21165.0,6.239
20947,21166.0,6.239
20948,21167.0,6.159
20949,21168.0,7.475
20950,21169.0,8.186
20951,21170.0,7.998
20952,21171.0,7.596
20953,21172.0,6.239
20954,21173.0,7.234
20955,21174.0,7.515
20956,21175.0,6.631
20957,21176.0,7.475
20958,21177.0,6.32
20959,21178.0,5.877
20960,21179.0,6.078
20961,21180.0,6.279
20962,21181.0,6.481
20963,21182.0,8.186
20964,21183.0,9.349
20965,21184.0,9.109
20966,21185.0,8.507
20967,21186.0,6.159
20968,21187.0,6.752
20969,21188.0,8.266
20970,21189.0,7.113
20971,21190.0,6.279
20972,21191.0,6.44
20973,21192.0,5.998
20974,21193.0,5.877
20975,21194.0,6.279
20976,21195.0,6.32
20977,21196.0,9.269
20978,21197.0,8.667
20979,21198.0,9.109
20980,21199.0,9.389
20981,21200.0,6.239
20982,21201.0,7.314
20983,21202.0,6.631
20984,21203.0,7.877
20985,21204.0,6.671
20986,21205.0,6.682
20987,21206.0,6.038
20988,21207.0,5.837
20989,21208.0,6.118
20990,21209.0,6.279
20991,21210.0,8.667
20992,21211.0,7.716
20993,21212.0,8.467
20994,21213.0,8.828
20995,21214.0,6.521
20996,21215.0,8.078
20997,21216.0,6.993
20998,21217.0,7.958
20999,21218.0,7.274
21000,21219.0,6.913
21001,21220.0,5.998
21002,21221.0,5.796
21003,21222.0,6.118
21004,21223.0,6.279
21005,21224.0,7.797
21006,21225.0,6.792
21007,21226.0,7.596
21008,21228.0,8.078
21009,21229.0,6.712
21010,21230.0,6.682
21011,21231.0,7.556
21012,21232.0,6.631
21013,21233.0,7.998
21014,21234.0,7.234
21015,21235.0,6.118
21016,21236.0,5.635
21017,21237.0,6.239
21018,21238.0,6.32
21019,21239.0,6.521
21020,21240.0,7.314
21021,21241.0,7.676
21022,21242.0,7.355
21023,21243.0,7.073
21024,21244.0,6.038
21025,21245.0,8.346
21026,21246.0,7.073
21027,21247.0,7.877
21028,21248.0,7.998
21029,21249.0,6.239
21030,21250.0,5.756
21031,21251.0,6.279
21032,21252.0,6.239
21033,21253.0,6.32
21034,21254.0,7.757
21035,21255.0,8.707
21036,21256.0,8.266
21037,21257.0,7.985
21038,21258.0,6.199
21039,21259.0,6.511
21040,21260.0,7.945
21041,21261.0,6.712
21042,21262.0,6.712
21043,21263.0,6.32
21044,21264.0,5.917
21045,21265.0,5.877
21046,21266.0,6.279
21047,21267.0,6.199
21048,21268.0,8.627
21049,21269.0,9.109
21050,21270.0,9.51
21051,21271.0,8.988
21052,21272.0,6.159
21053,21273.0,6.913
21054,21274.0,7.837
21055,21275.0,7.355
21056,21276.0,6.35
21057,21277.0,6.4
21058,21278.0,6.078
21059,21279.0,5.837
21060,21280.0,6.36
21061,21281.0,6.239
21062,21282.0,9.149
21063,21283.0,8.426
21064,21284.0,9.028
21065,21285.0,9.269
21066,21286.0,6.36
21067,21287.0,7.475
21068,21288.0,6.712
21069,21289.0,8.105
21070,21290.0,6.832
21071,21291.0,6.763
21072,21292.0,6.038
21073,21293.0,5.796
21074,21294.0,6.199
21075,21295.0,6.279
21076,21296.0,8.386
21077,21297.0,7.314
21078,21298.0,8.226
21079,21299.0,8.587
21080,21300.0,6.682
21081,21301.0,7.636
21082,21302.0,7.274
21083,21303.0,7.435
21084,21304.0,7.435
21085,21305.0,7.073
21086,21306.0,5.998
21087,21307.0,5.676
21088,21308.0,6.279
21089,21309.0,6.44
21090,21310.0,6.832
21091,21311.0,7.154
21092,21312.0,7.475
21093,21313.0,7.274
21094,21314.0,6.913
21095,21315.0,5.998
21096,21316.0,8.266
21097,21317.0,6.913
21098,21318.0,8.105
21099,21319.0,7.797
21100,21320.0,6.118
21101,21321.0,5.716
21102,21322.0,6.199
21103,21323.0,6.239
21104,21325.0,6.118
21105,21326.0,7.435
21106,21327.0,8.038
21107,21328.0,7.877
21108,21329.0,7.475
21109,21330.0,6.199
21110,21331.0,7.475
21111,21332.0,7.435
21112,21333.0,6.872
21113,21334.0,7.757
21114,21335.0,6.279
21115,21336.0,5.917
21116,21337.0,5.837
21117,21338.0,6.279
21118,21339.0,6.481
21119,21340.0,8.507
21120,21341.0,9.189
21121,21342.0,9.47
21122,21343.0,8.788
21123,21344.0,6.199
21124,21345.0,6.832
21125,21346.0,8.025
21126,21347.0,7.234
21127,21348.0,6.35
21128,21349.0,6.4
21129,21350.0,6.078
21130,21351.0,5.837
21131,21352.0,6.36
21132,21353.0,6.279
21133,21354.0,9.109
21134,21355.0,8.467
21135,21356.0,9.028
21136,21357.0,9.269
21137,21358.0,6.279
21138,21359.0,7.435
21139,21360.0,6.631
21140,21361.0,8.065
21141,21362.0,6.752
21142,21363.0,6.763
21143,21364.0,6.038
21144,21365.0,5.796
21145,21366.0,6.118
21146,21367.0,6.279
21147,21368.0,8.467
21148,21369.0,7.475
21149,21370.0,8.266
21150,21371.0,8.667
21151,21372.0,6.561
21152,21373.0,7.837
21153,21374.0,7.154
21154,21375.0,7.636
21155,21376.0,7.355
21156,21377.0,6.993
21157,21378.0,5.998
21158,21379.0,5.796
21159,21380.0,6.159
21160,21381.0,6.32
21161,21382.0,7.475
21162,21383.0,6.913
21163,21384.0,7.234
21164,21385.0,7.837
21165,21386.0,6.792
21166,21387.0,6.199
21167,21388.0,7.797
21168,21389.0,6.712
21169,21390.0,8.266
21170,21391.0,7.435
21171,21392.0,6.078
21172,21393.0,5.716
21173,21394.0,6.239
21174,21395.0,6.199
21175,21396.0,6.078
21176,21397.0,7.355
21177,21398.0,8.038
21178,21399.0,7.716
21179,21400.0,7.314
21180,21401.0,6.199
21181,21402.0,7.837
21182,21403.0,7.355
21183,21404.0,7.274
21184,21405.0,8.025
21185,21406.0,6.279
21186,21407.0,5.837
21187,21408.0,5.877
21188,21409.0,6.239
21189,21410.0,6.481
21190,21411.0,8.306
21191,21412.0,9.269
21192,21413.0,9.269
21193,21414.0,8.627
21194,21415.0,6.159
21195,21416.0,6.792
21196,21417.0,8.145
21197,21418.0,7.154
21198,21419.0,6.269
21199,21421.0,6.4
21200,21422.0,5.998
21201,21423.0,5.837
21202,21424.0,6.279
21203,21425.0,6.32
21204,21426.0,9.269
21205,21427.0,8.627
21206,21428.0,9.068
21207,21429.0,9.389
21208,21430.0,6.239
21209,21431.0,7.355
21210,21432.0,6.631
21211,21433.0,7.958
21212,21434.0,6.712
21213,21435.0,6.722
21214,21436.0,6.038
21215,21437.0,5.877
21216,21438.0,6.078
21217,21439.0,6.32
21218,21440.0,8.667
21219,21441.0,7.837
21220,21442.0,8.507
21221,21443.0,8.908
21222,21444.0,6.521
21223,21445.0,8.158
21224,21446.0,6.953
21225,21447.0,8.065
21226,21448.0,7.234
21227,21449.0,6.953
21228,21450.0,5.998
21229,21451.0,5.837
21230,21452.0,6.159
21231,21453.0,6.32
21232,21454.0,7.757
21233,21455.0,6.832
21234,21456.0,7.475
21235,21457.0,8.038
21236,21458.0,6.712
21237,21459.0,6.561
21238,21460.0,7.636
21239,21461.0,6.671
21240,21462.0,8.025
21241,21463.0,7.314
21242,21464.0,6.078
21243,21465.0,5.635
21244,21466.0,6.239
21245,21467.0,6.118
21246,21468.0,6.199
21247,21469.0,7.234
21248,21470.0,7.797
21249,21471.0,7.475
21250,21472.0,7.154
21251,21473.0,6.078
21252,21474.0,8.105
21253,21475.0,7.154
21254,21476.0,7.636
21255,21477.0,8.105
21256,21478.0,6.239
21257,21479.0,5.756
21258,21480.0,6.279
21259,21481.0,6.239
21260,21482.0,6.239
21261,21483.0,7.676
21262,21484.0,8.547
21263,21485.0,8.105
21264,21486.0,7.877
21265,21487.0,6.159
21266,21488.0,6.752
21267,21489.0,7.757
21268,21490.0,6.712
21269,21491.0,6.993
21270,21492.0,6.36
21271,21493.0,5.957
21272,21494.0,5.877
21273,21495.0,6.279
21274,21496.0,6.561
21275,21497.0,8.426
21276,21498.0,9.229
21277,21499.0,9.349
21278,21500.0,8.788
21279,21501.0,6.159
21280,21502.0,6.872
21281,21503.0,8.038
21282,21504.0,7.314
21283,21505.0,6.269
21284,21506.0,6.4
21285,21507.0,6.038
21286,21508.0,5.837
21287,21509.0,6.32
21288,21510.0,6.32
21289,21511.0,9.269
21290,21512.0,8.627
21291,21513.0,9.109
21292,21514.0,9.349
21293,21515.0,6.279
21294,21516.0,7.314
21295,21518.0,6.631
21296,21519.0,7.917
21297,21520.0,6.712
21298,21521.0,6.682
21299,21522.0,6.038
21300,21523.0,5.796
21301,21524.0,6.118
21302,21525.0,6.32
21303,21526.0,8.627
21304,21527.0,7.676
21305,21528.0,8.426
21306,21529.0,8.788
21307,21530.0,6.561
21308,21531.0,8.078
21309,21532.0,7.033
21310,21533.0,7.877
21311,21534.0,7.355
21312,21535.0,6.913
21313,21536.0,5.998
21314,21537.0,5.756
21315,21538.0,6.159
21316,21539.0,6.279
21317,21540.0,7.716
21318,21541.0,6.792
21319,21542.0,7.475
21320,21543.0,7.998
21321,21544.0,6.752
21322,21545.0,6.521
21323,21546.0,7.676
21324,21547.0,6.671
21325,21548.0,8.065
21326,21549.0,7.274
21327,21550.0,6.118
21328,21551.0,5.635
21329,21552.0,6.32
21330,21553.0,6.118
21331,21554.0,6.36
21332,21555.0,7.274
21333,21556.0,7.797
21334,21557.0,7.435
21335,21558.0,7.154
21336,21559.0,6.078
21337,21560.0,8.158
21338,21561.0,7.113
21339,21562.0,7.676
21340,21563.0,8.038
21341,21564.0,6.199
21342,21565.0,5.756
21343,21566.0,6.239
21344,21567.0,6.239
21345,21568.0,6.239
21346,21569.0,7.757
21347,21570.0,8.707
21348,21571.0,8.226
21349,21572.0,7.958
21350,21573.0,6.199
21351,21574.0,6.521
21352,21575.0,7.917
21353,21576.0,6.712
21354,21577.0,6.752
21355,21578.0,6.32
21356,21579.0,5.957
21357,21580.0,5.837
21358,21581.0,6.279
21359,21582.0,6.36
21360,21583.0,8.547
21361,21584.0,9.149
21362,21585.0,9.51
21363,21586.0,8.868
21364,21587.0,6.199
21365,21588.0,6.872
21366,21589.0,7.958
21367,21590.0,7.274
21368,21591.0,6.36
21369,21592.0,6.4
21370,21593.0,6.078
21371,21594.0,5.837
21372,21595.0,6.36
21373,21596.0,6.32
21374,21597.0,9.189
21375,21598.0,8.507
21376,21599.0,9.068
21377,21600.0,9.309
21378,21601.0,6.36
21379,21602.0,7.395
21380,21603.0,6.712
21381,21604.0,8.038
21382,21605.0,6.872
21383,21606.0,6.763
21384,21607.0,6.038
21385,21608.0,5.796
21386,21609.0,6.118
21387,21610.0,6.279
21388,21611.0,8.547
21389,21612.0,7.596
21390,21614.0,8.346
21391,21615.0,8.747
21392,21616.0,6.561
21393,21617.0,7.958
21394,21618.0,7.033
21395,21619.0,7.797
21396,21620.0,7.355
21397,21621.0,6.953
21398,21622.0,5.957
21399,21623.0,5.796
21400,21624.0,6.118
21401,21625.0,6.279
21402,21626.0,7.676
21403,21627.0,6.832
21404,21628.0,7.435
21405,21629.0,7.998
21406,21630.0,6.712
21407,21631.0,6.521
21408,21632.0,7.636
21409,21633.0,6.671
21410,21634.0,8.078
21411,21635.0,7.314
21412,21636.0,6.078
21413,21637.0,5.676
21414,21638.0,6.239
21415,21639.0,6.279
21416,21640.0,6.44
21417,21641.0,7.355
21418,21642.0,7.716
21419,21643.0,7.395
21420,21644.0,7.073
21421,21645.0,6.078
21422,21646.0,8.226
21423,21647.0,7.113
21424,21648.0,7.757
21425,21649.0,8.078
21426,21650.0,6.199
21427,21651.0,5.837
21428,21652.0,6.239
21429,21653.0,6.32
21430,21654.0,6.32
21431,21655.0,7.958
21432,21656.0,9.028
21433,21657.0,8.587
21434,21658.0,8.226
21435,21659.0,6.199
21436,21660.0,6.561
21437,21661.0,8.158
21438,21662.0,6.832
21439,21663.0,6.32
21440,21664.0,6.32
21441,21665.0,5.957
21442,21666.0,5.796
21443,21667.0,6.4
21444,21668.0,6.279
21445,21669.0,8.948
21446,21670.0,8.199
21447,21671.0,8.828
21448,21672.0,9.149
21449,21673.0,6.521
21450,21674.0,7.716
21451,21675.0,6.712
21452,21676.0,8.426
21453,21677.0,6.993
21454,21678.0,6.924
21455,21679.0,5.998
21456,21680.0,5.796
21457,21681.0,6.239
21458,21682.0,6.32
21459,21683.0,8.118
21460,21684.0,6.953
21461,21685.0,7.877
21462,21686.0,8.386
21463,21687.0,6.631
21464,21688.0,7.234
21465,21689.0,7.314
21466,21690.0,7.073
21467,21691.0,7.757
21468,21692.0,7.154
21469,21693.0,6.038
21470,21694.0,5.756
21471,21695.0,6.239
21472,21696.0,6.44
21473,21697.0,6.953
21474,21698.0,7.154
21475,21699.0,7.395
21476,21700.0,7.395
21477,21701.0,6.872
21478,21702.0,6.078
21479,21703.0,8.186
21480,21704.0,6.913
21481,21705.0,8.226
21482,21706.0,7.757
21483,21707.0,6.118
21484,21708.0,5.796
21485,21709.0,5.837
21486,21711.0,6.279
21487,21712.0,6.199
21488,21713.0,8.587
21489,21714.0,9.149
21490,21715.0,9.51
21491,21716.0,8.948
21492,21717.0,6.159
21493,21718.0,6.913
21494,21719.0,7.877
21495,21720.0,7.314
21496,21721.0,6.43
21497,21722.0,6.44
21498,21723.0,6.038
21499,21724.0,5.756
21500,21725.0,6.078
21501,21726.0,6.32
21502,21727.0,8.547
21503,21728.0,7.596
21504,21729.0,8.346
21505,21730.0,8.747
21506,21731.0,6.521
21507,21732.0,7.998
21508,21733.0,7.154
21509,21734.0,7.797
21510,21735.0,7.355
21511,21736.0,6.953
21512,21737.0,5.957
21513,21738.0,5.756
21514,21739.0,6.239
21515,21740.0,6.36
21516,21741.0,7.435
21517,21742.0,6.993
21518,21743.0,7.234
21519,21744.0,7.757
21520,21745.0,6.792
21521,21746.0,6.078
21522,21747.0,7.837
21523,21748.0,6.752
21524,21749.0,8.346
21525,21750.0,7.556
21526,21751.0,6.078
21527,21752.0,5.756
21528,21753.0,6.239
21529,21754.0,6.279
21530,21755.0,6.118
21531,21756.0,7.475
21532,21757.0,8.038
21533,21758.0,7.958
21534,21759.0,7.515
21535,21760.0,6.239
21536,21761.0,7.435
21537,21762.0,7.475
21538,21763.0,6.832
21539,21764.0,7.676
21540,21765.0,6.279
21541,21766.0,5.877
21542,21767.0,6.199
21543,21768.0,6.239
21544,21769.0,6.36
21545,21770.0,8.038
21546,21771.0,9.309
21547,21772.0,8.788
21548,21773.0,8.226
21549,21774.0,6.159
21550,21775.0,6.631
21551,21776.0,8.386
21552,21777.0,6.953
21553,21778.0,6.279
21554,21779.0,6.36
21555,21780.0,5.998
21556,21781.0,5.877
21557,21782.0,6.239
21558,21783.0,6.239
21559,21784.0,9.349
21560,21785.0,8.788
21561,21786.0,9.229
21562,21787.0,9.47
21563,21788.0,6.199
21564,21789.0,7.194
21565,21790.0,6.993
21566,21791.0,7.716
21567,21792.0,6.551
21568,21793.0,6.642
21569,21794.0,6.038
21570,21795.0,5.877
21571,21796.0,6.078
21572,21797.0,6.32
21573,21798.0,8.747
21574,21799.0,7.877
21575,21800.0,8.547
21576,21801.0,8.948
21577,21802.0,6.481
21578,21803.0,8.118
21579,21804.0,6.913
21580,21805.0,8.105
21581,21806.0,7.194
21582,21808.0,6.913
21583,21809.0,5.957
21584,21810.0,5.837
21585,21811.0,6.239
21586,21812.0,6.36
21587,21813.0,8.038
21588,21814.0,6.832
21589,21815.0,7.837
21590,21816.0,8.266
21591,21817.0,6.631
21592,21818.0,7.073
21593,21819.0,7.355
21594,21820.0,6.872
21595,21821.0,7.757
21596,21822.0,7.154
21597,21823.0,6.038
21598,21824.0,5.595
21599,21825.0,6.279
21600,21826.0,6.44
21601,21827.0,6.832
21602,21828.0,7.154
21603,21829.0,7.515
21604,21830.0,7.274
21605,21831.0,6.953
21606,21832.0,5.998
21607,21833.0,8.306
21608,21834.0,6.913
21609,21835.0,8.105
21610,21836.0,7.797
21611,21837.0,6.159
21612,21838.0,5.716
21613,21839.0,6.239
21614,21840.0,6.279
21615,21841.0,6.199
21616,21842.0,7.556
21617,21843.0,8.306
21618,21844.0,8.105
21619,21845.0,7.676
21620,21846.0,6.279
21621,21847.0,7.113
21622,21848.0,7.596
21623,21849.0,6.671
21624,21850.0,7.314
21625,21851.0,6.32
21626,21852.0,5.917
21627,21853.0,5.957
21628,21854.0,6.239
21629,21855.0,6.481
21630,21856.0,8.266
21631,21857.0,9.309
21632,21858.0,9.189
21633,21859.0,8.627
21634,21860.0,6.159
21635,21861.0,6.792
21636,21862.0,8.186
21637,21863.0,7.194
21638,21864.0,6.239
21639,21865.0,6.36
21640,21866.0,5.998
21641,21867.0,5.796
21642,21868.0,6.32
21643,21869.0,6.279
21644,21870.0,9.149
21645,21871.0,8.507
21646,21872.0,9.028
21647,21873.0,9.269
21648,21874.0,6.279
21649,21875.0,7.395
21650,21876.0,6.631
21651,21877.0,8.025
21652,21878.0,6.792
21653,21879.0,6.712
21654,21880.0,5.998
21655,21881.0,5.796
21656,21882.0,6.118
21657,21883.0,6.279
21658,21884.0,8.547
21659,21885.0,7.596
21660,21886.0,8.386
21661,21887.0,8.747
21662,21888.0,6.561
21663,21889.0,7.998
21664,21890.0,7.073
21665,21891.0,7.837
21666,21892.0,7.355
21667,21893.0,6.953
21668,21894.0,5.998
21669,21895.0,5.756
21670,21896.0,6.159
21671,21897.0,6.279
21672,21898.0,7.676
21673,21899.0,6.832
21674,21900.0,7.435
21675,21901.0,7.917
21676,21902.0,6.752
21677,21904.0,6.4
21678,21905.0,7.716
21679,21906.0,6.671
21680,21907.0,8.145
21681,21908.0,7.314
21682,21909.0,6.159
21683,21910.0,5.676
21684,21911.0,6.279
21685,21912.0,6.199
21686,21913.0,6.159
21687,21914.0,7.355
21688,21915.0,8.118
21689,21916.0,7.716
21690,21917.0,7.355
21691,21918.0,6.159
21692,21919.0,7.716
21693,21920.0,7.395
21694,21921.0,7.154
21695,21922.0,7.917
21696,21923.0,6.279
21697,21924.0,5.837
21698,21925.0,6.078
21699,21926.0,6.239
21700,21927.0,6.4
21701,21928.0,8.186
21702,21929.0,9.309
21703,21930.0,9.109
21704,21931.0,8.467
21705,21932.0,6.199
21706,21933.0,6.712
21707,21934.0,8.306
21708,21935.0,7.073
21709,21936.0,6.279
21710,21937.0,6.36
21711,21938.0,5.998
21712,21939.0,5.796
21713,21940.0,6.44
21714,21941.0,6.279
21715,21942.0,8.988
21716,21943.0,8.199
21717,21944.0,8.828
21718,21945.0,9.109
21719,21946.0,6.44
21720,21947.0,7.716
21721,21948.0,6.752
21722,21949.0,8.426
21723,21950.0,6.993
21724,21951.0,6.803
21725,21952.0,6.038
21726,21953.0,5.756
21727,21954.0,6.159
21728,21955.0,6.279
21729,21956.0,7.837
21730,21957.0,6.792
21731,21958.0,7.596
21732,21959.0,8.078
21733,21960.0,6.752
21734,21961.0,6.722
21735,21962.0,7.596
21736,21963.0,6.631
21737,21964.0,7.998
21738,21965.0,7.234
21739,21966.0,6.078
21740,21967.0,5.635
21741,21968.0,6.239
21742,21969.0,6.481
21743,21970.0,6.601
21744,21971.0,7.274
21745,21972.0,7.596
21746,21973.0,7.355
21747,21974.0,6.993
21748,21975.0,6.038
21749,21976.0,8.346
21750,21977.0,7.033
21751,21978.0,7.917
21752,21979.0,7.958
21753,21980.0,6.159
21754,21981.0,5.756
21755,21982.0,6.239
21756,21983.0,6.32
21757,21984.0,6.199
21758,21985.0,7.596
21759,21986.0,8.386
21760,21987.0,8.186
21761,21988.0,7.757
21762,21989.0,6.239
21763,21990.0,6.953
21764,21991.0,7.716
21765,21992.0,6.671
21766,21993.0,7.194
21767,21994.0,6.279
21768,21995.0,5.957
21769,21996.0,5.998
21770,21997.0,6.279
21771,21998.0,6.44
21772,21999.0,8.266
21773,22001.0,9.269
21774,22002.0,9.189
21775,22003.0,8.547
21776,22004.0,6.199
21777,22005.0,6.712
21778,22006.0,8.226
21779,22007.0,7.113
21780,22008.0,6.279
21781,22009.0,6.36
21782,22010.0,6.038
21783,22011.0,5.837
21784,22012.0,6.279
21785,22013.0,6.199
21786,22014.0,9.349
21787,22015.0,8.788
21788,22016.0,9.269
21789,22017.0,9.47
21790,22018.0,6.199
21791,22019.0,7.194
21792,22020.0,7.033
21793,22021.0,7.676
21794,22022.0,6.551
21795,22023.0,6.561
21796,22024.0,6.038
21797,22025.0,5.837
21798,22026.0,6.159
21799,22027.0,6.32
21800,22028.0,8.747
21801,22029.0,7.917
21802,22030.0,8.587
21803,22031.0,8.948
21804,22032.0,6.481
21805,22033.0,7.998
21806,22034.0,6.872
21807,22035.0,8.145
21808,22036.0,7.154
21809,22037.0,6.883
21810,22038.0,5.957
21811,22039.0,5.796
21812,22040.0,6.078
21813,22041.0,6.32
21814,22042.0,7.837
21815,22043.0,6.803
21816,22044.0,7.596
21817,22045.0,8.158
21818,22046.0,6.671
21819,22047.0,6.803
21820,22048.0,7.515
21821,22049.0,6.671
21822,22050.0,7.958
21823,22051.0,7.234
21824,22052.0,6.078
21825,22053.0,5.635
21826,22054.0,6.239
21827,22055.0,6.159
21828,22056.0,6.239
21829,22057.0,7.274
21830,22058.0,7.797
21831,22059.0,7.515
21832,22060.0,7.154
21833,22061.0,6.118
21834,22062.0,8.078
21835,22063.0,7.234
21836,22064.0,7.596
21837,22065.0,8.105
21838,22066.0,6.239
21839,22067.0,5.877
21840,22068.0,6.279
21841,22069.0,6.279
21842,22070.0,6.32
21843,22071.0,7.917
21844,22072.0,8.988
21845,22073.0,8.507
21846,22074.0,8.226
21847,22075.0,6.159
21848,22076.0,6.591
21849,22077.0,8.145
21850,22078.0,6.832
21851,22079.0,6.32
21852,22080.0,6.32
21853,22081.0,5.957
21854,22082.0,5.877
21855,22083.0,6.279
21856,22084.0,6.239
21857,22085.0,9.309
21858,22086.0,8.828
21859,22087.0,9.229
21860,22088.0,9.47
21861,22089.0,6.159
21862,22090.0,7.234
21863,22091.0,7.113
21864,22092.0,7.636
21865,22093.0,6.551
21866,22094.0,6.601
21867,22095.0,6.038
21868,22097.0,5.837
21869,22098.0,6.118
21870,22099.0,6.32
21871,22100.0,8.587
21872,22101.0,7.636
21873,22102.0,8.386
21874,22103.0,8.788
21875,22104.0,6.521
21876,22105.0,7.998
21877,22106.0,7.033
21878,22107.0,7.837
21879,22108.0,7.355
21880,22109.0,6.953
21881,22110.0,5.957
21882,22111.0,5.837
21883,22112.0,6.159
21884,22113.0,6.32
21885,22114.0,7.636
21886,22115.0,6.872
21887,22116.0,7.395
21888,22117.0,7.998
21889,22118.0,6.752
21890,22119.0,6.44
21891,22120.0,7.676
21892,22121.0,6.752
21893,22122.0,8.105
21894,22123.0,7.355
21895,22124.0,6.118
21896,22125.0,5.635
21897,22126.0,6.239
21898,22127.0,6.118
21899,22128.0,6.279
21900,22129.0,7.274
21901,22130.0,7.757
21902,22131.0,7.435
21903,22132.0,7.113
21904,22133.0,6.038
21905,22134.0,8.158
21906,22135.0,7.154
21907,22136.0,7.676
21908,22137.0,8.078
21909,22138.0,6.239
21910,22139.0,5.796
21911,22140.0,6.239
21912,22141.0,6.239
21913,22142.0,6.159
21914,22143.0,7.515
21915,22144.0,8.226
21916,22145.0,8.038
21917,22146.0,7.676
21918,22147.0,6.239
21919,22148.0,7.194
21920,22149.0,7.556
21921,22150.0,6.631
21922,22151.0,7.435
21923,22152.0,6.32
21924,22153.0,5.917
21925,22154.0,6.239
21926,22155.0,6.239
21927,22156.0,6.44
21928,22157.0,8.078
21929,22158.0,9.389
21930,22159.0,8.948
21931,22160.0,8.386
21932,22161.0,6.159
21933,22162.0,6.712
21934,22163.0,8.346
21935,22164.0,7.073
21936,22165.0,6.279
21937,22166.0,6.4
21938,22167.0,5.998
21939,22168.0,5.917
21940,22169.0,6.279
21941,22170.0,6.279
21942,22171.0,9.229
21943,22172.0,8.868
21944,22173.0,9.269
21945,22174.0,9.51
21946,22175.0,6.159
21947,22176.0,7.194
21948,22177.0,7.154
21949,22178.0,7.596
21950,22179.0,6.551
21951,22180.0,6.561
21952,22181.0,6.038
21953,22182.0,5.837
21954,22183.0,6.279
21955,22184.0,6.279
21956,22185.0,8.868
21957,22186.0,8.038
21958,22187.0,8.667
21959,22188.0,8.988
21960,22189.0,6.481
21961,22190.0,7.917
21962,22191.0,6.832
21963,22192.0,8.266
21964,22194.0,7.113
21965,22195.0,6.843
21966,22196.0,5.998
21967,22197.0,5.796
21968,22198.0,6.279
21969,22199.0,6.32
21970,22200.0,8.078
21971,22201.0,6.792
21972,22202.0,7.837
21973,22203.0,8.266
21974,22204.0,6.671
21975,22205.0,7.033
21976,22206.0,7.395
21977,22207.0,6.872
21978,22208.0,7.797
21979,22209.0,7.154
21980,22210.0,6.078
21981,22211.0,5.716
21982,22212.0,6.36
21983,22213.0,6.44
21984,22214.0,6.953
21985,22215.0,7.113
21986,22216.0,7.475
21987,22217.0,7.314
21988,22218.0,6.953
21989,22219.0,6.038
21990,22220.0,8.266
21991,22221.0,6.913
21992,22222.0,8.226
21993,22223.0,7.757
21994,22224.0,6.118
21995,22225.0,5.716
21996,22226.0,6.239
21997,22227.0,6.199
21998,22228.0,6.118
21999,22229.0,7.435
22000,22230.0,8.078
22001,22231.0,7.917
22002,22232.0,7.475
22003,22233.0,6.199
22004,22234.0,7.435
22005,22235.0,7.435
22006,22236.0,6.792
22007,22237.0,7.716
22008,22238.0,6.279
22009,22239.0,5.877
22010,22240.0,6.199
22011,22241.0,6.279
22012,22242.0,6.36
22013,22243.0,8.038
22014,22244.0,9.309
22015,22245.0,8.747
22016,22246.0,8.186
22017,22247.0,6.199
22018,22248.0,6.591
22019,22249.0,8.386
22020,22250.0,6.913
22021,22251.0,6.279
22022,22252.0,6.32
22023,22253.0,5.998
22024,22254.0,5.837
22025,22255.0,6.279
22026,22256.0,6.199
22027,22257.0,9.229
22028,22258.0,8.868
22029,22259.0,9.309
22030,22260.0,9.51
22031,22261.0,6.199
22032,22262.0,7.154
22033,22263.0,7.234
22034,22264.0,7.556
22035,22265.0,6.551
22036,22266.0,6.561
22037,22267.0,6.118
22038,22268.0,5.796
22039,22269.0,6.279
22040,22270.0,6.279
22041,22271.0,8.868
22042,22272.0,7.998
22043,22273.0,8.667
22044,22274.0,8.988
22045,22275.0,6.481
22046,22276.0,7.917
22047,22277.0,6.832
22048,22278.0,8.266
22049,22279.0,7.073
22050,22280.0,6.843
22051,22281.0,5.998
22052,22282.0,5.796
22053,22283.0,6.118
22054,22284.0,6.32
22055,22285.0,7.837
22056,22286.0,6.792
22057,22287.0,7.596
22058,22288.0,8.105
22059,22289.0,6.671
22060,22291.0,6.752
22061,22292.0,7.515
22062,22293.0,6.631
22063,22294.0,7.917
22064,22295.0,7.234
22065,22296.0,6.078
22066,22297.0,5.635
22067,22298.0,6.239
22068,22299.0,6.118
22069,22300.0,6.279
22070,22301.0,7.274
22071,22302.0,7.757
22072,22303.0,7.475
22073,22304.0,7.113
22074,22305.0,6.078
22075,22306.0,8.145
22076,22307.0,7.154
22077,22308.0,7.676
22078,22309.0,8.078
22079,22310.0,6.199
22080,22311.0,5.796
22081,22312.0,6.239
22082,22313.0,6.279
22083,22314.0,6.239
22084,22315.0,7.757
22085,22316.0,8.587
22086,22317.0,8.186
22087,22318.0,7.917
22088,22319.0,6.239
22089,22320.0,6.631
22090,22321.0,7.877
22091,22322.0,6.712
22092,22323.0,6.953
22093,22324.0,6.32
22094,22325.0,5.957
22095,22326.0,5.837
22096,22327.0,6.279
22097,22328.0,6.521
22098,22329.0,8.426
22099,22330.0,9.189
22100,22331.0,9.389
22101,22332.0,8.788
22102,22333.0,6.159
22103,22334.0,6.832
22104,22335.0,7.998
22105,22336.0,7.234
22106,22337.0,6.31
22107,22338.0,6.4
22108,22339.0,6.038
22109,22340.0,5.837
22110,22341.0,6.279
22111,22342.0,6.32
22112,22343.0,9.189
22113,22344.0,8.587
22114,22345.0,9.068
22115,22346.0,9.349
22116,22347.0,6.279
22117,22348.0,7.355
22118,22349.0,6.631
22119,22350.0,7.998
22120,22351.0,6.712
22121,22352.0,6.722
22122,22353.0,6.038
22123,22354.0,5.837
22124,22355.0,6.118
22125,22356.0,6.32
22126,22357.0,8.547
22127,22358.0,7.596
22128,22359.0,8.346
22129,22360.0,8.747
22130,22361.0,6.561
22131,22362.0,7.998
22132,22363.0,7.073
22133,22364.0,7.797
22134,22365.0,7.355
22135,22366.0,6.993
22136,22367.0,5.957
22137,22368.0,5.837
22138,22369.0,6.159
22139,22370.0,6.32
22140,22371.0,7.596
22141,22372.0,6.883
22142,22373.0,7.395
22143,22374.0,7.958
22144,22375.0,6.752
22145,22376.0,6.4
22146,22377.0,7.676
22147,22378.0,6.671
22148,22379.0,8.105
22149,22380.0,7.355
22150,22381.0,6.118
22151,22382.0,5.635
22152,22383.0,6.279
22153,22384.0,6.159
22154,22385.0,6.32
22155,22386.0,7.314
22156,22388.0,7.757
22157,22389.0,7.435
22158,22390.0,7.113
22159,22391.0,6.038
22160,22392.0,8.199
22161,22393.0,7.113
22162,22394.0,7.716
22163,22395.0,8.038
22164,22396.0,6.199
22165,22397.0,5.756
22166,22398.0,6.239
22167,22399.0,6.279
22168,22400.0,6.199
22169,22401.0,7.556
22170,22402.0,8.386
22171,22403.0,8.145
22172,22404.0,7.757
22173,22405.0,6.199
22174,22406.0,6.953
22175,22407.0,7.676
22176,22408.0,6.671
22177,22409.0,7.194
22178,22410.0,6.36
22179,22411.0,5.917
22180,22412.0,5.877
22181,22413.0,6.239
22182,22414.0,6.4
22183,22415.0,8.507
22184,22416.0,9.189
22185,22417.0,9.47
22186,22418.0,8.908
22187,22419.0,6.159
22188,22420.0,6.913
22189,22421.0,7.917
22190,22422.0,7.355
22191,22423.0,6.32
22192,22424.0,6.44
22193,22425.0,6.038
22194,22426.0,5.837
22195,22427.0,6.279
22196,22428.0,6.279
22197,22429.0,9.229
22198,22430.0,8.587
22199,22431.0,9.109
22200,22432.0,9.349
22201,22433.0,6.279
22202,22434.0,7.314
22203,22435.0,6.631
22204,22436.0,7.917
22205,22437.0,6.712
22206,22438.0,6.682
22207,22439.0,6.078
22208,22440.0,5.796
22209,22441.0,6.118
22210,22442.0,6.279
22211,22443.0,8.627
22212,22444.0,7.716
22213,22445.0,8.467
22214,22446.0,8.828
22215,22447.0,6.521
22216,22448.0,8.078
22217,22449.0,6.993
22218,22450.0,7.958
22219,22451.0,7.274
22220,22452.0,6.913
22221,22453.0,5.998
22222,22454.0,5.796
22223,22455.0,6.159
22224,22456.0,6.279
22225,22457.0,7.837
22226,22458.0,6.792
22227,22459.0,7.556
22228,22460.0,8.078
22229,22461.0,6.752
22230,22462.0,6.682
22231,22463.0,7.596
22232,22464.0,6.631
22233,22465.0,7.998
22234,22466.0,7.234
22235,22467.0,6.118
22236,22468.0,5.635
22237,22469.0,6.239
22238,22470.0,6.481
22239,22471.0,6.642
22240,22472.0,7.234
22241,22473.0,7.636
22242,22474.0,7.355
22243,22475.0,7.073
22244,22476.0,6.038
22245,22477.0,8.386
22246,22478.0,7.033
22247,22479.0,7.917
22248,22480.0,7.958
22249,22481.0,6.159
22250,22482.0,5.756
22251,22484.0,6.239
22252,22485.0,6.279
22253,22486.0,6.159
22254,22487.0,7.556
22255,22488.0,8.306
22256,22489.0,8.145
22257,22490.0,7.676
22258,22491.0,6.279
22259,22492.0,7.033
22260,22493.0,7.596
22261,22494.0,6.631
22262,22495.0,7.314
22263,22496.0,6.279
22264,22497.0,5.917
22265,22498.0,5.837
22266,22499.0,6.279
22267,22500.0,6.481
22268,22501.0,8.386
22269,22502.0,9.189
22270,22503.0,9.349
22271,22504.0,8.667
22272,22505.0,6.159
22273,22506.0,6.792
22274,22507.0,8.118
22275,22508.0,7.194
22276,22509.0,6.32
22277,22510.0,6.36
22278,22511.0,6.038
22279,22512.0,5.796
22280,22513.0,6.36
22281,22514.0,6.239
22282,22515.0,9.109
22283,22516.0,8.386
22284,22517.0,8.988
22285,22518.0,9.229
22286,22519.0,6.36
22287,22520.0,7.515
22288,22521.0,6.712
22289,22522.0,8.145
22290,22523.0,6.872
22291,22524.0,6.763
22292,22525.0,6.078
22293,22526.0,5.837
22294,22527.0,6.199
22295,22528.0,6.279
22296,22529.0,8.627
22297,22530.0,7.636
22298,22531.0,8.386
22299,22532.0,8.747
22300,22533.0,6.521
22301,22534.0,7.998
22302,22535.0,7.033
22303,22536.0,7.797
22304,22537.0,7.355
22305,22538.0,6.913
22306,22539.0,5.957
22307,22540.0,5.796
22308,22541.0,6.118
22309,22542.0,6.279
22310,22543.0,7.757
22311,22544.0,6.792
22312,22545.0,7.515
22313,22546.0,8.078
22314,22547.0,6.712
22315,22548.0,6.682
22316,22549.0,7.556
22317,22550.0,6.631
22318,22551.0,7.958
22319,22552.0,7.234
22320,22553.0,6.078
22321,22554.0,5.635
22322,22555.0,6.199
22323,22556.0,6.32
22324,22557.0,6.481
22325,22558.0,7.314
22326,22559.0,7.636
22327,22560.0,7.355
22328,22561.0,7.033
22329,22562.0,6.038
22330,22563.0,8.266
22331,22564.0,7.073
22332,22565.0,7.797
22333,22566.0,8.038
22334,22567.0,6.199
22335,22568.0,5.796
22336,22569.0,6.239
22337,22570.0,6.32
22338,22571.0,6.199
22339,22572.0,7.596
22340,22573.0,8.279
22341,22574.0,8.118
22342,22575.0,7.676
22343,22576.0,6.32
22344,22577.0,7.073
22345,22578.0,7.636
22346,22579.0,6.631
22347,22581.0,7.395
22348,22582.0,6.32
22349,22583.0,5.957
22350,22584.0,6.239
22351,22585.0,6.239
22352,22586.0,6.36
22353,22587.0,8.038
22354,22588.0,9.349
22355,22589.0,8.828
22356,22590.0,8.266
22357,22591.0,6.159
22358,22592.0,6.631
22359,22593.0,8.426
22360,22594.0,6.953
22361,22595.0,6.279
22362,22596.0,6.36
22363,22597.0,5.957
22364,22598.0,5.837
22365,22599.0,6.199
22366,22600.0,6.239
22367,22601.0,9.309
22368,22602.0,8.828
22369,22603.0,9.229
22370,22604.0,9.47
22371,22605.0,6.159
22372,22606.0,7.234
22373,22607.0,7.033
22374,22608.0,7.636
22375,22609.0,6.551
22376,22610.0,6.601
22377,22611.0,6.038
22378,22612.0,5.837
22379,22613.0,6.199
22380,22614.0,6.32
22381,22615.0,8.828
22382,22616.0,7.998
22383,22617.0,8.627
22384,22618.0,8.988
22385,22619.0,6.44
22386,22620.0,7.958
22387,22621.0,6.832
22388,22622.0,8.266
22389,22623.0,7.073
22390,22624.0,6.883
22391,22625.0,5.998
22392,22626.0,5.796
22393,22627.0,6.159
22394,22628.0,6.36
22395,22629.0,7.475
22396,22630.0,6.953
22397,22631.0,7.234
22398,22632.0,7.797
22399,22633.0,6.792
22400,22634.0,6.118
22401,22635.0,7.797
22402,22636.0,6.671
22403,22637.0,8.266
22404,22638.0,7.395
22405,22639.0,6.078
22406,22640.0,5.635
22407,22641.0,5.837
22408,22642.0,6.239
22409,22643.0,6.521
22410,22644.0,8.386
22411,22645.0,9.229
22412,22646.0,9.389
22413,22647.0,8.747
22414,22648.0,6.159
22415,22649.0,6.792
22416,22650.0,8.038
22417,22651.0,7.234
22418,22652.0,6.279
22419,22653.0,6.4
22420,22654.0,5.998
22421,22655.0,5.877
22422,22656.0,6.32
22423,22657.0,6.32
22424,22658.0,9.189
22425,22659.0,8.547
22426,22660.0,9.028
22427,22661.0,9.309
22428,22662.0,6.279
22429,22663.0,7.395
22430,22664.0,6.631
22431,22665.0,8.038
22432,22666.0,6.712
22433,22667.0,6.763
22434,22668.0,6.038
22435,22669.0,5.837
22436,22670.0,6.118
22437,22671.0,6.32
22438,22672.0,8.426
22439,22673.0,7.435
22440,22674.0,8.239
22441,22675.0,8.667
22442,22676.0,6.561
22443,22678.0,7.797
22444,22679.0,7.154
22445,22680.0,7.636
22446,22681.0,7.355
22447,22682.0,7.033
22448,22683.0,5.957
22449,22684.0,5.796
22450,22685.0,6.159
22451,22686.0,6.279
22452,22687.0,7.556
22453,22688.0,6.883
22454,22689.0,7.274
22455,22690.0,7.837
22456,22691.0,6.792
22457,22692.0,6.199
22458,22693.0,7.757
22459,22694.0,6.671
22460,22695.0,8.186
22461,22696.0,7.395
22462,22697.0,6.118
22463,22698.0,5.635
22464,22699.0,6.239
22465,22700.0,6.118
22466,22701.0,6.199
22467,22702.0,7.234
22468,22703.0,7.877
22469,22704.0,7.515
22470,22705.0,7.234
22471,22706.0,6.078
22472,22707.0,8.038
22473,22708.0,7.194
22474,22709.0,7.515
22475,22710.0,8.158
22476,22711.0,6.239
22477,22712.0,5.756
22478,22713.0,6.239
22479,22714.0,6.239
22480,22715.0,6.279
22481,22716.0,7.757
22482,22717.0,8.707
22483,22718.0,8.266
22484,22719.0,8.038
22485,22720.0,6.159
22486,22721.0,6.561
22487,22722.0,7.917
22488,22723.0,6.752
22489,22724.0,6.712
22490,22725.0,6.36
22491,22726.0,5.917
22492,22727.0,5.877
22493,22728.0,6.239
22494,22729.0,6.481
22495,22730.0,8.467
22496,22731.0,9.229
22497,22732.0,9.47
22498,22733.0,8.868
22499,22734.0,6.159
22500,22735.0,6.872
22501,22736.0,7.998
22502,22737.0,7.234
22503,22738.0,6.31
22504,22739.0,6.36
22505,22740.0,6.038
22506,22741.0,5.837
22507,22742.0,6.279
22508,22743.0,6.279
22509,22744.0,9.229
22510,22745.0,8.587
22511,22746.0,9.109
22512,22747.0,9.349
22513,22748.0,6.279
22514,22749.0,7.314
22515,22750.0,6.642
22516,22751.0,7.958
22517,22752.0,6.712
22518,22753.0,6.722
22519,22754.0,6.038
22520,22755.0,5.796
22521,22756.0,6.118
22522,22757.0,6.279
22523,22758.0,8.587
22524,22759.0,7.636
22525,22760.0,8.426
22526,22761.0,8.747
22527,22762.0,6.521
22528,22763.0,8.038
22529,22764.0,7.033
22530,22765.0,7.837
22531,22766.0,7.355
22532,22767.0,6.913
22533,22768.0,5.998
22534,22769.0,5.716
22535,22770.0,6.239
22536,22771.0,6.36
22537,22772.0,7.314
22538,22773.0,6.993
22539,22775.0,7.355
22540,22776.0,7.636
22541,22777.0,6.872
22542,22778.0,6.038
22543,22779.0,8.038
22544,22780.0,6.752
22545,22781.0,8.426
22546,22782.0,7.556
22547,22783.0,6.159
22548,22784.0,5.716
22549,22785.0,6.279
22550,22786.0,6.239
22551,22787.0,6.279
22552,22788.0,7.716
22553,22789.0,8.667
22554,22790.0,8.226
22555,22791.0,7.958
22556,22792.0,6.159
22557,22793.0,6.521
22558,22794.0,7.877
22559,22795.0,6.712
22560,22796.0,6.792
22561,22797.0,6.32
22562,22798.0,5.957
22563,22799.0,5.837
22564,22800.0,6.521
22565,22801.0,6.159
22566,22802.0,8.667
22567,22803.0,9.068
22568,22804.0,9.47
22569,22805.0,8.988
22570,22806.0,6.159
22571,22807.0,6.953
22572,22808.0,7.797
22573,22809.0,7.355
22574,22810.0,6.4
22575,22811.0,6.4
22576,22812.0,6.078
22577,22813.0,5.796
22578,22814.0,6.159
22579,22815.0,6.239
22580,22816.0,8.788
22581,22817.0,7.958
22582,22818.0,8.667
22583,22819.0,8.948
22584,22820.0,6.521
22585,22821.0,7.958
22586,22822.0,6.913
22587,22823.0,8.199
22588,22824.0,7.154
22589,22825.0,6.843
22590,22826.0,6.038
22591,22827.0,5.796
22592,22828.0,6.239
22593,22829.0,6.279
22594,22830.0,8.038
22595,22831.0,6.792
22596,22832.0,7.797
22597,22833.0,8.226
22598,22834.0,6.671
22599,22835.0,6.953
22600,22836.0,7.435
22601,22837.0,6.752
22602,22838.0,7.797
22603,22839.0,7.194
22604,22840.0,6.038
22605,22841.0,5.595
22606,22842.0,6.239
22607,22843.0,6.481
22608,22844.0,6.601
22609,22845.0,7.274
22610,22846.0,7.596
22611,22847.0,7.355
22612,22848.0,7.033
22613,22849.0,6.038
22614,22850.0,8.346
22615,22851.0,7.033
22616,22852.0,7.917
22617,22853.0,7.917
22618,22854.0,6.159
22619,22855.0,5.756
22620,22856.0,6.239
22621,22857.0,6.32
22622,22858.0,6.199
22623,22859.0,7.636
22624,22860.0,8.426
22625,22861.0,8.306
22626,22862.0,7.757
22627,22863.0,6.199
22628,22864.0,6.872
22629,22865.0,7.716
22630,22866.0,6.671
22631,22867.0,7.194
22632,22868.0,6.279
22633,22869.0,5.998
22634,22871.0,5.837
22635,22872.0,6.32
22636,22873.0,6.481
22637,22874.0,8.426
22638,22875.0,9.229
22639,22876.0,9.389
22640,22877.0,8.667
22641,22878.0,6.199
22642,22879.0,6.792
22643,22880.0,8.158
22644,22881.0,7.194
22645,22882.0,6.279
22646,22883.0,6.36
22647,22884.0,5.998
22648,22885.0,5.837
22649,22886.0,6.239
22650,22887.0,6.239
22651,22888.0,9.309
22652,22889.0,8.667
22653,22890.0,9.149
22654,22891.0,9.389
22655,22892.0,6.199
22656,22893.0,7.234
22657,22894.0,6.752
22658,22895.0,7.797
22659,22896.0,6.631
22660,22897.0,6.642
22661,22898.0,6.038
22662,22899.0,5.796
22663,22900.0,6.118
22664,22901.0,6.279
22665,22902.0,8.507
22666,22903.0,7.556
22667,22904.0,8.346
22668,22905.0,8.747
22669,22906.0,6.521
22670,22907.0,7.917
22671,22908.0,7.073
22672,22909.0,7.757
22673,22910.0,7.395
22674,22911.0,6.953
22675,22912.0,5.957
22676,22913.0,5.756
22677,22914.0,6.199
22678,22915.0,6.4
22679,22916.0,7.355
22680,22917.0,6.993
22681,22918.0,7.234
22682,22919.0,7.716
22683,22920.0,6.832
22684,22921.0,6.118
22685,22922.0,7.917
22686,22923.0,6.752
22687,22924.0,8.386
22688,22925.0,7.556
22689,22926.0,6.078
22690,22927.0,5.756
22691,22928.0,6.199
22692,22929.0,6.239
22693,22930.0,6.159
22694,22931.0,7.475
22695,22932.0,8.186
22696,22933.0,7.998
22697,22934.0,7.596
22698,22935.0,6.239
22699,22936.0,7.194
22700,22937.0,7.515
22701,22938.0,6.631
22702,22939.0,7.475
22703,22940.0,6.279
22704,22941.0,5.877
22705,22942.0,5.877
22706,22943.0,6.279
22707,22944.0,6.159
22708,22945.0,8.627
22709,22946.0,9.109
22710,22947.0,9.47
22711,22948.0,9.028
22712,22949.0,6.159
22713,22950.0,6.953
22714,22951.0,7.797
22715,22952.0,7.355
22716,22953.0,6.35
22717,22954.0,6.44
22718,22955.0,6.038
22719,22956.0,5.676
22720,22957.0,6.118
22721,22958.0,6.36
22722,22959.0,7.837
22723,22960.0,6.832
22724,22961.0,7.596
22725,22962.0,8.118
22726,22963.0,6.712
22727,22964.0,6.763
22728,22965.0,7.515
22729,22966.0,6.671
22730,22968.0,7.958
22731,22969.0,7.274
22732,22970.0,6.078
22733,22971.0,5.676
22734,22972.0,6.239
22735,22973.0,6.239
22736,22974.0,6.118
22737,22975.0,7.435
22738,22976.0,8.078
22739,22977.0,7.877
22740,22978.0,7.435
22741,22979.0,6.239
22742,22980.0,7.556
22743,22981.0,7.355
22744,22982.0,7.033
22745,22983.0,7.797
22746,22984.0,6.279
22747,22985.0,5.837
22748,22986.0,6.199
22749,22987.0,6.279
22750,22988.0,6.4
22751,22989.0,8.038
22752,22990.0,9.349
22753,22991.0,8.828
22754,22992.0,8.266
22755,22993.0,6.159
22756,22994.0,6.631
22757,22995.0,8.426
22758,22996.0,6.993
22759,22997.0,6.279
22760,22998.0,6.36
22761,22999.0,5.957
22762,23000.0,5.837
22763,23001.0,6.279
22764,23002.0,6.279
22765,23003.0,9.229
22766,23004.0,8.587
22767,23005.0,9.068
22768,23006.0,9.349
22769,23007.0,6.279
22770,23008.0,7.355
22771,23009.0,6.631
22772,23010.0,7.998
22773,23011.0,6.712
22774,23012.0,6.722
22775,23013.0,6.038
22776,23014.0,5.796
22777,23015.0,6.239
22778,23016.0,6.32
22779,23017.0,8.158
22780,23018.0,7.033
22781,23019.0,7.917
22782,23020.0,8.426
22783,23021.0,6.642
22784,23022.0,7.314
22785,23023.0,7.355
22786,23024.0,7.113
22787,23025.0,7.636
22788,23026.0,7.154
22789,23027.0,5.998
22790,23028.0,5.676
22791,23029.0,6.199
22792,23030.0,6.199
22793,23031.0,6.078
22794,23032.0,7.314
22795,23033.0,8.065
22796,23034.0,7.676
22797,23035.0,7.355
22798,23036.0,6.118
22799,23037.0,7.716
22800,23038.0,7.355
22801,23039.0,7.194
22802,23040.0,7.958
22803,23041.0,6.32
22804,23042.0,5.837
22805,23043.0,6.199
22806,23044.0,6.239
22807,23045.0,6.4
22808,23046.0,8.078
22809,23047.0,9.349
22810,23048.0,8.828
22811,23049.0,8.266
22812,23050.0,6.159
22813,23051.0,6.631
22814,23052.0,8.426
22815,23053.0,6.993
22816,23054.0,6.279
22817,23055.0,6.36
22818,23056.0,5.957
22819,23057.0,5.837
22820,23058.0,6.32
22821,23059.0,6.32
22822,23060.0,9.229
22823,23061.0,8.627
22824,23062.0,9.109
22825,23064.0,9.349
22826,23065.0,6.239
22827,23066.0,7.355
22828,23067.0,6.631
22829,23068.0,7.998
22830,23069.0,6.712
22831,23070.0,6.763
22832,23071.0,6.038
22833,23072.0,5.877
22834,23073.0,6.118
22835,23074.0,6.32
22836,23075.0,8.627
22837,23076.0,7.716
22838,23077.0,8.426
22839,23078.0,8.828
22840,23079.0,6.521
22841,23080.0,8.038
22842,23081.0,7.033
22843,23082.0,7.877
22844,23083.0,7.314
22845,23084.0,6.913
22846,23085.0,5.957
22847,23086.0,5.796
22848,23087.0,6.118
22849,23088.0,6.32
22850,23089.0,7.837
22851,23090.0,6.792
22852,23091.0,7.596
22853,23092.0,8.118
22854,23093.0,6.712
22855,23094.0,6.712
22856,23095.0,7.556
22857,23096.0,6.631
22858,23097.0,7.958
22859,23098.0,7.234
22860,23099.0,6.078
22861,23100.0,5.957
22862,23101.0,6.239
22863,23102.0,6.964
22864,23103.0,6.038
22865,23104.0,6.159
22866,23105.0,5.877
22867,23106.0,6.038
22868,23107.0,5.555
22869,23108.0,5.193
22870,23109.0,5.193
