sample_index,elapsed_s,power_W
0,0.0,3.82
1,1.0,3.82
2,2.0,4.145
3,3.0,4.104
4,4.0,4.301
5,5.0,4.023
6,6.0,4.104
7,7.0,4.064
8,8.0,4.064
9,9.0,4.023
10,10.0,4.104
11,11.0,4.104
12,12.0,4.064
13,13.0,4.104
14,14.0,4.145
15,15.0,4.185
16,16.0,3.982
17,17.0,3.942
18,18.0,4.185
19,19.0,4.422
20,21.0,4.104
21,22.0,4.104
22,23.0,4.179
23,24.0,4.765
24,25.0,4.772
25,26.0,5.483
26,27.0,5.224
27,28.0,5.015
28,29.0,4.982
29,30.0,4.951
30,31.0,5.572
31,32.0,4.959
32,33.0,4.919
33,34.0,5.023
34,35.0,5.945
35,36.0,7.596
36,37.0,7.314
37,38.0,5.169
38,39.0,5.354
39,40.0,5.806
40,41.0,7.165
41,42.0,6.531
42,43.0,5.023
43,44.0,6.682
44,45.0,7.246
45,46.0,5.42
46,47.0,4.934
47,48.0,7.085
48,49.0,7.286
49,50.0,5.339
50,51.0,4.747
51,52.0,4.911
52,53.0,4.699
53,54.0,4.991
54,55.0,4.78
55,56.0,7.246
56,57.0,5.145
57,58.0,4.967
58,59.0,6.572
59,60.0,4.942
60,61.0,6.209
61,62.0,5.703
62,63.0,4.787
63,64.0,6.883
64,65.0,5.185
65,66.0,4.82
66,67.0,7.286
67,68.0,5.112
68,69.0,4.706
69,70.0,6.33
70,71.0,5.685
71,72.0,5.032
72,73.0,4.853
73,74.0,6.36
74,75.0,5.136
75,76.0,4.82
76,77.0,6.883
77,78.0,5.096
78,79.0,4.838
79,80.0,4.798
80,81.0,5.152
81,82.0,4.999
82,83.0,4.861
83,84.0,5.056
84,85.0,4.943
85,86.0,5.217
86,87.0,4.991
87,88.0,4.813
88,89.0,4.861
89,90.0,6.531
90,91.0,7.246
91,92.0,6.138
92,93.0,5.072
93,94.0,4.975
94,95.0,6.763
95,96.0,7.246
96,97.0,5.379
97,98.0,4.934
98,99.0,7.085
99,100.0,7.234
100,101.0,5.266
101,103.0,6.289
102,104.0,7.246
103,105.0,5.976
104,106.0,4.942
105,107.0,4.934
106,108.0,4.951
107,109.0,4.886
108,110.0,4.967
109,111.0,5.806
110,112.0,5.976
111,113.0,4.828
112,114.0,6.722
113,115.0,5.307
114,116.0,4.787
115,117.0,7.165
116,118.0,5.266
117,119.0,4.846
118,120.0,6.814
119,121.0,4.95
120,122.0,6.088
121,123.0,5.784
122,124.0,4.828
123,125.0,4.747
124,126.0,7.246
125,127.0,5.136
126,128.0,5.104
127,129.0,4.878
128,130.0,6.249
129,131.0,4.909
130,132.0,4.878
131,133.0,5.622
132,134.0,4.919
133,135.0,4.79
134,136.0,4.991
135,137.0,4.983
136,138.0,4.813
137,139.0,5.298
138,140.0,4.951
139,141.0,4.853
140,142.0,5.056
141,143.0,4.943
142,144.0,5.258
143,145.0,4.942
144,146.0,7.044
145,147.0,7.274
146,148.0,5.185
147,149.0,5.032
148,150.0,5.209
149,151.0,7.125
150,152.0,7.194
151,153.0,5.185
152,154.0,6.451
153,155.0,7.246
154,156.0,5.743
155,157.0,4.901
156,158.0,6.964
157,159.0,7.274
158,160.0,5.388
159,161.0,4.787
160,162.0,4.911
161,163.0,4.772
162,164.0,4.991
163,165.0,4.78
164,166.0,7.044
165,167.0,5.104
166,168.0,4.853
167,169.0,7.355
168,170.0,5.031
169,171.0,5.685
170,172.0,6.017
171,173.0,4.869
172,174.0,6.601
173,175.0,5.379
174,176.0,4.747
175,177.0,7.125
176,178.0,5.266
177,179.0,4.706
178,180.0,5.806
179,181.0,5.967
180,182.0,5.032
181,183.0,4.886
182,185.0,5.877
183,186.0,5.298
184,187.0,4.78
185,188.0,6.642
186,189.0,5.056
187,190.0,4.951
188,191.0,4.79
189,192.0,5.273
190,193.0,5.072
191,194.0,4.934
192,195.0,5.064
193,196.0,4.943
194,197.0,5.339
195,198.0,4.951
196,199.0,4.894
197,200.0,4.901
198,201.0,6.33
199,202.0,7.205
200,203.0,6.572
201,204.0,5.12
202,205.0,5.056
203,206.0,6.601
204,207.0,7.234
205,208.0,5.581
206,209.0,4.982
207,210.0,7.004
208,211.0,7.274
209,212.0,5.428
210,213.0,5.927
211,214.0,7.165
212,215.0,6.41
213,216.0,4.99
214,217.0,4.901
215,218.0,4.911
216,219.0,4.853
217,220.0,5.04
218,221.0,5.201
219,222.0,6.38
220,223.0,4.909
221,224.0,6.37
222,225.0,5.59
223,226.0,4.787
224,227.0,7.004
225,228.0,5.104
226,229.0,4.853
227,230.0,7.286
228,231.0,5.064
229,232.0,5.483
230,233.0,6.138
231,234.0,4.869
232,235.0,4.666
233,236.0,7.044
234,237.0,5.177
235,238.0,4.983
236,239.0,4.886
237,240.0,6.763
238,241.0,5.023
239,242.0,4.878
240,243.0,5.936
241,244.0,4.959
242,245.0,4.823
243,246.0,4.79
244,247.0,5.064
245,248.0,4.853
246,249.0,5.5
247,250.0,4.999
248,251.0,4.919
249,252.0,4.942
250,253.0,4.991
251,254.0,5.46
252,255.0,4.82
253,256.0,6.964
254,257.0,7.314
255,258.0,5.347
256,259.0,5.072
257,260.0,4.934
258,261.0,7.044
259,262.0,7.246
260,263.0,5.307
261,264.0,6.128
262,265.0,7.205
263,266.0,6.097
264,267.0,4.95
265,268.0,6.843
266,270.0,7.246
267,271.0,5.266
268,272.0,4.828
269,273.0,4.959
270,274.0,4.772
271,275.0,4.951
272,276.0,4.78
273,277.0,6.803
274,278.0,5.266
275,279.0,4.787
276,280.0,7.205
277,281.0,5.145
278,282.0,4.926
279,283.0,6.572
280,284.0,4.909
281,285.0,6.239
282,286.0,5.622
283,287.0,4.828
284,288.0,6.924
285,289.0,5.185
286,290.0,4.706
287,291.0,5.128
288,292.0,6.41
289,293.0,5.08
290,294.0,4.886
291,295.0,5.233
292,296.0,5.42
293,297.0,4.82
294,298.0,6.199
295,299.0,5.177
296,300.0,4.87
297,301.0,4.83
298,302.0,5.322
299,303.0,4.983
300,304.0,4.942
301,305.0,5.023
302,306.0,4.943
303,307.0,5.572
304,308.0,4.999
305,309.0,5.007
306,310.0,4.982
307,311.0,6.017
308,312.0,7.205
309,313.0,7.205
310,314.0,5.16
311,315.0,5.16
312,316.0,6.33
313,317.0,7.246
314,318.0,5.896
315,319.0,4.982
316,320.0,6.883
317,321.0,7.274
318,322.0,5.185
319,323.0,5.451
320,324.0,7.125
321,325.0,7.073
322,326.0,5.145
323,327.0,4.747
324,328.0,4.911
325,329.0,4.82
326,330.0,5.032
327,331.0,4.846
328,332.0,7.044
329,333.0,4.99
330,334.0,5.886
331,335.0,5.905
332,336.0,4.828
333,337.0,6.722
334,338.0,5.307
335,339.0,4.787
336,340.0,7.165
337,341.0,5.226
338,342.0,4.846
339,343.0,6.733
340,344.0,4.95
341,345.0,4.673
342,346.0,6.803
343,347.0,5.339
344,348.0,5.032
345,349.0,4.82
346,350.0,6.803
347,351.0,5.096
348,352.0,4.886
349,354.0,6.4
350,355.0,5.007
351,356.0,4.798
352,357.0,4.79
353,358.0,5.072
354,359.0,4.926
355,360.0,5.136
356,361.0,4.999
357,362.0,4.959
358,363.0,5.056
359,364.0,4.991
360,365.0,5.29
361,366.0,4.828
362,367.0,6.843
363,368.0,7.274
364,369.0,5.622
365,370.0,5.032
366,371.0,4.894
367,372.0,6.964
368,373.0,7.274
369,374.0,5.469
370,375.0,5.734
371,376.0,7.165
372,377.0,6.693
373,378.0,5.064
374,379.0,6.682
375,380.0,7.246
376,381.0,5.541
377,382.0,4.828
378,383.0,4.919
379,384.0,4.805
380,385.0,4.959
381,386.0,4.813
382,387.0,6.521
383,388.0,5.509
384,389.0,4.787
385,390.0,7.044
386,391.0,5.112
387,392.0,4.853
388,393.0,7.286
389,394.0,5.031
390,395.0,5.644
391,396.0,6.017
392,397.0,4.828
393,398.0,6.601
394,399.0,5.388
395,400.0,4.747
396,401.0,4.813
397,402.0,7.085
398,403.0,5.08
399,404.0,4.959
400,405.0,4.911
401,406.0,5.734
402,407.0,4.861
403,408.0,5.635
404,409.0,5.298
405,410.0,4.87
406,411.0,4.79
407,412.0,5.354
408,413.0,4.983
409,414.0,5.056
410,415.0,5.104
411,416.0,4.991
412,417.0,4.813
413,418.0,5.04
414,419.0,4.991
415,420.0,5.104
416,421.0,5.42
417,422.0,7.165
418,423.0,7.314
419,424.0,5.249
420,425.0,5.313
421,426.0,5.967
422,427.0,7.165
423,428.0,6.41
424,429.0,5.023
425,430.0,6.763
426,431.0,7.234
427,432.0,5.42
428,433.0,4.934
429,434.0,7.085
430,435.0,7.274
431,436.0,5.339
432,438.0,4.747
433,439.0,4.951
434,440.0,4.739
435,441.0,4.991
436,442.0,4.82
437,443.0,7.286
438,444.0,5.145
439,445.0,5.169
440,446.0,6.421
441,447.0,4.942
442,448.0,6.33
443,449.0,5.622
444,450.0,4.787
445,451.0,6.964
446,452.0,5.153
447,453.0,4.82
448,454.0,7.286
449,455.0,5.072
450,456.0,4.666
451,457.0,6.4
452,458.0,5.581
453,459.0,5.032
454,460.0,4.813
455,461.0,6.44
456,462.0,5.096
457,463.0,4.853
458,464.0,6.883
459,465.0,5.096
460,466.0,4.83
461,467.0,4.83
462,468.0,5.152
463,469.0,4.959
464,470.0,4.861
465,471.0,5.007
466,472.0,5.072
467,473.0,5.145
468,474.0,4.991
469,475.0,4.813
470,476.0,4.861
471,477.0,6.642
472,478.0,7.274
473,479.0,5.976
474,480.0,5.072
475,481.0,4.934
476,482.0,6.803
477,483.0,7.274
478,484.0,5.307
479,485.0,5.056
480,486.0,7.125
481,487.0,7.274
482,488.0,5.226
483,489.0,6.37
484,490.0,7.246
485,491.0,5.855
486,492.0,4.942
487,493.0,4.886
488,494.0,4.919
489,495.0,4.886
490,496.0,4.967
491,497.0,5.967
492,498.0,5.896
493,499.0,4.828
494,500.0,6.803
495,501.0,5.266
496,502.0,4.82
497,503.0,7.205
498,504.0,5.226
499,505.0,4.846
500,506.0,6.682
501,507.0,4.95
502,508.0,6.168
503,509.0,5.703
504,510.0,4.787
505,511.0,4.787
506,512.0,7.246
507,513.0,5.169
508,514.0,5.072
509,515.0,4.878
510,516.0,6.168
511,517.0,4.901
512,518.0,4.919
513,519.0,5.581
514,520.0,4.919
515,521.0,4.79
516,523.0,5.152
517,524.0,5.024
518,525.0,4.894
519,526.0,5.258
520,527.0,4.951
521,528.0,4.853
522,529.0,5.056
523,530.0,4.951
524,531.0,5.217
525,532.0,5.064
526,533.0,7.044
527,534.0,7.274
528,535.0,5.226
529,536.0,5.032
530,537.0,5.33
531,538.0,7.125
532,539.0,7.125
533,540.0,5.145
534,541.0,6.491
535,542.0,7.246
536,543.0,5.662
537,544.0,4.901
538,545.0,6.964
539,546.0,7.274
540,547.0,5.5
541,548.0,4.82
542,549.0,4.911
543,550.0,4.772
544,551.0,4.951
545,552.0,4.78
546,553.0,7.085
547,554.0,5.104
548,555.0,4.853
549,556.0,7.165
550,557.0,4.99
551,558.0,5.806
552,559.0,5.986
553,560.0,4.861
554,561.0,6.682
555,562.0,5.379
556,563.0,4.747
557,564.0,7.165
558,565.0,5.226
559,566.0,4.747
560,567.0,5.886
561,568.0,5.896
562,569.0,5.032
563,570.0,4.853
564,571.0,5.917
565,572.0,5.217
566,573.0,4.82
567,574.0,6.642
568,575.0,5.023
569,576.0,4.83
570,577.0,4.83
571,578.0,5.193
572,579.0,5.072
573,580.0,4.901
574,581.0,5.056
575,582.0,4.943
576,583.0,5.339
577,584.0,4.991
578,585.0,4.886
579,586.0,4.901
580,587.0,6.37
581,588.0,7.205
582,589.0,6.572
583,590.0,5.12
584,591.0,5.048
585,592.0,6.601
586,593.0,7.234
587,594.0,5.541
588,595.0,4.982
589,596.0,7.004
590,597.0,7.274
591,598.0,5.46
592,599.0,5.967
593,600.0,7.165
594,601.0,6.41
595,602.0,4.982
596,603.0,4.934
597,604.0,4.903
598,605.0,4.886
599,606.0,5.04
600,607.0,5.16
601,609.0,6.451
602,610.0,4.942
603,611.0,6.32
604,612.0,5.622
605,613.0,4.787
606,614.0,7.004
607,615.0,5.145
608,616.0,4.853
609,617.0,7.274
610,618.0,5.104
611,619.0,5.443
612,620.0,6.209
613,621.0,4.869
614,622.0,4.706
615,623.0,7.004
616,624.0,5.209
617,625.0,4.983
618,626.0,4.846
619,627.0,6.792
620,628.0,5.015
621,629.0,4.878
622,630.0,5.967
623,631.0,4.959
624,632.0,4.83
625,633.0,4.83
626,634.0,5.064
627,635.0,4.853
628,636.0,5.5
629,637.0,4.991
630,638.0,4.886
631,639.0,4.942
632,640.0,4.951
633,641.0,5.46
634,642.0,4.82
635,643.0,6.964
636,644.0,7.274
637,645.0,5.388
638,646.0,5.032
639,647.0,4.967
640,648.0,7.044
641,649.0,7.274
642,650.0,5.347
643,651.0,6.128
644,652.0,7.205
645,653.0,6.178
646,654.0,4.982
647,655.0,6.803
648,656.0,7.234
649,657.0,5.307
650,658.0,4.828
651,659.0,4.919
652,660.0,4.772
653,661.0,4.951
654,662.0,4.78
655,663.0,6.803
656,664.0,5.266
657,665.0,4.82
658,666.0,7.205
659,667.0,5.185
660,668.0,4.926
661,669.0,6.612
662,670.0,4.909
663,671.0,6.249
664,672.0,5.662
665,673.0,4.828
666,674.0,6.924
667,675.0,5.226
668,676.0,4.706
669,677.0,5.128
670,678.0,6.44
671,679.0,5.12
672,680.0,4.886
673,681.0,5.193
674,682.0,5.46
675,683.0,4.861
676,684.0,6.199
677,685.0,5.177
678,686.0,4.87
679,687.0,4.79
680,688.0,5.354
681,689.0,4.983
682,690.0,5.015
683,691.0,4.982
684,693.0,4.951
685,694.0,5.613
686,695.0,4.999
687,696.0,4.926
688,697.0,4.982
689,698.0,5.896
690,699.0,7.165
691,700.0,7.234
692,701.0,5.16
693,702.0,5.16
694,703.0,6.32
695,704.0,7.194
696,705.0,5.936
697,706.0,4.909
698,707.0,6.924
699,708.0,7.274
700,709.0,5.226
701,710.0,5.371
702,711.0,7.125
703,712.0,7.085
704,713.0,5.145
705,714.0,4.747
706,715.0,4.911
707,716.0,4.82
708,717.0,5.032
709,718.0,4.846
710,719.0,7.125
711,720.0,4.99
712,721.0,5.886
713,722.0,5.945
714,723.0,4.869
715,724.0,6.722
716,725.0,5.347
717,726.0,4.787
718,727.0,7.205
719,728.0,5.226
720,729.0,4.886
721,730.0,6.733
722,731.0,4.982
723,732.0,4.666
724,733.0,6.803
725,734.0,5.339
726,735.0,5.032
727,736.0,4.813
728,737.0,6.832
729,738.0,5.104
730,739.0,4.886
731,740.0,6.44
732,741.0,5.048
733,742.0,4.79
734,743.0,4.83
735,744.0,5.064
736,745.0,4.886
737,746.0,5.136
738,747.0,4.999
739,748.0,4.959
740,749.0,5.023
741,750.0,4.951
742,751.0,5.217
743,752.0,4.82
744,753.0,6.843
745,754.0,7.286
746,755.0,5.622
747,756.0,5.072
748,757.0,4.861
749,758.0,6.964
750,759.0,7.274
751,760.0,5.379
752,761.0,5.653
753,762.0,7.165
754,763.0,6.693
755,764.0,5.104
756,765.0,6.642
757,766.0,7.234
758,767.0,5.5
759,768.0,4.861
760,769.0,4.919
761,770.0,4.846
762,771.0,4.919
763,772.0,4.853
764,773.0,6.481
765,774.0,5.5
766,776.0,4.747
767,777.0,7.044
768,778.0,5.072
769,779.0,4.853
770,780.0,7.286
771,781.0,5.023
772,782.0,5.685
773,783.0,6.057
774,784.0,4.828
775,785.0,6.642
776,786.0,5.388
777,787.0,4.787
778,788.0,4.813
779,789.0,7.073
780,790.0,5.08
781,791.0,4.999
782,792.0,4.911
783,793.0,5.765
784,794.0,4.861
785,795.0,5.676
786,796.0,5.298
787,797.0,4.911
788,798.0,4.79
789,799.0,5.354
790,800.0,4.983
791,801.0,5.096
792,802.0,5.064
793,803.0,4.951
794,804.0,4.853
795,805.0,5.007
796,806.0,4.999
797,807.0,5.064
798,808.0,5.492
799,809.0,7.165
800,810.0,7.274
801,811.0,5.209
802,812.0,5.313
803,813.0,5.967
804,814.0,7.205
805,815.0,6.33
806,816.0,5.023
807,817.0,6.763
808,818.0,7.234
809,819.0,5.347
810,820.0,4.975
811,821.0,7.085
812,822.0,7.274
813,823.0,5.266
814,824.0,4.787
815,825.0,4.911
816,826.0,4.699
817,827.0,4.951
818,828.0,4.813
819,829.0,7.274
820,830.0,5.145
821,831.0,5.209
822,832.0,6.38
823,833.0,4.909
824,834.0,6.4
825,835.0,5.541
826,836.0,4.787
827,837.0,6.964
828,838.0,5.145
829,839.0,4.813
830,840.0,7.326
831,841.0,5.072
832,842.0,4.706
833,843.0,6.44
834,844.0,5.572
835,845.0,5.032
836,846.0,4.853
837,847.0,6.481
838,848.0,5.096
839,849.0,4.853
840,850.0,6.924
841,851.0,5.096
842,852.0,4.87
843,853.0,4.79
844,854.0,5.152
845,855.0,4.959
846,856.0,4.894
847,857.0,5.007
848,858.0,5.112
849,860.0,5.136
850,861.0,4.991
851,862.0,4.813
852,863.0,4.861
853,864.0,6.682
854,865.0,7.234
855,866.0,5.936
856,867.0,5.032
857,868.0,4.934
858,869.0,6.843
859,870.0,7.274
860,871.0,5.266
861,872.0,5.096
862,873.0,7.085
863,874.0,7.274
864,875.0,5.185
865,876.0,6.41
866,877.0,7.246
867,878.0,5.855
868,879.0,4.909
869,880.0,4.886
870,881.0,4.878
871,882.0,4.919
872,883.0,4.926
873,884.0,6.048
874,885.0,5.864
875,886.0,4.828
876,887.0,6.763
877,888.0,5.307
878,889.0,4.787
879,890.0,7.205
880,891.0,5.145
881,892.0,4.886
882,893.0,6.572
883,894.0,4.942
884,895.0,6.209
885,896.0,5.662
886,897.0,4.787
887,898.0,4.78
888,899.0,7.246
889,900.0,5.12
890,901.0,5.032
891,902.0,4.919
892,903.0,6.128
893,904.0,4.942
894,905.0,4.87
895,906.0,5.572
896,907.0,4.878
897,908.0,4.83
898,909.0,5.313
899,910.0,5.024
900,911.0,4.934
901,912.0,5.258
902,913.0,4.991
903,914.0,4.926
904,915.0,5.048
905,916.0,4.983
906,917.0,5.217
907,918.0,5.096
908,919.0,7.085
909,920.0,7.314
910,921.0,5.307
911,922.0,5.032
912,923.0,5.411
913,924.0,7.165
914,925.0,7.044
915,926.0,5.104
916,927.0,6.521
917,928.0,7.246
918,929.0,5.662
919,930.0,4.869
920,931.0,7.004
921,932.0,7.234
922,933.0,5.5
923,934.0,4.787
924,935.0,4.911
925,936.0,4.739
926,937.0,4.951
927,938.0,4.747
928,939.0,7.125
929,940.0,5.145
930,941.0,4.853
931,943.0,7.085
932,944.0,4.982
933,945.0,5.886
934,946.0,5.945
935,947.0,4.828
936,948.0,6.722
937,949.0,5.307
938,950.0,4.787
939,951.0,7.165
940,952.0,5.226
941,953.0,4.714
942,954.0,6.007
943,955.0,5.846
944,956.0,5.032
945,957.0,4.853
946,958.0,6.038
947,959.0,5.217
948,960.0,4.82
949,961.0,6.682
950,962.0,5.015
951,963.0,4.87
952,964.0,4.823
953,965.0,5.193
954,966.0,5.072
955,967.0,4.894
956,968.0,5.096
957,969.0,4.951
958,970.0,5.298
959,971.0,4.951
960,972.0,4.886
961,973.0,4.901
962,974.0,6.451
963,975.0,7.205
964,976.0,6.451
965,977.0,5.08
966,978.0,5.048
967,979.0,6.642
968,980.0,7.274
969,981.0,5.5
970,982.0,4.975
971,983.0,7.004
972,984.0,7.274
973,985.0,5.388
974,986.0,6.048
975,987.0,7.205
976,988.0,6.289
977,989.0,4.982
978,990.0,4.861
979,991.0,4.903
980,992.0,4.853
981,993.0,5.04
982,994.0,5.281
983,995.0,6.34
984,996.0,4.869
985,997.0,6.4
986,998.0,5.509
987,999.0,4.787
988,1000.0,7.004
989,1001.0,5.104
990,1002.0,4.813
991,1003.0,7.314
992,1004.0,5.064
993,1005.0,5.604
994,1006.0,6.097
995,1007.0,4.869
996,1008.0,4.666
997,1009.0,7.085
998,1010.0,5.136
999,1011.0,4.983
1000,1012.0,4.846
1001,1013.0,6.682
1002,1014.0,4.982
1003,1015.0,4.878
1004,1016.0,5.896
1005,1017.0,4.999
1006,1018.0,4.79
1007,1019.0,4.79
1008,1020.0,5.024
1009,1021.0,4.853
1010,1022.0,5.42
1011,1023.0,4.999
1012,1024.0,4.886
1013,1025.0,5.015
1014,1026.0,4.943
1015,1028.0,5.411
1016,1029.0,4.78
1017,1030.0,7.004
1018,1031.0,7.274
1019,1032.0,5.339
1020,1033.0,5.032
1021,1034.0,4.967
1022,1035.0,7.085
1023,1036.0,7.314
1024,1037.0,5.307
1025,1038.0,6.209
1026,1039.0,7.205
1027,1040.0,6.088
1028,1041.0,4.942
1029,1042.0,6.883
1030,1043.0,7.234
1031,1044.0,5.258
1032,1045.0,4.828
1033,1046.0,4.959
1034,1047.0,4.772
1035,1048.0,4.991
1036,1049.0,4.78
1037,1050.0,6.883
1038,1051.0,5.226
1039,1052.0,4.828
1040,1053.0,7.246
1041,1054.0,5.145
1042,1055.0,5.007
1043,1056.0,6.491
1044,1057.0,4.909
1045,1058.0,6.289
1046,1059.0,5.622
1047,1060.0,4.787
1048,1061.0,6.924
1049,1062.0,5.145
1050,1063.0,4.747
1051,1064.0,5.169
1052,1065.0,6.37
1053,1066.0,5.04
1054,1067.0,4.886
1055,1068.0,5.273
1056,1069.0,5.46
1057,1070.0,4.82
1058,1071.0,6.239
1059,1072.0,5.145
1060,1073.0,4.87
1061,1074.0,4.79
1062,1075.0,5.313
1063,1076.0,4.983
1064,1077.0,4.975
1065,1078.0,4.982
1066,1079.0,4.951
1067,1080.0,5.532
1068,1081.0,4.999
1069,1082.0,4.926
1070,1083.0,4.982
1071,1084.0,6.007
1072,1085.0,7.205
1073,1086.0,7.165
1074,1087.0,5.16
1075,1088.0,5.128
1076,1089.0,6.37
1077,1090.0,7.205
1078,1091.0,5.896
1079,1092.0,4.909
1080,1093.0,6.924
1081,1094.0,7.234
1082,1095.0,5.185
1083,1096.0,5.451
1084,1097.0,7.165
1085,1098.0,7.004
1086,1099.0,5.145
1087,1100.0,4.747
1088,1101.0,4.951
1089,1102.0,4.82
1090,1103.0,5.112
1091,1104.0,4.846
1092,1105.0,7.085
1093,1106.0,4.99
1094,1107.0,5.927
1095,1108.0,5.905
1096,1109.0,4.869
1097,1110.0,6.722
1098,1111.0,5.339
1099,1112.0,4.787
1100,1114.0,7.246
1101,1115.0,5.226
1102,1116.0,4.886
1103,1117.0,6.733
1104,1118.0,4.95
1105,1119.0,4.666
1106,1120.0,6.803
1107,1121.0,5.339
1108,1122.0,4.991
1109,1123.0,4.853
1110,1124.0,6.792
1111,1125.0,5.104
1112,1126.0,4.846
1113,1127.0,6.41
1114,1128.0,5.007
1115,1129.0,4.83
1116,1130.0,4.798
1117,1131.0,5.072
1118,1132.0,4.886
1119,1133.0,5.145
1120,1134.0,4.999
1121,1135.0,4.959
1122,1136.0,5.023
1123,1137.0,4.951
1124,1138.0,5.217
1125,1139.0,4.861
1126,1140.0,6.843
1127,1141.0,7.274
1128,1142.0,5.581
1129,1143.0,5.032
1130,1144.0,4.861
1131,1145.0,6.964
1132,1146.0,7.274
1133,1147.0,5.42
1134,1148.0,5.694
1135,1149.0,7.165
1136,1150.0,6.682
1137,1151.0,5.064
1138,1152.0,6.642
1139,1153.0,7.234
1140,1154.0,5.5
1141,1155.0,4.861
1142,1156.0,4.878
1143,1157.0,4.846
1144,1158.0,4.919
1145,1159.0,4.853
1146,1160.0,6.44
1147,1161.0,5.5
1148,1162.0,4.747
1149,1163.0,7.044
1150,1164.0,5.104
1151,1165.0,4.853
1152,1166.0,7.274
1153,1167.0,5.064
1154,1168.0,5.644
1155,1169.0,6.097
1156,1170.0,4.828
1157,1171.0,6.601
1158,1172.0,5.388
1159,1173.0,4.787
1160,1174.0,4.813
1161,1175.0,7.154
1162,1176.0,5.08
1163,1177.0,4.959
1164,1178.0,4.919
1165,1179.0,5.774
1166,1180.0,4.861
1167,1181.0,5.555
1168,1182.0,5.339
1169,1183.0,4.87
1170,1184.0,4.83
1171,1185.0,5.362
1172,1186.0,4.983
1173,1187.0,5.056
1174,1188.0,5.104
1175,1189.0,4.951
1176,1190.0,4.813
1177,1191.0,5.007
1178,1192.0,4.999
1179,1193.0,5.064
1180,1194.0,5.451
1181,1195.0,7.165
1182,1196.0,7.314
1183,1197.0,5.217
1184,1199.0,5.313
1185,1200.0,5.927
1186,1201.0,7.165
1187,1202.0,6.33
1188,1203.0,5.023
1189,1204.0,6.763
1190,1205.0,7.234
1191,1206.0,5.347
1192,1207.0,4.975
1193,1208.0,7.085
1194,1209.0,7.274
1195,1210.0,5.266
1196,1211.0,4.787
1197,1212.0,4.911
1198,1213.0,4.739
1199,1214.0,4.951
1200,1215.0,4.813
1201,1216.0,7.246
1202,1217.0,5.145
1203,1218.0,5.128
1204,1219.0,6.421
1205,1220.0,4.909
1206,1221.0,6.37
1207,1222.0,5.581
1208,1223.0,4.787
1209,1224.0,6.964
1210,1225.0,5.145
1211,1226.0,4.82
1212,1227.0,7.314
1213,1228.0,5.072
1214,1229.0,4.706
1215,1230.0,6.4
1216,1231.0,5.613
1217,1232.0,4.991
1218,1233.0,4.853
1219,1234.0,6.44
1220,1235.0,5.136
1221,1236.0,4.82
1222,1237.0,6.924
1223,1238.0,5.136
1224,1239.0,4.87
1225,1240.0,4.782
1226,1241.0,5.144
1227,1242.0,4.959
1228,1243.0,4.861
1229,1244.0,5.048
1230,1245.0,5.072
1231,1246.0,5.136
1232,1247.0,4.951
1233,1248.0,4.853
1234,1249.0,4.861
1235,1250.0,6.682
1236,1251.0,7.286
1237,1252.0,5.976
1238,1253.0,5.072
1239,1254.0,4.934
1240,1255.0,6.803
1241,1256.0,7.234
1242,1257.0,5.266
1243,1258.0,5.088
1244,1259.0,7.085
1245,1260.0,7.286
1246,1261.0,5.185
1247,1262.0,6.41
1248,1263.0,7.246
1249,1264.0,5.824
1250,1265.0,4.909
1251,1266.0,4.886
1252,1267.0,4.878
1253,1268.0,4.919
1254,1269.0,4.934
1255,1270.0,6.038
1256,1271.0,5.784
1257,1272.0,4.828
1258,1273.0,6.843
1259,1274.0,5.266
1260,1275.0,4.828
1261,1276.0,7.246
1262,1277.0,5.145
1263,1278.0,5.007
1264,1279.0,6.531
1265,1280.0,4.909
1266,1282.0,6.249
1267,1283.0,5.662
1268,1284.0,4.787
1269,1285.0,4.78
1270,1286.0,7.246
1271,1287.0,5.128
1272,1288.0,5.032
1273,1289.0,4.959
1274,1290.0,6.088
1275,1291.0,4.942
1276,1292.0,4.959
1277,1293.0,5.532
1278,1294.0,4.911
1279,1295.0,4.83
1280,1296.0,5.385
1281,1297.0,5.024
1282,1298.0,5.015
1283,1299.0,5.258
1284,1300.0,4.951
1285,1301.0,4.853
1286,1302.0,5.015
1287,1303.0,5.024
1288,1304.0,5.217
1289,1305.0,5.096
1290,1306.0,7.085
1291,1307.0,7.314
1292,1308.0,5.339
1293,1309.0,5.072
1294,1310.0,5.451
1295,1311.0,7.165
1296,1312.0,6.964
1297,1313.0,5.145
1298,1314.0,6.561
1299,1315.0,7.246
1300,1316.0,5.622
1301,1317.0,4.869
1302,1318.0,6.964
1303,1319.0,7.234
1304,1320.0,5.509
1305,1321.0,4.747
1306,1322.0,4.911
1307,1323.0,4.739
1308,1324.0,4.951
1309,1325.0,4.747
1310,1326.0,7.125
1311,1327.0,5.112
1312,1328.0,4.853
1313,1329.0,7.044
1314,1330.0,4.99
1315,1331.0,5.886
1316,1332.0,5.905
1317,1333.0,4.828
1318,1334.0,6.722
1319,1335.0,5.307
1320,1336.0,4.787
1321,1337.0,7.165
1322,1338.0,5.226
1323,1339.0,4.706
1324,1340.0,6.048
1325,1341.0,5.806
1326,1342.0,5.032
1327,1343.0,4.853
1328,1344.0,6.078
1329,1345.0,5.185
1330,1346.0,4.78
1331,1347.0,6.722
1332,1348.0,5.023
1333,1349.0,4.83
1334,1350.0,4.79
1335,1351.0,5.152
1336,1352.0,5.032
1337,1353.0,4.861
1338,1354.0,5.056
1339,1355.0,4.943
1340,1356.0,5.298
1341,1357.0,4.951
1342,1358.0,4.853
1343,1359.0,4.901
1344,1360.0,6.451
1345,1361.0,7.286
1346,1362.0,6.38
1347,1363.0,5.12
1348,1364.0,5.048
1349,1366.0,6.682
1350,1367.0,7.246
1351,1368.0,5.46
1352,1369.0,4.975
1353,1370.0,7.044
1354,1371.0,7.314
1355,1372.0,5.388
1356,1373.0,6.088
1357,1374.0,7.205
1358,1375.0,6.259
1359,1376.0,4.982
1360,1377.0,4.934
1361,1378.0,4.903
1362,1379.0,4.886
1363,1380.0,4.999
1364,1381.0,5.402
1365,1382.0,6.259
1366,1383.0,4.909
1367,1384.0,6.481
1368,1385.0,5.541
1369,1386.0,4.747
1370,1387.0,7.085
1371,1388.0,5.104
1372,1389.0,4.894
1373,1390.0,7.286
1374,1391.0,5.023
1375,1392.0,5.685
1376,1393.0,6.057
1377,1394.0,4.828
1378,1395.0,4.673
1379,1396.0,7.085
1380,1397.0,5.136
1381,1398.0,4.983
1382,1399.0,4.846
1383,1400.0,6.642
1384,1401.0,4.982
1385,1402.0,4.878
1386,1403.0,5.855
1387,1404.0,4.959
1388,1405.0,4.83
1389,1406.0,4.79
1390,1407.0,5.024
1391,1408.0,4.853
1392,1409.0,5.42
1393,1410.0,4.991
1394,1411.0,4.886
1395,1412.0,5.023
1396,1413.0,4.943
1397,1414.0,5.411
1398,1415.0,4.82
1399,1416.0,7.004
1400,1417.0,7.274
1401,1418.0,5.307
1402,1419.0,5.032
1403,1420.0,4.934
1404,1421.0,7.085
1405,1422.0,7.274
1406,1423.0,5.298
1407,1424.0,6.249
1408,1425.0,7.205
1409,1426.0,6.057
1410,1427.0,4.942
1411,1428.0,6.924
1412,1429.0,7.234
1413,1430.0,5.266
1414,1431.0,4.828
1415,1432.0,4.919
1416,1433.0,4.772
1417,1434.0,4.951
1418,1435.0,4.78
1419,1436.0,6.843
1420,1437.0,5.226
1421,1438.0,4.82
1422,1439.0,7.246
1423,1440.0,5.145
1424,1441.0,5.048
1425,1442.0,6.491
1426,1443.0,4.909
1427,1444.0,6.289
1428,1445.0,5.622
1429,1446.0,4.787
1430,1447.0,6.924
1431,1448.0,5.185
1432,1449.0,4.706
1433,1450.0,5.209
1434,1452.0,6.37
1435,1453.0,5.08
1436,1454.0,4.919
1437,1455.0,5.273
1438,1456.0,5.46
1439,1457.0,4.861
1440,1458.0,6.239
1441,1459.0,5.177
1442,1460.0,4.87
1443,1461.0,4.87
1444,1462.0,5.313
1445,1463.0,5.024
1446,1464.0,4.975
1447,1465.0,5.023
1448,1466.0,4.951
1449,1467.0,5.572
1450,1468.0,4.999
1451,1469.0,4.919
1452,1470.0,4.982
1453,1471.0,6.017
1454,1472.0,7.205
1455,1473.0,7.165
1456,1474.0,5.16
1457,1475.0,5.128
1458,1476.0,6.37
1459,1477.0,7.205
1460,1478.0,5.855
1461,1479.0,4.942
1462,1480.0,6.924
1463,1481.0,7.286
1464,1482.0,5.185
1465,1483.0,5.492
1466,1484.0,7.165
1467,1485.0,7.004
1468,1486.0,5.104
1469,1487.0,4.747
1470,1488.0,4.911
1471,1489.0,4.82
1472,1490.0,5.032
1473,1491.0,4.846
1474,1492.0,7.044
1475,1493.0,4.99
1476,1494.0,5.886
1477,1495.0,5.905
1478,1496.0,4.828
1479,1497.0,6.722
1480,1498.0,5.307
1481,1499.0,4.787
1482,1500.0,7.165
1483,1501.0,5.226
1484,1502.0,4.846
1485,1503.0,6.733
1486,1504.0,4.95
1487,1505.0,4.666
1488,1506.0,6.763
1489,1507.0,5.33
1490,1508.0,5.032
1491,1509.0,4.813
1492,1510.0,6.803
1493,1511.0,5.104
1494,1512.0,4.886
1495,1513.0,6.44
1496,1514.0,5.048
1497,1515.0,4.83
1498,1516.0,4.83
1499,1517.0,5.064
1500,1518.0,4.926
1501,1519.0,5.096
1502,1520.0,5.04
1503,1521.0,4.959
1504,1522.0,5.056
1505,1523.0,4.951
1506,1524.0,5.249
1507,1525.0,4.82
1508,1526.0,6.843
1509,1527.0,7.274
1510,1528.0,5.622
1511,1529.0,5.032
1512,1530.0,4.894
1513,1531.0,6.964
1514,1532.0,7.274
1515,1533.0,5.42
1516,1534.0,5.694
1517,1535.0,7.165
1518,1536.0,6.763
1519,1538.0,5.064
1520,1539.0,6.682
1521,1540.0,7.234
1522,1541.0,5.581
1523,1542.0,4.869
1524,1543.0,4.919
1525,1544.0,4.846
1526,1545.0,4.919
1527,1546.0,4.853
1528,1547.0,6.44
1529,1548.0,5.541
1530,1549.0,4.787
1531,1550.0,7.004
1532,1551.0,5.112
1533,1552.0,4.853
1534,1553.0,7.286
1535,1554.0,5.064
1536,1555.0,5.564
1537,1556.0,6.138
1538,1557.0,4.869
1539,1558.0,6.561
1540,1559.0,5.428
1541,1560.0,4.747
1542,1561.0,4.813
1543,1562.0,7.205
1544,1563.0,5.08
1545,1564.0,4.959
1546,1565.0,4.878
1547,1566.0,5.815
1548,1567.0,4.861
1549,1568.0,5.474
1550,1569.0,5.379
1551,1570.0,4.878
1552,1571.0,4.798
1553,1572.0,5.354
1554,1573.0,4.983
1555,1574.0,5.056
1556,1575.0,5.104
1557,1576.0,4.951
1558,1577.0,4.813
1559,1578.0,5.007
1560,1579.0,4.991
1561,1580.0,5.104
1562,1581.0,5.298
1563,1582.0,7.125
1564,1583.0,7.274
1565,1584.0,5.249
1566,1585.0,5.354
1567,1586.0,5.846
1568,1587.0,7.165
1569,1588.0,6.491
1570,1589.0,5.023
1571,1590.0,6.722
1572,1591.0,7.234
1573,1592.0,5.46
1574,1593.0,4.934
1575,1594.0,7.085
1576,1595.0,7.274
1577,1596.0,5.339
1578,1597.0,4.747
1579,1598.0,4.951
1580,1599.0,4.739
1581,1600.0,4.991
1582,1601.0,4.82
1583,1602.0,7.286
1584,1603.0,5.185
1585,1604.0,5.007
1586,1605.0,6.572
1587,1606.0,4.942
1588,1607.0,6.289
1589,1608.0,5.734
1590,1609.0,4.787
1591,1610.0,6.964
1592,1611.0,5.185
1593,1612.0,4.861
1594,1613.0,7.286
1595,1614.0,5.145
1596,1615.0,4.666
1597,1616.0,6.37
1598,1617.0,5.613
1599,1618.0,5.032
1600,1619.0,4.813
1601,1620.0,6.4
1602,1621.0,5.096
1603,1623.0,4.813
1604,1624.0,6.883
1605,1625.0,5.104
1606,1626.0,4.83
1607,1627.0,4.79
1608,1628.0,5.152
1609,1629.0,4.991
1610,1630.0,4.934
1611,1631.0,5.048
1612,1632.0,5.104
1613,1633.0,5.249
1614,1634.0,4.991
1615,1635.0,4.886
1616,1636.0,4.861
1617,1637.0,6.612
1618,1638.0,7.274
1619,1639.0,6.057
1620,1640.0,5.072
1621,1641.0,4.934
1622,1642.0,6.803
1623,1643.0,7.246
1624,1644.0,5.307
1625,1645.0,4.975
1626,1646.0,7.125
1627,1647.0,7.274
1628,1648.0,5.226
1629,1649.0,6.33
1630,1650.0,7.246
1631,1651.0,5.896
1632,1652.0,4.95
1633,1653.0,4.886
1634,1654.0,4.911
1635,1655.0,4.886
1636,1656.0,4.926
1637,1657.0,5.927
1638,1658.0,5.905
1639,1659.0,4.828
1640,1660.0,6.763
1641,1661.0,5.307
1642,1662.0,4.787
1643,1663.0,7.205
1644,1664.0,5.226
1645,1665.0,4.886
1646,1666.0,6.733
1647,1667.0,4.95
1648,1668.0,6.128
1649,1669.0,5.743
1650,1670.0,4.828
1651,1671.0,4.747
1652,1672.0,7.246
1653,1673.0,5.169
1654,1674.0,5.144
1655,1675.0,4.878
1656,1676.0,6.249
1657,1677.0,4.942
1658,1678.0,4.919
1659,1679.0,5.622
1660,1680.0,4.959
1661,1681.0,4.79
1662,1682.0,5.152
1663,1683.0,5.024
1664,1684.0,4.853
1665,1685.0,5.258
1666,1686.0,4.991
1667,1687.0,4.853
1668,1688.0,5.096
1669,1689.0,4.943
1670,1690.0,5.29
1671,1691.0,4.982
1672,1692.0,7.085
1673,1693.0,7.355
1674,1694.0,5.226
1675,1695.0,5.024
1676,1696.0,5.249
1677,1697.0,7.165
1678,1698.0,7.194
1679,1699.0,5.185
1680,1700.0,6.481
1681,1701.0,7.234
1682,1702.0,5.703
1683,1703.0,4.901
1684,1704.0,6.964
1685,1705.0,7.274
1686,1707.0,5.509
1687,1708.0,4.82
1688,1709.0,4.911
1689,1710.0,4.739
1690,1711.0,4.951
1691,1712.0,4.78
1692,1713.0,7.085
1693,1714.0,5.104
1694,1715.0,4.853
1695,1716.0,7.286
1696,1717.0,5.023
1697,1718.0,5.725
1698,1719.0,6.017
1699,1720.0,4.869
1700,1721.0,6.642
1701,1722.0,5.388
1702,1723.0,4.747
1703,1724.0,7.165
1704,1725.0,5.307
1705,1726.0,4.706
1706,1727.0,5.806
1707,1728.0,5.976
1708,1729.0,5.032
1709,1730.0,4.853
1710,1731.0,5.877
1711,1732.0,5.258
1712,1733.0,4.787
1713,1734.0,6.601
1714,1735.0,5.023
1715,1736.0,4.83
1716,1737.0,4.798
1717,1738.0,5.233
1718,1739.0,5.064
1719,1740.0,4.934
1720,1741.0,5.064
1721,1742.0,4.983
1722,1743.0,5.339
1723,1744.0,4.991
1724,1745.0,4.886
1725,1746.0,4.934
1726,1747.0,6.33
1727,1748.0,7.286
1728,1749.0,6.612
1729,1750.0,5.12
1730,1751.0,5.056
1731,1752.0,6.601
1732,1753.0,7.234
1733,1754.0,5.613
1734,1755.0,4.942
1735,1756.0,7.044
1736,1757.0,7.234
1737,1758.0,5.5
1738,1759.0,5.927
1739,1760.0,7.205
1740,1761.0,6.41
1741,1762.0,4.99
1742,1763.0,4.901
1743,1764.0,4.903
1744,1765.0,4.853
1745,1766.0,5.04
1746,1767.0,5.12
1747,1768.0,6.41
1748,1769.0,4.909
1749,1770.0,6.33
1750,1771.0,5.581
1751,1772.0,4.787
1752,1773.0,6.964
1753,1774.0,5.145
1754,1775.0,4.813
1755,1776.0,7.274
1756,1777.0,5.064
1757,1778.0,5.451
1758,1779.0,6.178
1759,1780.0,4.828
1760,1781.0,4.666
1761,1782.0,7.004
1762,1783.0,5.201
1763,1784.0,4.983
1764,1785.0,4.846
1765,1786.0,6.832
1766,1787.0,5.023
1767,1788.0,4.878
1768,1789.0,6.007
1769,1790.0,4.959
1770,1792.0,4.83
1771,1793.0,4.798
1772,1794.0,5.072
1773,1795.0,4.853
1774,1796.0,5.5
1775,1797.0,4.999
1776,1798.0,4.926
1777,1799.0,4.942
1778,1800.0,4.951
1779,1801.0,5.46
1780,1802.0,4.82
1781,1803.0,6.964
1782,1804.0,7.314
1783,1805.0,5.388
1784,1806.0,5.032
1785,1807.0,4.934
1786,1808.0,7.044
1787,1809.0,7.274
1788,1810.0,5.339
1789,1811.0,6.088
1790,1812.0,7.205
1791,1813.0,6.178
1792,1814.0,5.023
1793,1815.0,6.843
1794,1816.0,7.274
1795,1817.0,5.307
1796,1818.0,4.861
1797,1819.0,4.919
1798,1820.0,4.805
1799,1821.0,4.951
1800,1822.0,4.813
1801,1823.0,6.763
1802,1824.0,5.339
1803,1825.0,4.787
1804,1826.0,7.205
1805,1827.0,5.185
1806,1828.0,4.886
1807,1829.0,6.693
1808,1830.0,4.95
1809,1831.0,6.128
1810,1832.0,5.703
1811,1833.0,4.787
1812,1834.0,6.843
1813,1835.0,5.185
1814,1836.0,4.714
1815,1837.0,4.926
1816,1838.0,6.531
1817,1839.0,5.08
1818,1840.0,4.886
1819,1841.0,4.951
1820,1842.0,5.492
1821,1843.0,4.828
1822,1844.0,6.078
1823,1845.0,5.226
1824,1846.0,4.87
1825,1847.0,4.823
1826,1848.0,5.354
1827,1849.0,4.983
1828,1850.0,4.982
1829,1851.0,5.023
1830,1852.0,4.951
1831,1853.0,5.451
1832,1854.0,4.999
1833,1855.0,4.959
1834,1856.0,4.982
1835,1857.0,5.855
1836,1858.0,7.205
1837,1859.0,7.314
1838,1860.0,5.169
1839,1861.0,5.201
1840,1862.0,6.209
1841,1863.0,7.205
1842,1864.0,6.017
1843,1865.0,4.942
1844,1866.0,6.843
1845,1867.0,7.286
1846,1868.0,5.226
1847,1869.0,5.249
1848,1870.0,7.125
1849,1871.0,7.194
1850,1872.0,5.145
1851,1873.0,4.78
1852,1874.0,4.911
1853,1875.0,4.739
1854,1876.0,4.943
1855,1877.0,4.846
1856,1879.0,7.274
1857,1880.0,5.064
1858,1881.0,5.685
1859,1882.0,6.057
1860,1883.0,4.828
1861,1884.0,6.642
1862,1885.0,5.388
1863,1886.0,4.787
1864,1887.0,7.125
1865,1888.0,5.307
1866,1889.0,4.853
1867,1890.0,6.964
1868,1891.0,4.95
1869,1892.0,4.706
1870,1893.0,6.682
1871,1894.0,5.451
1872,1895.0,4.983
1873,1896.0,4.813
1874,1897.0,6.712
1875,1898.0,5.023
1876,1899.0,4.886
1877,1900.0,6.561
1878,1901.0,5.048
1879,1902.0,4.83
1880,1903.0,4.79
1881,1904.0,5.104
1882,1905.0,4.926
1883,1906.0,4.901
1884,1907.0,5.007
1885,1908.0,4.959
1886,1909.0,5.096
1887,1910.0,4.951
1888,1911.0,4.934
1889,1912.0,4.828
1890,1913.0,6.803
1891,1914.0,7.286
1892,1915.0,5.743
1893,1916.0,5.032
1894,1917.0,4.901
1895,1918.0,6.883
1896,1919.0,7.274
1897,1920.0,5.145
1898,1921.0,5.492
1899,1922.0,7.125
1900,1923.0,6.964
1901,1924.0,5.104
1902,1925.0,6.572
1903,1926.0,7.246
1904,1927.0,5.622
1905,1928.0,4.869
1906,1929.0,4.919
1907,1930.0,4.838
1908,1931.0,4.919
1909,1932.0,4.853
1910,1933.0,6.32
1911,1934.0,5.622
1912,1935.0,4.787
1913,1936.0,6.924
1914,1937.0,5.145
1915,1938.0,4.82
1916,1939.0,7.326
1917,1940.0,5.072
1918,1941.0,5.443
1919,1942.0,6.259
1920,1943.0,4.909
1921,1944.0,6.44
1922,1945.0,5.5
1923,1946.0,4.747
1924,1947.0,4.813
1925,1948.0,7.246
1926,1949.0,5.12
1927,1950.0,4.959
1928,1951.0,4.919
1929,1952.0,5.855
1930,1953.0,4.901
1931,1954.0,5.354
1932,1955.0,5.411
1933,1956.0,4.878
1934,1957.0,4.83
1935,1958.0,5.394
1936,1959.0,5.024
1937,1960.0,5.096
1938,1961.0,5.177
1939,1963.0,4.951
1940,1964.0,4.886
1941,1965.0,5.048
1942,1966.0,5.064
1943,1967.0,5.136
1944,1968.0,5.258
1945,1969.0,7.165
1946,1970.0,7.314
1947,1971.0,5.258
1948,1972.0,5.474
1949,1973.0,5.765
1950,1974.0,7.165
1951,1975.0,6.572
1952,1976.0,5.064
1953,1977.0,6.682
1954,1978.0,7.234
1955,1979.0,5.46
1956,1980.0,4.942
1957,1981.0,7.044
1958,1982.0,7.274
1959,1983.0,5.347
1960,1984.0,4.747
1961,1985.0,4.911
1962,1986.0,4.739
1963,1987.0,4.951
1964,1988.0,4.78
1965,1989.0,7.246
1966,1990.0,5.145
1967,1991.0,5.007
1968,1992.0,6.531
1969,1993.0,4.909
1970,1994.0,6.289
1971,1995.0,5.622
1972,1996.0,4.787
1973,1997.0,6.924
1974,1998.0,5.145
1975,1999.0,4.853
1976,2000.0,7.286
1977,2001.0,5.104
1978,2002.0,4.714
1979,2003.0,6.37
1980,2004.0,5.622
1981,2005.0,5.032
1982,2006.0,4.813
1983,2007.0,6.4
1984,2008.0,5.104
1985,2009.0,4.853
1986,2010.0,6.843
1987,2011.0,5.096
1988,2012.0,4.83
1989,2013.0,4.83
1990,2014.0,5.144
1991,2015.0,4.999
1992,2016.0,4.861
1993,2017.0,5.048
1994,2018.0,5.064
1995,2019.0,5.177
1996,2020.0,4.951
1997,2021.0,4.853
1998,2022.0,4.861
1999,2023.0,6.652
2000,2024.0,7.274
2001,2025.0,6.057
2002,2026.0,5.072
2003,2027.0,4.975
2004,2028.0,6.803
2005,2029.0,7.274
2006,2030.0,5.307
2007,2031.0,5.015
2008,2032.0,7.085
2009,2033.0,7.314
2010,2034.0,5.226
2011,2035.0,6.41
2012,2036.0,7.194
2013,2037.0,5.896
2014,2038.0,4.909
2015,2039.0,4.926
2016,2040.0,4.878
2017,2041.0,4.926
2018,2042.0,4.926
2019,2043.0,5.927
2020,2045.0,5.864
2021,2046.0,4.828
2022,2047.0,6.763
2023,2048.0,5.307
2024,2049.0,4.828
2025,2050.0,7.205
2026,2051.0,5.185
2027,2052.0,4.846
2028,2053.0,6.652
2029,2054.0,4.95
2030,2055.0,6.168
2031,2056.0,5.703
2032,2057.0,4.787
2033,2058.0,4.747
2034,2059.0,7.246
2035,2060.0,5.169
2036,2061.0,5.072
2037,2062.0,4.878
2038,2063.0,6.209
2039,2064.0,4.942
2040,2065.0,4.911
2041,2066.0,5.581
2042,2067.0,4.919
2043,2068.0,4.798
2044,2069.0,5.152
2045,2070.0,4.983
2046,2071.0,4.894
2047,2072.0,5.266
2048,2073.0,4.951
2049,2074.0,4.853
2050,2075.0,5.048
2051,2076.0,4.943
2052,2077.0,5.258
2053,2078.0,5.064
2054,2079.0,7.085
2055,2080.0,7.314
2056,2081.0,5.266
2057,2082.0,4.991
2058,2083.0,5.29
2059,2084.0,7.165
2060,2085.0,7.154
2061,2086.0,5.145
2062,2087.0,6.491
2063,2088.0,7.246
2064,2089.0,5.734
2065,2090.0,4.909
2066,2091.0,6.964
2067,2092.0,7.274
2068,2093.0,5.46
2069,2094.0,4.828
2070,2095.0,4.911
2071,2096.0,4.739
2072,2097.0,4.991
2073,2098.0,4.739
2074,2099.0,7.085
2075,2100.0,5.104
2076,2101.0,4.853
2077,2102.0,7.286
2078,2103.0,5.064
2079,2104.0,5.685
2080,2105.0,6.097
2081,2106.0,4.828
2082,2107.0,6.642
2083,2108.0,5.388
2084,2109.0,4.787
2085,2110.0,7.125
2086,2111.0,5.226
2087,2112.0,4.706
2088,2113.0,5.806
2089,2114.0,6.007
2090,2115.0,5.032
2091,2116.0,4.853
2092,2117.0,5.877
2093,2118.0,5.258
2094,2119.0,4.787
2095,2120.0,6.601
2096,2121.0,5.023
2097,2122.0,4.838
2098,2123.0,4.798
2099,2124.0,5.193
2100,2125.0,5.072
2101,2126.0,4.901
2102,2127.0,5.064
2103,2128.0,4.951
2104,2130.0,5.339
2105,2131.0,4.951
2106,2132.0,4.853
2107,2133.0,4.901
2108,2134.0,6.37
2109,2135.0,7.246
2110,2136.0,6.531
2111,2137.0,5.12
2112,2138.0,5.015
2113,2139.0,6.601
2114,2140.0,7.246
2115,2141.0,5.541
2116,2142.0,4.942
2117,2143.0,7.004
2118,2144.0,7.314
2119,2145.0,5.46
2120,2146.0,5.927
2121,2147.0,7.205
2122,2148.0,6.37
2123,2149.0,5.064
2124,2150.0,4.901
2125,2151.0,4.911
2126,2152.0,4.853
2127,2153.0,5.08
2128,2154.0,5.169
2129,2155.0,6.421
2130,2156.0,4.909
2131,2157.0,6.37
2132,2158.0,5.581
2133,2159.0,4.787
2134,2160.0,6.964
2135,2161.0,5.145
2136,2162.0,4.82
2137,2163.0,7.326
2138,2164.0,5.064
2139,2165.0,5.483
2140,2166.0,6.178
2141,2167.0,4.869
2142,2168.0,4.673
2143,2169.0,7.044
2144,2170.0,5.185
2145,2171.0,5.032
2146,2172.0,4.846
2147,2173.0,6.792
2148,2174.0,5.023
2149,2175.0,4.919
2150,2176.0,5.936
2151,2177.0,4.959
2152,2178.0,4.83
2153,2179.0,4.83
2154,2180.0,5.024
2155,2181.0,4.886
2156,2182.0,5.5
2157,2183.0,5.04
2158,2184.0,4.886
2159,2185.0,4.982
2160,2186.0,4.951
2161,2187.0,5.46
2162,2188.0,4.787
2163,2189.0,6.964
2164,2190.0,7.314
2165,2191.0,5.347
2166,2192.0,5.032
2167,2193.0,4.934
2168,2194.0,7.044
2169,2195.0,7.274
2170,2196.0,5.347
2171,2197.0,6.128
2172,2198.0,7.205
2173,2199.0,6.178
2174,2200.0,4.982
2175,2201.0,6.803
2176,2202.0,7.246
2177,2203.0,5.266
2178,2204.0,4.82
2179,2205.0,4.919
2180,2206.0,4.772
2181,2207.0,4.951
2182,2208.0,4.861
2183,2209.0,6.803
2184,2210.0,5.266
2185,2211.0,4.787
2186,2212.0,7.205
2187,2213.0,5.185
2188,2215.0,4.886
2189,2216.0,6.572
2190,2217.0,4.909
2191,2218.0,6.209
2192,2219.0,5.662
2193,2220.0,4.787
2194,2221.0,6.924
2195,2222.0,5.145
2196,2223.0,4.706
2197,2224.0,5.128
2198,2225.0,6.41
2199,2226.0,5.04
2200,2227.0,4.886
2201,2228.0,5.193
2202,2229.0,5.46
2203,2230.0,4.828
2204,2231.0,6.239
2205,2232.0,5.136
2206,2233.0,4.87
2207,2234.0,4.83
2208,2235.0,5.354
2209,2236.0,4.943
2210,2237.0,4.975
2211,2238.0,4.982
2212,2239.0,4.991
2213,2240.0,5.572
2214,2241.0,4.999
2215,2242.0,4.926
2216,2243.0,5.023
2217,2244.0,5.976
2218,2245.0,7.205
2219,2246.0,7.246
2220,2247.0,5.169
2221,2248.0,5.128
2222,2249.0,6.33
2223,2250.0,7.205
2224,2251.0,5.936
2225,2252.0,4.901
2226,2253.0,6.924
2227,2254.0,7.234
2228,2255.0,5.217
2229,2256.0,5.371
2230,2257.0,7.165
2231,2258.0,7.085
2232,2259.0,5.145
2233,2260.0,4.747
2234,2261.0,4.911
2235,2262.0,4.78
2236,2263.0,4.991
2237,2264.0,4.846
2238,2265.0,7.165
2239,2266.0,5.023
2240,2267.0,5.765
2241,2268.0,5.976
2242,2269.0,4.869
2243,2270.0,6.682
2244,2271.0,5.347
2245,2272.0,4.747
2246,2273.0,7.125
2247,2274.0,5.226
2248,2275.0,4.853
2249,2276.0,6.854
2250,2277.0,4.95
2251,2278.0,4.706
2252,2279.0,6.722
2253,2280.0,5.339
2254,2281.0,4.991
2255,2282.0,4.82
2256,2283.0,6.763
2257,2284.0,5.023
2258,2285.0,4.846
2259,2286.0,6.481
2260,2287.0,5.007
2261,2288.0,4.83
2262,2289.0,4.79
2263,2290.0,5.064
2264,2291.0,4.886
2265,2292.0,5.096
2266,2293.0,4.999
2267,2294.0,4.999
2268,2295.0,5.023
2269,2296.0,4.991
2270,2297.0,5.136
2271,2299.0,4.861
2272,2300.0,6.843
2273,2301.0,7.274
2274,2302.0,5.622
2275,2303.0,5.032
2276,2304.0,4.894
2277,2305.0,6.964
2278,2306.0,7.274
2279,2307.0,5.379
2280,2308.0,5.694
2281,2309.0,7.205
2282,2310.0,6.682
2283,2311.0,5.104
2284,2312.0,6.642
2285,2313.0,7.274
2286,2314.0,5.5
2287,2315.0,4.901
2288,2316.0,4.919
2289,2317.0,4.846
2290,2318.0,4.919
2291,2319.0,4.894
2292,2320.0,6.44
2293,2321.0,5.541
2294,2322.0,4.747
2295,2323.0,7.044
2296,2324.0,5.145
2297,2325.0,4.894
2298,2326.0,7.326
2299,2327.0,5.064
2300,2328.0,5.604
2301,2329.0,6.138
2302,2330.0,4.869
2303,2331.0,6.601
2304,2332.0,5.388
2305,2333.0,4.747
2306,2334.0,4.813
2307,2335.0,7.165
2308,2336.0,5.08
2309,2337.0,4.959
2310,2338.0,4.919
2311,2339.0,5.806
2312,2340.0,4.861
2313,2341.0,5.515
2314,2342.0,5.339
2315,2343.0,4.878
2316,2344.0,4.83
2317,2345.0,5.354
2318,2346.0,4.983
2319,2347.0,5.056
2320,2348.0,5.145
2321,2349.0,4.951
2322,2350.0,4.853
2323,2351.0,5.048
2324,2352.0,4.991
2325,2353.0,5.104
2326,2354.0,5.371
2327,2355.0,7.165
2328,2356.0,7.314
2329,2357.0,5.217
2330,2358.0,5.354
2331,2359.0,5.886
2332,2360.0,7.165
2333,2361.0,6.451
2334,2362.0,5.023
2335,2363.0,6.722
2336,2364.0,7.234
2337,2365.0,5.428
2338,2366.0,4.934
2339,2367.0,7.044
2340,2368.0,7.274
2341,2369.0,5.307
2342,2370.0,4.787
2343,2371.0,4.911
2344,2372.0,4.739
2345,2373.0,4.951
2346,2374.0,4.82
2347,2375.0,7.246
2348,2376.0,5.185
2349,2377.0,5.007
2350,2378.0,6.531
2351,2379.0,4.909
2352,2380.0,6.289
2353,2381.0,5.622
2354,2382.0,4.787
2355,2384.0,6.924
2356,2385.0,5.226
2357,2386.0,4.82
2358,2387.0,7.286
2359,2388.0,5.104
2360,2389.0,4.706
2361,2390.0,6.36
2362,2391.0,5.653
2363,2392.0,5.032
2364,2393.0,4.853
2365,2394.0,6.4
2366,2395.0,5.136
2367,2396.0,4.82
2368,2397.0,6.883
2369,2398.0,5.096
2370,2399.0,4.87
2371,2400.0,4.79
2372,2401.0,5.193
2373,2402.0,4.959
2374,2403.0,4.894
2375,2404.0,5.048
2376,2405.0,5.064
2377,2406.0,5.177
2378,2407.0,4.951
2379,2408.0,4.813
2380,2409.0,4.861
2381,2410.0,6.601
2382,2411.0,7.246
2383,2412.0,6.057
2384,2413.0,5.072
2385,2414.0,4.934
2386,2415.0,6.803
2387,2416.0,7.274
2388,2417.0,5.307
2389,2418.0,4.934
2390,2419.0,7.085
2391,2420.0,7.274
2392,2421.0,5.226
2393,2422.0,6.33
2394,2423.0,7.205
2395,2424.0,5.896
2396,2425.0,4.909
2397,2426.0,4.886
2398,2427.0,4.911
2399,2428.0,4.926
2400,2429.0,4.926
2401,2430.0,5.886
2402,2431.0,5.905
2403,2432.0,4.828
2404,2433.0,6.722
2405,2434.0,5.307
2406,2435.0,4.787
2407,2436.0,7.205
2408,2437.0,5.185
2409,2438.0,4.886
2410,2439.0,6.733
2411,2440.0,4.95
2412,2441.0,6.088
2413,2442.0,5.743
2414,2443.0,4.787
2415,2444.0,4.82
2416,2445.0,7.205
2417,2446.0,5.16
2418,2447.0,5.072
2419,2448.0,4.919
2420,2449.0,6.249
2421,2450.0,4.942
2422,2451.0,4.919
2423,2452.0,5.622
2424,2453.0,4.919
2425,2454.0,4.83
2426,2455.0,5.024
2427,2456.0,5.024
2428,2457.0,4.813
2429,2458.0,5.307
2430,2459.0,4.991
2431,2460.0,4.886
2432,2461.0,5.056
2433,2462.0,4.983
2434,2463.0,5.258
2435,2464.0,4.982
2436,2465.0,7.044
2437,2466.0,7.314
2438,2467.0,5.185
2439,2469.0,5.024
2440,2470.0,5.249
2441,2471.0,7.165
2442,2472.0,7.154
2443,2473.0,5.185
2444,2474.0,6.451
2445,2475.0,7.274
2446,2476.0,5.743
2447,2477.0,4.942
2448,2478.0,6.964
2449,2479.0,7.274
2450,2480.0,5.347
2451,2481.0,4.82
2452,2482.0,4.911
2453,2483.0,4.739
2454,2484.0,4.951
2455,2485.0,4.739
2456,2486.0,7.044
2457,2487.0,5.112
2458,2488.0,4.813
2459,2489.0,7.286
2460,2490.0,5.031
2461,2491.0,5.644
2462,2492.0,6.057
2463,2493.0,4.828
2464,2494.0,6.601
2465,2495.0,5.388
2466,2496.0,4.747
2467,2497.0,7.085
2468,2498.0,5.145
2469,2499.0,4.714
2470,2500.0,5.765
2471,2501.0,5.967
2472,2502.0,5.032
2473,2503.0,4.853
2474,2504.0,5.877
2475,2505.0,5.258
2476,2506.0,4.78
2477,2507.0,6.561
2478,2508.0,5.064
2479,2509.0,4.87
2480,2510.0,4.823
2481,2511.0,5.224
2482,2512.0,5.112
2483,2513.0,4.934
2484,2514.0,5.096
2485,2515.0,4.943
2486,2516.0,5.371
2487,2517.0,4.991
2488,2518.0,4.886
2489,2519.0,4.942
2490,2520.0,6.37
2491,2521.0,7.234
2492,2522.0,6.612
2493,2523.0,5.12
2494,2524.0,5.048
2495,2525.0,6.601
2496,2526.0,7.246
2497,2527.0,5.541
2498,2528.0,4.982
2499,2529.0,7.004
2500,2530.0,7.274
2501,2531.0,5.46
2502,2532.0,5.927
2503,2533.0,7.165
2504,2534.0,6.451
2505,2535.0,5.023
2506,2536.0,4.901
2507,2537.0,4.903
2508,2538.0,4.886
2509,2539.0,5.08
2510,2540.0,5.128
2511,2541.0,6.451
2512,2542.0,4.95
2513,2543.0,6.33
2514,2544.0,5.622
2515,2545.0,4.787
2516,2546.0,7.004
2517,2547.0,5.153
2518,2548.0,4.853
2519,2549.0,7.286
2520,2550.0,5.104
2521,2551.0,5.483
2522,2553.0,6.168
2523,2554.0,4.869
2524,2555.0,4.706
2525,2556.0,7.004
2526,2557.0,5.217
2527,2558.0,4.983
2528,2559.0,4.846
2529,2560.0,6.832
2530,2561.0,5.023
2531,2562.0,4.878
2532,2563.0,5.976
2533,2564.0,4.959
2534,2565.0,4.823
2535,2566.0,4.798
2536,2567.0,5.024
2537,2568.0,4.853
2538,2569.0,5.5
2539,2570.0,4.991
2540,2571.0,4.886
2541,2572.0,4.982
2542,2573.0,4.943
2543,2574.0,5.46
2544,2575.0,4.78
2545,2576.0,6.964
2546,2577.0,7.274
2547,2578.0,5.347
2548,2579.0,5.032
2549,2580.0,4.934
2550,2581.0,7.044
2551,2582.0,7.274
2552,2583.0,5.347
2553,2584.0,6.128
2554,2585.0,7.205
2555,2586.0,6.138
2556,2587.0,4.99
2557,2588.0,6.843
2558,2589.0,7.286
2559,2590.0,5.307
2560,2591.0,4.828
2561,2592.0,4.911
2562,2593.0,4.772
2563,2594.0,4.951
2564,2595.0,4.82
2565,2596.0,6.803
2566,2597.0,5.266
2567,2598.0,4.828
2568,2599.0,7.205
2569,2600.0,5.185
2570,2601.0,4.886
2571,2602.0,6.612
2572,2603.0,4.909
2573,2604.0,6.209
2574,2605.0,5.662
2575,2606.0,4.828
2576,2607.0,6.883
2577,2608.0,5.185
2578,2609.0,4.706
2579,2610.0,5.048
2580,2611.0,6.44
2581,2612.0,5.072
2582,2613.0,4.886
2583,2614.0,5.112
2584,2615.0,5.5
2585,2616.0,4.853
2586,2617.0,6.159
2587,2618.0,5.217
2588,2619.0,4.87
2589,2620.0,4.83
2590,2621.0,5.313
2591,2622.0,4.983
2592,2623.0,4.982
2593,2624.0,5.056
2594,2625.0,4.943
2595,2626.0,5.653
2596,2627.0,4.999
2597,2628.0,4.959
2598,2629.0,5.015
2599,2630.0,5.936
2600,2631.0,7.205
2601,2632.0,7.286
2602,2633.0,5.169
2603,2634.0,5.169
2604,2635.0,6.289
2605,2636.0,7.205
2606,2638.0,5.936
2607,2639.0,4.95
2608,2640.0,6.883
2609,2641.0,7.274
2610,2642.0,5.185
2611,2643.0,5.33
2612,2644.0,7.125
2613,2645.0,7.154
2614,2646.0,5.145
2615,2647.0,4.747
2616,2648.0,4.911
2617,2649.0,4.82
2618,2650.0,4.991
2619,2651.0,4.853
2620,2652.0,7.165
2621,2653.0,5.023
2622,2654.0,5.806
2623,2655.0,5.976
2624,2656.0,4.828
2625,2657.0,6.682
2626,2658.0,5.347
2627,2659.0,4.747
2628,2660.0,7.165
2629,2661.0,5.226
2630,2662.0,4.846
2631,2663.0,6.814
2632,2664.0,4.99
2633,2665.0,4.673
2634,2666.0,6.763
2635,2667.0,5.339
2636,2668.0,5.032
2637,2669.0,4.82
2638,2670.0,6.763
2639,2671.0,5.064
2640,2672.0,4.886
2641,2673.0,6.44
2642,2674.0,5.048
2643,2675.0,4.79
2644,2676.0,4.79
2645,2677.0,5.064
2646,2678.0,4.886
2647,2679.0,5.064
2648,2680.0,4.999
2649,2681.0,4.959
2650,2682.0,5.064
2651,2683.0,4.943
2652,2684.0,5.136
2653,2685.0,4.82
2654,2686.0,6.843
2655,2687.0,7.274
2656,2688.0,5.662
2657,2689.0,5.072
2658,2690.0,4.894
2659,2691.0,6.964
2660,2692.0,7.274
2661,2693.0,5.307
2662,2694.0,5.694
2663,2695.0,7.125
2664,2696.0,6.722
2665,2697.0,5.064
2666,2698.0,6.642
2667,2699.0,7.234
2668,2700.0,5.541
2669,2701.0,4.869
2670,2702.0,4.919
2671,2703.0,4.846
2672,2704.0,4.959
2673,2705.0,4.853
2674,2706.0,6.44
2675,2707.0,5.509
2676,2708.0,4.787
2677,2709.0,7.044
2678,2710.0,5.104
2679,2711.0,4.853
2680,2712.0,7.286
2681,2713.0,5.031
2682,2714.0,5.644
2683,2715.0,6.057
2684,2716.0,4.828
2685,2717.0,6.561
2686,2718.0,5.388
2687,2719.0,4.747
2688,2720.0,4.813
2689,2722.0,7.125
2690,2723.0,5.08
2691,2724.0,4.959
2692,2725.0,4.878
2693,2726.0,5.774
2694,2727.0,4.861
2695,2728.0,5.555
2696,2729.0,5.339
2697,2730.0,4.87
2698,2731.0,4.79
2699,2732.0,5.354
2700,2733.0,4.983
2701,2734.0,5.096
2702,2735.0,5.104
2703,2736.0,4.951
2704,2737.0,4.813
2705,2738.0,5.007
2706,2739.0,4.991
2707,2740.0,5.104
2708,2741.0,5.298
2709,2742.0,7.165
2710,2743.0,7.274
2711,2744.0,5.249
2712,2745.0,5.394
2713,2746.0,5.846
2714,2747.0,7.165
2715,2748.0,6.491
2716,2749.0,5.023
2717,2750.0,6.722
2718,2751.0,7.234
2719,2752.0,5.46
2720,2753.0,4.942
2721,2754.0,7.085
2722,2755.0,7.274
2723,2756.0,5.339
2724,2757.0,4.747
2725,2758.0,4.951
2726,2759.0,4.739
2727,2760.0,4.991
2728,2761.0,4.78
2729,2762.0,7.246
2730,2763.0,5.153
2731,2764.0,5.007
2732,2765.0,6.531
2733,2766.0,4.942
2734,2767.0,6.249
2735,2768.0,5.703
2736,2769.0,4.787
2737,2770.0,6.924
2738,2771.0,5.145
2739,2772.0,4.82
2740,2773.0,7.246
2741,2774.0,5.072
2742,2775.0,4.673
2743,2776.0,6.289
2744,2777.0,5.613
2745,2778.0,5.032
2746,2779.0,4.82
2747,2780.0,6.36
2748,2781.0,5.104
2749,2782.0,4.82
2750,2783.0,6.883
2751,2784.0,5.064
2752,2785.0,4.219
2753,2786.0,4.75
2754,2787.0,4.823
2755,2788.0,5.313
2756,2789.0,4.983
2757,2790.0,4.975
2758,2791.0,4.982
2759,2792.0,4.951
2760,2793.0,5.572
2761,2794.0,4.999
2762,2795.0,4.926
2763,2796.0,4.982
2764,2797.0,5.967
2765,2798.0,7.205
2766,2799.0,7.246
2767,2800.0,5.16
2768,2801.0,5.169
2769,2802.0,6.33
2770,2803.0,7.246
2771,2804.0,5.936
2772,2805.0,4.942
2773,2806.0,6.883
2774,2807.0,7.274
2775,2809.0,5.185
2776,2810.0,5.451
2777,2811.0,7.125
2778,2812.0,7.125
2779,2813.0,5.145
2780,2814.0,4.82
2781,2815.0,4.911
2782,2816.0,4.82
2783,2817.0,4.983
2784,2818.0,4.846
2785,2819.0,7.125
2786,2820.0,5.031
2787,2821.0,5.806
2788,2822.0,5.986
2789,2823.0,4.828
2790,2824.0,6.722
2791,2825.0,5.347
2792,2826.0,4.747
2793,2827.0,7.165
2794,2828.0,5.266
2795,2829.0,4.846
2796,2830.0,6.854
2797,2831.0,4.95
2798,2832.0,4.706
2799,2833.0,6.763
2800,2834.0,5.379
2801,2835.0,5.024
2802,2836.0,4.853
2803,2837.0,6.763
2804,2838.0,5.104
2805,2839.0,4.846
2806,2840.0,6.451
2807,2841.0,4.982
2808,2842.0,4.26
2809,2843.0,4.677
2810,2844.0,4.83
2811,2845.0,5.394
2812,2846.0,5.064
2813,2847.0,5.015
2814,2848.0,5.226
2815,2849.0,4.951
2816,2850.0,4.853
2817,2851.0,5.007
2818,2852.0,4.983
2819,2853.0,5.177
2820,2854.0,5.064
2821,2855.0,7.085
2822,2856.0,7.274
2823,2857.0,5.307
2824,2858.0,5.032
2825,2859.0,5.451
2826,2860.0,7.125
2827,2861.0,6.964
2828,2862.0,5.104
2829,2863.0,6.561
2830,2864.0,7.246
2831,2865.0,5.622
2832,2866.0,4.869
2833,2867.0,7.004
2834,2868.0,7.274
2835,2869.0,5.5
2836,2870.0,4.787
2837,2871.0,4.911
2838,2872.0,4.739
2839,2873.0,4.951
2840,2874.0,4.747
2841,2875.0,7.125
2842,2876.0,5.145
2843,2877.0,4.853
2844,2878.0,7.044
2845,2879.0,4.99
2846,2880.0,5.886
2847,2881.0,5.945
2848,2882.0,4.828
2849,2883.0,6.722
2850,2884.0,5.307
2851,2885.0,4.787
2852,2886.0,7.165
2853,2887.0,5.226
2854,2888.0,4.706
2855,2889.0,6.007
2856,2890.0,5.886
2857,2891.0,5.072
2858,2892.0,4.853
2859,2894.0,6.038
2860,2895.0,5.217
2861,2896.0,4.82
2862,2897.0,6.722
2863,2898.0,5.056
2864,2899.0,4.341
2865,2900.0,4.382
2866,2901.0,4.75
2867,2902.0,4.83
2868,2903.0,5.152
2869,2904.0,5.032
2870,2905.0,4.861
2871,2906.0,5.088
2872,2907.0,4.943
2873,2908.0,5.258
2874,2909.0,4.991
2875,2910.0,4.886
2876,2911.0,4.861
2877,2912.0,6.572
2878,2913.0,7.246
2879,2914.0,6.249
2880,2915.0,5.08
2881,2916.0,5.007
2882,2917.0,6.763
2883,2918.0,7.274
2884,2919.0,5.379
2885,2920.0,5.015
2886,2921.0,7.085
2887,2922.0,7.274
2888,2923.0,5.266
2889,2924.0,6.249
2890,2925.0,7.246
2891,2926.0,6.017
2892,2927.0,4.95
2893,2928.0,4.894
2894,2929.0,4.911
2895,2930.0,4.886
2896,2931.0,4.967
2897,2932.0,5.685
2898,2933.0,6.057
2899,2934.0,4.869
2900,2935.0,6.642
2901,2936.0,5.388
2902,2937.0,4.747
2903,2938.0,7.125
2904,2939.0,5.266
2905,2940.0,4.853
2906,2941.0,6.964
2907,2942.0,4.99
2908,2943.0,5.927
2909,2944.0,5.864
2910,2945.0,4.828
2911,2946.0,4.673
2912,2947.0,7.165
2913,2948.0,5.177
2914,2949.0,5.104
2915,2950.0,4.878
2916,2951.0,6.451
2917,2952.0,4.942
2918,2953.0,4.911
2919,2954.0,5.694
2920,2955.0,4.861
2921,2956.0,4.611
2922,2957.0,4.823
2923,2958.0,4.782
2924,2959.0,5.064
2925,2960.0,4.853
2926,2961.0,5.581
2927,2962.0,4.999
2928,2963.0,4.959
2929,2964.0,4.982
2930,2965.0,4.991
2931,2966.0,5.613
2932,2967.0,4.82
2933,2968.0,6.883
2934,2969.0,7.286
2935,2970.0,5.509
2936,2971.0,5.072
2937,2972.0,4.861
2938,2973.0,7.004
2939,2974.0,7.274
2940,2975.0,5.541
2941,2977.0,5.846
2942,2978.0,7.556
2943,2979.0,6.572
2944,2980.0,5.096
2945,2981.0,6.682
2946,2982.0,7.274
2947,2983.0,5.428
2948,2984.0,4.901
2949,2985.0,4.919
2950,2986.0,4.846
2951,2987.0,4.919
2952,2988.0,4.853
2953,2989.0,6.601
2954,2990.0,5.428
2955,2991.0,4.787
2956,2992.0,7.085
2957,2993.0,5.112
2958,2994.0,4.853
2959,2995.0,7.125
2960,2996.0,4.99
2961,2997.0,5.806
2962,2998.0,5.945
2963,2999.0,4.828
2964,3000.0,6.682
2965,3001.0,5.347
2966,3002.0,4.754
2967,3003.0,4.853
2968,3004.0,6.883
2969,3005.0,5.08
2970,3006.0,4.926
2971,3007.0,4.911
2972,3008.0,5.653
2973,3009.0,4.861
2974,3010.0,5.796
2975,3011.0,5.298
2976,3012.0,4.544
2977,3013.0,4.57
2978,3014.0,4.79
2979,3015.0,4.782
2980,3016.0,5.064
2981,3017.0,4.886
2982,3018.0,5.42
2983,3019.0,4.999
2984,3020.0,4.919
2985,3021.0,5.023
2986,3022.0,4.951
2987,3023.0,5.572
2988,3024.0,4.82
2989,3025.0,6.883
2990,3026.0,7.274
2991,3027.0,5.541
2992,3028.0,5.032
2993,3029.0,4.901
2994,3030.0,6.964
2995,3031.0,7.274
2996,3032.0,5.469
2997,3033.0,5.896
2998,3034.0,7.165
2999,3035.0,6.531
3000,3036.0,5.031
3001,3037.0,6.722
3002,3038.0,7.246
3003,3039.0,5.46
3004,3040.0,4.861
3005,3041.0,4.919
3006,3042.0,4.886
3007,3043.0,4.951
3008,3044.0,4.853
3009,3045.0,6.642
3010,3046.0,5.388
3011,3047.0,4.787
3012,3048.0,7.085
3013,3049.0,5.185
3014,3050.0,4.886
3015,3051.0,7.044
3016,3052.0,4.99
3017,3053.0,5.927
3018,3054.0,5.905
3019,3055.0,4.901
3020,3056.0,6.722
3021,3057.0,5.307
3022,3058.0,4.747
3023,3060.0,4.846
3024,3061.0,6.803
3025,3062.0,5.072
3026,3063.0,4.926
3027,3064.0,4.911
3028,3065.0,5.622
3029,3066.0,4.869
3030,3067.0,5.837
3031,3068.0,5.266
3032,3069.0,4.544
3033,3070.0,4.603
3034,3071.0,4.79
3035,3072.0,4.782
3036,3073.0,5.024
3037,3074.0,4.853
3038,3075.0,5.541
3039,3076.0,4.999
3040,3077.0,4.926
3041,3078.0,4.942
3042,3079.0,4.943
3043,3080.0,5.5
3044,3081.0,4.82
3045,3082.0,6.964
3046,3083.0,7.274
3047,3084.0,5.388
3048,3085.0,5.032
3049,3086.0,4.934
3050,3087.0,7.044
3051,3088.0,7.274
3052,3089.0,5.388
3053,3090.0,6.048
3054,3091.0,7.205
3055,3092.0,6.219
3056,3093.0,4.982
3057,3094.0,6.803
3058,3095.0,7.274
3059,3096.0,5.347
3060,3097.0,4.828
3061,3098.0,4.919
3062,3099.0,4.813
3063,3100.0,4.911
3064,3101.0,4.813
3065,3102.0,6.722
3066,3103.0,5.347
3067,3104.0,4.787
3068,3105.0,7.205
3069,3106.0,5.226
3070,3107.0,4.886
3071,3108.0,6.773
3072,3109.0,4.982
3073,3110.0,6.088
3074,3111.0,5.784
3075,3112.0,4.787
3076,3113.0,6.843
3077,3114.0,5.226
3078,3115.0,4.747
3079,3116.0,4.846
3080,3117.0,6.671
3081,3118.0,5.08
3082,3119.0,4.959
3083,3120.0,4.951
3084,3121.0,5.572
3085,3122.0,4.828
3086,3123.0,6.038
3087,3124.0,5.185
3088,3125.0,4.463
3089,3126.0,4.57
3090,3127.0,4.79
3091,3128.0,4.863
3092,3129.0,5.184
3093,3130.0,4.894
3094,3131.0,5.622
3095,3132.0,4.999
3096,3133.0,4.926
3097,3134.0,4.982
3098,3135.0,4.951
3099,3136.0,5.613
3100,3137.0,4.828
3101,3138.0,6.883
3102,3139.0,7.274
3103,3140.0,5.5
3104,3141.0,5.032
3105,3142.0,4.901
3106,3143.0,7.004
3107,3144.0,7.274
3108,3146.0,5.46
3109,3147.0,5.886
3110,3148.0,7.165
3111,3149.0,6.491
3112,3150.0,5.031
3113,3151.0,6.722
3114,3152.0,7.246
3115,3153.0,5.428
3116,3154.0,4.869
3117,3155.0,4.919
3118,3156.0,4.805
3119,3157.0,4.951
3120,3158.0,4.82
3121,3159.0,6.601
3122,3160.0,5.428
3123,3161.0,4.787
3124,3162.0,7.125
3125,3163.0,5.145
3126,3164.0,4.853
3127,3165.0,7.044
3128,3166.0,4.99
3129,3167.0,5.927
3130,3168.0,5.905
3131,3169.0,4.869
3132,3170.0,6.722
3133,3171.0,5.347
3134,3172.0,4.747
3135,3173.0,4.886
3136,3174.0,6.832
3137,3175.0,5.112
3138,3176.0,4.959
3139,3177.0,4.951
3140,3178.0,5.662
3141,3179.0,4.901
3142,3180.0,5.837
3143,3181.0,5.29
3144,3182.0,4.503
3145,3183.0,4.644
3146,3184.0,4.79
3147,3185.0,4.83
3148,3186.0,5.024
3149,3187.0,4.886
3150,3188.0,5.46
3151,3189.0,5.04
3152,3190.0,4.886
3153,3191.0,4.982
3154,3192.0,4.943
3155,3193.0,5.42
3156,3194.0,4.78
3157,3195.0,6.964
3158,3196.0,7.274
3159,3197.0,5.307
3160,3198.0,5.032
3161,3199.0,4.934
3162,3200.0,7.044
3163,3201.0,7.274
3164,3202.0,5.307
3165,3203.0,6.209
3166,3204.0,7.205
3167,3205.0,6.097
3168,3206.0,4.982
3169,3207.0,6.843
3170,3208.0,7.274
3171,3209.0,5.266
3172,3210.0,4.828
3173,3211.0,4.919
3174,3212.0,4.772
3175,3213.0,4.951
3176,3214.0,4.78
3177,3215.0,6.803
3178,3216.0,5.266
3179,3217.0,4.828
3180,3218.0,7.246
3181,3219.0,5.145
3182,3220.0,5.007
3183,3221.0,6.531
3184,3222.0,4.909
3185,3223.0,6.249
3186,3224.0,5.662
3187,3225.0,4.787
3188,3226.0,6.924
3189,3227.0,5.185
3190,3229.0,4.747
3191,3230.0,5.209
3192,3231.0,6.37
3193,3232.0,5.072
3194,3233.0,4.886
3195,3234.0,5.313
3196,3235.0,5.451
3197,3236.0,4.828
3198,3237.0,6.279
3199,3238.0,5.136
3200,3239.0,4.463
3201,3240.0,4.677
3202,3241.0,4.823
3203,3242.0,5.144
3204,3243.0,5.064
3205,3244.0,4.894
3206,3245.0,5.298
3207,3246.0,4.991
3208,3247.0,4.886
3209,3248.0,5.056
3210,3249.0,5.024
3211,3250.0,5.258
3212,3251.0,5.096
3213,3252.0,7.085
3214,3253.0,7.314
3215,3254.0,5.226
3216,3255.0,5.064
3217,3256.0,5.29
3218,3257.0,7.165
3219,3258.0,7.113
3220,3259.0,5.185
3221,3260.0,6.491
3222,3261.0,7.205
3223,3262.0,5.703
3224,3263.0,4.909
3225,3264.0,6.964
3226,3265.0,7.234
3227,3266.0,5.509
3228,3267.0,4.787
3229,3268.0,4.911
3230,3269.0,4.739
3231,3270.0,4.951
3232,3271.0,4.739
3233,3272.0,7.085
3234,3273.0,5.072
3235,3274.0,4.853
3236,3275.0,7.205
3237,3276.0,5.031
3238,3277.0,5.725
3239,3278.0,6.026
3240,3279.0,4.828
3241,3280.0,6.642
3242,3281.0,5.388
3243,3282.0,4.747
3244,3283.0,7.125
3245,3284.0,5.266
3246,3285.0,4.706
3247,3286.0,5.846
3248,3287.0,5.936
3249,3288.0,5.032
3250,3289.0,4.853
3251,3290.0,5.917
3252,3291.0,5.266
3253,3292.0,4.82
3254,3293.0,6.601
3255,3294.0,5.056
3256,3295.0,4.341
3257,3296.0,4.717
3258,3297.0,4.79
3259,3298.0,5.434
3260,3299.0,4.983
3261,3300.0,5.096
3262,3301.0,5.145
3263,3302.0,4.991
3264,3303.0,4.813
3265,3304.0,5.04
3266,3305.0,5.032
3267,3306.0,5.217
3268,3307.0,5.217
3269,3308.0,7.165
3270,3309.0,7.274
3271,3310.0,5.249
3272,3312.0,5.394
3273,3313.0,5.846
3274,3314.0,7.165
3275,3315.0,6.572
3276,3316.0,5.023
3277,3317.0,6.682
3278,3318.0,7.246
3279,3319.0,5.5
3280,3320.0,4.942
3281,3321.0,7.085
3282,3322.0,7.246
3283,3323.0,5.379
3284,3324.0,4.787
3285,3325.0,4.951
3286,3326.0,4.739
3287,3327.0,4.991
3288,3328.0,4.78
3289,3329.0,7.246
3290,3330.0,5.185
3291,3331.0,4.886
3292,3332.0,6.612
3293,3333.0,4.909
3294,3334.0,6.168
3295,3335.0,5.703
3296,3336.0,4.787
3297,3337.0,6.883
3298,3338.0,5.185
3299,3339.0,4.82
3300,3340.0,7.246
3301,3341.0,5.112
3302,3342.0,4.666
3303,3343.0,6.289
3304,3344.0,5.676
3305,3345.0,5.032
3306,3346.0,4.853
3307,3347.0,6.32
3308,3348.0,5.145
3309,3349.0,4.813
3310,3350.0,6.872
3311,3351.0,5.104
3312,3352.0,4.301
3313,3353.0,4.709
3314,3354.0,4.823
3315,3355.0,5.313
3316,3356.0,4.983
3317,3357.0,5.015
3318,3358.0,5.064
3319,3359.0,4.951
3320,3360.0,4.975
3321,3361.0,4.999
3322,3362.0,4.999
3323,3363.0,5.064
3324,3364.0,5.572
3325,3365.0,7.165
3326,3366.0,7.314
3327,3367.0,5.209
3328,3368.0,5.273
3329,3369.0,6.048
3330,3370.0,7.165
3331,3371.0,6.219
3332,3372.0,5.023
3333,3373.0,6.803
3334,3374.0,7.274
3335,3375.0,5.307
3336,3376.0,4.967
3337,3377.0,7.085
3338,3378.0,7.274
3339,3379.0,5.226
3340,3380.0,4.787
3341,3381.0,4.911
3342,3382.0,4.739
3343,3383.0,4.943
3344,3384.0,4.853
3345,3385.0,7.274
3346,3386.0,5.104
3347,3387.0,5.322
3348,3388.0,6.289
3349,3389.0,4.869
3350,3390.0,6.44
3351,3391.0,5.509
3352,3392.0,4.787
3353,3393.0,7.004
3354,3395.0,5.145
3355,3396.0,4.813
3356,3397.0,7.274
3357,3398.0,5.031
3358,3399.0,4.706
3359,3400.0,6.521
3360,3401.0,5.46
3361,3402.0,5.024
3362,3403.0,4.78
3363,3404.0,6.561
3364,3405.0,5.064
3365,3406.0,4.853
3366,3407.0,6.843
3367,3408.0,5.015
3368,3409.0,4.26
3369,3410.0,4.717
3370,3411.0,4.823
3371,3412.0,5.313
3372,3413.0,4.983
3373,3414.0,5.015
3374,3415.0,5.064
3375,3416.0,4.951
3376,3417.0,4.934
3377,3418.0,4.999
3378,3419.0,4.999
3379,3420.0,5.385
3380,3421.0,5.908
3381,3422.0,7.314
3382,3423.0,7.314
3383,3424.0,5.209
3384,3425.0,5.313
3385,3426.0,6.048
3386,3427.0,7.194
3387,3428.0,6.289
3388,3429.0,5.023
3389,3430.0,6.803
3390,3431.0,7.234
3391,3432.0,5.339
3392,3433.0,5.007
3393,3434.0,7.165
3394,3435.0,7.274
3395,3436.0,5.266
3396,3437.0,4.747
3397,3438.0,4.911
3398,3439.0,4.739
3399,3440.0,4.983
3400,3441.0,4.82
3401,3442.0,7.274
3402,3443.0,5.104
3403,3444.0,5.29
3404,3445.0,6.38
3405,3446.0,4.909
3406,3447.0,6.4
3407,3448.0,5.581
3408,3449.0,4.787
3409,3450.0,7.004
3410,3451.0,5.104
3411,3452.0,4.853
3412,3453.0,7.274
3413,3454.0,5.072
3414,3455.0,4.673
3415,3456.0,6.521
3416,3457.0,5.532
3417,3458.0,5.032
3418,3459.0,4.82
3419,3460.0,6.561
3420,3461.0,5.096
3421,3462.0,4.894
3422,3463.0,6.913
3423,3464.0,5.096
3424,3465.0,4.301
3425,3466.0,4.79
3426,3467.0,4.79
3427,3468.0,5.281
3428,3469.0,4.983
3429,3470.0,5.056
3430,3471.0,5.064
3431,3472.0,4.951
3432,3473.0,5.056
3433,3474.0,4.999
3434,3475.0,4.959
3435,3476.0,5.056
3436,3477.0,5.694
3437,3479.0,7.165
3438,3480.0,7.314
3439,3481.0,5.169
3440,3482.0,5.241
3441,3483.0,6.088
3442,3484.0,7.165
3443,3485.0,6.249
3444,3486.0,4.982
3445,3487.0,6.803
3446,3488.0,7.274
3447,3489.0,5.339
3448,3490.0,5.048
3449,3491.0,7.085
3450,3492.0,7.274
3451,3493.0,5.226
3452,3494.0,4.787
3453,3495.0,4.911
3454,3496.0,4.739
3455,3497.0,4.951
3456,3498.0,4.853
3457,3499.0,7.314
3458,3500.0,5.064
3459,3501.0,5.483
3460,3502.0,6.219
3461,3503.0,4.869
3462,3504.0,6.521
3463,3505.0,5.469
3464,3506.0,4.787
3465,3507.0,7.044
3466,3508.0,5.136
3467,3509.0,4.853
3468,3510.0,7.205
3469,3511.0,4.99
3470,3512.0,4.706
3471,3513.0,6.561
3472,3514.0,5.492
3473,3515.0,4.991
3474,3516.0,4.813
3475,3517.0,6.601
3476,3518.0,5.096
3477,3519.0,4.853
3478,3520.0,6.832
3479,3521.0,4.982
3480,3522.0,4.301
3481,3523.0,4.75
3482,3524.0,4.79
3483,3525.0,5.313
3484,3526.0,4.983
3485,3527.0,4.982
3486,3528.0,4.982
3487,3529.0,4.951
3488,3530.0,5.613
3489,3531.0,4.999
3490,3532.0,4.926
3491,3533.0,4.982
3492,3534.0,5.936
3493,3535.0,7.205
3494,3536.0,7.274
3495,3537.0,5.16
3496,3538.0,5.16
3497,3539.0,6.32
3498,3540.0,7.194
3499,3541.0,5.936
3500,3542.0,4.95
3501,3543.0,6.924
3502,3544.0,7.234
3503,3545.0,5.226
3504,3546.0,5.371
3505,3547.0,7.165
3506,3548.0,7.154
3507,3549.0,5.185
3508,3550.0,4.78
3509,3551.0,4.951
3510,3552.0,4.82
3511,3553.0,4.991
3512,3554.0,4.846
3513,3555.0,7.205
3514,3556.0,5.031
3515,3557.0,5.806
3516,3558.0,5.976
3517,3559.0,4.869
3518,3560.0,6.682
3519,3561.0,5.388
3520,3562.0,4.747
3521,3563.0,7.165
3522,3565.0,5.226
3523,3566.0,4.886
3524,3567.0,6.814
3525,3568.0,4.99
3526,3569.0,4.666
3527,3570.0,6.763
3528,3571.0,5.379
3529,3572.0,5.032
3530,3573.0,4.813
3531,3574.0,6.792
3532,3575.0,5.064
3533,3576.0,4.886
3534,3577.0,6.44
3535,3578.0,4.982
3536,3579.0,4.219
3537,3580.0,4.757
3538,3581.0,4.79
3539,3582.0,5.313
3540,3583.0,4.943
3541,3584.0,4.975
3542,3585.0,4.982
3543,3586.0,4.991
3544,3587.0,5.532
3545,3588.0,5.04
3546,3589.0,4.926
3547,3590.0,5.015
3548,3591.0,6.048
3549,3592.0,7.246
3550,3593.0,7.165
3551,3594.0,5.16
3552,3595.0,5.128
3553,3596.0,6.37
3554,3597.0,7.205
3555,3598.0,5.824
3556,3599.0,4.909
3557,3600.0,6.964
3558,3601.0,7.274
3559,3602.0,5.185
3560,3603.0,5.492
3561,3604.0,7.125
3562,3605.0,6.964
3563,3606.0,5.104
3564,3607.0,4.747
3565,3608.0,4.903
3566,3609.0,4.82
3567,3610.0,5.144
3568,3611.0,4.846
3569,3612.0,6.964
3570,3613.0,4.99
3571,3614.0,5.927
3572,3615.0,5.864
3573,3616.0,4.828
3574,3617.0,6.763
3575,3618.0,5.307
3576,3619.0,4.787
3577,3620.0,7.165
3578,3621.0,5.185
3579,3622.0,4.846
3580,3623.0,6.652
3581,3624.0,4.909
3582,3625.0,4.666
3583,3626.0,6.803
3584,3627.0,5.298
3585,3628.0,4.991
3586,3629.0,4.846
3587,3630.0,6.832
3588,3631.0,5.096
3589,3632.0,4.886
3590,3633.0,6.37
3591,3634.0,4.942
3592,3635.0,4.26
3593,3636.0,4.79
3594,3637.0,4.823
3595,3638.0,5.233
3596,3639.0,5.064
3597,3640.0,4.901
3598,3641.0,5.023
3599,3642.0,4.943
3600,3643.0,5.411
3601,3644.0,4.991
3602,3645.0,4.926
3603,3646.0,4.942
3604,3647.0,6.249
3605,3649.0,7.246
3606,3650.0,6.814
3607,3651.0,5.16
3608,3652.0,5.088
3609,3653.0,6.521
3610,3654.0,7.274
3611,3655.0,5.662
3612,3656.0,4.942
3613,3657.0,7.004
3614,3658.0,7.314
3615,3659.0,5.541
3616,3660.0,5.815
3617,3661.0,7.205
3618,3662.0,6.612
3619,3663.0,5.064
3620,3664.0,4.909
3621,3665.0,4.903
3622,3666.0,4.853
3623,3667.0,5.112
3624,3668.0,4.886
3625,3669.0,6.652
3626,3670.0,4.95
3627,3671.0,6.209
3628,3672.0,5.703
3629,3673.0,4.787
3630,3674.0,6.883
3631,3675.0,5.226
3632,3676.0,4.82
3633,3677.0,7.286
3634,3678.0,5.112
3635,3679.0,5.169
3636,3680.0,6.38
3637,3681.0,4.909
3638,3682.0,4.673
3639,3683.0,6.924
3640,3684.0,5.258
3641,3685.0,5.024
3642,3686.0,4.853
3643,3687.0,6.913
3644,3688.0,5.064
3645,3689.0,4.919
3646,3690.0,6.128
3647,3691.0,4.894
3648,3692.0,4.463
3649,3693.0,4.79
3650,3694.0,4.79
3651,3695.0,5.193
3652,3696.0,4.991
3653,3697.0,4.901
3654,3698.0,5.056
3655,3699.0,4.983
3656,3700.0,5.258
3657,3701.0,4.991
3658,3702.0,4.853
3659,3703.0,4.901
3660,3704.0,6.491
3661,3705.0,7.286
3662,3706.0,6.259
3663,3707.0,5.12
3664,3708.0,4.975
3665,3709.0,6.722
3666,3710.0,7.234
3667,3711.0,5.46
3668,3712.0,4.942
3669,3713.0,7.085
3670,3714.0,7.274
3671,3715.0,5.339
3672,3716.0,6.168
3673,3717.0,7.246
3674,3718.0,6.097
3675,3719.0,4.982
3676,3720.0,4.894
3677,3721.0,4.951
3678,3722.0,4.886
3679,3723.0,4.999
3680,3724.0,5.644
3681,3725.0,6.097
3682,3726.0,4.869
3683,3727.0,6.642
3684,3728.0,5.388
3685,3729.0,4.787
3686,3730.0,7.085
3687,3731.0,5.185
3688,3732.0,4.853
3689,3734.0,7.044
3690,3735.0,4.99
3691,3736.0,5.846
3692,3737.0,5.905
3693,3738.0,4.828
3694,3739.0,4.666
3695,3740.0,7.125
3696,3741.0,5.169
3697,3742.0,5.104
3698,3743.0,4.878
3699,3744.0,6.44
3700,3745.0,4.942
3701,3746.0,4.919
3702,3747.0,5.734
3703,3748.0,4.82
3704,3749.0,4.496
3705,3750.0,4.79
3706,3751.0,4.79
3707,3752.0,5.104
3708,3753.0,4.926
3709,3754.0,4.861
3710,3755.0,5.007
3711,3756.0,4.991
3712,3757.0,5.096
3713,3758.0,4.951
3714,3759.0,4.813
3715,3760.0,4.82
3716,3761.0,6.722
3717,3762.0,7.246
3718,3763.0,5.824
3719,3764.0,5.072
3720,3765.0,4.894
3721,3766.0,6.883
3722,3767.0,7.274
3723,3768.0,5.226
3724,3769.0,5.371
3725,3770.0,7.125
3726,3771.0,7.113
3727,3772.0,5.145
3728,3773.0,6.531
3729,3774.0,7.246
3730,3775.0,5.703
3731,3776.0,4.869
3732,3777.0,4.926
3733,3778.0,4.878
3734,3779.0,4.919
3735,3780.0,4.894
3736,3781.0,6.239
3737,3782.0,5.703
3738,3783.0,4.828
3739,3784.0,6.924
3740,3785.0,5.185
3741,3786.0,4.82
3742,3787.0,7.286
3743,3788.0,5.104
3744,3789.0,5.33
3745,3790.0,6.34
3746,3791.0,4.901
3747,3792.0,6.4
3748,3793.0,5.541
3749,3794.0,4.747
3750,3795.0,4.853
3751,3796.0,7.246
3752,3797.0,5.128
3753,3798.0,4.999
3754,3799.0,4.919
3755,3800.0,5.976
3756,3801.0,4.942
3757,3802.0,5.193
3758,3803.0,5.492
3759,3804.0,4.618
3760,3805.0,4.611
3761,3806.0,4.79
3762,3807.0,4.79
3763,3808.0,5.072
3764,3809.0,4.886
3765,3810.0,5.298
3766,3811.0,4.999
3767,3812.0,4.959
3768,3813.0,5.023
3769,3814.0,4.951
3770,3815.0,5.339
3771,3817.0,4.82
3772,3818.0,6.843
3773,3819.0,7.274
3774,3820.0,5.541
3775,3821.0,5.032
3776,3822.0,4.861
3777,3823.0,6.964
3778,3824.0,7.274
3779,3825.0,5.541
3780,3826.0,5.815
3781,3827.0,7.165
3782,3828.0,6.572
3783,3829.0,5.064
3784,3830.0,6.682
3785,3831.0,7.274
3786,3832.0,5.428
3787,3833.0,4.869
3788,3834.0,4.878
3789,3835.0,4.805
3790,3836.0,4.919
3791,3837.0,4.861
3792,3838.0,6.561
3793,3839.0,5.469
3794,3840.0,4.747
3795,3841.0,7.085
3796,3842.0,5.072
3797,3843.0,4.853
3798,3844.0,7.085
3799,3845.0,4.99
3800,3846.0,5.806
3801,3847.0,5.945
3802,3848.0,4.828
3803,3849.0,6.722
3804,3850.0,5.307
3805,3851.0,4.747
3806,3852.0,4.853
3807,3853.0,6.924
3808,3854.0,5.08
3809,3855.0,4.967
3810,3856.0,4.911
3811,3857.0,5.694
3812,3858.0,4.861
3813,3859.0,5.837
3814,3860.0,5.298
3815,3861.0,4.537
3816,3862.0,4.456
3817,3863.0,4.79
3818,3864.0,4.782
3819,3865.0,5.144
3820,3866.0,4.926
3821,3867.0,4.861
3822,3868.0,5.007
3823,3869.0,5.032
3824,3870.0,5.104
3825,3871.0,4.991
3826,3872.0,4.813
3827,3873.0,4.901
3828,3874.0,6.722
3829,3875.0,7.274
3830,3876.0,5.864
3831,3877.0,5.112
3832,3878.0,4.934
3833,3879.0,6.883
3834,3880.0,7.234
3835,3881.0,5.226
3836,3882.0,5.258
3837,3883.0,7.125
3838,3884.0,7.154
3839,3885.0,5.145
3840,3886.0,6.451
3841,3887.0,7.246
3842,3888.0,5.743
3843,3889.0,4.909
3844,3890.0,4.886
3845,3891.0,4.878
3846,3892.0,4.919
3847,3893.0,4.894
3848,3894.0,6.128
3849,3895.0,5.743
3850,3896.0,4.787
3851,3897.0,6.843
3852,3898.0,5.226
3853,3900.0,4.82
3854,3901.0,7.246
3855,3902.0,5.145
3856,3903.0,5.169
3857,3904.0,6.461
3858,3905.0,4.909
3859,3906.0,6.33
3860,3907.0,5.581
3861,3908.0,4.787
3862,3909.0,4.82
3863,3910.0,7.286
3864,3911.0,5.128
3865,3912.0,5.04
3866,3913.0,4.878
3867,3914.0,6.048
3868,3915.0,4.934
3869,3916.0,5.072
3870,3917.0,5.5
3871,3918.0,4.658
3872,3919.0,4.219
3873,3920.0,4.717
3874,3921.0,4.83
3875,3922.0,5.362
3876,3923.0,4.983
3877,3924.0,4.975
3878,3925.0,5.023
3879,3926.0,4.951
3880,3927.0,5.532
3881,3928.0,4.999
3882,3929.0,4.959
3883,3930.0,4.982
3884,3931.0,5.936
3885,3932.0,7.205
3886,3933.0,7.314
3887,3934.0,5.169
3888,3935.0,5.201
3889,3936.0,6.289
3890,3937.0,7.246
3891,3938.0,5.936
3892,3939.0,4.942
3893,3940.0,6.883
3894,3941.0,7.274
3895,3942.0,5.226
3896,3943.0,5.33
3897,3944.0,7.125
3898,3945.0,7.194
3899,3946.0,5.145
3900,3947.0,4.78
3901,3948.0,4.911
3902,3949.0,4.82
3903,3950.0,4.943
3904,3951.0,4.886
3905,3952.0,7.246
3906,3953.0,5.031
3907,3954.0,5.765
3908,3955.0,6.026
3909,3956.0,4.828
3910,3957.0,6.642
3911,3958.0,5.388
3912,3959.0,4.747
3913,3960.0,7.125
3914,3961.0,5.266
3915,3962.0,4.846
3916,3963.0,6.924
3917,3964.0,4.99
3918,3965.0,4.673
3919,3966.0,6.682
3920,3967.0,5.379
3921,3968.0,5.032
3922,3969.0,4.78
3923,3970.0,6.722
3924,3971.0,5.023
3925,3972.0,4.846
3926,3973.0,6.561
3927,3974.0,4.975
3928,3975.0,4.219
3929,3976.0,4.677
3930,3977.0,4.79
3931,3978.0,4.991
3932,3979.0,4.983
3933,3980.0,4.813
3934,3981.0,5.298
3935,3982.0,4.951
3936,3983.0,4.853
3937,3985.0,5.056
3938,3986.0,4.943
3939,3987.0,5.298
3940,3988.0,4.828
3941,3989.0,7.044
3942,3990.0,7.274
3943,3991.0,5.185
3944,3992.0,5.032
3945,3993.0,5.169
3946,3994.0,7.125
3947,3995.0,7.274
3948,3996.0,5.185
3949,3997.0,6.451
3950,3998.0,7.205
3951,3999.0,5.815
3952,4000.0,4.909
3953,4001.0,6.964
3954,4002.0,7.234
3955,4003.0,5.266
3956,4004.0,4.787
3957,4005.0,4.951
3958,4006.0,4.772
3959,4007.0,4.991
3960,4008.0,4.78
3961,4009.0,7.044
3962,4010.0,5.112
3963,4011.0,4.894
3964,4012.0,7.286
3965,4013.0,5.104
3966,4014.0,5.564
3967,4015.0,6.168
3968,4016.0,4.869
3969,4017.0,6.601
3970,4018.0,5.428
3971,4019.0,4.828
3972,4020.0,7.085
3973,4021.0,5.104
3974,4022.0,4.706
3975,4023.0,5.685
3976,4024.0,6.048
3977,4025.0,5.032
3978,4026.0,4.853
3979,4027.0,5.756
3980,4028.0,5.307
3981,4029.0,4.82
3982,4030.0,6.521
3983,4031.0,5.064
3984,4032.0,4.382
3985,4033.0,4.717
3986,4034.0,4.79
3987,4035.0,5.466
3988,4036.0,4.983
3989,4037.0,5.136
3990,4038.0,5.185
3991,4039.0,4.951
3992,4040.0,4.853
3993,4041.0,5.007
3994,4042.0,5.072
3995,4043.0,5.145
3996,4044.0,5.056
3997,4045.0,7.125
3998,4046.0,7.314
3999,4047.0,5.258
4000,4048.0,5.193
4001,4049.0,5.613
4002,4050.0,7.165
4003,4051.0,6.763
4004,4052.0,5.064
4005,4053.0,6.601
4006,4054.0,7.246
4007,4055.0,5.541
4008,4056.0,4.982
4009,4057.0,7.004
4010,4058.0,7.274
4011,4059.0,5.428
4012,4060.0,4.787
4013,4061.0,4.87
4014,4062.0,4.739
4015,4063.0,4.951
4016,4064.0,4.78
4017,4065.0,7.125
4018,4066.0,5.266
4019,4067.0,4.846
4020,4068.0,6.894
4021,4070.0,4.95
4022,4071.0,6.048
4023,4072.0,5.784
4024,4073.0,4.828
4025,4074.0,6.803
4026,4075.0,5.266
4027,4076.0,4.787
4028,4077.0,7.246
4029,4078.0,5.153
4030,4079.0,4.706
4031,4080.0,6.128
4032,4081.0,5.774
4033,4082.0,5.032
4034,4083.0,4.846
4035,4084.0,6.159
4036,4085.0,5.217
4037,4086.0,4.82
4038,4087.0,6.803
4039,4088.0,5.064
4040,4089.0,4.341
4041,4090.0,4.717
4042,4091.0,4.79
4043,4092.0,5.434
4044,4093.0,4.983
4045,4094.0,5.096
4046,4095.0,5.145
4047,4096.0,4.951
4048,4097.0,4.813
4049,4098.0,5.007
4050,4099.0,5.032
4051,4100.0,5.145
4052,4101.0,5.136
4053,4102.0,7.165
4054,4103.0,7.314
4055,4104.0,5.258
4056,4105.0,5.394
4057,4106.0,5.765
4058,4107.0,7.165
4059,4108.0,6.612
4060,4109.0,5.064
4061,4110.0,6.682
4062,4111.0,7.246
4063,4112.0,5.46
4064,4113.0,4.942
4065,4114.0,7.044
4066,4115.0,7.274
4067,4116.0,5.379
4068,4117.0,4.787
4069,4118.0,4.911
4070,4119.0,4.739
4071,4120.0,4.991
4072,4121.0,4.78
4073,4122.0,7.205
4074,4123.0,5.226
4075,4124.0,4.886
4076,4125.0,6.693
4077,4126.0,4.95
4078,4127.0,6.128
4079,4128.0,5.743
4080,4129.0,4.787
4081,4130.0,6.883
4082,4131.0,5.226
4083,4132.0,4.82
4084,4133.0,7.246
4085,4134.0,5.145
4086,4135.0,4.706
4087,4136.0,6.249
4088,4137.0,5.694
4089,4138.0,5.032
4090,4139.0,4.813
4091,4140.0,6.32
4092,4141.0,5.136
4093,4142.0,4.853
4094,4143.0,6.843
4095,4144.0,5.177
4096,4145.0,4.301
4097,4146.0,4.757
4098,4147.0,4.79
4099,4148.0,5.354
4100,4149.0,4.943
4101,4150.0,4.975
4102,4151.0,4.982
4103,4152.0,4.983
4104,4154.0,5.532
4105,4155.0,5.04
4106,4156.0,4.926
4107,4157.0,5.015
4108,4158.0,6.007
4109,4159.0,7.246
4110,4160.0,7.165
4111,4161.0,5.16
4112,4162.0,5.128
4113,4163.0,6.37
4114,4164.0,7.246
4115,4165.0,5.864
4116,4166.0,4.901
4117,4167.0,6.924
4118,4168.0,7.274
4119,4169.0,5.185
4120,4170.0,5.492
4121,4171.0,7.125
4122,4172.0,6.924
4123,4173.0,5.104
4124,4174.0,4.78
4125,4175.0,4.903
4126,4176.0,4.82
4127,4177.0,5.104
4128,4178.0,4.846
4129,4179.0,7.004
4130,4180.0,4.99
4131,4181.0,5.927
4132,4182.0,5.864
4133,4183.0,4.828
4134,4184.0,6.763
4135,4185.0,5.307
4136,4186.0,4.828
4137,4187.0,7.205
4138,4188.0,5.185
4139,4189.0,4.846
4140,4190.0,6.652
4141,4191.0,4.982
4142,4192.0,4.666
4143,4193.0,6.803
4144,4194.0,5.33
4145,4195.0,4.983
4146,4196.0,4.853
4147,4197.0,6.843
4148,4198.0,5.104
4149,4199.0,4.886
4150,4200.0,6.289
4151,4201.0,4.942
4152,4202.0,4.219
4153,4203.0,4.757
4154,4204.0,4.83
4155,4205.0,5.313
4156,4206.0,4.983
4157,4207.0,4.942
4158,4208.0,4.982
4159,4209.0,4.951
4160,4210.0,5.532
4161,4211.0,4.999
4162,4212.0,4.926
4163,4213.0,4.982
4164,4214.0,6.128
4165,4215.0,7.205
4166,4216.0,7.085
4167,4217.0,5.12
4168,4218.0,5.12
4169,4219.0,6.4
4170,4220.0,7.246
4171,4221.0,5.784
4172,4222.0,4.942
4173,4223.0,6.964
4174,4224.0,7.274
4175,4225.0,5.307
4176,4226.0,5.653
4177,4227.0,7.165
4178,4228.0,6.843
4179,4229.0,5.104
4180,4230.0,4.787
4181,4231.0,4.903
4182,4232.0,4.82
4183,4233.0,5.152
4184,4235.0,4.846
4185,4236.0,6.883
4186,4237.0,4.95
4187,4238.0,6.048
4188,4239.0,5.824
4189,4240.0,4.828
4190,4241.0,6.803
4191,4242.0,5.266
4192,4243.0,4.787
4193,4244.0,7.205
4194,4245.0,5.185
4195,4246.0,4.926
4196,4247.0,6.572
4197,4248.0,4.909
4198,4249.0,4.673
4199,4250.0,6.843
4200,4251.0,5.298
4201,4252.0,5.032
4202,4253.0,4.813
4203,4254.0,6.883
4204,4255.0,5.064
4205,4256.0,4.886
4206,4257.0,6.279
4207,4258.0,4.942
4208,4259.0,4.26
4209,4260.0,4.79
4210,4261.0,4.79
4211,4262.0,5.273
4212,4263.0,5.072
4213,4264.0,4.934
4214,4265.0,5.056
4215,4266.0,4.983
4216,4267.0,5.339
4217,4268.0,4.991
4218,4269.0,4.886
4219,4270.0,4.942
4220,4271.0,6.33
4221,4272.0,7.246
4222,4273.0,6.531
4223,4274.0,5.12
4224,4275.0,5.056
4225,4276.0,6.601
4226,4277.0,7.246
4227,4278.0,5.581
4228,4279.0,4.942
4229,4280.0,7.044
4230,4281.0,7.274
4231,4282.0,5.46
4232,4283.0,5.967
4233,4284.0,7.205
4234,4285.0,6.33
4235,4286.0,5.023
4236,4287.0,4.901
4237,4288.0,4.983
4238,4289.0,4.853
4239,4290.0,5.08
4240,4291.0,5.201
4241,4292.0,6.41
4242,4293.0,4.909
4243,4294.0,6.41
4244,4295.0,5.541
4245,4296.0,4.828
4246,4297.0,6.964
4247,4298.0,5.145
4248,4299.0,4.813
4249,4300.0,7.286
4250,4301.0,5.072
4251,4302.0,5.483
4252,4303.0,6.178
4253,4304.0,4.869
4254,4305.0,4.673
4255,4306.0,7.044
4256,4307.0,5.177
4257,4308.0,4.983
4258,4309.0,4.886
4259,4310.0,6.752
4260,4311.0,5.023
4261,4312.0,4.878
4262,4313.0,5.936
4263,4314.0,4.861
4264,4315.0,4.185
4265,4316.0,4.677
4266,4317.0,4.79
4267,4318.0,5.434
4268,4320.0,4.983
4269,4321.0,5.136
4270,4322.0,5.145
4271,4323.0,4.951
4272,4324.0,4.813
4273,4325.0,5.007
4274,4326.0,5.032
4275,4327.0,5.104
4276,4328.0,5.177
4277,4329.0,7.125
4278,4330.0,7.314
4279,4331.0,5.258
4280,4332.0,5.425
4281,4333.0,5.725
4282,4334.0,7.165
4283,4335.0,6.612
4284,4336.0,5.064
4285,4337.0,6.642
4286,4338.0,7.274
4287,4339.0,5.46
4288,4340.0,4.982
4289,4341.0,7.044
4290,4342.0,7.274
4291,4343.0,5.388
4292,4344.0,4.78
4293,4345.0,4.911
4294,4346.0,4.739
4295,4347.0,4.951
4296,4348.0,4.82
4297,4349.0,7.205
4298,4350.0,5.226
4299,4351.0,4.846
4300,4352.0,6.652
4301,4353.0,4.909
4302,4354.0,6.209
4303,4355.0,5.703
4304,4356.0,4.828
4305,4357.0,6.883
4306,4358.0,5.266
4307,4359.0,4.82
4308,4360.0,7.286
4309,4361.0,5.112
4310,4362.0,4.747
4311,4363.0,6.249
4312,4364.0,5.725
4313,4365.0,5.032
4314,4366.0,4.853
4315,4367.0,6.279
4316,4368.0,5.136
4317,4369.0,4.82
4318,4370.0,6.843
4319,4371.0,5.136
4320,4372.0,4.301
4321,4373.0,4.677
4322,4374.0,4.79
4323,4375.0,5.032
4324,4376.0,4.983
4325,4377.0,4.813
4326,4378.0,5.266
4327,4379.0,4.951
4328,4380.0,4.853
4329,4381.0,5.056
4330,4382.0,4.943
4331,4383.0,5.258
4332,4384.0,4.942
4333,4385.0,7.085
4334,4386.0,7.274
4335,4387.0,5.185
4336,4388.0,5.032
4337,4389.0,5.249
4338,4390.0,7.125
4339,4391.0,7.194
4340,4392.0,5.185
4341,4393.0,6.451
4342,4394.0,7.194
4343,4395.0,5.784
4344,4396.0,4.901
4345,4397.0,6.964
4346,4398.0,7.274
4347,4399.0,5.307
4348,4400.0,4.787
4349,4401.0,4.911
4350,4402.0,4.739
4351,4403.0,4.951
4352,4405.0,4.78
4353,4406.0,7.044
4354,4407.0,5.112
4355,4408.0,4.894
4356,4409.0,7.274
4357,4410.0,5.064
4358,4411.0,5.604
4359,4412.0,6.097
4360,4413.0,4.828
4361,4414.0,6.601
4362,4415.0,5.388
4363,4416.0,4.787
4364,4417.0,7.085
4365,4418.0,5.145
4366,4419.0,4.706
4367,4420.0,5.765
4368,4421.0,5.976
4369,4422.0,5.072
4370,4423.0,4.853
4371,4424.0,5.837
4372,4425.0,5.266
4373,4426.0,4.82
4374,4427.0,6.561
4375,4428.0,5.056
4376,4429.0,4.341
4377,4430.0,4.757
4378,4431.0,4.782
4379,4432.0,5.466
4380,4433.0,4.983
4381,4434.0,5.136
4382,4435.0,5.145
4383,4436.0,4.951
4384,4437.0,4.813
4385,4438.0,5.007
4386,4439.0,5.032
4387,4440.0,5.145
4388,4441.0,5.177
4389,4442.0,7.125
4390,4443.0,7.314
4391,4444.0,5.258
4392,4445.0,5.385
4393,4446.0,5.725
4394,4447.0,7.165
4395,4448.0,6.612
4396,4449.0,5.064
4397,4450.0,6.642
4398,4451.0,7.234
4399,4452.0,5.46
4400,4453.0,4.942
4401,4454.0,7.044
4402,4455.0,7.274
4403,4456.0,5.347
4404,4457.0,4.787
4405,4458.0,4.911
4406,4459.0,4.739
4407,4460.0,4.951
4408,4461.0,4.78
4409,4462.0,7.205
4410,4463.0,5.185
4411,4464.0,4.886
4412,4465.0,6.652
4413,4466.0,4.909
4414,4467.0,6.209
4415,4468.0,5.703
4416,4469.0,4.828
4417,4470.0,6.883
4418,4471.0,5.185
4419,4472.0,4.82
4420,4473.0,7.246
4421,4474.0,5.112
4422,4475.0,4.706
4423,4476.0,6.249
4424,4477.0,5.685
4425,4478.0,5.032
4426,4479.0,4.853
4427,4480.0,6.32
4428,4481.0,5.136
4429,4482.0,4.82
4430,4483.0,6.883
4431,4484.0,5.136
4432,4485.0,4.341
4433,4487.0,4.717
4434,4488.0,4.79
4435,4489.0,5.281
4436,4490.0,4.983
4437,4491.0,5.015
4438,4492.0,5.096
4439,4493.0,4.951
4440,4494.0,5.088
4441,4495.0,4.999
4442,4496.0,4.991
4443,4497.0,5.023
4444,4498.0,5.694
4445,4499.0,7.165
4446,4500.0,7.314
4447,4501.0,5.209
4448,4502.0,5.273
4449,4503.0,6.088
4450,4504.0,7.246
4451,4505.0,6.209
4452,4506.0,4.982
4453,4507.0,6.803
4454,4508.0,7.246
4455,4509.0,5.307
4456,4510.0,4.975
4457,4511.0,7.085
4458,4512.0,7.274
4459,4513.0,5.226
4460,4514.0,4.747
4461,4515.0,4.911
4462,4516.0,4.699
4463,4517.0,4.951
4464,4518.0,4.813
4465,4519.0,7.314
4466,4520.0,5.072
4467,4521.0,5.443
4468,4522.0,6.219
4469,4523.0,4.869
4470,4524.0,6.481
4471,4525.0,5.469
4472,4526.0,4.747
4473,4527.0,7.044
4474,4528.0,5.072
4475,4529.0,4.853
4476,4530.0,7.246
4477,4531.0,5.031
4478,4532.0,4.673
4479,4533.0,6.561
4480,4534.0,5.492
4481,4535.0,5.032
4482,4536.0,4.78
4483,4537.0,6.561
4484,4538.0,5.064
4485,4539.0,4.853
4486,4540.0,6.883
4487,4541.0,5.023
4488,4542.0,4.26
4489,4543.0,4.757
4490,4544.0,4.798
4491,4545.0,5.273
4492,4546.0,4.983
4493,4547.0,4.942
4494,4548.0,4.942
4495,4549.0,4.991
4496,4550.0,5.46
4497,4551.0,5.04
4498,4552.0,4.886
4499,4553.0,4.982
4500,4554.0,6.128
4501,4555.0,7.246
4502,4556.0,6.964
4503,4557.0,5.16
4504,4558.0,5.088
4505,4559.0,6.44
4506,4560.0,7.205
4507,4561.0,5.774
4508,4562.0,4.901
4509,4563.0,6.964
4510,4564.0,7.234
4511,4565.0,5.339
4512,4566.0,5.613
4513,4567.0,7.205
4514,4568.0,6.763
4515,4569.0,5.104
4516,4570.0,4.787
4517,4571.0,4.943
4518,4573.0,4.813
4519,4574.0,5.184
4520,4575.0,4.846
4521,4576.0,6.803
4522,4577.0,4.95
4523,4578.0,6.088
4524,4579.0,5.784
4525,4580.0,4.787
4526,4581.0,6.843
4527,4582.0,5.226
4528,4583.0,4.78
4529,4584.0,7.246
4530,4585.0,5.145
4531,4586.0,5.007
4532,4587.0,6.451
4533,4588.0,4.909
4534,4589.0,4.666
4535,4590.0,6.883
4536,4591.0,5.258
4537,4592.0,4.983
4538,4593.0,4.853
4539,4594.0,6.872
4540,4595.0,5.064
4541,4596.0,4.886
4542,4597.0,6.209
4543,4598.0,4.901
4544,4599.0,4.26
4545,4600.0,4.757
4546,4601.0,4.798
4547,4602.0,5.233
4548,4603.0,5.104
4549,4604.0,4.901
4550,4605.0,5.064
4551,4606.0,4.943
4552,4607.0,5.42
4553,4608.0,4.951
4554,4609.0,4.886
4555,4610.0,4.942
4556,4611.0,6.289
4557,4612.0,7.246
4558,4613.0,6.693
4559,4614.0,5.12
4560,4615.0,5.088
4561,4616.0,6.561
4562,4617.0,7.234
4563,4618.0,5.622
4564,4619.0,4.901
4565,4620.0,7.004
4566,4621.0,7.274
4567,4622.0,5.5
4568,4623.0,5.886
4569,4624.0,7.165
4570,4625.0,6.572
4571,4626.0,5.023
4572,4627.0,4.901
4573,4628.0,4.903
4574,4629.0,4.886
4575,4630.0,5.072
4576,4631.0,5.007
4577,4632.0,6.531
4578,4633.0,4.942
4579,4634.0,6.249
4580,4635.0,5.662
4581,4636.0,4.787
4582,4637.0,6.964
4583,4638.0,5.185
4584,4639.0,4.861
4585,4640.0,7.286
4586,4641.0,5.145
4587,4642.0,5.33
4588,4643.0,6.33
4589,4644.0,4.869
4590,4645.0,4.706
4591,4646.0,6.964
4592,4647.0,5.201
4593,4648.0,5.024
4594,4649.0,4.846
4595,4650.0,6.924
4596,4651.0,5.023
4597,4652.0,4.878
4598,4653.0,6.088
4599,4654.0,4.901
4600,4655.0,4.179
4601,4657.0,4.717
4602,4658.0,4.79
4603,4659.0,5.313
4604,4660.0,4.983
4605,4661.0,5.015
4606,4662.0,5.064
4607,4663.0,4.951
4608,4664.0,4.894
4609,4665.0,5.04
4610,4666.0,4.959
4611,4667.0,5.064
4612,4668.0,5.492
4613,4669.0,7.165
4614,4670.0,7.274
4615,4671.0,5.209
4616,4672.0,5.313
4617,4673.0,6.007
4618,4674.0,7.205
4619,4675.0,6.33
4620,4676.0,4.982
4621,4677.0,6.803
4622,4678.0,7.286
4623,4679.0,5.379
4624,4680.0,4.975
4625,4681.0,7.125
4626,4682.0,7.274
4627,4683.0,5.298
4628,4684.0,4.787
4629,4685.0,4.951
4630,4686.0,4.699
4631,4687.0,4.991
4632,4688.0,4.813
4633,4689.0,7.274
4634,4690.0,5.112
4635,4691.0,5.209
4636,4692.0,6.38
4637,4693.0,4.95
4638,4694.0,6.37
4639,4695.0,5.581
4640,4696.0,4.787
4641,4697.0,7.004
4642,4698.0,5.153
4643,4699.0,4.853
4644,4700.0,7.286
4645,4701.0,5.104
4646,4702.0,4.666
4647,4703.0,6.481
4648,4704.0,5.532
4649,4705.0,5.072
4650,4706.0,4.813
4651,4707.0,6.521
4652,4708.0,5.104
4653,4709.0,4.894
4654,4710.0,6.883
4655,4711.0,5.056
4656,4712.0,4.26
4657,4713.0,4.75
4658,4714.0,4.823
4659,4715.0,5.354
4660,4716.0,4.983
4661,4717.0,4.982
4662,4718.0,5.023
4663,4719.0,4.951
4664,4720.0,5.572
4665,4721.0,4.959
4666,4722.0,4.926
4667,4723.0,4.982
4668,4724.0,5.936
4669,4725.0,7.205
4670,4726.0,7.314
4671,4727.0,5.169
4672,4728.0,5.201
4673,4729.0,6.249
4674,4730.0,7.205
4675,4731.0,5.976
4676,4732.0,4.942
4677,4733.0,6.883
4678,4734.0,7.286
4679,4735.0,5.185
4680,4736.0,5.29
4681,4737.0,7.125
4682,4738.0,7.154
4683,4739.0,5.145
4684,4740.0,4.747
4685,4741.0,4.911
4686,4743.0,4.739
4687,4744.0,4.951
4688,4745.0,4.846
4689,4746.0,7.286
4690,4747.0,5.031
4691,4748.0,5.685
4692,4749.0,6.057
4693,4750.0,4.869
4694,4751.0,6.642
4695,4752.0,5.388
4696,4753.0,4.747
4697,4754.0,7.125
4698,4755.0,5.266
4699,4756.0,4.853
4700,4757.0,6.964
4701,4758.0,4.95
4702,4759.0,4.706
4703,4760.0,6.682
4704,4761.0,5.411
4705,4762.0,4.991
4706,4763.0,4.813
4707,4764.0,6.722
4708,4765.0,5.056
4709,4766.0,4.846
4710,4767.0,6.561
4711,4768.0,4.982
4712,4769.0,4.26
4713,4770.0,4.75
4714,4771.0,4.83
4715,4772.0,5.313
4716,4773.0,4.983
4717,4774.0,4.982
4718,4775.0,4.982
4719,4776.0,4.943
4720,4777.0,5.532
4721,4778.0,4.999
4722,4779.0,4.926
4723,4780.0,4.982
4724,4781.0,6.017
4725,4782.0,7.205
4726,4783.0,7.125
4727,4784.0,5.16
4728,4785.0,5.128
4729,4786.0,6.37
4730,4787.0,7.205
4731,4788.0,5.824
4732,4789.0,4.909
4733,4790.0,6.924
4734,4791.0,7.234
4735,4792.0,5.185
4736,4793.0,5.492
4737,4794.0,7.125
4738,4795.0,6.924
4739,4796.0,5.104
4740,4797.0,4.747
4741,4798.0,4.903
4742,4799.0,4.82
4743,4800.0,5.144
4744,4801.0,4.846
4745,4802.0,6.964
4746,4803.0,4.99
4747,4804.0,5.967
4748,4805.0,5.864
4749,4806.0,4.828
4750,4807.0,6.763
4751,4808.0,5.307
4752,4809.0,4.787
4753,4810.0,7.205
4754,4811.0,5.185
4755,4812.0,4.886
4756,4813.0,6.652
4757,4814.0,4.95
4758,4815.0,4.673
4759,4816.0,6.843
4760,4817.0,5.29
4761,4818.0,5.024
4762,4819.0,4.813
4763,4820.0,6.832
4764,4821.0,5.064
4765,4822.0,4.886
4766,4823.0,6.33
4767,4824.0,4.934
4768,4825.0,4.219
4769,4827.0,4.79
4770,4828.0,4.83
4771,4829.0,5.354
4772,4830.0,4.983
4773,4831.0,4.975
4774,4832.0,4.942
4775,4833.0,4.983
4776,4834.0,5.492
4777,4835.0,5.04
4778,4836.0,4.926
4779,4837.0,4.975
4780,4838.0,6.128
4781,4839.0,7.246
4782,4840.0,6.964
4783,4841.0,5.16
4784,4842.0,5.088
4785,4843.0,6.481
4786,4844.0,7.246
4787,4845.0,5.815
4788,4846.0,4.909
4789,4847.0,6.964
4790,4848.0,7.274
4791,4849.0,5.307
4792,4850.0,5.613
4793,4851.0,7.165
4794,4852.0,6.803
4795,4853.0,5.064
4796,4854.0,4.787
4797,4855.0,4.911
4798,4856.0,4.82
4799,4857.0,5.152
4800,4858.0,4.846
4801,4859.0,6.854
4802,4860.0,4.95
4803,4861.0,6.048
4804,4862.0,5.784
4805,4863.0,4.787
4806,4864.0,6.803
4807,4865.0,5.226
4808,4866.0,4.787
4809,4867.0,7.205
4810,4868.0,5.185
4811,4869.0,4.967
4812,4870.0,6.531
4813,4871.0,4.909
4814,4872.0,4.666
4815,4873.0,6.883
4816,4874.0,5.298
4817,4875.0,4.983
4818,4876.0,4.853
4819,4877.0,6.883
4820,4878.0,5.064
4821,4879.0,4.886
4822,4880.0,6.249
4823,4881.0,4.901
4824,4882.0,4.301
4825,4883.0,4.75
4826,4884.0,4.823
4827,4885.0,5.233
4828,4886.0,5.064
4829,4887.0,4.901
4830,4888.0,5.096
4831,4889.0,4.943
4832,4890.0,5.379
4833,4891.0,4.991
4834,4892.0,4.886
4835,4893.0,4.901
4836,4894.0,6.33
4837,4895.0,7.205
4838,4896.0,6.612
4839,4897.0,5.12
4840,4898.0,5.048
4841,4899.0,6.561
4842,4900.0,7.234
4843,4901.0,5.581
4844,4902.0,4.982
4845,4903.0,7.004
4846,4904.0,7.274
4847,4905.0,5.46
4848,4906.0,5.927
4849,4907.0,7.205
4850,4908.0,6.44
4851,4909.0,5.023
4852,4910.0,4.942
4853,4912.0,4.903
4854,4913.0,4.894
4855,4914.0,5.08
4856,4915.0,5.12
4857,4916.0,6.451
4858,4917.0,4.909
4859,4918.0,6.32
4860,4919.0,5.581
4861,4920.0,4.787
4862,4921.0,6.964
4863,4922.0,5.145
4864,4923.0,4.82
4865,4924.0,7.326
4866,4925.0,5.072
4867,4926.0,5.402
4868,4927.0,6.219
4869,4928.0,4.869
4870,4929.0,4.666
4871,4930.0,7.004
4872,4931.0,5.209
4873,4932.0,5.024
4874,4933.0,4.886
4875,4934.0,6.872
4876,4935.0,5.023
4877,4936.0,4.878
4878,4937.0,6.007
4879,4938.0,4.901
4880,4939.0,4.26
4881,4940.0,4.75
4882,4941.0,4.79
4883,4942.0,5.233
4884,4943.0,5.032
4885,4944.0,4.901
4886,4945.0,5.064
4887,4946.0,4.943
4888,4947.0,5.298
4889,4948.0,4.991
4890,4949.0,4.886
4891,4950.0,4.901
4892,4951.0,6.41
4893,4952.0,7.246
4894,4953.0,6.451
4895,4954.0,5.112
4896,4955.0,5.015
4897,4956.0,6.642
4898,4957.0,7.234
4899,4958.0,5.5
4900,4959.0,4.942
4901,4960.0,7.044
4902,4961.0,7.234
4903,4962.0,5.379
4904,4963.0,6.048
4905,4964.0,7.205
4906,4965.0,6.219
4907,4966.0,4.982
4908,4967.0,4.894
4909,4968.0,4.943
4910,4969.0,4.846
4911,4970.0,5.04
4912,4971.0,5.483
4913,4972.0,6.219
4914,4973.0,4.869
4915,4974.0,6.561
4916,4975.0,5.469
4917,4976.0,4.787
4918,4977.0,7.085
4919,4978.0,5.104
4920,4979.0,4.853
4921,4980.0,7.205
4922,4981.0,5.031
4923,4982.0,5.806
4924,4983.0,5.976
4925,4984.0,4.869
4926,4985.0,4.673
4927,4986.0,7.125
4928,4987.0,5.169
4929,4988.0,5.024
4930,4989.0,4.886
4931,4990.0,6.551
4932,4991.0,5.015
4933,4993.0,4.878
4934,4994.0,5.815
4935,4995.0,4.82
4936,4996.0,4.422
4937,4997.0,4.79
4938,4998.0,4.823
4939,4999.0,5.152
4940,5000.0,4.999
4941,5001.0,4.861
4942,5002.0,5.056
4943,5003.0,4.943
4944,5004.0,5.217
4945,5005.0,4.951
4946,5006.0,4.853
4947,5007.0,4.861
4948,5008.0,6.572
4949,5009.0,7.234
4950,5010.0,6.138
4951,5011.0,5.072
4952,5012.0,4.975
4953,5013.0,6.763
4954,5014.0,7.234
4955,5015.0,5.347
4956,5016.0,4.975
4957,5017.0,7.085
4958,5018.0,7.274
4959,5019.0,5.266
4960,5020.0,6.249
4961,5021.0,7.205
4962,5022.0,5.976
4963,5023.0,4.95
4964,5024.0,4.926
4965,5025.0,4.911
4966,5026.0,4.919
4967,5027.0,4.967
4968,5028.0,5.846
4969,5029.0,5.945
4970,5030.0,4.869
4971,5031.0,6.682
4972,5032.0,5.379
4973,5033.0,4.787
4974,5034.0,7.165
4975,5035.0,5.226
4976,5036.0,4.886
4977,5037.0,6.773
4978,5038.0,4.99
4979,5039.0,6.088
4980,5040.0,5.784
4981,5041.0,4.787
4982,5042.0,4.78
4983,5043.0,7.205
4984,5044.0,5.16
4985,5045.0,5.072
4986,5046.0,4.919
4987,5047.0,6.209
4988,5048.0,4.942
4989,5049.0,4.911
4990,5050.0,5.653
4991,5051.0,4.739
4992,5052.0,4.57
4993,5053.0,4.79
4994,5054.0,4.823
4995,5055.0,5.064
4996,5056.0,4.919
4997,5057.0,4.982
4998,5058.0,5.04
4999,5059.0,4.999
5000,5060.0,5.096
5001,5061.0,4.951
5002,5062.0,5.056
5003,5063.0,4.82
5004,5064.0,6.803
5005,5065.0,7.274
5006,5066.0,5.662
5007,5067.0,5.032
5008,5068.0,4.861
5009,5069.0,6.924
5010,5070.0,7.274
5011,5071.0,5.307
5012,5073.0,5.653
5013,5074.0,7.165
5014,5075.0,6.722
5015,5076.0,5.064
5016,5077.0,6.642
5017,5078.0,7.234
5018,5079.0,5.541
5019,5080.0,4.861
5020,5081.0,4.919
5021,5082.0,4.846
5022,5083.0,4.919
5023,5084.0,4.894
5024,5085.0,6.44
5025,5086.0,5.55
5026,5087.0,4.787
5027,5088.0,7.004
5028,5089.0,5.104
5029,5090.0,4.853
5030,5091.0,7.286
5031,5092.0,5.064
5032,5093.0,5.604
5033,5094.0,6.097
5034,5095.0,4.869
5035,5096.0,6.601
5036,5097.0,5.388
5037,5098.0,4.747
5038,5099.0,4.813
5039,5100.0,7.165
5040,5101.0,5.088
5041,5102.0,4.959
5042,5103.0,4.919
5043,5104.0,5.815
5044,5105.0,4.861
5045,5106.0,5.555
5046,5107.0,5.339
5047,5108.0,4.577
5048,5109.0,4.603
5049,5110.0,4.79
5050,5111.0,4.79
5051,5112.0,5.064
5052,5113.0,4.853
5053,5114.0,5.541
5054,5115.0,4.999
5055,5116.0,4.926
5056,5117.0,4.942
5057,5118.0,4.983
5058,5119.0,5.5
5059,5120.0,4.82
5060,5121.0,6.924
5061,5122.0,7.314
5062,5123.0,5.388
5063,5124.0,5.072
5064,5125.0,4.934
5065,5126.0,7.085
5066,5127.0,7.274
5067,5128.0,5.42
5068,5129.0,6.088
5069,5130.0,7.246
5070,5131.0,6.219
5071,5132.0,4.982
5072,5133.0,6.803
5073,5134.0,7.246
5074,5135.0,5.307
5075,5136.0,4.828
5076,5137.0,4.878
5077,5138.0,4.772
5078,5139.0,4.951
5079,5140.0,4.78
5080,5141.0,6.763
5081,5142.0,5.266
5082,5143.0,4.787
5083,5144.0,7.205
5084,5145.0,5.185
5085,5146.0,4.846
5086,5147.0,6.652
5087,5148.0,4.909
5088,5149.0,6.168
5089,5150.0,5.703
5090,5151.0,4.787
5091,5152.0,6.883
5092,5153.0,5.226
5093,5154.0,4.714
5094,5156.0,5.007
5095,5157.0,6.491
5096,5158.0,5.08
5097,5159.0,4.886
5098,5160.0,5.072
5099,5161.0,5.5
5100,5162.0,4.82
5101,5163.0,6.118
5102,5164.0,5.177
5103,5165.0,4.422
5104,5166.0,4.382
5105,5167.0,4.75
5106,5168.0,4.79
5107,5169.0,5.152
5108,5170.0,4.959
5109,5171.0,4.861
5110,5172.0,5.048
5111,5173.0,5.064
5112,5174.0,5.177
5113,5175.0,4.951
5114,5176.0,4.853
5115,5177.0,4.861
5116,5178.0,6.652
5117,5179.0,7.286
5118,5180.0,6.057
5119,5181.0,5.072
5120,5182.0,4.975
5121,5183.0,6.803
5122,5184.0,7.274
5123,5185.0,5.307
5124,5186.0,4.975
5125,5187.0,7.085
5126,5188.0,7.274
5127,5189.0,5.226
5128,5190.0,6.37
5129,5191.0,7.205
5130,5192.0,5.896
5131,5193.0,4.909
5132,5194.0,4.926
5133,5195.0,4.919
5134,5196.0,4.926
5135,5197.0,4.926
5136,5198.0,5.927
5137,5199.0,5.905
5138,5200.0,4.869
5139,5201.0,6.722
5140,5202.0,5.339
5141,5203.0,4.787
5142,5204.0,7.205
5143,5205.0,5.185
5144,5206.0,4.846
5145,5207.0,6.722
5146,5208.0,4.95
5147,5209.0,6.128
5148,5210.0,5.703
5149,5211.0,4.787
5150,5212.0,4.78
5151,5213.0,7.205
5152,5214.0,5.128
5153,5215.0,5.032
5154,5216.0,4.838
5155,5217.0,6.209
5156,5218.0,4.901
5157,5219.0,4.87
5158,5220.0,5.581
5159,5221.0,4.78
5160,5222.0,4.53
5161,5223.0,4.757
5162,5224.0,4.798
5163,5225.0,5.072
5164,5226.0,4.886
5165,5227.0,4.942
5166,5228.0,5.007
5167,5229.0,5.08
5168,5230.0,5.064
5169,5231.0,4.991
5170,5232.0,4.975
5171,5233.0,4.901
5172,5234.0,6.843
5173,5235.0,7.274
5174,5236.0,5.703
5175,5237.0,5.072
5176,5238.0,4.901
5177,5240.0,6.924
5178,5241.0,7.234
5179,5242.0,5.226
5180,5243.0,5.492
5181,5244.0,7.165
5182,5245.0,6.924
5183,5246.0,5.104
5184,5247.0,6.572
5185,5248.0,7.234
5186,5249.0,5.622
5187,5250.0,4.901
5188,5251.0,4.886
5189,5252.0,4.886
5190,5253.0,4.919
5191,5254.0,4.926
5192,5255.0,6.279
5193,5256.0,5.662
5194,5257.0,4.787
5195,5258.0,6.964
5196,5259.0,5.145
5197,5260.0,4.861
5198,5261.0,7.286
5199,5262.0,5.145
5200,5263.0,5.33
5201,5264.0,6.33
5202,5265.0,4.909
5203,5266.0,6.481
5204,5267.0,5.5
5205,5268.0,4.787
5206,5269.0,4.813
5207,5270.0,7.246
5208,5271.0,5.088
5209,5272.0,4.999
5210,5273.0,4.919
5211,5274.0,5.936
5212,5275.0,4.901
5213,5276.0,5.273
5214,5277.0,5.42
5215,5278.0,4.625
5216,5279.0,4.651
5217,5280.0,4.83
5218,5281.0,4.79
5219,5282.0,5.072
5220,5283.0,4.886
5221,5284.0,5.136
5222,5285.0,4.999
5223,5286.0,4.959
5224,5287.0,5.023
5225,5288.0,5.032
5226,5289.0,5.249
5227,5290.0,4.828
5228,5291.0,6.843
5229,5292.0,7.246
5230,5293.0,5.581
5231,5294.0,5.032
5232,5295.0,4.861
5233,5296.0,6.964
5234,5297.0,7.274
5235,5298.0,5.428
5236,5299.0,5.725
5237,5300.0,7.165
5238,5301.0,6.693
5239,5302.0,5.064
5240,5303.0,6.642
5241,5304.0,7.234
5242,5305.0,5.5
5243,5306.0,4.828
5244,5307.0,4.919
5245,5308.0,4.805
5246,5309.0,4.959
5247,5310.0,4.853
5248,5311.0,6.481
5249,5312.0,5.541
5250,5313.0,4.787
5251,5314.0,7.004
5252,5315.0,5.104
5253,5316.0,4.813
5254,5317.0,7.326
5255,5318.0,5.031
5256,5319.0,5.725
5257,5320.0,6.017
5258,5321.0,4.869
5259,5322.0,6.601
5260,5323.0,5.42
5261,5325.0,4.747
5262,5326.0,4.853
5263,5327.0,7.004
5264,5328.0,5.12
5265,5329.0,4.926
5266,5330.0,4.959
5267,5331.0,5.734
5268,5332.0,4.901
5269,5333.0,5.676
5270,5334.0,5.339
5271,5335.0,4.544
5272,5336.0,4.603
5273,5337.0,4.79
5274,5338.0,4.782
5275,5339.0,5.064
5276,5340.0,4.853
5277,5341.0,5.581
5278,5342.0,4.999
5279,5343.0,4.926
5280,5344.0,4.982
5281,5345.0,4.951
5282,5346.0,5.532
5283,5347.0,4.82
5284,5348.0,6.924
5285,5349.0,7.314
5286,5350.0,5.428
5287,5351.0,5.072
5288,5352.0,4.942
5289,5353.0,7.044
5290,5354.0,7.274
5291,5355.0,5.46
5292,5356.0,5.967
5293,5357.0,7.205
5294,5358.0,6.33
5295,5359.0,5.023
5296,5360.0,6.763
5297,5361.0,7.286
5298,5362.0,5.388
5299,5363.0,4.828
5300,5364.0,4.919
5301,5365.0,4.813
5302,5366.0,4.919
5303,5367.0,4.82
5304,5368.0,6.642
5305,5369.0,5.388
5306,5370.0,4.747
5307,5371.0,7.165
5308,5372.0,5.226
5309,5373.0,4.886
5310,5374.0,6.883
5311,5375.0,4.99
5312,5376.0,6.007
5313,5377.0,5.824
5314,5378.0,4.828
5315,5379.0,6.803
5316,5380.0,5.266
5317,5381.0,4.747
5318,5382.0,4.846
5319,5383.0,6.693
5320,5384.0,5.08
5321,5385.0,4.926
5322,5386.0,4.911
5323,5387.0,5.613
5324,5388.0,4.82
5325,5389.0,5.998
5326,5390.0,5.226
5327,5391.0,4.544
5328,5392.0,4.644
5329,5393.0,4.83
5330,5394.0,4.911
5331,5395.0,5.064
5332,5396.0,4.813
5333,5397.0,5.339
5334,5398.0,4.951
5335,5399.0,4.886
5336,5400.0,5.056
5337,5401.0,4.983
5338,5402.0,5.298
5339,5403.0,4.861
5340,5404.0,7.044
5341,5405.0,7.286
5342,5406.0,5.185
5343,5407.0,5.032
5344,5408.0,5.128
5345,5410.0,7.125
5346,5411.0,7.286
5347,5412.0,5.185
5348,5413.0,6.41
5349,5414.0,7.205
5350,5415.0,5.784
5351,5416.0,4.909
5352,5417.0,6.924
5353,5418.0,7.274
5354,5419.0,5.266
5355,5420.0,4.787
5356,5421.0,4.911
5357,5422.0,4.739
5358,5423.0,4.951
5359,5424.0,4.739
5360,5425.0,7.044
5361,5426.0,5.112
5362,5427.0,4.853
5363,5428.0,7.286
5364,5429.0,5.031
5365,5430.0,5.685
5366,5431.0,6.057
5367,5432.0,4.828
5368,5433.0,6.642
5369,5434.0,5.388
5370,5435.0,4.747
5371,5436.0,7.125
5372,5437.0,5.266
5373,5438.0,4.714
5374,5439.0,5.886
5375,5440.0,5.927
5376,5441.0,5.072
5377,5442.0,4.853
5378,5443.0,5.957
5379,5444.0,5.258
5380,5445.0,4.82
5381,5446.0,6.601
5382,5447.0,5.056
5383,5448.0,4.341
5384,5449.0,4.717
5385,5450.0,4.798
5386,5451.0,5.474
5387,5452.0,4.983
5388,5453.0,5.128
5389,5454.0,5.185
5390,5455.0,4.991
5391,5456.0,4.813
5392,5457.0,5.048
5393,5458.0,5.072
5394,5459.0,5.177
5395,5460.0,5.056
5396,5461.0,7.125
5397,5462.0,7.274
5398,5463.0,5.298
5399,5464.0,5.273
5400,5465.0,5.685
5401,5466.0,7.165
5402,5467.0,6.722
5403,5468.0,5.064
5404,5469.0,6.642
5405,5470.0,7.246
5406,5471.0,5.572
5407,5472.0,4.942
5408,5473.0,7.044
5409,5474.0,7.286
5410,5475.0,5.42
5411,5476.0,4.787
5412,5477.0,4.911
5413,5478.0,4.739
5414,5479.0,4.951
5415,5480.0,4.787
5416,5481.0,7.165
5417,5482.0,5.226
5418,5483.0,4.846
5419,5484.0,6.773
5420,5485.0,4.95
5421,5486.0,6.088
5422,5487.0,5.743
5423,5488.0,4.828
5424,5489.0,6.803
5425,5491.0,5.226
5426,5492.0,4.787
5427,5493.0,7.246
5428,5494.0,5.145
5429,5495.0,4.706
5430,5496.0,6.168
5431,5497.0,5.734
5432,5498.0,5.032
5433,5499.0,4.853
5434,5500.0,6.159
5435,5501.0,5.177
5436,5502.0,4.82
5437,5503.0,6.803
5438,5504.0,5.136
5439,5505.0,4.341
5440,5506.0,4.757
5441,5507.0,4.83
5442,5508.0,5.354
5443,5509.0,5.024
5444,5510.0,5.056
5445,5511.0,5.104
5446,5512.0,4.951
5447,5513.0,4.853
5448,5514.0,5.04
5449,5515.0,5.032
5450,5516.0,5.096
5451,5517.0,5.411
5452,5518.0,7.165
5453,5519.0,7.355
5454,5520.0,5.217
5455,5521.0,5.354
5456,5522.0,5.886
5457,5523.0,7.205
5458,5524.0,6.451
5459,5525.0,5.064
5460,5526.0,6.722
5461,5527.0,7.234
5462,5528.0,5.42
5463,5529.0,4.975
5464,5530.0,7.044
5465,5531.0,7.314
5466,5532.0,5.307
5467,5533.0,4.78
5468,5534.0,4.911
5469,5535.0,4.78
5470,5536.0,4.951
5471,5537.0,4.813
5472,5538.0,7.246
5473,5539.0,5.226
5474,5540.0,4.967
5475,5541.0,6.572
5476,5542.0,4.909
5477,5543.0,6.249
5478,5544.0,5.662
5479,5545.0,4.787
5480,5546.0,6.924
5481,5547.0,5.145
5482,5548.0,4.82
5483,5549.0,7.286
5484,5550.0,5.072
5485,5551.0,4.673
5486,5552.0,6.36
5487,5553.0,5.613
5488,5554.0,5.032
5489,5555.0,4.82
5490,5556.0,6.4
5491,5557.0,5.104
5492,5558.0,4.82
5493,5559.0,6.883
5494,5560.0,5.064
5495,5561.0,4.26
5496,5562.0,4.677
5497,5563.0,4.79
5498,5564.0,5.474
5499,5565.0,4.983
5500,5566.0,5.136
5501,5567.0,5.185
5502,5568.0,4.951
5503,5569.0,4.813
5504,5570.0,5.048
5505,5571.0,5.032
5506,5572.0,5.177
5507,5573.0,5.056
5508,5574.0,7.085
5509,5576.0,7.286
5510,5577.0,5.258
5511,5578.0,5.193
5512,5579.0,5.644
5513,5580.0,7.165
5514,5581.0,6.722
5515,5582.0,5.064
5516,5583.0,6.642
5517,5584.0,7.246
5518,5585.0,5.541
5519,5586.0,4.942
5520,5587.0,7.044
5521,5588.0,7.274
5522,5589.0,5.42
5523,5590.0,4.787
5524,5591.0,4.911
5525,5592.0,4.739
5526,5593.0,4.991
5527,5594.0,4.78
5528,5595.0,7.205
5529,5596.0,5.266
5530,5597.0,4.886
5531,5598.0,6.773
5532,5599.0,4.982
5533,5600.0,6.088
5534,5601.0,5.774
5535,5602.0,4.787
5536,5603.0,6.843
5537,5604.0,5.226
5538,5605.0,4.82
5539,5606.0,7.246
5540,5607.0,5.185
5541,5608.0,4.673
5542,5609.0,6.249
5543,5610.0,5.694
5544,5611.0,5.072
5545,5612.0,4.813
5546,5613.0,6.239
5547,5614.0,5.177
5548,5615.0,4.82
5549,5616.0,6.803
5550,5617.0,5.104
5551,5618.0,4.301
5552,5619.0,4.75
5553,5620.0,4.79
5554,5621.0,5.354
5555,5622.0,4.983
5556,5623.0,4.975
5557,5624.0,5.023
5558,5625.0,4.951
5559,5626.0,5.379
5560,5627.0,4.999
5561,5628.0,4.959
5562,5629.0,5.023
5563,5630.0,5.815
5564,5631.0,7.165
5565,5632.0,7.314
5566,5633.0,5.169
5567,5634.0,5.201
5568,5635.0,6.209
5569,5636.0,7.205
5570,5637.0,6.017
5571,5638.0,4.942
5572,5639.0,6.843
5573,5640.0,7.274
5574,5641.0,5.226
5575,5642.0,5.209
5576,5643.0,7.125
5577,5644.0,7.194
5578,5645.0,5.185
5579,5646.0,4.787
5580,5647.0,4.911
5581,5648.0,4.739
5582,5649.0,4.991
5583,5650.0,4.846
5584,5651.0,7.246
5585,5652.0,5.023
5586,5653.0,5.725
5587,5654.0,6.017
5588,5655.0,4.828
5589,5656.0,6.642
5590,5658.0,5.347
5591,5659.0,4.787
5592,5660.0,7.125
5593,5661.0,5.266
5594,5662.0,4.853
5595,5663.0,6.883
5596,5664.0,4.95
5597,5665.0,4.666
5598,5666.0,6.722
5599,5667.0,5.411
5600,5668.0,4.991
5601,5669.0,4.846
5602,5670.0,6.712
5603,5671.0,5.015
5604,5672.0,4.846
5605,5673.0,6.561
5606,5674.0,4.982
5607,5675.0,4.301
5608,5676.0,4.717
5609,5677.0,4.83
5610,5678.0,5.273
5611,5679.0,5.024
5612,5680.0,5.015
5613,5681.0,5.096
5614,5682.0,4.951
5615,5683.0,5.015
5616,5684.0,4.999
5617,5685.0,4.959
5618,5686.0,5.064
5619,5687.0,5.572
5620,5688.0,7.165
5621,5689.0,7.274
5622,5690.0,5.209
5623,5691.0,5.281
5624,5692.0,6.048
5625,5693.0,7.205
5626,5694.0,6.259
5627,5695.0,4.982
5628,5696.0,6.763
5629,5697.0,7.246
5630,5698.0,5.347
5631,5699.0,4.975
5632,5700.0,7.085
5633,5701.0,7.274
5634,5702.0,5.266
5635,5703.0,4.747
5636,5704.0,4.951
5637,5705.0,4.699
5638,5706.0,4.991
5639,5707.0,4.813
5640,5708.0,7.326
5641,5709.0,5.104
5642,5710.0,5.362
5643,5711.0,6.299
5644,5712.0,4.909
5645,5713.0,6.44
5646,5714.0,5.541
5647,5715.0,4.787
5648,5716.0,7.044
5649,5717.0,5.112
5650,5718.0,4.853
5651,5719.0,7.286
5652,5720.0,5.064
5653,5721.0,4.673
5654,5722.0,6.521
5655,5723.0,5.5
5656,5724.0,5.032
5657,5725.0,4.813
5658,5726.0,6.521
5659,5727.0,5.064
5660,5728.0,4.853
5661,5729.0,6.924
5662,5730.0,5.056
5663,5731.0,4.26
5664,5732.0,4.75
5665,5733.0,4.79
5666,5734.0,5.394
5667,5735.0,4.983
5668,5736.0,5.015
5669,5737.0,5.023
5670,5738.0,4.991
5671,5739.0,5.339
5672,5740.0,5.04
5673,5741.0,4.959
5674,5742.0,5.056
5675,5743.0,5.815
5676,5745.0,7.246
5677,5746.0,7.314
5678,5747.0,5.209
5679,5748.0,5.241
5680,5749.0,6.209
5681,5750.0,7.205
5682,5751.0,6.097
5683,5752.0,4.942
5684,5753.0,6.843
5685,5754.0,7.274
5686,5755.0,5.266
5687,5756.0,5.128
5688,5757.0,7.125
5689,5758.0,7.274
5690,5759.0,5.185
5691,5760.0,4.747
5692,5761.0,4.911
5693,5762.0,4.699
5694,5763.0,4.951
5695,5764.0,4.853
5696,5765.0,7.274
5697,5766.0,5.072
5698,5767.0,5.564
5699,5768.0,6.138
5700,5769.0,4.869
5701,5770.0,6.561
5702,5771.0,5.428
5703,5772.0,4.747
5704,5773.0,7.085
5705,5774.0,5.104
5706,5775.0,4.853
5707,5776.0,7.085
5708,5777.0,4.99
5709,5778.0,4.706
5710,5779.0,6.642
5711,5780.0,5.46
5712,5781.0,5.032
5713,5782.0,4.813
5714,5783.0,6.642
5715,5784.0,5.064
5716,5785.0,4.853
5717,5786.0,6.682
5718,5787.0,5.015
5719,5788.0,4.26
5720,5789.0,4.75
5721,5790.0,4.79
5722,5791.0,5.322
5723,5792.0,4.983
5724,5793.0,4.982
5725,5794.0,5.023
5726,5795.0,4.951
5727,5796.0,5.572
5728,5797.0,4.999
5729,5798.0,4.959
5730,5799.0,5.023
5731,5800.0,5.896
5732,5801.0,7.205
5733,5802.0,7.314
5734,5803.0,5.209
5735,5804.0,5.233
5736,5805.0,6.249
5737,5806.0,7.246
5738,5807.0,5.976
5739,5808.0,4.982
5740,5809.0,6.883
5741,5810.0,7.314
5742,5811.0,5.226
5743,5812.0,5.33
5744,5813.0,7.125
5745,5814.0,7.194
5746,5815.0,5.145
5747,5816.0,4.78
5748,5817.0,4.911
5749,5818.0,4.739
5750,5819.0,4.983
5751,5820.0,4.853
5752,5821.0,7.246
5753,5822.0,5.031
5754,5823.0,5.725
5755,5824.0,6.017
5756,5825.0,4.828
5757,5826.0,6.601
5758,5827.0,5.347
5759,5828.0,4.747
5760,5829.0,7.125
5761,5831.0,5.266
5762,5832.0,4.846
5763,5833.0,6.924
5764,5834.0,4.99
5765,5835.0,4.666
5766,5836.0,6.722
5767,5837.0,5.411
5768,5838.0,5.032
5769,5839.0,4.813
5770,5840.0,6.722
5771,5841.0,5.023
5772,5842.0,4.886
5773,5843.0,6.521
5774,5844.0,4.975
5775,5845.0,4.26
5776,5846.0,4.75
5777,5847.0,4.79
5778,5848.0,5.273
5779,5849.0,5.024
5780,5850.0,4.934
5781,5851.0,4.982
5782,5852.0,4.951
5783,5853.0,5.42
5784,5854.0,4.991
5785,5855.0,4.886
5786,5856.0,4.942
5787,5857.0,6.249
5788,5858.0,7.234
5789,5859.0,6.773
5790,5860.0,5.12
5791,5861.0,5.088
5792,5862.0,6.561
5793,5863.0,7.234
5794,5864.0,5.662
5795,5865.0,4.901
5796,5866.0,7.004
5797,5867.0,7.234
5798,5868.0,5.541
5799,5869.0,5.815
5800,5870.0,7.205
5801,5871.0,6.572
5802,5872.0,5.064
5803,5873.0,4.901
5804,5874.0,4.951
5805,5875.0,4.853
5806,5876.0,5.112
5807,5877.0,4.926
5808,5878.0,6.612
5809,5879.0,4.95
5810,5880.0,6.491
5811,5881.0,5.743
5812,5882.0,4.861
5813,5883.0,6.924
5814,5884.0,5.226
5815,5885.0,4.82
5816,5886.0,7.286
5817,5887.0,5.112
5818,5888.0,5.249
5819,5889.0,6.34
5820,5890.0,4.869
5821,5891.0,4.706
5822,5892.0,6.964
5823,5893.0,5.209
5824,5894.0,4.983
5825,5895.0,4.846
5826,5896.0,6.913
5827,5897.0,5.064
5828,5898.0,4.878
5829,5899.0,6.088
5830,5900.0,4.901
5831,5901.0,4.463
5832,5902.0,4.79
5833,5903.0,4.83
5834,5904.0,5.112
5835,5905.0,4.959
5836,5906.0,4.861
5837,5907.0,5.048
5838,5908.0,5.064
5839,5909.0,5.177
5840,5910.0,4.951
5841,5911.0,4.853
5842,5912.0,4.861
5843,5914.0,6.652
5844,5915.0,7.246
5845,5916.0,6.017
5846,5917.0,5.072
5847,5918.0,4.934
5848,5919.0,6.803
5849,5920.0,7.274
5850,5921.0,5.266
5851,5922.0,5.088
5852,5923.0,7.125
5853,5924.0,7.314
5854,5925.0,5.226
5855,5926.0,6.41
5856,5927.0,7.205
5857,5928.0,5.855
5858,5929.0,4.942
5859,5930.0,4.926
5860,5931.0,4.878
5861,5932.0,4.926
5862,5933.0,4.967
5863,5934.0,6.048
5864,5935.0,5.824
5865,5936.0,4.869
5866,5937.0,6.803
5867,5938.0,5.307
5868,5939.0,4.82
5869,5940.0,7.246
5870,5941.0,5.145
5871,5942.0,5.048
5872,5943.0,6.491
5873,5944.0,4.942
5874,5945.0,6.289
5875,5946.0,5.662
5876,5947.0,4.787
5877,5948.0,4.82
5878,5949.0,7.286
5879,5950.0,5.169
5880,5951.0,5.04
5881,5952.0,4.919
5882,5953.0,6.048
5883,5954.0,4.901
5884,5955.0,5.072
5885,5956.0,5.5
5886,5957.0,4.699
5887,5958.0,4.496
5888,5959.0,4.79
5889,5960.0,4.83
5890,5961.0,5.104
5891,5962.0,4.919
5892,5963.0,4.861
5893,5964.0,5.007
5894,5965.0,5.032
5895,5966.0,5.104
5896,5967.0,4.951
5897,5968.0,4.813
5898,5969.0,4.861
5899,5970.0,6.722
5900,5971.0,7.274
5901,5972.0,5.824
5902,5973.0,5.072
5903,5974.0,4.901
5904,5975.0,6.883
5905,5976.0,7.274
5906,5977.0,5.226
5907,5978.0,5.33
5908,5979.0,7.165
5909,5980.0,7.125
5910,5981.0,5.145
5911,5982.0,6.491
5912,5983.0,7.246
5913,5984.0,5.694
5914,5985.0,4.901
5915,5986.0,4.886
5916,5987.0,4.878
5917,5988.0,4.919
5918,5989.0,4.894
5919,5990.0,6.209
5920,5991.0,5.703
5921,5992.0,4.787
5922,5994.0,6.924
5923,5995.0,5.145
5924,5996.0,4.82
5925,5997.0,7.246
5926,5998.0,5.104
5927,5999.0,5.29
5928,6000.0,6.34
5929,6001.0,4.869
5930,6002.0,6.44
5931,6003.0,5.509
5932,6004.0,4.787
5933,6005.0,4.78
5934,6006.0,7.286
5935,6007.0,5.128
5936,6008.0,5.032
5937,6009.0,4.919
5938,6010.0,5.967
5939,6011.0,4.901
5940,6012.0,5.233
5941,6013.0,5.46
5942,6014.0,4.658
5943,6015.0,4.145
5944,6016.0,4.75
5945,6017.0,4.782
5946,6018.0,5.273
5947,6019.0,4.983
5948,6020.0,4.942
5949,6021.0,4.982
5950,6022.0,4.951
5951,6023.0,5.46
5952,6024.0,4.999
5953,6025.0,4.886
5954,6026.0,4.942
5955,6027.0,6.168
5956,6028.0,7.205
5957,6029.0,6.964
5958,6030.0,5.12
5959,6031.0,5.088
5960,6032.0,6.44
5961,6033.0,7.234
5962,6034.0,5.784
5963,6035.0,4.909
5964,6036.0,6.964
5965,6037.0,7.274
5966,6038.0,5.347
5967,6039.0,5.694
5968,6040.0,7.165
5969,6041.0,6.763
5970,6042.0,5.104
5971,6043.0,4.861
5972,6044.0,4.951
5973,6045.0,4.894
5974,6046.0,5.152
5975,6047.0,4.886
5976,6048.0,6.693
5977,6049.0,4.99
5978,6050.0,6.168
5979,6051.0,5.743
5980,6052.0,4.787
5981,6053.0,6.883
5982,6054.0,5.226
5983,6055.0,4.82
5984,6056.0,7.246
5985,6057.0,5.145
5986,6058.0,5.169
5987,6059.0,6.421
5988,6060.0,4.909
5989,6061.0,4.706
5990,6062.0,6.924
5991,6063.0,5.29
5992,6064.0,4.983
5993,6065.0,4.886
5994,6066.0,6.872
5995,6067.0,5.096
5996,6068.0,4.878
5997,6069.0,6.199
5998,6070.0,4.901
5999,6071.0,4.422
6000,6072.0,4.75
6001,6073.0,4.83
6002,6074.0,5.193
6003,6075.0,5.072
6004,6077.0,4.894
6005,6078.0,5.056
6006,6079.0,4.991
6007,6080.0,5.298
6008,6081.0,5.032
6009,6082.0,4.853
6010,6083.0,4.901
6011,6084.0,6.451
6012,6085.0,7.246
6013,6086.0,6.37
6014,6087.0,5.12
6015,6088.0,5.015
6016,6089.0,6.682
6017,6090.0,7.234
6018,6091.0,5.5
6019,6092.0,4.942
6020,6093.0,7.044
6021,6094.0,7.274
6022,6095.0,5.379
6023,6096.0,6.048
6024,6097.0,7.205
6025,6098.0,6.259
6026,6099.0,5.023
6027,6100.0,4.894
6028,6101.0,4.943
6029,6102.0,4.886
6030,6103.0,5.04
6031,6104.0,5.402
6032,6105.0,6.259
6033,6106.0,4.869
6034,6107.0,6.481
6035,6108.0,5.5
6036,6109.0,4.828
6037,6110.0,7.044
6038,6111.0,5.104
6039,6112.0,4.813
6040,6113.0,7.286
6041,6114.0,5.031
6042,6115.0,5.725
6043,6116.0,6.017
6044,6117.0,4.869
6045,6118.0,4.673
6046,6119.0,7.125
6047,6120.0,5.177
6048,6121.0,5.024
6049,6122.0,4.846
6050,6123.0,6.601
6051,6124.0,4.982
6052,6125.0,4.919
6053,6126.0,5.815
6054,6127.0,4.894
6055,6128.0,4.422
6056,6129.0,4.79
6057,6130.0,4.823
6058,6131.0,5.224
6059,6132.0,5.032
6060,6133.0,4.894
6061,6134.0,5.056
6062,6135.0,4.983
6063,6136.0,5.258
6064,6137.0,4.991
6065,6138.0,4.853
6066,6139.0,4.934
6067,6140.0,6.491
6068,6141.0,7.274
6069,6142.0,6.259
6070,6143.0,5.12
6071,6144.0,4.975
6072,6145.0,6.722
6073,6146.0,7.234
6074,6147.0,5.428
6075,6148.0,4.975
6076,6149.0,7.044
6077,6150.0,7.274
6078,6151.0,5.307
6079,6152.0,6.168
6080,6153.0,7.205
6081,6154.0,6.138
6082,6155.0,4.95
6083,6156.0,4.894
6084,6157.0,4.943
6085,6158.0,4.886
6086,6159.0,4.999
6087,6160.0,5.523
6088,6162.0,6.138
6089,6163.0,4.869
6090,6164.0,6.561
6091,6165.0,5.469
6092,6166.0,4.747
6093,6167.0,7.085
6094,6168.0,5.072
6095,6169.0,4.894
6096,6170.0,7.085
6097,6171.0,5.031
6098,6172.0,5.846
6099,6173.0,5.945
6100,6174.0,4.828
6101,6175.0,4.666
6102,6176.0,7.125
6103,6177.0,5.169
6104,6178.0,5.064
6105,6179.0,4.919
6106,6180.0,6.481
6107,6181.0,4.982
6108,6182.0,4.919
6109,6183.0,5.774
6110,6184.0,4.861
6111,6185.0,4.226
6112,6186.0,4.603
6113,6187.0,4.79
6114,6188.0,4.782
6115,6189.0,5.064
6116,6190.0,4.853
6117,6191.0,5.5
6118,6192.0,4.999
6119,6193.0,4.926
6120,6194.0,4.982
6121,6195.0,5.024
6122,6196.0,5.451
6123,6197.0,4.82
6124,6198.0,6.964
6125,6199.0,7.314
6126,6200.0,5.347
6127,6201.0,5.072
6128,6202.0,4.934
6129,6203.0,7.085
6130,6204.0,7.274
6131,6205.0,5.379
6132,6206.0,6.128
6133,6207.0,7.246
6134,6208.0,6.138
6135,6209.0,5.023
6136,6210.0,6.803
6137,6211.0,7.234
6138,6212.0,5.307
6139,6213.0,4.828
6140,6214.0,4.911
6141,6215.0,4.772
6142,6216.0,4.951
6143,6217.0,4.78
6144,6218.0,6.803
6145,6219.0,5.266
6146,6220.0,4.828
6147,6221.0,7.205
6148,6222.0,5.185
6149,6223.0,4.886
6150,6224.0,6.642
6151,6225.0,4.909
6152,6226.0,6.209
6153,6227.0,5.662
6154,6228.0,4.828
6155,6229.0,6.883
6156,6230.0,5.185
6157,6231.0,4.714
6158,6232.0,5.048
6159,6233.0,6.521
6160,6234.0,5.104
6161,6235.0,4.926
6162,6236.0,5.112
6163,6237.0,5.492
6164,6238.0,4.861
6165,6239.0,6.118
6166,6240.0,5.177
6167,6241.0,4.503
6168,6242.0,4.75
6169,6243.0,4.79
6170,6244.0,5.313
6171,6245.0,4.983
6172,6247.0,5.056
6173,6248.0,5.064
6174,6249.0,4.991
6175,6250.0,5.015
6176,6251.0,5.04
6177,6252.0,4.999
6178,6253.0,5.096
6179,6254.0,5.572
6180,6255.0,7.205
6181,6256.0,7.314
6182,6257.0,5.209
6183,6258.0,5.281
6184,6259.0,6.088
6185,6260.0,7.205
6186,6261.0,6.259
6187,6262.0,4.99
6188,6263.0,6.803
6189,6264.0,7.234
6190,6265.0,5.339
6191,6266.0,4.975
6192,6267.0,7.125
6193,6268.0,7.274
6194,6269.0,5.298
6195,6270.0,4.747
6196,6271.0,4.951
6197,6272.0,4.699
6198,6273.0,4.991
6199,6274.0,4.853
6200,6275.0,7.314
6201,6276.0,5.112
6202,6277.0,5.33
6203,6278.0,6.299
6204,6279.0,4.942
6205,6280.0,6.44
6206,6281.0,5.5
6207,6282.0,4.747
6208,6283.0,7.004
6209,6284.0,5.104
6210,6285.0,4.853
6211,6286.0,7.286
6212,6287.0,5.031
6213,6288.0,4.666
6214,6289.0,6.521
6215,6290.0,5.523
6216,6291.0,5.024
6217,6292.0,4.813
6218,6293.0,6.521
6219,6294.0,5.056
6220,6295.0,4.853
6221,6296.0,6.883
6222,6297.0,5.023
6223,6298.0,4.26
6224,6299.0,4.75
6225,6300.0,4.782
6226,6301.0,5.313
6227,6302.0,4.983
6228,6303.0,4.975
6229,6304.0,4.982
6230,6305.0,4.943
6231,6306.0,5.572
6232,6307.0,4.999
6233,6308.0,4.926
6234,6309.0,4.982
6235,6310.0,5.967
6236,6311.0,7.205
6237,6312.0,7.205
6238,6313.0,5.16
6239,6314.0,5.169
6240,6315.0,6.33
6241,6316.0,7.234
6242,6317.0,5.896
6243,6318.0,4.942
6244,6319.0,6.924
6245,6320.0,7.274
6246,6321.0,5.185
6247,6322.0,5.451
6248,6323.0,7.125
6249,6324.0,7.125
6250,6325.0,5.145
6251,6326.0,4.78
6252,6327.0,4.911
6253,6328.0,4.82
6254,6329.0,4.943
6255,6330.0,4.846
6256,6332.0,7.125
6257,6333.0,5.031
6258,6334.0,5.806
6259,6335.0,6.017
6260,6336.0,4.828
6261,6337.0,6.682
6262,6338.0,5.347
6263,6339.0,4.787
6264,6340.0,7.125
6265,6341.0,5.266
6266,6342.0,4.846
6267,6343.0,6.883
6268,6344.0,4.99
6269,6345.0,4.706
6270,6346.0,6.722
6271,6347.0,5.411
6272,6348.0,5.024
6273,6349.0,4.886
6274,6350.0,6.752
6275,6351.0,5.056
6276,6352.0,4.846
6277,6353.0,6.511
6278,6354.0,4.975
6279,6355.0,4.219
6280,6356.0,4.75
6281,6357.0,4.79
6282,6358.0,5.273
6283,6359.0,4.983
6284,6360.0,4.942
6285,6361.0,4.982
6286,6362.0,4.951
6287,6363.0,5.5
6288,6364.0,4.999
6289,6365.0,4.926
6290,6366.0,4.982
6291,6367.0,6.088
6292,6368.0,7.205
6293,6369.0,7.044
6294,6370.0,5.16
6295,6371.0,5.128
6296,6372.0,6.4
6297,6373.0,7.194
6298,6374.0,5.824
6299,6375.0,4.901
6300,6376.0,6.964
6301,6377.0,7.274
6302,6378.0,5.266
6303,6379.0,5.613
6304,6380.0,7.165
6305,6381.0,6.803
6306,6382.0,5.104
6307,6383.0,4.747
6308,6384.0,4.911
6309,6385.0,4.82
6310,6386.0,5.152
6311,6387.0,4.846
6312,6388.0,6.883
6313,6389.0,4.99
6314,6390.0,6.048
6315,6391.0,5.824
6316,6392.0,4.828
6317,6393.0,6.803
6318,6394.0,5.266
6319,6395.0,4.787
6320,6396.0,7.205
6321,6397.0,5.193
6322,6398.0,4.926
6323,6399.0,6.572
6324,6400.0,4.95
6325,6401.0,4.673
6326,6402.0,6.843
6327,6403.0,5.29
6328,6404.0,5.024
6329,6405.0,4.853
6330,6406.0,6.872
6331,6407.0,5.104
6332,6408.0,4.926
6333,6409.0,6.33
6334,6410.0,4.975
6335,6411.0,4.26
6336,6412.0,4.79
6337,6413.0,4.823
6338,6414.0,5.224
6339,6415.0,5.064
6340,6416.0,4.934
6341,6417.0,5.064
6342,6419.0,4.983
6343,6420.0,5.339
6344,6421.0,4.991
6345,6422.0,4.853
6346,6423.0,4.942
6347,6424.0,6.37
6348,6425.0,7.286
6349,6426.0,6.572
6350,6427.0,5.12
6351,6428.0,5.015
6352,6429.0,6.601
6353,6430.0,7.234
6354,6431.0,5.541
6355,6432.0,4.942
6356,6433.0,7.004
6357,6434.0,7.274
6358,6435.0,5.428
6359,6436.0,5.927
6360,6437.0,7.165
6361,6438.0,6.37
6362,6439.0,5.023
6363,6440.0,4.894
6364,6441.0,4.903
6365,6442.0,4.894
6366,6443.0,5.04
6367,6444.0,5.201
6368,6445.0,6.421
6369,6446.0,4.909
6370,6447.0,6.37
6371,6448.0,5.581
6372,6449.0,4.787
6373,6450.0,6.964
6374,6451.0,5.112
6375,6452.0,4.853
6376,6453.0,7.286
6377,6454.0,5.064
6378,6455.0,5.483
6379,6456.0,6.178
6380,6457.0,4.869
6381,6458.0,4.666
6382,6459.0,7.044
6383,6460.0,5.209
6384,6461.0,4.983
6385,6462.0,4.846
6386,6463.0,6.792
6387,6464.0,5.023
6388,6465.0,4.878
6389,6466.0,5.967
6390,6467.0,4.894
6391,6468.0,4.219
6392,6469.0,4.75
6393,6470.0,4.823
6394,6471.0,5.394
6395,6472.0,4.983
6396,6473.0,5.015
6397,6474.0,5.056
6398,6475.0,4.943
6399,6476.0,5.29
6400,6477.0,4.999
6401,6478.0,4.959
6402,6479.0,5.023
6403,6480.0,5.774
6404,6481.0,7.165
6405,6482.0,7.314
6406,6483.0,5.169
6407,6484.0,5.241
6408,6485.0,6.168
6409,6486.0,7.194
6410,6487.0,6.097
6411,6488.0,4.982
6412,6489.0,6.843
6413,6490.0,7.314
6414,6491.0,5.266
6415,6492.0,5.217
6416,6493.0,7.125
6417,6494.0,7.274
6418,6495.0,5.185
6419,6496.0,4.787
6420,6497.0,4.903
6421,6498.0,4.706
6422,6499.0,4.943
6423,6500.0,4.853
6424,6501.0,7.274
6425,6503.0,5.031
6426,6504.0,5.644
6427,6505.0,6.057
6428,6506.0,4.828
6429,6507.0,6.561
6430,6508.0,5.388
6431,6509.0,4.747
6432,6510.0,7.085
6433,6511.0,5.153
6434,6512.0,4.853
6435,6513.0,7.004
6436,6514.0,4.99
6437,6515.0,4.673
6438,6516.0,6.642
6439,6517.0,5.42
6440,6518.0,5.032
6441,6519.0,4.813
6442,6520.0,6.671
6443,6521.0,5.023
6444,6522.0,4.846
6445,6523.0,6.601
6446,6524.0,5.015
6447,6525.0,4.26
6448,6526.0,4.75
6449,6527.0,4.782
6450,6528.0,5.354
6451,6529.0,4.983
6452,6530.0,4.975
6453,6531.0,4.982
6454,6532.0,4.951
6455,6533.0,5.613
6456,6534.0,5.04
6457,6535.0,4.926
6458,6536.0,5.015
6459,6537.0,5.896
6460,6538.0,7.205
6461,6539.0,7.274
6462,6540.0,5.16
6463,6541.0,5.16
6464,6542.0,6.33
6465,6543.0,7.205
6466,6544.0,5.936
6467,6545.0,4.95
6468,6546.0,6.883
6469,6547.0,7.234
6470,6548.0,5.226
6471,6549.0,5.371
6472,6550.0,7.165
6473,6551.0,7.085
6474,6552.0,5.145
6475,6553.0,4.747
6476,6554.0,4.951
6477,6555.0,4.82
6478,6556.0,4.991
6479,6557.0,4.853
6480,6558.0,7.165
6481,6559.0,5.031
6482,6560.0,5.846
6483,6561.0,5.945
6484,6562.0,4.869
6485,6563.0,6.722
6486,6564.0,5.379
6487,6565.0,4.747
6488,6566.0,7.165
6489,6567.0,5.226
6490,6568.0,4.846
6491,6569.0,6.814
6492,6570.0,4.95
6493,6571.0,4.673
6494,6572.0,6.722
6495,6573.0,5.379
6496,6574.0,4.983
6497,6575.0,4.82
6498,6576.0,6.792
6499,6577.0,5.064
6500,6578.0,4.886
6501,6579.0,6.451
6502,6580.0,4.942
6503,6581.0,4.219
6504,6582.0,4.75
6505,6583.0,4.823
6506,6584.0,5.265
6507,6585.0,5.024
6508,6587.0,4.901
6509,6588.0,4.942
6510,6589.0,4.983
6511,6590.0,5.411
6512,6591.0,4.991
6513,6592.0,4.886
6514,6593.0,4.942
6515,6594.0,6.249
6516,6595.0,7.194
6517,6596.0,6.763
6518,6597.0,5.12
6519,6598.0,5.048
6520,6599.0,6.521
6521,6600.0,7.234
6522,6601.0,5.622
6523,6602.0,4.901
6524,6603.0,7.004
6525,6604.0,7.274
6526,6605.0,5.509
6527,6606.0,5.846
6528,6607.0,7.165
6529,6608.0,6.531
6530,6609.0,5.064
6531,6610.0,4.901
6532,6611.0,4.903
6533,6612.0,4.894
6534,6613.0,5.08
6535,6614.0,5.08
6536,6615.0,6.491
6537,6616.0,4.95
6538,6617.0,6.289
6539,6618.0,5.622
6540,6619.0,4.787
6541,6620.0,6.964
6542,6621.0,5.145
6543,6622.0,4.853
6544,6623.0,7.286
6545,6624.0,5.104
6546,6625.0,5.362
6547,6626.0,6.299
6548,6627.0,4.869
6549,6628.0,4.666
6550,6629.0,7.004
6551,6630.0,5.209
6552,6631.0,5.024
6553,6632.0,4.886
6554,6633.0,6.913
6555,6634.0,5.056
6556,6635.0,4.919
6557,6636.0,6.088
6558,6637.0,4.901
6559,6638.0,4.382
6560,6639.0,4.79
6561,6640.0,4.823
6562,6641.0,5.193
6563,6642.0,5.032
6564,6643.0,4.894
6565,6644.0,5.096
6566,6645.0,4.943
6567,6646.0,5.298
6568,6647.0,4.991
6569,6648.0,4.846
6570,6649.0,4.901
6571,6650.0,6.41
6572,6651.0,7.234
6573,6652.0,6.451
6574,6653.0,5.12
6575,6654.0,5.015
6576,6655.0,6.642
6577,6656.0,7.234
6578,6657.0,5.5
6579,6658.0,4.942
6580,6659.0,7.044
6581,6660.0,7.234
6582,6661.0,5.388
6583,6662.0,6.007
6584,6663.0,7.205
6585,6664.0,6.289
6586,6665.0,5.023
6587,6666.0,4.894
6588,6667.0,4.943
6589,6668.0,4.886
6590,6669.0,5.04
6591,6671.0,5.322
6592,6672.0,6.34
6593,6673.0,4.909
6594,6674.0,6.44
6595,6675.0,5.509
6596,6676.0,4.787
6597,6677.0,7.044
6598,6678.0,5.104
6599,6679.0,4.813
6600,6680.0,7.286
6601,6681.0,5.031
6602,6682.0,5.644
6603,6683.0,6.097
6604,6684.0,4.869
6605,6685.0,4.673
6606,6686.0,7.085
6607,6687.0,5.145
6608,6688.0,4.991
6609,6689.0,4.886
6610,6690.0,6.722
6611,6691.0,4.982
6612,6692.0,4.878
6613,6693.0,5.896
6614,6694.0,4.901
6615,6695.0,4.456
6616,6696.0,4.79
6617,6697.0,4.79
6618,6698.0,5.193
6619,6699.0,5.032
6620,6700.0,4.894
6621,6701.0,5.056
6622,6702.0,4.983
6623,6703.0,5.217
6624,6704.0,5.032
6625,6705.0,4.853
6626,6706.0,4.901
6627,6707.0,6.572
6628,6708.0,7.286
6629,6709.0,6.178
6630,6710.0,5.112
6631,6711.0,4.975
6632,6712.0,6.803
6633,6713.0,7.234
6634,6714.0,5.42
6635,6715.0,4.934
6636,6716.0,7.085
6637,6717.0,7.274
6638,6718.0,5.266
6639,6719.0,6.249
6640,6720.0,7.205
6641,6721.0,6.017
6642,6722.0,4.95
6643,6723.0,4.894
6644,6724.0,4.911
6645,6725.0,4.886
6646,6726.0,4.967
6647,6727.0,5.725
6648,6728.0,6.017
6649,6729.0,4.869
6650,6730.0,6.642
6651,6731.0,5.388
6652,6732.0,4.747
6653,6733.0,7.165
6654,6734.0,5.266
6655,6735.0,4.846
6656,6736.0,6.843
6657,6737.0,4.95
6658,6738.0,5.967
6659,6739.0,5.824
6660,6740.0,4.828
6661,6741.0,4.747
6662,6742.0,7.165
6663,6743.0,5.177
6664,6744.0,5.072
6665,6745.0,4.878
6666,6746.0,6.33
6667,6747.0,4.942
6668,6748.0,4.919
6669,6749.0,5.694
6670,6750.0,4.82
6671,6751.0,4.456
6672,6752.0,4.757
6673,6753.0,4.79
6674,6755.0,5.112
6675,6756.0,4.959
6676,6757.0,4.82
6677,6758.0,5.007
6678,6759.0,5.032
6679,6760.0,5.136
6680,6761.0,4.951
6681,6762.0,4.853
6682,6763.0,4.82
6683,6764.0,6.722
6684,6765.0,7.246
6685,6766.0,5.896
6686,6767.0,5.072
6687,6768.0,4.934
6688,6769.0,6.883
6689,6770.0,7.274
6690,6771.0,5.226
6691,6772.0,5.249
6692,6773.0,7.125
6693,6774.0,7.234
6694,6775.0,5.185
6695,6776.0,6.491
6696,6777.0,7.205
6697,6778.0,5.774
6698,6779.0,4.909
6699,6780.0,4.926
6700,6781.0,4.878
6701,6782.0,4.919
6702,6783.0,4.894
6703,6784.0,6.168
6704,6785.0,5.743
6705,6786.0,4.869
6706,6787.0,6.843
6707,6788.0,5.226
6708,6789.0,4.82
6709,6790.0,7.246
6710,6791.0,5.153
6711,6792.0,5.088
6712,6793.0,6.451
6713,6794.0,4.909
6714,6795.0,6.32
6715,6796.0,5.581
6716,6797.0,4.787
6717,6798.0,4.78
6718,6799.0,7.286
6719,6800.0,5.12
6720,6801.0,5.04
6721,6802.0,4.878
6722,6803.0,6.088
6723,6804.0,4.934
6724,6805.0,4.991
6725,6806.0,5.541
6726,6807.0,4.739
6727,6808.0,4.53
6728,6809.0,4.79
6729,6810.0,4.782
6730,6811.0,5.064
6731,6812.0,4.926
6732,6813.0,5.064
6733,6814.0,4.999
6734,6815.0,4.999
6735,6816.0,5.064
6736,6817.0,4.991
6737,6818.0,5.056
6738,6819.0,4.861
6739,6820.0,6.803
6740,6821.0,7.286
6741,6822.0,5.662
6742,6823.0,5.072
6743,6824.0,4.894
6744,6825.0,6.964
6745,6826.0,7.274
6746,6827.0,5.307
6747,6828.0,5.613
6748,6829.0,7.165
6749,6830.0,6.763
6750,6831.0,5.104
6751,6832.0,6.601
6752,6833.0,7.286
6753,6834.0,5.541
6754,6835.0,4.901
6755,6836.0,4.878
6756,6837.0,4.886
6757,6839.0,4.919
6758,6840.0,4.894
6759,6841.0,6.4
6760,6842.0,5.541
6761,6843.0,4.747
6762,6844.0,7.044
6763,6845.0,5.112
6764,6846.0,4.853
6765,6847.0,7.286
6766,6848.0,5.072
6767,6849.0,5.604
6768,6850.0,6.097
6769,6851.0,4.828
6770,6852.0,6.601
6771,6853.0,5.388
6772,6854.0,4.787
6773,6855.0,4.813
6774,6856.0,7.165
6775,6857.0,5.08
6776,6858.0,4.991
6777,6859.0,4.919
6778,6860.0,5.806
6779,6861.0,4.861
6780,6862.0,5.555
6781,6863.0,5.339
6782,6864.0,4.618
6783,6865.0,4.603
6784,6866.0,4.79
6785,6867.0,4.79
6786,6868.0,5.024
6787,6869.0,4.886
6788,6870.0,5.581
6789,6871.0,4.999
6790,6872.0,4.926
6791,6873.0,4.975
6792,6874.0,4.951
6793,6875.0,5.532
6794,6876.0,4.78
6795,6877.0,6.924
6796,6878.0,7.274
6797,6879.0,5.46
6798,6880.0,5.032
6799,6881.0,4.934
6800,6882.0,7.044
6801,6883.0,7.274
6802,6884.0,5.428
6803,6885.0,6.007
6804,6886.0,7.165
6805,6887.0,6.33
6806,6888.0,4.982
6807,6889.0,6.803
6808,6890.0,7.246
6809,6891.0,5.388
6810,6892.0,4.828
6811,6893.0,4.919
6812,6894.0,4.813
6813,6895.0,4.951
6814,6896.0,4.82
6815,6897.0,6.722
6816,6898.0,5.347
6817,6899.0,4.787
6818,6900.0,7.165
6819,6901.0,5.266
6820,6902.0,4.846
6821,6903.0,6.814
6822,6904.0,4.95
6823,6905.0,6.048
6824,6906.0,5.784
6825,6907.0,4.828
6826,6908.0,6.803
6827,6909.0,5.266
6828,6910.0,4.706
6829,6911.0,4.846
6830,6912.0,6.652
6831,6913.0,5.08
6832,6914.0,4.926
6833,6915.0,4.951
6834,6916.0,5.581
6835,6917.0,4.861
6836,6918.0,5.998
6837,6919.0,5.258
6838,6920.0,4.463
6839,6921.0,4.684
6840,6922.0,4.79
6841,6924.0,4.83
6842,6925.0,5.024
6843,6926.0,4.886
6844,6927.0,5.339
6845,6928.0,5.032
6846,6929.0,4.886
6847,6930.0,5.096
6848,6931.0,4.943
6849,6932.0,5.371
6850,6933.0,4.78
6851,6934.0,7.044
6852,6935.0,7.274
6853,6936.0,5.266
6854,6937.0,5.032
6855,6938.0,4.926
6856,6939.0,7.085
6857,6940.0,7.274
6858,6941.0,5.226
6859,6942.0,6.37
6860,6943.0,7.205
6861,6944.0,5.855
6862,6945.0,4.942
6863,6946.0,6.924
6864,6947.0,7.246
6865,6948.0,5.185
6866,6949.0,4.82
6867,6950.0,4.911
6868,6951.0,4.739
6869,6952.0,4.951
6870,6953.0,4.78
6871,6954.0,7.004
6872,6955.0,5.145
6873,6956.0,4.82
6874,6957.0,7.326
6875,6958.0,5.072
6876,6959.0,5.483
6877,6960.0,6.138
6878,6961.0,4.869
6879,6962.0,6.521
6880,6963.0,5.428
6881,6964.0,4.747
6882,6965.0,7.085
6883,6966.0,5.072
6884,6967.0,4.706
6885,6968.0,5.604
6886,6969.0,6.088
6887,6970.0,5.032
6888,6971.0,4.886
6889,6972.0,5.716
6890,6973.0,5.298
6891,6974.0,4.82
6892,6975.0,6.521
6893,6976.0,5.064
6894,6977.0,4.382
6895,6978.0,4.677
6896,6979.0,4.79
6897,6980.0,5.474
6898,6981.0,5.024
6899,6982.0,5.136
6900,6983.0,5.185
6901,6984.0,4.951
6902,6985.0,4.853
6903,6986.0,5.007
6904,6987.0,5.072
6905,6988.0,5.145
6906,6989.0,5.056
6907,6990.0,7.125
6908,6991.0,7.314
6909,6992.0,5.258
6910,6993.0,5.184
6911,6994.0,5.604
6912,6995.0,7.165
6913,6996.0,6.763
6914,6997.0,5.104
6915,6998.0,6.601
6916,6999.0,7.274
6917,7000.0,5.541
6918,7001.0,4.982
6919,7002.0,7.004
6920,7003.0,7.314
6921,7004.0,5.42
6922,7006.0,4.82
6923,7007.0,4.911
6924,7008.0,4.772
6925,7009.0,4.951
6926,7010.0,4.78
6927,7011.0,7.165
6928,7012.0,5.266
6929,7013.0,4.846
6930,7014.0,6.843
6931,7015.0,5.023
6932,7016.0,6.007
6933,7017.0,5.824
6934,7018.0,4.828
6935,7019.0,6.803
6936,7020.0,5.266
6937,7021.0,4.787
6938,7022.0,7.205
6939,7023.0,5.185
6940,7024.0,4.706
6941,7025.0,6.088
6942,7026.0,5.774
6943,7027.0,5.032
6944,7028.0,4.813
6945,7029.0,6.118
6946,7030.0,5.217
6947,7031.0,4.82
6948,7032.0,6.722
6949,7033.0,5.088
6950,7034.0,4.382
6951,7035.0,4.717
6952,7036.0,4.79
6953,7037.0,5.466
6954,7038.0,4.983
6955,7039.0,5.128
6956,7040.0,5.177
6957,7041.0,4.951
6958,7042.0,4.813
6959,7043.0,5.048
6960,7044.0,5.064
6961,7045.0,5.177
6962,7046.0,5.056
6963,7047.0,7.085
6964,7048.0,7.274
6965,7049.0,5.298
6966,7050.0,5.144
6967,7051.0,5.604
6968,7052.0,7.165
6969,7053.0,6.763
6970,7054.0,5.104
6971,7055.0,6.601
6972,7056.0,7.246
6973,7057.0,5.581
6974,7058.0,4.942
6975,7059.0,7.044
6976,7060.0,7.234
6977,7061.0,5.46
6978,7062.0,4.787
6979,7063.0,4.951
6980,7064.0,4.805
6981,7065.0,4.991
6982,7066.0,4.747
6983,7067.0,7.165
6984,7068.0,5.226
6985,7069.0,4.886
6986,7070.0,6.854
6987,7071.0,4.982
6988,7072.0,6.007
6989,7073.0,5.855
6990,7074.0,4.828
6991,7075.0,6.843
6992,7076.0,5.298
6993,7077.0,4.853
6994,7078.0,7.205
6995,7079.0,5.226
6996,7080.0,4.666
6997,7081.0,6.128
6998,7082.0,5.774
6999,7083.0,5.032
7000,7084.0,4.853
7001,7085.0,6.159
7002,7086.0,5.177
7003,7087.0,4.82
7004,7088.0,6.763
7005,7089.0,5.064
7006,7091.0,4.382
7007,7092.0,4.838
7008,7093.0,4.83
7009,7094.0,5.354
7010,7095.0,4.983
7011,7096.0,5.056
7012,7097.0,5.104
7013,7098.0,4.951
7014,7099.0,4.813
7015,7100.0,4.999
7016,7101.0,4.999
7017,7102.0,5.064
7018,7103.0,5.451
7019,7104.0,7.205
7020,7105.0,7.314
7021,7106.0,5.249
7022,7107.0,5.313
7023,7108.0,5.927
7024,7109.0,7.205
7025,7110.0,6.37
7026,7111.0,5.023
7027,7112.0,6.722
7028,7113.0,7.246
7029,7114.0,5.388
7030,7115.0,4.975
7031,7116.0,7.044
7032,7117.0,7.274
7033,7118.0,5.266
7034,7119.0,4.747
7035,7120.0,4.911
7036,7121.0,4.699
7037,7122.0,4.951
7038,7123.0,4.813
7039,7124.0,7.286
7040,7125.0,5.145
7041,7126.0,5.169
7042,7127.0,6.421
7043,7128.0,4.869
7044,7129.0,6.37
7045,7130.0,5.55
7046,7131.0,4.787
7047,7132.0,6.964
7048,7133.0,5.145
7049,7134.0,4.813
7050,7135.0,7.286
7051,7136.0,5.031
7052,7137.0,4.706
7053,7138.0,6.44
7054,7139.0,5.572
7055,7140.0,5.032
7056,7141.0,4.813
7057,7142.0,6.481
7058,7143.0,5.096
7059,7144.0,4.853
7060,7145.0,6.924
7061,7146.0,5.023
7062,7147.0,4.301
7063,7148.0,4.709
7064,7149.0,4.83
7065,7150.0,5.313
7066,7151.0,5.024
7067,7152.0,4.975
7068,7153.0,5.023
7069,7154.0,4.951
7070,7155.0,5.653
7071,7156.0,4.999
7072,7157.0,4.959
7073,7158.0,4.982
7074,7159.0,5.936
7075,7160.0,7.205
7076,7161.0,7.274
7077,7162.0,5.169
7078,7163.0,5.16
7079,7164.0,6.289
7080,7165.0,7.246
7081,7166.0,5.936
7082,7167.0,4.942
7083,7168.0,6.883
7084,7169.0,7.286
7085,7170.0,5.185
7086,7171.0,5.33
7087,7172.0,7.125
7088,7173.0,7.113
7089,7175.0,5.145
7090,7176.0,4.747
7091,7177.0,4.911
7092,7178.0,4.78
7093,7179.0,4.951
7094,7180.0,4.846
7095,7181.0,7.205
7096,7182.0,5.031
7097,7183.0,5.765
7098,7184.0,5.976
7099,7185.0,4.828
7100,7186.0,6.682
7101,7187.0,5.347
7102,7188.0,4.747
7103,7189.0,7.165
7104,7190.0,5.226
7105,7191.0,4.846
7106,7192.0,6.843
7107,7193.0,4.95
7108,7194.0,4.666
7109,7195.0,6.763
7110,7196.0,5.379
7111,7197.0,5.032
7112,7198.0,4.82
7113,7199.0,6.763
7114,7200.0,5.023
7115,7201.0,4.886
7116,7202.0,6.481
7117,7203.0,4.942
7118,7204.0,4.219
7119,7205.0,4.757
7120,7206.0,4.798
7121,7207.0,5.273
7122,7208.0,4.943
7123,7209.0,4.934
7124,7210.0,4.942
7125,7211.0,4.951
7126,7212.0,5.5
7127,7213.0,4.999
7128,7214.0,4.926
7129,7215.0,4.975
7130,7216.0,6.088
7131,7217.0,7.205
7132,7218.0,7.004
7133,7219.0,5.16
7134,7220.0,5.088
7135,7221.0,6.44
7136,7222.0,7.246
7137,7223.0,5.774
7138,7224.0,4.909
7139,7225.0,6.964
7140,7226.0,7.234
7141,7227.0,5.339
7142,7228.0,5.653
7143,7229.0,7.205
7144,7230.0,6.763
7145,7231.0,5.104
7146,7232.0,4.747
7147,7233.0,4.951
7148,7234.0,4.82
7149,7235.0,5.184
7150,7236.0,4.846
7151,7237.0,6.843
7152,7238.0,4.95
7153,7239.0,6.048
7154,7240.0,5.824
7155,7241.0,4.828
7156,7242.0,6.803
7157,7243.0,5.266
7158,7244.0,4.82
7159,7245.0,7.205
7160,7246.0,5.153
7161,7247.0,4.967
7162,7248.0,6.531
7163,7249.0,4.909
7164,7250.0,4.666
7165,7251.0,6.883
7166,7252.0,5.258
7167,7253.0,4.991
7168,7254.0,4.886
7169,7255.0,6.872
7170,7256.0,5.064
7171,7257.0,4.846
7172,7259.0,6.209
7173,7260.0,4.942
7174,7261.0,4.26
7175,7262.0,4.79
7176,7263.0,4.79
7177,7264.0,5.233
7178,7265.0,4.983
7179,7266.0,4.942
7180,7267.0,4.982
7181,7268.0,4.951
7182,7269.0,5.532
7183,7270.0,4.999
7184,7271.0,4.926
7185,7272.0,4.982
7186,7273.0,5.896
7187,7274.0,7.165
7188,7275.0,7.274
7189,7276.0,5.169
7190,7277.0,5.201
7191,7278.0,6.128
7192,7279.0,7.165
7193,7280.0,6.209
7194,7281.0,5.023
7195,7282.0,6.722
7196,7283.0,7.246
7197,7284.0,5.388
7198,7285.0,4.975
7199,7286.0,7.004
7200,7287.0,7.274
7201,7288.0,5.347
7202,7289.0,4.82
7203,7290.0,4.911
7204,7291.0,4.772
7205,7292.0,4.951
7206,7293.0,4.739
7207,7294.0,7.125
7208,7295.0,5.104
7209,7296.0,4.853
7210,7297.0,7.165
7211,7298.0,5.031
7212,7299.0,5.685
7213,7300.0,6.057
7214,7301.0,4.869
7215,7302.0,6.521
7216,7303.0,5.46
7217,7304.0,4.747
7218,7305.0,7.044
7219,7306.0,5.072
7220,7307.0,4.747
7221,7308.0,5.33
7222,7309.0,6.36
7223,7310.0,5.032
7224,7311.0,4.926
7225,7312.0,5.233
7226,7313.0,5.46
7227,7314.0,4.828
7228,7315.0,6.239
7229,7316.0,5.145
7230,7317.0,4.422
7231,7318.0,4.644
7232,7319.0,4.79
7233,7320.0,4.951
7234,7321.0,4.983
7235,7322.0,4.813
7236,7323.0,5.307
7237,7324.0,4.991
7238,7325.0,4.853
7239,7326.0,5.056
7240,7327.0,4.943
7241,7328.0,5.298
7242,7329.0,4.82
7243,7330.0,7.044
7244,7331.0,7.274
7245,7332.0,5.185
7246,7333.0,5.032
7247,7334.0,5.088
7248,7335.0,7.085
7249,7336.0,7.234
7250,7337.0,5.185
7251,7338.0,6.41
7252,7339.0,7.205
7253,7340.0,5.824
7254,7341.0,4.909
7255,7343.0,6.924
7256,7344.0,7.246
7257,7345.0,5.226
7258,7346.0,4.787
7259,7347.0,4.911
7260,7348.0,4.739
7261,7349.0,4.951
7262,7350.0,4.739
7263,7351.0,7.004
7264,7352.0,5.145
7265,7353.0,4.853
7266,7354.0,7.274
7267,7355.0,5.064
7268,7356.0,5.483
7269,7357.0,6.178
7270,7358.0,4.869
7271,7359.0,6.521
7272,7360.0,5.428
7273,7361.0,4.747
7274,7362.0,7.044
7275,7363.0,5.064
7276,7364.0,4.706
7277,7365.0,5.644
7278,7366.0,6.057
7279,7367.0,5.04
7280,7368.0,4.853
7281,7369.0,5.676
7282,7370.0,5.298
7283,7371.0,4.82
7284,7372.0,6.481
7285,7373.0,5.096
7286,7374.0,4.382
7287,7375.0,4.644
7288,7376.0,4.79
7289,7377.0,4.823
7290,7378.0,5.024
7291,7379.0,4.846
7292,7380.0,5.339
7293,7381.0,4.991
7294,7382.0,4.853
7295,7383.0,5.096
7296,7384.0,4.943
7297,7385.0,5.33
7298,7386.0,4.78
7299,7387.0,7.085
7300,7388.0,7.274
7301,7389.0,5.226
7302,7390.0,5.032
7303,7391.0,5.048
7304,7392.0,7.125
7305,7393.0,7.274
7306,7394.0,5.226
7307,7395.0,6.41
7308,7396.0,7.205
7309,7397.0,5.824
7310,7398.0,4.909
7311,7399.0,6.924
7312,7400.0,7.246
7313,7401.0,5.185
7314,7402.0,4.787
7315,7403.0,4.911
7316,7404.0,4.739
7317,7405.0,4.951
7318,7406.0,4.739
7319,7407.0,6.964
7320,7408.0,5.145
7321,7409.0,4.853
7322,7410.0,7.326
7323,7411.0,5.104
7324,7412.0,5.523
7325,7413.0,6.178
7326,7414.0,4.869
7327,7415.0,6.481
7328,7416.0,5.469
7329,7417.0,4.747
7330,7418.0,7.044
7331,7419.0,5.072
7332,7420.0,4.706
7333,7421.0,5.604
7334,7422.0,6.088
7335,7423.0,5.032
7336,7424.0,4.894
7337,7426.0,5.676
7338,7427.0,5.298
7339,7428.0,4.82
7340,7429.0,6.481
7341,7430.0,5.064
7342,7431.0,4.382
7343,7432.0,4.677
7344,7433.0,4.83
7345,7434.0,5.233
7346,7435.0,5.024
7347,7436.0,4.894
7348,7437.0,5.258
7349,7438.0,4.951
7350,7439.0,4.846
7351,7440.0,5.048
7352,7441.0,4.943
7353,7442.0,5.217
7354,7443.0,5.056
7355,7444.0,7.085
7356,7445.0,7.314
7357,7446.0,5.266
7358,7447.0,5.032
7359,7448.0,5.33
7360,7449.0,7.165
7361,7450.0,7.113
7362,7451.0,5.145
7363,7452.0,6.491
7364,7453.0,7.246
7365,7454.0,5.703
7366,7455.0,4.901
7367,7456.0,6.964
7368,7457.0,7.286
7369,7458.0,5.55
7370,7459.0,4.82
7371,7460.0,4.911
7372,7461.0,4.772
7373,7462.0,4.951
7374,7463.0,4.78
7375,7464.0,7.085
7376,7465.0,5.104
7377,7466.0,4.853
7378,7467.0,7.205
7379,7468.0,5.031
7380,7469.0,5.725
7381,7470.0,5.986
7382,7471.0,4.828
7383,7472.0,6.642
7384,7473.0,5.347
7385,7474.0,4.747
7386,7475.0,7.125
7387,7476.0,5.266
7388,7477.0,4.673
7389,7478.0,5.806
7390,7479.0,5.936
7391,7480.0,5.032
7392,7481.0,4.853
7393,7482.0,5.877
7394,7483.0,5.217
7395,7484.0,4.82
7396,7485.0,6.601
7397,7486.0,5.023
7398,7487.0,4.341
7399,7488.0,4.677
7400,7489.0,4.79
7401,7490.0,5.474
7402,7491.0,4.983
7403,7492.0,5.136
7404,7493.0,5.185
7405,7494.0,4.991
7406,7495.0,4.853
7407,7496.0,5.048
7408,7497.0,5.072
7409,7498.0,5.177
7410,7499.0,5.056
7411,7500.0,7.125
7412,7501.0,7.274
7413,7502.0,5.298
7414,7503.0,5.144
7415,7504.0,5.644
7416,7505.0,7.165
7417,7506.0,6.763
7418,7507.0,5.064
7419,7509.0,6.642
7420,7510.0,7.205
7421,7511.0,5.541
7422,7512.0,4.942
7423,7513.0,7.044
7424,7514.0,7.286
7425,7515.0,5.42
7426,7516.0,4.787
7427,7517.0,4.911
7428,7518.0,4.699
7429,7519.0,4.951
7430,7520.0,4.747
7431,7521.0,7.165
7432,7522.0,5.226
7433,7523.0,4.886
7434,7524.0,6.814
7435,7525.0,4.982
7436,7526.0,6.048
7437,7527.0,5.815
7438,7528.0,4.787
7439,7529.0,6.883
7440,7530.0,5.226
7441,7531.0,4.82
7442,7532.0,7.246
7443,7533.0,5.185
7444,7534.0,4.706
7445,7535.0,6.168
7446,7536.0,5.734
7447,7537.0,5.072
7448,7538.0,4.813
7449,7539.0,6.239
7450,7540.0,5.185
7451,7541.0,4.861
7452,7542.0,6.803
7453,7543.0,5.104
7454,7544.0,4.301
7455,7545.0,4.717
7456,7546.0,4.79
7457,7547.0,5.354
7458,7548.0,4.983
7459,7549.0,5.056
7460,7550.0,5.104
7461,7551.0,4.951
7462,7552.0,4.813
7463,7553.0,5.007
7464,7554.0,4.991
7465,7555.0,5.104
7466,7556.0,5.339
7467,7557.0,7.125
7468,7558.0,7.274
7469,7559.0,5.217
7470,7560.0,5.354
7471,7561.0,5.846
7472,7562.0,7.165
7473,7563.0,6.41
7474,7564.0,5.064
7475,7565.0,6.722
7476,7566.0,7.234
7477,7567.0,5.388
7478,7568.0,4.934
7479,7569.0,7.044
7480,7570.0,7.274
7481,7571.0,5.307
7482,7572.0,4.747
7483,7573.0,4.911
7484,7574.0,4.699
7485,7575.0,4.951
7486,7576.0,4.82
7487,7577.0,7.234
7488,7578.0,5.145
7489,7579.0,5.088
7490,7580.0,6.491
7491,7581.0,4.909
7492,7582.0,6.33
7493,7583.0,5.581
7494,7584.0,4.787
7495,7585.0,6.964
7496,7586.0,5.145
7497,7587.0,4.82
7498,7588.0,7.314
7499,7589.0,5.072
7500,7590.0,4.706
7501,7592.0,6.4
7502,7593.0,5.572
7503,7594.0,5.032
7504,7595.0,4.853
7505,7596.0,6.44
7506,7597.0,5.136
7507,7598.0,4.853
7508,7599.0,6.913
7509,7600.0,5.064
7510,7601.0,4.301
7511,7602.0,4.717
7512,7603.0,4.83
7513,7604.0,5.354
7514,7605.0,5.024
7515,7606.0,5.056
7516,7607.0,5.136
7517,7608.0,4.951
7518,7609.0,4.853
7519,7610.0,5.04
7520,7611.0,5.032
7521,7612.0,5.104
7522,7613.0,5.339
7523,7614.0,7.165
7524,7615.0,7.355
7525,7616.0,5.258
7526,7617.0,5.354
7527,7618.0,5.846
7528,7619.0,7.165
7529,7620.0,6.491
7530,7621.0,5.023
7531,7622.0,6.722
7532,7623.0,7.246
7533,7624.0,5.42
7534,7625.0,4.934
7535,7626.0,7.044
7536,7627.0,7.274
7537,7628.0,5.347
7538,7629.0,4.787
7539,7630.0,4.911
7540,7631.0,4.739
7541,7632.0,4.951
7542,7633.0,4.78
7543,7634.0,7.246
7544,7635.0,5.185
7545,7636.0,5.007
7546,7637.0,6.491
7547,7638.0,4.909
7548,7639.0,6.249
7549,7640.0,5.622
7550,7641.0,4.787
7551,7642.0,6.924
7552,7643.0,5.145
7553,7644.0,4.82
7554,7645.0,7.286
7555,7646.0,5.064
7556,7647.0,4.673
7557,7648.0,6.37
7558,7649.0,5.581
7559,7650.0,5.032
7560,7651.0,4.813
7561,7652.0,6.44
7562,7653.0,5.104
7563,7654.0,4.853
7564,7655.0,6.883
7565,7656.0,5.056
7566,7657.0,4.26
7567,7658.0,4.79
7568,7659.0,4.79
7569,7660.0,5.354
7570,7661.0,4.983
7571,7662.0,5.015
7572,7663.0,5.023
7573,7664.0,4.991
7574,7665.0,5.217
7575,7666.0,4.999
7576,7667.0,4.959
7577,7668.0,5.056
7578,7669.0,5.774
7579,7670.0,7.205
7580,7671.0,7.314
7581,7672.0,5.209
7582,7673.0,5.201
7583,7675.0,6.249
7584,7676.0,7.246
7585,7677.0,6.128
7586,7678.0,4.942
7587,7679.0,6.843
7588,7680.0,7.234
7589,7681.0,5.266
7590,7682.0,5.128
7591,7683.0,7.085
7592,7684.0,7.274
7593,7685.0,5.185
7594,7686.0,4.787
7595,7687.0,4.911
7596,7688.0,4.699
7597,7689.0,4.951
7598,7690.0,4.853
7599,7691.0,7.314
7600,7692.0,5.064
7601,7693.0,5.523
7602,7694.0,6.178
7603,7695.0,4.869
7604,7696.0,6.561
7605,7697.0,5.428
7606,7698.0,4.747
7607,7699.0,7.085
7608,7700.0,5.064
7609,7701.0,4.853
7610,7702.0,7.085
7611,7703.0,4.99
7612,7704.0,4.666
7613,7705.0,6.601
7614,7706.0,5.451
7615,7707.0,4.991
7616,7708.0,4.813
7617,7709.0,6.642
7618,7710.0,5.064
7619,7711.0,4.853
7620,7712.0,6.722
7621,7713.0,4.982
7622,7714.0,4.301
7623,7715.0,4.75
7624,7716.0,4.83
7625,7717.0,5.233
7626,7718.0,5.104
7627,7719.0,4.901
7628,7720.0,5.064
7629,7721.0,4.943
7630,7722.0,5.379
7631,7723.0,4.991
7632,7724.0,4.926
7633,7725.0,4.942
7634,7726.0,6.33
7635,7727.0,7.205
7636,7728.0,6.612
7637,7729.0,5.12
7638,7730.0,5.048
7639,7731.0,6.561
7640,7732.0,7.246
7641,7733.0,5.581
7642,7734.0,4.982
7643,7735.0,7.004
7644,7736.0,7.274
7645,7737.0,5.469
7646,7738.0,5.927
7647,7739.0,7.165
7648,7740.0,6.44
7649,7741.0,4.99
7650,7742.0,4.901
7651,7743.0,4.903
7652,7744.0,4.894
7653,7745.0,5.04
7654,7746.0,5.128
7655,7747.0,6.451
7656,7748.0,4.95
7657,7749.0,6.32
7658,7750.0,5.581
7659,7751.0,4.828
7660,7752.0,6.924
7661,7753.0,5.153
7662,7754.0,4.82
7663,7755.0,7.286
7664,7756.0,5.072
7665,7757.0,5.402
7666,7759.0,6.219
7667,7760.0,4.869
7668,7761.0,4.673
7669,7762.0,7.004
7670,7763.0,5.185
7671,7764.0,4.983
7672,7765.0,4.846
7673,7766.0,6.883
7674,7767.0,4.982
7675,7768.0,4.878
7676,7769.0,6.007
7677,7770.0,4.901
7678,7771.0,4.415
7679,7772.0,4.79
7680,7773.0,4.823
7681,7774.0,5.184
7682,7775.0,5.032
7683,7776.0,4.894
7684,7777.0,5.056
7685,7778.0,4.943
7686,7779.0,5.217
7687,7780.0,4.991
7688,7781.0,4.853
7689,7782.0,4.901
7690,7783.0,6.531
7691,7784.0,7.246
7692,7785.0,6.219
7693,7786.0,5.08
7694,7787.0,4.975
7695,7788.0,6.763
7696,7789.0,7.274
7697,7790.0,5.42
7698,7791.0,4.934
7699,7792.0,7.085
7700,7793.0,7.246
7701,7794.0,5.347
7702,7795.0,6.209
7703,7796.0,7.205
7704,7797.0,6.057
7705,7798.0,4.942
7706,7799.0,4.894
7707,7800.0,4.951
7708,7801.0,4.886
7709,7802.0,5.007
7710,7803.0,5.644
7711,7804.0,6.097
7712,7805.0,4.828
7713,7806.0,6.642
7714,7807.0,5.388
7715,7808.0,4.787
7716,7809.0,7.085
7717,7810.0,5.226
7718,7811.0,4.853
7719,7812.0,7.004
7720,7813.0,4.99
7721,7814.0,5.927
7722,7815.0,5.864
7723,7816.0,4.869
7724,7817.0,4.673
7725,7818.0,7.165
7726,7819.0,5.177
7727,7820.0,5.064
7728,7821.0,4.878
7729,7822.0,6.4
7730,7823.0,4.942
7731,7824.0,4.919
7732,7825.0,5.694
7733,7826.0,4.861
7734,7827.0,4.382
7735,7828.0,4.79
7736,7829.0,4.823
7737,7830.0,5.193
7738,7831.0,5.032
7739,7832.0,4.861
7740,7833.0,5.056
7741,7834.0,4.943
7742,7835.0,5.258
7743,7836.0,4.951
7744,7837.0,4.853
7745,7838.0,4.861
7746,7839.0,6.491
7747,7840.0,7.246
7748,7841.0,6.289
7749,7843.0,5.08
7750,7844.0,4.975
7751,7845.0,6.722
7752,7846.0,7.234
7753,7847.0,5.428
7754,7848.0,4.934
7755,7849.0,7.044
7756,7850.0,7.274
7757,7851.0,5.347
7758,7852.0,6.168
7759,7853.0,7.205
7760,7854.0,6.138
7761,7855.0,4.982
7762,7856.0,4.894
7763,7857.0,4.943
7764,7858.0,4.886
7765,7859.0,4.999
7766,7860.0,5.604
7767,7861.0,6.138
7768,7862.0,4.869
7769,7863.0,6.521
7770,7864.0,5.46
7771,7865.0,4.747
7772,7866.0,7.125
7773,7867.0,5.112
7774,7868.0,4.846
7775,7869.0,7.085
7776,7870.0,5.023
7777,7871.0,5.846
7778,7872.0,5.976
7779,7873.0,4.828
7780,7874.0,4.666
7781,7875.0,7.125
7782,7876.0,5.209
7783,7877.0,5.024
7784,7878.0,4.926
7785,7879.0,6.481
7786,7880.0,5.015
7787,7881.0,4.919
7788,7882.0,5.806
7789,7883.0,4.861
7790,7884.0,4.26
7791,7885.0,4.75
7792,7886.0,4.782
7793,7887.0,5.233
7794,7888.0,5.064
7795,7889.0,4.942
7796,7890.0,5.064
7797,7891.0,4.943
7798,7892.0,5.379
7799,7893.0,4.991
7800,7894.0,4.886
7801,7895.0,4.942
7802,7896.0,6.249
7803,7897.0,7.205
7804,7898.0,6.733
7805,7899.0,5.12
7806,7900.0,5.048
7807,7901.0,6.521
7808,7902.0,7.194
7809,7903.0,5.622
7810,7904.0,4.901
7811,7905.0,7.004
7812,7906.0,7.234
7813,7907.0,5.5
7814,7908.0,5.815
7815,7909.0,7.165
7816,7910.0,6.531
7817,7911.0,5.023
7818,7912.0,4.861
7819,7913.0,4.903
7820,7914.0,4.853
7821,7915.0,5.112
7822,7916.0,4.967
7823,7917.0,6.531
7824,7918.0,4.909
7825,7919.0,6.249
7826,7920.0,5.662
7827,7921.0,4.787
7828,7922.0,6.924
7829,7923.0,5.185
7830,7924.0,4.82
7831,7925.0,7.274
7832,7927.0,5.112
7833,7928.0,5.322
7834,7929.0,6.299
7835,7930.0,4.909
7836,7931.0,4.673
7837,7932.0,7.004
7838,7933.0,5.217
7839,7934.0,5.024
7840,7935.0,4.846
7841,7936.0,6.913
7842,7937.0,5.023
7843,7938.0,4.878
7844,7939.0,6.048
7845,7940.0,4.894
7846,7941.0,4.219
7847,7942.0,4.83
7848,7943.0,4.79
7849,7944.0,5.273
7850,7945.0,5.064
7851,7946.0,4.934
7852,7947.0,5.064
7853,7948.0,4.983
7854,7949.0,5.379
7855,7950.0,5.032
7856,7951.0,4.886
7857,7952.0,4.942
7858,7953.0,6.289
7859,7954.0,7.246
7860,7955.0,6.693
7861,7956.0,5.12
7862,7957.0,5.048
7863,7958.0,6.561
7864,7959.0,7.234
7865,7960.0,5.622
7866,7961.0,4.909
7867,7962.0,6.964
7868,7963.0,7.274
7869,7964.0,5.46
7870,7965.0,5.886
7871,7966.0,7.165
7872,7967.0,6.451
7873,7968.0,5.023
7874,7969.0,4.901
7875,7970.0,4.943
7876,7971.0,4.853
7877,7972.0,5.04
7878,7973.0,5.12
7879,7974.0,6.41
7880,7975.0,4.942
7881,7976.0,6.32
7882,7977.0,5.581
7883,7978.0,4.787
7884,7979.0,6.964
7885,7980.0,5.145
7886,7981.0,4.813
7887,7982.0,7.286
7888,7983.0,5.072
7889,7984.0,5.402
7890,7985.0,6.219
7891,7986.0,4.869
7892,7987.0,4.666
7893,7988.0,7.004
7894,7989.0,5.177
7895,7990.0,4.983
7896,7991.0,4.886
7897,7992.0,6.792
7898,7993.0,5.023
7899,7994.0,4.878
7900,7995.0,6.007
7901,7996.0,4.861
7902,7997.0,4.226
7903,7998.0,4.75
7904,7999.0,4.823
7905,8000.0,5.273
7906,8001.0,4.983
7907,8002.0,4.942
7908,8003.0,4.982
7909,8004.0,4.943
7910,8005.0,5.492
7911,8006.0,4.959
7912,8007.0,4.926
7913,8008.0,4.942
7914,8010.0,6.128
7915,8011.0,7.205
7916,8012.0,7.004
7917,8013.0,5.16
7918,8014.0,5.12
7919,8015.0,6.44
7920,8016.0,7.234
7921,8017.0,5.784
7922,8018.0,4.942
7923,8019.0,6.924
7924,8020.0,7.274
7925,8021.0,5.307
7926,8022.0,5.653
7927,8023.0,7.165
7928,8024.0,6.803
7929,8025.0,5.064
7930,8026.0,4.82
7931,8027.0,4.911
7932,8028.0,4.861
7933,8029.0,5.152
7934,8030.0,4.886
7935,8031.0,6.814
7936,8032.0,4.95
7937,8033.0,6.048
7938,8034.0,5.784
7939,8035.0,4.828
7940,8036.0,6.803
7941,8037.0,5.266
7942,8038.0,4.787
7943,8039.0,7.246
7944,8040.0,5.145
7945,8041.0,4.967
7946,8042.0,6.531
7947,8043.0,4.909
7948,8044.0,4.666
7949,8045.0,6.843
7950,8046.0,5.298
7951,8047.0,4.983
7952,8048.0,4.813
7953,8049.0,6.872
7954,8050.0,5.064
7955,8051.0,4.886
7956,8052.0,6.289
7957,8053.0,4.942
7958,8054.0,4.219
7959,8055.0,4.75
7960,8056.0,4.782
7961,8057.0,5.354
7962,8058.0,4.983
7963,8059.0,4.975
7964,8060.0,4.982
7965,8061.0,4.991
7966,8062.0,5.572
7967,8063.0,4.999
7968,8064.0,4.926
7969,8065.0,4.982
7970,8066.0,6.007
7971,8067.0,7.205
7972,8068.0,7.165
7973,8069.0,5.16
7974,8070.0,5.128
7975,8071.0,6.37
7976,8072.0,7.205
7977,8073.0,5.896
7978,8074.0,4.942
7979,8075.0,6.924
7980,8076.0,7.274
7981,8077.0,5.185
7982,8078.0,5.411
7983,8079.0,7.165
7984,8080.0,7.004
7985,8081.0,5.145
7986,8082.0,4.747
7987,8083.0,4.951
7988,8084.0,4.82
7989,8085.0,5.112
7990,8086.0,4.846
7991,8087.0,7.004
7992,8088.0,4.99
7993,8089.0,5.927
7994,8090.0,5.864
7995,8091.0,4.869
7996,8093.0,6.722
7997,8094.0,5.298
7998,8095.0,4.787
7999,8096.0,7.205
8000,8097.0,5.185
8001,8098.0,4.886
8002,8099.0,6.693
8003,8100.0,4.982
8004,8101.0,4.673
8005,8102.0,6.803
8006,8103.0,5.298
8007,8104.0,4.991
8008,8105.0,4.813
8009,8106.0,6.792
8010,8107.0,5.104
8011,8108.0,4.886
8012,8109.0,6.37
8013,8110.0,4.942
8014,8111.0,4.219
8015,8112.0,4.757
8016,8113.0,4.782
8017,8114.0,5.354
8018,8115.0,4.983
8019,8116.0,5.056
8020,8117.0,5.104
8021,8118.0,4.951
8022,8119.0,4.813
8023,8120.0,5.007
8024,8121.0,4.999
8025,8122.0,5.064
8026,8123.0,5.42
8027,8124.0,7.125
8028,8125.0,7.274
8029,8126.0,5.217
8030,8127.0,5.354
8031,8128.0,5.886
8032,8129.0,7.205
8033,8130.0,6.41
8034,8131.0,5.023
8035,8132.0,6.722
8036,8133.0,7.234
8037,8134.0,5.42
8038,8135.0,4.975
8039,8136.0,7.044
8040,8137.0,7.274
8041,8138.0,5.307
8042,8139.0,4.78
8043,8140.0,4.911
8044,8141.0,4.739
8045,8142.0,4.951
8046,8143.0,4.813
8047,8144.0,7.234
8048,8145.0,5.145
8049,8146.0,5.088
8050,8147.0,6.451
8051,8148.0,4.909
8052,8149.0,6.33
8053,8150.0,5.622
8054,8151.0,4.787
8055,8152.0,6.924
8056,8153.0,5.145
8057,8154.0,4.82
8058,8155.0,7.314
8059,8156.0,5.072
8060,8157.0,4.706
8061,8158.0,6.36
8062,8159.0,5.613
8063,8160.0,4.991
8064,8161.0,4.853
8065,8162.0,6.4
8066,8163.0,5.136
8067,8164.0,4.853
8068,8165.0,6.913
8069,8166.0,5.056
8070,8167.0,4.26
8071,8168.0,4.064
8072,8169.0,4.79
8073,8170.0,4.782
8074,8171.0,5.305
8075,8172.0,5.104
8076,8173.0,4.934
8077,8174.0,5.064
8078,8175.0,4.943
8079,8176.0,5.379
8080,8178.0,4.951
8081,8179.0,4.886
8082,8180.0,4.942
8083,8181.0,6.249
8084,8182.0,7.194
8085,8183.0,6.733
8086,8184.0,5.12
8087,8185.0,5.048
8088,8186.0,6.521
8089,8187.0,7.234
8090,8188.0,5.622
8091,8189.0,4.869
8092,8190.0,6.964
8093,8191.0,7.274
8094,8192.0,5.46
8095,8193.0,5.846
8096,8194.0,7.165
8097,8195.0,6.491
8098,8196.0,5.023
8099,8197.0,4.901
8100,8198.0,4.903
8101,8199.0,4.853
8102,8200.0,5.072
8103,8201.0,4.999
8104,8202.0,6.531
8105,8203.0,4.95
8106,8204.0,6.249
8107,8205.0,5.662
8108,8206.0,4.787
8109,8207.0,6.924
8110,8208.0,5.145
8111,8209.0,4.861
8112,8210.0,7.274
8113,8211.0,5.104
8114,8212.0,5.362
8115,8213.0,6.299
8116,8214.0,4.909
8117,8215.0,4.666
8118,8216.0,6.964
8119,8217.0,5.209
8120,8218.0,4.983
8121,8219.0,4.886
8122,8220.0,6.913
8123,8221.0,5.056
8124,8222.0,4.878
8125,8223.0,6.048
8126,8224.0,4.861
8127,8225.0,4.219
8128,8226.0,4.79
8129,8227.0,4.823
8130,8228.0,5.394
8131,8229.0,5.024
8132,8230.0,5.015
8133,8231.0,5.056
8134,8232.0,4.943
8135,8233.0,5.532
8136,8234.0,4.999
8137,8235.0,4.999
8138,8236.0,5.023
8139,8237.0,5.896
8140,8238.0,7.165
8141,8239.0,7.314
8142,8240.0,5.169
8143,8241.0,5.201
8144,8242.0,6.249
8145,8243.0,7.234
8146,8244.0,5.976
8147,8245.0,4.95
8148,8246.0,6.883
8149,8247.0,7.234
8150,8248.0,5.226
8151,8249.0,5.29
8152,8250.0,7.125
8153,8251.0,7.113
8154,8252.0,5.145
8155,8253.0,4.747
8156,8254.0,4.911
8157,8255.0,4.739
8158,8256.0,4.991
8159,8257.0,4.853
8160,8258.0,7.246
8161,8259.0,5.031
8162,8261.0,5.725
8163,8262.0,5.976
8164,8263.0,4.828
8165,8264.0,6.642
8166,8265.0,5.347
8167,8266.0,4.747
8168,8267.0,7.125
8169,8268.0,5.226
8170,8269.0,4.846
8171,8270.0,6.843
8172,8271.0,4.99
8173,8272.0,4.673
8174,8273.0,6.722
8175,8274.0,5.339
8176,8275.0,5.032
8177,8276.0,4.813
8178,8277.0,6.752
8179,8278.0,5.023
8180,8279.0,4.886
8181,8280.0,6.481
8182,8281.0,4.975
8183,8282.0,4.219
8184,8283.0,4.79
8185,8284.0,4.79
8186,8285.0,5.233
8187,8286.0,5.064
8188,8287.0,4.942
8189,8288.0,5.064
8190,8289.0,4.983
8191,8290.0,5.379
8192,8291.0,4.991
8193,8292.0,4.886
8194,8293.0,4.942
8195,8294.0,6.249
8196,8295.0,7.246
8197,8296.0,6.693
8198,8297.0,5.16
8199,8298.0,5.048
8200,8299.0,6.561
8201,8300.0,7.234
8202,8301.0,5.653
8203,8302.0,4.869
8204,8303.0,7.004
8205,8304.0,7.274
8206,8305.0,5.541
8207,8306.0,5.815
8208,8307.0,7.205
8209,8308.0,6.531
8210,8309.0,5.064
8211,8310.0,4.861
8212,8311.0,4.903
8213,8312.0,4.853
8214,8313.0,5.072
8215,8314.0,4.919
8216,8315.0,6.531
8217,8316.0,4.909
8218,8317.0,6.209
8219,8318.0,5.662
8220,8319.0,4.787
8221,8320.0,6.924
8222,8321.0,5.185
8223,8322.0,4.82
8224,8323.0,7.246
8225,8324.0,5.145
8226,8325.0,5.29
8227,8326.0,6.299
8228,8327.0,4.869
8229,8328.0,4.673
8230,8329.0,6.964
8231,8330.0,5.217
8232,8331.0,4.983
8233,8332.0,4.846
8234,8333.0,6.913
8235,8334.0,5.023
8236,8335.0,4.919
8237,8336.0,6.057
8238,8337.0,4.901
8239,8338.0,4.456
8240,8339.0,4.75
8241,8340.0,4.79
8242,8341.0,5.144
8243,8342.0,4.999
8244,8344.0,4.861
8245,8345.0,5.048
8246,8346.0,4.943
8247,8347.0,5.217
8248,8348.0,4.951
8249,8349.0,4.853
8250,8350.0,4.861
8251,8351.0,6.572
8252,8352.0,7.246
8253,8353.0,6.178
8254,8354.0,5.072
8255,8355.0,4.975
8256,8356.0,6.763
8257,8357.0,7.234
8258,8358.0,5.347
8259,8359.0,4.975
8260,8360.0,7.085
8261,8361.0,7.274
8262,8362.0,5.266
8263,8363.0,6.289
8264,8364.0,7.205
8265,8365.0,5.976
8266,8366.0,4.95
8267,8367.0,4.926
8268,8368.0,4.911
8269,8369.0,4.926
8270,8370.0,4.926
8271,8371.0,5.765
8272,8372.0,5.986
8273,8373.0,4.869
8274,8374.0,6.642
8275,8375.0,5.379
8276,8376.0,4.747
8277,8377.0,7.165
8278,8378.0,5.266
8279,8379.0,4.894
8280,8380.0,6.883
8281,8381.0,4.982
8282,8382.0,5.967
8283,8383.0,5.824
8284,8384.0,4.828
8285,8385.0,4.747
8286,8386.0,7.165
8287,8387.0,5.136
8288,8388.0,5.072
8289,8389.0,4.878
8290,8390.0,6.37
8291,8391.0,4.942
8292,8392.0,4.919
8293,8393.0,5.694
8294,8394.0,4.82
8295,8395.0,4.53
8296,8396.0,4.83
8297,8397.0,4.79
8298,8398.0,5.104
8299,8399.0,4.926
8300,8400.0,4.861
8301,8401.0,5.007
8302,8402.0,4.999
8303,8403.0,5.064
8304,8404.0,4.991
8305,8405.0,4.894
8306,8406.0,4.82
8307,8407.0,6.763
8308,8408.0,7.274
8309,8409.0,5.743
8310,8410.0,5.072
8311,8411.0,4.901
8312,8412.0,6.924
8313,8413.0,7.234
8314,8414.0,5.185
8315,8415.0,5.451
8316,8416.0,7.165
8317,8417.0,7.044
8318,8418.0,5.145
8319,8419.0,6.521
8320,8420.0,7.234
8321,8421.0,5.662
8322,8422.0,4.909
8323,8423.0,4.886
8324,8424.0,4.878
8325,8425.0,4.919
8326,8426.0,4.894
8327,8428.0,6.239
8328,8429.0,5.662
8329,8430.0,4.787
8330,8431.0,6.924
8331,8432.0,5.185
8332,8433.0,4.82
8333,8434.0,7.246
8334,8435.0,5.145
8335,8436.0,5.249
8336,8437.0,6.38
8337,8438.0,4.869
8338,8439.0,6.41
8339,8440.0,5.55
8340,8441.0,4.787
8341,8442.0,4.78
8342,8443.0,7.286
8343,8444.0,5.12
8344,8445.0,5.032
8345,8446.0,4.878
8346,8447.0,5.967
8347,8448.0,4.861
8348,8449.0,5.233
8349,8450.0,5.42
8350,8451.0,4.658
8351,8452.0,4.53
8352,8453.0,4.75
8353,8454.0,4.79
8354,8455.0,5.064
8355,8456.0,4.886
8356,8457.0,5.258
8357,8458.0,4.999
8358,8459.0,4.959
8359,8460.0,5.023
8360,8461.0,4.951
8361,8462.0,5.42
8362,8463.0,4.828
8363,8464.0,6.883
8364,8465.0,7.274
8365,8466.0,5.541
8366,8467.0,5.032
8367,8468.0,4.861
8368,8469.0,6.964
8369,8470.0,7.234
8370,8471.0,5.5
8371,8472.0,5.846
8372,8473.0,7.165
8373,8474.0,6.531
8374,8475.0,5.023
8375,8476.0,6.682
8376,8477.0,7.234
8377,8478.0,5.46
8378,8479.0,4.828
8379,8480.0,4.919
8380,8481.0,4.805
8381,8482.0,4.951
8382,8483.0,4.813
8383,8484.0,6.561
8384,8485.0,5.428
8385,8486.0,4.787
8386,8487.0,7.085
8387,8488.0,5.104
8388,8489.0,4.853
8389,8490.0,7.125
8390,8491.0,4.99
8391,8492.0,5.846
8392,8493.0,5.945
8393,8494.0,4.869
8394,8495.0,6.682
8395,8496.0,5.339
8396,8497.0,4.747
8397,8498.0,4.846
8398,8499.0,6.924
8399,8500.0,5.16
8400,8501.0,4.959
8401,8502.0,4.951
8402,8503.0,5.694
8403,8504.0,4.894
8404,8505.0,5.716
8405,8506.0,5.339
8406,8507.0,4.544
8407,8508.0,4.644
8408,8509.0,4.79
8409,8510.0,4.83
8410,8512.0,5.024
8411,8513.0,4.886
8412,8514.0,5.46
8413,8515.0,4.999
8414,8516.0,4.919
8415,8517.0,4.982
8416,8518.0,4.943
8417,8519.0,5.492
8418,8520.0,4.78
8419,8521.0,6.964
8420,8522.0,7.286
8421,8523.0,5.347
8422,8524.0,5.032
8423,8525.0,4.934
8424,8526.0,7.044
8425,8527.0,7.234
8426,8528.0,5.307
8427,8529.0,6.168
8428,8530.0,7.205
8429,8531.0,6.097
8430,8532.0,4.942
8431,8533.0,6.803
8432,8534.0,7.246
8433,8535.0,5.266
8434,8536.0,4.787
8435,8537.0,4.878
8436,8538.0,4.772
8437,8539.0,4.951
8438,8540.0,4.78
8439,8541.0,6.843
8440,8542.0,5.226
8441,8543.0,4.82
8442,8544.0,7.246
8443,8545.0,5.153
8444,8546.0,5.088
8445,8547.0,6.451
8446,8548.0,4.909
8447,8549.0,6.33
8448,8550.0,5.581
8449,8551.0,4.787
8450,8552.0,6.924
8451,8553.0,5.153
8452,8554.0,4.706
8453,8555.0,5.209
8454,8556.0,6.33
8455,8557.0,5.032
8456,8558.0,4.926
8457,8559.0,5.273
8458,8560.0,5.46
8459,8561.0,4.828
8460,8562.0,6.239
8461,8563.0,5.136
8462,8564.0,4.463
8463,8565.0,4.611
8464,8566.0,4.79
8465,8567.0,4.782
8466,8568.0,5.064
8467,8569.0,4.886
8468,8570.0,5.613
8469,8571.0,4.999
8470,8572.0,4.926
8471,8573.0,4.982
8472,8574.0,4.991
8473,8575.0,5.532
8474,8576.0,4.82
8475,8577.0,6.924
8476,8578.0,7.274
8477,8579.0,5.428
8478,8580.0,5.072
8479,8581.0,4.901
8480,8582.0,7.044
8481,8583.0,7.274
8482,8584.0,5.46
8483,8585.0,5.927
8484,8586.0,7.205
8485,8587.0,6.37
8486,8588.0,5.064
8487,8589.0,6.763
8488,8590.0,7.274
8489,8591.0,5.388
8490,8592.0,4.861
8491,8593.0,4.919
8492,8595.0,4.805
8493,8596.0,4.951
8494,8597.0,4.82
8495,8598.0,6.642
8496,8599.0,5.388
8497,8600.0,4.747
8498,8601.0,7.125
8499,8602.0,5.266
8500,8603.0,4.853
8501,8604.0,6.924
8502,8605.0,4.95
8503,8606.0,5.927
8504,8607.0,5.824
8505,8608.0,4.828
8506,8609.0,6.763
8507,8610.0,5.307
8508,8611.0,4.706
8509,8612.0,4.846
8510,8613.0,6.763
8511,8614.0,5.072
8512,8615.0,4.926
8513,8616.0,4.911
8514,8617.0,5.613
8515,8618.0,4.861
8516,8619.0,5.877
8517,8620.0,5.258
8518,8621.0,4.503
8519,8622.0,4.53
8520,8623.0,4.79
8521,8624.0,4.823
8522,8625.0,5.064
8523,8626.0,4.926
8524,8627.0,4.982
8525,8628.0,4.999
8526,8629.0,4.999
8527,8630.0,5.064
8528,8631.0,4.951
8529,8632.0,5.015
8530,8633.0,4.82
8531,8634.0,6.803
8532,8635.0,7.246
8533,8636.0,5.703
8534,8637.0,5.032
8535,8638.0,4.894
8536,8639.0,6.964
8537,8640.0,7.274
8538,8641.0,5.266
8539,8642.0,5.613
8540,8643.0,7.165
8541,8644.0,6.843
8542,8645.0,5.064
8543,8646.0,6.642
8544,8647.0,7.234
8545,8648.0,5.581
8546,8649.0,4.869
8547,8650.0,4.919
8548,8651.0,4.846
8549,8652.0,4.959
8550,8653.0,4.853
8551,8654.0,6.44
8552,8655.0,5.541
8553,8656.0,4.828
8554,8657.0,7.004
8555,8658.0,5.145
8556,8659.0,4.853
8557,8660.0,7.326
8558,8661.0,5.031
8559,8662.0,5.604
8560,8663.0,6.097
8561,8664.0,4.869
8562,8665.0,6.561
8563,8666.0,5.428
8564,8667.0,4.747
8565,8668.0,4.813
8566,8669.0,7.165
8567,8670.0,5.08
8568,8671.0,4.959
8569,8672.0,4.878
8570,8673.0,5.774
8571,8674.0,4.861
8572,8675.0,5.555
8573,8676.0,5.339
8574,8678.0,4.544
8575,8679.0,4.611
8576,8680.0,4.79
8577,8681.0,4.782
8578,8682.0,5.064
8579,8683.0,4.886
8580,8684.0,5.5
8581,8685.0,4.999
8582,8686.0,4.919
8583,8687.0,4.982
8584,8688.0,4.951
8585,8689.0,5.572
8586,8690.0,4.82
8587,8691.0,6.883
8588,8692.0,7.274
8589,8693.0,5.509
8590,8694.0,5.032
8591,8695.0,4.861
8592,8696.0,7.044
8593,8697.0,7.274
8594,8698.0,5.5
8595,8699.0,5.846
8596,8700.0,7.165
8597,8701.0,6.491
8598,8702.0,5.023
8599,8703.0,6.682
8600,8704.0,7.274
8601,8705.0,5.428
8602,8706.0,4.869
8603,8707.0,4.919
8604,8708.0,4.805
8605,8709.0,4.919
8606,8710.0,4.813
8607,8711.0,6.601
8608,8712.0,5.428
8609,8713.0,4.787
8610,8714.0,7.165
8611,8715.0,5.185
8612,8716.0,4.886
8613,8717.0,7.004
8614,8718.0,4.99
8615,8719.0,5.886
8616,8720.0,5.896
8617,8721.0,4.828
8618,8722.0,6.763
8619,8723.0,5.307
8620,8724.0,4.787
8621,8725.0,4.853
8622,8726.0,6.843
8623,8727.0,5.08
8624,8728.0,4.959
8625,8729.0,4.911
8626,8730.0,5.653
8627,8731.0,4.861
8628,8732.0,5.917
8629,8733.0,5.258
8630,8734.0,4.544
8631,8735.0,4.603
8632,8736.0,4.83
8633,8737.0,4.782
8634,8738.0,5.064
8635,8739.0,4.886
8636,8740.0,5.5
8637,8741.0,4.999
8638,8742.0,4.886
8639,8743.0,4.982
8640,8744.0,4.983
8641,8745.0,5.46
8642,8746.0,4.78
8643,8747.0,6.964
8644,8748.0,7.274
8645,8749.0,5.347
8646,8750.0,5.032
8647,8751.0,4.934
8648,8752.0,7.044
8649,8753.0,7.274
8650,8754.0,5.347
8651,8755.0,6.168
8652,8756.0,7.194
8653,8757.0,6.138
8654,8758.0,4.95
8655,8760.0,6.843
8656,8761.0,7.274
8657,8762.0,5.266
8658,8763.0,4.787
8659,8764.0,4.919
8660,8765.0,4.772
8661,8766.0,4.951
8662,8767.0,4.78
8663,8768.0,6.843
8664,8769.0,5.226
8665,8770.0,4.82
8666,8771.0,7.246
8667,8772.0,5.185
8668,8773.0,5.007
8669,8774.0,6.531
8670,8775.0,4.909
8671,8776.0,6.289
8672,8777.0,5.622
8673,8778.0,4.787
8674,8779.0,6.964
8675,8780.0,5.145
8676,8781.0,4.706
8677,8782.0,5.241
8678,8783.0,6.36
8679,8784.0,5.072
8680,8785.0,4.894
8681,8786.0,5.273
8682,8787.0,5.42
8683,8788.0,4.861
8684,8789.0,6.239
8685,8790.0,5.177
8686,8791.0,4.422
8687,8792.0,4.644
8688,8793.0,4.79
8689,8794.0,4.823
8690,8795.0,5.024
8691,8796.0,4.886
8692,8797.0,5.46
8693,8798.0,5.032
8694,8799.0,4.886
8695,8800.0,5.056
8696,8801.0,4.943
8697,8802.0,5.411
8698,8803.0,4.78
8699,8804.0,7.044
8700,8805.0,7.274
8701,8806.0,5.339
8702,8807.0,5.032
8703,8808.0,4.975
8704,8809.0,7.085
8705,8810.0,7.274
8706,8811.0,5.307
8707,8812.0,6.209
8708,8813.0,7.205
8709,8814.0,6.057
8710,8815.0,4.942
8711,8816.0,6.883
8712,8817.0,7.274
8713,8818.0,5.266
8714,8819.0,4.828
8715,8820.0,4.919
8716,8821.0,4.772
8717,8822.0,4.951
8718,8823.0,4.78
8719,8824.0,6.843
8720,8825.0,5.226
8721,8826.0,4.82
8722,8827.0,7.246
8723,8828.0,5.145
8724,8829.0,5.169
8725,8830.0,6.491
8726,8831.0,4.95
8727,8832.0,6.289
8728,8833.0,5.662
8729,8834.0,4.894
8730,8835.0,6.964
8731,8836.0,5.145
8732,8837.0,5.064
8733,8838.0,5.209
8734,8839.0,6.39
8735,8840.0,5.072
8736,8841.0,4.926
8737,8842.0,5.273
8738,8844.0,5.46
8739,8845.0,4.82
8740,8846.0,6.239
8741,8847.0,5.145
8742,8848.0,4.463
8743,8849.0,4.644
8744,8850.0,4.83
8745,8851.0,4.782
8746,8852.0,5.064
8747,8853.0,4.853
8748,8854.0,5.46
8749,8855.0,4.991
8750,8856.0,4.926
8751,8857.0,4.982
8752,8858.0,4.983
8753,8859.0,5.42
8754,8860.0,4.853
8755,8861.0,7.004
8756,8862.0,7.274
8757,8863.0,5.347
8758,8864.0,5.072
8759,8865.0,4.934
8760,8866.0,7.125
8761,8867.0,7.274
8762,8868.0,5.339
8763,8869.0,6.249
8764,8870.0,7.246
8765,8871.0,6.057
8766,8872.0,4.982
8767,8873.0,6.883
8768,8874.0,7.274
8769,8875.0,5.266
8770,8876.0,4.828
8771,8877.0,4.911
8772,8878.0,4.772
8773,8879.0,4.991
8774,8880.0,4.78
8775,8881.0,6.883
8776,8882.0,5.226
8777,8883.0,4.82
8778,8884.0,7.314
8779,8885.0,5.145
8780,8886.0,5.128
8781,8887.0,6.41
8782,8888.0,4.975
8783,8889.0,6.36
8784,8890.0,5.581
8785,8891.0,4.787
8786,8892.0,7.004
8787,8893.0,5.145
8788,8894.0,4.706
8789,8895.0,5.322
8790,8896.0,6.249
8791,8897.0,5.072
8792,8898.0,4.894
8793,8899.0,5.394
8794,8900.0,5.483
8795,8901.0,4.82
8796,8902.0,6.36
8797,8903.0,5.136
8798,8904.0,4.382
8799,8905.0,4.677
8800,8906.0,4.79
8801,8907.0,4.823
8802,8908.0,4.983
8803,8909.0,4.853
8804,8910.0,5.339
8805,8911.0,4.991
8806,8912.0,4.846
8807,8913.0,5.096
8808,8914.0,4.943
8809,8915.0,5.33
8810,8916.0,4.78
8811,8917.0,7.044
8812,8918.0,7.274
8813,8919.0,5.226
8814,8920.0,5.024
8815,8921.0,5.048
8816,8922.0,7.085
8817,8923.0,7.274
8818,8924.0,5.226
8819,8926.0,6.41
8820,8927.0,7.234
8821,8928.0,5.896
8822,8929.0,4.942
8823,8930.0,6.964
8824,8931.0,7.274
8825,8932.0,5.226
8826,8933.0,4.787
8827,8934.0,4.951
8828,8935.0,4.739
8829,8936.0,4.991
8830,8937.0,4.78
8831,8938.0,7.044
8832,8939.0,5.145
8833,8940.0,4.894
8834,8941.0,7.314
8835,8942.0,5.064
8836,8943.0,5.483
8837,8944.0,6.178
8838,8945.0,4.869
8839,8946.0,6.521
8840,8947.0,5.469
8841,8948.0,4.747
8842,8949.0,7.085
8843,8950.0,5.104
8844,8951.0,4.706
8845,8952.0,5.604
8846,8953.0,6.078
8847,8954.0,5.032
8848,8955.0,4.853
8849,8956.0,5.716
8850,8957.0,5.298
8851,8958.0,4.78
8852,8959.0,6.521
8853,8960.0,5.064
8854,8961.0,4.382
8855,8962.0,4.677
8856,8963.0,4.79
8857,8964.0,5.466
8858,8965.0,5.024
8859,8966.0,5.136
8860,8967.0,5.177
8861,8968.0,4.951
8862,8969.0,4.853
8863,8970.0,5.007
8864,8971.0,5.072
8865,8972.0,5.145
8866,8973.0,5.056
8867,8974.0,7.125
8868,8975.0,7.314
8869,8976.0,5.258
8870,8977.0,5.152
8871,8978.0,5.604
8872,8979.0,7.165
8873,8980.0,6.763
8874,8981.0,5.104
8875,8982.0,6.601
8876,8983.0,7.234
8877,8984.0,5.581
8878,8985.0,4.982
8879,8986.0,7.044
8880,8987.0,7.274
8881,8988.0,5.428
8882,8989.0,4.78
8883,8990.0,4.911
8884,8991.0,4.772
8885,8992.0,4.951
8886,8993.0,4.78
8887,8994.0,7.165
8888,8995.0,5.266
8889,8996.0,4.886
8890,8997.0,6.814
8891,8998.0,4.95
8892,8999.0,6.128
8893,9000.0,5.784
8894,9001.0,4.869
8895,9002.0,6.803
8896,9003.0,5.266
8897,9004.0,4.82
8898,9005.0,7.246
8899,9006.0,5.145
8900,9008.0,4.706
8901,9009.0,6.168
8902,9010.0,5.774
8903,9011.0,5.032
8904,9012.0,4.853
8905,9013.0,6.199
8906,9014.0,5.145
8907,9015.0,4.82
8908,9016.0,6.803
8909,9017.0,5.104
8910,9018.0,4.301
8911,9019.0,4.717
8912,9020.0,4.79
8913,9021.0,5.354
8914,9022.0,4.983
8915,9023.0,5.056
8916,9024.0,5.104
8917,9025.0,4.951
8918,9026.0,4.813
8919,9027.0,5.04
8920,9028.0,4.991
8921,9029.0,5.096
8922,9030.0,5.371
8923,9031.0,7.125
8924,9032.0,7.274
8925,9033.0,5.249
8926,9034.0,5.354
8927,9035.0,5.886
8928,9036.0,7.165
8929,9037.0,6.451
8930,9038.0,5.023
8931,9039.0,6.722
8932,9040.0,7.234
8933,9041.0,5.428
8934,9042.0,4.942
8935,9043.0,7.085
8936,9044.0,7.274
8937,9045.0,5.307
8938,9046.0,4.747
8939,9047.0,4.951
8940,9048.0,4.739
8941,9049.0,4.991
8942,9050.0,4.82
8943,9051.0,7.286
8944,9052.0,5.145
8945,9053.0,5.048
8946,9054.0,6.491
8947,9055.0,4.95
8948,9056.0,6.33
8949,9057.0,5.662
8950,9058.0,4.787
8951,9059.0,6.964
8952,9060.0,5.145
8953,9061.0,4.853
8954,9062.0,7.274
8955,9063.0,5.104
8956,9064.0,4.666
8957,9065.0,6.4
8958,9066.0,5.572
8959,9067.0,5.072
8960,9068.0,4.813
8961,9069.0,6.481
8962,9070.0,5.096
8963,9071.0,4.894
8964,9072.0,6.883
8965,9073.0,5.096
8966,9074.0,4.26
8967,9075.0,4.79
8968,9076.0,4.79
8969,9077.0,5.354
8970,9078.0,4.983
8971,9079.0,4.975
8972,9080.0,5.023
8973,9081.0,4.951
8974,9082.0,5.572
8975,9083.0,4.999
8976,9084.0,4.926
8977,9085.0,4.982
8978,9086.0,5.927
8979,9087.0,7.205
8980,9088.0,7.234
8981,9089.0,5.169
8982,9091.0,5.16
8983,9092.0,6.33
8984,9093.0,7.205
8985,9094.0,5.896
8986,9095.0,4.942
8987,9096.0,6.883
8988,9097.0,7.234
8989,9098.0,5.185
8990,9099.0,5.371
8991,9100.0,7.125
8992,9101.0,7.073
8993,9102.0,5.145
8994,9103.0,4.747
8995,9104.0,4.911
8996,9105.0,4.861
8997,9106.0,5.032
8998,9107.0,4.846
8999,9108.0,7.085
9000,9109.0,5.031
9001,9110.0,5.806
9002,9111.0,5.945
9003,9112.0,4.828
9004,9113.0,6.722
9005,9114.0,5.347
9006,9115.0,4.787
9007,9116.0,7.165
9008,9117.0,5.266
9009,9118.0,4.846
9010,9119.0,6.803
9011,9120.0,4.95
9012,9121.0,4.666
9013,9122.0,6.763
9014,9123.0,5.371
9015,9124.0,5.032
9016,9125.0,4.853
9017,9126.0,6.792
9018,9127.0,5.136
9019,9128.0,4.886
9020,9129.0,6.481
9021,9130.0,4.942
9022,9131.0,4.26
9023,9132.0,4.79
9024,9133.0,4.823
9025,9134.0,5.233
9026,9135.0,5.104
9027,9136.0,4.901
9028,9137.0,5.096
9029,9138.0,4.943
9030,9139.0,5.411
9031,9140.0,4.951
9032,9141.0,4.926
9033,9142.0,4.901
9034,9143.0,6.37
9035,9144.0,7.246
9036,9145.0,6.682
9037,9146.0,5.12
9038,9147.0,5.048
9039,9148.0,6.561
9040,9149.0,7.234
9041,9150.0,5.581
9042,9151.0,4.942
9043,9152.0,7.004
9044,9153.0,7.274
9045,9154.0,5.46
9046,9155.0,5.886
9047,9156.0,7.165
9048,9157.0,6.451
9049,9158.0,5.023
9050,9159.0,4.901
9051,9160.0,4.911
9052,9161.0,4.853
9053,9162.0,5.08
9054,9163.0,5.12
9055,9164.0,6.491
9056,9165.0,4.909
9057,9166.0,6.32
9058,9167.0,5.622
9059,9168.0,4.787
9060,9169.0,6.964
9061,9170.0,5.185
9062,9171.0,4.82
9063,9172.0,7.274
9064,9173.0,5.072
9065,9174.0,5.402
9066,9176.0,6.259
9067,9177.0,4.901
9068,9178.0,4.673
9069,9179.0,7.004
9070,9180.0,5.209
9071,9181.0,5.024
9072,9182.0,4.846
9073,9183.0,6.913
9074,9184.0,5.023
9075,9185.0,4.919
9076,9186.0,6.048
9077,9187.0,4.901
9078,9188.0,4.463
9079,9189.0,4.79
9080,9190.0,4.823
9081,9191.0,5.184
9082,9192.0,4.999
9083,9193.0,4.894
9084,9194.0,5.007
9085,9195.0,5.024
9086,9196.0,5.177
9087,9197.0,4.991
9088,9198.0,4.853
9089,9199.0,4.901
9090,9200.0,6.572
9091,9201.0,7.274
9092,9202.0,6.097
9093,9203.0,5.112
9094,9204.0,4.975
9095,9205.0,6.803
9096,9206.0,7.234
9097,9207.0,5.379
9098,9208.0,4.934
9099,9209.0,7.125
9100,9210.0,7.274
9101,9211.0,5.298
9102,9212.0,6.289
9103,9213.0,7.234
9104,9214.0,5.976
9105,9215.0,4.982
9106,9216.0,4.894
9107,9217.0,4.911
9108,9218.0,4.886
9109,9219.0,4.967
9110,9220.0,5.806
9111,9221.0,5.936
9112,9222.0,4.828
9113,9223.0,6.682
9114,9224.0,5.347
9115,9225.0,4.747
9116,9226.0,7.165
9117,9227.0,5.266
9118,9228.0,4.846
9119,9229.0,6.843
9120,9230.0,4.95
9121,9231.0,6.007
9122,9232.0,5.824
9123,9233.0,4.787
9124,9234.0,4.747
9125,9235.0,7.165
9126,9236.0,5.169
9127,9237.0,5.072
9128,9238.0,4.878
9129,9239.0,6.37
9130,9240.0,4.942
9131,9241.0,4.919
9132,9242.0,5.694
9133,9243.0,4.82
9134,9244.0,4.463
9135,9245.0,4.79
9136,9246.0,4.823
9137,9247.0,5.152
9138,9248.0,4.999
9139,9249.0,4.861
9140,9250.0,5.048
9141,9251.0,5.064
9142,9252.0,5.177
9143,9253.0,4.951
9144,9254.0,4.853
9145,9255.0,4.861
9146,9256.0,6.642
9147,9257.0,7.234
9148,9258.0,6.057
9149,9259.0,5.072
9150,9261.0,4.975
9151,9262.0,6.803
9152,9263.0,7.274
9153,9264.0,5.307
9154,9265.0,5.007
9155,9266.0,7.125
9156,9267.0,7.274
9157,9268.0,5.226
9158,9269.0,6.41
9159,9270.0,7.234
9160,9271.0,5.896
9161,9272.0,4.909
9162,9273.0,4.926
9163,9274.0,4.87
9164,9275.0,4.919
9165,9276.0,4.926
9166,9277.0,5.967
9167,9278.0,5.864
9168,9279.0,4.869
9169,9280.0,6.763
9170,9281.0,5.339
9171,9282.0,4.787
9172,9283.0,7.246
9173,9284.0,5.185
9174,9285.0,4.926
9175,9286.0,6.652
9176,9287.0,4.95
9177,9288.0,6.168
9178,9289.0,5.703
9179,9290.0,4.787
9180,9291.0,4.747
9181,9292.0,7.246
9182,9293.0,5.128
9183,9294.0,5.072
9184,9295.0,4.878
9185,9296.0,6.209
9186,9297.0,4.942
9187,9298.0,4.911
9188,9299.0,5.613
9189,9300.0,4.78
9190,9301.0,4.611
9191,9302.0,4.79
9192,9303.0,4.782
9193,9304.0,5.064
9194,9305.0,4.886
9195,9306.0,5.581
9196,9307.0,4.999
9197,9308.0,4.919
9198,9309.0,5.023
9199,9310.0,4.991
9200,9311.0,5.613
9201,9312.0,4.82
9202,9313.0,6.883
9203,9314.0,7.274
9204,9315.0,5.5
9205,9316.0,5.032
9206,9317.0,4.942
9207,9318.0,7.004
9208,9319.0,7.274
9209,9320.0,5.5
9210,9321.0,5.886
9211,9322.0,7.165
9212,9323.0,6.451
9213,9324.0,5.064
9214,9325.0,6.722
9215,9326.0,7.234
9216,9327.0,5.42
9217,9328.0,4.861
9218,9329.0,4.919
9219,9330.0,4.846
9220,9331.0,4.919
9221,9332.0,4.853
9222,9333.0,6.601
9223,9334.0,5.42
9224,9335.0,4.747
9225,9336.0,7.125
9226,9337.0,5.185
9227,9338.0,4.886
9228,9339.0,6.964
9229,9340.0,4.99
9230,9341.0,5.927
9231,9343.0,5.896
9232,9344.0,4.828
9233,9345.0,6.803
9234,9346.0,5.307
9235,9347.0,4.787
9236,9348.0,4.886
9237,9349.0,6.792
9238,9350.0,5.072
9239,9351.0,4.959
9240,9352.0,4.911
9241,9353.0,5.644
9242,9354.0,4.861
9243,9355.0,5.957
9244,9356.0,5.258
9245,9357.0,4.544
9246,9358.0,4.644
9247,9359.0,4.823
9248,9360.0,4.782
9249,9361.0,5.024
9250,9362.0,4.853
9251,9363.0,5.379
9252,9364.0,4.991
9253,9365.0,4.886
9254,9366.0,5.056
9255,9367.0,4.943
9256,9368.0,5.379
9257,9369.0,4.78
9258,9370.0,7.004
9259,9371.0,7.274
9260,9372.0,5.266
9261,9373.0,5.032
9262,9374.0,4.926
9263,9375.0,7.085
9264,9376.0,7.274
9265,9377.0,5.226
9266,9378.0,6.289
9267,9379.0,7.194
9268,9380.0,5.936
9269,9381.0,4.95
9270,9382.0,6.883
9271,9383.0,7.274
9272,9384.0,5.226
9273,9385.0,4.787
9274,9386.0,4.911
9275,9387.0,4.772
9276,9388.0,4.951
9277,9389.0,4.78
9278,9390.0,6.924
9279,9391.0,5.185
9280,9392.0,4.82
9281,9393.0,7.274
9282,9394.0,5.145
9283,9395.0,5.249
9284,9396.0,6.38
9285,9397.0,4.869
9286,9398.0,6.4
9287,9399.0,5.541
9288,9400.0,4.787
9289,9401.0,7.004
9290,9402.0,5.145
9291,9403.0,4.706
9292,9404.0,5.402
9293,9405.0,6.249
9294,9406.0,5.072
9295,9407.0,4.886
9296,9408.0,5.474
9297,9409.0,5.379
9298,9410.0,4.861
9299,9411.0,6.36
9300,9412.0,5.136
9301,9413.0,4.422
9302,9414.0,4.717
9303,9415.0,4.79
9304,9416.0,5.425
9305,9417.0,5.024
9306,9418.0,5.048
9307,9419.0,5.217
9308,9420.0,4.991
9309,9421.0,4.853
9310,9422.0,5.088
9311,9423.0,5.024
9312,9424.0,5.249
9313,9425.0,5.056
9314,9427.0,7.125
9315,9428.0,7.314
9316,9429.0,5.339
9317,9430.0,5.024
9318,9431.0,5.451
9319,9432.0,7.165
9320,9433.0,6.964
9321,9434.0,5.145
9322,9435.0,6.561
9323,9436.0,7.234
9324,9437.0,5.622
9325,9438.0,4.869
9326,9439.0,6.964
9327,9440.0,7.274
9328,9441.0,5.5
9329,9442.0,4.787
9330,9443.0,4.911
9331,9444.0,4.78
9332,9445.0,4.951
9333,9446.0,4.739
9334,9447.0,7.125
9335,9448.0,5.185
9336,9449.0,4.853
9337,9450.0,6.964
9338,9451.0,4.99
9339,9452.0,5.927
9340,9453.0,5.864
9341,9454.0,4.869
9342,9455.0,6.763
9343,9456.0,5.307
9344,9457.0,4.787
9345,9458.0,7.205
9346,9459.0,5.185
9347,9460.0,4.706
9348,9461.0,6.048
9349,9462.0,5.815
9350,9463.0,5.032
9351,9464.0,4.878
9352,9465.0,6.068
9353,9466.0,5.217
9354,9467.0,4.82
9355,9468.0,6.722
9356,9469.0,5.015
9357,9470.0,4.341
9358,9471.0,4.644
9359,9472.0,4.79
9360,9473.0,4.782
9361,9474.0,5.064
9362,9475.0,4.853
9363,9476.0,5.42
9364,9477.0,4.991
9365,9478.0,4.886
9366,9479.0,5.056
9367,9480.0,4.983
9368,9481.0,5.339
9369,9482.0,4.82
9370,9483.0,7.044
9371,9484.0,7.314
9372,9485.0,5.266
9373,9486.0,5.072
9374,9487.0,4.926
9375,9488.0,7.125
9376,9489.0,7.274
9377,9490.0,5.258
9378,9491.0,6.33
9379,9492.0,7.274
9380,9493.0,5.896
9381,9494.0,4.982
9382,9495.0,6.924
9383,9496.0,7.274
9384,9497.0,5.185
9385,9498.0,4.787
9386,9499.0,4.911
9387,9500.0,4.772
9388,9501.0,4.951
9389,9502.0,4.78
9390,9503.0,6.964
9391,9504.0,5.145
9392,9505.0,4.82
9393,9506.0,7.314
9394,9508.0,5.064
9395,9509.0,5.443
9396,9510.0,6.219
9397,9511.0,4.869
9398,9512.0,6.521
9399,9513.0,5.469
9400,9514.0,4.787
9401,9515.0,7.044
9402,9516.0,5.104
9403,9517.0,4.706
9404,9518.0,5.564
9405,9519.0,6.118
9406,9520.0,5.064
9407,9521.0,4.886
9408,9522.0,5.635
9409,9523.0,5.339
9410,9524.0,4.82
9411,9525.0,6.44
9412,9526.0,5.096
9413,9527.0,4.382
9414,9528.0,4.684
9415,9529.0,4.782
9416,9530.0,4.823
9417,9531.0,5.024
9418,9532.0,4.886
9419,9533.0,5.42
9420,9534.0,4.999
9421,9535.0,4.886
9422,9536.0,5.023
9423,9537.0,4.983
9424,9538.0,5.411
9425,9539.0,4.78
9426,9540.0,7.004
9427,9541.0,7.274
9428,9542.0,5.307
9429,9543.0,5.032
9430,9544.0,4.967
9431,9545.0,7.085
9432,9546.0,7.274
9433,9547.0,5.307
9434,9548.0,6.249
9435,9549.0,7.234
9436,9550.0,6.088
9437,9551.0,4.942
9438,9552.0,6.883
9439,9553.0,7.234
9440,9554.0,5.298
9441,9555.0,4.828
9442,9556.0,4.951
9443,9557.0,4.772
9444,9558.0,4.991
9445,9559.0,4.78
9446,9560.0,6.883
9447,9561.0,5.226
9448,9562.0,4.82
9449,9563.0,7.246
9450,9564.0,5.145
9451,9565.0,5.128
9452,9566.0,6.451
9453,9567.0,4.909
9454,9568.0,6.32
9455,9569.0,5.581
9456,9570.0,4.787
9457,9571.0,6.964
9458,9572.0,5.145
9459,9573.0,4.706
9460,9574.0,5.249
9461,9575.0,6.33
9462,9576.0,5.032
9463,9577.0,4.886
9464,9578.0,5.313
9465,9579.0,5.42
9466,9580.0,4.82
9467,9581.0,6.279
9468,9582.0,5.145
9469,9583.0,4.422
9470,9584.0,4.717
9471,9585.0,4.823
9472,9586.0,5.425
9473,9587.0,5.024
9474,9588.0,5.096
9475,9589.0,5.258
9476,9590.0,4.951
9477,9591.0,4.886
9478,9593.0,5.048
9479,9594.0,5.064
9480,9595.0,5.177
9481,9596.0,5.056
9482,9597.0,7.125
9483,9598.0,7.314
9484,9599.0,5.298
9485,9600.0,5.064
9486,9601.0,5.492
9487,9602.0,7.154
9488,9603.0,6.924
9489,9604.0,5.145
9490,9605.0,6.561
9491,9606.0,7.274
9492,9607.0,5.622
9493,9608.0,4.942
9494,9609.0,7.004
9495,9610.0,7.314
9496,9611.0,5.46
9497,9612.0,4.82
9498,9613.0,4.911
9499,9614.0,4.772
9500,9615.0,4.951
9501,9616.0,4.78
9502,9617.0,7.165
9503,9618.0,5.226
9504,9619.0,4.853
9505,9620.0,7.004
9506,9621.0,4.99
9507,9622.0,5.927
9508,9623.0,5.905
9509,9624.0,4.861
9510,9625.0,6.722
9511,9626.0,5.347
9512,9627.0,4.787
9513,9628.0,7.165
9514,9629.0,5.185
9515,9630.0,4.673
9516,9631.0,6.048
9517,9632.0,5.815
9518,9633.0,5.032
9519,9634.0,4.846
9520,9635.0,6.078
9521,9636.0,5.177
9522,9637.0,4.78
9523,9638.0,6.722
9524,9639.0,5.056
9525,9640.0,4.301
9526,9641.0,4.717
9527,9642.0,4.782
9528,9643.0,5.354
9529,9644.0,4.983
9530,9645.0,5.056
9531,9646.0,5.104
9532,9647.0,4.951
9533,9648.0,4.813
9534,9649.0,5.04
9535,9650.0,4.991
9536,9651.0,5.096
9537,9652.0,5.371
9538,9653.0,7.125
9539,9654.0,7.274
9540,9655.0,5.249
9541,9656.0,5.313
9542,9657.0,5.927
9543,9658.0,7.154
9544,9659.0,6.37
9545,9660.0,4.982
9546,9661.0,6.763
9547,9662.0,7.234
9548,9663.0,5.379
9549,9664.0,4.975
9550,9665.0,7.085
9551,9666.0,7.274
9552,9667.0,5.307
9553,9668.0,4.747
9554,9669.0,4.951
9555,9670.0,4.699
9556,9671.0,4.991
9557,9672.0,4.813
9558,9674.0,7.274
9559,9675.0,5.104
9560,9676.0,5.249
9561,9677.0,6.38
9562,9678.0,4.909
9563,9679.0,6.36
9564,9680.0,5.581
9565,9681.0,4.787
9566,9682.0,7.004
9567,9683.0,5.104
9568,9684.0,4.853
9569,9685.0,7.274
9570,9686.0,5.104
9571,9687.0,4.666
9572,9688.0,6.481
9573,9689.0,5.532
9574,9690.0,5.064
9575,9691.0,4.813
9576,9692.0,6.511
9577,9693.0,5.064
9578,9694.0,4.853
9579,9695.0,6.913
9580,9696.0,5.056
9581,9697.0,4.26
9582,9698.0,4.75
9583,9699.0,4.823
9584,9700.0,5.313
9585,9701.0,4.983
9586,9702.0,4.934
9587,9703.0,4.982
9588,9704.0,4.943
9589,9705.0,5.532
9590,9706.0,4.999
9591,9707.0,4.926
9592,9708.0,4.982
9593,9709.0,6.088
9594,9710.0,7.205
9595,9711.0,7.125
9596,9712.0,5.16
9597,9713.0,5.128
9598,9714.0,6.4
9599,9715.0,7.194
9600,9716.0,5.815
9601,9717.0,4.942
9602,9718.0,6.924
9603,9719.0,7.274
9604,9720.0,5.226
9605,9721.0,5.532
9606,9722.0,7.165
9607,9723.0,6.883
9608,9724.0,5.104
9609,9725.0,4.747
9610,9726.0,4.903
9611,9727.0,4.853
9612,9728.0,5.152
9613,9729.0,4.886
9614,9730.0,6.843
9615,9731.0,4.982
9616,9732.0,6.007
9617,9733.0,5.824
9618,9734.0,4.828
9619,9735.0,6.803
9620,9736.0,5.266
9621,9737.0,4.82
9622,9738.0,7.194
9623,9739.0,5.185
9624,9740.0,4.886
9625,9741.0,6.612
9626,9742.0,4.909
9627,9743.0,4.706
9628,9744.0,6.843
9629,9745.0,5.33
9630,9746.0,5.024
9631,9747.0,4.846
9632,9748.0,6.832
9633,9749.0,5.128
9634,9750.0,4.886
9635,9751.0,6.33
9636,9752.0,4.901
9637,9753.0,4.537
9638,9754.0,4.79
9639,9755.0,4.823
9640,9757.0,5.184
9641,9758.0,5.032
9642,9759.0,4.861
9643,9760.0,5.056
9644,9761.0,4.943
9645,9762.0,5.258
9646,9763.0,4.951
9647,9764.0,4.853
9648,9765.0,4.901
9649,9766.0,6.531
9650,9767.0,7.274
9651,9768.0,6.259
9652,9769.0,5.072
9653,9770.0,4.975
9654,9771.0,6.722
9655,9772.0,7.234
9656,9773.0,5.428
9657,9774.0,4.934
9658,9775.0,7.085
9659,9776.0,7.274
9660,9777.0,5.339
9661,9778.0,6.168
9662,9779.0,7.194
9663,9780.0,6.097
9664,9781.0,4.982
9665,9782.0,4.894
9666,9783.0,4.943
9667,9784.0,4.886
9668,9785.0,5.007
9669,9786.0,5.604
9670,9787.0,6.138
9671,9788.0,4.869
9672,9789.0,6.601
9673,9790.0,5.428
9674,9791.0,4.787
9675,9792.0,7.085
9676,9793.0,5.145
9677,9794.0,4.853
9678,9795.0,7.085
9679,9796.0,4.99
9680,9797.0,5.886
9681,9798.0,5.945
9682,9799.0,4.869
9683,9800.0,4.673
9684,9801.0,7.165
9685,9802.0,5.169
9686,9803.0,5.064
9687,9804.0,4.878
9688,9805.0,6.481
9689,9806.0,4.942
9690,9807.0,4.919
9691,9808.0,5.734
9692,9809.0,4.894
9693,9810.0,4.496
9694,9811.0,4.83
9695,9812.0,4.782
9696,9813.0,5.144
9697,9814.0,4.959
9698,9815.0,4.853
9699,9816.0,5.007
9700,9817.0,5.032
9701,9818.0,5.096
9702,9819.0,4.991
9703,9820.0,4.813
9704,9821.0,4.894
9705,9822.0,6.682
9706,9823.0,7.274
9707,9824.0,5.855
9708,9825.0,5.072
9709,9826.0,4.894
9710,9827.0,6.883
9711,9828.0,7.274
9712,9829.0,5.226
9713,9830.0,5.29
9714,9831.0,7.165
9715,9832.0,7.154
9716,9833.0,5.185
9717,9834.0,6.481
9718,9835.0,7.194
9719,9836.0,5.743
9720,9837.0,4.901
9721,9838.0,4.926
9722,9839.0,4.878
9723,9840.0,4.919
9724,9842.0,4.894
9725,9843.0,6.118
9726,9844.0,5.743
9727,9845.0,4.828
9728,9846.0,6.883
9729,9847.0,5.266
9730,9848.0,4.82
9731,9849.0,7.274
9732,9850.0,5.145
9733,9851.0,5.128
9734,9852.0,6.451
9735,9853.0,4.909
9736,9854.0,6.33
9737,9855.0,5.622
9738,9856.0,4.787
9739,9857.0,4.82
9740,9858.0,7.274
9741,9859.0,5.152
9742,9860.0,5.032
9743,9861.0,4.919
9744,9862.0,6.007
9745,9863.0,4.934
9746,9864.0,5.072
9747,9865.0,5.492
9748,9866.0,4.658
9749,9867.0,4.611
9750,9868.0,4.79
9751,9869.0,4.823
9752,9870.0,5.064
9753,9871.0,4.886
9754,9872.0,5.42
9755,9873.0,5.04
9756,9874.0,4.959
9757,9875.0,5.015
9758,9876.0,4.951
9759,9877.0,5.653
9760,9878.0,4.82
9761,9879.0,6.924
9762,9880.0,7.274
9763,9881.0,5.541
9764,9882.0,5.032
9765,9883.0,4.934
9766,9884.0,7.044
9767,9885.0,7.314
9768,9886.0,5.5
9769,9887.0,5.886
9770,9888.0,7.165
9771,9889.0,6.521
9772,9890.0,5.023
9773,9891.0,6.722
9774,9892.0,7.234
9775,9893.0,5.46
9776,9894.0,4.828
9777,9895.0,4.919
9778,9896.0,4.805
9779,9897.0,4.919
9780,9898.0,4.82
9781,9899.0,6.601
9782,9900.0,5.428
9783,9901.0,4.747
9784,9902.0,7.085
9785,9903.0,5.112
9786,9904.0,4.853
9787,9905.0,7.004
9788,9906.0,4.99
9789,9907.0,5.886
9790,9908.0,5.905
9791,9909.0,4.828
9792,9910.0,6.722
9793,9911.0,5.307
9794,9912.0,4.747
9795,9913.0,4.853
9796,9914.0,6.843
9797,9915.0,5.12
9798,9916.0,4.926
9799,9917.0,4.911
9800,9918.0,5.613
9801,9919.0,4.861
9802,9920.0,5.837
9803,9921.0,5.258
9804,9922.0,4.537
9805,9924.0,4.603
9806,9925.0,4.79
9807,9926.0,4.782
9808,9927.0,5.064
9809,9928.0,4.853
9810,9929.0,5.5
9811,9930.0,4.959
9812,9931.0,4.926
9813,9932.0,4.942
9814,9933.0,4.943
9815,9934.0,5.46
9816,9935.0,4.82
9817,9936.0,6.964
9818,9937.0,7.274
9819,9938.0,5.388
9820,9939.0,5.072
9821,9940.0,4.934
9822,9941.0,7.085
9823,9942.0,7.274
9824,9943.0,5.379
9825,9944.0,6.088
9826,9945.0,7.234
9827,9946.0,6.219
9828,9947.0,5.023
9829,9948.0,6.803
9830,9949.0,7.274
9831,9950.0,5.307
9832,9951.0,4.861
9833,9952.0,4.959
9834,9953.0,4.846
9835,9954.0,4.951
9836,9955.0,4.853
9837,9956.0,6.763
9838,9957.0,5.379
9839,9958.0,4.787
9840,9959.0,7.246
9841,9960.0,5.185
9842,9961.0,4.886
9843,9962.0,6.693
9844,9963.0,4.942
9845,9964.0,6.168
9846,9965.0,5.743
9847,9966.0,4.787
9848,9967.0,6.843
9849,9968.0,5.226
9850,9969.0,4.747
9851,9970.0,4.926
9852,9971.0,6.521
9853,9972.0,5.072
9854,9973.0,4.886
9855,9974.0,4.991
9856,9975.0,5.5
9857,9976.0,4.861
9858,9977.0,6.078
9859,9978.0,5.177
9860,9979.0,4.456
9861,9980.0,4.489
9862,9981.0,4.75
9863,9982.0,4.782
9864,9983.0,5.064
9865,9984.0,4.926
9866,9985.0,4.982
9867,9986.0,4.999
9868,9987.0,4.999
9869,9988.0,5.056
9870,9989.0,4.951
9871,9990.0,5.015
9872,9991.0,4.82
9873,9992.0,6.803
9874,9993.0,7.274
9875,9994.0,5.703
9876,9995.0,5.032
9877,9996.0,4.894
9878,9997.0,6.924
9879,9998.0,7.314
9880,9999.0,5.226
9881,10000.0,5.564
9882,10001.0,7.165
9883,10002.0,6.883
9884,10003.0,5.104
9885,10004.0,6.601
9886,10005.0,7.234
9887,10006.0,5.581
9888,10008.0,4.861
9889,10009.0,4.919
9890,10010.0,4.846
9891,10011.0,4.959
9892,10012.0,4.853
9893,10013.0,6.4
9894,10014.0,5.541
9895,10015.0,4.828
9896,10016.0,7.004
9897,10017.0,5.185
9898,10018.0,4.853
9899,10019.0,7.314
9900,10020.0,5.072
9901,10021.0,5.564
9902,10022.0,6.138
9903,10023.0,4.901
9904,10024.0,6.561
9905,10025.0,5.46
9906,10026.0,4.747
9907,10027.0,4.853
9908,10028.0,7.205
9909,10029.0,5.12
9910,10030.0,4.959
9911,10031.0,4.959
9912,10032.0,5.815
9913,10033.0,4.861
9914,10034.0,5.515
9915,10035.0,5.339
9916,10036.0,4.577
9917,10037.0,4.644
9918,10038.0,4.79
9919,10039.0,4.823
9920,10040.0,5.064
9921,10041.0,4.846
9922,10042.0,5.532
9923,10043.0,4.999
9924,10044.0,4.919
9925,10045.0,4.982
9926,10046.0,4.983
9927,10047.0,5.492
9928,10048.0,4.82
9929,10049.0,6.964
9930,10050.0,7.314
9931,10051.0,5.388
9932,10052.0,5.032
9933,10053.0,4.934
9934,10054.0,7.085
9935,10055.0,7.274
9936,10056.0,5.379
9937,10057.0,6.088
9938,10058.0,7.234
9939,10059.0,6.249
9940,10060.0,5.023
9941,10061.0,6.803
9942,10062.0,7.274
9943,10063.0,5.347
9944,10064.0,4.861
9945,10065.0,4.919
9946,10066.0,4.813
9947,10067.0,4.951
9948,10068.0,4.813
9949,10069.0,6.803
9950,10070.0,5.307
9951,10071.0,4.828
9952,10072.0,7.246
9953,10073.0,5.185
9954,10074.0,4.886
9955,10075.0,6.612
9956,10076.0,4.95
9957,10077.0,6.209
9958,10078.0,5.703
9959,10079.0,4.828
9960,10080.0,6.924
9961,10081.0,5.185
9962,10082.0,4.747
9963,10083.0,5.048
9964,10084.0,6.481
9965,10085.0,5.04
9966,10086.0,4.919
9967,10087.0,5.112
9968,10088.0,5.523
9969,10090.0,4.82
9970,10091.0,6.199
9971,10092.0,5.177
9972,10093.0,4.503
9973,10094.0,4.644
9974,10095.0,4.83
9975,10096.0,4.823
9976,10097.0,5.064
9977,10098.0,4.853
9978,10099.0,5.42
9979,10100.0,4.951
9980,10101.0,4.886
9981,10102.0,5.056
9982,10103.0,4.943
9983,10104.0,5.379
9984,10105.0,4.78
9985,10106.0,7.004
9986,10107.0,7.274
9987,10108.0,5.266
9988,10109.0,5.032
9989,10110.0,4.926
9990,10111.0,7.085
9991,10112.0,7.274
9992,10113.0,5.266
9993,10114.0,6.289
9994,10115.0,7.194
9995,10116.0,5.976
9996,10117.0,4.942
9997,10118.0,6.883
9998,10119.0,7.274
9999,10120.0,5.185
10000,10121.0,4.787
10001,10122.0,4.911
10002,10123.0,4.772
10003,10124.0,4.951
10004,10125.0,4.78
10005,10126.0,6.964
10006,10127.0,5.185
10007,10128.0,4.861
10008,10129.0,7.274
10009,10130.0,5.104
10010,10131.0,5.29
10011,10132.0,6.33
10012,10133.0,4.909
10013,10134.0,6.44
10014,10135.0,5.541
10015,10136.0,4.787
10016,10137.0,7.044
10017,10138.0,5.145
10018,10139.0,4.706
10019,10140.0,5.443
10020,10141.0,6.199
10021,10142.0,5.072
10022,10143.0,4.886
10023,10144.0,5.515
10024,10145.0,5.379
10025,10146.0,4.861
10026,10147.0,6.36
10027,10148.0,5.136
10028,10149.0,4.422
10029,10150.0,4.717
10030,10151.0,4.79
10031,10152.0,5.434
10032,10153.0,4.983
10033,10154.0,5.128
10034,10155.0,5.145
10035,10156.0,4.991
10036,10157.0,4.813
10037,10158.0,5.048
10038,10159.0,5.032
10039,10160.0,5.177
10040,10161.0,5.217
10041,10162.0,7.165
10042,10163.0,7.314
10043,10164.0,5.298
10044,10165.0,5.385
10045,10166.0,5.806
10046,10167.0,7.165
10047,10168.0,6.642
10048,10169.0,5.064
10049,10170.0,6.642
10050,10171.0,7.234
10051,10172.0,5.46
10052,10174.0,4.975
10053,10175.0,7.044
10054,10176.0,7.274
10055,10177.0,5.388
10056,10178.0,4.787
10057,10179.0,4.911
10058,10180.0,4.739
10059,10181.0,4.951
10060,10182.0,4.78
10061,10183.0,7.205
10062,10184.0,5.226
10063,10185.0,4.886
10064,10186.0,6.693
10065,10187.0,4.95
10066,10188.0,6.128
10067,10189.0,5.743
10068,10190.0,4.828
10069,10191.0,6.883
10070,10192.0,5.226
10071,10193.0,4.82
10072,10194.0,7.246
10073,10195.0,5.145
10074,10196.0,4.706
10075,10197.0,6.249
10076,10198.0,5.694
10077,10199.0,5.032
10078,10200.0,4.853
10079,10201.0,6.279
10080,10202.0,5.136
10081,10203.0,4.813
10082,10204.0,6.872
10083,10205.0,5.096
10084,10206.0,4.301
10085,10207.0,4.75
10086,10208.0,4.782
10087,10209.0,5.394
10088,10210.0,4.983
10089,10211.0,4.975
10090,10212.0,5.023
10091,10213.0,4.951
10092,10214.0,5.411
10093,10215.0,4.999
10094,10216.0,4.959
10095,10217.0,5.023
10096,10218.0,5.855
10097,10219.0,7.205
10098,10220.0,7.314
10099,10221.0,5.169
10100,10222.0,5.201
10101,10223.0,6.249
10102,10224.0,7.234
10103,10225.0,6.017
10104,10226.0,4.982
10105,10227.0,6.883
10106,10228.0,7.274
10107,10229.0,5.226
10108,10230.0,5.29
10109,10231.0,7.125
10110,10232.0,7.234
10111,10233.0,5.185
10112,10234.0,4.82
10113,10235.0,4.943
10114,10236.0,4.739
10115,10237.0,4.983
10116,10238.0,4.853
10117,10239.0,7.314
10118,10240.0,5.031
10119,10241.0,5.644
10120,10242.0,6.057
10121,10243.0,4.869
10122,10244.0,6.642
10123,10245.0,5.428
10124,10246.0,4.747
10125,10247.0,7.125
10126,10248.0,5.145
10127,10249.0,4.853
10128,10250.0,7.004
10129,10251.0,4.99
10130,10252.0,4.666
10131,10253.0,6.642
10132,10254.0,5.411
10133,10255.0,5.024
10134,10257.0,4.82
10135,10258.0,6.682
10136,10259.0,5.023
10137,10260.0,4.846
10138,10261.0,6.642
10139,10262.0,4.975
10140,10263.0,4.26
10141,10264.0,4.79
10142,10265.0,4.79
10143,10266.0,5.224
10144,10267.0,5.072
10145,10268.0,4.894
10146,10269.0,5.056
10147,10270.0,4.943
10148,10271.0,5.339
10149,10272.0,4.991
10150,10273.0,4.886
10151,10274.0,4.934
10152,10275.0,6.37
10153,10276.0,7.234
10154,10277.0,6.531
10155,10278.0,5.12
10156,10279.0,5.007
10157,10280.0,6.642
10158,10281.0,7.234
10159,10282.0,5.581
10160,10283.0,4.942
10161,10284.0,7.044
10162,10285.0,7.274
10163,10286.0,5.46
10164,10287.0,5.967
10165,10288.0,7.194
10166,10289.0,6.37
10167,10290.0,5.023
10168,10291.0,4.901
10169,10292.0,4.943
10170,10293.0,4.886
10171,10294.0,5.08
10172,10295.0,5.241
10173,10296.0,6.37
10174,10297.0,4.869
10175,10298.0,6.44
10176,10299.0,5.541
10177,10300.0,4.828
10178,10301.0,7.004
10179,10302.0,5.145
10180,10303.0,4.853
10181,10304.0,7.314
10182,10305.0,5.072
10183,10306.0,5.604
10184,10307.0,6.138
10185,10308.0,4.869
10186,10309.0,4.666
10187,10310.0,7.044
10188,10311.0,5.16
10189,10312.0,5.024
10190,10313.0,4.886
10191,10314.0,6.722
10192,10315.0,5.015
10193,10316.0,4.919
10194,10317.0,5.896
10195,10318.0,4.861
10196,10319.0,4.341
10197,10320.0,4.79
10198,10321.0,4.782
10199,10322.0,5.193
10200,10323.0,5.032
10201,10324.0,4.894
10202,10325.0,5.056
10203,10326.0,4.943
10204,10327.0,5.298
10205,10328.0,4.951
10206,10329.0,4.894
10207,10330.0,4.901
10208,10331.0,6.451
10209,10332.0,7.234
10210,10333.0,6.451
10211,10334.0,5.12
10212,10335.0,5.007
10213,10336.0,6.642
10214,10337.0,7.234
10215,10338.0,5.5
10216,10340.0,4.982
10217,10341.0,7.044
10218,10342.0,7.274
10219,10343.0,5.388
10220,10344.0,6.048
10221,10345.0,7.194
10222,10346.0,6.249
10223,10347.0,4.99
10224,10348.0,4.894
10225,10349.0,4.903
10226,10350.0,4.886
10227,10351.0,4.999
10228,10352.0,5.443
10229,10353.0,6.259
10230,10354.0,4.901
10231,10355.0,6.481
10232,10356.0,5.541
10233,10357.0,4.787
10234,10358.0,7.085
10235,10359.0,5.112
10236,10360.0,4.894
10237,10361.0,7.274
10238,10362.0,5.064
10239,10363.0,5.685
10240,10364.0,6.057
10241,10365.0,4.828
10242,10366.0,4.706
10243,10367.0,7.085
10244,10368.0,5.209
10245,10369.0,5.024
10246,10370.0,4.926
10247,10371.0,6.601
10248,10372.0,4.982
10249,10373.0,4.919
10250,10374.0,5.855
10251,10375.0,4.861
10252,10376.0,4.456
10253,10377.0,4.79
10254,10378.0,4.823
10255,10379.0,5.144
10256,10380.0,4.959
10257,10381.0,4.861
10258,10382.0,5.007
10259,10383.0,5.072
10260,10384.0,5.177
10261,10385.0,4.991
10262,10386.0,4.853
10263,10387.0,4.861
10264,10388.0,6.642
10265,10389.0,7.274
10266,10390.0,6.017
10267,10391.0,5.072
10268,10392.0,4.934
10269,10393.0,6.843
10270,10394.0,7.274
10271,10395.0,5.307
10272,10396.0,4.975
10273,10397.0,7.125
10274,10398.0,7.274
10275,10399.0,5.258
10276,10400.0,6.37
10277,10401.0,7.234
10278,10402.0,5.855
10279,10403.0,4.942
10280,10404.0,4.886
10281,10405.0,4.911
10282,10406.0,4.886
10283,10407.0,4.926
10284,10408.0,5.927
10285,10409.0,5.905
10286,10410.0,4.828
10287,10411.0,6.763
10288,10412.0,5.307
10289,10413.0,4.828
10290,10414.0,7.205
10291,10415.0,5.226
10292,10416.0,4.846
10293,10417.0,6.733
10294,10418.0,4.95
10295,10419.0,6.128
10296,10420.0,5.743
10297,10421.0,4.828
10298,10422.0,4.747
10299,10424.0,7.246
10300,10425.0,5.169
10301,10426.0,5.072
10302,10427.0,4.878
10303,10428.0,6.279
10304,10429.0,4.942
10305,10430.0,4.951
10306,10431.0,5.613
10307,10432.0,4.78
10308,10433.0,4.463
10309,10434.0,4.75
10310,10435.0,4.79
10311,10436.0,5.144
10312,10437.0,4.999
10313,10438.0,4.894
10314,10439.0,5.048
10315,10440.0,4.943
10316,10441.0,5.217
10317,10442.0,4.951
10318,10443.0,4.853
10319,10444.0,4.861
10320,10445.0,6.561
10321,10446.0,7.234
10322,10447.0,6.138
10323,10448.0,5.072
10324,10449.0,4.975
10325,10450.0,6.763
10326,10451.0,7.234
10327,10452.0,5.347
10328,10453.0,4.975
10329,10454.0,7.085
10330,10455.0,7.274
10331,10456.0,5.266
10332,10457.0,6.249
10333,10458.0,7.194
10334,10459.0,6.017
10335,10460.0,4.942
10336,10461.0,4.886
10337,10462.0,4.911
10338,10463.0,4.886
10339,10464.0,4.967
10340,10465.0,5.765
10341,10466.0,6.017
10342,10467.0,4.869
10343,10468.0,6.642
10344,10469.0,5.379
10345,10470.0,4.747
10346,10471.0,7.125
10347,10472.0,5.266
10348,10473.0,4.846
10349,10474.0,7.154
10350,10475.0,5.023
10351,10476.0,5.967
10352,10477.0,5.824
10353,10478.0,4.787
10354,10479.0,4.78
10355,10480.0,7.165
10356,10481.0,5.169
10357,10482.0,5.064
10358,10483.0,4.919
10359,10484.0,6.4
10360,10485.0,4.982
10361,10486.0,4.919
10362,10487.0,5.694
10363,10488.0,4.82
10364,10489.0,4.179
10365,10490.0,4.75
10366,10491.0,4.823
10367,10492.0,5.394
10368,10493.0,5.024
10369,10494.0,5.015
10370,10495.0,5.056
10371,10496.0,4.951
10372,10497.0,5.532
10373,10498.0,4.999
10374,10499.0,4.999
10375,10500.0,5.056
10376,10501.0,5.886
10377,10502.0,7.165
10378,10503.0,7.274
10379,10504.0,5.169
10380,10505.0,5.201
10381,10506.0,6.249
10382,10507.0,7.194
10383,10509.0,6.017
10384,10510.0,4.942
10385,10511.0,6.883
10386,10512.0,7.274
10387,10513.0,5.226
10388,10514.0,5.209
10389,10515.0,7.125
10390,10516.0,7.194
10391,10517.0,5.185
10392,10518.0,4.747
10393,10519.0,4.911
10394,10520.0,4.699
10395,10521.0,4.991
10396,10522.0,4.853
10397,10523.0,7.314
10398,10524.0,5.031
10399,10525.0,5.685
10400,10526.0,6.057
10401,10527.0,4.869
10402,10528.0,6.642
10403,10529.0,5.388
10404,10530.0,4.747
10405,10531.0,7.125
10406,10532.0,5.226
10407,10533.0,4.846
10408,10534.0,6.964
10409,10535.0,4.99
10410,10536.0,4.673
10411,10537.0,6.722
10412,10538.0,5.379
10413,10539.0,5.024
10414,10540.0,4.78
10415,10541.0,6.722
10416,10542.0,5.023
10417,10543.0,4.886
10418,10544.0,6.561
10419,10545.0,4.975
10420,10546.0,4.219
10421,10547.0,4.757
10422,10548.0,4.782
10423,10549.0,5.354
10424,10550.0,4.983
10425,10551.0,5.096
10426,10552.0,5.104
10427,10553.0,4.991
10428,10554.0,4.853
10429,10555.0,5.04
10430,10556.0,4.991
10431,10557.0,5.096
10432,10558.0,5.451
10433,10559.0,7.205
10434,10560.0,7.274
10435,10561.0,5.249
10436,10562.0,5.313
10437,10563.0,5.967
10438,10564.0,7.154
10439,10565.0,6.4
10440,10566.0,5.023
10441,10567.0,6.763
10442,10568.0,7.234
10443,10569.0,5.42
10444,10570.0,4.934
10445,10571.0,7.085
10446,10572.0,7.274
10447,10573.0,5.307
10448,10574.0,4.787
10449,10575.0,4.911
10450,10576.0,4.739
10451,10577.0,4.951
10452,10578.0,4.813
10453,10579.0,7.274
10454,10580.0,5.145
10455,10581.0,5.169
10456,10582.0,6.41
10457,10583.0,4.909
10458,10584.0,6.36
10459,10585.0,5.581
10460,10586.0,4.787
10461,10587.0,6.964
10462,10588.0,5.145
10463,10589.0,4.813
10464,10590.0,7.274
10465,10591.0,5.031
10466,10593.0,4.666
10467,10594.0,6.44
10468,10595.0,5.572
10469,10596.0,4.991
10470,10597.0,4.813
10471,10598.0,6.481
10472,10599.0,5.096
10473,10600.0,4.853
10474,10601.0,6.913
10475,10602.0,5.056
10476,10603.0,4.301
10477,10604.0,4.75
10478,10605.0,4.83
10479,10606.0,5.273
10480,10607.0,4.983
10481,10608.0,5.015
10482,10609.0,5.064
10483,10610.0,4.951
10484,10611.0,5.128
10485,10612.0,4.999
10486,10613.0,4.999
10487,10614.0,5.023
10488,10615.0,5.694
10489,10616.0,7.165
10490,10617.0,7.314
10491,10618.0,5.201
10492,10619.0,5.281
10493,10620.0,6.128
10494,10621.0,7.194
10495,10622.0,6.259
10496,10623.0,5.023
10497,10624.0,6.843
10498,10625.0,7.274
10499,10626.0,5.307
10500,10627.0,5.088
10501,10628.0,7.085
10502,10629.0,7.314
10503,10630.0,5.258
10504,10631.0,4.78
10505,10632.0,4.911
10506,10633.0,4.772
10507,10634.0,5.024
10508,10635.0,4.853
10509,10636.0,7.314
10510,10637.0,5.104
10511,10638.0,5.523
10512,10639.0,6.168
10513,10640.0,4.869
10514,10641.0,6.561
10515,10642.0,5.46
10516,10643.0,4.787
10517,10644.0,7.085
10518,10645.0,5.072
10519,10646.0,4.853
10520,10647.0,7.125
10521,10648.0,4.99
10522,10649.0,4.666
10523,10650.0,6.642
10524,10651.0,5.451
10525,10652.0,5.024
10526,10653.0,4.813
10527,10654.0,6.631
10528,10655.0,5.023
10529,10656.0,4.886
10530,10657.0,6.682
10531,10658.0,5.015
10532,10659.0,4.26
10533,10660.0,4.79
10534,10661.0,4.782
10535,10662.0,5.265
10536,10663.0,4.983
10537,10664.0,4.975
10538,10665.0,4.982
10539,10666.0,4.951
10540,10667.0,5.492
10541,10668.0,4.991
10542,10669.0,4.926
10543,10670.0,4.975
10544,10671.0,6.128
10545,10672.0,7.234
10546,10673.0,6.964
10547,10674.0,5.16
10548,10675.0,5.088
10549,10676.0,6.481
10550,10678.0,7.274
10551,10679.0,5.815
10552,10680.0,4.909
10553,10681.0,6.964
10554,10682.0,7.274
10555,10683.0,5.339
10556,10684.0,5.685
10557,10685.0,7.154
10558,10686.0,6.722
10559,10687.0,5.136
10560,10688.0,4.861
10561,10689.0,4.951
10562,10690.0,4.853
10563,10691.0,5.224
10564,10692.0,4.886
10565,10693.0,6.814
10566,10694.0,4.95
10567,10695.0,6.128
10568,10696.0,5.784
10569,10697.0,4.861
10570,10698.0,6.843
10571,10699.0,5.258
10572,10700.0,4.894
10573,10701.0,7.274
10574,10702.0,5.217
10575,10703.0,5.048
10576,10704.0,6.491
10577,10705.0,4.909
10578,10706.0,4.666
10579,10707.0,6.883
10580,10708.0,5.258
10581,10709.0,5.032
10582,10710.0,4.846
10583,10711.0,6.872
10584,10712.0,5.056
10585,10713.0,4.886
10586,10714.0,6.289
10587,10715.0,4.942
10588,10716.0,4.26
10589,10717.0,4.75
10590,10718.0,4.79
10591,10719.0,5.224
10592,10720.0,5.072
10593,10721.0,4.901
10594,10722.0,5.056
10595,10723.0,4.943
10596,10724.0,5.339
10597,10725.0,4.991
10598,10726.0,4.886
10599,10727.0,4.901
10600,10728.0,6.41
10601,10729.0,7.234
10602,10730.0,6.531
10603,10731.0,5.12
10604,10732.0,5.048
10605,10733.0,6.642
10606,10734.0,7.274
10607,10735.0,5.5
10608,10736.0,4.982
10609,10737.0,7.044
10610,10738.0,7.355
10611,10739.0,5.42
10612,10740.0,6.048
10613,10741.0,7.194
10614,10742.0,6.33
10615,10743.0,4.982
10616,10744.0,4.934
10617,10745.0,4.903
10618,10746.0,4.886
10619,10747.0,5.04
10620,10748.0,5.322
10621,10749.0,6.34
10622,10750.0,4.909
10623,10751.0,6.44
10624,10752.0,5.541
10625,10753.0,4.787
10626,10754.0,7.085
10627,10755.0,5.145
10628,10756.0,4.853
10629,10757.0,7.274
10630,10758.0,5.064
10631,10759.0,5.644
10632,10760.0,6.138
10633,10762.0,4.828
10634,10763.0,4.706
10635,10764.0,7.085
10636,10765.0,5.201
10637,10766.0,4.983
10638,10767.0,4.926
10639,10768.0,6.682
10640,10769.0,5.015
10641,10770.0,4.919
10642,10771.0,5.886
10643,10772.0,4.861
10644,10773.0,4.422
10645,10774.0,4.79
10646,10775.0,4.782
10647,10776.0,5.144
10648,10777.0,4.999
10649,10778.0,4.861
10650,10779.0,5.048
10651,10780.0,4.983
10652,10781.0,5.217
10653,10782.0,4.991
10654,10783.0,4.853
10655,10784.0,4.901
10656,10785.0,6.561
10657,10786.0,7.234
10658,10787.0,6.138
10659,10788.0,5.072
10660,10789.0,4.975
10661,10790.0,6.763
10662,10791.0,7.234
10663,10792.0,5.388
10664,10793.0,4.967
10665,10794.0,7.125
10666,10795.0,7.274
10667,10796.0,5.298
10668,10797.0,6.249
10669,10798.0,7.274
10670,10799.0,6.017
10671,10800.0,4.942
10672,10801.0,4.894
10673,10802.0,4.951
10674,10803.0,4.886
10675,10804.0,5.007
10676,10805.0,5.765
10677,10806.0,6.017
10678,10807.0,4.828
10679,10808.0,6.682
10680,10809.0,5.347
10681,10810.0,4.787
10682,10811.0,7.165
10683,10812.0,5.266
10684,10813.0,4.846
10685,10814.0,6.843
10686,10815.0,4.95
10687,10816.0,6.048
10688,10817.0,5.784
10689,10818.0,4.828
10690,10819.0,4.967
10691,10820.0,7.274
10692,10821.0,5.169
10693,10822.0,5.112
10694,10823.0,4.878
10695,10824.0,6.32
10696,10825.0,4.942
10697,10826.0,4.919
10698,10827.0,5.653
10699,10828.0,4.853
10700,10829.0,4.537
10701,10830.0,4.83
10702,10831.0,4.782
10703,10832.0,5.144
10704,10833.0,4.926
10705,10834.0,4.894
10706,10835.0,5.007
10707,10836.0,5.032
10708,10837.0,5.096
10709,10838.0,4.991
10710,10839.0,4.894
10711,10840.0,4.82
10712,10841.0,6.763
10713,10842.0,7.234
10714,10844.0,5.743
10715,10845.0,5.072
10716,10846.0,4.894
10717,10847.0,6.883
10718,10848.0,7.234
10719,10849.0,5.185
10720,10850.0,5.411
10721,10851.0,7.125
10722,10852.0,7.044
10723,10853.0,5.145
10724,10854.0,6.521
10725,10855.0,7.194
10726,10856.0,5.662
10727,10857.0,4.869
10728,10858.0,4.926
10729,10859.0,4.838
10730,10860.0,4.919
10731,10861.0,4.894
10732,10862.0,6.239
10733,10863.0,5.622
10734,10864.0,4.787
10735,10865.0,6.924
10736,10866.0,5.185
10737,10867.0,4.82
10738,10868.0,7.274
10739,10869.0,5.112
10740,10870.0,5.322
10741,10871.0,6.259
10742,10872.0,4.909
10743,10873.0,6.44
10744,10874.0,5.5
10745,10875.0,4.787
10746,10876.0,4.813
10747,10877.0,7.234
10748,10878.0,5.12
10749,10879.0,4.991
10750,10880.0,4.911
10751,10881.0,5.886
10752,10882.0,4.901
10753,10883.0,5.313
10754,10884.0,5.411
10755,10885.0,4.658
10756,10886.0,4.684
10757,10887.0,4.79
10758,10888.0,4.823
10759,10889.0,5.024
10760,10890.0,4.853
10761,10891.0,5.379
10762,10892.0,4.999
10763,10893.0,4.846
10764,10894.0,5.096
10765,10895.0,4.943
10766,10896.0,5.379
10767,10897.0,4.78
10768,10898.0,7.044
10769,10899.0,7.314
10770,10900.0,5.298
10771,10901.0,5.032
10772,10902.0,4.967
10773,10903.0,7.125
10774,10904.0,7.355
10775,10905.0,5.266
10776,10906.0,6.33
10777,10907.0,7.194
10778,10908.0,5.936
10779,10909.0,4.942
10780,10910.0,6.883
10781,10911.0,7.274
10782,10912.0,5.185
10783,10913.0,4.82
10784,10914.0,4.911
10785,10915.0,4.772
10786,10916.0,4.951
10787,10917.0,4.78
10788,10918.0,6.964
10789,10919.0,5.185
10790,10920.0,4.861
10791,10921.0,7.274
10792,10922.0,5.112
10793,10923.0,5.322
10794,10924.0,6.299
10795,10925.0,4.909
10796,10926.0,6.4
10797,10928.0,5.509
10798,10929.0,4.787
10799,10930.0,7.004
10800,10931.0,5.104
10801,10932.0,4.706
10802,10933.0,5.451
10803,10934.0,6.209
10804,10935.0,5.032
10805,10936.0,4.886
10806,10937.0,5.515
10807,10938.0,5.379
10808,10939.0,4.82
10809,10940.0,6.4
10810,10941.0,5.096
10811,10942.0,4.382
10812,10943.0,4.644
10813,10944.0,4.79
10814,10945.0,4.782
10815,10946.0,5.024
10816,10947.0,4.813
10817,10948.0,5.42
10818,10949.0,4.959
10819,10950.0,4.886
10820,10951.0,5.064
10821,10952.0,4.951
10822,10953.0,5.379
10823,10954.0,4.82
10824,10955.0,7.004
10825,10956.0,7.314
10826,10957.0,5.266
10827,10958.0,5.032
10828,10959.0,4.926
10829,10960.0,7.085
10830,10961.0,7.274
10831,10962.0,5.298
10832,10963.0,6.249
10833,10964.0,7.234
10834,10965.0,6.017
10835,10966.0,4.982
10836,10967.0,6.843
10837,10968.0,7.274
10838,10969.0,5.226
10839,10970.0,4.861
10840,10971.0,4.911
10841,10972.0,4.772
10842,10973.0,4.951
10843,10974.0,4.78
10844,10975.0,6.883
10845,10976.0,5.185
10846,10977.0,4.82
10847,10978.0,7.274
10848,10979.0,5.145
10849,10980.0,5.209
10850,10981.0,6.37
10851,10982.0,4.909
10852,10983.0,6.36
10853,10984.0,5.541
10854,10985.0,4.787
10855,10986.0,6.964
10856,10987.0,5.104
10857,10988.0,4.706
10858,10989.0,5.362
10859,10990.0,6.279
10860,10991.0,5.072
10861,10992.0,4.886
10862,10993.0,5.394
10863,10994.0,5.379
10864,10995.0,4.82
10865,10996.0,6.32
10866,10997.0,5.136
10867,10998.0,4.382
10868,10999.0,4.677
10869,11000.0,4.79
10870,11001.0,5.064
10871,11002.0,5.024
10872,11003.0,4.853
10873,11004.0,5.258
10874,11005.0,4.991
10875,11006.0,4.853
10876,11007.0,5.048
10877,11008.0,4.943
10878,11009.0,5.298
10879,11011.0,4.942
10880,11012.0,7.085
10881,11013.0,7.274
10882,11014.0,5.226
10883,11015.0,5.024
10884,11016.0,5.249
10885,11017.0,7.125
10886,11018.0,7.154
10887,11019.0,5.185
10888,11020.0,6.491
10889,11021.0,7.234
10890,11022.0,5.774
10891,11023.0,4.901
10892,11024.0,7.004
10893,11025.0,7.274
10894,11026.0,5.46
10895,11027.0,4.787
10896,11028.0,4.951
10897,11029.0,4.739
10898,11030.0,4.991
10899,11031.0,4.747
10900,11032.0,7.085
10901,11033.0,5.072
10902,11034.0,4.894
10903,11035.0,7.205
10904,11036.0,5.064
10905,11037.0,5.725
10906,11038.0,6.017
10907,11039.0,4.869
10908,11040.0,6.642
10909,11041.0,5.388
10910,11042.0,4.747
10911,11043.0,7.125
10912,11044.0,5.266
10913,11045.0,4.706
10914,11046.0,5.846
10915,11047.0,5.927
10916,11048.0,5.032
10917,11049.0,4.853
10918,11050.0,5.837
10919,11051.0,5.258
10920,11052.0,4.78
10921,11053.0,6.601
10922,11054.0,5.056
10923,11055.0,4.341
10924,11056.0,4.717
10925,11057.0,4.79
10926,11058.0,5.466
10927,11059.0,5.024
10928,11060.0,5.136
10929,11061.0,5.177
10930,11062.0,4.951
10931,11063.0,4.853
10932,11064.0,5.048
10933,11065.0,5.072
10934,11066.0,5.136
10935,11067.0,5.096
10936,11068.0,7.085
10937,11069.0,7.274
10938,11070.0,5.258
10939,11071.0,5.313
10940,11072.0,5.685
10941,11073.0,7.165
10942,11074.0,6.682
10943,11075.0,5.064
10944,11076.0,6.642
10945,11077.0,7.274
10946,11078.0,5.5
10947,11079.0,4.975
10948,11080.0,7.044
10949,11081.0,7.274
10950,11082.0,5.388
10951,11083.0,4.78
10952,11084.0,4.951
10953,11085.0,4.78
10954,11086.0,4.951
10955,11087.0,4.82
10956,11088.0,7.194
10957,11089.0,5.258
10958,11090.0,4.886
10959,11091.0,6.773
10960,11093.0,4.95
10961,11094.0,6.128
10962,11095.0,5.784
10963,11096.0,4.869
10964,11097.0,6.843
10965,11098.0,5.266
10966,11099.0,4.82
10967,11100.0,7.286
10968,11101.0,5.145
10969,11102.0,4.747
10970,11103.0,6.209
10971,11104.0,5.765
10972,11105.0,5.064
10973,11106.0,4.853
10974,11107.0,6.239
10975,11108.0,5.136
10976,11109.0,4.82
10977,11110.0,6.803
10978,11111.0,5.096
10979,11112.0,4.301
10980,11113.0,4.717
10981,11114.0,4.79
10982,11115.0,5.434
10983,11116.0,4.983
10984,11117.0,5.096
10985,11118.0,5.145
10986,11119.0,4.951
10987,11120.0,4.813
10988,11121.0,5.048
10989,11122.0,5.032
10990,11123.0,5.136
10991,11124.0,5.177
10992,11125.0,7.125
10993,11126.0,7.274
10994,11127.0,5.258
10995,11128.0,5.385
10996,11129.0,5.765
10997,11130.0,7.154
10998,11131.0,6.652
10999,11132.0,5.064
11000,11133.0,6.682
11001,11134.0,7.234
11002,11135.0,5.5
11003,11136.0,4.942
11004,11137.0,7.044
11005,11138.0,7.274
11006,11139.0,5.379
11007,11140.0,4.747
11008,11141.0,4.911
11009,11142.0,4.739
11010,11143.0,4.951
11011,11144.0,4.78
11012,11145.0,7.194
11013,11146.0,5.226
11014,11147.0,4.886
11015,11148.0,6.733
11016,11149.0,4.982
11017,11150.0,6.128
11018,11151.0,5.743
11019,11152.0,4.787
11020,11153.0,6.883
11021,11154.0,5.226
11022,11155.0,4.82
11023,11156.0,7.246
11024,11157.0,5.145
11025,11158.0,4.706
11026,11159.0,6.249
11027,11160.0,5.694
11028,11161.0,5.032
11029,11162.0,4.813
11030,11163.0,6.279
11031,11164.0,5.145
11032,11165.0,4.853
11033,11166.0,6.792
11034,11167.0,5.136
11035,11168.0,4.341
11036,11169.0,4.684
11037,11170.0,4.79
11038,11171.0,4.83
11039,11172.0,5.024
11040,11173.0,4.853
11041,11174.0,5.379
11042,11175.0,4.991
11043,11176.0,4.886
11044,11177.0,5.056
11045,11179.0,4.943
11046,11180.0,5.379
11047,11181.0,4.82
11048,11182.0,7.004
11049,11183.0,7.274
11050,11184.0,5.266
11051,11185.0,5.032
11052,11186.0,4.926
11053,11187.0,7.125
11054,11188.0,7.274
11055,11189.0,5.258
11056,11190.0,6.33
11057,11191.0,7.234
11058,11192.0,5.936
11059,11193.0,4.942
11060,11194.0,6.883
11061,11195.0,7.274
11062,11196.0,5.185
11063,11197.0,4.787
11064,11198.0,4.911
11065,11199.0,4.772
11066,11200.0,4.951
11067,11201.0,4.78
11068,11202.0,6.924
11069,11203.0,5.185
11070,11204.0,4.82
11071,11205.0,7.274
11072,11206.0,5.112
11073,11207.0,5.322
11074,11208.0,6.299
11075,11209.0,4.909
11076,11210.0,6.4
11077,11211.0,5.541
11078,11212.0,4.787
11079,11213.0,7.044
11080,11214.0,5.104
11081,11215.0,4.706
11082,11216.0,5.483
11083,11217.0,6.209
11084,11218.0,5.032
11085,11219.0,4.926
11086,11220.0,5.515
11087,11221.0,5.379
11088,11222.0,4.78
11089,11223.0,6.44
11090,11224.0,5.096
11091,11225.0,4.422
11092,11226.0,4.603
11093,11227.0,4.83
11094,11228.0,4.823
11095,11229.0,5.064
11096,11230.0,4.853
11097,11231.0,5.532
11098,11232.0,4.999
11099,11233.0,4.919
11100,11234.0,4.982
11101,11235.0,4.991
11102,11236.0,5.492
11103,11237.0,4.853
11104,11238.0,6.964
11105,11239.0,7.314
11106,11240.0,5.388
11107,11241.0,5.072
11108,11242.0,4.934
11109,11243.0,7.085
11110,11244.0,7.274
11111,11245.0,5.347
11112,11246.0,6.088
11113,11247.0,7.194
11114,11248.0,6.178
11115,11249.0,4.982
11116,11250.0,6.803
11117,11251.0,7.234
11118,11252.0,5.307
11119,11253.0,4.828
11120,11254.0,4.919
11121,11255.0,4.772
11122,11256.0,4.951
11123,11257.0,4.78
11124,11258.0,6.763
11125,11259.0,5.307
11126,11260.0,4.787
11127,11262.0,7.205
11128,11263.0,5.185
11129,11264.0,4.886
11130,11265.0,6.652
11131,11266.0,4.95
11132,11267.0,6.159
11133,11268.0,5.703
11134,11269.0,4.787
11135,11270.0,6.883
11136,11271.0,5.226
11137,11272.0,4.706
11138,11273.0,5.007
11139,11274.0,6.481
11140,11275.0,5.072
11141,11276.0,4.926
11142,11277.0,5.112
11143,11278.0,5.451
11144,11279.0,4.861
11145,11280.0,6.159
11146,11281.0,5.217
11147,11282.0,4.463
11148,11283.0,4.717
11149,11284.0,4.83
11150,11285.0,5.224
11151,11286.0,5.024
11152,11287.0,4.934
11153,11288.0,5.258
11154,11289.0,4.991
11155,11290.0,4.853
11156,11291.0,5.048
11157,11292.0,4.943
11158,11293.0,5.258
11159,11294.0,5.056
11160,11295.0,7.085
11161,11296.0,7.274
11162,11297.0,5.339
11163,11298.0,5.032
11164,11299.0,5.411
11165,11300.0,7.125
11166,11301.0,7.113
11167,11302.0,5.145
11168,11303.0,6.521
11169,11304.0,7.234
11170,11305.0,5.694
11171,11306.0,4.901
11172,11307.0,7.004
11173,11308.0,7.274
11174,11309.0,5.541
11175,11310.0,4.787
11176,11311.0,4.911
11177,11312.0,4.739
11178,11313.0,4.951
11179,11314.0,4.78
11180,11315.0,7.085
11181,11316.0,5.072
11182,11317.0,4.853
11183,11318.0,7.125
11184,11319.0,5.031
11185,11320.0,5.806
11186,11321.0,5.945
11187,11322.0,4.869
11188,11323.0,6.682
11189,11324.0,5.339
11190,11325.0,4.747
11191,11326.0,7.125
11192,11327.0,5.226
11193,11328.0,4.706
11194,11329.0,5.927
11195,11330.0,5.896
11196,11331.0,5.032
11197,11332.0,4.853
11198,11333.0,5.998
11199,11334.0,5.258
11200,11335.0,4.78
11201,11336.0,6.682
11202,11337.0,5.023
11203,11338.0,4.341
11204,11339.0,4.717
11205,11340.0,4.823
11206,11341.0,5.466
11207,11342.0,5.024
11208,11344.0,5.136
11209,11345.0,5.177
11210,11346.0,4.951
11211,11347.0,4.853
11212,11348.0,5.007
11213,11349.0,5.072
11214,11350.0,5.177
11215,11351.0,5.056
11216,11352.0,7.125
11217,11353.0,7.314
11218,11354.0,5.298
11219,11355.0,5.152
11220,11356.0,5.604
11221,11357.0,7.194
11222,11358.0,6.843
11223,11359.0,5.104
11224,11360.0,6.601
11225,11361.0,7.234
11226,11362.0,5.541
11227,11363.0,4.982
11228,11364.0,7.004
11229,11365.0,7.314
11230,11366.0,5.42
11231,11367.0,4.82
11232,11368.0,4.911
11233,11369.0,4.772
11234,11370.0,4.951
11235,11371.0,4.78
11236,11372.0,7.165
11237,11373.0,5.307
11238,11374.0,4.846
11239,11375.0,6.924
11240,11376.0,4.99
11241,11377.0,6.007
11242,11378.0,5.824
11243,11379.0,4.861
11244,11380.0,6.763
11245,11381.0,5.266
11246,11382.0,4.787
11247,11383.0,7.165
11248,11384.0,5.185
11249,11385.0,4.706
11250,11386.0,6.088
11251,11387.0,5.774
11252,11388.0,5.032
11253,11389.0,4.853
11254,11390.0,6.118
11255,11391.0,5.177
11256,11392.0,4.82
11257,11393.0,6.722
11258,11394.0,5.056
11259,11395.0,4.341
11260,11396.0,4.75
11261,11397.0,4.782
11262,11398.0,5.313
11263,11399.0,4.983
11264,11400.0,5.056
11265,11401.0,5.056
11266,11402.0,4.991
11267,11403.0,4.934
11268,11404.0,5.04
11269,11405.0,4.991
11270,11406.0,5.096
11271,11407.0,5.532
11272,11408.0,7.165
11273,11409.0,7.314
11274,11410.0,5.209
11275,11411.0,5.313
11276,11412.0,6.007
11277,11413.0,7.194
11278,11414.0,6.33
11279,11415.0,5.023
11280,11416.0,6.763
11281,11417.0,7.234
11282,11418.0,5.379
11283,11419.0,4.975
11284,11420.0,7.125
11285,11421.0,7.274
11286,11422.0,5.266
11287,11423.0,4.747
11288,11424.0,4.951
11289,11425.0,4.699
11290,11426.0,4.991
11291,11427.0,4.813
11292,11428.0,7.314
11293,11430.0,5.104
11294,11431.0,5.33
11295,11432.0,6.34
11296,11433.0,4.901
11297,11434.0,6.4
11298,11435.0,5.581
11299,11436.0,4.787
11300,11437.0,7.004
11301,11438.0,5.104
11302,11439.0,4.853
11303,11440.0,7.274
11304,11441.0,5.104
11305,11442.0,4.666
11306,11443.0,6.481
11307,11444.0,5.564
11308,11445.0,5.072
11309,11446.0,4.846
11310,11447.0,6.511
11311,11448.0,5.096
11312,11449.0,4.853
11313,11450.0,6.883
11314,11451.0,5.056
11315,11452.0,4.382
11316,11453.0,4.79
11317,11454.0,4.83
11318,11455.0,5.193
11319,11456.0,5.032
11320,11457.0,4.894
11321,11458.0,5.056
11322,11459.0,4.983
11323,11460.0,5.339
11324,11461.0,4.951
11325,11462.0,4.846
11326,11463.0,4.901
11327,11464.0,6.451
11328,11465.0,7.234
11329,11466.0,6.41
11330,11467.0,5.08
11331,11468.0,5.015
11332,11469.0,6.642
11333,11470.0,7.234
11334,11471.0,5.5
11335,11472.0,4.982
11336,11473.0,7.044
11337,11474.0,7.274
11338,11475.0,5.388
11339,11476.0,6.048
11340,11477.0,7.194
11341,11478.0,6.289
11342,11479.0,4.982
11343,11480.0,4.894
11344,11481.0,4.903
11345,11482.0,4.926
11346,11483.0,5.04
11347,11484.0,5.362
11348,11485.0,6.299
11349,11486.0,4.909
11350,11487.0,6.44
11351,11488.0,5.541
11352,11489.0,4.787
11353,11490.0,7.044
11354,11491.0,5.104
11355,11492.0,4.853
11356,11493.0,7.274
11357,11494.0,5.064
11358,11495.0,5.604
11359,11496.0,6.097
11360,11497.0,4.869
11361,11498.0,4.706
11362,11499.0,7.085
11363,11500.0,5.169
11364,11501.0,4.983
11365,11502.0,4.886
11366,11503.0,6.642
11367,11504.0,5.056
11368,11505.0,4.878
11369,11506.0,5.927
11370,11507.0,4.861
11371,11508.0,4.496
11372,11509.0,4.79
11373,11510.0,4.823
11374,11511.0,5.104
11375,11512.0,4.959
11376,11513.0,4.894
11377,11515.0,5.048
11378,11516.0,5.072
11379,11517.0,5.136
11380,11518.0,4.991
11381,11519.0,4.813
11382,11520.0,4.861
11383,11521.0,6.682
11384,11522.0,7.274
11385,11523.0,5.976
11386,11524.0,5.072
11387,11525.0,4.934
11388,11526.0,6.883
11389,11527.0,7.234
11390,11528.0,5.266
11391,11529.0,5.088
11392,11530.0,7.125
11393,11531.0,7.274
11394,11532.0,5.217
11395,11533.0,6.41
11396,11534.0,7.234
11397,11535.0,5.855
11398,11536.0,4.942
11399,11537.0,4.926
11400,11538.0,4.911
11401,11539.0,4.878
11402,11540.0,4.926
11403,11541.0,5.967
11404,11542.0,5.864
11405,11543.0,4.828
11406,11544.0,6.803
11407,11545.0,5.266
11408,11546.0,4.828
11409,11547.0,7.205
11410,11548.0,5.185
11411,11549.0,4.886
11412,11550.0,6.652
11413,11551.0,4.909
11414,11552.0,6.209
11415,11553.0,5.703
11416,11554.0,4.828
11417,11555.0,4.787
11418,11556.0,7.246
11419,11557.0,5.12
11420,11558.0,5.072
11421,11559.0,4.878
11422,11560.0,6.209
11423,11561.0,4.901
11424,11562.0,4.951
11425,11563.0,5.541
11426,11564.0,4.82
11427,11565.0,4.496
11428,11566.0,4.83
11429,11567.0,4.79
11430,11568.0,5.144
11431,11569.0,4.926
11432,11570.0,4.894
11433,11571.0,5.007
11434,11572.0,5.072
11435,11573.0,5.096
11436,11574.0,4.991
11437,11575.0,4.813
11438,11576.0,4.861
11439,11577.0,6.722
11440,11578.0,7.234
11441,11579.0,5.824
11442,11580.0,5.072
11443,11581.0,4.901
11444,11582.0,6.883
11445,11583.0,7.274
11446,11584.0,5.226
11447,11585.0,5.33
11448,11586.0,7.125
11449,11587.0,7.154
11450,11588.0,5.145
11451,11589.0,6.521
11452,11590.0,7.234
11453,11591.0,5.703
11454,11592.0,4.869
11455,11593.0,4.886
11456,11594.0,4.878
11457,11595.0,4.919
11458,11596.0,4.894
11459,11598.0,6.279
11460,11599.0,5.622
11461,11600.0,4.787
11462,11601.0,6.924
11463,11602.0,5.185
11464,11603.0,4.82
11465,11604.0,7.274
11466,11605.0,5.104
11467,11606.0,5.322
11468,11607.0,6.299
11469,11608.0,4.909
11470,11609.0,6.44
11471,11610.0,5.55
11472,11611.0,4.747
11473,11612.0,4.813
11474,11613.0,7.286
11475,11614.0,5.12
11476,11615.0,4.999
11477,11616.0,4.911
11478,11617.0,5.927
11479,11618.0,4.901
11480,11619.0,5.233
11481,11620.0,5.492
11482,11621.0,4.658
11483,11622.0,4.57
11484,11623.0,4.79
11485,11624.0,4.83
11486,11625.0,5.064
11487,11626.0,4.919
11488,11627.0,5.136
11489,11628.0,5.04
11490,11629.0,4.959
11491,11630.0,5.056
11492,11631.0,4.951
11493,11632.0,5.169
11494,11633.0,4.82
11495,11634.0,6.883
11496,11635.0,7.274
11497,11636.0,5.653
11498,11637.0,5.032
11499,11638.0,4.894
11500,11639.0,6.964
11501,11640.0,7.274
11502,11641.0,5.347
11503,11642.0,5.653
11504,11643.0,7.165
11505,11644.0,6.763
11506,11645.0,5.104
11507,11646.0,6.642
11508,11647.0,7.234
11509,11648.0,5.541
11510,11649.0,4.861
11511,11650.0,4.919
11512,11651.0,4.846
11513,11652.0,4.919
11514,11653.0,4.853
11515,11654.0,6.44
11516,11655.0,5.55
11517,11656.0,4.787
11518,11657.0,7.044
11519,11658.0,5.112
11520,11659.0,4.853
11521,11660.0,7.274
11522,11661.0,5.031
11523,11662.0,5.604
11524,11663.0,6.097
11525,11664.0,4.869
11526,11665.0,6.601
11527,11666.0,5.388
11528,11667.0,4.747
11529,11668.0,4.813
11530,11669.0,7.165
11531,11670.0,5.08
11532,11671.0,4.959
11533,11672.0,4.878
11534,11673.0,5.774
11535,11674.0,4.861
11536,11675.0,5.555
11537,11676.0,5.339
11538,11677.0,4.658
11539,11678.0,4.603
11540,11679.0,4.823
11541,11680.0,4.823
11542,11681.0,5.064
11543,11682.0,4.886
11544,11684.0,5.379
11545,11685.0,4.999
11546,11686.0,4.959
11547,11687.0,5.023
11548,11688.0,4.991
11549,11689.0,5.056
11550,11690.0,4.853
11551,11691.0,6.803
11552,11692.0,7.274
11553,11693.0,5.743
11554,11694.0,5.112
11555,11695.0,4.894
11556,11696.0,6.883
11557,11697.0,7.234
11558,11698.0,5.258
11559,11699.0,5.096
11560,11700.0,7.125
11561,11701.0,7.274
11562,11702.0,5.298
11563,11703.0,6.289
11564,11704.0,7.234
11565,11705.0,6.017
11566,11706.0,4.982
11567,11707.0,4.894
11568,11708.0,4.943
11569,11709.0,4.886
11570,11710.0,5.04
11571,11711.0,5.362
11572,11712.0,6.34
11573,11713.0,4.909
11574,11714.0,6.36
11575,11715.0,5.622
11576,11716.0,4.787
11577,11717.0,6.924
11578,11718.0,5.185
11579,11719.0,4.82
11580,11720.0,7.246
11581,11721.0,5.145
11582,11722.0,4.967
11583,11723.0,6.572
11584,11724.0,4.95
11585,11725.0,4.706
11586,11726.0,6.803
11587,11727.0,5.33
11588,11728.0,4.983
11589,11729.0,4.853
11590,11730.0,6.752
11591,11731.0,5.056
11592,11732.0,4.886
11593,11733.0,6.481
11594,11734.0,4.975
11595,11735.0,4.26
11596,11736.0,4.75
11597,11737.0,4.823
11598,11738.0,5.224
11599,11739.0,5.104
11600,11740.0,4.934
11601,11741.0,5.096
11602,11742.0,4.943
11603,11743.0,5.379
11604,11744.0,4.991
11605,11745.0,4.886
11606,11746.0,4.901
11607,11747.0,6.289
11608,11748.0,7.194
11609,11749.0,6.693
11610,11750.0,5.12
11611,11751.0,5.088
11612,11752.0,6.561
11613,11753.0,7.234
11614,11754.0,5.622
11615,11755.0,4.942
11616,11756.0,7.004
11617,11757.0,7.274
11618,11758.0,5.46
11619,11759.0,5.886
11620,11760.0,7.165
11621,11761.0,6.531
11622,11762.0,5.023
11623,11763.0,4.934
11624,11764.0,4.903
11625,11765.0,5.096
11626,11766.0,5.201
11627,11768.0,5.128
11628,11769.0,6.491
11629,11770.0,4.942
11630,11771.0,6.279
11631,11772.0,5.622
11632,11773.0,4.787
11633,11774.0,6.964
11634,11775.0,5.145
11635,11776.0,4.82
11636,11777.0,7.274
11637,11778.0,5.072
11638,11779.0,5.362
11639,11780.0,6.259
11640,11781.0,4.869
11641,11782.0,4.673
11642,11783.0,7.004
11643,11784.0,5.177
11644,11785.0,5.024
11645,11786.0,4.846
11646,11787.0,6.872
11647,11788.0,5.023
11648,11789.0,4.878
11649,11790.0,6.007
11650,11791.0,4.901
11651,11792.0,4.537
11652,11793.0,4.79
11653,11794.0,4.823
11654,11795.0,5.144
11655,11796.0,4.919
11656,11797.0,4.861
11657,11798.0,5.007
11658,11799.0,5.032
11659,11800.0,5.096
11660,11801.0,4.951
11661,11802.0,4.813
11662,11803.0,4.861
11663,11804.0,6.722
11664,11805.0,7.274
11665,11806.0,5.855
11666,11807.0,5.072
11667,11808.0,4.894
11668,11809.0,6.924
11669,11810.0,7.274
11670,11811.0,5.266
11671,11812.0,5.29
11672,11813.0,7.125
11673,11814.0,7.154
11674,11815.0,5.185
11675,11816.0,6.44
11676,11817.0,7.234
11677,11818.0,5.743
11678,11819.0,4.942
11679,11820.0,4.886
11680,11821.0,4.878
11681,11822.0,4.919
11682,11823.0,4.926
11683,11824.0,6.128
11684,11825.0,5.774
11685,11826.0,4.787
11686,11827.0,6.883
11687,11828.0,5.226
11688,11829.0,4.861
11689,11830.0,7.234
11690,11831.0,5.185
11691,11832.0,5.088
11692,11833.0,6.491
11693,11834.0,4.942
11694,11835.0,6.32
11695,11836.0,5.581
11696,11837.0,4.787
11697,11838.0,4.78
11698,11839.0,7.286
11699,11840.0,5.12
11700,11841.0,5.032
11701,11842.0,4.919
11702,11843.0,6.048
11703,11844.0,4.934
11704,11845.0,4.991
11705,11846.0,5.532
11706,11847.0,4.699
11707,11848.0,4.57
11708,11849.0,4.79
11709,11850.0,4.79
11710,11851.0,5.064
11711,11852.0,4.886
11712,11854.0,5.136
11713,11855.0,4.999
11714,11856.0,4.959
11715,11857.0,5.056
11716,11858.0,4.951
11717,11859.0,5.209
11718,11860.0,4.82
11719,11861.0,6.843
11720,11862.0,7.234
11721,11863.0,5.581
11722,11864.0,5.032
11723,11865.0,4.894
11724,11866.0,6.964
11725,11867.0,7.274
11726,11868.0,5.541
11727,11869.0,5.725
11728,11870.0,7.154
11729,11871.0,6.642
11730,11872.0,5.064
11731,11873.0,6.682
11732,11874.0,7.274
11733,11875.0,5.5
11734,11876.0,4.869
11735,11877.0,4.919
11736,11878.0,4.805
11737,11879.0,4.959
11738,11880.0,4.853
11739,11881.0,6.521
11740,11882.0,5.469
11741,11883.0,4.787
11742,11884.0,7.085
11743,11885.0,5.104
11744,11886.0,4.853
11745,11887.0,7.246
11746,11888.0,5.031
11747,11889.0,5.765
11748,11890.0,6.017
11749,11891.0,4.869
11750,11892.0,6.642
11751,11893.0,5.379
11752,11894.0,4.747
11753,11895.0,4.846
11754,11896.0,6.993
11755,11897.0,5.12
11756,11898.0,4.959
11757,11899.0,4.951
11758,11900.0,5.694
11759,11901.0,4.894
11760,11902.0,5.716
11761,11903.0,5.33
11762,11904.0,4.577
11763,11905.0,4.644
11764,11906.0,4.79
11765,11907.0,4.823
11766,11908.0,5.024
11767,11909.0,4.886
11768,11910.0,5.46
11769,11911.0,5.032
11770,11912.0,4.886
11771,11913.0,4.975
11772,11914.0,4.983
11773,11915.0,5.451
11774,11916.0,4.82
11775,11917.0,6.964
11776,11918.0,7.274
11777,11919.0,5.379
11778,11920.0,5.032
11779,11921.0,4.934
11780,11922.0,7.044
11781,11923.0,7.274
11782,11924.0,5.379
11783,11925.0,6.128
11784,11926.0,7.194
11785,11927.0,6.178
11786,11928.0,4.982
11787,11929.0,6.803
11788,11930.0,7.234
11789,11931.0,5.307
11790,11932.0,4.828
11791,11933.0,4.878
11792,11934.0,4.813
11793,11935.0,4.951
11794,11937.0,4.82
11795,11938.0,6.763
11796,11939.0,5.307
11797,11940.0,4.828
11798,11941.0,7.205
11799,11942.0,5.185
11800,11943.0,4.886
11801,11944.0,6.652
11802,11945.0,4.95
11803,11946.0,6.168
11804,11947.0,5.743
11805,11948.0,4.828
11806,11949.0,6.883
11807,11950.0,5.226
11808,11951.0,4.747
11809,11952.0,4.967
11810,11953.0,6.531
11811,11954.0,5.08
11812,11955.0,4.926
11813,11956.0,5.032
11814,11957.0,5.532
11815,11958.0,4.82
11816,11959.0,6.118
11817,11960.0,5.217
11818,11961.0,4.463
11819,11962.0,4.677
11820,11963.0,4.823
11821,11964.0,4.903
11822,11965.0,5.064
11823,11966.0,4.846
11824,11967.0,5.339
11825,11968.0,4.991
11826,11969.0,4.919
11827,11970.0,5.088
11828,11971.0,4.983
11829,11972.0,5.33
11830,11973.0,4.813
11831,11974.0,7.085
11832,11975.0,7.314
11833,11976.0,5.226
11834,11977.0,5.072
11835,11978.0,5.048
11836,11979.0,7.125
11837,11980.0,7.274
11838,11981.0,5.217
11839,11982.0,6.37
11840,11983.0,7.234
11841,11984.0,5.815
11842,11985.0,4.982
11843,11986.0,6.924
11844,11987.0,7.274
11845,11988.0,5.185
11846,11989.0,4.82
11847,11990.0,4.911
11848,11991.0,4.772
11849,11992.0,4.951
11850,11993.0,4.739
11851,11994.0,7.004
11852,11995.0,5.145
11853,11996.0,4.813
11854,11997.0,7.314
11855,11998.0,5.072
11856,11999.0,5.523
11857,12000.0,6.219
11858,12001.0,4.869
11859,12002.0,6.521
11860,12003.0,5.469
11861,12004.0,4.787
11862,12005.0,7.085
11863,12006.0,5.072
11864,12007.0,4.714
11865,12008.0,5.604
11866,12009.0,6.088
11867,12010.0,5.072
11868,12011.0,4.894
11869,12012.0,5.676
11870,12013.0,5.298
11871,12014.0,4.82
11872,12015.0,6.481
11873,12016.0,5.096
11874,12017.0,4.341
11875,12018.0,4.717
11876,12019.0,4.782
11877,12020.0,5.385
11878,12021.0,4.983
11879,12022.0,5.015
11880,12024.0,5.217
11881,12025.0,4.991
11882,12026.0,4.853
11883,12027.0,5.048
11884,12028.0,4.943
11885,12029.0,5.217
11886,12030.0,5.056
11887,12031.0,7.085
11888,12032.0,7.274
11889,12033.0,5.298
11890,12034.0,5.032
11891,12035.0,5.402
11892,12036.0,7.125
11893,12037.0,7.073
11894,12038.0,5.145
11895,12039.0,6.521
11896,12040.0,7.234
11897,12041.0,5.694
11898,12042.0,4.869
11899,12043.0,7.004
11900,12044.0,7.274
11901,12045.0,5.541
11902,12046.0,4.787
11903,12047.0,4.951
11904,12048.0,4.739
11905,12049.0,4.991
11906,12050.0,4.739
11907,12051.0,7.125
11908,12052.0,5.064
11909,12053.0,4.894
11910,12054.0,7.125
11911,12055.0,5.023
11912,12056.0,5.806
11913,12057.0,5.976
11914,12058.0,4.828
11915,12059.0,6.763
11916,12060.0,5.347
11917,12061.0,4.787
11918,12062.0,7.165
11919,12063.0,5.266
11920,12064.0,4.714
11921,12065.0,5.927
11922,12066.0,5.896
11923,12067.0,5.032
11924,12068.0,4.853
11925,12069.0,5.998
11926,12070.0,5.217
11927,12071.0,4.78
11928,12072.0,6.642
11929,12073.0,5.023
11930,12074.0,4.341
11931,12075.0,4.603
11932,12076.0,4.79
11933,12077.0,4.79
11934,12078.0,5.024
11935,12079.0,4.846
11936,12080.0,5.622
11937,12081.0,4.999
11938,12082.0,4.919
11939,12083.0,4.982
11940,12084.0,4.951
11941,12085.0,5.572
11942,12086.0,4.82
11943,12087.0,6.924
11944,12088.0,7.274
11945,12089.0,5.46
11946,12090.0,5.032
11947,12091.0,4.934
11948,12092.0,7.004
11949,12093.0,7.274
11950,12094.0,5.46
11951,12095.0,5.927
11952,12096.0,7.205
11953,12097.0,6.37
11954,12098.0,5.023
11955,12099.0,6.763
11956,12100.0,7.234
11957,12101.0,5.388
11958,12102.0,4.828
11959,12103.0,4.878
11960,12104.0,4.846
11961,12105.0,4.919
11962,12106.0,4.82
11963,12108.0,6.682
11964,12109.0,5.388
11965,12110.0,4.747
11966,12111.0,7.165
11967,12112.0,5.226
11968,12113.0,4.886
11969,12114.0,6.843
11970,12115.0,4.982
11971,12116.0,6.007
11972,12117.0,5.824
11973,12118.0,4.787
11974,12119.0,6.803
11975,12120.0,5.266
11976,12121.0,4.747
11977,12122.0,4.846
11978,12123.0,6.682
11979,12124.0,5.08
11980,12125.0,4.919
11981,12126.0,4.911
11982,12127.0,5.564
11983,12128.0,4.861
11984,12129.0,6.038
11985,12130.0,5.217
11986,12131.0,4.544
11987,12132.0,4.603
11988,12133.0,4.83
11989,12134.0,4.782
11990,12135.0,5.104
11991,12136.0,4.886
11992,12137.0,5.622
11993,12138.0,4.999
11994,12139.0,4.959
11995,12140.0,4.982
11996,12141.0,4.983
11997,12142.0,5.532
11998,12143.0,4.861
11999,12144.0,6.924
12000,12145.0,7.274
12001,12146.0,5.42
12002,12147.0,5.032
12003,12148.0,4.934
12004,12149.0,7.004
12005,12150.0,7.274
12006,12151.0,5.428
12007,12152.0,6.007
12008,12153.0,7.194
12009,12154.0,6.37
12010,12155.0,5.023
12011,12156.0,6.763
12012,12157.0,7.234
12013,12158.0,5.388
12014,12159.0,4.828
12015,12160.0,4.919
12016,12161.0,4.813
12017,12162.0,4.951
12018,12163.0,4.82
12019,12164.0,6.682
12020,12165.0,5.347
12021,12166.0,4.747
12022,12167.0,7.125
12023,12168.0,5.266
12024,12169.0,4.846
12025,12170.0,6.883
12026,12171.0,4.95
12027,12172.0,6.007
12028,12173.0,5.824
12029,12174.0,4.828
12030,12175.0,6.803
12031,12176.0,5.266
12032,12177.0,4.706
12033,12178.0,4.846
12034,12179.0,6.712
12035,12180.0,5.112
12036,12181.0,4.926
12037,12182.0,4.911
12038,12183.0,5.572
12039,12184.0,4.853
12040,12185.0,5.957
12041,12186.0,5.258
12042,12187.0,4.503
12043,12188.0,4.603
12044,12189.0,4.79
12045,12190.0,4.823
12046,12192.0,5.064
12047,12193.0,4.886
12048,12194.0,5.572
12049,12195.0,5.04
12050,12196.0,4.919
12051,12197.0,5.015
12052,12198.0,4.951
12053,12199.0,5.572
12054,12200.0,4.82
12055,12201.0,6.964
12056,12202.0,7.274
12057,12203.0,5.42
12058,12204.0,5.032
12059,12205.0,4.934
12060,12206.0,7.044
12061,12207.0,7.314
12062,12208.0,5.388
12063,12209.0,6.007
12064,12210.0,7.205
12065,12211.0,6.33
12066,12212.0,4.982
12067,12213.0,6.803
12068,12214.0,7.234
12069,12215.0,5.379
12070,12216.0,4.828
12071,12217.0,4.959
12072,12218.0,4.813
12073,12219.0,4.999
12074,12220.0,4.82
12075,12221.0,6.722
12076,12222.0,5.347
12077,12223.0,4.78
12078,12224.0,7.165
12079,12225.0,5.266
12080,12226.0,4.846
12081,12227.0,6.843
12082,12228.0,4.95
12083,12229.0,6.048
12084,12230.0,5.784
12085,12231.0,4.787
12086,12232.0,6.803
12087,12233.0,5.226
12088,12234.0,4.747
12089,12235.0,4.846
12090,12236.0,6.642
12091,12237.0,5.072
12092,12238.0,4.926
12093,12239.0,4.951
12094,12240.0,5.541
12095,12241.0,4.82
12096,12242.0,6.038
12097,12243.0,5.217
12098,12244.0,4.463
12099,12245.0,4.677
12100,12246.0,4.782
12101,12247.0,4.782
12102,12248.0,5.024
12103,12249.0,4.853
12104,12250.0,5.379
12105,12251.0,4.991
12106,12252.0,4.886
12107,12253.0,5.056
12108,12254.0,4.943
12109,12255.0,5.298
12110,12256.0,4.78
12111,12257.0,7.004
12112,12258.0,7.274
12113,12259.0,5.226
12114,12260.0,5.032
12115,12261.0,4.967
12116,12262.0,7.125
12117,12263.0,7.274
12118,12264.0,5.217
12119,12265.0,6.37
12120,12266.0,7.234
12121,12267.0,5.855
12122,12268.0,4.942
12123,12269.0,6.924
12124,12270.0,7.274
12125,12271.0,5.185
12126,12272.0,4.787
12127,12274.0,4.911
12128,12275.0,4.772
12129,12276.0,4.951
12130,12277.0,4.78
12131,12278.0,6.964
12132,12279.0,5.185
12133,12280.0,4.853
12134,12281.0,7.314
12135,12282.0,5.072
12136,12283.0,5.402
12137,12284.0,6.259
12138,12285.0,4.901
12139,12286.0,6.481
12140,12287.0,5.5
12141,12288.0,4.787
12142,12289.0,7.044
12143,12290.0,5.104
12144,12291.0,4.747
12145,12292.0,5.483
12146,12293.0,6.168
12147,12294.0,5.032
12148,12295.0,4.926
12149,12296.0,5.555
12150,12297.0,5.371
12151,12298.0,4.82
12152,12299.0,6.44
12153,12300.0,5.096
12154,12301.0,4.422
12155,12302.0,4.677
12156,12303.0,4.823
12157,12304.0,5.345
12158,12305.0,5.024
12159,12306.0,4.975
12160,12307.0,5.217
12161,12308.0,4.991
12162,12309.0,4.846
12163,12310.0,5.048
12164,12311.0,4.943
12165,12312.0,5.217
12166,12313.0,5.064
12167,12314.0,7.085
12168,12315.0,7.274
12169,12316.0,5.307
12170,12317.0,5.024
12171,12318.0,5.371
12172,12319.0,7.125
12173,12320.0,7.073
12174,12321.0,5.104
12175,12322.0,6.521
12176,12323.0,7.234
12177,12324.0,5.662
12178,12325.0,4.861
12179,12326.0,7.004
12180,12327.0,7.274
12181,12328.0,5.5
12182,12329.0,4.787
12183,12330.0,4.911
12184,12331.0,4.739
12185,12332.0,4.951
12186,12333.0,4.747
12187,12334.0,7.125
12188,12335.0,5.072
12189,12336.0,4.846
12190,12337.0,7.125
12191,12338.0,5.023
12192,12339.0,5.846
12193,12340.0,5.945
12194,12341.0,4.828
12195,12342.0,6.722
12196,12343.0,5.347
12197,12344.0,4.787
12198,12345.0,7.165
12199,12346.0,5.266
12200,12347.0,4.714
12201,12348.0,5.927
12202,12349.0,5.936
12203,12350.0,5.072
12204,12351.0,4.853
12205,12352.0,5.998
12206,12353.0,5.217
12207,12354.0,4.853
12208,12355.0,6.631
12209,12356.0,5.056
12210,12357.0,4.341
12211,12358.0,4.75
12212,12360.0,4.823
12213,12361.0,5.305
12214,12362.0,4.983
12215,12363.0,5.056
12216,12364.0,5.064
12217,12365.0,4.991
12218,12366.0,5.015
12219,12367.0,5.04
12220,12368.0,4.999
12221,12369.0,5.088
12222,12370.0,5.613
12223,12371.0,7.205
12224,12372.0,7.314
12225,12373.0,5.249
12226,12374.0,5.273
12227,12375.0,6.048
12228,12376.0,7.194
12229,12377.0,6.249
12230,12378.0,4.982
12231,12379.0,6.763
12232,12380.0,7.234
12233,12381.0,5.347
12234,12382.0,4.934
12235,12383.0,7.085
12236,12384.0,7.274
12237,12385.0,5.226
12238,12386.0,4.747
12239,12387.0,4.911
12240,12388.0,4.699
12241,12389.0,4.991
12242,12390.0,4.853
12243,12391.0,7.314
12244,12392.0,5.104
12245,12393.0,5.402
12246,12394.0,6.259
12247,12395.0,4.869
12248,12396.0,6.481
12249,12397.0,5.5
12250,12398.0,4.787
12251,12399.0,7.044
12252,12400.0,5.104
12253,12401.0,4.853
12254,12402.0,7.274
12255,12403.0,5.031
12256,12404.0,4.666
12257,12405.0,6.561
12258,12406.0,5.492
12259,12407.0,4.991
12260,12408.0,4.813
12261,12409.0,6.561
12262,12410.0,5.056
12263,12411.0,4.853
12264,12412.0,6.832
12265,12413.0,5.023
12266,12414.0,4.26
12267,12415.0,4.75
12268,12416.0,4.83
12269,12417.0,5.313
12270,12418.0,4.983
12271,12419.0,5.015
12272,12420.0,5.064
12273,12421.0,4.951
12274,12422.0,5.169
12275,12423.0,4.999
12276,12424.0,4.999
12277,12425.0,5.023
12278,12426.0,5.734
12279,12427.0,7.165
12280,12428.0,7.314
12281,12429.0,5.29
12282,12430.0,5.281
12283,12431.0,6.128
12284,12432.0,7.234
12285,12433.0,6.138
12286,12434.0,5.088
12287,12435.0,6.843
12288,12436.0,7.314
12289,12437.0,5.307
12290,12438.0,5.056
12291,12439.0,7.125
12292,12440.0,7.314
12293,12441.0,5.226
12294,12442.0,4.787
12295,12444.0,4.911
12296,12445.0,4.699
12297,12446.0,4.983
12298,12447.0,4.813
12299,12448.0,7.314
12300,12449.0,5.072
12301,12450.0,5.483
12302,12451.0,6.178
12303,12452.0,4.869
12304,12453.0,6.521
12305,12454.0,5.469
12306,12455.0,4.787
12307,12456.0,7.085
12308,12457.0,5.072
12309,12458.0,4.853
12310,12459.0,7.205
12311,12460.0,5.023
12312,12461.0,4.673
12313,12462.0,6.642
12314,12463.0,5.483
12315,12464.0,5.032
12316,12465.0,4.813
12317,12466.0,6.601
12318,12467.0,5.064
12319,12468.0,4.846
12320,12469.0,6.752
12321,12470.0,5.015
12322,12471.0,4.26
12323,12472.0,4.75
12324,12473.0,4.782
12325,12474.0,5.265
12326,12475.0,5.064
12327,12476.0,4.934
12328,12477.0,4.982
12329,12478.0,4.983
12330,12479.0,5.411
12331,12480.0,5.032
12332,12481.0,4.886
12333,12482.0,4.934
12334,12483.0,6.209
12335,12484.0,7.234
12336,12485.0,6.843
12337,12486.0,5.16
12338,12487.0,5.088
12339,12488.0,6.521
12340,12489.0,7.274
12341,12490.0,5.703
12342,12491.0,4.909
12343,12492.0,7.004
12344,12493.0,7.274
12345,12494.0,5.581
12346,12495.0,5.765
12347,12496.0,7.165
12348,12497.0,6.693
12349,12498.0,5.064
12350,12499.0,4.901
12351,12500.0,4.943
12352,12501.0,4.813
12353,12502.0,5.112
12354,12503.0,4.846
12355,12504.0,6.652
12356,12505.0,4.95
12357,12506.0,6.249
12358,12507.0,5.703
12359,12508.0,4.828
12360,12509.0,6.883
12361,12510.0,5.226
12362,12511.0,4.82
12363,12512.0,7.274
12364,12513.0,5.112
12365,12514.0,5.209
12366,12515.0,6.38
12367,12516.0,4.942
12368,12517.0,4.673
12369,12518.0,6.964
12370,12519.0,5.217
12371,12520.0,4.983
12372,12521.0,4.853
12373,12522.0,6.913
12374,12523.0,5.023
12375,12524.0,4.878
12376,12525.0,6.088
12377,12526.0,4.901
12378,12527.0,4.179
12379,12529.0,4.75
12380,12530.0,4.823
12381,12531.0,5.224
12382,12532.0,5.104
12383,12533.0,4.901
12384,12534.0,5.064
12385,12535.0,4.983
12386,12536.0,5.371
12387,12537.0,4.991
12388,12538.0,4.886
12389,12539.0,4.942
12390,12540.0,6.41
12391,12541.0,7.234
12392,12542.0,6.652
12393,12543.0,5.12
12394,12544.0,5.048
12395,12545.0,6.601
12396,12546.0,7.234
12397,12547.0,5.581
12398,12548.0,4.942
12399,12549.0,7.004
12400,12550.0,7.274
12401,12551.0,5.428
12402,12552.0,5.927
12403,12553.0,7.165
12404,12554.0,6.41
12405,12555.0,5.023
12406,12556.0,4.934
12407,12557.0,4.903
12408,12558.0,4.886
12409,12559.0,5.08
12410,12560.0,5.201
12411,12561.0,6.41
12412,12562.0,4.909
12413,12563.0,6.36
12414,12564.0,5.613
12415,12565.0,4.787
12416,12566.0,7.004
12417,12567.0,5.145
12418,12568.0,4.853
12419,12569.0,7.314
12420,12570.0,5.064
12421,12571.0,5.483
12422,12572.0,6.178
12423,12573.0,4.869
12424,12574.0,4.706
12425,12575.0,7.044
12426,12576.0,5.209
12427,12577.0,4.983
12428,12578.0,4.886
12429,12579.0,6.792
12430,12580.0,5.056
12431,12581.0,4.878
12432,12582.0,5.967
12433,12583.0,4.861
12434,12584.0,4.496
12435,12585.0,4.782
12436,12586.0,4.863
12437,12587.0,5.144
12438,12588.0,5.032
12439,12589.0,4.853
12440,12590.0,5.048
12441,12591.0,4.983
12442,12592.0,5.217
12443,12593.0,4.991
12444,12594.0,4.853
12445,12595.0,4.901
12446,12596.0,6.561
12447,12597.0,7.234
12448,12598.0,6.138
12449,12599.0,5.072
12450,12600.0,4.975
12451,12601.0,6.763
12452,12602.0,7.234
12453,12603.0,5.347
12454,12604.0,4.975
12455,12605.0,7.085
12456,12606.0,7.274
12457,12607.0,5.266
12458,12608.0,6.249
12459,12609.0,7.194
12460,12610.0,5.976
12461,12612.0,4.942
12462,12613.0,4.894
12463,12614.0,4.911
12464,12615.0,4.967
12465,12616.0,4.967
12466,12617.0,5.806
12467,12618.0,5.976
12468,12619.0,4.828
12469,12620.0,6.722
12470,12621.0,5.347
12471,12622.0,4.747
12472,12623.0,7.165
12473,12624.0,5.266
12474,12625.0,4.846
12475,12626.0,6.803
12476,12627.0,4.95
12477,12628.0,6.048
12478,12629.0,5.784
12479,12630.0,4.828
12480,12631.0,4.747
12481,12632.0,7.205
12482,12633.0,5.16
12483,12634.0,5.104
12484,12635.0,4.878
12485,12636.0,6.33
12486,12637.0,4.942
12487,12638.0,4.911
12488,12639.0,5.653
12489,12640.0,4.861
12490,12641.0,4.57
12491,12642.0,4.83
12492,12643.0,4.823
12493,12644.0,5.104
12494,12645.0,4.926
12495,12646.0,5.339
12496,12647.0,4.999
12497,12648.0,4.999
12498,12649.0,5.056
12499,12650.0,4.991
12500,12651.0,5.371
12501,12652.0,4.853
12502,12653.0,6.883
12503,12654.0,7.314
12504,12655.0,5.581
12505,12656.0,5.072
12506,12657.0,4.861
12507,12658.0,7.004
12508,12659.0,7.274
12509,12660.0,5.581
12510,12661.0,5.815
12511,12662.0,7.205
12512,12663.0,6.612
12513,12664.0,5.096
12514,12665.0,6.682
12515,12666.0,7.234
12516,12667.0,5.46
12517,12668.0,4.869
12518,12669.0,4.919
12519,12670.0,4.805
12520,12671.0,4.959
12521,12672.0,4.813
12522,12673.0,6.521
12523,12674.0,5.428
12524,12675.0,4.747
12525,12676.0,7.085
12526,12677.0,5.072
12527,12678.0,4.853
12528,12679.0,7.125
12529,12680.0,4.99
12530,12681.0,5.806
12531,12682.0,5.945
12532,12683.0,4.828
12533,12684.0,6.682
12534,12685.0,5.347
12535,12686.0,4.747
12536,12687.0,4.846
12537,12688.0,6.883
12538,12689.0,5.072
12539,12690.0,4.919
12540,12691.0,4.911
12541,12692.0,5.653
12542,12693.0,4.861
12543,12694.0,5.756
12544,12696.0,5.298
12545,12697.0,4.503
12546,12698.0,4.603
12547,12699.0,4.823
12548,12700.0,4.823
12549,12701.0,5.064
12550,12702.0,4.886
12551,12703.0,5.572
12552,12704.0,5.032
12553,12705.0,4.959
12554,12706.0,5.015
12555,12707.0,4.983
12556,12708.0,5.532
12557,12709.0,4.82
12558,12710.0,6.964
12559,12711.0,7.314
12560,12712.0,5.46
12561,12713.0,5.072
12562,12714.0,4.975
12563,12715.0,7.044
12564,12716.0,7.274
12565,12717.0,5.388
12566,12718.0,6.007
12567,12719.0,7.154
12568,12720.0,6.33
12569,12721.0,4.982
12570,12722.0,6.803
12571,12723.0,7.274
12572,12724.0,5.379
12573,12725.0,4.861
12574,12726.0,4.959
12575,12727.0,4.813
12576,12728.0,4.991
12577,12729.0,4.82
12578,12730.0,6.763
12579,12731.0,5.307
12580,12732.0,4.82
12581,12733.0,7.165
12582,12734.0,5.266
12583,12735.0,4.886
12584,12736.0,6.843
12585,12737.0,4.95
12586,12738.0,6.128
12587,12739.0,5.784
12588,12740.0,4.861
12589,12741.0,6.843
12590,12742.0,5.266
12591,12743.0,4.747
12592,12744.0,4.846
12593,12745.0,6.642
12594,12746.0,5.08
12595,12747.0,4.926
12596,12748.0,4.911
12597,12749.0,5.541
12598,12750.0,4.82
12599,12751.0,5.998
12600,12752.0,5.217
12601,12753.0,4.503
12602,12754.0,4.677
12603,12755.0,4.79
12604,12756.0,5.184
12605,12757.0,5.024
12606,12758.0,4.894
12607,12759.0,5.258
12608,12760.0,4.991
12609,12761.0,4.853
12610,12762.0,5.048
12611,12763.0,4.943
12612,12764.0,5.249
12613,12765.0,5.096
12614,12766.0,7.085
12615,12767.0,7.274
12616,12768.0,5.307
12617,12769.0,5.032
12618,12770.0,5.371
12619,12771.0,7.125
12620,12772.0,7.113
12621,12773.0,5.145
12622,12774.0,6.521
12623,12775.0,7.234
12624,12776.0,5.703
12625,12777.0,4.901
12626,12778.0,6.964
12627,12779.0,7.274
12628,12781.0,5.541
12629,12782.0,4.787
12630,12783.0,4.911
12631,12784.0,4.772
12632,12785.0,4.951
12633,12786.0,4.78
12634,12787.0,7.085
12635,12788.0,5.104
12636,12789.0,4.853
12637,12790.0,7.246
12638,12791.0,5.031
12639,12792.0,5.765
12640,12793.0,5.976
12641,12794.0,4.869
12642,12795.0,6.682
12643,12796.0,5.388
12644,12797.0,4.747
12645,12798.0,7.165
12646,12799.0,5.226
12647,12800.0,4.747
12648,12801.0,5.886
12649,12802.0,5.917
12650,12803.0,5.032
12651,12804.0,4.886
12652,12805.0,5.957
12653,12806.0,5.258
12654,12807.0,4.82
12655,12808.0,6.682
12656,12809.0,5.023
12657,12810.0,4.422
12658,12811.0,4.75
12659,12812.0,4.823
12660,12813.0,5.313
12661,12814.0,5.024
12662,12815.0,4.975
12663,12816.0,5.015
12664,12817.0,4.943
12665,12818.0,5.613
12666,12819.0,5.04
12667,12820.0,4.959
12668,12821.0,4.982
12669,12822.0,5.936
12670,12823.0,7.194
12671,12824.0,7.274
12672,12825.0,5.16
12673,12826.0,5.16
12674,12827.0,6.279
12675,12828.0,7.194
12676,12829.0,5.976
12677,12830.0,4.942
12678,12831.0,6.883
12679,12832.0,7.274
12680,12833.0,5.226
12681,12834.0,5.33
12682,12835.0,7.165
12683,12836.0,7.113
12684,12837.0,5.145
12685,12838.0,4.747
12686,12839.0,4.911
12687,12840.0,4.78
12688,12841.0,4.983
12689,12842.0,4.853
12690,12843.0,7.234
12691,12844.0,5.023
12692,12845.0,5.725
12693,12846.0,6.017
12694,12847.0,4.869
12695,12848.0,6.642
12696,12849.0,5.388
12697,12850.0,4.747
12698,12851.0,7.125
12699,12852.0,5.266
12700,12853.0,4.886
12701,12854.0,6.924
12702,12855.0,4.99
12703,12856.0,4.706
12704,12857.0,6.722
12705,12858.0,5.379
12706,12859.0,5.024
12707,12860.0,4.813
12708,12861.0,6.712
12709,12862.0,5.023
12710,12863.0,4.886
12711,12864.0,6.561
12712,12865.0,5.015
12713,12867.0,4.26
12714,12868.0,4.75
12715,12869.0,4.782
12716,12870.0,5.354
12717,12871.0,4.983
12718,12872.0,5.015
12719,12873.0,5.023
12720,12874.0,4.991
12721,12875.0,5.169
12722,12876.0,5.04
12723,12877.0,4.959
12724,12878.0,5.056
12725,12879.0,5.694
12726,12880.0,7.205
12727,12881.0,7.314
12728,12882.0,5.249
12729,12883.0,5.241
12730,12884.0,6.168
12731,12885.0,7.194
12732,12886.0,6.168
12733,12887.0,4.982
12734,12888.0,6.843
12735,12889.0,7.274
12736,12890.0,5.339
12737,12891.0,5.007
12738,12892.0,7.125
12739,12893.0,7.274
12740,12894.0,5.226
12741,12895.0,4.78
12742,12896.0,4.911
12743,12897.0,4.699
12744,12898.0,4.991
12745,12899.0,4.813
12746,12900.0,7.314
12747,12901.0,5.064
12748,12902.0,5.443
12749,12903.0,6.219
12750,12904.0,4.869
12751,12905.0,6.521
12752,12906.0,5.5
12753,12907.0,4.787
12754,12908.0,7.044
12755,12909.0,5.104
12756,12910.0,4.853
12757,12911.0,7.234
12758,12912.0,5.031
12759,12913.0,4.666
12760,12914.0,6.561
12761,12915.0,5.492
12762,12916.0,5.032
12763,12917.0,4.813
12764,12918.0,6.551
12765,12919.0,5.088
12766,12920.0,4.846
12767,12921.0,6.832
12768,12922.0,5.023
12769,12923.0,4.26
12770,12924.0,4.75
12771,12925.0,4.823
12772,12926.0,5.233
12773,12927.0,5.064
12774,12928.0,4.901
12775,12929.0,5.096
12776,12930.0,4.943
12777,12931.0,5.339
12778,12932.0,4.991
12779,12933.0,4.886
12780,12934.0,4.942
12781,12935.0,6.37
12782,12936.0,7.234
12783,12937.0,6.572
12784,12938.0,5.12
12785,12939.0,5.048
12786,12940.0,6.601
12787,12941.0,7.234
12788,12942.0,5.541
12789,12943.0,4.982
12790,12944.0,7.004
12791,12945.0,7.274
12792,12946.0,5.428
12793,12947.0,5.927
12794,12948.0,7.165
12795,12949.0,6.41
12796,12950.0,5.023
12797,12952.0,4.934
12798,12953.0,4.903
12799,12954.0,4.894
12800,12955.0,5.08
12801,12956.0,5.201
12802,12957.0,6.41
12803,12958.0,4.942
12804,12959.0,6.36
12805,12960.0,5.622
12806,12961.0,4.787
12807,12962.0,7.004
12808,12963.0,5.145
12809,12964.0,4.861
12810,12965.0,7.274
12811,12966.0,5.072
12812,12967.0,5.483
12813,12968.0,6.178
12814,12969.0,4.869
12815,12970.0,4.673
12816,12971.0,7.044
12817,12972.0,5.177
12818,12973.0,4.983
12819,12974.0,4.886
12820,12975.0,6.752
12821,12976.0,5.015
12822,12977.0,4.919
12823,12978.0,5.936
12824,12979.0,4.861
12825,12980.0,4.422
12826,12981.0,4.79
12827,12982.0,4.782
12828,12983.0,5.144
12829,12984.0,4.999
12830,12985.0,4.861
12831,12986.0,5.048
12832,12987.0,4.983
12833,12988.0,5.177
12834,12989.0,4.951
12835,12990.0,4.853
12836,12991.0,4.861
12837,12992.0,6.572
12838,12993.0,7.274
12839,12994.0,6.138
12840,12995.0,5.112
12841,12996.0,4.934
12842,12997.0,6.803
12843,12998.0,7.274
12844,12999.0,5.379
12845,13000.0,4.975
12846,13001.0,7.085
12847,13002.0,7.274
12848,13003.0,5.258
12849,13004.0,6.289
12850,13005.0,7.234
12851,13006.0,5.976
12852,13007.0,4.942
12853,13008.0,4.894
12854,13009.0,4.951
12855,13010.0,4.926
12856,13011.0,4.967
12857,13012.0,5.806
12858,13013.0,5.976
12859,13014.0,4.869
12860,13015.0,6.722
12861,13016.0,5.347
12862,13017.0,4.787
12863,13018.0,7.165
12864,13019.0,5.266
12865,13020.0,4.886
12866,13021.0,6.843
12867,13022.0,4.95
12868,13023.0,6.048
12869,13024.0,5.784
12870,13025.0,4.861
12871,13026.0,4.747
12872,13027.0,7.205
12873,13028.0,5.169
12874,13029.0,5.104
12875,13030.0,4.878
12876,13031.0,6.36
12877,13032.0,4.942
12878,13033.0,4.919
12879,13034.0,5.653
12880,13036.0,4.82
12881,13037.0,4.415
12882,13038.0,4.75
12883,13039.0,4.79
12884,13040.0,5.152
12885,13041.0,4.999
12886,13042.0,4.861
12887,13043.0,5.007
12888,13044.0,4.983
12889,13045.0,5.177
12890,13046.0,4.951
12891,13047.0,4.853
12892,13048.0,4.861
12893,13049.0,6.561
12894,13050.0,7.234
12895,13051.0,6.138
12896,13052.0,5.072
12897,13053.0,4.934
12898,13054.0,6.722
12899,13055.0,7.234
12900,13056.0,5.347
12901,13057.0,4.934
12902,13058.0,7.044
12903,13059.0,7.274
12904,13060.0,5.266
12905,13061.0,6.249
12906,13062.0,7.194
12907,13063.0,6.017
12908,13064.0,4.95
12909,13065.0,4.926
12910,13066.0,4.951
12911,13067.0,4.886
12912,13068.0,4.967
12913,13069.0,5.725
12914,13070.0,6.017
12915,13071.0,4.869
12916,13072.0,6.642
12917,13073.0,5.388
12918,13074.0,4.747
12919,13075.0,7.165
12920,13076.0,5.266
12921,13077.0,4.846
12922,13078.0,6.843
12923,13079.0,4.982
12924,13080.0,6.007
12925,13081.0,5.855
12926,13082.0,4.828
12927,13083.0,4.787
12928,13084.0,7.165
12929,13085.0,5.201
12930,13086.0,5.064
12931,13087.0,4.919
12932,13088.0,6.36
12933,13089.0,4.975
12934,13090.0,4.911
12935,13091.0,5.725
12936,13092.0,4.82
12937,13093.0,4.496
12938,13094.0,4.79
12939,13095.0,4.823
12940,13096.0,5.144
12941,13097.0,4.991
12942,13098.0,4.861
12943,13099.0,5.048
12944,13100.0,5.032
12945,13101.0,5.136
12946,13102.0,4.991
12947,13103.0,4.853
12948,13104.0,4.861
12949,13105.0,6.682
12950,13106.0,7.234
12951,13107.0,5.824
12952,13108.0,5.072
12953,13109.0,4.894
12954,13110.0,6.883
12955,13111.0,7.234
12956,13112.0,5.226
12957,13113.0,5.249
12958,13114.0,7.125
12959,13115.0,7.154
12960,13116.0,5.217
12961,13117.0,6.44
12962,13119.0,7.194
12963,13120.0,5.734
12964,13121.0,4.901
12965,13122.0,4.886
12966,13123.0,4.878
12967,13124.0,4.919
12968,13125.0,4.934
12969,13126.0,6.159
12970,13127.0,5.703
12971,13128.0,4.787
12972,13129.0,6.883
12973,13130.0,5.226
12974,13131.0,4.82
12975,13132.0,7.234
12976,13133.0,5.145
12977,13134.0,5.128
12978,13135.0,6.41
12979,13136.0,4.909
12980,13137.0,6.36
12981,13138.0,5.541
12982,13139.0,4.787
12983,13140.0,4.78
12984,13141.0,7.274
12985,13142.0,5.112
12986,13143.0,5.04
12987,13144.0,4.919
12988,13145.0,6.007
12989,13146.0,4.901
12990,13147.0,5.152
12991,13148.0,5.46
12992,13149.0,4.699
12993,13150.0,4.537
12994,13151.0,4.823
12995,13152.0,4.823
12996,13153.0,5.104
12997,13154.0,4.926
12998,13155.0,4.975
12999,13156.0,5.04
13000,13157.0,4.999
13001,13158.0,5.064
13002,13159.0,4.991
13003,13160.0,5.015
13004,13161.0,4.861
13005,13162.0,6.803
13006,13163.0,7.274
13007,13164.0,5.703
13008,13165.0,5.072
13009,13166.0,4.901
13010,13167.0,6.964
13011,13168.0,7.274
13012,13169.0,5.298
13013,13170.0,5.572
13014,13171.0,7.205
13015,13172.0,6.843
13016,13173.0,5.145
13017,13174.0,6.601
13018,13175.0,7.234
13019,13176.0,5.581
13020,13177.0,4.869
13021,13178.0,4.919
13022,13179.0,4.838
13023,13180.0,4.919
13024,13181.0,4.853
13025,13182.0,6.36
13026,13183.0,5.581
13027,13184.0,4.828
13028,13185.0,6.964
13029,13186.0,5.153
13030,13187.0,4.82
13031,13188.0,7.314
13032,13189.0,5.072
13033,13190.0,5.483
13034,13191.0,6.178
13035,13192.0,4.869
13036,13193.0,6.481
13037,13194.0,5.469
13038,13195.0,4.747
13039,13196.0,4.813
13040,13197.0,7.246
13041,13198.0,5.08
13042,13199.0,4.999
13043,13200.0,4.911
13044,13202.0,5.855
13045,13203.0,4.901
13046,13204.0,5.394
13047,13205.0,5.42
13048,13206.0,4.625
13049,13207.0,4.53
13050,13208.0,4.79
13051,13209.0,4.782
13052,13210.0,5.064
13053,13211.0,4.926
13054,13212.0,5.056
13055,13213.0,4.999
13056,13214.0,4.959
13057,13215.0,5.056
13058,13216.0,4.991
13059,13217.0,5.128
13060,13218.0,4.82
13061,13219.0,6.843
13062,13220.0,7.314
13063,13221.0,5.662
13064,13222.0,5.032
13065,13223.0,4.894
13066,13224.0,6.924
13067,13225.0,7.274
13068,13226.0,5.307
13069,13227.0,5.653
13070,13228.0,7.165
13071,13229.0,6.803
13072,13230.0,5.104
13073,13231.0,6.642
13074,13232.0,7.234
13075,13233.0,5.541
13076,13234.0,4.869
13077,13235.0,4.959
13078,13236.0,4.846
13079,13237.0,4.959
13080,13238.0,4.853
13081,13239.0,6.481
13082,13240.0,5.55
13083,13241.0,4.828
13084,13242.0,7.044
13085,13243.0,5.145
13086,13244.0,4.853
13087,13245.0,7.314
13088,13246.0,5.031
13089,13247.0,5.604
13090,13248.0,6.097
13091,13249.0,4.869
13092,13250.0,6.601
13093,13251.0,5.428
13094,13252.0,4.747
13095,13253.0,4.813
13096,13254.0,7.154
13097,13255.0,5.112
13098,13256.0,4.959
13099,13257.0,4.911
13100,13258.0,5.774
13101,13259.0,4.861
13102,13260.0,5.595
13103,13261.0,5.339
13104,13262.0,4.577
13105,13263.0,4.644
13106,13264.0,4.823
13107,13265.0,4.823
13108,13266.0,5.064
13109,13267.0,4.853
13110,13268.0,5.42
13111,13269.0,4.991
13112,13270.0,4.886
13113,13271.0,5.096
13114,13272.0,4.983
13115,13273.0,5.379
13116,13274.0,4.82
13117,13275.0,7.004
13118,13276.0,7.314
13119,13277.0,5.266
13120,13278.0,5.032
13121,13279.0,4.926
13122,13280.0,7.125
13123,13281.0,7.274
13124,13282.0,5.258
13125,13284.0,6.289
13126,13285.0,7.234
13127,13286.0,5.936
13128,13287.0,4.942
13129,13288.0,6.883
13130,13289.0,7.274
13131,13290.0,5.185
13132,13291.0,4.82
13133,13292.0,4.911
13134,13293.0,4.772
13135,13294.0,4.951
13136,13295.0,4.82
13137,13296.0,6.924
13138,13297.0,5.226
13139,13298.0,4.82
13140,13299.0,7.314
13141,13300.0,5.104
13142,13301.0,5.402
13143,13302.0,6.259
13144,13303.0,4.909
13145,13304.0,6.44
13146,13305.0,5.541
13147,13306.0,4.747
13148,13307.0,7.044
13149,13308.0,5.112
13150,13309.0,4.747
13151,13310.0,5.523
13152,13311.0,6.189
13153,13312.0,5.032
13154,13313.0,4.919
13155,13314.0,5.595
13156,13315.0,5.362
13157,13316.0,4.82
13158,13317.0,6.481
13159,13318.0,5.096
13160,13319.0,4.422
13161,13320.0,4.717
13162,13321.0,4.782
13163,13322.0,5.506
13164,13323.0,4.983
13165,13324.0,5.128
13166,13325.0,5.185
13167,13326.0,4.951
13168,13327.0,4.853
13169,13328.0,5.048
13170,13329.0,5.064
13171,13330.0,5.177
13172,13331.0,5.056
13173,13332.0,7.125
13174,13333.0,7.314
13175,13334.0,5.298
13176,13335.0,5.144
13177,13336.0,5.604
13178,13337.0,7.154
13179,13338.0,6.803
13180,13339.0,5.104
13181,13340.0,6.642
13182,13341.0,7.234
13183,13342.0,5.541
13184,13343.0,4.942
13185,13344.0,7.044
13186,13345.0,7.274
13187,13346.0,5.42
13188,13347.0,4.787
13189,13348.0,4.911
13190,13349.0,4.739
13191,13350.0,4.951
13192,13351.0,4.739
13193,13352.0,7.165
13194,13353.0,5.226
13195,13354.0,4.886
13196,13355.0,6.814
13197,13356.0,4.982
13198,13357.0,6.048
13199,13358.0,5.784
13200,13359.0,4.828
13201,13360.0,6.843
13202,13361.0,5.266
13203,13362.0,4.82
13204,13364.0,7.246
13205,13365.0,5.185
13206,13366.0,4.714
13207,13367.0,6.209
13208,13368.0,5.734
13209,13369.0,5.032
13210,13370.0,4.846
13211,13371.0,6.229
13212,13372.0,5.177
13213,13373.0,4.853
13214,13374.0,6.792
13215,13375.0,5.169
13216,13376.0,4.301
13217,13377.0,4.75
13218,13378.0,4.782
13219,13379.0,5.354
13220,13380.0,4.983
13221,13381.0,5.056
13222,13382.0,5.023
13223,13383.0,4.991
13224,13384.0,5.136
13225,13385.0,5.04
13226,13386.0,4.959
13227,13387.0,5.056
13228,13388.0,5.694
13229,13389.0,7.205
13230,13390.0,7.314
13231,13391.0,5.209
13232,13392.0,5.241
13233,13393.0,6.168
13234,13394.0,7.194
13235,13395.0,6.209
13236,13396.0,5.023
13237,13397.0,6.843
13238,13398.0,7.234
13239,13399.0,5.266
13240,13400.0,5.056
13241,13401.0,7.125
13242,13402.0,7.274
13243,13403.0,5.226
13244,13404.0,4.787
13245,13405.0,4.911
13246,13406.0,4.739
13247,13407.0,4.951
13248,13408.0,4.853
13249,13409.0,7.314
13250,13410.0,5.104
13251,13411.0,5.483
13252,13412.0,6.219
13253,13413.0,4.869
13254,13414.0,6.521
13255,13415.0,5.469
13256,13416.0,4.787
13257,13417.0,7.044
13258,13418.0,5.104
13259,13419.0,4.853
13260,13420.0,7.246
13261,13421.0,4.99
13262,13422.0,4.706
13263,13423.0,6.561
13264,13424.0,5.492
13265,13425.0,5.032
13266,13426.0,4.813
13267,13427.0,6.591
13268,13428.0,5.056
13269,13429.0,4.846
13270,13430.0,6.792
13271,13431.0,5.023
13272,13432.0,4.382
13273,13433.0,4.79
13274,13434.0,4.83
13275,13435.0,5.224
13276,13436.0,5.112
13277,13437.0,4.901
13278,13438.0,5.096
13279,13439.0,4.943
13280,13440.0,5.371
13281,13441.0,4.991
13282,13442.0,4.886
13283,13443.0,4.975
13284,13444.0,6.37
13285,13445.0,7.194
13286,13446.0,6.572
13287,13447.0,5.12
13288,13449.0,5.048
13289,13450.0,6.601
13290,13451.0,7.274
13291,13452.0,5.541
13292,13453.0,4.975
13293,13454.0,7.004
13294,13455.0,7.314
13295,13456.0,5.428
13296,13457.0,6.007
13297,13458.0,7.205
13298,13459.0,6.41
13299,13460.0,5.023
13300,13461.0,4.934
13301,13462.0,4.943
13302,13463.0,4.894
13303,13464.0,5.08
13304,13465.0,5.241
13305,13466.0,6.421
13306,13467.0,4.942
13307,13468.0,6.36
13308,13469.0,5.581
13309,13470.0,4.787
13310,13471.0,7.004
13311,13472.0,5.104
13312,13473.0,4.813
13313,13474.0,7.314
13314,13475.0,5.072
13315,13476.0,5.483
13316,13477.0,6.138
13317,13478.0,4.869
13318,13479.0,4.673
13319,13480.0,7.044
13320,13481.0,5.177
13321,13482.0,4.983
13322,13483.0,4.886
13323,13484.0,6.792
13324,13485.0,4.982
13325,13486.0,4.878
13326,13487.0,5.936
13327,13488.0,4.861
13328,13489.0,4.456
13329,13490.0,4.79
13330,13491.0,4.782
13331,13492.0,5.144
13332,13493.0,4.959
13333,13494.0,4.853
13334,13495.0,5.048
13335,13496.0,5.064
13336,13497.0,5.177
13337,13498.0,4.991
13338,13499.0,4.853
13339,13500.0,4.861
13340,13501.0,6.642
13341,13502.0,7.274
13342,13503.0,6.017
13343,13504.0,5.072
13344,13505.0,4.934
13345,13506.0,6.803
13346,13507.0,7.234
13347,13508.0,5.339
13348,13509.0,4.975
13349,13510.0,7.125
13350,13511.0,7.314
13351,13512.0,5.226
13352,13513.0,6.37
13353,13514.0,7.234
13354,13515.0,5.896
13355,13516.0,4.942
13356,13517.0,4.886
13357,13518.0,4.911
13358,13519.0,4.926
13359,13520.0,4.967
13360,13521.0,5.927
13361,13522.0,5.896
13362,13523.0,4.828
13363,13524.0,6.763
13364,13525.0,5.307
13365,13526.0,4.828
13366,13527.0,7.205
13367,13528.0,5.266
13368,13529.0,4.886
13369,13530.0,6.773
13370,13531.0,4.95
13371,13532.0,6.128
13372,13534.0,5.743
13373,13535.0,4.828
13374,13536.0,4.747
13375,13537.0,7.246
13376,13538.0,5.128
13377,13539.0,5.104
13378,13540.0,4.878
13379,13541.0,6.279
13380,13542.0,4.934
13381,13543.0,4.951
13382,13544.0,5.653
13383,13545.0,4.82
13384,13546.0,4.496
13385,13547.0,4.79
13386,13548.0,4.823
13387,13549.0,5.104
13388,13550.0,4.959
13389,13551.0,4.853
13390,13552.0,5.048
13391,13553.0,5.032
13392,13554.0,5.096
13393,13555.0,4.951
13394,13556.0,4.853
13395,13557.0,4.861
13396,13558.0,6.722
13397,13559.0,7.274
13398,13560.0,5.824
13399,13561.0,5.072
13400,13562.0,4.894
13401,13563.0,6.883
13402,13564.0,7.274
13403,13565.0,5.226
13404,13566.0,5.411
13405,13567.0,7.165
13406,13568.0,7.085
13407,13569.0,5.145
13408,13570.0,6.521
13409,13571.0,7.234
13410,13572.0,5.662
13411,13573.0,4.869
13412,13574.0,4.926
13413,13575.0,4.838
13414,13576.0,4.919
13415,13577.0,4.894
13416,13578.0,6.239
13417,13579.0,5.703
13418,13580.0,4.828
13419,13581.0,6.924
13420,13582.0,5.185
13421,13583.0,4.82
13422,13584.0,7.274
13423,13585.0,5.112
13424,13586.0,5.322
13425,13587.0,6.299
13426,13588.0,4.909
13427,13589.0,6.44
13428,13590.0,5.541
13429,13591.0,4.787
13430,13592.0,4.813
13431,13593.0,7.274
13432,13594.0,5.144
13433,13595.0,4.991
13434,13596.0,4.911
13435,13597.0,5.936
13436,13598.0,4.934
13437,13599.0,5.233
13438,13600.0,5.492
13439,13601.0,4.658
13440,13602.0,4.644
13441,13603.0,4.79
13442,13604.0,4.863
13443,13605.0,5.064
13444,13606.0,4.919
13445,13607.0,5.5
13446,13608.0,5.04
13447,13609.0,4.926
13448,13610.0,5.015
13449,13611.0,4.983
13450,13612.0,5.532
13451,13613.0,4.82
13452,13614.0,7.004
13453,13616.0,7.314
13454,13617.0,5.388
13455,13618.0,5.032
13456,13619.0,4.934
13457,13620.0,7.044
13458,13621.0,7.274
13459,13622.0,5.379
13460,13623.0,6.088
13461,13624.0,7.205
13462,13625.0,6.219
13463,13626.0,4.982
13464,13627.0,6.803
13465,13628.0,7.274
13466,13629.0,5.307
13467,13630.0,4.82
13468,13631.0,4.919
13469,13632.0,4.813
13470,13633.0,4.951
13471,13634.0,4.82
13472,13635.0,6.763
13473,13636.0,5.307
13474,13637.0,4.828
13475,13638.0,7.205
13476,13639.0,5.185
13477,13640.0,4.886
13478,13641.0,6.652
13479,13642.0,4.95
13480,13643.0,6.168
13481,13644.0,5.743
13482,13645.0,4.828
13483,13646.0,6.883
13484,13647.0,5.185
13485,13648.0,4.747
13486,13649.0,5.007
13487,13650.0,6.491
13488,13651.0,5.072
13489,13652.0,4.926
13490,13653.0,5.072
13491,13654.0,5.532
13492,13655.0,4.861
13493,13656.0,6.159
13494,13657.0,5.177
13495,13658.0,4.503
13496,13659.0,4.677
13497,13660.0,4.823
13498,13661.0,4.903
13499,13662.0,5.064
13500,13663.0,4.853
13501,13664.0,5.339
13502,13665.0,4.991
13503,13666.0,4.886
13504,13667.0,5.056
13505,13668.0,4.983
13506,13669.0,5.298
13507,13670.0,4.861
13508,13671.0,7.044
13509,13672.0,7.314
13510,13673.0,5.185
13511,13674.0,5.072
13512,13675.0,5.088
13513,13676.0,7.165
13514,13677.0,7.274
13515,13678.0,5.258
13516,13679.0,6.41
13517,13680.0,7.274
13518,13681.0,5.815
13519,13682.0,4.942
13520,13683.0,6.924
13521,13684.0,7.274
13522,13685.0,5.226
13523,13686.0,4.787
13524,13687.0,4.911
13525,13688.0,4.772
13526,13689.0,4.951
13527,13690.0,4.78
13528,13691.0,7.004
13529,13692.0,5.145
13530,13693.0,4.853
13531,13694.0,7.314
13532,13695.0,5.064
13533,13696.0,5.564
13534,13697.0,6.138
13535,13698.0,4.869
13536,13700.0,6.601
13537,13701.0,5.428
13538,13702.0,4.787
13539,13703.0,7.085
13540,13704.0,5.145
13541,13705.0,4.706
13542,13706.0,5.685
13543,13707.0,6.048
13544,13708.0,5.032
13545,13709.0,4.846
13546,13710.0,5.756
13547,13711.0,5.298
13548,13712.0,4.82
13549,13713.0,6.561
13550,13714.0,5.088
13551,13715.0,4.382
13552,13716.0,4.717
13553,13717.0,4.79
13554,13718.0,5.506
13555,13719.0,5.024
13556,13720.0,5.169
13557,13721.0,5.177
13558,13722.0,4.991
13559,13723.0,4.853
13560,13724.0,5.048
13561,13725.0,5.104
13562,13726.0,5.177
13563,13727.0,5.056
13564,13728.0,7.125
13565,13729.0,7.274
13566,13730.0,5.298
13567,13731.0,5.112
13568,13732.0,5.564
13569,13733.0,7.165
13570,13734.0,6.843
13571,13735.0,5.104
13572,13736.0,6.642
13573,13737.0,7.234
13574,13738.0,5.581
13575,13739.0,4.942
13576,13740.0,7.044
13577,13741.0,7.274
13578,13742.0,5.46
13579,13743.0,4.787
13580,13744.0,4.951
13581,13745.0,4.739
13582,13746.0,4.991
13583,13747.0,4.739
13584,13748.0,7.205
13585,13749.0,5.266
13586,13750.0,4.886
13587,13751.0,6.883
13588,13752.0,4.982
13589,13753.0,6.007
13590,13754.0,5.824
13591,13755.0,4.828
13592,13756.0,6.803
13593,13757.0,5.266
13594,13758.0,4.787
13595,13759.0,7.246
13596,13760.0,5.145
13597,13761.0,4.706
13598,13762.0,6.128
13599,13763.0,5.774
13600,13764.0,5.032
13601,13765.0,4.853
13602,13766.0,6.159
13603,13767.0,5.177
13604,13768.0,4.82
13605,13769.0,6.803
13606,13770.0,5.096
13607,13771.0,4.341
13608,13772.0,4.79
13609,13773.0,4.823
13610,13774.0,5.273
13611,13775.0,4.983
13612,13776.0,5.015
13613,13777.0,5.056
13614,13778.0,4.983
13615,13779.0,5.088
13616,13780.0,4.999
13617,13781.0,4.999
13618,13782.0,5.056
13619,13784.0,5.694
13620,13785.0,7.205
13621,13786.0,7.314
13622,13787.0,5.209
13623,13788.0,5.273
13624,13789.0,6.088
13625,13790.0,7.234
13626,13791.0,6.178
13627,13792.0,5.023
13628,13793.0,6.803
13629,13794.0,7.274
13630,13795.0,5.307
13631,13796.0,5.007
13632,13797.0,7.085
13633,13798.0,7.274
13634,13799.0,5.226
13635,13800.0,4.78
13636,13801.0,4.903
13637,13802.0,4.739
13638,13803.0,4.943
13639,13804.0,4.853
13640,13805.0,7.314
13641,13806.0,5.104
13642,13807.0,5.402
13643,13808.0,6.259
13644,13809.0,4.869
13645,13810.0,6.521
13646,13811.0,5.509
13647,13812.0,4.828
13648,13813.0,7.044
13649,13814.0,5.104
13650,13815.0,4.853
13651,13816.0,7.274
13652,13817.0,5.031
13653,13818.0,4.706
13654,13819.0,6.561
13655,13820.0,5.532
13656,13821.0,5.032
13657,13822.0,4.853
13658,13823.0,6.591
13659,13824.0,5.056
13660,13825.0,4.846
13661,13826.0,6.832
13662,13827.0,5.015
13663,13828.0,4.26
13664,13829.0,4.75
13665,13830.0,4.823
13666,13831.0,5.354
13667,13832.0,4.983
13668,13833.0,4.975
13669,13834.0,5.015
13670,13835.0,4.983
13671,13836.0,5.572
13672,13837.0,4.991
13673,13838.0,4.926
13674,13839.0,4.982
13675,13840.0,6.007
13676,13841.0,7.194
13677,13842.0,7.154
13678,13843.0,5.16
13679,13844.0,5.16
13680,13845.0,6.36
13681,13846.0,7.194
13682,13847.0,5.896
13683,13848.0,4.909
13684,13849.0,6.924
13685,13850.0,7.274
13686,13851.0,5.185
13687,13852.0,5.451
13688,13853.0,7.165
13689,13854.0,6.964
13690,13855.0,5.104
13691,13856.0,4.747
13692,13857.0,4.903
13693,13858.0,4.82
13694,13859.0,5.184
13695,13860.0,4.846
13696,13861.0,6.924
13697,13862.0,4.99
13698,13863.0,6.007
13699,13864.0,5.864
13700,13866.0,4.828
13701,13867.0,6.803
13702,13868.0,5.307
13703,13869.0,4.787
13704,13870.0,7.205
13705,13871.0,5.185
13706,13872.0,4.926
13707,13873.0,6.612
13708,13874.0,4.982
13709,13875.0,4.706
13710,13876.0,6.843
13711,13877.0,5.322
13712,13878.0,5.064
13713,13879.0,4.853
13714,13880.0,6.872
13715,13881.0,5.096
13716,13882.0,4.926
13717,13883.0,6.33
13718,13884.0,4.975
13719,13885.0,4.456
13720,13886.0,4.83
13721,13887.0,4.782
13722,13888.0,5.184
13723,13889.0,5.032
13724,13890.0,4.934
13725,13891.0,5.056
13726,13892.0,4.983
13727,13893.0,5.258
13728,13894.0,4.991
13729,13895.0,4.853
13730,13896.0,4.901
13731,13897.0,6.491
13732,13898.0,7.234
13733,13899.0,6.289
13734,13900.0,5.072
13735,13901.0,5.007
13736,13902.0,6.722
13737,13903.0,7.274
13738,13904.0,5.46
13739,13905.0,4.975
13740,13906.0,7.044
13741,13907.0,7.274
13742,13908.0,5.347
13743,13909.0,6.168
13744,13910.0,7.205
13745,13911.0,6.138
13746,13912.0,4.95
13747,13913.0,4.894
13748,13914.0,4.943
13749,13915.0,4.886
13750,13916.0,4.999
13751,13917.0,5.564
13752,13918.0,6.138
13753,13919.0,4.869
13754,13920.0,6.561
13755,13921.0,5.46
13756,13922.0,4.747
13757,13923.0,7.085
13758,13924.0,5.072
13759,13925.0,4.853
13760,13926.0,7.125
13761,13927.0,5.031
13762,13928.0,5.806
13763,13929.0,5.945
13764,13930.0,4.828
13765,13931.0,4.666
13766,13932.0,7.125
13767,13933.0,5.209
13768,13934.0,5.024
13769,13935.0,4.878
13770,13936.0,6.521
13771,13937.0,4.975
13772,13938.0,4.878
13773,13939.0,5.815
13774,13940.0,4.861
13775,13941.0,4.57
13776,13942.0,4.782
13777,13943.0,4.823
13778,13944.0,5.104
13779,13945.0,4.999
13780,13946.0,4.901
13781,13947.0,5.04
13782,13948.0,4.991
13783,13949.0,5.096
13784,13951.0,4.983
13785,13952.0,4.967
13786,13953.0,4.861
13787,13954.0,6.803
13788,13955.0,7.274
13789,13956.0,5.774
13790,13957.0,5.072
13791,13958.0,4.934
13792,13959.0,6.924
13793,13960.0,7.314
13794,13961.0,5.226
13795,13962.0,5.572
13796,13963.0,7.165
13797,13964.0,6.924
13798,13965.0,5.145
13799,13966.0,6.601
13800,13967.0,7.274
13801,13968.0,5.622
13802,13969.0,4.901
13803,13970.0,4.919
13804,13971.0,4.886
13805,13972.0,4.919
13806,13973.0,4.894
13807,13974.0,6.36
13808,13975.0,5.622
13809,13976.0,4.828
13810,13977.0,6.964
13811,13978.0,5.145
13812,13979.0,4.82
13813,13980.0,7.314
13814,13981.0,5.104
13815,13982.0,5.402
13816,13983.0,6.219
13817,13984.0,4.869
13818,13985.0,6.481
13819,13986.0,5.469
13820,13987.0,4.787
13821,13988.0,4.813
13822,13989.0,7.246
13823,13990.0,5.12
13824,13991.0,4.999
13825,13992.0,4.911
13826,13993.0,5.886
13827,13994.0,4.894
13828,13995.0,5.354
13829,13996.0,5.443
13830,13997.0,4.618
13831,13998.0,4.496
13832,13999.0,4.83
13833,14000.0,4.823
13834,14001.0,5.144
13835,14002.0,4.919
13836,14003.0,4.894
13837,14004.0,5.04
13838,14005.0,5.032
13839,14006.0,5.096
13840,14007.0,4.991
13841,14008.0,4.813
13842,14009.0,4.853
13843,14010.0,6.763
13844,14011.0,7.274
13845,14012.0,5.784
13846,14013.0,5.072
13847,14014.0,4.894
13848,14015.0,6.924
13849,14016.0,7.274
13850,14017.0,5.226
13851,14018.0,5.451
13852,14019.0,7.165
13853,14020.0,7.044
13854,14021.0,5.145
13855,14022.0,6.521
13856,14023.0,7.234
13857,14024.0,5.662
13858,14025.0,4.901
13859,14026.0,4.886
13860,14027.0,4.878
13861,14028.0,4.959
13862,14029.0,4.926
13863,14030.0,6.279
13864,14031.0,5.662
13865,14032.0,4.787
13866,14034.0,6.964
13867,14035.0,5.185
13868,14036.0,4.861
13869,14037.0,7.326
13870,14038.0,5.145
13871,14039.0,5.362
13872,14040.0,6.299
13873,14041.0,4.869
13874,14042.0,6.521
13875,14043.0,5.509
13876,14044.0,4.747
13877,14045.0,4.82
13878,14046.0,7.246
13879,14047.0,5.12
13880,14048.0,4.999
13881,14049.0,4.919
13882,14050.0,5.927
13883,14051.0,4.901
13884,14052.0,5.313
13885,14053.0,5.42
13886,14054.0,4.625
13887,14055.0,4.537
13888,14056.0,4.79
13889,14057.0,4.823
13890,14058.0,5.104
13891,14059.0,4.926
13892,14060.0,4.894
13893,14061.0,4.999
13894,14062.0,4.991
13895,14063.0,5.096
13896,14064.0,4.951
13897,14065.0,4.894
13898,14066.0,4.82
13899,14067.0,6.803
13900,14068.0,7.274
13901,14069.0,5.784
13902,14070.0,5.072
13903,14071.0,4.894
13904,14072.0,6.883
13905,14073.0,7.274
13906,14074.0,5.185
13907,14075.0,5.451
13908,14076.0,7.125
13909,14077.0,7.004
13910,14078.0,5.104
13911,14079.0,6.561
13912,14080.0,7.234
13913,14081.0,5.662
13914,14082.0,4.869
13915,14083.0,4.919
13916,14084.0,4.878
13917,14085.0,4.959
13918,14086.0,4.894
13919,14087.0,6.279
13920,14088.0,5.622
13921,14089.0,4.828
13922,14090.0,6.924
13923,14091.0,5.185
13924,14092.0,4.82
13925,14093.0,7.274
13926,14094.0,5.104
13927,14095.0,5.362
13928,14096.0,6.299
13929,14097.0,4.942
13930,14098.0,6.44
13931,14099.0,5.541
13932,14100.0,4.747
13933,14101.0,4.853
13934,14102.0,7.234
13935,14103.0,5.12
13936,14104.0,4.999
13937,14105.0,4.951
13938,14106.0,5.927
13939,14107.0,4.934
13940,14108.0,5.273
13941,14109.0,5.443
13942,14110.0,4.618
13943,14111.0,4.603
13944,14112.0,4.782
13945,14113.0,4.782
13946,14114.0,5.064
13947,14115.0,4.846
13948,14116.0,5.541
13949,14117.0,4.999
13950,14119.0,4.926
13951,14120.0,4.982
13952,14121.0,4.983
13953,14122.0,5.492
13954,14123.0,4.82
13955,14124.0,6.964
13956,14125.0,7.274
13957,14126.0,5.428
13958,14127.0,5.024
13959,14128.0,4.934
13960,14129.0,7.044
13961,14130.0,7.274
13962,14131.0,5.388
13963,14132.0,6.048
13964,14133.0,7.194
13965,14134.0,6.289
13966,14135.0,5.023
13967,14136.0,6.763
13968,14137.0,7.274
13969,14138.0,5.347
13970,14139.0,4.861
13971,14140.0,4.919
13972,14141.0,4.813
13973,14142.0,4.911
13974,14143.0,4.82
13975,14144.0,6.722
13976,14145.0,5.388
13977,14146.0,4.747
13978,14147.0,7.165
13979,14148.0,5.226
13980,14149.0,4.886
13981,14150.0,6.803
13982,14151.0,4.99
13983,14152.0,6.048
13984,14153.0,5.824
13985,14154.0,4.787
13986,14155.0,6.843
13987,14156.0,5.266
13988,14157.0,4.747
13989,14158.0,4.846
13990,14159.0,6.671
13991,14160.0,5.064
13992,14161.0,4.951
13993,14162.0,4.911
13994,14163.0,5.572
13995,14164.0,4.861
13996,14165.0,5.998
13997,14166.0,5.226
13998,14167.0,4.544
13999,14168.0,4.57
14000,14169.0,4.823
14001,14170.0,4.823
14002,14171.0,5.104
14003,14172.0,4.886
14004,14173.0,5.613
14005,14174.0,4.999
14006,14175.0,4.991
14007,14176.0,5.023
14008,14177.0,5.024
14009,14178.0,5.613
14010,14179.0,4.853
14011,14180.0,6.883
14012,14181.0,7.314
14013,14182.0,5.5
14014,14183.0,5.072
14015,14184.0,4.901
14016,14185.0,7.004
14017,14186.0,7.274
14018,14187.0,5.46
14019,14188.0,5.886
14020,14189.0,7.165
14021,14190.0,6.451
14022,14191.0,5.031
14023,14192.0,6.722
14024,14193.0,7.234
14025,14194.0,5.42
14026,14195.0,4.828
14027,14196.0,4.919
14028,14197.0,4.805
14029,14198.0,4.951
14030,14199.0,4.82
14031,14200.0,6.601
14032,14201.0,5.428
14033,14202.0,4.787
14034,14203.0,7.085
14035,14204.0,5.145
14036,14206.0,4.846
14037,14207.0,7.085
14038,14208.0,5.023
14039,14209.0,5.846
14040,14210.0,5.945
14041,14211.0,4.869
14042,14212.0,6.722
14043,14213.0,5.347
14044,14214.0,4.747
14045,14215.0,4.846
14046,14216.0,6.872
14047,14217.0,5.112
14048,14218.0,4.959
14049,14219.0,4.911
14050,14220.0,5.685
14051,14221.0,4.861
14052,14222.0,5.796
14053,14223.0,5.29
14054,14224.0,4.544
14055,14225.0,4.677
14056,14226.0,4.782
14057,14227.0,4.823
14058,14228.0,5.024
14059,14229.0,4.846
14060,14230.0,5.451
14061,14231.0,4.991
14062,14232.0,4.878
14063,14233.0,5.201
14064,14234.0,5.064
14065,14235.0,5.379
14066,14236.0,4.78
14067,14237.0,7.085
14068,14238.0,7.314
14069,14239.0,5.298
14070,14240.0,5.024
14071,14241.0,4.967
14072,14242.0,7.085
14073,14243.0,7.314
14074,14244.0,5.226
14075,14245.0,6.37
14076,14246.0,7.194
14077,14247.0,5.927
14078,14248.0,4.909
14079,14249.0,6.924
14080,14250.0,7.274
14081,14251.0,5.185
14082,14252.0,4.787
14083,14253.0,4.911
14084,14254.0,4.772
14085,14255.0,4.951
14086,14256.0,4.78
14087,14257.0,6.924
14088,14258.0,5.185
14089,14259.0,4.82
14090,14260.0,7.274
14091,14261.0,5.112
14092,14262.0,5.362
14093,14263.0,6.299
14094,14264.0,4.901
14095,14265.0,6.44
14096,14266.0,5.5
14097,14267.0,4.78
14098,14268.0,7.004
14099,14269.0,5.104
14100,14270.0,4.706
14101,14271.0,5.443
14102,14272.0,6.168
14103,14273.0,5.032
14104,14274.0,4.886
14105,14275.0,5.515
14106,14276.0,5.402
14107,14277.0,4.82
14108,14278.0,6.44
14109,14279.0,5.096
14110,14280.0,4.422
14111,14281.0,4.838
14112,14282.0,4.823
14113,14283.0,5.466
14114,14284.0,5.024
14115,14285.0,5.16
14116,14286.0,5.217
14117,14287.0,4.991
14118,14289.0,4.846
14119,14290.0,5.08
14120,14291.0,5.104
14121,14292.0,5.177
14122,14293.0,5.056
14123,14294.0,7.085
14124,14295.0,7.314
14125,14296.0,5.298
14126,14297.0,5.104
14127,14298.0,5.564
14128,14299.0,7.234
14129,14300.0,6.883
14130,14301.0,5.177
14131,14302.0,6.601
14132,14303.0,7.234
14133,14304.0,5.581
14134,14305.0,5.015
14135,14306.0,7.004
14136,14307.0,7.274
14137,14308.0,5.46
14138,14309.0,4.82
14139,14310.0,4.911
14140,14311.0,4.772
14141,14312.0,4.951
14142,14313.0,4.78
14143,14314.0,7.113
14144,14315.0,5.258
14145,14316.0,4.846
14146,14317.0,7.033
14147,14318.0,4.99
14148,14319.0,5.967
14149,14320.0,5.864
14150,14321.0,4.828
14151,14322.0,6.763
14152,14323.0,5.266
14153,14324.0,4.787
14154,14325.0,7.205
14155,14326.0,5.185
14156,14327.0,4.714
14157,14328.0,6.048
14158,14329.0,5.837
14159,14330.0,5.032
14160,14331.0,4.853
14161,14332.0,6.078
14162,14333.0,5.185
14163,14334.0,4.82
14164,14335.0,6.712
14165,14336.0,5.023
14166,14337.0,4.341
14167,14338.0,4.644
14168,14339.0,4.79
14169,14340.0,4.823
14170,14341.0,5.024
14171,14342.0,4.853
14172,14343.0,5.339
14173,14344.0,4.991
14174,14345.0,4.886
14175,14346.0,5.056
14176,14347.0,4.943
14177,14348.0,5.339
14178,14349.0,4.78
14179,14350.0,7.044
14180,14351.0,7.274
14181,14352.0,5.266
14182,14353.0,5.024
14183,14354.0,4.967
14184,14355.0,7.085
14185,14356.0,7.314
14186,14357.0,5.266
14187,14358.0,6.33
14188,14359.0,7.234
14189,14360.0,5.936
14190,14361.0,4.942
14191,14362.0,6.924
14192,14363.0,7.274
14193,14364.0,5.226
14194,14365.0,4.828
14195,14366.0,4.911
14196,14367.0,4.772
14197,14368.0,4.951
14198,14369.0,4.78
14199,14370.0,6.964
14200,14371.0,5.185
14201,14372.0,4.853
14202,14373.0,7.274
14203,14375.0,5.145
14204,14376.0,5.281
14205,14377.0,6.37
14206,14378.0,4.909
14207,14379.0,6.44
14208,14380.0,5.541
14209,14381.0,4.828
14210,14382.0,7.004
14211,14383.0,5.185
14212,14384.0,4.706
14213,14385.0,5.443
14214,14386.0,6.229
14215,14387.0,5.112
14216,14388.0,4.886
14217,14389.0,5.434
14218,14390.0,5.379
14219,14391.0,4.82
14220,14392.0,6.36
14221,14393.0,5.104
14222,14394.0,4.382
14223,14395.0,4.677
14224,14396.0,4.782
14225,14397.0,4.782
14226,14398.0,5.024
14227,14399.0,4.813
14228,14400.0,5.379
14229,14401.0,4.991
14230,14402.0,4.886
14231,14403.0,5.056
14232,14404.0,4.943
14233,14405.0,5.339
14234,14406.0,4.78
14235,14407.0,7.044
14236,14408.0,7.274
14237,14409.0,5.226
14238,14410.0,5.032
14239,14411.0,4.926
14240,14412.0,7.085
14241,14413.0,7.274
14242,14414.0,5.266
14243,14415.0,6.33
14244,14416.0,7.194
14245,14417.0,5.896
14246,14418.0,4.942
14247,14419.0,6.924
14248,14420.0,7.274
14249,14421.0,5.185
14250,14422.0,4.828
14251,14423.0,4.911
14252,14424.0,4.772
14253,14425.0,4.951
14254,14426.0,4.78
14255,14427.0,6.964
14256,14428.0,5.185
14257,14429.0,4.82
14258,14430.0,7.314
14259,14431.0,5.112
14260,14432.0,5.362
14261,14433.0,6.259
14262,14434.0,4.909
14263,14435.0,6.44
14264,14436.0,5.541
14265,14437.0,4.787
14266,14438.0,7.044
14267,14439.0,5.104
14268,14440.0,4.747
14269,14441.0,5.483
14270,14442.0,6.199
14271,14443.0,5.032
14272,14444.0,4.919
14273,14445.0,5.555
14274,14446.0,5.371
14275,14447.0,4.82
14276,14448.0,6.44
14277,14449.0,5.096
14278,14450.0,4.422
14279,14451.0,4.717
14280,14452.0,4.823
14281,14453.0,5.466
14282,14454.0,5.024
14283,14455.0,5.128
14284,14456.0,5.258
14285,14457.0,4.991
14286,14458.0,4.886
14287,14460.0,5.048
14288,14461.0,5.104
14289,14462.0,5.209
14290,14463.0,5.056
14291,14464.0,7.125
14292,14465.0,7.274
14293,14466.0,5.298
14294,14467.0,5.144
14295,14468.0,5.604
14296,14469.0,7.165
14297,14470.0,6.803
14298,14471.0,5.104
14299,14472.0,6.642
14300,14473.0,7.234
14301,14474.0,5.541
14302,14475.0,4.982
14303,14476.0,7.004
14304,14477.0,7.274
14305,14478.0,5.42
14306,14479.0,4.787
14307,14480.0,4.911
14308,14481.0,4.739
14309,14482.0,4.951
14310,14483.0,4.747
14311,14484.0,7.165
14312,14485.0,5.266
14313,14486.0,4.886
14314,14487.0,6.843
14315,14488.0,4.99
14316,14489.0,6.007
14317,14490.0,5.824
14318,14491.0,4.828
14319,14492.0,6.803
14320,14493.0,5.266
14321,14494.0,4.82
14322,14495.0,7.205
14323,14496.0,5.185
14324,14497.0,4.666
14325,14498.0,6.128
14326,14499.0,5.765
14327,14500.0,5.024
14328,14501.0,4.813
14329,14502.0,6.159
14330,14503.0,5.185
14331,14504.0,4.82
14332,14505.0,6.752
14333,14506.0,5.064
14334,14507.0,4.341
14335,14508.0,4.75
14336,14509.0,4.782
14337,14510.0,5.345
14338,14511.0,4.983
14339,14512.0,4.975
14340,14513.0,5.023
14341,14514.0,4.983
14342,14515.0,5.532
14343,14516.0,4.999
14344,14517.0,4.959
14345,14518.0,5.015
14346,14519.0,5.855
14347,14520.0,7.205
14348,14521.0,7.314
14349,14522.0,5.201
14350,14523.0,5.16
14351,14524.0,6.289
14352,14525.0,7.194
14353,14526.0,6.007
14354,14527.0,4.942
14355,14528.0,6.883
14356,14529.0,7.234
14357,14530.0,5.258
14358,14531.0,5.29
14359,14532.0,7.165
14360,14533.0,7.154
14361,14534.0,5.185
14362,14535.0,4.747
14363,14536.0,4.903
14364,14537.0,4.739
14365,14538.0,4.983
14366,14539.0,4.846
14367,14540.0,7.274
14368,14541.0,5.023
14369,14542.0,5.685
14370,14543.0,6.017
14371,14545.0,4.828
14372,14546.0,6.642
14373,14547.0,5.379
14374,14548.0,4.747
14375,14549.0,7.125
14376,14550.0,5.226
14377,14551.0,4.886
14378,14552.0,6.964
14379,14553.0,4.99
14380,14554.0,4.666
14381,14555.0,6.682
14382,14556.0,5.411
14383,14557.0,5.024
14384,14558.0,4.813
14385,14559.0,6.712
14386,14560.0,5.015
14387,14561.0,4.846
14388,14562.0,6.601
14389,14563.0,4.975
14390,14564.0,4.26
14391,14565.0,4.75
14392,14566.0,4.823
14393,14567.0,5.394
14394,14568.0,4.983
14395,14569.0,4.982
14396,14570.0,5.023
14397,14571.0,4.943
14398,14572.0,5.371
14399,14573.0,4.999
14400,14574.0,4.959
14401,14575.0,5.023
14402,14576.0,5.846
14403,14577.0,7.194
14404,14578.0,7.314
14405,14579.0,5.169
14406,14580.0,5.241
14407,14581.0,6.249
14408,14582.0,7.234
14409,14583.0,6.017
14410,14584.0,4.982
14411,14585.0,6.843
14412,14586.0,7.274
14413,14587.0,5.226
14414,14588.0,5.249
14415,14589.0,7.125
14416,14590.0,7.194
14417,14591.0,5.145
14418,14592.0,4.787
14419,14593.0,4.911
14420,14594.0,4.739
14421,14595.0,4.943
14422,14596.0,4.894
14423,14597.0,7.274
14424,14598.0,5.064
14425,14599.0,5.644
14426,14600.0,6.097
14427,14601.0,4.869
14428,14602.0,6.642
14429,14603.0,5.388
14430,14604.0,4.787
14431,14605.0,7.125
14432,14606.0,5.226
14433,14607.0,4.846
14434,14608.0,6.964
14435,14609.0,4.99
14436,14610.0,4.673
14437,14611.0,6.682
14438,14612.0,5.411
14439,14613.0,5.024
14440,14614.0,4.813
14441,14615.0,6.712
14442,14616.0,5.023
14443,14617.0,4.846
14444,14618.0,6.561
14445,14619.0,4.975
14446,14620.0,4.219
14447,14621.0,4.563
14448,14622.0,4.782
14449,14623.0,4.823
14450,14624.0,5.064
14451,14625.0,4.853
14452,14626.0,5.581
14453,14628.0,4.999
14454,14629.0,4.919
14455,14630.0,4.982
14456,14631.0,4.943
14457,14632.0,5.532
14458,14633.0,4.78
14459,14634.0,6.924
14460,14635.0,7.274
14461,14636.0,5.46
14462,14637.0,5.032
14463,14638.0,4.934
14464,14639.0,7.004
14465,14640.0,7.274
14466,14641.0,5.428
14467,14642.0,6.048
14468,14643.0,7.194
14469,14644.0,6.33
14470,14645.0,5.023
14471,14646.0,6.763
14472,14647.0,7.234
14473,14648.0,5.379
14474,14649.0,4.828
14475,14650.0,4.919
14476,14651.0,4.813
14477,14652.0,4.951
14478,14653.0,4.82
14479,14654.0,6.682
14480,14655.0,5.347
14481,14656.0,4.747
14482,14657.0,7.165
14483,14658.0,5.266
14484,14659.0,4.846
14485,14660.0,6.883
14486,14661.0,4.95
14487,14662.0,6.048
14488,14663.0,5.784
14489,14664.0,5.371
14490,14665.0,6.883
14491,14666.0,5.266
14492,14667.0,4.706
14493,14668.0,4.886
14494,14669.0,6.682
14495,14670.0,5.112
14496,14671.0,4.919
14497,14672.0,4.991
14498,14673.0,5.572
14499,14674.0,4.894
14500,14675.0,5.957
14501,14676.0,5.258
14502,14677.0,4.537
14503,14678.0,4.644
14504,14679.0,4.79
14505,14680.0,4.782
14506,14681.0,5.024
14507,14682.0,4.853
14508,14683.0,5.46
14509,14684.0,4.991
14510,14685.0,4.886
14511,14686.0,5.023
14512,14687.0,4.951
14513,14688.0,5.379
14514,14689.0,4.82
14515,14690.0,7.004
14516,14691.0,7.274
14517,14692.0,5.307
14518,14693.0,5.032
14519,14694.0,4.926
14520,14695.0,7.085
14521,14696.0,7.274
14522,14697.0,5.307
14523,14698.0,6.209
14524,14699.0,7.205
14525,14700.0,6.057
14526,14701.0,4.942
14527,14702.0,6.843
14528,14703.0,7.274
14529,14704.0,5.226
14530,14705.0,4.82
14531,14706.0,4.911
14532,14707.0,4.772
14533,14708.0,4.951
14534,14709.0,4.82
14535,14710.0,6.883
14536,14712.0,5.226
14537,14713.0,4.82
14538,14714.0,7.274
14539,14715.0,5.145
14540,14716.0,5.16
14541,14717.0,6.41
14542,14718.0,4.909
14543,14719.0,6.33
14544,14720.0,5.622
14545,14721.0,4.787
14546,14722.0,6.964
14547,14723.0,5.145
14548,14724.0,4.747
14549,14725.0,5.322
14550,14726.0,6.32
14551,14727.0,5.032
14552,14728.0,4.919
14553,14729.0,5.394
14554,14730.0,5.451
14555,14731.0,4.82
14556,14732.0,6.36
14557,14733.0,5.096
14558,14734.0,4.463
14559,14735.0,4.644
14560,14736.0,4.863
14561,14737.0,4.823
14562,14738.0,5.104
14563,14739.0,4.886
14564,14740.0,5.492
14565,14741.0,4.991
14566,14742.0,4.926
14567,14743.0,5.096
14568,14744.0,4.943
14569,14745.0,5.411
14570,14746.0,4.78
14571,14747.0,7.004
14572,14748.0,7.274
14573,14749.0,5.307
14574,14750.0,5.024
14575,14751.0,4.926
14576,14752.0,7.085
14577,14753.0,7.274
14578,14754.0,5.266
14579,14755.0,6.249
14580,14756.0,7.194
14581,14757.0,6.017
14582,14758.0,4.942
14583,14759.0,6.883
14584,14760.0,7.234
14585,14761.0,5.226
14586,14762.0,4.828
14587,14763.0,4.911
14588,14764.0,4.772
14589,14765.0,4.951
14590,14766.0,4.78
14591,14767.0,6.883
14592,14768.0,5.226
14593,14769.0,4.82
14594,14770.0,7.246
14595,14771.0,5.145
14596,14772.0,5.128
14597,14773.0,6.451
14598,14774.0,4.909
14599,14775.0,6.36
14600,14776.0,5.581
14601,14777.0,4.787
14602,14778.0,6.964
14603,14779.0,5.145
14604,14780.0,4.706
14605,14781.0,5.362
14606,14782.0,6.249
14607,14783.0,5.072
14608,14784.0,4.886
14609,14785.0,5.434
14610,14786.0,5.379
14611,14787.0,4.853
14612,14788.0,6.32
14613,14789.0,5.169
14614,14790.0,4.382
14615,14791.0,4.456
14616,14792.0,4.83
14617,14794.0,4.863
14618,14795.0,5.184
14619,14796.0,5.032
14620,14797.0,4.861
14621,14798.0,5.088
14622,14799.0,4.943
14623,14800.0,5.29
14624,14801.0,4.991
14625,14802.0,4.886
14626,14803.0,4.901
14627,14804.0,6.531
14628,14805.0,7.234
14629,14806.0,6.289
14630,14807.0,5.072
14631,14808.0,5.007
14632,14809.0,6.722
14633,14810.0,7.274
14634,14811.0,5.42
14635,14812.0,4.934
14636,14813.0,7.085
14637,14814.0,7.274
14638,14815.0,5.307
14639,14816.0,6.209
14640,14817.0,7.234
14641,14818.0,6.057
14642,14819.0,4.942
14643,14820.0,4.894
14644,14821.0,4.951
14645,14822.0,4.926
14646,14823.0,5.007
14647,14824.0,5.685
14648,14825.0,6.057
14649,14826.0,4.869
14650,14827.0,6.642
14651,14828.0,5.388
14652,14829.0,4.787
14653,14830.0,7.125
14654,14831.0,5.266
14655,14832.0,4.846
14656,14833.0,6.964
14657,14834.0,4.99
14658,14835.0,5.967
14659,14836.0,5.864
14660,14837.0,4.828
14661,14838.0,4.747
14662,14839.0,7.165
14663,14840.0,5.169
14664,14841.0,5.104
14665,14842.0,4.878
14666,14843.0,6.36
14667,14844.0,4.942
14668,14845.0,4.919
14669,14846.0,5.694
14670,14847.0,4.82
14671,14848.0,4.456
14672,14849.0,4.79
14673,14850.0,4.782
14674,14851.0,5.104
14675,14852.0,4.926
14676,14853.0,4.853
14677,14854.0,5.007
14678,14855.0,5.032
14679,14856.0,5.104
14680,14857.0,4.991
14681,14858.0,4.813
14682,14859.0,4.901
14683,14860.0,6.722
14684,14861.0,7.274
14685,14862.0,5.824
14686,14863.0,5.072
14687,14864.0,4.894
14688,14865.0,6.883
14689,14866.0,7.234
14690,14867.0,5.258
14691,14868.0,5.33
14692,14869.0,7.165
14693,14870.0,7.113
14694,14871.0,5.177
14695,14872.0,6.481
14696,14873.0,7.234
14697,14875.0,5.703
14698,14876.0,4.909
14699,14877.0,4.886
14700,14878.0,4.838
14701,14879.0,4.919
14702,14880.0,4.894
14703,14881.0,6.199
14704,14882.0,5.662
14705,14883.0,4.787
14706,14884.0,6.924
14707,14885.0,5.185
14708,14886.0,4.82
14709,14887.0,7.286
14710,14888.0,5.112
14711,14889.0,5.281
14712,14890.0,6.34
14713,14891.0,4.909
14714,14892.0,6.4
14715,14893.0,5.541
14716,14894.0,4.787
14717,14895.0,4.82
14718,14896.0,7.246
14719,14897.0,5.12
14720,14898.0,4.991
14721,14899.0,4.911
14722,14900.0,5.967
14723,14901.0,4.894
14724,14902.0,5.193
14725,14903.0,5.492
14726,14904.0,4.699
14727,14905.0,4.57
14728,14906.0,4.79
14729,14907.0,4.823
14730,14908.0,5.064
14731,14909.0,4.926
14732,14910.0,5.096
14733,14911.0,5.04
14734,14912.0,4.999
14735,14913.0,5.056
14736,14914.0,4.983
14737,14915.0,5.128
14738,14916.0,4.82
14739,14917.0,6.843
14740,14918.0,7.274
14741,14919.0,5.694
14742,14920.0,5.072
14743,14921.0,4.894
14744,14922.0,6.924
14745,14923.0,7.274
14746,14924.0,5.307
14747,14925.0,5.653
14748,14926.0,7.165
14749,14927.0,6.803
14750,14928.0,5.064
14751,14929.0,6.642
14752,14930.0,7.234
14753,14931.0,5.572
14754,14932.0,4.869
14755,14933.0,4.919
14756,14934.0,4.846
14757,14935.0,4.959
14758,14936.0,4.853
14759,14937.0,6.481
14760,14938.0,5.55
14761,14939.0,4.828
14762,14940.0,7.004
14763,14941.0,5.145
14764,14942.0,4.853
14765,14943.0,7.274
14766,14944.0,5.072
14767,14945.0,5.604
14768,14946.0,6.097
14769,14947.0,4.869
14770,14948.0,6.601
14771,14949.0,5.428
14772,14950.0,4.747
14773,14951.0,4.813
14774,14952.0,7.165
14775,14953.0,5.08
14776,14954.0,4.959
14777,14955.0,4.911
14778,14956.0,5.774
14779,14958.0,4.861
14780,14959.0,5.635
14781,14960.0,5.298
14782,14961.0,4.537
14783,14962.0,4.603
14784,14963.0,4.79
14785,14964.0,4.782
14786,14965.0,5.024
14787,14966.0,4.853
14788,14967.0,5.5
14789,14968.0,4.999
14790,14969.0,4.926
14791,14970.0,4.942
14792,14971.0,4.983
14793,14972.0,5.46
14794,14973.0,4.82
14795,14974.0,6.964
14796,14975.0,7.274
14797,14976.0,5.347
14798,14977.0,5.032
14799,14978.0,4.934
14800,14979.0,7.085
14801,14980.0,7.274
14802,14981.0,5.379
14803,14982.0,6.088
14804,14983.0,7.205
14805,14984.0,6.178
14806,14985.0,5.023
14807,14986.0,6.803
14808,14987.0,7.274
14809,14988.0,5.307
14810,14989.0,4.861
14811,14990.0,4.919
14812,14991.0,4.805
14813,14992.0,4.951
14814,14993.0,4.813
14815,14994.0,6.763
14816,14995.0,5.339
14817,14996.0,4.787
14818,14997.0,7.246
14819,14998.0,5.185
14820,14999.0,4.886
14821,15000.0,6.693
14822,15001.0,4.982
14823,15002.0,6.168
14824,15003.0,5.774
14825,15004.0,4.828
14826,15005.0,6.883
14827,15006.0,5.226
14828,15007.0,4.787
14829,15008.0,4.967
14830,15009.0,6.551
14831,15010.0,5.072
14832,15011.0,4.919
14833,15012.0,5.032
14834,15013.0,5.492
14835,15014.0,4.853
14836,15015.0,6.118
14837,15016.0,5.217
14838,15017.0,4.503
14839,15018.0,4.677
14840,15019.0,4.823
14841,15020.0,4.983
14842,15021.0,5.024
14843,15022.0,4.813
14844,15023.0,5.298
14845,15024.0,4.991
14846,15025.0,4.853
14847,15026.0,5.056
14848,15027.0,4.943
14849,15028.0,5.258
14850,15029.0,4.901
14851,15030.0,7.085
14852,15031.0,7.314
14853,15032.0,5.185
14854,15033.0,5.024
14855,15034.0,5.249
14856,15035.0,7.125
14857,15036.0,7.194
14858,15037.0,5.185
14859,15038.0,6.451
14860,15039.0,7.194
14861,15041.0,5.784
14862,15042.0,4.909
14863,15043.0,6.964
14864,15044.0,7.274
14865,15045.0,5.339
14866,15046.0,4.787
14867,15047.0,4.911
14868,15048.0,4.739
14869,15049.0,4.951
14870,15050.0,4.78
14871,15051.0,7.044
14872,15052.0,5.104
14873,15053.0,4.853
14874,15054.0,7.274
14875,15055.0,5.064
14876,15056.0,5.644
14877,15057.0,6.138
14878,15058.0,4.869
14879,15059.0,6.601
14880,15060.0,5.428
14881,15061.0,4.787
14882,15062.0,7.085
14883,15063.0,5.145
14884,15064.0,4.706
14885,15065.0,5.765
14886,15066.0,6.007
14887,15067.0,5.072
14888,15068.0,4.853
14889,15069.0,5.796
14890,15070.0,5.298
14891,15071.0,4.853
14892,15072.0,6.521
14893,15073.0,5.096
14894,15074.0,4.382
14895,15075.0,4.717
14896,15076.0,4.823
14897,15077.0,5.385
14898,15078.0,5.024
14899,15079.0,5.015
14900,15080.0,5.217
14901,15081.0,4.951
14902,15082.0,4.853
14903,15083.0,5.048
14904,15084.0,4.983
14905,15085.0,5.217
14906,15086.0,5.056
14907,15087.0,7.085
14908,15088.0,7.314
14909,15089.0,5.307
14910,15090.0,5.024
14911,15091.0,5.451
14912,15092.0,7.165
14913,15093.0,7.004
14914,15094.0,5.145
14915,15095.0,6.521
14916,15096.0,7.234
14917,15097.0,5.662
14918,15098.0,4.901
14919,15099.0,7.004
14920,15100.0,7.274
14921,15101.0,5.5
14922,15102.0,4.78
14923,15103.0,4.911
14924,15104.0,4.772
14925,15105.0,4.951
14926,15106.0,4.78
14927,15107.0,7.125
14928,15108.0,5.104
14929,15109.0,4.853
14930,15110.0,7.165
14931,15111.0,5.031
14932,15112.0,5.846
14933,15113.0,5.936
14934,15114.0,4.869
14935,15115.0,6.682
14936,15116.0,5.379
14937,15117.0,4.787
14938,15118.0,7.165
14939,15119.0,5.226
14940,15120.0,4.747
14941,15121.0,5.927
14942,15122.0,5.957
14943,15123.0,5.024
14944,15124.0,4.878
14945,15125.0,5.948
14946,15126.0,5.29
14947,15128.0,4.82
14948,15129.0,6.671
14949,15130.0,5.056
14950,15131.0,4.422
14951,15132.0,4.677
14952,15133.0,4.823
14953,15134.0,4.823
14954,15135.0,5.064
14955,15136.0,4.853
14956,15137.0,5.339
14957,15138.0,4.991
14958,15139.0,4.886
14959,15140.0,5.056
14960,15141.0,4.983
14961,15142.0,5.339
14962,15143.0,4.78
14963,15144.0,7.044
14964,15145.0,7.274
14965,15146.0,5.226
14966,15147.0,5.024
14967,15148.0,5.007
14968,15149.0,7.085
14969,15150.0,7.314
14970,15151.0,5.226
14971,15152.0,6.36
14972,15153.0,7.194
14973,15154.0,5.896
14974,15155.0,4.942
14975,15156.0,6.924
14976,15157.0,7.274
14977,15158.0,5.185
14978,15159.0,4.787
14979,15160.0,4.911
14980,15161.0,4.772
14981,15162.0,4.951
14982,15163.0,4.78
14983,15164.0,6.964
14984,15165.0,5.185
14985,15166.0,4.853
14986,15167.0,7.274
14987,15168.0,5.104
14988,15169.0,5.402
14989,15170.0,6.259
14990,15171.0,4.869
14991,15172.0,6.481
14992,15173.0,5.509
14993,15174.0,4.787
14994,15175.0,7.044
14995,15176.0,5.104
14996,15177.0,4.747
14997,15178.0,5.523
14998,15179.0,6.149
14999,15180.0,5.072
15000,15181.0,4.886
15001,15182.0,5.635
15002,15183.0,5.371
15003,15184.0,4.853
15004,15185.0,6.43
15005,15186.0,5.096
15006,15187.0,4.382
15007,15188.0,4.717
15008,15189.0,4.782
15009,15190.0,5.425
15010,15191.0,5.024
15011,15192.0,5.048
15012,15193.0,5.226
15013,15194.0,4.991
15014,15195.0,4.853
15015,15196.0,5.088
15016,15197.0,5.024
15017,15198.0,5.217
15018,15199.0,5.056
15019,15200.0,7.125
15020,15201.0,7.314
15021,15202.0,5.347
15022,15203.0,5.024
15023,15204.0,5.492
15024,15205.0,7.165
15025,15206.0,6.964
15026,15207.0,5.104
15027,15208.0,6.561
15028,15209.0,7.234
15029,15211.0,5.622
15030,15212.0,4.909
15031,15213.0,7.004
15032,15214.0,7.274
15033,15215.0,5.5
15034,15216.0,4.787
15035,15217.0,4.911
15036,15218.0,4.739
15037,15219.0,4.951
15038,15220.0,4.747
15039,15221.0,7.125
15040,15222.0,5.104
15041,15223.0,4.853
15042,15224.0,7.085
15043,15225.0,4.99
15044,15226.0,5.846
15045,15227.0,5.945
15046,15228.0,4.828
15047,15229.0,6.722
15048,15230.0,5.347
15049,15231.0,4.787
15050,15232.0,7.165
15051,15233.0,5.226
15052,15234.0,4.706
15053,15235.0,5.967
15054,15236.0,5.877
15055,15237.0,5.024
15056,15238.0,4.878
15057,15239.0,5.988
15058,15240.0,5.249
15059,15241.0,4.82
15060,15242.0,6.671
15061,15243.0,5.048
15062,15244.0,4.341
15063,15245.0,4.382
15064,15246.0,4.823
15065,15247.0,4.782
15066,15248.0,5.144
15067,15249.0,4.959
15068,15250.0,4.894
15069,15251.0,5.048
15070,15252.0,5.104
15071,15253.0,5.177
15072,15254.0,4.991
15073,15255.0,4.853
15074,15256.0,4.894
15075,15257.0,6.642
15076,15258.0,7.274
15077,15259.0,6.017
15078,15260.0,5.112
15079,15261.0,4.934
15080,15262.0,6.843
15081,15263.0,7.234
15082,15264.0,5.379
15083,15265.0,4.967
15084,15266.0,7.165
15085,15267.0,7.274
15086,15268.0,5.298
15087,15269.0,6.33
15088,15270.0,7.234
15089,15271.0,5.896
15090,15272.0,4.942
15091,15273.0,4.926
15092,15274.0,4.911
15093,15275.0,4.919
15094,15276.0,4.967
15095,15277.0,5.886
15096,15278.0,5.945
15097,15279.0,4.869
15098,15280.0,6.722
15099,15281.0,5.347
15100,15282.0,4.787
15101,15283.0,7.205
15102,15284.0,5.266
15103,15285.0,4.886
15104,15286.0,6.733
15105,15287.0,4.95
15106,15288.0,6.088
15107,15289.0,5.784
15108,15290.0,4.828
15109,15291.0,4.787
15110,15292.0,7.205
15111,15293.0,5.152
15112,15294.0,5.064
15113,15295.0,4.911
15114,15296.0,6.249
15115,15298.0,4.934
15116,15299.0,4.911
15117,15300.0,5.653
15118,15301.0,4.82
15119,15302.0,4.577
15120,15303.0,4.79
15121,15304.0,4.823
15122,15305.0,5.064
15123,15306.0,4.926
15124,15307.0,4.901
15125,15308.0,5.04
15126,15309.0,4.999
15127,15310.0,5.096
15128,15311.0,4.951
15129,15312.0,5.015
15130,15313.0,4.82
15131,15314.0,6.803
15132,15315.0,7.274
15133,15316.0,5.703
15134,15317.0,5.072
15135,15318.0,4.894
15136,15319.0,6.924
15137,15320.0,7.274
15138,15321.0,5.226
15139,15322.0,5.613
15140,15323.0,7.165
15141,15324.0,6.883
15142,15325.0,5.104
15143,15326.0,6.601
15144,15327.0,7.234
15145,15328.0,5.613
15146,15329.0,4.869
15147,15330.0,4.919
15148,15331.0,4.846
15149,15332.0,4.959
15150,15333.0,4.853
15151,15334.0,6.4
15152,15335.0,5.581
15153,15336.0,4.787
15154,15337.0,7.004
15155,15338.0,5.145
15156,15339.0,4.853
15157,15340.0,7.314
15158,15341.0,5.072
15159,15342.0,5.523
15160,15343.0,6.178
15161,15344.0,4.869
15162,15345.0,6.521
15163,15346.0,5.469
15164,15347.0,4.747
15165,15348.0,4.813
15166,15349.0,7.274
15167,15350.0,5.112
15168,15351.0,4.991
15169,15352.0,4.911
15170,15353.0,5.846
15171,15354.0,4.894
15172,15355.0,5.434
15173,15356.0,5.379
15174,15357.0,4.658
15175,15358.0,4.456
15176,15359.0,4.79
15177,15360.0,4.782
15178,15361.0,5.104
15179,15362.0,4.991
15180,15363.0,4.861
15181,15364.0,5.007
15182,15365.0,5.032
15183,15366.0,5.096
15184,15367.0,4.991
15185,15368.0,4.813
15186,15369.0,4.853
15187,15370.0,6.722
15188,15371.0,7.274
15189,15372.0,5.855
15190,15373.0,5.072
15191,15374.0,4.894
15192,15375.0,6.883
15193,15376.0,7.274
15194,15377.0,5.258
15195,15378.0,5.249
15196,15379.0,7.165
15197,15381.0,7.154
15198,15382.0,5.185
15199,15383.0,6.451
15200,15384.0,7.234
15201,15385.0,5.743
15202,15386.0,4.901
15203,15387.0,4.886
15204,15388.0,4.919
15205,15389.0,4.919
15206,15390.0,4.926
15207,15391.0,6.118
15208,15392.0,5.774
15209,15393.0,4.828
15210,15394.0,6.924
15211,15395.0,5.226
15212,15396.0,4.861
15213,15397.0,7.234
15214,15398.0,5.217
15215,15399.0,5.128
15216,15400.0,6.491
15217,15401.0,4.909
15218,15402.0,6.32
15219,15403.0,5.581
15220,15404.0,4.787
15221,15405.0,4.82
15222,15406.0,7.274
15223,15407.0,5.12
15224,15408.0,5.032
15225,15409.0,4.87
15226,15410.0,6.007
15227,15411.0,4.901
15228,15412.0,5.032
15229,15413.0,5.5
15230,15414.0,4.699
15231,15415.0,4.53
15232,15416.0,4.79
15233,15417.0,4.823
15234,15418.0,5.104
15235,15419.0,4.926
15236,15420.0,4.894
15237,15421.0,4.999
15238,15422.0,4.999
15239,15423.0,5.096
15240,15424.0,4.983
15241,15425.0,4.934
15242,15426.0,4.82
15243,15427.0,6.803
15244,15428.0,7.274
15245,15429.0,5.743
15246,15430.0,5.072
15247,15431.0,4.894
15248,15432.0,6.924
15249,15433.0,7.274
15250,15434.0,5.185
15251,15435.0,5.532
15252,15436.0,7.205
15253,15437.0,6.953
15254,15438.0,5.104
15255,15439.0,6.601
15256,15440.0,7.234
15257,15441.0,5.622
15258,15442.0,4.861
15259,15443.0,4.919
15260,15444.0,4.838
15261,15445.0,4.959
15262,15446.0,4.894
15263,15447.0,6.36
15264,15448.0,5.622
15265,15449.0,4.828
15266,15450.0,7.004
15267,15451.0,5.145
15268,15452.0,4.853
15269,15453.0,7.355
15270,15454.0,5.064
15271,15455.0,5.523
15272,15456.0,6.178
15273,15457.0,4.942
15274,15458.0,6.521
15275,15459.0,5.5
15276,15460.0,4.747
15277,15461.0,4.853
15278,15462.0,7.234
15279,15464.0,5.152
15280,15465.0,4.991
15281,15466.0,4.951
15282,15467.0,5.846
15283,15468.0,4.934
15284,15469.0,5.394
15285,15470.0,5.411
15286,15471.0,4.658
15287,15472.0,4.717
15288,15473.0,4.782
15289,15474.0,5.265
15290,15475.0,5.024
15291,15476.0,4.934
15292,15477.0,5.217
15293,15478.0,4.991
15294,15479.0,4.853
15295,15480.0,5.048
15296,15481.0,4.943
15297,15482.0,5.258
15298,15483.0,5.096
15299,15484.0,7.085
15300,15485.0,7.314
15301,15486.0,5.307
15302,15487.0,5.024
15303,15488.0,5.371
15304,15489.0,7.154
15305,15490.0,7.073
15306,15491.0,5.145
15307,15492.0,6.521
15308,15493.0,7.234
15309,15494.0,5.662
15310,15495.0,4.901
15311,15496.0,7.004
15312,15497.0,7.274
15313,15498.0,5.541
15314,15499.0,4.787
15315,15500.0,4.911
15316,15501.0,4.739
15317,15502.0,4.951
15318,15503.0,4.78
15319,15504.0,7.085
15320,15505.0,5.104
15321,15506.0,4.853
15322,15507.0,7.165
15323,15508.0,5.031
15324,15509.0,5.806
15325,15510.0,5.976
15326,15511.0,4.869
15327,15512.0,6.682
15328,15513.0,5.339
15329,15514.0,4.747
15330,15515.0,7.165
15331,15516.0,5.266
15332,15517.0,4.747
15333,15518.0,5.886
15334,15519.0,5.948
15335,15520.0,5.032
15336,15521.0,4.886
15337,15522.0,5.917
15338,15523.0,5.29
15339,15524.0,4.82
15340,15525.0,6.631
15341,15526.0,5.023
15342,15527.0,4.422
15343,15528.0,4.709
15344,15529.0,4.863
15345,15530.0,5.385
15346,15531.0,5.064
15347,15532.0,5.096
15348,15533.0,5.136
15349,15534.0,4.951
15350,15535.0,4.886
15351,15536.0,5.007
15352,15537.0,5.072
15353,15538.0,5.096
15354,15539.0,5.339
15355,15540.0,7.165
15356,15541.0,7.274
15357,15542.0,5.258
15358,15543.0,5.354
15359,15544.0,5.886
15360,15545.0,7.154
15361,15546.0,6.451
15362,15547.0,5.023
15363,15549.0,6.722
15364,15550.0,7.234
15365,15551.0,5.42
15366,15552.0,4.942
15367,15553.0,7.044
15368,15554.0,7.274
15369,15555.0,5.339
15370,15556.0,4.787
15371,15557.0,4.911
15372,15558.0,4.739
15373,15559.0,4.991
15374,15560.0,4.78
15375,15561.0,7.234
15376,15562.0,5.145
15377,15563.0,4.967
15378,15564.0,6.572
15379,15565.0,4.95
15380,15566.0,6.249
15381,15567.0,5.703
15382,15568.0,4.787
15383,15569.0,6.924
15384,15570.0,5.185
15385,15571.0,4.861
15386,15572.0,7.274
15387,15573.0,5.104
15388,15574.0,4.706
15389,15575.0,6.33
15390,15576.0,5.644
15391,15577.0,5.032
15392,15578.0,4.813
15393,15579.0,6.35
15394,15580.0,5.128
15395,15581.0,4.853
15396,15582.0,6.872
15397,15583.0,5.096
15398,15584.0,4.341
15399,15585.0,4.83
15400,15586.0,4.823
15401,15587.0,5.265
15402,15588.0,5.064
15403,15589.0,4.934
15404,15590.0,5.023
15405,15591.0,4.983
15406,15592.0,5.42
15407,15593.0,4.991
15408,15594.0,4.886
15409,15595.0,4.975
15410,15596.0,6.249
15411,15597.0,7.234
15412,15598.0,6.763
15413,15599.0,5.16
15414,15600.0,5.088
15415,15601.0,6.561
15416,15602.0,7.234
15417,15603.0,5.694
15418,15604.0,4.901
15419,15605.0,7.004
15420,15606.0,7.274
15421,15607.0,5.541
15422,15608.0,5.806
15423,15609.0,7.194
15424,15610.0,6.612
15425,15611.0,5.064
15426,15612.0,4.901
15427,15613.0,4.943
15428,15614.0,4.894
15429,15615.0,5.112
15430,15616.0,4.999
15431,15617.0,6.531
15432,15618.0,4.95
15433,15619.0,6.279
15434,15620.0,5.622
15435,15621.0,4.787
15436,15622.0,6.964
15437,15623.0,5.185
15438,15624.0,4.861
15439,15625.0,7.274
15440,15626.0,5.104
15441,15627.0,5.322
15442,15628.0,6.299
15443,15629.0,4.869
15444,15630.0,4.666
15445,15631.0,7.004
15446,15633.0,5.193
15447,15634.0,5.024
15448,15635.0,4.878
15449,15636.0,6.913
15450,15637.0,5.015
15451,15638.0,4.878
15452,15639.0,6.048
15453,15640.0,4.894
15454,15641.0,4.651
15455,15642.0,4.782
15456,15643.0,4.823
15457,15644.0,5.064
15458,15645.0,4.926
15459,15646.0,5.136
15460,15647.0,4.999
15461,15648.0,4.959
15462,15649.0,5.056
15463,15650.0,4.943
15464,15651.0,5.169
15465,15652.0,4.82
15466,15653.0,6.843
15467,15654.0,7.274
15468,15655.0,5.653
15469,15656.0,5.032
15470,15657.0,4.894
15471,15658.0,6.964
15472,15659.0,7.274
15473,15660.0,5.347
15474,15661.0,5.694
15475,15662.0,7.165
15476,15663.0,6.803
15477,15664.0,5.064
15478,15665.0,6.682
15479,15666.0,7.234
15480,15667.0,5.572
15481,15668.0,4.869
15482,15669.0,4.919
15483,15670.0,4.846
15484,15671.0,4.959
15485,15672.0,4.853
15486,15673.0,6.44
15487,15674.0,5.541
15488,15675.0,4.787
15489,15676.0,7.004
15490,15677.0,5.104
15491,15678.0,4.853
15492,15679.0,7.274
15493,15680.0,5.072
15494,15681.0,5.564
15495,15682.0,6.138
15496,15683.0,4.869
15497,15684.0,6.561
15498,15685.0,5.428
15499,15686.0,4.747
15500,15687.0,4.813
15501,15688.0,7.194
15502,15689.0,5.12
15503,15690.0,4.991
15504,15691.0,4.911
15505,15692.0,5.815
15506,15693.0,4.853
15507,15694.0,5.515
15508,15695.0,5.371
15509,15696.0,4.618
15510,15697.0,4.717
15511,15698.0,4.823
15512,15699.0,5.064
15513,15700.0,5.024
15514,15701.0,4.813
15515,15702.0,5.298
15516,15703.0,4.991
15517,15704.0,4.886
15518,15705.0,5.048
15519,15706.0,4.983
15520,15707.0,5.258
15521,15708.0,5.056
15522,15709.0,7.085
15523,15710.0,7.314
15524,15711.0,5.266
15525,15712.0,5.024
15526,15713.0,5.371
15527,15714.0,7.154
15528,15716.0,7.073
15529,15717.0,5.145
15530,15718.0,6.521
15531,15719.0,7.234
15532,15720.0,5.662
15533,15721.0,4.901
15534,15722.0,7.004
15535,15723.0,7.314
15536,15724.0,5.541
15537,15725.0,4.82
15538,15726.0,4.911
15539,15727.0,4.772
15540,15728.0,4.951
15541,15729.0,4.78
15542,15730.0,7.113
15543,15731.0,5.145
15544,15732.0,4.846
15545,15733.0,7.085
15546,15734.0,4.99
15547,15735.0,5.927
15548,15736.0,5.905
15549,15737.0,4.861
15550,15738.0,6.722
15551,15739.0,5.339
15552,15740.0,4.787
15553,15741.0,7.165
15554,15742.0,5.185
15555,15743.0,4.673
15556,15744.0,6.048
15557,15745.0,5.837
15558,15746.0,5.024
15559,15747.0,4.853
15560,15748.0,6.078
15561,15749.0,5.217
15562,15750.0,4.82
15563,15751.0,6.712
15564,15752.0,5.023
15565,15753.0,4.26
15566,15754.0,4.138
15567,15755.0,4.75
15568,15756.0,4.823
15569,15757.0,5.305
15570,15758.0,4.983
15571,15759.0,4.975
15572,15760.0,4.982
15573,15761.0,4.983
15574,15762.0,5.532
15575,15763.0,4.991
15576,15764.0,4.919
15577,15765.0,4.975
15578,15766.0,6.088
15579,15767.0,7.194
15580,15768.0,7.085
15581,15769.0,5.16
15582,15770.0,5.128
15583,15771.0,6.4
15584,15772.0,7.234
15585,15773.0,5.774
15586,15774.0,4.942
15587,15775.0,6.924
15588,15776.0,7.274
15589,15777.0,5.266
15590,15778.0,5.604
15591,15779.0,7.154
15592,15780.0,6.843
15593,15781.0,5.104
15594,15782.0,4.78
15595,15783.0,4.903
15596,15784.0,4.853
15597,15785.0,5.193
15598,15786.0,4.886
15599,15787.0,6.883
15600,15788.0,4.99
15601,15789.0,6.007
15602,15790.0,5.855
15603,15791.0,4.828
15604,15792.0,6.803
15605,15793.0,5.266
15606,15794.0,4.82
15607,15795.0,7.194
15608,15796.0,5.226
15609,15798.0,4.886
15610,15799.0,6.652
15611,15800.0,4.95
15612,15801.0,4.706
15613,15802.0,6.843
15614,15803.0,5.33
15615,15804.0,5.024
15616,15805.0,4.886
15617,15806.0,6.832
15618,15807.0,5.096
15619,15808.0,4.886
15620,15809.0,6.32
15621,15810.0,4.982
15622,15811.0,4.341
15623,15812.0,4.79
15624,15813.0,4.782
15625,15814.0,5.224
15626,15815.0,5.032
15627,15816.0,4.901
15628,15817.0,5.056
15629,15818.0,4.943
15630,15819.0,5.298
15631,15820.0,4.991
15632,15821.0,4.846
15633,15822.0,4.901
15634,15823.0,6.41
15635,15824.0,7.234
15636,15825.0,6.491
15637,15826.0,5.12
15638,15827.0,5.007
15639,15828.0,6.642
15640,15829.0,7.234
15641,15830.0,5.541
15642,15831.0,4.942
15643,15832.0,7.044
15644,15833.0,7.274
15645,15834.0,5.379
15646,15835.0,6.048
15647,15836.0,7.194
15648,15837.0,6.259
15649,15838.0,4.982
15650,15839.0,4.894
15651,15840.0,4.943
15652,15841.0,4.886
15653,15842.0,5.04
15654,15843.0,5.443
15655,15844.0,6.259
15656,15845.0,4.909
15657,15846.0,6.481
15658,15847.0,5.509
15659,15848.0,4.787
15660,15849.0,7.044
15661,15850.0,5.104
15662,15851.0,4.853
15663,15852.0,7.274
15664,15853.0,5.031
15665,15854.0,5.725
15666,15855.0,6.057
15667,15856.0,4.869
15668,15857.0,4.673
15669,15858.0,7.125
15670,15859.0,5.16
15671,15860.0,5.024
15672,15861.0,4.878
15673,15862.0,6.642
15674,15863.0,4.982
15675,15864.0,4.959
15676,15865.0,5.846
15677,15866.0,4.894
15678,15867.0,4.219
15679,15868.0,4.79
15680,15869.0,4.823
15681,15870.0,5.425
15682,15871.0,4.983
15683,15872.0,5.056
15684,15873.0,5.023
15685,15874.0,4.983
15686,15875.0,5.371
15687,15876.0,4.999
15688,15877.0,4.959
15689,15878.0,5.023
15690,15879.0,5.815
15691,15881.0,7.205
15692,15882.0,7.314
15693,15883.0,5.169
15694,15884.0,5.201
15695,15885.0,6.209
15696,15886.0,7.194
15697,15887.0,6.057
15698,15888.0,4.982
15699,15889.0,6.843
15700,15890.0,7.274
15701,15891.0,5.266
15702,15892.0,5.169
15703,15893.0,7.125
15704,15894.0,7.274
15705,15895.0,5.185
15706,15896.0,4.78
15707,15897.0,4.903
15708,15898.0,4.739
15709,15899.0,4.943
15710,15900.0,4.846
15711,15901.0,7.274
15712,15902.0,5.064
15713,15903.0,5.685
15714,15904.0,6.097
15715,15905.0,4.869
15716,15906.0,6.601
15717,15907.0,5.428
15718,15908.0,4.787
15719,15909.0,7.085
15720,15910.0,5.145
15721,15911.0,4.853
15722,15912.0,7.044
15723,15913.0,4.99
15724,15914.0,4.706
15725,15915.0,6.642
15726,15916.0,5.434
15727,15917.0,5.024
15728,15918.0,4.805
15729,15919.0,6.671
15730,15920.0,5.048
15731,15921.0,4.846
15732,15922.0,6.601
15733,15923.0,5.015
15734,15924.0,4.537
15735,15925.0,4.782
15736,15926.0,4.823
15737,15927.0,5.144
15738,15928.0,4.991
15739,15929.0,4.861
15740,15930.0,5.048
15741,15931.0,5.032
15742,15932.0,5.177
15743,15933.0,4.951
15744,15934.0,4.886
15745,15935.0,4.861
15746,15936.0,6.682
15747,15937.0,7.234
15748,15938.0,6.017
15749,15939.0,5.072
15750,15940.0,4.934
15751,15941.0,6.843
15752,15942.0,7.234
15753,15943.0,5.307
15754,15944.0,5.056
15755,15945.0,7.125
15756,15946.0,7.274
15757,15947.0,5.226
15758,15948.0,6.37
15759,15949.0,7.234
15760,15950.0,5.815
15761,15951.0,4.942
15762,15952.0,4.886
15763,15953.0,4.911
15764,15954.0,4.919
15765,15955.0,4.926
15766,15956.0,6.007
15767,15957.0,5.896
15768,15958.0,4.828
15769,15959.0,6.803
15770,15960.0,5.266
15771,15961.0,4.828
15772,15962.0,7.234
15773,15964.0,5.185
15774,15965.0,4.926
15775,15966.0,6.572
15776,15967.0,4.909
15777,15968.0,6.199
15778,15969.0,5.662
15779,15970.0,4.787
15780,15971.0,4.78
15781,15972.0,7.234
15782,15973.0,5.12
15783,15974.0,5.072
15784,15975.0,4.878
15785,15976.0,6.168
15786,15977.0,4.942
15787,15978.0,4.911
15788,15979.0,5.572
15789,15980.0,4.739
15790,15981.0,4.145
15791,15982.0,4.717
15792,15983.0,4.782
15793,15984.0,5.466
15794,15985.0,4.983
15795,15986.0,5.128
15796,15987.0,5.136
15797,15988.0,4.991
15798,15989.0,4.813
15799,15990.0,5.048
15800,15991.0,5.032
15801,15992.0,5.177
15802,15993.0,5.096
15803,15994.0,7.165
15804,15995.0,7.314
15805,15996.0,5.29
15806,15997.0,5.305
15807,15998.0,5.725
15808,15999.0,7.165
15809,16000.0,6.722
15810,16001.0,5.064
15811,16002.0,6.682
15812,16003.0,7.234
15813,16004.0,5.541
15814,16005.0,4.942
15815,16006.0,7.044
15816,16007.0,7.274
15817,16008.0,5.388
15818,16009.0,4.787
15819,16010.0,4.911
15820,16011.0,4.739
15821,16012.0,4.951
15822,16013.0,4.78
15823,16014.0,7.194
15824,16015.0,5.226
15825,16016.0,4.846
15826,16017.0,6.733
15827,16018.0,4.95
15828,16019.0,6.118
15829,16020.0,5.743
15830,16021.0,4.828
15831,16022.0,6.843
15832,16023.0,5.226
15833,16024.0,4.82
15834,16025.0,7.246
15835,16026.0,5.145
15836,16027.0,4.706
15837,16028.0,6.209
15838,16029.0,5.837
15839,16030.0,5.032
15840,16031.0,4.853
15841,16032.0,6.189
15842,16033.0,5.177
15843,16034.0,4.919
15844,16035.0,6.832
15845,16036.0,5.136
15846,16037.0,4.341
15847,16038.0,4.757
15848,16039.0,4.823
15849,16040.0,5.425
15850,16041.0,5.024
15851,16042.0,5.096
15852,16043.0,5.177
15853,16044.0,4.991
15854,16045.0,4.846
15855,16046.0,5.048
15856,16047.0,5.072
15857,16048.0,5.136
15858,16050.0,5.209
15859,16051.0,7.125
15860,16052.0,7.314
15861,16053.0,5.258
15862,16054.0,5.466
15863,16055.0,5.765
15864,16056.0,7.194
15865,16057.0,6.612
15866,16058.0,5.104
15867,16059.0,6.682
15868,16060.0,7.274
15869,16061.0,5.46
15870,16062.0,4.975
15871,16063.0,7.044
15872,16064.0,7.314
15873,16065.0,5.42
15874,16066.0,4.82
15875,16067.0,4.911
15876,16068.0,4.772
15877,16069.0,4.943
15878,16070.0,4.78
15879,16071.0,7.194
15880,16072.0,5.226
15881,16073.0,4.886
15882,16074.0,6.693
15883,16075.0,4.95
15884,16076.0,6.128
15885,16077.0,5.743
15886,16078.0,4.828
15887,16079.0,6.843
15888,16080.0,5.226
15889,16081.0,4.82
15890,16082.0,7.234
15891,16083.0,5.185
15892,16084.0,4.673
15893,16085.0,6.239
15894,16086.0,5.685
15895,16087.0,5.024
15896,16088.0,4.846
15897,16089.0,6.31
15898,16090.0,5.136
15899,16091.0,4.894
15900,16092.0,6.832
15901,16093.0,5.096
15902,16094.0,4.341
15903,16095.0,4.757
15904,16096.0,4.823
15905,16097.0,5.394
15906,16098.0,4.983
15907,16099.0,5.096
15908,16100.0,5.145
15909,16101.0,4.983
15910,16102.0,4.853
15911,16103.0,5.04
15912,16104.0,5.064
15913,16105.0,5.217
15914,16106.0,5.056
15915,16107.0,7.085
15916,16108.0,7.274
15917,16109.0,5.298
15918,16110.0,5.024
15919,16111.0,5.362
15920,16112.0,7.125
15921,16113.0,7.274
15922,16114.0,5.185
15923,16115.0,6.37
15924,16116.0,7.194
15925,16117.0,5.927
15926,16118.0,4.942
15927,16119.0,6.924
15928,16120.0,7.234
15929,16121.0,5.298
15930,16122.0,4.828
15931,16123.0,4.991
15932,16124.0,4.805
15933,16125.0,4.951
15934,16126.0,4.82
15935,16127.0,6.722
15936,16128.0,5.347
15937,16129.0,4.747
15938,16130.0,7.125
15939,16131.0,5.185
15940,16133.0,4.886
15941,16134.0,7.125
15942,16135.0,5.023
15943,16136.0,5.725
15944,16137.0,6.057
15945,16138.0,4.869
15946,16139.0,6.561
15947,16140.0,5.469
15948,16141.0,4.787
15949,16142.0,4.813
15950,16143.0,7.234
15951,16144.0,5.112
15952,16145.0,5.024
15953,16146.0,4.911
15954,16147.0,6.007
15955,16148.0,4.901
15956,16149.0,5.152
15957,16150.0,5.492
15958,16151.0,4.658
15959,16152.0,4.415
15960,16153.0,4.79
15961,16154.0,4.823
15962,16155.0,5.144
15963,16156.0,4.959
15964,16157.0,4.894
15965,16158.0,5.048
15966,16159.0,5.064
15967,16160.0,5.177
15968,16161.0,4.991
15969,16162.0,4.853
15970,16163.0,4.901
15971,16164.0,6.642
15972,16165.0,7.274
15973,16166.0,6.017
15974,16167.0,5.072
15975,16168.0,4.934
15976,16169.0,6.843
15977,16170.0,7.234
15978,16171.0,5.298
15979,16172.0,5.015
15980,16173.0,7.125
15981,16174.0,7.274
15982,16175.0,5.266
15983,16176.0,6.33
15984,16177.0,7.234
15985,16178.0,5.896
15986,16179.0,4.975
15987,16180.0,4.926
15988,16181.0,4.951
15989,16182.0,4.919
15990,16183.0,4.967
15991,16184.0,5.927
15992,16185.0,5.936
15993,16186.0,4.828
15994,16187.0,6.763
15995,16188.0,5.307
15996,16189.0,4.82
15997,16190.0,7.194
15998,16191.0,5.226
15999,16192.0,4.846
16000,16193.0,6.693
16001,16194.0,4.95
16002,16195.0,6.168
16003,16196.0,5.662
16004,16197.0,4.787
16005,16198.0,4.78
16006,16199.0,7.234
16007,16200.0,5.12
16008,16201.0,5.032
16009,16202.0,4.878
16010,16203.0,6.128
16011,16204.0,4.901
16012,16205.0,4.911
16013,16206.0,5.541
16014,16207.0,4.739
16015,16208.0,4.57
16016,16209.0,4.782
16017,16210.0,4.823
16018,16211.0,5.064
16019,16212.0,4.886
16020,16213.0,5.136
16021,16214.0,4.999
16022,16215.0,4.959
16023,16217.0,5.056
16024,16218.0,4.943
16025,16219.0,5.249
16026,16220.0,4.82
16027,16221.0,6.843
16028,16222.0,7.274
16029,16223.0,5.622
16030,16224.0,5.032
16031,16225.0,4.894
16032,16226.0,6.964
16033,16227.0,7.274
16034,16228.0,5.46
16035,16229.0,5.765
16036,16230.0,7.154
16037,16231.0,6.652
16038,16232.0,5.064
16039,16233.0,6.682
16040,16234.0,7.234
16041,16235.0,5.5
16042,16236.0,4.869
16043,16237.0,4.919
16044,16238.0,4.805
16045,16239.0,4.959
16046,16240.0,4.853
16047,16241.0,6.561
16048,16242.0,5.46
16049,16243.0,4.787
16050,16244.0,7.085
16051,16245.0,5.145
16052,16246.0,4.853
16053,16247.0,7.246
16054,16248.0,5.031
16055,16249.0,5.765
16056,16250.0,6.017
16057,16251.0,4.861
16058,16252.0,6.682
16059,16253.0,5.379
16060,16254.0,4.747
16061,16255.0,4.894
16062,16256.0,6.924
16063,16257.0,5.112
16064,16258.0,4.943
16065,16259.0,4.951
16066,16260.0,5.685
16067,16261.0,4.894
16068,16262.0,5.756
16069,16263.0,5.33
16070,16264.0,4.537
16071,16265.0,4.644
16072,16266.0,4.782
16073,16267.0,4.782
16074,16268.0,5.064
16075,16269.0,4.853
16076,16270.0,5.46
16077,16271.0,4.991
16078,16272.0,4.886
16079,16273.0,4.942
16080,16274.0,4.943
16081,16275.0,5.42
16082,16276.0,4.82
16083,16277.0,7.004
16084,16278.0,7.314
16085,16279.0,5.347
16086,16280.0,5.024
16087,16281.0,4.934
16088,16282.0,7.044
16089,16283.0,7.234
16090,16284.0,5.347
16091,16285.0,6.168
16092,16286.0,7.194
16093,16287.0,6.097
16094,16288.0,4.982
16095,16289.0,6.843
16096,16290.0,7.274
16097,16291.0,5.266
16098,16292.0,4.828
16099,16293.0,4.911
16100,16294.0,4.813
16101,16295.0,4.951
16102,16296.0,4.82
16103,16297.0,6.803
16104,16299.0,5.266
16105,16300.0,4.82
16106,16301.0,7.234
16107,16302.0,5.185
16108,16303.0,5.007
16109,16304.0,6.531
16110,16305.0,4.942
16111,16306.0,6.279
16112,16307.0,5.662
16113,16308.0,4.787
16114,16309.0,6.964
16115,16310.0,5.185
16116,16311.0,4.747
16117,16312.0,5.169
16118,16313.0,6.41
16119,16314.0,5.032
16120,16315.0,4.926
16121,16316.0,5.233
16122,16317.0,5.492
16123,16318.0,4.82
16124,16319.0,6.239
16125,16320.0,5.136
16126,16321.0,4.463
16127,16322.0,4.677
16128,16323.0,4.823
16129,16324.0,4.863
16130,16325.0,5.064
16131,16326.0,4.813
16132,16327.0,5.371
16133,16328.0,4.991
16134,16329.0,4.886
16135,16330.0,5.056
16136,16331.0,4.983
16137,16332.0,5.298
16138,16333.0,4.82
16139,16334.0,7.044
16140,16335.0,7.274
16141,16336.0,5.226
16142,16337.0,5.024
16143,16338.0,5.048
16144,16339.0,7.085
16145,16340.0,7.274
16146,16341.0,5.226
16147,16342.0,6.41
16148,16343.0,7.234
16149,16344.0,5.855
16150,16345.0,4.909
16151,16346.0,6.924
16152,16347.0,7.274
16153,16348.0,5.185
16154,16349.0,4.828
16155,16350.0,4.911
16156,16351.0,4.772
16157,16352.0,4.951
16158,16353.0,4.78
16159,16354.0,7.004
16160,16355.0,5.145
16161,16356.0,4.853
16162,16357.0,7.314
16163,16358.0,5.104
16164,16359.0,5.483
16165,16360.0,6.219
16166,16361.0,4.869
16167,16362.0,6.521
16168,16363.0,5.469
16169,16364.0,4.828
16170,16365.0,7.085
16171,16366.0,5.104
16172,16367.0,4.706
16173,16368.0,5.604
16174,16369.0,6.109
16175,16370.0,5.072
16176,16371.0,4.886
16177,16372.0,5.676
16178,16373.0,5.339
16179,16374.0,4.853
16180,16375.0,6.481
16181,16376.0,5.096
16182,16377.0,4.382
16183,16378.0,4.717
16184,16379.0,4.782
16185,16380.0,5.265
16186,16381.0,5.024
16187,16382.0,4.934
16188,16384.0,5.258
16189,16385.0,4.991
16190,16386.0,4.853
16191,16387.0,5.128
16192,16388.0,4.983
16193,16389.0,5.249
16194,16390.0,5.064
16195,16391.0,7.085
16196,16392.0,7.314
16197,16393.0,5.298
16198,16394.0,5.024
16199,16395.0,5.371
16200,16396.0,7.125
16201,16397.0,7.154
16202,16398.0,5.145
16203,16399.0,6.531
16204,16400.0,7.194
16205,16401.0,5.703
16206,16402.0,4.909
16207,16403.0,6.964
16208,16404.0,7.274
16209,16405.0,5.5
16210,16406.0,4.787
16211,16407.0,4.911
16212,16408.0,4.739
16213,16409.0,4.951
16214,16410.0,4.747
16215,16411.0,7.085
16216,16412.0,5.072
16217,16413.0,4.853
16218,16414.0,7.234
16219,16415.0,5.031
16220,16416.0,5.725
16221,16417.0,6.017
16222,16418.0,4.828
16223,16419.0,6.642
16224,16420.0,5.388
16225,16421.0,4.747
16226,16422.0,7.125
16227,16423.0,5.266
16228,16424.0,4.706
16229,16425.0,5.846
16230,16426.0,5.967
16231,16427.0,5.024
16232,16428.0,4.846
16233,16429.0,5.917
16234,16430.0,5.249
16235,16431.0,4.78
16236,16432.0,6.642
16237,16433.0,5.015
16238,16434.0,4.382
16239,16435.0,4.677
16240,16436.0,4.823
16241,16437.0,4.983
16242,16438.0,5.064
16243,16439.0,4.853
16244,16440.0,5.298
16245,16441.0,4.951
16246,16442.0,4.886
16247,16443.0,5.056
16248,16444.0,4.983
16249,16445.0,5.258
16250,16446.0,4.942
16251,16447.0,7.044
16252,16448.0,7.314
16253,16449.0,5.185
16254,16450.0,5.064
16255,16451.0,5.249
16256,16452.0,7.165
16257,16453.0,7.154
16258,16454.0,5.217
16259,16455.0,6.44
16260,16456.0,7.234
16261,16457.0,5.743
16262,16458.0,4.942
16263,16459.0,6.964
16264,16460.0,7.314
16265,16461.0,5.428
16266,16462.0,4.787
16267,16463.0,4.911
16268,16464.0,4.772
16269,16465.0,4.951
16270,16466.0,4.739
16271,16468.0,7.044
16272,16469.0,5.104
16273,16470.0,4.853
16274,16471.0,7.274
16275,16472.0,5.031
16276,16473.0,5.685
16277,16474.0,6.057
16278,16475.0,4.869
16279,16476.0,6.642
16280,16477.0,5.388
16281,16478.0,4.747
16282,16479.0,7.125
16283,16480.0,5.266
16284,16481.0,4.706
16285,16482.0,5.806
16286,16483.0,5.988
16287,16484.0,5.064
16288,16485.0,4.878
16289,16486.0,5.868
16290,16487.0,5.298
16291,16488.0,4.82
16292,16489.0,6.601
16293,16490.0,5.056
16294,16491.0,4.382
16295,16492.0,4.75
16296,16493.0,4.782
16297,16494.0,5.425
16298,16495.0,4.983
16299,16496.0,5.128
16300,16497.0,5.145
16301,16498.0,4.991
16302,16499.0,4.853
16303,16500.0,5.04
16304,16501.0,5.032
16305,16502.0,5.136
16306,16503.0,5.217
16307,16504.0,7.165
16308,16505.0,7.314
16309,16506.0,5.29
16310,16507.0,5.385
16311,16508.0,5.806
16312,16509.0,7.154
16313,16510.0,6.572
16314,16511.0,5.064
16315,16512.0,6.722
16316,16513.0,7.234
16317,16514.0,5.5
16318,16515.0,4.982
16319,16516.0,7.085
16320,16517.0,7.274
16321,16518.0,5.388
16322,16519.0,4.787
16323,16520.0,4.951
16324,16521.0,4.739
16325,16522.0,4.991
16326,16523.0,4.78
16327,16524.0,7.274
16328,16525.0,5.185
16329,16526.0,4.926
16330,16527.0,6.612
16331,16528.0,4.95
16332,16529.0,6.199
16333,16530.0,5.703
16334,16531.0,4.828
16335,16532.0,6.883
16336,16533.0,5.185
16337,16534.0,4.82
16338,16535.0,7.274
16339,16536.0,5.112
16340,16537.0,4.666
16341,16538.0,6.289
16342,16539.0,5.667
16343,16540.0,5.024
16344,16541.0,4.83
16345,16542.0,6.31
16346,16543.0,5.136
16347,16544.0,4.853
16348,16545.0,6.872
16349,16546.0,5.096
16350,16547.0,4.301
16351,16548.0,4.75
16352,16550.0,4.823
16353,16551.0,5.345
16354,16552.0,4.983
16355,16553.0,4.975
16356,16554.0,5.023
16357,16555.0,4.943
16358,16556.0,5.613
16359,16557.0,4.999
16360,16558.0,4.959
16361,16559.0,5.015
16362,16560.0,5.927
16363,16561.0,7.194
16364,16562.0,7.314
16365,16563.0,5.16
16366,16564.0,5.201
16367,16565.0,6.289
16368,16566.0,7.234
16369,16567.0,5.936
16370,16568.0,4.942
16371,16569.0,6.883
16372,16570.0,7.274
16373,16571.0,5.185
16374,16572.0,5.451
16375,16573.0,7.125
16376,16574.0,7.073
16377,16575.0,5.145
16378,16576.0,4.787
16379,16577.0,4.903
16380,16578.0,4.861
16381,16579.0,5.024
16382,16580.0,4.886
16383,16581.0,7.085
16384,16582.0,5.023
16385,16583.0,5.846
16386,16584.0,5.936
16387,16585.0,4.828
16388,16586.0,6.763
16389,16587.0,5.307
16390,16588.0,4.82
16391,16589.0,7.205
16392,16590.0,5.266
16393,16591.0,4.886
16394,16592.0,6.763
16395,16593.0,4.95
16396,16594.0,4.747
16397,16595.0,6.803
16398,16596.0,5.354
16399,16597.0,5.024
16400,16598.0,4.853
16401,16599.0,6.792
16402,16600.0,5.096
16403,16601.0,4.886
16404,16602.0,6.4
16405,16603.0,4.975
16406,16604.0,4.219
16407,16605.0,4.717
16408,16606.0,4.782
16409,16607.0,5.466
16410,16608.0,5.024
16411,16609.0,5.169
16412,16610.0,5.185
16413,16611.0,4.991
16414,16612.0,4.853
16415,16613.0,5.048
16416,16614.0,5.104
16417,16615.0,5.177
16418,16616.0,5.056
16419,16617.0,7.125
16420,16618.0,7.314
16421,16619.0,5.298
16422,16620.0,5.104
16423,16621.0,5.604
16424,16622.0,7.154
16425,16623.0,6.803
16426,16624.0,5.104
16427,16625.0,6.642
16428,16626.0,7.234
16429,16627.0,5.541
16430,16628.0,4.942
16431,16629.0,7.044
16432,16631.0,7.274
16433,16632.0,5.42
16434,16633.0,4.787
16435,16634.0,4.911
16436,16635.0,4.739
16437,16636.0,4.991
16438,16637.0,4.78
16439,16638.0,7.194
16440,16639.0,5.226
16441,16640.0,4.886
16442,16641.0,6.733
16443,16642.0,4.99
16444,16643.0,6.128
16445,16644.0,5.743
16446,16645.0,4.787
16447,16646.0,6.883
16448,16647.0,5.226
16449,16648.0,4.82
16450,16649.0,7.246
16451,16650.0,5.185
16452,16651.0,4.706
16453,16652.0,6.249
16454,16653.0,5.685
16455,16654.0,5.072
16456,16655.0,4.853
16457,16656.0,6.31
16458,16657.0,5.136
16459,16658.0,4.853
16460,16659.0,6.832
16461,16660.0,5.128
16462,16661.0,4.301
16463,16662.0,4.684
16464,16663.0,4.79
16465,16664.0,4.863
16466,16665.0,5.064
16467,16666.0,4.853
16468,16667.0,5.379
16469,16668.0,4.991
16470,16669.0,4.886
16471,16670.0,5.056
16472,16671.0,4.943
16473,16672.0,5.339
16474,16673.0,4.78
16475,16674.0,7.004
16476,16675.0,7.274
16477,16676.0,5.226
16478,16677.0,5.024
16479,16678.0,4.926
16480,16679.0,7.125
16481,16680.0,7.314
16482,16681.0,5.266
16483,16682.0,6.33
16484,16683.0,7.234
16485,16684.0,5.936
16486,16685.0,4.942
16487,16686.0,6.883
16488,16687.0,7.274
16489,16688.0,5.185
16490,16689.0,4.82
16491,16690.0,4.911
16492,16691.0,4.772
16493,16692.0,4.951
16494,16693.0,4.78
16495,16694.0,6.924
16496,16695.0,5.185
16497,16696.0,4.861
16498,16697.0,7.314
16499,16698.0,5.112
16500,16699.0,5.322
16501,16700.0,6.34
16502,16701.0,4.909
16503,16702.0,6.4
16504,16703.0,5.541
16505,16704.0,4.787
16506,16705.0,7.004
16507,16706.0,5.145
16508,16707.0,4.747
16509,16708.0,5.411
16510,16709.0,6.239
16511,16710.0,5.072
16512,16711.0,4.886
16513,16712.0,5.474
16514,16713.0,5.443
16515,16715.0,4.82
16516,16716.0,6.36
16517,16717.0,5.104
16518,16718.0,4.463
16519,16719.0,4.717
16520,16720.0,4.823
16521,16721.0,5.466
16522,16722.0,5.024
16523,16723.0,5.136
16524,16724.0,5.217
16525,16725.0,4.991
16526,16726.0,4.886
16527,16727.0,5.048
16528,16728.0,5.104
16529,16729.0,5.177
16530,16730.0,5.096
16531,16731.0,7.125
16532,16732.0,7.314
16533,16733.0,5.258
16534,16734.0,5.184
16535,16735.0,5.644
16536,16736.0,7.165
16537,16737.0,6.763
16538,16738.0,5.104
16539,16739.0,6.642
16540,16740.0,7.234
16541,16741.0,5.541
16542,16742.0,4.942
16543,16743.0,7.044
16544,16744.0,7.314
16545,16745.0,5.42
16546,16746.0,4.787
16547,16747.0,4.911
16548,16748.0,4.739
16549,16749.0,4.951
16550,16750.0,4.747
16551,16751.0,7.154
16552,16752.0,5.266
16553,16753.0,4.886
16554,16754.0,6.843
16555,16755.0,4.99
16556,16756.0,6.048
16557,16757.0,5.824
16558,16758.0,4.828
16559,16759.0,6.843
16560,16760.0,5.226
16561,16761.0,4.82
16562,16762.0,7.234
16563,16763.0,5.145
16564,16764.0,4.706
16565,16765.0,6.159
16566,16766.0,5.725
16567,16767.0,5.024
16568,16768.0,4.846
16569,16769.0,6.229
16570,16770.0,5.177
16571,16771.0,4.861
16572,16772.0,6.832
16573,16773.0,5.136
16574,16774.0,4.301
16575,16775.0,4.717
16576,16776.0,4.782
16577,16777.0,5.466
16578,16778.0,5.024
16579,16779.0,5.128
16580,16780.0,5.185
16581,16781.0,4.991
16582,16782.0,4.813
16583,16783.0,5.04
16584,16784.0,5.072
16585,16785.0,5.177
16586,16786.0,5.096
16587,16787.0,7.125
16588,16788.0,7.314
16589,16789.0,5.29
16590,16790.0,5.305
16591,16791.0,5.725
16592,16792.0,7.154
16593,16793.0,6.722
16594,16794.0,5.064
16595,16795.0,6.682
16596,16796.0,7.234
16597,16797.0,5.541
16598,16799.0,4.975
16599,16800.0,7.085
16600,16801.0,7.274
16601,16802.0,5.46
16602,16803.0,4.787
16603,16804.0,4.991
16604,16805.0,4.739
16605,16806.0,4.991
16606,16807.0,4.78
16607,16808.0,7.194
16608,16809.0,5.266
16609,16810.0,4.886
16610,16811.0,6.814
16611,16812.0,4.95
16612,16813.0,6.088
16613,16814.0,5.784
16614,16815.0,4.828
16615,16816.0,6.843
16616,16817.0,5.266
16617,16818.0,4.82
16618,16819.0,7.234
16619,16820.0,5.145
16620,16821.0,4.706
16621,16822.0,6.168
16622,16823.0,5.747
16623,16824.0,5.032
16624,16825.0,4.846
16625,16826.0,6.189
16626,16827.0,5.177
16627,16828.0,4.82
16628,16829.0,6.792
16629,16830.0,5.136
16630,16831.0,4.341
16631,16832.0,4.677
16632,16833.0,4.823
16633,16834.0,5.104
16634,16835.0,5.024
16635,16836.0,4.853
16636,16837.0,5.258
16637,16838.0,4.951
16638,16839.0,4.846
16639,16840.0,5.056
16640,16841.0,4.943
16641,16842.0,5.258
16642,16843.0,4.982
16643,16844.0,7.044
16644,16845.0,7.314
16645,16846.0,5.185
16646,16847.0,5.024
16647,16848.0,5.249
16648,16849.0,7.165
16649,16850.0,7.194
16650,16851.0,5.185
16651,16852.0,6.451
16652,16853.0,7.234
16653,16854.0,5.743
16654,16855.0,4.942
16655,16856.0,6.964
16656,16857.0,7.274
16657,16858.0,5.388
16658,16859.0,4.82
16659,16860.0,4.911
16660,16861.0,4.772
16661,16862.0,4.951
16662,16863.0,4.78
16663,16864.0,7.085
16664,16865.0,5.104
16665,16866.0,4.853
16666,16867.0,7.274
16667,16868.0,5.031
16668,16869.0,5.725
16669,16870.0,6.057
16670,16871.0,4.901
16671,16872.0,6.642
16672,16873.0,5.42
16673,16874.0,4.787
16674,16875.0,7.165
16675,16876.0,5.266
16676,16877.0,4.747
16677,16878.0,5.846
16678,16879.0,5.988
16679,16880.0,5.024
16680,16881.0,4.878
16681,16882.0,5.868
16682,16884.0,5.298
16683,16885.0,4.813
16684,16886.0,6.591
16685,16887.0,5.064
16686,16888.0,4.341
16687,16889.0,4.717
16688,16890.0,4.823
16689,16891.0,5.385
16690,16892.0,4.983
16691,16893.0,5.096
16692,16894.0,5.145
16693,16895.0,4.991
16694,16896.0,4.813
16695,16897.0,5.04
16696,16898.0,5.032
16697,16899.0,5.104
16698,16900.0,5.258
16699,16901.0,7.125
16700,16902.0,7.274
16701,16903.0,5.258
16702,16904.0,5.385
16703,16905.0,5.806
16704,16906.0,7.165
16705,16907.0,6.531
16706,16908.0,5.064
16707,16909.0,6.722
16708,16910.0,7.274
16709,16911.0,5.46
16710,16912.0,4.975
16711,16913.0,7.044
16712,16914.0,7.274
16713,16915.0,5.379
16714,16916.0,4.787
16715,16917.0,4.911
16716,16918.0,4.739
16717,16919.0,4.991
16718,16920.0,4.78
16719,16921.0,7.234
16720,16922.0,5.185
16721,16923.0,4.886
16722,16924.0,6.652
16723,16925.0,4.95
16724,16926.0,6.199
16725,16927.0,5.703
16726,16928.0,4.787
16727,16929.0,6.924
16728,16930.0,5.185
16729,16931.0,4.861
16730,16932.0,7.234
16731,16933.0,5.145
16732,16934.0,4.706
16733,16935.0,6.33
16734,16936.0,5.676
16735,16937.0,5.064
16736,16938.0,4.813
16737,16939.0,6.35
16738,16940.0,5.136
16739,16941.0,4.853
16740,16942.0,6.872
16741,16943.0,5.12
16742,16944.0,4.301
16743,16945.0,4.79
16744,16946.0,4.782
16745,16947.0,5.345
16746,16948.0,4.983
16747,16949.0,5.007
16748,16950.0,4.982
16749,16951.0,4.983
16750,16952.0,5.572
16751,16953.0,5.04
16752,16954.0,4.926
16753,16955.0,5.015
16754,16956.0,6.007
16755,16957.0,7.234
16756,16958.0,7.194
16757,16959.0,5.201
16758,16960.0,5.16
16759,16961.0,6.32
16760,16962.0,7.234
16761,16963.0,5.896
16762,16964.0,4.942
16763,16965.0,6.883
16764,16966.0,7.274
16765,16967.0,5.185
16766,16969.0,5.451
16767,16970.0,7.165
16768,16971.0,7.085
16769,16972.0,5.104
16770,16973.0,4.747
16771,16974.0,4.903
16772,16975.0,4.82
16773,16976.0,5.024
16774,16977.0,4.846
16775,16978.0,7.085
16776,16979.0,5.023
16777,16980.0,5.846
16778,16981.0,5.936
16779,16982.0,4.828
16780,16983.0,6.722
16781,16984.0,5.347
16782,16985.0,4.787
16783,16986.0,7.165
16784,16987.0,5.226
16785,16988.0,4.846
16786,16989.0,6.733
16787,16990.0,4.95
16788,16991.0,4.666
16789,16992.0,6.803
16790,16993.0,5.322
16791,16994.0,5.024
16792,16995.0,4.846
16793,16996.0,6.832
16794,16997.0,5.136
16795,16998.0,4.886
16796,16999.0,6.36
16797,17000.0,4.934
16798,17001.0,4.219
16799,17002.0,4.75
16800,17003.0,4.823
16801,17004.0,5.265
16802,17005.0,5.144
16803,17006.0,4.942
16804,17007.0,5.096
16805,17008.0,4.983
16806,17009.0,5.411
16807,17010.0,4.991
16808,17011.0,4.926
16809,17012.0,4.942
16810,17013.0,6.289
16811,17014.0,7.234
16812,17015.0,6.803
16813,17016.0,5.12
16814,17017.0,5.088
16815,17018.0,6.521
16816,17019.0,7.274
16817,17020.0,5.662
16818,17021.0,4.901
16819,17022.0,6.964
16820,17023.0,7.274
16821,17024.0,5.541
16822,17025.0,5.846
16823,17026.0,7.154
16824,17027.0,6.612
16825,17028.0,5.064
16826,17029.0,4.942
16827,17030.0,4.903
16828,17031.0,4.894
16829,17032.0,5.112
16830,17033.0,4.926
16831,17034.0,6.612
16832,17035.0,4.982
16833,17036.0,6.199
16834,17037.0,5.734
16835,17038.0,4.787
16836,17039.0,6.964
16837,17040.0,5.226
16838,17041.0,4.861
16839,17042.0,7.274
16840,17043.0,5.112
16841,17044.0,5.281
16842,17045.0,6.34
16843,17046.0,4.909
16844,17047.0,4.673
16845,17048.0,6.964
16846,17049.0,5.224
16847,17050.0,5.024
16848,17051.0,4.87
16849,17053.0,6.913
16850,17054.0,5.023
16851,17055.0,4.919
16852,17056.0,6.048
16853,17057.0,4.901
16854,17058.0,4.456
16855,17059.0,4.823
16856,17060.0,4.823
16857,17061.0,5.184
16858,17062.0,5.032
16859,17063.0,4.901
16860,17064.0,5.056
16861,17065.0,4.943
16862,17066.0,5.217
16863,17067.0,4.991
16864,17068.0,4.853
16865,17069.0,4.901
16866,17070.0,6.531
16867,17071.0,7.234
16868,17072.0,6.178
16869,17073.0,5.072
16870,17074.0,4.975
16871,17075.0,6.763
16872,17076.0,7.234
16873,17077.0,5.379
16874,17078.0,4.934
16875,17079.0,7.085
16876,17080.0,7.274
16877,17081.0,5.307
16878,17082.0,6.209
16879,17083.0,7.194
16880,17084.0,6.057
16881,17085.0,4.982
16882,17086.0,4.894
16883,17087.0,4.943
16884,17088.0,4.886
16885,17089.0,5.007
16886,17090.0,5.685
16887,17091.0,6.057
16888,17092.0,4.869
16889,17093.0,6.642
16890,17094.0,5.388
16891,17095.0,4.787
16892,17096.0,7.125
16893,17097.0,5.226
16894,17098.0,4.853
16895,17099.0,7.004
16896,17100.0,4.99
16897,17101.0,5.927
16898,17102.0,5.864
16899,17103.0,4.869
16900,17104.0,4.706
16901,17105.0,7.165
16902,17106.0,5.16
16903,17107.0,5.104
16904,17108.0,4.878
16905,17109.0,6.44
16906,17110.0,4.934
16907,17111.0,4.951
16908,17112.0,5.725
16909,17113.0,4.894
16910,17114.0,4.422
16911,17115.0,4.83
16912,17116.0,4.782
16913,17117.0,5.184
16914,17118.0,4.991
16915,17119.0,4.894
16916,17120.0,5.048
16917,17121.0,4.983
16918,17122.0,5.217
16919,17123.0,4.991
16920,17124.0,4.846
16921,17125.0,4.861
16922,17126.0,6.561
16923,17127.0,7.234
16924,17128.0,6.178
16925,17129.0,5.112
16926,17130.0,4.975
16927,17131.0,6.763
16928,17132.0,7.234
16929,17133.0,5.388
16930,17135.0,4.975
16931,17136.0,7.085
16932,17137.0,7.274
16933,17138.0,5.298
16934,17139.0,6.249
16935,17140.0,7.194
16936,17141.0,6.017
16937,17142.0,4.95
16938,17143.0,4.894
16939,17144.0,4.951
16940,17145.0,4.919
16941,17146.0,4.967
16942,17147.0,5.765
16943,17148.0,6.017
16944,17149.0,4.869
16945,17150.0,6.642
16946,17151.0,5.388
16947,17152.0,4.747
16948,17153.0,7.165
16949,17154.0,5.266
16950,17155.0,4.886
16951,17156.0,6.924
16952,17157.0,4.99
16953,17158.0,5.967
16954,17159.0,5.855
16955,17160.0,4.828
16956,17161.0,4.747
16957,17162.0,7.165
16958,17163.0,5.16
16959,17164.0,5.104
16960,17165.0,4.911
16961,17166.0,6.37
16962,17167.0,4.975
16963,17168.0,4.919
16964,17169.0,5.725
16965,17170.0,4.861
16966,17171.0,4.422
16967,17172.0,4.79
16968,17173.0,4.823
16969,17174.0,5.144
16970,17175.0,5.032
16971,17176.0,4.861
16972,17177.0,5.048
16973,17178.0,4.983
16974,17179.0,5.209
16975,17180.0,4.991
16976,17181.0,4.886
16977,17182.0,4.861
16978,17183.0,6.612
16979,17184.0,7.234
16980,17185.0,6.168
16981,17186.0,5.072
16982,17187.0,5.007
16983,17188.0,6.763
16984,17189.0,7.274
16985,17190.0,5.379
16986,17191.0,5.015
16987,17192.0,7.085
16988,17193.0,7.314
16989,17194.0,5.307
16990,17195.0,6.289
16991,17196.0,7.194
16992,17197.0,6.017
16993,17198.0,4.95
16994,17199.0,4.894
16995,17200.0,4.951
16996,17201.0,4.886
16997,17202.0,4.967
16998,17203.0,5.806
16999,17204.0,6.017
17000,17205.0,4.828
17001,17206.0,6.682
17002,17207.0,5.347
17003,17208.0,4.787
17004,17209.0,7.165
17005,17210.0,5.266
17006,17211.0,4.846
17007,17212.0,6.883
17008,17213.0,4.95
17009,17214.0,6.007
17010,17215.0,5.784
17011,17216.0,4.828
17012,17217.0,4.747
17013,17218.0,7.205
17014,17220.0,5.144
17015,17221.0,5.104
17016,17222.0,4.878
17017,17223.0,6.32
17018,17224.0,4.942
17019,17225.0,4.911
17020,17226.0,5.653
17021,17227.0,4.813
17022,17228.0,4.219
17023,17229.0,4.79
17024,17230.0,4.782
17025,17231.0,5.224
17026,17232.0,5.064
17027,17233.0,4.934
17028,17234.0,5.056
17029,17235.0,4.943
17030,17236.0,5.339
17031,17237.0,5.032
17032,17238.0,4.886
17033,17239.0,4.934
17034,17240.0,6.37
17035,17241.0,7.234
17036,17242.0,6.531
17037,17243.0,5.12
17038,17244.0,5.007
17039,17245.0,6.642
17040,17246.0,7.234
17041,17247.0,5.581
17042,17248.0,4.942
17043,17249.0,7.044
17044,17250.0,7.274
17045,17251.0,5.46
17046,17252.0,5.967
17047,17253.0,7.194
17048,17254.0,6.37
17049,17255.0,5.064
17050,17256.0,4.901
17051,17257.0,4.943
17052,17258.0,4.853
17053,17259.0,5.08
17054,17260.0,5.201
17055,17261.0,6.451
17056,17262.0,4.909
17057,17263.0,6.4
17058,17264.0,5.581
17059,17265.0,4.861
17060,17266.0,7.004
17061,17267.0,5.185
17062,17268.0,4.853
17063,17269.0,7.314
17064,17270.0,5.072
17065,17271.0,5.443
17066,17272.0,6.178
17067,17273.0,4.869
17068,17274.0,4.666
17069,17275.0,7.044
17070,17276.0,5.201
17071,17277.0,4.983
17072,17278.0,4.846
17073,17279.0,6.872
17074,17280.0,5.015
17075,17281.0,4.919
17076,17282.0,6.017
17077,17283.0,4.861
17078,17284.0,4.179
17079,17285.0,4.064
17080,17286.0,4.75
17081,17287.0,4.782
17082,17288.0,5.265
17083,17289.0,5.104
17084,17290.0,4.934
17085,17291.0,5.104
17086,17292.0,4.943
17087,17293.0,5.379
17088,17294.0,5.032
17089,17295.0,4.886
17090,17296.0,4.942
17091,17297.0,6.289
17092,17298.0,7.194
17093,17299.0,6.652
17094,17300.0,5.112
17095,17301.0,5.048
17096,17302.0,6.561
17097,17304.0,7.234
17098,17305.0,5.622
17099,17306.0,4.942
17100,17307.0,7.004
17101,17308.0,7.274
17102,17309.0,5.46
17103,17310.0,5.927
17104,17311.0,7.194
17105,17312.0,6.41
17106,17313.0,5.023
17107,17314.0,4.901
17108,17315.0,4.943
17109,17316.0,4.853
17110,17317.0,5.08
17111,17318.0,5.12
17112,17319.0,6.451
17113,17320.0,4.909
17114,17321.0,6.36
17115,17322.0,5.581
17116,17323.0,4.828
17117,17324.0,6.964
17118,17325.0,5.185
17119,17326.0,4.82
17120,17327.0,7.314
17121,17328.0,5.072
17122,17329.0,5.443
17123,17330.0,6.259
17124,17331.0,4.901
17125,17332.0,4.673
17126,17333.0,7.044
17127,17334.0,5.209
17128,17335.0,5.064
17129,17336.0,4.838
17130,17337.0,6.913
17131,17338.0,5.015
17132,17339.0,4.919
17133,17340.0,6.007
17134,17341.0,4.901
17135,17342.0,4.26
17136,17343.0,4.75
17137,17344.0,4.782
17138,17345.0,5.224
17139,17346.0,5.064
17140,17347.0,4.894
17141,17348.0,5.056
17142,17349.0,4.943
17143,17350.0,5.371
17144,17351.0,4.991
17145,17352.0,4.886
17146,17353.0,4.901
17147,17354.0,6.37
17148,17355.0,7.234
17149,17356.0,6.572
17150,17357.0,5.12
17151,17358.0,5.048
17152,17359.0,6.601
17153,17360.0,7.234
17154,17361.0,5.581
17155,17362.0,4.942
17156,17363.0,7.044
17157,17364.0,7.274
17158,17365.0,5.42
17159,17366.0,5.967
17160,17367.0,7.194
17161,17368.0,6.37
17162,17369.0,5.023
17163,17370.0,4.934
17164,17371.0,4.943
17165,17372.0,4.886
17166,17373.0,5.04
17167,17374.0,5.241
17168,17375.0,6.37
17169,17376.0,4.909
17170,17377.0,6.4
17171,17378.0,5.581
17172,17379.0,4.787
17173,17380.0,7.044
17174,17381.0,5.112
17175,17382.0,4.853
17176,17383.0,7.274
17177,17384.0,5.064
17178,17385.0,5.604
17179,17387.0,6.097
17180,17388.0,4.869
17181,17389.0,4.666
17182,17390.0,7.044
17183,17391.0,5.193
17184,17392.0,5.024
17185,17393.0,4.878
17186,17394.0,6.752
17187,17395.0,5.015
17188,17396.0,4.878
17189,17397.0,5.927
17190,17398.0,4.894
17191,17399.0,4.644
17192,17400.0,4.782
17193,17401.0,4.823
17194,17402.0,5.064
17195,17403.0,4.919
17196,17404.0,5.42
17197,17405.0,5.032
17198,17406.0,4.959
17199,17407.0,5.056
17200,17408.0,4.943
17201,17409.0,5.492
17202,17410.0,4.82
17203,17411.0,6.924
17204,17412.0,7.274
17205,17413.0,5.581
17206,17414.0,5.072
17207,17415.0,4.894
17208,17416.0,7.004
17209,17417.0,7.274
17210,17418.0,5.5
17211,17419.0,5.815
17212,17420.0,7.205
17213,17421.0,6.572
17214,17422.0,5.064
17215,17423.0,6.682
17216,17424.0,7.234
17217,17425.0,5.46
17218,17426.0,4.869
17219,17427.0,4.919
17220,17428.0,4.846
17221,17429.0,4.911
17222,17430.0,4.853
17223,17431.0,6.561
17224,17432.0,5.469
17225,17433.0,4.787
17226,17434.0,7.085
17227,17435.0,5.104
17228,17436.0,4.894
17229,17437.0,7.165
17230,17438.0,5.031
17231,17439.0,5.806
17232,17440.0,5.976
17233,17441.0,4.869
17234,17442.0,6.682
17235,17443.0,5.347
17236,17444.0,4.787
17237,17445.0,4.846
17238,17446.0,6.913
17239,17447.0,5.104
17240,17448.0,4.951
17241,17449.0,4.911
17242,17450.0,5.685
17243,17451.0,4.853
17244,17452.0,5.787
17245,17453.0,5.29
17246,17454.0,4.577
17247,17455.0,4.463
17248,17456.0,4.782
17249,17457.0,4.782
17250,17458.0,5.144
17251,17459.0,4.999
17252,17460.0,4.894
17253,17461.0,5.048
17254,17462.0,5.064
17255,17463.0,5.136
17256,17464.0,5.032
17257,17465.0,4.853
17258,17466.0,4.861
17259,17467.0,6.642
17260,17468.0,7.274
17261,17469.0,5.976
17262,17471.0,5.072
17263,17472.0,4.934
17264,17473.0,6.843
17265,17474.0,7.274
17266,17475.0,5.298
17267,17476.0,5.048
17268,17477.0,7.165
17269,17478.0,7.274
17270,17479.0,5.258
17271,17480.0,6.37
17272,17481.0,7.234
17273,17482.0,5.855
17274,17483.0,4.942
17275,17484.0,4.886
17276,17485.0,4.951
17277,17486.0,4.919
17278,17487.0,4.959
17279,17488.0,5.967
17280,17489.0,5.855
17281,17490.0,4.828
17282,17491.0,6.763
17283,17492.0,5.307
17284,17493.0,4.787
17285,17494.0,7.205
17286,17495.0,5.185
17287,17496.0,4.886
17288,17497.0,6.652
17289,17498.0,4.95
17290,17499.0,6.168
17291,17500.0,5.743
17292,17501.0,4.787
17293,17502.0,4.787
17294,17503.0,7.246
17295,17504.0,5.152
17296,17505.0,5.064
17297,17506.0,4.911
17298,17507.0,6.168
17299,17508.0,4.942
17300,17509.0,4.911
17301,17510.0,5.572
17302,17511.0,4.78
17303,17512.0,4.456
17304,17513.0,4.782
17305,17514.0,4.823
17306,17515.0,5.144
17307,17516.0,4.999
17308,17517.0,4.853
17309,17518.0,5.048
17310,17519.0,5.064
17311,17520.0,5.169
17312,17521.0,4.991
17313,17522.0,4.846
17314,17523.0,4.861
17315,17524.0,6.682
17316,17525.0,7.274
17317,17526.0,5.976
17318,17527.0,5.072
17319,17528.0,4.967
17320,17529.0,6.843
17321,17530.0,7.274
17322,17531.0,5.298
17323,17532.0,5.088
17324,17533.0,7.125
17325,17534.0,7.314
17326,17535.0,5.226
17327,17536.0,6.41
17328,17537.0,7.234
17329,17538.0,5.855
17330,17539.0,4.942
17331,17540.0,4.919
17332,17541.0,4.911
17333,17542.0,4.919
17334,17543.0,4.926
17335,17544.0,6.048
17336,17545.0,5.824
17337,17546.0,4.869
17338,17547.0,6.763
17339,17548.0,5.307
17340,17549.0,4.787
17341,17550.0,7.274
17342,17551.0,5.185
17343,17552.0,4.926
17344,17553.0,6.572
17345,17555.0,4.982
17346,17556.0,6.199
17347,17557.0,5.734
17348,17558.0,4.787
17349,17559.0,4.787
17350,17560.0,7.246
17351,17561.0,5.12
17352,17562.0,5.032
17353,17563.0,4.878
17354,17564.0,6.159
17355,17565.0,4.942
17356,17566.0,4.911
17357,17567.0,5.581
17358,17568.0,4.78
17359,17569.0,4.57
17360,17570.0,4.79
17361,17571.0,4.782
17362,17572.0,5.104
17363,17573.0,4.886
17364,17574.0,5.29
17365,17575.0,4.999
17366,17576.0,4.999
17367,17577.0,5.023
17368,17578.0,4.943
17369,17579.0,5.371
17370,17580.0,4.82
17371,17581.0,6.843
17372,17582.0,7.274
17373,17583.0,5.541
17374,17584.0,5.032
17375,17585.0,4.894
17376,17586.0,7.004
17377,17587.0,7.274
17378,17588.0,5.541
17379,17589.0,5.806
17380,17590.0,7.194
17381,17591.0,6.561
17382,17592.0,5.064
17383,17593.0,6.682
17384,17594.0,7.234
17385,17595.0,5.46
17386,17596.0,4.861
17387,17597.0,4.919
17388,17598.0,4.846
17389,17599.0,4.959
17390,17600.0,4.853
17391,17601.0,6.561
17392,17602.0,5.46
17393,17603.0,4.787
17394,17604.0,7.125
17395,17605.0,5.104
17396,17606.0,4.886
17397,17607.0,7.165
17398,17608.0,5.023
17399,17609.0,5.806
17400,17610.0,6.017
17401,17611.0,4.828
17402,17612.0,6.682
17403,17613.0,5.347
17404,17614.0,4.78
17405,17615.0,4.853
17406,17616.0,6.993
17407,17617.0,5.104
17408,17618.0,5.345
17409,17619.0,5.024
17410,17620.0,5.756
17411,17621.0,4.861
17412,17622.0,5.716
17413,17623.0,5.298
17414,17624.0,4.618
17415,17625.0,4.644
17416,17626.0,4.782
17417,17627.0,4.782
17418,17628.0,5.024
17419,17629.0,4.853
17420,17630.0,5.46
17421,17631.0,4.991
17422,17632.0,4.886
17423,17633.0,4.942
17424,17634.0,4.943
17425,17635.0,5.46
17426,17636.0,4.78
17427,17637.0,6.964
17428,17639.0,7.274
17429,17640.0,5.339
17430,17641.0,5.024
17431,17642.0,4.934
17432,17643.0,7.085
17433,17644.0,7.274
17434,17645.0,5.379
17435,17646.0,6.209
17436,17647.0,7.194
17437,17648.0,6.097
17438,17649.0,4.942
17439,17650.0,6.843
17440,17651.0,7.234
17441,17652.0,5.266
17442,17653.0,4.828
17443,17654.0,4.911
17444,17655.0,4.772
17445,17656.0,4.951
17446,17657.0,4.82
17447,17658.0,6.843
17448,17659.0,5.266
17449,17660.0,4.861
17450,17661.0,7.234
17451,17662.0,5.145
17452,17663.0,5.007
17453,17664.0,6.531
17454,17665.0,4.909
17455,17666.0,6.279
17456,17667.0,5.622
17457,17668.0,4.828
17458,17669.0,6.964
17459,17670.0,5.185
17460,17671.0,4.706
17461,17672.0,5.29
17462,17673.0,6.32
17463,17674.0,5.072
17464,17675.0,4.878
17465,17676.0,5.313
17466,17677.0,5.411
17467,17678.0,4.846
17468,17679.0,6.279
17469,17680.0,5.201
17470,17681.0,4.415
17471,17682.0,4.717
17472,17683.0,4.823
17473,17684.0,5.305
17474,17685.0,5.024
17475,17686.0,4.967
17476,17687.0,5.258
17477,17688.0,5.032
17478,17689.0,4.886
17479,17690.0,5.088
17480,17691.0,4.943
17481,17692.0,5.29
17482,17693.0,5.096
17483,17694.0,7.125
17484,17695.0,7.314
17485,17696.0,5.266
17486,17697.0,5.064
17487,17698.0,5.371
17488,17699.0,7.154
17489,17700.0,7.154
17490,17701.0,5.145
17491,17702.0,6.481
17492,17703.0,7.234
17493,17704.0,5.694
17494,17705.0,4.901
17495,17706.0,6.964
17496,17707.0,7.274
17497,17708.0,5.541
17498,17709.0,4.78
17499,17710.0,4.911
17500,17711.0,4.772
17501,17712.0,4.951
17502,17713.0,4.78
17503,17714.0,7.085
17504,17715.0,5.104
17505,17716.0,4.894
17506,17717.0,7.205
17507,17718.0,5.031
17508,17719.0,5.806
17509,17720.0,5.976
17510,17721.0,4.869
17511,17723.0,6.682
17512,17724.0,5.347
17513,17725.0,4.747
17514,17726.0,7.165
17515,17727.0,5.266
17516,17728.0,4.706
17517,17729.0,5.927
17518,17730.0,5.927
17519,17731.0,5.064
17520,17732.0,4.886
17521,17733.0,5.988
17522,17734.0,5.249
17523,17735.0,4.82
17524,17736.0,6.671
17525,17737.0,5.023
17526,17738.0,4.382
17527,17739.0,4.677
17528,17740.0,4.823
17529,17741.0,5.425
17530,17742.0,5.024
17531,17743.0,5.096
17532,17744.0,5.249
17533,17745.0,4.991
17534,17746.0,4.886
17535,17747.0,5.048
17536,17748.0,5.104
17537,17749.0,5.177
17538,17750.0,5.088
17539,17751.0,7.125
17540,17752.0,7.314
17541,17753.0,5.298
17542,17754.0,5.144
17543,17755.0,5.564
17544,17756.0,7.205
17545,17757.0,6.843
17546,17758.0,5.177
17547,17759.0,6.601
17548,17760.0,7.234
17549,17761.0,5.581
17550,17762.0,4.942
17551,17763.0,7.004
17552,17764.0,7.234
17553,17765.0,5.46
17554,17766.0,4.787
17555,17767.0,4.911
17556,17768.0,4.739
17557,17769.0,4.991
17558,17770.0,4.78
17559,17771.0,7.154
17560,17772.0,5.266
17561,17773.0,4.886
17562,17774.0,6.964
17563,17775.0,4.982
17564,17776.0,5.927
17565,17777.0,5.864
17566,17778.0,4.828
17567,17779.0,6.763
17568,17780.0,5.307
17569,17781.0,4.828
17570,17782.0,7.205
17571,17783.0,5.185
17572,17784.0,4.706
17573,17785.0,6.088
17574,17786.0,5.796
17575,17787.0,5.024
17576,17788.0,4.853
17577,17789.0,6.149
17578,17790.0,5.209
17579,17791.0,4.853
17580,17792.0,6.752
17581,17793.0,5.056
17582,17794.0,4.341
17583,17795.0,4.75
17584,17796.0,4.782
17585,17797.0,5.305
17586,17798.0,4.983
17587,17799.0,5.056
17588,17800.0,5.064
17589,17801.0,4.991
17590,17802.0,5.056
17591,17804.0,5.04
17592,17805.0,4.999
17593,17806.0,5.096
17594,17807.0,5.653
17595,17808.0,7.194
17596,17809.0,7.314
17597,17810.0,5.249
17598,17811.0,5.273
17599,17812.0,6.088
17600,17813.0,7.194
17601,17814.0,6.249
17602,17815.0,4.982
17603,17816.0,6.843
17604,17817.0,7.234
17605,17818.0,5.379
17606,17819.0,4.975
17607,17820.0,7.125
17608,17821.0,7.274
17609,17822.0,5.298
17610,17823.0,4.78
17611,17824.0,4.951
17612,17825.0,4.78
17613,17826.0,4.983
17614,17827.0,4.813
17615,17828.0,7.274
17616,17829.0,5.112
17617,17830.0,5.474
17618,17831.0,6.219
17619,17832.0,4.869
17620,17833.0,6.561
17621,17834.0,5.564
17622,17835.0,4.787
17623,17836.0,7.044
17624,17837.0,5.104
17625,17838.0,4.853
17626,17839.0,7.165
17627,17840.0,5.031
17628,17841.0,4.666
17629,17842.0,6.601
17630,17843.0,5.474
17631,17844.0,5.024
17632,17845.0,4.805
17633,17846.0,6.631
17634,17847.0,5.056
17635,17848.0,4.846
17636,17849.0,6.752
17637,17850.0,5.015
17638,17851.0,4.26
17639,17852.0,4.79
17640,17853.0,4.823
17641,17854.0,5.305
17642,17855.0,4.983
17643,17856.0,4.934
17644,17857.0,4.982
17645,17858.0,4.943
17646,17859.0,5.532
17647,17860.0,4.991
17648,17861.0,4.926
17649,17862.0,4.982
17650,17863.0,6.088
17651,17864.0,7.234
17652,17865.0,7.125
17653,17866.0,5.16
17654,17867.0,5.12
17655,17868.0,6.4
17656,17869.0,7.234
17657,17870.0,5.815
17658,17871.0,4.942
17659,17872.0,6.964
17660,17873.0,7.274
17661,17874.0,5.298
17662,17875.0,5.653
17663,17876.0,7.205
17664,17877.0,6.803
17665,17878.0,5.169
17666,17879.0,4.82
17667,17880.0,4.943
17668,17881.0,4.894
17669,17882.0,5.152
17670,17883.0,4.886
17671,17884.0,6.814
17672,17886.0,4.982
17673,17887.0,6.168
17674,17888.0,5.815
17675,17889.0,4.828
17676,17890.0,6.843
17677,17891.0,5.226
17678,17892.0,4.861
17679,17893.0,7.194
17680,17894.0,5.217
17681,17895.0,5.048
17682,17896.0,6.531
17683,17897.0,4.909
17684,17898.0,4.666
17685,17899.0,6.883
17686,17900.0,5.273
17687,17901.0,5.024
17688,17902.0,4.838
17689,17903.0,6.872
17690,17904.0,5.056
17691,17905.0,4.878
17692,17906.0,6.199
17693,17907.0,4.934
17694,17908.0,4.341
17695,17909.0,4.79
17696,17910.0,4.823
17697,17911.0,5.184
17698,17912.0,5.032
17699,17913.0,4.901
17700,17914.0,5.056
17701,17915.0,4.943
17702,17916.0,5.298
17703,17917.0,4.991
17704,17918.0,4.853
17705,17919.0,4.901
17706,17920.0,6.41
17707,17921.0,7.234
17708,17922.0,6.451
17709,17923.0,5.112
17710,17924.0,5.007
17711,17925.0,6.642
17712,17926.0,7.234
17713,17927.0,5.5
17714,17928.0,4.942
17715,17929.0,7.044
17716,17930.0,7.274
17717,17931.0,5.42
17718,17932.0,6.048
17719,17933.0,7.194
17720,17934.0,6.289
17721,17935.0,5.023
17722,17936.0,4.894
17723,17937.0,4.943
17724,17938.0,4.886
17725,17939.0,5.08
17726,17940.0,5.362
17727,17941.0,6.299
17728,17942.0,4.869
17729,17943.0,6.481
17730,17944.0,5.541
17731,17945.0,4.82
17732,17946.0,7.044
17733,17947.0,5.104
17734,17948.0,4.853
17735,17949.0,7.355
17736,17950.0,5.031
17737,17951.0,5.685
17738,17952.0,6.057
17739,17953.0,4.869
17740,17954.0,4.666
17741,17955.0,7.125
17742,17956.0,5.16
17743,17957.0,5.024
17744,17958.0,4.878
17745,17959.0,6.682
17746,17960.0,4.975
17747,17961.0,4.959
17748,17962.0,5.846
17749,17963.0,4.894
17750,17964.0,4.456
17751,17965.0,4.823
17752,17966.0,4.823
17753,17968.0,5.184
17754,17969.0,4.991
17755,17970.0,4.894
17756,17971.0,5.048
17757,17972.0,4.943
17758,17973.0,5.249
17759,17974.0,4.991
17760,17975.0,4.886
17761,17976.0,4.894
17762,17977.0,6.481
17763,17978.0,7.234
17764,17979.0,6.249
17765,17980.0,5.112
17766,17981.0,5.015
17767,17982.0,6.722
17768,17983.0,7.234
17769,17984.0,5.42
17770,17985.0,4.975
17771,17986.0,7.044
17772,17987.0,7.274
17773,17988.0,5.307
17774,17989.0,6.168
17775,17990.0,7.194
17776,17991.0,6.138
17777,17992.0,4.95
17778,17993.0,4.894
17779,17994.0,4.943
17780,17995.0,4.886
17781,17996.0,5.007
17782,17997.0,5.644
17783,17998.0,6.057
17784,17999.0,4.869
17785,18000.0,6.601
17786,18001.0,5.428
17787,18002.0,4.747
17788,18003.0,7.125
17789,18004.0,5.185
17790,18005.0,4.886
17791,18006.0,6.964
17792,18007.0,4.982
17793,18008.0,5.927
17794,18009.0,5.864
17795,18010.0,4.828
17796,18011.0,4.706
17797,18012.0,7.165
17798,18013.0,5.16
17799,18014.0,5.104
17800,18015.0,4.878
17801,18016.0,6.4
17802,18017.0,4.975
17803,18018.0,4.911
17804,18019.0,5.765
17805,18020.0,4.861
17806,18021.0,4.456
17807,18022.0,4.79
17808,18023.0,4.823
17809,18024.0,5.144
17810,18025.0,4.991
17811,18026.0,4.861
17812,18027.0,5.048
17813,18028.0,5.064
17814,18029.0,5.209
17815,18030.0,4.991
17816,18031.0,4.886
17817,18032.0,4.861
17818,18033.0,6.642
17819,18034.0,7.234
17820,18035.0,6.128
17821,18036.0,5.072
17822,18037.0,4.975
17823,18038.0,6.803
17824,18039.0,7.234
17825,18040.0,5.339
17826,18041.0,4.975
17827,18042.0,7.085
17828,18043.0,7.274
17829,18044.0,5.266
17830,18045.0,6.33
17831,18046.0,7.194
17832,18047.0,5.936
17833,18048.0,4.942
17834,18049.0,4.926
17835,18050.0,4.951
17836,18052.0,4.919
17837,18053.0,4.967
17838,18054.0,5.846
17839,18055.0,5.976
17840,18056.0,4.869
17841,18057.0,6.722
17842,18058.0,5.347
17843,18059.0,4.787
17844,18060.0,7.205
17845,18061.0,5.266
17846,18062.0,4.886
17847,18063.0,6.803
17848,18064.0,4.95
17849,18065.0,6.078
17850,18066.0,5.784
17851,18067.0,4.828
17852,18068.0,4.747
17853,18069.0,7.194
17854,18070.0,5.16
17855,18071.0,5.104
17856,18072.0,4.87
17857,18073.0,6.32
17858,18074.0,4.934
17859,18075.0,4.911
17860,18076.0,5.653
17861,18077.0,4.813
17862,18078.0,4.415
17863,18079.0,4.79
17864,18080.0,4.782
17865,18081.0,5.144
17866,18082.0,4.959
17867,18083.0,4.853
17868,18084.0,5.007
17869,18085.0,5.064
17870,18086.0,5.136
17871,18087.0,4.991
17872,18088.0,4.813
17873,18089.0,4.901
17874,18090.0,6.642
17875,18091.0,7.314
17876,18092.0,5.976
17877,18093.0,5.112
17878,18094.0,4.934
17879,18095.0,6.843
17880,18096.0,7.234
17881,18097.0,5.339
17882,18098.0,5.015
17883,18099.0,7.125
17884,18100.0,7.274
17885,18101.0,5.226
17886,18102.0,6.37
17887,18103.0,7.194
17888,18104.0,5.896
17889,18105.0,4.942
17890,18106.0,4.886
17891,18107.0,4.87
17892,18108.0,4.919
17893,18109.0,4.967
17894,18110.0,5.917
17895,18111.0,5.905
17896,18112.0,4.828
17897,18113.0,6.763
17898,18114.0,5.307
17899,18115.0,4.787
17900,18116.0,7.205
17901,18117.0,5.226
17902,18118.0,4.886
17903,18119.0,6.693
17904,18120.0,4.982
17905,18121.0,6.168
17906,18122.0,5.703
17907,18123.0,4.787
17908,18124.0,4.78
17909,18125.0,7.234
17910,18126.0,5.16
17911,18127.0,5.032
17912,18128.0,4.919
17913,18129.0,6.168
17914,18130.0,4.934
17915,18131.0,4.911
17916,18132.0,5.572
17917,18133.0,4.78
17918,18134.0,4.463
17919,18136.0,4.782
17920,18137.0,4.823
17921,18138.0,5.144
17922,18139.0,4.999
17923,18140.0,4.861
17924,18141.0,5.048
17925,18142.0,5.064
17926,18143.0,5.177
17927,18144.0,4.951
17928,18145.0,4.846
17929,18146.0,4.861
17930,18147.0,6.642
17931,18148.0,7.274
17932,18149.0,6.057
17933,18150.0,5.072
17934,18151.0,4.967
17935,18152.0,6.803
17936,18153.0,7.274
17937,18154.0,5.298
17938,18155.0,5.015
17939,18156.0,7.125
17940,18157.0,7.314
17941,18158.0,5.226
17942,18159.0,6.37
17943,18160.0,7.194
17944,18161.0,5.927
17945,18162.0,4.901
17946,18163.0,4.926
17947,18164.0,4.911
17948,18165.0,4.919
17949,18166.0,4.967
17950,18167.0,5.886
17951,18168.0,5.905
17952,18169.0,4.828
17953,18170.0,6.763
17954,18171.0,5.307
17955,18172.0,4.787
17956,18173.0,7.205
17957,18174.0,5.185
17958,18175.0,4.846
17959,18176.0,6.652
17960,18177.0,4.95
17961,18178.0,6.159
17962,18179.0,5.703
17963,18180.0,4.828
17964,18181.0,4.78
17965,18182.0,7.234
17966,18183.0,5.12
17967,18184.0,5.072
17968,18185.0,4.919
17969,18186.0,6.168
17970,18187.0,4.942
17971,18188.0,4.911
17972,18189.0,5.572
17973,18190.0,4.739
17974,18191.0,4.489
17975,18192.0,4.782
17976,18193.0,4.782
17977,18194.0,5.104
17978,18195.0,4.926
17979,18196.0,4.894
17980,18197.0,4.999
17981,18198.0,4.999
17982,18199.0,5.064
17983,18200.0,4.991
17984,18201.0,4.934
17985,18202.0,4.861
17986,18203.0,6.763
17987,18204.0,7.274
17988,18205.0,5.743
17989,18206.0,5.072
17990,18207.0,4.894
17991,18208.0,6.964
17992,18209.0,7.274
17993,18210.0,5.185
17994,18211.0,5.492
17995,18212.0,7.165
17996,18213.0,7.004
17997,18214.0,5.145
17998,18215.0,6.561
17999,18216.0,7.234
18000,18217.0,5.622
18001,18218.0,4.901
18002,18220.0,4.919
18003,18221.0,4.878
18004,18222.0,4.919
18005,18223.0,4.926
18006,18224.0,6.279
18007,18225.0,5.694
18008,18226.0,4.787
18009,18227.0,6.964
18010,18228.0,5.185
18011,18229.0,4.861
18012,18230.0,7.274
18013,18231.0,5.145
18014,18232.0,5.33
18015,18233.0,6.33
18016,18234.0,4.869
18017,18235.0,6.44
18018,18236.0,5.509
18019,18237.0,4.747
18020,18238.0,4.813
18021,18239.0,7.234
18022,18240.0,5.112
18023,18241.0,4.991
18024,18242.0,4.911
18025,18243.0,5.917
18026,18244.0,4.901
18027,18245.0,5.273
18028,18246.0,5.42
18029,18247.0,4.618
18030,18248.0,4.603
18031,18249.0,4.782
18032,18250.0,4.782
18033,18251.0,5.064
18034,18252.0,4.886
18035,18253.0,5.622
18036,18254.0,4.999
18037,18255.0,4.919
18038,18256.0,4.982
18039,18257.0,4.943
18040,18258.0,5.613
18041,18259.0,4.82
18042,18260.0,6.883
18043,18261.0,7.274
18044,18262.0,5.5
18045,18263.0,5.032
18046,18264.0,4.934
18047,18265.0,7.004
18048,18266.0,7.274
18049,18267.0,5.469
18050,18268.0,5.886
18051,18269.0,7.154
18052,18270.0,6.491
18053,18271.0,5.023
18054,18272.0,6.722
18055,18273.0,7.234
18056,18274.0,5.46
18057,18275.0,4.828
18058,18276.0,4.919
18059,18277.0,4.805
18060,18278.0,4.951
18061,18279.0,4.853
18062,18280.0,6.601
18063,18281.0,5.428
18064,18282.0,4.787
18065,18283.0,7.085
18066,18284.0,5.177
18067,18285.0,4.853
18068,18286.0,7.085
18069,18287.0,4.99
18070,18288.0,5.846
18071,18289.0,5.936
18072,18290.0,4.861
18073,18291.0,6.722
18074,18292.0,5.379
18075,18293.0,4.747
18076,18294.0,4.894
18077,18295.0,6.913
18078,18296.0,5.072
18079,18297.0,4.959
18080,18298.0,4.911
18081,18299.0,5.694
18082,18300.0,4.853
18083,18301.0,5.837
18084,18302.0,5.29
18085,18303.0,4.537
18086,18304.0,4.644
18087,18305.0,4.823
18088,18307.0,4.823
18089,18308.0,5.024
18090,18309.0,4.846
18091,18310.0,5.46
18092,18311.0,4.991
18093,18312.0,4.886
18094,18313.0,4.982
18095,18314.0,4.983
18096,18315.0,5.411
18097,18316.0,4.82
18098,18317.0,7.004
18099,18318.0,7.314
18100,18319.0,5.339
18101,18320.0,5.024
18102,18321.0,4.934
18103,18322.0,7.085
18104,18323.0,7.274
18105,18324.0,5.307
18106,18325.0,6.209
18107,18326.0,7.194
18108,18327.0,6.017
18109,18328.0,4.982
18110,18329.0,6.843
18111,18330.0,7.274
18112,18331.0,5.226
18113,18332.0,4.82
18114,18333.0,4.911
18115,18334.0,4.813
18116,18335.0,4.951
18117,18336.0,4.82
18118,18337.0,6.843
18119,18338.0,5.266
18120,18339.0,4.82
18121,18340.0,7.274
18122,18341.0,5.145
18123,18342.0,5.088
18124,18343.0,6.491
18125,18344.0,4.942
18126,18345.0,6.279
18127,18346.0,5.662
18128,18347.0,4.787
18129,18348.0,6.964
18130,18349.0,5.185
18131,18350.0,4.747
18132,18351.0,5.209
18133,18352.0,6.4
18134,18353.0,5.072
18135,18354.0,4.926
18136,18355.0,5.273
18137,18356.0,5.451
18138,18357.0,4.82
18139,18358.0,6.279
18140,18359.0,5.136
18141,18360.0,4.503
18142,18361.0,4.611
18143,18362.0,4.823
18144,18363.0,4.823
18145,18364.0,5.064
18146,18365.0,4.919
18147,18366.0,5.541
18148,18367.0,4.999
18149,18368.0,4.959
18150,18369.0,5.015
18151,18370.0,4.943
18152,18371.0,5.613
18153,18372.0,4.82
18154,18373.0,6.883
18155,18374.0,7.274
18156,18375.0,5.5
18157,18376.0,5.072
18158,18377.0,4.894
18159,18378.0,7.004
18160,18379.0,7.274
18161,18380.0,5.5
18162,18381.0,5.886
18163,18382.0,7.194
18164,18383.0,6.451
18165,18384.0,5.056
18166,18385.0,6.763
18167,18386.0,7.234
18168,18387.0,5.42
18169,18388.0,4.861
18170,18390.0,4.919
18171,18391.0,4.805
18172,18392.0,4.951
18173,18393.0,4.82
18174,18394.0,6.682
18175,18395.0,5.388
18176,18396.0,4.787
18177,18397.0,7.125
18178,18398.0,5.266
18179,18399.0,4.886
18180,18400.0,6.883
18181,18401.0,4.99
18182,18402.0,6.048
18183,18403.0,5.824
18184,18404.0,4.828
18185,18405.0,6.803
18186,18406.0,5.266
18187,18407.0,4.747
18188,18408.0,4.846
18189,18409.0,6.671
18190,18410.0,5.104
18191,18411.0,4.926
18192,18412.0,4.951
18193,18413.0,5.564
18194,18414.0,4.853
18195,18415.0,5.957
18196,18416.0,5.249
18197,18417.0,4.503
18198,18418.0,4.684
18199,18419.0,4.782
18200,18420.0,4.823
18201,18421.0,5.024
18202,18422.0,4.878
18203,18423.0,5.46
18204,18424.0,5.032
18205,18425.0,4.886
18206,18426.0,5.096
18207,18427.0,4.943
18208,18428.0,5.451
18209,18429.0,4.78
18210,18430.0,7.004
18211,18431.0,7.274
18212,18432.0,5.307
18213,18433.0,5.024
18214,18434.0,4.926
18215,18435.0,7.085
18216,18436.0,7.274
18217,18437.0,5.307
18218,18438.0,6.249
18219,18439.0,7.194
18220,18440.0,5.976
18221,18441.0,4.942
18222,18442.0,6.883
18223,18443.0,7.234
18224,18444.0,5.226
18225,18445.0,4.828
18226,18446.0,4.911
18227,18447.0,4.772
18228,18448.0,4.951
18229,18449.0,4.78
18230,18450.0,6.883
18231,18451.0,5.185
18232,18452.0,4.82
18233,18453.0,7.274
18234,18454.0,5.104
18235,18455.0,5.281
18236,18456.0,6.299
18237,18457.0,4.909
18238,18458.0,6.4
18239,18459.0,5.541
18240,18460.0,4.747
18241,18461.0,7.004
18242,18462.0,5.112
18243,18463.0,4.706
18244,18464.0,5.443
18245,18465.0,6.229
18246,18466.0,5.064
18247,18467.0,4.886
18248,18468.0,5.555
18249,18470.0,5.371
18250,18471.0,4.853
18251,18472.0,6.44
18252,18473.0,5.096
18253,18474.0,4.422
18254,18475.0,4.717
18255,18476.0,4.823
18256,18477.0,5.506
18257,18478.0,5.024
18258,18479.0,5.128
18259,18480.0,5.217
18260,18481.0,4.991
18261,18482.0,4.886
18262,18483.0,5.048
18263,18484.0,5.104
18264,18485.0,5.177
18265,18486.0,5.128
18266,18487.0,7.125
18267,18488.0,7.314
18268,18489.0,5.298
18269,18490.0,5.224
18270,18491.0,5.644
18271,18492.0,7.194
18272,18493.0,6.763
18273,18494.0,5.136
18274,18495.0,6.642
18275,18496.0,7.274
18276,18497.0,5.541
18277,18498.0,4.982
18278,18499.0,7.044
18279,18500.0,7.314
18280,18501.0,5.42
18281,18502.0,4.787
18282,18503.0,4.911
18283,18504.0,4.739
18284,18505.0,4.991
18285,18506.0,4.739
18286,18507.0,7.165
18287,18508.0,5.266
18288,18509.0,4.886
18289,18510.0,6.843
18290,18511.0,4.99
18291,18512.0,6.048
18292,18513.0,5.784
18293,18514.0,4.828
18294,18515.0,6.803
18295,18516.0,5.226
18296,18517.0,4.82
18297,18518.0,7.205
18298,18519.0,5.185
18299,18520.0,4.673
18300,18521.0,6.159
18301,18522.0,5.765
18302,18523.0,5.024
18303,18524.0,4.846
18304,18525.0,6.189
18305,18526.0,5.177
18306,18527.0,4.813
18307,18528.0,6.792
18308,18529.0,5.128
18309,18530.0,4.341
18310,18531.0,4.75
18311,18532.0,4.782
18312,18533.0,5.305
18313,18534.0,4.983
18314,18535.0,4.975
18315,18536.0,4.982
18316,18537.0,4.943
18317,18538.0,5.532
18318,18539.0,4.991
18319,18540.0,4.919
18320,18541.0,4.975
18321,18542.0,6.007
18322,18543.0,7.234
18323,18544.0,7.125
18324,18545.0,5.201
18325,18546.0,5.128
18326,18547.0,6.4
18327,18548.0,7.234
18328,18549.0,5.855
18329,18550.0,4.942
18330,18552.0,6.964
18331,18553.0,7.234
18332,18554.0,5.226
18333,18555.0,5.523
18334,18556.0,7.154
18335,18557.0,6.953
18336,18558.0,5.136
18337,18559.0,4.78
18338,18560.0,4.943
18339,18561.0,4.861
18340,18562.0,5.193
18341,18563.0,4.846
18342,18564.0,6.924
18343,18565.0,4.99
18344,18566.0,6.048
18345,18567.0,5.824
18346,18568.0,4.861
18347,18569.0,6.803
18348,18570.0,5.298
18349,18571.0,4.828
18350,18572.0,7.234
18351,18573.0,5.185
18352,18574.0,4.926
18353,18575.0,6.572
18354,18576.0,4.909
18355,18577.0,4.666
18356,18578.0,6.843
18357,18579.0,5.281
18358,18580.0,5.024
18359,18581.0,4.853
18360,18582.0,6.872
18361,18583.0,5.096
18362,18584.0,4.886
18363,18585.0,6.279
18364,18586.0,4.926
18365,18587.0,4.496
18366,18588.0,4.79
18367,18589.0,4.823
18368,18590.0,5.144
18369,18591.0,4.999
18370,18592.0,4.861
18371,18593.0,5.048
18372,18594.0,4.983
18373,18595.0,5.217
18374,18596.0,4.951
18375,18597.0,4.853
18376,18598.0,4.861
18377,18599.0,6.601
18378,18600.0,7.274
18379,18601.0,6.138
18380,18602.0,5.072
18381,18603.0,4.975
18382,18604.0,6.763
18383,18605.0,7.274
18384,18606.0,5.347
18385,18607.0,4.975
18386,18608.0,7.085
18387,18609.0,7.274
18388,18610.0,5.266
18389,18611.0,6.289
18390,18612.0,7.194
18391,18613.0,6.017
18392,18614.0,4.942
18393,18615.0,4.926
18394,18616.0,4.911
18395,18617.0,4.919
18396,18618.0,4.967
18397,18619.0,5.806
18398,18620.0,5.976
18399,18621.0,4.869
18400,18622.0,6.682
18401,18623.0,5.379
18402,18624.0,4.747
18403,18625.0,7.165
18404,18626.0,5.266
18405,18627.0,4.886
18406,18628.0,6.843
18407,18629.0,4.982
18408,18630.0,6.007
18409,18631.0,5.855
18410,18632.0,4.828
18411,18633.0,4.787
18412,18635.0,7.194
18413,18636.0,5.193
18414,18637.0,5.064
18415,18638.0,4.919
18416,18639.0,6.32
18417,18640.0,4.975
18418,18641.0,4.911
18419,18642.0,5.694
18420,18643.0,4.78
18421,18644.0,4.415
18422,18645.0,4.79
18423,18646.0,4.782
18424,18647.0,5.144
18425,18648.0,4.991
18426,18649.0,4.861
18427,18650.0,5.048
18428,18651.0,4.983
18429,18652.0,5.217
18430,18653.0,4.991
18431,18654.0,4.853
18432,18655.0,4.901
18433,18656.0,6.572
18434,18657.0,7.234
18435,18658.0,6.138
18436,18659.0,5.112
18437,18660.0,4.975
18438,18661.0,6.803
18439,18662.0,7.274
18440,18663.0,5.379
18441,18664.0,4.975
18442,18665.0,7.125
18443,18666.0,7.314
18444,18667.0,5.266
18445,18668.0,6.289
18446,18669.0,7.234
18447,18670.0,5.976
18448,18671.0,4.942
18449,18672.0,4.886
18450,18673.0,4.951
18451,18674.0,4.886
18452,18675.0,4.967
18453,18676.0,5.806
18454,18677.0,5.976
18455,18678.0,4.828
18456,18679.0,6.722
18457,18680.0,5.347
18458,18681.0,4.787
18459,18682.0,7.165
18460,18683.0,5.266
18461,18684.0,4.846
18462,18685.0,6.814
18463,18686.0,4.95
18464,18687.0,6.048
18465,18688.0,5.784
18466,18689.0,4.828
18467,18690.0,4.747
18468,18691.0,7.205
18469,18692.0,5.16
18470,18693.0,5.104
18471,18694.0,4.878
18472,18695.0,6.36
18473,18696.0,4.934
18474,18697.0,4.911
18475,18698.0,5.653
18476,18699.0,4.894
18477,18700.0,4.537
18478,18701.0,4.863
18479,18702.0,4.823
18480,18703.0,5.144
18481,18704.0,4.959
18482,18705.0,4.894
18483,18706.0,5.04
18484,18707.0,5.064
18485,18708.0,5.096
18486,18709.0,5.032
18487,18710.0,4.853
18488,18711.0,4.861
18489,18712.0,6.763
18490,18713.0,7.274
18491,18714.0,5.784
18492,18715.0,5.072
18493,18717.0,4.894
18494,18718.0,6.883
18495,18719.0,7.274
18496,18720.0,5.226
18497,18721.0,5.411
18498,18722.0,7.154
18499,18723.0,7.113
18500,18724.0,5.145
18501,18725.0,6.521
18502,18726.0,7.234
18503,18727.0,5.662
18504,18728.0,4.869
18505,18729.0,4.926
18506,18730.0,4.838
18507,18731.0,4.919
18508,18732.0,4.894
18509,18733.0,6.279
18510,18734.0,5.662
18511,18735.0,4.828
18512,18736.0,6.924
18513,18737.0,5.185
18514,18738.0,4.82
18515,18739.0,7.274
18516,18740.0,5.072
18517,18741.0,5.362
18518,18742.0,6.259
18519,18743.0,4.909
18520,18744.0,6.44
18521,18745.0,5.509
18522,18746.0,4.787
18523,18747.0,4.853
18524,18748.0,7.234
18525,18749.0,5.112
18526,18750.0,4.999
18527,18751.0,4.911
18528,18752.0,5.855
18529,18753.0,4.926
18530,18754.0,5.434
18531,18755.0,5.411
18532,18756.0,4.618
18533,18757.0,4.677
18534,18758.0,4.782
18535,18759.0,4.823
18536,18760.0,5.024
18537,18761.0,4.886
18538,18762.0,5.379
18539,18763.0,4.991
18540,18764.0,4.886
18541,18765.0,5.096
18542,18766.0,4.943
18543,18767.0,5.42
18544,18768.0,4.78
18545,18769.0,7.044
18546,18770.0,7.274
18547,18771.0,5.298
18548,18772.0,5.024
18549,18773.0,4.967
18550,18774.0,7.085
18551,18775.0,7.314
18552,18776.0,5.266
18553,18777.0,6.33
18554,18778.0,7.194
18555,18779.0,6.007
18556,18780.0,4.942
18557,18781.0,6.883
18558,18782.0,7.274
18559,18783.0,5.226
18560,18784.0,4.82
18561,18785.0,4.951
18562,18786.0,4.772
18563,18787.0,4.951
18564,18788.0,4.78
18565,18789.0,6.883
18566,18790.0,5.226
18567,18791.0,4.82
18568,18792.0,7.274
18569,18793.0,5.112
18570,18794.0,5.201
18571,18795.0,6.37
18572,18796.0,4.909
18573,18797.0,6.36
18574,18799.0,5.541
18575,18800.0,4.787
18576,18801.0,7.004
18577,18802.0,5.145
18578,18803.0,4.706
18579,18804.0,5.33
18580,18805.0,6.279
18581,18806.0,5.064
18582,18807.0,4.886
18583,18808.0,5.394
18584,18809.0,5.42
18585,18810.0,4.82
18586,18811.0,6.32
18587,18812.0,5.136
18588,18813.0,4.456
18589,18814.0,4.677
18590,18815.0,4.823
18591,18816.0,5.305
18592,18817.0,5.024
18593,18818.0,4.975
18594,18819.0,5.258
18595,18820.0,4.991
18596,18821.0,4.886
18597,18822.0,5.048
18598,18823.0,4.983
18599,18824.0,5.217
18600,18825.0,5.096
18601,18826.0,7.085
18602,18827.0,7.314
18603,18828.0,5.307
18604,18829.0,5.064
18605,18830.0,5.411
18606,18831.0,7.165
18607,18832.0,7.033
18608,18833.0,5.177
18609,18834.0,6.521
18610,18835.0,7.234
18611,18836.0,5.662
18612,18837.0,4.942
18613,18838.0,7.004
18614,18839.0,7.314
18615,18840.0,5.5
18616,18841.0,4.861
18617,18842.0,4.911
18618,18843.0,4.772
18619,18844.0,4.991
18620,18845.0,4.739
18621,18846.0,7.113
18622,18847.0,5.064
18623,18848.0,4.853
18624,18849.0,7.085
18625,18850.0,4.99
18626,18851.0,5.846
18627,18852.0,5.896
18628,18853.0,4.828
18629,18854.0,6.722
18630,18855.0,5.307
18631,18856.0,4.787
18632,18857.0,7.154
18633,18858.0,5.185
18634,18859.0,4.706
18635,18860.0,6.048
18636,18861.0,5.815
18637,18862.0,5.032
18638,18863.0,4.853
18639,18864.0,6.109
18640,18865.0,5.217
18641,18866.0,4.82
18642,18867.0,6.712
18643,18868.0,5.015
18644,18869.0,4.301
18645,18870.0,4.75
18646,18871.0,4.782
18647,18872.0,5.434
18648,18873.0,4.983
18649,18874.0,5.128
18650,18875.0,5.136
18651,18876.0,4.951
18652,18877.0,4.813
18653,18878.0,5.04
18654,18879.0,5.032
18655,18881.0,5.136
18656,18882.0,5.217
18657,18883.0,7.165
18658,18884.0,7.314
18659,18885.0,5.29
18660,18886.0,5.385
18661,18887.0,5.765
18662,18888.0,7.154
18663,18889.0,6.652
18664,18890.0,5.064
18665,18891.0,6.682
18666,18892.0,7.234
18667,18893.0,5.5
18668,18894.0,4.942
18669,18895.0,7.085
18670,18896.0,7.274
18671,18897.0,5.42
18672,18898.0,4.787
18673,18899.0,4.951
18674,18900.0,4.739
18675,18901.0,5.024
18676,18902.0,4.78
18677,18903.0,7.234
18678,18904.0,5.226
18679,18905.0,4.926
18680,18906.0,6.722
18681,18907.0,5.023
18682,18908.0,6.168
18683,18909.0,5.734
18684,18910.0,4.787
18685,18911.0,6.883
18686,18912.0,5.226
18687,18913.0,4.82
18688,18914.0,7.234
18689,18915.0,5.145
18690,18916.0,4.706
18691,18917.0,6.249
18692,18918.0,5.676
18693,18919.0,5.032
18694,18920.0,4.846
18695,18921.0,6.269
18696,18922.0,5.177
18697,18923.0,4.853
18698,18924.0,6.832
18699,18925.0,5.088
18700,18926.0,4.382
18701,18927.0,4.79
18702,18928.0,4.823
18703,18929.0,5.224
18704,18930.0,5.064
18705,18931.0,4.894
18706,18932.0,5.096
18707,18933.0,4.983
18708,18934.0,5.371
18709,18935.0,4.991
18710,18936.0,4.886
18711,18937.0,4.942
18712,18938.0,6.33
18713,18939.0,7.234
18714,18940.0,6.572
18715,18941.0,5.12
18716,18942.0,5.048
18717,18943.0,6.601
18718,18944.0,7.274
18719,18945.0,5.581
18720,18946.0,4.982
18721,18947.0,7.004
18722,18948.0,7.274
18723,18949.0,5.46
18724,18950.0,5.967
18725,18951.0,7.194
18726,18952.0,6.41
18727,18953.0,5.023
18728,18954.0,4.934
18729,18955.0,4.903
18730,18956.0,4.886
18731,18957.0,5.04
18732,18958.0,5.241
18733,18959.0,6.38
18734,18960.0,4.942
18735,18961.0,6.4
18736,18962.0,5.581
18737,18964.0,4.787
18738,18965.0,7.004
18739,18966.0,5.104
18740,18967.0,4.853
18741,18968.0,7.274
18742,18969.0,5.104
18743,18970.0,5.523
18744,18971.0,6.209
18745,18972.0,4.869
18746,18973.0,4.706
18747,18974.0,7.044
18748,18975.0,5.209
18749,18976.0,4.983
18750,18977.0,4.886
18751,18978.0,6.752
18752,18979.0,4.982
18753,18980.0,4.87
18754,18981.0,5.927
18755,18982.0,4.886
18756,18983.0,4.57
18757,18984.0,4.782
18758,18985.0,4.782
18759,18986.0,5.104
18760,18987.0,4.926
18761,18988.0,5.056
18762,18989.0,4.999
18763,18990.0,4.999
18764,18991.0,5.056
18765,18992.0,4.983
18766,18993.0,5.096
18767,18994.0,4.82
18768,18995.0,6.843
18769,18996.0,7.274
18770,18997.0,5.622
18771,18998.0,5.072
18772,18999.0,4.861
18773,19000.0,6.964
18774,19001.0,7.274
18775,19002.0,5.42
18776,19003.0,5.685
18777,19004.0,7.194
18778,19005.0,6.722
18779,19006.0,5.104
18780,19007.0,6.642
18781,19008.0,7.234
18782,19009.0,5.541
18783,19010.0,4.861
18784,19011.0,4.919
18785,19012.0,4.846
18786,19013.0,4.919
18787,19014.0,4.894
18788,19015.0,6.44
18789,19016.0,5.541
18790,19017.0,4.787
18791,19018.0,7.044
18792,19019.0,5.104
18793,19020.0,4.853
18794,19021.0,7.314
18795,19022.0,5.064
18796,19023.0,5.604
18797,19024.0,6.138
18798,19025.0,4.869
18799,19026.0,6.642
18800,19027.0,5.42
18801,19028.0,4.787
18802,19029.0,4.853
18803,19030.0,7.194
18804,19031.0,5.112
18805,19032.0,5.024
18806,19033.0,4.911
18807,19034.0,5.796
18808,19035.0,4.853
18809,19036.0,5.555
18810,19037.0,5.371
18811,19038.0,4.618
18812,19039.0,4.537
18813,19040.0,4.823
18814,19041.0,4.823
18815,19042.0,5.104
18816,19043.0,4.919
18817,19044.0,4.861
18818,19045.0,5.007
18819,19047.0,4.991
18820,19048.0,5.096
18821,19049.0,4.951
18822,19050.0,4.894
18823,19051.0,4.82
18824,19052.0,6.803
18825,19053.0,7.274
18826,19054.0,5.784
18827,19055.0,5.072
18828,19056.0,4.894
18829,19057.0,6.883
18830,19058.0,7.274
18831,19059.0,5.185
18832,19060.0,5.451
18833,19061.0,7.165
18834,19062.0,7.033
18835,19063.0,5.145
18836,19064.0,6.561
18837,19065.0,7.234
18838,19066.0,5.662
18839,19067.0,4.869
18840,19068.0,4.919
18841,19069.0,4.838
18842,19070.0,4.919
18843,19071.0,4.894
18844,19072.0,6.279
18845,19073.0,5.662
18846,19074.0,4.828
18847,19075.0,6.924
18848,19076.0,5.185
18849,19077.0,4.82
18850,19078.0,7.274
18851,19079.0,5.112
18852,19080.0,5.322
18853,19081.0,6.33
18854,19082.0,4.909
18855,19083.0,6.44
18856,19084.0,5.541
18857,19085.0,4.787
18858,19086.0,4.853
18859,19087.0,7.234
18860,19088.0,5.152
18861,19089.0,4.991
18862,19090.0,4.911
18863,19091.0,5.917
18864,19092.0,4.926
18865,19093.0,5.233
18866,19094.0,5.483
18867,19095.0,4.699
18868,19096.0,4.717
18869,19097.0,4.823
18870,19098.0,4.823
18871,19099.0,5.064
18872,19100.0,4.886
18873,19101.0,5.339
18874,19102.0,5.032
18875,19103.0,4.886
18876,19104.0,5.128
18877,19105.0,4.943
18878,19106.0,5.371
18879,19107.0,4.82
18880,19108.0,7.085
18881,19109.0,7.314
18882,19110.0,5.258
18883,19111.0,5.024
18884,19112.0,4.926
18885,19113.0,7.085
18886,19114.0,7.274
18887,19115.0,5.266
18888,19116.0,6.33
18889,19117.0,7.234
18890,19118.0,5.855
18891,19119.0,4.942
18892,19120.0,6.924
18893,19121.0,7.274
18894,19122.0,5.185
18895,19123.0,4.828
18896,19124.0,4.951
18897,19125.0,4.772
18898,19126.0,4.951
18899,19127.0,4.78
18900,19128.0,6.964
18901,19129.0,5.185
18902,19130.0,4.853
18903,19132.0,7.314
18904,19133.0,5.072
18905,19134.0,5.443
18906,19135.0,6.219
18907,19136.0,4.909
18908,19137.0,6.481
18909,19138.0,5.469
18910,19139.0,4.747
18911,19140.0,7.044
18912,19141.0,5.064
18913,19142.0,4.706
18914,19143.0,5.564
18915,19144.0,6.109
18916,19145.0,5.064
18917,19146.0,4.878
18918,19147.0,5.707
18919,19148.0,5.354
18920,19149.0,4.853
18921,19150.0,6.47
18922,19151.0,5.096
18923,19152.0,4.382
18924,19153.0,4.717
18925,19154.0,4.823
18926,19155.0,5.425
18927,19156.0,5.024
18928,19157.0,5.128
18929,19158.0,5.217
18930,19159.0,4.991
18931,19160.0,4.886
18932,19161.0,5.048
18933,19162.0,5.104
18934,19163.0,5.177
18935,19164.0,5.096
18936,19165.0,7.125
18937,19166.0,7.314
18938,19167.0,5.298
18939,19168.0,5.104
18940,19169.0,5.523
18941,19170.0,7.194
18942,19171.0,6.843
18943,19172.0,5.136
18944,19173.0,6.601
18945,19174.0,7.274
18946,19175.0,5.581
18947,19176.0,4.982
18948,19177.0,7.004
18949,19178.0,7.314
18950,19179.0,5.46
18951,19180.0,4.82
18952,19181.0,4.911
18953,19182.0,4.739
18954,19183.0,4.991
18955,19184.0,4.739
18956,19185.0,7.154
18957,19186.0,5.266
18958,19187.0,4.846
18959,19188.0,6.883
18960,19189.0,4.982
18961,19190.0,6.007
18962,19191.0,5.864
18963,19192.0,4.828
18964,19193.0,6.803
18965,19194.0,5.307
18966,19195.0,4.828
18967,19196.0,7.194
18968,19197.0,5.185
18969,19198.0,4.706
18970,19199.0,6.128
18971,19200.0,5.765
18972,19201.0,5.064
18973,19202.0,4.813
18974,19203.0,6.199
18975,19204.0,5.177
18976,19205.0,4.82
18977,19206.0,6.832
18978,19207.0,5.136
18979,19208.0,4.341
18980,19209.0,4.75
18981,19210.0,4.782
18982,19211.0,5.305
18983,19212.0,4.983
18984,19214.0,5.007
18985,19215.0,5.056
18986,19216.0,4.991
18987,19217.0,5.136
18988,19218.0,5.04
18989,19219.0,4.959
18990,19220.0,5.056
18991,19221.0,5.694
18992,19222.0,7.194
18993,19223.0,7.274
18994,19224.0,5.209
18995,19225.0,5.241
18996,19226.0,6.128
18997,19227.0,7.194
18998,19228.0,6.178
18999,19229.0,4.982
19000,19230.0,6.843
19001,19231.0,7.234
19002,19232.0,5.298
19003,19233.0,5.048
19004,19234.0,7.125
19005,19235.0,7.274
19006,19236.0,5.258
19007,19237.0,4.747
19008,19238.0,4.951
19009,19239.0,4.699
19010,19240.0,4.991
19011,19241.0,4.853
19012,19242.0,7.355
19013,19243.0,5.112
19014,19244.0,5.523
19015,19245.0,6.219
19016,19246.0,4.901
19017,19247.0,6.521
19018,19248.0,5.46
19019,19249.0,4.787
19020,19250.0,7.044
19021,19251.0,5.104
19022,19252.0,4.853
19023,19253.0,7.205
19024,19254.0,5.031
19025,19255.0,4.706
19026,19256.0,6.561
19027,19257.0,5.483
19028,19258.0,5.024
19029,19259.0,4.813
19030,19260.0,6.591
19031,19261.0,5.096
19032,19262.0,4.886
19033,19263.0,6.752
19034,19264.0,5.015
19035,19265.0,4.301
19036,19266.0,4.79
19037,19267.0,4.823
19038,19268.0,5.394
19039,19269.0,5.024
19040,19270.0,5.015
19041,19271.0,5.056
19042,19272.0,4.943
19043,19273.0,5.33
19044,19274.0,4.999
19045,19275.0,4.999
19046,19276.0,5.015
19047,19277.0,5.806
19048,19278.0,7.154
19049,19279.0,7.314
19050,19280.0,5.169
19051,19281.0,5.241
19052,19282.0,6.209
19053,19283.0,7.234
19054,19284.0,6.057
19055,19285.0,4.982
19056,19286.0,6.883
19057,19287.0,7.274
19058,19288.0,5.226
19059,19289.0,5.249
19060,19290.0,7.125
19061,19291.0,7.234
19062,19292.0,5.185
19063,19293.0,4.78
19064,19294.0,4.903
19065,19295.0,4.739
19066,19296.0,4.983
19067,19298.0,4.886
19068,19299.0,7.274
19069,19300.0,5.064
19070,19301.0,5.725
19071,19302.0,6.057
19072,19303.0,4.869
19073,19304.0,6.682
19074,19305.0,5.388
19075,19306.0,4.787
19076,19307.0,7.125
19077,19308.0,5.298
19078,19309.0,4.846
19079,19310.0,6.993
19080,19311.0,4.99
19081,19312.0,4.666
19082,19313.0,6.682
19083,19314.0,5.402
19084,19315.0,5.024
19085,19316.0,4.813
19086,19317.0,6.712
19087,19318.0,5.015
19088,19319.0,4.886
19089,19320.0,6.561
19090,19321.0,4.975
19091,19322.0,4.301
19092,19323.0,4.75
19093,19324.0,4.782
19094,19325.0,5.265
19095,19326.0,4.983
19096,19327.0,4.975
19097,19328.0,4.942
19098,19329.0,4.943
19099,19330.0,5.492
19100,19331.0,4.991
19101,19332.0,4.886
19102,19333.0,4.942
19103,19334.0,6.168
19104,19335.0,7.194
19105,19336.0,6.924
19106,19337.0,5.16
19107,19338.0,5.088
19108,19339.0,6.481
19109,19340.0,7.194
19110,19341.0,5.743
19111,19342.0,4.909
19112,19343.0,6.964
19113,19344.0,7.234
19114,19345.0,5.46
19115,19346.0,5.694
19116,19347.0,7.165
19117,19348.0,6.682
19118,19349.0,5.064
19119,19350.0,4.901
19120,19351.0,4.943
19121,19352.0,4.853
19122,19353.0,5.152
19123,19354.0,4.886
19124,19355.0,6.693
19125,19356.0,4.95
19126,19357.0,6.209
19127,19358.0,5.703
19128,19359.0,4.82
19129,19360.0,6.883
19130,19361.0,5.266
19131,19362.0,4.82
19132,19363.0,7.314
19133,19364.0,5.185
19134,19365.0,5.169
19135,19366.0,6.451
19136,19367.0,4.942
19137,19368.0,4.666
19138,19369.0,6.964
19139,19370.0,5.241
19140,19371.0,5.064
19141,19372.0,4.846
19142,19373.0,6.913
19143,19374.0,5.096
19144,19375.0,4.878
19145,19376.0,6.168
19146,19377.0,4.934
19147,19379.0,4.382
19148,19380.0,4.79
19149,19381.0,4.782
19150,19382.0,5.224
19151,19383.0,5.032
19152,19384.0,4.894
19153,19385.0,5.048
19154,19386.0,4.943
19155,19387.0,5.33
19156,19388.0,4.991
19157,19389.0,4.886
19158,19390.0,4.934
19159,19391.0,6.481
19160,19392.0,7.234
19161,19393.0,6.41
19162,19394.0,5.08
19163,19395.0,5.015
19164,19396.0,6.642
19165,19397.0,7.274
19166,19398.0,5.5
19167,19399.0,4.982
19168,19400.0,7.044
19169,19401.0,7.274
19170,19402.0,5.388
19171,19403.0,6.048
19172,19404.0,7.194
19173,19405.0,6.249
19174,19406.0,4.99
19175,19407.0,4.934
19176,19408.0,4.903
19177,19409.0,4.886
19178,19410.0,5.04
19179,19411.0,5.362
19180,19412.0,6.299
19181,19413.0,4.909
19182,19414.0,6.481
19183,19415.0,5.541
19184,19416.0,4.787
19185,19417.0,7.044
19186,19418.0,5.112
19187,19419.0,4.894
19188,19420.0,7.234
19189,19421.0,5.064
19190,19422.0,5.725
19191,19423.0,6.017
19192,19424.0,4.828
19193,19425.0,4.706
19194,19426.0,7.085
19195,19427.0,5.201
19196,19428.0,4.983
19197,19429.0,4.919
19198,19430.0,6.561
19199,19431.0,4.999
19200,19432.0,4.87
19201,19433.0,5.806
19202,19434.0,4.861
19203,19435.0,4.219
19204,19436.0,4.677
19205,19437.0,4.823
19206,19438.0,5.385
19207,19439.0,5.024
19208,19440.0,5.088
19209,19441.0,5.177
19210,19442.0,4.983
19211,19443.0,4.853
19212,19444.0,5.04
19213,19445.0,5.032
19214,19446.0,5.136
19215,19447.0,5.29
19216,19448.0,7.234
19217,19449.0,7.435
19218,19450.0,5.249
19219,19451.0,5.394
19220,19452.0,5.846
19221,19453.0,7.154
19222,19454.0,6.531
19223,19455.0,5.064
19224,19456.0,6.722
19225,19457.0,7.234
19226,19458.0,5.42
19227,19460.0,4.975
19228,19461.0,7.085
19229,19462.0,7.274
19230,19463.0,5.339
19231,19464.0,4.787
19232,19465.0,4.911
19233,19466.0,4.739
19234,19467.0,4.991
19235,19468.0,4.78
19236,19469.0,7.234
19237,19470.0,5.185
19238,19471.0,5.007
19239,19472.0,6.531
19240,19473.0,4.95
19241,19474.0,6.279
19242,19475.0,5.662
19243,19476.0,4.787
19244,19477.0,6.964
19245,19478.0,5.145
19246,19479.0,4.853
19247,19480.0,7.274
19248,19481.0,5.104
19249,19482.0,4.666
19250,19483.0,6.4
19251,19484.0,5.595
19252,19485.0,5.064
19253,19486.0,4.838
19254,19487.0,6.47
19255,19488.0,5.096
19256,19489.0,4.846
19257,19490.0,6.872
19258,19491.0,5.088
19259,19492.0,4.301
19260,19493.0,4.75
19261,19494.0,4.782
19262,19495.0,5.354
19263,19496.0,4.983
19264,19497.0,5.015
19265,19498.0,5.023
19266,19499.0,4.991
19267,19500.0,5.29
19268,19501.0,5.04
19269,19502.0,4.959
19270,19503.0,5.056
19271,19504.0,5.774
19272,19505.0,7.194
19273,19506.0,7.274
19274,19507.0,5.241
19275,19508.0,5.201
19276,19509.0,6.249
19277,19510.0,7.194
19278,19511.0,6.097
19279,19512.0,4.982
19280,19513.0,6.883
19281,19514.0,7.274
19282,19515.0,5.266
19283,19516.0,5.209
19284,19517.0,7.125
19285,19518.0,7.234
19286,19519.0,5.185
19287,19520.0,4.787
19288,19521.0,4.911
19289,19522.0,4.699
19290,19523.0,4.943
19291,19524.0,4.846
19292,19525.0,7.314
19293,19526.0,5.064
19294,19527.0,5.604
19295,19528.0,6.097
19296,19529.0,4.869
19297,19530.0,6.601
19298,19531.0,5.428
19299,19532.0,4.747
19300,19533.0,7.085
19301,19534.0,5.104
19302,19535.0,4.853
19303,19536.0,7.044
19304,19537.0,4.99
19305,19538.0,4.706
19306,19540.0,6.642
19307,19541.0,5.443
19308,19542.0,5.024
19309,19543.0,4.805
19310,19544.0,6.631
19311,19545.0,5.056
19312,19546.0,4.846
19313,19547.0,6.682
19314,19548.0,4.975
19315,19549.0,4.26
19316,19550.0,4.489
19317,19551.0,4.823
19318,19552.0,4.823
19319,19553.0,5.104
19320,19554.0,4.926
19321,19555.0,5.096
19322,19556.0,5.04
19323,19557.0,4.999
19324,19558.0,5.023
19325,19559.0,4.991
19326,19560.0,5.096
19327,19561.0,4.853
19328,19562.0,6.843
19329,19563.0,7.314
19330,19564.0,5.622
19331,19565.0,5.072
19332,19566.0,4.901
19333,19567.0,7.004
19334,19568.0,7.274
19335,19569.0,5.379
19336,19570.0,5.653
19337,19571.0,7.194
19338,19572.0,6.763
19339,19573.0,5.136
19340,19574.0,6.642
19341,19575.0,7.274
19342,19576.0,5.541
19343,19577.0,4.861
19344,19578.0,4.919
19345,19579.0,4.846
19346,19580.0,4.919
19347,19581.0,4.853
19348,19582.0,6.44
19349,19583.0,5.541
19350,19584.0,4.787
19351,19585.0,7.044
19352,19586.0,5.104
19353,19587.0,4.853
19354,19588.0,7.314
19355,19589.0,5.031
19356,19590.0,5.644
19357,19591.0,6.097
19358,19592.0,4.869
19359,19593.0,6.601
19360,19594.0,5.428
19361,19595.0,4.747
19362,19596.0,4.853
19363,19597.0,7.113
19364,19598.0,5.112
19365,19599.0,4.959
19366,19600.0,4.911
19367,19601.0,5.734
19368,19602.0,4.894
19369,19603.0,5.635
19370,19604.0,5.362
19371,19605.0,4.577
19372,19606.0,4.422
19373,19607.0,4.83
19374,19608.0,4.823
19375,19609.0,5.144
19376,19610.0,4.999
19377,19611.0,4.861
19378,19612.0,5.048
19379,19613.0,5.064
19380,19614.0,5.177
19381,19615.0,4.991
19382,19616.0,4.846
19383,19617.0,4.861
19384,19618.0,6.682
19385,19619.0,7.274
19386,19620.0,5.936
19387,19622.0,5.112
19388,19623.0,4.975
19389,19624.0,6.843
19390,19625.0,7.274
19391,19626.0,5.266
19392,19627.0,5.209
19393,19628.0,7.125
19394,19629.0,7.314
19395,19630.0,5.258
19396,19631.0,6.44
19397,19632.0,7.234
19398,19633.0,5.957
19399,19634.0,4.901
19400,19635.0,4.959
19401,19636.0,4.878
19402,19637.0,4.919
19403,19638.0,4.926
19404,19639.0,6.078
19405,19640.0,5.784
19406,19641.0,4.828
19407,19642.0,6.843
19408,19643.0,5.266
19409,19644.0,4.82
19410,19645.0,7.234
19411,19646.0,5.185
19412,19647.0,5.007
19413,19648.0,6.531
19414,19649.0,4.909
19415,19650.0,6.239
19416,19651.0,5.622
19417,19652.0,4.787
19418,19653.0,4.78
19419,19654.0,7.274
19420,19655.0,5.112
19421,19656.0,5.032
19422,19657.0,4.919
19423,19658.0,6.088
19424,19659.0,4.901
19425,19660.0,4.991
19426,19661.0,5.5
19427,19662.0,4.699
19428,19663.0,4.57
19429,19664.0,4.823
19430,19665.0,4.782
19431,19666.0,5.104
19432,19667.0,4.886
19433,19668.0,5.056
19434,19669.0,4.999
19435,19670.0,4.999
19436,19671.0,5.064
19437,19672.0,4.991
19438,19673.0,5.096
19439,19674.0,4.861
19440,19675.0,6.803
19441,19676.0,7.274
19442,19677.0,5.622
19443,19678.0,5.072
19444,19679.0,4.894
19445,19680.0,6.964
19446,19681.0,7.274
19447,19682.0,5.339
19448,19683.0,5.644
19449,19684.0,7.194
19450,19685.0,6.803
19451,19686.0,5.136
19452,19687.0,6.682
19453,19688.0,7.274
19454,19689.0,5.581
19455,19690.0,4.901
19456,19691.0,4.919
19457,19692.0,4.878
19458,19693.0,4.999
19459,19694.0,4.926
19460,19695.0,6.44
19461,19696.0,5.581
19462,19697.0,4.787
19463,19698.0,7.044
19464,19699.0,5.145
19465,19700.0,4.894
19466,19701.0,7.274
19467,19702.0,5.064
19468,19704.0,5.604
19469,19705.0,6.097
19470,19706.0,4.869
19471,19707.0,6.601
19472,19708.0,5.428
19473,19709.0,4.787
19474,19710.0,4.853
19475,19711.0,7.194
19476,19712.0,5.104
19477,19713.0,4.959
19478,19714.0,4.951
19479,19715.0,5.806
19480,19716.0,4.901
19481,19717.0,5.474
19482,19718.0,5.379
19483,19719.0,4.577
19484,19720.0,4.496
19485,19721.0,4.79
19486,19722.0,4.823
19487,19723.0,5.144
19488,19724.0,4.999
19489,19725.0,4.894
19490,19726.0,5.048
19491,19727.0,5.064
19492,19728.0,5.177
19493,19729.0,4.991
19494,19730.0,4.853
19495,19731.0,4.894
19496,19732.0,6.601
19497,19733.0,7.234
19498,19734.0,6.057
19499,19735.0,5.072
19500,19736.0,4.975
19501,19737.0,6.803
19502,19738.0,7.274
19503,19739.0,5.339
19504,19740.0,4.975
19505,19741.0,7.085
19506,19742.0,7.314
19507,19743.0,5.226
19508,19744.0,6.37
19509,19745.0,7.234
19510,19746.0,5.896
19511,19747.0,4.942
19512,19748.0,4.926
19513,19749.0,4.911
19514,19750.0,4.919
19515,19751.0,4.967
19516,19752.0,5.967
19517,19753.0,5.905
19518,19754.0,4.869
19519,19755.0,6.763
19520,19756.0,5.347
19521,19757.0,4.828
19522,19758.0,7.246
19523,19759.0,5.226
19524,19760.0,4.886
19525,19761.0,6.693
19526,19762.0,4.982
19527,19763.0,6.128
19528,19764.0,5.734
19529,19765.0,4.787
19530,19766.0,4.82
19531,19767.0,7.246
19532,19768.0,5.169
19533,19769.0,5.032
19534,19770.0,4.919
19535,19771.0,6.168
19536,19772.0,4.901
19537,19773.0,4.911
19538,19774.0,5.572
19539,19775.0,4.78
19540,19776.0,4.179
19541,19777.0,4.75
19542,19778.0,4.782
19543,19779.0,5.265
19544,19780.0,5.104
19545,19781.0,4.934
19546,19782.0,5.064
19547,19783.0,4.943
19548,19784.0,5.411
19549,19786.0,4.991
19550,19787.0,4.886
19551,19788.0,4.942
19552,19789.0,6.249
19553,19790.0,7.234
19554,19791.0,6.722
19555,19792.0,5.12
19556,19793.0,5.048
19557,19794.0,6.561
19558,19795.0,7.234
19559,19796.0,5.662
19560,19797.0,4.861
19561,19798.0,7.004
19562,19799.0,7.274
19563,19800.0,5.541
19564,19801.0,5.846
19565,19802.0,7.194
19566,19803.0,6.531
19567,19804.0,5.064
19568,19805.0,4.901
19569,19806.0,4.943
19570,19807.0,4.886
19571,19808.0,5.112
19572,19809.0,4.959
19573,19810.0,6.612
19574,19811.0,4.95
19575,19812.0,6.239
19576,19813.0,5.662
19577,19814.0,4.828
19578,19815.0,6.924
19579,19816.0,5.226
19580,19817.0,4.82
19581,19818.0,7.274
19582,19819.0,5.104
19583,19820.0,5.29
19584,19821.0,6.34
19585,19822.0,4.901
19586,19823.0,4.673
19587,19824.0,7.004
19588,19825.0,5.241
19589,19826.0,5.064
19590,19827.0,4.886
19591,19828.0,6.953
19592,19829.0,5.015
19593,19830.0,4.919
19594,19831.0,6.048
19595,19832.0,4.934
19596,19833.0,4.179
19597,19834.0,4.53
19598,19835.0,4.782
19599,19836.0,4.823
19600,19837.0,5.064
19601,19838.0,4.926
19602,19839.0,5.056
19603,19840.0,4.999
19604,19841.0,4.999
19605,19842.0,5.056
19606,19843.0,4.983
19607,19844.0,5.096
19608,19845.0,4.82
19609,19846.0,6.803
19610,19847.0,7.274
19611,19848.0,5.662
19612,19849.0,5.072
19613,19850.0,4.861
19614,19851.0,6.964
19615,19852.0,7.274
19616,19853.0,5.307
19617,19854.0,5.653
19618,19855.0,7.194
19619,19856.0,6.763
19620,19857.0,5.104
19621,19858.0,6.601
19622,19859.0,7.274
19623,19860.0,5.541
19624,19861.0,4.861
19625,19862.0,4.919
19626,19863.0,4.846
19627,19864.0,4.919
19628,19865.0,4.853
19629,19866.0,6.44
19630,19867.0,5.541
19631,19868.0,4.787
19632,19869.0,7.044
19633,19871.0,5.145
19634,19872.0,4.853
19635,19873.0,7.274
19636,19874.0,5.064
19637,19875.0,5.644
19638,19876.0,6.097
19639,19877.0,4.869
19640,19878.0,6.601
19641,19879.0,5.388
19642,19880.0,4.787
19643,19881.0,4.813
19644,19882.0,7.194
19645,19883.0,5.12
19646,19884.0,4.999
19647,19885.0,4.911
19648,19886.0,5.837
19649,19887.0,4.894
19650,19888.0,5.635
19651,19889.0,5.33
19652,19890.0,4.658
19653,19891.0,4.677
19654,19892.0,4.823
19655,19893.0,4.823
19656,19894.0,5.064
19657,19895.0,4.846
19658,19896.0,5.411
19659,19897.0,4.991
19660,19898.0,4.886
19661,19899.0,5.096
19662,19900.0,4.983
19663,19901.0,5.379
19664,19902.0,4.78
19665,19903.0,7.044
19666,19904.0,7.314
19667,19905.0,5.307
19668,19906.0,5.024
19669,19907.0,4.926
19670,19908.0,7.085
19671,19909.0,7.274
19672,19910.0,5.266
19673,19911.0,6.289
19674,19912.0,7.194
19675,19913.0,5.976
19676,19914.0,4.942
19677,19915.0,6.883
19678,19916.0,7.274
19679,19917.0,5.226
19680,19918.0,4.828
19681,19919.0,4.911
19682,19920.0,4.772
19683,19921.0,4.951
19684,19922.0,4.78
19685,19923.0,6.924
19686,19924.0,5.185
19687,19925.0,4.861
19688,19926.0,7.274
19689,19927.0,5.145
19690,19928.0,5.249
19691,19929.0,6.37
19692,19930.0,4.909
19693,19931.0,6.4
19694,19932.0,5.541
19695,19933.0,4.787
19696,19934.0,7.004
19697,19935.0,5.145
19698,19936.0,4.706
19699,19937.0,5.362
19700,19938.0,6.249
19701,19939.0,5.072
19702,19940.0,4.886
19703,19941.0,5.434
19704,19942.0,5.379
19705,19943.0,4.861
19706,19944.0,6.32
19707,19945.0,5.169
19708,19946.0,4.422
19709,19947.0,4.757
19710,19948.0,4.782
19711,19949.0,5.466
19712,19950.0,5.024
19713,19951.0,5.088
19714,19952.0,5.217
19715,19953.0,5.032
19716,19955.0,4.853
19717,19956.0,5.088
19718,19957.0,5.024
19719,19958.0,5.249
19720,19959.0,5.056
19721,19960.0,7.125
19722,19961.0,7.274
19723,19962.0,5.298
19724,19963.0,5.064
19725,19964.0,5.523
19726,19965.0,7.154
19727,19966.0,6.843
19728,19967.0,5.104
19729,19968.0,6.561
19730,19969.0,7.234
19731,19970.0,5.581
19732,19971.0,4.982
19733,19972.0,7.004
19734,19973.0,7.274
19735,19974.0,5.46
19736,19975.0,4.78
19737,19976.0,4.911
19738,19977.0,4.739
19739,19978.0,4.991
19740,19979.0,4.78
19741,19980.0,7.165
19742,19981.0,5.266
19743,19982.0,4.886
19744,19983.0,6.964
19745,19984.0,4.982
19746,19985.0,5.967
19747,19986.0,5.864
19748,19987.0,4.861
19749,19988.0,6.763
19750,19989.0,5.307
19751,19990.0,4.787
19752,19991.0,7.205
19753,19992.0,5.185
19754,19993.0,4.706
19755,19994.0,6.048
19756,19995.0,5.837
19757,19996.0,5.024
19758,19997.0,4.886
19759,19998.0,6.078
19760,19999.0,5.217
19761,20000.0,4.82
19762,20001.0,6.752
19763,20002.0,5.023
19764,20003.0,4.341
19765,20004.0,4.677
19766,20005.0,4.823
19767,20006.0,5.466
19768,20007.0,5.024
19769,20008.0,5.136
19770,20009.0,5.217
19771,20010.0,4.951
19772,20011.0,4.846
19773,20012.0,5.048
19774,20013.0,5.104
19775,20014.0,5.177
19776,20015.0,5.088
19777,20016.0,7.085
19778,20017.0,7.314
19779,20018.0,5.298
19780,20019.0,5.144
19781,20020.0,5.523
19782,20021.0,7.154
19783,20022.0,6.883
19784,20023.0,5.104
19785,20024.0,6.601
19786,20025.0,7.234
19787,20026.0,5.581
19788,20027.0,4.942
19789,20028.0,7.004
19790,20029.0,7.274
19791,20030.0,5.5
19792,20031.0,4.787
19793,20032.0,4.911
19794,20033.0,4.739
19795,20034.0,4.951
19796,20035.0,4.739
19797,20036.0,7.125
19798,20037.0,5.266
19799,20039.0,4.846
19800,20040.0,6.924
19801,20041.0,4.99
19802,20042.0,5.927
19803,20043.0,5.864
19804,20044.0,4.828
19805,20045.0,6.763
19806,20046.0,5.307
19807,20047.0,4.828
19808,20048.0,7.194
19809,20049.0,5.185
19810,20050.0,4.706
19811,20051.0,6.078
19812,20052.0,5.806
19813,20053.0,5.032
19814,20054.0,4.853
19815,20055.0,6.118
19816,20056.0,5.217
19817,20057.0,4.82
19818,20058.0,6.712
19819,20059.0,5.015
19820,20060.0,4.301
19821,20061.0,4.75
19822,20062.0,4.782
19823,20063.0,5.385
19824,20064.0,4.983
19825,20065.0,5.096
19826,20066.0,5.096
19827,20067.0,4.991
19828,20068.0,4.853
19829,20069.0,5.04
19830,20070.0,4.991
19831,20071.0,5.096
19832,20072.0,5.451
19833,20073.0,7.165
19834,20074.0,7.274
19835,20075.0,5.249
19836,20076.0,5.313
19837,20077.0,6.007
19838,20078.0,7.154
19839,20079.0,6.33
19840,20080.0,5.023
19841,20081.0,6.803
19842,20082.0,7.234
19843,20083.0,5.379
19844,20084.0,4.934
19845,20085.0,7.125
19846,20086.0,7.274
19847,20087.0,5.298
19848,20088.0,4.747
19849,20089.0,4.911
19850,20090.0,4.739
19851,20091.0,4.991
19852,20092.0,4.813
19853,20093.0,7.274
19854,20094.0,5.104
19855,20095.0,5.29
19856,20096.0,6.34
19857,20097.0,4.909
19858,20098.0,6.4
19859,20099.0,5.541
19860,20100.0,4.787
19861,20101.0,7.004
19862,20102.0,5.104
19863,20103.0,4.853
19864,20104.0,7.274
19865,20105.0,5.031
19866,20106.0,4.666
19867,20107.0,6.521
19868,20108.0,5.532
19869,20109.0,5.024
19870,20110.0,4.846
19871,20111.0,6.551
19872,20112.0,5.096
19873,20113.0,4.846
19874,20114.0,6.913
19875,20115.0,5.015
19876,20116.0,4.301
19877,20117.0,4.603
19878,20118.0,4.782
19879,20120.0,4.823
19880,20121.0,5.064
19881,20122.0,4.853
19882,20123.0,5.46
19883,20124.0,4.991
19884,20125.0,4.926
19885,20126.0,4.942
19886,20127.0,4.983
19887,20128.0,5.411
19888,20129.0,4.82
19889,20130.0,6.964
19890,20131.0,7.274
19891,20132.0,5.307
19892,20133.0,5.072
19893,20134.0,4.975
19894,20135.0,7.125
19895,20136.0,7.274
19896,20137.0,5.339
19897,20138.0,6.168
19898,20139.0,7.234
19899,20140.0,6.097
19900,20141.0,5.023
19901,20142.0,6.843
19902,20143.0,7.274
19903,20144.0,5.266
19904,20145.0,4.861
19905,20146.0,4.911
19906,20147.0,4.846
19907,20148.0,4.951
19908,20149.0,4.853
19909,20150.0,6.803
19910,20151.0,5.298
19911,20152.0,4.82
19912,20153.0,7.234
19913,20154.0,5.185
19914,20155.0,4.926
19915,20156.0,6.572
19916,20157.0,4.95
19917,20158.0,6.239
19918,20159.0,5.662
19919,20160.0,4.787
19920,20161.0,6.924
19921,20162.0,5.226
19922,20163.0,4.747
19923,20164.0,5.088
19924,20165.0,6.44
19925,20166.0,5.072
19926,20167.0,4.919
19927,20168.0,5.152
19928,20169.0,5.492
19929,20170.0,4.861
19930,20171.0,6.159
19931,20172.0,5.177
19932,20173.0,4.422
19933,20174.0,4.644
19934,20175.0,4.823
19935,20176.0,4.823
19936,20177.0,5.024
19937,20178.0,4.846
19938,20179.0,5.46
19939,20180.0,4.991
19940,20181.0,4.886
19941,20182.0,4.975
19942,20183.0,4.943
19943,20184.0,5.451
19944,20185.0,4.78
19945,20186.0,7.004
19946,20187.0,7.274
19947,20188.0,5.339
19948,20189.0,5.024
19949,20190.0,4.967
19950,20191.0,7.085
19951,20192.0,7.274
19952,20193.0,5.307
19953,20194.0,6.249
19954,20195.0,7.194
19955,20196.0,6.097
19956,20197.0,4.95
19957,20198.0,6.843
19958,20199.0,7.234
19959,20200.0,5.298
19960,20201.0,4.828
19961,20202.0,4.959
19962,20203.0,4.772
19963,20204.0,4.991
19964,20206.0,4.82
19965,20207.0,6.843
19966,20208.0,5.226
19967,20209.0,4.861
19968,20210.0,7.234
19969,20211.0,5.217
19970,20212.0,5.007
19971,20213.0,6.572
19972,20214.0,4.909
19973,20215.0,6.289
19974,20216.0,5.662
19975,20217.0,4.787
19976,20218.0,6.924
19977,20219.0,5.185
19978,20220.0,4.706
19979,20221.0,5.128
19980,20222.0,6.41
19981,20223.0,5.072
19982,20224.0,4.886
19983,20225.0,5.193
19984,20226.0,5.451
19985,20227.0,4.82
19986,20228.0,6.199
19987,20229.0,5.177
19988,20230.0,4.463
19989,20231.0,4.717
19990,20232.0,4.823
19991,20233.0,5.305
19992,20234.0,5.024
19993,20235.0,4.975
19994,20236.0,5.258
19995,20237.0,4.991
19996,20238.0,4.894
19997,20239.0,5.048
19998,20240.0,4.943
19999,20241.0,5.217
20000,20242.0,5.056
20001,20243.0,7.085
20002,20244.0,7.314
20003,20245.0,5.307
20004,20246.0,5.024
20005,20247.0,5.371
20006,20248.0,7.165
20007,20249.0,7.073
20008,20250.0,5.145
20009,20251.0,6.521
20010,20252.0,7.234
20011,20253.0,5.662
20012,20254.0,4.901
20013,20255.0,6.964
20014,20256.0,7.314
20015,20257.0,5.541
20016,20258.0,4.787
20017,20259.0,4.911
20018,20260.0,4.772
20019,20261.0,4.951
20020,20262.0,4.78
20021,20263.0,7.085
20022,20264.0,5.145
20023,20265.0,4.853
20024,20266.0,7.205
20025,20267.0,4.99
20026,20268.0,5.765
20027,20269.0,5.976
20028,20270.0,4.861
20029,20271.0,6.682
20030,20272.0,5.379
20031,20273.0,4.747
20032,20274.0,7.165
20033,20275.0,5.226
20034,20276.0,4.747
20035,20277.0,5.886
20036,20278.0,5.927
20037,20279.0,5.032
20038,20280.0,4.846
20039,20281.0,5.908
20040,20282.0,5.258
20041,20283.0,4.82
20042,20284.0,6.642
20043,20285.0,5.023
20044,20286.0,4.341
20045,20287.0,4.757
20046,20288.0,4.782
20047,20289.0,5.506
20048,20291.0,4.983
20049,20292.0,5.169
20050,20293.0,5.185
20051,20294.0,4.991
20052,20295.0,4.853
20053,20296.0,5.048
20054,20297.0,5.064
20055,20298.0,5.177
20056,20299.0,5.056
20057,20300.0,7.125
20058,20301.0,7.314
20059,20302.0,5.298
20060,20303.0,5.104
20061,20304.0,5.604
20062,20305.0,7.154
20063,20306.0,6.843
20064,20307.0,5.104
20065,20308.0,6.601
20066,20309.0,7.234
20067,20310.0,5.581
20068,20311.0,4.982
20069,20312.0,7.044
20070,20313.0,7.274
20071,20314.0,5.46
20072,20315.0,4.787
20073,20316.0,4.951
20074,20317.0,4.739
20075,20318.0,4.991
20076,20319.0,4.787
20077,20320.0,7.194
20078,20321.0,5.226
20079,20322.0,4.886
20080,20323.0,6.803
20081,20324.0,4.99
20082,20325.0,6.088
20083,20326.0,5.815
20084,20327.0,4.828
20085,20328.0,6.843
20086,20329.0,5.266
20087,20330.0,4.861
20088,20331.0,7.234
20089,20332.0,5.185
20090,20333.0,4.706
20091,20334.0,6.209
20092,20335.0,5.756
20093,20336.0,5.064
20094,20337.0,4.846
20095,20338.0,6.279
20096,20339.0,5.177
20097,20340.0,4.894
20098,20341.0,6.792
20099,20342.0,5.177
20100,20343.0,4.301
20101,20344.0,4.75
20102,20345.0,4.823
20103,20346.0,5.345
20104,20347.0,4.983
20105,20348.0,5.056
20106,20349.0,5.096
20107,20350.0,4.991
20108,20351.0,4.894
20109,20352.0,4.999
20110,20353.0,4.991
20111,20354.0,5.088
20112,20355.0,5.492
20113,20356.0,7.165
20114,20357.0,7.314
20115,20358.0,5.249
20116,20359.0,5.313
20117,20360.0,6.007
20118,20361.0,7.194
20119,20362.0,6.33
20120,20363.0,5.023
20121,20364.0,6.803
20122,20365.0,7.274
20123,20366.0,5.347
20124,20367.0,4.975
20125,20368.0,7.085
20126,20369.0,7.274
20127,20370.0,5.266
20128,20371.0,4.787
20129,20373.0,4.911
20130,20374.0,4.739
20131,20375.0,4.983
20132,20376.0,4.853
20133,20377.0,7.274
20134,20378.0,5.145
20135,20379.0,5.209
20136,20380.0,6.38
20137,20381.0,4.909
20138,20382.0,6.4
20139,20383.0,5.541
20140,20384.0,4.787
20141,20385.0,7.004
20142,20386.0,5.145
20143,20387.0,4.813
20144,20388.0,7.314
20145,20389.0,5.072
20146,20390.0,4.706
20147,20391.0,6.481
20148,20392.0,5.564
20149,20393.0,5.024
20150,20394.0,4.846
20151,20395.0,6.511
20152,20396.0,5.096
20153,20397.0,4.853
20154,20398.0,6.913
20155,20399.0,5.056
20156,20400.0,4.301
20157,20401.0,4.757
20158,20402.0,4.83
20159,20403.0,5.425
20160,20404.0,4.983
20161,20405.0,5.096
20162,20406.0,5.145
20163,20407.0,4.991
20164,20408.0,4.853
20165,20409.0,5.007
20166,20410.0,5.032
20167,20411.0,5.177
20168,20412.0,5.136
20169,20413.0,7.125
20170,20414.0,7.314
20171,20415.0,5.258
20172,20416.0,5.305
20173,20417.0,5.725
20174,20418.0,7.154
20175,20419.0,6.722
20176,20420.0,5.064
20177,20421.0,6.642
20178,20422.0,7.234
20179,20423.0,5.541
20180,20424.0,4.942
20181,20425.0,7.044
20182,20426.0,7.274
20183,20427.0,5.42
20184,20428.0,4.787
20185,20429.0,4.911
20186,20430.0,4.739
20187,20431.0,4.991
20188,20432.0,4.787
20189,20433.0,7.205
20190,20434.0,5.266
20191,20435.0,4.886
20192,20436.0,6.763
20193,20437.0,4.95
20194,20438.0,6.088
20195,20439.0,5.784
20196,20440.0,4.828
20197,20441.0,6.843
20198,20442.0,5.226
20199,20443.0,4.82
20200,20444.0,7.234
20201,20445.0,5.185
20202,20446.0,4.714
20203,20447.0,6.209
20204,20448.0,5.725
20205,20449.0,5.064
20206,20450.0,4.853
20207,20451.0,6.229
20208,20452.0,5.145
20209,20453.0,4.853
20210,20454.0,6.832
20211,20455.0,5.128
20212,20456.0,4.341
20213,20458.0,4.79
20214,20459.0,4.782
20215,20460.0,5.345
20216,20461.0,4.983
20217,20462.0,5.088
20218,20463.0,5.064
20219,20464.0,4.983
20220,20465.0,5.056
20221,20466.0,5.04
20222,20467.0,4.959
20223,20468.0,5.064
20224,20469.0,5.613
20225,20470.0,7.165
20226,20471.0,7.314
20227,20472.0,5.209
20228,20473.0,5.273
20229,20474.0,6.088
20230,20475.0,7.194
20231,20476.0,6.249
20232,20477.0,5.023
20233,20478.0,6.803
20234,20479.0,7.274
20235,20480.0,5.347
20236,20481.0,4.975
20237,20482.0,7.085
20238,20483.0,7.274
20239,20484.0,5.226
20240,20485.0,4.787
20241,20486.0,4.911
20242,20487.0,4.739
20243,20488.0,4.983
20244,20489.0,4.853
20245,20490.0,7.314
20246,20491.0,5.104
20247,20492.0,5.402
20248,20493.0,6.259
20249,20494.0,4.869
20250,20495.0,6.481
20251,20496.0,5.509
20252,20497.0,4.787
20253,20498.0,7.044
20254,20499.0,5.104
20255,20500.0,4.853
20256,20501.0,7.274
20257,20502.0,5.031
20258,20503.0,4.706
20259,20504.0,6.561
20260,20505.0,5.515
20261,20506.0,5.024
20262,20507.0,4.805
20263,20508.0,6.591
20264,20509.0,5.096
20265,20510.0,4.853
20266,20511.0,6.832
20267,20512.0,5.096
20268,20513.0,4.422
20269,20514.0,4.79
20270,20515.0,4.863
20271,20516.0,5.224
20272,20517.0,5.144
20273,20518.0,4.934
20274,20519.0,5.015
20275,20520.0,4.943
20276,20521.0,5.492
20277,20522.0,5.032
20278,20523.0,4.959
20279,20524.0,4.975
20280,20525.0,6.048
20281,20526.0,7.194
20282,20527.0,7.274
20283,20528.0,5.16
20284,20529.0,5.233
20285,20530.0,6.239
20286,20531.0,7.194
20287,20532.0,6.057
20288,20533.0,4.982
20289,20534.0,6.964
20290,20535.0,7.274
20291,20536.0,5.347
20292,20537.0,4.934
20293,20538.0,7.085
20294,20539.0,7.234
20295,20541.0,5.307
20296,20542.0,4.787
20297,20543.0,4.911
20298,20544.0,4.739
20299,20545.0,4.991
20300,20546.0,4.78
20301,20547.0,7.194
20302,20548.0,5.226
20303,20549.0,4.886
20304,20550.0,6.924
20305,20551.0,4.99
20306,20552.0,5.927
20307,20553.0,5.905
20308,20554.0,4.869
20309,20555.0,6.682
20310,20556.0,5.388
20311,20557.0,4.787
20312,20558.0,7.125
20313,20559.0,5.104
20314,20560.0,4.706
20315,20561.0,5.604
20316,20562.0,6.159
20317,20563.0,5.064
20318,20564.0,4.886
20319,20565.0,5.515
20320,20566.0,5.379
20321,20567.0,4.853
20322,20568.0,6.4
20323,20569.0,5.136
20324,20570.0,4.382
20325,20571.0,4.75
20326,20572.0,4.79
20327,20573.0,5.385
20328,20574.0,4.983
20329,20575.0,5.088
20330,20576.0,5.104
20331,20577.0,4.991
20332,20578.0,4.813
20333,20579.0,5.04
20334,20580.0,5.032
20335,20581.0,5.128
20336,20582.0,5.33
20337,20583.0,7.205
20338,20584.0,7.314
20339,20585.0,5.298
20340,20586.0,5.354
20341,20587.0,5.886
20342,20588.0,7.165
20343,20589.0,6.521
20344,20590.0,5.023
20345,20591.0,6.722
20346,20592.0,7.234
20347,20593.0,5.42
20348,20594.0,4.975
20349,20595.0,7.044
20350,20596.0,7.274
20351,20597.0,5.339
20352,20598.0,4.78
20353,20599.0,4.951
20354,20600.0,4.739
20355,20601.0,4.991
20356,20602.0,4.82
20357,20603.0,7.234
20358,20604.0,5.185
20359,20605.0,4.926
20360,20606.0,6.572
20361,20607.0,4.909
20362,20608.0,6.239
20363,20609.0,5.662
20364,20610.0,4.828
20365,20611.0,6.924
20366,20612.0,5.185
20367,20613.0,4.82
20368,20614.0,7.274
20369,20615.0,5.104
20370,20616.0,4.706
20371,20617.0,6.289
20372,20618.0,5.676
20373,20619.0,5.024
20374,20620.0,4.838
20375,20621.0,6.31
20376,20622.0,5.16
20377,20623.0,4.813
20378,20624.0,6.872
20379,20626.0,5.128
20380,20627.0,4.341
20381,20628.0,4.79
20382,20629.0,4.823
20383,20630.0,5.305
20384,20631.0,5.024
20385,20632.0,4.934
20386,20633.0,4.982
20387,20634.0,4.951
20388,20635.0,5.523
20389,20636.0,4.991
20390,20637.0,4.919
20391,20638.0,4.975
20392,20639.0,6.128
20393,20640.0,7.194
20394,20641.0,7.085
20395,20642.0,5.12
20396,20643.0,5.16
20397,20644.0,6.4
20398,20645.0,7.274
20399,20646.0,5.784
20400,20647.0,4.942
20401,20648.0,6.924
20402,20649.0,7.274
20403,20650.0,5.266
20404,20651.0,5.613
20405,20652.0,7.125
20406,20653.0,6.803
20407,20654.0,5.064
20408,20655.0,4.747
20409,20656.0,4.911
20410,20657.0,4.861
20411,20658.0,5.193
20412,20659.0,4.846
20413,20660.0,6.883
20414,20661.0,4.99
20415,20662.0,6.048
20416,20663.0,5.784
20417,20664.0,4.828
20418,20665.0,6.803
20419,20666.0,5.266
20420,20667.0,4.828
20421,20668.0,7.205
20422,20669.0,5.185
20423,20670.0,4.967
20424,20671.0,6.531
20425,20672.0,4.95
20426,20673.0,4.673
20427,20674.0,6.883
20428,20675.0,5.281
20429,20676.0,5.024
20430,20677.0,4.846
20431,20678.0,6.872
20432,20679.0,5.056
20433,20680.0,4.878
20434,20681.0,6.239
20435,20682.0,4.934
20436,20683.0,4.577
20437,20684.0,4.83
20438,20685.0,4.782
20439,20686.0,5.144
20440,20687.0,4.959
20441,20688.0,4.853
20442,20689.0,5.007
20443,20690.0,5.032
20444,20691.0,5.096
20445,20692.0,4.991
20446,20693.0,4.813
20447,20694.0,4.894
20448,20695.0,6.722
20449,20696.0,7.274
20450,20697.0,5.815
20451,20698.0,5.112
20452,20699.0,4.934
20453,20700.0,6.883
20454,20701.0,7.234
20455,20702.0,5.298
20456,20703.0,5.249
20457,20704.0,7.205
20458,20705.0,7.154
20459,20706.0,5.217
20460,20707.0,6.44
20461,20708.0,7.234
20462,20710.0,5.734
20463,20711.0,4.901
20464,20712.0,4.926
20465,20713.0,4.878
20466,20714.0,4.919
20467,20715.0,4.926
20468,20716.0,6.118
20469,20717.0,5.743
20470,20718.0,4.828
20471,20719.0,6.843
20472,20720.0,5.226
20473,20721.0,4.82
20474,20722.0,7.274
20475,20723.0,5.145
20476,20724.0,5.088
20477,20725.0,6.451
20478,20726.0,4.909
20479,20727.0,6.289
20480,20728.0,5.581
20481,20729.0,4.787
20482,20730.0,4.78
20483,20731.0,7.274
20484,20732.0,5.144
20485,20733.0,5.032
20486,20734.0,4.911
20487,20735.0,6.088
20488,20736.0,4.934
20489,20737.0,4.991
20490,20738.0,5.541
20491,20739.0,4.739
20492,20740.0,4.496
20493,20741.0,4.79
20494,20742.0,4.823
20495,20743.0,5.104
20496,20744.0,4.967
20497,20745.0,4.853
20498,20746.0,5.04
20499,20747.0,4.991
20500,20748.0,5.136
20501,20749.0,4.991
20502,20750.0,4.853
20503,20751.0,4.861
20504,20752.0,6.763
20505,20753.0,7.234
20506,20754.0,5.815
20507,20755.0,5.072
20508,20756.0,4.926
20509,20757.0,6.883
20510,20758.0,7.274
20511,20759.0,5.185
20512,20760.0,5.451
20513,20761.0,7.125
20514,20762.0,7.085
20515,20763.0,5.145
20516,20764.0,6.561
20517,20765.0,7.234
20518,20766.0,5.694
20519,20767.0,4.909
20520,20768.0,4.926
20521,20769.0,4.878
20522,20770.0,4.919
20523,20771.0,4.926
20524,20772.0,6.239
20525,20773.0,5.662
20526,20774.0,4.828
20527,20775.0,6.924
20528,20776.0,5.185
20529,20777.0,4.82
20530,20778.0,7.274
20531,20779.0,5.104
20532,20780.0,5.29
20533,20781.0,6.33
20534,20782.0,4.909
20535,20783.0,6.4
20536,20784.0,5.541
20537,20785.0,4.787
20538,20786.0,4.82
20539,20787.0,7.274
20540,20788.0,5.12
20541,20789.0,4.991
20542,20790.0,4.919
20543,20791.0,5.967
20544,20792.0,4.894
20545,20793.0,5.233
20546,20795.0,5.451
20547,20796.0,4.658
20548,20797.0,4.57
20549,20798.0,4.79
20550,20799.0,4.782
20551,20800.0,5.064
20552,20801.0,4.886
20553,20802.0,5.46
20554,20803.0,4.999
20555,20804.0,4.959
20556,20805.0,5.023
20557,20806.0,4.991
20558,20807.0,5.532
20559,20808.0,4.82
20560,20809.0,6.843
20561,20810.0,7.274
20562,20811.0,5.541
20563,20812.0,5.072
20564,20813.0,4.861
20565,20814.0,7.004
20566,20815.0,7.274
20567,20816.0,5.541
20568,20817.0,5.846
20569,20818.0,7.194
20570,20819.0,6.491
20571,20820.0,5.064
20572,20821.0,6.682
20573,20822.0,7.274
20574,20823.0,5.42
20575,20824.0,4.901
20576,20825.0,4.919
20577,20826.0,4.838
20578,20827.0,4.919
20579,20828.0,4.886
20580,20829.0,6.561
20581,20830.0,5.46
20582,20831.0,4.787
20583,20832.0,7.085
20584,20833.0,5.104
20585,20834.0,4.853
20586,20835.0,7.125
20587,20836.0,4.99
20588,20837.0,5.846
20589,20838.0,5.936
20590,20839.0,4.828
20591,20840.0,6.722
20592,20841.0,5.347
20593,20842.0,4.747
20594,20843.0,4.846
20595,20844.0,6.883
20596,20845.0,5.08
20597,20846.0,4.919
20598,20847.0,4.911
20599,20848.0,5.653
20600,20849.0,4.861
20601,20850.0,5.796
20602,20851.0,5.298
20603,20852.0,4.537
20604,20853.0,4.717
20605,20854.0,4.823
20606,20855.0,4.903
20607,20856.0,5.024
20608,20857.0,4.853
20609,20858.0,5.298
20610,20859.0,4.991
20611,20860.0,4.886
20612,20861.0,5.056
20613,20862.0,4.943
20614,20863.0,5.298
20615,20864.0,4.861
20616,20865.0,7.085
20617,20866.0,7.314
20618,20867.0,5.226
20619,20868.0,5.024
20620,20869.0,5.16
20621,20870.0,7.113
20622,20871.0,7.274
20623,20872.0,5.185
20624,20873.0,6.451
20625,20874.0,7.194
20626,20875.0,5.815
20627,20876.0,4.901
20628,20877.0,6.964
20629,20879.0,7.274
20630,20880.0,5.298
20631,20881.0,4.787
20632,20882.0,4.951
20633,20883.0,4.78
20634,20884.0,4.991
20635,20885.0,4.78
20636,20886.0,7.044
20637,20887.0,5.104
20638,20888.0,4.894
20639,20889.0,7.314
20640,20890.0,5.072
20641,20891.0,5.564
20642,20892.0,6.138
20643,20893.0,4.869
20644,20894.0,6.561
20645,20895.0,5.428
20646,20896.0,4.787
20647,20897.0,7.085
20648,20898.0,5.072
20649,20899.0,4.706
20650,20900.0,5.685
20651,20901.0,6.078
20652,20902.0,5.032
20653,20903.0,4.886
20654,20904.0,5.716
20655,20905.0,5.298
20656,20906.0,4.82
20657,20907.0,6.521
20658,20908.0,5.056
20659,20909.0,4.382
20660,20910.0,4.677
20661,20911.0,4.823
20662,20912.0,5.104
20663,20913.0,5.024
20664,20914.0,4.853
20665,20915.0,5.298
20666,20916.0,4.991
20667,20917.0,4.853
20668,20918.0,5.056
20669,20919.0,4.943
20670,20920.0,5.258
20671,20921.0,5.056
20672,20922.0,7.085
20673,20923.0,7.314
20674,20924.0,5.266
20675,20925.0,5.032
20676,20926.0,5.33
20677,20927.0,7.165
20678,20928.0,7.154
20679,20929.0,5.185
20680,20930.0,6.481
20681,20931.0,7.234
20682,20932.0,5.703
20683,20933.0,4.901
20684,20934.0,6.964
20685,20935.0,7.274
20686,20936.0,5.46
20687,20937.0,4.82
20688,20938.0,4.911
20689,20939.0,4.813
20690,20940.0,4.951
20691,20941.0,4.78
20692,20942.0,7.044
20693,20943.0,5.145
20694,20944.0,4.853
20695,20945.0,7.314
20696,20946.0,5.031
20697,20947.0,5.725
20698,20948.0,6.057
20699,20949.0,4.869
20700,20950.0,6.601
20701,20951.0,5.388
20702,20952.0,4.747
20703,20953.0,7.125
20704,20954.0,5.226
20705,20955.0,4.714
20706,20956.0,5.806
20707,20957.0,5.957
20708,20958.0,5.032
20709,20959.0,4.846
20710,20960.0,5.868
20711,20961.0,5.249
20712,20962.0,4.813
20713,20963.0,6.642
20714,20965.0,5.088
20715,20966.0,4.341
20716,20967.0,4.603
20717,20968.0,4.79
20718,20969.0,4.823
20719,20970.0,5.064
20720,20971.0,4.853
20721,20972.0,5.541
20722,20973.0,4.991
20723,20974.0,4.919
20724,20975.0,4.982
20725,20976.0,4.943
20726,20977.0,5.492
20727,20978.0,4.78
20728,20979.0,6.964
20729,20980.0,7.274
20730,20981.0,5.42
20731,20982.0,5.032
20732,20983.0,4.934
20733,20984.0,7.044
20734,20985.0,7.314
20735,20986.0,5.388
20736,20987.0,6.088
20737,20988.0,7.194
20738,20989.0,6.259
20739,20990.0,4.982
20740,20991.0,6.803
20741,20992.0,7.234
20742,20993.0,5.339
20743,20994.0,4.828
20744,20995.0,4.959
20745,20996.0,4.813
20746,20997.0,4.951
20747,20998.0,4.82
20748,20999.0,6.763
20749,21000.0,5.307
20750,21001.0,4.861
20751,21002.0,7.165
20752,21003.0,5.266
20753,21004.0,4.886
20754,21005.0,6.763
20755,21006.0,4.95
20756,21007.0,6.088
20757,21008.0,5.784
20758,21009.0,4.828
20759,21010.0,6.843
20760,21011.0,5.226
20761,21012.0,4.706
20762,21013.0,4.886
20763,21014.0,6.572
20764,21015.0,5.072
20765,21016.0,4.926
20766,21017.0,4.991
20767,21018.0,5.5
20768,21019.0,4.82
20769,21020.0,6.118
20770,21021.0,5.177
20771,21022.0,4.463
20772,21023.0,4.677
20773,21024.0,4.83
20774,21025.0,5.104
20775,21026.0,5.024
20776,21027.0,4.894
20777,21028.0,5.258
20778,21029.0,4.991
20779,21030.0,4.846
20780,21031.0,5.048
20781,21032.0,4.983
20782,21033.0,5.258
20783,21034.0,5.096
20784,21035.0,7.085
20785,21036.0,7.314
20786,21037.0,5.266
20787,21038.0,5.024
20788,21039.0,5.371
20789,21040.0,7.165
20790,21041.0,7.154
20791,21042.0,5.185
20792,21043.0,6.481
20793,21044.0,7.234
20794,21045.0,5.703
20795,21047.0,4.901
20796,21048.0,6.964
20797,21049.0,7.274
20798,21050.0,5.541
20799,21051.0,4.82
20800,21052.0,4.951
20801,21053.0,4.772
20802,21054.0,4.951
20803,21055.0,4.78
20804,21056.0,7.125
20805,21057.0,5.145
20806,21058.0,4.886
20807,21059.0,7.205
20808,21060.0,5.031
20809,21061.0,5.886
20810,21062.0,6.017
20811,21063.0,4.901
20812,21064.0,6.832
20813,21065.0,5.42
20814,21066.0,4.747
20815,21067.0,7.246
20816,21068.0,5.266
20817,21069.0,4.951
20818,21070.0,6.068
20819,21071.0,5.917
20820,21072.0,5.024
20821,21073.0,4.846
20822,21074.0,5.957
20823,21075.0,5.249
20824,21076.0,4.82
20825,21077.0,6.642
20826,21078.0,5.023
20827,21079.0,4.341
20828,21080.0,4.75
20829,21081.0,4.782
20830,21082.0,5.273
20831,21083.0,4.983
20832,21084.0,5.056
20833,21085.0,5.064
20834,21086.0,4.991
20835,21087.0,5.056
20836,21088.0,4.999
20837,21089.0,4.959
20838,21090.0,5.064
20839,21091.0,5.653
20840,21092.0,7.165
20841,21093.0,7.274
20842,21094.0,5.209
20843,21095.0,5.281
20844,21096.0,6.128
20845,21097.0,7.194
20846,21098.0,6.178
20847,21099.0,4.982
20848,21100.0,6.803
20849,21101.0,7.234
20850,21102.0,5.298
20851,21103.0,5.007
20852,21104.0,7.125
20853,21105.0,7.274
20854,21106.0,5.226
20855,21107.0,4.747
20856,21108.0,4.951
20857,21109.0,4.699
20858,21110.0,4.983
20859,21111.0,4.813
20860,21112.0,7.314
20861,21113.0,5.072
20862,21114.0,5.523
20863,21115.0,6.178
20864,21116.0,4.909
20865,21117.0,6.521
20866,21118.0,5.46
20867,21119.0,4.787
20868,21120.0,7.085
20869,21121.0,5.064
20870,21122.0,4.853
20871,21123.0,7.165
20872,21124.0,5.064
20873,21125.0,4.666
20874,21126.0,6.642
20875,21127.0,5.443
20876,21128.0,5.072
20877,21130.0,4.813
20878,21131.0,6.631
20879,21132.0,5.056
20880,21133.0,4.886
20881,21134.0,6.712
20882,21135.0,5.023
20883,21136.0,4.26
20884,21137.0,4.709
20885,21138.0,4.782
20886,21139.0,5.313
20887,21140.0,4.983
20888,21141.0,5.015
20889,21142.0,5.064
20890,21143.0,4.951
20891,21144.0,5.177
20892,21145.0,4.999
20893,21146.0,4.959
20894,21147.0,5.023
20895,21148.0,5.734
20896,21149.0,7.165
20897,21150.0,7.314
20898,21151.0,5.169
20899,21152.0,5.241
20900,21153.0,6.168
20901,21154.0,7.194
20902,21155.0,6.138
20903,21156.0,4.982
20904,21157.0,6.803
20905,21158.0,7.274
20906,21159.0,5.266
20907,21160.0,5.088
20908,21161.0,7.125
20909,21162.0,7.274
20910,21163.0,5.226
20911,21164.0,4.787
20912,21165.0,4.911
20913,21166.0,4.739
20914,21167.0,4.983
20915,21168.0,4.853
20916,21169.0,7.314
20917,21170.0,5.064
20918,21171.0,5.564
20919,21172.0,6.178
20920,21173.0,4.869
20921,21174.0,6.561
20922,21175.0,5.428
20923,21176.0,4.787
20924,21177.0,7.085
20925,21178.0,5.145
20926,21179.0,4.853
20927,21180.0,7.085
20928,21181.0,4.99
20929,21182.0,4.706
20930,21183.0,6.642
20931,21184.0,5.434
20932,21185.0,5.024
20933,21186.0,4.846
20934,21187.0,6.671
20935,21188.0,5.088
20936,21189.0,4.886
20937,21190.0,6.642
20938,21191.0,4.975
20939,21192.0,4.341
20940,21193.0,4.79
20941,21194.0,4.863
20942,21195.0,5.265
20943,21196.0,5.024
20944,21197.0,4.934
20945,21198.0,4.982
20946,21199.0,4.983
20947,21200.0,5.411
20948,21201.0,4.991
20949,21202.0,4.886
20950,21203.0,4.934
20951,21204.0,6.249
20952,21205.0,7.274
20953,21206.0,6.803
20954,21207.0,5.12
20955,21208.0,5.088
20956,21209.0,6.521
20957,21211.0,7.234
20958,21212.0,5.662
20959,21213.0,4.901
20960,21214.0,6.964
20961,21215.0,7.274
20962,21216.0,5.541
20963,21217.0,5.765
20964,21218.0,7.165
20965,21219.0,6.572
20966,21220.0,5.023
20967,21221.0,4.901
20968,21222.0,4.903
20969,21223.0,4.853
20970,21224.0,5.112
20971,21225.0,4.959
20972,21226.0,6.612
20973,21227.0,4.95
20974,21228.0,6.249
20975,21229.0,5.662
20976,21230.0,4.828
20977,21231.0,6.924
20978,21232.0,5.226
20979,21233.0,4.82
20980,21234.0,7.274
20981,21235.0,5.104
20982,21236.0,5.322
20983,21237.0,6.299
20984,21238.0,4.909
20985,21239.0,4.666
20986,21240.0,7.004
20987,21241.0,5.233
20988,21242.0,5.024
20989,21243.0,4.846
20990,21244.0,6.913
20991,21245.0,5.056
20992,21246.0,4.919
20993,21247.0,6.048
20994,21248.0,4.934
20995,21249.0,4.456
20996,21250.0,4.823
20997,21251.0,4.823
20998,21252.0,5.184
20999,21253.0,4.959
21000,21254.0,4.894
21001,21255.0,5.048
21002,21256.0,5.104
21003,21257.0,5.177
21004,21258.0,4.991
21005,21259.0,4.853
21006,21260.0,4.861
21007,21261.0,6.642
21008,21262.0,7.234
21009,21263.0,6.017
21010,21264.0,5.072
21011,21265.0,4.934
21012,21266.0,6.803
21013,21267.0,7.234
21014,21268.0,5.307
21015,21269.0,4.975
21016,21270.0,7.125
21017,21271.0,7.274
21018,21272.0,5.226
21019,21273.0,6.33
21020,21274.0,7.194
21021,21275.0,5.936
21022,21276.0,4.95
21023,21277.0,4.926
21024,21278.0,4.911
21025,21279.0,4.919
21026,21280.0,4.967
21027,21281.0,5.886
21028,21282.0,5.936
21029,21283.0,4.869
21030,21284.0,6.722
21031,21285.0,5.347
21032,21286.0,4.787
21033,21287.0,7.165
21034,21288.0,5.226
21035,21289.0,4.886
21036,21290.0,6.814
21037,21291.0,5.023
21038,21292.0,6.048
21039,21293.0,5.784
21040,21294.0,4.828
21041,21296.0,4.78
21042,21297.0,7.234
21043,21298.0,5.305
21044,21299.0,5.064
21045,21300.0,4.919
21046,21301.0,6.32
21047,21302.0,4.982
21048,21303.0,4.911
21049,21304.0,5.685
21050,21305.0,4.82
21051,21306.0,4.644
21052,21307.0,4.79
21053,21308.0,4.823
21054,21309.0,5.064
21055,21310.0,4.926
21056,21311.0,5.581
21057,21312.0,5.04
21058,21313.0,4.959
21059,21314.0,5.056
21060,21315.0,4.943
21061,21316.0,5.653
21062,21317.0,4.82
21063,21318.0,6.924
21064,21319.0,7.314
21065,21320.0,5.541
21066,21321.0,5.072
21067,21322.0,4.901
21068,21323.0,7.004
21069,21324.0,7.274
21070,21325.0,5.5
21071,21326.0,5.846
21072,21327.0,7.194
21073,21328.0,6.491
21074,21329.0,5.023
21075,21330.0,6.722
21076,21331.0,7.274
21077,21332.0,5.42
21078,21333.0,4.861
21079,21334.0,4.919
21080,21335.0,4.846
21081,21336.0,4.951
21082,21337.0,4.853
21083,21338.0,6.601
21084,21339.0,5.388
21085,21340.0,4.747
21086,21341.0,7.125
21087,21342.0,5.226
21088,21343.0,4.846
21089,21344.0,6.924
21090,21345.0,4.982
21091,21346.0,5.927
21092,21347.0,5.864
21093,21348.0,4.828
21094,21349.0,6.763
21095,21350.0,5.266
21096,21351.0,4.747
21097,21352.0,4.846
21098,21353.0,6.752
21099,21354.0,5.072
21100,21355.0,4.959
21101,21356.0,4.911
21102,21357.0,5.613
21103,21358.0,4.861
21104,21359.0,5.957
21105,21360.0,5.258
21106,21361.0,4.537
21107,21362.0,4.677
21108,21363.0,4.823
21109,21364.0,5.064
21110,21365.0,5.064
21111,21366.0,4.853
21112,21367.0,5.298
21113,21368.0,4.991
21114,21369.0,4.886
21115,21370.0,5.048
21116,21371.0,4.983
21117,21372.0,5.258
21118,21373.0,5.015
21119,21374.0,7.085
21120,21375.0,7.314
21121,21376.0,5.185
21122,21377.0,5.064
21123,21378.0,5.249
21124,21380.0,7.154
21125,21381.0,7.154
21126,21382.0,5.185
21127,21383.0,6.44
21128,21384.0,7.234
21129,21385.0,5.774
21130,21386.0,4.901
21131,21387.0,6.964
21132,21388.0,7.274
21133,21389.0,5.347
21134,21390.0,4.787
21135,21391.0,4.911
21136,21392.0,4.739
21137,21393.0,4.951
21138,21394.0,4.78
21139,21395.0,7.044
21140,21396.0,5.104
21141,21397.0,4.853
21142,21398.0,7.274
21143,21399.0,5.072
21144,21400.0,5.604
21145,21401.0,6.097
21146,21402.0,4.869
21147,21403.0,6.601
21148,21404.0,5.428
21149,21405.0,4.787
21150,21406.0,7.085
21151,21407.0,5.145
21152,21408.0,4.706
21153,21409.0,5.725
21154,21410.0,6.028
21155,21411.0,5.064
21156,21412.0,4.853
21157,21413.0,5.756
21158,21414.0,5.29
21159,21415.0,4.82
21160,21416.0,6.521
21161,21417.0,5.096
21162,21418.0,4.341
21163,21419.0,4.185
21164,21420.0,4.75
21165,21421.0,4.823
21166,21422.0,5.224
21167,21423.0,5.104
21168,21424.0,4.934
21169,21425.0,5.136
21170,21426.0,4.983
21171,21427.0,5.411
21172,21428.0,4.991
21173,21429.0,4.991
21174,21430.0,4.975
21175,21431.0,6.33
21176,21432.0,7.234
21177,21433.0,6.733
21178,21434.0,5.201
21179,21435.0,5.088
21180,21436.0,6.561
21181,21437.0,7.234
21182,21438.0,5.622
21183,21439.0,4.901
21184,21440.0,7.004
21185,21441.0,7.274
21186,21442.0,5.5
21187,21443.0,5.846
21188,21444.0,7.205
21189,21445.0,6.491
21190,21446.0,5.064
21191,21447.0,4.901
21192,21448.0,4.943
21193,21449.0,4.853
21194,21450.0,5.112
21195,21451.0,5.048
21196,21452.0,6.531
21197,21453.0,4.909
21198,21454.0,6.32
21199,21455.0,5.622
21200,21456.0,4.828
21201,21457.0,6.964
21202,21458.0,5.185
21203,21459.0,4.853
21204,21460.0,7.314
21205,21461.0,5.072
21206,21462.0,5.451
21207,21463.0,6.259
21208,21464.0,4.901
21209,21466.0,4.666
21210,21467.0,7.044
21211,21468.0,5.201
21212,21469.0,5.024
21213,21470.0,4.919
21214,21471.0,6.953
21215,21472.0,5.015
21216,21473.0,4.959
21217,21474.0,6.017
21218,21475.0,4.934
21219,21476.0,4.496
21220,21477.0,4.87
21221,21478.0,4.782
21222,21479.0,5.144
21223,21480.0,4.959
21224,21481.0,4.853
21225,21482.0,5.007
21226,21483.0,5.032
21227,21484.0,5.241
21228,21485.0,4.991
21229,21486.0,4.853
21230,21487.0,4.861
21231,21488.0,6.682
21232,21489.0,7.274
21233,21490.0,5.936
21234,21491.0,5.072
21235,21492.0,4.975
21236,21493.0,6.843
21237,21494.0,7.274
21238,21495.0,5.266
21239,21496.0,5.128
21240,21497.0,7.125
21241,21498.0,7.274
21242,21499.0,5.226
21243,21500.0,6.4
21244,21501.0,7.234
21245,21502.0,5.815
21246,21503.0,4.901
21247,21504.0,4.926
21248,21505.0,4.911
21249,21506.0,4.919
21250,21507.0,4.926
21251,21508.0,6.038
21252,21509.0,5.824
21253,21510.0,4.828
21254,21511.0,6.803
21255,21512.0,5.266
21256,21513.0,4.787
21257,21514.0,7.274
21258,21515.0,5.185
21259,21516.0,4.967
21260,21517.0,6.572
21261,21518.0,4.942
21262,21519.0,6.239
21263,21520.0,5.703
21264,21521.0,4.787
21265,21522.0,4.82
21266,21523.0,7.274
21267,21524.0,5.201
21268,21525.0,5.032
21269,21526.0,4.959
21270,21527.0,6.088
21271,21528.0,4.975
21272,21529.0,4.991
21273,21530.0,5.572
21274,21531.0,4.699
21275,21532.0,4.611
21276,21533.0,4.79
21277,21534.0,4.823
21278,21535.0,5.064
21279,21536.0,4.886
21280,21537.0,5.258
21281,21538.0,4.999
21282,21539.0,4.999
21283,21540.0,5.015
21284,21541.0,4.983
21285,21542.0,5.33
21286,21543.0,4.853
21287,21544.0,6.883
21288,21545.0,7.274
21289,21546.0,5.581
21290,21547.0,5.072
21291,21549.0,4.894
21292,21550.0,7.004
21293,21551.0,7.314
21294,21552.0,5.541
21295,21553.0,5.806
21296,21554.0,7.194
21297,21555.0,6.561
21298,21556.0,5.056
21299,21557.0,6.682
21300,21558.0,7.274
21301,21559.0,5.46
21302,21560.0,4.861
21303,21561.0,4.919
21304,21562.0,4.846
21305,21563.0,4.919
21306,21564.0,4.853
21307,21565.0,6.561
21308,21566.0,5.5
21309,21567.0,4.787
21310,21568.0,7.085
21311,21569.0,5.104
21312,21570.0,4.846
21313,21571.0,7.205
21314,21572.0,5.023
21315,21573.0,5.765
21316,21574.0,6.017
21317,21575.0,4.869
21318,21576.0,6.642
21319,21577.0,5.388
21320,21578.0,4.747
21321,21579.0,4.813
21322,21580.0,7.085
21323,21581.0,5.072
21324,21582.0,4.959
21325,21583.0,4.911
21326,21584.0,5.765
21327,21585.0,4.861
21328,21586.0,5.676
21329,21587.0,5.339
21330,21588.0,4.618
21331,21589.0,4.644
21332,21590.0,4.823
21333,21591.0,4.823
21334,21592.0,5.064
21335,21593.0,4.853
21336,21594.0,5.492
21337,21595.0,4.991
21338,21596.0,4.919
21339,21597.0,4.942
21340,21598.0,4.983
21341,21599.0,5.42
21342,21600.0,4.78
21343,21601.0,7.004
21344,21602.0,7.274
21345,21603.0,5.347
21346,21604.0,5.032
21347,21605.0,4.934
21348,21606.0,7.044
21349,21607.0,7.274
21350,21608.0,5.307
21351,21609.0,6.209
21352,21610.0,7.194
21353,21611.0,6.128
21354,21612.0,4.982
21355,21613.0,6.843
21356,21614.0,7.274
21357,21615.0,5.266
21358,21616.0,4.828
21359,21617.0,4.911
21360,21618.0,4.772
21361,21619.0,4.991
21362,21620.0,4.78
21363,21621.0,6.843
21364,21622.0,5.266
21365,21623.0,4.82
21366,21624.0,7.234
21367,21625.0,5.185
21368,21626.0,4.967
21369,21627.0,6.572
21370,21628.0,4.909
21371,21629.0,6.279
21372,21630.0,5.662
21373,21631.0,4.828
21374,21632.0,6.924
21375,21633.0,5.185
21376,21635.0,4.706
21377,21636.0,5.128
21378,21637.0,6.43
21379,21638.0,5.072
21380,21639.0,4.878
21381,21640.0,5.273
21382,21641.0,5.451
21383,21642.0,4.853
21384,21643.0,6.239
21385,21644.0,5.169
21386,21645.0,4.456
21387,21646.0,4.75
21388,21647.0,4.782
21389,21648.0,5.305
21390,21649.0,4.983
21391,21650.0,5.048
21392,21651.0,5.056
21393,21652.0,4.991
21394,21653.0,4.975
21395,21654.0,5.04
21396,21655.0,4.991
21397,21656.0,5.096
21398,21657.0,5.572
21399,21658.0,7.205
21400,21659.0,7.274
21401,21660.0,5.249
21402,21661.0,5.273
21403,21662.0,6.048
21404,21663.0,7.194
21405,21664.0,6.33
21406,21665.0,5.023
21407,21666.0,6.803
21408,21667.0,7.274
21409,21668.0,5.379
21410,21669.0,4.975
21411,21670.0,7.125
21412,21671.0,7.274
21413,21672.0,5.298
21414,21673.0,4.787
21415,21674.0,4.951
21416,21675.0,4.739
21417,21676.0,4.991
21418,21677.0,4.853
21419,21678.0,7.274
21420,21679.0,5.112
21421,21680.0,5.29
21422,21681.0,6.34
21423,21682.0,4.869
21424,21683.0,6.4
21425,21684.0,5.509
21426,21685.0,4.787
21427,21686.0,7.004
21428,21687.0,5.104
21429,21688.0,4.813
21430,21689.0,7.274
21431,21690.0,5.031
21432,21691.0,4.666
21433,21692.0,6.481
21434,21693.0,5.532
21435,21694.0,5.024
21436,21695.0,4.813
21437,21696.0,6.511
21438,21697.0,5.096
21439,21698.0,4.853
21440,21699.0,6.913
21441,21700.0,5.015
21442,21701.0,4.26
21443,21702.0,4.75
21444,21703.0,4.823
21445,21704.0,5.305
21446,21705.0,4.983
21447,21706.0,4.934
21448,21707.0,4.982
21449,21708.0,4.943
21450,21709.0,5.492
21451,21710.0,4.991
21452,21711.0,4.926
21453,21712.0,4.975
21454,21713.0,6.128
21455,21714.0,7.194
21456,21715.0,7.004
21457,21716.0,5.12
21458,21717.0,5.128
21459,21718.0,6.44
21460,21720.0,7.234
21461,21721.0,5.734
21462,21722.0,4.942
21463,21723.0,6.964
21464,21724.0,7.314
21465,21725.0,5.42
21466,21726.0,5.725
21467,21727.0,7.154
21468,21728.0,6.722
21469,21729.0,5.096
21470,21730.0,4.901
21471,21731.0,4.903
21472,21732.0,4.853
21473,21733.0,5.112
21474,21734.0,4.886
21475,21735.0,6.733
21476,21736.0,4.982
21477,21737.0,6.128
21478,21738.0,5.734
21479,21739.0,4.787
21480,21740.0,6.924
21481,21741.0,5.226
21482,21742.0,4.861
21483,21743.0,7.234
21484,21744.0,5.145
21485,21745.0,5.169
21486,21746.0,6.451
21487,21747.0,4.909
21488,21748.0,4.706
21489,21749.0,6.924
21490,21750.0,5.281
21491,21751.0,5.024
21492,21752.0,4.886
21493,21753.0,6.872
21494,21754.0,5.056
21495,21755.0,4.878
21496,21756.0,6.168
21497,21757.0,4.894
21498,21758.0,4.456
21499,21759.0,4.79
21500,21760.0,4.782
21501,21761.0,5.144
21502,21762.0,4.999
21503,21763.0,4.853
21504,21764.0,5.007
21505,21765.0,5.064
21506,21766.0,5.177
21507,21767.0,4.951
21508,21768.0,4.813
21509,21769.0,4.861
21510,21770.0,6.601
21511,21771.0,7.274
21512,21772.0,6.097
21513,21773.0,5.072
21514,21774.0,4.934
21515,21775.0,6.803
21516,21776.0,7.274
21517,21777.0,5.347
21518,21778.0,4.934
21519,21779.0,7.085
21520,21780.0,7.274
21521,21781.0,5.266
21522,21782.0,6.33
21523,21783.0,7.194
21524,21784.0,5.896
21525,21785.0,4.942
21526,21786.0,4.886
21527,21787.0,4.911
21528,21788.0,4.886
21529,21789.0,4.967
21530,21790.0,5.886
21531,21791.0,5.936
21532,21792.0,4.828
21533,21793.0,6.763
21534,21794.0,5.347
21535,21795.0,4.828
21536,21796.0,7.194
21537,21797.0,5.226
21538,21798.0,4.846
21539,21799.0,6.733
21540,21800.0,4.95
21541,21802.0,6.168
21542,21803.0,5.743
21543,21804.0,4.828
21544,21805.0,4.787
21545,21806.0,7.234
21546,21807.0,5.144
21547,21808.0,5.064
21548,21809.0,4.919
21549,21810.0,6.239
21550,21811.0,4.967
21551,21812.0,4.951
21552,21813.0,5.572
21553,21814.0,4.813
21554,21815.0,4.603
21555,21816.0,4.823
21556,21817.0,4.782
21557,21818.0,5.104
21558,21819.0,4.886
21559,21820.0,5.572
21560,21821.0,4.999
21561,21822.0,4.959
21562,21823.0,4.982
21563,21824.0,4.983
21564,21825.0,5.613
21565,21826.0,4.853
21566,21827.0,6.883
21567,21828.0,7.274
21568,21829.0,5.5
21569,21830.0,5.072
21570,21831.0,4.861
21571,21832.0,7.004
21572,21833.0,7.274
21573,21834.0,5.5
21574,21835.0,5.846
21575,21836.0,7.154
21576,21837.0,6.521
21577,21838.0,5.023
21578,21839.0,6.722
21579,21840.0,7.234
21580,21841.0,5.42
21581,21842.0,4.828
21582,21843.0,4.919
21583,21844.0,4.805
21584,21845.0,4.951
21585,21846.0,4.82
21586,21847.0,6.601
21587,21848.0,5.428
21588,21849.0,4.787
21589,21850.0,7.125
21590,21851.0,5.145
21591,21852.0,4.853
21592,21853.0,7.085
21593,21854.0,4.99
21594,21855.0,5.846
21595,21856.0,5.936
21596,21857.0,4.869
21597,21858.0,6.722
21598,21859.0,5.347
21599,21860.0,4.747
21600,21861.0,4.846
21601,21862.0,6.883
21602,21863.0,5.072
21603,21864.0,4.959
21604,21865.0,4.911
21605,21866.0,5.653
21606,21867.0,4.853
21607,21868.0,5.756
21608,21869.0,5.322
21609,21870.0,4.496
21610,21871.0,4.684
21611,21872.0,4.782
21612,21873.0,4.823
21613,21874.0,5.064
21614,21875.0,4.886
21615,21876.0,5.492
21616,21877.0,4.999
21617,21878.0,4.919
21618,21879.0,4.975
21619,21880.0,4.983
21620,21881.0,5.492
21621,21882.0,4.82
21622,21883.0,7.004
21623,21884.0,7.314
21624,21886.0,5.379
21625,21887.0,5.024
21626,21888.0,4.967
21627,21889.0,7.044
21628,21890.0,7.274
21629,21891.0,5.339
21630,21892.0,6.168
21631,21893.0,7.194
21632,21894.0,6.178
21633,21895.0,4.982
21634,21896.0,6.843
21635,21897.0,7.234
21636,21898.0,5.298
21637,21899.0,4.828
21638,21900.0,4.959
21639,21901.0,4.772
21640,21902.0,4.991
21641,21903.0,4.78
21642,21904.0,6.843
21643,21905.0,5.307
21644,21906.0,4.861
21645,21907.0,7.194
21646,21908.0,5.226
21647,21909.0,4.886
21648,21910.0,6.682
21649,21911.0,4.95
21650,21912.0,6.209
21651,21913.0,5.703
21652,21914.0,4.787
21653,21915.0,6.883
21654,21916.0,5.185
21655,21917.0,4.706
21656,21918.0,5.048
21657,21919.0,6.43
21658,21920.0,5.064
21659,21921.0,4.919
21660,21922.0,5.193
21661,21923.0,5.451
21662,21924.0,4.82
21663,21925.0,6.199
21664,21926.0,5.177
21665,21927.0,4.463
21666,21928.0,4.677
21667,21929.0,4.782
21668,21930.0,4.983
21669,21931.0,5.024
21670,21932.0,4.813
21671,21933.0,5.298
21672,21934.0,4.991
21673,21935.0,4.886
21674,21936.0,5.056
21675,21937.0,4.943
21676,21938.0,5.258
21677,21939.0,4.861
21678,21940.0,7.044
21679,21941.0,7.274
21680,21942.0,5.185
21681,21943.0,5.024
21682,21944.0,5.128
21683,21945.0,7.125
21684,21946.0,7.274
21685,21947.0,5.226
21686,21948.0,6.41
21687,21949.0,7.234
21688,21950.0,5.774
21689,21951.0,4.942
21690,21952.0,6.924
21691,21953.0,7.274
21692,21954.0,5.266
21693,21955.0,4.787
21694,21956.0,4.911
21695,21957.0,4.772
21696,21958.0,4.951
21697,21959.0,4.78
21698,21960.0,7.004
21699,21961.0,5.145
21700,21962.0,4.813
21701,21963.0,7.314
21702,21964.0,5.064
21703,21965.0,5.564
21704,21966.0,6.138
21705,21967.0,4.869
21706,21968.0,6.561
21707,21969.0,5.46
21708,21971.0,4.747
21709,21972.0,7.085
21710,21973.0,5.072
21711,21974.0,4.747
21712,21975.0,5.685
21713,21976.0,6.078
21714,21977.0,5.032
21715,21978.0,4.886
21716,21979.0,5.756
21717,21980.0,5.33
21718,21981.0,4.813
21719,21982.0,6.551
21720,21983.0,5.056
21721,21984.0,4.382
21722,21985.0,4.717
21723,21986.0,4.863
21724,21987.0,5.506
21725,21988.0,5.064
21726,21989.0,5.169
21727,21990.0,5.258
21728,21991.0,4.991
21729,21992.0,4.846
21730,21993.0,5.048
21731,21994.0,5.104
21732,21995.0,5.209
21733,21996.0,5.048
21734,21997.0,7.125
21735,21998.0,7.274
21736,21999.0,5.298
21737,22000.0,5.104
21738,22001.0,5.564
21739,22002.0,7.165
21740,22003.0,6.843
21741,22004.0,5.104
21742,22005.0,6.601
21743,22006.0,7.234
21744,22007.0,5.581
21745,22008.0,4.942
21746,22009.0,7.044
21747,22010.0,7.274
21748,22011.0,5.46
21749,22012.0,4.787
21750,22013.0,4.911
21751,22014.0,4.739
21752,22015.0,4.991
21753,22016.0,4.747
21754,22017.0,7.165
21755,22018.0,5.266
21756,22019.0,4.846
21757,22020.0,6.883
21758,22021.0,4.99
21759,22022.0,5.967
21760,22023.0,5.824
21761,22024.0,4.828
21762,22025.0,6.763
21763,22026.0,5.266
21764,22027.0,4.787
21765,22028.0,7.205
21766,22029.0,5.226
21767,22030.0,4.706
21768,22031.0,6.088
21769,22032.0,5.765
21770,22033.0,5.024
21771,22034.0,4.853
21772,22035.0,6.159
21773,22036.0,5.177
21774,22037.0,4.861
21775,22038.0,6.752
21776,22039.0,5.056
21777,22040.0,4.301
21778,22041.0,4.75
21779,22042.0,4.782
21780,22043.0,5.354
21781,22044.0,4.983
21782,22045.0,5.015
21783,22046.0,5.023
21784,22047.0,4.991
21785,22048.0,5.209
21786,22049.0,5.04
21787,22050.0,4.959
21788,22051.0,5.056
21789,22052.0,5.774
21790,22053.0,7.194
21791,22055.0,7.314
21792,22056.0,5.209
21793,22057.0,5.241
21794,22058.0,6.168
21795,22059.0,7.194
21796,22060.0,6.209
21797,22061.0,5.015
21798,22062.0,6.843
21799,22063.0,7.274
21800,22064.0,5.298
21801,22065.0,5.048
21802,22066.0,7.165
21803,22067.0,7.274
21804,22068.0,5.258
21805,22069.0,4.787
21806,22070.0,4.991
21807,22071.0,4.739
21808,22072.0,4.983
21809,22073.0,4.853
21810,22074.0,7.314
21811,22075.0,5.104
21812,22076.0,5.523
21813,22077.0,6.178
21814,22078.0,4.869
21815,22079.0,6.521
21816,22080.0,5.46
21817,22081.0,4.787
21818,22082.0,7.085
21819,22083.0,5.064
21820,22084.0,4.894
21821,22085.0,7.085
21822,22086.0,4.99
21823,22087.0,4.706
21824,22088.0,6.682
21825,22089.0,5.474
21826,22090.0,5.024
21827,22091.0,4.838
21828,22092.0,6.671
21829,22093.0,5.015
21830,22094.0,4.846
21831,22095.0,6.642
21832,22096.0,4.975
21833,22097.0,4.341
21834,22098.0,4.79
21835,22099.0,4.823
21836,22100.0,5.224
21837,22101.0,5.072
21838,22102.0,4.901
21839,22103.0,5.056
21840,22104.0,4.943
21841,22105.0,5.339
21842,22106.0,4.991
21843,22107.0,4.894
21844,22108.0,4.901
21845,22109.0,6.4
21846,22110.0,7.234
21847,22111.0,6.531
21848,22112.0,5.12
21849,22113.0,5.007
21850,22114.0,6.642
21851,22115.0,7.234
21852,22116.0,5.541
21853,22117.0,4.982
21854,22118.0,7.044
21855,22119.0,7.274
21856,22120.0,5.42
21857,22121.0,6.007
21858,22122.0,7.194
21859,22123.0,6.33
21860,22124.0,5.023
21861,22125.0,4.894
21862,22126.0,4.903
21863,22127.0,4.886
21864,22128.0,5.04
21865,22129.0,5.362
21866,22130.0,6.299
21867,22131.0,4.909
21868,22132.0,6.44
21869,22133.0,5.541
21870,22135.0,4.787
21871,22136.0,7.044
21872,22137.0,5.112
21873,22138.0,4.853
21874,22139.0,7.274
21875,22140.0,5.072
21876,22141.0,5.604
21877,22142.0,6.097
21878,22143.0,4.869
21879,22144.0,4.706
21880,22145.0,7.085
21881,22146.0,5.193
21882,22147.0,5.024
21883,22148.0,4.926
21884,22149.0,6.682
21885,22150.0,5.048
21886,22151.0,4.919
21887,22152.0,5.957
21888,22153.0,4.894
21889,22154.0,4.611
21890,22155.0,4.823
21891,22156.0,4.863
21892,22157.0,5.104
21893,22158.0,4.919
21894,22159.0,5.007
21895,22160.0,5.04
21896,22161.0,5.032
21897,22162.0,5.056
21898,22163.0,4.983
21899,22164.0,5.015
21900,22165.0,4.853
21901,22166.0,6.803
21902,22167.0,7.274
21903,22168.0,5.703
21904,22169.0,5.072
21905,22170.0,4.894
21906,22171.0,6.964
21907,22172.0,7.274
21908,22173.0,5.226
21909,22174.0,5.532
21910,22175.0,7.154
21911,22176.0,6.924
21912,22177.0,5.104
21913,22178.0,6.561
21914,22179.0,7.234
21915,22180.0,5.622
21916,22181.0,4.901
21917,22182.0,4.919
21918,22183.0,4.878
21919,22184.0,4.919
21920,22185.0,4.894
21921,22186.0,6.32
21922,22187.0,5.622
21923,22188.0,4.787
21924,22189.0,6.964
21925,22190.0,5.145
21926,22191.0,4.853
21927,22192.0,7.274
21928,22193.0,5.104
21929,22194.0,5.443
21930,22195.0,6.219
21931,22196.0,4.869
21932,22197.0,6.521
21933,22198.0,5.469
21934,22199.0,4.787
21935,22200.0,4.813
21936,22201.0,7.274
21937,22202.0,5.112
21938,22203.0,4.999
21939,22204.0,4.911
21940,22205.0,5.886
21941,22206.0,4.894
21942,22207.0,5.474
21943,22208.0,5.371
21944,22209.0,4.618
21945,22210.0,4.603
21946,22211.0,4.823
21947,22212.0,4.782
21948,22213.0,5.064
21949,22214.0,4.886
21950,22215.0,5.613
21951,22216.0,4.999
21952,22217.0,4.959
21953,22218.0,4.982
21954,22220.0,4.983
21955,22221.0,5.572
21956,22222.0,4.861
21957,22223.0,6.924
21958,22224.0,7.314
21959,22225.0,5.46
21960,22226.0,5.072
21961,22227.0,4.942
21962,22228.0,7.044
21963,22229.0,7.274
21964,22230.0,5.46
21965,22231.0,6.007
21966,22232.0,7.194
21967,22233.0,6.33
21968,22234.0,5.023
21969,22235.0,6.763
21970,22236.0,7.234
21971,22237.0,5.388
21972,22238.0,4.828
21973,22239.0,4.919
21974,22240.0,4.805
21975,22241.0,4.951
21976,22242.0,4.82
21977,22243.0,6.682
21978,22244.0,5.388
21979,22245.0,4.787
21980,22246.0,7.165
21981,22247.0,5.266
21982,22248.0,4.846
21983,22249.0,6.924
21984,22250.0,4.99
21985,22251.0,5.967
21986,22252.0,5.864
21987,22253.0,4.828
21988,22254.0,6.763
21989,22255.0,5.307
21990,22256.0,4.747
21991,22257.0,4.846
21992,22258.0,6.792
21993,22259.0,5.072
21994,22260.0,4.919
21995,22261.0,4.943
21996,22262.0,5.613
21997,22263.0,4.853
21998,22264.0,5.917
21999,22265.0,5.273
22000,22266.0,4.496
22001,22267.0,4.717
22002,22268.0,4.782
22003,22269.0,4.983
22004,22270.0,5.024
22005,22271.0,4.846
22006,22272.0,5.298
22007,22273.0,4.991
22008,22274.0,4.846
22009,22275.0,5.088
22010,22276.0,4.943
22011,22277.0,5.33
22012,22278.0,4.78
22013,22279.0,7.044
22014,22280.0,7.314
22015,22281.0,5.226
22016,22282.0,5.024
22017,22283.0,5.088
22018,22284.0,7.113
22019,22285.0,7.314
22020,22286.0,5.185
22021,22287.0,6.451
22022,22288.0,7.234
22023,22289.0,5.855
22024,22290.0,4.942
22025,22291.0,6.964
22026,22292.0,7.274
22027,22293.0,5.258
22028,22294.0,4.861
22029,22295.0,4.951
22030,22296.0,4.772
22031,22297.0,4.991
22032,22298.0,4.78
22033,22299.0,7.044
22034,22300.0,5.145
22035,22301.0,4.853
22036,22302.0,7.314
22037,22303.0,5.072
22038,22304.0,5.483
22039,22305.0,6.178
22040,22307.0,4.869
22041,22308.0,6.481
22042,22309.0,5.469
22043,22310.0,4.747
22044,22311.0,7.044
22045,22312.0,5.072
22046,22313.0,4.706
22047,22314.0,5.604
22048,22315.0,6.088
22049,22316.0,5.032
22050,22317.0,4.894
22051,22318.0,5.676
22052,22319.0,5.339
22053,22320.0,4.82
22054,22321.0,6.47
22055,22322.0,5.096
22056,22323.0,4.382
22057,22324.0,4.644
22058,22325.0,4.823
22059,22326.0,4.823
22060,22327.0,5.024
22061,22328.0,4.853
22062,22329.0,5.451
22063,22330.0,4.991
22064,22331.0,4.926
22065,22332.0,5.056
22066,22333.0,4.983
22067,22334.0,5.411
22068,22335.0,4.82
22069,22336.0,7.004
22070,22337.0,7.274
22071,22338.0,5.307
22072,22339.0,5.032
22073,22340.0,4.934
22074,22341.0,7.085
22075,22342.0,7.274
22076,22343.0,5.298
22077,22344.0,6.249
22078,22345.0,7.234
22079,22346.0,6.017
22080,22347.0,4.982
22081,22348.0,6.843
22082,22349.0,7.274
22083,22350.0,5.226
22084,22351.0,4.82
22085,22352.0,4.911
22086,22353.0,4.813
22087,22354.0,4.951
22088,22355.0,4.813
22089,22356.0,6.883
22090,22357.0,5.266
22091,22358.0,4.82
22092,22359.0,7.274
22093,22360.0,5.145
22094,22361.0,5.169
22095,22362.0,6.451
22096,22363.0,4.942
22097,22364.0,6.36
22098,22365.0,5.622
22099,22366.0,4.787
22100,22367.0,7.004
22101,22368.0,5.145
22102,22369.0,4.747
22103,22370.0,5.281
22104,22371.0,6.32
22105,22372.0,5.064
22106,22373.0,4.886
22107,22374.0,5.354
22108,22375.0,5.42
22109,22376.0,4.82
22110,22377.0,6.279
22111,22378.0,5.145
22112,22379.0,4.422
22113,22380.0,4.677
22114,22381.0,4.782
22115,22382.0,5.305
22116,22383.0,4.983
22117,22384.0,4.967
22118,22385.0,5.217
22119,22386.0,4.991
22120,22387.0,4.846
22121,22388.0,5.048
22122,22389.0,5.024
22123,22390.0,5.258
22124,22392.0,5.056
22125,22393.0,7.085
22126,22394.0,7.314
22127,22395.0,5.298
22128,22396.0,5.024
22129,22397.0,5.362
22130,22398.0,7.113
22131,22399.0,7.113
22132,22400.0,5.145
22133,22401.0,6.521
22134,22402.0,7.234
22135,22403.0,5.703
22136,22404.0,4.901
22137,22405.0,7.004
22138,22406.0,7.274
22139,22407.0,5.541
22140,22408.0,4.787
22141,22409.0,4.951
22142,22410.0,4.78
22143,22411.0,4.991
22144,22412.0,4.78
22145,22413.0,7.125
22146,22414.0,5.064
22147,22415.0,4.886
22148,22416.0,7.205
22149,22417.0,5.023
22150,22418.0,5.806
22151,22419.0,6.017
22152,22420.0,4.869
22153,22421.0,6.722
22154,22422.0,5.347
22155,22423.0,4.787
22156,22424.0,7.165
22157,22425.0,5.307
22158,22426.0,4.706
22159,22427.0,5.927
22160,22428.0,5.917
22161,22429.0,5.072
22162,22430.0,4.853
22163,22431.0,5.957
22164,22432.0,5.258
22165,22433.0,4.853
22166,22434.0,6.631
22167,22435.0,5.088
22168,22436.0,4.341
22169,22437.0,4.75
22170,22438.0,4.782
22171,22439.0,5.385
22172,22440.0,4.983
22173,22441.0,5.096
22174,22442.0,5.104
22175,22443.0,4.951
22176,22444.0,4.853
22177,22445.0,4.999
22178,22446.0,4.991
22179,22447.0,5.064
22180,22448.0,5.411
22181,22449.0,7.165
22182,22450.0,7.314
22183,22451.0,5.249
22184,22452.0,5.313
22185,22453.0,5.927
22186,22454.0,7.194
22187,22455.0,6.41
22188,22456.0,5.023
22189,22457.0,6.763
22190,22458.0,7.234
22191,22459.0,5.379
22192,22460.0,4.975
22193,22461.0,7.085
22194,22462.0,7.274
22195,22463.0,5.307
22196,22464.0,4.78
22197,22465.0,4.911
22198,22466.0,4.739
22199,22467.0,4.991
22200,22468.0,4.813
22201,22469.0,7.274
22202,22470.0,5.145
22203,22471.0,5.169
22204,22472.0,6.41
22205,22473.0,4.909
22206,22474.0,6.36
22207,22475.0,5.581
22208,22477.0,4.828
22209,22478.0,6.964
22210,22479.0,5.145
22211,22480.0,4.82
22212,22481.0,7.314
22213,22482.0,5.072
22214,22483.0,4.706
22215,22484.0,6.4
22216,22485.0,5.595
22217,22486.0,5.024
22218,22487.0,4.853
22219,22488.0,6.43
22220,22489.0,5.136
22221,22490.0,4.853
22222,22491.0,6.913
22223,22492.0,5.056
22224,22493.0,4.341
22225,22494.0,4.75
22226,22495.0,4.823
22227,22496.0,5.265
22228,22497.0,5.024
22229,22498.0,4.934
22230,22499.0,4.975
22231,22500.0,4.943
22232,22501.0,5.492
22233,22502.0,4.991
22234,22503.0,4.959
22235,22504.0,4.934
22236,22505.0,6.209
22237,22506.0,7.234
22238,22507.0,7.004
22239,22508.0,5.12
22240,22509.0,5.12
22241,22510.0,6.44
22242,22511.0,7.234
22243,22512.0,5.743
22244,22513.0,4.942
22245,22514.0,6.964
22246,22515.0,7.274
22247,22516.0,5.347
22248,22517.0,5.653
22249,22518.0,7.165
22250,22519.0,6.722
22251,22520.0,5.064
22252,22521.0,4.828
22253,22522.0,4.903
22254,22523.0,4.813
22255,22524.0,5.152
22256,22525.0,4.846
22257,22526.0,6.773
22258,22527.0,4.95
22259,22528.0,6.128
22260,22529.0,5.743
22261,22530.0,4.787
22262,22531.0,6.843
22263,22532.0,5.226
22264,22533.0,4.82
22265,22534.0,7.234
22266,22535.0,5.145
22267,22536.0,5.048
22268,22537.0,6.451
22269,22538.0,4.909
22270,22539.0,4.666
22271,22540.0,6.924
22272,22541.0,5.273
22273,22542.0,5.024
22274,22543.0,4.853
22275,22544.0,6.913
22276,22545.0,5.064
22277,22546.0,4.878
22278,22547.0,6.168
22279,22548.0,4.934
22280,22549.0,4.456
22281,22550.0,4.782
22282,22551.0,4.782
22283,22552.0,5.184
22284,22553.0,4.991
22285,22554.0,4.894
22286,22555.0,5.048
22287,22556.0,4.943
22288,22557.0,5.217
22289,22558.0,4.991
22290,22560.0,4.853
22291,22561.0,4.901
22292,22562.0,6.561
22293,22563.0,7.234
22294,22564.0,6.138
22295,22565.0,5.112
22296,22566.0,4.934
22297,22567.0,6.803
22298,22568.0,7.234
22299,22569.0,5.379
22300,22570.0,4.967
22301,22571.0,7.125
22302,22572.0,7.274
22303,22573.0,5.266
22304,22574.0,6.289
22305,22575.0,7.234
22306,22576.0,5.976
22307,22577.0,4.982
22308,22578.0,4.886
22309,22579.0,4.951
22310,22580.0,4.926
22311,22581.0,4.999
22312,22582.0,5.806
22313,22583.0,5.976
22314,22584.0,4.828
22315,22585.0,6.722
22316,22586.0,5.347
22317,22587.0,4.787
22318,22588.0,7.154
22319,22589.0,5.226
22320,22590.0,4.886
22321,22591.0,6.803
22322,22592.0,4.95
22323,22593.0,6.048
22324,22594.0,5.784
22325,22595.0,4.787
22326,22596.0,4.747
22327,22597.0,7.154
22328,22598.0,5.16
22329,22599.0,5.064
22330,22600.0,4.878
22331,22601.0,6.289
22332,22602.0,4.942
22333,22603.0,4.878
22334,22604.0,5.653
22335,22605.0,4.78
22336,22606.0,4.496
22337,22607.0,4.79
22338,22608.0,4.782
22339,22609.0,5.064
22340,22610.0,4.919
22341,22611.0,4.861
22342,22612.0,4.999
22343,22613.0,4.991
22344,22614.0,5.096
22345,22615.0,4.943
22346,22616.0,4.894
22347,22617.0,4.82
22348,22618.0,6.763
22349,22619.0,7.274
22350,22620.0,5.784
22351,22621.0,5.072
22352,22622.0,4.894
22353,22623.0,6.883
22354,22624.0,7.274
22355,22625.0,5.185
22356,22626.0,5.411
22357,22627.0,7.113
22358,22628.0,7.033
22359,22629.0,5.145
22360,22630.0,6.561
22361,22631.0,7.234
22362,22632.0,5.662
22363,22633.0,4.869
22364,22634.0,4.919
22365,22635.0,4.878
22366,22636.0,4.959
22367,22637.0,4.894
22368,22638.0,6.279
22369,22639.0,5.662
22370,22640.0,4.828
22371,22641.0,6.924
22372,22642.0,5.185
22373,22644.0,4.82
22374,22645.0,7.314
22375,22646.0,5.064
22376,22647.0,5.402
22377,22648.0,6.259
22378,22649.0,4.901
22379,22650.0,6.44
22380,22651.0,5.541
22381,22652.0,4.747
22382,22653.0,4.813
22383,22654.0,7.234
22384,22655.0,5.152
22385,22656.0,4.991
22386,22657.0,4.951
22387,22658.0,5.927
22388,22659.0,4.901
22389,22660.0,5.273
22390,22661.0,5.443
22391,22662.0,4.658
22392,22663.0,4.53
22393,22664.0,4.782
22394,22665.0,4.823
22395,22666.0,5.104
22396,22667.0,4.886
22397,22668.0,4.982
22398,22669.0,4.999
22399,22670.0,4.999
22400,22671.0,5.056
22401,22672.0,4.983
22402,22673.0,5.015
22403,22674.0,4.82
22404,22675.0,6.803
22405,22676.0,7.274
22406,22677.0,5.662
22407,22678.0,5.072
22408,22679.0,4.901
22409,22680.0,6.924
22410,22681.0,7.274
22411,22682.0,5.226
22412,22683.0,5.532
22413,22684.0,7.125
22414,22685.0,6.883
22415,22686.0,5.104
22416,22687.0,6.561
22417,22688.0,7.234
22418,22689.0,5.581
22419,22690.0,4.901
22420,22691.0,4.919
22421,22692.0,4.838
22422,22693.0,4.919
22423,22694.0,4.894
22424,22695.0,6.36
22425,22696.0,5.581
22426,22697.0,4.787
22427,22698.0,7.004
22428,22699.0,5.104
22429,22700.0,4.853
22430,22701.0,7.274
22431,22702.0,5.064
22432,22703.0,5.523
22433,22704.0,6.138
22434,22705.0,4.869
22435,22706.0,6.561
22436,22707.0,5.469
22437,22708.0,4.787
22438,22709.0,4.853
22439,22710.0,7.234
22440,22711.0,5.112
22441,22712.0,4.959
22442,22713.0,4.911
22443,22714.0,5.796
22444,22715.0,4.894
22445,22716.0,5.546
22446,22717.0,5.339
22447,22718.0,4.618
22448,22719.0,4.57
22449,22720.0,4.823
22450,22721.0,4.782
22451,22722.0,5.104
22452,22723.0,4.886
22453,22724.0,5.29
22454,22726.0,4.999
22455,22727.0,4.991
22456,22728.0,5.023
22457,22729.0,4.983
22458,22730.0,5.29
22459,22731.0,4.861
22460,22732.0,6.843
22461,22733.0,7.314
22462,22734.0,5.581
22463,22735.0,5.072
22464,22736.0,4.861
22465,22737.0,6.964
22466,22738.0,7.234
22467,22739.0,5.5
22468,22740.0,5.725
22469,22741.0,7.154
22470,22742.0,6.642
22471,22743.0,5.064
22472,22744.0,6.642
22473,22745.0,7.234
22474,22746.0,5.5
22475,22747.0,4.861
22476,22748.0,4.919
22477,22749.0,4.805
22478,22750.0,4.951
22479,22751.0,4.853
22480,22752.0,6.561
22481,22753.0,5.428
22482,22754.0,4.787
22483,22755.0,7.085
22484,22756.0,5.064
22485,22757.0,4.853
22486,22758.0,7.125
22487,22759.0,4.99
22488,22760.0,5.846
22489,22761.0,5.936
22490,22762.0,4.828
22491,22763.0,6.682
22492,22764.0,5.347
22493,22765.0,4.747
22494,22766.0,4.846
22495,22767.0,6.872
22496,22768.0,5.104
22497,22769.0,4.943
22498,22770.0,4.903
22499,22771.0,5.653
22500,22772.0,4.861
22501,22773.0,5.756
22502,22774.0,5.29
22503,22775.0,4.537
22504,22776.0,4.603
22505,22777.0,4.782
22506,22778.0,4.823
22507,22779.0,5.064
22508,22780.0,4.886
22509,22781.0,5.572
22510,22782.0,4.999
22511,22783.0,4.919
22512,22784.0,5.015
22513,22785.0,4.943
22514,22786.0,5.572
22515,22787.0,4.82
22516,22788.0,6.964
22517,22789.0,7.274
22518,22790.0,5.46
22519,22791.0,5.024
22520,22792.0,4.934
22521,22793.0,7.044
22522,22794.0,7.274
22523,22795.0,5.42
22524,22796.0,6.007
22525,22797.0,7.154
22526,22798.0,6.37
22527,22799.0,5.023
22528,22800.0,6.763
22529,22801.0,7.234
22530,22802.0,5.42
22531,22803.0,4.828
22532,22804.0,4.959
22533,22805.0,4.805
22534,22806.0,4.951
22535,22807.0,4.82
22536,22808.0,6.682
22537,22810.0,5.42
22538,22811.0,4.787
22539,22812.0,7.113
22540,22813.0,5.266
22541,22814.0,4.846
22542,22815.0,6.924
22543,22816.0,4.99
22544,22817.0,5.927
22545,22818.0,5.824
22546,22819.0,4.787
22547,22820.0,6.763
22548,22821.0,5.266
22549,22822.0,4.747
22550,22823.0,4.846
22551,22824.0,6.722
22552,22825.0,5.064
22553,22826.0,4.919
22554,22827.0,4.911
22555,22828.0,5.572
22556,22829.0,4.861
22557,22830.0,5.957
22558,22831.0,5.258
22559,22832.0,4.463
22560,22833.0,4.422
22561,22834.0,4.782
22562,22835.0,4.823
22563,22836.0,5.144
22564,22837.0,4.959
22565,22838.0,4.861
22566,22839.0,5.007
22567,22840.0,5.064
22568,22841.0,5.136
22569,22842.0,4.991
22570,22843.0,4.853
22571,22844.0,4.861
22572,22845.0,6.642
22573,22846.0,7.234
22574,22847.0,5.936
22575,22848.0,5.072
22576,22849.0,4.934
22577,22850.0,6.843
22578,22851.0,7.274
22579,22852.0,5.298
22580,22853.0,5.128
22581,22854.0,7.125
22582,22855.0,7.274
22583,22856.0,5.217
22584,22857.0,6.41
22585,22858.0,7.234
22586,22859.0,5.774
22587,22860.0,4.942
22588,22861.0,4.926
22589,22862.0,4.919
22590,22863.0,4.919
22591,22864.0,4.926
22592,22865.0,6.078
22593,22866.0,5.815
22594,22867.0,4.828
22595,22868.0,6.843
22596,22869.0,5.266
22597,22870.0,4.861
22598,22871.0,7.234
22599,22872.0,5.185
22600,22873.0,5.007
22601,22874.0,6.572
22602,22875.0,4.95
22603,22876.0,6.279
22604,22877.0,5.662
22605,22878.0,4.828
22606,22879.0,4.78
22607,22880.0,7.274
22608,22881.0,5.152
22609,22882.0,5.064
22610,22883.0,4.919
22611,22884.0,6.118
22612,22885.0,4.901
22613,22886.0,4.951
22614,22887.0,5.541
22615,22888.0,4.739
22616,22889.0,4.496
22617,22890.0,4.79
22618,22891.0,4.823
22619,22893.0,5.104
22620,22894.0,4.926
22621,22895.0,4.901
22622,22896.0,5.04
22623,22897.0,4.991
22624,22898.0,5.096
22625,22899.0,4.951
22626,22900.0,4.975
22627,22901.0,4.861
22628,22902.0,6.763
22629,22903.0,7.274
22630,22904.0,5.743
22631,22905.0,5.072
22632,22906.0,4.901
22633,22907.0,6.883
22634,22908.0,7.274
22635,22909.0,5.145
22636,22910.0,5.492
22637,22911.0,7.125
22638,22912.0,6.964
22639,22913.0,5.104
22640,22914.0,6.561
22641,22915.0,7.234
22642,22916.0,5.662
22643,22917.0,4.869
22644,22918.0,4.919
22645,22919.0,4.838
22646,22920.0,4.919
22647,22921.0,4.894
22648,22922.0,6.279
22649,22923.0,5.622
22650,22924.0,4.787
22651,22925.0,6.964
22652,22926.0,5.185
22653,22927.0,4.853
22654,22928.0,7.314
22655,22929.0,5.072
22656,22930.0,5.443
22657,22931.0,6.259
22658,22932.0,4.909
22659,22933.0,6.481
22660,22934.0,5.5
22661,22935.0,4.747
22662,22936.0,4.813
22663,22937.0,7.234
22664,22938.0,5.112
22665,22939.0,4.991
22666,22940.0,4.911
22667,22941.0,5.886
22668,22942.0,4.901
22669,22943.0,5.354
22670,22944.0,5.411
22671,22945.0,4.618
22672,22946.0,4.341
22673,22947.0,4.75
22674,22948.0,4.823
22675,22949.0,5.184
22676,22950.0,5.072
22677,22951.0,4.894
22678,22952.0,5.088
22679,22953.0,4.943
22680,22954.0,5.33
22681,22955.0,4.991
22682,22956.0,4.886
22683,22957.0,4.901
22684,22958.0,6.451
22685,22959.0,7.234
22686,22960.0,6.481
22687,22961.0,5.112
22688,22962.0,5.048
22689,22963.0,6.682
22690,22964.0,7.274
22691,22965.0,5.5
22692,22966.0,4.982
22693,22967.0,7.044
22694,22968.0,7.274
22695,22969.0,5.379
22696,22970.0,6.048
22697,22971.0,7.194
22698,22972.0,6.249
22699,22973.0,4.982
22700,22974.0,4.894
22701,22976.0,4.943
22702,22977.0,4.886
22703,22978.0,5.04
22704,22979.0,5.443
22705,22980.0,6.259
22706,22981.0,4.869
22707,22982.0,6.521
22708,22983.0,5.469
22709,22984.0,4.787
22710,22985.0,7.085
22711,22986.0,5.104
22712,22987.0,4.853
22713,22988.0,7.234
22714,22989.0,5.031
22715,22990.0,5.725
22716,22991.0,6.017
22717,22992.0,4.869
22718,22993.0,4.673
22719,22994.0,7.125
22720,22995.0,5.169
22721,22996.0,5.024
22722,22997.0,4.878
22723,22998.0,6.561
22724,22999.0,4.975
22725,23000.0,4.911
22726,23001.0,5.806
22727,23002.0,4.894
22728,23003.0,4.53
22729,23004.0,4.823
22730,23005.0,4.823
22731,23006.0,5.104
22732,23007.0,4.926
22733,23008.0,4.975
22734,23009.0,4.999
22735,23010.0,4.999
22736,23011.0,5.064
22737,23012.0,4.991
22738,23013.0,5.015
22739,23014.0,4.861
22740,23015.0,6.803
22741,23016.0,7.274
22742,23017.0,5.703
22743,23018.0,5.072
22744,23019.0,4.901
22745,23020.0,6.964
22746,23021.0,7.274
22747,23022.0,5.258
22748,23023.0,5.572
22749,23024.0,7.154
22750,23025.0,6.883
22751,23026.0,5.136
22752,23027.0,6.561
22753,23028.0,7.274
22754,23029.0,5.581
22755,23030.0,4.901
22756,23031.0,4.919
22757,23032.0,4.878
22758,23033.0,4.919
22759,23034.0,4.886
22760,23035.0,6.36
22761,23036.0,5.622
22762,23037.0,4.787
22763,23038.0,7.004
22764,23039.0,5.145
22765,23040.0,4.853
22766,23041.0,7.314
22767,23042.0,5.104
22768,23043.0,5.443
22769,23044.0,6.209
22770,23045.0,4.869
22771,23046.0,6.521
22772,23047.0,5.469
22773,23048.0,4.747
22774,23049.0,4.813
22775,23050.0,7.234
22776,23051.0,5.112
22777,23052.0,4.951
22778,23053.0,4.911
22779,23054.0,5.846
22780,23055.0,4.894
22781,23056.0,5.434
22782,23057.0,5.402
22783,23059.0,4.577
22784,23060.0,4.53
22785,23061.0,4.782
22786,23062.0,4.782
22787,23063.0,5.104
22788,23064.0,4.919
22789,23065.0,4.82
22790,23066.0,4.999
22791,23067.0,4.991
22792,23068.0,5.096
22793,23069.0,4.943
22794,23070.0,4.894
22795,23071.0,4.82
22796,23072.0,6.763
22797,23073.0,7.274
22798,23074.0,5.774
22799,23075.0,5.072
22800,23076.0,4.926
22801,23077.0,6.924
22802,23078.0,7.274
22803,23079.0,5.185
22804,23080.0,5.451
22805,23081.0,7.154
22806,23082.0,7.044
22807,23083.0,5.104
22808,23084.0,6.561
22809,23085.0,7.234
22810,23086.0,5.662
22811,23087.0,4.869
22812,23088.0,4.919
22813,23089.0,4.838
22814,23090.0,4.919
22815,23091.0,4.894
22816,23092.0,6.279
22817,23093.0,5.622
22818,23094.0,4.828
22819,23095.0,6.964
22820,23096.0,5.185
22821,23097.0,4.82
22822,23098.0,7.314
22823,23099.0,5.072
22824,23100.0,5.443
22825,23101.0,6.259
22826,23102.0,4.942
22827,23103.0,6.481
22828,23104.0,5.541
22829,23105.0,4.787
22830,23106.0,4.853
22831,23107.0,7.234
22832,23108.0,5.152
22833,23109.0,4.999
22834,23110.0,4.951
22835,23111.0,5.917
22836,23112.0,4.926
22837,23113.0,5.313
22838,23114.0,5.451
22839,23115.0,4.699
22840,23116.0,4.644
22841,23117.0,4.823
22842,23118.0,4.823
22843,23119.0,5.024
22844,23120.0,4.853
22845,23121.0,5.46
22846,23122.0,4.991
22847,23123.0,4.886
22848,23124.0,4.942
22849,23125.0,4.983
22850,23126.0,5.42
22851,23127.0,4.82
22852,23128.0,7.004
22853,23129.0,7.314
22854,23130.0,5.347
22855,23131.0,5.024
22856,23132.0,4.934
22857,23133.0,7.085
22858,23134.0,7.274
22859,23135.0,5.371
22860,23136.0,6.168
22861,23137.0,7.194
22862,23138.0,6.138
22863,23139.0,4.982
22864,23140.0,6.843
22865,23141.0,7.274
22866,23143.0,5.266
22867,23144.0,4.828
22868,23145.0,4.911
22869,23146.0,4.772
22870,23147.0,4.951
22871,23148.0,4.82
22872,23149.0,6.803
22873,23150.0,5.266
22874,23151.0,4.78
22875,23152.0,7.234
22876,23153.0,5.145
22877,23154.0,5.04
22878,23155.0,6.531
22879,23156.0,4.95
22880,23157.0,6.279
22881,23158.0,5.622
22882,23159.0,4.787
22883,23160.0,6.924
22884,23161.0,5.145
22885,23162.0,4.747
22886,23163.0,5.209
22887,23164.0,6.36
22888,23165.0,5.072
22889,23166.0,4.926
22890,23167.0,5.273
22891,23168.0,5.451
22892,23169.0,4.82
22893,23170.0,6.279
22894,23171.0,5.136
22895,23172.0,4.463
22896,23173.0,4.677
22897,23174.0,4.823
22898,23175.0,5.104
22899,23176.0,5.064
22900,23177.0,4.853
22901,23178.0,5.29
22902,23179.0,4.991
22903,23180.0,4.886
22904,23181.0,5.048
22905,23182.0,4.983
22906,23183.0,5.258
22907,23184.0,5.096
22908,23185.0,7.085
22909,23186.0,7.355
22910,23187.0,5.226
22911,23188.0,5.024
22912,23189.0,5.29
22913,23190.0,7.113
22914,23191.0,7.154
22915,23192.0,5.145
22916,23193.0,6.481
22917,23194.0,7.234
22918,23195.0,5.743
22919,23196.0,4.901
22920,23197.0,6.964
22921,23198.0,7.274
22922,23199.0,5.379
22923,23200.0,4.787
22924,23201.0,4.911
22925,23202.0,4.772
22926,23203.0,4.991
22927,23204.0,4.78
22928,23205.0,7.085
22929,23206.0,5.104
22930,23207.0,4.934
22931,23208.0,7.314
22932,23209.0,5.064
22933,23210.0,5.644
22934,23211.0,6.097
22935,23212.0,4.869
22936,23213.0,6.601
22937,23214.0,5.428
22938,23215.0,4.787
22939,23216.0,7.085
22940,23217.0,5.145
22941,23218.0,4.706
22942,23219.0,5.765
22943,23220.0,6.028
22944,23221.0,5.064
22945,23222.0,4.878
22946,23223.0,5.787
22947,23224.0,5.29
22948,23225.0,4.853
22949,23226.0,6.551
22950,23228.0,5.096
22951,23229.0,4.382
22952,23230.0,4.798
22953,23231.0,4.782
22954,23232.0,5.506
22955,23233.0,5.104
22956,23234.0,5.169
22957,23235.0,5.258
22958,23236.0,5.032
22959,23237.0,4.853
22960,23238.0,5.088
22961,23239.0,5.064
22962,23240.0,5.177
22963,23241.0,5.096
22964,23242.0,7.165
22965,23243.0,7.314
22966,23244.0,5.298
22967,23245.0,5.305
22968,23246.0,5.725
22969,23247.0,7.154
22970,23248.0,6.763
22971,23249.0,5.064
22972,23250.0,6.642
22973,23251.0,7.234
22974,23252.0,5.5
22975,23253.0,4.982
22976,23254.0,7.044
22977,23255.0,7.274
22978,23256.0,5.42
22979,23257.0,4.787
22980,23258.0,4.911
22981,23259.0,4.739
22982,23260.0,4.951
22983,23261.0,4.78
22984,23262.0,7.194
22985,23263.0,5.266
22986,23264.0,4.846
22987,23265.0,6.803
22988,23266.0,4.99
22989,23267.0,6.038
22990,23268.0,5.784
22991,23269.0,4.828
22992,23270.0,6.803
22993,23271.0,5.266
22994,23272.0,4.78
22995,23273.0,7.234
22996,23274.0,5.145
22997,23275.0,4.706
22998,23276.0,6.209
22999,23277.0,5.725
23000,23278.0,5.024
23001,23279.0,4.846
23002,23280.0,6.229
23003,23281.0,5.209
23004,23282.0,4.82
23005,23283.0,6.832
23006,23284.0,5.096
23007,23285.0,4.341
23008,23286.0,4.603
23009,23287.0,4.782
23010,23288.0,4.782
23011,23289.0,5.104
23012,23290.0,4.846
23013,23291.0,5.572
23014,23292.0,5.04
23015,23293.0,4.959
23016,23294.0,4.982
23017,23295.0,5.064
23018,23296.0,5.532
23019,23297.0,4.82
23020,23298.0,6.964
23021,23299.0,7.314
23022,23300.0,5.42
23023,23301.0,5.072
23024,23302.0,4.934
23025,23303.0,7.085
23026,23304.0,7.274
23027,23305.0,5.492
23028,23306.0,6.088
23029,23307.0,7.234
23030,23308.0,6.249
23031,23309.0,5.096
23032,23310.0,6.803
23033,23312.0,7.314
23034,23313.0,5.347
23035,23314.0,4.861
23036,23315.0,4.919
23037,23316.0,4.805
23038,23317.0,4.951
23039,23318.0,4.82
23040,23319.0,6.722
23041,23320.0,5.347
23042,23321.0,4.787
23043,23322.0,7.165
23044,23323.0,5.226
23045,23324.0,4.846
23046,23325.0,6.854
23047,23326.0,4.95
23048,23327.0,6.048
23049,23328.0,5.784
23050,23329.0,4.828
23051,23330.0,6.843
23052,23331.0,5.266
23053,23332.0,4.747
23054,23333.0,4.886
23055,23334.0,6.631
23056,23335.0,5.064
23057,23336.0,4.919
23058,23337.0,4.951
23059,23338.0,5.572
23060,23339.0,4.853
23061,23340.0,5.998
23062,23341.0,5.249
23063,23342.0,4.503
23064,23343.0,4.603
23065,23344.0,4.782
23066,23345.0,4.823
23067,23346.0,5.064
23068,23347.0,4.886
23069,23348.0,5.572
23070,23349.0,5.04
23071,23350.0,4.959
23072,23351.0,5.015
23073,23352.0,4.943
23074,23353.0,5.604
23075,23354.0,4.82
23076,23355.0,6.924
23077,23356.0,7.274
23078,23357.0,5.5
23079,23358.0,5.032
23080,23359.0,4.975
23081,23360.0,7.044
23082,23361.0,7.314
23083,23362.0,5.46
23084,23363.0,5.967
23085,23364.0,7.194
23086,23365.0,6.451
23087,23366.0,5.023
23088,23367.0,6.763
23089,23368.0,7.234
23090,23369.0,5.42
23091,23370.0,4.82
23092,23371.0,4.959
23093,23372.0,4.805
23094,23373.0,4.951
23095,23374.0,4.82
23096,23375.0,6.682
23097,23376.0,5.388
23098,23377.0,4.787
23099,23378.0,7.125
23100,23379.0,5.307
23101,23380.0,4.853
23102,23381.0,6.964
23103,23382.0,4.99
23104,23383.0,5.967
23105,23384.0,5.896
23106,23385.0,4.828
23107,23386.0,6.763
23108,23387.0,5.307
23109,23388.0,4.747
23110,23389.0,4.846
23111,23390.0,6.803
23112,23391.0,5.064
23113,23392.0,4.926
23114,23393.0,4.911
23115,23394.0,5.613
23116,23395.0,4.861
23117,23397.0,5.877
23118,23398.0,5.258
23119,23399.0,4.503
23120,23400.0,4.382
23121,23401.0,4.79
23122,23402.0,4.782
23123,23403.0,5.184
23124,23404.0,4.999
23125,23405.0,4.894
23126,23406.0,5.048
23127,23407.0,4.983
23128,23408.0,5.217
23129,23409.0,4.991
23130,23410.0,4.853
23131,23411.0,4.894
23132,23412.0,6.561
23133,23413.0,7.274
23134,23414.0,6.178
23135,23415.0,5.112
23136,23416.0,4.975
23137,23417.0,6.763
23138,23418.0,7.234
23139,23419.0,5.379
23140,23420.0,4.975
23141,23421.0,7.125
23142,23422.0,7.274
23143,23423.0,5.298
23144,23424.0,6.249
23145,23425.0,7.234
23146,23426.0,6.017
23147,23427.0,4.982
23148,23428.0,4.894
23149,23429.0,4.951
23150,23430.0,4.886
23151,23431.0,5.007
23152,23432.0,5.765
23153,23433.0,6.017
23154,23434.0,4.869
23155,23435.0,6.682
23156,23436.0,5.388
23157,23437.0,4.787
23158,23438.0,7.125
23159,23439.0,5.298
23160,23440.0,4.846
23161,23441.0,7.234
23162,23442.0,5.064
23163,23443.0,6.088
23164,23444.0,5.824
23165,23445.0,4.869
23166,23446.0,4.747
23167,23447.0,7.205
23168,23448.0,5.16
23169,23449.0,5.104
23170,23450.0,4.878
23171,23451.0,6.37
23172,23452.0,4.934
23173,23453.0,4.919
23174,23454.0,5.694
23175,23455.0,4.78
23176,23456.0,4.185
23177,23457.0,4.677
23178,23458.0,4.823
23179,23459.0,5.184
23180,23460.0,5.024
23181,23461.0,4.886
23182,23462.0,5.258
23183,23463.0,4.991
23184,23464.0,4.886
23185,23465.0,5.088
23186,23466.0,4.983
23187,23467.0,5.258
23188,23468.0,5.056
23189,23469.0,7.085
23190,23470.0,7.314
23191,23471.0,5.266
23192,23472.0,5.024
23193,23473.0,5.33
23194,23474.0,7.113
23195,23475.0,7.154
23196,23476.0,5.145
23197,23477.0,6.481
23198,23478.0,7.234
23199,23480.0,5.703
23200,23481.0,4.901
23201,23482.0,6.964
23202,23483.0,7.274
23203,23484.0,5.541
23204,23485.0,4.82
23205,23486.0,4.911
23206,23487.0,4.772
23207,23488.0,4.951
23208,23489.0,4.78
23209,23490.0,7.085
23210,23491.0,5.104
23211,23492.0,4.853
23212,23493.0,7.205
23213,23494.0,5.031
23214,23495.0,5.806
23215,23496.0,5.976
23216,23497.0,4.869
23217,23498.0,6.642
23218,23499.0,5.379
23219,23500.0,4.747
23220,23501.0,7.165
23221,23502.0,5.266
23222,23503.0,4.747
23223,23504.0,5.886
23224,23505.0,5.998
23225,23506.0,5.064
23226,23507.0,4.878
23227,23508.0,5.908
23228,23509.0,5.298
23229,23510.0,4.82
23230,23511.0,6.631
23231,23512.0,5.064
23232,23513.0,4.341
23233,23514.0,4.717
23234,23515.0,4.782
23235,23516.0,5.425
23236,23517.0,4.983
23237,23518.0,5.096
23238,23519.0,5.136
23239,23520.0,4.991
23240,23521.0,4.846
23241,23522.0,5.04
23242,23523.0,5.032
23243,23524.0,5.136
23244,23525.0,5.209
23245,23526.0,7.125
23246,23527.0,7.274
23247,23528.0,5.258
23248,23529.0,5.425
23249,23530.0,5.765
23250,23531.0,7.194
23251,23532.0,6.642
23252,23533.0,5.064
23253,23534.0,6.682
23254,23535.0,7.234
23255,23536.0,5.5
23256,23537.0,4.975
23257,23538.0,7.044
23258,23539.0,7.274
23259,23540.0,5.379
23260,23541.0,4.78
23261,23542.0,4.951
23262,23543.0,4.739
23263,23544.0,4.991
23264,23545.0,4.78
23265,23546.0,7.194
23266,23547.0,5.226
23267,23548.0,4.886
23268,23549.0,6.733
23269,23550.0,4.982
23270,23551.0,6.128
23271,23552.0,5.743
23272,23553.0,4.787
23273,23554.0,6.883
23274,23555.0,5.226
23275,23556.0,4.861
23276,23557.0,7.234
23277,23558.0,5.185
23278,23559.0,4.706
23279,23560.0,6.249
23280,23561.0,5.716
23281,23562.0,5.064
23282,23563.0,4.838
23283,23565.0,6.31
23284,23566.0,5.169
23285,23567.0,4.886
23286,23568.0,6.872
23287,23569.0,5.16
23288,23570.0,4.301
23289,23571.0,4.79
23290,23572.0,4.823
23291,23573.0,5.385
23292,23574.0,4.983
23293,23575.0,5.015
23294,23576.0,5.023
23295,23577.0,4.983
23296,23578.0,5.613
23297,23579.0,4.999
23298,23580.0,4.959
23299,23581.0,5.056
23300,23582.0,5.927
23301,23583.0,7.194
23302,23584.0,7.274
23303,23585.0,5.16
23304,23586.0,5.201
23305,23587.0,6.279
23306,23588.0,7.194
23307,23589.0,5.976
23308,23590.0,4.942
23309,23591.0,6.924
23310,23592.0,7.274
23311,23593.0,5.226
23312,23594.0,5.33
23313,23595.0,7.154
23314,23596.0,7.154
23315,23597.0,5.145
23316,23598.0,4.787
23317,23599.0,4.903
23318,23600.0,4.82
23319,23601.0,4.983
23320,23602.0,4.846
23321,23603.0,7.085
23322,23604.0,5.023
23323,23605.0,5.846
23324,23606.0,5.936
23325,23607.0,4.828
23326,23608.0,6.722
23327,23609.0,5.307
23328,23610.0,4.787
23329,23611.0,7.165
23330,23612.0,5.226
23331,23613.0,4.846
23332,23614.0,6.803
23333,23615.0,4.95
23334,23616.0,4.706
23335,23617.0,6.763
23336,23618.0,5.354
23337,23619.0,5.024
23338,23620.0,4.838
23339,23621.0,6.792
23340,23622.0,5.088
23341,23623.0,4.878
23342,23624.0,6.511
23343,23625.0,4.975
23344,23626.0,4.26
23345,23627.0,4.79
23346,23628.0,4.823
23347,23629.0,5.224
23348,23630.0,5.104
23349,23631.0,4.934
23350,23632.0,5.096
23351,23633.0,4.943
23352,23634.0,5.411
23353,23635.0,4.991
23354,23636.0,4.919
23355,23637.0,4.934
23356,23638.0,6.33
23357,23639.0,7.234
23358,23640.0,6.722
23359,23641.0,5.12
23360,23642.0,5.08
23361,23643.0,6.561
23362,23644.0,7.274
23363,23645.0,5.653
23364,23646.0,4.934
23365,23647.0,7.004
23366,23649.0,7.274
23367,23650.0,5.46
23368,23651.0,5.927
23369,23652.0,7.194
23370,23653.0,6.451
23371,23654.0,5.023
23372,23655.0,4.901
23373,23656.0,4.903
23374,23657.0,4.853
23375,23658.0,5.08
23376,23659.0,5.04
23377,23660.0,6.491
23378,23661.0,4.909
23379,23662.0,6.279
23380,23663.0,5.622
23381,23664.0,4.787
23382,23665.0,6.964
23383,23666.0,5.145
23384,23667.0,4.861
23385,23668.0,7.314
23386,23669.0,5.072
23387,23670.0,5.402
23388,23671.0,6.219
23389,23672.0,4.869
23390,23673.0,4.673
23391,23674.0,7.004
23392,23675.0,5.169
23393,23676.0,5.024
23394,23677.0,4.886
23395,23678.0,6.872
23396,23679.0,5.015
23397,23680.0,4.919
23398,23681.0,6.007
23399,23682.0,4.894
23400,23683.0,4.456
23401,23684.0,4.782
23402,23685.0,4.823
23403,23686.0,5.144
23404,23687.0,4.959
23405,23688.0,4.853
23406,23689.0,5.048
23407,23690.0,5.064
23408,23691.0,5.177
23409,23692.0,4.991
23410,23693.0,4.853
23411,23694.0,4.901
23412,23695.0,6.642
23413,23696.0,7.274
23414,23697.0,6.017
23415,23698.0,5.072
23416,23699.0,4.934
23417,23700.0,6.843
23418,23701.0,7.234
23419,23702.0,5.298
23420,23703.0,5.056
23421,23704.0,7.125
23422,23705.0,7.274
23423,23706.0,5.266
23424,23707.0,6.37
23425,23708.0,7.234
23426,23709.0,5.855
23427,23710.0,4.942
23428,23711.0,4.926
23429,23712.0,4.911
23430,23713.0,4.919
23431,23714.0,4.959
23432,23715.0,5.967
23433,23716.0,5.896
23434,23717.0,4.828
23435,23718.0,6.803
23436,23719.0,5.307
23437,23720.0,4.828
23438,23721.0,7.205
23439,23722.0,5.185
23440,23723.0,4.886
23441,23724.0,6.652
23442,23725.0,4.95
23443,23726.0,6.168
23444,23727.0,5.703
23445,23728.0,4.787
23446,23729.0,4.787
23447,23730.0,7.246
23448,23731.0,5.152
23449,23733.0,5.024
23450,23734.0,4.919
23451,23735.0,6.209
23452,23736.0,4.942
23453,23737.0,4.911
23454,23738.0,5.613
23455,23739.0,4.82
23456,23740.0,4.463
23457,23741.0,4.79
23458,23742.0,4.823
23459,23743.0,5.144
23460,23744.0,4.999
23461,23745.0,4.894
23462,23746.0,5.04
23463,23747.0,5.104
23464,23748.0,5.177
23465,23749.0,4.991
23466,23750.0,4.853
23467,23751.0,4.861
23468,23752.0,6.682
23469,23753.0,7.274
23470,23754.0,5.976
23471,23755.0,5.072
23472,23756.0,4.975
23473,23757.0,6.843
23474,23758.0,7.274
23475,23759.0,5.266
23476,23760.0,5.128
23477,23761.0,7.125
23478,23762.0,7.274
23479,23763.0,5.185
23480,23764.0,6.41
23481,23765.0,7.194
23482,23766.0,5.855
23483,23767.0,4.909
23484,23768.0,4.926
23485,23769.0,4.878
23486,23770.0,4.919
23487,23771.0,4.926
23488,23772.0,6.048
23489,23773.0,5.824
23490,23774.0,4.869
23491,23775.0,6.803
23492,23776.0,5.298
23493,23777.0,4.828
23494,23778.0,7.234
23495,23779.0,5.185
23496,23780.0,4.967
23497,23781.0,6.572
23498,23782.0,4.982
23499,23783.0,6.209
23500,23784.0,5.703
23501,23785.0,4.787
23502,23786.0,4.78
23503,23787.0,7.274
23504,23788.0,5.152
23505,23789.0,5.032
23506,23790.0,4.911
23507,23791.0,6.168
23508,23792.0,4.901
23509,23793.0,4.911
23510,23794.0,5.572
23511,23795.0,4.78
23512,23796.0,4.603
23513,23797.0,4.782
23514,23798.0,4.782
23515,23799.0,5.064
23516,23800.0,4.886
23517,23801.0,5.613
23518,23802.0,4.999
23519,23803.0,4.919
23520,23804.0,5.015
23521,23805.0,4.983
23522,23806.0,5.572
23523,23807.0,4.82
23524,23808.0,6.924
23525,23809.0,7.274
23526,23810.0,5.46
23527,23811.0,5.032
23528,23812.0,4.934
23529,23813.0,7.044
23530,23814.0,7.274
23531,23816.0,5.46
23532,23817.0,5.967
23533,23818.0,7.154
23534,23819.0,6.37
23535,23820.0,5.023
23536,23821.0,6.722
23537,23822.0,7.234
23538,23823.0,5.388
23539,23824.0,4.828
23540,23825.0,4.919
23541,23826.0,4.846
23542,23827.0,4.951
23543,23828.0,4.853
23544,23829.0,6.682
23545,23830.0,5.379
23546,23831.0,4.78
23547,23832.0,7.154
23548,23833.0,5.266
23549,23834.0,4.886
23550,23835.0,6.843
23551,23836.0,4.982
23552,23837.0,6.007
23553,23838.0,5.855
23554,23839.0,4.828
23555,23840.0,6.803
23556,23841.0,5.266
23557,23842.0,4.787
23558,23843.0,4.846
23559,23844.0,6.712
23560,23845.0,5.064
23561,23846.0,4.951
23562,23847.0,4.943
23563,23848.0,5.604
23564,23849.0,4.861
23565,23850.0,6.038
23566,23851.0,5.217
23567,23852.0,4.544
23568,23853.0,4.53
23569,23854.0,4.782
23570,23855.0,4.823
23571,23856.0,5.064
23572,23857.0,4.926
23573,23858.0,5.177
23574,23859.0,4.999
23575,23860.0,4.959
23576,23861.0,5.056
23577,23862.0,4.943
23578,23863.0,5.258
23579,23864.0,4.853
23580,23865.0,6.883
23581,23866.0,7.274
23582,23867.0,5.622
23583,23868.0,5.072
23584,23869.0,4.894
23585,23870.0,6.964
23586,23871.0,7.314
23587,23872.0,5.541
23588,23873.0,5.765
23589,23874.0,7.154
23590,23875.0,6.642
23591,23876.0,5.064
23592,23877.0,6.682
23593,23878.0,7.234
23594,23879.0,5.5
23595,23880.0,4.869
23596,23881.0,4.919
23597,23882.0,4.846
23598,23883.0,4.951
23599,23884.0,4.853
23600,23885.0,6.521
23601,23886.0,5.5
23602,23887.0,4.787
23603,23888.0,7.085
23604,23889.0,5.104
23605,23890.0,4.853
23606,23891.0,7.234
23607,23892.0,5.031
23608,23893.0,5.765
23609,23894.0,6.017
23610,23895.0,4.869
23611,23896.0,6.642
23612,23897.0,5.42
23613,23899.0,4.747
23614,23900.0,4.846
23615,23901.0,7.033
23616,23902.0,5.104
23617,23903.0,4.959
23618,23904.0,4.951
23619,23905.0,5.734
23620,23906.0,4.894
23621,23907.0,5.716
23622,23908.0,5.371
23623,23909.0,4.537
23624,23910.0,4.684
23625,23911.0,4.823
23626,23912.0,4.823
23627,23913.0,5.064
23628,23914.0,4.886
23629,23915.0,5.5
23630,23916.0,5.032
23631,23917.0,4.926
23632,23918.0,4.975
23633,23919.0,4.943
23634,23920.0,5.492
23635,23921.0,4.82
23636,23922.0,7.044
23637,23923.0,7.274
23638,23924.0,5.379
23639,23925.0,5.024
23640,23926.0,4.934
23641,23927.0,7.085
23642,23928.0,7.274
23643,23929.0,5.307
23644,23930.0,6.168
23645,23931.0,7.194
23646,23932.0,6.097
23647,23933.0,4.942
23648,23934.0,6.843
23649,23935.0,7.274
23650,23936.0,5.266
23651,23937.0,4.828
23652,23938.0,4.911
23653,23939.0,4.772
23654,23940.0,4.951
23655,23941.0,4.78
23656,23942.0,6.843
23657,23943.0,5.266
23658,23944.0,4.82
23659,23945.0,7.234
23660,23946.0,5.145
23661,23947.0,5.048
23662,23948.0,6.491
23663,23949.0,4.909
23664,23950.0,6.279
23665,23951.0,5.662
23666,23952.0,4.787
23667,23953.0,6.924
23668,23954.0,5.145
23669,23955.0,4.747
23670,23956.0,5.169
23671,23957.0,6.39
23672,23958.0,5.072
23673,23959.0,4.919
23674,23960.0,5.233
23675,23961.0,5.451
23676,23962.0,4.82
23677,23963.0,6.239
23678,23964.0,5.177
23679,23965.0,4.456
23680,23966.0,4.677
23681,23967.0,4.823
23682,23968.0,5.144
23683,23969.0,5.064
23684,23970.0,4.894
23685,23971.0,5.298
23686,23972.0,4.991
23687,23973.0,4.886
23688,23974.0,5.048
23689,23975.0,4.983
23690,23976.0,5.258
23691,23977.0,5.096
23692,23978.0,7.085
23693,23979.0,7.314
23694,23981.0,5.266
23695,23982.0,5.064
23696,23983.0,5.33
23697,23984.0,7.154
23698,23985.0,7.194
23699,23986.0,5.217
23700,23987.0,6.521
23701,23988.0,7.274
23702,23989.0,5.734
23703,23990.0,4.975
23704,23991.0,7.004
23705,23992.0,7.314
23706,23993.0,5.5
23707,23994.0,4.82
23708,23995.0,4.951
23709,23996.0,4.78
23710,23997.0,4.991
23711,23998.0,4.78
23712,23999.0,7.085
23713,24000.0,5.112
23714,24001.0,4.853
23715,24002.0,7.234
23716,24003.0,5.031
23717,24004.0,5.725
23718,24005.0,6.017
23719,24006.0,4.869
23720,24007.0,6.642
23721,24008.0,5.347
23722,24009.0,4.747
23723,24010.0,7.125
23724,24011.0,5.266
23725,24012.0,4.706
23726,24013.0,5.886
23727,24014.0,5.927
23728,24015.0,5.064
23729,24016.0,4.846
23730,24017.0,5.917
23731,24018.0,5.258
23732,24019.0,4.82
23733,24020.0,6.631
23734,24021.0,5.088
23735,24022.0,4.341
23736,24023.0,4.75
23737,24024.0,4.782
23738,24025.0,5.313
23739,24026.0,4.983
23740,24027.0,5.056
23741,24028.0,5.064
23742,24029.0,4.991
23743,24030.0,4.934
23744,24031.0,5.04
23745,24032.0,4.999
23746,24033.0,5.096
23747,24034.0,5.572
23748,24035.0,7.165
23749,24036.0,7.314
23750,24037.0,5.249
23751,24038.0,5.273
23752,24039.0,6.048
23753,24040.0,7.194
23754,24041.0,6.289
23755,24042.0,5.023
23756,24043.0,6.803
23757,24044.0,7.274
23758,24045.0,5.379
23759,24046.0,4.975
23760,24047.0,7.125
23761,24048.0,7.274
23762,24049.0,5.298
23763,24050.0,4.78
23764,24051.0,4.991
23765,24052.0,4.739
23766,24053.0,4.991
23767,24054.0,4.813
23768,24055.0,7.314
23769,24056.0,5.112
23770,24057.0,5.33
23771,24058.0,6.299
23772,24059.0,4.909
23773,24060.0,6.44
23774,24061.0,5.5
23775,24062.0,4.787
23776,24063.0,7.004
23777,24065.0,5.104
23778,24066.0,4.813
23779,24067.0,7.314
23780,24068.0,5.031
23781,24069.0,4.706
23782,24070.0,6.521
23783,24071.0,5.532
23784,24072.0,5.064
23785,24073.0,4.846
23786,24074.0,6.511
23787,24075.0,5.096
23788,24076.0,4.846
23789,24077.0,6.913
23790,24078.0,5.056
23791,24079.0,4.301
23792,24080.0,4.79
23793,24081.0,4.823
23794,24082.0,5.273
23795,24083.0,4.983
23796,24084.0,4.934
23797,24085.0,4.975
23798,24086.0,4.943
23799,24087.0,5.492
23800,24088.0,4.991
23801,24089.0,4.919
23802,24090.0,4.975
23803,24091.0,6.209
23804,24092.0,7.194
23805,24093.0,6.964
23806,24094.0,5.16
23807,24095.0,5.128
23808,24096.0,6.481
23809,24097.0,7.234
23810,24098.0,5.743
23811,24099.0,4.942
23812,24100.0,6.964
23813,24101.0,7.314
23814,24102.0,5.339
23815,24103.0,5.694
23816,24104.0,7.154
23817,24105.0,6.763
23818,24106.0,5.104
23819,24107.0,4.861
23820,24108.0,4.903
23821,24109.0,4.894
23822,24110.0,5.152
23823,24111.0,4.926
23824,24112.0,6.773
23825,24113.0,4.982
23826,24114.0,6.088
23827,24115.0,5.815
23828,24116.0,4.828
23829,24117.0,6.843
23830,24118.0,5.226
23831,24119.0,4.78
23832,24120.0,7.234
23833,24121.0,5.145
23834,24122.0,5.048
23835,24123.0,6.491
23836,24124.0,4.909
23837,24125.0,4.673
23838,24126.0,6.924
23839,24127.0,5.281
23840,24128.0,5.024
23841,24129.0,4.846
23842,24130.0,6.872
23843,24131.0,5.088
23844,24132.0,4.878
23845,24133.0,6.209
23846,24134.0,4.934
23847,24135.0,4.456
23848,24136.0,4.79
23849,24137.0,4.823
23850,24138.0,5.184
23851,24139.0,5.032
23852,24140.0,4.894
23853,24141.0,5.048
23854,24142.0,4.943
23855,24143.0,5.258
23856,24144.0,4.991
23857,24145.0,4.846
23858,24146.0,4.894
23859,24147.0,6.491
23860,24148.0,7.234
23861,24150.0,6.249
23862,24151.0,5.112
23863,24152.0,5.007
23864,24153.0,6.722
23865,24154.0,7.234
23866,24155.0,5.46
23867,24156.0,4.934
23868,24157.0,7.085
23869,24158.0,7.274
23870,24159.0,5.339
23871,24160.0,6.168
23872,24161.0,7.194
23873,24162.0,6.138
23874,24163.0,4.982
23875,24164.0,4.894
23876,24165.0,4.983
23877,24166.0,4.886
23878,24167.0,5.04
23879,24168.0,5.604
23880,24169.0,6.138
23881,24170.0,4.869
23882,24171.0,6.601
23883,24172.0,5.428
23884,24173.0,4.787
23885,24174.0,7.125
23886,24175.0,5.266
23887,24176.0,4.846
23888,24177.0,7.004
23889,24178.0,4.99
23890,24179.0,5.967
23891,24180.0,5.864
23892,24181.0,4.861
23893,24182.0,4.747
23894,24183.0,7.205
23895,24184.0,5.169
23896,24185.0,5.104
23897,24186.0,4.919
23898,24187.0,6.4
23899,24188.0,4.934
23900,24189.0,4.911
23901,24190.0,5.694
23902,24191.0,4.82
23903,24192.0,4.179
23904,24193.0,4.75
23905,24194.0,4.823
23906,24195.0,5.273
23907,24196.0,4.983
23908,24197.0,4.942
23909,24198.0,4.982
23910,24199.0,4.943
23911,24200.0,5.532
23912,24201.0,4.991
23913,24202.0,4.926
23914,24203.0,4.942
23915,24204.0,6.088
23916,24205.0,7.194
23917,24206.0,7.044
23918,24207.0,5.16
23919,24208.0,5.128
23920,24209.0,6.4
23921,24210.0,7.194
23922,24211.0,5.784
23923,24212.0,4.901
23924,24213.0,6.924
23925,24214.0,7.274
23926,24215.0,5.266
23927,24216.0,5.613
23928,24217.0,7.165
23929,24218.0,6.843
23930,24219.0,5.104
23931,24220.0,4.78
23932,24221.0,4.903
23933,24222.0,4.853
23934,24223.0,5.144
23935,24224.0,4.886
23936,24225.0,6.843
23937,24226.0,4.982
23938,24227.0,6.048
23939,24228.0,5.815
23940,24229.0,4.828
23941,24230.0,6.843
23942,24232.0,5.266
23943,24233.0,4.82
23944,24234.0,7.205
23945,24235.0,5.217
23946,24236.0,4.967
23947,24237.0,6.531
23948,24238.0,4.909
23949,24239.0,4.706
23950,24240.0,6.883
23951,24241.0,5.322
23952,24242.0,5.024
23953,24243.0,4.886
23954,24244.0,6.872
23955,24245.0,5.096
23956,24246.0,4.878
23957,24247.0,6.31
23958,24248.0,4.934
23959,24249.0,4.301
23960,24250.0,4.79
23961,24251.0,4.79
23962,24252.0,5.265
23963,24253.0,5.024
23964,24254.0,4.934
23965,24255.0,4.982
23966,24256.0,4.943
23967,24257.0,5.42
23968,24258.0,4.991
23969,24259.0,4.886
23970,24260.0,4.942
23971,24261.0,6.249
23972,24262.0,7.234
23973,24263.0,6.763
23974,24264.0,5.12
23975,24265.0,5.088
23976,24266.0,6.521
23977,24267.0,7.234
23978,24268.0,5.662
23979,24269.0,4.909
23980,24270.0,7.004
23981,24271.0,7.274
23982,24272.0,5.5
23983,24273.0,5.806
23984,24274.0,7.154
23985,24275.0,6.572
23986,24276.0,5.023
23987,24277.0,4.901
23988,24278.0,4.903
23989,24279.0,4.853
23990,24280.0,5.112
23991,24281.0,4.926
23992,24282.0,6.572
23993,24283.0,4.909
23994,24284.0,6.239
23995,24285.0,5.662
23996,24286.0,4.787
23997,24287.0,6.924
23998,24288.0,5.185
23999,24289.0,4.82
24000,24290.0,7.274
24001,24291.0,5.104
24002,24292.0,5.281
24003,24293.0,6.299
24004,24294.0,4.909
24005,24295.0,4.666
24006,24296.0,7.004
24007,24297.0,5.209
24008,24298.0,5.024
24009,24299.0,4.846
24010,24300.0,6.913
24011,24301.0,5.023
24012,24302.0,4.919
24013,24303.0,6.088
24014,24304.0,4.934
24015,24305.0,4.57
24016,24306.0,4.83
24017,24307.0,4.782
24018,24308.0,5.144
24019,24309.0,4.926
24020,24310.0,4.934
24021,24311.0,5.04
24022,24312.0,5.032
24023,24313.0,5.096
24024,24314.0,5.032
24025,24316.0,4.934
24026,24317.0,4.894
24027,24318.0,6.803
24028,24319.0,7.274
24029,24320.0,5.743
24030,24321.0,5.072
24031,24322.0,4.894
24032,24323.0,6.924
24033,24324.0,7.274
24034,24325.0,5.185
24035,24326.0,5.492
24036,24327.0,7.165
24037,24328.0,6.924
24038,24329.0,5.104
24039,24330.0,6.561
24040,24331.0,7.234
24041,24332.0,5.581
24042,24333.0,4.869
24043,24334.0,4.919
24044,24335.0,4.846
24045,24336.0,4.919
24046,24337.0,4.853
24047,24338.0,6.36
24048,24339.0,5.581
24049,24340.0,4.787
24050,24341.0,7.004
24051,24342.0,5.145
24052,24343.0,4.813
24053,24344.0,7.314
24054,24345.0,5.064
24055,24346.0,5.523
24056,24347.0,6.138
24057,24348.0,4.869
24058,24349.0,6.521
24059,24350.0,5.469
24060,24351.0,4.787
24061,24352.0,4.853
24062,24353.0,7.234
24063,24354.0,5.112
24064,24355.0,4.959
24065,24356.0,4.911
24066,24357.0,5.815
24067,24358.0,4.901
24068,24359.0,5.474
24069,24360.0,5.411
24070,24361.0,4.618
24071,24362.0,4.644
24072,24363.0,4.782
24073,24364.0,4.823
24074,24365.0,5.024
24075,24366.0,4.878
24076,24367.0,5.451
24077,24368.0,4.991
24078,24369.0,4.886
24079,24370.0,5.096
24080,24371.0,5.024
24081,24372.0,5.411
24082,24373.0,4.82
24083,24374.0,7.044
24084,24375.0,7.314
24085,24376.0,5.339
24086,24377.0,5.024
24087,24378.0,4.967
24088,24379.0,7.085
24089,24380.0,7.314
24090,24381.0,5.307
24091,24382.0,6.289
24092,24383.0,7.194
24093,24384.0,6.088
24094,24385.0,4.982
24095,24386.0,6.883
24096,24387.0,7.274
24097,24388.0,5.226
24098,24389.0,4.828
24099,24390.0,4.911
24100,24391.0,4.772
24101,24392.0,4.951
24102,24393.0,4.78
24103,24394.0,6.883
24104,24395.0,5.226
24105,24396.0,4.82
24106,24398.0,7.234
24107,24399.0,5.145
24108,24400.0,5.128
24109,24401.0,6.451
24110,24402.0,4.909
24111,24403.0,6.33
24112,24404.0,5.622
24113,24405.0,4.787
24114,24406.0,6.964
24115,24407.0,5.145
24116,24408.0,4.747
24117,24409.0,5.249
24118,24410.0,6.35
24119,24411.0,5.032
24120,24412.0,4.886
24121,24413.0,5.313
24122,24414.0,5.451
24123,24415.0,4.813
24124,24416.0,6.279
24125,24417.0,5.128
24126,24418.0,4.422
24127,24419.0,4.636
24128,24420.0,4.823
24129,24421.0,4.782
24130,24422.0,5.024
24131,24423.0,4.853
24132,24424.0,5.379
24133,24425.0,4.991
24134,24426.0,4.886
24135,24427.0,5.056
24136,24428.0,4.983
24137,24429.0,5.339
24138,24430.0,4.82
24139,24431.0,7.044
24140,24432.0,7.314
24141,24433.0,5.266
24142,24434.0,5.024
24143,24435.0,4.926
24144,24436.0,7.125
24145,24437.0,7.274
24146,24438.0,5.266
24147,24439.0,6.33
24148,24440.0,7.234
24149,24441.0,5.936
24150,24442.0,4.982
24151,24443.0,6.883
24152,24444.0,7.274
24153,24445.0,5.185
24154,24446.0,4.82
24155,24447.0,4.911
24156,24448.0,4.813
24157,24449.0,4.951
24158,24450.0,4.813
24159,24451.0,6.924
24160,24452.0,5.217
24161,24453.0,4.82
24162,24454.0,7.274
24163,24455.0,5.104
24164,24456.0,5.29
24165,24457.0,6.34
24166,24458.0,4.869
24167,24459.0,6.4
24168,24460.0,5.55
24169,24461.0,4.787
24170,24462.0,7.004
24171,24463.0,5.112
24172,24464.0,4.706
24173,24465.0,5.402
24174,24466.0,6.249
24175,24467.0,5.072
24176,24468.0,4.886
24177,24469.0,5.466
24178,24470.0,5.371
24179,24471.0,4.853
24180,24472.0,6.4
24181,24473.0,5.128
24182,24474.0,4.422
24183,24475.0,4.717
24184,24476.0,4.782
24185,24477.0,5.466
24186,24478.0,4.983
24187,24479.0,5.128
24188,24480.0,5.145
24189,24481.0,4.991
24190,24482.0,4.813
24191,24484.0,5.048
24192,24485.0,5.032
24193,24486.0,5.136
24194,24487.0,5.096
24195,24488.0,7.125
24196,24489.0,7.274
24197,24490.0,5.298
24198,24491.0,5.265
24199,24492.0,5.725
24200,24493.0,7.154
24201,24494.0,6.722
24202,24495.0,5.064
24203,24496.0,6.642
24204,24497.0,7.234
24205,24498.0,5.541
24206,24499.0,4.942
24207,24500.0,7.044
24208,24501.0,7.274
24209,24502.0,5.46
24210,24503.0,4.787
24211,24504.0,4.951
24212,24505.0,4.739
24213,24506.0,4.991
24214,24507.0,4.78
24215,24508.0,7.194
24216,24509.0,5.226
24217,24510.0,4.886
24218,24511.0,6.763
24219,24512.0,4.982
24220,24513.0,6.088
24221,24514.0,5.815
24222,24515.0,4.828
24223,24516.0,6.843
24224,24517.0,5.266
24225,24518.0,4.828
24226,24519.0,7.246
24227,24520.0,5.185
24228,24521.0,4.706
24229,24522.0,6.168
24230,24523.0,5.725
24231,24524.0,5.032
24232,24525.0,4.853
24233,24526.0,6.189
24234,24527.0,5.145
24235,24528.0,4.82
24236,24529.0,6.792
24237,24530.0,5.145
24238,24531.0,4.341
24239,24532.0,4.75
24240,24533.0,4.823
24241,24534.0,5.345
24242,24535.0,4.983
24243,24536.0,4.975
24244,24537.0,5.023
24245,24538.0,4.943
24246,24539.0,5.613
24247,24540.0,4.999
24248,24541.0,4.959
24249,24542.0,4.982
24250,24543.0,5.927
24251,24544.0,7.205
24252,24545.0,7.314
24253,24546.0,5.16
24254,24547.0,5.16
24255,24548.0,6.279
24256,24549.0,7.234
24257,24550.0,5.936
24258,24551.0,4.982
24259,24552.0,6.883
24260,24553.0,7.274
24261,24554.0,5.185
24262,24555.0,5.371
24263,24556.0,7.165
24264,24557.0,7.154
24265,24558.0,5.145
24266,24559.0,4.78
24267,24560.0,4.903
24268,24561.0,4.894
24269,24562.0,5.024
24270,24563.0,4.886
24271,24564.0,7.125
24272,24565.0,5.023
24273,24567.0,5.886
24274,24568.0,5.945
24275,24569.0,4.828
24276,24570.0,6.763
24277,24571.0,5.307
24278,24572.0,4.828
24279,24573.0,7.205
24280,24574.0,5.266
24281,24575.0,4.846
24282,24576.0,6.733
24283,24577.0,4.95
24284,24578.0,4.706
24285,24579.0,6.803
24286,24580.0,5.354
24287,24581.0,5.024
24288,24582.0,4.886
24289,24583.0,6.832
24290,24584.0,5.128
24291,24585.0,4.878
24292,24586.0,6.39
24293,24587.0,4.934
24294,24588.0,4.496
24295,24589.0,4.79
24296,24590.0,4.823
24297,24591.0,5.184
24298,24592.0,5.032
24299,24593.0,4.894
24300,24594.0,5.048
24301,24595.0,4.983
24302,24596.0,5.217
24303,24597.0,4.991
24304,24598.0,4.853
24305,24599.0,4.901
24306,24600.0,6.531
24307,24601.0,7.234
24308,24602.0,6.178
24309,24603.0,5.072
24310,24604.0,4.975
24311,24605.0,6.763
24312,24606.0,7.274
24313,24607.0,5.388
24314,24608.0,4.934
24315,24609.0,7.085
24316,24610.0,7.274
24317,24611.0,5.307
24318,24612.0,6.289
24319,24613.0,7.194
24320,24614.0,5.936
24321,24615.0,4.942
24322,24616.0,4.886
24323,24617.0,4.911
24324,24618.0,4.886
24325,24619.0,4.967
24326,24620.0,5.806
24327,24621.0,5.976
24328,24622.0,4.828
24329,24623.0,6.682
24330,24624.0,5.347
24331,24625.0,4.747
24332,24626.0,7.165
24333,24627.0,5.266
24334,24628.0,4.846
24335,24629.0,6.843
24336,24630.0,4.95
24337,24631.0,6.048
24338,24632.0,5.784
24339,24633.0,4.828
24340,24634.0,4.747
24341,24635.0,7.205
24342,24636.0,5.169
24343,24637.0,5.104
24344,24638.0,4.878
24345,24639.0,6.36
24346,24640.0,4.934
24347,24641.0,4.951
24348,24642.0,5.685
24349,24643.0,4.853
24350,24644.0,4.537
24351,24645.0,4.823
24352,24646.0,4.782
24353,24648.0,5.144
24354,24649.0,4.919
24355,24650.0,4.894
24356,24651.0,5.04
24357,24652.0,5.064
24358,24653.0,5.096
24359,24654.0,5.032
24360,24655.0,4.813
24361,24656.0,4.861
24362,24657.0,6.763
24363,24658.0,7.274
24364,24659.0,5.784
24365,24660.0,5.072
24366,24661.0,4.901
24367,24662.0,6.883
24368,24663.0,7.274
24369,24664.0,5.185
24370,24665.0,5.411
24371,24666.0,7.125
24372,24667.0,7.073
24373,24668.0,5.145
24374,24669.0,6.521
24375,24670.0,7.234
24376,24671.0,5.662
24377,24672.0,4.901
24378,24673.0,4.919
24379,24674.0,4.838
24380,24675.0,4.959
24381,24676.0,4.894
24382,24677.0,6.279
24383,24678.0,5.662
24384,24679.0,4.787
24385,24680.0,6.924
24386,24681.0,5.185
24387,24682.0,4.82
24388,24683.0,7.274
24389,24684.0,5.104
24390,24685.0,5.322
24391,24686.0,6.299
24392,24687.0,4.909
24393,24688.0,6.44
24394,24689.0,5.541
24395,24690.0,4.747
24396,24691.0,4.813
24397,24692.0,7.234
24398,24693.0,5.112
24399,24694.0,4.999
24400,24695.0,4.911
24401,24696.0,5.936
24402,24697.0,4.901
24403,24698.0,5.233
24404,24699.0,5.451
24405,24700.0,4.658
24406,24701.0,4.611
24407,24702.0,4.782
24408,24703.0,4.823
24409,24704.0,5.064
24410,24705.0,4.926
24411,24706.0,5.46
24412,24707.0,5.04
24413,24708.0,4.919
24414,24709.0,5.056
24415,24710.0,4.943
24416,24711.0,5.572
24417,24712.0,4.82
24418,24713.0,6.883
24419,24714.0,7.234
24420,24715.0,5.572
24421,24716.0,5.032
24422,24717.0,4.894
24423,24718.0,7.004
24424,24719.0,7.274
24425,24720.0,5.5
24426,24721.0,5.806
24427,24722.0,7.194
24428,24723.0,6.531
24429,24724.0,5.064
24430,24725.0,6.682
24431,24726.0,7.234
24432,24727.0,5.42
24433,24728.0,4.828
24434,24729.0,4.919
24435,24730.0,4.805
24436,24732.0,4.959
24437,24733.0,4.82
24438,24734.0,6.561
24439,24735.0,5.428
24440,24736.0,4.747
24441,24737.0,7.085
24442,24738.0,5.064
24443,24739.0,4.853
24444,24740.0,7.165
24445,24741.0,5.031
24446,24742.0,5.806
24447,24743.0,5.986
24448,24744.0,4.828
24449,24745.0,6.682
24450,24746.0,5.347
24451,24747.0,4.747
24452,24748.0,4.853
24453,24749.0,6.953
24454,24750.0,5.072
24455,24751.0,4.959
24456,24752.0,4.911
24457,24753.0,5.685
24458,24754.0,4.861
24459,24755.0,5.756
24460,24756.0,5.298
24461,24757.0,4.577
24462,24758.0,4.603
24463,24759.0,4.823
24464,24760.0,4.823
24465,24761.0,5.104
24466,24762.0,4.886
24467,24763.0,5.653
24468,24764.0,4.999
24469,24765.0,4.959
24470,24766.0,5.015
24471,24767.0,4.983
24472,24768.0,5.572
24473,24769.0,4.861
24474,24770.0,6.924
24475,24771.0,7.314
24476,24772.0,5.5
24477,24773.0,5.072
24478,24774.0,4.942
24479,24775.0,7.044
24480,24776.0,7.274
24481,24777.0,5.5
24482,24778.0,5.927
24483,24779.0,7.234
24484,24780.0,6.37
24485,24781.0,5.064
24486,24782.0,6.763
24487,24783.0,7.274
24488,24784.0,5.379
24489,24785.0,4.828
24490,24786.0,4.919
24491,24787.0,4.805
24492,24788.0,4.951
24493,24789.0,4.82
24494,24790.0,6.682
24495,24791.0,5.388
24496,24792.0,4.787
24497,24793.0,7.125
24498,24794.0,5.266
24499,24795.0,4.846
24500,24796.0,6.883
24501,24797.0,4.99
24502,24798.0,5.967
24503,24799.0,5.824
24504,24800.0,4.828
24505,24801.0,6.763
24506,24802.0,5.266
24507,24803.0,4.747
24508,24804.0,4.846
24509,24805.0,6.722
24510,24806.0,5.104
24511,24807.0,4.919
24512,24808.0,4.951
24513,24809.0,5.613
24514,24810.0,4.861
24515,24811.0,5.917
24516,24812.0,5.249
24517,24813.0,4.496
24518,24814.0,4.684
24519,24815.0,4.782
24520,24817.0,4.823
24521,24818.0,5.024
24522,24819.0,4.846
24523,24820.0,5.42
24524,24821.0,5.032
24525,24822.0,4.886
24526,24823.0,5.096
24527,24824.0,4.943
24528,24825.0,5.451
24529,24826.0,4.78
24530,24827.0,7.004
24531,24828.0,7.274
24532,24829.0,5.339
24533,24830.0,5.024
24534,24831.0,4.967
24535,24832.0,7.125
24536,24833.0,7.314
24537,24834.0,5.307
24538,24835.0,6.289
24539,24836.0,7.234
24540,24837.0,6.088
24541,24838.0,4.942
24542,24839.0,6.883
24543,24840.0,7.274
24544,24841.0,5.298
24545,24842.0,4.828
24546,24843.0,4.951
24547,24844.0,4.772
24548,24845.0,4.991
24549,24846.0,4.78
24550,24847.0,6.883
24551,24848.0,5.226
24552,24849.0,4.82
24553,24850.0,7.234
24554,24851.0,5.145
24555,24852.0,5.08
24556,24853.0,6.491
24557,24854.0,4.909
24558,24855.0,6.279
24559,24856.0,5.622
24560,24857.0,4.787
24561,24858.0,6.964
24562,24859.0,5.145
24563,24860.0,4.706
24564,24861.0,5.169
24565,24862.0,6.39
24566,24863.0,5.032
24567,24864.0,4.878
24568,24865.0,5.233
24569,24866.0,5.451
24570,24867.0,4.853
24571,24868.0,6.229
24572,24869.0,5.169
24573,24870.0,4.456
24574,24871.0,4.677
24575,24872.0,4.823
24576,24873.0,5.024
24577,24874.0,5.024
24578,24875.0,4.813
24579,24876.0,5.298
24580,24877.0,4.991
24581,24878.0,4.886
24582,24879.0,5.056
24583,24880.0,4.983
24584,24881.0,5.258
24585,24882.0,4.901
24586,24883.0,7.044
24587,24884.0,7.314
24588,24885.0,5.185
24589,24886.0,5.024
24590,24887.0,5.209
24591,24888.0,7.165
24592,24889.0,7.194
24593,24890.0,5.185
24594,24891.0,6.44
24595,24892.0,7.234
24596,24893.0,5.743
24597,24894.0,4.934
24598,24895.0,6.964
24599,24896.0,7.314
24600,24897.0,5.388
24601,24898.0,4.82
24602,24899.0,4.911
24603,24900.0,4.772
24604,24902.0,4.951
24605,24903.0,4.78
24606,24904.0,7.085
24607,24905.0,5.145
24608,24906.0,4.853
24609,24907.0,7.274
24610,24908.0,5.031
24611,24909.0,5.765
24612,24910.0,6.017
24613,24911.0,4.861
24614,24912.0,6.682
24615,24913.0,5.388
24616,24914.0,4.747
24617,24915.0,7.125
24618,24916.0,5.266
24619,24917.0,4.706
24620,24918.0,5.886
24621,24919.0,5.936
24622,24920.0,5.064
24623,24921.0,4.838
24624,24922.0,5.948
24625,24923.0,5.249
24626,24924.0,4.813
24627,24925.0,6.631
24628,24926.0,5.056
24629,24927.0,4.341
24630,24928.0,4.717
24631,24929.0,4.823
24632,24930.0,5.466
24633,24931.0,4.983
24634,24932.0,5.136
24635,24933.0,5.217
24636,24934.0,4.991
24637,24935.0,4.853
24638,24936.0,5.048
24639,24937.0,4.983
24640,24938.0,5.29
24641,24939.0,4.861
24642,24940.0,7.044
24643,24941.0,7.274
24644,24942.0,5.266
24645,24943.0,5.024
24646,24944.0,4.967
24647,24945.0,7.085
24648,24946.0,7.274
24649,24947.0,5.298
24650,24948.0,6.209
24651,24949.0,7.154
24652,24950.0,6.178
24653,24951.0,4.982
24654,24952.0,6.803
24655,24953.0,7.234
24656,24954.0,5.379
24657,24955.0,4.869
24658,24956.0,4.959
24659,24957.0,4.805
24660,24958.0,4.951
24661,24959.0,4.853
24662,24960.0,6.481
24663,24961.0,5.5
24664,24962.0,4.828
24665,24963.0,6.964
24666,24964.0,5.185
24667,24965.0,4.853
24668,24966.0,7.274
24669,24967.0,5.104
24670,24968.0,5.249
24671,24969.0,6.41
24672,24970.0,4.942
24673,24971.0,6.239
24674,24972.0,5.694
24675,24973.0,4.787
24676,24974.0,4.787
24677,24975.0,7.205
24678,24976.0,5.16
24679,24977.0,5.104
24680,24978.0,4.878
24681,24979.0,6.32
24682,24980.0,4.934
24683,24981.0,4.911
24684,24982.0,5.644
24685,24983.0,4.853
24686,24984.0,4.57
24687,24986.0,4.79
24688,24987.0,4.782
24689,24988.0,5.064
24690,24989.0,4.886
24691,24990.0,5.136
24692,24991.0,4.999
24693,24992.0,4.999
24694,24993.0,5.023
24695,24994.0,4.983
24696,24995.0,5.169
24697,24996.0,4.861
24698,24997.0,6.843
24699,24998.0,7.274
24700,24999.0,5.622
24701,25000.0,5.072
24702,25001.0,4.861
24703,25002.0,6.964
24704,25003.0,7.274
24705,25004.0,5.379
24706,25005.0,5.685
24707,25006.0,7.154
24708,25007.0,6.722
24709,25008.0,5.096
24710,25009.0,6.642
24711,25010.0,7.234
24712,25011.0,5.5
24713,25012.0,4.861
24714,25013.0,4.919
24715,25014.0,4.846
24716,25015.0,4.919
24717,25016.0,4.853
24718,25017.0,6.481
24719,25018.0,5.5
24720,25019.0,4.787
24721,25020.0,7.085
24722,25021.0,5.104
24723,25022.0,4.886
24724,25023.0,7.274
24725,25024.0,5.064
24726,25025.0,5.765
24727,25026.0,6.057
24728,25027.0,4.869
24729,25028.0,6.682
24730,25029.0,5.451
24731,25030.0,4.82
24732,25031.0,4.853
24733,25032.0,7.073
24734,25033.0,5.104
24735,25034.0,5.064
24736,25035.0,4.911
24737,25036.0,5.765
24738,25037.0,4.861
24739,25038.0,5.716
24740,25039.0,5.298
24741,25040.0,4.577
24742,25041.0,4.496
24743,25042.0,4.782
24744,25043.0,4.782
24745,25044.0,5.104
24746,25045.0,4.919
24747,25046.0,4.861
24748,25047.0,5.048
24749,25048.0,4.991
24750,25049.0,5.096
24751,25050.0,4.951
24752,25051.0,4.813
24753,25052.0,4.861
24754,25053.0,6.722
24755,25054.0,7.274
24756,25055.0,5.824
24757,25056.0,5.072
24758,25057.0,4.934
24759,25058.0,6.883
24760,25059.0,7.274
24761,25060.0,5.226
24762,25061.0,5.33
24763,25062.0,7.125
24764,25063.0,7.194
24765,25064.0,5.185
24766,25065.0,6.481
24767,25066.0,7.234
24768,25067.0,5.774
24769,25068.0,4.901
24770,25070.0,4.919
24771,25071.0,4.878
24772,25072.0,4.959
24773,25073.0,4.894
24774,25074.0,6.199
24775,25075.0,5.703
24776,25076.0,4.828
24777,25077.0,6.964
24778,25078.0,5.266
24779,25079.0,4.82
24780,25080.0,7.314
24781,25081.0,5.145
24782,25082.0,5.281
24783,25083.0,6.34
24784,25084.0,4.975
24785,25085.0,6.4
24786,25086.0,5.644
24787,25087.0,4.828
24788,25088.0,4.853
24789,25089.0,7.274
24790,25090.0,5.144
24791,25091.0,4.991
24792,25092.0,5.064
24793,25093.0,5.998
24794,25094.0,4.934
24795,25095.0,5.152
24796,25096.0,5.523
24797,25097.0,4.658
24798,25098.0,4.684
24799,25099.0,4.823
24800,25100.0,4.823
24801,25101.0,5.064
24802,25102.0,4.846
24803,25103.0,5.572
24804,25104.0,4.991
24805,25105.0,4.926
24806,25106.0,4.982
24807,25107.0,4.983
24808,25108.0,5.492
24809,25109.0,4.82
24810,25110.0,6.964
24811,25111.0,7.274
24812,25112.0,5.379
24813,25113.0,5.024
24814,25114.0,4.934
24815,25115.0,7.044
24816,25116.0,7.274
24817,25117.0,5.42
24818,25118.0,6.048
24819,25119.0,7.194
24820,25120.0,6.249
24821,25121.0,5.023
24822,25122.0,6.803
24823,25123.0,7.274
24824,25124.0,5.339
24825,25125.0,4.82
24826,25126.0,4.919
24827,25127.0,4.846
24828,25128.0,4.951
24829,25129.0,4.82
24830,25130.0,6.722
24831,25131.0,5.347
24832,25132.0,4.787
24833,25133.0,7.205
24834,25134.0,5.226
24835,25135.0,4.886
24836,25136.0,6.773
24837,25137.0,4.99
24838,25138.0,6.088
24839,25139.0,5.784
24840,25140.0,4.787
24841,25141.0,6.843
24842,25142.0,5.226
24843,25143.0,4.747
24844,25144.0,4.886
24845,25145.0,6.601
24846,25146.0,5.072
24847,25147.0,4.919
24848,25148.0,4.951
24849,25149.0,5.572
24850,25150.0,4.82
24851,25151.0,6.078
24852,25152.0,5.217
24853,25154.0,4.544
24854,25155.0,4.677
24855,25156.0,4.823
24856,25157.0,4.943
24857,25158.0,5.064
24858,25159.0,4.853
24859,25160.0,5.33
24860,25161.0,4.991
24861,25162.0,4.926
24862,25163.0,5.056
24863,25164.0,4.983
24864,25165.0,5.298
24865,25166.0,4.861
24866,25167.0,7.044
24867,25168.0,7.274
24868,25169.0,5.185
24869,25170.0,5.024
24870,25171.0,5.088
24871,25172.0,7.125
24872,25173.0,7.274
24873,25174.0,5.226
24874,25175.0,6.4
24875,25176.0,7.234
24876,25177.0,5.855
24877,25178.0,4.95
24878,25179.0,6.924
24879,25180.0,7.274
24880,25181.0,5.226
24881,25182.0,4.787
24882,25183.0,4.911
24883,25184.0,4.772
24884,25185.0,4.991
24885,25186.0,4.78
24886,25187.0,7.004
24887,25188.0,5.145
24888,25189.0,4.853
24889,25190.0,7.314
24890,25191.0,5.064
24891,25192.0,5.523
24892,25193.0,6.178
24893,25194.0,4.869
24894,25195.0,6.561
24895,25196.0,5.469
24896,25197.0,4.787
24897,25198.0,7.085
24898,25199.0,5.104
24899,25200.0,4.706
24900,25201.0,5.685
24901,25202.0,6.048
24902,25203.0,5.072
24903,25204.0,4.846
24904,25205.0,5.716
24905,25206.0,5.33
24906,25207.0,4.853
24907,25208.0,6.47
24908,25209.0,5.088
24909,25210.0,4.382
24910,25211.0,4.79
24911,25212.0,4.823
24912,25213.0,5.305
24913,25214.0,4.983
24914,25215.0,5.048
24915,25216.0,5.096
24916,25217.0,5.024
24917,25218.0,5.015
24918,25219.0,5.04
24919,25220.0,4.991
24920,25221.0,5.088
24921,25222.0,5.613
24922,25223.0,7.205
24923,25224.0,7.314
24924,25225.0,5.249
24925,25226.0,5.273
24926,25227.0,6.088
24927,25228.0,7.194
24928,25229.0,6.289
24929,25230.0,4.982
24930,25231.0,6.843
24931,25232.0,7.234
24932,25233.0,5.339
24933,25234.0,4.975
24934,25235.0,7.085
24935,25236.0,7.274
24936,25237.0,5.266
24937,25238.0,4.747
24938,25240.0,4.911
24939,25241.0,4.699
24940,25242.0,4.943
24941,25243.0,4.813
24942,25244.0,7.314
24943,25245.0,5.104
24944,25246.0,5.362
24945,25247.0,6.259
24946,25248.0,4.869
24947,25249.0,6.481
24948,25250.0,5.509
24949,25251.0,4.787
24950,25252.0,7.044
24951,25253.0,5.104
24952,25254.0,4.813
24953,25255.0,7.274
24954,25256.0,5.031
24955,25257.0,4.666
24956,25258.0,6.521
24957,25259.0,5.492
24958,25260.0,5.032
24959,25261.0,4.813
24960,25262.0,6.551
24961,25263.0,5.056
24962,25264.0,4.853
24963,25265.0,6.913
24964,25266.0,5.015
24965,25267.0,4.301
24966,25268.0,4.75
24967,25269.0,4.823
24968,25270.0,5.345
24969,25271.0,5.024
24970,25272.0,4.975
24971,25273.0,5.015
24972,25274.0,4.983
24973,25275.0,5.604
24974,25276.0,4.999
24975,25277.0,4.959
24976,25278.0,5.015
24977,25279.0,6.007
24978,25280.0,7.194
24979,25281.0,7.234
24980,25282.0,5.16
24981,25283.0,5.16
24982,25284.0,6.36
24983,25285.0,7.274
24984,25286.0,5.936
24985,25287.0,4.975
24986,25288.0,6.924
24987,25289.0,7.274
24988,25290.0,5.185
24989,25291.0,5.492
24990,25292.0,7.165
24991,25293.0,7.033
24992,25294.0,5.145
24993,25295.0,4.78
24994,25296.0,4.903
24995,25297.0,4.853
24996,25298.0,5.024
24997,25299.0,4.886
24998,25300.0,7.085
24999,25301.0,5.023
25000,25302.0,5.846
25001,25303.0,5.936
25002,25304.0,4.869
25003,25305.0,6.722
25004,25306.0,5.307
25005,25307.0,4.787
25006,25308.0,7.165
25007,25309.0,5.226
25008,25310.0,4.846
25009,25311.0,6.773
25010,25312.0,4.95
25011,25313.0,4.666
25012,25314.0,6.803
25013,25315.0,5.354
25014,25316.0,5.024
25015,25317.0,4.853
25016,25318.0,6.792
25017,25319.0,5.136
25018,25320.0,4.886
25019,25321.0,6.44
25020,25322.0,4.942
25021,25323.0,4.456
25022,25325.0,4.79
25023,25326.0,4.823
25024,25327.0,5.184
25025,25328.0,5.032
25026,25329.0,4.894
25027,25330.0,5.056
25028,25331.0,4.983
25029,25332.0,5.258
25030,25333.0,4.991
25031,25334.0,4.846
25032,25335.0,4.901
25033,25336.0,6.491
25034,25337.0,7.234
25035,25338.0,6.289
25036,25339.0,5.112
25037,25340.0,4.975
25038,25341.0,6.722
25039,25342.0,7.234
25040,25343.0,5.46
25041,25344.0,4.975
25042,25345.0,7.085
25043,25346.0,7.274
25044,25347.0,5.339
25045,25348.0,6.128
25046,25349.0,7.194
25047,25350.0,6.138
25048,25351.0,4.982
25049,25352.0,4.894
25050,25353.0,4.983
25051,25354.0,4.886
25052,25355.0,5.007
25053,25356.0,5.564
25054,25357.0,6.138
25055,25358.0,4.869
25056,25359.0,6.601
25057,25360.0,5.428
25058,25361.0,4.787
25059,25362.0,7.085
25060,25363.0,5.104
25061,25364.0,4.853
25062,25365.0,7.125
25063,25366.0,4.99
25064,25367.0,5.846
25065,25368.0,5.945
25066,25369.0,4.861
25067,25370.0,4.666
25068,25371.0,7.165
25069,25372.0,5.169
25070,25373.0,5.024
25071,25374.0,4.878
25072,25375.0,6.521
25073,25376.0,4.975
25074,25377.0,4.878
25075,25378.0,5.774
25076,25379.0,4.861
25077,25380.0,4.179
25078,25381.0,4.709
25079,25382.0,4.782
25080,25383.0,5.265
25081,25384.0,4.983
25082,25385.0,5.015
25083,25386.0,5.064
25084,25387.0,4.983
25085,25388.0,5.056
25086,25389.0,4.999
25087,25390.0,4.999
25088,25391.0,5.056
25089,25392.0,5.653
25090,25393.0,7.154
25091,25394.0,7.314
25092,25395.0,5.209
25093,25396.0,5.273
25094,25397.0,6.128
25095,25398.0,7.194
25096,25399.0,6.168
25097,25400.0,5.023
25098,25401.0,6.803
25099,25402.0,7.274
25100,25403.0,5.307
25101,25404.0,5.007
25102,25405.0,7.085
25103,25406.0,7.274
25104,25408.0,5.226
25105,25409.0,4.78
25106,25410.0,4.903
25107,25411.0,4.739
25108,25412.0,4.983
25109,25413.0,4.846
25110,25414.0,7.274
25111,25415.0,5.104
25112,25416.0,5.281
25113,25417.0,6.34
25114,25418.0,4.869
25115,25419.0,6.44
25116,25420.0,5.541
25117,25421.0,4.828
25118,25422.0,7.004
25119,25423.0,5.145
25120,25424.0,4.853
25121,25425.0,7.314
25122,25426.0,5.031
25123,25427.0,4.706
25124,25428.0,6.521
25125,25429.0,5.515
25126,25430.0,5.024
25127,25431.0,4.846
25128,25432.0,6.551
25129,25433.0,5.088
25130,25434.0,4.846
25131,25435.0,6.913
25132,25436.0,5.056
25133,25437.0,4.651
25134,25438.0,4.79
25135,25439.0,4.863
25136,25440.0,5.144
25137,25441.0,4.959
25138,25442.0,4.861
25139,25443.0,5.007
25140,25444.0,5.032
25141,25445.0,5.096
25142,25446.0,4.991
25143,25447.0,4.846
25144,25448.0,4.861
25145,25449.0,6.722
25146,25450.0,7.234
25147,25451.0,5.815
25148,25452.0,5.072
25149,25453.0,4.894
25150,25454.0,6.883
25151,25455.0,7.274
25152,25456.0,5.226
25153,25457.0,5.29
25154,25458.0,7.125
25155,25459.0,7.154
25156,25460.0,5.185
25157,25461.0,6.481
25158,25462.0,7.234
25159,25463.0,5.743
25160,25464.0,4.909
25161,25465.0,4.886
25162,25466.0,4.878
25163,25467.0,4.919
25164,25468.0,4.894
25165,25469.0,6.118
25166,25470.0,5.743
25167,25471.0,4.787
25168,25472.0,6.883
25169,25473.0,5.226
25170,25474.0,4.82
25171,25475.0,7.234
25172,25476.0,5.145
25173,25477.0,5.048
25174,25478.0,6.491
25175,25479.0,4.909
25176,25480.0,6.289
25177,25481.0,5.622
25178,25482.0,4.787
25179,25483.0,4.78
25180,25484.0,7.314
25181,25485.0,5.12
25182,25486.0,5.072
25183,25487.0,4.878
25184,25488.0,6.088
25185,25489.0,4.934
25186,25490.0,4.991
25187,25491.0,5.523
25188,25493.0,4.732
25189,25494.0,4.603
25190,25495.0,4.823
25191,25496.0,4.823
25192,25497.0,5.064
25193,25498.0,4.853
25194,25499.0,5.622
25195,25500.0,4.999
25196,25501.0,4.959
25197,25502.0,4.982
25198,25503.0,4.983
25199,25504.0,5.572
25200,25505.0,4.853
25201,25506.0,6.924
25202,25507.0,7.274
25203,25508.0,5.46
25204,25509.0,5.032
25205,25510.0,4.934
25206,25511.0,7.004
25207,25512.0,7.274
25208,25513.0,5.42
25209,25514.0,5.967
25210,25515.0,7.194
25211,25516.0,6.37
25212,25517.0,5.023
25213,25518.0,6.803
25214,25519.0,7.234
25215,25520.0,5.379
25216,25521.0,4.828
25217,25522.0,4.919
25218,25523.0,4.813
25219,25524.0,4.951
25220,25525.0,4.82
25221,25526.0,6.682
25222,25527.0,5.347
25223,25528.0,4.747
25224,25529.0,7.165
25225,25530.0,5.266
25226,25531.0,4.846
25227,25532.0,6.773
25228,25533.0,4.95
25229,25534.0,6.088
25230,25535.0,5.784
25231,25536.0,4.828
25232,25537.0,6.843
25233,25538.0,5.266
25234,25539.0,4.706
25235,25540.0,4.886
25236,25541.0,6.631
25237,25542.0,5.072
25238,25543.0,4.919
25239,25544.0,4.951
25240,25545.0,5.564
25241,25546.0,4.853
25242,25547.0,5.998
25243,25548.0,5.258
25244,25549.0,4.503
25245,25550.0,4.717
25246,25551.0,4.823
25247,25552.0,5.064
25248,25553.0,5.024
25249,25554.0,4.853
25250,25555.0,5.298
25251,25556.0,4.991
25252,25557.0,4.886
25253,25558.0,5.088
25254,25559.0,4.943
25255,25560.0,5.298
25256,25561.0,5.056
25257,25562.0,7.125
25258,25563.0,7.274
25259,25564.0,5.258
25260,25565.0,5.024
25261,25566.0,5.33
25262,25567.0,7.125
25263,25568.0,7.154
25264,25569.0,5.145
25265,25570.0,6.521
25266,25571.0,7.234
25267,25572.0,5.774
25268,25573.0,4.901
25269,25575.0,7.004
25270,25576.0,7.274
25271,25577.0,5.469
25272,25578.0,4.82
25273,25579.0,4.911
25274,25580.0,4.772
25275,25581.0,4.951
25276,25582.0,4.78
25277,25583.0,7.044
25278,25584.0,5.104
25279,25585.0,4.853
25280,25586.0,7.274
25281,25587.0,5.031
25282,25588.0,5.725
25283,25589.0,6.017
25284,25590.0,4.869
25285,25591.0,6.642
25286,25592.0,5.388
25287,25593.0,4.747
25288,25594.0,7.125
25289,25595.0,5.226
25290,25596.0,4.706
25291,25597.0,5.806
25292,25598.0,5.967
25293,25599.0,5.032
25294,25600.0,4.886
25295,25601.0,5.877
25296,25602.0,5.258
25297,25603.0,4.82
25298,25604.0,6.601
25299,25605.0,5.056
25300,25606.0,4.341
25301,25607.0,4.717
25302,25608.0,4.823
25303,25609.0,5.425
25304,25610.0,5.024
25305,25611.0,5.088
25306,25612.0,5.177
25307,25613.0,4.991
25308,25614.0,4.853
25309,25615.0,5.04
25310,25616.0,5.072
25311,25617.0,5.136
25312,25618.0,5.169
25313,25619.0,7.125
25314,25620.0,7.314
25315,25621.0,5.258
25316,25622.0,5.425
25317,25623.0,5.725
25318,25624.0,7.194
25319,25625.0,6.642
25320,25626.0,5.096
25321,25627.0,6.682
25322,25628.0,7.274
25323,25629.0,5.5
25324,25630.0,4.975
25325,25631.0,7.044
25326,25632.0,7.355
25327,25633.0,5.379
25328,25634.0,4.82
25329,25635.0,4.911
25330,25636.0,4.772
25331,25637.0,4.951
25332,25638.0,4.813
25333,25639.0,7.194
25334,25640.0,5.266
25335,25641.0,4.886
25336,25642.0,6.722
25337,25643.0,4.95
25338,25644.0,6.168
25339,25645.0,5.703
25340,25646.0,4.828
25341,25647.0,6.843
25342,25648.0,5.226
25343,25649.0,4.82
25344,25650.0,7.246
25345,25651.0,5.112
25346,25652.0,4.673
25347,25653.0,6.249
25348,25654.0,5.685
25349,25655.0,5.024
25350,25656.0,4.853
25351,25657.0,6.269
25352,25658.0,5.136
25353,25660.0,4.853
25354,25661.0,6.832
25355,25662.0,5.136
25356,25663.0,4.341
25357,25664.0,4.75
25358,25665.0,4.782
25359,25666.0,5.313
25360,25667.0,4.983
25361,25668.0,4.975
25362,25669.0,4.982
25363,25670.0,4.991
25364,25671.0,5.532
25365,25672.0,4.991
25366,25673.0,4.926
25367,25674.0,4.982
25368,25675.0,6.048
25369,25676.0,7.194
25370,25677.0,7.165
25371,25678.0,5.16
25372,25679.0,5.16
25373,25680.0,6.4
25374,25681.0,7.234
25375,25682.0,5.855
25376,25683.0,4.942
25377,25684.0,6.924
25378,25685.0,7.274
25379,25686.0,5.226
25380,25687.0,5.492
25381,25688.0,7.165
25382,25689.0,6.924
25383,25690.0,5.104
25384,25691.0,4.747
25385,25692.0,4.911
25386,25693.0,4.82
25387,25694.0,5.224
25388,25695.0,4.846
25389,25696.0,6.924
25390,25697.0,4.99
25391,25698.0,6.007
25392,25699.0,5.824
25393,25700.0,4.828
25394,25701.0,6.763
25395,25702.0,5.307
25396,25703.0,4.787
25397,25704.0,7.234
25398,25705.0,5.185
25399,25706.0,4.926
25400,25707.0,6.612
25401,25708.0,4.942
25402,25709.0,4.666
25403,25710.0,6.883
25404,25711.0,5.29
25405,25712.0,5.024
25406,25713.0,4.846
25407,25714.0,6.872
25408,25715.0,5.096
25409,25716.0,4.886
25410,25717.0,6.32
25411,25718.0,4.975
25412,25719.0,4.382
25413,25720.0,4.79
25414,25721.0,4.823
25415,25722.0,5.184
25416,25723.0,5.032
25417,25724.0,4.894
25418,25725.0,5.056
25419,25726.0,4.943
25420,25727.0,5.298
25421,25728.0,4.991
25422,25729.0,4.886
25423,25730.0,4.901
25424,25731.0,6.451
25425,25732.0,7.194
25426,25733.0,6.33
25427,25734.0,5.072
25428,25735.0,5.015
25429,25736.0,6.682
25430,25737.0,7.234
25431,25738.0,5.42
25432,25739.0,4.975
25433,25741.0,7.085
25434,25742.0,7.274
25435,25743.0,5.307
25436,25744.0,6.209
25437,25745.0,7.194
25438,25746.0,6.097
25439,25747.0,4.942
25440,25748.0,4.926
25441,25749.0,4.943
25442,25750.0,4.926
25443,25751.0,4.967
25444,25752.0,5.685
25445,25753.0,6.097
25446,25754.0,4.869
25447,25755.0,6.601
25448,25756.0,5.42
25449,25757.0,4.747
25450,25758.0,7.125
25451,25759.0,5.145
25452,25760.0,4.886
25453,25761.0,7.004
25454,25762.0,4.982
25455,25763.0,5.846
25456,25764.0,5.945
25457,25765.0,4.828
25458,25766.0,4.666
25459,25767.0,7.125
25460,25768.0,5.193
25461,25769.0,5.064
25462,25770.0,4.919
25463,25771.0,6.47
25464,25772.0,4.975
25465,25773.0,4.919
25466,25774.0,5.806
25467,25775.0,4.861
25468,25776.0,4.57
25469,25777.0,4.782
25470,25778.0,4.823
25471,25779.0,5.104
25472,25780.0,4.959
25473,25781.0,4.901
25474,25782.0,5.04
25475,25783.0,4.999
25476,25784.0,5.096
25477,25785.0,4.983
25478,25786.0,4.975
25479,25787.0,4.861
25480,25788.0,6.763
25481,25789.0,7.274
25482,25790.0,5.703
25483,25791.0,5.072
25484,25792.0,4.894
25485,25793.0,6.924
25486,25794.0,7.274
25487,25795.0,5.185
25488,25796.0,5.532
25489,25797.0,7.165
25490,25798.0,6.883
25491,25799.0,5.104
25492,25800.0,6.601
25493,25801.0,7.234
25494,25802.0,5.581
25495,25803.0,4.901
25496,25804.0,4.919
25497,25805.0,4.878
25498,25806.0,4.919
25499,25807.0,4.894
25500,25808.0,6.36
25501,25809.0,5.581
25502,25810.0,4.787
25503,25811.0,7.004
25504,25812.0,5.185
25505,25813.0,4.853
25506,25814.0,7.314
25507,25815.0,5.064
25508,25816.0,5.443
25509,25817.0,6.219
25510,25818.0,4.869
25511,25819.0,6.521
25512,25820.0,5.469
25513,25821.0,4.787
25514,25822.0,4.813
25515,25824.0,7.234
25516,25825.0,5.112
25517,25826.0,4.999
25518,25827.0,4.911
25519,25828.0,5.855
25520,25829.0,4.861
25521,25830.0,5.474
25522,25831.0,5.379
25523,25832.0,4.618
25524,25833.0,4.138
25525,25834.0,4.79
25526,25835.0,4.823
25527,25836.0,5.224
25528,25837.0,5.064
25529,25838.0,4.934
25530,25839.0,5.056
25531,25840.0,4.983
25532,25841.0,5.339
25533,25842.0,4.991
25534,25843.0,4.886
25535,25844.0,4.934
25536,25845.0,6.37
25537,25846.0,7.234
25538,25847.0,6.531
25539,25848.0,5.16
25540,25849.0,5.007
25541,25850.0,6.642
25542,25851.0,7.234
25543,25852.0,5.572
25544,25853.0,4.942
25545,25854.0,7.044
25546,25855.0,7.274
25547,25856.0,5.46
25548,25857.0,5.967
25549,25858.0,7.194
25550,25859.0,6.37
25551,25860.0,5.023
25552,25861.0,4.894
25553,25862.0,4.903
25554,25863.0,4.846
25555,25864.0,5.04
25556,25865.0,5.241
25557,25866.0,6.37
25558,25867.0,4.909
25559,25868.0,6.4
25560,25869.0,5.541
25561,25870.0,4.82
25562,25871.0,7.004
25563,25872.0,5.104
25564,25873.0,4.853
25565,25874.0,7.274
25566,25875.0,5.064
25567,25876.0,5.523
25568,25877.0,6.138
25569,25878.0,4.869
25570,25879.0,4.666
25571,25880.0,7.044
25572,25881.0,5.201
25573,25882.0,4.983
25574,25883.0,4.878
25575,25884.0,6.752
25576,25885.0,5.015
25577,25886.0,4.878
25578,25887.0,5.927
25579,25888.0,4.901
25580,25889.0,4.219
25581,25890.0,4.75
25582,25891.0,4.823
25583,25892.0,5.305
25584,25893.0,4.983
25585,25894.0,4.975
25586,25895.0,5.015
25587,25896.0,4.943
25588,25897.0,5.572
25589,25898.0,4.999
25590,25899.0,4.959
25591,25900.0,4.975
25592,25901.0,6.007
25593,25902.0,7.205
25594,25903.0,7.205
25595,25904.0,5.16
25596,25905.0,5.16
25597,25906.0,6.36
25598,25907.0,7.234
25599,25909.0,5.896
25600,25910.0,4.942
25601,25911.0,6.924
25602,25912.0,7.274
25603,25913.0,5.185
25604,25914.0,5.492
25605,25915.0,7.165
25606,25916.0,7.044
25607,25917.0,5.145
25608,25918.0,4.82
25609,25919.0,4.903
25610,25920.0,4.861
25611,25921.0,5.024
25612,25922.0,4.886
25613,25923.0,7.085
25614,25924.0,4.99
25615,25925.0,5.886
25616,25926.0,5.945
25617,25927.0,4.828
25618,25928.0,6.722
25619,25929.0,5.347
25620,25930.0,4.787
25621,25931.0,7.165
25622,25932.0,5.226
25623,25933.0,4.886
25624,25934.0,6.733
25625,25935.0,4.95
25626,25936.0,4.673
25627,25937.0,6.803
25628,25938.0,5.354
25629,25939.0,5.024
25630,25940.0,4.846
25631,25941.0,6.832
25632,25942.0,5.096
25633,25943.0,4.878
25634,25944.0,6.39
25635,25945.0,4.975
25636,25946.0,4.382
25637,25947.0,4.79
25638,25948.0,4.782
25639,25949.0,5.184
25640,25950.0,5.032
25641,25951.0,4.901
25642,25952.0,5.056
25643,25953.0,4.943
25644,25954.0,5.258
25645,25955.0,4.991
25646,25956.0,4.846
25647,25957.0,4.901
25648,25958.0,6.491
25649,25959.0,7.234
25650,25960.0,6.33
25651,25961.0,5.112
25652,25962.0,4.975
25653,25963.0,6.682
25654,25964.0,7.234
25655,25965.0,5.46
25656,25966.0,4.975
25657,25967.0,7.085
25658,25968.0,7.274
25659,25969.0,5.379
25660,25970.0,6.128
25661,25971.0,7.234
25662,25972.0,6.178
25663,25973.0,4.982
25664,25974.0,4.894
25665,25975.0,4.943
25666,25976.0,4.886
25667,25977.0,5.04
25668,25978.0,5.523
25669,25979.0,6.209
25670,25980.0,4.869
25671,25981.0,6.561
25672,25982.0,5.469
25673,25983.0,4.828
25674,25984.0,7.085
25675,25985.0,5.104
25676,25986.0,4.853
25677,25987.0,7.234
25678,25988.0,5.031
25679,25989.0,5.806
25680,25990.0,5.976
25681,25991.0,4.828
25682,25992.0,4.673
25683,25994.0,7.125
25684,25995.0,5.193
25685,25996.0,5.024
25686,25997.0,4.878
25687,25998.0,6.561
25688,25999.0,4.975
25689,26000.0,4.919
25690,26001.0,5.846
25691,26002.0,4.861
25692,26003.0,4.179
25693,26004.0,4.75
25694,26005.0,4.823
25695,26006.0,5.345
25696,26007.0,4.983
25697,26008.0,4.975
25698,26009.0,5.015
25699,26010.0,4.983
25700,26011.0,5.604
25701,26012.0,4.999
25702,26013.0,4.959
25703,26014.0,5.015
25704,26015.0,5.927
25705,26016.0,7.194
25706,26017.0,7.314
25707,26018.0,5.16
25708,26019.0,5.16
25709,26020.0,6.32
25710,26021.0,7.234
25711,26022.0,5.896
25712,26023.0,4.942
25713,26024.0,6.924
25714,26025.0,7.314
25715,26026.0,5.185
25716,26027.0,5.451
25717,26028.0,7.125
25718,26029.0,7.073
25719,26030.0,5.145
25720,26031.0,4.78
25721,26032.0,4.903
25722,26033.0,4.82
25723,26034.0,5.024
25724,26035.0,4.846
25725,26036.0,7.044
25726,26037.0,5.023
25727,26038.0,5.886
25728,26039.0,5.936
25729,26040.0,4.828
25730,26041.0,6.763
25731,26042.0,5.307
25732,26043.0,4.828
25733,26044.0,7.205
25734,26045.0,5.226
25735,26046.0,4.886
25736,26047.0,6.693
25737,26048.0,4.95
25738,26049.0,4.706
25739,26050.0,6.803
25740,26051.0,5.345
25741,26052.0,5.024
25742,26053.0,4.886
25743,26054.0,6.832
25744,26055.0,5.136
25745,26056.0,4.886
25746,26057.0,6.4
25747,26058.0,4.942
25748,26059.0,4.301
25749,26060.0,4.79
25750,26061.0,4.823
25751,26062.0,5.224
25752,26063.0,5.104
25753,26064.0,4.934
25754,26065.0,5.064
25755,26066.0,4.943
25756,26067.0,5.379
25757,26068.0,4.991
25758,26069.0,4.886
25759,26070.0,4.942
25760,26071.0,6.289
25761,26072.0,7.234
25762,26074.0,6.682
25763,26075.0,5.12
25764,26076.0,5.048
25765,26077.0,6.561
25766,26078.0,7.234
25767,26079.0,5.622
25768,26080.0,4.909
25769,26081.0,7.004
25770,26082.0,7.274
25771,26083.0,5.46
25772,26084.0,5.846
25773,26085.0,7.205
25774,26086.0,6.491
25775,26087.0,5.023
25776,26088.0,4.901
25777,26089.0,4.903
25778,26090.0,4.853
25779,26091.0,5.08
25780,26092.0,5.08
25781,26093.0,6.491
25782,26094.0,4.909
25783,26095.0,6.33
25784,26096.0,5.622
25785,26097.0,4.828
25786,26098.0,6.964
25787,26099.0,5.185
25788,26100.0,4.82
25789,26101.0,7.314
25790,26102.0,5.112
25791,26103.0,5.362
25792,26104.0,6.259
25793,26105.0,4.909
25794,26106.0,4.673
25795,26107.0,7.004
25796,26108.0,5.233
25797,26109.0,5.024
25798,26110.0,4.846
25799,26111.0,6.953
25800,26112.0,5.015
25801,26113.0,4.959
25802,26114.0,6.048
25803,26115.0,4.934
25804,26116.0,4.219
25805,26117.0,4.75
25806,26118.0,4.823
25807,26119.0,5.385
25808,26120.0,4.983
25809,26121.0,5.015
25810,26122.0,4.982
25811,26123.0,4.983
25812,26124.0,5.572
25813,26125.0,5.04
25814,26126.0,4.959
25815,26127.0,5.015
25816,26128.0,5.967
25817,26129.0,7.194
25818,26130.0,7.234
25819,26131.0,5.16
25820,26132.0,5.16
25821,26133.0,6.33
25822,26134.0,7.194
25823,26135.0,5.936
25824,26136.0,4.942
25825,26137.0,6.883
25826,26138.0,7.234
25827,26139.0,5.185
25828,26140.0,5.371
25829,26141.0,7.125
25830,26142.0,7.073
25831,26143.0,5.145
25832,26144.0,4.78
25833,26145.0,4.903
25834,26146.0,4.82
25835,26147.0,4.983
25836,26148.0,4.846
25837,26149.0,7.125
25838,26150.0,5.023
25839,26151.0,5.846
25840,26152.0,5.976
25841,26153.0,4.828
25842,26154.0,6.722
25843,26155.0,5.347
25844,26156.0,4.787
25845,26157.0,7.165
25846,26158.0,5.266
25847,26160.0,4.846
25848,26161.0,6.803
25849,26162.0,4.95
25850,26163.0,4.706
25851,26164.0,6.763
25852,26165.0,5.394
25853,26166.0,5.024
25854,26167.0,4.878
25855,26168.0,6.792
25856,26169.0,5.096
25857,26170.0,4.886
25858,26171.0,6.481
25859,26172.0,4.975
25860,26173.0,4.301
25861,26174.0,4.75
25862,26175.0,4.823
25863,26176.0,5.345
25864,26177.0,5.024
25865,26178.0,5.015
25866,26179.0,5.015
25867,26180.0,4.943
25868,26181.0,5.653
25869,26182.0,4.999
25870,26183.0,4.959
25871,26184.0,4.982
25872,26185.0,5.927
25873,26186.0,7.194
25874,26187.0,7.314
25875,26188.0,5.16
25876,26189.0,5.193
25877,26190.0,6.279
25878,26191.0,7.234
25879,26192.0,5.936
25880,26193.0,4.95
25881,26194.0,6.883
25882,26195.0,7.274
25883,26196.0,5.185
25884,26197.0,5.371
25885,26198.0,7.125
25886,26199.0,7.113
25887,26200.0,5.145
25888,26201.0,4.747
25889,26202.0,4.903
25890,26203.0,4.82
25891,26204.0,4.983
25892,26205.0,4.846
25893,26206.0,7.165
25894,26207.0,5.031
25895,26208.0,5.806
25896,26209.0,5.976
25897,26210.0,4.869
25898,26211.0,6.682
25899,26212.0,5.347
25900,26213.0,4.747
25901,26214.0,7.165
25902,26215.0,5.266
25903,26216.0,4.886
25904,26217.0,6.883
25905,26218.0,4.982
25906,26219.0,4.666
25907,26220.0,6.763
25908,26221.0,5.394
25909,26222.0,5.024
25910,26223.0,4.846
25911,26224.0,6.752
25912,26225.0,5.015
25913,26226.0,4.878
25914,26227.0,6.521
25915,26228.0,5.015
25916,26229.0,4.496
25917,26230.0,4.79
25918,26231.0,4.823
25919,26232.0,5.224
25920,26233.0,5.032
25921,26234.0,4.934
25922,26235.0,5.048
25923,26236.0,4.983
25924,26237.0,5.258
25925,26238.0,5.032
25926,26239.0,4.846
25927,26240.0,4.934
25928,26241.0,6.521
25929,26242.0,7.274
25930,26243.0,6.249
25931,26245.0,5.112
25932,26246.0,5.015
25933,26247.0,6.763
25934,26248.0,7.234
25935,26249.0,5.46
25936,26250.0,4.934
25937,26251.0,7.085
25938,26252.0,7.274
25939,26253.0,5.371
25940,26254.0,6.168
25941,26255.0,7.234
25942,26256.0,6.097
25943,26257.0,4.982
25944,26258.0,4.894
25945,26259.0,4.943
25946,26260.0,4.886
25947,26261.0,4.999
25948,26262.0,5.604
25949,26263.0,6.138
25950,26264.0,4.869
25951,26265.0,6.561
25952,26266.0,5.428
25953,26267.0,4.747
25954,26268.0,7.085
25955,26269.0,5.104
25956,26270.0,4.853
25957,26271.0,7.085
25958,26272.0,4.99
25959,26273.0,5.846
25960,26274.0,5.905
25961,26275.0,4.828
25962,26276.0,4.673
25963,26277.0,7.125
25964,26278.0,5.16
25965,26279.0,5.064
25966,26280.0,4.878
25967,26281.0,6.44
25968,26282.0,4.975
25969,26283.0,4.919
25970,26284.0,5.774
25971,26285.0,4.861
25972,26286.0,4.537
25973,26287.0,4.782
25974,26288.0,4.863
25975,26289.0,5.144
25976,26290.0,4.967
25977,26291.0,4.861
25978,26292.0,5.04
25979,26293.0,5.032
25980,26294.0,5.096
25981,26295.0,4.951
25982,26296.0,4.926
25983,26297.0,4.861
25984,26298.0,6.803
25985,26299.0,7.234
25986,26300.0,5.734
25987,26301.0,5.072
25988,26302.0,4.934
25989,26303.0,6.924
25990,26304.0,7.274
25991,26305.0,5.145
25992,26306.0,5.492
25993,26307.0,7.165
25994,26308.0,7.004
25995,26309.0,5.145
25996,26310.0,6.601
25997,26311.0,7.234
25998,26312.0,5.653
25999,26313.0,4.869
26000,26314.0,4.926
26001,26315.0,4.838
26002,26316.0,4.959
26003,26317.0,4.894
26004,26318.0,6.279
26005,26319.0,5.662
26006,26320.0,4.787
26007,26321.0,6.924
26008,26322.0,5.145
26009,26323.0,4.82
26010,26324.0,7.314
26011,26325.0,5.104
26012,26326.0,5.402
26013,26328.0,6.259
26014,26329.0,4.869
26015,26330.0,6.481
26016,26331.0,5.469
26017,26332.0,4.787
26018,26333.0,4.82
26019,26334.0,7.234
26020,26335.0,5.12
26021,26336.0,4.991
26022,26337.0,4.911
26023,26338.0,5.886
26024,26339.0,4.861
26025,26340.0,5.394
26026,26341.0,5.411
26027,26342.0,4.618
26028,26343.0,4.603
26029,26344.0,4.782
26030,26345.0,4.823
26031,26346.0,5.064
26032,26347.0,4.846
26033,26348.0,5.613
26034,26349.0,4.999
26035,26350.0,4.959
26036,26351.0,4.982
26037,26352.0,4.983
26038,26353.0,5.572
26039,26354.0,4.82
26040,26355.0,6.883
26041,26356.0,7.274
26042,26357.0,5.46
26043,26358.0,5.072
26044,26359.0,4.942
26045,26360.0,7.004
26046,26361.0,7.274
26047,26362.0,5.5
26048,26363.0,5.886
26049,26364.0,7.194
26050,26365.0,6.41
26051,26366.0,5.023
26052,26367.0,6.722
26053,26368.0,7.274
26054,26369.0,5.388
26055,26370.0,4.861
26056,26371.0,4.919
26057,26372.0,4.846
26058,26373.0,4.911
26059,26374.0,4.853
26060,26375.0,6.642
26061,26376.0,5.42
26062,26377.0,4.747
26063,26378.0,7.165
26064,26379.0,5.266
26065,26380.0,4.886
26066,26381.0,6.924
26067,26382.0,5.023
26068,26383.0,5.967
26069,26384.0,5.896
26070,26385.0,4.828
26071,26386.0,6.843
26072,26387.0,5.388
26073,26388.0,4.747
26074,26389.0,4.846
26075,26390.0,6.752
26076,26391.0,5.104
26077,26392.0,4.919
26078,26393.0,4.903
26079,26394.0,5.572
26080,26395.0,4.886
26081,26396.0,5.917
26082,26397.0,5.249
26083,26398.0,4.496
26084,26399.0,4.717
26085,26400.0,4.782
26086,26401.0,5.345
26087,26402.0,5.024
26088,26403.0,4.975
26089,26404.0,5.258
26090,26405.0,4.991
26091,26406.0,4.846
26092,26407.0,5.048
26093,26408.0,5.024
26094,26409.0,5.258
26095,26410.0,5.064
26096,26412.0,7.125
26097,26413.0,7.274
26098,26414.0,5.298
26099,26415.0,5.024
26100,26416.0,5.362
26101,26417.0,7.113
26102,26418.0,7.073
26103,26419.0,5.145
26104,26420.0,6.521
26105,26421.0,7.234
26106,26422.0,5.703
26107,26423.0,4.909
26108,26424.0,7.004
26109,26425.0,7.274
26110,26426.0,5.541
26111,26427.0,4.787
26112,26428.0,4.911
26113,26429.0,4.739
26114,26430.0,4.991
26115,26431.0,4.747
26116,26432.0,7.125
26117,26433.0,5.104
26118,26434.0,4.886
26119,26435.0,7.085
26120,26436.0,5.023
26121,26437.0,5.846
26122,26438.0,5.976
26123,26439.0,4.869
26124,26440.0,6.722
26125,26441.0,5.347
26126,26442.0,4.828
26127,26443.0,7.165
26128,26444.0,5.266
26129,26445.0,4.706
26130,26446.0,5.967
26131,26447.0,5.868
26132,26448.0,5.064
26133,26449.0,4.846
26134,26450.0,5.988
26135,26451.0,5.209
26136,26452.0,4.853
26137,26453.0,6.671
26138,26454.0,5.056
26139,26455.0,4.341
26140,26456.0,4.684
26141,26457.0,4.782
26142,26458.0,4.823
26143,26459.0,5.024
26144,26460.0,4.853
26145,26461.0,5.46
26146,26462.0,4.991
26147,26463.0,4.926
26148,26464.0,5.015
26149,26465.0,4.943
26150,26466.0,5.411
26151,26467.0,4.82
26152,26468.0,7.004
26153,26469.0,7.314
26154,26470.0,5.307
26155,26471.0,5.064
26156,26472.0,4.934
26157,26473.0,7.085
26158,26474.0,7.274
26159,26475.0,5.307
26160,26476.0,6.249
26161,26477.0,7.194
26162,26478.0,6.057
26163,26479.0,4.942
26164,26480.0,6.883
26165,26481.0,7.274
26166,26482.0,5.226
26167,26483.0,4.82
26168,26484.0,4.911
26169,26485.0,4.772
26170,26486.0,4.951
26171,26487.0,4.82
26172,26488.0,6.883
26173,26489.0,5.266
26174,26490.0,4.82
26175,26491.0,7.274
26176,26492.0,5.145
26177,26493.0,5.12
26178,26495.0,6.451
26179,26496.0,4.909
26180,26497.0,6.32
26181,26498.0,5.622
26182,26499.0,4.787
26183,26500.0,6.964
26184,26501.0,5.145
26185,26502.0,4.747
26186,26503.0,5.209
26187,26504.0,6.36
26188,26505.0,5.072
26189,26506.0,4.919
26190,26507.0,5.273
26191,26508.0,5.443
26192,26509.0,4.82
26193,26510.0,6.279
26194,26511.0,5.136
26195,26512.0,4.463
26196,26513.0,4.644
26197,26514.0,4.823
26198,26515.0,4.823
26199,26516.0,5.064
26200,26517.0,4.846
26201,26518.0,5.46
26202,26519.0,4.991
26203,26520.0,4.919
26204,26521.0,5.096
26205,26522.0,4.983
26206,26523.0,5.379
26207,26524.0,4.853
26208,26525.0,7.044
26209,26526.0,7.355
26210,26527.0,5.307
26211,26528.0,5.064
26212,26529.0,4.967
26213,26530.0,7.154
26214,26531.0,7.274
26215,26532.0,5.339
26216,26533.0,6.249
26217,26534.0,7.194
26218,26535.0,5.976
26219,26536.0,4.95
26220,26537.0,6.883
26221,26538.0,7.274
26222,26539.0,5.226
26223,26540.0,4.787
26224,26541.0,4.911
26225,26542.0,4.772
26226,26543.0,4.951
26227,26544.0,4.78
26228,26545.0,6.924
26229,26546.0,5.226
26230,26547.0,4.82
26231,26548.0,7.274
26232,26549.0,5.104
26233,26550.0,5.249
26234,26551.0,6.37
26235,26552.0,4.909
26236,26553.0,6.4
26237,26554.0,5.541
26238,26555.0,4.787
26239,26556.0,7.004
26240,26557.0,5.145
26241,26558.0,4.706
26242,26559.0,5.362
26243,26560.0,6.269
26244,26561.0,5.064
26245,26562.0,4.878
26246,26563.0,5.434
26247,26564.0,5.402
26248,26565.0,4.853
26249,26566.0,6.32
26250,26567.0,5.169
26251,26568.0,4.422
26252,26569.0,4.717
26253,26570.0,4.782
26254,26571.0,5.385
26255,26572.0,5.024
26256,26573.0,5.048
26257,26574.0,5.217
26258,26575.0,4.991
26259,26576.0,4.853
26260,26577.0,5.048
26261,26579.0,4.943
26262,26580.0,5.258
26263,26581.0,5.056
26264,26582.0,7.125
26265,26583.0,7.274
26266,26584.0,5.339
26267,26585.0,5.024
26268,26586.0,5.483
26269,26587.0,7.154
26270,26588.0,6.964
26271,26589.0,5.145
26272,26590.0,6.561
26273,26591.0,7.234
26274,26592.0,5.653
26275,26593.0,4.901
26276,26594.0,7.044
26277,26595.0,7.274
26278,26596.0,5.541
26279,26597.0,4.787
26280,26598.0,4.991
26281,26599.0,4.739
26282,26600.0,4.991
26283,26601.0,4.739
26284,26602.0,7.165
26285,26603.0,5.145
26286,26604.0,4.894
26287,26605.0,7.044
26288,26606.0,5.023
26289,26607.0,5.846
26290,26608.0,5.936
26291,26609.0,4.828
26292,26610.0,6.722
26293,26611.0,5.307
26294,26612.0,4.787
26295,26613.0,7.165
26296,26614.0,5.226
26297,26615.0,4.706
26298,26616.0,5.927
26299,26617.0,5.877
26300,26618.0,5.032
26301,26619.0,4.853
26302,26620.0,5.957
26303,26621.0,5.217
26304,26622.0,4.78
26305,26623.0,6.722
26306,26624.0,5.023
26307,26625.0,4.341
26308,26626.0,4.677
26309,26627.0,4.782
26310,26628.0,5.425
26311,26629.0,5.024
26312,26630.0,5.136
26313,26631.0,5.217
26314,26632.0,4.951
26315,26633.0,4.853
26316,26634.0,5.048
26317,26635.0,5.064
26318,26636.0,5.177
26319,26637.0,5.056
26320,26638.0,7.085
26321,26639.0,7.274
26322,26640.0,5.258
26323,26641.0,5.104
26324,26642.0,5.564
26325,26643.0,7.165
26326,26644.0,6.803
26327,26645.0,5.104
26328,26646.0,6.601
26329,26647.0,7.234
26330,26648.0,5.581
26331,26649.0,4.982
26332,26650.0,7.044
26333,26651.0,7.314
26334,26652.0,5.46
26335,26653.0,4.82
26336,26654.0,4.911
26337,26655.0,4.772
26338,26656.0,4.951
26339,26657.0,4.78
26340,26658.0,7.165
26341,26659.0,5.307
26342,26660.0,4.846
26343,26661.0,6.924
26344,26662.0,4.99
26345,26664.0,6.007
26346,26665.0,5.824
26347,26666.0,4.828
26348,26667.0,6.763
26349,26668.0,5.307
26350,26669.0,4.787
26351,26670.0,7.234
26352,26671.0,5.185
26353,26672.0,4.747
26354,26673.0,6.088
26355,26674.0,5.837
26356,26675.0,5.032
26357,26676.0,4.878
26358,26677.0,6.078
26359,26678.0,5.249
26360,26679.0,4.82
26361,26680.0,6.752
26362,26681.0,5.023
26363,26682.0,4.341
26364,26683.0,4.75
26365,26684.0,4.782
26366,26685.0,5.305
26367,26686.0,4.943
26368,26687.0,4.934
26369,26688.0,4.982
26370,26689.0,4.943
26371,26690.0,5.532
26372,26691.0,4.999
26373,26692.0,4.886
26374,26693.0,4.982
26375,26694.0,6.048
26376,26695.0,7.395
26377,26696.0,7.205
26378,26697.0,5.16
26379,26698.0,5.128
26380,26699.0,6.4
26381,26700.0,7.194
26382,26701.0,5.824
26383,26702.0,4.909
26384,26703.0,6.924
26385,26704.0,7.234
26386,26705.0,5.226
26387,26706.0,5.532
26388,26707.0,7.154
26389,26708.0,6.883
26390,26709.0,5.104
26391,26710.0,4.747
26392,26711.0,4.903
26393,26712.0,4.82
26394,26713.0,5.184
26395,26714.0,4.846
26396,26715.0,6.924
26397,26716.0,4.99
26398,26717.0,6.007
26399,26718.0,5.824
26400,26719.0,4.828
26401,26720.0,6.763
26402,26721.0,5.307
26403,26722.0,4.828
26404,26723.0,7.205
26405,26724.0,5.185
26406,26725.0,4.886
26407,26726.0,6.612
26408,26727.0,4.95
26409,26728.0,4.673
26410,26729.0,6.843
26411,26730.0,5.298
26412,26731.0,5.024
26413,26732.0,4.813
26414,26733.0,6.872
26415,26734.0,5.096
26416,26735.0,4.919
26417,26736.0,6.289
26418,26737.0,4.942
26419,26738.0,4.219
26420,26739.0,4.79
26421,26740.0,4.782
26422,26741.0,5.385
26423,26742.0,4.983
26424,26743.0,5.015
26425,26744.0,5.015
26426,26745.0,4.983
26427,26746.0,5.613
26428,26748.0,5.04
26429,26749.0,4.919
26430,26750.0,5.015
26431,26751.0,5.936
26432,26752.0,7.234
26433,26753.0,7.274
26434,26754.0,5.201
26435,26755.0,5.16
26436,26756.0,6.33
26437,26757.0,7.194
26438,26758.0,5.936
26439,26759.0,4.942
26440,26760.0,6.883
26441,26761.0,7.274
26442,26762.0,5.185
26443,26763.0,5.371
26444,26764.0,7.125
26445,26765.0,7.113
26446,26766.0,5.145
26447,26767.0,4.747
26448,26768.0,4.911
26449,26769.0,4.82
26450,26770.0,4.983
26451,26771.0,4.846
26452,26772.0,7.125
26453,26773.0,5.031
26454,26774.0,5.806
26455,26775.0,5.945
26456,26776.0,4.828
26457,26777.0,6.682
26458,26778.0,5.347
26459,26779.0,4.747
26460,26780.0,7.165
26461,26781.0,5.226
26462,26782.0,4.846
26463,26783.0,6.803
26464,26784.0,4.95
26465,26785.0,4.666
26466,26786.0,6.763
26467,26787.0,5.371
26468,26788.0,4.983
26469,26789.0,4.853
26470,26790.0,6.752
26471,26791.0,5.056
26472,26792.0,4.846
26473,26793.0,6.44
26474,26794.0,4.975
26475,26795.0,4.26
26476,26796.0,4.75
26477,26797.0,4.823
26478,26798.0,5.224
26479,26799.0,5.104
26480,26800.0,4.901
26481,26801.0,5.096
26482,26802.0,4.943
26483,26803.0,5.411
26484,26804.0,4.991
26485,26805.0,4.926
26486,26806.0,4.942
26487,26807.0,6.33
26488,26808.0,7.234
26489,26809.0,6.733
26490,26810.0,5.12
26491,26811.0,5.088
26492,26812.0,6.561
26493,26813.0,7.274
26494,26814.0,5.662
26495,26815.0,4.901
26496,26816.0,6.964
26497,26817.0,7.274
26498,26818.0,5.5
26499,26819.0,5.846
26500,26820.0,7.154
26501,26821.0,6.572
26502,26822.0,5.023
26503,26823.0,4.942
26504,26824.0,4.943
26505,26825.0,4.894
26506,26826.0,5.112
26507,26827.0,4.999
26508,26828.0,6.572
26509,26829.0,5.015
26510,26830.0,6.279
26511,26831.0,5.694
26512,26833.0,4.861
26513,26834.0,7.004
26514,26835.0,5.258
26515,26836.0,4.82
26516,26837.0,7.274
26517,26838.0,5.104
26518,26839.0,5.322
26519,26840.0,6.299
26520,26841.0,4.909
26521,26842.0,4.666
26522,26843.0,7.004
26523,26844.0,5.209
26524,26845.0,5.024
26525,26846.0,4.878
26526,26847.0,6.913
26527,26848.0,5.015
26528,26849.0,4.878
26529,26850.0,6.078
26530,26851.0,4.934
26531,26852.0,4.219
26532,26853.0,4.79
26533,26854.0,4.782
26534,26855.0,5.265
26535,26856.0,4.983
26536,26857.0,4.934
26537,26858.0,4.942
26538,26859.0,4.943
26539,26860.0,5.451
26540,26861.0,4.991
26541,26862.0,4.886
26542,26863.0,4.942
26543,26864.0,6.168
26544,26865.0,7.234
26545,26866.0,6.883
26546,26867.0,5.12
26547,26868.0,5.088
26548,26869.0,6.481
26549,26870.0,7.234
26550,26871.0,5.703
26551,26872.0,4.869
26552,26873.0,7.004
26553,26874.0,7.274
26554,26875.0,5.541
26555,26876.0,5.765
26556,26877.0,7.154
26557,26878.0,6.601
26558,26879.0,5.064
26559,26880.0,4.909
26560,26881.0,4.983
26561,26882.0,4.853
26562,26883.0,5.112
26563,26884.0,4.886
26564,26885.0,6.652
26565,26886.0,4.95
26566,26887.0,6.209
26567,26888.0,5.703
26568,26889.0,4.869
26569,26890.0,6.924
26570,26891.0,5.266
26571,26892.0,4.82
26572,26893.0,7.355
26573,26894.0,5.145
26574,26895.0,5.209
26575,26896.0,6.41
26576,26897.0,4.901
26577,26898.0,4.666
26578,26899.0,7.004
26579,26900.0,5.233
26580,26901.0,5.064
26581,26902.0,4.878
26582,26903.0,6.953
26583,26904.0,5.064
26584,26905.0,4.919
26585,26906.0,6.118
26586,26907.0,4.934
26587,26908.0,4.415
26588,26909.0,4.83
26589,26910.0,4.782
26590,26911.0,5.224
26591,26912.0,5.032
26592,26913.0,4.934
26593,26914.0,5.048
26594,26915.0,4.983
26595,26917.0,5.258
26596,26918.0,4.991
26597,26919.0,4.846
26598,26920.0,4.901
26599,26921.0,6.491
26600,26922.0,7.234
26601,26923.0,6.299
26602,26924.0,5.072
26603,26925.0,5.015
26604,26926.0,6.682
26605,26927.0,7.274
26606,26928.0,5.42
26607,26929.0,4.975
26608,26930.0,7.044
26609,26931.0,7.274
26610,26932.0,5.347
26611,26933.0,6.128
26612,26934.0,7.194
26613,26935.0,6.178
26614,26936.0,4.982
26615,26937.0,4.894
26616,26938.0,4.903
26617,26939.0,4.886
26618,26940.0,4.999
26619,26941.0,5.523
26620,26942.0,6.178
26621,26943.0,4.869
26622,26944.0,6.521
26623,26945.0,5.469
26624,26946.0,4.747
26625,26947.0,7.085
26626,26948.0,5.072
26627,26949.0,4.894
26628,26950.0,7.165
26629,26951.0,5.031
26630,26952.0,5.806
26631,26953.0,5.976
26632,26954.0,4.861
26633,26955.0,4.706
26634,26956.0,7.125
26635,26957.0,5.209
26636,26958.0,5.024
26637,26959.0,4.878
26638,26960.0,6.521
26639,26961.0,4.982
26640,26962.0,4.878
26641,26963.0,5.774
26642,26964.0,4.861
26643,26965.0,4.537
26644,26966.0,4.79
26645,26967.0,4.823
26646,26968.0,5.104
26647,26969.0,4.959
26648,26970.0,4.82
26649,26971.0,5.048
26650,26972.0,5.032
26651,26973.0,5.136
26652,26974.0,4.991
26653,26975.0,4.853
26654,26976.0,4.861
26655,26977.0,6.763
26656,26978.0,7.274
26657,26979.0,5.896
26658,26980.0,5.072
26659,26981.0,4.967
26660,26982.0,6.883
26661,26983.0,7.274
26662,26984.0,5.266
26663,26985.0,5.29
26664,26986.0,7.125
26665,26987.0,7.154
26666,26988.0,5.145
26667,26989.0,6.451
26668,26990.0,7.234
26669,26991.0,5.743
26670,26992.0,4.909
26671,26993.0,4.886
26672,26994.0,4.878
26673,26995.0,4.878
26674,26996.0,4.894
26675,26997.0,6.128
26676,26998.0,5.743
26677,26999.0,4.828
26678,27000.0,6.843
26679,27002.0,5.226
26680,27003.0,4.82
26681,27004.0,7.246
26682,27005.0,5.145
26683,27006.0,5.088
26684,27007.0,6.451
26685,27008.0,4.909
26686,27009.0,6.32
26687,27010.0,5.622
26688,27011.0,4.787
26689,27012.0,4.78
26690,27013.0,7.274
26691,27014.0,5.201
26692,27015.0,5.024
26693,27016.0,4.919
26694,27017.0,6.048
26695,27018.0,4.901
26696,27019.0,5.072
26697,27020.0,5.492
26698,27021.0,4.739
26699,27022.0,4.603
26700,27023.0,4.782
26701,27024.0,4.782
26702,27025.0,5.064
26703,27026.0,4.886
26704,27027.0,5.492
26705,27028.0,4.999
26706,27029.0,4.959
26707,27030.0,4.982
26708,27031.0,4.983
26709,27032.0,5.613
26710,27033.0,4.82
26711,27034.0,6.883
26712,27035.0,7.274
26713,27036.0,5.5
26714,27037.0,5.072
26715,27038.0,4.861
26716,27039.0,7.004
26717,27040.0,7.274
26718,27041.0,5.5
26719,27042.0,5.846
26720,27043.0,7.194
26721,27044.0,6.491
26722,27045.0,5.064
26723,27046.0,6.722
26724,27047.0,7.274
26725,27048.0,5.42
26726,27049.0,4.861
26727,27050.0,4.919
26728,27051.0,4.838
26729,27052.0,4.911
26730,27053.0,4.853
26731,27054.0,6.561
26732,27055.0,5.46
26733,27056.0,4.747
26734,27057.0,7.085
26735,27058.0,5.104
26736,27059.0,4.853
26737,27060.0,7.044
26738,27061.0,4.99
26739,27062.0,5.886
26740,27063.0,5.905
26741,27064.0,4.828
26742,27065.0,6.722
26743,27066.0,5.307
26744,27067.0,4.706
26745,27068.0,4.846
26746,27069.0,6.763
26747,27070.0,5.072
26748,27071.0,4.919
26749,27072.0,4.911
26750,27073.0,5.613
26751,27074.0,4.861
26752,27075.0,5.877
26753,27076.0,5.258
26754,27077.0,4.503
26755,27078.0,4.757
26756,27079.0,4.823
26757,27080.0,5.385
26758,27081.0,4.983
26759,27082.0,5.048
26760,27084.0,5.217
26761,27085.0,4.991
26762,27086.0,4.853
26763,27087.0,5.048
26764,27088.0,5.024
26765,27089.0,5.217
26766,27090.0,5.056
26767,27091.0,7.125
26768,27092.0,7.314
26769,27093.0,5.298
26770,27094.0,5.064
26771,27095.0,5.523
26772,27096.0,7.154
26773,27097.0,6.924
26774,27098.0,5.104
26775,27099.0,6.601
26776,27100.0,7.234
26777,27101.0,5.622
26778,27102.0,4.909
26779,27103.0,7.004
26780,27104.0,7.274
26781,27105.0,5.5
26782,27106.0,4.787
26783,27107.0,4.911
26784,27108.0,4.739
26785,27109.0,4.991
26786,27110.0,4.739
26787,27111.0,7.154
26788,27112.0,5.185
26789,27113.0,4.886
26790,27114.0,7.004
26791,27115.0,5.023
26792,27116.0,5.886
26793,27117.0,5.936
26794,27118.0,4.828
26795,27119.0,6.763
26796,27120.0,5.307
26797,27121.0,4.82
26798,27122.0,7.154
26799,27123.0,5.266
26800,27124.0,4.706
26801,27125.0,6.007
26802,27126.0,5.846
26803,27127.0,5.072
26804,27128.0,4.846
26805,27129.0,6.028
26806,27130.0,5.217
26807,27131.0,4.853
26808,27132.0,6.671
26809,27133.0,5.015
26810,27134.0,4.618
26811,27135.0,4.83
26812,27136.0,4.823
26813,27137.0,5.144
26814,27138.0,4.999
26815,27139.0,4.861
26816,27140.0,5.048
26817,27141.0,5.064
26818,27142.0,5.177
26819,27143.0,4.951
26820,27144.0,4.853
26821,27145.0,4.861
26822,27146.0,6.642
26823,27147.0,7.234
26824,27148.0,5.976
26825,27149.0,5.072
26826,27150.0,4.934
26827,27151.0,6.843
26828,27152.0,7.274
26829,27153.0,5.307
26830,27154.0,5.048
26831,27155.0,7.125
26832,27156.0,7.274
26833,27157.0,5.226
26834,27158.0,6.4
26835,27159.0,7.234
26836,27160.0,5.855
26837,27161.0,4.909
26838,27162.0,4.886
26839,27163.0,4.87
26840,27164.0,4.959
26841,27165.0,4.926
26842,27166.0,5.998
26843,27168.0,5.864
26844,27169.0,4.828
26845,27170.0,6.803
26846,27171.0,5.307
26847,27172.0,4.828
26848,27173.0,7.234
26849,27174.0,5.185
26850,27175.0,4.926
26851,27176.0,6.572
26852,27177.0,4.95
26853,27178.0,6.239
26854,27179.0,5.703
26855,27180.0,4.787
26856,27181.0,4.82
26857,27182.0,7.234
26858,27183.0,5.184
26859,27184.0,5.064
26860,27185.0,4.951
26861,27186.0,6.128
26862,27187.0,4.934
26863,27188.0,4.951
26864,27189.0,5.572
26865,27190.0,4.739
26866,27191.0,4.644
26867,27192.0,4.782
26868,27193.0,4.823
26869,27194.0,5.104
26870,27195.0,4.919
26871,27196.0,5.572
26872,27197.0,5.032
26873,27198.0,4.959
26874,27199.0,5.015
26875,27200.0,4.983
26876,27201.0,5.532
26877,27202.0,4.82
26878,27203.0,7.004
26879,27204.0,7.274
26880,27205.0,5.46
26881,27206.0,5.032
26882,27207.0,4.975
26883,27208.0,7.044
26884,27209.0,7.314
26885,27210.0,5.42
26886,27211.0,6.048
26887,27212.0,7.194
26888,27213.0,6.249
26889,27214.0,4.982
26890,27215.0,6.763
26891,27216.0,7.274
26892,27217.0,5.347
26893,27218.0,4.828
26894,27219.0,4.919
26895,27220.0,4.772
26896,27221.0,4.951
26897,27222.0,4.82
26898,27223.0,6.722
26899,27224.0,5.347
26900,27225.0,4.787
26901,27226.0,7.165
26902,27227.0,5.226
26903,27228.0,4.886
26904,27229.0,6.763
26905,27230.0,4.95
26906,27231.0,6.088
26907,27232.0,5.784
26908,27233.0,4.828
26909,27234.0,6.843
26910,27235.0,5.226
26911,27236.0,4.747
26912,27237.0,4.846
26913,27238.0,6.642
26914,27239.0,5.112
26915,27240.0,4.919
26916,27241.0,4.951
26917,27242.0,5.572
26918,27243.0,4.861
26919,27244.0,5.998
26920,27245.0,5.217
26921,27246.0,4.496
26922,27247.0,4.717
26923,27248.0,4.823
26924,27249.0,5.104
26925,27250.0,5.024
26926,27251.0,4.886
26927,27253.0,5.298
26928,27254.0,4.991
26929,27255.0,4.878
26930,27256.0,5.088
26931,27257.0,4.983
26932,27258.0,5.217
26933,27259.0,5.056
26934,27260.0,7.085
26935,27261.0,7.314
26936,27262.0,5.266
26937,27263.0,5.024
26938,27264.0,5.33
26939,27265.0,7.154
26940,27266.0,7.113
26941,27267.0,5.177
26942,27268.0,6.481
26943,27269.0,7.274
26944,27270.0,5.703
26945,27271.0,4.942
26946,27272.0,6.964
26947,27273.0,7.314
26948,27274.0,5.541
26949,27275.0,4.82
26950,27276.0,4.911
26951,27277.0,4.772
26952,27278.0,4.951
26953,27279.0,4.78
26954,27280.0,7.073
26955,27281.0,5.104
26956,27282.0,4.853
26957,27283.0,7.194
26958,27284.0,5.031
26959,27285.0,5.806
26960,27286.0,5.976
26961,27287.0,4.828
26962,27288.0,6.642
26963,27289.0,5.347
26964,27290.0,4.747
26965,27291.0,7.125
26966,27292.0,5.266
26967,27293.0,4.706
26968,27294.0,5.886
26969,27295.0,5.927
26970,27296.0,5.024
26971,27297.0,4.853
26972,27298.0,5.917
26973,27299.0,5.217
26974,27300.0,4.82
26975,27301.0,6.642
26976,27302.0,5.056
26977,27303.0,4.341
26978,27304.0,4.717
26979,27305.0,4.79
26980,27306.0,5.394
26981,27307.0,4.983
26982,27308.0,5.096
26983,27309.0,5.136
26984,27310.0,4.951
26985,27311.0,4.813
26986,27312.0,4.999
26987,27313.0,5.032
26988,27314.0,5.136
26989,27315.0,5.249
26990,27316.0,7.165
26991,27317.0,7.314
26992,27318.0,5.249
26993,27319.0,5.385
26994,27320.0,5.806
26995,27321.0,7.194
26996,27322.0,6.572
26997,27323.0,5.023
26998,27324.0,6.682
26999,27325.0,7.234
27000,27326.0,5.46
27001,27327.0,4.942
27002,27328.0,7.044
27003,27329.0,7.274
27004,27330.0,5.379
27005,27331.0,4.787
27006,27332.0,4.911
27007,27333.0,4.739
27008,27334.0,4.991
27009,27336.0,4.78
27010,27337.0,7.234
27011,27338.0,5.185
27012,27339.0,4.926
27013,27340.0,6.612
27014,27341.0,4.942
27015,27342.0,6.199
27016,27343.0,5.703
27017,27344.0,4.787
27018,27345.0,6.964
27019,27346.0,5.185
27020,27347.0,4.853
27021,27348.0,7.274
27022,27349.0,5.145
27023,27350.0,4.706
27024,27351.0,6.36
27025,27352.0,5.644
27026,27353.0,5.064
27027,27354.0,4.846
27028,27355.0,6.35
27029,27356.0,5.136
27030,27357.0,4.853
27031,27358.0,6.872
27032,27359.0,5.056
27033,27360.0,4.301
27034,27361.0,4.677
27035,27362.0,4.79
27036,27363.0,5.144
27037,27364.0,5.024
27038,27365.0,4.894
27039,27366.0,5.258
27040,27367.0,4.991
27041,27368.0,4.846
27042,27369.0,5.048
27043,27370.0,4.983
27044,27371.0,5.217
27045,27372.0,5.056
27046,27373.0,7.085
27047,27374.0,7.314
27048,27375.0,5.266
27049,27376.0,5.032
27050,27377.0,5.33
27051,27378.0,7.125
27052,27379.0,7.113
27053,27380.0,5.145
27054,27381.0,6.481
27055,27382.0,7.234
27056,27383.0,5.703
27057,27384.0,4.901
27058,27385.0,6.964
27059,27386.0,7.274
27060,27387.0,5.5
27061,27388.0,4.787
27062,27389.0,4.911
27063,27390.0,4.772
27064,27391.0,4.951
27065,27392.0,4.739
27066,27393.0,7.085
27067,27394.0,5.104
27068,27395.0,4.853
27069,27396.0,7.246
27070,27397.0,5.031
27071,27398.0,5.765
27072,27399.0,5.976
27073,27400.0,4.869
27074,27401.0,6.642
27075,27402.0,5.388
27076,27403.0,4.747
27077,27404.0,7.165
27078,27405.0,5.266
27079,27406.0,4.706
27080,27407.0,5.846
27081,27408.0,5.967
27082,27409.0,5.032
27083,27410.0,4.886
27084,27411.0,5.877
27085,27412.0,5.29
27086,27413.0,4.82
27087,27414.0,6.642
27088,27415.0,5.056
27089,27416.0,4.341
27090,27417.0,4.104
27091,27418.0,4.75
27092,27420.0,4.782
27093,27421.0,5.354
27094,27422.0,4.983
27095,27423.0,5.015
27096,27424.0,5.023
27097,27425.0,4.951
27098,27426.0,5.177
27099,27427.0,4.999
27100,27428.0,4.959
27101,27429.0,5.015
27102,27430.0,5.774
27103,27431.0,7.165
27104,27432.0,7.314
27105,27433.0,5.209
27106,27434.0,5.241
27107,27435.0,6.168
27108,27436.0,7.194
27109,27437.0,6.097
27110,27438.0,4.982
27111,27439.0,6.843
27112,27440.0,7.274
27113,27441.0,5.266
27114,27442.0,5.128
27115,27443.0,7.085
27116,27444.0,7.274
27117,27445.0,5.185
27118,27446.0,4.747
27119,27447.0,4.911
27120,27448.0,4.739
27121,27449.0,4.983
27122,27450.0,4.846
27123,27451.0,7.314
27124,27452.0,5.064
27125,27453.0,5.564
27126,27454.0,6.178
27127,27455.0,4.869
27128,27456.0,6.561
27129,27457.0,5.428
27130,27458.0,4.787
27131,27459.0,7.085
27132,27460.0,5.104
27133,27461.0,4.853
27134,27462.0,7.165
27135,27463.0,5.031
27136,27464.0,4.706
27137,27465.0,6.601
27138,27466.0,5.483
27139,27467.0,5.024
27140,27468.0,4.813
27141,27469.0,6.631
27142,27470.0,5.056
27143,27471.0,4.846
27144,27472.0,6.722
27145,27473.0,4.982
27146,27474.0,4.301
27147,27475.0,4.709
27148,27476.0,4.823
27149,27477.0,5.313
27150,27478.0,5.024
27151,27479.0,5.056
27152,27480.0,5.096
27153,27481.0,4.991
27154,27482.0,5.007
27155,27483.0,4.999
27156,27484.0,5.032
27157,27485.0,5.056
27158,27486.0,5.613
27159,27487.0,7.165
27160,27488.0,7.314
27161,27489.0,5.209
27162,27490.0,5.313
27163,27491.0,6.048
27164,27492.0,7.194
27165,27493.0,6.289
27166,27494.0,5.023
27167,27495.0,6.803
27168,27496.0,7.274
27169,27497.0,5.379
27170,27498.0,4.975
27171,27499.0,7.085
27172,27500.0,7.274
27173,27501.0,5.266
27174,27502.0,4.747
27175,27503.0,4.951
27176,27505.0,4.78
27177,27506.0,4.991
27178,27507.0,4.853
27179,27508.0,7.274
27180,27509.0,5.112
27181,27510.0,5.281
27182,27511.0,6.34
27183,27512.0,4.909
27184,27513.0,6.4
27185,27514.0,5.541
27186,27515.0,4.787
27187,27516.0,7.004
27188,27517.0,5.104
27189,27518.0,4.853
27190,27519.0,7.274
27191,27520.0,5.064
27192,27521.0,4.673
27193,27522.0,6.521
27194,27523.0,5.492
27195,27524.0,5.032
27196,27525.0,4.805
27197,27526.0,6.551
27198,27527.0,5.064
27199,27528.0,4.886
27200,27529.0,6.832
27201,27530.0,5.015
27202,27531.0,4.26
27203,27532.0,4.75
27204,27533.0,4.782
27205,27534.0,5.345
27206,27535.0,4.983
27207,27536.0,5.015
27208,27537.0,5.023
27209,27538.0,4.983
27210,27539.0,5.613
27211,27540.0,4.999
27212,27541.0,4.919
27213,27542.0,5.015
27214,27543.0,5.927
27215,27544.0,7.194
27216,27545.0,7.274
27217,27546.0,5.201
27218,27547.0,5.16
27219,27548.0,6.33
27220,27549.0,7.194
27221,27550.0,5.976
27222,27551.0,4.942
27223,27552.0,6.924
27224,27553.0,7.234
27225,27554.0,5.258
27226,27555.0,5.371
27227,27556.0,7.154
27228,27557.0,7.113
27229,27558.0,5.177
27230,27559.0,4.747
27231,27560.0,4.943
27232,27561.0,4.82
27233,27562.0,5.024
27234,27563.0,4.846
27235,27564.0,7.194
27236,27565.0,5.031
27237,27566.0,5.806
27238,27567.0,5.976
27239,27568.0,4.828
27240,27569.0,6.682
27241,27570.0,5.347
27242,27571.0,4.747
27243,27572.0,7.125
27244,27573.0,5.266
27245,27574.0,4.853
27246,27575.0,6.883
27247,27576.0,4.99
27248,27577.0,4.666
27249,27578.0,6.722
27250,27579.0,5.402
27251,27580.0,5.024
27252,27581.0,4.813
27253,27582.0,6.712
27254,27583.0,5.056
27255,27584.0,4.886
27256,27585.0,6.521
27257,27587.0,4.975
27258,27588.0,4.26
27259,27589.0,4.75
27260,27590.0,4.823
27261,27591.0,5.265
27262,27592.0,4.983
27263,27593.0,4.942
27264,27594.0,4.942
27265,27595.0,4.943
27266,27596.0,5.451
27267,27597.0,4.991
27268,27598.0,4.886
27269,27599.0,4.942
27270,27600.0,6.209
27271,27601.0,7.194
27272,27602.0,6.843
27273,27603.0,5.12
27274,27604.0,5.088
27275,27605.0,6.521
27276,27606.0,7.234
27277,27607.0,5.662
27278,27608.0,4.901
27279,27609.0,6.964
27280,27610.0,7.274
27281,27611.0,5.5
27282,27612.0,5.846
27283,27613.0,7.154
27284,27614.0,6.572
27285,27615.0,5.064
27286,27616.0,4.942
27287,27617.0,4.903
27288,27618.0,4.894
27289,27619.0,5.112
27290,27620.0,4.999
27291,27621.0,6.531
27292,27622.0,4.942
27293,27623.0,6.249
27294,27624.0,5.662
27295,27625.0,4.787
27296,27626.0,6.964
27297,27627.0,5.185
27298,27628.0,4.853
27299,27629.0,7.274
27300,27630.0,5.145
27301,27631.0,5.322
27302,27632.0,6.33
27303,27633.0,4.869
27304,27634.0,4.706
27305,27635.0,6.964
27306,27636.0,5.249
27307,27637.0,4.983
27308,27638.0,4.846
27309,27639.0,6.913
27310,27640.0,5.023
27311,27641.0,4.878
27312,27642.0,6.088
27313,27643.0,4.901
27314,27644.0,4.496
27315,27645.0,4.782
27316,27646.0,4.782
27317,27647.0,5.144
27318,27648.0,4.959
27319,27649.0,4.861
27320,27650.0,5.048
27321,27651.0,5.104
27322,27652.0,5.177
27323,27653.0,4.991
27324,27654.0,4.853
27325,27655.0,4.861
27326,27656.0,6.601
27327,27657.0,7.234
27328,27658.0,6.017
27329,27659.0,5.072
27330,27660.0,4.934
27331,27661.0,6.803
27332,27662.0,7.234
27333,27663.0,5.307
27334,27664.0,4.975
27335,27665.0,7.125
27336,27666.0,7.274
27337,27668.0,5.226
27338,27669.0,6.37
27339,27670.0,7.234
27340,27671.0,5.855
27341,27672.0,4.942
27342,27673.0,4.886
27343,27674.0,4.911
27344,27675.0,4.919
27345,27676.0,4.967
27346,27677.0,5.927
27347,27678.0,5.864
27348,27679.0,4.828
27349,27680.0,6.803
27350,27681.0,5.266
27351,27682.0,4.82
27352,27683.0,7.194
27353,27684.0,5.226
27354,27685.0,4.886
27355,27686.0,6.612
27356,27687.0,4.909
27357,27688.0,6.209
27358,27689.0,5.703
27359,27690.0,4.828
27360,27691.0,4.78
27361,27692.0,7.274
27362,27693.0,5.12
27363,27694.0,5.072
27364,27695.0,4.919
27365,27696.0,6.168
27366,27697.0,4.901
27367,27698.0,4.951
27368,27699.0,5.572
27369,27700.0,4.772
27370,27701.0,4.57
27371,27702.0,4.823
27372,27703.0,4.823
27373,27704.0,5.144
27374,27705.0,4.926
27375,27706.0,5.096
27376,27707.0,4.999
27377,27708.0,4.991
27378,27709.0,5.023
27379,27710.0,4.991
27380,27711.0,5.096
27381,27712.0,4.82
27382,27713.0,6.803
27383,27714.0,7.234
27384,27715.0,5.662
27385,27716.0,5.032
27386,27717.0,4.861
27387,27718.0,6.964
27388,27719.0,7.274
27389,27720.0,5.307
27390,27721.0,5.613
27391,27722.0,7.165
27392,27723.0,6.803
27393,27724.0,5.104
27394,27725.0,6.601
27395,27726.0,7.234
27396,27727.0,5.581
27397,27728.0,4.869
27398,27729.0,4.919
27399,27730.0,4.846
27400,27731.0,4.959
27401,27732.0,4.853
27402,27733.0,6.4
27403,27734.0,5.541
27404,27735.0,4.787
27405,27736.0,7.004
27406,27737.0,5.104
27407,27738.0,4.853
27408,27739.0,7.355
27409,27740.0,5.064
27410,27741.0,5.604
27411,27742.0,6.097
27412,27743.0,4.869
27413,27744.0,6.561
27414,27745.0,5.428
27415,27746.0,4.747
27416,27747.0,4.853
27417,27748.0,7.154
27418,27749.0,5.112
27419,27751.0,4.959
27420,27752.0,4.911
27421,27753.0,5.774
27422,27754.0,4.894
27423,27755.0,5.515
27424,27756.0,5.371
27425,27757.0,4.577
27426,27758.0,4.57
27427,27759.0,4.79
27428,27760.0,4.823
27429,27761.0,5.064
27430,27762.0,4.919
27431,27763.0,5.023
27432,27764.0,5.04
27433,27765.0,4.999
27434,27766.0,5.056
27435,27767.0,4.943
27436,27768.0,5.128
27437,27769.0,4.82
27438,27770.0,6.843
27439,27771.0,7.274
27440,27772.0,5.653
27441,27773.0,5.032
27442,27774.0,4.894
27443,27775.0,6.964
27444,27776.0,7.314
27445,27777.0,5.388
27446,27778.0,5.694
27447,27779.0,7.154
27448,27780.0,6.752
27449,27781.0,5.064
27450,27782.0,6.682
27451,27783.0,7.234
27452,27784.0,5.541
27453,27785.0,4.861
27454,27786.0,4.919
27455,27787.0,4.846
27456,27788.0,4.919
27457,27789.0,4.894
27458,27790.0,6.481
27459,27791.0,5.509
27460,27792.0,4.787
27461,27793.0,7.085
27462,27794.0,5.145
27463,27795.0,4.853
27464,27796.0,7.274
27465,27797.0,5.031
27466,27798.0,5.725
27467,27799.0,6.057
27468,27800.0,4.869
27469,27801.0,6.601
27470,27802.0,5.388
27471,27803.0,4.747
27472,27804.0,4.853
27473,27805.0,7.085
27474,27806.0,5.072
27475,27807.0,4.959
27476,27808.0,4.911
27477,27809.0,5.765
27478,27810.0,4.853
27479,27811.0,5.635
27480,27812.0,5.339
27481,27813.0,4.577
27482,27814.0,4.684
27483,27815.0,4.823
27484,27816.0,4.823
27485,27817.0,5.064
27486,27818.0,4.853
27487,27819.0,5.42
27488,27820.0,4.991
27489,27821.0,4.886
27490,27822.0,5.064
27491,27823.0,4.983
27492,27824.0,5.42
27493,27825.0,4.82
27494,27826.0,7.004
27495,27827.0,7.314
27496,27828.0,5.266
27497,27829.0,5.024
27498,27831.0,4.926
27499,27832.0,7.165
27500,27833.0,7.274
27501,27834.0,5.298
27502,27835.0,6.33
27503,27836.0,7.234
27504,27837.0,5.976
27505,27838.0,4.975
27506,27839.0,6.883
27507,27840.0,7.314
27508,27841.0,5.226
27509,27842.0,4.82
27510,27843.0,4.911
27511,27844.0,4.813
27512,27845.0,4.951
27513,27846.0,4.813
27514,27847.0,6.924
27515,27848.0,5.226
27516,27849.0,4.82
27517,27850.0,7.314
27518,27851.0,5.104
27519,27852.0,5.33
27520,27853.0,6.34
27521,27854.0,4.942
27522,27855.0,6.44
27523,27856.0,5.541
27524,27857.0,4.787
27525,27858.0,7.004
27526,27859.0,5.104
27527,27860.0,4.706
27528,27861.0,5.443
27529,27862.0,6.209
27530,27863.0,5.032
27531,27864.0,4.886
27532,27865.0,5.474
27533,27866.0,5.379
27534,27867.0,4.82
27535,27868.0,6.36
27536,27869.0,5.096
27537,27870.0,4.382
27538,27871.0,4.717
27539,27872.0,4.782
27540,27873.0,5.466
27541,27874.0,5.024
27542,27875.0,5.169
27543,27876.0,5.177
27544,27877.0,4.991
27545,27878.0,4.853
27546,27879.0,5.048
27547,27880.0,5.064
27548,27881.0,5.177
27549,27882.0,5.056
27550,27883.0,7.125
27551,27884.0,7.314
27552,27885.0,5.298
27553,27886.0,5.224
27554,27887.0,5.685
27555,27888.0,7.154
27556,27889.0,6.722
27557,27890.0,5.064
27558,27891.0,6.642
27559,27892.0,7.234
27560,27893.0,5.541
27561,27894.0,4.942
27562,27895.0,7.044
27563,27896.0,7.274
27564,27897.0,5.42
27565,27898.0,4.787
27566,27899.0,4.911
27567,27900.0,4.739
27568,27901.0,4.991
27569,27902.0,4.787
27570,27903.0,7.194
27571,27904.0,5.266
27572,27905.0,4.886
27573,27906.0,6.803
27574,27907.0,4.982
27575,27908.0,6.048
27576,27909.0,5.815
27577,27910.0,4.828
27578,27911.0,6.843
27579,27912.0,5.226
27580,27913.0,4.82
27581,27915.0,7.234
27582,27916.0,5.185
27583,27917.0,4.706
27584,27918.0,6.168
27585,27919.0,5.756
27586,27920.0,5.072
27587,27921.0,4.846
27588,27922.0,6.239
27589,27923.0,5.177
27590,27924.0,4.861
27591,27925.0,6.803
27592,27926.0,5.136
27593,27927.0,4.301
27594,27928.0,4.644
27595,27929.0,4.79
27596,27930.0,4.863
27597,27931.0,5.024
27598,27932.0,4.846
27599,27933.0,5.339
27600,27934.0,4.991
27601,27935.0,4.886
27602,27936.0,5.056
27603,27937.0,4.943
27604,27938.0,5.298
27605,27939.0,4.82
27606,27940.0,7.085
27607,27941.0,7.274
27608,27942.0,5.185
27609,27943.0,5.032
27610,27944.0,5.128
27611,27945.0,7.125
27612,27946.0,7.234
27613,27947.0,5.185
27614,27948.0,6.41
27615,27949.0,7.234
27616,27950.0,5.784
27617,27951.0,4.901
27618,27952.0,6.924
27619,27953.0,7.274
27620,27954.0,5.266
27621,27955.0,4.78
27622,27956.0,4.911
27623,27957.0,4.739
27624,27958.0,4.951
27625,27959.0,4.78
27626,27960.0,7.044
27627,27961.0,5.145
27628,27962.0,4.853
27629,27963.0,7.314
27630,27964.0,5.031
27631,27965.0,5.604
27632,27966.0,6.138
27633,27967.0,4.869
27634,27968.0,6.561
27635,27969.0,5.46
27636,27970.0,4.747
27637,27971.0,7.125
27638,27972.0,5.104
27639,27973.0,4.706
27640,27974.0,5.806
27641,27975.0,6.078
27642,27976.0,5.032
27643,27977.0,4.878
27644,27978.0,5.787
27645,27979.0,5.33
27646,27980.0,4.82
27647,27981.0,6.601
27648,27982.0,5.056
27649,27983.0,4.382
27650,27984.0,4.757
27651,27985.0,4.823
27652,27986.0,5.345
27653,27987.0,5.024
27654,27988.0,5.056
27655,27989.0,5.136
27656,27990.0,4.951
27657,27991.0,4.846
27658,27992.0,4.999
27659,27993.0,5.032
27660,27994.0,5.096
27661,27995.0,5.371
27662,27996.0,7.165
27663,27997.0,7.314
27664,27999.0,5.217
27665,28000.0,5.354
27666,28001.0,5.886
27667,28002.0,7.194
27668,28003.0,6.451
27669,28004.0,5.023
27670,28005.0,6.722
27671,28006.0,7.234
27672,28007.0,5.42
27673,28008.0,4.934
27674,28009.0,7.085
27675,28010.0,7.274
27676,28011.0,5.298
27677,28012.0,4.787
27678,28013.0,4.911
27679,28014.0,4.739
27680,28015.0,4.991
27681,28016.0,4.82
27682,28017.0,7.274
27683,28018.0,5.145
27684,28019.0,5.169
27685,28020.0,6.41
27686,28021.0,4.909
27687,28022.0,6.36
27688,28023.0,5.581
27689,28024.0,4.787
27690,28025.0,7.004
27691,28026.0,5.145
27692,28027.0,4.853
27693,28028.0,7.274
27694,28029.0,5.064
27695,28030.0,4.706
27696,28031.0,6.481
27697,28032.0,5.523
27698,28033.0,5.024
27699,28034.0,4.805
27700,28035.0,6.591
27701,28036.0,5.056
27702,28037.0,4.886
27703,28038.0,6.913
27704,28039.0,5.056
27705,28040.0,4.26
27706,28041.0,4.75
27707,28042.0,4.782
27708,28043.0,5.354
27709,28044.0,4.983
27710,28045.0,5.015
27711,28046.0,4.982
27712,28047.0,4.983
27713,28048.0,5.572
27714,28049.0,5.04
27715,28050.0,4.926
27716,28051.0,5.015
27717,28052.0,6.007
27718,28053.0,7.234
27719,28054.0,7.194
27720,28055.0,5.201
27721,28056.0,5.16
27722,28057.0,6.36
27723,28058.0,7.194
27724,28059.0,5.936
27725,28060.0,4.942
27726,28061.0,6.924
27727,28062.0,7.274
27728,28063.0,5.217
27729,28064.0,5.451
27730,28065.0,7.165
27731,28066.0,7.033
27732,28067.0,5.145
27733,28068.0,4.747
27734,28069.0,4.911
27735,28070.0,4.82
27736,28071.0,5.024
27737,28072.0,4.846
27738,28073.0,7.044
27739,28074.0,5.031
27740,28075.0,5.886
27741,28076.0,5.936
27742,28077.0,4.828
27743,28079.0,6.722
27744,28080.0,5.347
27745,28081.0,4.787
27746,28082.0,7.165
27747,28083.0,5.226
27748,28084.0,4.846
27749,28085.0,6.773
27750,28086.0,4.95
27751,28087.0,4.666
27752,28088.0,6.763
27753,28089.0,5.339
27754,28090.0,5.024
27755,28091.0,4.813
27756,28092.0,6.792
27757,28093.0,5.136
27758,28094.0,4.886
27759,28095.0,6.481
27760,28096.0,4.942
27761,28097.0,4.26
27762,28098.0,4.677
27763,28099.0,4.83
27764,28100.0,5.506
27765,28101.0,5.024
27766,28102.0,5.136
27767,28103.0,5.217
27768,28104.0,4.951
27769,28105.0,4.846
27770,28106.0,5.007
27771,28107.0,5.104
27772,28108.0,5.177
27773,28109.0,5.056
27774,28110.0,7.125
27775,28111.0,7.314
27776,28112.0,5.258
27777,28113.0,5.193
27778,28114.0,5.604
27779,28115.0,7.165
27780,28116.0,6.803
27781,28117.0,5.104
27782,28118.0,6.601
27783,28119.0,7.234
27784,28120.0,5.541
27785,28121.0,4.982
27786,28122.0,7.004
27787,28123.0,7.314
27788,28124.0,5.428
27789,28125.0,4.82
27790,28126.0,4.911
27791,28127.0,4.772
27792,28128.0,4.951
27793,28129.0,4.78
27794,28130.0,7.154
27795,28131.0,5.266
27796,28132.0,4.846
27797,28133.0,6.883
27798,28134.0,4.99
27799,28135.0,5.967
27800,28136.0,5.824
27801,28137.0,4.828
27802,28138.0,6.803
27803,28139.0,5.266
27804,28140.0,4.787
27805,28141.0,7.205
27806,28142.0,5.185
27807,28143.0,4.714
27808,28144.0,6.128
27809,28145.0,5.806
27810,28146.0,5.032
27811,28147.0,4.853
27812,28148.0,6.159
27813,28149.0,5.209
27814,28150.0,4.853
27815,28151.0,6.752
27816,28152.0,5.08
27817,28153.0,4.301
27818,28154.0,4.79
27819,28155.0,4.823
27820,28156.0,5.313
27821,28157.0,4.983
27822,28158.0,5.088
27823,28159.0,5.056
27824,28160.0,4.991
27825,28162.0,5.169
27826,28163.0,4.999
27827,28164.0,4.959
27828,28165.0,5.056
27829,28166.0,5.734
27830,28167.0,7.194
27831,28168.0,7.314
27832,28169.0,5.209
27833,28170.0,5.233
27834,28171.0,6.168
27835,28172.0,7.194
27836,28173.0,6.138
27837,28174.0,4.982
27838,28175.0,6.843
27839,28176.0,7.234
27840,28177.0,5.298
27841,28178.0,5.015
27842,28179.0,7.125
27843,28180.0,7.274
27844,28181.0,5.226
27845,28182.0,4.747
27846,28183.0,4.951
27847,28184.0,4.699
27848,28185.0,4.991
27849,28186.0,4.813
27850,28187.0,7.355
27851,28188.0,5.072
27852,28189.0,5.523
27853,28190.0,6.178
27854,28191.0,4.901
27855,28192.0,6.521
27856,28193.0,5.5
27857,28194.0,4.747
27858,28195.0,7.085
27859,28196.0,5.072
27860,28197.0,4.894
27861,28198.0,7.205
27862,28199.0,5.023
27863,28200.0,4.673
27864,28201.0,6.561
27865,28202.0,5.483
27866,28203.0,5.024
27867,28204.0,4.813
27868,28205.0,6.591
27869,28206.0,5.064
27870,28207.0,4.853
27871,28208.0,6.792
27872,28209.0,5.015
27873,28210.0,4.26
27874,28211.0,4.75
27875,28212.0,4.823
27876,28213.0,5.313
27877,28214.0,4.983
27878,28215.0,5.015
27879,28216.0,5.064
27880,28217.0,4.951
27881,28218.0,5.015
27882,28219.0,4.999
27883,28220.0,4.999
27884,28221.0,5.056
27885,28222.0,5.613
27886,28223.0,7.165
27887,28224.0,7.314
27888,28225.0,5.209
27889,28226.0,5.273
27890,28227.0,6.048
27891,28228.0,7.194
27892,28229.0,6.249
27893,28230.0,5.023
27894,28231.0,6.803
27895,28232.0,7.274
27896,28233.0,5.307
27897,28234.0,4.975
27898,28235.0,7.125
27899,28236.0,7.314
27900,28237.0,5.226
27901,28238.0,4.78
27902,28239.0,4.911
27903,28240.0,4.739
27904,28241.0,4.983
27905,28242.0,4.853
27906,28243.0,7.274
27907,28244.0,5.145
27908,28245.0,5.402
27909,28246.0,6.259
27910,28248.0,4.869
27911,28249.0,6.481
27912,28250.0,5.5
27913,28251.0,4.787
27914,28252.0,7.044
27915,28253.0,5.104
27916,28254.0,4.853
27917,28255.0,7.274
27918,28256.0,5.031
27919,28257.0,4.706
27920,28258.0,6.561
27921,28259.0,5.523
27922,28260.0,5.024
27923,28261.0,4.846
27924,28262.0,6.591
27925,28263.0,5.088
27926,28264.0,4.853
27927,28265.0,6.832
27928,28266.0,5.015
27929,28267.0,4.341
27930,28268.0,4.75
27931,28269.0,4.782
27932,28270.0,5.354
27933,28271.0,4.983
27934,28272.0,5.015
27935,28273.0,5.023
27936,28274.0,4.943
27937,28275.0,5.249
27938,28276.0,4.999
27939,28277.0,4.959
27940,28278.0,5.015
27941,28279.0,5.734
27942,28280.0,7.205
27943,28281.0,7.314
27944,28282.0,5.209
27945,28283.0,5.241
27946,28284.0,6.168
27947,28285.0,7.194
27948,28286.0,6.138
27949,28287.0,4.982
27950,28288.0,6.843
27951,28289.0,7.234
27952,28290.0,5.266
27953,28291.0,5.096
27954,28292.0,7.125
27955,28293.0,7.274
27956,28294.0,5.226
27957,28295.0,4.747
27958,28296.0,4.911
27959,28297.0,4.699
27960,28298.0,4.991
27961,28299.0,4.853
27962,28300.0,7.314
27963,28301.0,5.072
27964,28302.0,5.523
27965,28303.0,6.178
27966,28304.0,4.909
27967,28305.0,6.521
27968,28306.0,5.46
27969,28307.0,4.787
27970,28308.0,7.085
27971,28309.0,5.072
27972,28310.0,4.853
27973,28311.0,7.165
27974,28312.0,5.023
27975,28313.0,4.673
27976,28314.0,6.601
27977,28315.0,5.443
27978,28316.0,5.064
27979,28317.0,4.813
27980,28318.0,6.631
27981,28319.0,5.064
27982,28320.0,4.886
27983,28321.0,6.752
27984,28322.0,5.056
27985,28323.0,4.382
27986,28324.0,4.79
27987,28325.0,4.782
27988,28326.0,5.265
27989,28327.0,5.072
27990,28328.0,4.934
27991,28329.0,5.096
27992,28330.0,4.983
27993,28332.0,5.33
27994,28333.0,5.032
27995,28334.0,4.886
27996,28335.0,4.975
27997,28336.0,6.37
27998,28337.0,7.234
27999,28338.0,6.491
28000,28339.0,5.112
28001,28340.0,5.048
28002,28341.0,6.642
28003,28342.0,7.274
28004,28343.0,5.541
28005,28344.0,4.982
28006,28345.0,7.044
28007,28346.0,7.274
28008,28347.0,5.42
28009,28348.0,6.007
28010,28349.0,7.194
28011,28350.0,6.33
28012,28351.0,4.982
28013,28352.0,4.894
28014,28353.0,4.903
28015,28354.0,4.886
28016,28355.0,5.04
28017,28356.0,5.322
28018,28357.0,6.34
28019,28358.0,4.909
28020,28359.0,6.4
28021,28360.0,5.541
28022,28361.0,4.787
28023,28362.0,7.044
28024,28363.0,5.112
28025,28364.0,4.853
28026,28365.0,7.274
28027,28366.0,5.072
28028,28367.0,5.564
28029,28368.0,6.138
28030,28369.0,4.869
28031,28370.0,4.666
28032,28371.0,7.044
28033,28372.0,5.169
28034,28373.0,4.983
28035,28374.0,4.878
28036,28375.0,6.712
28037,28376.0,5.015
28038,28377.0,4.919
28039,28378.0,5.927
28040,28379.0,4.853
28041,28380.0,4.503
28042,28381.0,4.79
28043,28382.0,4.823
28044,28383.0,5.144
28045,28384.0,4.999
28046,28385.0,4.853
28047,28386.0,5.04
28048,28387.0,5.064
28049,28388.0,5.177
28050,28389.0,4.991
28051,28390.0,4.853
28052,28391.0,4.861
28053,28392.0,6.642
28054,28393.0,7.234
28055,28394.0,6.017
28056,28395.0,5.112
28057,28396.0,4.975
28058,28397.0,6.843
28059,28398.0,7.314
28060,28399.0,5.307
28061,28400.0,5.007
28062,28401.0,7.125
28063,28402.0,7.314
28064,28403.0,5.266
28065,28404.0,6.41
28066,28405.0,7.234
28067,28406.0,5.967
28068,28407.0,4.942
28069,28408.0,4.926
28070,28409.0,4.911
28071,28410.0,4.926
28072,28411.0,4.967
28073,28412.0,5.927
28074,28413.0,5.905
28075,28414.0,4.828
28076,28415.0,6.763
28077,28416.0,5.347
28078,28418.0,4.828
28079,28419.0,7.165
28080,28420.0,5.226
28081,28421.0,4.846
28082,28422.0,6.722
28083,28423.0,4.95
28084,28424.0,6.128
28085,28425.0,5.743
28086,28426.0,4.828
28087,28427.0,4.787
28088,28428.0,7.234
28089,28429.0,5.12
28090,28430.0,5.305
28091,28431.0,4.919
28092,28432.0,6.249
28093,28433.0,4.942
28094,28434.0,4.911
28095,28435.0,5.644
28096,28436.0,4.813
28097,28437.0,4.456
28098,28438.0,4.79
28099,28439.0,4.823
28100,28440.0,5.144
28101,28441.0,4.919
28102,28442.0,4.853
28103,28443.0,5.007
28104,28444.0,5.032
28105,28445.0,5.096
28106,28446.0,4.991
28107,28447.0,4.813
28108,28448.0,4.861
28109,28449.0,6.722
28110,28450.0,7.274
28111,28451.0,5.824
28112,28452.0,5.072
28113,28453.0,4.894
28114,28454.0,6.883
28115,28455.0,7.274
28116,28456.0,5.266
28117,28457.0,5.249
28118,28458.0,7.165
28119,28459.0,7.154
28120,28460.0,5.185
28121,28461.0,6.481
28122,28462.0,7.234
28123,28463.0,5.743
28124,28464.0,4.942
28125,28465.0,4.926
28126,28466.0,4.919
28127,28467.0,4.919
28128,28468.0,4.926
28129,28469.0,6.159
28130,28470.0,5.743
28131,28471.0,4.787
28132,28472.0,6.924
28133,28473.0,5.226
28134,28474.0,4.853
28135,28475.0,7.234
28136,28476.0,5.185
28137,28477.0,5.169
28138,28478.0,6.451
28139,28479.0,4.909
28140,28480.0,6.36
28141,28481.0,5.581
28142,28482.0,4.787
28143,28483.0,4.82
28144,28484.0,7.314
28145,28485.0,5.152
28146,28486.0,5.032
28147,28487.0,4.919
28148,28488.0,6.007
28149,28489.0,4.894
28150,28490.0,5.112
28151,28491.0,5.492
28152,28492.0,4.699
28153,28493.0,4.53
28154,28494.0,4.79
28155,28495.0,4.823
28156,28496.0,5.104
28157,28497.0,4.926
28158,28498.0,4.861
28159,28499.0,5.04
28160,28500.0,4.991
28161,28502.0,5.096
28162,28503.0,4.991
28163,28504.0,4.894
28164,28505.0,4.861
28165,28506.0,6.763
28166,28507.0,7.274
28167,28508.0,5.784
28168,28509.0,5.072
28169,28510.0,4.975
28170,28511.0,6.924
28171,28512.0,7.274
28172,28513.0,5.185
28173,28514.0,5.411
28174,28515.0,7.125
28175,28516.0,7.044
28176,28517.0,5.145
28177,28518.0,6.561
28178,28519.0,7.234
28179,28520.0,5.662
28180,28521.0,4.869
28181,28522.0,4.919
28182,28523.0,4.838
28183,28524.0,4.959
28184,28525.0,4.894
28185,28526.0,6.32
28186,28527.0,5.622
28187,28528.0,4.828
28188,28529.0,6.964
28189,28530.0,5.185
28190,28531.0,4.82
28191,28532.0,7.314
28192,28533.0,5.072
28193,28534.0,5.443
28194,28535.0,6.219
28195,28536.0,4.909
28196,28537.0,6.481
28197,28538.0,5.5
28198,28539.0,4.747
28199,28540.0,4.853
28200,28541.0,7.234
28201,28542.0,5.152
28202,28543.0,4.959
28203,28544.0,4.919
28204,28545.0,5.855
28205,28546.0,4.901
28206,28547.0,5.394
28207,28548.0,5.411
28208,28549.0,4.618
28209,28550.0,4.603
28210,28551.0,4.782
28211,28552.0,4.863
28212,28553.0,5.064
28213,28554.0,4.886
28214,28555.0,5.622
28215,28556.0,4.999
28216,28557.0,4.919
28217,28558.0,4.982
28218,28559.0,4.983
28219,28560.0,5.572
28220,28561.0,4.82
28221,28562.0,6.924
28222,28563.0,7.274
28223,28564.0,5.46
28224,28565.0,5.072
28225,28566.0,4.942
28226,28567.0,7.044
28227,28568.0,7.274
28228,28569.0,5.42
28229,28570.0,5.967
28230,28571.0,7.194
28231,28572.0,6.37
28232,28573.0,5.023
28233,28574.0,6.763
28234,28575.0,7.274
28235,28576.0,5.379
28236,28577.0,4.861
28237,28578.0,4.919
28238,28579.0,4.805
28239,28580.0,4.951
28240,28581.0,4.853
28241,28582.0,6.682
28242,28584.0,5.388
28243,28585.0,4.787
28244,28586.0,7.165
28245,28587.0,5.307
28246,28588.0,4.886
28247,28589.0,6.883
28248,28590.0,4.982
28249,28591.0,6.007
28250,28592.0,5.864
28251,28593.0,4.828
28252,28594.0,6.763
28253,28595.0,5.266
28254,28596.0,4.747
28255,28597.0,4.846
28256,28598.0,6.712
28257,28599.0,5.08
28258,28600.0,4.951
28259,28601.0,4.911
28260,28602.0,5.604
28261,28603.0,4.894
28262,28604.0,5.998
28263,28605.0,5.258
28264,28606.0,4.496
28265,28607.0,4.644
28266,28608.0,4.823
28267,28609.0,4.823
28268,28610.0,5.064
28269,28611.0,4.846
28270,28612.0,5.492
28271,28613.0,4.991
28272,28614.0,4.919
28273,28615.0,4.975
28274,28616.0,5.024
28275,28617.0,5.451
28276,28618.0,4.853
28277,28619.0,6.964
28278,28620.0,7.274
28279,28621.0,5.307
28280,28622.0,5.072
28281,28623.0,4.934
28282,28624.0,7.085
28283,28625.0,7.274
28284,28626.0,5.339
28285,28627.0,6.168
28286,28628.0,7.194
28287,28629.0,6.159
28288,28630.0,4.982
28289,28631.0,6.843
28290,28632.0,7.234
28291,28633.0,5.258
28292,28634.0,4.894
28293,28635.0,4.951
28294,28636.0,4.772
28295,28637.0,4.951
28296,28638.0,4.82
28297,28639.0,6.843
28298,28640.0,5.226
28299,28641.0,4.82
28300,28642.0,7.246
28301,28643.0,5.145
28302,28644.0,5.048
28303,28645.0,6.491
28304,28646.0,4.909
28305,28647.0,6.279
28306,28648.0,5.622
28307,28649.0,4.787
28308,28650.0,6.924
28309,28651.0,5.185
28310,28652.0,4.706
28311,28653.0,5.169
28312,28654.0,6.4
28313,28655.0,5.064
28314,28656.0,4.886
28315,28657.0,5.233
28316,28658.0,5.46
28317,28659.0,4.861
28318,28660.0,6.239
28319,28661.0,5.177
28320,28662.0,4.422
28321,28663.0,4.644
28322,28664.0,4.83
28323,28665.0,4.863
28324,28666.0,5.064
28325,28667.0,4.886
28326,28669.0,5.5
28327,28670.0,4.999
28328,28671.0,4.919
28329,28672.0,4.975
28330,28673.0,4.943
28331,28674.0,5.492
28332,28675.0,4.82
28333,28676.0,7.004
28334,28677.0,7.314
28335,28678.0,5.451
28336,28679.0,5.064
28337,28680.0,4.967
28338,28681.0,7.044
28339,28682.0,7.314
28340,28683.0,5.379
28341,28684.0,6.128
28342,28685.0,7.194
28343,28686.0,6.33
28344,28687.0,5.023
28345,28688.0,6.843
28346,28689.0,7.274
28347,28690.0,5.411
28348,28691.0,4.894
28349,28692.0,4.951
28350,28693.0,4.813
28351,28694.0,4.951
28352,28695.0,4.82
28353,28696.0,6.763
28354,28697.0,5.347
28355,28698.0,4.828
28356,28699.0,7.194
28357,28700.0,5.226
28358,28701.0,4.886
28359,28702.0,6.693
28360,28703.0,4.982
28361,28704.0,6.199
28362,28705.0,5.743
28363,28706.0,4.828
28364,28707.0,6.883
28365,28708.0,5.226
28366,28709.0,4.747
28367,28710.0,4.967
28368,28711.0,6.551
28369,28712.0,5.072
28370,28713.0,4.919
28371,28714.0,5.233
28372,28715.0,5.541
28373,28716.0,4.82
28374,28717.0,6.078
28375,28718.0,5.177
28376,28719.0,4.422
28377,28720.0,4.145
28378,28721.0,4.717
28379,28722.0,4.782
28380,28723.0,5.425
28381,28724.0,4.983
28382,28725.0,5.128
28383,28726.0,5.145
28384,28727.0,4.991
28385,28728.0,4.813
28386,28729.0,5.04
28387,28730.0,5.032
28388,28731.0,5.136
28389,28732.0,5.217
28390,28733.0,7.125
28391,28734.0,7.274
28392,28735.0,5.249
28393,28736.0,5.385
28394,28737.0,5.806
28395,28738.0,7.194
28396,28739.0,6.612
28397,28740.0,5.064
28398,28741.0,6.682
28399,28742.0,7.234
28400,28743.0,5.46
28401,28744.0,4.934
28402,28745.0,7.085
28403,28746.0,7.274
28404,28747.0,5.379
28405,28748.0,4.787
28406,28749.0,4.951
28407,28750.0,4.739
28408,28752.0,4.983
28409,28753.0,4.78
28410,28754.0,7.274
28411,28755.0,5.185
28412,28756.0,5.007
28413,28757.0,6.531
28414,28758.0,4.942
28415,28759.0,6.239
28416,28760.0,5.694
28417,28761.0,4.787
28418,28762.0,6.964
28419,28763.0,5.145
28420,28764.0,4.861
28421,28765.0,7.274
28422,28766.0,5.145
28423,28767.0,4.706
28424,28768.0,6.32
28425,28769.0,5.604
28426,28770.0,5.024
28427,28771.0,4.813
28428,28772.0,6.39
28429,28773.0,5.096
28430,28774.0,4.853
28431,28775.0,6.872
28432,28776.0,5.096
28433,28777.0,4.301
28434,28778.0,4.709
28435,28779.0,4.782
28436,28780.0,5.345
28437,28781.0,5.064
28438,28782.0,5.088
28439,28783.0,5.096
28440,28784.0,4.991
28441,28785.0,4.853
28442,28786.0,5.04
28443,28787.0,5.032
28444,28788.0,5.096
28445,28789.0,5.371
28446,28790.0,7.165
28447,28791.0,7.314
28448,28792.0,5.249
28449,28793.0,5.354
28450,28794.0,5.886
28451,28795.0,7.194
28452,28796.0,6.451
28453,28797.0,5.064
28454,28798.0,6.722
28455,28799.0,7.234
28456,28800.0,5.42
28457,28801.0,4.975
28458,28802.0,7.085
28459,28803.0,7.274
28460,28804.0,5.307
28461,28805.0,4.78
28462,28806.0,4.911
28463,28807.0,4.739
28464,28808.0,4.983
28465,28809.0,4.813
28466,28810.0,7.234
28467,28811.0,5.185
28468,28812.0,5.088
28469,28813.0,6.491
28470,28814.0,4.909
28471,28815.0,6.4
28472,28816.0,5.622
28473,28817.0,4.828
28474,28818.0,6.964
28475,28819.0,5.185
28476,28820.0,4.82
28477,28821.0,7.314
28478,28822.0,5.072
28479,28823.0,4.706
28480,28824.0,6.4
28481,28825.0,5.626
28482,28826.0,5.024
28483,28827.0,4.878
28484,28828.0,6.511
28485,28829.0,5.128
28486,28830.0,4.846
28487,28831.0,6.913
28488,28832.0,5.056
28489,28833.0,4.341
28490,28835.0,4.79
28491,28836.0,4.863
28492,28837.0,5.305
28493,28838.0,4.983
28494,28839.0,4.942
28495,28840.0,4.982
28496,28841.0,4.983
28497,28842.0,5.532
28498,28843.0,4.991
28499,28844.0,4.926
28500,28845.0,4.975
28501,28846.0,6.048
28502,28847.0,7.194
28503,28848.0,7.165
28504,28849.0,5.16
28505,28850.0,5.12
28506,28851.0,6.4
28507,28852.0,7.194
28508,28853.0,5.855
28509,28854.0,4.909
28510,28855.0,6.924
28511,28856.0,7.274
28512,28857.0,5.226
28513,28858.0,5.532
28514,28859.0,7.154
28515,28860.0,6.924
28516,28861.0,5.104
28517,28862.0,4.747
28518,28863.0,4.943
28519,28864.0,4.82
28520,28865.0,5.184
28521,28866.0,4.846
28522,28867.0,6.924
28523,28868.0,4.99
28524,28869.0,6.007
28525,28870.0,5.896
28526,28871.0,4.828
28527,28872.0,6.803
28528,28873.0,5.266
28529,28874.0,4.828
28530,28875.0,7.246
28531,28876.0,5.185
28532,28877.0,4.886
28533,28878.0,6.612
28534,28879.0,4.95
28535,28880.0,4.666
28536,28881.0,6.843
28537,28882.0,5.29
28538,28883.0,5.024
28539,28884.0,4.813
28540,28885.0,6.872
28541,28886.0,5.096
28542,28887.0,4.878
28543,28888.0,6.279
28544,28889.0,4.975
28545,28890.0,4.219
28546,28891.0,4.75
28547,28892.0,4.782
28548,28893.0,5.345
28549,28894.0,4.983
28550,28895.0,5.015
28551,28896.0,4.982
28552,28897.0,4.983
28553,28898.0,5.572
28554,28899.0,5.04
28555,28900.0,4.926
28556,28901.0,5.015
28557,28902.0,5.967
28558,28903.0,7.234
28559,28904.0,7.234
28560,28905.0,5.201
28561,28906.0,5.16
28562,28907.0,6.36
28563,28908.0,7.194
28564,28909.0,5.936
28565,28910.0,4.942
28566,28911.0,6.883
28567,28912.0,7.234
28568,28913.0,5.185
28569,28914.0,5.451
28570,28915.0,7.125
28571,28916.0,7.004
28572,28917.0,5.104
28573,28919.0,4.787
28574,28920.0,4.943
28575,28921.0,4.861
28576,28922.0,5.104
28577,28923.0,4.846
28578,28924.0,7.004
28579,28925.0,4.99
28580,28926.0,5.927
28581,28927.0,5.896
28582,28928.0,4.828
28583,28929.0,6.763
28584,28930.0,5.307
28585,28931.0,4.787
28586,28932.0,7.165
28587,28933.0,5.226
28588,28934.0,4.846
28589,28935.0,6.693
28590,28936.0,4.95
28591,28937.0,4.706
28592,28938.0,6.803
28593,28939.0,5.313
28594,28940.0,5.024
28595,28941.0,4.846
28596,28942.0,6.832
28597,28943.0,5.096
28598,28944.0,4.886
28599,28945.0,6.32
28600,28946.0,4.934
28601,28947.0,4.219
28602,28948.0,4.603
28603,28949.0,4.823
28604,28950.0,4.823
28605,28951.0,5.064
28606,28952.0,4.853
28607,28953.0,5.541
28608,28954.0,4.999
28609,28955.0,4.926
28610,28956.0,4.982
28611,28957.0,4.983
28612,28958.0,5.492
28613,28959.0,4.82
28614,28960.0,6.924
28615,28961.0,7.274
28616,28962.0,5.42
28617,28963.0,5.064
28618,28964.0,4.934
28619,28965.0,7.044
28620,28966.0,7.274
28621,28967.0,5.42
28622,28968.0,6.048
28623,28969.0,7.234
28624,28970.0,6.249
28625,28971.0,5.015
28626,28972.0,6.803
28627,28973.0,7.274
28628,28974.0,5.307
28629,28975.0,4.861
28630,28976.0,4.919
28631,28977.0,4.846
28632,28978.0,4.951
28633,28979.0,4.853
28634,28980.0,6.722
28635,28981.0,5.339
28636,28982.0,4.787
28637,28983.0,7.205
28638,28984.0,5.226
28639,28985.0,4.846
28640,28986.0,6.733
28641,28987.0,4.95
28642,28988.0,6.128
28643,28989.0,5.703
28644,28990.0,4.828
28645,28991.0,6.883
28646,28992.0,5.185
28647,28993.0,4.706
28648,28994.0,5.007
28649,28995.0,6.511
28650,28996.0,5.072
28651,28997.0,4.886
28652,28998.0,5.072
28653,28999.0,5.492
28654,29000.0,4.861
28655,29002.0,6.159
28656,29003.0,5.177
28657,29004.0,4.463
28658,29005.0,4.717
28659,29006.0,4.782
28660,29007.0,5.385
28661,29008.0,5.024
28662,29009.0,5.015
28663,29010.0,5.217
28664,29011.0,4.991
28665,29012.0,4.853
28666,29013.0,5.048
28667,29014.0,4.943
28668,29015.0,5.258
28669,29016.0,5.056
28670,29017.0,7.085
28671,29018.0,7.274
28672,29019.0,5.298
28673,29020.0,5.024
28674,29021.0,5.402
28675,29022.0,7.154
28676,29023.0,7.073
28677,29024.0,5.145
28678,29025.0,6.561
28679,29026.0,7.234
28680,29027.0,5.662
28681,29028.0,4.909
28682,29029.0,7.004
28683,29030.0,7.274
28684,29031.0,5.541
28685,29032.0,4.787
28686,29033.0,4.911
28687,29034.0,4.739
28688,29035.0,4.991
28689,29036.0,4.739
28690,29037.0,7.125
28691,29038.0,5.104
28692,29039.0,4.894
28693,29040.0,7.085
28694,29041.0,5.023
28695,29042.0,5.886
28696,29043.0,5.936
28697,29044.0,4.828
28698,29045.0,6.763
28699,29046.0,5.307
28700,29047.0,4.82
28701,29048.0,7.154
28702,29049.0,5.226
28703,29050.0,4.706
28704,29051.0,6.048
28705,29052.0,5.846
28706,29053.0,5.072
28707,29054.0,4.846
28708,29055.0,6.068
28709,29056.0,5.209
28710,29057.0,4.82
28711,29058.0,6.712
28712,29059.0,5.015
28713,29060.0,4.341
28714,29061.0,4.603
28715,29062.0,4.823
28716,29063.0,4.823
28717,29064.0,5.104
28718,29065.0,4.886
28719,29066.0,5.451
28720,29067.0,4.999
28721,29068.0,4.959
28722,29069.0,5.015
28723,29070.0,5.024
28724,29071.0,5.532
28725,29072.0,4.82
28726,29073.0,6.883
28727,29074.0,7.274
28728,29075.0,5.541
28729,29076.0,5.072
28730,29077.0,4.861
28731,29078.0,7.004
28732,29079.0,7.274
28733,29080.0,5.5
28734,29081.0,5.846
28735,29082.0,7.154
28736,29083.0,6.491
28737,29085.0,5.064
28738,29086.0,6.722
28739,29087.0,7.274
28740,29088.0,5.42
28741,29089.0,4.861
28742,29090.0,4.919
28743,29091.0,4.846
28744,29092.0,4.959
28745,29093.0,4.853
28746,29094.0,6.561
28747,29095.0,5.42
28748,29096.0,4.747
28749,29097.0,7.125
28750,29098.0,5.112
28751,29099.0,4.886
28752,29100.0,7.085
28753,29101.0,5.023
28754,29102.0,5.846
28755,29103.0,5.976
28756,29104.0,4.828
28757,29105.0,6.722
28758,29106.0,5.347
28759,29107.0,4.787
28760,29108.0,4.853
28761,29109.0,6.953
28762,29110.0,5.08
28763,29111.0,4.991
28764,29112.0,4.911
28765,29113.0,5.725
28766,29114.0,4.853
28767,29115.0,5.796
28768,29116.0,5.29
28769,29117.0,4.618
28770,29118.0,4.456
28771,29119.0,4.83
28772,29120.0,4.823
28773,29121.0,5.104
28774,29122.0,4.919
28775,29123.0,4.853
28776,29124.0,5.007
28777,29125.0,4.991
28778,29126.0,5.096
28779,29127.0,4.951
28780,29128.0,4.813
28781,29129.0,4.82
28782,29130.0,6.763
28783,29131.0,7.274
28784,29132.0,5.784
28785,29133.0,5.032
28786,29134.0,4.894
28787,29135.0,6.883
28788,29136.0,7.274
28789,29137.0,5.185
28790,29138.0,5.371
28791,29139.0,7.125
28792,29140.0,7.154
28793,29141.0,5.145
28794,29142.0,6.521
28795,29143.0,7.234
28796,29144.0,5.734
28797,29145.0,4.909
28798,29146.0,4.926
28799,29147.0,4.878
28800,29148.0,4.919
28801,29149.0,4.894
28802,29150.0,6.199
28803,29151.0,5.703
28804,29152.0,4.828
28805,29153.0,6.883
28806,29154.0,5.226
28807,29155.0,4.82
28808,29156.0,7.274
28809,29157.0,5.112
28810,29158.0,5.241
28811,29159.0,6.34
28812,29160.0,4.909
28813,29161.0,6.4
28814,29162.0,5.581
28815,29163.0,4.787
28816,29164.0,4.813
28817,29165.0,7.274
28818,29166.0,5.152
28819,29167.0,4.999
28820,29168.0,4.919
28821,29169.0,5.967
28822,29171.0,4.934
28823,29172.0,5.233
28824,29173.0,5.492
28825,29174.0,4.658
28826,29175.0,4.603
28827,29176.0,4.823
28828,29177.0,4.863
28829,29178.0,5.064
28830,29179.0,4.926
28831,29180.0,5.532
28832,29181.0,5.04
28833,29182.0,4.959
28834,29183.0,5.056
28835,29184.0,4.943
28836,29185.0,5.653
28837,29186.0,4.82
28838,29187.0,6.924
28839,29188.0,7.274
28840,29189.0,5.541
28841,29190.0,5.072
28842,29191.0,4.934
28843,29192.0,7.044
28844,29193.0,7.274
28845,29194.0,5.46
28846,29195.0,5.886
28847,29196.0,7.205
28848,29197.0,6.491
28849,29198.0,5.023
28850,29199.0,6.722
28851,29200.0,7.234
28852,29201.0,5.428
28853,29202.0,4.869
28854,29203.0,4.919
28855,29204.0,4.805
28856,29205.0,4.951
28857,29206.0,4.861
28858,29207.0,6.601
28859,29208.0,5.428
28860,29209.0,4.747
28861,29210.0,7.125
28862,29211.0,5.112
28863,29212.0,4.853
28864,29213.0,7.085
28865,29214.0,4.99
28866,29215.0,5.846
28867,29216.0,5.945
28868,29217.0,4.828
28869,29218.0,6.722
28870,29219.0,5.307
28871,29220.0,4.747
28872,29221.0,4.853
28873,29222.0,6.872
28874,29223.0,5.08
28875,29224.0,4.959
28876,29225.0,4.911
28877,29226.0,5.694
28878,29227.0,4.853
28879,29228.0,5.796
28880,29229.0,5.298
28881,29230.0,4.537
28882,29231.0,4.677
28883,29232.0,4.823
28884,29233.0,4.823
28885,29234.0,5.064
28886,29235.0,4.853
28887,29236.0,5.42
28888,29237.0,4.991
28889,29238.0,4.919
28890,29239.0,5.096
28891,29240.0,4.983
28892,29241.0,5.379
28893,29242.0,4.813
28894,29243.0,7.044
28895,29244.0,7.314
28896,29245.0,5.266
28897,29246.0,5.072
28898,29247.0,4.926
28899,29248.0,7.125
28900,29249.0,7.274
28901,29250.0,5.298
28902,29251.0,6.33
28903,29252.0,7.234
28904,29253.0,5.896
28905,29255.0,4.982
28906,29256.0,6.883
28907,29257.0,7.274
28908,29258.0,5.185
28909,29259.0,4.82
28910,29260.0,4.911
28911,29261.0,4.813
28912,29262.0,4.951
28913,29263.0,4.78
28914,29264.0,6.924
28915,29265.0,5.185
28916,29266.0,4.82
28917,29267.0,7.274
28918,29268.0,5.104
28919,29269.0,5.322
28920,29270.0,6.299
28921,29271.0,4.869
28922,29272.0,6.44
28923,29273.0,5.509
28924,29274.0,4.787
28925,29275.0,7.004
28926,29276.0,5.104
28927,29277.0,4.706
28928,29278.0,5.483
28929,29279.0,6.168
28930,29280.0,5.064
28931,29281.0,4.878
28932,29282.0,5.555
28933,29283.0,5.379
28934,29284.0,4.82
28935,29285.0,6.4
28936,29286.0,5.096
28937,29287.0,4.382
28938,29288.0,4.919
28939,29289.0,4.823
28940,29290.0,4.823
28941,29291.0,5.064
28942,29292.0,4.886
28943,29293.0,5.5
28944,29294.0,4.999
28945,29295.0,4.959
28946,29296.0,5.015
28947,29297.0,4.951
28948,29298.0,5.572
28949,29299.0,4.82
28950,29300.0,6.883
28951,29301.0,7.234
28952,29302.0,5.541
28953,29303.0,5.032
28954,29304.0,4.894
28955,29305.0,7.004
28956,29306.0,7.274
28957,29307.0,5.46
28958,29308.0,5.927
28959,29309.0,7.205
28960,29310.0,6.451
28961,29311.0,5.023
28962,29312.0,6.803
28963,29313.0,7.314
28964,29314.0,5.46
28965,29315.0,4.828
28966,29316.0,4.919
28967,29317.0,4.805
28968,29318.0,4.951
28969,29319.0,4.82
28970,29320.0,6.642
28971,29321.0,5.388
28972,29322.0,4.787
28973,29323.0,7.125
28974,29324.0,5.217
28975,29325.0,4.853
28976,29326.0,7.004
28977,29327.0,4.99
28978,29328.0,5.886
28979,29329.0,5.905
28980,29330.0,4.828
28981,29331.0,6.722
28982,29332.0,5.307
28983,29333.0,4.747
28984,29334.0,4.846
28985,29335.0,6.803
28986,29336.0,5.08
28987,29337.0,4.926
28988,29339.0,4.911
28989,29340.0,5.653
28990,29341.0,4.861
28991,29342.0,5.837
28992,29343.0,5.258
28993,29344.0,4.577
28994,29345.0,4.644
28995,29346.0,4.782
28996,29347.0,4.823
28997,29348.0,5.024
28998,29349.0,4.853
28999,29350.0,5.5
29000,29351.0,4.999
29001,29352.0,4.926
29002,29353.0,4.982
29003,29354.0,4.983
29004,29355.0,5.572
29005,29356.0,4.853
29006,29357.0,6.883
29007,29358.0,7.274
29008,29359.0,5.5
29009,29360.0,5.072
29010,29361.0,4.861
29011,29362.0,6.964
29012,29363.0,7.234
29013,29364.0,5.298
29014,29365.0,5.572
29015,29366.0,7.125
29016,29367.0,6.924
29017,29368.0,5.145
29018,29369.0,6.481
29019,29370.0,7.234
29020,29371.0,5.662
29021,29372.0,4.901
29022,29373.0,4.886
29023,29374.0,4.919
29024,29375.0,4.919
29025,29376.0,4.967
29026,29377.0,5.967
29027,29378.0,5.896
29028,29379.0,4.828
29029,29380.0,6.722
29030,29381.0,5.347
29031,29382.0,4.828
29032,29383.0,7.125
29033,29384.0,5.145
29034,29385.0,4.853
29035,29386.0,7.165
29036,29387.0,5.031
29037,29388.0,5.685
29038,29389.0,6.057
29039,29390.0,4.901
29040,29391.0,4.666
29041,29392.0,7.085
29042,29393.0,5.201
29043,29394.0,5.024
29044,29395.0,4.886
29045,29396.0,6.872
29046,29397.0,5.015
29047,29398.0,4.878
29048,29399.0,6.007
29049,29400.0,4.861
29050,29401.0,4.179
29051,29402.0,4.75
29052,29403.0,4.782
29053,29404.0,5.233
29054,29405.0,5.024
29055,29406.0,4.901
29056,29407.0,4.982
29057,29408.0,4.943
29058,29409.0,5.411
29059,29410.0,4.991
29060,29411.0,4.926
29061,29412.0,4.942
29062,29413.0,6.249
29063,29414.0,7.234
29064,29415.0,6.803
29065,29416.0,5.12
29066,29417.0,5.088
29067,29418.0,6.521
29068,29420.0,7.234
29069,29421.0,5.622
29070,29422.0,4.901
29071,29423.0,6.964
29072,29424.0,7.274
29073,29425.0,5.5
29074,29426.0,5.846
29075,29427.0,7.154
29076,29428.0,6.531
29077,29429.0,5.023
29078,29430.0,4.934
29079,29431.0,4.903
29080,29432.0,4.886
29081,29433.0,5.112
29082,29434.0,4.999
29083,29435.0,6.572
29084,29436.0,4.95
29085,29437.0,6.249
29086,29438.0,5.662
29087,29439.0,4.787
29088,29440.0,6.964
29089,29441.0,5.185
29090,29442.0,4.853
29091,29443.0,7.274
29092,29444.0,5.145
29093,29445.0,5.322
29094,29446.0,6.33
29095,29447.0,4.869
29096,29448.0,4.706
29097,29449.0,6.964
29098,29450.0,5.241
29099,29451.0,4.983
29100,29452.0,4.926
29101,29453.0,6.913
29102,29454.0,5.056
29103,29455.0,4.919
29104,29456.0,6.088
29105,29457.0,4.894
29106,29458.0,4.456
29107,29459.0,4.79
29108,29460.0,4.782
29109,29461.0,5.144
29110,29462.0,4.991
29111,29463.0,4.894
29112,29464.0,5.048
29113,29465.0,4.943
29114,29466.0,5.217
29115,29467.0,4.991
29116,29468.0,4.853
29117,29469.0,4.861
29118,29470.0,6.531
29119,29471.0,7.274
29120,29472.0,6.178
29121,29473.0,5.072
29122,29474.0,4.975
29123,29475.0,6.722
29124,29476.0,7.234
29125,29477.0,5.388
29126,29478.0,4.975
29127,29479.0,7.085
29128,29480.0,7.274
29129,29481.0,5.307
29130,29482.0,6.209
29131,29483.0,7.194
29132,29484.0,6.057
29133,29485.0,4.982
29134,29486.0,4.894
29135,29487.0,4.951
29136,29488.0,4.886
29137,29489.0,5.007
29138,29490.0,5.685
29139,29491.0,6.057
29140,29492.0,4.869
29141,29493.0,6.642
29142,29494.0,5.388
29143,29495.0,4.787
29144,29496.0,7.125
29145,29497.0,5.226
29146,29498.0,4.853
29147,29499.0,6.964
29148,29500.0,4.99
29149,29501.0,5.967
29150,29502.0,5.864
29151,29504.0,4.869
29152,29505.0,4.706
29153,29506.0,7.205
29154,29507.0,5.169
29155,29508.0,5.144
29156,29509.0,4.878
29157,29510.0,6.44
29158,29511.0,4.982
29159,29512.0,4.959
29160,29513.0,5.734
29161,29514.0,4.934
29162,29515.0,4.684
29163,29516.0,4.823
29164,29517.0,4.823
29165,29518.0,5.024
29166,29519.0,4.853
29167,29520.0,5.42
29168,29521.0,4.991
29169,29522.0,4.886
29170,29523.0,5.023
29171,29524.0,4.943
29172,29525.0,5.42
29173,29526.0,4.78
29174,29527.0,7.004
29175,29528.0,7.274
29176,29529.0,5.307
29177,29530.0,5.024
29178,29531.0,4.967
29179,29532.0,7.085
29180,29533.0,7.274
29181,29534.0,5.266
29182,29535.0,6.249
29183,29536.0,7.234
29184,29537.0,6.017
29185,29538.0,4.95
29186,29539.0,6.843
29187,29540.0,7.234
29188,29541.0,5.226
29189,29542.0,4.787
29190,29543.0,4.911
29191,29544.0,4.772
29192,29545.0,4.951
29193,29546.0,4.78
29194,29547.0,6.924
29195,29548.0,5.185
29196,29549.0,4.82
29197,29550.0,7.274
29198,29551.0,5.145
29199,29552.0,5.209
29200,29553.0,6.41
29201,29554.0,4.909
29202,29555.0,6.36
29203,29556.0,5.581
29204,29557.0,4.787
29205,29558.0,6.964
29206,29559.0,5.185
29207,29560.0,4.706
29208,29561.0,5.33
29209,29562.0,6.289
29210,29563.0,5.072
29211,29564.0,4.886
29212,29565.0,5.394
29213,29566.0,5.42
29214,29567.0,4.861
29215,29568.0,6.279
29216,29569.0,5.169
29217,29570.0,4.422
29218,29571.0,4.79
29219,29572.0,4.782
29220,29573.0,5.305
29221,29574.0,4.983
29222,29575.0,5.048
29223,29576.0,5.023
29224,29577.0,4.991
29225,29578.0,5.096
29226,29579.0,4.999
29227,29580.0,4.959
29228,29581.0,5.015
29229,29582.0,5.694
29230,29583.0,7.165
29231,29584.0,7.314
29232,29585.0,5.169
29233,29587.0,5.233
29234,29588.0,6.128
29235,29589.0,7.194
29236,29590.0,6.138
29237,29591.0,4.982
29238,29592.0,6.843
29239,29593.0,7.274
29240,29594.0,5.266
29241,29595.0,5.088
29242,29596.0,7.085
29243,29597.0,7.274
29244,29598.0,5.185
29245,29599.0,4.787
29246,29600.0,4.911
29247,29601.0,4.699
29248,29602.0,4.943
29249,29603.0,4.853
29250,29604.0,7.314
29251,29605.0,5.064
29252,29606.0,5.564
29253,29607.0,6.138
29254,29608.0,4.869
29255,29609.0,6.561
29256,29610.0,5.428
29257,29611.0,4.787
29258,29612.0,7.085
29259,29613.0,5.104
29260,29614.0,4.853
29261,29615.0,7.125
29262,29616.0,4.99
29263,29617.0,4.706
29264,29618.0,6.601
29265,29619.0,5.492
29266,29620.0,5.032
29267,29621.0,4.813
29268,29622.0,6.631
29269,29623.0,5.056
29270,29624.0,4.846
29271,29625.0,6.752
29272,29626.0,4.982
29273,29627.0,4.341
29274,29628.0,4.79
29275,29629.0,4.823
29276,29630.0,5.224
29277,29631.0,5.112
29278,29632.0,4.894
29279,29633.0,5.088
29280,29634.0,4.943
29281,29635.0,5.371
29282,29636.0,4.991
29283,29637.0,4.926
29284,29638.0,4.901
29285,29639.0,6.41
29286,29640.0,7.234
29287,29641.0,6.531
29288,29642.0,5.12
29289,29643.0,5.007
29290,29644.0,6.642
29291,29645.0,7.234
29292,29646.0,5.5
29293,29647.0,4.942
29294,29648.0,7.004
29295,29649.0,7.274
29296,29650.0,5.428
29297,29651.0,6.007
29298,29652.0,7.154
29299,29653.0,6.33
29300,29654.0,4.982
29301,29655.0,4.901
29302,29656.0,4.903
29303,29657.0,4.886
29304,29658.0,5.04
29305,29659.0,5.281
29306,29660.0,6.34
29307,29661.0,4.909
29308,29662.0,6.4
29309,29663.0,5.541
29310,29664.0,4.787
29311,29665.0,7.004
29312,29666.0,5.145
29313,29667.0,4.853
29314,29668.0,7.314
29315,29669.0,5.072
29316,29671.0,5.604
29317,29672.0,6.138
29318,29673.0,4.869
29319,29674.0,4.666
29320,29675.0,7.085
29321,29676.0,5.193
29322,29677.0,5.024
29323,29678.0,4.846
29324,29679.0,6.752
29325,29680.0,4.982
29326,29681.0,4.919
29327,29682.0,5.927
29328,29683.0,4.901
29329,29684.0,4.422
29330,29685.0,4.83
29331,29686.0,4.782
29332,29687.0,5.184
29333,29688.0,4.959
29334,29689.0,4.894
29335,29690.0,5.048
29336,29691.0,5.104
29337,29692.0,5.177
29338,29693.0,4.991
29339,29694.0,4.853
29340,29695.0,4.894
29341,29696.0,6.601
29342,29697.0,7.274
29343,29698.0,6.057
29344,29699.0,5.112
29345,29700.0,4.975
29346,29701.0,6.803
29347,29702.0,7.234
29348,29703.0,5.379
29349,29704.0,4.934
29350,29705.0,7.125
29351,29706.0,7.274
29352,29707.0,5.266
29353,29708.0,6.33
29354,29709.0,7.194
29355,29710.0,5.936
29356,29711.0,4.942
29357,29712.0,4.886
29358,29713.0,4.911
29359,29714.0,4.878
29360,29715.0,4.926
29361,29716.0,5.886
29362,29717.0,5.936
29363,29718.0,4.828
29364,29719.0,6.722
29365,29720.0,5.347
29366,29721.0,4.787
29367,29722.0,7.165
29368,29723.0,5.226
29369,29724.0,4.886
29370,29725.0,6.733
29371,29726.0,4.95
29372,29727.0,6.128
29373,29728.0,5.743
29374,29729.0,4.787
29375,29730.0,4.78
29376,29731.0,7.234
29377,29732.0,5.169
29378,29733.0,5.064
29379,29734.0,4.919
29380,29735.0,6.239
29381,29736.0,4.942
29382,29737.0,4.911
29383,29738.0,5.613
29384,29739.0,4.78
29385,29740.0,4.651
29386,29741.0,4.782
29387,29742.0,4.823
29388,29743.0,5.064
29389,29744.0,4.919
29390,29745.0,5.46
29391,29746.0,5.04
29392,29747.0,4.959
29393,29748.0,5.015
29394,29749.0,4.943
29395,29750.0,5.572
29396,29751.0,4.82
29397,29752.0,6.924
29398,29754.0,7.274
29399,29755.0,5.572
29400,29756.0,5.032
29401,29757.0,4.894
29402,29758.0,7.004
29403,29759.0,7.274
29404,29760.0,5.5
29405,29761.0,5.846
29406,29762.0,7.154
29407,29763.0,6.561
29408,29764.0,5.023
29409,29765.0,6.722
29410,29766.0,7.274
29411,29767.0,5.46
29412,29768.0,4.861
29413,29769.0,4.919
29414,29770.0,4.846
29415,29771.0,4.959
29416,29772.0,4.853
29417,29773.0,6.561
29418,29774.0,5.428
29419,29775.0,4.747
29420,29776.0,7.125
29421,29777.0,5.104
29422,29778.0,4.853
29423,29779.0,7.085
29424,29780.0,4.99
29425,29781.0,5.846
29426,29782.0,5.945
29427,29783.0,4.828
29428,29784.0,6.722
29429,29785.0,5.347
29430,29786.0,4.747
29431,29787.0,4.846
29432,29788.0,6.913
29433,29789.0,5.072
29434,29790.0,4.959
29435,29791.0,4.911
29436,29792.0,5.653
29437,29793.0,4.886
29438,29794.0,5.787
29439,29795.0,5.29
29440,29796.0,4.537
29441,29797.0,4.537
29442,29798.0,4.823
29443,29799.0,4.823
29444,29800.0,5.104
29445,29801.0,4.919
29446,29802.0,4.894
29447,29803.0,4.999
29448,29804.0,5.032
29449,29805.0,5.096
29450,29806.0,4.983
29451,29807.0,4.975
29452,29808.0,4.853
29453,29809.0,6.763
29454,29810.0,7.274
29455,29811.0,5.703
29456,29812.0,5.072
29457,29813.0,4.894
29458,29814.0,7.004
29459,29815.0,7.314
29460,29816.0,5.339
29461,29817.0,5.604
29462,29818.0,7.194
29463,29819.0,6.843
29464,29820.0,5.136
29465,29821.0,6.601
29466,29822.0,7.274
29467,29823.0,5.581
29468,29824.0,4.901
29469,29825.0,4.919
29470,29826.0,4.846
29471,29827.0,4.919
29472,29828.0,4.894
29473,29829.0,6.36
29474,29830.0,5.581
29475,29831.0,4.828
29476,29832.0,7.004
29477,29833.0,5.145
29478,29834.0,4.853
29479,29835.0,7.314
29480,29837.0,5.064
29481,29838.0,5.483
29482,29839.0,6.178
29483,29840.0,4.869
29484,29841.0,6.521
29485,29842.0,5.46
29486,29843.0,4.747
29487,29844.0,4.813
29488,29845.0,7.234
29489,29846.0,5.112
29490,29847.0,4.991
29491,29848.0,4.911
29492,29849.0,5.855
29493,29850.0,4.894
29494,29851.0,5.394
29495,29852.0,5.411
29496,29853.0,4.577
29497,29854.0,4.644
29498,29855.0,4.782
29499,29856.0,4.823
29500,29857.0,5.064
29501,29858.0,4.886
29502,29859.0,5.581
29503,29860.0,5.04
29504,29861.0,4.926
29505,29862.0,5.015
29506,29863.0,4.943
29507,29864.0,5.572
29508,29865.0,4.82
29509,29866.0,6.924
29510,29867.0,7.274
29511,29868.0,5.46
29512,29869.0,5.032
29513,29870.0,4.975
29514,29871.0,7.004
29515,29872.0,7.274
29516,29873.0,5.428
29517,29874.0,6.007
29518,29875.0,7.194
29519,29876.0,6.37
29520,29877.0,5.023
29521,29878.0,6.803
29522,29879.0,7.234
29523,29880.0,5.379
29524,29881.0,4.828
29525,29882.0,4.959
29526,29883.0,4.813
29527,29884.0,4.951
29528,29885.0,4.82
29529,29886.0,6.682
29530,29887.0,5.347
29531,29888.0,4.747
29532,29889.0,7.165
29533,29890.0,5.226
29534,29891.0,4.886
29535,29892.0,6.773
29536,29893.0,4.95
29537,29894.0,6.088
29538,29895.0,5.784
29539,29896.0,4.828
29540,29897.0,6.843
29541,29898.0,5.266
29542,29899.0,4.747
29543,29900.0,4.886
29544,29901.0,6.601
29545,29902.0,5.072
29546,29903.0,4.919
29547,29904.0,4.951
29548,29905.0,5.532
29549,29906.0,4.861
29550,29907.0,6.078
29551,29908.0,5.217
29552,29909.0,4.496
29553,29910.0,4.456
29554,29911.0,4.823
29555,29912.0,4.823
29556,29913.0,5.144
29557,29914.0,4.919
29558,29915.0,4.853
29559,29916.0,5.048
29560,29917.0,5.072
29561,29918.0,5.096
29562,29920.0,4.983
29563,29921.0,4.853
29564,29922.0,4.894
29565,29923.0,6.722
29566,29924.0,7.274
29567,29925.0,5.815
29568,29926.0,5.072
29569,29927.0,4.894
29570,29928.0,6.924
29571,29929.0,7.274
29572,29930.0,5.217
29573,29931.0,5.411
29574,29932.0,7.165
29575,29933.0,7.044
29576,29934.0,5.177
29577,29935.0,6.521
29578,29936.0,7.234
29579,29937.0,5.662
29580,29938.0,4.901
29581,29939.0,4.926
29582,29940.0,4.911
29583,29941.0,4.919
29584,29942.0,4.926
29585,29943.0,6.239
29586,29944.0,5.694
29587,29945.0,4.787
29588,29946.0,6.924
29589,29947.0,5.185
29590,29948.0,4.82
29591,29949.0,7.274
29592,29950.0,5.104
29593,29951.0,5.281
29594,29952.0,6.33
29595,29953.0,4.909
29596,29954.0,6.4
29597,29955.0,5.5
29598,29956.0,4.747
29599,29957.0,4.813
29600,29958.0,7.234
29601,29959.0,5.152
29602,29960.0,4.991
29603,29961.0,4.911
29604,29962.0,5.896
29605,29963.0,4.901
29606,29964.0,5.273
29607,29965.0,5.42
29608,29966.0,4.618
29609,29967.0,4.53
29610,29968.0,4.79
29611,29969.0,4.782
29612,29970.0,5.064
29613,29971.0,4.926
29614,29972.0,5.064
29615,29973.0,4.999
29616,29974.0,4.959
29617,29975.0,5.056
29618,29976.0,4.951
29619,29977.0,5.128
29620,29978.0,4.82
29621,29979.0,6.843
29622,29980.0,7.274
29623,29981.0,5.622
29624,29982.0,5.072
29625,29983.0,4.894
29626,29984.0,7.004
29627,29985.0,7.355
29628,29986.0,5.347
29629,29987.0,5.694
29630,29988.0,7.154
29631,29989.0,6.722
29632,29990.0,5.064
29633,29991.0,6.642
29634,29992.0,7.234
29635,29993.0,5.581
29636,29994.0,4.869
29637,29995.0,4.919
29638,29996.0,4.805
29639,29997.0,4.959
29640,29998.0,4.853
29641,29999.0,6.521
29642,30001.0,5.5
29643,30002.0,4.82
29644,30003.0,7.044
29645,30004.0,5.145
29646,30005.0,4.853
29647,30006.0,7.314
29648,30007.0,5.031
29649,30008.0,5.644
29650,30009.0,6.097
29651,30010.0,4.869
29652,30011.0,6.601
29653,30012.0,5.388
29654,30013.0,4.787
29655,30014.0,4.853
29656,30015.0,7.073
29657,30016.0,5.08
29658,30017.0,4.983
29659,30018.0,4.911
29660,30019.0,5.765
29661,30020.0,4.894
29662,30021.0,5.635
29663,30022.0,5.33
29664,30023.0,4.577
29665,30024.0,4.677
29666,30025.0,4.823
29667,30026.0,4.782
29668,30027.0,5.064
29669,30028.0,4.853
29670,30029.0,5.371
29671,30030.0,4.991
29672,30031.0,4.886
29673,30032.0,5.056
29674,30033.0,4.983
29675,30034.0,5.33
29676,30035.0,4.813
29677,30036.0,7.044
29678,30037.0,7.314
29679,30038.0,5.226
29680,30039.0,5.072
29681,30040.0,4.967
29682,30041.0,7.125
29683,30042.0,7.274
29684,30043.0,5.258
29685,30044.0,6.37
29686,30045.0,7.234
29687,30046.0,5.855
29688,30047.0,5.015
29689,30048.0,6.924
29690,30049.0,7.274
29691,30050.0,5.185
29692,30051.0,4.82
29693,30052.0,4.911
29694,30053.0,4.813
29695,30054.0,4.951
29696,30055.0,4.82
29697,30056.0,6.964
29698,30057.0,5.185
29699,30058.0,4.853
29700,30059.0,7.355
29701,30060.0,5.072
29702,30061.0,5.523
29703,30062.0,6.178
29704,30063.0,4.901
29705,30064.0,6.521
29706,30065.0,5.46
29707,30066.0,4.747
29708,30067.0,7.085
29709,30068.0,5.064
29710,30069.0,4.706
29711,30070.0,5.604
29712,30071.0,6.118
29713,30072.0,5.064
29714,30073.0,4.846
29715,30074.0,5.676
29716,30075.0,5.339
29717,30076.0,4.853
29718,30077.0,6.47
29719,30078.0,5.136
29720,30079.0,4.422
29721,30080.0,4.79
29722,30081.0,4.782
29723,30082.0,5.313
29724,30084.0,4.983
29725,30085.0,4.975
29726,30086.0,4.982
29727,30087.0,4.991
29728,30088.0,5.532
29729,30089.0,4.991
29730,30090.0,4.926
29731,30091.0,4.982
29732,30092.0,6.048
29733,30093.0,7.194
29734,30094.0,7.125
29735,30095.0,5.16
29736,30096.0,5.12
29737,30097.0,6.4
29738,30098.0,7.234
29739,30099.0,5.855
29740,30100.0,4.901
29741,30101.0,6.924
29742,30102.0,7.274
29743,30103.0,5.226
29744,30104.0,5.492
29745,30105.0,7.165
29746,30106.0,6.924
29747,30107.0,5.136
29748,30108.0,4.747
29749,30109.0,4.943
29750,30110.0,4.82
29751,30111.0,5.224
29752,30112.0,4.846
29753,30113.0,6.964
29754,30114.0,4.99
29755,30115.0,5.967
29756,30116.0,5.824
29757,30117.0,4.861
29758,30118.0,6.763
29759,30119.0,5.298
29760,30120.0,4.787
29761,30121.0,7.246
29762,30122.0,5.185
29763,30123.0,4.886
29764,30124.0,6.612
29765,30125.0,4.95
29766,30126.0,4.673
29767,30127.0,6.843
29768,30128.0,5.29
29769,30129.0,4.983
29770,30130.0,4.846
29771,30131.0,6.872
29772,30132.0,5.096
29773,30133.0,4.886
29774,30134.0,6.32
29775,30135.0,4.942
29776,30136.0,4.382
29777,30137.0,4.79
29778,30138.0,4.823
29779,30139.0,5.184
29780,30140.0,5.072
29781,30141.0,4.901
29782,30142.0,5.096
29783,30143.0,4.943
29784,30144.0,5.29
29785,30145.0,4.991
29786,30146.0,4.886
29787,30147.0,4.901
29788,30148.0,6.44
29789,30149.0,7.234
29790,30150.0,6.41
29791,30151.0,5.12
29792,30152.0,5.015
29793,30153.0,6.682
29794,30154.0,7.234
29795,30155.0,5.5
29796,30156.0,4.975
29797,30157.0,7.044
29798,30158.0,7.274
29799,30159.0,5.42
29800,30160.0,6.128
29801,30161.0,7.194
29802,30162.0,6.219
29803,30163.0,4.99
29804,30164.0,4.934
29805,30165.0,4.903
29806,30167.0,4.886
29807,30168.0,5.04
29808,30169.0,5.443
29809,30170.0,6.219
29810,30171.0,4.901
29811,30172.0,6.481
29812,30173.0,5.5
29813,30174.0,4.787
29814,30175.0,7.085
29815,30176.0,5.104
29816,30177.0,4.894
29817,30178.0,7.274
29818,30179.0,5.064
29819,30180.0,5.685
29820,30181.0,6.057
29821,30182.0,4.828
29822,30183.0,4.706
29823,30184.0,7.085
29824,30185.0,5.201
29825,30186.0,4.983
29826,30187.0,4.886
29827,30188.0,6.642
29828,30189.0,4.982
29829,30190.0,4.919
29830,30191.0,5.855
29831,30192.0,4.853
29832,30193.0,4.611
29833,30194.0,4.79
29834,30195.0,4.823
29835,30196.0,5.064
29836,30197.0,4.926
29837,30198.0,5.136
29838,30199.0,4.999
29839,30200.0,4.959
29840,30201.0,5.023
29841,30202.0,4.943
29842,30203.0,5.177
29843,30204.0,4.82
29844,30205.0,6.843
29845,30206.0,7.274
29846,30207.0,5.622
29847,30208.0,5.072
29848,30209.0,4.901
29849,30210.0,6.964
29850,30211.0,7.274
29851,30212.0,5.46
29852,30213.0,5.694
29853,30214.0,7.154
29854,30215.0,6.682
29855,30216.0,5.064
29856,30217.0,6.642
29857,30218.0,7.234
29858,30219.0,5.5
29859,30220.0,4.861
29860,30221.0,4.919
29861,30222.0,4.846
29862,30223.0,4.919
29863,30224.0,4.853
29864,30225.0,6.44
29865,30226.0,5.541
29866,30227.0,4.787
29867,30228.0,7.044
29868,30229.0,5.104
29869,30230.0,4.894
29870,30231.0,7.274
29871,30232.0,5.064
29872,30233.0,5.644
29873,30234.0,6.097
29874,30235.0,4.869
29875,30236.0,6.601
29876,30237.0,5.388
29877,30238.0,4.787
29878,30239.0,4.813
29879,30240.0,7.154
29880,30241.0,5.12
29881,30242.0,4.991
29882,30243.0,4.911
29883,30244.0,5.837
29884,30245.0,4.894
29885,30246.0,5.595
29886,30247.0,5.371
29887,30248.0,4.618
29888,30249.0,4.53
29889,30250.0,4.782
29890,30251.0,4.823
29891,30252.0,5.104
29892,30254.0,4.926
29893,30255.0,4.861
29894,30256.0,5.007
29895,30257.0,5.032
29896,30258.0,5.096
29897,30259.0,4.991
29898,30260.0,4.886
29899,30261.0,4.853
29900,30262.0,6.763
29901,30263.0,7.234
29902,30264.0,5.743
29903,30265.0,5.072
29904,30266.0,4.894
29905,30267.0,6.924
29906,30268.0,7.274
29907,30269.0,5.185
29908,30270.0,5.492
29909,30271.0,7.125
29910,30272.0,7.004
29911,30273.0,5.104
29912,30274.0,6.561
29913,30275.0,7.234
29914,30276.0,5.662
29915,30277.0,4.901
29916,30278.0,4.919
29917,30279.0,4.838
29918,30280.0,4.959
29919,30281.0,4.894
29920,30282.0,6.279
29921,30283.0,5.622
29922,30284.0,4.787
29923,30285.0,6.964
29924,30286.0,5.185
29925,30287.0,4.82
29926,30288.0,7.274
29927,30289.0,5.064
29928,30290.0,5.402
29929,30291.0,6.219
29930,30292.0,4.909
29931,30293.0,6.481
29932,30294.0,5.5
29933,30295.0,4.747
29934,30296.0,4.813
29935,30297.0,7.234
29936,30298.0,5.12
29937,30299.0,4.959
29938,30300.0,4.911
29939,30301.0,5.855
29940,30302.0,4.894
29941,30303.0,5.354
29942,30304.0,5.451
29943,30305.0,4.618
29944,30306.0,4.684
29945,30307.0,4.782
29946,30308.0,4.823
29947,30309.0,5.024
29948,30310.0,4.886
29949,30311.0,5.541
29950,30312.0,5.032
29951,30313.0,4.886
29952,30314.0,4.982
29953,30315.0,4.943
29954,30316.0,5.451
29955,30317.0,4.82
29956,30318.0,6.964
29957,30319.0,7.274
29958,30320.0,5.347
29959,30321.0,5.032
29960,30322.0,4.894
29961,30323.0,7.044
29962,30324.0,7.274
29963,30325.0,5.379
29964,30326.0,6.128
29965,30327.0,7.194
29966,30328.0,6.138
29967,30329.0,4.982
29968,30330.0,6.803
29969,30331.0,7.274
29970,30332.0,5.307
29971,30333.0,4.828
29972,30334.0,4.919
29973,30335.0,4.813
29974,30337.0,4.951
29975,30338.0,4.82
29976,30339.0,6.763
29977,30340.0,5.307
29978,30341.0,4.787
29979,30342.0,7.194
29980,30343.0,5.185
29981,30344.0,4.886
29982,30345.0,6.652
29983,30346.0,4.95
29984,30347.0,6.168
29985,30348.0,5.703
29986,30349.0,4.787
29987,30350.0,6.883
29988,30351.0,5.185
29989,30352.0,4.747
29990,30353.0,4.967
29991,30354.0,6.521
29992,30355.0,5.04
29993,30356.0,4.919
29994,30357.0,5.072
29995,30358.0,5.523
29996,30359.0,4.82
29997,30360.0,6.159
29998,30361.0,5.177
29999,30362.0,4.463
30000,30363.0,4.677
30001,30364.0,4.823
30002,30365.0,5.024
30003,30366.0,5.064
30004,30367.0,4.813
30005,30368.0,5.339
30006,30369.0,4.991
30007,30370.0,4.926
30008,30371.0,5.056
30009,30372.0,4.983
30010,30373.0,5.258
30011,30374.0,4.901
30012,30375.0,7.044
30013,30376.0,7.274
30014,30377.0,5.185
30015,30378.0,5.024
30016,30379.0,5.169
30017,30380.0,7.125
30018,30381.0,7.234
30019,30382.0,5.177
30020,30383.0,6.44
30021,30384.0,7.194
30022,30385.0,5.784
30023,30386.0,4.909
30024,30387.0,6.964
30025,30388.0,7.274
30026,30389.0,5.307
30027,30390.0,4.787
30028,30391.0,4.911
30029,30392.0,4.772
30030,30393.0,4.951
30031,30394.0,4.78
30032,30395.0,7.044
30033,30396.0,5.104
30034,30397.0,4.853
30035,30398.0,7.274
30036,30399.0,5.064
30037,30400.0,5.604
30038,30401.0,6.097
30039,30402.0,4.869
30040,30403.0,6.601
30041,30404.0,5.42
30042,30405.0,4.747
30043,30406.0,7.085
30044,30407.0,5.217
30045,30408.0,4.706
30046,30409.0,5.765
30047,30410.0,5.967
30048,30411.0,5.032
30049,30412.0,4.846
30050,30413.0,5.837
30051,30414.0,5.258
30052,30415.0,4.82
30053,30416.0,6.561
30054,30417.0,5.096
30055,30418.0,4.382
30056,30419.0,4.717
30057,30421.0,4.782
30058,30422.0,5.385
30059,30423.0,4.983
30060,30424.0,5.048
30061,30425.0,5.217
30062,30426.0,5.032
30063,30427.0,4.853
30064,30428.0,5.088
30065,30429.0,4.983
30066,30430.0,5.29
30067,30431.0,5.056
30068,30432.0,7.125
30069,30433.0,7.355
30070,30434.0,5.347
30071,30435.0,5.064
30072,30436.0,5.451
30073,30437.0,7.165
30074,30438.0,6.964
30075,30439.0,5.145
30076,30440.0,6.521
30077,30441.0,7.194
30078,30442.0,5.622
30079,30443.0,4.869
30080,30444.0,6.964
30081,30445.0,7.274
30082,30446.0,5.5
30083,30447.0,4.787
30084,30448.0,4.911
30085,30449.0,4.739
30086,30450.0,4.951
30087,30451.0,4.747
30088,30452.0,7.085
30089,30453.0,5.104
30090,30454.0,4.853
30091,30455.0,7.125
30092,30456.0,4.99
30093,30457.0,5.846
30094,30458.0,5.945
30095,30459.0,4.828
30096,30460.0,6.682
30097,30461.0,5.347
30098,30462.0,4.787
30099,30463.0,7.165
30100,30464.0,5.226
30101,30465.0,4.706
30102,30466.0,5.927
30103,30467.0,5.896
30104,30468.0,5.032
30105,30469.0,4.846
30106,30470.0,5.957
30107,30471.0,5.29
30108,30472.0,4.82
30109,30473.0,6.682
30110,30474.0,5.023
30111,30475.0,4.382
30112,30476.0,4.75
30113,30477.0,4.823
30114,30478.0,5.394
30115,30479.0,5.024
30116,30480.0,5.015
30117,30481.0,5.056
30118,30482.0,4.943
30119,30483.0,5.483
30120,30484.0,5.04
30121,30485.0,4.991
30122,30486.0,5.023
30123,30487.0,5.855
30124,30488.0,7.205
30125,30489.0,7.355
30126,30490.0,5.169
30127,30491.0,5.313
30128,30492.0,6.199
30129,30493.0,7.194
30130,30494.0,6.057
30131,30495.0,4.942
30132,30496.0,6.883
30133,30497.0,7.274
30134,30498.0,5.266
30135,30499.0,5.169
30136,30500.0,7.165
30137,30501.0,7.194
30138,30502.0,5.185
30139,30503.0,4.787
30140,30504.0,4.903
30141,30506.0,4.699
30142,30507.0,4.983
30143,30508.0,4.853
30144,30509.0,7.314
30145,30510.0,5.031
30146,30511.0,5.676
30147,30512.0,6.057
30148,30513.0,4.869
30149,30514.0,6.601
30150,30515.0,5.42
30151,30516.0,4.747
30152,30517.0,7.125
30153,30518.0,5.185
30154,30519.0,4.886
30155,30520.0,7.004
30156,30521.0,5.023
30157,30522.0,4.673
30158,30523.0,6.722
30159,30524.0,5.411
30160,30525.0,5.064
30161,30526.0,4.813
30162,30527.0,6.712
30163,30528.0,5.023
30164,30529.0,4.886
30165,30530.0,6.601
30166,30531.0,5.015
30167,30532.0,4.301
30168,30533.0,4.79
30169,30534.0,4.782
30170,30535.0,5.265
30171,30536.0,5.064
30172,30537.0,4.934
30173,30538.0,5.064
30174,30539.0,4.983
30175,30540.0,5.339
30176,30541.0,4.991
30177,30542.0,4.886
30178,30543.0,4.942
30179,30544.0,6.33
30180,30545.0,7.234
30181,30546.0,6.572
30182,30547.0,5.08
30183,30548.0,5.015
30184,30549.0,6.561
30185,30550.0,7.194
30186,30551.0,5.541
30187,30552.0,4.942
30188,30553.0,7.004
30189,30554.0,7.274
30190,30555.0,5.46
30191,30556.0,5.967
30192,30557.0,7.154
30193,30558.0,6.37
30194,30559.0,5.023
30195,30560.0,4.901
30196,30561.0,4.903
30197,30562.0,4.886
30198,30563.0,5.04
30199,30564.0,5.201
30200,30565.0,6.41
30201,30566.0,4.909
30202,30567.0,6.36
30203,30568.0,5.581
30204,30569.0,4.787
30205,30570.0,6.964
30206,30571.0,5.112
30207,30572.0,4.813
30208,30573.0,7.274
30209,30574.0,5.064
30210,30575.0,5.443
30211,30576.0,6.178
30212,30577.0,4.869
30213,30578.0,4.666
30214,30579.0,7.004
30215,30580.0,5.193
30216,30581.0,4.983
30217,30582.0,4.878
30218,30583.0,6.832
30219,30584.0,5.048
30220,30585.0,4.919
30221,30586.0,6.007
30222,30587.0,4.901
30223,30588.0,4.496
30224,30589.0,4.79
30225,30590.0,4.823
30226,30592.0,5.144
30227,30593.0,4.999
30228,30594.0,4.861
30229,30595.0,5.088
30230,30596.0,5.072
30231,30597.0,5.177
30232,30598.0,4.951
30233,30599.0,4.846
30234,30600.0,4.861
30235,30601.0,6.682
30236,30602.0,7.274
30237,30603.0,6.057
30238,30604.0,5.072
30239,30605.0,4.975
30240,30606.0,6.803
30241,30607.0,7.234
30242,30608.0,5.307
30243,30609.0,4.975
30244,30610.0,7.085
30245,30611.0,7.274
30246,30612.0,5.266
30247,30613.0,6.33
30248,30614.0,7.194
30249,30615.0,5.896
30250,30616.0,4.901
30251,30617.0,4.926
30252,30618.0,4.911
30253,30619.0,4.886
30254,30620.0,4.926
30255,30621.0,5.927
30256,30622.0,5.905
30257,30623.0,4.828
30258,30624.0,6.722
30259,30625.0,5.307
30260,30626.0,4.787
30261,30627.0,7.165
30262,30628.0,5.226
30263,30629.0,4.846
30264,30630.0,6.733
30265,30631.0,4.95
30266,30632.0,6.128
30267,30633.0,5.743
30268,30634.0,4.828
30269,30635.0,4.747
30270,30636.0,7.246
30271,30637.0,5.12
30272,30638.0,5.072
30273,30639.0,4.878
30274,30640.0,6.249
30275,30641.0,4.942
30276,30642.0,4.911
30277,30643.0,5.622
30278,30644.0,4.82
30279,30645.0,4.53
30280,30646.0,4.83
30281,30647.0,4.79
30282,30648.0,5.104
30283,30649.0,4.926
30284,30650.0,4.894
30285,30651.0,5.007
30286,30652.0,5.032
30287,30653.0,5.064
30288,30654.0,4.991
30289,30655.0,4.894
30290,30656.0,4.861
30291,30657.0,6.763
30292,30658.0,7.314
30293,30659.0,5.743
30294,30660.0,5.072
30295,30661.0,4.901
30296,30662.0,6.924
30297,30663.0,7.274
30298,30664.0,5.217
30299,30665.0,5.451
30300,30666.0,7.165
30301,30667.0,7.004
30302,30668.0,5.104
30303,30669.0,6.521
30304,30670.0,7.194
30305,30671.0,5.662
30306,30672.0,4.869
30307,30673.0,4.886
30308,30674.0,4.838
30309,30675.0,4.919
30310,30676.0,4.894
30311,30678.0,6.32
30312,30679.0,5.622
30313,30680.0,4.787
30314,30681.0,6.964
30315,30682.0,5.145
30316,30683.0,4.82
30317,30684.0,7.314
30318,30685.0,5.064
30319,30686.0,5.402
30320,30687.0,6.259
30321,30688.0,4.869
30322,30689.0,6.44
30323,30690.0,5.5
30324,30691.0,4.747
30325,30692.0,4.813
30326,30693.0,7.234
30327,30694.0,5.12
30328,30695.0,4.999
30329,30696.0,4.911
30330,30697.0,5.886
30331,30698.0,4.901
30332,30699.0,5.273
30333,30700.0,5.451
30334,30701.0,4.658
30335,30702.0,4.684
30336,30703.0,4.79
30337,30704.0,4.823
30338,30705.0,5.064
30339,30706.0,4.886
30340,30707.0,5.46
30341,30708.0,5.032
30342,30709.0,4.886
30343,30710.0,4.975
30344,30711.0,4.943
30345,30712.0,5.451
30346,30713.0,4.78
30347,30714.0,7.004
30348,30715.0,7.274
30349,30716.0,5.379
30350,30717.0,5.032
30351,30718.0,4.967
30352,30719.0,7.044
30353,30720.0,7.314
30354,30721.0,5.307
30355,30722.0,6.209
30356,30723.0,7.194
30357,30724.0,6.088
30358,30725.0,4.942
30359,30726.0,6.883
30360,30727.0,7.274
30361,30728.0,5.298
30362,30729.0,4.828
30363,30730.0,4.951
30364,30731.0,4.772
30365,30732.0,4.951
30366,30733.0,4.78
30367,30734.0,6.843
30368,30735.0,5.266
30369,30736.0,4.78
30370,30737.0,7.246
30371,30738.0,5.145
30372,30739.0,5.048
30373,30740.0,6.491
30374,30741.0,4.909
30375,30742.0,6.279
30376,30743.0,5.581
30377,30744.0,4.787
30378,30745.0,6.964
30379,30746.0,5.145
30380,30747.0,4.706
30381,30748.0,5.249
30382,30749.0,6.32
30383,30750.0,5.072
30384,30751.0,4.886
30385,30752.0,5.354
30386,30753.0,5.411
30387,30754.0,4.82
30388,30755.0,6.279
30389,30756.0,5.136
30390,30757.0,4.463
30391,30758.0,4.717
30392,30759.0,4.79
30393,30761.0,5.466
30394,30762.0,5.024
30395,30763.0,5.128
30396,30764.0,5.177
30397,30765.0,5.032
30398,30766.0,4.853
30399,30767.0,5.007
30400,30768.0,5.072
30401,30769.0,5.136
30402,30770.0,5.096
30403,30771.0,7.125
30404,30772.0,7.314
30405,30773.0,5.258
30406,30774.0,5.224
30407,30775.0,5.685
30408,30776.0,7.154
30409,30777.0,6.763
30410,30778.0,5.104
30411,30779.0,6.601
30412,30780.0,7.274
30413,30781.0,5.541
30414,30782.0,4.982
30415,30783.0,7.004
30416,30784.0,7.274
30417,30785.0,5.428
30418,30786.0,4.82
30419,30787.0,4.911
30420,30788.0,4.772
30421,30789.0,4.951
30422,30790.0,4.78
30423,30791.0,7.154
30424,30792.0,5.298
30425,30793.0,4.846
30426,30794.0,6.843
30427,30795.0,4.95
30428,30796.0,6.088
30429,30797.0,5.815
30430,30798.0,4.861
30431,30799.0,6.803
30432,30800.0,5.226
30433,30801.0,4.78
30434,30802.0,7.205
30435,30803.0,5.145
30436,30804.0,4.666
30437,30805.0,6.168
30438,30806.0,5.743
30439,30807.0,5.032
30440,30808.0,4.813
30441,30809.0,6.199
30442,30810.0,5.136
30443,30811.0,4.82
30444,30812.0,6.792
30445,30813.0,5.096
30446,30814.0,4.301
30447,30815.0,4.75
30448,30816.0,4.782
30449,30817.0,5.313
30450,30818.0,4.983
30451,30819.0,5.015
30452,30820.0,5.064
30453,30821.0,4.951
30454,30822.0,5.056
30455,30823.0,4.999
30456,30824.0,4.991
30457,30825.0,5.056
30458,30826.0,5.613
30459,30827.0,7.165
30460,30828.0,7.314
30461,30829.0,5.209
30462,30830.0,5.241
30463,30831.0,6.088
30464,30832.0,7.194
30465,30833.0,6.219
30466,30834.0,4.982
30467,30835.0,6.803
30468,30836.0,7.234
30469,30837.0,5.339
30470,30838.0,4.975
30471,30839.0,7.125
30472,30840.0,7.274
30473,30841.0,5.266
30474,30842.0,4.747
30475,30844.0,4.951
30476,30845.0,4.739
30477,30846.0,4.991
30478,30847.0,4.813
30479,30848.0,7.355
30480,30849.0,5.104
30481,30850.0,5.483
30482,30851.0,6.259
30483,30852.0,4.942
30484,30853.0,6.481
30485,30854.0,5.541
30486,30855.0,4.787
30487,30856.0,7.085
30488,30857.0,5.104
30489,30858.0,4.894
30490,30859.0,7.274
30491,30860.0,5.023
30492,30861.0,4.706
30493,30862.0,6.561
30494,30863.0,5.492
30495,30864.0,5.032
30496,30865.0,4.813
30497,30866.0,6.591
30498,30867.0,5.056
30499,30868.0,4.853
30500,30869.0,6.832
30501,30870.0,5.015
30502,30871.0,4.26
30503,30872.0,4.636
30504,30873.0,4.823
30505,30874.0,4.863
30506,30875.0,5.064
30507,30876.0,4.853
30508,30877.0,5.33
30509,30878.0,4.991
30510,30879.0,4.886
30511,30880.0,5.088
30512,30881.0,4.983
30513,30882.0,5.33
30514,30883.0,4.813
30515,30884.0,7.085
30516,30885.0,7.314
30517,30886.0,5.226
30518,30887.0,5.032
30519,30888.0,5.088
30520,30889.0,7.125
30521,30890.0,7.274
30522,30891.0,5.226
30523,30892.0,6.41
30524,30893.0,7.234
30525,30894.0,5.784
30526,30895.0,4.942
30527,30896.0,6.924
30528,30897.0,7.274
30529,30898.0,5.226
30530,30899.0,4.787
30531,30900.0,4.911
30532,30901.0,4.772
30533,30902.0,4.951
30534,30903.0,4.78
30535,30904.0,7.004
30536,30905.0,5.145
30537,30906.0,4.813
30538,30907.0,7.314
30539,30908.0,5.031
30540,30909.0,5.604
30541,30910.0,6.097
30542,30911.0,4.901
30543,30912.0,6.561
30544,30913.0,5.46
30545,30914.0,4.747
30546,30915.0,7.125
30547,30916.0,5.104
30548,30917.0,4.739
30549,30918.0,5.765
30550,30919.0,6.048
30551,30920.0,5.032
30552,30921.0,4.886
30553,30922.0,5.796
30554,30923.0,5.298
30555,30924.0,4.82
30556,30925.0,6.561
30557,30927.0,5.064
30558,30928.0,4.382
30559,30929.0,4.75
30560,30930.0,4.782
30561,30931.0,5.354
30562,30932.0,4.983
30563,30933.0,4.975
30564,30934.0,5.023
30565,30935.0,4.991
30566,30936.0,5.613
30567,30937.0,5.04
30568,30938.0,4.919
30569,30939.0,5.015
30570,30940.0,5.936
30571,30941.0,7.194
30572,30942.0,7.314
30573,30943.0,5.16
30574,30944.0,5.16
30575,30945.0,6.32
30576,30946.0,7.234
30577,30947.0,5.976
30578,30948.0,4.942
30579,30949.0,6.883
30580,30950.0,7.274
30581,30951.0,5.226
30582,30952.0,5.33
30583,30953.0,7.125
30584,30954.0,7.154
30585,30955.0,5.185
30586,30956.0,4.747
30587,30957.0,4.903
30588,30958.0,4.78
30589,30959.0,4.983
30590,30960.0,4.846
30591,30961.0,7.205
30592,30962.0,5.031
30593,30963.0,5.765
30594,30964.0,5.976
30595,30965.0,4.869
30596,30966.0,6.682
30597,30967.0,5.379
30598,30968.0,4.747
30599,30969.0,7.165
30600,30970.0,5.266
30601,30971.0,4.886
30602,30972.0,6.883
30603,30973.0,5.023
30604,30974.0,4.673
30605,30975.0,6.763
30606,30976.0,5.371
30607,30977.0,5.072
30608,30978.0,4.82
30609,30979.0,6.752
30610,30980.0,5.023
30611,30981.0,4.886
30612,30982.0,6.521
30613,30983.0,4.942
30614,30984.0,4.26
30615,30985.0,4.75
30616,30986.0,4.782
30617,30987.0,5.184
30618,30988.0,5.032
30619,30989.0,4.901
30620,30990.0,5.056
30621,30991.0,4.943
30622,30992.0,5.298
30623,30993.0,4.991
30624,30994.0,4.853
30625,30995.0,4.901
30626,30996.0,6.37
30627,30997.0,7.234
30628,30998.0,6.491
30629,30999.0,5.08
30630,31000.0,5.015
30631,31001.0,6.601
30632,31002.0,7.234
30633,31003.0,5.541
30634,31004.0,4.982
30635,31005.0,7.004
30636,31006.0,7.314
30637,31007.0,5.428
30638,31008.0,5.967
30639,31009.0,7.154
30640,31010.0,6.33
30641,31011.0,4.982
30642,31013.0,4.894
30643,31014.0,4.903
30644,31015.0,4.886
30645,31016.0,5.04
30646,31017.0,5.281
30647,31018.0,6.34
30648,31019.0,4.909
30649,31020.0,6.4
30650,31021.0,5.541
30651,31022.0,4.787
30652,31023.0,7.004
30653,31024.0,5.112
30654,31025.0,4.853
30655,31026.0,7.274
30656,31027.0,5.064
30657,31028.0,5.523
30658,31029.0,6.168
30659,31030.0,4.869
30660,31031.0,4.706
30661,31032.0,7.044
30662,31033.0,5.217
30663,31034.0,4.983
30664,31035.0,4.886
30665,31036.0,6.752
30666,31037.0,5.056
30667,31038.0,4.878
30668,31039.0,5.967
30669,31040.0,4.861
30670,31041.0,4.537
30671,31042.0,4.79
30672,31043.0,4.823
30673,31044.0,5.104
30674,31045.0,4.919
30675,31046.0,4.82
30676,31047.0,5.007
30677,31048.0,4.991
30678,31049.0,5.064
30679,31050.0,4.991
30680,31051.0,4.853
30681,31052.0,4.861
30682,31053.0,6.763
30683,31054.0,7.274
30684,31055.0,5.784
30685,31056.0,5.072
30686,31057.0,4.894
30687,31058.0,6.924
30688,31059.0,7.234
30689,31060.0,5.185
30690,31061.0,5.411
30691,31062.0,7.165
30692,31063.0,7.073
30693,31064.0,5.177
30694,31065.0,6.521
30695,31066.0,7.234
30696,31067.0,5.662
30697,31068.0,4.901
30698,31069.0,4.886
30699,31070.0,4.878
30700,31071.0,4.919
30701,31072.0,4.894
30702,31073.0,6.239
30703,31074.0,5.662
30704,31075.0,4.787
30705,31076.0,6.924
30706,31077.0,5.185
30707,31078.0,4.853
30708,31079.0,7.274
30709,31080.0,5.104
30710,31081.0,5.29
30711,31082.0,6.34
30712,31083.0,4.869
30713,31084.0,6.44
30714,31085.0,5.509
30715,31086.0,4.787
30716,31087.0,4.82
30717,31088.0,7.274
30718,31089.0,5.12
30719,31090.0,4.999
30720,31091.0,4.919
30721,31092.0,5.927
30722,31093.0,4.901
30723,31094.0,5.313
30724,31095.0,5.42
30725,31097.0,4.658
30726,31098.0,4.456
30727,31099.0,4.83
30728,31100.0,4.782
30729,31101.0,5.144
30730,31102.0,4.959
30731,31103.0,4.894
30732,31104.0,5.007
30733,31105.0,5.064
30734,31106.0,5.136
30735,31107.0,4.991
30736,31108.0,4.813
30737,31109.0,4.861
30738,31110.0,6.682
30739,31111.0,7.274
30740,31112.0,5.896
30741,31113.0,5.072
30742,31114.0,4.934
30743,31115.0,6.843
30744,31116.0,7.274
30745,31117.0,5.266
30746,31118.0,5.209
30747,31119.0,7.125
30748,31120.0,7.194
30749,31121.0,5.145
30750,31122.0,6.44
30751,31123.0,7.194
30752,31124.0,5.774
30753,31125.0,4.901
30754,31126.0,4.926
30755,31127.0,4.878
30756,31128.0,4.919
30757,31129.0,4.894
30758,31130.0,6.118
30759,31131.0,5.703
30760,31132.0,4.787
30761,31133.0,6.843
30762,31134.0,5.226
30763,31135.0,4.82
30764,31136.0,7.246
30765,31137.0,5.145
30766,31138.0,5.169
30767,31139.0,6.41
30768,31140.0,4.909
30769,31141.0,6.32
30770,31142.0,5.581
30771,31143.0,4.747
30772,31144.0,4.82
30773,31145.0,7.274
30774,31146.0,5.128
30775,31147.0,4.991
30776,31148.0,4.919
30777,31149.0,5.967
30778,31150.0,4.901
30779,31151.0,5.112
30780,31152.0,5.532
30781,31153.0,4.739
30782,31154.0,4.717
30783,31155.0,4.79
30784,31156.0,4.951
30785,31157.0,5.024
30786,31158.0,4.853
30787,31159.0,5.298
30788,31160.0,4.991
30789,31161.0,4.853
30790,31162.0,5.088
30791,31163.0,4.943
30792,31164.0,5.29
30793,31165.0,4.901
30794,31166.0,7.085
30795,31167.0,7.274
30796,31168.0,5.177
30797,31169.0,4.991
30798,31170.0,5.249
30799,31171.0,7.125
30800,31172.0,7.194
30801,31173.0,5.145
30802,31174.0,6.491
30803,31175.0,7.234
30804,31177.0,5.743
30805,31178.0,4.901
30806,31179.0,6.924
30807,31180.0,7.274
30808,31181.0,5.347
30809,31182.0,4.787
30810,31183.0,4.911
30811,31184.0,4.739
30812,31185.0,4.951
30813,31186.0,4.739
30814,31187.0,7.044
30815,31188.0,5.104
30816,31189.0,4.853
30817,31190.0,7.274
30818,31191.0,5.031
30819,31192.0,5.685
30820,31193.0,6.057
30821,31194.0,4.869
30822,31195.0,6.601
30823,31196.0,5.388
30824,31197.0,4.747
30825,31198.0,7.125
30826,31199.0,5.145
30827,31200.0,4.706
30828,31201.0,5.765
30829,31202.0,6.007
30830,31203.0,5.032
30831,31204.0,4.846
30832,31205.0,5.837
30833,31206.0,5.298
30834,31207.0,4.82
30835,31208.0,6.601
30836,31209.0,5.064
30837,31210.0,4.382
30838,31211.0,4.717
30839,31212.0,4.823
30840,31213.0,5.425
30841,31214.0,5.024
30842,31215.0,5.096
30843,31216.0,5.145
30844,31217.0,4.951
30845,31218.0,4.853
30846,31219.0,5.007
30847,31220.0,5.072
30848,31221.0,5.136
30849,31222.0,5.209
30850,31223.0,7.125
30851,31224.0,7.314
30852,31225.0,5.258
30853,31226.0,5.425
30854,31227.0,5.806
30855,31228.0,7.194
30856,31229.0,6.572
30857,31230.0,5.064
30858,31231.0,6.682
30859,31232.0,7.234
30860,31233.0,5.42
30861,31234.0,4.975
30862,31235.0,7.044
30863,31236.0,7.314
30864,31237.0,5.388
30865,31238.0,4.82
30866,31239.0,4.911
30867,31240.0,4.739
30868,31241.0,4.951
30869,31242.0,4.78
30870,31243.0,7.194
30871,31244.0,5.226
30872,31245.0,4.886
30873,31246.0,6.612
30874,31247.0,4.95
30875,31248.0,6.249
30876,31249.0,5.703
30877,31250.0,4.787
30878,31251.0,6.883
30879,31252.0,5.185
30880,31253.0,4.78
30881,31254.0,7.234
30882,31255.0,5.104
30883,31256.0,4.666
30884,31257.0,6.239
30885,31258.0,5.653
30886,31259.0,5.032
30887,31260.0,4.813
30888,31262.0,6.279
30889,31263.0,5.136
30890,31264.0,4.853
30891,31265.0,6.832
30892,31266.0,5.096
30893,31267.0,4.301
30894,31268.0,4.79
30895,31269.0,4.79
30896,31270.0,5.313
30897,31271.0,4.983
30898,31272.0,4.975
30899,31273.0,4.975
30900,31274.0,4.983
30901,31275.0,5.532
30902,31276.0,4.999
30903,31277.0,4.926
30904,31278.0,4.975
30905,31279.0,6.088
30906,31280.0,7.234
30907,31281.0,7.125
30908,31282.0,5.16
30909,31283.0,5.128
30910,31284.0,6.4
30911,31285.0,7.234
30912,31286.0,5.855
30913,31287.0,4.942
30914,31288.0,6.964
30915,31289.0,7.234
30916,31290.0,5.258
30917,31291.0,5.532
30918,31292.0,7.165
30919,31293.0,6.883
30920,31294.0,5.145
30921,31295.0,4.747
30922,31296.0,4.951
30923,31297.0,4.82
30924,31298.0,5.193
30925,31299.0,4.846
30926,31300.0,6.964
30927,31301.0,4.99
30928,31302.0,6.007
30929,31303.0,5.824
30930,31304.0,4.861
30931,31305.0,6.803
30932,31306.0,5.298
30933,31307.0,4.828
30934,31308.0,7.246
30935,31309.0,5.185
30936,31310.0,4.926
30937,31311.0,6.612
30938,31312.0,4.95
30939,31313.0,4.673
30940,31314.0,6.843
30941,31315.0,5.29
30942,31316.0,4.983
30943,31317.0,4.853
30944,31318.0,6.832
30945,31319.0,5.096
30946,31320.0,4.886
30947,31321.0,6.289
30948,31322.0,4.901
30949,31323.0,4.219
30950,31324.0,4.75
30951,31325.0,4.782
30952,31326.0,5.233
30953,31327.0,4.983
30954,31328.0,4.934
30955,31329.0,4.942
30956,31330.0,4.943
30957,31331.0,5.451
30958,31332.0,4.991
30959,31333.0,4.886
30960,31334.0,4.942
30961,31335.0,6.209
30962,31336.0,7.194
30963,31337.0,6.883
30964,31338.0,5.12
30965,31339.0,5.088
30966,31340.0,6.481
30967,31341.0,7.234
30968,31342.0,5.703
30969,31343.0,4.909
30970,31344.0,6.964
30971,31346.0,7.274
30972,31347.0,5.5
30973,31348.0,5.725
30974,31349.0,7.165
30975,31350.0,6.682
30976,31351.0,5.064
30977,31352.0,4.942
30978,31353.0,4.903
30979,31354.0,4.853
30980,31355.0,5.152
30981,31356.0,4.878
30982,31357.0,6.693
30983,31358.0,4.95
30984,31359.0,6.168
30985,31360.0,5.743
30986,31361.0,4.787
30987,31362.0,6.883
30988,31363.0,5.185
30989,31364.0,4.82
30990,31365.0,7.246
30991,31366.0,5.145
30992,31367.0,5.169
30993,31368.0,6.41
30994,31369.0,4.909
30995,31370.0,4.706
30996,31371.0,6.924
30997,31372.0,5.281
30998,31373.0,5.024
30999,31374.0,4.886
31000,31375.0,6.913
31001,31376.0,5.096
31002,31377.0,4.919
31003,31378.0,6.159
31004,31379.0,4.901
31005,31380.0,4.456
31006,31381.0,4.79
31007,31382.0,4.823
31008,31383.0,5.184
31009,31384.0,5.032
31010,31385.0,4.894
31011,31386.0,5.048
31012,31387.0,4.943
31013,31388.0,5.258
31014,31389.0,4.991
31015,31390.0,4.846
31016,31391.0,4.901
31017,31392.0,6.491
31018,31393.0,7.234
31019,31394.0,6.289
31020,31395.0,5.072
31021,31396.0,4.975
31022,31397.0,6.722
31023,31398.0,7.234
31024,31399.0,5.46
31025,31400.0,4.975
31026,31401.0,7.044
31027,31402.0,7.274
31028,31403.0,5.339
31029,31404.0,6.128
31030,31405.0,7.194
31031,31406.0,6.178
31032,31407.0,4.982
31033,31408.0,4.894
31034,31409.0,4.911
31035,31410.0,4.846
31036,31411.0,5.007
31037,31412.0,5.483
31038,31413.0,6.178
31039,31414.0,4.869
31040,31415.0,6.521
31041,31416.0,5.469
31042,31417.0,4.787
31043,31418.0,7.085
31044,31419.0,5.104
31045,31420.0,4.853
31046,31421.0,7.205
31047,31422.0,5.031
31048,31423.0,5.765
31049,31424.0,6.017
31050,31425.0,4.869
31051,31426.0,4.673
31052,31427.0,7.125
31053,31428.0,5.209
31054,31429.0,5.024
31055,31431.0,4.846
31056,31432.0,6.601
31057,31433.0,4.975
31058,31434.0,4.919
31059,31435.0,5.815
31060,31436.0,4.894
31061,31437.0,4.611
31062,31438.0,4.83
31063,31439.0,4.782
31064,31440.0,5.104
31065,31441.0,4.886
31066,31442.0,5.088
31067,31443.0,4.999
31068,31444.0,4.999
31069,31445.0,5.056
31070,31446.0,4.991
31071,31447.0,5.096
31072,31448.0,4.853
31073,31449.0,6.843
31074,31450.0,7.314
31075,31451.0,5.662
31076,31452.0,5.072
31077,31453.0,4.894
31078,31454.0,6.964
31079,31455.0,7.274
31080,31456.0,5.307
31081,31457.0,5.613
31082,31458.0,7.125
31083,31459.0,6.763
31084,31460.0,5.064
31085,31461.0,6.601
31086,31462.0,7.234
31087,31463.0,5.541
31088,31464.0,4.869
31089,31465.0,4.919
31090,31466.0,4.846
31091,31467.0,4.919
31092,31468.0,4.853
31093,31469.0,6.4
31094,31470.0,5.541
31095,31471.0,4.787
31096,31472.0,7.004
31097,31473.0,5.104
31098,31474.0,4.813
31099,31475.0,7.314
31100,31476.0,5.031
31101,31477.0,5.564
31102,31478.0,6.138
31103,31479.0,4.869
31104,31480.0,6.561
31105,31481.0,5.428
31106,31482.0,4.747
31107,31483.0,4.813
31108,31484.0,7.234
31109,31485.0,5.12
31110,31486.0,4.951
31111,31487.0,4.911
31112,31488.0,5.806
31113,31489.0,4.894
31114,31490.0,5.474
31115,31491.0,5.411
31116,31492.0,4.585
31117,31493.0,4.145
31118,31494.0,4.717
31119,31495.0,4.823
31120,31496.0,5.354
31121,31497.0,5.024
31122,31498.0,5.056
31123,31499.0,5.136
31124,31500.0,4.951
31125,31501.0,4.853
31126,31502.0,4.999
31127,31503.0,5.032
31128,31504.0,5.096
31129,31505.0,5.451
31130,31506.0,7.165
31131,31507.0,7.314
31132,31508.0,5.249
31133,31509.0,5.354
31134,31510.0,5.927
31135,31511.0,7.194
31136,31512.0,6.37
31137,31513.0,5.023
31138,31514.0,6.763
31139,31516.0,7.274
31140,31517.0,5.347
31141,31518.0,4.967
31142,31519.0,7.085
31143,31520.0,7.314
31144,31521.0,5.266
31145,31522.0,4.78
31146,31523.0,4.911
31147,31524.0,4.739
31148,31525.0,4.943
31149,31526.0,4.853
31150,31527.0,7.274
31151,31528.0,5.145
31152,31529.0,5.281
31153,31530.0,6.33
31154,31531.0,4.869
31155,31532.0,6.44
31156,31533.0,5.55
31157,31534.0,4.828
31158,31535.0,7.004
31159,31536.0,5.104
31160,31537.0,4.853
31161,31538.0,7.274
31162,31539.0,5.031
31163,31540.0,4.666
31164,31541.0,6.481
31165,31542.0,5.532
31166,31543.0,5.024
31167,31544.0,4.813
31168,31545.0,6.511
31169,31546.0,5.096
31170,31547.0,4.846
31171,31548.0,6.913
31172,31549.0,5.015
31173,31550.0,4.26
31174,31551.0,4.79
31175,31552.0,4.823
31176,31553.0,5.233
31177,31554.0,5.072
31178,31555.0,4.894
31179,31556.0,5.056
31180,31557.0,4.943
31181,31558.0,5.339
31182,31559.0,4.991
31183,31560.0,4.886
31184,31561.0,4.901
31185,31562.0,6.33
31186,31563.0,7.234
31187,31564.0,6.572
31188,31565.0,5.12
31189,31566.0,5.048
31190,31567.0,6.601
31191,31568.0,7.234
31192,31569.0,5.581
31193,31570.0,4.942
31194,31571.0,7.044
31195,31572.0,7.274
31196,31573.0,5.42
31197,31574.0,5.967
31198,31575.0,7.194
31199,31576.0,6.33
31200,31577.0,5.023
31201,31578.0,4.894
31202,31579.0,4.943
31203,31580.0,4.853
31204,31581.0,5.08
31205,31582.0,5.281
31206,31583.0,6.38
31207,31584.0,4.909
31208,31585.0,6.4
31209,31586.0,5.541
31210,31587.0,4.787
31211,31588.0,7.004
31212,31589.0,5.145
31213,31590.0,4.813
31214,31591.0,7.314
31215,31592.0,5.031
31216,31593.0,5.604
31217,31594.0,6.097
31218,31595.0,4.869
31219,31596.0,4.666
31220,31598.0,7.085
31221,31599.0,5.177
31222,31600.0,5.024
31223,31601.0,4.886
31224,31602.0,6.712
31225,31603.0,4.982
31226,31604.0,4.919
31227,31605.0,5.886
31228,31606.0,4.894
31229,31607.0,4.537
31230,31608.0,4.87
31231,31609.0,4.823
31232,31610.0,5.184
31233,31611.0,4.959
31234,31612.0,4.919
31235,31613.0,5.04
31236,31614.0,5.072
31237,31615.0,5.096
31238,31616.0,4.991
31239,31617.0,4.886
31240,31618.0,4.853
31241,31619.0,6.763
31242,31620.0,7.274
31243,31621.0,5.784
31244,31622.0,5.072
31245,31623.0,4.934
31246,31624.0,6.924
31247,31625.0,7.274
31248,31626.0,5.185
31249,31627.0,5.451
31250,31628.0,7.165
31251,31629.0,7.044
31252,31630.0,5.145
31253,31631.0,6.561
31254,31632.0,7.234
31255,31633.0,5.703
31256,31634.0,4.901
31257,31635.0,4.919
31258,31636.0,4.878
31259,31637.0,4.959
31260,31638.0,4.894
31261,31639.0,6.32
31262,31640.0,5.662
31263,31641.0,4.787
31264,31642.0,6.924
31265,31643.0,5.185
31266,31644.0,4.82
31267,31645.0,7.274
31268,31646.0,5.112
31269,31647.0,5.322
31270,31648.0,6.299
31271,31649.0,4.909
31272,31650.0,6.44
31273,31651.0,5.55
31274,31652.0,4.787
31275,31653.0,4.813
31276,31654.0,7.234
31277,31655.0,5.12
31278,31656.0,4.999
31279,31657.0,4.911
31280,31658.0,5.927
31281,31659.0,4.901
31282,31660.0,5.273
31283,31661.0,5.451
31284,31662.0,4.618
31285,31663.0,4.684
31286,31664.0,4.823
31287,31665.0,4.823
31288,31666.0,5.024
31289,31667.0,4.846
31290,31668.0,5.42
31291,31669.0,4.991
31292,31670.0,4.886
31293,31671.0,5.096
31294,31672.0,4.943
31295,31673.0,5.42
31296,31674.0,4.78
31297,31675.0,7.004
31298,31676.0,7.274
31299,31677.0,5.339
31300,31678.0,5.024
31301,31680.0,4.967
31302,31681.0,7.085
31303,31682.0,7.314
31304,31683.0,5.266
31305,31684.0,6.249
31306,31685.0,7.194
31307,31686.0,6.048
31308,31687.0,4.942
31309,31688.0,6.883
31310,31689.0,7.274
31311,31690.0,5.258
31312,31691.0,4.828
31313,31692.0,4.951
31314,31693.0,4.813
31315,31694.0,4.951
31316,31695.0,4.78
31317,31696.0,6.883
31318,31697.0,5.226
31319,31698.0,4.82
31320,31699.0,7.274
31321,31700.0,5.104
31322,31701.0,5.169
31323,31702.0,6.41
31324,31703.0,4.909
31325,31704.0,6.32
31326,31705.0,5.581
31327,31706.0,4.787
31328,31707.0,7.004
31329,31708.0,5.145
31330,31709.0,4.747
31331,31710.0,5.29
31332,31711.0,6.32
31333,31712.0,5.072
31334,31713.0,4.886
31335,31714.0,5.354
31336,31715.0,5.42
31337,31716.0,4.82
31338,31717.0,6.32
31339,31718.0,5.136
31340,31719.0,4.422
31341,31720.0,4.717
31342,31721.0,4.823
31343,31722.0,5.466
31344,31723.0,5.024
31345,31724.0,5.136
31346,31725.0,5.217
31347,31726.0,4.991
31348,31727.0,4.853
31349,31728.0,5.048
31350,31729.0,5.104
31351,31730.0,5.177
31352,31731.0,5.096
31353,31732.0,7.125
31354,31733.0,7.314
31355,31734.0,5.298
31356,31735.0,5.104
31357,31736.0,5.523
31358,31737.0,7.165
31359,31738.0,6.883
31360,31739.0,5.104
31361,31740.0,6.561
31362,31741.0,7.234
31363,31742.0,5.581
31364,31743.0,4.982
31365,31744.0,7.004
31366,31745.0,7.274
31367,31746.0,5.46
31368,31747.0,4.82
31369,31748.0,4.911
31370,31749.0,4.772
31371,31750.0,4.951
31372,31751.0,4.78
31373,31752.0,7.154
31374,31753.0,5.266
31375,31754.0,4.846
31376,31755.0,6.924
31377,31756.0,4.95
31378,31757.0,6.088
31379,31758.0,5.824
31380,31759.0,4.861
31381,31760.0,6.803
31382,31762.0,5.266
31383,31763.0,4.787
31384,31764.0,7.246
31385,31765.0,5.145
31386,31766.0,4.747
31387,31767.0,6.128
31388,31768.0,5.815
31389,31769.0,5.032
31390,31770.0,4.853
31391,31771.0,6.159
31392,31772.0,5.177
31393,31773.0,4.82
31394,31774.0,6.792
31395,31775.0,5.136
31396,31776.0,4.301
31397,31777.0,4.75
31398,31778.0,4.782
31399,31779.0,5.313
31400,31780.0,4.983
31401,31781.0,5.015
31402,31782.0,5.064
31403,31783.0,4.951
31404,31784.0,5.015
31405,31785.0,5.04
31406,31786.0,4.959
31407,31787.0,5.056
31408,31788.0,5.613
31409,31789.0,7.165
31410,31790.0,7.314
31411,31791.0,5.209
31412,31792.0,5.273
31413,31793.0,6.088
31414,31794.0,7.194
31415,31795.0,6.219
31416,31796.0,4.982
31417,31797.0,6.803
31418,31798.0,7.234
31419,31799.0,5.307
31420,31800.0,4.975
31421,31801.0,7.085
31422,31802.0,7.274
31423,31803.0,5.266
31424,31804.0,4.747
31425,31805.0,4.911
31426,31806.0,4.699
31427,31807.0,4.983
31428,31808.0,4.813
31429,31809.0,7.314
31430,31810.0,5.104
31431,31811.0,5.362
31432,31812.0,6.299
31433,31813.0,4.909
31434,31814.0,6.44
31435,31815.0,5.541
31436,31816.0,4.787
31437,31817.0,7.044
31438,31818.0,5.104
31439,31819.0,4.853
31440,31820.0,7.274
31441,31821.0,5.064
31442,31822.0,4.666
31443,31823.0,6.521
31444,31824.0,5.492
31445,31825.0,5.032
31446,31826.0,4.813
31447,31827.0,6.551
31448,31828.0,5.064
31449,31829.0,4.886
31450,31830.0,6.913
31451,31831.0,5.056
31452,31832.0,4.26
31453,31833.0,4.79
31454,31834.0,4.823
31455,31835.0,5.265
31456,31836.0,5.104
31457,31837.0,4.934
31458,31838.0,5.064
31459,31839.0,4.991
31460,31840.0,5.379
31461,31841.0,5.032
31462,31842.0,4.886
31463,31843.0,4.975
31464,31845.0,6.33
31465,31846.0,7.274
31466,31847.0,6.652
31467,31848.0,5.16
31468,31849.0,5.048
31469,31850.0,6.601
31470,31851.0,7.234
31471,31852.0,5.622
31472,31853.0,4.942
31473,31854.0,7.044
31474,31855.0,7.274
31475,31856.0,5.46
31476,31857.0,5.927
31477,31858.0,7.154
31478,31859.0,6.41
31479,31860.0,5.023
31480,31861.0,4.901
31481,31862.0,4.903
31482,31863.0,4.853
31483,31864.0,5.08
31484,31865.0,5.16
31485,31866.0,6.41
31486,31867.0,4.909
31487,31868.0,6.32
31488,31869.0,5.581
31489,31870.0,4.787
31490,31871.0,6.964
31491,31872.0,5.145
31492,31873.0,4.853
31493,31874.0,7.314
31494,31875.0,5.064
31495,31876.0,5.443
31496,31877.0,6.219
31497,31878.0,4.901
31498,31879.0,4.666
31499,31880.0,7.004
31500,31881.0,5.209
31501,31882.0,4.983
31502,31883.0,4.846
31503,31884.0,6.872
31504,31885.0,5.015
31505,31886.0,4.919
31506,31887.0,6.007
31507,31888.0,4.861
31508,31889.0,4.179
31509,31890.0,4.717
31510,31891.0,4.823
31511,31892.0,5.345
31512,31893.0,4.983
31513,31894.0,5.056
31514,31895.0,5.104
31515,31896.0,4.951
31516,31897.0,4.894
31517,31898.0,4.999
31518,31899.0,5.032
31519,31900.0,5.056
31520,31901.0,5.532
31521,31902.0,7.165
31522,31903.0,7.314
31523,31904.0,5.249
31524,31905.0,5.313
31525,31906.0,6.007
31526,31907.0,7.194
31527,31908.0,6.33
31528,31909.0,5.023
31529,31910.0,6.763
31530,31911.0,7.274
31531,31912.0,5.347
31532,31913.0,4.975
31533,31914.0,7.085
31534,31915.0,7.314
31535,31916.0,5.266
31536,31917.0,4.78
31537,31918.0,4.911
31538,31919.0,4.78
31539,31920.0,4.991
31540,31921.0,4.853
31541,31922.0,7.274
31542,31923.0,5.145
31543,31924.0,5.281
31544,31925.0,6.37
31545,31926.0,4.909
31546,31927.0,6.44
31547,31929.0,5.541
31548,31930.0,4.82
31549,31931.0,7.004
31550,31932.0,5.177
31551,31933.0,4.813
31552,31934.0,7.314
31553,31935.0,5.064
31554,31936.0,4.673
31555,31937.0,6.481
31556,31938.0,5.532
31557,31939.0,5.024
31558,31940.0,4.813
31559,31941.0,6.47
31560,31942.0,5.096
31561,31943.0,4.853
31562,31944.0,6.872
31563,31945.0,5.056
31564,31946.0,4.26
31565,31947.0,4.79
31566,31948.0,4.823
31567,31949.0,5.273
31568,31950.0,4.983
31569,31951.0,4.934
31570,31952.0,4.975
31571,31953.0,4.943
31572,31954.0,5.451
31573,31955.0,4.991
31574,31956.0,4.926
31575,31957.0,4.975
31576,31958.0,6.128
31577,31959.0,7.194
31578,31960.0,6.924
31579,31961.0,5.12
31580,31962.0,5.088
31581,31963.0,6.481
31582,31964.0,7.234
31583,31965.0,5.743
31584,31966.0,4.909
31585,31967.0,6.964
31586,31968.0,7.234
31587,31969.0,5.5
31588,31970.0,5.734
31589,31971.0,7.205
31590,31972.0,6.612
31591,31973.0,5.064
31592,31974.0,4.901
31593,31975.0,4.943
31594,31976.0,4.853
31595,31977.0,5.112
31596,31978.0,4.886
31597,31979.0,6.612
31598,31980.0,4.909
31599,31981.0,6.209
31600,31982.0,5.662
31601,31983.0,4.828
31602,31984.0,6.883
31603,31985.0,5.226
31604,31986.0,4.82
31605,31987.0,7.274
31606,31988.0,5.104
31607,31989.0,5.29
31608,31990.0,6.34
31609,31991.0,4.942
31610,31992.0,4.666
31611,31993.0,7.004
31612,31994.0,5.209
31613,31995.0,5.024
31614,31996.0,4.846
31615,31997.0,6.953
31616,31998.0,5.088
31617,31999.0,4.919
31618,32000.0,6.048
31619,32001.0,4.934
31620,32002.0,4.422
31621,32003.0,4.83
31622,32004.0,4.823
31623,32005.0,5.184
31624,32006.0,4.991
31625,32007.0,4.934
31626,32009.0,5.048
31627,32010.0,4.983
31628,32011.0,5.217
31629,32012.0,4.991
31630,32013.0,4.853
31631,32014.0,4.901
31632,32015.0,6.521
31633,32016.0,7.234
31634,32017.0,6.219
31635,32018.0,5.072
31636,32019.0,4.975
31637,32020.0,6.722
31638,32021.0,7.234
31639,32022.0,5.388
31640,32023.0,4.934
31641,32024.0,7.085
31642,32025.0,7.274
31643,32026.0,5.307
31644,32027.0,6.209
31645,32028.0,7.194
31646,32029.0,6.097
31647,32030.0,4.95
31648,32031.0,4.894
31649,32032.0,4.951
31650,32033.0,4.886
31651,32034.0,4.967
31652,32035.0,5.644
31653,32036.0,6.057
31654,32037.0,4.869
31655,32038.0,6.601
31656,32039.0,5.428
31657,32040.0,4.747
31658,32041.0,7.125
31659,32042.0,5.185
31660,32043.0,4.853
31661,32044.0,7.004
31662,32045.0,4.99
31663,32046.0,5.886
31664,32047.0,5.896
31665,32048.0,4.828
31666,32049.0,4.666
31667,32050.0,7.165
31668,32051.0,5.193
31669,32052.0,5.104
31670,32053.0,4.919
31671,32054.0,6.4
31672,32055.0,4.975
31673,32056.0,4.919
31674,32057.0,5.774
31675,32058.0,4.82
31676,32059.0,4.57
31677,32060.0,4.79
31678,32061.0,4.823
31679,32062.0,5.104
31680,32063.0,4.926
31681,32064.0,4.901
31682,32065.0,5.04
31683,32066.0,4.991
31684,32067.0,5.096
31685,32068.0,4.951
31686,32069.0,5.015
31687,32070.0,4.82
31688,32071.0,6.803
31689,32072.0,7.274
31690,32073.0,5.734
31691,32074.0,5.072
31692,32075.0,4.934
31693,32076.0,6.924
31694,32077.0,7.274
31695,32078.0,5.185
31696,32079.0,5.572
31697,32080.0,7.165
31698,32081.0,6.924
31699,32082.0,5.177
31700,32083.0,6.601
31701,32084.0,7.234
31702,32085.0,5.653
31703,32086.0,4.869
31704,32087.0,4.967
31705,32088.0,4.838
31706,32089.0,4.919
31707,32090.0,4.894
31708,32091.0,6.32
31709,32093.0,5.622
31710,32094.0,4.787
31711,32095.0,6.964
31712,32096.0,5.185
31713,32097.0,4.82
31714,32098.0,7.274
31715,32099.0,5.072
31716,32100.0,5.402
31717,32101.0,6.259
31718,32102.0,4.869
31719,32103.0,6.44
31720,32104.0,5.509
31721,32105.0,4.787
31722,32106.0,4.78
31723,32107.0,7.274
31724,32108.0,5.12
31725,32109.0,4.999
31726,32110.0,4.919
31727,32111.0,6.078
31728,32112.0,4.901
31729,32113.0,5.313
31730,32114.0,5.411
31731,32115.0,4.618
31732,32116.0,4.53
31733,32117.0,4.782
31734,32118.0,4.782
31735,32119.0,5.104
31736,32120.0,4.926
31737,32121.0,4.975
31738,32122.0,4.999
31739,32123.0,4.999
31740,32124.0,5.064
31741,32125.0,4.991
31742,32126.0,5.015
31743,32127.0,4.861
31744,32128.0,6.803
31745,32129.0,7.274
31746,32130.0,5.703
31747,32131.0,5.072
31748,32132.0,4.901
31749,32133.0,6.924
31750,32134.0,7.234
31751,32135.0,5.226
31752,32136.0,5.532
31753,32137.0,7.165
31754,32138.0,6.924
31755,32139.0,5.104
31756,32140.0,6.561
31757,32141.0,7.234
31758,32142.0,5.622
31759,32143.0,4.901
31760,32144.0,4.886
31761,32145.0,4.886
31762,32146.0,4.919
31763,32147.0,4.894
31764,32148.0,6.32
31765,32149.0,5.622
31766,32150.0,4.787
31767,32151.0,6.964
31768,32152.0,5.145
31769,32153.0,4.853
31770,32154.0,7.274
31771,32155.0,5.104
31772,32156.0,5.402
31773,32157.0,6.289
31774,32158.0,4.869
31775,32159.0,6.481
31776,32160.0,5.5
31777,32161.0,4.828
31778,32162.0,4.813
31779,32163.0,7.234
31780,32164.0,5.12
31781,32165.0,4.991
31782,32166.0,4.911
31783,32167.0,5.886
31784,32168.0,4.894
31785,32169.0,5.313
31786,32170.0,5.411
31787,32171.0,4.618
31788,32172.0,4.603
31789,32173.0,4.79
31790,32174.0,4.79
31791,32175.0,5.024
31792,32176.0,4.886
31793,32177.0,5.581
31794,32178.0,5.04
31795,32179.0,4.919
31796,32181.0,4.982
31797,32182.0,4.943
31798,32183.0,5.572
31799,32184.0,4.82
31800,32185.0,6.924
31801,32186.0,7.274
31802,32187.0,5.46
31803,32188.0,5.032
31804,32189.0,4.934
31805,32190.0,7.004
31806,32191.0,7.274
31807,32192.0,5.42
31808,32193.0,5.967
31809,32194.0,7.154
31810,32195.0,6.41
31811,32196.0,5.023
31812,32197.0,6.722
31813,32198.0,7.234
31814,32199.0,5.42
31815,32200.0,4.828
31816,32201.0,4.919
31817,32202.0,4.805
31818,32203.0,4.951
31819,32204.0,4.813
31820,32205.0,6.642
31821,32206.0,5.388
31822,32207.0,4.787
31823,32208.0,7.125
31824,32209.0,5.226
31825,32210.0,4.853
31826,32211.0,7.004
31827,32212.0,4.99
31828,32213.0,5.927
31829,32214.0,5.905
31830,32215.0,4.869
31831,32216.0,6.763
31832,32217.0,5.339
31833,32218.0,4.747
31834,32219.0,4.846
31835,32220.0,6.803
31836,32221.0,5.112
31837,32222.0,4.919
31838,32223.0,4.951
31839,32224.0,5.613
31840,32225.0,4.861
31841,32226.0,5.837
31842,32227.0,5.29
31843,32228.0,4.503
31844,32229.0,4.496
31845,32230.0,4.79
31846,32231.0,4.823
31847,32232.0,5.345
31848,32233.0,5.072
31849,32234.0,4.934
31850,32235.0,5.048
31851,32236.0,5.024
31852,32237.0,5.177
31853,32238.0,4.991
31854,32239.0,4.853
31855,32240.0,4.901
31856,32241.0,6.561
31857,32242.0,7.274
31858,32243.0,6.097
31859,32244.0,5.072
31860,32245.0,4.934
31861,32246.0,6.803
31862,32247.0,7.234
31863,32248.0,5.347
31864,32249.0,4.934
31865,32250.0,7.085
31866,32251.0,7.274
31867,32252.0,5.258
31868,32253.0,6.289
31869,32254.0,7.194
31870,32255.0,5.936
31871,32256.0,4.942
31872,32257.0,4.886
31873,32258.0,4.911
31874,32259.0,4.886
31875,32260.0,4.967
31876,32261.0,5.846
31877,32262.0,5.986
31878,32263.0,4.828
31879,32264.0,6.722
31880,32266.0,5.347
31881,32267.0,4.787
31882,32268.0,7.165
31883,32269.0,5.266
31884,32270.0,4.846
31885,32271.0,6.803
31886,32272.0,4.95
31887,32273.0,6.048
31888,32274.0,5.784
31889,32275.0,4.828
31890,32276.0,4.747
31891,32277.0,7.246
31892,32278.0,5.128
31893,32279.0,5.104
31894,32280.0,4.959
31895,32281.0,6.36
31896,32282.0,4.942
31897,32283.0,4.919
31898,32284.0,5.694
31899,32285.0,4.894
31900,32286.0,4.611
31901,32287.0,4.83
31902,32288.0,4.863
31903,32289.0,5.144
31904,32290.0,4.886
31905,32291.0,5.136
31906,32292.0,4.999
31907,32293.0,4.959
31908,32294.0,5.056
31909,32295.0,4.951
31910,32296.0,5.177
31911,32297.0,4.82
31912,32298.0,6.843
31913,32299.0,7.314
31914,32300.0,5.653
31915,32301.0,5.032
31916,32302.0,4.861
31917,32303.0,6.964
31918,32304.0,7.274
31919,32305.0,5.541
31920,32306.0,5.725
31921,32307.0,7.165
31922,32308.0,6.601
31923,32309.0,5.064
31924,32310.0,6.682
31925,32311.0,7.234
31926,32312.0,5.46
31927,32313.0,4.828
31928,32314.0,4.919
31929,32315.0,4.805
31930,32316.0,4.959
31931,32317.0,4.853
31932,32318.0,6.521
31933,32319.0,5.469
31934,32320.0,4.787
31935,32321.0,7.044
31936,32322.0,5.064
31937,32323.0,4.853
31938,32324.0,7.165
31939,32325.0,4.99
31940,32326.0,5.806
31941,32327.0,5.936
31942,32328.0,4.828
31943,32329.0,6.682
31944,32330.0,5.347
31945,32331.0,4.747
31946,32332.0,4.846
31947,32333.0,6.872
31948,32334.0,5.104
31949,32335.0,4.959
31950,32336.0,4.911
31951,32337.0,5.694
31952,32338.0,4.853
31953,32339.0,5.756
31954,32340.0,5.298
31955,32341.0,4.544
31956,32342.0,4.677
31957,32343.0,4.79
31958,32344.0,4.83
31959,32345.0,5.024
31960,32347.0,4.846
31961,32348.0,5.379
31962,32349.0,4.991
31963,32350.0,4.886
31964,32351.0,5.096
31965,32352.0,4.943
31966,32353.0,5.379
31967,32354.0,4.78
31968,32355.0,7.044
31969,32356.0,7.274
31970,32357.0,5.298
31971,32358.0,5.032
31972,32359.0,5.007
31973,32360.0,7.125
31974,32361.0,7.314
31975,32362.0,5.266
31976,32363.0,6.33
31977,32364.0,7.194
31978,32365.0,5.967
31979,32366.0,4.95
31980,32367.0,6.924
31981,32368.0,7.234
31982,32369.0,5.217
31983,32370.0,4.828
31984,32371.0,4.911
31985,32372.0,4.772
31986,32373.0,4.951
31987,32374.0,4.78
31988,32375.0,6.924
31989,32376.0,5.185
31990,32377.0,4.82
31991,32378.0,7.274
31992,32379.0,5.112
31993,32380.0,5.29
31994,32381.0,6.34
31995,32382.0,4.909
31996,32383.0,6.4
31997,32384.0,5.541
31998,32385.0,4.787
31999,32386.0,7.004
32000,32387.0,5.104
32001,32388.0,4.706
32002,32389.0,5.402
32003,32390.0,6.249
32004,32391.0,5.032
32005,32392.0,4.886
32006,32393.0,5.474
32007,32394.0,5.379
32008,32395.0,4.82
32009,32396.0,6.36
32010,32397.0,5.096
32011,32398.0,4.422
32012,32399.0,4.57
32013,32400.0,4.79
32014,32401.0,4.823
32015,32402.0,5.064
32016,32403.0,4.886
32017,32404.0,5.572
32018,32405.0,4.999
32019,32406.0,4.959
32020,32407.0,5.023
32021,32408.0,4.991
32022,32409.0,5.613
32023,32410.0,4.82
32024,32411.0,6.924
32025,32412.0,7.274
32026,32413.0,5.5
32027,32414.0,5.072
32028,32415.0,4.934
32029,32416.0,7.004
32030,32417.0,7.274
32031,32418.0,5.5
32032,32419.0,5.886
32033,32420.0,7.194
32034,32421.0,6.41
32035,32422.0,5.023
32036,32423.0,6.722
32037,32424.0,7.234
32038,32425.0,5.379
32039,32426.0,4.861
32040,32427.0,4.919
32041,32428.0,4.846
32042,32429.0,4.951
32043,32431.0,4.853
32044,32432.0,6.642
32045,32433.0,5.379
32046,32434.0,4.747
32047,32435.0,7.165
32048,32436.0,5.266
32049,32437.0,4.894
32050,32438.0,6.924
32051,32439.0,4.982
32052,32440.0,5.967
32053,32441.0,5.855
32054,32442.0,4.828
32055,32443.0,6.803
32056,32444.0,5.266
32057,32445.0,4.78
32058,32446.0,4.846
32059,32447.0,6.722
32060,32448.0,5.08
32061,32449.0,4.926
32062,32450.0,4.911
32063,32451.0,5.572
32064,32452.0,4.861
32065,32453.0,5.917
32066,32454.0,5.217
32067,32455.0,4.537
32068,32456.0,4.644
32069,32457.0,4.79
32070,32458.0,4.823
32071,32459.0,5.064
32072,32460.0,4.853
32073,32461.0,5.46
32074,32462.0,4.999
32075,32463.0,4.886
32076,32464.0,4.942
32077,32465.0,4.951
32078,32466.0,5.451
32079,32467.0,4.82
32080,32468.0,6.964
32081,32469.0,7.274
32082,32470.0,5.347
32083,32471.0,5.032
32084,32472.0,4.934
32085,32473.0,7.044
32086,32474.0,7.274
32087,32475.0,5.307
32088,32476.0,6.168
32089,32477.0,7.194
32090,32478.0,6.138
32091,32479.0,4.982
32092,32480.0,6.843
32093,32481.0,7.234
32094,32482.0,5.298
32095,32483.0,4.828
32096,32484.0,4.919
32097,32485.0,4.772
32098,32486.0,4.951
32099,32487.0,4.82
32100,32488.0,6.803
32101,32489.0,5.266
32102,32490.0,4.82
32103,32491.0,7.205
32104,32492.0,5.185
32105,32493.0,4.926
32106,32494.0,6.612
32107,32495.0,4.95
32108,32496.0,6.209
32109,32497.0,5.662
32110,32498.0,4.828
32111,32499.0,6.883
32112,32500.0,5.185
32113,32501.0,4.706
32114,32502.0,5.128
32115,32503.0,6.44
32116,32504.0,5.112
32117,32505.0,4.886
32118,32506.0,5.152
32119,32507.0,5.492
32120,32508.0,4.853
32121,32509.0,6.159
32122,32510.0,5.209
32123,32511.0,4.463
32124,32512.0,4.717
32125,32513.0,4.83
32126,32515.0,5.184
32127,32516.0,5.024
32128,32517.0,4.926
32129,32518.0,5.258
32130,32519.0,5.032
32131,32520.0,4.846
32132,32521.0,5.088
32133,32522.0,4.943
32134,32523.0,5.249
32135,32524.0,5.056
32136,32525.0,7.085
32137,32526.0,7.274
32138,32527.0,5.266
32139,32528.0,5.032
32140,32529.0,5.33
32141,32530.0,7.125
32142,32531.0,7.113
32143,32532.0,5.145
32144,32533.0,6.481
32145,32534.0,7.234
32146,32535.0,5.703
32147,32536.0,4.901
32148,32537.0,6.964
32149,32538.0,7.234
32150,32539.0,5.532
32151,32540.0,4.82
32152,32541.0,4.911
32153,32542.0,4.78
32154,32543.0,4.951
32155,32544.0,4.78
32156,32545.0,7.085
32157,32546.0,5.104
32158,32547.0,4.853
32159,32548.0,7.274
32160,32549.0,5.031
32161,32550.0,5.725
32162,32551.0,6.017
32163,32552.0,4.869
32164,32553.0,6.642
32165,32554.0,5.388
32166,32555.0,4.787
32167,32556.0,7.125
32168,32557.0,5.226
32169,32558.0,4.706
32170,32559.0,5.806
32171,32560.0,5.998
32172,32561.0,5.032
32173,32562.0,4.87
32174,32563.0,5.837
32175,32564.0,5.258
32176,32565.0,4.82
32177,32566.0,6.591
32178,32567.0,5.056
32179,32568.0,4.382
32180,32569.0,4.75
32181,32570.0,4.823
32182,32571.0,5.354
32183,32572.0,5.024
32184,32573.0,5.056
32185,32574.0,5.096
32186,32575.0,4.991
32187,32576.0,4.926
32188,32577.0,5.04
32189,32578.0,5.032
32190,32579.0,5.056
32191,32580.0,5.532
32192,32581.0,7.165
32193,32582.0,7.314
32194,32583.0,5.209
32195,32584.0,5.313
32196,32585.0,6.007
32197,32586.0,7.234
32198,32587.0,6.33
32199,32588.0,5.056
32200,32589.0,6.763
32201,32590.0,7.274
32202,32591.0,5.339
32203,32592.0,5.015
32204,32593.0,7.085
32205,32594.0,7.274
32206,32595.0,5.266
32207,32596.0,4.747
32208,32597.0,4.911
32209,32599.0,4.699
32210,32600.0,4.991
32211,32601.0,4.813
32212,32602.0,7.274
32213,32603.0,5.104
32214,32604.0,5.249
32215,32605.0,6.37
32216,32606.0,4.909
32217,32607.0,6.4
32218,32608.0,5.581
32219,32609.0,4.787
32220,32610.0,7.004
32221,32611.0,5.104
32222,32612.0,4.813
32223,32613.0,7.274
32224,32614.0,5.064
32225,32615.0,4.706
32226,32616.0,6.44
32227,32617.0,5.564
32228,32618.0,5.024
32229,32619.0,4.805
32230,32620.0,6.47
32231,32621.0,5.096
32232,32622.0,4.853
32233,32623.0,6.913
32234,32624.0,5.056
32235,32625.0,4.301
32236,32626.0,4.79
32237,32627.0,4.823
32238,32628.0,5.345
32239,32629.0,4.983
32240,32630.0,4.975
32241,32631.0,4.982
32242,32632.0,4.991
32243,32633.0,5.572
32244,32634.0,4.999
32245,32635.0,4.926
32246,32636.0,4.975
32247,32637.0,6.007
32248,32638.0,7.194
32249,32639.0,7.154
32250,32640.0,5.201
32251,32641.0,5.16
32252,32642.0,6.36
32253,32643.0,7.194
32254,32644.0,5.896
32255,32645.0,4.942
32256,32646.0,6.964
32257,32647.0,7.274
32258,32648.0,5.217
32259,32649.0,5.532
32260,32650.0,7.154
32261,32651.0,6.924
32262,32652.0,5.145
32263,32653.0,4.747
32264,32654.0,4.943
32265,32655.0,4.82
32266,32656.0,5.184
32267,32657.0,4.846
32268,32658.0,6.924
32269,32659.0,4.99
32270,32660.0,6.048
32271,32661.0,5.824
32272,32662.0,4.861
32273,32663.0,6.803
32274,32664.0,5.298
32275,32665.0,4.828
32276,32666.0,7.246
32277,32667.0,5.185
32278,32668.0,4.886
32279,32669.0,6.572
32280,32670.0,4.909
32281,32671.0,4.673
32282,32672.0,6.843
32283,32673.0,5.29
32284,32674.0,4.983
32285,32675.0,4.846
32286,32676.0,6.832
32287,32677.0,5.056
32288,32678.0,4.886
32289,32679.0,6.33
32290,32680.0,4.934
32291,32682.0,4.219
32292,32683.0,4.79
32293,32684.0,4.823
32294,32685.0,5.265
32295,32686.0,5.104
32296,32687.0,4.934
32297,32688.0,5.104
32298,32689.0,4.943
32299,32690.0,5.411
32300,32691.0,4.991
32301,32692.0,4.886
32302,32693.0,4.942
32303,32694.0,6.289
32304,32695.0,7.234
32305,32696.0,6.682
32306,32697.0,5.12
32307,32698.0,5.048
32308,32699.0,6.561
32309,32700.0,7.274
32310,32701.0,5.662
32311,32702.0,4.901
32312,32703.0,7.004
32313,32704.0,7.274
32314,32705.0,5.46
32315,32706.0,5.886
32316,32707.0,7.154
32317,32708.0,6.451
32318,32709.0,5.023
32319,32710.0,4.901
32320,32711.0,4.903
32321,32712.0,4.886
32322,32713.0,5.08
32323,32714.0,5.16
32324,32715.0,6.451
32325,32716.0,4.909
32326,32717.0,6.32
32327,32718.0,5.622
32328,32719.0,4.828
32329,32720.0,7.004
32330,32721.0,5.185
32331,32722.0,4.853
32332,32723.0,7.274
32333,32724.0,5.104
32334,32725.0,5.443
32335,32726.0,6.219
32336,32727.0,4.869
32337,32728.0,4.706
32338,32729.0,7.044
32339,32730.0,5.241
32340,32731.0,5.024
32341,32732.0,4.886
32342,32733.0,6.832
32343,32734.0,5.056
32344,32735.0,4.878
32345,32736.0,6.038
32346,32737.0,4.894
32347,32738.0,4.496
32348,32739.0,4.79
32349,32740.0,4.863
32350,32741.0,5.144
32351,32742.0,4.999
32352,32743.0,4.853
32353,32744.0,5.048
32354,32745.0,5.064
32355,32746.0,5.177
32356,32747.0,4.991
32357,32748.0,4.813
32358,32749.0,4.861
32359,32750.0,6.601
32360,32751.0,7.234
32361,32752.0,6.057
32362,32753.0,5.072
32363,32754.0,4.934
32364,32755.0,6.803
32365,32756.0,7.234
32366,32757.0,5.347
32367,32758.0,4.975
32368,32759.0,7.085
32369,32760.0,7.274
32370,32761.0,5.266
32371,32762.0,6.289
32372,32763.0,7.234
32373,32765.0,5.936
32374,32766.0,4.942
32375,32767.0,4.886
32376,32768.0,4.911
32377,32769.0,4.886
32378,32770.0,4.967
32379,32771.0,5.846
32380,32772.0,5.976
32381,32773.0,4.828
32382,32774.0,6.722
32383,32775.0,5.347
32384,32776.0,4.787
32385,32777.0,7.165
32386,32778.0,5.266
32387,32779.0,4.926
32388,32780.0,6.843
32389,32781.0,4.95
32390,32782.0,6.048
32391,32783.0,5.824
32392,32784.0,4.828
32393,32785.0,4.747
32394,32786.0,7.205
32395,32787.0,5.16
32396,32788.0,5.112
32397,32789.0,4.878
32398,32790.0,6.33
32399,32791.0,4.942
32400,32792.0,4.919
32401,32793.0,5.653
32402,32794.0,4.853
32403,32795.0,4.456
32404,32796.0,4.79
32405,32797.0,4.823
32406,32798.0,5.144
32407,32799.0,4.959
32408,32800.0,4.894
32409,32801.0,5.048
32410,32802.0,5.072
32411,32803.0,5.136
32412,32804.0,4.991
32413,32805.0,4.853
32414,32806.0,4.894
32415,32807.0,6.682
32416,32808.0,7.274
32417,32809.0,5.936
32418,32810.0,5.112
32419,32811.0,4.934
32420,32812.0,6.883
32421,32813.0,7.274
32422,32814.0,5.298
32423,32815.0,5.088
32424,32816.0,7.125
32425,32817.0,7.274
32426,32818.0,5.226
32427,32819.0,6.4
32428,32820.0,7.234
32429,32821.0,5.815
32430,32822.0,4.901
32431,32823.0,4.886
32432,32824.0,4.878
32433,32825.0,4.919
32434,32826.0,4.926
32435,32827.0,6.078
32436,32828.0,5.784
32437,32829.0,4.828
32438,32830.0,6.843
32439,32831.0,5.266
32440,32832.0,4.82
32441,32833.0,7.246
32442,32834.0,5.185
32443,32835.0,5.007
32444,32836.0,6.531
32445,32837.0,4.95
32446,32838.0,6.249
32447,32839.0,5.662
32448,32840.0,4.787
32449,32841.0,4.82
32450,32842.0,7.274
32451,32843.0,5.16
32452,32844.0,5.032
32453,32845.0,4.919
32454,32846.0,6.128
32455,32847.0,4.934
32456,32848.0,4.951
32457,32850.0,5.564
32458,32851.0,4.78
32459,32852.0,4.79
32460,32853.0,4.823
32461,32854.0,5.354
32462,32855.0,4.983
32463,32856.0,5.048
32464,32857.0,5.104
32465,32858.0,4.991
32466,32859.0,4.894
32467,32860.0,5.04
32468,32861.0,4.999
32469,32862.0,5.096
32470,32863.0,5.532
32471,32864.0,7.165
32472,32865.0,7.314
32473,32866.0,5.249
32474,32867.0,5.313
32475,32868.0,6.048
32476,32869.0,7.194
32477,32870.0,6.37
32478,32871.0,5.023
32479,32872.0,6.803
32480,32873.0,7.234
32481,32874.0,5.379
32482,32875.0,4.934
32483,32876.0,7.085
32484,32877.0,7.274
32485,32878.0,5.298
32486,32879.0,4.747
32487,32880.0,4.951
32488,32881.0,4.739
32489,32882.0,5.032
32490,32883.0,4.813
32491,32884.0,7.314
32492,32885.0,5.104
32493,32886.0,5.33
32494,32887.0,6.34
32495,32888.0,4.909
32496,32889.0,6.4
32497,32890.0,5.55
32498,32891.0,4.787
32499,32892.0,7.004
32500,32893.0,5.104
32501,32894.0,4.853
32502,32895.0,7.274
32503,32896.0,5.031
32504,32897.0,4.666
32505,32898.0,6.481
32506,32899.0,5.564
32507,32900.0,5.032
32508,32901.0,4.813
32509,32902.0,6.481
32510,32903.0,5.096
32511,32904.0,4.853
32512,32905.0,6.913
32513,32906.0,5.015
32514,32907.0,4.301
32515,32908.0,4.75
32516,32909.0,4.823
32517,32910.0,5.273
32518,32911.0,4.983
32519,32912.0,4.934
32520,32913.0,4.982
32521,32914.0,4.951
32522,32915.0,5.451
32523,32916.0,4.991
32524,32917.0,4.886
32525,32918.0,4.942
32526,32919.0,6.209
32527,32920.0,7.194
32528,32921.0,6.843
32529,32922.0,5.12
32530,32923.0,5.088
32531,32924.0,6.521
32532,32925.0,7.234
32533,32926.0,5.703
32534,32927.0,4.901
32535,32928.0,6.964
32536,32929.0,7.274
32537,32930.0,5.541
32538,32932.0,5.806
32539,32933.0,7.154
32540,32934.0,6.612
32541,32935.0,5.023
32542,32936.0,4.901
32543,32937.0,4.903
32544,32938.0,4.853
32545,32939.0,5.112
32546,32940.0,4.926
32547,32941.0,6.612
32548,32942.0,4.942
32549,32943.0,6.209
32550,32944.0,5.703
32551,32945.0,4.787
32552,32946.0,6.924
32553,32947.0,5.185
32554,32948.0,4.861
32555,32949.0,7.274
32556,32950.0,5.145
32557,32951.0,5.209
32558,32952.0,6.41
32559,32953.0,4.909
32560,32954.0,4.706
32561,32955.0,6.964
32562,32956.0,5.273
32563,32957.0,4.983
32564,32958.0,4.886
32565,32959.0,6.913
32566,32960.0,5.096
32567,32961.0,4.878
32568,32962.0,6.168
32569,32963.0,4.901
32570,32964.0,4.496
32571,32965.0,4.79
32572,32966.0,4.782
32573,32967.0,5.152
32574,32968.0,4.959
32575,32969.0,4.853
32576,32970.0,5.048
32577,32971.0,5.064
32578,32972.0,5.177
32579,32973.0,4.991
32580,32974.0,4.853
32581,32975.0,4.861
32582,32976.0,6.601
32583,32977.0,7.234
32584,32978.0,6.097
32585,32979.0,5.072
32586,32980.0,4.934
32587,32981.0,6.803
32588,32982.0,7.234
32589,32983.0,5.347
32590,32984.0,4.975
32591,32985.0,7.125
32592,32986.0,7.274
32593,32987.0,5.266
32594,32988.0,6.289
32595,32989.0,7.194
32596,32990.0,5.976
32597,32991.0,4.942
32598,32992.0,4.894
32599,32993.0,4.911
32600,32994.0,4.886
32601,32995.0,4.967
32602,32996.0,5.846
32603,32997.0,5.945
32604,32998.0,4.828
32605,32999.0,6.722
32606,33000.0,5.307
32607,33001.0,4.787
32608,33002.0,7.165
32609,33003.0,5.226
32610,33004.0,4.846
32611,33005.0,6.733
32612,33006.0,4.95
32613,33007.0,6.128
32614,33008.0,5.743
32615,33009.0,4.828
32616,33010.0,4.747
32617,33011.0,7.234
32618,33012.0,5.16
32619,33013.0,5.072
32620,33014.0,4.87
32621,33015.0,6.239
32622,33017.0,4.942
32623,33018.0,4.911
32624,33019.0,5.613
32625,33020.0,4.894
32626,33021.0,4.611
32627,33022.0,4.83
32628,33023.0,4.79
32629,33024.0,5.104
32630,33025.0,4.886
32631,33026.0,5.298
32632,33027.0,4.999
32633,33028.0,4.991
32634,33029.0,5.023
32635,33030.0,4.991
32636,33031.0,5.339
32637,33032.0,4.861
32638,33033.0,6.843
32639,33034.0,7.314
32640,33035.0,5.581
32641,33036.0,5.072
32642,33037.0,4.861
32643,33038.0,7.004
32644,33039.0,7.274
32645,33040.0,5.541
32646,33041.0,5.725
32647,33042.0,7.154
32648,33043.0,6.642
32649,33044.0,5.064
32650,33045.0,6.682
32651,33046.0,7.234
32652,33047.0,5.5
32653,33048.0,4.869
32654,33049.0,4.919
32655,33050.0,4.805
32656,33051.0,4.919
32657,33052.0,4.853
32658,33053.0,6.481
32659,33054.0,5.469
32660,33055.0,4.787
32661,33056.0,7.044
32662,33057.0,5.104
32663,33058.0,4.813
32664,33059.0,7.274
32665,33060.0,5.023
32666,33061.0,5.685
32667,33062.0,6.057
32668,33063.0,4.869
32669,33064.0,6.642
32670,33065.0,5.388
32671,33066.0,4.747
32672,33067.0,4.853
32673,33068.0,7.073
32674,33069.0,5.112
32675,33070.0,4.959
32676,33071.0,4.911
32677,33072.0,5.725
32678,33073.0,4.894
32679,33074.0,5.676
32680,33075.0,5.339
32681,33076.0,4.537
32682,33077.0,4.644
32683,33078.0,4.79
32684,33079.0,4.863
32685,33080.0,5.064
32686,33081.0,4.886
32687,33082.0,5.5
32688,33083.0,4.999
32689,33084.0,4.926
32690,33085.0,4.975
32691,33086.0,4.943
32692,33087.0,5.492
32693,33088.0,4.78
32694,33089.0,7.004
32695,33090.0,7.274
32696,33091.0,5.379
32697,33092.0,5.032
32698,33093.0,4.967
32699,33094.0,7.044
32700,33095.0,7.314
32701,33096.0,5.347
32702,33097.0,6.209
32703,33098.0,7.194
32704,33099.0,6.128
32705,33101.0,4.942
32706,33102.0,6.883
32707,33103.0,7.274
32708,33104.0,5.298
32709,33105.0,4.82
32710,33106.0,4.959
32711,33107.0,4.772
32712,33108.0,4.991
32713,33109.0,4.78
32714,33110.0,6.883
32715,33111.0,5.226
32716,33112.0,4.861
32717,33113.0,7.246
32718,33114.0,5.145
32719,33115.0,5.048
32720,33116.0,6.491
32721,33117.0,4.909
32722,33118.0,6.289
32723,33119.0,5.622
32724,33120.0,4.787
32725,33121.0,6.924
32726,33122.0,5.145
32727,33123.0,4.706
32728,33124.0,5.169
32729,33125.0,6.4
32730,33126.0,5.072
32731,33127.0,4.886
32732,33128.0,5.193
32733,33129.0,5.451
32734,33130.0,4.82
32735,33131.0,6.199
32736,33132.0,5.136
32737,33133.0,4.422
32738,33134.0,4.677
32739,33135.0,4.83
32740,33136.0,4.983
32741,33137.0,5.024
32742,33138.0,4.813
32743,33139.0,5.298
32744,33140.0,4.991
32745,33141.0,4.886
32746,33142.0,5.048
32747,33143.0,4.983
32748,33144.0,5.298
32749,33145.0,4.894
32750,33146.0,7.044
32751,33147.0,7.314
32752,33148.0,5.185
32753,33149.0,5.032
32754,33150.0,5.169
32755,33151.0,7.125
32756,33152.0,7.234
32757,33153.0,5.226
32758,33154.0,6.41
32759,33155.0,7.234
32760,33156.0,5.824
32761,33157.0,4.942
32762,33158.0,6.924
32763,33159.0,7.274
32764,33160.0,5.266
32765,33161.0,4.82
32766,33162.0,4.911
32767,33163.0,4.772
32768,33164.0,4.991
32769,33165.0,4.78
32770,33166.0,7.004
32771,33167.0,5.145
32772,33168.0,4.853
32773,33169.0,7.314
32774,33170.0,5.072
32775,33171.0,5.564
32776,33172.0,6.178
32777,33173.0,4.901
32778,33174.0,6.521
32779,33175.0,5.5
32780,33176.0,4.747
32781,33177.0,7.125
32782,33178.0,5.064
32783,33179.0,4.747
32784,33180.0,5.685
32785,33181.0,6.109
32786,33182.0,5.072
32787,33183.0,4.911
32788,33184.0,5.756
32789,33185.0,5.33
32790,33187.0,4.82
32791,33188.0,6.481
32792,33189.0,5.096
32793,33190.0,4.382
32794,33191.0,4.677
32795,33192.0,4.823
32796,33193.0,5.144
32797,33194.0,5.024
32798,33195.0,4.894
32799,33196.0,5.266
32800,33197.0,4.991
32801,33198.0,4.846
32802,33199.0,5.056
32803,33200.0,4.983
32804,33201.0,5.258
32805,33202.0,5.064
32806,33203.0,7.085
32807,33204.0,7.314
32808,33205.0,5.266
32809,33206.0,5.024
32810,33207.0,5.33
32811,33208.0,7.125
32812,33209.0,7.154
32813,33210.0,5.145
32814,33211.0,6.521
32815,33212.0,7.234
32816,33213.0,5.703
32817,33214.0,4.901
32818,33215.0,6.964
32819,33216.0,7.234
32820,33217.0,5.46
32821,33218.0,4.787
32822,33219.0,4.911
32823,33220.0,4.739
32824,33221.0,4.951
32825,33222.0,4.739
32826,33223.0,7.085
32827,33224.0,5.104
32828,33225.0,4.853
32829,33226.0,7.205
32830,33227.0,5.023
32831,33228.0,5.725
32832,33229.0,6.017
32833,33230.0,4.828
32834,33231.0,6.642
32835,33232.0,5.347
32836,33233.0,4.747
32837,33234.0,7.125
32838,33235.0,5.266
32839,33236.0,4.714
32840,33237.0,5.886
32841,33238.0,5.936
32842,33239.0,5.072
32843,33240.0,4.853
32844,33241.0,5.917
32845,33242.0,5.258
32846,33243.0,4.82
32847,33244.0,6.642
32848,33245.0,5.048
32849,33246.0,4.341
32850,33247.0,4.717
32851,33248.0,4.782
32852,33249.0,5.385
32853,33250.0,4.983
32854,33251.0,5.007
32855,33252.0,5.258
32856,33253.0,4.991
32857,33254.0,4.846
32858,33255.0,5.088
32859,33256.0,4.943
32860,33257.0,5.249
32861,33258.0,5.064
32862,33259.0,7.125
32863,33260.0,7.314
32864,33261.0,5.307
32865,33262.0,5.024
32866,33263.0,5.411
32867,33264.0,7.125
32868,33265.0,7.044
32869,33266.0,5.145
32870,33267.0,6.521
32871,33268.0,7.274
32872,33269.0,5.662
32873,33271.0,4.901
32874,33272.0,6.964
32875,33273.0,7.274
32876,33274.0,5.581
32877,33275.0,4.78
32878,33276.0,4.911
32879,33277.0,4.739
32880,33278.0,4.951
32881,33279.0,4.78
32882,33280.0,7.085
32883,33281.0,5.104
32884,33282.0,4.853
32885,33283.0,7.234
32886,33284.0,5.031
32887,33285.0,5.765
32888,33286.0,6.017
32889,33287.0,4.869
32890,33288.0,6.642
32891,33289.0,5.388
32892,33290.0,4.747
32893,33291.0,7.165
32894,33292.0,5.266
32895,33293.0,4.747
32896,33294.0,5.886
32897,33295.0,5.957
32898,33296.0,5.032
32899,33297.0,4.878
32900,33298.0,5.957
32901,33299.0,5.33
32902,33300.0,4.82
32903,33301.0,6.642
32904,33302.0,5.056
32905,33303.0,4.341
32906,33304.0,3.982
32907,33305.0,4.717
32908,33306.0,4.823
32909,33307.0,5.385
32910,33308.0,4.983
32911,33309.0,5.128
32912,33310.0,5.096
32913,33311.0,4.991
32914,33312.0,4.813
32915,33313.0,5.04
32916,33314.0,5.032
32917,33315.0,5.136
32918,33316.0,5.371
32919,33317.0,7.205
32920,33318.0,7.314
32921,33319.0,5.29
32922,33320.0,5.394
32923,33321.0,5.927
32924,33322.0,7.165
32925,33323.0,6.491
32926,33324.0,5.023
32927,33325.0,6.763
32928,33326.0,7.234
32929,33327.0,5.46
32930,33328.0,4.934
32931,33329.0,7.085
32932,33330.0,7.274
32933,33331.0,5.339
32934,33332.0,4.787
32935,33333.0,4.911
32936,33334.0,4.739
32937,33335.0,4.951
32938,33336.0,4.82
32939,33337.0,7.234
32940,33338.0,5.145
32941,33339.0,5.088
32942,33340.0,6.491
32943,33341.0,4.909
32944,33342.0,6.279
32945,33343.0,5.622
32946,33344.0,4.828
32947,33345.0,6.924
32948,33346.0,5.145
32949,33347.0,4.82
32950,33348.0,7.286
32951,33349.0,5.072
32952,33350.0,4.706
32953,33351.0,6.36
32954,33352.0,5.613
32955,33353.0,5.032
32956,33354.0,4.813
32957,33356.0,6.4
32958,33357.0,5.096
32959,33358.0,4.853
32960,33359.0,6.872
32961,33360.0,5.056
32962,33361.0,4.301
32963,33362.0,4.717
32964,33363.0,4.823
32965,33364.0,5.466
32966,33365.0,5.024
32967,33366.0,5.136
32968,33367.0,5.217
32969,33368.0,4.951
32970,33369.0,4.846
32971,33370.0,5.048
32972,33371.0,5.104
32973,33372.0,5.177
32974,33373.0,5.056
32975,33374.0,7.125
32976,33375.0,7.355
32977,33376.0,5.298
32978,33377.0,5.104
32979,33378.0,5.564
32980,33379.0,7.194
32981,33380.0,6.843
32982,33381.0,5.104
32983,33382.0,6.601
32984,33383.0,7.234
32985,33384.0,5.581
32986,33385.0,4.975
32987,33386.0,7.004
32988,33387.0,7.314
32989,33388.0,5.46
32990,33389.0,4.82
32991,33390.0,4.911
32992,33391.0,4.772
32993,33392.0,4.951
32994,33393.0,4.78
32995,33394.0,7.165
32996,33395.0,5.298
32997,33396.0,4.846
32998,33397.0,6.964
32999,33398.0,4.99
33000,33399.0,6.007
33001,33400.0,5.864
33002,33401.0,4.869
33003,33402.0,6.763
33004,33403.0,5.307
33005,33404.0,4.787
33006,33405.0,7.205
33007,33406.0,5.185
33008,33407.0,4.706
33009,33408.0,6.048
33010,33409.0,5.815
33011,33410.0,5.032
33012,33411.0,4.853
33013,33412.0,6.078
33014,33413.0,5.177
33015,33414.0,4.78
33016,33415.0,6.722
33017,33416.0,5.023
33018,33417.0,4.341
33019,33418.0,4.717
33020,33419.0,4.79
33021,33420.0,5.466
33022,33421.0,4.983
33023,33422.0,5.136
33024,33423.0,5.177
33025,33424.0,4.991
33026,33425.0,4.853
33027,33426.0,5.088
33028,33427.0,5.072
33029,33428.0,5.177
33030,33429.0,5.056
33031,33430.0,7.125
33032,33431.0,7.274
33033,33432.0,5.258
33034,33433.0,5.184
33035,33434.0,5.685
33036,33435.0,7.154
33037,33436.0,6.763
33038,33437.0,5.064
33039,33438.0,6.642
33040,33440.0,7.234
33041,33441.0,5.541
33042,33442.0,4.942
33043,33443.0,7.044
33044,33444.0,7.274
33045,33445.0,5.46
33046,33446.0,4.78
33047,33447.0,4.951
33048,33448.0,4.739
33049,33449.0,4.991
33050,33450.0,4.78
33051,33451.0,7.194
33052,33452.0,5.266
33053,33453.0,4.886
33054,33454.0,6.843
33055,33455.0,4.982
33056,33456.0,6.048
33057,33457.0,5.815
33058,33458.0,4.787
33059,33459.0,6.843
33060,33460.0,5.266
33061,33461.0,4.82
33062,33462.0,7.194
33063,33463.0,5.185
33064,33464.0,4.666
33065,33465.0,6.209
33066,33466.0,5.756
33067,33467.0,5.072
33068,33468.0,4.853
33069,33469.0,6.199
33070,33470.0,5.177
33071,33471.0,4.853
33072,33472.0,6.792
33073,33473.0,5.136
33074,33474.0,4.301
33075,33475.0,4.757
33076,33476.0,4.79
33077,33477.0,5.273
33078,33478.0,4.983
33079,33479.0,5.015
33080,33480.0,5.064
33081,33481.0,4.951
33082,33482.0,5.088
33083,33483.0,4.999
33084,33484.0,4.959
33085,33485.0,5.056
33086,33486.0,5.653
33087,33487.0,7.165
33088,33488.0,7.274
33089,33489.0,5.209
33090,33490.0,5.281
33091,33491.0,6.088
33092,33492.0,7.194
33093,33493.0,6.219
33094,33494.0,4.982
33095,33495.0,6.803
33096,33496.0,7.274
33097,33497.0,5.307
33098,33498.0,4.975
33099,33499.0,7.085
33100,33500.0,7.274
33101,33501.0,5.226
33102,33502.0,4.787
33103,33503.0,4.911
33104,33504.0,4.739
33105,33505.0,4.951
33106,33506.0,4.853
33107,33507.0,7.314
33108,33508.0,5.064
33109,33509.0,5.443
33110,33510.0,6.219
33111,33511.0,4.869
33112,33512.0,6.521
33113,33513.0,5.469
33114,33514.0,4.787
33115,33515.0,7.044
33116,33516.0,5.104
33117,33517.0,4.853
33118,33518.0,7.234
33119,33519.0,4.99
33120,33520.0,4.706
33121,33521.0,6.561
33122,33522.0,5.483
33123,33524.0,5.024
33124,33525.0,4.853
33125,33526.0,6.591
33126,33527.0,5.056
33127,33528.0,4.846
33128,33529.0,6.832
33129,33530.0,5.015
33130,33531.0,4.301
33131,33532.0,4.75
33132,33533.0,4.83
33133,33534.0,5.273
33134,33535.0,5.024
33135,33536.0,4.934
33136,33537.0,5.015
33137,33538.0,4.951
33138,33539.0,5.492
33139,33540.0,4.999
33140,33541.0,4.919
33141,33542.0,4.942
33142,33543.0,6.168
33143,33544.0,7.234
33144,33545.0,7.004
33145,33546.0,5.12
33146,33547.0,5.088
33147,33548.0,6.481
33148,33549.0,7.234
33149,33550.0,5.743
33150,33551.0,4.901
33151,33552.0,6.964
33152,33553.0,7.274
33153,33554.0,5.42
33154,33555.0,5.725
33155,33556.0,7.165
33156,33557.0,6.682
33157,33558.0,5.064
33158,33559.0,4.901
33159,33560.0,4.951
33160,33561.0,4.853
33161,33562.0,5.112
33162,33563.0,4.846
33163,33564.0,6.693
33164,33565.0,4.95
33165,33566.0,6.168
33166,33567.0,5.743
33167,33568.0,4.787
33168,33569.0,6.843
33169,33570.0,5.226
33170,33571.0,4.78
33171,33572.0,7.246
33172,33573.0,5.104
33173,33574.0,5.128
33174,33575.0,6.451
33175,33576.0,4.909
33176,33577.0,4.673
33177,33578.0,6.924
33178,33579.0,5.258
33179,33580.0,5.032
33180,33581.0,4.846
33181,33582.0,6.913
33182,33583.0,5.064
33183,33584.0,4.919
33184,33585.0,6.168
33185,33586.0,4.901
33186,33587.0,4.219
33187,33588.0,4.75
33188,33589.0,4.823
33189,33590.0,5.273
33190,33591.0,4.983
33191,33592.0,4.934
33192,33593.0,4.982
33193,33594.0,4.991
33194,33595.0,5.411
33195,33596.0,4.991
33196,33597.0,4.886
33197,33598.0,4.975
33198,33599.0,6.209
33199,33600.0,7.234
33200,33601.0,6.803
33201,33602.0,5.16
33202,33603.0,5.048
33203,33604.0,6.521
33204,33605.0,7.234
33205,33607.0,5.694
33206,33608.0,4.861
33207,33609.0,7.004
33208,33610.0,7.274
33209,33611.0,5.541
33210,33612.0,5.806
33211,33613.0,7.194
33212,33614.0,6.572
33213,33615.0,5.096
33214,33616.0,4.901
33215,33617.0,4.951
33216,33618.0,4.853
33217,33619.0,5.112
33218,33620.0,4.967
33219,33621.0,6.612
33220,33622.0,4.95
33221,33623.0,6.209
33222,33624.0,5.662
33223,33625.0,4.787
33224,33626.0,6.924
33225,33627.0,5.185
33226,33628.0,4.82
33227,33629.0,7.274
33228,33630.0,5.104
33229,33631.0,5.33
33230,33632.0,6.299
33231,33633.0,4.869
33232,33634.0,4.666
33233,33635.0,6.964
33234,33636.0,5.209
33235,33637.0,5.024
33236,33638.0,4.846
33237,33639.0,6.913
33238,33640.0,5.056
33239,33641.0,4.919
33240,33642.0,6.088
33241,33643.0,4.901
33242,33644.0,4.382
33243,33645.0,4.75
33244,33646.0,4.83
33245,33647.0,5.193
33246,33648.0,5.032
33247,33649.0,4.894
33248,33650.0,5.056
33249,33651.0,4.943
33250,33652.0,5.298
33251,33653.0,4.951
33252,33654.0,4.886
33253,33655.0,4.901
33254,33656.0,6.451
33255,33657.0,7.246
33256,33658.0,6.37
33257,33659.0,5.08
33258,33660.0,5.015
33259,33661.0,6.682
33260,33662.0,7.234
33261,33663.0,5.46
33262,33664.0,4.975
33263,33665.0,7.044
33264,33666.0,7.314
33265,33667.0,5.379
33266,33668.0,6.128
33267,33669.0,7.194
33268,33670.0,6.219
33269,33671.0,4.982
33270,33672.0,4.934
33271,33673.0,4.903
33272,33674.0,4.886
33273,33675.0,5.007
33274,33676.0,5.523
33275,33677.0,6.178
33276,33678.0,4.909
33277,33679.0,6.521
33278,33680.0,5.5
33279,33681.0,4.787
33280,33682.0,7.085
33281,33683.0,5.072
33282,33684.0,4.894
33283,33685.0,7.205
33284,33686.0,5.064
33285,33687.0,5.765
33286,33688.0,6.017
33287,33690.0,4.828
33288,33691.0,4.666
33289,33692.0,7.125
33290,33693.0,5.177
33291,33694.0,4.983
33292,33695.0,4.886
33293,33696.0,6.561
33294,33697.0,4.982
33295,33698.0,4.878
33296,33699.0,5.815
33297,33700.0,4.82
33298,33701.0,4.537
33299,33702.0,4.79
33300,33703.0,4.782
33301,33704.0,5.104
33302,33705.0,4.926
33303,33706.0,4.894
33304,33707.0,5.007
33305,33708.0,4.999
33306,33709.0,5.064
33307,33710.0,4.991
33308,33711.0,4.934
33309,33712.0,4.861
33310,33713.0,6.763
33311,33714.0,7.274
33312,33715.0,5.743
33313,33716.0,5.072
33314,33717.0,4.894
33315,33718.0,6.964
33316,33719.0,7.274
33317,33720.0,5.185
33318,33721.0,5.492
33319,33722.0,7.165
33320,33723.0,6.964
33321,33724.0,5.145
33322,33725.0,6.561
33323,33726.0,7.234
33324,33727.0,5.622
33325,33728.0,4.901
33326,33729.0,4.926
33327,33730.0,4.878
33328,33731.0,4.919
33329,33732.0,4.894
33330,33733.0,6.32
33331,33734.0,5.622
33332,33735.0,4.828
33333,33736.0,7.004
33334,33737.0,5.185
33335,33738.0,4.853
33336,33739.0,7.314
33337,33740.0,5.145
33338,33741.0,5.402
33339,33742.0,6.259
33340,33743.0,4.869
33341,33744.0,6.481
33342,33745.0,5.5
33343,33746.0,4.787
33344,33747.0,4.813
33345,33748.0,7.274
33346,33749.0,5.12
33347,33750.0,5.032
33348,33751.0,4.919
33349,33752.0,5.927
33350,33753.0,4.901
33351,33754.0,5.313
33352,33755.0,5.42
33353,33756.0,4.699
33354,33757.0,4.496
33355,33758.0,4.83
33356,33759.0,4.823
33357,33760.0,5.104
33358,33761.0,4.959
33359,33762.0,4.853
33360,33763.0,5.048
33361,33764.0,5.072
33362,33765.0,5.177
33363,33766.0,4.991
33364,33767.0,4.846
33365,33768.0,4.861
33366,33769.0,6.561
33367,33770.0,7.234
33368,33771.0,6.219
33369,33772.0,5.072
33370,33774.0,4.975
33371,33775.0,6.642
33372,33776.0,7.234
33373,33777.0,5.5
33374,33778.0,4.982
33375,33779.0,7.004
33376,33780.0,7.274
33377,33781.0,5.46
33378,33782.0,5.846
33379,33783.0,7.165
33380,33784.0,6.572
33381,33785.0,5.064
33382,33786.0,4.901
33383,33787.0,4.903
33384,33788.0,4.853
33385,33789.0,5.193
33386,33790.0,4.886
33387,33791.0,7.004
33388,33792.0,5.023
33389,33793.0,5.806
33390,33794.0,6.017
33391,33795.0,4.869
33392,33796.0,6.601
33393,33797.0,5.428
33394,33798.0,4.787
33395,33799.0,7.085
33396,33800.0,5.096
33397,33801.0,4.853
33398,33802.0,7.274
33399,33803.0,5.031
33400,33804.0,4.706
33401,33805.0,6.44
33402,33806.0,5.604
33403,33807.0,5.032
33404,33808.0,4.846
33405,33809.0,6.4
33406,33810.0,5.273
33407,33811.0,4.926
33408,33812.0,6.913
33409,33813.0,5.056
33410,33814.0,4.382
33411,33815.0,4.79
33412,33816.0,4.823
33413,33817.0,5.224
33414,33818.0,5.072
33415,33819.0,4.894
33416,33820.0,5.096
33417,33821.0,4.943
33418,33822.0,5.371
33419,33823.0,4.991
33420,33824.0,4.886
33421,33825.0,4.942
33422,33826.0,6.41
33423,33827.0,7.234
33424,33828.0,6.521
33425,33829.0,5.12
33426,33830.0,5.048
33427,33831.0,6.601
33428,33832.0,7.274
33429,33833.0,5.541
33430,33834.0,4.982
33431,33835.0,7.004
33432,33836.0,7.234
33433,33837.0,5.42
33434,33838.0,5.967
33435,33839.0,7.154
33436,33840.0,6.33
33437,33841.0,4.982
33438,33842.0,4.901
33439,33843.0,4.903
33440,33844.0,4.853
33441,33845.0,5.04
33442,33846.0,5.281
33443,33847.0,6.34
33444,33848.0,4.869
33445,33849.0,6.44
33446,33850.0,5.5
33447,33851.0,4.787
33448,33852.0,7.004
33449,33853.0,5.104
33450,33854.0,4.813
33451,33856.0,7.274
33452,33857.0,5.031
33453,33858.0,5.644
33454,33859.0,6.057
33455,33860.0,4.869
33456,33861.0,4.666
33457,33862.0,7.085
33458,33863.0,5.169
33459,33864.0,4.983
33460,33865.0,4.886
33461,33866.0,6.642
33462,33867.0,4.975
33463,33868.0,4.919
33464,33869.0,5.855
33465,33870.0,4.894
33466,33871.0,4.537
33467,33872.0,4.79
33468,33873.0,4.782
33469,33874.0,5.104
33470,33875.0,4.926
33471,33876.0,4.901
33472,33877.0,5.007
33473,33878.0,4.999
33474,33879.0,5.056
33475,33880.0,4.991
33476,33881.0,4.894
33477,33882.0,4.853
33478,33883.0,6.763
33479,33884.0,7.274
33480,33885.0,5.784
33481,33886.0,5.072
33482,33887.0,4.901
33483,33888.0,6.924
33484,33889.0,7.274
33485,33890.0,5.226
33486,33891.0,5.451
33487,33892.0,7.165
33488,33893.0,7.044
33489,33894.0,5.136
33490,33895.0,6.521
33491,33896.0,7.274
33492,33897.0,5.662
33493,33898.0,4.901
33494,33899.0,4.926
33495,33900.0,4.878
33496,33901.0,4.919
33497,33902.0,4.926
33498,33903.0,6.279
33499,33904.0,5.694
33500,33905.0,4.787
33501,33906.0,6.964
33502,33907.0,5.185
33503,33908.0,4.861
33504,33909.0,7.274
33505,33910.0,5.104
33506,33911.0,5.362
33507,33912.0,6.299
33508,33913.0,4.909
33509,33914.0,6.4
33510,33915.0,5.509
33511,33916.0,4.747
33512,33917.0,4.813
33513,33918.0,7.234
33514,33919.0,5.12
33515,33920.0,4.999
33516,33921.0,4.919
33517,33922.0,5.927
33518,33923.0,4.901
33519,33924.0,5.233
33520,33925.0,5.451
33521,33926.0,4.618
33522,33927.0,4.57
33523,33928.0,4.79
33524,33929.0,4.782
33525,33930.0,5.024
33526,33931.0,4.886
33527,33932.0,5.622
33528,33933.0,4.999
33529,33934.0,4.919
33530,33935.0,4.982
33531,33936.0,4.951
33532,33937.0,5.613
33533,33938.0,4.82
33534,33939.0,6.924
33535,33941.0,7.274
33536,33942.0,5.5
33537,33943.0,5.032
33538,33944.0,4.901
33539,33945.0,7.004
33540,33946.0,7.274
33541,33947.0,5.46
33542,33948.0,5.927
33543,33949.0,7.154
33544,33950.0,6.451
33545,33951.0,5.023
33546,33952.0,6.722
33547,33953.0,7.234
33548,33954.0,5.42
33549,33955.0,4.828
33550,33956.0,4.919
33551,33957.0,4.805
33552,33958.0,4.959
33553,33959.0,4.813
33554,33960.0,6.642
33555,33961.0,5.388
33556,33962.0,4.787
33557,33963.0,7.125
33558,33964.0,5.185
33559,33965.0,4.853
33560,33966.0,7.004
33561,33967.0,4.99
33562,33968.0,5.967
33563,33969.0,5.864
33564,33970.0,4.869
33565,33971.0,6.763
33566,33972.0,5.298
33567,33973.0,4.747
33568,33974.0,4.886
33569,33975.0,6.763
33570,33976.0,5.12
33571,33977.0,4.919
33572,33978.0,4.951
33573,33979.0,5.604
33574,33980.0,4.934
33575,33981.0,5.917
33576,33982.0,5.298
33577,33983.0,4.503
33578,33984.0,4.677
33579,33985.0,4.823
33580,33986.0,5.265
33581,33987.0,5.024
33582,33988.0,4.894
33583,33989.0,5.258
33584,33990.0,4.991
33585,33991.0,4.853
33586,33992.0,5.048
33587,33993.0,4.943
33588,33994.0,5.217
33589,33995.0,5.056
33590,33996.0,7.085
33591,33997.0,7.314
33592,33998.0,5.266
33593,33999.0,5.032
33594,34000.0,5.33
33595,34001.0,7.125
33596,34002.0,7.073
33597,34003.0,5.145
33598,34004.0,6.531
33599,34005.0,7.234
33600,34006.0,5.662
33601,34007.0,4.942
33602,34008.0,6.964
33603,34009.0,7.274
33604,34010.0,5.541
33605,34011.0,4.78
33606,34012.0,4.911
33607,34013.0,4.739
33608,34014.0,4.951
33609,34015.0,4.78
33610,34016.0,7.085
33611,34017.0,5.064
33612,34018.0,4.853
33613,34019.0,7.165
33614,34020.0,5.031
33615,34021.0,5.765
33616,34022.0,5.976
33617,34023.0,4.828
33618,34025.0,6.642
33619,34026.0,5.388
33620,34027.0,4.747
33621,34028.0,7.165
33622,34029.0,5.266
33623,34030.0,4.78
33624,34031.0,5.886
33625,34032.0,5.967
33626,34033.0,5.112
33627,34034.0,4.886
33628,34035.0,5.957
33629,34036.0,5.298
33630,34037.0,4.78
33631,34038.0,6.642
33632,34039.0,5.023
33633,34040.0,4.382
33634,34041.0,4.489
33635,34042.0,4.83
33636,34043.0,4.79
33637,34044.0,5.104
33638,34045.0,4.926
33639,34046.0,5.136
33640,34047.0,4.999
33641,34048.0,4.999
33642,34049.0,5.023
33643,34050.0,4.951
33644,34051.0,5.217
33645,34052.0,4.82
33646,34053.0,6.843
33647,34054.0,7.274
33648,34055.0,5.622
33649,34056.0,5.032
33650,34057.0,4.861
33651,34058.0,6.964
33652,34059.0,7.274
33653,34060.0,5.388
33654,34061.0,5.694
33655,34062.0,7.165
33656,34063.0,6.682
33657,34064.0,5.064
33658,34065.0,6.642
33659,34066.0,7.234
33660,34067.0,5.541
33661,34068.0,4.869
33662,34069.0,4.919
33663,34070.0,4.846
33664,34071.0,4.959
33665,34072.0,4.853
33666,34073.0,6.44
33667,34074.0,5.541
33668,34075.0,4.787
33669,34076.0,7.044
33670,34077.0,5.145
33671,34078.0,4.853
33672,34079.0,7.274
33673,34080.0,5.064
33674,34081.0,5.604
33675,34082.0,6.097
33676,34083.0,4.901
33677,34084.0,6.561
33678,34085.0,5.42
33679,34086.0,4.747
33680,34087.0,4.813
33681,34088.0,7.165
33682,34089.0,5.12
33683,34090.0,4.959
33684,34091.0,4.999
33685,34092.0,5.806
33686,34093.0,4.934
33687,34094.0,5.515
33688,34095.0,5.411
33689,34096.0,4.699
33690,34097.0,4.684
33691,34098.0,4.79
33692,34099.0,4.823
33693,34100.0,5.064
33694,34101.0,4.886
33695,34102.0,5.572
33696,34103.0,5.04
33697,34104.0,4.919
33698,34105.0,5.015
33699,34106.0,4.951
33700,34107.0,5.572
33701,34108.0,4.82
33702,34109.0,6.964
33703,34111.0,7.274
33704,34112.0,5.492
33705,34113.0,5.032
33706,34114.0,4.975
33707,34115.0,7.004
33708,34116.0,7.274
33709,34117.0,5.42
33710,34118.0,5.967
33711,34119.0,7.165
33712,34120.0,6.37
33713,34121.0,5.023
33714,34122.0,6.722
33715,34123.0,7.234
33716,34124.0,5.388
33717,34125.0,4.861
33718,34126.0,4.878
33719,34127.0,4.813
33720,34128.0,4.959
33721,34129.0,4.82
33722,34130.0,6.682
33723,34131.0,5.388
33724,34132.0,4.747
33725,34133.0,7.125
33726,34134.0,5.266
33727,34135.0,4.846
33728,34136.0,6.964
33729,34137.0,4.99
33730,34138.0,5.927
33731,34139.0,5.864
33732,34140.0,4.828
33733,34141.0,6.763
33734,34142.0,5.307
33735,34143.0,4.78
33736,34144.0,4.846
33737,34145.0,6.803
33738,34146.0,5.072
33739,34147.0,4.959
33740,34148.0,4.911
33741,34149.0,5.653
33742,34150.0,4.853
33743,34151.0,5.877
33744,34152.0,5.298
33745,34153.0,4.537
33746,34154.0,4.644
33747,34155.0,4.83
33748,34156.0,4.782
33749,34157.0,5.064
33750,34158.0,4.853
33751,34159.0,5.411
33752,34160.0,4.991
33753,34161.0,4.926
33754,34162.0,5.096
33755,34163.0,4.991
33756,34164.0,5.379
33757,34165.0,4.82
33758,34166.0,7.004
33759,34167.0,7.314
33760,34168.0,5.266
33761,34169.0,5.032
33762,34170.0,4.926
33763,34171.0,7.085
33764,34172.0,7.274
33765,34173.0,5.298
33766,34174.0,6.249
33767,34175.0,7.234
33768,34176.0,6.017
33769,34177.0,4.975
33770,34178.0,6.883
33771,34179.0,7.314
33772,34180.0,5.226
33773,34181.0,4.861
33774,34182.0,4.911
33775,34183.0,4.805
33776,34184.0,4.951
33777,34185.0,4.82
33778,34186.0,6.883
33779,34187.0,5.226
33780,34188.0,4.82
33781,34189.0,7.286
33782,34190.0,5.145
33783,34191.0,5.169
33784,34192.0,6.41
33785,34193.0,4.909
33786,34194.0,6.36
33787,34195.0,5.541
33788,34196.0,4.787
33789,34198.0,6.964
33790,34199.0,5.145
33791,34200.0,4.706
33792,34201.0,5.362
33793,34202.0,6.249
33794,34203.0,5.072
33795,34204.0,4.886
33796,34205.0,5.434
33797,34206.0,5.379
33798,34207.0,4.82
33799,34208.0,6.32
33800,34209.0,5.136
33801,34210.0,4.422
33802,34211.0,4.757
33803,34212.0,4.79
33804,34213.0,5.313
33805,34214.0,4.983
33806,34215.0,5.048
33807,34216.0,5.064
33808,34217.0,4.991
33809,34218.0,4.894
33810,34219.0,5.04
33811,34220.0,4.999
33812,34221.0,5.096
33813,34222.0,5.492
33814,34223.0,7.165
33815,34224.0,7.274
33816,34225.0,5.249
33817,34226.0,5.313
33818,34227.0,6.007
33819,34228.0,7.194
33820,34229.0,6.33
33821,34230.0,5.023
33822,34231.0,6.763
33823,34232.0,7.234
33824,34233.0,5.379
33825,34234.0,4.934
33826,34235.0,7.085
33827,34236.0,7.274
33828,34237.0,5.307
33829,34238.0,4.747
33830,34239.0,4.911
33831,34240.0,4.699
33832,34241.0,4.991
33833,34242.0,4.813
33834,34243.0,7.314
33835,34244.0,5.104
33836,34245.0,5.249
33837,34246.0,6.37
33838,34247.0,4.942
33839,34248.0,6.36
33840,34249.0,5.622
33841,34250.0,4.787
33842,34251.0,7.004
33843,34252.0,5.145
33844,34253.0,4.813
33845,34254.0,7.274
33846,34255.0,5.072
33847,34256.0,4.666
33848,34257.0,6.44
33849,34258.0,5.541
33850,34259.0,4.991
33851,34260.0,4.813
33852,34261.0,6.44
33853,34262.0,5.096
33854,34263.0,4.813
33855,34264.0,6.883
33856,34265.0,5.064
33857,34266.0,4.26
33858,34267.0,4.717
33859,34268.0,4.83
33860,34269.0,5.354
33861,34270.0,4.983
33862,34271.0,5.056
33863,34272.0,5.104
33864,34273.0,4.991
33865,34274.0,4.853
33866,34275.0,5.04
33867,34276.0,4.991
33868,34277.0,5.064
33869,34278.0,5.451
33870,34279.0,7.165
33871,34280.0,7.314
33872,34281.0,5.209
33873,34283.0,5.313
33874,34284.0,5.927
33875,34285.0,7.194
33876,34286.0,6.37
33877,34287.0,5.023
33878,34288.0,6.722
33879,34289.0,7.274
33880,34290.0,5.388
33881,34291.0,4.975
33882,34292.0,7.044
33883,34293.0,7.274
33884,34294.0,5.307
33885,34295.0,4.78
33886,34296.0,4.911
33887,34297.0,4.739
33888,34298.0,4.951
33889,34299.0,4.813
33890,34300.0,7.234
33891,34301.0,5.145
33892,34302.0,5.088
33893,34303.0,6.491
33894,34304.0,4.909
33895,34305.0,6.36
33896,34306.0,5.581
33897,34307.0,4.828
33898,34308.0,6.964
33899,34309.0,5.185
33900,34310.0,4.82
33901,34311.0,7.314
33902,34312.0,5.072
33903,34313.0,4.706
33904,34314.0,6.36
33905,34315.0,5.644
33906,34316.0,5.032
33907,34317.0,4.813
33908,34318.0,6.39
33909,34319.0,5.096
33910,34320.0,4.853
33911,34321.0,6.872
33912,34322.0,5.056
33913,34323.0,4.26
33914,34324.0,4.57
33915,34325.0,4.79
33916,34326.0,4.79
33917,34327.0,5.064
33918,34328.0,4.886
33919,34329.0,5.581
33920,34330.0,4.999
33921,34331.0,4.919
33922,34332.0,4.975
33923,34333.0,4.951
33924,34334.0,5.572
33925,34335.0,4.82
33926,34336.0,6.924
33927,34337.0,7.274
33928,34338.0,5.46
33929,34339.0,5.032
33930,34340.0,4.934
33931,34341.0,7.044
33932,34342.0,7.274
33933,34343.0,5.42
33934,34344.0,5.967
33935,34345.0,7.194
33936,34346.0,6.37
33937,34347.0,5.023
33938,34348.0,6.763
33939,34349.0,7.234
33940,34350.0,5.379
33941,34351.0,4.828
33942,34352.0,4.919
33943,34353.0,4.805
33944,34354.0,4.951
33945,34355.0,4.82
33946,34356.0,6.682
33947,34357.0,5.388
33948,34358.0,4.787
33949,34359.0,7.165
33950,34360.0,5.307
33951,34361.0,4.846
33952,34362.0,6.883
33953,34363.0,4.95
33954,34364.0,6.007
33955,34365.0,5.824
33956,34366.0,4.828
33957,34367.0,6.763
33958,34369.0,5.266
33959,34370.0,4.706
33960,34371.0,4.886
33961,34372.0,6.722
33962,34373.0,5.12
33963,34374.0,4.926
33964,34375.0,4.951
33965,34376.0,5.572
33966,34377.0,4.894
33967,34378.0,5.917
33968,34379.0,5.249
33969,34380.0,4.503
33970,34381.0,4.717
33971,34382.0,4.79
33972,34383.0,4.903
33973,34384.0,5.024
33974,34385.0,4.813
33975,34386.0,5.298
33976,34387.0,4.951
33977,34388.0,4.853
33978,34389.0,5.056
33979,34390.0,4.943
33980,34391.0,5.298
33981,34392.0,4.861
33982,34393.0,7.044
33983,34394.0,7.274
33984,34395.0,5.226
33985,34396.0,5.024
33986,34397.0,5.128
33987,34398.0,7.125
33988,34399.0,7.234
33989,34400.0,5.185
33990,34401.0,6.451
33991,34402.0,7.234
33992,34403.0,5.743
33993,34404.0,4.901
33994,34405.0,6.924
33995,34406.0,7.274
33996,34407.0,5.347
33997,34408.0,4.787
33998,34409.0,4.911
33999,34410.0,4.78
34000,34411.0,4.951
34001,34412.0,4.78
34002,34413.0,7.044
34003,34414.0,5.104
34004,34415.0,4.853
34005,34416.0,7.314
34006,34417.0,5.031
34007,34418.0,5.644
34008,34419.0,6.057
34009,34420.0,4.869
34010,34421.0,6.601
34011,34422.0,5.42
34012,34423.0,4.747
34013,34424.0,7.125
34014,34425.0,5.145
34015,34426.0,4.706
34016,34427.0,5.765
34017,34428.0,5.998
34018,34429.0,5.032
34019,34430.0,4.886
34020,34431.0,5.796
34021,34432.0,5.29
34022,34433.0,4.82
34023,34434.0,6.561
34024,34435.0,5.056
34025,34436.0,4.422
34026,34437.0,4.717
34027,34438.0,4.823
34028,34439.0,5.425
34029,34440.0,5.024
34030,34441.0,5.136
34031,34442.0,5.217
34032,34443.0,4.951
34033,34444.0,4.886
34034,34445.0,5.048
34035,34446.0,5.104
34036,34447.0,5.177
34037,34448.0,5.096
34038,34449.0,7.125
34039,34451.0,7.314
34040,34452.0,5.298
34041,34453.0,5.104
34042,34454.0,5.564
34043,34455.0,7.154
34044,34456.0,6.843
34045,34457.0,5.104
34046,34458.0,6.601
34047,34459.0,7.234
34048,34460.0,5.581
34049,34461.0,4.975
34050,34462.0,7.004
34051,34463.0,7.274
34052,34464.0,5.46
34053,34465.0,4.787
34054,34466.0,4.911
34055,34467.0,4.739
34056,34468.0,4.951
34057,34469.0,4.739
34058,34470.0,7.165
34059,34471.0,5.266
34060,34472.0,4.846
34061,34473.0,6.883
34062,34474.0,4.99
34063,34475.0,5.967
34064,34476.0,5.864
34065,34477.0,4.828
34066,34478.0,6.803
34067,34479.0,5.266
34068,34480.0,4.787
34069,34481.0,7.165
34070,34482.0,5.185
34071,34483.0,4.666
34072,34484.0,6.088
34073,34485.0,5.806
34074,34486.0,5.032
34075,34487.0,4.853
34076,34488.0,6.118
34077,34489.0,5.177
34078,34490.0,4.82
34079,34491.0,6.763
34080,34492.0,5.056
34081,34493.0,4.301
34082,34494.0,4.75
34083,34495.0,4.782
34084,34496.0,5.273
34085,34497.0,4.983
34086,34498.0,5.015
34087,34499.0,5.023
34088,34500.0,4.951
34089,34501.0,5.096
34090,34502.0,5.04
34091,34503.0,4.959
34092,34504.0,5.056
34093,34505.0,5.694
34094,34506.0,7.205
34095,34507.0,7.314
34096,34508.0,5.209
34097,34509.0,5.241
34098,34510.0,6.128
34099,34511.0,7.194
34100,34512.0,6.209
34101,34513.0,4.982
34102,34514.0,6.843
34103,34515.0,7.234
34104,34516.0,5.339
34105,34517.0,5.048
34106,34518.0,7.125
34107,34519.0,7.274
34108,34520.0,5.258
34109,34521.0,4.78
34110,34522.0,4.951
34111,34523.0,4.739
34112,34524.0,4.991
34113,34525.0,4.853
34114,34526.0,7.314
34115,34527.0,5.064
34116,34528.0,5.483
34117,34529.0,6.178
34118,34530.0,4.869
34119,34531.0,6.521
34120,34532.0,5.469
34121,34533.0,4.787
34122,34534.0,7.044
34123,34536.0,5.064
34124,34537.0,4.853
34125,34538.0,7.205
34126,34539.0,4.99
34127,34540.0,4.666
34128,34541.0,6.561
34129,34542.0,5.451
34130,34543.0,5.032
34131,34544.0,4.813
34132,34545.0,6.601
34133,34546.0,5.056
34134,34547.0,4.894
34135,34548.0,6.792
34136,34549.0,5.015
34137,34550.0,4.26
34138,34551.0,4.75
34139,34552.0,4.79
34140,34553.0,5.233
34141,34554.0,5.104
34142,34555.0,4.934
34143,34556.0,5.096
34144,34557.0,4.951
34145,34558.0,5.411
34146,34559.0,4.991
34147,34560.0,4.886
34148,34561.0,4.942
34149,34562.0,6.289
34150,34563.0,7.234
34151,34564.0,6.733
34152,34565.0,5.12
34153,34566.0,5.088
34154,34567.0,6.561
34155,34568.0,7.234
34156,34569.0,5.622
34157,34570.0,4.901
34158,34571.0,7.004
34159,34572.0,7.274
34160,34573.0,5.46
34161,34574.0,5.886
34162,34575.0,7.205
34163,34576.0,6.491
34164,34577.0,5.023
34165,34578.0,4.934
34166,34579.0,4.903
34167,34580.0,4.886
34168,34581.0,5.12
34169,34582.0,5.088
34170,34583.0,6.491
34171,34584.0,4.942
34172,34585.0,6.289
34173,34586.0,5.662
34174,34587.0,4.787
34175,34588.0,6.964
34176,34589.0,5.145
34177,34590.0,4.861
34178,34591.0,7.274
34179,34592.0,5.145
34180,34593.0,5.362
34181,34594.0,6.289
34182,34595.0,4.869
34183,34596.0,4.666
34184,34597.0,7.004
34185,34598.0,5.217
34186,34599.0,4.983
34187,34600.0,4.846
34188,34601.0,6.913
34189,34602.0,5.015
34190,34603.0,4.878
34191,34604.0,6.038
34192,34605.0,4.901
34193,34606.0,4.456
34194,34607.0,4.79
34195,34608.0,4.79
34196,34609.0,5.112
34197,34610.0,4.959
34198,34611.0,4.853
34199,34612.0,5.007
34200,34613.0,5.072
34201,34614.0,5.136
34202,34615.0,4.991
34203,34616.0,4.813
34204,34617.0,4.853
34205,34618.0,6.642
34206,34620.0,7.234
34207,34621.0,5.936
34208,34622.0,5.072
34209,34623.0,4.934
34210,34624.0,6.843
34211,34625.0,7.234
34212,34626.0,5.266
34213,34627.0,5.088
34214,34628.0,7.125
34215,34629.0,7.274
34216,34630.0,5.226
34217,34631.0,6.37
34218,34632.0,7.234
34219,34633.0,5.815
34220,34634.0,4.942
34221,34635.0,4.886
34222,34636.0,4.919
34223,34637.0,4.919
34224,34638.0,4.934
34225,34639.0,5.967
34226,34640.0,5.864
34227,34641.0,4.828
34228,34642.0,6.843
34229,34643.0,5.266
34230,34644.0,4.82
34231,34645.0,7.194
34232,34646.0,5.185
34233,34647.0,4.886
34234,34648.0,6.652
34235,34649.0,4.909
34236,34650.0,6.209
34237,34651.0,5.703
34238,34652.0,4.82
34239,34653.0,4.78
34240,34654.0,7.274
34241,34655.0,5.12
34242,34656.0,5.112
34243,34657.0,5.04
34244,34658.0,6.199
34245,34659.0,4.942
34246,34660.0,4.951
34247,34661.0,5.572
34248,34662.0,4.78
34249,34663.0,4.456
34250,34664.0,4.79
34251,34665.0,4.823
34252,34666.0,5.144
34253,34667.0,4.959
34254,34668.0,4.82
34255,34669.0,5.007
34256,34670.0,5.032
34257,34671.0,5.136
34258,34672.0,4.991
34259,34673.0,4.813
34260,34674.0,4.861
34261,34675.0,6.682
34262,34676.0,7.274
34263,34677.0,5.896
34264,34678.0,5.072
34265,34679.0,4.934
34266,34680.0,6.843
34267,34681.0,7.274
34268,34682.0,5.266
34269,34683.0,5.209
34270,34684.0,7.125
34271,34685.0,7.234
34272,34686.0,5.185
34273,34687.0,6.44
34274,34688.0,7.234
34275,34689.0,5.784
34276,34690.0,4.909
34277,34691.0,4.926
34278,34692.0,4.878
34279,34693.0,4.919
34280,34694.0,4.894
34281,34695.0,6.078
34282,34696.0,5.824
34283,34697.0,4.828
34284,34698.0,6.883
34285,34699.0,5.266
34286,34700.0,4.82
34287,34701.0,7.246
34288,34702.0,5.145
34289,34703.0,5.048
34290,34705.0,6.491
34291,34706.0,4.95
34292,34707.0,6.249
34293,34708.0,5.662
34294,34709.0,4.787
34295,34710.0,4.82
34296,34711.0,7.274
34297,34712.0,5.16
34298,34713.0,5.032
34299,34714.0,4.919
34300,34715.0,6.088
34301,34716.0,4.934
34302,34717.0,4.911
34303,34718.0,5.572
34304,34719.0,4.739
34305,34720.0,4.611
34306,34721.0,4.79
34307,34722.0,4.83
34308,34723.0,5.064
34309,34724.0,4.919
34310,34725.0,5.339
34311,34726.0,5.04
34312,34727.0,4.959
34313,34728.0,5.056
34314,34729.0,4.951
34315,34730.0,5.451
34316,34731.0,4.82
34317,34732.0,6.883
34318,34733.0,7.274
34319,34734.0,5.541
34320,34735.0,5.072
34321,34736.0,4.861
34322,34737.0,6.964
34323,34738.0,7.274
34324,34739.0,5.541
34325,34740.0,5.765
34326,34741.0,7.165
34327,34742.0,6.612
34328,34743.0,5.064
34329,34744.0,6.682
34330,34745.0,7.234
34331,34746.0,5.46
34332,34747.0,4.861
34333,34748.0,4.919
34334,34749.0,4.846
34335,34750.0,4.959
34336,34751.0,4.853
34337,34752.0,6.521
34338,34753.0,5.469
34339,34754.0,4.787
34340,34755.0,7.085
34341,34756.0,5.104
34342,34757.0,4.853
34343,34758.0,7.205
34344,34759.0,5.023
34345,34760.0,5.765
34346,34761.0,6.017
34347,34762.0,4.869
34348,34763.0,6.682
34349,34764.0,5.347
34350,34765.0,4.747
34351,34766.0,4.853
34352,34767.0,7.033
34353,34768.0,5.08
34354,34769.0,4.959
34355,34770.0,4.911
34356,34771.0,5.734
34357,34772.0,4.853
34358,34773.0,5.716
34359,34774.0,5.298
34360,34775.0,4.537
34361,34776.0,4.644
34362,34777.0,4.83
34363,34778.0,4.79
34364,34779.0,5.064
34365,34780.0,4.846
34366,34781.0,5.451
34367,34782.0,4.991
34368,34783.0,4.919
34369,34784.0,5.096
34370,34785.0,4.983
34371,34786.0,5.411
34372,34787.0,4.813
34373,34789.0,7.004
34374,34790.0,7.314
34375,34791.0,5.307
34376,34792.0,5.072
34377,34793.0,4.926
34378,34794.0,7.125
34379,34795.0,7.274
34380,34796.0,5.298
34381,34797.0,6.289
34382,34798.0,7.234
34383,34799.0,5.976
34384,34800.0,4.982
34385,34801.0,6.883
34386,34802.0,7.274
34387,34803.0,5.226
34388,34804.0,4.82
34389,34805.0,4.911
34390,34806.0,4.772
34391,34807.0,4.951
34392,34808.0,4.78
34393,34809.0,6.924
34394,34810.0,5.226
34395,34811.0,4.82
34396,34812.0,7.274
34397,34813.0,5.104
34398,34814.0,5.209
34399,34815.0,6.41
34400,34816.0,4.942
34401,34817.0,6.36
34402,34818.0,5.541
34403,34819.0,4.787
34404,34820.0,6.964
34405,34821.0,5.145
34406,34822.0,4.706
34407,34823.0,5.322
34408,34824.0,6.289
34409,34825.0,5.072
34410,34826.0,4.878
34411,34827.0,5.434
34412,34828.0,5.411
34413,34829.0,4.82
34414,34830.0,6.32
34415,34831.0,5.136
34416,34832.0,4.422
34417,34833.0,4.717
34418,34834.0,4.79
34419,34835.0,5.394
34420,34836.0,4.983
34421,34837.0,5.088
34422,34838.0,5.104
34423,34839.0,4.991
34424,34840.0,4.813
34425,34841.0,5.04
34426,34842.0,5.032
34427,34843.0,5.096
34428,34844.0,5.33
34429,34845.0,7.165
34430,34846.0,7.274
34431,34847.0,5.249
34432,34848.0,5.354
34433,34849.0,5.886
34434,34850.0,7.154
34435,34851.0,6.451
34436,34852.0,5.023
34437,34853.0,6.763
34438,34854.0,7.234
34439,34855.0,5.46
34440,34856.0,4.934
34441,34857.0,7.085
34442,34858.0,7.274
34443,34859.0,5.339
34444,34860.0,4.787
34445,34861.0,4.951
34446,34862.0,4.739
34447,34863.0,4.991
34448,34864.0,4.82
34449,34865.0,7.274
34450,34866.0,5.145
34451,34867.0,5.169
34452,34868.0,6.41
34453,34870.0,4.942
34454,34871.0,6.36
34455,34872.0,5.622
34456,34873.0,4.787
34457,34874.0,7.004
34458,34875.0,5.145
34459,34876.0,4.853
34460,34877.0,7.314
34461,34878.0,5.104
34462,34879.0,4.706
34463,34880.0,6.481
34464,34881.0,5.564
34465,34882.0,5.024
34466,34883.0,4.813
34467,34884.0,6.481
34468,34885.0,5.096
34469,34886.0,4.853
34470,34887.0,6.913
34471,34888.0,5.056
34472,34889.0,4.301
34473,34890.0,4.603
34474,34891.0,4.79
34475,34892.0,4.782
34476,34893.0,5.024
34477,34894.0,4.853
34478,34895.0,5.46
34479,34896.0,4.999
34480,34897.0,4.886
34481,34898.0,4.982
34482,34899.0,4.951
34483,34900.0,5.411
34484,34901.0,4.82
34485,34902.0,7.004
34486,34903.0,7.274
34487,34904.0,5.307
34488,34905.0,5.032
34489,34906.0,4.934
34490,34907.0,7.085
34491,34908.0,7.274
34492,34909.0,5.298
34493,34910.0,6.249
34494,34911.0,7.234
34495,34912.0,6.017
34496,34913.0,4.982
34497,34914.0,6.843
34498,34915.0,7.274
34499,34916.0,5.226
34500,34917.0,4.82
34501,34918.0,4.919
34502,34919.0,4.772
34503,34920.0,4.951
34504,34921.0,4.82
34505,34922.0,6.883
34506,34923.0,5.226
34507,34924.0,4.82
34508,34925.0,7.234
34509,34926.0,5.145
34510,34927.0,5.128
34511,34928.0,6.451
34512,34929.0,4.942
34513,34930.0,6.33
34514,34931.0,5.622
34515,34932.0,4.787
34516,34933.0,6.964
34517,34934.0,5.145
34518,34935.0,4.747
34519,34936.0,5.249
34520,34937.0,6.39
34521,34938.0,5.072
34522,34939.0,4.919
34523,34940.0,5.313
34524,34941.0,5.483
34525,34942.0,4.82
34526,34943.0,6.279
34527,34944.0,5.136
34528,34945.0,4.422
34529,34946.0,4.677
34530,34947.0,4.79
34531,34948.0,5.152
34532,34949.0,4.983
34533,34950.0,4.894
34534,34951.0,5.258
34535,34953.0,4.991
34536,34954.0,4.846
34537,34955.0,5.048
34538,34956.0,4.943
34539,34957.0,5.258
34540,34958.0,5.064
34541,34959.0,7.085
34542,34960.0,7.274
34543,34961.0,5.226
34544,34962.0,5.032
34545,34963.0,5.29
34546,34964.0,7.125
34547,34965.0,7.154
34548,34966.0,5.145
34549,34967.0,6.481
34550,34968.0,7.234
34551,34969.0,5.703
34552,34970.0,4.901
34553,34971.0,6.964
34554,34972.0,7.274
34555,34973.0,5.541
34556,34974.0,4.787
34557,34975.0,4.911
34558,34976.0,4.739
34559,34977.0,4.951
34560,34978.0,4.739
34561,34979.0,7.085
34562,34980.0,5.104
34563,34981.0,4.853
34564,34982.0,7.234
34565,34983.0,5.023
34566,34984.0,5.725
34567,34985.0,6.017
34568,34986.0,4.828
34569,34987.0,6.682
34570,34988.0,5.347
34571,34989.0,4.747
34572,34990.0,7.125
34573,34991.0,5.266
34574,34992.0,4.706
34575,34993.0,5.886
34576,34994.0,5.936
34577,34995.0,5.072
34578,34996.0,4.886
34579,34997.0,5.957
34580,34998.0,5.258
34581,34999.0,4.853
34582,35000.0,6.642
34583,35001.0,5.056
34584,35002.0,4.341
34585,35003.0,4.757
34586,35004.0,4.79
34587,35005.0,5.466
34588,35006.0,4.983
34589,35007.0,5.128
34590,35008.0,5.145
34591,35009.0,4.991
34592,35010.0,4.813
34593,35011.0,5.048
34594,35012.0,5.072
34595,35013.0,5.169
34596,35014.0,5.088
34597,35015.0,7.125
34598,35016.0,7.274
34599,35017.0,5.258
34600,35018.0,5.305
34601,35019.0,5.685
34602,35020.0,7.154
34603,35021.0,6.682
34604,35022.0,5.064
34605,35023.0,6.642
34606,35024.0,7.274
34607,35025.0,5.572
34608,35026.0,4.975
34609,35027.0,7.044
34610,35028.0,7.274
34611,35029.0,5.388
34612,35030.0,4.78
34613,35031.0,4.911
34614,35032.0,4.739
34615,35033.0,4.951
34616,35034.0,4.78
34617,35035.0,7.165
34618,35037.0,5.226
34619,35038.0,4.846
34620,35039.0,6.733
34621,35040.0,4.95
34622,35041.0,6.128
34623,35042.0,5.743
34624,35043.0,4.828
34625,35044.0,6.843
34626,35045.0,5.226
34627,35046.0,4.82
34628,35047.0,7.234
34629,35048.0,5.145
34630,35049.0,4.706
34631,35050.0,6.209
34632,35051.0,5.694
34633,35052.0,5.032
34634,35053.0,4.853
34635,35054.0,6.279
34636,35055.0,5.177
34637,35056.0,4.82
34638,35057.0,6.832
34639,35058.0,5.096
34640,35059.0,4.301
34641,35060.0,4.75
34642,35061.0,4.823
34643,35062.0,5.354
34644,35063.0,4.983
34645,35064.0,5.015
34646,35065.0,5.056
34647,35066.0,4.951
34648,35067.0,5.249
34649,35068.0,4.999
34650,35069.0,4.999
34651,35070.0,5.015
34652,35071.0,5.815
34653,35072.0,7.205
34654,35073.0,7.314
34655,35074.0,5.169
34656,35075.0,5.241
34657,35076.0,6.209
34658,35077.0,7.194
34659,35078.0,6.057
34660,35079.0,4.982
34661,35080.0,6.843
34662,35081.0,7.274
34663,35082.0,5.266
34664,35083.0,5.169
34665,35084.0,7.125
34666,35085.0,7.274
34667,35086.0,5.185
34668,35087.0,4.78
34669,35088.0,4.911
34670,35089.0,4.699
34671,35090.0,4.983
34672,35091.0,4.813
34673,35092.0,7.274
34674,35093.0,5.031
34675,35094.0,5.644
34676,35095.0,6.057
34677,35096.0,4.869
34678,35097.0,6.601
34679,35098.0,5.388
34680,35099.0,4.747
34681,35100.0,7.125
34682,35101.0,5.145
34683,35102.0,4.846
34684,35103.0,7.004
34685,35104.0,4.99
34686,35105.0,4.666
34687,35106.0,6.682
34688,35107.0,5.402
34689,35108.0,5.024
34690,35109.0,4.813
34691,35110.0,6.712
34692,35111.0,5.015
34693,35112.0,4.886
34694,35113.0,6.601
34695,35114.0,4.975
34696,35115.0,4.26
34697,35116.0,4.79
34698,35118.0,4.782
34699,35119.0,5.224
34700,35120.0,5.104
34701,35121.0,4.967
34702,35122.0,5.096
34703,35123.0,4.983
34704,35124.0,5.339
34705,35125.0,4.991
34706,35126.0,4.846
34707,35127.0,4.934
34708,35128.0,6.33
34709,35129.0,7.234
34710,35130.0,6.572
34711,35131.0,5.12
34712,35132.0,5.007
34713,35133.0,6.601
34714,35134.0,7.234
34715,35135.0,5.581
34716,35136.0,4.942
34717,35137.0,7.556
34718,35138.0,7.314
34719,35139.0,5.428
34720,35140.0,5.967
34721,35141.0,7.154
34722,35142.0,6.33
34723,35143.0,5.023
34724,35144.0,4.894
34725,35145.0,4.903
34726,35146.0,4.886
34727,35147.0,5.04
34728,35148.0,5.241
34729,35149.0,6.34
34730,35150.0,4.909
34731,35151.0,6.4
34732,35152.0,5.541
34733,35153.0,4.787
34734,35154.0,7.004
34735,35155.0,5.104
34736,35156.0,4.813
34737,35157.0,7.274
34738,35158.0,5.064
34739,35159.0,5.564
34740,35160.0,6.097
34741,35161.0,4.828
34742,35162.0,4.666
34743,35163.0,7.044
34744,35164.0,5.177
34745,35165.0,4.983
34746,35166.0,4.886
34747,35167.0,6.712
34748,35168.0,5.015
34749,35169.0,4.878
34750,35170.0,5.927
34751,35171.0,4.894
34752,35172.0,4.219
34753,35173.0,4.717
34754,35174.0,4.83
34755,35175.0,5.354
34756,35176.0,5.024
34757,35177.0,5.096
34758,35178.0,5.136
34759,35179.0,4.951
34760,35180.0,4.853
34761,35181.0,5.04
34762,35182.0,5.032
34763,35183.0,5.096
34764,35184.0,5.371
34765,35185.0,7.125
34766,35186.0,7.314
34767,35187.0,5.258
34768,35188.0,5.354
34769,35189.0,5.886
34770,35190.0,7.194
34771,35191.0,6.41
34772,35192.0,5.056
34773,35193.0,6.722
34774,35194.0,7.314
34775,35195.0,5.388
34776,35196.0,5.015
34777,35197.0,7.085
34778,35198.0,7.314
34779,35200.0,5.307
34780,35201.0,4.747
34781,35202.0,4.911
34782,35203.0,4.739
34783,35204.0,4.991
34784,35205.0,4.813
34785,35206.0,7.274
34786,35207.0,5.145
34787,35208.0,5.128
34788,35209.0,6.451
34789,35210.0,4.909
34790,35211.0,6.33
34791,35212.0,5.581
34792,35213.0,4.787
34793,35214.0,6.964
34794,35215.0,5.145
34795,35216.0,4.813
34796,35217.0,7.274
34797,35218.0,5.064
34798,35219.0,4.673
34799,35220.0,6.4
34800,35221.0,5.572
34801,35222.0,5.032
34802,35223.0,4.813
34803,35224.0,6.44
34804,35225.0,5.104
34805,35226.0,4.853
34806,35227.0,6.872
34807,35228.0,5.056
34808,35229.0,4.26
34809,35230.0,4.75
34810,35231.0,4.782
34811,35232.0,5.354
34812,35233.0,4.983
34813,35234.0,5.015
34814,35235.0,5.023
34815,35236.0,4.951
34816,35237.0,5.492
34817,35238.0,5.032
34818,35239.0,4.959
34819,35240.0,5.015
34820,35241.0,5.846
34821,35242.0,7.194
34822,35243.0,7.274
34823,35244.0,5.201
34824,35245.0,5.201
34825,35246.0,6.249
34826,35247.0,7.194
34827,35248.0,6.057
34828,35249.0,4.942
34829,35250.0,6.883
34830,35251.0,7.234
34831,35252.0,5.258
34832,35253.0,5.209
34833,35254.0,7.125
34834,35255.0,7.194
34835,35256.0,5.185
34836,35257.0,4.747
34837,35258.0,4.951
34838,35259.0,4.706
34839,35260.0,4.991
34840,35261.0,4.853
34841,35262.0,7.314
34842,35263.0,5.031
34843,35264.0,5.685
34844,35265.0,6.057
34845,35266.0,4.828
34846,35267.0,6.601
34847,35268.0,5.388
34848,35269.0,4.747
34849,35270.0,7.085
34850,35271.0,5.145
34851,35272.0,4.846
34852,35273.0,7.004
34853,35274.0,4.99
34854,35275.0,4.666
34855,35276.0,6.682
34856,35277.0,5.411
34857,35278.0,4.991
34858,35279.0,4.813
34859,35280.0,6.671
34860,35281.0,5.023
34861,35282.0,4.846
34862,35283.0,6.642
34863,35285.0,4.982
34864,35286.0,4.26
34865,35287.0,4.75
34866,35288.0,4.823
34867,35289.0,5.354
34868,35290.0,4.983
34869,35291.0,4.975
34870,35292.0,5.023
34871,35293.0,4.951
34872,35294.0,5.451
34873,35295.0,4.999
34874,35296.0,4.959
34875,35297.0,5.015
34876,35298.0,5.886
34877,35299.0,7.194
34878,35300.0,7.314
34879,35301.0,5.169
34880,35302.0,5.241
34881,35303.0,6.249
34882,35304.0,7.194
34883,35305.0,6.017
34884,35306.0,4.982
34885,35307.0,6.843
34886,35308.0,7.274
34887,35309.0,5.226
34888,35310.0,5.29
34889,35311.0,7.125
34890,35312.0,7.194
34891,35313.0,5.185
34892,35314.0,4.78
34893,35315.0,4.951
34894,35316.0,4.739
34895,35317.0,4.943
34896,35318.0,4.853
34897,35319.0,7.274
34898,35320.0,5.064
34899,35321.0,5.725
34900,35322.0,6.057
34901,35323.0,4.828
34902,35324.0,6.682
34903,35325.0,5.388
34904,35326.0,4.787
34905,35327.0,7.125
34906,35328.0,5.266
34907,35329.0,4.846
34908,35330.0,6.883
34909,35331.0,4.95
34910,35332.0,4.666
34911,35333.0,6.722
34912,35334.0,5.379
34913,35335.0,5.024
34914,35336.0,4.813
34915,35337.0,6.752
34916,35338.0,5.023
34917,35339.0,4.886
34918,35340.0,6.481
34919,35341.0,4.975
34920,35342.0,4.341
34921,35343.0,4.75
34922,35344.0,4.79
34923,35345.0,5.193
34924,35346.0,5.032
34925,35347.0,4.894
34926,35348.0,5.056
34927,35349.0,4.943
34928,35350.0,5.298
34929,35351.0,4.991
34930,35352.0,4.886
34931,35353.0,4.942
34932,35354.0,6.37
34933,35355.0,7.234
34934,35356.0,6.491
34935,35357.0,5.12
34936,35358.0,5.007
34937,35359.0,6.642
34938,35360.0,7.234
34939,35361.0,5.541
34940,35362.0,4.982
34941,35363.0,7.044
34942,35364.0,7.274
34943,35365.0,5.42
34944,35366.0,5.967
34945,35368.0,7.194
34946,35369.0,6.33
34947,35370.0,5.023
34948,35371.0,4.894
34949,35372.0,4.903
34950,35373.0,4.846
34951,35374.0,5.08
34952,35375.0,5.241
34953,35376.0,6.37
34954,35377.0,4.869
34955,35378.0,6.4
34956,35379.0,5.541
34957,35380.0,4.787
34958,35381.0,7.004
34959,35382.0,5.145
34960,35383.0,4.853
34961,35384.0,7.314
34962,35385.0,5.064
34963,35386.0,5.604
34964,35387.0,6.097
34965,35388.0,4.861
34966,35389.0,4.673
34967,35390.0,7.085
34968,35391.0,5.136
34969,35392.0,5.024
34970,35393.0,4.846
34971,35394.0,6.752
34972,35395.0,4.982
34973,35396.0,4.878
34974,35397.0,5.886
34975,35398.0,4.861
34976,35399.0,4.301
34977,35400.0,4.75
34978,35401.0,4.79
34979,35402.0,5.184
34980,35403.0,5.032
34981,35404.0,4.901
34982,35405.0,5.056
34983,35406.0,4.943
34984,35407.0,5.298
34985,35408.0,4.951
34986,35409.0,4.846
34987,35410.0,4.901
34988,35411.0,6.451
34989,35412.0,7.234
34990,35413.0,6.41
34991,35414.0,5.08
34992,35415.0,5.007
34993,35416.0,6.682
34994,35417.0,7.234
34995,35418.0,5.46
34996,35419.0,4.975
34997,35420.0,7.044
34998,35421.0,7.274
34999,35422.0,5.379
35000,35423.0,6.088
35001,35424.0,7.194
35002,35425.0,6.249
35003,35426.0,4.982
35004,35427.0,4.934
35005,35428.0,4.903
35006,35429.0,4.886
35007,35430.0,4.999
35008,35431.0,5.402
35009,35432.0,6.259
35010,35433.0,4.901
35011,35434.0,6.44
35012,35435.0,5.541
35013,35436.0,4.787
35014,35437.0,7.044
35015,35438.0,5.064
35016,35439.0,4.853
35017,35440.0,7.274
35018,35441.0,5.064
35019,35442.0,5.685
35020,35443.0,6.057
35021,35444.0,4.828
35022,35445.0,4.706
35023,35446.0,7.125
35024,35447.0,5.201
35025,35448.0,4.983
35026,35450.0,4.926
35027,35451.0,6.561
35028,35452.0,5.015
35029,35453.0,4.919
35030,35454.0,5.886
35031,35455.0,4.861
35032,35456.0,4.496
35033,35457.0,4.79
35034,35458.0,4.782
35035,35459.0,5.144
35036,35460.0,4.959
35037,35461.0,4.861
35038,35462.0,5.007
35039,35463.0,5.072
35040,35464.0,5.136
35041,35465.0,4.991
35042,35466.0,4.813
35043,35467.0,4.861
35044,35468.0,6.642
35045,35469.0,7.234
35046,35470.0,5.976
35047,35471.0,5.072
35048,35472.0,4.934
35049,35473.0,6.843
35050,35474.0,7.274
35051,35475.0,5.307
35052,35476.0,5.056
35053,35477.0,7.125
35054,35478.0,7.274
35055,35479.0,5.226
35056,35480.0,6.41
35057,35481.0,7.234
35058,35482.0,5.855
35059,35483.0,4.901
35060,35484.0,4.926
35061,35485.0,4.919
35062,35486.0,4.878
35063,35487.0,4.926
35064,35488.0,6.007
35065,35489.0,5.864
35066,35490.0,4.828
35067,35491.0,6.803
35068,35492.0,5.266
35069,35493.0,4.82
35070,35494.0,7.205
35071,35495.0,5.185
35072,35496.0,4.846
35073,35497.0,6.612
35074,35498.0,4.909
35075,35499.0,6.209
35076,35500.0,5.703
35077,35501.0,4.828
35078,35502.0,4.78
35079,35503.0,7.274
35080,35504.0,5.128
35081,35505.0,5.072
35082,35506.0,4.878
35083,35507.0,6.168
35084,35508.0,4.901
35085,35509.0,4.951
35086,35510.0,5.532
35087,35511.0,4.813
35088,35512.0,4.53
35089,35513.0,4.83
35090,35514.0,4.782
35091,35515.0,5.104
35092,35516.0,4.886
35093,35517.0,5.096
35094,35518.0,4.999
35095,35519.0,4.991
35096,35520.0,5.056
35097,35521.0,4.991
35098,35522.0,5.096
35099,35523.0,4.82
35100,35524.0,6.843
35101,35525.0,7.274
35102,35526.0,5.622
35103,35527.0,5.032
35104,35528.0,4.861
35105,35529.0,6.964
35106,35530.0,7.274
35107,35531.0,5.379
35108,35532.0,5.694
35109,35534.0,7.165
35110,35535.0,6.722
35111,35536.0,5.064
35112,35537.0,6.642
35113,35538.0,7.234
35114,35539.0,5.541
35115,35540.0,4.869
35116,35541.0,4.919
35117,35542.0,4.846
35118,35543.0,4.959
35119,35544.0,4.853
35120,35545.0,6.481
35121,35546.0,5.5
35122,35547.0,4.787
35123,35548.0,7.044
35124,35549.0,5.104
35125,35550.0,4.813
35126,35551.0,7.274
35127,35552.0,5.031
35128,35553.0,5.644
35129,35554.0,6.097
35130,35555.0,4.869
35131,35556.0,6.561
35132,35557.0,5.42
35133,35558.0,4.747
35134,35559.0,4.853
35135,35560.0,7.194
35136,35561.0,5.112
35137,35562.0,4.959
35138,35563.0,4.911
35139,35564.0,5.815
35140,35565.0,4.894
35141,35566.0,5.515
35142,35567.0,5.371
35143,35568.0,4.577
35144,35569.0,4.644
35145,35570.0,4.79
35146,35571.0,4.83
35147,35572.0,5.024
35148,35573.0,4.886
35149,35574.0,5.5
35150,35575.0,4.999
35151,35576.0,4.886
35152,35577.0,4.975
35153,35578.0,4.943
35154,35579.0,5.492
35155,35580.0,4.82
35156,35581.0,7.004
35157,35582.0,7.274
35158,35583.0,5.42
35159,35584.0,5.032
35160,35585.0,4.975
35161,35586.0,7.044
35162,35587.0,7.314
35163,35588.0,5.347
35164,35589.0,6.128
35165,35590.0,7.194
35166,35591.0,6.168
35167,35592.0,4.982
35168,35593.0,6.803
35169,35594.0,7.234
35170,35595.0,5.307
35171,35596.0,4.828
35172,35597.0,4.919
35173,35598.0,4.772
35174,35599.0,4.951
35175,35600.0,4.82
35176,35601.0,6.803
35177,35602.0,5.307
35178,35603.0,4.828
35179,35604.0,7.286
35180,35605.0,5.185
35181,35606.0,4.886
35182,35607.0,6.612
35183,35608.0,4.95
35184,35609.0,6.209
35185,35610.0,5.662
35186,35611.0,4.787
35187,35612.0,6.883
35188,35613.0,5.185
35189,35614.0,4.706
35190,35615.0,5.048
35191,35616.0,6.481
35192,35617.0,5.072
35193,35619.0,4.926
35194,35620.0,5.112
35195,35621.0,5.492
35196,35622.0,4.82
35197,35623.0,6.159
35198,35624.0,5.177
35199,35625.0,4.496
35200,35626.0,4.677
35201,35627.0,4.79
35202,35628.0,5.064
35203,35629.0,5.024
35204,35630.0,4.853
35205,35631.0,5.298
35206,35632.0,4.951
35207,35633.0,4.886
35208,35634.0,5.048
35209,35635.0,4.983
35210,35636.0,5.258
35211,35637.0,5.015
35212,35638.0,7.044
35213,35639.0,7.314
35214,35640.0,5.226
35215,35641.0,5.032
35216,35642.0,5.29
35217,35643.0,7.165
35218,35644.0,7.154
35219,35645.0,5.177
35220,35646.0,6.481
35221,35647.0,7.274
35222,35648.0,5.703
35223,35649.0,4.942
35224,35650.0,6.964
35225,35651.0,7.314
35226,35652.0,5.46
35227,35653.0,4.82
35228,35654.0,4.911
35229,35655.0,4.813
35230,35656.0,4.951
35231,35657.0,4.78
35232,35658.0,7.085
35233,35659.0,5.104
35234,35660.0,4.853
35235,35661.0,7.194
35236,35662.0,5.064
35237,35663.0,5.725
35238,35664.0,6.017
35239,35665.0,4.828
35240,35666.0,6.642
35241,35667.0,5.347
35242,35668.0,4.747
35243,35669.0,7.125
35244,35670.0,5.266
35245,35671.0,4.666
35246,35672.0,5.846
35247,35673.0,5.936
35248,35674.0,5.032
35249,35675.0,4.853
35250,35676.0,5.877
35251,35677.0,5.258
35252,35678.0,4.82
35253,35679.0,6.601
35254,35680.0,5.056
35255,35681.0,4.341
35256,35682.0,4.757
35257,35683.0,4.79
35258,35684.0,5.354
35259,35685.0,4.983
35260,35686.0,5.015
35261,35687.0,5.015
35262,35688.0,4.951
35263,35689.0,5.217
35264,35690.0,4.999
35265,35691.0,4.959
35266,35692.0,5.015
35267,35693.0,5.734
35268,35694.0,7.205
35269,35695.0,7.314
35270,35696.0,5.209
35271,35697.0,5.201
35272,35698.0,6.209
35273,35699.0,7.194
35274,35701.0,6.097
35275,35702.0,4.942
35276,35703.0,6.883
35277,35704.0,7.234
35278,35705.0,5.258
35279,35706.0,5.209
35280,35707.0,7.125
35281,35708.0,7.234
35282,35709.0,5.185
35283,35710.0,4.747
35284,35711.0,4.951
35285,35712.0,4.699
35286,35713.0,4.991
35287,35714.0,4.813
35288,35715.0,7.314
35289,35716.0,5.072
35290,35717.0,5.685
35291,35718.0,6.057
35292,35719.0,4.901
35293,35720.0,6.642
35294,35721.0,5.42
35295,35722.0,4.787
35296,35723.0,7.165
35297,35724.0,5.226
35298,35725.0,4.894
35299,35726.0,6.964
35300,35727.0,4.99
35301,35728.0,4.666
35302,35729.0,6.682
35303,35730.0,5.402
35304,35731.0,4.991
35305,35732.0,4.813
35306,35733.0,6.712
35307,35734.0,5.015
35308,35735.0,4.886
35309,35736.0,6.521
35310,35737.0,4.982
35311,35738.0,4.496
35312,35739.0,4.79
35313,35740.0,4.79
35314,35741.0,5.104
35315,35742.0,4.959
35316,35743.0,4.853
35317,35744.0,5.048
35318,35745.0,5.072
35319,35746.0,5.136
35320,35747.0,4.951
35321,35748.0,4.853
35322,35749.0,4.861
35323,35750.0,6.682
35324,35751.0,7.234
35325,35752.0,5.936
35326,35753.0,5.072
35327,35754.0,4.934
35328,35755.0,6.843
35329,35756.0,7.274
35330,35757.0,5.266
35331,35758.0,5.128
35332,35759.0,7.125
35333,35760.0,7.314
35334,35761.0,5.185
35335,35762.0,6.41
35336,35763.0,7.194
35337,35764.0,5.815
35338,35765.0,4.901
35339,35766.0,4.926
35340,35767.0,4.878
35341,35768.0,4.919
35342,35769.0,4.926
35343,35770.0,6.048
35344,35771.0,5.824
35345,35772.0,4.869
35346,35773.0,6.803
35347,35774.0,5.307
35348,35775.0,4.787
35349,35776.0,7.246
35350,35777.0,5.185
35351,35778.0,4.926
35352,35779.0,6.612
35353,35780.0,4.982
35354,35782.0,6.209
35355,35783.0,5.734
35356,35784.0,4.787
35357,35785.0,4.82
35358,35786.0,7.246
35359,35787.0,5.169
35360,35788.0,5.032
35361,35789.0,4.878
35362,35790.0,6.128
35363,35791.0,4.901
35364,35792.0,4.911
35365,35793.0,5.572
35366,35794.0,4.739
35367,35795.0,4.53
35368,35796.0,4.79
35369,35797.0,4.79
35370,35798.0,5.104
35371,35799.0,4.886
35372,35800.0,4.975
35373,35801.0,4.999
35374,35802.0,4.999
35375,35803.0,5.056
35376,35804.0,4.951
35377,35805.0,5.015
35378,35806.0,4.82
35379,35807.0,6.803
35380,35808.0,7.274
35381,35809.0,5.703
35382,35810.0,5.072
35383,35811.0,4.894
35384,35812.0,6.924
35385,35813.0,7.274
35386,35814.0,5.226
35387,35815.0,5.532
35388,35816.0,7.165
35389,35817.0,6.883
35390,35818.0,5.145
35391,35819.0,6.561
35392,35820.0,7.274
35393,35821.0,5.622
35394,35822.0,4.901
35395,35823.0,4.919
35396,35824.0,4.886
35397,35825.0,4.919
35398,35826.0,4.894
35399,35827.0,6.32
35400,35828.0,5.622
35401,35829.0,4.894
35402,35830.0,6.993
35403,35831.0,5.145
35404,35832.0,4.853
35405,35833.0,7.314
35406,35834.0,5.136
35407,35835.0,5.483
35408,35836.0,6.209
35409,35837.0,4.869
35410,35838.0,6.521
35411,35839.0,5.5
35412,35840.0,4.787
35413,35841.0,4.813
35414,35842.0,7.314
35415,35843.0,5.112
35416,35844.0,5.032
35417,35845.0,4.911
35418,35846.0,5.886
35419,35847.0,4.894
35420,35848.0,5.394
35421,35849.0,5.379
35422,35850.0,4.577
35423,35851.0,4.603
35424,35852.0,4.79
35425,35853.0,4.782
35426,35854.0,5.024
35427,35855.0,4.853
35428,35856.0,5.541
35429,35857.0,4.999
35430,35858.0,4.926
35431,35859.0,4.975
35432,35860.0,4.943
35433,35861.0,5.572
35434,35862.0,4.82
35435,35863.0,6.964
35436,35864.0,7.274
35437,35865.0,5.42
35438,35866.0,5.032
35439,35868.0,4.934
35440,35869.0,7.044
35441,35870.0,7.274
35442,35871.0,5.42
35443,35872.0,6.048
35444,35873.0,7.194
35445,35874.0,6.289
35446,35875.0,4.982
35447,35876.0,6.803
35448,35877.0,7.274
35449,35878.0,5.379
35450,35879.0,4.861
35451,35880.0,4.919
35452,35881.0,4.813
35453,35882.0,5.072
35454,35883.0,4.894
35455,35884.0,6.763
35456,35885.0,5.347
35457,35886.0,4.828
35458,35887.0,7.165
35459,35888.0,5.266
35460,35889.0,4.886
35461,35890.0,6.763
35462,35891.0,4.95
35463,35892.0,6.168
35464,35893.0,5.743
35465,35894.0,4.828
35466,35895.0,6.924
35467,35896.0,5.266
35468,35897.0,4.747
35469,35898.0,5.007
35470,35899.0,6.521
35471,35900.0,5.112
35472,35901.0,4.926
35473,35902.0,5.072
35474,35903.0,5.492
35475,35904.0,4.853
35476,35905.0,6.159
35477,35906.0,5.209
35478,35907.0,4.503
35479,35908.0,4.724
35480,35909.0,4.79
35481,35910.0,4.863
35482,35911.0,5.024
35483,35912.0,4.853
35484,35913.0,5.339
35485,35914.0,4.951
35486,35915.0,4.846
35487,35916.0,5.056
35488,35917.0,4.943
35489,35918.0,5.298
35490,35919.0,4.78
35491,35920.0,7.004
35492,35921.0,7.274
35493,35922.0,5.226
35494,35923.0,5.032
35495,35924.0,5.048
35496,35925.0,7.125
35497,35926.0,7.274
35498,35927.0,5.226
35499,35928.0,6.37
35500,35929.0,7.234
35501,35930.0,5.815
35502,35931.0,4.901
35503,35932.0,6.924
35504,35933.0,7.274
35505,35934.0,5.185
35506,35935.0,4.787
35507,35936.0,4.911
35508,35937.0,4.772
35509,35938.0,4.951
35510,35939.0,4.78
35511,35940.0,7.004
35512,35941.0,5.145
35513,35942.0,4.813
35514,35943.0,7.314
35515,35944.0,5.072
35516,35945.0,5.523
35517,35946.0,6.138
35518,35947.0,4.869
35519,35949.0,6.521
35520,35950.0,5.42
35521,35951.0,4.747
35522,35952.0,7.085
35523,35953.0,5.064
35524,35954.0,4.706
35525,35955.0,5.644
35526,35956.0,6.088
35527,35957.0,5.072
35528,35958.0,4.878
35529,35959.0,5.756
35530,35960.0,5.33
35531,35961.0,4.82
35532,35962.0,6.561
35533,35963.0,5.096
35534,35964.0,4.422
35535,35965.0,4.717
35536,35966.0,4.823
35537,35967.0,5.425
35538,35968.0,5.064
35539,35969.0,5.136
35540,35970.0,5.177
35541,35971.0,4.951
35542,35972.0,4.886
35543,35973.0,5.048
35544,35974.0,5.112
35545,35975.0,5.136
35546,35976.0,5.177
35547,35977.0,7.125
35548,35978.0,7.314
35549,35979.0,5.298
35550,35980.0,5.313
35551,35981.0,5.725
35552,35982.0,7.154
35553,35983.0,6.682
35554,35984.0,5.064
35555,35985.0,6.642
35556,35986.0,7.234
35557,35987.0,5.5
35558,35988.0,4.942
35559,35989.0,7.044
35560,35990.0,7.274
35561,35991.0,5.379
35562,35992.0,4.78
35563,35993.0,4.911
35564,35994.0,4.739
35565,35995.0,4.991
35566,35996.0,4.78
35567,35997.0,7.194
35568,35998.0,5.226
35569,35999.0,4.886
35570,36000.0,6.733
35571,36001.0,4.95
35572,36002.0,6.128
35573,36003.0,5.784
35574,36004.0,4.787
35575,36005.0,6.843
35576,36006.0,5.226
35577,36007.0,4.82
35578,36008.0,7.194
35579,36009.0,5.145
35580,36010.0,4.666
35581,36011.0,6.209
35582,36012.0,5.734
35583,36013.0,5.032
35584,36014.0,4.813
35585,36015.0,6.239
35586,36016.0,5.136
35587,36017.0,4.853
35588,36018.0,6.792
35589,36019.0,5.136
35590,36020.0,4.301
35591,36021.0,4.75
35592,36022.0,4.823
35593,36023.0,5.313
35594,36024.0,4.983
35595,36025.0,5.056
35596,36026.0,5.064
35597,36027.0,4.991
35598,36028.0,5.096
35599,36029.0,5.04
35600,36030.0,4.959
35601,36031.0,5.056
35602,36033.0,5.653
35603,36034.0,7.205
35604,36035.0,7.314
35605,36036.0,5.249
35606,36037.0,5.241
35607,36038.0,6.128
35608,36039.0,7.194
35609,36040.0,6.209
35610,36041.0,4.982
35611,36042.0,6.803
35612,36043.0,7.274
35613,36044.0,5.307
35614,36045.0,4.967
35615,36046.0,7.085
35616,36047.0,7.274
35617,36048.0,5.226
35618,36049.0,4.747
35619,36050.0,4.911
35620,36051.0,4.699
35621,36052.0,4.951
35622,36053.0,4.853
35623,36054.0,7.314
35624,36055.0,5.104
35625,36056.0,5.443
35626,36057.0,6.219
35627,36058.0,4.869
35628,36059.0,6.481
35629,36060.0,5.46
35630,36061.0,4.787
35631,36062.0,7.044
35632,36063.0,5.104
35633,36064.0,4.853
35634,36065.0,7.234
35635,36066.0,4.99
35636,36067.0,4.666
35637,36068.0,6.561
35638,36069.0,5.492
35639,36070.0,5.032
35640,36071.0,4.813
35641,36072.0,6.591
35642,36073.0,5.056
35643,36074.0,4.846
35644,36075.0,6.752
35645,36076.0,4.982
35646,36077.0,4.26
35647,36078.0,4.75
35648,36079.0,4.83
35649,36080.0,5.273
35650,36081.0,4.983
35651,36082.0,4.975
35652,36083.0,4.982
35653,36084.0,4.951
35654,36085.0,5.492
35655,36086.0,4.999
35656,36087.0,4.919
35657,36088.0,4.982
35658,36089.0,6.168
35659,36090.0,7.205
35660,36091.0,7.004
35661,36092.0,5.12
35662,36093.0,5.12
35663,36094.0,6.44
35664,36095.0,7.234
35665,36096.0,5.784
35666,36097.0,4.942
35667,36098.0,6.964
35668,36099.0,7.314
35669,36100.0,5.307
35670,36101.0,5.653
35671,36102.0,7.165
35672,36103.0,6.803
35673,36104.0,5.104
35674,36105.0,4.787
35675,36106.0,4.911
35676,36107.0,4.853
35677,36108.0,5.152
35678,36109.0,4.846
35679,36110.0,6.814
35680,36111.0,4.95
35681,36112.0,6.088
35682,36113.0,5.784
35683,36114.0,4.828
35684,36115.0,6.843
35685,36117.0,5.226
35686,36118.0,4.78
35687,36119.0,7.246
35688,36120.0,5.145
35689,36121.0,5.007
35690,36122.0,6.531
35691,36123.0,4.909
35692,36124.0,4.673
35693,36125.0,6.883
35694,36126.0,5.258
35695,36127.0,5.032
35696,36128.0,4.853
35697,36129.0,6.872
35698,36130.0,5.064
35699,36131.0,4.878
35700,36132.0,6.239
35701,36133.0,4.934
35702,36134.0,4.26
35703,36135.0,4.79
35704,36136.0,4.823
35705,36137.0,5.224
35706,36138.0,5.072
35707,36139.0,4.894
35708,36140.0,5.056
35709,36141.0,4.983
35710,36142.0,5.339
35711,36143.0,5.032
35712,36144.0,4.846
35713,36145.0,4.934
35714,36146.0,6.37
35715,36147.0,7.234
35716,36148.0,6.531
35717,36149.0,5.12
35718,36150.0,5.048
35719,36151.0,6.642
35720,36152.0,7.234
35721,36153.0,5.581
35722,36154.0,4.942
35723,36155.0,7.044
35724,36156.0,7.274
35725,36157.0,5.42
35726,36158.0,6.007
35727,36159.0,7.194
35728,36160.0,6.33
35729,36161.0,5.023
35730,36162.0,4.901
35731,36163.0,4.951
35732,36164.0,4.853
35733,36165.0,5.08
35734,36166.0,5.241
35735,36167.0,6.37
35736,36168.0,4.909
35737,36169.0,6.4
35738,36170.0,5.541
35739,36171.0,4.828
35740,36172.0,7.004
35741,36173.0,5.185
35742,36174.0,4.813
35743,36175.0,7.314
35744,36176.0,5.072
35745,36177.0,5.523
35746,36178.0,6.138
35747,36179.0,4.869
35748,36180.0,4.673
35749,36181.0,7.044
35750,36182.0,5.177
35751,36183.0,4.983
35752,36184.0,4.846
35753,36185.0,6.722
35754,36186.0,5.015
35755,36187.0,4.919
35756,36188.0,5.927
35757,36189.0,4.861
35758,36190.0,4.179
35759,36191.0,4.75
35760,36192.0,4.83
35761,36193.0,5.273
35762,36194.0,4.983
35763,36195.0,4.934
35764,36196.0,4.942
35765,36197.0,4.991
35766,36198.0,5.451
35767,36199.0,4.991
35768,36201.0,4.886
35769,36202.0,4.942
35770,36203.0,6.249
35771,36204.0,7.194
35772,36205.0,6.803
35773,36206.0,5.12
35774,36207.0,5.088
35775,36208.0,6.521
35776,36209.0,7.234
35777,36210.0,5.703
35778,36211.0,4.901
35779,36212.0,6.964
35780,36213.0,7.274
35781,36214.0,5.541
35782,36215.0,5.765
35783,36216.0,7.165
35784,36217.0,6.652
35785,36218.0,5.064
35786,36219.0,4.901
35787,36220.0,4.903
35788,36221.0,4.853
35789,36222.0,5.112
35790,36223.0,4.878
35791,36224.0,6.652
35792,36225.0,4.982
35793,36226.0,6.168
35794,36227.0,5.743
35795,36228.0,4.828
35796,36229.0,6.883
35797,36230.0,5.185
35798,36231.0,4.82
35799,36232.0,7.234
35800,36233.0,5.145
35801,36234.0,5.169
35802,36235.0,6.41
35803,36236.0,4.909
35804,36237.0,4.706
35805,36238.0,6.924
35806,36239.0,5.281
35807,36240.0,5.024
35808,36241.0,4.886
35809,36242.0,6.913
35810,36243.0,5.096
35811,36244.0,4.878
35812,36245.0,6.159
35813,36246.0,4.901
35814,36247.0,4.496
35815,36248.0,4.79
35816,36249.0,4.823
35817,36250.0,5.144
35818,36251.0,4.999
35819,36252.0,4.853
35820,36253.0,5.048
35821,36254.0,5.064
35822,36255.0,5.177
35823,36256.0,4.991
35824,36257.0,4.813
35825,36258.0,4.861
35826,36259.0,6.601
35827,36260.0,7.234
35828,36261.0,6.057
35829,36262.0,5.072
35830,36263.0,4.934
35831,36264.0,6.803
35832,36265.0,7.234
35833,36266.0,5.347
35834,36267.0,4.934
35835,36268.0,7.085
35836,36269.0,7.274
35837,36270.0,5.226
35838,36271.0,6.33
35839,36272.0,7.194
35840,36273.0,5.936
35841,36274.0,4.942
35842,36275.0,4.886
35843,36276.0,4.911
35844,36277.0,4.886
35845,36278.0,4.967
35846,36279.0,5.846
35847,36280.0,5.945
35848,36281.0,4.828
35849,36282.0,6.722
35850,36283.0,5.307
35851,36285.0,4.787
35852,36286.0,7.165
35853,36287.0,5.226
35854,36288.0,4.846
35855,36289.0,6.814
35856,36290.0,4.95
35857,36291.0,6.048
35858,36292.0,5.784
35859,36293.0,4.828
35860,36294.0,4.747
35861,36295.0,7.205
35862,36296.0,5.128
35863,36297.0,5.072
35864,36298.0,4.878
35865,36299.0,6.289
35866,36300.0,4.901
35867,36301.0,4.919
35868,36302.0,5.622
35869,36303.0,4.813
35870,36304.0,4.422
35871,36305.0,4.83
35872,36306.0,4.823
35873,36307.0,5.184
35874,36308.0,4.999
35875,36309.0,4.886
35876,36310.0,5.048
35877,36311.0,5.144
35878,36312.0,5.209
35879,36313.0,5.032
35880,36314.0,4.853
35881,36315.0,4.934
35882,36316.0,6.601
35883,36317.0,7.274
35884,36318.0,6.097
35885,36319.0,5.112
35886,36320.0,4.934
35887,36321.0,6.803
35888,36322.0,7.234
35889,36323.0,5.339
35890,36324.0,4.934
35891,36325.0,7.085
35892,36326.0,7.274
35893,36327.0,5.266
35894,36328.0,6.289
35895,36329.0,7.234
35896,36330.0,5.976
35897,36331.0,4.942
35898,36332.0,4.886
35899,36333.0,4.911
35900,36334.0,4.926
35901,36335.0,4.967
35902,36336.0,5.846
35903,36337.0,5.936
35904,36338.0,4.869
35905,36339.0,6.722
35906,36340.0,5.347
35907,36341.0,4.787
35908,36342.0,7.165
35909,36343.0,5.226
35910,36344.0,4.886
35911,36345.0,6.773
35912,36346.0,4.95
35913,36347.0,6.048
35914,36348.0,5.784
35915,36349.0,4.828
35916,36350.0,4.787
35917,36351.0,7.205
35918,36352.0,5.16
35919,36353.0,5.072
35920,36354.0,4.878
35921,36355.0,6.249
35922,36356.0,4.942
35923,36357.0,4.919
35924,36358.0,5.653
35925,36359.0,4.813
35926,36360.0,4.496
35927,36361.0,4.79
35928,36362.0,4.83
35929,36363.0,5.104
35930,36364.0,4.959
35931,36365.0,4.853
35932,36366.0,5.04
35933,36367.0,5.032
35934,36369.0,5.136
35935,36370.0,4.951
35936,36371.0,4.813
35937,36372.0,4.861
35938,36373.0,6.763
35939,36374.0,7.274
35940,36375.0,5.855
35941,36376.0,5.072
35942,36377.0,4.934
35943,36378.0,6.924
35944,36379.0,7.314
35945,36380.0,5.226
35946,36381.0,5.29
35947,36382.0,7.125
35948,36383.0,7.234
35949,36384.0,5.145
35950,36385.0,6.491
35951,36386.0,7.234
35952,36387.0,5.734
35953,36388.0,4.901
35954,36389.0,4.926
35955,36390.0,4.878
35956,36391.0,4.959
35957,36392.0,4.894
35958,36393.0,6.209
35959,36394.0,5.743
35960,36395.0,4.828
35961,36396.0,6.883
35962,36397.0,5.185
35963,36398.0,4.82
35964,36399.0,7.234
35965,36400.0,5.145
35966,36401.0,5.209
35967,36402.0,6.38
35968,36403.0,4.909
35969,36404.0,6.36
35970,36405.0,5.541
35971,36406.0,4.787
35972,36407.0,4.78
35973,36408.0,7.286
35974,36409.0,5.12
35975,36410.0,4.999
35976,36411.0,4.878
35977,36412.0,5.936
35978,36413.0,4.901
35979,36414.0,5.233
35980,36415.0,5.451
35981,36416.0,4.658
35982,36417.0,4.644
35983,36418.0,4.79
35984,36419.0,4.79
35985,36420.0,5.024
35986,36421.0,4.853
35987,36422.0,5.492
35988,36423.0,4.991
35989,36424.0,4.926
35990,36425.0,4.942
35991,36426.0,4.951
35992,36427.0,5.46
35993,36428.0,4.82
35994,36429.0,6.964
35995,36430.0,7.314
35996,36431.0,5.379
35997,36432.0,5.032
35998,36433.0,4.975
35999,36434.0,7.085
36000,36435.0,7.274
36001,36436.0,5.379
36002,36437.0,6.128
36003,36438.0,7.194
36004,36439.0,6.178
36005,36440.0,4.982
36006,36441.0,6.803
36007,36442.0,7.274
36008,36443.0,5.307
36009,36444.0,4.82
36010,36445.0,4.919
36011,36446.0,4.813
36012,36447.0,4.951
36013,36448.0,4.82
36014,36449.0,6.803
36015,36451.0,5.307
36016,36452.0,4.82
36017,36453.0,7.246
36018,36454.0,5.185
36019,36455.0,4.886
36020,36456.0,6.652
36021,36457.0,4.942
36022,36458.0,6.209
36023,36459.0,5.703
36024,36460.0,4.787
36025,36461.0,6.924
36026,36462.0,5.185
36027,36463.0,4.747
36028,36464.0,5.048
36029,36465.0,6.521
36030,36466.0,5.072
36031,36467.0,4.919
36032,36468.0,5.072
36033,36469.0,5.532
36034,36470.0,4.82
36035,36471.0,6.199
36036,36472.0,5.177
36037,36473.0,4.503
36038,36474.0,4.644
36039,36475.0,4.823
36040,36476.0,4.782
36041,36477.0,5.064
36042,36478.0,4.853
36043,36479.0,5.46
36044,36480.0,4.991
36045,36481.0,4.886
36046,36482.0,4.975
36047,36483.0,4.951
36048,36484.0,5.42
36049,36485.0,4.82
36050,36486.0,7.004
36051,36487.0,7.274
36052,36488.0,5.307
36053,36489.0,5.032
36054,36490.0,4.934
36055,36491.0,7.085
36056,36492.0,7.274
36057,36493.0,5.307
36058,36494.0,6.209
36059,36495.0,7.194
36060,36496.0,6.057
36061,36497.0,4.942
36062,36498.0,6.883
36063,36499.0,7.274
36064,36500.0,5.266
36065,36501.0,4.828
36066,36502.0,4.911
36067,36503.0,4.772
36068,36504.0,4.951
36069,36505.0,4.78
36070,36506.0,6.883
36071,36507.0,5.226
36072,36508.0,4.82
36073,36509.0,7.246
36074,36510.0,5.145
36075,36511.0,5.128
36076,36512.0,6.41
36077,36513.0,4.909
36078,36514.0,6.36
36079,36515.0,5.581
36080,36516.0,4.787
36081,36517.0,7.004
36082,36518.0,5.145
36083,36519.0,4.706
36084,36520.0,5.402
36085,36521.0,6.209
36086,36522.0,5.072
36087,36523.0,4.886
36088,36524.0,5.515
36089,36525.0,5.371
36090,36526.0,4.813
36091,36527.0,6.36
36092,36528.0,5.136
36093,36529.0,4.422
36094,36530.0,4.717
36095,36532.0,4.79
36096,36533.0,5.032
36097,36534.0,5.024
36098,36535.0,4.846
36099,36536.0,5.298
36100,36537.0,4.991
36101,36538.0,4.886
36102,36539.0,5.088
36103,36540.0,4.943
36104,36541.0,5.298
36105,36542.0,4.901
36106,36543.0,7.085
36107,36544.0,7.314
36108,36545.0,5.217
36109,36546.0,5.032
36110,36547.0,5.249
36111,36548.0,7.165
36112,36549.0,7.234
36113,36550.0,5.177
36114,36551.0,6.481
36115,36552.0,7.234
36116,36553.0,5.774
36117,36554.0,4.901
36118,36555.0,6.964
36119,36556.0,7.274
36120,36557.0,5.388
36121,36558.0,4.82
36122,36559.0,4.911
36123,36560.0,4.772
36124,36561.0,4.951
36125,36562.0,4.739
36126,36563.0,7.085
36127,36564.0,5.104
36128,36565.0,4.853
36129,36566.0,7.274
36130,36567.0,5.031
36131,36568.0,5.685
36132,36569.0,6.057
36133,36570.0,4.869
36134,36571.0,6.601
36135,36572.0,5.388
36136,36573.0,4.747
36137,36574.0,7.125
36138,36575.0,5.185
36139,36576.0,4.706
36140,36577.0,5.765
36141,36578.0,6.017
36142,36579.0,5.032
36143,36580.0,4.886
36144,36581.0,5.837
36145,36582.0,5.258
36146,36583.0,4.82
36147,36584.0,6.601
36148,36585.0,5.064
36149,36586.0,4.382
36150,36587.0,4.717
36151,36588.0,4.79
36152,36589.0,5.466
36153,36590.0,5.024
36154,36591.0,5.096
36155,36592.0,5.177
36156,36593.0,4.951
36157,36594.0,4.846
36158,36595.0,5.048
36159,36596.0,5.072
36160,36597.0,5.136
36161,36598.0,5.128
36162,36599.0,7.125
36163,36600.0,7.314
36164,36601.0,5.258
36165,36602.0,5.354
36166,36603.0,5.725
36167,36604.0,7.154
36168,36605.0,6.682
36169,36606.0,5.104
36170,36607.0,6.642
36171,36608.0,7.274
36172,36609.0,5.5
36173,36610.0,4.975
36174,36611.0,7.044
36175,36612.0,7.314
36176,36613.0,5.388
36177,36615.0,4.78
36178,36616.0,4.911
36179,36617.0,4.739
36180,36618.0,4.951
36181,36619.0,4.82
36182,36620.0,7.194
36183,36621.0,5.266
36184,36622.0,4.846
36185,36623.0,6.773
36186,36624.0,4.95
36187,36625.0,6.128
36188,36626.0,5.743
36189,36627.0,4.828
36190,36628.0,6.843
36191,36629.0,5.266
36192,36630.0,4.82
36193,36631.0,7.286
36194,36632.0,5.145
36195,36633.0,4.747
36196,36634.0,6.209
36197,36635.0,5.765
36198,36636.0,5.032
36199,36637.0,4.846
36200,36638.0,6.239
36201,36639.0,5.136
36202,36640.0,4.813
36203,36641.0,6.792
36204,36642.0,5.136
36205,36643.0,4.301
36206,36644.0,4.757
36207,36645.0,4.79
36208,36646.0,5.313
36209,36647.0,4.983
36210,36648.0,5.056
36211,36649.0,5.096
36212,36650.0,4.991
36213,36651.0,4.894
36214,36652.0,4.999
36215,36653.0,4.999
36216,36654.0,5.056
36217,36655.0,5.492
36218,36656.0,7.165
36219,36657.0,7.314
36220,36658.0,5.209
36221,36659.0,5.313
36222,36660.0,6.007
36223,36661.0,7.194
36224,36662.0,6.33
36225,36663.0,5.023
36226,36664.0,6.763
36227,36665.0,7.274
36228,36666.0,5.347
36229,36667.0,4.975
36230,36668.0,7.085
36231,36669.0,7.274
36232,36670.0,5.266
36233,36671.0,4.787
36234,36672.0,4.911
36235,36673.0,4.699
36236,36674.0,4.991
36237,36675.0,4.813
36238,36676.0,7.314
36239,36677.0,5.104
36240,36678.0,5.362
36241,36679.0,6.289
36242,36680.0,4.909
36243,36681.0,6.44
36244,36682.0,5.5
36245,36683.0,4.787
36246,36684.0,7.085
36247,36685.0,5.104
36248,36686.0,4.853
36249,36687.0,7.234
36250,36688.0,5.023
36251,36689.0,4.666
36252,36690.0,6.601
36253,36691.0,5.483
36254,36692.0,5.064
36255,36693.0,4.853
36256,36694.0,6.591
36257,36695.0,5.056
36258,36697.0,4.886
36259,36698.0,6.832
36260,36699.0,5.056
36261,36700.0,4.26
36262,36701.0,4.79
36263,36702.0,4.79
36264,36703.0,5.273
36265,36704.0,5.064
36266,36705.0,4.967
36267,36706.0,5.096
36268,36707.0,4.991
36269,36708.0,5.379
36270,36709.0,5.032
36271,36710.0,4.886
36272,36711.0,4.934
36273,36712.0,6.33
36274,36713.0,7.274
36275,36714.0,6.612
36276,36715.0,5.16
36277,36716.0,5.048
36278,36717.0,6.601
36279,36718.0,7.234
36280,36719.0,5.622
36281,36720.0,4.942
36282,36721.0,7.004
36283,36722.0,7.234
36284,36723.0,5.46
36285,36724.0,5.927
36286,36725.0,7.154
36287,36726.0,6.41
36288,36727.0,5.023
36289,36728.0,4.901
36290,36729.0,4.903
36291,36730.0,4.846
36292,36731.0,5.08
36293,36732.0,5.12
36294,36733.0,6.451
36295,36734.0,4.909
36296,36735.0,6.32
36297,36736.0,5.581
36298,36737.0,4.787
36299,36738.0,7.004
36300,36739.0,5.145
36301,36740.0,4.813
36302,36741.0,7.274
36303,36742.0,5.064
36304,36743.0,5.483
36305,36744.0,6.219
36306,36745.0,4.869
36307,36746.0,4.666
36308,36747.0,7.004
36309,36748.0,5.177
36310,36749.0,4.983
36311,36750.0,4.886
36312,36751.0,6.832
36313,36752.0,5.023
36314,36753.0,4.878
36315,36754.0,6.007
36316,36755.0,4.901
36317,36756.0,4.456
36318,36757.0,4.79
36319,36758.0,4.83
36320,36759.0,5.152
36321,36760.0,4.999
36322,36761.0,4.853
36323,36762.0,5.048
36324,36763.0,5.064
36325,36764.0,5.217
36326,36765.0,4.991
36327,36766.0,4.886
36328,36767.0,4.894
36329,36768.0,6.642
36330,36769.0,7.274
36331,36770.0,6.097
36332,36771.0,5.072
36333,36772.0,4.967
36334,36773.0,6.803
36335,36774.0,7.274
36336,36775.0,5.307
36337,36776.0,4.967
36338,36777.0,7.125
36339,36778.0,7.314
36340,36779.0,5.266
36341,36781.0,6.37
36342,36782.0,7.194
36343,36783.0,5.976
36344,36784.0,4.942
36345,36785.0,4.926
36346,36786.0,4.911
36347,36787.0,4.926
36348,36788.0,4.967
36349,36789.0,5.927
36350,36790.0,5.945
36351,36791.0,4.861
36352,36792.0,6.722
36353,36793.0,5.339
36354,36794.0,4.787
36355,36795.0,7.165
36356,36796.0,5.226
36357,36797.0,4.846
36358,36798.0,6.773
36359,36799.0,4.95
36360,36800.0,6.088
36361,36801.0,5.743
36362,36802.0,4.828
36363,36803.0,4.747
36364,36804.0,7.246
36365,36805.0,5.169
36366,36806.0,5.072
36367,36807.0,4.878
36368,36808.0,6.279
36369,36809.0,4.942
36370,36810.0,4.911
36371,36811.0,5.653
36372,36812.0,4.82
36373,36813.0,4.57
36374,36814.0,4.83
36375,36815.0,4.823
36376,36816.0,5.104
36377,36817.0,4.926
36378,36818.0,5.136
36379,36819.0,4.999
36380,36820.0,4.999
36381,36821.0,5.015
36382,36822.0,4.991
36383,36823.0,5.169
36384,36824.0,4.82
36385,36825.0,6.843
36386,36826.0,7.274
36387,36827.0,5.581
36388,36828.0,5.032
36389,36829.0,4.853
36390,36830.0,6.964
36391,36831.0,7.274
36392,36832.0,5.42
36393,36833.0,5.694
36394,36834.0,7.165
36395,36835.0,6.682
36396,36836.0,5.104
36397,36837.0,6.642
36398,36838.0,7.274
36399,36839.0,5.5
36400,36840.0,4.861
36401,36841.0,4.919
36402,36842.0,4.846
36403,36843.0,4.919
36404,36844.0,4.853
36405,36845.0,6.481
36406,36846.0,5.541
36407,36847.0,4.787
36408,36848.0,7.044
36409,36849.0,5.104
36410,36850.0,4.894
36411,36851.0,7.274
36412,36852.0,5.064
36413,36853.0,5.604
36414,36854.0,6.097
36415,36855.0,4.869
36416,36856.0,6.601
36417,36857.0,5.428
36418,36858.0,4.78
36419,36859.0,4.853
36420,36860.0,7.194
36421,36861.0,5.08
36422,36862.0,4.999
36423,36863.0,4.951
36424,36864.0,5.806
36425,36865.0,4.894
36426,36866.0,5.515
36427,36868.0,5.371
36428,36869.0,4.544
36429,36870.0,4.456
36430,36871.0,4.79
36431,36872.0,4.782
36432,36873.0,5.144
36433,36874.0,4.959
36434,36875.0,4.853
36435,36876.0,5.048
36436,36877.0,5.032
36437,36878.0,5.136
36438,36879.0,4.951
36439,36880.0,4.853
36440,36881.0,4.861
36441,36882.0,6.642
36442,36883.0,7.234
36443,36884.0,5.936
36444,36885.0,5.072
36445,36886.0,4.934
36446,36887.0,6.843
36447,36888.0,7.274
36448,36889.0,5.266
36449,36890.0,5.128
36450,36891.0,7.125
36451,36892.0,7.274
36452,36893.0,5.185
36453,36894.0,6.4
36454,36895.0,7.234
36455,36896.0,5.815
36456,36897.0,4.901
36457,36898.0,4.926
36458,36899.0,4.878
36459,36900.0,4.919
36460,36901.0,4.934
36461,36902.0,6.048
36462,36903.0,5.784
36463,36904.0,4.828
36464,36905.0,6.803
36465,36906.0,5.266
36466,36907.0,4.787
36467,36908.0,7.246
36468,36909.0,5.145
36469,36910.0,4.967
36470,36911.0,6.531
36471,36912.0,4.95
36472,36913.0,6.249
36473,36914.0,5.662
36474,36915.0,4.787
36475,36916.0,4.82
36476,36917.0,7.234
36477,36918.0,5.16
36478,36919.0,5.032
36479,36920.0,4.919
36480,36921.0,6.088
36481,36922.0,4.934
36482,36923.0,4.951
36483,36924.0,5.572
36484,36925.0,4.739
36485,36926.0,4.644
36486,36927.0,4.79
36487,36928.0,4.83
36488,36929.0,5.064
36489,36930.0,4.886
36490,36931.0,5.532
36491,36932.0,5.04
36492,36933.0,4.926
36493,36934.0,5.015
36494,36935.0,4.943
36495,36936.0,5.572
36496,36937.0,4.82
36497,36938.0,7.004
36498,36939.0,7.314
36499,36940.0,5.42
36500,36941.0,5.032
36501,36942.0,4.934
36502,36943.0,7.044
36503,36944.0,7.274
36504,36945.0,5.379
36505,36946.0,6.048
36506,36947.0,7.205
36507,36948.0,6.249
36508,36949.0,4.982
36509,36950.0,6.803
36510,36951.0,7.274
36511,36953.0,5.339
36512,36954.0,4.82
36513,36955.0,4.919
36514,36956.0,4.813
36515,36957.0,4.951
36516,36958.0,4.82
36517,36959.0,6.763
36518,36960.0,5.307
36519,36961.0,4.787
36520,36962.0,7.205
36521,36963.0,5.226
36522,36964.0,4.886
36523,36965.0,6.693
36524,36966.0,4.95
36525,36967.0,6.128
36526,36968.0,5.743
36527,36969.0,4.787
36528,36970.0,6.883
36529,36971.0,5.185
36530,36972.0,4.747
36531,36973.0,5.007
36532,36974.0,6.481
36533,36975.0,5.072
36534,36976.0,4.926
36535,36977.0,5.112
36536,36978.0,5.492
36537,36979.0,4.82
36538,36980.0,6.159
36539,36981.0,5.177
36540,36982.0,4.456
36541,36983.0,4.677
36542,36984.0,4.823
36543,36985.0,4.943
36544,36986.0,5.024
36545,36987.0,4.846
36546,36988.0,5.33
36547,36989.0,4.991
36548,36990.0,4.878
36549,36991.0,5.056
36550,36992.0,4.983
36551,36993.0,5.298
36552,36994.0,4.861
36553,36995.0,7.044
36554,36996.0,7.314
36555,36997.0,5.185
36556,36998.0,5.032
36557,36999.0,5.169
36558,37000.0,7.165
36559,37001.0,7.194
36560,37002.0,5.217
36561,37003.0,6.44
36562,37004.0,7.234
36563,37005.0,5.784
36564,37006.0,4.942
36565,37007.0,6.964
36566,37008.0,7.314
36567,37009.0,5.307
36568,37010.0,4.82
36569,37011.0,4.911
36570,37012.0,4.772
36571,37013.0,4.951
36572,37014.0,4.82
36573,37015.0,7.044
36574,37016.0,5.145
36575,37017.0,4.853
36576,37018.0,7.274
36577,37019.0,5.031
36578,37020.0,5.644
36579,37021.0,6.097
36580,37022.0,4.828
36581,37023.0,6.601
36582,37024.0,5.388
36583,37025.0,4.747
36584,37026.0,7.085
36585,37027.0,5.145
36586,37028.0,4.706
36587,37029.0,5.725
36588,37030.0,6.007
36589,37031.0,5.072
36590,37032.0,4.853
36591,37034.0,5.796
36592,37035.0,5.258
36593,37036.0,4.82
36594,37037.0,6.561
36595,37038.0,5.056
36596,37039.0,4.382
36597,37040.0,4.717
36598,37041.0,4.79
36599,37042.0,5.184
36600,37043.0,5.024
36601,37044.0,4.926
36602,37045.0,5.258
36603,37046.0,4.991
36604,37047.0,4.853
36605,37048.0,5.048
36606,37049.0,4.983
36607,37050.0,5.258
36608,37051.0,5.064
36609,37052.0,7.085
36610,37053.0,7.314
36611,37054.0,5.266
36612,37055.0,5.032
36613,37056.0,5.29
36614,37057.0,7.165
36615,37058.0,7.154
36616,37059.0,5.145
36617,37060.0,6.491
36618,37061.0,7.234
36619,37062.0,5.743
36620,37063.0,4.901
36621,37064.0,6.964
36622,37065.0,7.274
36623,37066.0,5.42
36624,37067.0,4.787
36625,37068.0,4.911
36626,37069.0,4.739
36627,37070.0,4.991
36628,37071.0,4.739
36629,37072.0,7.085
36630,37073.0,5.072
36631,37074.0,4.853
36632,37075.0,7.274
36633,37076.0,5.064
36634,37077.0,5.685
36635,37078.0,6.057
36636,37079.0,4.828
36637,37080.0,6.682
36638,37081.0,5.388
36639,37082.0,4.787
36640,37083.0,7.125
36641,37084.0,5.307
36642,37085.0,4.706
36643,37086.0,5.846
36644,37087.0,5.976
36645,37088.0,5.072
36646,37089.0,4.853
36647,37090.0,5.917
36648,37091.0,5.258
36649,37092.0,4.82
36650,37093.0,6.601
36651,37094.0,5.023
36652,37095.0,4.341
36653,37096.0,4.717
36654,37097.0,4.79
36655,37098.0,5.313
36656,37099.0,4.983
36657,37100.0,5.015
36658,37101.0,5.064
36659,37102.0,4.951
36660,37103.0,5.048
36661,37104.0,4.999
36662,37105.0,4.999
36663,37106.0,5.056
36664,37107.0,5.613
36665,37108.0,7.165
36666,37109.0,7.314
36667,37110.0,5.209
36668,37111.0,5.281
36669,37112.0,6.048
36670,37113.0,7.205
36671,37114.0,6.219
36672,37115.0,4.982
36673,37116.0,6.763
36674,37117.0,7.274
36675,37118.0,5.307
36676,37120.0,4.975
36677,37121.0,7.085
36678,37122.0,7.274
36679,37123.0,5.226
36680,37124.0,4.787
36681,37125.0,4.911
36682,37126.0,4.739
36683,37127.0,4.951
36684,37128.0,4.813
36685,37129.0,7.314
36686,37130.0,5.104
36687,37131.0,5.371
36688,37132.0,6.299
36689,37133.0,4.869
36690,37134.0,6.44
36691,37135.0,5.509
36692,37136.0,4.787
36693,37137.0,7.004
36694,37138.0,5.104
36695,37139.0,4.813
36696,37140.0,7.286
36697,37141.0,5.031
36698,37142.0,4.706
36699,37143.0,6.521
36700,37144.0,5.492
36701,37145.0,5.032
36702,37146.0,4.813
36703,37147.0,6.561
36704,37148.0,5.056
36705,37149.0,4.853
36706,37150.0,6.832
36707,37151.0,5.023
36708,37152.0,4.301
36709,37153.0,4.717
36710,37154.0,4.83
36711,37155.0,5.394
36712,37156.0,5.024
36713,37157.0,5.056
36714,37158.0,5.177
36715,37159.0,4.951
36716,37160.0,4.853
36717,37161.0,5.007
36718,37162.0,5.032
36719,37163.0,5.096
36720,37164.0,5.33
36721,37165.0,7.125
36722,37166.0,7.314
36723,37167.0,5.217
36724,37168.0,5.394
36725,37169.0,5.846
36726,37170.0,7.165
36727,37171.0,6.491
36728,37172.0,5.023
36729,37173.0,6.682
36730,37174.0,7.234
36731,37175.0,5.428
36732,37176.0,4.975
36733,37177.0,7.044
36734,37178.0,7.274
36735,37179.0,5.307
36736,37180.0,4.747
36737,37181.0,4.911
36738,37182.0,4.699
36739,37183.0,4.951
36740,37184.0,4.82
36741,37185.0,7.234
36742,37186.0,5.145
36743,37187.0,5.007
36744,37188.0,6.491
36745,37189.0,4.909
36746,37190.0,6.249
36747,37191.0,5.622
36748,37192.0,4.787
36749,37193.0,6.924
36750,37194.0,5.145
36751,37195.0,4.82
36752,37196.0,7.286
36753,37197.0,5.104
36754,37198.0,4.673
36755,37199.0,6.37
36756,37200.0,5.604
36757,37201.0,5.032
36758,37203.0,4.813
36759,37204.0,6.4
36760,37205.0,5.096
36761,37206.0,4.853
36762,37207.0,6.872
36763,37208.0,5.096
36764,37209.0,4.301
36765,37210.0,4.757
36766,37211.0,4.79
36767,37212.0,5.354
36768,37213.0,4.983
36769,37214.0,4.975
36770,37215.0,4.982
36771,37216.0,4.991
36772,37217.0,5.572
36773,37218.0,4.999
36774,37219.0,4.919
36775,37220.0,5.015
36776,37221.0,5.967
36777,37222.0,7.205
36778,37223.0,7.234
36779,37224.0,5.201
36780,37225.0,5.16
36781,37226.0,6.33
36782,37227.0,7.194
36783,37228.0,5.936
36784,37229.0,4.942
36785,37230.0,6.924
36786,37231.0,7.234
36787,37232.0,5.226
36788,37233.0,5.371
36789,37234.0,7.125
36790,37235.0,7.073
36791,37236.0,5.177
36792,37237.0,4.747
36793,37238.0,4.951
36794,37239.0,4.82
36795,37240.0,4.991
36796,37241.0,4.846
36797,37242.0,7.154
36798,37243.0,5.031
36799,37244.0,5.806
36800,37245.0,5.976
36801,37246.0,4.869
36802,37247.0,6.682
36803,37248.0,5.347
36804,37249.0,4.747
36805,37250.0,7.125
36806,37251.0,5.266
36807,37252.0,4.846
36808,37253.0,6.803
36809,37254.0,4.95
36810,37255.0,4.666
36811,37256.0,6.763
36812,37257.0,5.371
36813,37258.0,5.024
36814,37259.0,4.813
36815,37260.0,6.752
36816,37261.0,5.056
36817,37262.0,4.846
36818,37263.0,6.481
36819,37264.0,4.982
36820,37265.0,4.219
36821,37266.0,4.53
36822,37267.0,4.79
36823,37268.0,4.79
36824,37269.0,5.064
36825,37270.0,4.886
36826,37271.0,5.5
36827,37272.0,4.959
36828,37273.0,4.959
36829,37274.0,4.982
36830,37275.0,4.951
36831,37276.0,5.572
36832,37277.0,4.82
36833,37278.0,6.883
36834,37279.0,7.274
36835,37280.0,5.5
36836,37281.0,5.032
36837,37282.0,4.901
36838,37283.0,7.044
36839,37284.0,7.274
36840,37286.0,5.5
36841,37287.0,5.886
36842,37288.0,7.205
36843,37289.0,6.451
36844,37290.0,5.056
36845,37291.0,6.722
36846,37292.0,7.274
36847,37293.0,5.379
36848,37294.0,4.861
36849,37295.0,4.919
36850,37296.0,4.846
36851,37297.0,4.959
36852,37298.0,4.853
36853,37299.0,6.682
36854,37300.0,5.42
36855,37301.0,4.787
36856,37302.0,7.165
36857,37303.0,5.266
36858,37304.0,4.894
36859,37305.0,6.924
36860,37306.0,5.023
36861,37307.0,5.967
36862,37308.0,5.855
36863,37309.0,4.828
36864,37310.0,6.803
36865,37311.0,5.266
36866,37312.0,4.747
36867,37313.0,4.846
36868,37314.0,6.803
36869,37315.0,5.08
36870,37316.0,4.959
36871,37317.0,4.911
36872,37318.0,5.613
36873,37319.0,4.861
36874,37320.0,5.917
36875,37321.0,5.258
36876,37322.0,4.503
36877,37323.0,4.677
36878,37324.0,4.79
36879,37325.0,5.032
36880,37326.0,5.024
36881,37327.0,4.813
36882,37328.0,5.298
36883,37329.0,4.991
36884,37330.0,4.846
36885,37331.0,5.056
36886,37332.0,4.943
36887,37333.0,5.258
36888,37334.0,4.942
36889,37335.0,7.085
36890,37336.0,7.274
36891,37337.0,5.185
36892,37338.0,5.032
36893,37339.0,5.249
36894,37340.0,7.125
36895,37341.0,7.194
36896,37342.0,5.185
36897,37343.0,6.481
36898,37344.0,7.234
36899,37345.0,5.743
36900,37346.0,4.901
36901,37347.0,6.964
36902,37348.0,7.274
36903,37349.0,5.379
36904,37350.0,4.787
36905,37351.0,4.911
36906,37352.0,4.739
36907,37353.0,4.951
36908,37354.0,4.739
36909,37355.0,7.044
36910,37356.0,5.104
36911,37357.0,4.853
36912,37358.0,7.274
36913,37359.0,5.064
36914,37360.0,5.685
36915,37361.0,6.017
36916,37362.0,4.828
36917,37363.0,6.642
36918,37364.0,5.388
36919,37365.0,4.747
36920,37366.0,7.125
36921,37367.0,5.266
36922,37369.0,4.714
36923,37370.0,5.846
36924,37371.0,5.967
36925,37372.0,5.072
36926,37373.0,4.846
36927,37374.0,5.877
36928,37375.0,5.258
36929,37376.0,4.853
36930,37377.0,6.601
36931,37378.0,5.096
36932,37379.0,4.341
36933,37380.0,4.757
36934,37381.0,4.79
36935,37382.0,5.506
36936,37383.0,5.024
36937,37384.0,5.169
36938,37385.0,5.177
36939,37386.0,5.032
36940,37387.0,4.853
36941,37388.0,5.088
36942,37389.0,5.072
36943,37390.0,5.177
36944,37391.0,5.056
36945,37392.0,7.085
36946,37393.0,7.274
36947,37394.0,5.258
36948,37395.0,5.152
36949,37396.0,5.564
36950,37397.0,7.154
36951,37398.0,6.803
36952,37399.0,5.104
36953,37400.0,6.601
36954,37401.0,7.234
36955,37402.0,5.541
36956,37403.0,4.942
36957,37404.0,7.004
36958,37405.0,7.274
36959,37406.0,5.42
36960,37407.0,4.78
36961,37408.0,4.911
36962,37409.0,4.739
36963,37410.0,4.991
36964,37411.0,4.78
36965,37412.0,7.165
36966,37413.0,5.266
36967,37414.0,4.846
36968,37415.0,6.843
36969,37416.0,4.99
36970,37417.0,6.048
36971,37418.0,5.784
36972,37419.0,4.828
36973,37420.0,6.803
36974,37421.0,5.266
36975,37422.0,4.787
36976,37423.0,7.246
36977,37424.0,5.145
36978,37425.0,4.706
36979,37426.0,6.128
36980,37427.0,5.734
36981,37428.0,5.032
36982,37429.0,4.846
36983,37430.0,6.199
36984,37431.0,5.177
36985,37432.0,4.82
36986,37433.0,6.803
36987,37434.0,5.104
36988,37435.0,4.341
36989,37436.0,4.717
36990,37437.0,4.83
36991,37438.0,5.354
36992,37439.0,4.983
36993,37440.0,5.056
36994,37441.0,5.136
36995,37442.0,4.951
36996,37443.0,4.853
36997,37444.0,4.999
36998,37445.0,5.04
36999,37446.0,5.096
37000,37447.0,5.411
37001,37448.0,7.165
37002,37449.0,7.314
37003,37450.0,5.217
37004,37451.0,5.394
37005,37453.0,5.886
37006,37454.0,7.194
37007,37455.0,6.451
37008,37456.0,5.064
37009,37457.0,6.722
37010,37458.0,7.274
37011,37459.0,5.42
37012,37460.0,5.015
37013,37461.0,7.085
37014,37462.0,7.274
37015,37463.0,5.307
37016,37464.0,4.747
37017,37465.0,4.911
37018,37466.0,4.739
37019,37467.0,4.991
37020,37468.0,4.82
37021,37469.0,7.234
37022,37470.0,5.145
37023,37471.0,5.088
37024,37472.0,6.491
37025,37473.0,4.909
37026,37474.0,6.289
37027,37475.0,5.622
37028,37476.0,4.787
37029,37477.0,6.964
37030,37478.0,5.145
37031,37479.0,4.82
37032,37480.0,7.286
37033,37481.0,5.104
37034,37482.0,4.666
37035,37483.0,6.4
37036,37484.0,5.613
37037,37485.0,5.032
37038,37486.0,4.813
37039,37487.0,6.44
37040,37488.0,5.096
37041,37489.0,4.853
37042,37490.0,6.872
37043,37491.0,5.056
37044,37492.0,4.301
37045,37493.0,4.79
37046,37494.0,4.782
37047,37495.0,5.273
37048,37496.0,5.024
37049,37497.0,4.934
37050,37498.0,4.982
37051,37499.0,4.991
37052,37500.0,5.411
37053,37501.0,4.991
37054,37502.0,4.886
37055,37503.0,4.975
37056,37504.0,6.209
37057,37505.0,7.234
37058,37506.0,6.763
37059,37507.0,5.12
37060,37508.0,5.048
37061,37509.0,6.521
37062,37510.0,7.234
37063,37511.0,5.734
37064,37512.0,4.901
37065,37513.0,7.004
37066,37514.0,7.274
37067,37515.0,5.541
37068,37516.0,5.846
37069,37517.0,7.205
37070,37518.0,6.531
37071,37519.0,5.096
37072,37520.0,4.901
37073,37521.0,4.991
37074,37522.0,4.853
37075,37523.0,5.12
37076,37524.0,4.999
37077,37525.0,6.572
37078,37526.0,4.909
37079,37527.0,6.289
37080,37528.0,5.622
37081,37529.0,4.828
37082,37530.0,6.964
37083,37531.0,5.226
37084,37532.0,4.82
37085,37533.0,7.314
37086,37535.0,5.072
37087,37536.0,5.362
37088,37537.0,6.259
37089,37538.0,4.909
37090,37539.0,4.666
37091,37540.0,7.004
37092,37541.0,5.249
37093,37542.0,4.983
37094,37543.0,4.886
37095,37544.0,6.913
37096,37545.0,5.015
37097,37546.0,4.878
37098,37547.0,6.048
37099,37548.0,4.901
37100,37549.0,4.463
37101,37550.0,4.79
37102,37551.0,4.823
37103,37552.0,5.144
37104,37553.0,4.999
37105,37554.0,4.861
37106,37555.0,5.048
37107,37556.0,5.024
37108,37557.0,5.217
37109,37558.0,4.951
37110,37559.0,4.853
37111,37560.0,4.861
37112,37561.0,6.601
37113,37562.0,7.234
37114,37563.0,6.138
37115,37564.0,5.072
37116,37565.0,4.975
37117,37566.0,6.763
37118,37567.0,7.234
37119,37568.0,5.339
37120,37569.0,4.975
37121,37570.0,7.085
37122,37571.0,7.274
37123,37572.0,5.266
37124,37573.0,6.289
37125,37574.0,7.194
37126,37575.0,6.017
37127,37576.0,4.942
37128,37577.0,4.926
37129,37578.0,4.911
37130,37579.0,4.919
37131,37580.0,4.967
37132,37581.0,5.806
37133,37582.0,5.976
37134,37583.0,4.869
37135,37584.0,6.682
37136,37585.0,5.379
37137,37586.0,4.747
37138,37587.0,7.165
37139,37588.0,5.226
37140,37589.0,4.886
37141,37590.0,6.843
37142,37591.0,4.982
37143,37592.0,6.048
37144,37593.0,5.815
37145,37594.0,4.828
37146,37595.0,4.787
37147,37596.0,7.205
37148,37597.0,5.201
37149,37598.0,5.072
37150,37599.0,4.919
37151,37600.0,6.289
37152,37601.0,4.975
37153,37602.0,4.919
37154,37603.0,5.685
37155,37604.0,4.82
37156,37605.0,4.57
37157,37606.0,4.79
37158,37607.0,4.863
37159,37608.0,5.064
37160,37609.0,4.919
37161,37610.0,4.894
37162,37611.0,4.999
37163,37612.0,4.999
37164,37613.0,5.064
37165,37614.0,4.951
37166,37615.0,4.934
37167,37616.0,4.82
37168,37617.0,6.763
37169,37618.0,7.274
37170,37620.0,5.743
37171,37621.0,5.032
37172,37622.0,4.861
37173,37623.0,6.924
37174,37624.0,7.234
37175,37625.0,5.185
37176,37626.0,5.492
37177,37627.0,7.165
37178,37628.0,6.964
37179,37629.0,5.104
37180,37630.0,6.601
37181,37631.0,7.234
37182,37632.0,5.622
37183,37633.0,4.975
37184,37634.0,4.919
37185,37635.0,4.926
37186,37636.0,4.919
37187,37637.0,4.894
37188,37638.0,6.32
37189,37639.0,5.622
37190,37640.0,4.787
37191,37641.0,6.964
37192,37642.0,5.185
37193,37643.0,4.853
37194,37644.0,7.274
37195,37645.0,5.104
37196,37646.0,5.371
37197,37647.0,6.259
37198,37648.0,4.869
37199,37649.0,6.481
37200,37650.0,5.469
37201,37651.0,4.787
37202,37652.0,4.82
37203,37653.0,7.246
37204,37654.0,5.12
37205,37655.0,4.991
37206,37656.0,4.919
37207,37657.0,5.936
37208,37658.0,4.901
37209,37659.0,5.313
37210,37660.0,5.411
37211,37661.0,4.658
37212,37662.0,4.456
37213,37663.0,4.83
37214,37664.0,4.823
37215,37665.0,5.184
37216,37666.0,4.991
37217,37667.0,4.886
37218,37668.0,5.048
37219,37669.0,5.072
37220,37670.0,5.136
37221,37671.0,5.032
37222,37672.0,4.846
37223,37673.0,4.894
37224,37674.0,6.682
37225,37675.0,7.274
37226,37676.0,5.936
37227,37677.0,5.072
37228,37678.0,4.934
37229,37679.0,6.883
37230,37680.0,7.274
37231,37681.0,5.266
37232,37682.0,5.128
37233,37683.0,7.125
37234,37684.0,7.274
37235,37685.0,5.185
37236,37686.0,6.451
37237,37687.0,7.234
37238,37688.0,5.815
37239,37689.0,4.942
37240,37690.0,4.926
37241,37691.0,4.919
37242,37692.0,4.919
37243,37693.0,4.999
37244,37694.0,6.118
37245,37695.0,5.824
37246,37696.0,4.828
37247,37697.0,6.803
37248,37698.0,5.266
37249,37699.0,4.82
37250,37700.0,7.234
37251,37701.0,5.185
37252,37702.0,4.999
37253,37703.0,6.572
37254,37704.0,4.942
37255,37706.0,6.249
37256,37707.0,5.765
37257,37708.0,4.787
37258,37709.0,4.82
37259,37710.0,7.234
37260,37711.0,5.16
37261,37712.0,5.032
37262,37713.0,4.959
37263,37714.0,6.168
37264,37715.0,4.934
37265,37716.0,4.911
37266,37717.0,5.572
37267,37718.0,4.78
37268,37719.0,4.644
37269,37720.0,4.79
37270,37721.0,4.79
37271,37722.0,5.064
37272,37723.0,4.886
37273,37724.0,5.532
37274,37725.0,4.999
37275,37726.0,4.926
37276,37727.0,4.982
37277,37728.0,4.951
37278,37729.0,5.492
37279,37730.0,4.82
37280,37731.0,6.924
37281,37732.0,7.274
37282,37733.0,5.42
37283,37734.0,5.032
37284,37735.0,4.934
37285,37736.0,7.044
37286,37737.0,7.274
37287,37738.0,5.42
37288,37739.0,6.048
37289,37740.0,7.194
37290,37741.0,6.249
37291,37742.0,4.982
37292,37743.0,6.803
37293,37744.0,7.274
37294,37745.0,5.347
37295,37746.0,4.861
37296,37747.0,4.919
37297,37748.0,4.813
37298,37749.0,4.911
37299,37750.0,4.82
37300,37751.0,6.722
37301,37752.0,5.347
37302,37753.0,4.787
37303,37754.0,7.205
37304,37755.0,5.226
37305,37756.0,4.886
37306,37757.0,6.773
37307,37758.0,4.95
37308,37759.0,6.088
37309,37760.0,5.784
37310,37761.0,4.828
37311,37762.0,6.843
37312,37763.0,5.226
37313,37764.0,4.78
37314,37765.0,4.886
37315,37766.0,6.601
37316,37767.0,5.08
37317,37768.0,4.919
37318,37769.0,4.951
37319,37770.0,5.572
37320,37771.0,4.82
37321,37772.0,6.078
37322,37773.0,5.217
37323,37774.0,4.503
37324,37775.0,4.684
37325,37776.0,4.83
37326,37777.0,4.782
37327,37778.0,5.064
37328,37779.0,4.846
37329,37780.0,5.411
37330,37781.0,4.991
37331,37782.0,4.959
37332,37783.0,5.096
37333,37784.0,4.983
37334,37785.0,5.379
37335,37786.0,4.78
37336,37787.0,7.004
37337,37788.0,7.274
37338,37789.0,5.266
37339,37790.0,5.032
37340,37792.0,4.926
37341,37793.0,7.085
37342,37794.0,7.274
37343,37795.0,5.266
37344,37796.0,6.289
37345,37797.0,7.194
37346,37798.0,5.936
37347,37799.0,4.942
37348,37800.0,6.883
37349,37801.0,7.274
37350,37802.0,5.226
37351,37803.0,4.82
37352,37804.0,4.911
37353,37805.0,4.772
37354,37806.0,4.951
37355,37807.0,4.78
37356,37808.0,6.924
37357,37809.0,5.185
37358,37810.0,4.82
37359,37811.0,7.274
37360,37812.0,5.104
37361,37813.0,5.29
37362,37814.0,6.34
37363,37815.0,4.869
37364,37816.0,6.44
37365,37817.0,5.541
37366,37818.0,4.787
37367,37819.0,7.004
37368,37820.0,5.145
37369,37821.0,4.706
37370,37822.0,5.443
37371,37823.0,6.209
37372,37824.0,5.072
37373,37825.0,4.886
37374,37826.0,5.555
37375,37827.0,5.379
37376,37828.0,4.853
37377,37829.0,6.36
37378,37830.0,5.136
37379,37831.0,4.422
37380,37832.0,4.757
37381,37833.0,4.79
37382,37834.0,5.394
37383,37835.0,4.983
37384,37836.0,5.088
37385,37837.0,5.136
37386,37838.0,4.991
37387,37839.0,4.813
37388,37840.0,5.048
37389,37841.0,4.991
37390,37842.0,5.136
37391,37843.0,5.249
37392,37844.0,7.165
37393,37845.0,7.274
37394,37846.0,5.249
37395,37847.0,5.394
37396,37848.0,5.846
37397,37849.0,7.165
37398,37850.0,6.561
37399,37851.0,5.023
37400,37852.0,6.722
37401,37853.0,7.234
37402,37854.0,5.46
37403,37855.0,4.942
37404,37856.0,7.044
37405,37857.0,7.274
37406,37858.0,5.347
37407,37859.0,4.747
37408,37860.0,4.911
37409,37861.0,4.739
37410,37862.0,4.951
37411,37863.0,4.78
37412,37864.0,7.194
37413,37865.0,5.185
37414,37866.0,4.886
37415,37867.0,6.652
37416,37868.0,4.95
37417,37869.0,6.168
37418,37870.0,5.703
37419,37871.0,4.828
37420,37872.0,6.883
37421,37873.0,5.185
37422,37874.0,4.82
37423,37875.0,7.286
37424,37877.0,5.104
37425,37878.0,4.706
37426,37879.0,6.289
37427,37880.0,5.685
37428,37881.0,5.032
37429,37882.0,4.853
37430,37883.0,6.32
37431,37884.0,5.136
37432,37885.0,4.853
37433,37886.0,6.872
37434,37887.0,5.096
37435,37888.0,4.301
37436,37889.0,4.75
37437,37890.0,4.823
37438,37891.0,5.313
37439,37892.0,4.983
37440,37893.0,4.975
37441,37894.0,4.982
37442,37895.0,4.951
37443,37896.0,5.572
37444,37897.0,4.999
37445,37898.0,4.926
37446,37899.0,4.982
37447,37900.0,6.007
37448,37901.0,7.194
37449,37902.0,7.205
37450,37903.0,5.16
37451,37904.0,5.201
37452,37905.0,6.36
37453,37906.0,7.234
37454,37907.0,5.855
37455,37908.0,4.942
37456,37909.0,6.924
37457,37910.0,7.274
37458,37911.0,5.185
37459,37912.0,5.532
37460,37913.0,7.165
37461,37914.0,6.964
37462,37915.0,5.104
37463,37916.0,4.78
37464,37917.0,4.911
37465,37918.0,4.853
37466,37919.0,5.184
37467,37920.0,4.886
37468,37921.0,6.883
37469,37922.0,5.023
37470,37923.0,6.007
37471,37924.0,5.855
37472,37925.0,4.828
37473,37926.0,6.803
37474,37927.0,5.266
37475,37928.0,4.869
37476,37929.0,7.205
37477,37930.0,5.185
37478,37931.0,4.967
37479,37932.0,6.531
37480,37933.0,4.909
37481,37934.0,4.673
37482,37935.0,6.883
37483,37936.0,5.258
37484,37937.0,4.983
37485,37938.0,4.813
37486,37939.0,6.872
37487,37940.0,5.064
37488,37941.0,4.886
37489,37942.0,6.289
37490,37943.0,4.942
37491,37944.0,4.422
37492,37945.0,4.79
37493,37946.0,4.79
37494,37947.0,5.152
37495,37948.0,4.991
37496,37949.0,4.894
37497,37950.0,5.056
37498,37951.0,4.943
37499,37952.0,5.217
37500,37953.0,4.991
37501,37954.0,4.853
37502,37955.0,4.894
37503,37956.0,6.491
37504,37957.0,7.234
37505,37959.0,6.259
37506,37960.0,5.072
37507,37961.0,4.975
37508,37962.0,6.722
37509,37963.0,7.234
37510,37964.0,5.42
37511,37965.0,4.975
37512,37966.0,7.085
37513,37967.0,7.274
37514,37968.0,5.347
37515,37969.0,6.168
37516,37970.0,7.205
37517,37971.0,6.097
37518,37972.0,4.982
37519,37973.0,4.894
37520,37974.0,4.951
37521,37975.0,4.886
37522,37976.0,5.007
37523,37977.0,5.604
37524,37978.0,6.138
37525,37979.0,4.869
37526,37980.0,6.601
37527,37981.0,5.428
37528,37982.0,4.787
37529,37983.0,7.085
37530,37984.0,5.145
37531,37985.0,4.853
37532,37986.0,7.044
37533,37987.0,4.99
37534,37988.0,5.886
37535,37989.0,5.905
37536,37990.0,4.869
37537,37991.0,4.666
37538,37992.0,7.165
37539,37993.0,5.169
37540,37994.0,5.144
37541,37995.0,4.886
37542,37996.0,6.481
37543,37997.0,4.942
37544,37998.0,4.959
37545,37999.0,5.734
37546,38000.0,4.894
37547,38001.0,4.537
37548,38002.0,4.83
37549,38003.0,4.79
37550,38004.0,5.104
37551,38005.0,4.926
37552,38006.0,4.901
37553,38007.0,4.999
37554,38008.0,4.999
37555,38009.0,5.056
37556,38010.0,4.951
37557,38011.0,4.934
37558,38012.0,4.82
37559,38013.0,6.763
37560,38014.0,7.234
37561,38015.0,5.743
37562,38016.0,5.032
37563,38017.0,4.894
37564,38018.0,6.883
37565,38019.0,7.234
37566,38020.0,5.185
37567,38021.0,5.492
37568,38022.0,7.125
37569,38023.0,6.964
37570,38024.0,5.145
37571,38025.0,6.561
37572,38026.0,7.234
37573,38027.0,5.622
37574,38028.0,4.869
37575,38029.0,4.919
37576,38030.0,4.846
37577,38031.0,4.919
37578,38032.0,4.853
37579,38033.0,6.32
37580,38034.0,5.581
37581,38035.0,4.787
37582,38036.0,6.924
37583,38037.0,5.145
37584,38038.0,4.82
37585,38039.0,7.274
37586,38040.0,5.072
37587,38041.0,5.402
37588,38042.0,6.219
37589,38044.0,4.869
37590,38045.0,6.481
37591,38046.0,5.46
37592,38047.0,4.747
37593,38048.0,4.813
37594,38049.0,7.234
37595,38050.0,5.112
37596,38051.0,4.959
37597,38052.0,4.919
37598,38053.0,5.896
37599,38054.0,4.901
37600,38055.0,5.313
37601,38056.0,5.411
37602,38057.0,4.618
37603,38058.0,4.684
37604,38059.0,4.79
37605,38060.0,4.863
37606,38061.0,5.024
37607,38062.0,4.886
37608,38063.0,5.46
37609,38064.0,4.999
37610,38065.0,4.926
37611,38066.0,4.975
37612,38067.0,4.943
37613,38068.0,5.451
37614,38069.0,4.78
37615,38070.0,7.004
37616,38071.0,7.274
37617,38072.0,5.339
37618,38073.0,5.032
37619,38074.0,4.975
37620,38075.0,7.085
37621,38076.0,7.274
37622,38077.0,5.307
37623,38078.0,6.209
37624,38079.0,7.194
37625,38080.0,6.057
37626,38081.0,4.942
37627,38082.0,6.843
37628,38083.0,7.234
37629,38084.0,5.266
37630,38085.0,4.82
37631,38086.0,4.919
37632,38087.0,4.772
37633,38088.0,4.951
37634,38089.0,4.78
37635,38090.0,6.843
37636,38091.0,5.266
37637,38092.0,4.787
37638,38093.0,7.246
37639,38094.0,5.145
37640,38095.0,5.048
37641,38096.0,6.491
37642,38097.0,4.909
37643,38098.0,6.289
37644,38099.0,5.622
37645,38100.0,4.787
37646,38101.0,6.964
37647,38102.0,5.145
37648,38103.0,4.706
37649,38104.0,5.249
37650,38105.0,6.33
37651,38106.0,5.032
37652,38107.0,4.886
37653,38108.0,5.313
37654,38109.0,5.42
37655,38110.0,4.82
37656,38111.0,6.279
37657,38112.0,5.136
37658,38113.0,4.463
37659,38114.0,4.717
37660,38115.0,4.79
37661,38116.0,5.394
37662,38117.0,4.983
37663,38118.0,5.096
37664,38119.0,5.177
37665,38120.0,4.951
37666,38121.0,4.853
37667,38122.0,5.007
37668,38123.0,5.072
37669,38124.0,5.136
37670,38125.0,5.169
37671,38127.0,7.125
37672,38128.0,7.314
37673,38129.0,5.258
37674,38130.0,5.425
37675,38131.0,5.725
37676,38132.0,7.194
37677,38133.0,6.652
37678,38134.0,5.104
37679,38135.0,6.642
37680,38136.0,7.274
37681,38137.0,5.5
37682,38138.0,5.015
37683,38139.0,7.044
37684,38140.0,7.274
37685,38141.0,5.388
37686,38142.0,4.82
37687,38143.0,4.911
37688,38144.0,4.772
37689,38145.0,4.951
37690,38146.0,4.82
37691,38147.0,7.194
37692,38148.0,5.226
37693,38149.0,4.886
37694,38150.0,6.733
37695,38151.0,4.95
37696,38152.0,6.128
37697,38153.0,5.743
37698,38154.0,4.787
37699,38155.0,6.843
37700,38156.0,5.226
37701,38157.0,4.78
37702,38158.0,7.234
37703,38159.0,5.145
37704,38160.0,4.706
37705,38161.0,6.199
37706,38162.0,5.685
37707,38163.0,5.032
37708,38164.0,4.813
37709,38165.0,6.279
37710,38166.0,5.136
37711,38167.0,4.813
37712,38168.0,6.832
37713,38169.0,5.096
37714,38170.0,4.301
37715,38171.0,4.75
37716,38172.0,4.823
37717,38173.0,5.354
37718,38174.0,4.983
37719,38175.0,5.088
37720,38176.0,5.104
37721,38177.0,4.951
37722,38178.0,4.813
37723,38179.0,5.048
37724,38180.0,5.072
37725,38181.0,5.177
37726,38182.0,5.056
37727,38183.0,7.085
37728,38184.0,7.234
37729,38185.0,5.339
37730,38186.0,5.032
37731,38187.0,5.322
37732,38188.0,7.125
37733,38189.0,7.194
37734,38190.0,5.185
37735,38191.0,6.41
37736,38192.0,7.194
37737,38193.0,5.896
37738,38194.0,4.942
37739,38195.0,6.883
37740,38196.0,7.234
37741,38197.0,5.258
37742,38198.0,4.828
37743,38199.0,4.919
37744,38200.0,4.772
37745,38201.0,4.951
37746,38202.0,4.82
37747,38203.0,6.722
37748,38204.0,5.307
37749,38205.0,4.787
37750,38206.0,7.125
37751,38207.0,5.307
37752,38208.0,4.853
37753,38210.0,7.085
37754,38211.0,4.99
37755,38212.0,5.806
37756,38213.0,6.017
37757,38214.0,4.869
37758,38215.0,6.561
37759,38216.0,5.428
37760,38217.0,4.747
37761,38218.0,4.813
37762,38219.0,7.246
37763,38220.0,5.12
37764,38221.0,4.999
37765,38222.0,4.919
37766,38223.0,5.967
37767,38224.0,4.894
37768,38225.0,5.233
37769,38226.0,5.42
37770,38227.0,4.658
37771,38228.0,4.644
37772,38229.0,4.79
37773,38230.0,4.79
37774,38231.0,5.064
37775,38232.0,4.846
37776,38233.0,5.492
37777,38234.0,4.999
37778,38235.0,4.919
37779,38236.0,4.942
37780,38237.0,4.951
37781,38238.0,5.451
37782,38239.0,4.82
37783,38240.0,6.964
37784,38241.0,7.274
37785,38242.0,5.388
37786,38243.0,5.032
37787,38244.0,4.934
37788,38245.0,7.085
37789,38246.0,7.274
37790,38247.0,5.339
37791,38248.0,6.088
37792,38249.0,7.194
37793,38250.0,6.168
37794,38251.0,4.982
37795,38252.0,6.803
37796,38253.0,7.274
37797,38254.0,5.307
37798,38255.0,4.861
37799,38256.0,4.919
37800,38257.0,4.813
37801,38258.0,4.951
37802,38259.0,4.813
37803,38260.0,6.763
37804,38261.0,5.307
37805,38262.0,4.787
37806,38263.0,7.205
37807,38264.0,5.185
37808,38265.0,4.926
37809,38266.0,6.652
37810,38267.0,4.942
37811,38268.0,6.168
37812,38269.0,5.703
37813,38270.0,4.787
37814,38271.0,6.883
37815,38272.0,5.185
37816,38273.0,4.747
37817,38274.0,4.967
37818,38275.0,6.521
37819,38276.0,5.072
37820,38277.0,4.919
37821,38278.0,5.072
37822,38279.0,5.532
37823,38280.0,4.82
37824,38281.0,6.159
37825,38282.0,5.201
37826,38283.0,4.456
37827,38284.0,4.717
37828,38285.0,4.782
37829,38286.0,5.474
37830,38287.0,4.983
37831,38288.0,5.136
37832,38289.0,5.185
37833,38290.0,4.951
37834,38291.0,4.853
37835,38292.0,5.048
37836,38294.0,5.064
37837,38295.0,5.177
37838,38296.0,5.088
37839,38297.0,7.125
37840,38298.0,7.274
37841,38299.0,5.298
37842,38300.0,5.112
37843,38301.0,5.564
37844,38302.0,7.125
37845,38303.0,6.843
37846,38304.0,5.104
37847,38305.0,6.601
37848,38306.0,7.194
37849,38307.0,5.581
37850,38308.0,4.942
37851,38309.0,7.004
37852,38310.0,7.274
37853,38311.0,5.46
37854,38312.0,4.787
37855,38313.0,4.911
37856,38314.0,4.739
37857,38315.0,4.991
37858,38316.0,4.747
37859,38317.0,7.154
37860,38318.0,5.266
37861,38319.0,4.886
37862,38320.0,6.883
37863,38321.0,4.982
37864,38322.0,5.967
37865,38323.0,5.824
37866,38324.0,4.828
37867,38325.0,6.803
37868,38326.0,5.266
37869,38327.0,4.82
37870,38328.0,7.205
37871,38329.0,5.185
37872,38330.0,4.706
37873,38331.0,6.209
37874,38332.0,5.734
37875,38333.0,5.072
37876,38334.0,4.846
37877,38335.0,6.239
37878,38336.0,5.136
37879,38337.0,4.853
37880,38338.0,6.792
37881,38339.0,5.136
37882,38340.0,4.341
37883,38341.0,4.757
37884,38342.0,4.79
37885,38343.0,5.354
37886,38344.0,4.983
37887,38345.0,5.096
37888,38346.0,5.096
37889,38347.0,4.991
37890,38348.0,4.934
37891,38349.0,5.04
37892,38350.0,4.999
37893,38351.0,5.096
37894,38352.0,5.532
37895,38353.0,7.205
37896,38354.0,7.314
37897,38355.0,5.249
37898,38356.0,5.273
37899,38357.0,6.048
37900,38358.0,7.154
37901,38359.0,6.289
37902,38360.0,4.982
37903,38361.0,6.763
37904,38362.0,7.234
37905,38363.0,5.347
37906,38364.0,4.975
37907,38365.0,7.085
37908,38366.0,7.274
37909,38367.0,5.266
37910,38368.0,4.747
37911,38369.0,4.911
37912,38370.0,4.699
37913,38371.0,4.951
37914,38372.0,4.813
37915,38373.0,7.234
37916,38374.0,5.104
37917,38375.0,5.209
37918,38377.0,6.38
37919,38378.0,4.909
37920,38379.0,6.36
37921,38380.0,5.541
37922,38381.0,4.787
37923,38382.0,6.964
37924,38383.0,5.104
37925,38384.0,4.813
37926,38385.0,7.314
37927,38386.0,5.072
37928,38387.0,4.706
37929,38388.0,6.44
37930,38389.0,5.572
37931,38390.0,4.991
37932,38391.0,4.813
37933,38392.0,6.481
37934,38393.0,5.096
37935,38394.0,4.853
37936,38395.0,6.872
37937,38396.0,5.064
37938,38397.0,4.341
37939,38398.0,4.75
37940,38399.0,4.823
37941,38400.0,5.273
37942,38401.0,4.983
37943,38402.0,4.934
37944,38403.0,4.975
37945,38404.0,4.951
37946,38405.0,5.492
37947,38406.0,4.999
37948,38407.0,4.926
37949,38408.0,4.975
37950,38409.0,6.168
37951,38410.0,7.194
37952,38411.0,6.964
37953,38412.0,5.12
37954,38413.0,5.128
37955,38414.0,6.44
37956,38415.0,7.234
37957,38416.0,5.743
37958,38417.0,4.942
37959,38418.0,6.964
37960,38419.0,7.314
37961,38420.0,5.42
37962,38421.0,5.734
37963,38422.0,7.165
37964,38423.0,6.722
37965,38424.0,5.096
37966,38425.0,4.901
37967,38426.0,4.911
37968,38427.0,4.853
37969,38428.0,5.112
37970,38429.0,4.886
37971,38430.0,6.733
37972,38431.0,4.982
37973,38432.0,6.128
37974,38433.0,5.743
37975,38434.0,4.828
37976,38435.0,6.843
37977,38436.0,5.226
37978,38437.0,4.82
37979,38438.0,7.246
37980,38439.0,5.112
37981,38440.0,5.088
37982,38441.0,6.451
37983,38442.0,4.909
37984,38443.0,4.666
37985,38444.0,6.924
37986,38445.0,5.258
37987,38446.0,4.983
37988,38447.0,4.846
37989,38448.0,6.872
37990,38449.0,5.056
37991,38450.0,4.878
37992,38451.0,6.168
37993,38452.0,4.901
37994,38453.0,4.179
37995,38454.0,4.677
37996,38455.0,4.79
37997,38456.0,5.474
37998,38457.0,4.983
37999,38458.0,5.128
38000,38460.0,5.185
38001,38461.0,4.951
38002,38462.0,4.813
38003,38463.0,5.048
38004,38464.0,5.072
38005,38465.0,5.177
38006,38466.0,5.056
38007,38467.0,7.125
38008,38468.0,7.274
38009,38469.0,5.298
38010,38470.0,5.152
38011,38471.0,5.604
38012,38472.0,7.165
38013,38473.0,6.803
38014,38474.0,5.064
38015,38475.0,6.601
38016,38476.0,7.234
38017,38477.0,5.541
38018,38478.0,4.942
38019,38479.0,7.044
38020,38480.0,7.274
38021,38481.0,5.46
38022,38482.0,4.787
38023,38483.0,4.911
38024,38484.0,4.739
38025,38485.0,4.991
38026,38486.0,4.747
38027,38487.0,7.165
38028,38488.0,5.266
38029,38489.0,4.886
38030,38490.0,6.843
38031,38491.0,4.982
38032,38492.0,6.007
38033,38493.0,5.815
38034,38494.0,4.828
38035,38495.0,6.803
38036,38496.0,5.266
38037,38497.0,4.82
38038,38498.0,7.205
38039,38499.0,5.185
38040,38500.0,4.706
38041,38501.0,6.128
38042,38502.0,5.774
38043,38503.0,5.072
38044,38504.0,4.813
38045,38505.0,6.159
38046,38506.0,5.177
38047,38507.0,4.82
38048,38508.0,6.763
38049,38509.0,5.015
38050,38510.0,4.301
38051,38511.0,4.382
38052,38512.0,4.75
38053,38513.0,4.79
38054,38514.0,5.112
38055,38515.0,4.959
38056,38516.0,4.861
38057,38517.0,5.007
38058,38518.0,5.072
38059,38519.0,5.136
38060,38520.0,4.951
38061,38521.0,4.813
38062,38522.0,4.861
38063,38523.0,6.682
38064,38524.0,7.274
38065,38525.0,5.936
38066,38526.0,5.072
38067,38527.0,4.894
38068,38528.0,6.843
38069,38529.0,7.234
38070,38530.0,5.266
38071,38531.0,5.128
38072,38532.0,7.125
38073,38533.0,7.274
38074,38534.0,5.185
38075,38535.0,6.41
38076,38536.0,7.194
38077,38537.0,5.815
38078,38538.0,4.942
38079,38539.0,4.886
38080,38540.0,4.919
38081,38541.0,4.878
38082,38542.0,4.934
38083,38543.0,6.007
38084,38544.0,5.824
38085,38546.0,4.828
38086,38547.0,6.803
38087,38548.0,5.266
38088,38549.0,4.82
38089,38550.0,7.194
38090,38551.0,5.185
38091,38552.0,4.886
38092,38553.0,6.612
38093,38554.0,4.95
38094,38555.0,6.209
38095,38556.0,5.703
38096,38557.0,4.828
38097,38558.0,4.747
38098,38559.0,7.274
38099,38560.0,5.128
38100,38561.0,5.072
38101,38562.0,4.878
38102,38563.0,6.199
38103,38564.0,4.934
38104,38565.0,4.951
38105,38566.0,5.581
38106,38567.0,4.82
38107,38568.0,4.219
38108,38569.0,4.79
38109,38570.0,4.782
38110,38571.0,5.233
38111,38572.0,5.032
38112,38573.0,4.934
38113,38574.0,5.056
38114,38575.0,4.983
38115,38576.0,5.298
38116,38577.0,4.951
38117,38578.0,4.886
38118,38579.0,4.901
38119,38580.0,6.41
38120,38581.0,7.194
38121,38582.0,6.451
38122,38583.0,5.08
38123,38584.0,5.015
38124,38585.0,6.642
38125,38586.0,7.274
38126,38587.0,5.5
38127,38588.0,4.942
38128,38589.0,7.044
38129,38590.0,7.274
38130,38591.0,5.379
38131,38592.0,6.007
38132,38593.0,7.194
38133,38594.0,6.289
38134,38595.0,4.982
38135,38596.0,4.894
38136,38597.0,4.911
38137,38598.0,4.886
38138,38599.0,5.04
38139,38600.0,5.322
38140,38601.0,6.34
38141,38602.0,4.909
38142,38603.0,6.4
38143,38604.0,5.541
38144,38605.0,4.787
38145,38606.0,7.044
38146,38607.0,5.104
38147,38608.0,4.853
38148,38609.0,7.274
38149,38610.0,5.064
38150,38611.0,5.604
38151,38612.0,6.097
38152,38613.0,4.828
38153,38614.0,4.666
38154,38615.0,7.044
38155,38616.0,5.169
38156,38617.0,4.983
38157,38618.0,4.878
38158,38619.0,6.642
38159,38620.0,5.015
38160,38621.0,4.878
38161,38622.0,5.927
38162,38623.0,4.861
38163,38624.0,4.179
38164,38625.0,4.644
38165,38626.0,4.83
38166,38627.0,4.79
38167,38628.0,5.072
38168,38630.0,4.886
38169,38631.0,5.42
38170,38632.0,4.991
38171,38633.0,4.926
38172,38634.0,5.056
38173,38635.0,4.991
38174,38636.0,5.33
38175,38637.0,4.813
38176,38638.0,7.004
38177,38639.0,7.314
38178,38640.0,5.266
38179,38641.0,5.072
38180,38642.0,4.926
38181,38643.0,7.085
38182,38644.0,7.274
38183,38645.0,5.266
38184,38646.0,6.289
38185,38647.0,7.194
38186,38648.0,5.936
38187,38649.0,4.942
38188,38650.0,6.883
38189,38651.0,7.234
38190,38652.0,5.185
38191,38653.0,4.787
38192,38654.0,4.911
38193,38655.0,4.772
38194,38656.0,4.951
38195,38657.0,4.78
38196,38658.0,6.924
38197,38659.0,5.185
38198,38660.0,4.853
38199,38661.0,7.274
38200,38662.0,5.104
38201,38663.0,5.249
38202,38664.0,6.34
38203,38665.0,4.869
38204,38666.0,6.4
38205,38667.0,5.541
38206,38668.0,4.787
38207,38669.0,7.004
38208,38670.0,5.145
38209,38671.0,4.706
38210,38672.0,5.362
38211,38673.0,6.249
38212,38674.0,5.072
38213,38675.0,4.886
38214,38676.0,5.434
38215,38677.0,5.379
38216,38678.0,4.82
38217,38679.0,6.32
38218,38680.0,5.136
38219,38681.0,4.422
38220,38682.0,4.757
38221,38683.0,4.79
38222,38684.0,5.394
38223,38685.0,4.983
38224,38686.0,5.096
38225,38687.0,5.104
38226,38688.0,4.991
38227,38689.0,4.813
38228,38690.0,5.04
38229,38691.0,5.032
38230,38692.0,5.136
38231,38693.0,5.249
38232,38694.0,7.125
38233,38695.0,7.314
38234,38696.0,5.249
38235,38697.0,5.354
38236,38698.0,5.846
38237,38699.0,7.154
38238,38700.0,6.491
38239,38701.0,5.023
38240,38702.0,6.722
38241,38703.0,7.234
38242,38704.0,5.46
38243,38705.0,4.934
38244,38706.0,7.085
38245,38707.0,7.274
38246,38708.0,5.339
38247,38709.0,4.747
38248,38710.0,4.951
38249,38711.0,4.739
38250,38712.0,4.951
38251,38713.0,4.78
38252,38715.0,7.234
38253,38716.0,5.145
38254,38717.0,5.048
38255,38718.0,6.491
38256,38719.0,4.909
38257,38720.0,6.279
38258,38721.0,5.622
38259,38722.0,4.787
38260,38723.0,6.924
38261,38724.0,5.145
38262,38725.0,4.82
38263,38726.0,7.274
38264,38727.0,5.072
38265,38728.0,4.666
38266,38729.0,6.36
38267,38730.0,5.613
38268,38731.0,5.032
38269,38732.0,4.813
38270,38733.0,6.4
38271,38734.0,5.096
38272,38735.0,4.853
38273,38736.0,6.872
38274,38737.0,5.056
38275,38738.0,4.301
38276,38739.0,4.75
38277,38740.0,4.79
38278,38741.0,5.233
38279,38742.0,4.983
38280,38743.0,4.934
38281,38744.0,4.942
38282,38745.0,4.951
38283,38746.0,5.451
38284,38747.0,4.991
38285,38748.0,4.926
38286,38749.0,4.942
38287,38750.0,6.249
38288,38751.0,7.234
38289,38752.0,6.843
38290,38753.0,5.12
38291,38754.0,5.088
38292,38755.0,6.521
38293,38756.0,7.234
38294,38757.0,5.662
38295,38758.0,4.901
38296,38759.0,6.964
38297,38760.0,7.274
38298,38761.0,5.5
38299,38762.0,5.806
38300,38763.0,7.154
38301,38764.0,6.572
38302,38765.0,5.023
38303,38766.0,4.901
38304,38767.0,4.911
38305,38768.0,4.886
38306,38769.0,5.112
38307,38770.0,4.926
38308,38771.0,6.612
38309,38772.0,4.982
38310,38773.0,6.209
38311,38774.0,5.694
38312,38775.0,4.787
38313,38776.0,6.924
38314,38777.0,5.185
38315,38778.0,4.861
38316,38779.0,7.274
38317,38780.0,5.185
38318,38781.0,5.249
38319,38782.0,6.37
38320,38783.0,4.869
38321,38784.0,4.632
38322,38785.0,6.964
38323,38786.0,5.217
38324,38787.0,4.983
38325,38788.0,4.846
38326,38789.0,6.913
38327,38790.0,5.056
38328,38791.0,4.878
38329,38792.0,6.088
38330,38793.0,4.894
38331,38794.0,4.456
38332,38795.0,4.79
38333,38796.0,4.79
38334,38797.0,5.112
38335,38799.0,4.959
38336,38800.0,4.853
38337,38801.0,5.007
38338,38802.0,5.072
38339,38803.0,5.136
38340,38804.0,4.951
38341,38805.0,4.813
38342,38806.0,4.861
38343,38807.0,6.642
38344,38808.0,7.234
38345,38809.0,5.936
38346,38810.0,5.072
38347,38811.0,4.934
38348,38812.0,6.843
38349,38813.0,7.234
38350,38814.0,5.266
38351,38815.0,5.096
38352,38816.0,7.125
38353,38817.0,7.274
38354,38818.0,5.217
38355,38819.0,6.41
38356,38820.0,7.234
38357,38821.0,5.815
38358,38822.0,4.901
38359,38823.0,4.886
38360,38824.0,4.878
38361,38825.0,4.919
38362,38826.0,4.934
38363,38827.0,6.048
38364,38828.0,5.824
38365,38829.0,4.828
38366,38830.0,6.843
38367,38831.0,5.266
38368,38832.0,4.82
38369,38833.0,7.205
38370,38834.0,5.145
38371,38835.0,5.048
38372,38836.0,6.491
38373,38837.0,4.909
38374,38838.0,6.33
38375,38839.0,5.581
38376,38840.0,4.82
38377,38841.0,4.78
38378,38842.0,7.274
38379,38843.0,5.12
38380,38844.0,5.032
38381,38845.0,4.919
38382,38846.0,6.078
38383,38847.0,4.901
38384,38848.0,5.032
38385,38849.0,5.492
38386,38850.0,4.739
38387,38851.0,4.53
38388,38852.0,4.79
38389,38853.0,4.79
38390,38854.0,5.112
38391,38855.0,4.926
38392,38856.0,4.861
38393,38857.0,4.999
38394,38858.0,4.999
38395,38859.0,5.096
38396,38860.0,4.951
38397,38861.0,4.894
38398,38862.0,4.82
38399,38863.0,6.763
38400,38864.0,7.274
38401,38865.0,5.743
38402,38866.0,5.032
38403,38867.0,4.894
38404,38868.0,6.924
38405,38869.0,7.274
38406,38870.0,5.185
38407,38871.0,5.483
38408,38872.0,7.125
38409,38873.0,7.004
38410,38874.0,5.104
38411,38875.0,6.521
38412,38876.0,7.234
38413,38877.0,5.662
38414,38878.0,4.861
38415,38879.0,4.919
38416,38881.0,4.838
38417,38882.0,4.919
38418,38883.0,4.894
38419,38884.0,6.279
38420,38885.0,5.622
38421,38886.0,4.787
38422,38887.0,6.924
38423,38888.0,5.185
38424,38889.0,4.82
38425,38890.0,7.274
38426,38891.0,5.112
38427,38892.0,5.322
38428,38893.0,6.259
38429,38894.0,4.909
38430,38895.0,6.4
38431,38896.0,5.5
38432,38897.0,4.747
38433,38898.0,4.813
38434,38899.0,7.234
38435,38900.0,5.12
38436,38901.0,4.999
38437,38902.0,4.919
38438,38903.0,5.927
38439,38904.0,4.934
38440,38905.0,5.233
38441,38906.0,5.451
38442,38907.0,4.618
38443,38908.0,4.611
38444,38909.0,4.79
38445,38910.0,4.83
38446,38911.0,5.064
38447,38912.0,4.919
38448,38913.0,5.136
38449,38914.0,5.04
38450,38915.0,4.959
38451,38916.0,5.056
38452,38917.0,4.951
38453,38918.0,5.177
38454,38919.0,4.82
38455,38920.0,6.843
38456,38921.0,7.274
38457,38922.0,5.581
38458,38923.0,5.032
38459,38924.0,4.861
38460,38925.0,6.964
38461,38926.0,7.234
38462,38927.0,5.42
38463,38928.0,5.694
38464,38929.0,7.165
38465,38930.0,6.682
38466,38931.0,5.064
38467,38932.0,6.642
38468,38933.0,7.234
38469,38934.0,5.5
38470,38935.0,4.869
38471,38936.0,4.878
38472,38937.0,4.846
38473,38938.0,4.919
38474,38939.0,4.853
38475,38940.0,6.481
38476,38941.0,5.5
38477,38942.0,4.787
38478,38943.0,7.044
38479,38944.0,5.104
38480,38945.0,4.853
38481,38946.0,7.274
38482,38947.0,5.023
38483,38948.0,5.685
38484,38949.0,6.057
38485,38950.0,4.869
38486,38951.0,6.642
38487,38952.0,5.388
38488,38953.0,4.747
38489,38954.0,4.853
38490,38955.0,7.073
38491,38956.0,5.08
38492,38957.0,4.959
38493,38958.0,4.878
38494,38959.0,5.774
38495,38960.0,4.861
38496,38961.0,5.676
38497,38962.0,5.298
38498,38963.0,4.577
38499,38965.0,4.684
38500,38966.0,4.83
38501,38967.0,4.79
38502,38968.0,5.024
38503,38969.0,4.853
38504,38970.0,5.46
38505,38971.0,4.991
38506,38972.0,4.926
38507,38973.0,5.056
38508,38974.0,4.983
38509,38975.0,5.411
38510,38976.0,4.813
38511,38977.0,7.004
38512,38978.0,7.314
38513,38979.0,5.307
38514,38980.0,5.072
38515,38981.0,4.926
38516,38982.0,7.125
38517,38983.0,7.274
38518,38984.0,5.298
38519,38985.0,6.209
38520,38986.0,7.194
38521,38987.0,6.017
38522,38988.0,4.942
38523,38989.0,6.843
38524,38990.0,7.234
38525,38991.0,5.226
38526,38992.0,4.787
38527,38993.0,4.911
38528,38994.0,4.772
38529,38995.0,4.951
38530,38996.0,4.78
38531,38997.0,6.883
38532,38998.0,5.226
38533,38999.0,4.82
38534,39000.0,7.234
38535,39001.0,5.145
38536,39002.0,5.128
38537,39003.0,6.41
38538,39004.0,4.909
38539,39005.0,6.32
38540,39006.0,5.581
38541,39007.0,4.787
38542,39008.0,6.964
38543,39009.0,5.145
38544,39010.0,4.706
38545,39011.0,5.281
38546,39012.0,6.289
38547,39013.0,5.072
38548,39014.0,4.886
38549,39015.0,5.354
38550,39016.0,5.42
38551,39017.0,4.82
38552,39018.0,6.279
38553,39019.0,5.136
38554,39020.0,4.422
38555,39021.0,4.717
38556,39022.0,4.79
38557,39023.0,5.434
38558,39024.0,4.983
38559,39025.0,5.16
38560,39026.0,5.217
38561,39027.0,4.991
38562,39028.0,4.853
38563,39029.0,5.048
38564,39030.0,5.064
38565,39031.0,5.217
38566,39032.0,5.056
38567,39033.0,7.125
38568,39034.0,7.314
38569,39035.0,5.339
38570,39036.0,5.064
38571,39037.0,5.564
38572,39038.0,7.154
38573,39039.0,6.883
38574,39040.0,5.096
38575,39041.0,6.601
38576,39042.0,7.234
38577,39043.0,5.613
38578,39044.0,4.982
38579,39045.0,7.044
38580,39046.0,7.274
38581,39048.0,5.5
38582,39049.0,4.787
38583,39050.0,4.951
38584,39051.0,4.739
38585,39052.0,4.991
38586,39053.0,4.747
38587,39054.0,7.165
38588,39055.0,5.266
38589,39056.0,4.886
38590,39057.0,6.924
38591,39058.0,4.99
38592,39059.0,5.967
38593,39060.0,5.824
38594,39061.0,4.828
38595,39062.0,6.763
38596,39063.0,5.266
38597,39064.0,4.787
38598,39065.0,7.205
38599,39066.0,5.185
38600,39067.0,4.706
38601,39068.0,6.048
38602,39069.0,5.815
38603,39070.0,5.032
38604,39071.0,4.853
38605,39072.0,6.078
38606,39073.0,5.177
38607,39074.0,4.78
38608,39075.0,6.722
38609,39076.0,5.015
38610,39077.0,4.341
38611,39078.0,4.717
38612,39079.0,4.782
38613,39080.0,5.313
38614,39081.0,4.983
38615,39082.0,5.015
38616,39083.0,5.056
38617,39084.0,4.951
38618,39085.0,4.975
38619,39086.0,4.999
38620,39087.0,4.999
38621,39088.0,5.056
38622,39089.0,5.613
38623,39090.0,7.125
38624,39091.0,7.274
38625,39092.0,5.169
38626,39093.0,5.281
38627,39094.0,6.048
38628,39095.0,7.194
38629,39096.0,6.249
38630,39097.0,4.982
38631,39098.0,6.763
38632,39099.0,7.234
38633,39100.0,5.347
38634,39101.0,4.975
38635,39102.0,7.085
38636,39103.0,7.314
38637,39104.0,5.266
38638,39105.0,4.78
38639,39106.0,4.911
38640,39107.0,4.739
38641,39108.0,4.951
38642,39109.0,4.853
38643,39110.0,7.314
38644,39111.0,5.145
38645,39112.0,5.33
38646,39113.0,6.33
38647,39114.0,4.909
38648,39115.0,6.481
38649,39116.0,5.5
38650,39117.0,4.787
38651,39118.0,7.044
38652,39119.0,5.145
38653,39120.0,4.853
38654,39121.0,7.314
38655,39122.0,5.023
38656,39123.0,4.706
38657,39124.0,6.521
38658,39125.0,5.523
38659,39126.0,5.032
38660,39127.0,4.846
38661,39128.0,6.551
38662,39129.0,5.056
38663,39130.0,4.853
38664,39132.0,6.872
38665,39133.0,5.015
38666,39134.0,4.26
38667,39135.0,4.75
38668,39136.0,4.79
38669,39137.0,5.313
38670,39138.0,4.943
38671,39139.0,4.934
38672,39140.0,4.982
38673,39141.0,4.991
38674,39142.0,5.532
38675,39143.0,4.999
38676,39144.0,4.926
38677,39145.0,4.982
38678,39146.0,6.088
38679,39147.0,7.194
38680,39148.0,7.125
38681,39149.0,5.16
38682,39150.0,5.128
38683,39151.0,6.4
38684,39152.0,7.194
38685,39153.0,5.815
38686,39154.0,4.901
38687,39155.0,6.924
38688,39156.0,7.234
38689,39157.0,5.226
38690,39158.0,5.532
38691,39159.0,7.154
38692,39160.0,6.924
38693,39161.0,5.104
38694,39162.0,4.747
38695,39163.0,4.911
38696,39164.0,4.82
38697,39165.0,5.193
38698,39166.0,4.846
38699,39167.0,6.924
38700,39168.0,4.99
38701,39169.0,5.967
38702,39170.0,5.864
38703,39171.0,4.828
38704,39172.0,6.763
38705,39173.0,5.307
38706,39174.0,4.787
38707,39175.0,7.246
38708,39176.0,5.185
38709,39177.0,4.886
38710,39178.0,6.612
38711,39179.0,4.95
38712,39180.0,4.666
38713,39181.0,6.883
38714,39182.0,5.298
38715,39183.0,5.032
38716,39184.0,4.853
38717,39185.0,6.872
38718,39186.0,5.056
38719,39187.0,4.886
38720,39188.0,6.289
38721,39189.0,4.975
38722,39190.0,4.415
38723,39191.0,4.79
38724,39192.0,4.79
38725,39193.0,5.233
38726,39194.0,4.991
38727,39195.0,4.894
38728,39196.0,5.056
38729,39197.0,4.983
38730,39198.0,5.258
38731,39199.0,4.991
38732,39200.0,4.886
38733,39201.0,4.894
38734,39202.0,6.481
38735,39203.0,7.234
38736,39204.0,6.249
38737,39205.0,5.12
38738,39206.0,4.975
38739,39207.0,6.722
38740,39208.0,7.234
38741,39209.0,5.42
38742,39210.0,4.975
38743,39211.0,7.044
38744,39212.0,7.274
38745,39213.0,5.347
38746,39214.0,6.168
38747,39216.0,7.205
38748,39217.0,6.138
38749,39218.0,4.942
38750,39219.0,4.894
38751,39220.0,4.911
38752,39221.0,4.886
38753,39222.0,5.007
38754,39223.0,5.564
38755,39224.0,6.097
38756,39225.0,4.869
38757,39226.0,6.561
38758,39227.0,5.428
38759,39228.0,4.747
38760,39229.0,7.125
38761,39230.0,5.145
38762,39231.0,4.886
38763,39232.0,7.004
38764,39233.0,4.982
38765,39234.0,5.886
38766,39235.0,5.945
38767,39236.0,4.828
38768,39237.0,4.666
38769,39238.0,7.165
38770,39239.0,5.201
38771,39240.0,5.104
38772,39241.0,4.919
38773,39242.0,6.44
38774,39243.0,4.975
38775,39244.0,4.919
38776,39245.0,5.765
38777,39246.0,4.82
38778,39247.0,4.496
38779,39248.0,4.79
38780,39249.0,4.823
38781,39250.0,5.104
38782,39251.0,4.999
38783,39252.0,4.861
38784,39253.0,5.04
38785,39254.0,5.032
38786,39255.0,5.177
38787,39256.0,4.951
38788,39257.0,4.846
38789,39258.0,4.861
38790,39259.0,6.722
38791,39260.0,7.274
38792,39261.0,5.936
38793,39262.0,5.072
38794,39263.0,4.975
38795,39264.0,6.883
38796,39265.0,7.314
38797,39266.0,5.266
38798,39267.0,5.249
38799,39268.0,7.125
38800,39269.0,7.234
38801,39270.0,5.185
38802,39271.0,6.491
38803,39272.0,7.194
38804,39273.0,5.774
38805,39274.0,4.901
38806,39275.0,4.886
38807,39276.0,4.878
38808,39277.0,4.919
38809,39278.0,4.934
38810,39279.0,6.088
38811,39280.0,5.784
38812,39281.0,4.787
38813,39282.0,6.843
38814,39283.0,5.226
38815,39284.0,4.82
38816,39285.0,7.234
38817,39286.0,5.145
38818,39287.0,5.007
38819,39288.0,6.491
38820,39289.0,4.909
38821,39290.0,6.279
38822,39291.0,5.622
38823,39292.0,4.787
38824,39293.0,4.78
38825,39294.0,7.274
38826,39295.0,5.12
38827,39296.0,5.032
38828,39297.0,4.878
38829,39299.0,6.088
38830,39300.0,4.934
38831,39301.0,4.951
38832,39302.0,5.532
38833,39303.0,4.699
38834,39304.0,4.603
38835,39305.0,4.79
38836,39306.0,4.79
38837,39307.0,5.064
38838,39308.0,4.846
38839,39309.0,5.613
38840,39310.0,4.999
38841,39311.0,4.926
38842,39312.0,4.982
38843,39313.0,4.991
38844,39314.0,5.532
38845,39315.0,4.82
38846,39316.0,6.924
38847,39317.0,7.274
38848,39318.0,5.42
38849,39319.0,5.032
38850,39320.0,4.934
38851,39321.0,7.044
38852,39322.0,7.274
38853,39323.0,5.42
38854,39324.0,6.007
38855,39325.0,7.194
38856,39326.0,6.289
38857,39327.0,5.023
38858,39328.0,6.763
38859,39329.0,7.274
38860,39330.0,5.347
38861,39331.0,4.861
38862,39332.0,4.878
38863,39333.0,4.805
38864,39334.0,4.911
38865,39335.0,4.853
38866,39336.0,6.682
38867,39337.0,5.379
38868,39338.0,4.747
38869,39339.0,7.205
38870,39340.0,5.226
38871,39341.0,4.886
38872,39342.0,6.814
38873,39343.0,4.982
38874,39344.0,6.007
38875,39345.0,5.815
38876,39346.0,4.828
38877,39347.0,6.803
38878,39348.0,5.266
38879,39349.0,4.706
38880,39350.0,4.846
38881,39351.0,6.682
38882,39352.0,5.072
38883,39353.0,4.926
38884,39354.0,4.911
38885,39355.0,5.572
38886,39356.0,4.861
38887,39357.0,5.917
38888,39358.0,5.217
38889,39359.0,4.503
38890,39360.0,4.677
38891,39361.0,4.79
38892,39362.0,4.903
38893,39363.0,5.024
38894,39364.0,4.853
38895,39365.0,5.298
38896,39366.0,4.991
38897,39367.0,4.846
38898,39368.0,5.048
38899,39369.0,4.943
38900,39370.0,5.298
38901,39371.0,4.861
38902,39372.0,7.044
38903,39373.0,7.274
38904,39374.0,5.185
38905,39375.0,5.032
38906,39376.0,5.128
38907,39377.0,7.125
38908,39378.0,7.274
38909,39379.0,5.185
38910,39380.0,6.451
38911,39381.0,7.194
38912,39382.0,5.815
38913,39384.0,4.901
38914,39385.0,6.964
38915,39386.0,7.274
38916,39387.0,5.258
38917,39388.0,4.78
38918,39389.0,4.911
38919,39390.0,4.772
38920,39391.0,4.991
38921,39392.0,4.78
38922,39393.0,7.004
38923,39394.0,5.145
38924,39395.0,4.853
38925,39396.0,7.314
38926,39397.0,5.104
38927,39398.0,5.483
38928,39399.0,6.178
38929,39400.0,4.869
38930,39401.0,6.521
38931,39402.0,5.469
38932,39403.0,4.787
38933,39404.0,7.044
38934,39405.0,5.104
38935,39406.0,4.706
38936,39407.0,5.644
38937,39408.0,6.128
38938,39409.0,5.072
38939,39410.0,4.853
38940,39411.0,5.676
38941,39412.0,5.339
38942,39413.0,4.861
38943,39414.0,6.44
38944,39415.0,5.096
38945,39416.0,4.382
38946,39417.0,4.717
38947,39418.0,4.79
38948,39419.0,5.434
38949,39420.0,5.024
38950,39421.0,5.096
38951,39422.0,5.185
38952,39423.0,4.951
38953,39424.0,4.813
38954,39425.0,5.007
38955,39426.0,5.072
38956,39427.0,5.177
38957,39428.0,5.056
38958,39429.0,7.165
38959,39430.0,7.314
38960,39431.0,5.258
38961,39432.0,5.112
38962,39433.0,5.604
38963,39434.0,7.194
38964,39435.0,6.803
38965,39436.0,5.104
38966,39437.0,6.601
38967,39438.0,7.234
38968,39439.0,5.541
38969,39440.0,4.982
38970,39441.0,7.004
38971,39442.0,7.274
38972,39443.0,5.428
38973,39444.0,4.787
38974,39445.0,4.911
38975,39446.0,4.739
38976,39447.0,4.951
38977,39448.0,4.739
38978,39449.0,7.165
38979,39450.0,5.266
38980,39451.0,4.853
38981,39452.0,6.883
38982,39453.0,4.95
38983,39454.0,6.007
38984,39455.0,5.824
38985,39456.0,4.828
38986,39457.0,6.763
38987,39458.0,5.307
38988,39459.0,4.787
38989,39460.0,7.205
38990,39461.0,5.185
38991,39462.0,4.706
38992,39463.0,6.088
38993,39464.0,5.806
38994,39465.0,5.032
38995,39466.0,4.846
38996,39468.0,6.159
38997,39469.0,5.209
38998,39470.0,4.82
38999,39471.0,6.792
39000,39472.0,5.096
39001,39473.0,4.382
39002,39474.0,4.757
39003,39475.0,4.863
39004,39476.0,5.313
39005,39477.0,5.064
39006,39478.0,5.056
39007,39479.0,5.136
39008,39480.0,4.951
39009,39481.0,4.975
39010,39482.0,4.999
39011,39483.0,5.072
39012,39484.0,5.056
39013,39485.0,5.532
39014,39486.0,7.165
39015,39487.0,7.314
39016,39488.0,5.209
39017,39489.0,5.273
39018,39490.0,6.007
39019,39491.0,7.234
39020,39492.0,6.289
39021,39493.0,4.982
39022,39494.0,6.803
39023,39495.0,7.314
39024,39496.0,5.347
39025,39497.0,4.975
39026,39498.0,7.085
39027,39499.0,7.274
39028,39500.0,5.266
39029,39501.0,4.78
39030,39502.0,4.951
39031,39503.0,4.699
39032,39504.0,4.951
39033,39505.0,4.813
39034,39506.0,7.355
39035,39507.0,5.104
39036,39508.0,5.322
39037,39509.0,6.34
39038,39510.0,4.909
39039,39511.0,6.44
39040,39512.0,5.509
39041,39513.0,4.787
39042,39514.0,7.044
39043,39515.0,5.104
39044,39516.0,4.853
39045,39517.0,7.274
39046,39518.0,5.023
39047,39519.0,4.666
39048,39520.0,6.521
39049,39521.0,5.492
39050,39522.0,5.032
39051,39523.0,4.813
39052,39524.0,6.601
39053,39525.0,5.064
39054,39526.0,4.846
39055,39527.0,6.832
39056,39528.0,5.015
39057,39529.0,4.301
39058,39530.0,4.79
39059,39531.0,4.79
39060,39532.0,5.224
39061,39533.0,5.032
39062,39534.0,4.934
39063,39535.0,5.056
39064,39536.0,4.983
39065,39537.0,5.298
39066,39538.0,4.991
39067,39539.0,4.853
39068,39540.0,4.975
39069,39541.0,6.41
39070,39542.0,7.234
39071,39543.0,6.41
39072,39544.0,5.12
39073,39545.0,5.015
39074,39546.0,6.682
39075,39548.0,7.234
39076,39549.0,5.5
39077,39550.0,4.942
39078,39551.0,7.085
39079,39552.0,7.274
39080,39553.0,5.42
39081,39554.0,6.088
39082,39555.0,7.194
39083,39556.0,6.219
39084,39557.0,4.982
39085,39558.0,4.894
39086,39559.0,4.903
39087,39560.0,4.886
39088,39561.0,5.04
39089,39562.0,5.402
39090,39563.0,6.219
39091,39564.0,4.909
39092,39565.0,6.481
39093,39566.0,5.5
39094,39567.0,4.787
39095,39568.0,7.044
39096,39569.0,5.104
39097,39570.0,4.853
39098,39571.0,7.234
39099,39572.0,5.031
39100,39573.0,5.685
39101,39574.0,6.017
39102,39575.0,4.828
39103,39576.0,4.666
39104,39577.0,7.085
39105,39578.0,5.169
39106,39579.0,4.983
39107,39580.0,4.886
39108,39581.0,6.601
39109,39582.0,4.982
39110,39583.0,4.878
39111,39584.0,5.846
39112,39585.0,4.861
39113,39586.0,4.537
39114,39587.0,4.79
39115,39588.0,4.83
39116,39589.0,5.104
39117,39590.0,4.926
39118,39591.0,4.82
39119,39592.0,4.999
39120,39593.0,4.999
39121,39594.0,5.096
39122,39595.0,4.951
39123,39596.0,4.894
39124,39597.0,4.82
39125,39598.0,6.803
39126,39599.0,7.274
39127,39600.0,5.774
39128,39601.0,5.072
39129,39602.0,4.894
39130,39603.0,6.924
39131,39604.0,7.274
39132,39605.0,5.185
39133,39606.0,5.492
39134,39607.0,7.125
39135,39608.0,7.004
39136,39609.0,5.104
39137,39610.0,6.561
39138,39611.0,7.234
39139,39612.0,5.662
39140,39613.0,4.869
39141,39614.0,4.926
39142,39615.0,4.846
39143,39616.0,4.959
39144,39617.0,4.894
39145,39618.0,6.32
39146,39619.0,5.622
39147,39620.0,4.82
39148,39621.0,6.964
39149,39622.0,5.185
39150,39623.0,4.82
39151,39624.0,7.314
39152,39625.0,5.072
39153,39626.0,5.411
39154,39627.0,6.219
39155,39628.0,4.869
39156,39629.0,6.481
39157,39631.0,5.469
39158,39632.0,4.747
39159,39633.0,4.78
39160,39634.0,7.246
39161,39635.0,5.12
39162,39636.0,4.999
39163,39637.0,4.919
39164,39638.0,5.896
39165,39639.0,4.861
39166,39640.0,5.354
39167,39641.0,5.42
39168,39642.0,4.618
39169,39643.0,4.684
39170,39644.0,4.79
39171,39645.0,4.79
39172,39646.0,5.024
39173,39647.0,4.813
39174,39648.0,5.339
39175,39649.0,4.951
39176,39650.0,4.886
39177,39651.0,5.056
39178,39652.0,4.983
39179,39653.0,5.339
39180,39654.0,4.82
39181,39655.0,7.044
39182,39656.0,7.314
39183,39657.0,5.226
39184,39658.0,5.032
39185,39659.0,4.926
39186,39660.0,7.125
39187,39661.0,7.274
39188,39662.0,5.266
39189,39663.0,6.33
39190,39664.0,7.234
39191,39665.0,5.896
39192,39666.0,4.942
39193,39667.0,6.883
39194,39668.0,7.274
39195,39669.0,5.185
39196,39670.0,4.82
39197,39671.0,4.911
39198,39672.0,4.772
39199,39673.0,4.951
39200,39674.0,4.78
39201,39675.0,6.964
39202,39676.0,5.185
39203,39677.0,4.82
39204,39678.0,7.314
39205,39679.0,5.072
39206,39680.0,5.443
39207,39681.0,6.259
39208,39682.0,4.901
39209,39683.0,6.481
39210,39684.0,5.5
39211,39685.0,4.787
39212,39686.0,7.085
39213,39687.0,5.064
39214,39688.0,4.747
39215,39689.0,5.523
39216,39690.0,6.209
39217,39691.0,5.072
39218,39692.0,4.926
39219,39693.0,5.555
39220,39694.0,5.379
39221,39695.0,4.82
39222,39696.0,6.44
39223,39697.0,5.096
39224,39698.0,4.382
39225,39699.0,4.677
39226,39700.0,4.79
39227,39701.0,5.425
39228,39702.0,4.983
39229,39703.0,5.056
39230,39704.0,5.217
39231,39705.0,4.991
39232,39706.0,4.853
39233,39707.0,5.048
39234,39708.0,5.024
39235,39709.0,5.217
39236,39710.0,5.056
39237,39711.0,7.125
39238,39712.0,7.314
39239,39713.0,5.298
39240,39715.0,5.072
39241,39716.0,5.523
39242,39717.0,7.165
39243,39718.0,6.883
39244,39719.0,5.104
39245,39720.0,6.601
39246,39721.0,7.234
39247,39722.0,5.581
39248,39723.0,4.942
39249,39724.0,7.004
39250,39725.0,7.274
39251,39726.0,5.46
39252,39727.0,4.787
39253,39728.0,4.911
39254,39729.0,4.739
39255,39730.0,4.951
39256,39731.0,4.747
39257,39732.0,7.165
39258,39733.0,5.266
39259,39734.0,4.886
39260,39735.0,6.924
39261,39736.0,4.982
39262,39737.0,5.967
39263,39738.0,5.864
39264,39739.0,4.828
39265,39740.0,6.803
39266,39741.0,5.307
39267,39742.0,4.82
39268,39743.0,7.205
39269,39744.0,5.226
39270,39745.0,4.706
39271,39746.0,6.088
39272,39747.0,5.806
39273,39748.0,5.072
39274,39749.0,4.853
39275,39750.0,6.118
39276,39751.0,5.177
39277,39752.0,4.853
39278,39753.0,6.752
39279,39754.0,5.056
39280,39755.0,4.301
39281,39756.0,4.79
39282,39757.0,4.823
39283,39758.0,5.434
39284,39759.0,4.983
39285,39760.0,5.048
39286,39761.0,5.023
39287,39762.0,5.032
39288,39763.0,5.29
39289,39764.0,5.04
39290,39765.0,4.959
39291,39766.0,5.023
39292,39767.0,5.815
39293,39768.0,7.165
39294,39769.0,7.274
39295,39770.0,5.169
39296,39771.0,5.201
39297,39772.0,6.209
39298,39773.0,7.194
39299,39774.0,6.057
39300,39775.0,4.982
39301,39776.0,6.843
39302,39777.0,7.234
39303,39778.0,5.226
39304,39779.0,5.209
39305,39780.0,7.125
39306,39781.0,7.194
39307,39782.0,5.217
39308,39783.0,4.787
39309,39784.0,4.911
39310,39785.0,4.739
39311,39786.0,4.943
39312,39787.0,4.846
39313,39788.0,7.274
39314,39789.0,5.064
39315,39790.0,5.685
39316,39791.0,6.057
39317,39792.0,4.869
39318,39793.0,6.601
39319,39794.0,5.388
39320,39795.0,4.787
39321,39796.0,7.125
39322,39798.0,5.185
39323,39799.0,4.853
39324,39800.0,7.004
39325,39801.0,4.99
39326,39802.0,4.706
39327,39803.0,6.682
39328,39804.0,5.451
39329,39805.0,5.032
39330,39806.0,4.853
39331,39807.0,6.712
39332,39808.0,5.015
39333,39809.0,4.846
39334,39810.0,6.642
39335,39811.0,4.982
39336,39812.0,4.26
39337,39813.0,4.75
39338,39814.0,4.823
39339,39815.0,5.233
39340,39816.0,5.104
39341,39817.0,4.894
39342,39818.0,5.096
39343,39819.0,4.951
39344,39820.0,5.42
39345,39821.0,4.991
39346,39822.0,4.926
39347,39823.0,4.942
39348,39824.0,6.289
39349,39825.0,7.234
39350,39826.0,6.763
39351,39827.0,5.12
39352,39828.0,5.08
39353,39829.0,6.521
39354,39830.0,7.234
39355,39831.0,5.622
39356,39832.0,4.942
39357,39833.0,6.964
39358,39834.0,7.274
39359,39835.0,5.5
39360,39836.0,5.846
39361,39837.0,7.165
39362,39838.0,6.572
39363,39839.0,5.064
39364,39840.0,4.901
39365,39841.0,4.903
39366,39842.0,4.853
39367,39843.0,5.112
39368,39844.0,4.967
39369,39845.0,6.572
39370,39846.0,4.909
39371,39847.0,6.249
39372,39848.0,5.662
39373,39849.0,4.787
39374,39850.0,6.924
39375,39851.0,5.185
39376,39852.0,4.82
39377,39853.0,7.274
39378,39854.0,5.104
39379,39855.0,5.281
39380,39856.0,6.34
39381,39857.0,4.909
39382,39858.0,4.673
39383,39859.0,6.964
39384,39860.0,5.217
39385,39861.0,5.024
39386,39862.0,4.846
39387,39863.0,6.913
39388,39864.0,5.023
39389,39865.0,4.919
39390,39866.0,6.088
39391,39867.0,4.901
39392,39868.0,4.456
39393,39869.0,4.79
39394,39870.0,4.79
39395,39871.0,5.144
39396,39872.0,4.999
39397,39873.0,4.894
39398,39874.0,5.007
39399,39875.0,4.983
39400,39876.0,5.177
39401,39877.0,4.991
39402,39878.0,4.853
39403,39879.0,4.901
39404,39881.0,6.561
39405,39882.0,7.274
39406,39883.0,6.097
39407,39884.0,5.072
39408,39885.0,4.975
39409,39886.0,6.803
39410,39887.0,7.234
39411,39888.0,5.379
39412,39889.0,4.934
39413,39890.0,7.085
39414,39891.0,7.274
39415,39892.0,5.307
39416,39893.0,6.289
39417,39894.0,7.234
39418,39895.0,5.936
39419,39896.0,4.982
39420,39897.0,4.886
39421,39898.0,4.951
39422,39899.0,4.886
39423,39900.0,4.999
39424,39901.0,5.806
39425,39902.0,6.017
39426,39903.0,4.828
39427,39904.0,6.722
39428,39905.0,5.347
39429,39906.0,4.747
39430,39907.0,7.125
39431,39908.0,5.226
39432,39909.0,4.846
39433,39910.0,6.843
39434,39911.0,4.99
39435,39912.0,6.007
39436,39913.0,5.824
39437,39914.0,4.787
39438,39915.0,4.747
39439,39916.0,7.205
39440,39917.0,5.169
39441,39918.0,5.072
39442,39919.0,4.878
39443,39920.0,6.279
39444,39921.0,4.975
39445,39922.0,4.919
39446,39923.0,5.644
39447,39924.0,4.78
39448,39925.0,4.185
39449,39926.0,4.75
39450,39927.0,4.79
39451,39928.0,5.273
39452,39929.0,4.983
39453,39930.0,4.934
39454,39931.0,4.982
39455,39932.0,4.943
39456,39933.0,5.451
39457,39934.0,4.991
39458,39935.0,4.886
39459,39936.0,4.942
39460,39937.0,6.209
39461,39938.0,7.234
39462,39939.0,6.843
39463,39940.0,5.12
39464,39941.0,5.088
39465,39942.0,6.481
39466,39943.0,7.234
39467,39944.0,5.694
39468,39945.0,4.901
39469,39946.0,6.964
39470,39947.0,7.274
39471,39948.0,5.5
39472,39949.0,5.765
39473,39950.0,7.165
39474,39951.0,6.652
39475,39952.0,5.064
39476,39953.0,4.901
39477,39954.0,4.911
39478,39955.0,4.853
39479,39956.0,5.112
39480,39957.0,4.886
39481,39958.0,6.693
39482,39959.0,4.982
39483,39960.0,6.209
39484,39961.0,5.743
39485,39962.0,4.787
39486,39964.0,6.924
39487,39965.0,5.185
39488,39966.0,4.853
39489,39967.0,7.274
39490,39968.0,5.145
39491,39969.0,5.249
39492,39970.0,6.37
39493,39971.0,4.909
39494,39972.0,4.706
39495,39973.0,6.964
39496,39974.0,5.249
39497,39975.0,4.983
39498,39976.0,4.846
39499,39977.0,6.913
39500,39978.0,5.023
39501,39979.0,4.878
39502,39980.0,6.128
39503,39981.0,4.901
39504,39982.0,4.456
39505,39983.0,4.79
39506,39984.0,4.782
39507,39985.0,5.144
39508,39986.0,4.959
39509,39987.0,4.853
39510,39988.0,5.007
39511,39989.0,5.064
39512,39990.0,5.177
39513,39991.0,4.991
39514,39992.0,4.813
39515,39993.0,4.861
39516,39994.0,6.601
39517,39995.0,7.234
39518,39996.0,6.057
39519,39997.0,5.072
39520,39998.0,4.934
39521,39999.0,6.803
39522,40000.0,7.234
39523,40001.0,5.307
39524,40002.0,4.975
39525,40003.0,7.125
39526,40004.0,7.234
39527,40005.0,5.258
39528,40006.0,6.33
39529,40007.0,7.234
39530,40008.0,5.896
39531,40009.0,4.942
39532,40010.0,4.894
39533,40011.0,4.911
39534,40012.0,4.886
39535,40013.0,4.967
39536,40014.0,5.846
39537,40015.0,5.936
39538,40016.0,4.828
39539,40017.0,6.722
39540,40018.0,5.307
39541,40019.0,4.828
39542,40020.0,7.165
39543,40021.0,5.226
39544,40022.0,4.846
39545,40023.0,6.773
39546,40024.0,4.95
39547,40025.0,6.088
39548,40026.0,5.784
39549,40027.0,4.828
39550,40028.0,4.747
39551,40029.0,7.246
39552,40030.0,5.169
39553,40031.0,5.112
39554,40032.0,4.878
39555,40033.0,6.33
39556,40034.0,4.942
39557,40035.0,4.959
39558,40036.0,5.653
39559,40037.0,4.853
39560,40038.0,4.537
39561,40039.0,4.83
39562,40040.0,4.823
39563,40041.0,5.144
39564,40042.0,4.926
39565,40043.0,4.901
39566,40044.0,5.007
39567,40045.0,4.999
39568,40046.0,5.056
39569,40047.0,4.951
39570,40048.0,4.934
39571,40050.0,4.82
39572,40051.0,6.803
39573,40052.0,7.274
39574,40053.0,5.703
39575,40054.0,5.032
39576,40055.0,4.894
39577,40056.0,6.924
39578,40057.0,7.274
39579,40058.0,5.145
39580,40059.0,5.451
39581,40060.0,7.125
39582,40061.0,6.964
39583,40062.0,5.104
39584,40063.0,6.561
39585,40064.0,7.234
39586,40065.0,5.622
39587,40066.0,4.869
39588,40067.0,4.919
39589,40068.0,4.838
39590,40069.0,4.919
39591,40070.0,4.853
39592,40071.0,6.279
39593,40072.0,5.622
39594,40073.0,4.787
39595,40074.0,6.924
39596,40075.0,5.185
39597,40076.0,4.82
39598,40077.0,7.274
39599,40078.0,5.064
39600,40079.0,5.402
39601,40080.0,6.219
39602,40081.0,4.869
39603,40082.0,6.481
39604,40083.0,5.5
39605,40084.0,4.747
39606,40085.0,4.853
39607,40086.0,7.234
39608,40087.0,5.12
39609,40088.0,4.999
39610,40089.0,4.919
39611,40090.0,5.886
39612,40091.0,4.901
39613,40092.0,5.354
39614,40093.0,5.411
39615,40094.0,4.618
39616,40095.0,4.644
39617,40096.0,4.79
39618,40097.0,4.823
39619,40098.0,5.024
39620,40099.0,4.886
39621,40100.0,5.5
39622,40101.0,5.04
39623,40102.0,4.926
39624,40103.0,4.975
39625,40104.0,4.943
39626,40105.0,5.492
39627,40106.0,4.813
39628,40107.0,7.004
39629,40108.0,7.274
39630,40109.0,5.379
39631,40110.0,5.032
39632,40111.0,4.975
39633,40112.0,7.044
39634,40113.0,7.274
39635,40114.0,5.347
39636,40115.0,6.128
39637,40116.0,7.165
39638,40117.0,6.138
39639,40118.0,4.982
39640,40119.0,6.803
39641,40120.0,7.234
39642,40121.0,5.266
39643,40122.0,4.828
39644,40123.0,4.919
39645,40124.0,4.813
39646,40125.0,4.951
39647,40126.0,4.78
39648,40127.0,6.763
39649,40128.0,5.266
39650,40129.0,4.787
39651,40130.0,7.205
39652,40131.0,5.185
39653,40132.0,4.886
39654,40133.0,6.612
39655,40135.0,4.95
39656,40136.0,6.168
39657,40137.0,5.703
39658,40138.0,4.787
39659,40139.0,6.883
39660,40140.0,5.185
39661,40141.0,4.706
39662,40142.0,4.967
39663,40143.0,6.481
39664,40144.0,5.04
39665,40145.0,4.886
39666,40146.0,5.072
39667,40147.0,5.5
39668,40148.0,4.82
39669,40149.0,6.118
39670,40150.0,5.177
39671,40151.0,4.503
39672,40152.0,4.717
39673,40153.0,4.83
39674,40154.0,5.394
39675,40155.0,5.024
39676,40156.0,5.096
39677,40157.0,5.177
39678,40158.0,4.951
39679,40159.0,4.853
39680,40160.0,5.048
39681,40161.0,5.072
39682,40162.0,5.136
39683,40163.0,5.169
39684,40164.0,7.125
39685,40165.0,7.314
39686,40166.0,5.258
39687,40167.0,5.425
39688,40168.0,5.725
39689,40169.0,7.194
39690,40170.0,6.612
39691,40171.0,5.339
39692,40172.0,6.763
39693,40173.0,7.314
39694,40174.0,5.46
39695,40175.0,4.942
39696,40176.0,7.044
39697,40177.0,7.274
39698,40178.0,5.379
39699,40179.0,4.747
39700,40180.0,4.911
39701,40181.0,4.739
39702,40182.0,4.951
39703,40183.0,4.78
39704,40184.0,7.205
39705,40185.0,5.185
39706,40186.0,4.846
39707,40187.0,6.652
39708,40188.0,4.95
39709,40189.0,6.128
39710,40190.0,5.743
39711,40191.0,4.787
39712,40192.0,6.843
39713,40193.0,5.226
39714,40194.0,4.82
39715,40195.0,7.246
39716,40196.0,5.145
39717,40197.0,4.666
39718,40198.0,6.209
39719,40199.0,5.685
39720,40200.0,5.032
39721,40201.0,4.813
39722,40202.0,6.239
39723,40203.0,5.136
39724,40204.0,4.813
39725,40205.0,6.803
39726,40206.0,5.136
39727,40207.0,4.301
39728,40208.0,4.75
39729,40209.0,4.79
39730,40210.0,5.354
39731,40211.0,4.983
39732,40212.0,4.975
39733,40213.0,4.982
39734,40214.0,4.951
39735,40215.0,5.572
39736,40216.0,4.999
39737,40217.0,4.926
39738,40219.0,5.015
39739,40220.0,5.967
39740,40221.0,7.205
39741,40222.0,7.165
39742,40223.0,5.169
39743,40224.0,5.128
39744,40225.0,6.37
39745,40226.0,7.205
39746,40227.0,5.896
39747,40228.0,4.909
39748,40229.0,6.924
39749,40230.0,7.234
39750,40231.0,5.217
39751,40232.0,5.492
39752,40233.0,7.165
39753,40234.0,6.964
39754,40235.0,5.136
39755,40236.0,4.747
39756,40237.0,4.951
39757,40238.0,4.82
39758,40239.0,5.112
39759,40240.0,4.846
39760,40241.0,7.004
39761,40242.0,4.99
39762,40243.0,5.886
39763,40244.0,5.864
39764,40245.0,4.828
39765,40246.0,6.722
39766,40247.0,5.307
39767,40248.0,4.787
39768,40249.0,7.165
39769,40250.0,5.226
39770,40251.0,4.846
39771,40252.0,6.733
39772,40253.0,4.95
39773,40254.0,4.666
39774,40255.0,6.803
39775,40256.0,5.339
39776,40257.0,4.991
39777,40258.0,4.853
39778,40259.0,6.792
39779,40260.0,5.096
39780,40261.0,4.886
39781,40262.0,6.36
39782,40263.0,4.934
39783,40264.0,4.422
39784,40265.0,4.79
39785,40266.0,4.79
39786,40267.0,5.152
39787,40268.0,5.032
39788,40269.0,4.861
39789,40270.0,5.056
39790,40271.0,4.943
39791,40272.0,5.258
39792,40273.0,4.991
39793,40274.0,4.853
39794,40275.0,4.901
39795,40276.0,6.491
39796,40277.0,7.246
39797,40278.0,6.299
39798,40279.0,5.08
39799,40280.0,5.015
39800,40281.0,6.722
39801,40282.0,7.234
39802,40283.0,5.42
39803,40284.0,4.975
39804,40285.0,7.044
39805,40286.0,7.314
39806,40287.0,5.307
39807,40288.0,6.168
39808,40289.0,7.194
39809,40290.0,6.138
39810,40291.0,4.942
39811,40292.0,4.934
39812,40293.0,4.943
39813,40294.0,4.886
39814,40295.0,5.007
39815,40296.0,5.644
39816,40297.0,6.097
39817,40298.0,4.901
39818,40299.0,6.561
39819,40300.0,5.46
39820,40302.0,4.747
39821,40303.0,7.125
39822,40304.0,5.104
39823,40305.0,4.894
39824,40306.0,7.044
39825,40307.0,5.023
39826,40308.0,5.846
39827,40309.0,5.905
39828,40310.0,4.828
39829,40311.0,4.673
39830,40312.0,7.125
39831,40313.0,5.177
39832,40314.0,5.024
39833,40315.0,4.886
39834,40316.0,6.481
39835,40317.0,4.975
39836,40318.0,4.878
39837,40319.0,5.774
39838,40320.0,4.861
39839,40321.0,4.496
39840,40322.0,4.79
39841,40323.0,4.823
39842,40324.0,5.144
39843,40325.0,4.959
39844,40326.0,4.853
39845,40327.0,5.007
39846,40328.0,5.032
39847,40329.0,5.136
39848,40330.0,4.991
39849,40331.0,4.813
39850,40332.0,4.853
39851,40333.0,6.722
39852,40334.0,7.274
39853,40335.0,5.855
39854,40336.0,5.072
39855,40337.0,4.934
39856,40338.0,6.883
39857,40339.0,7.234
39858,40340.0,5.258
39859,40341.0,5.29
39860,40342.0,7.125
39861,40343.0,7.113
39862,40344.0,5.185
39863,40345.0,6.491
39864,40346.0,7.234
39865,40347.0,5.743
39866,40348.0,4.901
39867,40349.0,4.886
39868,40350.0,4.878
39869,40351.0,4.919
39870,40352.0,4.934
39871,40353.0,6.168
39872,40354.0,5.743
39873,40355.0,4.787
39874,40356.0,6.883
39875,40357.0,5.226
39876,40358.0,4.82
39877,40359.0,7.246
39878,40360.0,5.185
39879,40361.0,5.088
39880,40362.0,6.451
39881,40363.0,4.909
39882,40364.0,6.37
39883,40365.0,5.581
39884,40366.0,4.828
39885,40367.0,4.78
39886,40368.0,7.326
39887,40369.0,5.128
39888,40370.0,5.072
39889,40371.0,4.878
39890,40372.0,6.088
39891,40373.0,4.901
39892,40374.0,4.991
39893,40375.0,5.5
39894,40376.0,4.699
39895,40377.0,4.57
39896,40378.0,4.79
39897,40379.0,4.823
39898,40380.0,5.064
39899,40381.0,4.886
39900,40382.0,5.5
39901,40383.0,4.999
39902,40384.0,4.919
39903,40385.0,5.015
39904,40387.0,4.951
39905,40388.0,5.613
39906,40389.0,4.82
39907,40390.0,6.883
39908,40391.0,7.274
39909,40392.0,5.5
39910,40393.0,5.032
39911,40394.0,4.861
39912,40395.0,7.004
39913,40396.0,7.274
39914,40397.0,5.5
39915,40398.0,5.846
39916,40399.0,7.165
39917,40400.0,6.531
39918,40401.0,5.023
39919,40402.0,6.722
39920,40403.0,7.234
39921,40404.0,5.42
39922,40405.0,4.828
39923,40406.0,4.919
39924,40407.0,4.846
39925,40408.0,4.959
39926,40409.0,4.82
39927,40410.0,6.601
39928,40411.0,5.428
39929,40412.0,4.787
39930,40413.0,7.125
39931,40414.0,5.145
39932,40415.0,4.853
39933,40416.0,7.085
39934,40417.0,4.99
39935,40418.0,5.846
39936,40419.0,5.945
39937,40420.0,4.869
39938,40421.0,6.682
39939,40422.0,5.339
39940,40423.0,4.747
39941,40424.0,4.846
39942,40425.0,6.924
39943,40426.0,5.12
39944,40427.0,4.919
39945,40428.0,4.951
39946,40429.0,5.653
39947,40430.0,4.894
39948,40431.0,5.756
39949,40432.0,5.33
39950,40433.0,4.544
39951,40434.0,4.717
39952,40435.0,4.79
39953,40436.0,5.224
39954,40437.0,5.024
39955,40438.0,4.926
39956,40439.0,5.217
39957,40440.0,4.991
39958,40441.0,4.853
39959,40442.0,5.015
39960,40443.0,4.943
39961,40444.0,5.217
39962,40445.0,5.064
39963,40446.0,7.085
39964,40447.0,7.274
39965,40448.0,5.266
39966,40449.0,4.991
39967,40450.0,5.33
39968,40451.0,7.125
39969,40452.0,7.073
39970,40453.0,5.145
39971,40454.0,6.481
39972,40455.0,7.194
39973,40456.0,5.662
39974,40457.0,4.901
39975,40458.0,6.964
39976,40459.0,7.274
39977,40460.0,5.541
39978,40461.0,4.82
39979,40462.0,4.911
39980,40463.0,4.739
39981,40464.0,4.951
39982,40465.0,4.739
39983,40466.0,7.085
39984,40467.0,5.104
39985,40468.0,4.853
39986,40469.0,7.205
39987,40470.0,5.031
39988,40472.0,5.765
39989,40473.0,5.976
39990,40474.0,4.869
39991,40475.0,6.642
39992,40476.0,5.388
39993,40477.0,4.747
39994,40478.0,7.125
39995,40479.0,5.266
39996,40480.0,4.706
39997,40481.0,5.806
39998,40482.0,5.976
39999,40483.0,5.032
40000,40484.0,4.886
40001,40485.0,5.877
40002,40486.0,5.29
40003,40487.0,4.82
40004,40488.0,6.601
40005,40489.0,5.056
40006,40490.0,4.382
40007,40491.0,4.717
40008,40492.0,4.83
40009,40493.0,5.354
40010,40494.0,5.024
40011,40495.0,5.056
40012,40496.0,5.096
40013,40497.0,4.951
40014,40498.0,4.894
40015,40499.0,4.999
40016,40500.0,5.032
40017,40501.0,5.056
40018,40502.0,5.572
40019,40503.0,7.165
40020,40504.0,7.314
40021,40505.0,5.209
40022,40506.0,5.313
40023,40507.0,6.007
40024,40508.0,7.234
40025,40509.0,6.249
40026,40510.0,5.023
40027,40511.0,6.763
40028,40512.0,7.234
40029,40513.0,5.339
40030,40514.0,4.934
40031,40515.0,7.085
40032,40516.0,7.274
40033,40517.0,5.266
40034,40518.0,4.747
40035,40519.0,4.911
40036,40520.0,4.739
40037,40521.0,4.991
40038,40522.0,4.813
40039,40523.0,7.314
40040,40524.0,5.104
40041,40525.0,5.281
40042,40526.0,6.34
40043,40527.0,4.909
40044,40528.0,6.4
40045,40529.0,5.541
40046,40530.0,4.787
40047,40531.0,7.004
40048,40532.0,5.104
40049,40533.0,4.813
40050,40534.0,7.274
40051,40535.0,5.064
40052,40536.0,4.666
40053,40537.0,6.481
40054,40538.0,5.532
40055,40539.0,5.032
40056,40540.0,4.813
40057,40541.0,6.521
40058,40542.0,5.064
40059,40543.0,4.846
40060,40544.0,6.913
40061,40545.0,5.056
40062,40546.0,4.26
40063,40547.0,4.717
40064,40548.0,4.79
40065,40549.0,5.354
40066,40550.0,4.983
40067,40551.0,5.056
40068,40552.0,5.104
40069,40554.0,4.991
40070,40555.0,4.853
40071,40556.0,5.04
40072,40557.0,4.999
40073,40558.0,5.096
40074,40559.0,5.451
40075,40560.0,7.165
40076,40561.0,7.274
40077,40562.0,5.249
40078,40563.0,5.313
40079,40564.0,6.007
40080,40565.0,7.194
40081,40566.0,6.37
40082,40567.0,5.023
40083,40568.0,6.763
40084,40569.0,7.234
40085,40570.0,5.379
40086,40571.0,4.934
40087,40572.0,7.125
40088,40573.0,7.274
40089,40574.0,5.298
40090,40575.0,4.747
40091,40576.0,4.951
40092,40577.0,4.699
40093,40578.0,4.991
40094,40579.0,4.813
40095,40580.0,7.314
40096,40581.0,5.104
40097,40582.0,5.33
40098,40583.0,6.299
40099,40584.0,4.869
40100,40585.0,6.44
40101,40586.0,5.5
40102,40587.0,4.787
40103,40588.0,7.004
40104,40589.0,5.104
40105,40590.0,4.853
40106,40591.0,7.274
40107,40592.0,5.031
40108,40593.0,4.666
40109,40594.0,6.481
40110,40595.0,5.532
40111,40596.0,5.032
40112,40597.0,4.813
40113,40598.0,6.521
40114,40599.0,5.064
40115,40600.0,4.853
40116,40601.0,6.924
40117,40602.0,5.015
40118,40603.0,4.301
40119,40604.0,4.717
40120,40605.0,4.79
40121,40606.0,5.354
40122,40607.0,5.024
40123,40608.0,5.056
40124,40609.0,5.096
40125,40610.0,4.951
40126,40611.0,4.813
40127,40612.0,5.007
40128,40613.0,5.032
40129,40614.0,5.056
40130,40615.0,5.371
40131,40616.0,7.125
40132,40617.0,7.314
40133,40618.0,5.209
40134,40619.0,5.354
40135,40620.0,5.886
40136,40621.0,7.194
40137,40622.0,6.37
40138,40623.0,5.023
40139,40624.0,6.722
40140,40625.0,7.274
40141,40626.0,5.379
40142,40627.0,4.975
40143,40628.0,7.085
40144,40629.0,7.314
40145,40630.0,5.307
40146,40631.0,4.78
40147,40632.0,4.911
40148,40633.0,4.739
40149,40634.0,4.951
40150,40635.0,4.813
40151,40637.0,7.234
40152,40638.0,5.185
40153,40639.0,5.088
40154,40640.0,6.491
40155,40641.0,4.909
40156,40642.0,6.36
40157,40643.0,5.581
40158,40644.0,4.82
40159,40645.0,6.964
40160,40646.0,5.185
40161,40647.0,4.861
40162,40648.0,7.314
40163,40649.0,5.064
40164,40650.0,4.706
40165,40651.0,6.4
40166,40652.0,5.572
40167,40653.0,5.032
40168,40654.0,4.813
40169,40655.0,6.4
40170,40656.0,5.104
40171,40657.0,4.813
40172,40658.0,6.832
40173,40659.0,5.056
40174,40660.0,4.26
40175,40661.0,4.75
40176,40662.0,4.782
40177,40663.0,5.273
40178,40664.0,4.943
40179,40665.0,4.934
40180,40666.0,4.942
40181,40667.0,4.951
40182,40668.0,5.451
40183,40669.0,4.991
40184,40670.0,4.886
40185,40671.0,4.942
40186,40672.0,6.128
40187,40673.0,7.234
40188,40674.0,6.964
40189,40675.0,5.16
40190,40676.0,5.088
40191,40677.0,6.44
40192,40678.0,7.194
40193,40679.0,5.774
40194,40680.0,4.901
40195,40681.0,6.964
40196,40682.0,7.274
40197,40683.0,5.339
40198,40684.0,5.653
40199,40685.0,7.205
40200,40686.0,6.803
40201,40687.0,5.104
40202,40688.0,4.787
40203,40689.0,4.903
40204,40690.0,4.813
40205,40691.0,5.152
40206,40692.0,4.846
40207,40693.0,6.803
40208,40694.0,4.95
40209,40695.0,6.088
40210,40696.0,5.784
40211,40697.0,4.828
40212,40698.0,6.803
40213,40699.0,5.266
40214,40700.0,4.82
40215,40701.0,7.234
40216,40702.0,5.145
40217,40703.0,5.007
40218,40704.0,6.531
40219,40705.0,4.942
40220,40706.0,4.666
40221,40707.0,6.924
40222,40708.0,5.29
40223,40709.0,5.024
40224,40710.0,4.853
40225,40711.0,6.913
40226,40712.0,5.064
40227,40713.0,4.926
40228,40714.0,6.289
40229,40715.0,4.975
40230,40716.0,4.219
40231,40717.0,4.75
40232,40718.0,4.79
40233,40719.0,5.233
40234,40720.0,5.072
40235,40722.0,4.901
40236,40723.0,5.056
40237,40724.0,4.943
40238,40725.0,5.339
40239,40726.0,4.991
40240,40727.0,4.846
40241,40728.0,4.901
40242,40729.0,6.37
40243,40730.0,7.234
40244,40731.0,6.491
40245,40732.0,5.08
40246,40733.0,5.015
40247,40734.0,6.642
40248,40735.0,7.234
40249,40736.0,5.541
40250,40737.0,4.942
40251,40738.0,7.004
40252,40739.0,7.274
40253,40740.0,5.388
40254,40741.0,6.048
40255,40742.0,7.154
40256,40743.0,6.289
40257,40744.0,4.982
40258,40745.0,4.894
40259,40746.0,4.903
40260,40747.0,4.886
40261,40748.0,5.04
40262,40749.0,5.362
40263,40750.0,6.299
40264,40751.0,4.909
40265,40752.0,6.44
40266,40753.0,5.5
40267,40754.0,4.747
40268,40755.0,7.044
40269,40756.0,5.104
40270,40757.0,4.853
40271,40758.0,7.274
40272,40759.0,5.023
40273,40760.0,5.685
40274,40761.0,6.057
40275,40762.0,4.869
40276,40763.0,4.666
40277,40764.0,7.085
40278,40765.0,5.209
40279,40766.0,4.983
40280,40767.0,4.919
40281,40768.0,6.601
40282,40769.0,5.015
40283,40770.0,4.878
40284,40771.0,5.886
40285,40772.0,4.861
40286,40773.0,4.684
40287,40774.0,4.79
40288,40775.0,4.823
40289,40776.0,5.064
40290,40777.0,4.926
40291,40778.0,5.622
40292,40779.0,5.04
40293,40780.0,4.919
40294,40781.0,5.015
40295,40782.0,4.943
40296,40783.0,5.613
40297,40784.0,4.82
40298,40785.0,6.924
40299,40786.0,7.274
40300,40787.0,5.46
40301,40788.0,5.032
40302,40789.0,4.901
40303,40790.0,7.004
40304,40791.0,7.274
40305,40792.0,5.42
40306,40793.0,5.927
40307,40794.0,7.194
40308,40795.0,6.33
40309,40796.0,5.023
40310,40797.0,6.722
40311,40798.0,7.234
40312,40799.0,5.347
40313,40800.0,4.828
40314,40801.0,4.878
40315,40802.0,4.813
40316,40804.0,4.919
40317,40805.0,4.82
40318,40806.0,6.642
40319,40807.0,5.388
40320,40808.0,4.787
40321,40809.0,7.165
40322,40810.0,5.266
40323,40811.0,4.846
40324,40812.0,6.883
40325,40813.0,4.99
40326,40814.0,5.967
40327,40815.0,5.824
40328,40816.0,4.787
40329,40817.0,6.803
40330,40818.0,5.226
40331,40819.0,4.747
40332,40820.0,4.846
40333,40821.0,6.682
40334,40822.0,5.08
40335,40823.0,4.919
40336,40824.0,4.911
40337,40825.0,5.613
40338,40826.0,4.861
40339,40827.0,5.998
40340,40828.0,5.217
40341,40829.0,4.496
40342,40830.0,4.644
40343,40831.0,4.83
40344,40832.0,4.79
40345,40833.0,5.064
40346,40834.0,4.846
40347,40835.0,5.42
40348,40836.0,4.991
40349,40837.0,4.919
40350,40838.0,5.056
40351,40839.0,4.983
40352,40840.0,5.379
40353,40841.0,4.813
40354,40842.0,7.004
40355,40843.0,7.314
40356,40844.0,5.266
40357,40845.0,5.072
40358,40846.0,4.926
40359,40847.0,7.085
40360,40848.0,7.274
40361,40849.0,5.266
40362,40850.0,6.289
40363,40851.0,7.194
40364,40852.0,5.976
40365,40853.0,4.942
40366,40854.0,6.883
40367,40855.0,7.234
40368,40856.0,5.226
40369,40857.0,4.787
40370,40858.0,4.911
40371,40859.0,4.772
40372,40860.0,4.951
40373,40861.0,4.78
40374,40862.0,6.924
40375,40863.0,5.185
40376,40864.0,4.82
40377,40865.0,7.274
40378,40866.0,5.104
40379,40867.0,5.209
40380,40868.0,6.37
40381,40869.0,4.869
40382,40870.0,6.36
40383,40871.0,5.541
40384,40872.0,4.787
40385,40873.0,6.964
40386,40874.0,5.145
40387,40875.0,4.706
40388,40876.0,5.362
40389,40877.0,6.249
40390,40878.0,5.072
40391,40879.0,4.886
40392,40880.0,5.434
40393,40881.0,5.379
40394,40882.0,4.861
40395,40883.0,6.36
40396,40884.0,5.136
40397,40885.0,4.422
40398,40886.0,4.717
40399,40888.0,4.79
40400,40889.0,5.506
40401,40890.0,4.983
40402,40891.0,5.169
40403,40892.0,5.185
40404,40893.0,4.991
40405,40894.0,4.853
40406,40895.0,5.048
40407,40896.0,5.072
40408,40897.0,5.217
40409,40898.0,5.015
40410,40899.0,7.125
40411,40900.0,7.274
40412,40901.0,5.298
40413,40902.0,5.072
40414,40903.0,5.572
40415,40904.0,7.165
40416,40905.0,6.883
40417,40906.0,5.104
40418,40907.0,6.561
40419,40908.0,7.234
40420,40909.0,5.541
40421,40910.0,4.942
40422,40911.0,7.004
40423,40912.0,7.274
40424,40913.0,5.428
40425,40914.0,4.747
40426,40915.0,4.911
40427,40916.0,4.739
40428,40917.0,4.951
40429,40918.0,4.747
40430,40919.0,7.165
40431,40920.0,5.266
40432,40921.0,4.846
40433,40922.0,6.883
40434,40923.0,4.99
40435,40924.0,6.007
40436,40925.0,5.864
40437,40926.0,4.828
40438,40927.0,6.803
40439,40928.0,5.266
40440,40929.0,4.828
40441,40930.0,7.205
40442,40931.0,5.185
40443,40932.0,4.706
40444,40933.0,6.128
40445,40934.0,5.806
40446,40935.0,5.032
40447,40936.0,4.846
40448,40937.0,6.159
40449,40938.0,5.217
40450,40939.0,4.82
40451,40940.0,6.763
40452,40941.0,5.064
40453,40942.0,4.341
40454,40943.0,4.677
40455,40944.0,4.79
40456,40945.0,5.104
40457,40946.0,5.024
40458,40947.0,4.886
40459,40948.0,5.298
40460,40949.0,4.991
40461,40950.0,4.886
40462,40951.0,5.056
40463,40952.0,4.983
40464,40953.0,5.258
40465,40954.0,5.015
40466,40955.0,7.085
40467,40956.0,7.314
40468,40957.0,5.226
40469,40958.0,5.072
40470,40959.0,5.249
40471,40960.0,7.165
40472,40961.0,7.154
40473,40962.0,5.217
40474,40963.0,6.44
40475,40964.0,7.234
40476,40965.0,5.743
40477,40966.0,4.901
40478,40967.0,6.964
40479,40968.0,7.274
40480,40969.0,5.46
40481,40970.0,4.787
40482,40972.0,4.911
40483,40973.0,4.739
40484,40974.0,4.951
40485,40975.0,4.739
40486,40976.0,7.085
40487,40977.0,5.072
40488,40978.0,4.853
40489,40979.0,7.246
40490,40980.0,5.031
40491,40981.0,5.725
40492,40982.0,6.017
40493,40983.0,4.828
40494,40984.0,6.642
40495,40985.0,5.347
40496,40986.0,4.787
40497,40987.0,7.125
40498,40988.0,5.266
40499,40989.0,4.706
40500,40990.0,5.846
40501,40991.0,5.936
40502,40992.0,5.032
40503,40993.0,4.853
40504,40994.0,5.877
40505,40995.0,5.258
40506,40996.0,4.82
40507,40997.0,6.601
40508,40998.0,5.064
40509,40999.0,4.341
40510,41000.0,4.757
40511,41001.0,4.782
40512,41002.0,5.354
40513,41003.0,4.983
40514,41004.0,5.088
40515,41005.0,5.096
40516,41006.0,4.991
40517,41007.0,4.853
40518,41008.0,5.04
40519,41009.0,4.991
40520,41010.0,5.096
40521,41011.0,5.451
40522,41012.0,7.165
40523,41013.0,7.274
40524,41014.0,5.249
40525,41015.0,5.313
40526,41016.0,5.967
40527,41017.0,7.165
40528,41018.0,6.37
40529,41019.0,5.023
40530,41020.0,6.763
40531,41021.0,7.234
40532,41022.0,5.42
40533,41023.0,4.975
40534,41024.0,7.085
40535,41025.0,7.274
40536,41026.0,5.298
40537,41027.0,4.747
40538,41028.0,4.951
40539,41029.0,4.739
40540,41030.0,4.991
40541,41031.0,4.82
40542,41032.0,7.246
40543,41033.0,5.145
40544,41034.0,5.169
40545,41035.0,6.41
40546,41036.0,4.869
40547,41037.0,6.36
40548,41038.0,5.581
40549,41039.0,4.787
40550,41040.0,6.964
40551,41041.0,5.145
40552,41042.0,4.82
40553,41043.0,7.314
40554,41044.0,5.072
40555,41045.0,4.706
40556,41046.0,6.44
40557,41047.0,5.572
40558,41048.0,5.032
40559,41049.0,4.853
40560,41050.0,6.481
40561,41051.0,5.096
40562,41052.0,4.853
40563,41053.0,6.913
40564,41054.0,5.064
40565,41055.0,4.26
40566,41057.0,4.757
40567,41058.0,4.823
40568,41059.0,5.313
40569,41060.0,5.024
40570,41061.0,5.056
40571,41062.0,5.056
40572,41063.0,4.991
40573,41064.0,5.088
40574,41065.0,4.999
40575,41066.0,4.999
40576,41067.0,5.056
40577,41068.0,5.725
40578,41069.0,7.165
40579,41070.0,7.314
40580,41071.0,5.209
40581,41072.0,5.241
40582,41073.0,6.128
40583,41074.0,7.194
40584,41075.0,6.138
40585,41076.0,4.982
40586,41077.0,6.843
40587,41078.0,7.274
40588,41079.0,5.266
40589,41080.0,5.088
40590,41081.0,7.085
40591,41082.0,7.274
40592,41083.0,5.185
40593,41084.0,4.78
40594,41085.0,4.911
40595,41086.0,4.739
40596,41087.0,4.951
40597,41088.0,4.853
40598,41089.0,7.314
40599,41090.0,5.104
40600,41091.0,5.483
40601,41092.0,6.209
40602,41093.0,4.909
40603,41094.0,6.561
40604,41095.0,5.469
40605,41096.0,4.787
40606,41097.0,7.044
40607,41098.0,5.104
40608,41099.0,4.853
40609,41100.0,7.246
40610,41101.0,5.031
40611,41102.0,4.706
40612,41103.0,6.561
40613,41104.0,5.492
40614,41105.0,5.032
40615,41106.0,4.813
40616,41107.0,6.601
40617,41108.0,5.056
40618,41109.0,4.846
40619,41110.0,6.752
40620,41111.0,5.015
40621,41112.0,4.26
40622,41113.0,4.75
40623,41114.0,4.79
40624,41115.0,5.273
40625,41116.0,4.943
40626,41117.0,4.934
40627,41118.0,4.942
40628,41119.0,4.951
40629,41120.0,5.492
40630,41121.0,4.999
40631,41122.0,4.926
40632,41123.0,4.975
40633,41124.0,6.088
40634,41125.0,7.205
40635,41126.0,7.004
40636,41127.0,5.16
40637,41128.0,5.128
40638,41129.0,6.44
40639,41130.0,7.194
40640,41131.0,5.774
40641,41132.0,4.901
40642,41133.0,6.964
40643,41134.0,7.234
40644,41135.0,5.266
40645,41136.0,5.572
40646,41137.0,7.165
40647,41138.0,6.843
40648,41140.0,5.104
40649,41141.0,4.747
40650,41142.0,4.911
40651,41143.0,4.82
40652,41144.0,5.193
40653,41145.0,4.846
40654,41146.0,6.883
40655,41147.0,4.95
40656,41148.0,6.007
40657,41149.0,5.824
40658,41150.0,4.828
40659,41151.0,6.803
40660,41152.0,5.266
40661,41153.0,4.787
40662,41154.0,7.205
40663,41155.0,5.185
40664,41156.0,4.926
40665,41157.0,6.572
40666,41158.0,4.95
40667,41159.0,4.673
40668,41160.0,6.843
40669,41161.0,5.298
40670,41162.0,5.032
40671,41163.0,4.853
40672,41164.0,6.872
40673,41165.0,5.056
40674,41166.0,4.886
40675,41167.0,6.289
40676,41168.0,4.975
40677,41169.0,4.219
40678,41170.0,4.79
40679,41171.0,4.83
40680,41172.0,5.273
40681,41173.0,5.072
40682,41174.0,4.934
40683,41175.0,5.096
40684,41176.0,4.991
40685,41177.0,5.339
40686,41178.0,4.951
40687,41179.0,4.886
40688,41180.0,4.942
40689,41181.0,6.33
40690,41182.0,7.234
40691,41183.0,6.612
40692,41184.0,5.08
40693,41185.0,5.048
40694,41186.0,6.561
40695,41187.0,7.234
40696,41188.0,5.581
40697,41189.0,4.942
40698,41190.0,7.004
40699,41191.0,7.274
40700,41192.0,5.42
40701,41193.0,5.927
40702,41194.0,7.165
40703,41195.0,6.451
40704,41196.0,5.023
40705,41197.0,4.934
40706,41198.0,4.911
40707,41199.0,4.853
40708,41200.0,5.08
40709,41201.0,5.12
40710,41202.0,6.451
40711,41203.0,4.95
40712,41204.0,6.32
40713,41205.0,5.622
40714,41206.0,4.787
40715,41207.0,7.004
40716,41208.0,5.145
40717,41209.0,4.813
40718,41210.0,7.274
40719,41211.0,5.064
40720,41212.0,5.443
40721,41213.0,6.219
40722,41214.0,4.869
40723,41215.0,4.666
40724,41216.0,7.044
40725,41217.0,5.209
40726,41218.0,4.983
40727,41219.0,4.846
40728,41220.0,6.792
40729,41221.0,5.015
40730,41222.0,4.878
40731,41223.0,5.967
40732,41224.0,4.861
40733,41226.0,4.219
40734,41227.0,4.75
40735,41228.0,4.823
40736,41229.0,5.233
40737,41230.0,5.184
40738,41231.0,4.934
40739,41232.0,5.128
40740,41233.0,5.064
40741,41234.0,5.411
40742,41235.0,5.032
40743,41236.0,4.926
40744,41237.0,4.942
40745,41238.0,6.289
40746,41239.0,7.234
40747,41240.0,6.722
40748,41241.0,5.12
40749,41242.0,5.088
40750,41243.0,6.561
40751,41244.0,7.234
40752,41245.0,5.622
40753,41246.0,4.901
40754,41247.0,7.004
40755,41248.0,7.314
40756,41249.0,5.5
40757,41250.0,5.806
40758,41251.0,7.165
40759,41252.0,6.531
40760,41253.0,5.023
40761,41254.0,4.901
40762,41255.0,4.911
40763,41256.0,4.853
40764,41257.0,5.08
40765,41258.0,4.967
40766,41259.0,6.531
40767,41260.0,4.909
40768,41261.0,6.239
40769,41262.0,5.622
40770,41263.0,4.787
40771,41264.0,6.924
40772,41265.0,5.185
40773,41266.0,4.861
40774,41267.0,7.274
40775,41268.0,5.104
40776,41269.0,5.322
40777,41270.0,6.299
40778,41271.0,4.869
40779,41272.0,4.666
40780,41273.0,6.964
40781,41274.0,5.217
40782,41275.0,5.032
40783,41276.0,4.846
40784,41277.0,6.913
40785,41278.0,5.015
40786,41279.0,4.919
40787,41280.0,6.048
40788,41281.0,4.901
40789,41282.0,4.179
40790,41283.0,4.75
40791,41284.0,4.823
40792,41285.0,5.354
40793,41286.0,4.983
40794,41287.0,5.007
40795,41288.0,5.015
40796,41289.0,4.991
40797,41290.0,5.685
40798,41291.0,5.04
40799,41292.0,4.959
40800,41293.0,5.015
40801,41294.0,5.886
40802,41295.0,7.205
40803,41296.0,7.274
40804,41297.0,5.201
40805,41298.0,5.201
40806,41299.0,6.289
40807,41300.0,7.194
40808,41301.0,6.017
40809,41302.0,4.942
40810,41303.0,6.964
40811,41304.0,7.274
40812,41305.0,5.258
40813,41306.0,5.29
40814,41307.0,7.165
40815,41308.0,7.154
40816,41309.0,5.145
40817,41310.0,4.747
40818,41312.0,4.911
40819,41313.0,4.739
40820,41314.0,4.991
40821,41315.0,4.853
40822,41316.0,7.274
40823,41317.0,5.031
40824,41318.0,5.725
40825,41319.0,6.017
40826,41320.0,4.828
40827,41321.0,6.642
40828,41322.0,5.388
40829,41323.0,4.747
40830,41324.0,7.125
40831,41325.0,5.266
40832,41326.0,4.853
40833,41327.0,6.924
40834,41328.0,4.95
40835,41329.0,4.666
40836,41330.0,6.682
40837,41331.0,5.411
40838,41332.0,4.991
40839,41333.0,4.813
40840,41334.0,6.712
40841,41335.0,5.023
40842,41336.0,4.846
40843,41337.0,6.561
40844,41338.0,4.982
40845,41339.0,4.26
40846,41340.0,4.75
40847,41341.0,4.83
40848,41342.0,5.233
40849,41343.0,5.064
40850,41344.0,4.894
40851,41345.0,5.015
40852,41346.0,4.951
40853,41347.0,5.42
40854,41348.0,4.951
40855,41349.0,4.886
40856,41350.0,4.975
40857,41351.0,6.249
40858,41352.0,7.194
40859,41353.0,6.763
40860,41354.0,5.12
40861,41355.0,5.088
40862,41356.0,6.521
40863,41357.0,7.234
40864,41358.0,5.662
40865,41359.0,4.901
40866,41360.0,7.004
40867,41361.0,7.274
40868,41362.0,5.5
40869,41363.0,5.806
40870,41364.0,7.165
40871,41365.0,6.612
40872,41366.0,5.064
40873,41367.0,4.942
40874,41368.0,4.951
40875,41369.0,4.894
40876,41370.0,5.112
40877,41371.0,4.926
40878,41372.0,6.612
40879,41373.0,4.982
40880,41374.0,6.168
40881,41375.0,5.734
40882,41376.0,4.787
40883,41377.0,6.924
40884,41378.0,5.226
40885,41379.0,4.861
40886,41380.0,7.246
40887,41381.0,5.145
40888,41382.0,5.209
40889,41383.0,6.37
40890,41384.0,4.909
40891,41385.0,4.666
40892,41386.0,6.964
40893,41387.0,5.217
40894,41388.0,4.991
40895,41389.0,4.813
40896,41390.0,6.872
40897,41391.0,5.023
40898,41392.0,4.878
40899,41393.0,6.128
40900,41394.0,4.894
40901,41395.0,4.301
40902,41397.0,4.75
40903,41398.0,4.79
40904,41399.0,5.193
40905,41400.0,5.032
40906,41401.0,4.894
40907,41402.0,5.056
40908,41403.0,4.951
40909,41404.0,5.298
40910,41405.0,4.991
40911,41406.0,4.846
40912,41407.0,4.901
40913,41408.0,6.451
40914,41409.0,7.234
40915,41410.0,6.37
40916,41411.0,5.12
40917,41412.0,5.007
40918,41413.0,6.682
40919,41414.0,7.234
40920,41415.0,5.5
40921,41416.0,4.942
40922,41417.0,7.044
40923,41418.0,7.274
40924,41419.0,5.379
40925,41420.0,6.048
40926,41421.0,7.194
40927,41422.0,6.259
40928,41423.0,5.023
40929,41424.0,4.894
40930,41425.0,4.903
40931,41426.0,4.886
40932,41427.0,5.04
40933,41428.0,5.362
40934,41429.0,6.299
40935,41430.0,4.869
40936,41431.0,6.481
40937,41432.0,5.509
40938,41433.0,4.787
40939,41434.0,7.004
40940,41435.0,5.145
40941,41436.0,4.813
40942,41437.0,7.274
40943,41438.0,5.031
40944,41439.0,5.604
40945,41440.0,6.057
40946,41441.0,4.869
40947,41442.0,4.673
40948,41443.0,7.085
40949,41444.0,5.136
40950,41445.0,5.024
40951,41446.0,4.846
40952,41447.0,6.722
40953,41448.0,4.982
40954,41449.0,4.919
40955,41450.0,5.896
40956,41451.0,4.894
40957,41452.0,4.496
40958,41453.0,4.83
40959,41454.0,4.79
40960,41455.0,5.152
40961,41456.0,4.959
40962,41457.0,4.853
40963,41458.0,5.007
40964,41459.0,5.032
40965,41460.0,5.136
40966,41461.0,4.951
40967,41462.0,4.813
40968,41463.0,4.861
40969,41464.0,6.722
40970,41465.0,7.274
40971,41466.0,5.896
40972,41467.0,5.072
40973,41468.0,4.934
40974,41469.0,6.843
40975,41470.0,7.274
40976,41471.0,5.266
40977,41472.0,5.209
40978,41473.0,7.125
40979,41474.0,7.194
40980,41475.0,5.185
40981,41476.0,6.44
40982,41477.0,7.234
40983,41478.0,5.784
40984,41479.0,4.909
40985,41480.0,4.926
40986,41481.0,4.878
40987,41482.0,4.919
40988,41484.0,4.894
40989,41485.0,6.118
40990,41486.0,5.743
40991,41487.0,4.828
40992,41488.0,7.004
40993,41489.0,5.266
40994,41490.0,4.82
40995,41491.0,7.246
40996,41492.0,5.145
40997,41493.0,5.088
40998,41494.0,6.491
40999,41495.0,4.909
41000,41496.0,6.249
41001,41497.0,5.622
41002,41498.0,4.787
41003,41499.0,4.82
41004,41500.0,7.246
41005,41501.0,5.12
41006,41502.0,5.032
41007,41503.0,4.878
41008,41504.0,6.088
41009,41505.0,4.934
41010,41506.0,4.951
41011,41507.0,5.572
41012,41508.0,4.739
41013,41509.0,4.603
41014,41510.0,4.75
41015,41511.0,4.83
41016,41512.0,5.064
41017,41513.0,4.886
41018,41514.0,5.613
41019,41515.0,4.999
41020,41516.0,4.919
41021,41517.0,5.015
41022,41518.0,4.951
41023,41519.0,5.613
41024,41520.0,4.82
41025,41521.0,6.924
41026,41522.0,7.274
41027,41523.0,5.5
41028,41524.0,5.032
41029,41525.0,4.975
41030,41526.0,7.004
41031,41527.0,7.274
41032,41528.0,5.42
41033,41529.0,5.967
41034,41530.0,7.205
41035,41531.0,6.37
41036,41532.0,5.023
41037,41533.0,6.763
41038,41534.0,7.234
41039,41535.0,5.379
41040,41536.0,4.828
41041,41537.0,4.878
41042,41538.0,4.805
41043,41539.0,4.919
41044,41540.0,4.82
41045,41541.0,6.642
41046,41542.0,5.347
41047,41543.0,4.747
41048,41544.0,7.125
41049,41545.0,5.266
41050,41546.0,4.846
41051,41547.0,6.883
41052,41548.0,4.982
41053,41549.0,5.967
41054,41550.0,5.824
41055,41551.0,4.828
41056,41552.0,6.803
41057,41553.0,5.266
41058,41554.0,4.747
41059,41555.0,4.846
41060,41556.0,6.722
41061,41557.0,5.08
41062,41558.0,4.959
41063,41559.0,4.911
41064,41560.0,5.613
41065,41561.0,4.861
41066,41562.0,5.917
41067,41563.0,5.258
41068,41564.0,4.537
41069,41565.0,4.724
41070,41566.0,4.823
41071,41568.0,4.782
41072,41569.0,5.024
41073,41570.0,4.813
41074,41571.0,5.379
41075,41572.0,4.991
41076,41573.0,4.894
41077,41574.0,5.056
41078,41575.0,4.991
41079,41576.0,5.339
41080,41577.0,4.82
41081,41578.0,7.044
41082,41579.0,7.314
41083,41580.0,5.226
41084,41581.0,5.032
41085,41582.0,4.926
41086,41583.0,7.125
41087,41584.0,7.274
41088,41585.0,5.266
41089,41586.0,6.33
41090,41587.0,7.234
41091,41588.0,5.896
41092,41589.0,4.942
41093,41590.0,6.883
41094,41591.0,7.274
41095,41592.0,5.145
41096,41593.0,4.82
41097,41594.0,4.911
41098,41595.0,4.772
41099,41596.0,4.951
41100,41597.0,4.78
41101,41598.0,6.964
41102,41599.0,5.185
41103,41600.0,4.853
41104,41601.0,7.314
41105,41602.0,5.072
41106,41603.0,5.483
41107,41604.0,6.219
41108,41605.0,4.901
41109,41606.0,6.481
41110,41607.0,5.5
41111,41608.0,4.787
41112,41609.0,7.044
41113,41610.0,5.064
41114,41611.0,4.706
41115,41612.0,5.644
41116,41613.0,6.078
41117,41614.0,5.072
41118,41615.0,4.878
41119,41616.0,5.707
41120,41617.0,5.298
41121,41618.0,4.82
41122,41619.0,6.521
41123,41620.0,5.064
41124,41621.0,4.382
41125,41622.0,4.717
41126,41623.0,4.83
41127,41624.0,5.425
41128,41625.0,4.983
41129,41626.0,5.056
41130,41627.0,5.104
41131,41628.0,4.991
41132,41629.0,4.813
41133,41630.0,4.999
41134,41631.0,4.991
41135,41632.0,5.096
41136,41633.0,5.33
41137,41634.0,7.125
41138,41635.0,7.274
41139,41636.0,5.249
41140,41637.0,5.354
41141,41638.0,5.846
41142,41639.0,7.165
41143,41640.0,6.531
41144,41641.0,5.023
41145,41642.0,6.722
41146,41643.0,7.234
41147,41644.0,5.42
41148,41645.0,4.934
41149,41646.0,7.085
41150,41647.0,7.274
41151,41649.0,5.339
41152,41650.0,4.747
41153,41651.0,4.911
41154,41652.0,4.739
41155,41653.0,4.951
41156,41654.0,4.78
41157,41655.0,7.234
41158,41656.0,5.185
41159,41657.0,4.967
41160,41658.0,6.572
41161,41659.0,4.95
41162,41660.0,6.249
41163,41661.0,5.662
41164,41662.0,4.787
41165,41663.0,6.964
41166,41664.0,5.185
41167,41665.0,4.813
41168,41666.0,7.274
41169,41667.0,5.104
41170,41668.0,4.706
41171,41669.0,6.36
41172,41670.0,5.613
41173,41671.0,5.032
41174,41672.0,4.805
41175,41673.0,6.4
41176,41674.0,5.096
41177,41675.0,4.853
41178,41676.0,6.872
41179,41677.0,5.096
41180,41678.0,4.26
41181,41679.0,4.75
41182,41680.0,4.782
41183,41681.0,5.394
41184,41682.0,4.983
41185,41683.0,5.015
41186,41684.0,5.023
41187,41685.0,4.991
41188,41686.0,5.29
41189,41687.0,5.04
41190,41688.0,4.959
41191,41689.0,5.056
41192,41690.0,5.774
41193,41691.0,7.165
41194,41692.0,7.314
41195,41693.0,5.169
41196,41694.0,5.201
41197,41695.0,6.168
41198,41696.0,7.194
41199,41697.0,6.057
41200,41698.0,4.982
41201,41699.0,6.843
41202,41700.0,7.234
41203,41701.0,5.266
41204,41702.0,5.128
41205,41703.0,7.085
41206,41704.0,7.274
41207,41705.0,5.185
41208,41706.0,4.747
41209,41707.0,4.911
41210,41708.0,4.699
41211,41709.0,4.991
41212,41710.0,4.853
41213,41711.0,7.314
41214,41712.0,5.064
41215,41713.0,5.604
41216,41714.0,6.097
41217,41715.0,4.869
41218,41716.0,6.601
41219,41717.0,5.428
41220,41718.0,4.787
41221,41719.0,7.085
41222,41720.0,5.145
41223,41721.0,4.853
41224,41722.0,7.044
41225,41723.0,4.99
41226,41724.0,4.666
41227,41725.0,6.682
41228,41726.0,5.443
41229,41727.0,5.032
41230,41728.0,4.805
41231,41729.0,6.671
41232,41730.0,5.056
41233,41731.0,4.846
41234,41732.0,6.642
41235,41734.0,4.982
41236,41735.0,4.537
41237,41736.0,4.79
41238,41737.0,4.83
41239,41738.0,5.112
41240,41739.0,4.959
41241,41740.0,4.861
41242,41741.0,5.048
41243,41742.0,5.032
41244,41743.0,5.177
41245,41744.0,4.951
41246,41745.0,4.846
41247,41746.0,4.861
41248,41747.0,6.682
41249,41748.0,7.234
41250,41749.0,6.017
41251,41750.0,5.072
41252,41751.0,4.975
41253,41752.0,6.843
41254,41753.0,7.274
41255,41754.0,5.307
41256,41755.0,5.048
41257,41756.0,7.085
41258,41757.0,7.314
41259,41758.0,5.185
41260,41759.0,6.41
41261,41760.0,7.205
41262,41761.0,5.896
41263,41762.0,4.901
41264,41763.0,4.926
41265,41764.0,4.919
41266,41765.0,4.926
41267,41766.0,4.926
41268,41767.0,5.967
41269,41768.0,5.864
41270,41769.0,4.828
41271,41770.0,6.763
41272,41771.0,5.307
41273,41772.0,4.82
41274,41773.0,7.205
41275,41774.0,5.185
41276,41775.0,4.846
41277,41776.0,6.652
41278,41777.0,4.909
41279,41778.0,6.168
41280,41779.0,5.703
41281,41780.0,4.828
41282,41781.0,4.747
41283,41782.0,7.246
41284,41783.0,5.128
41285,41784.0,5.032
41286,41785.0,4.878
41287,41786.0,6.209
41288,41787.0,4.901
41289,41788.0,4.911
41290,41789.0,5.581
41291,41790.0,4.739
41292,41791.0,4.57
41293,41792.0,4.79
41294,41793.0,4.79
41295,41794.0,5.064
41296,41795.0,4.886
41297,41796.0,5.379
41298,41797.0,4.999
41299,41798.0,4.959
41300,41799.0,5.023
41301,41800.0,4.991
41302,41801.0,5.572
41303,41802.0,4.82
41304,41803.0,6.883
41305,41804.0,7.314
41306,41805.0,5.5
41307,41806.0,5.072
41308,41807.0,4.861
41309,41808.0,7.004
41310,41809.0,7.274
41311,41810.0,5.5
41312,41811.0,5.886
41313,41812.0,7.165
41314,41813.0,6.451
41315,41814.0,5.023
41316,41815.0,6.722
41317,41816.0,7.274
41318,41818.0,5.42
41319,41819.0,4.861
41320,41820.0,4.919
41321,41821.0,4.846
41322,41822.0,4.919
41323,41823.0,4.853
41324,41824.0,6.601
41325,41825.0,5.428
41326,41826.0,4.747
41327,41827.0,7.125
41328,41828.0,5.145
41329,41829.0,4.886
41330,41830.0,7.004
41331,41831.0,5.023
41332,41832.0,5.886
41333,41833.0,5.896
41334,41834.0,4.828
41335,41835.0,6.763
41336,41836.0,5.307
41337,41837.0,4.787
41338,41838.0,4.853
41339,41839.0,6.843
41340,41840.0,5.08
41341,41841.0,4.959
41342,41842.0,4.911
41343,41843.0,5.685
41344,41844.0,4.853
41345,41845.0,5.877
41346,41846.0,5.258
41347,41847.0,4.544
41348,41848.0,4.644
41349,41849.0,4.79
41350,41850.0,4.79
41351,41851.0,5.024
41352,41852.0,4.853
41353,41853.0,5.42
41354,41854.0,4.999
41355,41855.0,4.926
41356,41856.0,5.015
41357,41857.0,4.951
41358,41858.0,5.411
41359,41859.0,4.78
41360,41860.0,7.004
41361,41861.0,7.274
41362,41862.0,5.307
41363,41863.0,5.032
41364,41864.0,4.926
41365,41865.0,7.085
41366,41866.0,7.274
41367,41867.0,5.307
41368,41868.0,6.209
41369,41869.0,7.205
41370,41870.0,6.097
41371,41871.0,4.942
41372,41872.0,6.843
41373,41873.0,7.274
41374,41874.0,5.266
41375,41875.0,4.82
41376,41876.0,4.911
41377,41877.0,4.772
41378,41878.0,4.951
41379,41879.0,4.78
41380,41880.0,6.883
41381,41881.0,5.226
41382,41882.0,4.82
41383,41883.0,7.246
41384,41884.0,5.145
41385,41885.0,5.048
41386,41886.0,6.491
41387,41887.0,4.909
41388,41888.0,6.33
41389,41889.0,5.622
41390,41890.0,4.787
41391,41891.0,6.964
41392,41892.0,5.217
41393,41893.0,4.747
41394,41894.0,5.29
41395,41895.0,6.33
41396,41896.0,5.112
41397,41897.0,4.886
41398,41898.0,5.394
41399,41899.0,5.42
41400,41900.0,4.853
41401,41902.0,6.279
41402,41903.0,5.136
41403,41904.0,4.422
41404,41905.0,4.717
41405,41906.0,4.79
41406,41907.0,5.152
41407,41908.0,5.024
41408,41909.0,4.926
41409,41910.0,5.258
41410,41911.0,4.991
41411,41912.0,4.853
41412,41913.0,5.088
41413,41914.0,4.951
41414,41915.0,5.29
41415,41916.0,5.056
41416,41917.0,7.085
41417,41918.0,7.274
41418,41919.0,5.266
41419,41920.0,4.991
41420,41921.0,5.33
41421,41922.0,7.125
41422,41923.0,7.113
41423,41924.0,5.145
41424,41925.0,6.481
41425,41926.0,7.194
41426,41927.0,5.703
41427,41928.0,4.901
41428,41929.0,6.964
41429,41930.0,7.234
41430,41931.0,5.541
41431,41932.0,4.787
41432,41933.0,4.911
41433,41934.0,4.739
41434,41935.0,4.951
41435,41936.0,4.739
41436,41937.0,7.085
41437,41938.0,5.064
41438,41939.0,4.853
41439,41940.0,7.205
41440,41941.0,5.031
41441,41942.0,5.765
41442,41943.0,5.976
41443,41944.0,4.869
41444,41945.0,6.642
41445,41946.0,5.347
41446,41947.0,4.747
41447,41948.0,7.125
41448,41949.0,5.266
41449,41950.0,4.706
41450,41951.0,5.886
41451,41952.0,5.936
41452,41953.0,5.032
41453,41954.0,4.853
41454,41955.0,5.917
41455,41956.0,5.258
41456,41957.0,4.82
41457,41958.0,6.642
41458,41959.0,5.056
41459,41960.0,4.382
41460,41961.0,4.717
41461,41962.0,4.83
41462,41963.0,5.466
41463,41964.0,5.024
41464,41965.0,5.128
41465,41966.0,5.177
41466,41967.0,4.951
41467,41968.0,4.886
41468,41969.0,5.048
41469,41970.0,5.072
41470,41971.0,5.136
41471,41972.0,5.128
41472,41973.0,7.125
41473,41974.0,7.314
41474,41975.0,5.258
41475,41976.0,5.394
41476,41977.0,5.725
41477,41978.0,7.165
41478,41979.0,6.652
41479,41980.0,5.104
41480,41981.0,6.682
41481,41982.0,7.274
41482,41984.0,5.5
41483,41985.0,5.015
41484,41986.0,7.044
41485,41987.0,7.314
41486,41988.0,5.347
41487,41989.0,4.82
41488,41990.0,4.911
41489,41991.0,4.772
41490,41992.0,4.951
41491,41993.0,4.82
41492,41994.0,7.205
41493,41995.0,5.185
41494,41996.0,4.886
41495,41997.0,6.652
41496,41998.0,4.95
41497,41999.0,6.168
41498,42000.0,5.703
41499,42001.0,4.787
41500,42002.0,6.883
41501,42003.0,5.226
41502,42004.0,4.82
41503,42005.0,7.246
41504,42006.0,5.104
41505,42007.0,4.673
41506,42008.0,6.249
41507,42009.0,5.653
41508,42010.0,5.032
41509,42011.0,4.813
41510,42012.0,6.32
41511,42013.0,5.145
41512,42014.0,4.853
41513,42015.0,6.843
41514,42016.0,5.096
41515,42017.0,4.26
41516,42018.0,4.75
41517,42019.0,4.79
41518,42020.0,5.313
41519,42021.0,4.983
41520,42022.0,5.015
41521,42023.0,5.064
41522,42024.0,4.991
41523,42025.0,5.136
41524,42026.0,4.999
41525,42027.0,4.959
41526,42028.0,5.023
41527,42029.0,5.694
41528,42030.0,7.165
41529,42031.0,7.274
41530,42032.0,5.209
41531,42033.0,5.241
41532,42034.0,6.128
41533,42035.0,7.205
41534,42036.0,6.178
41535,42037.0,4.982
41536,42038.0,6.803
41537,42039.0,7.234
41538,42040.0,5.298
41539,42041.0,5.007
41540,42042.0,7.125
41541,42043.0,7.274
41542,42044.0,5.258
41543,42045.0,4.747
41544,42046.0,4.951
41545,42047.0,4.699
41546,42048.0,4.991
41547,42049.0,4.813
41548,42050.0,7.355
41549,42051.0,5.064
41550,42052.0,5.523
41551,42053.0,6.178
41552,42054.0,4.901
41553,42055.0,6.521
41554,42056.0,5.5
41555,42057.0,4.787
41556,42058.0,7.085
41557,42059.0,5.072
41558,42060.0,4.894
41559,42061.0,7.125
41560,42062.0,5.023
41561,42063.0,4.666
41562,42064.0,6.601
41563,42065.0,5.451
41564,42066.0,5.032
41565,42068.0,4.82
41566,42069.0,6.642
41567,42070.0,5.056
41568,42071.0,4.846
41569,42072.0,6.763
41570,42073.0,4.982
41571,42074.0,4.26
41572,42075.0,4.75
41573,42076.0,4.79
41574,42077.0,5.313
41575,42078.0,4.983
41576,42079.0,4.934
41577,42080.0,4.982
41578,42081.0,4.991
41579,42082.0,5.532
41580,42083.0,4.999
41581,42084.0,4.926
41582,42085.0,4.982
41583,42086.0,6.048
41584,42087.0,7.205
41585,42088.0,7.125
41586,42089.0,5.16
41587,42090.0,5.128
41588,42091.0,6.4
41589,42092.0,7.234
41590,42093.0,5.824
41591,42094.0,4.942
41592,42095.0,6.924
41593,42096.0,7.234
41594,42097.0,5.226
41595,42098.0,5.613
41596,42099.0,7.125
41597,42100.0,6.843
41598,42101.0,5.064
41599,42102.0,4.747
41600,42103.0,4.911
41601,42104.0,4.853
41602,42105.0,5.193
41603,42106.0,4.886
41604,42107.0,6.843
41605,42108.0,4.99
41606,42109.0,6.007
41607,42110.0,5.824
41608,42111.0,4.787
41609,42112.0,6.803
41610,42113.0,5.266
41611,42114.0,4.82
41612,42115.0,7.205
41613,42116.0,5.185
41614,42117.0,4.886
41615,42118.0,6.572
41616,42119.0,4.909
41617,42120.0,4.706
41618,42121.0,6.843
41619,42122.0,5.33
41620,42123.0,4.983
41621,42124.0,4.886
41622,42125.0,6.872
41623,42126.0,5.128
41624,42127.0,4.878
41625,42128.0,6.32
41626,42129.0,4.942
41627,42130.0,4.26
41628,42131.0,4.757
41629,42132.0,4.83
41630,42133.0,5.313
41631,42134.0,5.024
41632,42135.0,5.015
41633,42136.0,5.056
41634,42137.0,4.951
41635,42138.0,5.281
41636,42139.0,5.112
41637,42140.0,4.999
41638,42141.0,5.015
41639,42142.0,5.694
41640,42143.0,7.165
41641,42144.0,7.274
41642,42145.0,5.209
41643,42146.0,5.241
41644,42147.0,6.128
41645,42148.0,7.194
41646,42149.0,6.138
41647,42150.0,4.982
41648,42152.0,6.843
41649,42153.0,7.234
41650,42154.0,5.307
41651,42155.0,5.056
41652,42156.0,7.125
41653,42157.0,7.274
41654,42158.0,5.185
41655,42159.0,4.747
41656,42160.0,4.911
41657,42161.0,4.699
41658,42162.0,4.951
41659,42163.0,4.853
41660,42164.0,7.314
41661,42165.0,5.064
41662,42166.0,5.564
41663,42167.0,6.138
41664,42168.0,4.869
41665,42169.0,6.561
41666,42170.0,5.469
41667,42171.0,4.787
41668,42172.0,7.085
41669,42173.0,5.072
41670,42174.0,4.853
41671,42175.0,7.085
41672,42176.0,5.031
41673,42177.0,4.673
41674,42178.0,6.642
41675,42179.0,5.411
41676,42180.0,5.024
41677,42181.0,4.813
41678,42182.0,6.671
41679,42183.0,5.023
41680,42184.0,4.886
41681,42185.0,6.642
41682,42186.0,5.015
41683,42187.0,4.219
41684,42188.0,4.79
41685,42189.0,4.782
41686,42190.0,5.224
41687,42191.0,5.064
41688,42192.0,4.934
41689,42193.0,5.056
41690,42194.0,4.983
41691,42195.0,5.339
41692,42196.0,4.991
41693,42197.0,4.886
41694,42198.0,4.942
41695,42199.0,6.33
41696,42200.0,7.274
41697,42201.0,6.612
41698,42202.0,5.16
41699,42203.0,5.048
41700,42204.0,6.601
41701,42205.0,7.234
41702,42206.0,5.613
41703,42207.0,4.942
41704,42208.0,7.085
41705,42209.0,7.274
41706,42210.0,5.5
41707,42211.0,5.886
41708,42212.0,7.205
41709,42213.0,6.451
41710,42214.0,5.023
41711,42215.0,4.901
41712,42216.0,4.903
41713,42217.0,4.853
41714,42218.0,5.08
41715,42219.0,5.12
41716,42220.0,6.451
41717,42221.0,4.909
41718,42222.0,6.33
41719,42223.0,5.622
41720,42224.0,4.787
41721,42225.0,6.964
41722,42226.0,5.145
41723,42227.0,4.82
41724,42228.0,7.326
41725,42229.0,5.064
41726,42230.0,5.443
41727,42231.0,6.219
41728,42232.0,4.869
41729,42233.0,4.666
41730,42234.0,7.004
41731,42236.0,5.209
41732,42237.0,4.983
41733,42238.0,4.878
41734,42239.0,6.872
41735,42240.0,5.015
41736,42241.0,4.878
41737,42242.0,6.007
41738,42243.0,4.861
41739,42244.0,4.422
41740,42245.0,4.79
41741,42246.0,4.823
41742,42247.0,5.193
41743,42248.0,5.032
41744,42249.0,4.894
41745,42250.0,5.056
41746,42251.0,4.943
41747,42252.0,5.258
41748,42253.0,4.951
41749,42254.0,4.886
41750,42255.0,4.901
41751,42256.0,6.491
41752,42257.0,7.246
41753,42258.0,6.34
41754,42259.0,5.08
41755,42260.0,5.015
41756,42261.0,6.722
41757,42262.0,7.234
41758,42263.0,5.46
41759,42264.0,4.975
41760,42265.0,7.044
41761,42266.0,7.274
41762,42267.0,5.347
41763,42268.0,6.128
41764,42269.0,7.205
41765,42270.0,6.178
41766,42271.0,4.95
41767,42272.0,4.934
41768,42273.0,4.943
41769,42274.0,4.926
41770,42275.0,5.007
41771,42276.0,5.564
41772,42277.0,6.138
41773,42278.0,4.909
41774,42279.0,6.521
41775,42280.0,5.46
41776,42281.0,4.747
41777,42282.0,7.125
41778,42283.0,5.072
41779,42284.0,4.894
41780,42285.0,7.125
41781,42286.0,5.023
41782,42287.0,5.806
41783,42288.0,5.936
41784,42289.0,4.828
41785,42290.0,4.673
41786,42291.0,7.125
41787,42292.0,5.169
41788,42293.0,5.024
41789,42294.0,4.846
41790,42295.0,6.481
41791,42296.0,4.982
41792,42297.0,4.919
41793,42298.0,5.774
41794,42299.0,4.82
41795,42300.0,4.456
41796,42301.0,4.79
41797,42302.0,4.79
41798,42303.0,5.144
41799,42304.0,4.959
41800,42305.0,4.853
41801,42306.0,5.007
41802,42307.0,5.032
41803,42308.0,5.136
41804,42309.0,4.991
41805,42310.0,4.813
41806,42311.0,4.853
41807,42312.0,6.682
41808,42313.0,7.274
41809,42314.0,5.896
41810,42315.0,5.072
41811,42316.0,4.894
41812,42318.0,6.883
41813,42319.0,7.234
41814,42320.0,5.226
41815,42321.0,5.249
41816,42322.0,7.125
41817,42323.0,7.154
41818,42324.0,5.185
41819,42325.0,6.451
41820,42326.0,7.234
41821,42327.0,5.743
41822,42328.0,4.901
41823,42329.0,4.926
41824,42330.0,4.878
41825,42331.0,4.919
41826,42332.0,4.894
41827,42333.0,6.168
41828,42334.0,5.743
41829,42335.0,4.828
41830,42336.0,6.883
41831,42337.0,5.226
41832,42338.0,4.82
41833,42339.0,7.246
41834,42340.0,5.145
41835,42341.0,5.169
41836,42342.0,6.38
41837,42343.0,4.909
41838,42344.0,6.4
41839,42345.0,5.581
41840,42346.0,4.828
41841,42347.0,4.82
41842,42348.0,7.274
41843,42349.0,5.128
41844,42350.0,5.04
41845,42351.0,4.878
41846,42352.0,5.998
41847,42353.0,4.901
41848,42354.0,5.193
41849,42355.0,5.451
41850,42356.0,4.658
41851,42357.0,4.53
41852,42358.0,4.83
41853,42359.0,4.79
41854,42360.0,5.144
41855,42361.0,4.926
41856,42362.0,4.942
41857,42363.0,4.999
41858,42364.0,4.999
41859,42365.0,5.056
41860,42366.0,4.951
41861,42367.0,4.975
41862,42368.0,4.82
41863,42369.0,6.803
41864,42370.0,7.274
41865,42371.0,5.703
41866,42372.0,5.032
41867,42373.0,4.901
41868,42374.0,6.924
41869,42375.0,7.234
41870,42376.0,5.226
41871,42377.0,5.572
41872,42378.0,7.125
41873,42379.0,6.883
41874,42380.0,5.104
41875,42381.0,6.601
41876,42382.0,7.234
41877,42383.0,5.613
41878,42384.0,4.869
41879,42385.0,4.919
41880,42386.0,4.846
41881,42387.0,4.919
41882,42388.0,4.886
41883,42389.0,6.36
41884,42390.0,5.581
41885,42391.0,4.787
41886,42392.0,6.964
41887,42393.0,5.145
41888,42394.0,4.813
41889,42395.0,7.314
41890,42396.0,5.072
41891,42397.0,5.523
41892,42399.0,6.138
41893,42400.0,4.869
41894,42401.0,6.561
41895,42402.0,5.428
41896,42403.0,4.747
41897,42404.0,4.853
41898,42405.0,7.205
41899,42406.0,5.112
41900,42407.0,4.959
41901,42408.0,4.911
41902,42409.0,5.774
41903,42410.0,4.901
41904,42411.0,5.555
41905,42412.0,5.339
41906,42413.0,4.585
41907,42414.0,4.684
41908,42415.0,4.79
41909,42416.0,4.83
41910,42417.0,5.024
41911,42418.0,4.846
41912,42419.0,5.379
41913,42420.0,4.999
41914,42421.0,4.886
41915,42422.0,5.096
41916,42423.0,4.943
41917,42424.0,5.379
41918,42425.0,4.78
41919,42426.0,7.044
41920,42427.0,7.274
41921,42428.0,5.298
41922,42429.0,5.032
41923,42430.0,4.967
41924,42431.0,7.085
41925,42432.0,7.314
41926,42433.0,5.266
41927,42434.0,6.33
41928,42435.0,7.205
41929,42436.0,5.967
41930,42437.0,4.942
41931,42438.0,6.924
41932,42439.0,7.274
41933,42440.0,5.258
41934,42441.0,4.787
41935,42442.0,4.911
41936,42443.0,4.772
41937,42444.0,4.951
41938,42445.0,4.78
41939,42446.0,6.924
41940,42447.0,5.185
41941,42448.0,4.82
41942,42449.0,7.286
41943,42450.0,5.104
41944,42451.0,5.33
41945,42452.0,6.299
41946,42453.0,4.869
41947,42454.0,6.4
41948,42455.0,5.509
41949,42456.0,4.747
41950,42457.0,7.004
41951,42458.0,5.104
41952,42459.0,4.706
41953,42460.0,5.443
41954,42461.0,6.168
41955,42462.0,5.032
41956,42463.0,4.886
41957,42464.0,5.555
41958,42465.0,5.379
41959,42466.0,4.82
41960,42467.0,6.4
41961,42468.0,5.096
41962,42469.0,4.422
41963,42470.0,4.717
41964,42471.0,4.79
41965,42472.0,5.394
41966,42473.0,4.983
41967,42474.0,5.096
41968,42475.0,5.136
41969,42476.0,4.951
41970,42477.0,4.813
41971,42479.0,5.007
41972,42480.0,5.032
41973,42481.0,5.136
41974,42482.0,5.136
41975,42483.0,7.125
41976,42484.0,7.274
41977,42485.0,5.258
41978,42486.0,5.385
41979,42487.0,5.685
41980,42488.0,7.165
41981,42489.0,6.652
41982,42490.0,5.064
41983,42491.0,6.682
41984,42492.0,7.274
41985,42493.0,5.5
41986,42494.0,4.975
41987,42495.0,7.044
41988,42496.0,7.314
41989,42497.0,5.388
41990,42498.0,4.82
41991,42499.0,4.911
41992,42500.0,4.739
41993,42501.0,4.951
41994,42502.0,4.82
41995,42503.0,7.194
41996,42504.0,5.226
41997,42505.0,4.886
41998,42506.0,6.693
41999,42507.0,4.95
42000,42508.0,6.209
42001,42509.0,5.743
42002,42510.0,4.828
42003,42511.0,6.843
42004,42512.0,5.226
42005,42513.0,4.82
42006,42514.0,7.274
42007,42515.0,5.145
42008,42516.0,4.706
42009,42517.0,6.209
42010,42518.0,5.694
42011,42519.0,5.032
42012,42520.0,4.846
42013,42521.0,6.279
42014,42522.0,5.136
42015,42523.0,4.82
42016,42524.0,6.843
42017,42525.0,5.136
42018,42526.0,4.301
42019,42527.0,4.757
42020,42528.0,4.79
42021,42529.0,5.394
42022,42530.0,4.983
42023,42531.0,5.015
42024,42532.0,5.023
42025,42533.0,4.951
42026,42534.0,5.217
42027,42535.0,4.999
42028,42536.0,4.959
42029,42537.0,5.015
42030,42538.0,5.734
42031,42539.0,7.165
42032,42540.0,7.274
42033,42541.0,5.169
42034,42542.0,5.241
42035,42543.0,6.168
42036,42544.0,7.194
42037,42545.0,6.138
42038,42546.0,4.942
42039,42547.0,6.843
42040,42548.0,7.274
42041,42549.0,5.266
42042,42550.0,5.056
42043,42551.0,7.125
42044,42552.0,7.274
42045,42553.0,5.226
42046,42554.0,4.747
42047,42555.0,4.911
42048,42556.0,4.699
42049,42557.0,4.991
42050,42558.0,4.813
42051,42559.0,7.314
42052,42560.0,5.072
42053,42561.0,5.523
42054,42562.0,6.178
42055,42563.0,4.901
42056,42565.0,6.521
42057,42566.0,5.46
42058,42567.0,4.747
42059,42568.0,7.085
42060,42569.0,5.064
42061,42570.0,4.853
42062,42571.0,7.165
42063,42572.0,5.023
42064,42573.0,4.666
42065,42574.0,6.601
42066,42575.0,5.46
42067,42576.0,5.032
42068,42577.0,4.82
42069,42578.0,6.642
42070,42579.0,5.064
42071,42580.0,4.886
42072,42581.0,6.763
42073,42582.0,5.056
42074,42583.0,4.26
42075,42584.0,4.79
42076,42585.0,4.79
42077,42586.0,5.273
42078,42587.0,4.983
42079,42588.0,4.934
42080,42589.0,4.975
42081,42590.0,4.951
42082,42591.0,5.451
42083,42592.0,4.991
42084,42593.0,4.926
42085,42594.0,4.942
42086,42595.0,6.168
42087,42596.0,7.205
42088,42597.0,6.924
42089,42598.0,5.12
42090,42599.0,5.088
42091,42600.0,6.481
42092,42601.0,7.234
42093,42602.0,5.743
42094,42603.0,4.901
42095,42604.0,6.964
42096,42605.0,7.274
42097,42606.0,5.347
42098,42607.0,5.694
42099,42608.0,7.165
42100,42609.0,6.722
42101,42610.0,5.064
42102,42611.0,4.82
42103,42612.0,4.911
42104,42613.0,4.853
42105,42614.0,5.152
42106,42615.0,4.886
42107,42616.0,6.773
42108,42617.0,4.95
42109,42618.0,6.088
42110,42619.0,5.784
42111,42620.0,4.828
42112,42621.0,6.843
42113,42622.0,5.226
42114,42623.0,4.82
42115,42624.0,7.246
42116,42625.0,5.185
42117,42626.0,5.088
42118,42627.0,6.451
42119,42628.0,4.909
42120,42629.0,4.706
42121,42630.0,6.924
42122,42631.0,5.249
42123,42632.0,4.991
42124,42633.0,4.846
42125,42634.0,6.872
42126,42635.0,5.096
42127,42636.0,4.886
42128,42637.0,6.168
42129,42638.0,4.934
42130,42639.0,4.26
42131,42640.0,4.57
42132,42641.0,4.83
42133,42642.0,4.83
42134,42643.0,5.112
42135,42644.0,4.919
42136,42645.0,5.056
42137,42646.0,4.999
42138,42647.0,5.072
42139,42649.0,5.096
42140,42650.0,4.991
42141,42651.0,4.853
42142,42652.0,4.894
42143,42653.0,6.722
42144,42654.0,7.274
42145,42655.0,5.896
42146,42656.0,5.112
42147,42657.0,4.934
42148,42658.0,6.803
42149,42659.0,7.234
42150,42660.0,5.307
42151,42661.0,4.975
42152,42662.0,7.044
42153,42663.0,7.274
42154,42664.0,5.307
42155,42665.0,6.168
42156,42666.0,7.194
42157,42667.0,6.178
42158,42668.0,4.982
42159,42669.0,4.894
42160,42670.0,4.903
42161,42671.0,4.886
42162,42672.0,5.04
42163,42673.0,5.16
42164,42674.0,6.451
42165,42675.0,4.909
42166,42676.0,6.249
42167,42677.0,5.703
42168,42678.0,4.787
42169,42679.0,6.843
42170,42680.0,5.226
42171,42681.0,4.82
42172,42682.0,7.205
42173,42683.0,5.185
42174,42684.0,4.886
42175,42685.0,6.733
42176,42686.0,4.95
42177,42687.0,4.666
42178,42688.0,6.682
42179,42689.0,5.402
42180,42690.0,5.032
42181,42691.0,4.813
42182,42692.0,6.671
42183,42693.0,5.015
42184,42694.0,4.846
42185,42695.0,6.642
42186,42696.0,4.982
42187,42697.0,4.301
42188,42698.0,4.757
42189,42699.0,4.83
42190,42700.0,5.273
42191,42701.0,4.983
42192,42702.0,4.942
42193,42703.0,4.982
42194,42704.0,4.951
42195,42705.0,5.492
42196,42706.0,4.999
42197,42707.0,4.926
42198,42708.0,4.942
42199,42709.0,6.168
42200,42710.0,7.205
42201,42711.0,6.883
42202,42712.0,5.12
42203,42713.0,5.12
42204,42714.0,6.521
42205,42715.0,7.234
42206,42716.0,5.703
42207,42717.0,4.942
42208,42718.0,6.964
42209,42719.0,7.314
42210,42720.0,5.428
42211,42721.0,5.734
42212,42722.0,7.165
42213,42723.0,6.722
42214,42724.0,5.064
42215,42725.0,4.901
42216,42726.0,4.911
42217,42727.0,4.853
42218,42728.0,5.152
42219,42729.0,4.846
42220,42730.0,6.733
42221,42731.0,4.99
42222,42733.0,6.128
42223,42734.0,5.743
42224,42735.0,4.828
42225,42736.0,6.843
42226,42737.0,5.226
42227,42738.0,4.82
42228,42739.0,7.246
42229,42740.0,5.145
42230,42741.0,5.128
42231,42742.0,6.451
42232,42743.0,4.909
42233,42744.0,4.706
42234,42745.0,6.924
42235,42746.0,5.249
42236,42747.0,5.024
42237,42748.0,4.853
42238,42749.0,6.883
42239,42750.0,5.023
42240,42751.0,4.878
42241,42752.0,6.128
42242,42753.0,4.934
42243,42754.0,4.463
42244,42755.0,4.79
42245,42756.0,4.79
42246,42757.0,5.152
42247,42758.0,4.991
42248,42759.0,4.901
42249,42760.0,5.056
42250,42761.0,4.951
42251,42762.0,5.217
42252,42763.0,4.991
42253,42764.0,4.853
42254,42765.0,4.901
42255,42766.0,6.531
42256,42767.0,7.274
42257,42768.0,6.259
42258,42769.0,5.12
42259,42770.0,4.975
42260,42771.0,6.722
42261,42772.0,7.234
42262,42773.0,5.42
42263,42774.0,4.934
42264,42775.0,7.085
42265,42776.0,7.274
42266,42777.0,5.339
42267,42778.0,6.168
42268,42779.0,7.205
42269,42780.0,6.097
42270,42781.0,4.982
42271,42782.0,4.894
42272,42783.0,4.951
42273,42784.0,4.886
42274,42785.0,5.04
42275,42786.0,5.604
42276,42787.0,6.138
42277,42788.0,4.828
42278,42789.0,6.601
42279,42790.0,5.428
42280,42791.0,4.78
42281,42792.0,7.085
42282,42793.0,5.145
42283,42794.0,4.813
42284,42795.0,7.085
42285,42796.0,4.99
42286,42797.0,5.846
42287,42798.0,5.905
42288,42799.0,4.787
42289,42800.0,4.666
42290,42801.0,7.125
42291,42802.0,5.177
42292,42803.0,5.072
42293,42804.0,4.878
42294,42805.0,6.44
42295,42806.0,4.942
42296,42807.0,4.878
42297,42808.0,5.774
42298,42809.0,4.861
42299,42810.0,4.53
42300,42811.0,4.79
42301,42812.0,4.79
42302,42813.0,5.072
42303,42814.0,4.926
42304,42815.0,4.894
42305,42817.0,4.999
42306,42818.0,4.999
42307,42819.0,5.056
42308,42820.0,4.951
42309,42821.0,4.934
42310,42822.0,4.82
42311,42823.0,6.803
42312,42824.0,7.274
42313,42825.0,5.703
42314,42826.0,5.032
42315,42827.0,4.894
42316,42828.0,6.924
42317,42829.0,7.274
42318,42830.0,5.185
42319,42831.0,5.532
42320,42832.0,7.125
42321,42833.0,6.964
42322,42834.0,5.104
42323,42835.0,6.561
42324,42836.0,7.194
42325,42837.0,5.622
42326,42838.0,4.861
42327,42839.0,4.919
42328,42840.0,4.846
42329,42841.0,4.919
42330,42842.0,4.853
42331,42843.0,6.32
42332,42844.0,5.622
42333,42845.0,4.787
42334,42846.0,6.964
42335,42847.0,5.185
42336,42848.0,4.813
42337,42849.0,7.314
42338,42850.0,5.072
42339,42851.0,5.451
42340,42852.0,6.219
42341,42853.0,4.909
42342,42854.0,6.601
42343,42855.0,5.572
42344,42856.0,4.747
42345,42857.0,4.853
42346,42858.0,7.246
42347,42859.0,5.233
42348,42860.0,4.991
42349,42861.0,4.951
42350,42862.0,5.855
42351,42863.0,4.934
42352,42864.0,5.474
42353,42865.0,5.492
42354,42866.0,4.658
42355,42867.0,4.717
42356,42868.0,4.79
42357,42869.0,5.265
42358,42870.0,5.265
42359,42871.0,5.064
42360,42872.0,5.298
42361,42873.0,4.991
42362,42874.0,4.853
42363,42875.0,5.056
42364,42876.0,4.943
42365,42877.0,5.217
42366,42878.0,5.064
42367,42879.0,7.085
42368,42880.0,7.314
42369,42881.0,5.226
42370,42882.0,5.032
42371,42883.0,5.33
42372,42884.0,7.165
42373,42885.0,7.113
42374,42886.0,5.145
42375,42887.0,6.481
42376,42888.0,7.234
42377,42889.0,5.662
42378,42890.0,4.901
42379,42891.0,6.964
42380,42892.0,7.274
42381,42893.0,5.5
42382,42894.0,4.787
42383,42895.0,4.911
42384,42896.0,4.739
42385,42897.0,4.951
42386,42898.0,4.78
42387,42899.0,7.044
42388,42901.0,5.104
42389,42902.0,4.853
42390,42903.0,7.246
42391,42904.0,5.031
42392,42905.0,5.725
42393,42906.0,6.017
42394,42907.0,4.869
42395,42908.0,6.601
42396,42909.0,5.388
42397,42910.0,4.747
42398,42911.0,7.125
42399,42912.0,5.266
42400,42913.0,4.706
42401,42914.0,5.886
42402,42915.0,5.957
42403,42916.0,5.032
42404,42917.0,4.846
42405,42918.0,5.917
42406,42919.0,5.258
42407,42920.0,4.82
42408,42921.0,6.642
42409,42922.0,5.023
42410,42923.0,4.382
42411,42924.0,4.991
42412,42925.0,4.87
42413,42926.0,5.273
42414,42927.0,5.024
42415,42928.0,5.015
42416,42929.0,5.096
42417,42930.0,4.951
42418,42931.0,5.088
42419,42932.0,4.999
42420,42933.0,4.991
42421,42934.0,5.056
42422,42935.0,5.653
42423,42936.0,7.165
42424,42937.0,7.314
42425,42938.0,5.209
42426,42939.0,5.281
42427,42940.0,6.088
42428,42941.0,7.165
42429,42942.0,6.219
42430,42943.0,4.982
42431,42944.0,6.803
42432,42945.0,7.274
42433,42946.0,5.307
42434,42947.0,4.934
42435,42948.0,7.085
42436,42949.0,7.274
42437,42950.0,5.226
42438,42951.0,4.747
42439,42952.0,4.911
42440,42953.0,4.699
42441,42954.0,5.032
42442,42955.0,4.853
42443,42956.0,7.314
42444,42957.0,5.064
42445,42958.0,5.483
42446,42959.0,6.219
42447,42960.0,4.869
42448,42961.0,6.481
42449,42962.0,5.46
42450,42963.0,4.747
42451,42964.0,7.044
42452,42965.0,5.104
42453,42966.0,4.853
42454,42967.0,7.205
42455,42968.0,5.023
42456,42969.0,4.673
42457,42970.0,6.561
42458,42971.0,5.492
42459,42972.0,5.032
42460,42973.0,4.813
42461,42974.0,6.601
42462,42975.0,5.056
42463,42976.0,4.846
42464,42977.0,6.752
42465,42978.0,5.015
42466,42979.0,4.219
42467,42980.0,4.79
42468,42981.0,4.79
42469,42983.0,5.273
42470,42984.0,4.983
42471,42985.0,4.975
42472,42986.0,4.975
42473,42987.0,4.991
42474,42988.0,5.411
42475,42989.0,4.991
42476,42990.0,4.886
42477,42991.0,4.975
42478,42992.0,6.209
42479,42993.0,7.234
42480,42994.0,6.843
42481,42995.0,5.16
42482,42996.0,5.088
42483,42997.0,6.521
42484,42998.0,7.194
42485,42999.0,5.734
42486,43000.0,4.901
42487,43001.0,7.004
42488,43002.0,7.234
42489,43003.0,5.5
42490,43004.0,5.694
42491,43005.0,7.205
42492,43006.0,6.682
42493,43007.0,5.096
42494,43008.0,4.901
42495,43009.0,4.951
42496,43010.0,4.853
42497,43011.0,5.112
42498,43012.0,4.846
42499,43013.0,6.652
42500,43014.0,4.95
42501,43015.0,6.168
42502,43016.0,5.703
42503,43017.0,4.787
42504,43018.0,6.883
42505,43019.0,5.185
42506,43020.0,4.82
42507,43021.0,7.246
42508,43022.0,5.104
42509,43023.0,5.209
42510,43024.0,6.38
42511,43025.0,4.909
42512,43026.0,4.666
42513,43027.0,6.964
42514,43028.0,5.217
42515,43029.0,5.112
42516,43030.0,4.886
42517,43031.0,6.913
42518,43032.0,5.056
42519,43033.0,4.919
42520,43034.0,6.168
42521,43035.0,4.901
42522,43036.0,4.422
42523,43037.0,4.75
42524,43038.0,4.79
42525,43039.0,5.152
42526,43040.0,5.032
42527,43041.0,4.861
42528,43042.0,5.056
42529,43043.0,4.943
42530,43044.0,5.258
42531,43045.0,4.991
42532,43046.0,4.853
42533,43047.0,4.861
42534,43048.0,6.491
42535,43049.0,7.234
42536,43050.0,6.259
42537,43051.0,5.08
42538,43052.0,4.975
42539,43053.0,6.682
42540,43054.0,7.234
42541,43055.0,5.42
42542,43056.0,4.975
42543,43057.0,7.044
42544,43058.0,7.274
42545,43059.0,5.307
42546,43060.0,6.168
42547,43061.0,7.165
42548,43062.0,6.138
42549,43063.0,4.942
42550,43065.0,4.926
42551,43066.0,4.943
42552,43067.0,4.919
42553,43068.0,5.007
42554,43069.0,5.644
42555,43070.0,6.097
42556,43071.0,4.901
42557,43072.0,6.561
42558,43073.0,5.42
42559,43074.0,4.747
42560,43075.0,7.125
42561,43076.0,5.104
42562,43077.0,4.926
42563,43078.0,7.004
42564,43079.0,5.023
42565,43080.0,5.927
42566,43081.0,5.936
42567,43082.0,4.828
42568,43083.0,4.739
42569,43084.0,7.154
42570,43085.0,5.177
42571,43086.0,5.064
42572,43087.0,4.886
42573,43088.0,6.4
42574,43089.0,4.982
42575,43090.0,4.919
42576,43091.0,5.765
42577,43092.0,4.926
42578,43093.0,4.496
42579,43094.0,4.79
42580,43095.0,4.79
42581,43096.0,5.144
42582,43097.0,4.999
42583,43098.0,4.861
42584,43099.0,5.007
42585,43100.0,5.184
42586,43101.0,5.217
42587,43102.0,4.991
42588,43103.0,4.853
42589,43104.0,4.934
42590,43105.0,6.601
42591,43106.0,7.274
42592,43107.0,6.138
42593,43108.0,5.072
42594,43109.0,4.975
42595,43110.0,6.803
42596,43111.0,7.234
42597,43112.0,5.379
42598,43113.0,4.975
42599,43114.0,7.085
42600,43115.0,7.274
42601,43116.0,5.298
42602,43117.0,6.249
42603,43118.0,7.194
42604,43119.0,5.976
42605,43120.0,4.942
42606,43121.0,4.894
42607,43122.0,4.951
42608,43123.0,4.886
42609,43124.0,4.999
42610,43125.0,5.765
42611,43126.0,6.017
42612,43127.0,4.828
42613,43128.0,6.682
42614,43129.0,5.347
42615,43130.0,4.787
42616,43131.0,7.125
42617,43132.0,5.298
42618,43133.0,4.846
42619,43134.0,6.924
42620,43135.0,4.982
42621,43136.0,6.048
42622,43137.0,5.824
42623,43138.0,4.828
42624,43139.0,4.747
42625,43140.0,7.205
42626,43141.0,5.136
42627,43142.0,5.112
42628,43143.0,4.878
42629,43144.0,6.32
42630,43145.0,4.942
42631,43146.0,4.919
42632,43148.0,5.653
42633,43149.0,4.78
42634,43150.0,4.57
42635,43151.0,4.75
42636,43152.0,4.79
42637,43153.0,5.064
42638,43154.0,4.886
42639,43155.0,5.023
42640,43156.0,4.999
42641,43157.0,4.959
42642,43158.0,5.064
42643,43159.0,4.951
42644,43160.0,5.056
42645,43161.0,4.82
42646,43162.0,6.803
42647,43163.0,7.234
42648,43164.0,5.662
42649,43165.0,5.032
42650,43166.0,4.861
42651,43167.0,6.924
42652,43168.0,7.274
42653,43169.0,5.307
42654,43170.0,5.653
42655,43171.0,7.165
42656,43172.0,6.763
42657,43173.0,5.064
42658,43174.0,6.601
42659,43175.0,7.246
42660,43176.0,5.541
42661,43177.0,4.869
42662,43178.0,4.878
42663,43179.0,4.846
42664,43180.0,4.919
42665,43181.0,4.853
42666,43182.0,6.4
42667,43183.0,5.541
42668,43184.0,4.787
42669,43185.0,7.004
42670,43186.0,5.104
42671,43187.0,4.813
42672,43188.0,7.274
42673,43189.0,5.031
42674,43190.0,5.604
42675,43191.0,6.097
42676,43192.0,4.869
42677,43193.0,6.561
42678,43194.0,5.42
42679,43195.0,4.747
42680,43196.0,4.853
42681,43197.0,7.154
42682,43198.0,5.12
42683,43199.0,4.959
42684,43200.0,4.919
42685,43201.0,5.774
42686,43202.0,4.901
42687,43203.0,5.555
42688,43204.0,5.379
42689,43205.0,4.585
42690,43206.0,4.644
42691,43207.0,4.79
42692,43208.0,4.83
42693,43209.0,5.024
42694,43210.0,4.886
42695,43211.0,5.5
42696,43212.0,4.999
42697,43213.0,4.886
42698,43214.0,4.975
42699,43215.0,4.951
42700,43216.0,5.492
42701,43217.0,4.78
42702,43218.0,7.004
42703,43219.0,7.274
42704,43220.0,5.379
42705,43221.0,5.032
42706,43222.0,4.934
42707,43223.0,7.085
42708,43224.0,7.274
42709,43225.0,5.347
42710,43226.0,6.168
42711,43227.0,7.246
42712,43228.0,6.097
42713,43230.0,4.982
42714,43231.0,6.843
42715,43232.0,7.234
42716,43233.0,5.266
42717,43234.0,4.828
42718,43235.0,4.919
42719,43236.0,4.772
42720,43237.0,4.911
42721,43238.0,4.78
42722,43239.0,6.803
42723,43240.0,5.266
42724,43241.0,4.787
42725,43242.0,7.205
42726,43243.0,5.145
42727,43244.0,4.967
42728,43245.0,6.531
42729,43246.0,4.95
42730,43247.0,6.209
42731,43248.0,5.622
42732,43249.0,4.787
42733,43250.0,6.883
42734,43251.0,5.185
42735,43252.0,4.706
42736,43253.0,5.088
42737,43254.0,6.41
42738,43255.0,5.04
42739,43256.0,4.886
42740,43257.0,5.152
42741,43258.0,5.46
42742,43259.0,4.828
42743,43260.0,6.199
42744,43261.0,5.145
42745,43262.0,4.463
42746,43263.0,4.677
42747,43264.0,4.79
42748,43265.0,5.152
42749,43266.0,5.024
42750,43267.0,4.853
42751,43268.0,5.266
42752,43269.0,4.951
42753,43270.0,4.886
42754,43271.0,5.015
42755,43272.0,4.983
42756,43273.0,5.217
42757,43274.0,5.096
42758,43275.0,7.085
42759,43276.0,7.314
42760,43277.0,5.226
42761,43278.0,5.032
42762,43279.0,5.29
42763,43280.0,7.165
42764,43281.0,7.113
42765,43282.0,5.177
42766,43283.0,6.491
42767,43284.0,7.234
42768,43285.0,5.703
42769,43286.0,4.901
42770,43287.0,6.964
42771,43288.0,7.234
42772,43289.0,5.46
42773,43290.0,4.787
42774,43291.0,4.911
42775,43292.0,4.739
42776,43293.0,4.951
42777,43294.0,4.739
42778,43295.0,7.085
42779,43296.0,5.104
42780,43297.0,4.853
42781,43298.0,7.246
42782,43299.0,5.031
42783,43300.0,5.725
42784,43301.0,6.017
42785,43302.0,4.828
42786,43303.0,6.642
42787,43304.0,5.379
42788,43305.0,4.787
42789,43306.0,7.125
42790,43307.0,5.266
42791,43308.0,4.706
42792,43309.0,5.806
42793,43310.0,5.967
42794,43311.0,5.032
42795,43312.0,4.853
42796,43313.0,5.837
42797,43315.0,5.258
42798,43316.0,4.82
42799,43317.0,6.601
42800,43318.0,5.064
42801,43319.0,4.341
42802,43320.0,4.717
42803,43321.0,4.79
42804,43322.0,5.434
42805,43323.0,4.983
42806,43324.0,5.128
42807,43325.0,5.145
42808,43326.0,4.991
42809,43327.0,4.813
42810,43328.0,5.048
42811,43329.0,5.032
42812,43330.0,5.145
42813,43331.0,5.136
42814,43332.0,7.125
42815,43333.0,7.274
42816,43334.0,5.29
42817,43335.0,5.385
42818,43336.0,5.725
42819,43337.0,7.165
42820,43338.0,6.652
42821,43339.0,5.064
42822,43340.0,6.682
42823,43341.0,7.234
42824,43342.0,5.5
42825,43343.0,4.942
42826,43344.0,7.044
42827,43345.0,7.274
42828,43346.0,5.428
42829,43347.0,4.787
42830,43348.0,4.951
42831,43349.0,4.739
42832,43350.0,4.991
42833,43351.0,4.78
42834,43352.0,7.246
42835,43353.0,5.185
42836,43354.0,4.886
42837,43355.0,6.693
42838,43356.0,4.95
42839,43357.0,6.128
42840,43358.0,5.703
42841,43359.0,4.787
42842,43360.0,6.843
42843,43361.0,5.185
42844,43362.0,4.78
42845,43363.0,7.246
42846,43364.0,5.112
42847,43365.0,4.706
42848,43366.0,6.249
42849,43367.0,5.694
42850,43368.0,5.032
42851,43369.0,4.813
42852,43370.0,6.279
42853,43371.0,5.136
42854,43372.0,4.813
42855,43373.0,6.843
42856,43374.0,5.096
42857,43375.0,4.301
42858,43376.0,4.717
42859,43377.0,4.79
42860,43378.0,5.354
42861,43379.0,4.983
42862,43380.0,4.975
42863,43381.0,5.015
42864,43382.0,4.951
42865,43383.0,5.411
42866,43384.0,4.999
42867,43385.0,4.959
42868,43386.0,5.015
42869,43387.0,5.855
42870,43388.0,7.205
42871,43389.0,7.314
42872,43390.0,5.169
42873,43391.0,5.241
42874,43392.0,6.249
42875,43393.0,7.234
42876,43394.0,6.017
42877,43395.0,4.982
42878,43396.0,6.883
42879,43398.0,7.274
42880,43399.0,5.226
42881,43400.0,5.249
42882,43401.0,7.125
42883,43402.0,7.194
42884,43403.0,5.145
42885,43404.0,4.78
42886,43405.0,4.911
42887,43406.0,4.78
42888,43407.0,4.951
42889,43408.0,4.846
42890,43409.0,7.274
42891,43410.0,5.104
42892,43411.0,5.725
42893,43412.0,6.017
42894,43413.0,4.828
42895,43414.0,6.682
42896,43415.0,5.347
42897,43416.0,4.787
42898,43417.0,7.125
42899,43418.0,5.307
42900,43419.0,4.846
42901,43420.0,6.924
42902,43421.0,4.99
42903,43422.0,4.706
42904,43423.0,6.722
42905,43424.0,5.402
42906,43425.0,5.032
42907,43426.0,4.853
42908,43427.0,6.712
42909,43428.0,5.023
42910,43429.0,4.846
42911,43430.0,6.521
42912,43431.0,4.982
42913,43432.0,4.219
42914,43433.0,4.75
42915,43434.0,4.79
42916,43435.0,5.273
42917,43436.0,4.943
42918,43437.0,4.934
42919,43438.0,4.942
42920,43439.0,4.951
42921,43440.0,5.46
42922,43441.0,4.951
42923,43442.0,4.886
42924,43443.0,4.942
42925,43444.0,6.128
42926,43445.0,7.205
42927,43446.0,6.964
42928,43447.0,5.12
42929,43448.0,5.088
42930,43449.0,6.44
42931,43450.0,7.194
42932,43451.0,5.774
42933,43452.0,4.909
42934,43453.0,6.924
42935,43454.0,7.234
42936,43455.0,5.339
42937,43456.0,5.653
42938,43457.0,7.165
42939,43458.0,6.763
42940,43459.0,5.104
42941,43460.0,4.82
42942,43461.0,4.951
42943,43462.0,4.861
42944,43463.0,5.152
42945,43464.0,4.846
42946,43465.0,6.803
42947,43466.0,4.99
42948,43467.0,6.088
42949,43468.0,5.784
42950,43469.0,4.828
42951,43470.0,6.843
42952,43471.0,5.266
42953,43472.0,4.787
42954,43473.0,7.246
42955,43474.0,5.145
42956,43475.0,5.007
42957,43476.0,6.531
42958,43477.0,4.95
42959,43478.0,4.666
42960,43479.0,6.883
42961,43480.0,5.258
42962,43482.0,5.032
42963,43483.0,4.853
42964,43484.0,6.872
42965,43485.0,5.096
42966,43486.0,4.926
42967,43487.0,6.249
42968,43488.0,4.934
42969,43489.0,4.219
42970,43490.0,4.79
42971,43491.0,4.79
42972,43492.0,5.273
42973,43493.0,4.983
42974,43494.0,4.975
42975,43495.0,4.942
42976,43496.0,4.991
42977,43497.0,5.42
42978,43498.0,4.999
42979,43499.0,4.886
42980,43500.0,4.942
42981,43501.0,6.209
42982,43502.0,7.205
42983,43503.0,6.843
42984,43504.0,5.12
42985,43505.0,5.088
42986,43506.0,6.481
42987,43507.0,7.234
42988,43508.0,5.703
42989,43509.0,4.901
42990,43510.0,6.964
42991,43511.0,7.274
42992,43512.0,5.469
42993,43513.0,5.734
42994,43514.0,7.165
42995,43515.0,6.652
42996,43516.0,5.064
42997,43517.0,4.901
42998,43518.0,4.911
42999,43519.0,4.853
43000,43520.0,5.112
43001,43521.0,4.886
43002,43522.0,6.652
43003,43523.0,4.95
43004,43524.0,6.168
43005,43525.0,5.703
43006,43526.0,4.787
43007,43527.0,6.883
43008,43528.0,5.185
43009,43529.0,4.82
43010,43530.0,7.246
43011,43531.0,5.104
43012,43532.0,5.209
43013,43533.0,6.38
43014,43534.0,4.909
43015,43535.0,4.706
43016,43536.0,6.924
43017,43537.0,5.249
43018,43538.0,4.991
43019,43539.0,4.886
43020,43540.0,6.872
43021,43541.0,5.056
43022,43542.0,4.878
43023,43543.0,6.168
43024,43544.0,4.934
43025,43545.0,4.301
43026,43546.0,4.75
43027,43547.0,4.83
43028,43548.0,5.193
43029,43549.0,5.072
43030,43550.0,4.901
43031,43551.0,5.096
43032,43552.0,4.951
43033,43553.0,5.339
43034,43554.0,4.991
43035,43555.0,4.886
43036,43556.0,4.901
43037,43557.0,6.451
43038,43558.0,7.246
43039,43559.0,6.451
43040,43560.0,5.08
43041,43561.0,5.048
43042,43562.0,6.642
43043,43563.0,7.274
43044,43564.0,5.5
43045,43565.0,4.982
43046,43567.0,7.044
43047,43568.0,7.274
43048,43569.0,5.379
43049,43570.0,6.048
43050,43571.0,7.194
43051,43572.0,6.249
43052,43573.0,4.982
43053,43574.0,4.894
43054,43575.0,4.911
43055,43576.0,4.853
43056,43577.0,5.04
43057,43578.0,5.362
43058,43579.0,6.259
43059,43580.0,4.869
43060,43581.0,6.481
43061,43582.0,5.469
43062,43583.0,4.747
43063,43584.0,7.044
43064,43585.0,5.104
43065,43586.0,4.853
43066,43587.0,7.286
43067,43588.0,5.031
43068,43589.0,5.685
43069,43590.0,6.057
43070,43591.0,4.869
43071,43592.0,4.673
43072,43593.0,7.085
43073,43594.0,5.136
43074,43595.0,4.983
43075,43596.0,4.846
43076,43597.0,6.642
43077,43598.0,4.982
43078,43599.0,4.878
43079,43600.0,5.855
43080,43601.0,4.894
43081,43602.0,4.219
43082,43603.0,4.75
43083,43604.0,4.782
43084,43605.0,5.273
43085,43606.0,5.064
43086,43607.0,4.942
43087,43608.0,5.064
43088,43609.0,4.951
43089,43610.0,5.379
43090,43611.0,4.991
43091,43612.0,4.886
43092,43613.0,4.942
43093,43614.0,6.289
43094,43615.0,7.234
43095,43616.0,6.693
43096,43617.0,5.12
43097,43618.0,5.048
43098,43619.0,6.561
43099,43620.0,7.234
43100,43621.0,5.622
43101,43622.0,4.909
43102,43623.0,7.004
43103,43624.0,7.274
43104,43625.0,5.5
43105,43626.0,5.886
43106,43627.0,7.194
43107,43628.0,6.451
43108,43629.0,5.064
43109,43630.0,4.901
43110,43631.0,4.943
43111,43632.0,4.853
43112,43633.0,5.12
43113,43634.0,5.088
43114,43635.0,6.491
43115,43636.0,4.909
43116,43637.0,6.33
43117,43638.0,5.622
43118,43639.0,4.82
43119,43640.0,6.964
43120,43641.0,5.185
43121,43642.0,4.82
43122,43643.0,7.314
43123,43644.0,5.072
43124,43645.0,5.483
43125,43646.0,6.219
43126,43647.0,4.869
43127,43649.0,4.666
43128,43650.0,7.044
43129,43651.0,5.169
43130,43652.0,4.983
43131,43653.0,4.846
43132,43654.0,6.792
43133,43655.0,5.023
43134,43656.0,4.878
43135,43657.0,5.967
43136,43658.0,4.861
43137,43659.0,4.463
43138,43660.0,4.79
43139,43661.0,4.823
43140,43662.0,5.144
43141,43663.0,4.999
43142,43664.0,4.861
43143,43665.0,5.048
43144,43666.0,5.024
43145,43667.0,5.217
43146,43668.0,4.951
43147,43669.0,4.853
43148,43670.0,4.861
43149,43671.0,6.601
43150,43672.0,7.234
43151,43673.0,6.097
43152,43674.0,5.072
43153,43675.0,4.934
43154,43676.0,6.803
43155,43677.0,7.274
43156,43678.0,5.307
43157,43679.0,4.975
43158,43680.0,7.085
43159,43681.0,7.274
43160,43682.0,5.226
43161,43683.0,6.33
43162,43684.0,7.205
43163,43685.0,5.936
43164,43686.0,4.95
43165,43687.0,4.926
43166,43688.0,4.911
43167,43689.0,4.919
43168,43690.0,4.926
43169,43691.0,5.886
43170,43692.0,5.905
43171,43693.0,4.828
43172,43694.0,6.722
43173,43695.0,5.307
43174,43696.0,4.787
43175,43697.0,7.205
43176,43698.0,5.185
43177,43699.0,4.886
43178,43700.0,6.693
43179,43701.0,4.942
43180,43702.0,6.128
43181,43703.0,5.743
43182,43704.0,4.787
43183,43705.0,4.82
43184,43706.0,7.205
43185,43707.0,5.169
43186,43708.0,5.032
43187,43709.0,4.919
43188,43710.0,6.168
43189,43711.0,4.975
43190,43712.0,4.911
43191,43713.0,5.613
43192,43714.0,4.739
43193,43715.0,4.53
43194,43716.0,4.79
43195,43717.0,4.79
43196,43718.0,5.064
43197,43719.0,4.886
43198,43720.0,5.136
43199,43721.0,4.999
43200,43722.0,4.959
43201,43723.0,5.056
43202,43724.0,4.991
43203,43725.0,5.258
43204,43726.0,4.82
43205,43727.0,6.843
43206,43728.0,7.274
43207,43730.0,5.581
43208,43731.0,5.072
43209,43732.0,4.861
43210,43733.0,6.964
43211,43734.0,7.274
43212,43735.0,5.541
43213,43736.0,5.774
43214,43737.0,7.165
43215,43738.0,6.612
43216,43739.0,5.064
43217,43740.0,6.642
43218,43741.0,7.234
43219,43742.0,5.5
43220,43743.0,4.861
43221,43744.0,4.919
43222,43745.0,4.846
43223,43746.0,4.919
43224,43747.0,4.853
43225,43748.0,6.521
43226,43749.0,5.5
43227,43750.0,4.747
43228,43751.0,7.085
43229,43752.0,5.064
43230,43753.0,4.853
43231,43754.0,7.246
43232,43755.0,5.023
43233,43756.0,5.765
43234,43757.0,6.017
43235,43758.0,4.828
43236,43759.0,6.682
43237,43760.0,5.347
43238,43761.0,4.787
43239,43762.0,4.813
43240,43763.0,7.004
43241,43764.0,5.08
43242,43765.0,4.959
43243,43766.0,4.911
43244,43767.0,5.734
43245,43768.0,4.861
43246,43769.0,5.716
43247,43770.0,5.33
43248,43771.0,4.577
43249,43772.0,4.644
43250,43773.0,4.79
43251,43774.0,4.79
43252,43775.0,5.064
43253,43776.0,4.853
43254,43777.0,5.46
43255,43778.0,4.959
43256,43779.0,4.926
43257,43780.0,4.982
43258,43781.0,4.991
43259,43782.0,5.42
43260,43783.0,4.82
43261,43784.0,7.004
43262,43785.0,7.314
43263,43786.0,5.307
43264,43787.0,5.032
43265,43788.0,4.894
43266,43789.0,7.044
43267,43790.0,7.274
43268,43791.0,5.307
43269,43792.0,6.209
43270,43793.0,7.205
43271,43794.0,6.057
43272,43795.0,4.942
43273,43796.0,6.843
43274,43797.0,7.234
43275,43798.0,5.266
43276,43799.0,4.828
43277,43800.0,4.919
43278,43801.0,4.772
43279,43802.0,4.951
43280,43803.0,4.78
43281,43804.0,6.883
43282,43805.0,5.226
43283,43806.0,4.82
43284,43807.0,7.246
43285,43808.0,5.145
43286,43809.0,5.088
43287,43810.0,6.451
43288,43811.0,4.909
43289,43813.0,6.32
43290,43814.0,5.622
43291,43815.0,4.787
43292,43816.0,6.924
43293,43817.0,5.145
43294,43818.0,4.706
43295,43819.0,5.209
43296,43820.0,6.37
43297,43821.0,5.072
43298,43822.0,4.886
43299,43823.0,5.313
43300,43824.0,5.42
43301,43825.0,4.861
43302,43826.0,6.239
43303,43827.0,5.136
43304,43828.0,4.422
43305,43829.0,4.717
43306,43830.0,4.79
43307,43831.0,5.305
43308,43832.0,4.983
43309,43833.0,4.975
43310,43834.0,5.258
43311,43835.0,4.991
43312,43836.0,4.853
43313,43837.0,5.048
43314,43838.0,4.943
43315,43839.0,5.258
43316,43840.0,5.064
43317,43841.0,7.085
43318,43842.0,7.274
43319,43843.0,5.298
43320,43844.0,5.024
43321,43845.0,5.371
43322,43846.0,7.125
43323,43847.0,7.113
43324,43848.0,5.145
43325,43849.0,6.531
43326,43850.0,7.234
43327,43851.0,5.734
43328,43852.0,4.869
43329,43853.0,7.004
43330,43854.0,7.274
43331,43855.0,5.581
43332,43856.0,4.787
43333,43857.0,4.911
43334,43858.0,4.739
43335,43859.0,4.951
43336,43860.0,4.739
43337,43861.0,7.044
43338,43862.0,5.072
43339,43863.0,4.813
43340,43864.0,7.205
43341,43865.0,5.031
43342,43866.0,5.765
43343,43867.0,5.986
43344,43868.0,4.828
43345,43869.0,6.642
43346,43870.0,5.347
43347,43871.0,4.747
43348,43872.0,7.125
43349,43873.0,5.226
43350,43874.0,4.706
43351,43875.0,5.886
43352,43876.0,5.896
43353,43877.0,5.032
43354,43878.0,4.853
43355,43879.0,5.917
43356,43880.0,5.258
43357,43881.0,4.78
43358,43882.0,6.642
43359,43883.0,5.023
43360,43884.0,4.341
43361,43885.0,4.717
43362,43886.0,4.79
43363,43887.0,5.394
43364,43888.0,4.983
43365,43889.0,5.096
43366,43890.0,5.136
43367,43891.0,4.951
43368,43892.0,4.813
43369,43893.0,5.007
43370,43894.0,5.032
43371,43895.0,5.136
43372,43896.0,5.177
43373,43898.0,7.085
43374,43899.0,7.274
43375,43900.0,5.258
43376,43901.0,5.425
43377,43902.0,5.725
43378,43903.0,7.165
43379,43904.0,6.612
43380,43905.0,5.104
43381,43906.0,6.642
43382,43907.0,7.234
43383,43908.0,5.46
43384,43909.0,4.975
43385,43910.0,7.044
43386,43911.0,7.274
43387,43912.0,5.347
43388,43913.0,4.78
43389,43914.0,4.911
43390,43915.0,4.78
43391,43916.0,4.951
43392,43917.0,4.82
43393,43918.0,7.194
43394,43919.0,5.226
43395,43920.0,4.846
43396,43921.0,6.722
43397,43922.0,4.95
43398,43923.0,6.168
43399,43924.0,5.743
43400,43925.0,4.828
43401,43926.0,6.843
43402,43927.0,5.226
43403,43928.0,4.82
43404,43929.0,7.246
43405,43930.0,5.112
43406,43931.0,4.673
43407,43932.0,6.209
43408,43933.0,5.685
43409,43934.0,5.032
43410,43935.0,4.813
43411,43936.0,6.239
43412,43937.0,5.145
43413,43938.0,4.82
43414,43939.0,6.803
43415,43940.0,5.096
43416,43941.0,4.26
43417,43942.0,4.717
43418,43943.0,4.782
43419,43944.0,5.354
43420,43945.0,4.983
43421,43946.0,5.056
43422,43947.0,5.064
43423,43948.0,4.951
43424,43949.0,4.813
43425,43950.0,5.04
43426,43951.0,4.991
43427,43952.0,5.096
43428,43953.0,5.451
43429,43954.0,7.165
43430,43955.0,7.314
43431,43956.0,5.209
43432,43957.0,5.313
43433,43958.0,5.967
43434,43959.0,7.165
43435,43960.0,6.37
43436,43961.0,5.023
43437,43962.0,6.722
43438,43963.0,7.234
43439,43964.0,5.42
43440,43965.0,4.975
43441,43966.0,7.085
43442,43967.0,7.274
43443,43968.0,5.307
43444,43969.0,4.787
43445,43970.0,4.951
43446,43971.0,4.739
43447,43972.0,4.991
43448,43973.0,4.82
43449,43974.0,7.274
43450,43975.0,5.145
43451,43976.0,5.209
43452,43977.0,6.38
43453,43978.0,4.942
43454,43979.0,6.36
43455,43980.0,5.622
43456,43982.0,4.787
43457,43983.0,7.004
43458,43984.0,5.104
43459,43985.0,4.853
43460,43986.0,7.274
43461,43987.0,5.104
43462,43988.0,4.673
43463,43989.0,6.481
43464,43990.0,5.532
43465,43991.0,5.072
43466,43992.0,4.813
43467,43993.0,6.521
43468,43994.0,5.104
43469,43995.0,4.853
43470,43996.0,6.913
43471,43997.0,5.064
43472,43998.0,4.26
43473,43999.0,4.75
43474,44000.0,4.782
43475,44001.0,5.313
43476,44002.0,4.983
43477,44003.0,4.975
43478,44004.0,4.982
43479,44005.0,4.951
43480,44006.0,5.572
43481,44007.0,4.999
43482,44008.0,4.926
43483,44009.0,4.982
43484,44010.0,6.007
43485,44011.0,7.205
43486,44012.0,7.165
43487,44013.0,5.128
43488,44014.0,5.169
43489,44015.0,6.33
43490,44016.0,7.194
43491,44017.0,5.855
43492,44018.0,4.95
43493,44019.0,6.883
43494,44020.0,7.274
43495,44021.0,5.145
43496,44022.0,5.411
43497,44023.0,7.125
43498,44024.0,7.044
43499,44025.0,5.145
43500,44026.0,4.747
43501,44027.0,4.903
43502,44028.0,4.82
43503,44029.0,5.024
43504,44030.0,4.846
43505,44031.0,7.085
43506,44032.0,5.031
43507,44033.0,5.846
43508,44034.0,5.945
43509,44035.0,4.828
43510,44036.0,6.722
43511,44037.0,5.307
43512,44038.0,4.828
43513,44039.0,7.165
43514,44040.0,5.266
43515,44041.0,4.846
43516,44042.0,6.773
43517,44043.0,4.95
43518,44044.0,4.666
43519,44045.0,6.763
43520,44046.0,5.362
43521,44047.0,5.024
43522,44048.0,4.846
43523,44049.0,6.752
43524,44050.0,5.096
43525,44051.0,4.846
43526,44052.0,6.481
43527,44053.0,4.942
43528,44054.0,4.26
43529,44055.0,4.75
43530,44056.0,4.823
43531,44057.0,5.233
43532,44058.0,5.144
43533,44059.0,4.901
43534,44060.0,5.096
43535,44061.0,4.943
43536,44062.0,5.411
43537,44063.0,4.991
43538,44064.0,4.886
43539,44065.0,4.942
43540,44066.0,6.289
43541,44068.0,7.234
43542,44069.0,6.612
43543,44070.0,5.12
43544,44071.0,5.048
43545,44072.0,6.601
43546,44073.0,7.234
43547,44074.0,5.622
43548,44075.0,4.982
43549,44076.0,7.004
43550,44077.0,7.274
43551,44078.0,5.469
43552,44079.0,5.927
43553,44080.0,7.205
43554,44081.0,6.41
43555,44082.0,5.023
43556,44083.0,4.901
43557,44084.0,4.951
43558,44085.0,4.894
43559,44086.0,5.08
43560,44087.0,5.169
43561,44088.0,6.41
43562,44089.0,4.909
43563,44090.0,6.36
43564,44091.0,5.541
43565,44092.0,4.787
43566,44093.0,6.964
43567,44094.0,5.145
43568,44095.0,4.813
43569,44096.0,7.274
43570,44097.0,5.072
43571,44098.0,5.483
43572,44099.0,6.178
43573,44100.0,4.869
43574,44101.0,4.673
43575,44102.0,7.044
43576,44103.0,5.177
43577,44104.0,4.983
43578,44105.0,4.846
43579,44106.0,6.832
43580,44107.0,4.982
43581,44108.0,4.878
43582,44109.0,5.967
43583,44110.0,4.901
43584,44111.0,4.382
43585,44112.0,4.79
43586,44113.0,4.79
43587,44114.0,5.184
43588,44115.0,5.032
43589,44116.0,4.894
43590,44117.0,5.056
43591,44118.0,4.951
43592,44119.0,5.258
43593,44120.0,5.032
43594,44121.0,4.853
43595,44122.0,4.894
43596,44123.0,6.451
43597,44124.0,7.234
43598,44125.0,6.34
43599,44126.0,5.12
43600,44127.0,4.975
43601,44128.0,6.722
43602,44129.0,7.234
43603,44130.0,5.5
43604,44131.0,4.975
43605,44132.0,7.085
43606,44133.0,7.274
43607,44134.0,5.379
43608,44135.0,6.088
43609,44136.0,7.194
43610,44137.0,6.178
43611,44138.0,4.95
43612,44139.0,4.894
43613,44140.0,4.903
43614,44141.0,4.886
43615,44142.0,5.007
43616,44143.0,5.483
43617,44144.0,6.178
43618,44145.0,4.869
43619,44146.0,6.521
43620,44147.0,5.469
43621,44148.0,4.747
43622,44149.0,7.085
43623,44150.0,5.064
43624,44152.0,4.853
43625,44153.0,7.125
43626,44154.0,5.031
43627,44155.0,5.765
43628,44156.0,5.945
43629,44157.0,4.828
43630,44158.0,4.666
43631,44159.0,7.125
43632,44160.0,5.169
43633,44161.0,5.024
43634,44162.0,4.878
43635,44163.0,6.521
43636,44164.0,4.975
43637,44165.0,4.878
43638,44166.0,5.815
43639,44167.0,4.82
43640,44168.0,4.341
43641,44169.0,4.75
43642,44170.0,4.79
43643,44171.0,5.193
43644,44172.0,5.032
43645,44173.0,4.853
43646,44174.0,5.056
43647,44175.0,4.951
43648,44176.0,5.298
43649,44177.0,4.951
43650,44178.0,4.886
43651,44179.0,4.894
43652,44180.0,6.491
43653,44181.0,7.234
43654,44182.0,6.37
43655,44183.0,5.08
43656,44184.0,5.007
43657,44185.0,6.722
43658,44186.0,7.274
43659,44187.0,5.42
43660,44188.0,4.975
43661,44189.0,7.044
43662,44190.0,7.274
43663,44191.0,5.347
43664,44192.0,6.168
43665,44193.0,7.205
43666,44194.0,6.209
43667,44195.0,4.982
43668,44196.0,4.934
43669,44197.0,4.911
43670,44198.0,4.926
43671,44199.0,5.007
43672,44200.0,5.564
43673,44201.0,6.138
43674,44202.0,4.901
43675,44203.0,6.521
43676,44204.0,5.5
43677,44205.0,4.747
43678,44206.0,7.085
43679,44207.0,5.072
43680,44208.0,4.853
43681,44209.0,7.165
43682,44210.0,5.031
43683,44211.0,5.765
43684,44212.0,5.976
43685,44213.0,4.828
43686,44214.0,4.673
43687,44215.0,7.125
43688,44216.0,5.177
43689,44217.0,4.991
43690,44218.0,4.886
43691,44219.0,6.521
43692,44220.0,4.982
43693,44221.0,4.878
43694,44222.0,5.774
43695,44223.0,4.861
43696,44224.0,4.179
43697,44225.0,4.75
43698,44226.0,4.79
43699,44227.0,5.354
43700,44228.0,4.983
43701,44229.0,4.975
43702,44230.0,5.023
43703,44231.0,4.991
43704,44232.0,5.411
43705,44233.0,4.999
43706,44234.0,4.919
43707,44235.0,5.023
43708,44237.0,5.855
43709,44238.0,7.205
43710,44239.0,7.274
43711,44240.0,5.16
43712,44241.0,5.201
43713,44242.0,6.249
43714,44243.0,7.194
43715,44244.0,6.017
43716,44245.0,4.942
43717,44246.0,6.883
43718,44247.0,7.234
43719,44248.0,5.226
43720,44249.0,5.249
43721,44250.0,7.125
43722,44251.0,7.194
43723,44252.0,5.185
43724,44253.0,4.747
43725,44254.0,4.951
43726,44255.0,4.699
43727,44256.0,4.991
43728,44257.0,4.853
43729,44258.0,7.314
43730,44259.0,5.031
43731,44260.0,5.725
43732,44261.0,6.057
43733,44262.0,4.869
43734,44263.0,6.601
43735,44264.0,5.42
43736,44265.0,4.747
43737,44266.0,7.165
43738,44267.0,5.185
43739,44268.0,4.894
43740,44269.0,6.964
43741,44270.0,5.023
43742,44271.0,4.673
43743,44272.0,6.682
43744,44273.0,5.42
43745,44274.0,4.991
43746,44275.0,4.82
43747,44276.0,6.712
43748,44277.0,4.982
43749,44278.0,4.846
43750,44279.0,6.521
43751,44280.0,4.942
43752,44281.0,4.219
43753,44282.0,4.717
43754,44283.0,4.782
43755,44284.0,5.425
43756,44285.0,4.983
43757,44286.0,5.096
43758,44287.0,5.136
43759,44288.0,4.951
43760,44289.0,4.813
43761,44290.0,5.007
43762,44291.0,5.072
43763,44292.0,5.136
43764,44293.0,5.217
43765,44294.0,7.125
43766,44295.0,7.314
43767,44296.0,5.258
43768,44297.0,5.394
43769,44298.0,5.765
43770,44299.0,7.165
43771,44300.0,6.572
43772,44301.0,5.064
43773,44302.0,6.682
43774,44303.0,7.274
43775,44304.0,5.46
43776,44305.0,4.975
43777,44306.0,7.044
43778,44307.0,7.274
43779,44308.0,5.347
43780,44309.0,4.78
43781,44310.0,4.951
43782,44311.0,4.739
43783,44312.0,4.951
43784,44313.0,4.82
43785,44314.0,7.205
43786,44315.0,5.226
43787,44316.0,4.886
43788,44317.0,6.693
43789,44318.0,4.95
43790,44319.0,6.209
43791,44321.0,5.743
43792,44322.0,4.828
43793,44323.0,6.843
43794,44324.0,5.266
43795,44325.0,4.82
43796,44326.0,7.274
43797,44327.0,5.112
43798,44328.0,4.706
43799,44329.0,6.249
43800,44330.0,5.725
43801,44331.0,5.032
43802,44332.0,4.846
43803,44333.0,6.279
43804,44334.0,5.169
43805,44335.0,4.82
43806,44336.0,6.883
43807,44337.0,5.096
43808,44338.0,4.341
43809,44339.0,4.75
43810,44340.0,4.79
43811,44341.0,5.354
43812,44342.0,4.983
43813,44343.0,5.015
43814,44344.0,5.023
43815,44345.0,4.951
43816,44346.0,5.249
43817,44347.0,4.999
43818,44348.0,4.959
43819,44349.0,5.015
43820,44350.0,5.774
43821,44351.0,7.165
43822,44352.0,7.274
43823,44353.0,5.169
43824,44354.0,5.201
43825,44355.0,6.168
43826,44356.0,7.194
43827,44357.0,6.097
43828,44358.0,4.942
43829,44359.0,6.843
43830,44360.0,7.234
43831,44361.0,5.266
43832,44362.0,5.096
43833,44363.0,7.125
43834,44364.0,7.274
43835,44365.0,5.226
43836,44366.0,4.747
43837,44367.0,4.911
43838,44368.0,4.706
43839,44369.0,4.991
43840,44370.0,4.813
43841,44371.0,7.314
43842,44372.0,5.072
43843,44373.0,5.523
43844,44374.0,6.178
43845,44375.0,4.869
43846,44376.0,6.521
43847,44377.0,5.46
43848,44378.0,4.747
43849,44379.0,7.085
43850,44380.0,5.072
43851,44381.0,4.853
43852,44382.0,7.165
43853,44383.0,5.023
43854,44384.0,4.706
43855,44385.0,6.601
43856,44386.0,5.46
43857,44387.0,5.032
43858,44388.0,4.82
43859,44389.0,6.642
43860,44390.0,5.023
43861,44391.0,4.886
43862,44392.0,6.722
43863,44393.0,5.015
43864,44394.0,4.26
43865,44395.0,4.79
43866,44396.0,4.782
43867,44397.0,5.313
43868,44398.0,4.983
43869,44399.0,4.975
43870,44400.0,4.942
43871,44401.0,4.991
43872,44402.0,5.451
43873,44403.0,4.999
43874,44404.0,4.886
43875,44406.0,4.942
43876,44407.0,6.168
43877,44408.0,7.205
43878,44409.0,6.924
43879,44410.0,5.12
43880,44411.0,5.088
43881,44412.0,6.44
43882,44413.0,7.234
43883,44414.0,5.743
43884,44415.0,4.901
43885,44416.0,6.924
43886,44417.0,7.274
43887,44418.0,5.347
43888,44419.0,5.653
43889,44420.0,7.165
43890,44421.0,6.763
43891,44422.0,5.064
43892,44423.0,4.787
43893,44424.0,4.911
43894,44425.0,4.853
43895,44426.0,5.152
43896,44427.0,4.886
43897,44428.0,6.773
43898,44429.0,4.95
43899,44430.0,6.048
43900,44431.0,5.784
43901,44432.0,4.787
43902,44433.0,6.843
43903,44434.0,5.266
43904,44435.0,4.82
43905,44436.0,7.246
43906,44437.0,5.185
43907,44438.0,5.007
43908,44439.0,6.531
43909,44440.0,4.909
43910,44441.0,4.666
43911,44442.0,6.843
43912,44443.0,5.29
43913,44444.0,4.991
43914,44445.0,4.846
43915,44446.0,6.872
43916,44447.0,5.096
43917,44448.0,4.886
43918,44449.0,6.289
43919,44450.0,4.942
43920,44451.0,4.26
43921,44452.0,4.75
43922,44453.0,4.823
43923,44454.0,5.273
43924,44455.0,5.024
43925,44456.0,4.942
43926,44457.0,4.982
43927,44458.0,4.943
43928,44459.0,5.492
43929,44460.0,4.991
43930,44461.0,4.919
43931,44462.0,4.942
43932,44463.0,6.209
43933,44464.0,7.205
43934,44465.0,6.843
43935,44466.0,5.12
43936,44467.0,5.088
43937,44468.0,6.481
43938,44469.0,7.234
43939,44470.0,5.703
43940,44471.0,4.901
43941,44472.0,6.964
43942,44473.0,7.274
43943,44474.0,5.541
43944,44475.0,5.774
43945,44476.0,7.165
43946,44477.0,6.572
43947,44478.0,5.023
43948,44479.0,4.861
43949,44480.0,4.951
43950,44481.0,4.853
43951,44482.0,5.112
43952,44483.0,4.926
43953,44484.0,6.612
43954,44485.0,4.95
43955,44486.0,6.199
43956,44487.0,5.662
43957,44488.0,4.787
43958,44489.0,6.883
43959,44491.0,5.217
43960,44492.0,4.82
43961,44493.0,7.286
43962,44494.0,5.104
43963,44495.0,5.201
43964,44496.0,6.38
43965,44497.0,4.909
43966,44498.0,4.673
43967,44499.0,6.964
43968,44500.0,5.258
43969,44501.0,5.032
43970,44502.0,4.846
43971,44503.0,6.913
43972,44504.0,5.056
43973,44505.0,4.919
43974,44506.0,6.128
43975,44507.0,4.901
43976,44508.0,4.456
43977,44509.0,4.83
43978,44510.0,4.782
43979,44511.0,5.184
43980,44512.0,4.991
43981,44513.0,4.894
43982,44514.0,5.056
43983,44515.0,4.983
43984,44516.0,5.217
43985,44517.0,5.032
43986,44518.0,4.846
43987,44519.0,4.934
43988,44520.0,6.531
43989,44521.0,7.274
43990,44522.0,6.259
43991,44523.0,5.12
43992,44524.0,4.975
43993,44525.0,6.722
43994,44526.0,7.234
43995,44527.0,5.42
43996,44528.0,4.975
43997,44529.0,7.085
43998,44530.0,7.274
43999,44531.0,5.307
44000,44532.0,6.209
44001,44533.0,7.194
44002,44534.0,6.057
44003,44535.0,4.942
44004,44536.0,4.894
44005,44537.0,4.951
44006,44538.0,4.886
44007,44539.0,4.999
44008,44540.0,5.644
44009,44541.0,6.097
44010,44542.0,4.869
44011,44543.0,6.561
44012,44544.0,5.428
44013,44545.0,4.747
44014,44546.0,7.125
44015,44547.0,5.112
44016,44548.0,4.853
44017,44549.0,7.085
44018,44550.0,5.023
44019,44551.0,5.846
44020,44552.0,5.945
44021,44553.0,4.828
44022,44554.0,4.666
44023,44555.0,7.125
44024,44556.0,5.209
44025,44557.0,5.024
44026,44558.0,4.919
44027,44559.0,6.47
44028,44560.0,4.975
44029,44561.0,4.878
44030,44562.0,5.774
44031,44563.0,4.861
44032,44564.0,4.503
44033,44565.0,4.79
44034,44566.0,4.823
44035,44567.0,5.144
44036,44568.0,4.999
44037,44569.0,4.861
44038,44570.0,5.048
44039,44571.0,5.064
44040,44572.0,5.177
44041,44573.0,4.951
44042,44574.0,4.846
44043,44576.0,4.861
44044,44577.0,6.682
44045,44578.0,7.274
44046,44579.0,6.088
44047,44580.0,5.072
44048,44581.0,4.967
44049,44582.0,6.803
44050,44583.0,7.274
44051,44584.0,5.307
44052,44585.0,4.934
44053,44586.0,7.085
44054,44587.0,7.274
44055,44588.0,5.226
44056,44589.0,6.37
44057,44590.0,7.234
44058,44591.0,5.896
44059,44592.0,4.95
44060,44593.0,4.886
44061,44594.0,4.911
44062,44595.0,4.886
44063,44596.0,4.926
44064,44597.0,5.927
44065,44598.0,5.905
44066,44599.0,4.828
44067,44600.0,6.763
44068,44601.0,5.307
44069,44602.0,4.787
44070,44603.0,7.205
44071,44604.0,5.185
44072,44605.0,4.846
44073,44606.0,6.652
44074,44607.0,4.95
44075,44608.0,6.168
44076,44609.0,5.703
44077,44610.0,4.787
44078,44611.0,4.78
44079,44612.0,7.246
44080,44613.0,5.128
44081,44614.0,5.032
44082,44615.0,4.878
44083,44616.0,6.209
44084,44617.0,4.942
44085,44618.0,4.919
44086,44619.0,5.622
44087,44620.0,4.78
44088,44621.0,4.496
44089,44622.0,4.79
44090,44623.0,4.79
44091,44624.0,5.104
44092,44625.0,4.919
44093,44626.0,4.861
44094,44627.0,5.007
44095,44628.0,5.032
44096,44629.0,5.096
44097,44630.0,4.991
44098,44631.0,4.813
44099,44632.0,4.861
44100,44633.0,6.682
44101,44634.0,7.274
44102,44635.0,5.855
44103,44636.0,5.072
44104,44637.0,4.894
44105,44638.0,6.883
44106,44639.0,7.234
44107,44640.0,5.258
44108,44641.0,5.29
44109,44642.0,7.165
44110,44643.0,7.113
44111,44644.0,5.177
44112,44645.0,6.491
44113,44646.0,7.274
44114,44647.0,5.703
44115,44648.0,4.901
44116,44649.0,4.926
44117,44650.0,4.878
44118,44651.0,4.919
44119,44652.0,4.894
44120,44653.0,6.159
44121,44654.0,5.703
44122,44655.0,4.828
44123,44656.0,6.883
44124,44657.0,5.185
44125,44658.0,4.82
44126,44660.0,7.286
44127,44661.0,5.104
44128,44662.0,5.249
44129,44663.0,6.34
44130,44664.0,4.909
44131,44665.0,6.37
44132,44666.0,5.581
44133,44667.0,4.747
44134,44668.0,4.82
44135,44669.0,7.246
44136,44670.0,5.12
44137,44671.0,5.032
44138,44672.0,4.919
44139,44673.0,5.967
44140,44674.0,4.901
44141,44675.0,5.112
44142,44676.0,5.492
44143,44677.0,4.658
44144,44678.0,4.301
44145,44679.0,4.75
44146,44680.0,4.823
44147,44681.0,5.193
44148,44682.0,5.032
44149,44683.0,4.901
44150,44684.0,5.056
44151,44685.0,4.943
44152,44686.0,5.258
44153,44687.0,4.991
44154,44688.0,4.846
44155,44689.0,4.901
44156,44690.0,6.491
44157,44691.0,7.234
44158,44692.0,6.299
44159,44693.0,5.08
44160,44694.0,5.007
44161,44695.0,6.722
44162,44696.0,7.234
44163,44697.0,5.428
44164,44698.0,4.975
44165,44699.0,7.044
44166,44700.0,7.274
44167,44701.0,5.307
44168,44702.0,6.168
44169,44703.0,7.205
44170,44704.0,6.128
44171,44705.0,4.942
44172,44706.0,4.934
44173,44707.0,4.943
44174,44708.0,4.926
44175,44709.0,5.007
44176,44710.0,5.644
44177,44711.0,6.138
44178,44712.0,4.901
44179,44713.0,6.561
44180,44714.0,5.46
44181,44715.0,4.747
44182,44716.0,7.085
44183,44717.0,5.112
44184,44718.0,4.853
44185,44719.0,7.044
44186,44720.0,5.023
44187,44721.0,5.927
44188,44722.0,5.864
44189,44723.0,4.828
44190,44724.0,4.673
44191,44725.0,7.165
44192,44726.0,5.177
44193,44727.0,5.104
44194,44728.0,4.886
44195,44729.0,6.41
44196,44730.0,4.942
44197,44731.0,4.911
44198,44732.0,5.694
44199,44733.0,4.82
44200,44734.0,4.463
44201,44735.0,4.79
44202,44736.0,4.798
44203,44737.0,5.152
44204,44738.0,4.999
44205,44739.0,4.861
44206,44741.0,5.007
44207,44742.0,4.983
44208,44743.0,5.177
44209,44744.0,4.991
44210,44745.0,4.853
44211,44746.0,4.901
44212,44747.0,6.572
44213,44748.0,7.234
44214,44749.0,6.138
44215,44750.0,5.072
44216,44751.0,4.975
44217,44752.0,6.763
44218,44753.0,7.234
44219,44754.0,5.379
44220,44755.0,4.934
44221,44756.0,7.085
44222,44757.0,7.274
44223,44758.0,5.298
44224,44759.0,6.249
44225,44760.0,7.246
44226,44761.0,5.976
44227,44762.0,4.942
44228,44763.0,4.894
44229,44764.0,4.951
44230,44765.0,4.886
44231,44766.0,4.967
44232,44767.0,5.765
44233,44768.0,6.017
44234,44769.0,4.828
44235,44770.0,6.682
44236,44771.0,5.347
44237,44772.0,4.787
44238,44773.0,7.125
44239,44774.0,5.307
44240,44775.0,4.846
44241,44776.0,6.924
44242,44777.0,4.99
44243,44778.0,5.967
44244,44779.0,5.824
44245,44780.0,4.828
44246,44781.0,4.747
44247,44782.0,7.165
44248,44783.0,5.177
44249,44784.0,5.072
44250,44785.0,4.878
44251,44786.0,6.36
44252,44787.0,4.942
44253,44788.0,4.878
44254,44789.0,5.694
44255,44790.0,4.82
44256,44791.0,4.422
44257,44792.0,4.75
44258,44793.0,4.79
44259,44794.0,5.152
44260,44795.0,4.959
44261,44796.0,4.861
44262,44797.0,5.048
44263,44798.0,5.072
44264,44799.0,5.177
44265,44800.0,4.991
44266,44801.0,4.853
44267,44802.0,4.861
44268,44803.0,6.642
44269,44804.0,7.274
44270,44805.0,6.017
44271,44806.0,5.072
44272,44807.0,5.007
44273,44808.0,6.803
44274,44809.0,7.274
44275,44810.0,5.307
44276,44811.0,4.967
44277,44812.0,7.085
44278,44813.0,7.274
44279,44814.0,5.226
44280,44815.0,6.33
44281,44816.0,7.205
44282,44817.0,5.896
44283,44818.0,4.901
44284,44819.0,4.926
44285,44820.0,4.911
44286,44821.0,4.926
44287,44822.0,4.926
44288,44823.0,5.927
44289,44824.0,5.905
44290,44826.0,4.869
44291,44827.0,6.722
44292,44828.0,5.347
44293,44829.0,4.787
44294,44830.0,7.246
44295,44831.0,5.226
44296,44832.0,4.886
44297,44833.0,6.792
44298,44834.0,4.982
44299,44835.0,6.159
44300,44836.0,5.815
44301,44837.0,4.787
44302,44838.0,4.787
44303,44839.0,7.205
44304,44840.0,5.169
44305,44841.0,5.072
44306,44842.0,4.878
44307,44843.0,6.249
44308,44844.0,4.942
44309,44845.0,4.911
44310,44846.0,5.613
44311,44847.0,4.78
44312,44848.0,4.53
44313,44849.0,4.79
44314,44850.0,4.79
44315,44851.0,5.104
44316,44852.0,4.926
44317,44853.0,4.975
44318,44854.0,4.999
44319,44855.0,4.999
44320,44856.0,5.064
44321,44857.0,4.991
44322,44858.0,4.975
44323,44859.0,4.861
44324,44860.0,6.763
44325,44861.0,7.234
44326,44862.0,5.662
44327,44863.0,5.072
44328,44864.0,4.894
44329,44865.0,6.924
44330,44866.0,7.274
44331,44867.0,5.266
44332,44868.0,5.572
44333,44869.0,7.165
44334,44870.0,6.883
44335,44871.0,5.104
44336,44872.0,6.561
44337,44873.0,7.234
44338,44874.0,5.581
44339,44875.0,4.901
44340,44876.0,4.878
44341,44877.0,4.846
44342,44878.0,4.919
44343,44879.0,4.894
44344,44880.0,6.36
44345,44881.0,5.581
44346,44882.0,4.787
44347,44883.0,7.004
44348,44884.0,5.145
44349,44885.0,4.853
44350,44886.0,7.274
44351,44887.0,5.064
44352,44888.0,5.523
44353,44889.0,6.219
44354,44890.0,4.869
44355,44891.0,6.561
44356,44892.0,5.428
44357,44893.0,4.787
44358,44894.0,4.813
44359,44895.0,7.286
44360,44896.0,5.088
44361,44897.0,4.999
44362,44898.0,4.919
44363,44899.0,5.846
44364,44900.0,4.901
44365,44901.0,5.515
44366,44902.0,5.379
44367,44903.0,4.658
44368,44904.0,4.496
44369,44905.0,4.83
44370,44906.0,4.79
44371,44907.0,5.104
44372,44908.0,4.919
44373,44910.0,4.82
44374,44911.0,5.007
44375,44912.0,4.991
44376,44913.0,5.056
44377,44914.0,4.951
44378,44915.0,4.853
44379,44916.0,4.82
44380,44917.0,6.763
44381,44918.0,7.274
44382,44919.0,5.784
44383,44920.0,5.072
44384,44921.0,4.894
44385,44922.0,6.924
44386,44923.0,7.234
44387,44924.0,5.185
44388,44925.0,5.451
44389,44926.0,7.125
44390,44927.0,7.004
44391,44928.0,5.104
44392,44929.0,6.561
44393,44930.0,7.194
44394,44931.0,5.662
44395,44932.0,4.901
44396,44933.0,4.926
44397,44934.0,4.838
44398,44935.0,4.919
44399,44936.0,4.894
44400,44937.0,6.279
44401,44938.0,5.622
44402,44939.0,4.787
44403,44940.0,6.924
44404,44941.0,5.185
44405,44942.0,4.82
44406,44943.0,7.274
44407,44944.0,5.104
44408,44945.0,5.362
44409,44946.0,6.259
44410,44947.0,4.869
44411,44948.0,6.44
44412,44949.0,5.541
44413,44950.0,4.747
44414,44951.0,4.813
44415,44952.0,7.234
44416,44953.0,5.12
44417,44954.0,4.999
44418,44955.0,4.919
44419,44956.0,5.896
44420,44957.0,4.894
44421,44958.0,5.313
44422,44959.0,5.411
44423,44960.0,4.618
44424,44961.0,4.603
44425,44962.0,4.79
44426,44963.0,4.83
44427,44964.0,5.064
44428,44965.0,4.926
44429,44966.0,5.622
44430,44967.0,5.04
44431,44968.0,4.919
44432,44969.0,5.015
44433,44970.0,4.943
44434,44971.0,5.613
44435,44972.0,4.82
44436,44973.0,6.964
44437,44974.0,7.274
44438,44975.0,5.5
44439,44976.0,5.032
44440,44977.0,4.942
44441,44978.0,7.004
44442,44979.0,7.234
44443,44980.0,5.46
44444,44981.0,5.886
44445,44982.0,7.165
44446,44983.0,6.41
44447,44984.0,5.064
44448,44985.0,6.722
44449,44986.0,7.234
44450,44987.0,5.388
44451,44988.0,4.828
44452,44989.0,4.878
44453,44990.0,4.805
44454,44991.0,4.919
44455,44993.0,4.82
44456,44994.0,6.601
44457,44995.0,5.388
44458,44996.0,4.747
44459,44997.0,7.125
44460,44998.0,5.266
44461,44999.0,4.846
44462,45000.0,6.883
44463,45001.0,4.99
44464,45002.0,5.967
44465,45003.0,5.824
44466,45004.0,4.787
44467,45005.0,6.803
44468,45006.0,5.226
44469,45007.0,4.747
44470,45008.0,4.846
44471,45009.0,6.682
44472,45010.0,5.04
44473,45011.0,4.926
44474,45012.0,4.911
44475,45013.0,5.572
44476,45014.0,4.82
44477,45015.0,5.957
44478,45016.0,5.217
44479,45017.0,4.496
44480,45018.0,4.644
44481,45019.0,4.83
44482,45020.0,4.79
44483,45021.0,5.064
44484,45022.0,4.853
44485,45023.0,5.379
44486,45024.0,4.991
44487,45025.0,4.886
44488,45026.0,5.056
44489,45027.0,4.983
44490,45028.0,5.298
44491,45029.0,4.82
44492,45030.0,7.044
44493,45031.0,7.355
44494,45032.0,5.226
44495,45033.0,5.072
44496,45034.0,4.967
44497,45035.0,7.125
44498,45036.0,7.274
44499,45037.0,5.258
44500,45038.0,6.33
44501,45039.0,7.234
44502,45040.0,5.896
44503,45041.0,4.942
44504,45042.0,6.924
44505,45043.0,7.274
44506,45044.0,5.185
44507,45045.0,4.828
44508,45046.0,4.911
44509,45047.0,4.772
44510,45048.0,4.951
44511,45049.0,4.78
44512,45050.0,6.964
44513,45051.0,5.145
44514,45052.0,4.82
44515,45053.0,7.274
44516,45054.0,5.104
44517,45055.0,5.371
44518,45056.0,6.259
44519,45057.0,4.869
44520,45058.0,6.44
44521,45059.0,5.509
44522,45060.0,4.787
44523,45061.0,7.004
44524,45062.0,5.104
44525,45063.0,4.714
44526,45064.0,5.483
44527,45065.0,6.168
44528,45066.0,5.032
44529,45067.0,4.894
44530,45068.0,5.555
44531,45069.0,5.339
44532,45070.0,4.82
44533,45071.0,6.4
44534,45072.0,5.096
44535,45073.0,4.422
44536,45074.0,4.717
44537,45075.0,4.79
44538,45077.0,5.434
44539,45078.0,4.983
44540,45079.0,5.128
44541,45080.0,5.145
44542,45081.0,4.991
44543,45082.0,4.813
44544,45083.0,5.048
44545,45084.0,5.032
44546,45085.0,5.136
44547,45086.0,5.136
44548,45087.0,7.165
44549,45088.0,7.274
44550,45089.0,5.29
44551,45090.0,5.394
44552,45091.0,5.765
44553,45092.0,7.165
44554,45093.0,6.601
44555,45094.0,5.064
44556,45095.0,6.682
44557,45096.0,7.234
44558,45097.0,5.5
44559,45098.0,4.942
44560,45099.0,7.085
44561,45100.0,7.274
44562,45101.0,5.379
44563,45102.0,4.787
44564,45103.0,4.911
44565,45104.0,4.739
44566,45105.0,4.951
44567,45106.0,4.78
44568,45107.0,7.205
44569,45108.0,5.185
44570,45109.0,4.886
44571,45110.0,6.612
44572,45111.0,4.909
44573,45112.0,6.209
44574,45113.0,5.662
44575,45114.0,4.787
44576,45115.0,6.883
44577,45116.0,5.185
44578,45117.0,4.82
44579,45118.0,7.246
44580,45119.0,5.104
44581,45120.0,4.666
44582,45121.0,6.289
44583,45122.0,5.653
44584,45123.0,5.032
44585,45124.0,4.853
44586,45125.0,6.32
44587,45126.0,5.136
44588,45127.0,4.82
44589,45128.0,6.883
44590,45129.0,5.096
44591,45130.0,4.301
44592,45131.0,4.757
44593,45132.0,4.83
44594,45133.0,5.354
44595,45134.0,4.983
44596,45135.0,4.975
44597,45136.0,5.023
44598,45137.0,4.951
44599,45138.0,5.492
44600,45139.0,4.999
44601,45140.0,4.959
44602,45141.0,4.982
44603,45142.0,5.886
44604,45143.0,7.165
44605,45144.0,7.314
44606,45145.0,5.169
44607,45146.0,5.201
44608,45147.0,6.249
44609,45148.0,7.234
44610,45149.0,5.976
44611,45150.0,4.982
44612,45151.0,6.924
44613,45152.0,7.274
44614,45153.0,5.226
44615,45154.0,5.33
44616,45155.0,7.125
44617,45156.0,7.154
44618,45158.0,5.145
44619,45159.0,4.78
44620,45160.0,4.911
44621,45161.0,4.82
44622,45162.0,4.951
44623,45163.0,4.926
44624,45164.0,7.274
44625,45165.0,5.064
44626,45166.0,5.725
44627,45167.0,6.017
44628,45168.0,4.828
44629,45169.0,6.642
44630,45170.0,5.347
44631,45171.0,4.747
44632,45172.0,7.125
44633,45173.0,5.226
44634,45174.0,4.846
44635,45175.0,6.803
44636,45176.0,4.95
44637,45177.0,4.673
44638,45178.0,6.722
44639,45179.0,5.371
44640,45180.0,5.024
44641,45181.0,4.813
44642,45182.0,6.752
44643,45183.0,5.015
44644,45184.0,4.886
44645,45185.0,6.44
44646,45186.0,4.975
44647,45187.0,4.219
44648,45188.0,4.75
44649,45189.0,4.823
44650,45190.0,5.233
44651,45191.0,5.104
44652,45192.0,4.894
44653,45193.0,5.064
44654,45194.0,4.991
44655,45195.0,5.379
44656,45196.0,4.991
44657,45197.0,4.886
44658,45198.0,4.942
44659,45199.0,6.33
44660,45200.0,7.234
44661,45201.0,6.652
44662,45202.0,5.12
44663,45203.0,5.048
44664,45204.0,6.601
44665,45205.0,7.234
44666,45206.0,5.622
44667,45207.0,4.942
44668,45208.0,7.044
44669,45209.0,7.274
44670,45210.0,5.5
44671,45211.0,5.886
44672,45212.0,7.205
44673,45213.0,6.41
44674,45214.0,5.064
44675,45215.0,4.901
44676,45216.0,4.951
44677,45217.0,4.853
44678,45218.0,5.08
44679,45219.0,5.16
44680,45220.0,6.451
44681,45221.0,4.909
44682,45222.0,6.37
44683,45223.0,5.581
44684,45224.0,4.861
44685,45225.0,7.004
44686,45226.0,5.185
44687,45227.0,4.813
44688,45228.0,7.314
44689,45229.0,5.064
44690,45230.0,5.523
44691,45231.0,6.178
44692,45232.0,4.901
44693,45233.0,4.666
44694,45234.0,7.044
44695,45235.0,5.169
44696,45236.0,4.983
44697,45237.0,4.846
44698,45238.0,6.832
44699,45239.0,5.015
44700,45241.0,4.878
44701,45242.0,5.967
44702,45243.0,4.861
44703,45244.0,4.463
44704,45245.0,4.79
44705,45246.0,4.79
44706,45247.0,5.152
44707,45248.0,4.959
44708,45249.0,4.853
44709,45250.0,5.007
44710,45251.0,5.072
44711,45252.0,5.177
44712,45253.0,4.951
44713,45254.0,4.853
44714,45255.0,4.861
44715,45256.0,6.642
44716,45257.0,7.274
44717,45258.0,6.017
44718,45259.0,5.072
44719,45260.0,4.934
44720,45261.0,6.803
44721,45262.0,7.234
44722,45263.0,5.266
44723,45264.0,5.007
44724,45265.0,7.085
44725,45266.0,7.274
44726,45267.0,5.226
44727,45268.0,6.37
44728,45269.0,7.194
44729,45270.0,5.855
44730,45271.0,4.901
44731,45272.0,4.926
44732,45273.0,4.878
44733,45274.0,4.919
44734,45275.0,4.926
44735,45276.0,5.967
44736,45277.0,5.864
44737,45278.0,4.828
44738,45279.0,6.763
44739,45280.0,5.307
44740,45281.0,4.787
44741,45282.0,7.205
44742,45283.0,5.185
44743,45284.0,4.886
44744,45285.0,6.652
44745,45286.0,4.942
44746,45287.0,6.168
44747,45288.0,5.734
44748,45289.0,4.787
44749,45290.0,4.82
44750,45291.0,7.234
44751,45292.0,5.169
44752,45293.0,5.032
44753,45294.0,4.919
44754,45295.0,6.168
44755,45296.0,4.934
44756,45297.0,4.911
44757,45298.0,5.613
44758,45299.0,4.78
44759,45300.0,4.57
44760,45301.0,4.79
44761,45302.0,4.823
44762,45303.0,5.104
44763,45304.0,4.926
44764,45305.0,4.934
44765,45306.0,4.999
44766,45307.0,4.999
44767,45308.0,5.056
44768,45309.0,4.991
44769,45310.0,4.975
44770,45311.0,4.853
44771,45312.0,6.763
44772,45313.0,7.274
44773,45314.0,5.703
44774,45315.0,5.072
44775,45316.0,4.901
44776,45317.0,6.924
44777,45318.0,7.234
44778,45319.0,5.185
44779,45320.0,5.532
44780,45321.0,7.165
44781,45322.0,6.924
44782,45323.0,5.104
44783,45324.0,6.561
44784,45326.0,7.234
44785,45327.0,5.622
44786,45328.0,4.901
44787,45329.0,4.886
44788,45330.0,4.846
44789,45331.0,4.919
44790,45332.0,4.886
44791,45333.0,6.279
44792,45334.0,5.622
44793,45335.0,4.787
44794,45336.0,6.964
44795,45337.0,5.145
44796,45338.0,4.813
44797,45339.0,7.274
44798,45340.0,5.104
44799,45341.0,5.371
44800,45342.0,6.259
44801,45343.0,4.869
44802,45344.0,6.481
44803,45345.0,5.5
44804,45346.0,4.787
44805,45347.0,4.82
44806,45348.0,7.286
44807,45349.0,5.128
44808,45350.0,5.04
44809,45351.0,4.919
44810,45352.0,5.927
44811,45353.0,4.901
44812,45354.0,5.313
44813,45355.0,5.42
44814,45356.0,4.658
44815,45357.0,4.53
44816,45358.0,4.83
44817,45359.0,4.823
44818,45360.0,5.104
44819,45361.0,4.886
44820,45362.0,5.177
44821,45363.0,4.999
44822,45364.0,4.959
44823,45365.0,5.023
44824,45366.0,4.951
44825,45367.0,5.209
44826,45368.0,4.82
44827,45369.0,6.843
44828,45370.0,7.274
44829,45371.0,5.622
44830,45372.0,5.032
44831,45373.0,4.861
44832,45374.0,6.964
44833,45375.0,7.274
44834,45376.0,5.42
44835,45377.0,5.685
44836,45378.0,7.165
44837,45379.0,6.682
44838,45380.0,5.064
44839,45381.0,6.642
44840,45382.0,7.234
44841,45383.0,5.5
44842,45384.0,4.861
44843,45385.0,4.919
44844,45386.0,4.846
44845,45387.0,4.959
44846,45388.0,4.853
44847,45389.0,6.521
44848,45390.0,5.469
44849,45391.0,4.78
44850,45392.0,7.085
44851,45393.0,5.064
44852,45394.0,4.853
44853,45395.0,7.205
44854,45396.0,5.031
44855,45397.0,5.765
44856,45398.0,5.976
44857,45399.0,4.869
44858,45400.0,6.642
44859,45401.0,5.379
44860,45402.0,4.747
44861,45403.0,4.846
44862,45404.0,7.004
44863,45405.0,5.152
44864,45406.0,4.959
44865,45407.0,4.951
44866,45409.0,5.694
44867,45410.0,4.894
44868,45411.0,5.676
44869,45412.0,5.33
44870,45413.0,4.544
44871,45414.0,4.603
44872,45415.0,4.79
44873,45416.0,4.823
44874,45417.0,5.024
44875,45418.0,4.886
44876,45419.0,5.541
44877,45420.0,5.04
44878,45421.0,4.926
44879,45422.0,5.015
44880,45423.0,4.951
44881,45424.0,5.532
44882,45425.0,4.82
44883,45426.0,6.924
44884,45427.0,7.274
44885,45428.0,5.388
44886,45429.0,5.032
44887,45430.0,4.894
44888,45431.0,7.044
44889,45432.0,7.274
44890,45433.0,5.388
44891,45434.0,6.048
44892,45435.0,7.194
44893,45436.0,6.249
44894,45437.0,5.023
44895,45438.0,6.763
44896,45439.0,7.234
44897,45440.0,5.307
44898,45441.0,4.828
44899,45442.0,4.919
44900,45443.0,4.772
44901,45444.0,4.911
44902,45445.0,4.82
44903,45446.0,6.763
44904,45447.0,5.307
44905,45448.0,4.787
44906,45449.0,7.205
44907,45450.0,5.185
44908,45451.0,4.886
44909,45452.0,6.693
44910,45453.0,4.95
44911,45454.0,6.128
44912,45455.0,5.743
44913,45456.0,4.787
44914,45457.0,6.843
44915,45458.0,5.185
44916,45459.0,4.747
44917,45460.0,4.926
44918,45461.0,6.561
44919,45462.0,5.08
44920,45463.0,4.919
44921,45464.0,4.991
44922,45465.0,5.572
44923,45466.0,4.82
44924,45467.0,6.078
44925,45468.0,5.177
44926,45469.0,4.503
44927,45470.0,4.677
44928,45471.0,4.83
44929,45472.0,4.863
44930,45473.0,5.064
44931,45474.0,4.813
44932,45475.0,5.379
44933,45476.0,4.991
44934,45477.0,4.926
44935,45478.0,5.056
44936,45479.0,4.983
44937,45480.0,5.298
44938,45481.0,4.82
44939,45482.0,7.044
44940,45483.0,7.314
44941,45484.0,5.226
44942,45485.0,5.032
44943,45486.0,5.048
44944,45487.0,7.125
44945,45488.0,7.274
44946,45489.0,5.258
44947,45490.0,6.4
44948,45491.0,7.194
44949,45492.0,5.855
44950,45494.0,4.909
44951,45495.0,6.924
44952,45496.0,7.274
44953,45497.0,5.185
44954,45498.0,4.787
44955,45499.0,4.911
44956,45500.0,4.732
44957,45501.0,4.951
44958,45502.0,4.739
44959,45503.0,7.004
44960,45504.0,5.145
44961,45505.0,4.813
44962,45506.0,7.274
44963,45507.0,5.064
44964,45508.0,5.443
44965,45509.0,6.219
44966,45510.0,4.869
44967,45511.0,6.521
44968,45512.0,5.46
44969,45513.0,4.787
44970,45514.0,7.044
44971,45515.0,5.064
44972,45516.0,4.714
44973,45517.0,5.564
44974,45518.0,6.088
44975,45519.0,5.072
44976,45520.0,4.853
44977,45521.0,5.635
44978,45522.0,5.339
44979,45523.0,4.82
44980,45524.0,6.44
44981,45525.0,5.096
44982,45526.0,4.382
44983,45527.0,4.757
44984,45528.0,4.79
44985,45529.0,5.354
44986,45530.0,4.983
44987,45531.0,5.088
44988,45532.0,5.064
44989,45533.0,4.991
44990,45534.0,4.894
44991,45535.0,5.04
44992,45536.0,4.999
44993,45537.0,5.096
44994,45538.0,5.492
44995,45539.0,7.165
44996,45540.0,7.274
44997,45541.0,5.249
44998,45542.0,5.273
44999,45543.0,6.007
45000,45544.0,7.165
45001,45545.0,6.36
45002,45546.0,4.982
45003,45547.0,6.763
45004,45548.0,7.234
45005,45549.0,5.347
45006,45550.0,4.934
45007,45551.0,7.085
45008,45552.0,7.274
45009,45553.0,5.266
45010,45554.0,4.78
45011,45555.0,4.911
45012,45556.0,4.739
45013,45557.0,4.951
45014,45558.0,4.813
45015,45559.0,7.274
45016,45560.0,5.145
45017,45561.0,5.249
45018,45562.0,6.34
45019,45563.0,4.869
45020,45564.0,6.4
45021,45565.0,5.541
45022,45566.0,4.787
45023,45567.0,7.004
45024,45568.0,5.145
45025,45569.0,4.853
45026,45570.0,7.274
45027,45571.0,5.031
45028,45572.0,4.706
45029,45573.0,6.481
45030,45574.0,5.532
45031,45575.0,5.032
45032,45576.0,4.813
45033,45578.0,6.481
45034,45579.0,5.096
45035,45580.0,4.853
45036,45581.0,6.913
45037,45582.0,5.023
45038,45583.0,4.301
45039,45584.0,4.75
45040,45585.0,4.863
45041,45586.0,5.265
45042,45587.0,5.024
45043,45588.0,4.934
45044,45589.0,4.975
45045,45590.0,4.983
45046,45591.0,5.451
45047,45592.0,4.991
45048,45593.0,4.919
45049,45594.0,4.934
45050,45595.0,6.249
45051,45596.0,7.234
45052,45597.0,6.843
45053,45598.0,5.12
45054,45599.0,5.12
45055,45600.0,6.481
45056,45601.0,7.274
45057,45602.0,5.703
45058,45603.0,4.942
45059,45604.0,6.964
45060,45605.0,7.274
45061,45606.0,5.541
45062,45607.0,5.774
45063,45608.0,7.165
45064,45609.0,6.642
45065,45610.0,5.023
45066,45611.0,4.861
45067,45612.0,4.911
45068,45613.0,4.813
45069,45614.0,5.072
45070,45615.0,4.886
45071,45616.0,6.572
45072,45617.0,4.909
45073,45618.0,6.209
45074,45619.0,5.662
45075,45620.0,4.787
45076,45621.0,6.883
45077,45622.0,5.185
45078,45623.0,4.82
45079,45624.0,7.286
45080,45625.0,5.104
45081,45626.0,5.281
45082,45627.0,6.34
45083,45628.0,4.909
45084,45629.0,4.673
45085,45630.0,7.004
45086,45631.0,5.217
45087,45632.0,5.024
45088,45633.0,4.846
45089,45634.0,6.913
45090,45635.0,5.015
45091,45636.0,4.878
45092,45637.0,6.048
45093,45638.0,4.901
45094,45639.0,4.463
45095,45640.0,4.79
45096,45641.0,4.79
45097,45642.0,5.152
45098,45643.0,4.999
45099,45644.0,4.894
45100,45645.0,5.048
45101,45646.0,5.064
45102,45647.0,5.217
45103,45648.0,4.991
45104,45649.0,4.853
45105,45650.0,4.894
45106,45651.0,6.601
45107,45652.0,7.274
45108,45653.0,6.097
45109,45654.0,5.112
45110,45655.0,4.934
45111,45656.0,6.803
45112,45657.0,7.274
45113,45658.0,5.339
45114,45660.0,4.934
45115,45661.0,7.125
45116,45662.0,7.274
45117,45663.0,5.266
45118,45664.0,6.33
45119,45665.0,7.234
45120,45666.0,5.936
45121,45667.0,4.942
45122,45668.0,4.886
45123,45669.0,4.951
45124,45670.0,4.886
45125,45671.0,4.999
45126,45672.0,5.927
45127,45673.0,5.936
45128,45674.0,4.828
45129,45675.0,6.763
45130,45676.0,5.307
45131,45677.0,4.787
45132,45678.0,7.205
45133,45679.0,5.226
45134,45680.0,4.846
45135,45681.0,6.763
45136,45682.0,4.95
45137,45683.0,6.088
45138,45684.0,5.743
45139,45685.0,4.787
45140,45686.0,4.747
45141,45687.0,7.246
45142,45688.0,5.152
45143,45689.0,5.072
45144,45690.0,4.919
45145,45691.0,6.249
45146,45692.0,4.975
45147,45693.0,4.911
45148,45694.0,5.653
45149,45695.0,4.78
45150,45696.0,4.57
45151,45697.0,4.79
45152,45698.0,4.823
45153,45699.0,5.104
45154,45700.0,4.926
45155,45701.0,5.056
45156,45702.0,5.04
45157,45703.0,4.959
45158,45704.0,5.056
45159,45705.0,4.951
45160,45706.0,5.096
45161,45707.0,4.82
45162,45708.0,6.803
45163,45709.0,7.274
45164,45710.0,5.662
45165,45711.0,5.032
45166,45712.0,4.861
45167,45713.0,6.924
45168,45714.0,7.274
45169,45715.0,5.307
45170,45716.0,5.644
45171,45717.0,7.165
45172,45718.0,6.803
45173,45719.0,5.064
45174,45720.0,6.642
45175,45721.0,7.234
45176,45722.0,5.581
45177,45723.0,4.901
45178,45724.0,4.959
45179,45725.0,4.846
45180,45726.0,4.959
45181,45727.0,4.894
45182,45728.0,6.4
45183,45729.0,5.541
45184,45730.0,4.82
45185,45731.0,7.004
45186,45732.0,5.185
45187,45733.0,4.853
45188,45734.0,7.314
45189,45735.0,5.072
45190,45736.0,5.523
45191,45737.0,6.178
45192,45738.0,4.869
45193,45739.0,6.521
45194,45740.0,5.46
45195,45741.0,4.747
45196,45742.0,4.813
45197,45743.0,7.246
45198,45745.0,5.08
45199,45746.0,4.959
45200,45747.0,4.878
45201,45748.0,5.815
45202,45749.0,4.861
45203,45750.0,5.474
45204,45751.0,5.379
45205,45752.0,4.618
45206,45753.0,4.603
45207,45754.0,4.79
45208,45755.0,4.79
45209,45756.0,5.064
45210,45757.0,4.853
45211,45758.0,5.5
45212,45759.0,4.999
45213,45760.0,4.926
45214,45761.0,4.942
45215,45762.0,4.951
45216,45763.0,5.46
45217,45764.0,4.82
45218,45765.0,6.964
45219,45766.0,7.274
45220,45767.0,5.347
45221,45768.0,5.032
45222,45769.0,4.934
45223,45770.0,7.044
45224,45771.0,7.274
45225,45772.0,5.379
45226,45773.0,6.088
45227,45774.0,7.194
45228,45775.0,6.178
45229,45776.0,4.982
45230,45777.0,6.803
45231,45778.0,7.234
45232,45779.0,5.307
45233,45780.0,4.82
45234,45781.0,4.878
45235,45782.0,4.805
45236,45783.0,4.951
45237,45784.0,4.813
45238,45785.0,6.763
45239,45786.0,5.307
45240,45787.0,4.787
45241,45788.0,7.246
45242,45789.0,5.185
45243,45790.0,4.886
45244,45791.0,6.652
45245,45792.0,4.982
45246,45793.0,6.168
45247,45794.0,5.734
45248,45795.0,4.787
45249,45796.0,6.883
45250,45797.0,5.185
45251,45798.0,4.787
45252,45799.0,5.007
45253,45800.0,6.551
45254,45801.0,5.072
45255,45802.0,4.926
45256,45803.0,5.032
45257,45804.0,5.492
45258,45805.0,4.861
45259,45806.0,6.118
45260,45807.0,5.177
45261,45808.0,4.422
45262,45809.0,4.603
45263,45810.0,4.79
45264,45811.0,4.79
45265,45812.0,5.064
45266,45813.0,4.853
45267,45814.0,5.541
45268,45815.0,4.999
45269,45816.0,4.919
45270,45817.0,4.975
45271,45818.0,4.951
45272,45819.0,5.492
45273,45820.0,4.78
45274,45821.0,6.964
45275,45822.0,7.274
45276,45823.0,5.42
45277,45824.0,5.032
45278,45825.0,4.934
45279,45826.0,7.044
45280,45827.0,7.274
45281,45828.0,5.379
45282,45830.0,6.048
45283,45831.0,7.194
45284,45832.0,6.249
45285,45833.0,4.982
45286,45834.0,6.803
45287,45835.0,7.234
45288,45836.0,5.339
45289,45837.0,4.828
45290,45838.0,4.919
45291,45839.0,4.772
45292,45840.0,4.951
45293,45841.0,4.82
45294,45842.0,6.763
45295,45843.0,5.307
45296,45844.0,4.828
45297,45845.0,7.165
45298,45846.0,5.226
45299,45847.0,4.846
45300,45848.0,6.773
45301,45849.0,4.95
45302,45850.0,6.128
45303,45851.0,5.743
45304,45852.0,4.828
45305,45853.0,6.843
45306,45854.0,5.258
45307,45855.0,4.706
45308,45856.0,4.926
45309,45857.0,6.601
45310,45858.0,5.12
45311,45859.0,4.926
45312,45860.0,4.991
45313,45861.0,5.532
45314,45862.0,4.861
45315,45863.0,5.998
45316,45864.0,5.217
45317,45865.0,4.463
45318,45866.0,4.677
45319,45867.0,4.83
45320,45868.0,4.863
45321,45869.0,5.024
45322,45870.0,4.853
45323,45871.0,5.298
45324,45872.0,4.991
45325,45873.0,4.894
45326,45874.0,5.056
45327,45875.0,4.943
45328,45876.0,5.298
45329,45877.0,4.78
45330,45878.0,7.044
45331,45879.0,7.314
45332,45880.0,5.185
45333,45881.0,5.024
45334,45882.0,5.088
45335,45883.0,7.125
45336,45884.0,7.274
45337,45885.0,5.226
45338,45886.0,6.41
45339,45887.0,7.234
45340,45888.0,5.824
45341,45889.0,4.942
45342,45890.0,6.924
45343,45891.0,7.274
45344,45892.0,5.226
45345,45893.0,4.787
45346,45894.0,4.911
45347,45895.0,4.772
45348,45896.0,4.951
45349,45897.0,4.78
45350,45898.0,7.004
45351,45899.0,5.145
45352,45900.0,4.813
45353,45901.0,7.274
45354,45902.0,5.031
45355,45903.0,5.564
45356,45904.0,6.138
45357,45905.0,4.869
45358,45906.0,6.521
45359,45907.0,5.46
45360,45908.0,4.747
45361,45909.0,7.085
45362,45910.0,5.064
45363,45911.0,4.747
45364,45912.0,5.685
45365,45914.0,6.078
45366,45915.0,5.032
45367,45916.0,4.886
45368,45917.0,5.756
45369,45918.0,5.33
45370,45919.0,4.82
45371,45920.0,6.561
45372,45921.0,5.096
45373,45922.0,4.422
45374,45923.0,4.677
45375,45924.0,4.823
45376,45925.0,5.032
45377,45926.0,5.024
45378,45927.0,4.813
45379,45928.0,5.298
45380,45929.0,4.991
45381,45930.0,4.846
45382,45931.0,5.056
45383,45932.0,4.943
45384,45933.0,5.258
45385,45934.0,4.901
45386,45935.0,7.044
45387,45936.0,7.274
45388,45937.0,5.185
45389,45938.0,4.983
45390,45939.0,5.169
45391,45940.0,7.125
45392,45941.0,7.194
45393,45942.0,5.185
45394,45943.0,6.44
45395,45944.0,7.194
45396,45945.0,5.743
45397,45946.0,4.869
45398,45947.0,6.924
45399,45948.0,7.234
45400,45949.0,5.307
45401,45950.0,4.787
45402,45951.0,4.911
45403,45952.0,4.739
45404,45953.0,4.951
45405,45954.0,4.739
45406,45955.0,7.044
45407,45956.0,5.112
45408,45957.0,4.853
45409,45958.0,7.234
45410,45959.0,5.031
45411,45960.0,5.644
45412,45961.0,6.057
45413,45962.0,4.828
45414,45963.0,6.601
45415,45964.0,5.347
45416,45965.0,4.747
45417,45966.0,7.125
45418,45967.0,5.266
45419,45968.0,4.666
45420,45969.0,5.846
45421,45970.0,5.967
45422,45971.0,5.072
45423,45972.0,4.853
45424,45973.0,5.917
45425,45974.0,5.258
45426,45975.0,4.82
45427,45976.0,6.601
45428,45977.0,5.056
45429,45978.0,4.341
45430,45979.0,4.757
45431,45980.0,4.823
45432,45981.0,5.313
45433,45982.0,4.983
45434,45983.0,5.056
45435,45984.0,5.064
45436,45985.0,4.991
45437,45986.0,4.975
45438,45987.0,5.04
45439,45988.0,4.959
45440,45989.0,5.096
45441,45990.0,5.572
45442,45991.0,7.165
45443,45992.0,7.314
45444,45993.0,5.209
45445,45994.0,5.273
45446,45995.0,6.048
45447,45997.0,7.194
45448,45998.0,6.289
45449,45999.0,5.023
45450,46000.0,6.803
45451,46001.0,7.234
45452,46002.0,5.379
45453,46003.0,4.975
45454,46004.0,7.125
45455,46005.0,7.274
45456,46006.0,5.298
45457,46007.0,4.78
45458,46008.0,4.951
45459,46009.0,4.739
45460,46010.0,4.991
45461,46011.0,4.853
45462,46012.0,7.274
45463,46013.0,5.145
45464,46014.0,5.249
45465,46015.0,6.34
45466,46016.0,4.869
45467,46017.0,6.4
45468,46018.0,5.541
45469,46019.0,4.787
45470,46020.0,6.964
45471,46021.0,5.104
45472,46022.0,4.813
45473,46023.0,7.274
45474,46024.0,5.072
45475,46025.0,4.706
45476,46026.0,6.44
45477,46027.0,5.564
45478,46028.0,5.032
45479,46029.0,4.813
45480,46030.0,6.47
45481,46031.0,5.104
45482,46032.0,4.853
45483,46033.0,6.913
45484,46034.0,5.023
45485,46035.0,4.26
45486,46036.0,4.75
45487,46037.0,4.782
45488,46038.0,5.354
45489,46039.0,5.305
45490,46040.0,5.015
45491,46041.0,5.023
45492,46042.0,4.951
45493,46043.0,5.572
45494,46044.0,4.999
45495,46045.0,4.959
45496,46046.0,4.982
45497,46047.0,5.927
45498,46048.0,7.154
45499,46049.0,7.274
45500,46050.0,5.169
45501,46051.0,5.16
45502,46052.0,6.289
45503,46053.0,7.234
45504,46054.0,5.936
45505,46055.0,4.942
45506,46056.0,6.883
45507,46057.0,7.234
45508,46058.0,5.185
45509,46059.0,5.411
45510,46060.0,7.125
45511,46061.0,7.073
45512,46062.0,5.104
45513,46063.0,4.78
45514,46064.0,4.911
45515,46065.0,4.82
45516,46066.0,4.983
45517,46067.0,4.886
45518,46068.0,7.125
45519,46069.0,5.023
45520,46070.0,5.846
45521,46071.0,5.976
45522,46072.0,4.828
45523,46073.0,6.722
45524,46074.0,5.307
45525,46075.0,4.828
45526,46076.0,7.165
45527,46077.0,5.266
45528,46078.0,4.846
45529,46080.0,6.803
45530,46081.0,4.95
45531,46082.0,4.706
45532,46083.0,6.763
45533,46084.0,5.362
45534,46085.0,5.024
45535,46086.0,4.853
45536,46087.0,6.792
45537,46088.0,5.096
45538,46089.0,4.886
45539,46090.0,6.44
45540,46091.0,4.942
45541,46092.0,4.219
45542,46093.0,4.644
45543,46094.0,4.79
45544,46095.0,4.863
45545,46096.0,5.024
45546,46097.0,4.853
45547,46098.0,5.339
45548,46099.0,4.991
45549,46100.0,4.846
45550,46101.0,5.056
45551,46102.0,4.943
45552,46103.0,5.298
45553,46104.0,4.78
45554,46105.0,7.044
45555,46106.0,7.274
45556,46107.0,5.226
45557,46108.0,5.032
45558,46109.0,5.088
45559,46110.0,7.125
45560,46111.0,7.274
45561,46112.0,5.226
45562,46113.0,6.4
45563,46114.0,7.194
45564,46115.0,5.815
45565,46116.0,4.909
45566,46117.0,6.924
45567,46118.0,7.234
45568,46119.0,5.226
45569,46120.0,4.787
45570,46121.0,4.911
45571,46122.0,4.739
45572,46123.0,4.951
45573,46124.0,4.78
45574,46125.0,7.004
45575,46126.0,5.104
45576,46127.0,4.853
45577,46128.0,7.274
45578,46129.0,5.064
45579,46130.0,5.564
45580,46131.0,6.178
45581,46132.0,4.869
45582,46133.0,6.561
45583,46134.0,5.428
45584,46135.0,4.787
45585,46136.0,7.085
45586,46137.0,5.064
45587,46138.0,4.706
45588,46139.0,5.685
45589,46140.0,6.088
45590,46141.0,5.072
45591,46142.0,4.853
45592,46143.0,5.716
45593,46144.0,5.298
45594,46145.0,4.861
45595,46146.0,6.481
45596,46147.0,5.096
45597,46148.0,4.382
45598,46149.0,4.757
45599,46150.0,4.79
45600,46151.0,5.394
45601,46152.0,4.983
45602,46153.0,5.096
45603,46154.0,5.104
45604,46155.0,4.991
45605,46156.0,4.813
45606,46157.0,5.04
45607,46158.0,4.991
45608,46159.0,5.096
45609,46160.0,5.411
45610,46161.0,7.125
45611,46162.0,7.274
45612,46163.0,5.209
45613,46165.0,5.354
45614,46166.0,5.886
45615,46167.0,7.154
45616,46168.0,6.41
45617,46169.0,5.023
45618,46170.0,6.722
45619,46171.0,7.234
45620,46172.0,5.388
45621,46173.0,4.975
45622,46174.0,7.044
45623,46175.0,7.274
45624,46176.0,5.307
45625,46177.0,4.787
45626,46178.0,4.911
45627,46179.0,4.739
45628,46180.0,4.951
45629,46181.0,4.78
45630,46182.0,7.194
45631,46183.0,5.145
45632,46184.0,5.048
45633,46185.0,6.491
45634,46186.0,4.909
45635,46187.0,6.279
45636,46188.0,5.622
45637,46189.0,4.787
45638,46190.0,6.924
45639,46191.0,5.145
45640,46192.0,4.82
45641,46193.0,7.274
45642,46194.0,5.104
45643,46195.0,4.706
45644,46196.0,6.36
45645,46197.0,5.604
45646,46198.0,5.032
45647,46199.0,4.813
45648,46200.0,6.4
45649,46201.0,5.096
45650,46202.0,4.813
45651,46203.0,6.872
45652,46204.0,5.056
45653,46205.0,4.301
45654,46206.0,4.75
45655,46207.0,4.83
45656,46208.0,5.354
45657,46209.0,4.983
45658,46210.0,4.975
45659,46211.0,5.056
45660,46212.0,4.943
45661,46213.0,5.532
45662,46214.0,4.999
45663,46215.0,4.959
45664,46216.0,4.982
45665,46217.0,5.896
45666,46218.0,7.205
45667,46219.0,7.355
45668,46220.0,5.169
45669,46221.0,5.201
45670,46222.0,6.249
45671,46223.0,7.234
45672,46224.0,5.976
45673,46225.0,4.982
45674,46226.0,6.883
45675,46227.0,7.314
45676,46228.0,5.226
45677,46229.0,5.33
45678,46230.0,7.125
45679,46231.0,7.154
45680,46232.0,5.177
45681,46233.0,4.747
45682,46234.0,4.903
45683,46235.0,4.78
45684,46236.0,4.943
45685,46237.0,4.846
45686,46238.0,7.165
45687,46239.0,4.99
45688,46240.0,5.806
45689,46241.0,5.936
45690,46242.0,4.828
45691,46243.0,6.682
45692,46244.0,5.347
45693,46246.0,4.787
45694,46247.0,7.165
45695,46248.0,5.226
45696,46249.0,4.886
45697,46250.0,6.773
45698,46251.0,4.95
45699,46252.0,4.666
45700,46253.0,6.803
45701,46254.0,5.339
45702,46255.0,5.024
45703,46256.0,4.813
45704,46257.0,6.792
45705,46258.0,5.104
45706,46259.0,4.886
45707,46260.0,6.4
45708,46261.0,4.942
45709,46262.0,4.341
45710,46263.0,4.79
45711,46264.0,4.79
45712,46265.0,5.193
45713,46266.0,5.032
45714,46267.0,4.894
45715,46268.0,5.056
45716,46269.0,4.983
45717,46270.0,5.258
45718,46271.0,4.991
45719,46272.0,4.846
45720,46273.0,4.901
45721,46274.0,6.451
45722,46275.0,7.234
45723,46276.0,6.33
45724,46277.0,5.12
45725,46278.0,5.015
45726,46279.0,6.682
45727,46280.0,7.234
45728,46281.0,5.5
45729,46282.0,4.942
45730,46283.0,7.044
45731,46284.0,7.274
45732,46285.0,5.379
45733,46286.0,6.088
45734,46287.0,7.194
45735,46288.0,6.219
45736,46289.0,4.982
45737,46290.0,4.894
45738,46291.0,4.943
45739,46292.0,4.846
45740,46293.0,5.04
45741,46294.0,5.402
45742,46295.0,6.289
45743,46296.0,4.869
45744,46297.0,6.481
45745,46298.0,5.469
45746,46299.0,4.787
45747,46300.0,7.044
45748,46301.0,5.145
45749,46302.0,4.853
45750,46303.0,7.274
45751,46304.0,5.064
45752,46305.0,5.644
45753,46306.0,6.057
45754,46307.0,4.828
45755,46308.0,4.666
45756,46309.0,7.085
45757,46310.0,5.136
45758,46311.0,4.983
45759,46312.0,4.886
45760,46313.0,6.642
45761,46314.0,4.982
45762,46315.0,4.919
45763,46316.0,5.936
45764,46317.0,4.861
45765,46318.0,4.341
45766,46319.0,4.75
45767,46320.0,4.823
45768,46321.0,5.184
45769,46322.0,5.032
45770,46323.0,4.901
45771,46324.0,5.056
45772,46325.0,4.943
45773,46326.0,5.258
45774,46327.0,4.951
45775,46328.0,4.853
45776,46329.0,4.901
45777,46330.0,6.491
45778,46332.0,7.234
45779,46333.0,6.289
45780,46334.0,5.12
45781,46335.0,5.015
45782,46336.0,6.682
45783,46337.0,7.274
45784,46338.0,5.42
45785,46339.0,4.975
45786,46340.0,7.044
45787,46341.0,7.274
45788,46342.0,5.347
45789,46343.0,6.168
45790,46344.0,7.194
45791,46345.0,6.138
45792,46346.0,4.982
45793,46347.0,4.894
45794,46348.0,4.943
45795,46349.0,4.926
45796,46350.0,4.999
45797,46351.0,5.564
45798,46352.0,6.138
45799,46353.0,4.901
45800,46354.0,6.561
45801,46355.0,5.46
45802,46356.0,4.747
45803,46357.0,7.085
45804,46358.0,5.072
45805,46359.0,4.894
45806,46360.0,7.165
45807,46361.0,5.023
45808,46362.0,5.765
45809,46363.0,6.017
45810,46364.0,4.828
45811,46365.0,4.706
45812,46366.0,7.125
45813,46367.0,5.209
45814,46368.0,4.983
45815,46369.0,4.886
45816,46370.0,6.521
45817,46371.0,5.015
45818,46372.0,4.878
45819,46373.0,5.846
45820,46374.0,4.861
45821,46375.0,4.26
45822,46376.0,4.75
45823,46377.0,4.79
45824,46378.0,5.193
45825,46379.0,5.072
45826,46380.0,4.901
45827,46381.0,5.056
45828,46382.0,4.943
45829,46383.0,5.298
45830,46384.0,4.951
45831,46385.0,4.846
45832,46386.0,4.901
45833,46387.0,6.37
45834,46388.0,7.205
45835,46389.0,6.491
45836,46390.0,5.12
45837,46391.0,5.007
45838,46392.0,6.601
45839,46393.0,7.234
45840,46394.0,5.541
45841,46395.0,4.942
45842,46396.0,7.004
45843,46397.0,7.274
45844,46398.0,5.42
45845,46399.0,5.967
45846,46400.0,7.194
45847,46401.0,6.37
45848,46402.0,5.023
45849,46403.0,4.901
45850,46404.0,4.911
45851,46405.0,4.853
45852,46406.0,5.08
45853,46407.0,5.241
45854,46408.0,6.38
45855,46409.0,4.909
45856,46410.0,6.36
45857,46411.0,5.541
45858,46412.0,4.82
45859,46413.0,6.964
45860,46414.0,5.145
45861,46415.0,4.813
45862,46416.0,7.274
45863,46418.0,5.072
45864,46419.0,5.483
45865,46420.0,6.178
45866,46421.0,4.869
45867,46422.0,4.632
45868,46423.0,7.044
45869,46424.0,5.177
45870,46425.0,5.024
45871,46426.0,4.846
45872,46427.0,6.832
45873,46428.0,4.982
45874,46429.0,4.878
45875,46430.0,5.967
45876,46431.0,4.901
45877,46432.0,4.422
45878,46433.0,4.79
45879,46434.0,4.79
45880,46435.0,5.193
45881,46436.0,4.999
45882,46437.0,4.894
45883,46438.0,5.015
45884,46439.0,4.983
45885,46440.0,5.177
45886,46441.0,4.991
45887,46442.0,4.813
45888,46443.0,4.901
45889,46444.0,6.572
45890,46445.0,7.234
45891,46446.0,6.097
45892,46447.0,5.112
45893,46448.0,4.934
45894,46449.0,6.803
45895,46450.0,7.234
45896,46451.0,5.379
45897,46452.0,4.934
45898,46453.0,7.085
45899,46454.0,7.274
45900,46455.0,5.266
45901,46456.0,6.249
45902,46457.0,7.194
45903,46458.0,5.976
45904,46459.0,4.942
45905,46460.0,4.894
45906,46461.0,4.911
45907,46462.0,4.886
45908,46463.0,4.967
45909,46464.0,5.765
45910,46465.0,5.976
45911,46466.0,4.828
45912,46467.0,6.682
45913,46468.0,5.347
45914,46469.0,4.747
45915,46470.0,7.165
45916,46471.0,5.226
45917,46472.0,4.846
45918,46473.0,6.814
45919,46474.0,4.99
45920,46475.0,6.007
45921,46476.0,5.784
45922,46477.0,4.787
45923,46478.0,4.747
45924,46479.0,7.165
45925,46480.0,5.169
45926,46481.0,5.072
45927,46482.0,4.878
45928,46483.0,6.289
45929,46484.0,4.934
45930,46485.0,4.878
45931,46486.0,5.653
45932,46487.0,4.82
45933,46488.0,4.456
45934,46489.0,4.75
45935,46490.0,4.83
45936,46491.0,5.112
45937,46492.0,4.959
45938,46493.0,4.861
45939,46494.0,5.048
45940,46495.0,5.032
45941,46496.0,5.136
45942,46497.0,4.951
45943,46498.0,4.813
45944,46499.0,4.861
45945,46501.0,6.642
45946,46502.0,7.234
45947,46503.0,5.936
45948,46504.0,5.072
45949,46505.0,4.934
45950,46506.0,6.803
45951,46507.0,7.274
45952,46508.0,5.266
45953,46509.0,5.088
45954,46510.0,7.125
45955,46511.0,7.274
45956,46512.0,5.185
45957,46513.0,6.41
45958,46514.0,7.194
45959,46515.0,5.855
45960,46516.0,4.909
45961,46517.0,4.926
45962,46518.0,4.878
45963,46519.0,4.926
45964,46520.0,4.926
45965,46521.0,6.048
45966,46522.0,5.824
45967,46523.0,4.869
45968,46524.0,6.763
45969,46525.0,5.298
45970,46526.0,4.787
45971,46527.0,7.246
45972,46528.0,5.185
45973,46529.0,4.886
45974,46530.0,6.612
45975,46531.0,4.909
45976,46532.0,6.168
45977,46533.0,5.694
45978,46534.0,4.787
45979,46535.0,4.747
45980,46536.0,7.246
45981,46537.0,5.128
45982,46538.0,5.032
45983,46539.0,4.878
45984,46540.0,6.168
45985,46541.0,4.901
45986,46542.0,4.911
45987,46543.0,5.572
45988,46544.0,4.739
45989,46545.0,4.496
45990,46546.0,4.79
45991,46547.0,4.79
45992,46548.0,5.112
45993,46549.0,4.926
45994,46550.0,4.853
45995,46551.0,5.007
45996,46552.0,4.991
45997,46553.0,5.096
45998,46554.0,4.991
45999,46555.0,4.813
46000,46556.0,4.861
46001,46557.0,6.722
46002,46558.0,7.234
46003,46559.0,5.784
46004,46560.0,5.072
46005,46561.0,4.894
46006,46562.0,6.883
46007,46563.0,7.274
46008,46564.0,5.185
46009,46565.0,5.411
46010,46566.0,7.165
46011,46567.0,7.033
46012,46568.0,5.145
46013,46569.0,6.521
46014,46570.0,7.234
46015,46571.0,5.662
46016,46572.0,4.901
46017,46573.0,4.886
46018,46574.0,4.878
46019,46575.0,4.919
46020,46576.0,4.894
46021,46577.0,6.239
46022,46578.0,5.662
46023,46579.0,4.787
46024,46580.0,6.924
46025,46581.0,5.185
46026,46582.0,4.813
46027,46583.0,7.274
46028,46585.0,5.104
46029,46586.0,5.29
46030,46587.0,6.34
46031,46588.0,4.909
46032,46589.0,6.44
46033,46590.0,5.509
46034,46591.0,4.787
46035,46592.0,4.78
46036,46593.0,7.274
46037,46594.0,5.128
46038,46595.0,5.04
46039,46596.0,4.919
46040,46597.0,5.998
46041,46598.0,4.901
46042,46599.0,5.193
46043,46600.0,5.46
46044,46601.0,4.699
46045,46602.0,4.53
46046,46603.0,4.83
46047,46604.0,4.823
46048,46605.0,5.104
46049,46606.0,4.886
46050,46607.0,5.177
46051,46608.0,4.999
46052,46609.0,4.959
46053,46610.0,5.015
46054,46611.0,4.951
46055,46612.0,5.249
46056,46613.0,4.82
46057,46614.0,6.843
46058,46615.0,7.274
46059,46616.0,5.622
46060,46617.0,5.032
46061,46618.0,4.861
46062,46619.0,6.964
46063,46620.0,7.274
46064,46621.0,5.428
46065,46622.0,5.694
46066,46623.0,7.165
46067,46624.0,6.682
46068,46625.0,5.064
46069,46626.0,6.642
46070,46627.0,7.234
46071,46628.0,5.5
46072,46629.0,4.934
46073,46630.0,4.919
46074,46631.0,4.805
46075,46632.0,4.919
46076,46633.0,4.853
46077,46634.0,6.521
46078,46635.0,5.509
46079,46636.0,4.787
46080,46637.0,7.044
46081,46638.0,5.104
46082,46639.0,4.853
46083,46640.0,7.274
46084,46641.0,5.031
46085,46642.0,5.685
46086,46643.0,6.057
46087,46644.0,4.869
46088,46645.0,6.601
46089,46646.0,5.388
46090,46647.0,4.747
46091,46648.0,4.853
46092,46649.0,7.085
46093,46650.0,5.12
46094,46651.0,4.959
46095,46652.0,4.911
46096,46653.0,5.734
46097,46654.0,4.901
46098,46655.0,5.595
46099,46656.0,5.339
46100,46657.0,4.544
46101,46658.0,4.496
46102,46659.0,4.79
46103,46660.0,4.823
46104,46661.0,5.104
46105,46662.0,4.959
46106,46663.0,4.82
46107,46664.0,5.048
46108,46665.0,4.991
46109,46666.0,5.096
46110,46667.0,4.951
46111,46668.0,4.853
46112,46670.0,4.82
46113,46671.0,6.763
46114,46672.0,7.234
46115,46673.0,5.815
46116,46674.0,5.072
46117,46675.0,4.967
46118,46676.0,6.883
46119,46677.0,7.314
46120,46678.0,5.185
46121,46679.0,5.411
46122,46680.0,7.125
46123,46681.0,7.044
46124,46682.0,5.145
46125,46683.0,6.521
46126,46684.0,7.194
46127,46685.0,5.725
46128,46686.0,4.901
46129,46687.0,4.919
46130,46688.0,4.878
46131,46689.0,4.919
46132,46690.0,4.894
46133,46691.0,6.239
46134,46692.0,5.662
46135,46693.0,4.861
46136,46694.0,6.924
46137,46695.0,5.185
46138,46696.0,4.82
46139,46697.0,7.286
46140,46698.0,5.104
46141,46699.0,5.281
46142,46700.0,6.34
46143,46701.0,4.909
46144,46702.0,6.4
46145,46703.0,5.541
46146,46704.0,4.787
46147,46705.0,4.78
46148,46706.0,7.246
46149,46707.0,5.128
46150,46708.0,5.032
46151,46709.0,4.919
46152,46710.0,6.007
46153,46711.0,4.901
46154,46712.0,5.193
46155,46713.0,5.451
46156,46714.0,4.658
46157,46715.0,4.138
46158,46716.0,4.717
46159,46717.0,4.782
46160,46718.0,5.313
46161,46719.0,4.983
46162,46720.0,5.056
46163,46721.0,5.064
46164,46722.0,4.991
46165,46723.0,4.894
46166,46724.0,5.04
46167,46725.0,4.999
46168,46726.0,5.096
46169,46727.0,5.532
46170,46728.0,7.165
46171,46729.0,7.274
46172,46730.0,5.209
46173,46731.0,5.273
46174,46732.0,6.048
46175,46733.0,7.194
46176,46734.0,6.33
46177,46735.0,5.023
46178,46736.0,6.803
46179,46737.0,7.234
46180,46738.0,5.379
46181,46739.0,4.975
46182,46740.0,7.125
46183,46741.0,7.234
46184,46742.0,5.266
46185,46743.0,4.747
46186,46744.0,4.911
46187,46745.0,4.699
46188,46746.0,4.951
46189,46747.0,4.813
46190,46748.0,7.274
46191,46749.0,5.104
46192,46750.0,5.249
46193,46751.0,6.34
46194,46752.0,4.869
46195,46753.0,6.4
46196,46754.0,5.541
46197,46756.0,4.787
46198,46757.0,6.964
46199,46758.0,5.104
46200,46759.0,4.813
46201,46760.0,7.274
46202,46761.0,5.064
46203,46762.0,4.666
46204,46763.0,6.44
46205,46764.0,5.532
46206,46765.0,5.032
46207,46766.0,4.813
46208,46767.0,6.481
46209,46768.0,5.096
46210,46769.0,4.853
46211,46770.0,6.913
46212,46771.0,5.015
46213,46772.0,4.301
46214,46773.0,4.75
46215,46774.0,4.823
46216,46775.0,5.394
46217,46776.0,4.983
46218,46777.0,5.015
46219,46778.0,5.023
46220,46779.0,4.951
46221,46780.0,5.249
46222,46781.0,4.999
46223,46782.0,4.959
46224,46783.0,5.023
46225,46784.0,5.734
46226,46785.0,7.165
46227,46786.0,7.314
46228,46787.0,5.169
46229,46788.0,5.241
46230,46789.0,6.168
46231,46790.0,7.194
46232,46791.0,6.097
46233,46792.0,4.982
46234,46793.0,6.803
46235,46794.0,7.274
46236,46795.0,5.266
46237,46796.0,5.088
46238,46797.0,7.085
46239,46798.0,7.274
46240,46799.0,5.226
46241,46800.0,4.78
46242,46801.0,4.911
46243,46802.0,4.739
46244,46803.0,4.991
46245,46804.0,4.853
46246,46805.0,7.274
46247,46806.0,5.104
46248,46807.0,5.483
46249,46808.0,6.209
46250,46809.0,4.869
46251,46810.0,6.521
46252,46811.0,5.5
46253,46812.0,4.787
46254,46813.0,7.044
46255,46814.0,5.064
46256,46815.0,4.853
46257,46816.0,7.165
46258,46817.0,4.99
46259,46818.0,4.673
46260,46819.0,6.601
46261,46820.0,5.451
46262,46821.0,5.024
46263,46822.0,4.813
46264,46823.0,6.591
46265,46824.0,5.023
46266,46825.0,4.846
46267,46826.0,6.752
46268,46827.0,4.982
46269,46828.0,4.26
46270,46829.0,4.717
46271,46830.0,4.79
46272,46831.0,5.394
46273,46832.0,4.983
46274,46833.0,5.128
46275,46834.0,5.145
46276,46835.0,4.951
46277,46836.0,4.813
46278,46837.0,4.999
46279,46838.0,5.032
46280,46839.0,5.096
46281,46841.0,5.298
46282,46842.0,7.125
46283,46843.0,7.274
46284,46844.0,5.249
46285,46845.0,5.354
46286,46846.0,5.886
46287,46847.0,7.154
46288,46848.0,6.451
46289,46849.0,5.023
46290,46850.0,6.722
46291,46851.0,7.234
46292,46852.0,5.379
46293,46853.0,4.934
46294,46854.0,7.085
46295,46855.0,7.274
46296,46856.0,5.307
46297,46857.0,4.747
46298,46858.0,4.951
46299,46859.0,4.739
46300,46860.0,4.991
46301,46861.0,4.82
46302,46862.0,7.234
46303,46863.0,5.145
46304,46864.0,5.08
46305,46865.0,6.451
46306,46866.0,4.909
46307,46867.0,6.289
46308,46868.0,5.622
46309,46869.0,4.787
46310,46870.0,6.924
46311,46871.0,5.145
46312,46872.0,4.853
46313,46873.0,7.274
46314,46874.0,5.104
46315,46875.0,4.673
46316,46876.0,6.4
46317,46877.0,5.581
46318,46878.0,5.032
46319,46879.0,4.82
46320,46880.0,6.44
46321,46881.0,5.104
46322,46882.0,4.853
46323,46883.0,6.872
46324,46884.0,5.096
46325,46885.0,4.301
46326,46886.0,4.717
46327,46887.0,4.79
46328,46888.0,5.434
46329,46889.0,4.983
46330,46890.0,5.056
46331,46891.0,5.185
46332,46892.0,4.951
46333,46893.0,4.846
46334,46894.0,5.048
46335,46895.0,5.024
46336,46896.0,5.177
46337,46897.0,5.064
46338,46898.0,7.044
46339,46899.0,7.274
46340,46900.0,5.307
46341,46901.0,5.024
46342,46902.0,5.451
46343,46903.0,7.125
46344,46904.0,6.964
46345,46905.0,5.145
46346,46906.0,6.521
46347,46907.0,7.234
46348,46908.0,5.622
46349,46909.0,4.861
46350,46910.0,7.004
46351,46911.0,7.274
46352,46912.0,5.5
46353,46913.0,4.787
46354,46914.0,4.911
46355,46915.0,4.739
46356,46916.0,4.951
46357,46917.0,4.739
46358,46918.0,7.085
46359,46919.0,5.145
46360,46920.0,4.853
46361,46921.0,7.004
46362,46922.0,4.99
46363,46923.0,5.886
46364,46925.0,5.864
46365,46926.0,4.828
46366,46927.0,6.682
46367,46928.0,5.307
46368,46929.0,4.787
46369,46930.0,7.205
46370,46931.0,5.185
46371,46932.0,4.706
46372,46933.0,6.048
46373,46934.0,5.774
46374,46935.0,5.032
46375,46936.0,4.853
46376,46937.0,6.118
46377,46938.0,5.217
46378,46939.0,4.82
46379,46940.0,6.763
46380,46941.0,5.023
46381,46942.0,4.341
46382,46943.0,4.717
46383,46944.0,4.79
46384,46945.0,5.313
46385,46946.0,5.024
46386,46947.0,5.015
46387,46948.0,5.096
46388,46949.0,4.951
46389,46950.0,4.967
46390,46951.0,4.999
46391,46952.0,4.999
46392,46953.0,5.056
46393,46954.0,5.572
46394,46955.0,7.165
46395,46956.0,7.314
46396,46957.0,5.169
46397,46958.0,5.313
46398,46959.0,6.007
46399,46960.0,7.194
46400,46961.0,6.249
46401,46962.0,5.023
46402,46963.0,6.763
46403,46964.0,7.274
46404,46965.0,5.307
46405,46966.0,4.975
46406,46967.0,7.085
46407,46968.0,7.274
46408,46969.0,5.266
46409,46970.0,4.747
46410,46971.0,4.911
46411,46972.0,4.699
46412,46973.0,4.943
46413,46974.0,4.813
46414,46975.0,7.274
46415,46976.0,5.072
46416,46977.0,5.362
46417,46978.0,6.259
46418,46979.0,4.869
46419,46980.0,6.44
46420,46981.0,5.509
46421,46982.0,4.747
46422,46983.0,7.004
46423,46984.0,5.072
46424,46985.0,4.813
46425,46986.0,7.234
46426,46987.0,5.031
46427,46988.0,4.673
46428,46989.0,6.521
46429,46990.0,5.5
46430,46991.0,5.032
46431,46992.0,4.82
46432,46993.0,6.561
46433,46994.0,5.056
46434,46995.0,4.846
46435,46996.0,6.872
46436,46997.0,5.015
46437,46998.0,4.919
46438,46999.0,5.048
46439,47000.0,5.048
46440,47001.0,6.209
46441,47002.0,5.048
46442,47003.0,4.919
46443,47004.0,4.805
46444,47005.0,5.088
46445,47007.0,4.813
46446,47008.0,4.805
46447,47009.0,4.78
46448,47010.0,5.12
46449,47011.0,4.846
46450,47012.0,4.537
46451,47013.0,4.104
46452,47014.0,4.145
46453,47015.0,4.145
46454,47016.0,4.185
46455,47017.0,4.301
