sample_index,elapsed_s,power_W
0,0.0,3.82
1,1.0,3.895
2,2.0,4.104
3,3.0,4.145
4,4.0,4.26
5,5.0,4.267
6,6.0,4.267
7,7.0,4.226
8,8.0,4.267
9,9.0,4.226
10,10.0,4.226
11,11.0,4.341
12,12.0,4.226
13,13.0,4.699
14,14.0,4.301
15,15.0,4.463
16,16.0,5.756
17,17.0,6.913
18,18.0,6.752
19,19.0,6.149
20,20.0,6.269
21,21.0,5.988
22,22.0,10.056
23,23.0,6.832
24,24.0,8.894
25,25.0,7.624
26,26.0,9.455
27,27.0,7.303
28,28.0,9.815
29,29.0,6.781
30,30.0,6.189
31,31.0,6.229
32,32.0,8.533
33,33.0,7.985
34,34.0,6.38
35,36.0,7.303
36,37.0,9.334
37,38.0,6.511
38,39.0,6.701
39,40.0,8.346
40,41.0,6.631
41,42.0,8.266
42,43.0,6.229
43,44.0,6.781
44,45.0,6.028
45,46.0,6.35
46,47.0,6.35
47,48.0,6.58
48,49.0,6.149
49,50.0,8.025
50,51.0,9.334
51,52.0,6.591
52,53.0,9.895
53,54.0,6.741
54,55.0,10.136
55,56.0,7.544
56,57.0,9.535
57,58.0,6.269
58,59.0,6.028
59,60.0,6.068
60,61.0,6.741
61,62.0,8.186
62,63.0,8.507
63,64.0,6.31
64,65.0,7.182
65,66.0,9.134
66,67.0,5.908
67,68.0,7.624
68,69.0,6.149
69,70.0,6.861
70,71.0,8.507
71,72.0,6.229
72,73.0,6.511
73,74.0,6.068
74,75.0,6.39
75,76.0,6.31
76,77.0,6.189
77,78.0,9.895
78,79.0,7.062
79,80.0,8.507
80,81.0,7.985
81,82.0,9.254
82,83.0,7.584
83,84.0,9.695
84,85.0,6.902
85,86.0,6.189
86,87.0,6.269
87,88.0,8.653
88,89.0,7.865
89,90.0,6.35
90,91.0,7.263
91,92.0,9.415
92,93.0,6.701
93,94.0,6.621
94,95.0,8.613
95,96.0,6.591
96,97.0,8.627
97,98.0,6.229
98,99.0,6.712
99,100.0,6.028
100,101.0,6.229
101,102.0,6.35
102,103.0,6.43
103,104.0,6.269
104,105.0,8.507
105,106.0,8.573
106,107.0,6.43
107,108.0,10.056
108,109.0,6.942
109,111.0,10.176
110,112.0,8.145
111,113.0,8.733
112,114.0,6.31
113,115.0,6.068
114,116.0,7.102
115,117.0,6.5
116,118.0,7.624
117,119.0,9.094
118,120.0,6.31
119,121.0,6.861
120,122.0,8.386
121,123.0,5.827
122,124.0,7.263
123,125.0,6.189
124,126.0,6.752
125,127.0,7.985
126,128.0,6.189
127,129.0,6.47
128,130.0,6.821
129,131.0,6.229
130,132.0,6.35
131,133.0,6.068
132,134.0,10.096
133,135.0,6.913
134,136.0,8.974
135,137.0,7.744
136,138.0,9.575
137,139.0,7.182
138,140.0,9.935
139,141.0,6.661
140,142.0,6.189
141,143.0,6.149
142,144.0,8.105
143,145.0,8.573
144,146.0,6.31
145,147.0,7.182
146,148.0,9.014
147,149.0,7.544
148,150.0,6.42
149,151.0,9.134
150,152.0,6.631
151,153.0,8.346
152,154.0,6.229
153,155.0,6.551
154,156.0,5.988
155,157.0,6.149
156,158.0,6.35
157,159.0,6.269
158,160.0,6.752
159,161.0,8.814
160,162.0,8.065
161,163.0,6.39
162,164.0,10.096
163,165.0,7.503
164,166.0,9.455
165,167.0,8.547
166,168.0,8.186
167,169.0,6.229
168,170.0,6.068
169,171.0,7.824
170,172.0,6.35
171,173.0,7.263
172,174.0,9.455
173,175.0,6.712
174,176.0,6.621
175,177.0,7.865
176,178.0,5.908
177,179.0,7.102
178,180.0,6.149
179,181.0,6.551
180,182.0,7.544
181,183.0,6.109
182,184.0,6.43
183,185.0,6.591
184,186.0,6.149
185,188.0,6.31
186,189.0,5.988
187,190.0,10.176
188,191.0,6.792
189,192.0,9.254
190,193.0,7.503
191,194.0,9.775
192,195.0,6.942
193,196.0,10.056
194,197.0,6.5
195,198.0,6.068
196,199.0,6.028
197,200.0,7.584
198,201.0,9.094
199,202.0,6.31
200,203.0,6.821
201,204.0,8.333
202,205.0,8.306
203,206.0,6.31
204,207.0,9.294
205,208.0,6.47
206,209.0,7.824
207,210.0,6.832
208,211.0,6.43
209,212.0,6.712
210,213.0,6.39
211,214.0,6.39
212,215.0,6.39
213,216.0,6.631
214,217.0,9.214
215,218.0,7.744
216,219.0,6.631
217,220.0,10.256
218,221.0,8.145
219,222.0,8.733
220,223.0,8.934
221,224.0,7.664
222,225.0,6.229
223,226.0,6.149
224,227.0,8.507
225,228.0,6.31
226,229.0,7.142
227,230.0,9.014
228,231.0,7.584
229,232.0,6.43
230,233.0,7.463
231,234.0,6.028
232,235.0,6.953
233,236.0,6.189
234,237.0,6.43
235,238.0,7.263
236,239.0,6.149
237,240.0,6.39
238,241.0,6.47
239,242.0,6.068
240,243.0,6.39
241,244.0,6.269
242,245.0,10.216
243,246.0,6.792
244,247.0,9.455
245,248.0,7.263
246,249.0,9.855
247,250.0,6.701
248,251.0,10.056
249,252.0,6.35
250,253.0,5.948
251,254.0,5.948
252,255.0,7.303
253,256.0,9.374
254,257.0,6.621
255,258.0,6.661
256,259.0,7.945
257,260.0,8.693
258,261.0,6.189
259,262.0,8.774
260,264.0,6.39
261,265.0,7.544
262,266.0,7.423
263,267.0,6.35
264,268.0,6.631
265,269.0,6.269
266,270.0,6.35
267,271.0,6.35
268,272.0,6.47
269,273.0,9.374
270,274.0,7.584
271,275.0,7.182
272,276.0,9.655
273,277.0,8.453
274,278.0,8.306
275,279.0,9.134
276,280.0,7.824
277,281.0,6.189
278,282.0,6.189
279,283.0,8.894
280,284.0,6.3
281,285.0,6.942
282,286.0,8.533
283,287.0,8.145
284,288.0,6.35
285,289.0,7.142
286,290.0,6.741
287,291.0,6.821
288,292.0,6.752
289,293.0,6.31
290,294.0,7.062
291,295.0,6.068
292,296.0,6.39
293,297.0,6.35
294,298.0,6.661
295,299.0,6.31
296,300.0,6.942
297,301.0,10.256
298,302.0,6.913
299,303.0,9.655
300,304.0,6.982
301,305.0,9.975
302,306.0,6.661
303,307.0,10.176
304,308.0,6.269
305,309.0,5.908
306,310.0,5.948
307,311.0,7.223
308,312.0,9.214
309,313.0,7.423
310,314.0,6.46
311,315.0,7.584
312,316.0,9.094
313,317.0,6.068
314,318.0,8.306
315,319.0,6.269
316,320.0,7.263
317,321.0,8.025
318,322.0,6.269
319,323.0,6.631
320,324.0,6.189
321,325.0,6.35
322,326.0,6.35
323,327.0,6.35
324,328.0,9.575
325,329.0,7.343
326,330.0,7.784
327,331.0,8.974
328,332.0,8.814
329,333.0,7.865
330,334.0,9.374
331,335.0,7.503
332,336.0,6.229
333,337.0,6.229
334,338.0,9.254
335,339.0,6.43
336,340.0,6.701
337,342.0,8.065
338,343.0,8.613
339,344.0,6.3
340,345.0,7.102
341,346.0,7.463
342,347.0,6.741
343,348.0,7.463
344,349.0,6.189
345,350.0,7.142
346,351.0,6.149
347,352.0,6.511
348,353.0,6.39
349,354.0,6.701
350,355.0,6.189
351,356.0,7.584
352,357.0,9.975
353,358.0,6.752
354,359.0,9.775
355,360.0,6.821
356,361.0,10.056
357,362.0,7.022
358,363.0,10.176
359,364.0,6.229
360,365.0,5.868
361,366.0,6.028
362,367.0,6.982
363,368.0,8.693
364,369.0,7.985
365,370.0,6.38
366,371.0,7.223
367,372.0,9.495
368,373.0,5.988
369,374.0,7.905
370,375.0,6.189
371,376.0,7.022
372,377.0,8.547
373,378.0,6.229
374,379.0,6.551
375,380.0,6.109
376,381.0,6.31
377,382.0,6.35
378,383.0,6.229
379,384.0,9.775
380,385.0,7.182
381,386.0,8.226
382,387.0,8.386
383,388.0,9.094
384,389.0,7.865
385,390.0,9.615
386,391.0,7.142
387,392.0,6.189
388,393.0,6.39
389,394.0,9.214
390,395.0,7.343
391,396.0,6.5
392,397.0,7.624
393,398.0,9.094
394,399.0,6.269
395,400.0,6.821
396,401.0,8.145
397,402.0,6.671
398,403.0,8.226
399,404.0,6.229
400,405.0,6.821
401,406.0,6.028
402,407.0,6.35
403,408.0,6.39
404,409.0,6.551
405,410.0,6.109
406,411.0,8.145
407,412.0,9.134
408,413.0,6.551
409,414.0,9.935
410,416.0,6.701
411,417.0,10.176
412,418.0,7.744
413,419.0,9.294
414,420.0,6.31
415,421.0,6.028
416,422.0,6.35
417,423.0,6.701
418,424.0,8.025
419,425.0,8.733
420,426.0,6.34
421,427.0,7.102
422,428.0,8.894
423,429.0,5.908
424,430.0,7.503
425,431.0,6.189
426,432.0,6.902
427,433.0,8.467
428,434.0,6.229
429,435.0,6.511
430,436.0,6.189
431,437.0,6.35
432,438.0,6.39
433,439.0,6.149
434,440.0,9.975
435,441.0,7.022
436,442.0,8.707
437,443.0,7.905
438,444.0,9.415
439,445.0,7.503
440,446.0,9.815
441,447.0,6.902
442,448.0,6.229
443,449.0,6.229
444,450.0,8.587
445,451.0,8.025
446,452.0,6.39
447,453.0,7.263
448,454.0,9.495
449,455.0,6.821
450,456.0,6.621
451,457.0,8.693
452,458.0,6.591
453,459.0,8.667
454,460.0,6.189
455,461.0,6.621
456,462.0,6.028
457,463.0,6.229
458,464.0,6.35
459,465.0,6.39
460,466.0,6.39
461,467.0,8.547
462,468.0,8.547
463,469.0,6.39
464,470.0,10.056
465,471.0,6.982
466,472.0,10.176
467,473.0,8.186
468,474.0,8.613
469,475.0,6.229
470,476.0,6.028
471,477.0,7.182
472,478.0,6.46
473,479.0,7.664
474,480.0,9.134
475,481.0,6.269
476,482.0,6.821
477,483.0,8.346
478,484.0,5.827
479,485.0,7.223
480,486.0,6.189
481,487.0,6.741
482,488.0,7.905
483,489.0,6.149
484,490.0,6.47
485,491.0,6.781
486,492.0,6.229
487,494.0,6.35
488,495.0,6.068
489,496.0,10.056
490,497.0,6.902
491,498.0,9.014
492,499.0,7.744
493,500.0,9.615
494,501.0,7.182
495,502.0,9.935
496,503.0,6.701
497,504.0,6.149
498,505.0,6.109
499,506.0,8.025
500,507.0,8.653
501,508.0,6.35
502,509.0,7.102
503,510.0,8.974
504,511.0,7.664
505,512.0,6.46
506,513.0,9.174
507,514.0,6.671
508,515.0,8.266
509,516.0,6.269
510,517.0,6.551
511,518.0,6.149
512,519.0,6.189
513,520.0,6.43
514,521.0,6.43
515,522.0,6.781
516,523.0,8.934
517,524.0,8.025
518,525.0,6.39
519,526.0,10.176
520,527.0,7.624
521,528.0,9.415
522,529.0,8.627
523,530.0,8.145
524,531.0,6.229
525,532.0,6.109
526,533.0,7.905
527,534.0,6.3
528,535.0,7.263
529,536.0,9.495
530,537.0,6.781
531,538.0,6.621
532,539.0,7.865
533,540.0,5.948
534,541.0,7.062
535,542.0,6.189
536,543.0,6.54
537,544.0,7.544
538,545.0,6.109
539,546.0,6.43
540,547.0,6.58
541,548.0,6.149
542,549.0,6.31
543,550.0,6.028
544,551.0,10.136
545,552.0,6.792
546,553.0,9.254
547,554.0,7.584
548,555.0,9.735
549,556.0,6.942
550,557.0,10.016
551,558.0,6.54
552,559.0,6.068
553,560.0,6.068
554,561.0,7.664
555,562.0,9.014
556,563.0,6.31
557,564.0,6.902
558,565.0,8.453
559,566.0,8.145
560,567.0,6.31
561,568.0,9.374
562,569.0,6.511
563,571.0,8.025
564,572.0,6.631
565,573.0,6.47
566,574.0,6.752
567,575.0,6.39
568,576.0,6.35
569,577.0,6.39
570,578.0,6.631
571,579.0,9.174
572,580.0,7.744
573,581.0,6.551
574,582.0,10.216
575,583.0,8.025
576,584.0,8.894
577,585.0,8.854
578,586.0,7.824
579,587.0,6.229
580,588.0,6.149
581,589.0,8.346
582,590.0,6.35
583,591.0,7.223
584,592.0,9.214
585,593.0,7.463
586,594.0,6.5
587,595.0,7.503
588,596.0,6.028
589,597.0,6.982
590,598.0,6.189
591,599.0,6.43
592,600.0,7.343
593,601.0,6.109
594,602.0,6.39
595,603.0,6.47
596,604.0,6.109
597,605.0,6.43
598,606.0,6.31
599,607.0,10.216
600,608.0,6.752
601,609.0,9.455
602,610.0,7.303
603,611.0,9.855
604,612.0,6.741
605,613.0,10.136
606,614.0,6.39
607,615.0,5.988
608,616.0,5.948
609,617.0,7.343
610,618.0,9.374
611,619.0,6.551
612,620.0,6.701
613,621.0,7.985
614,622.0,8.653
615,623.0,6.189
616,624.0,8.854
617,625.0,6.43
618,626.0,7.584
619,627.0,7.343
620,628.0,6.35
621,629.0,6.551
622,630.0,6.31
623,631.0,6.35
624,632.0,6.39
625,633.0,6.47
626,634.0,9.374
627,635.0,7.584
628,636.0,7.142
629,637.0,9.655
630,638.0,8.467
631,639.0,8.306
632,640.0,9.174
633,641.0,7.824
634,642.0,6.229
635,643.0,6.189
636,644.0,8.894
637,645.0,6.31
638,647.0,6.902
639,648.0,8.493
640,649.0,8.145
641,650.0,6.31
642,651.0,7.182
643,652.0,6.741
644,653.0,6.832
645,654.0,6.792
646,655.0,6.269
647,656.0,7.022
648,657.0,6.068
649,658.0,6.39
650,659.0,6.35
651,660.0,6.792
652,661.0,6.269
653,662.0,7.022
654,663.0,10.256
655,664.0,6.942
656,665.0,9.655
657,666.0,7.062
658,667.0,10.016
659,668.0,6.701
660,669.0,10.176
661,670.0,6.31
662,671.0,5.908
663,672.0,5.988
664,673.0,7.263
665,674.0,9.214
666,675.0,7.343
667,676.0,6.5
668,677.0,7.584
669,678.0,9.094
670,679.0,6.068
671,680.0,8.346
672,681.0,6.269
673,682.0,7.303
674,683.0,7.985
675,684.0,6.31
676,685.0,6.631
677,686.0,6.229
678,687.0,6.35
679,688.0,6.35
680,689.0,6.35
681,690.0,9.575
682,691.0,7.383
683,692.0,7.664
684,693.0,9.094
685,694.0,8.774
686,695.0,7.945
687,696.0,9.334
688,697.0,7.544
689,698.0,6.229
690,699.0,6.189
691,700.0,9.214
692,701.0,6.269
693,702.0,6.741
694,703.0,8.186
695,704.0,8.493
696,705.0,6.31
697,706.0,7.223
698,707.0,7.263
699,708.0,6.792
700,709.0,7.303
701,710.0,6.229
702,711.0,6.902
703,712.0,6.068
704,713.0,6.511
705,714.0,6.269
706,715.0,6.781
707,716.0,6.229
708,717.0,7.383
709,718.0,10.216
710,719.0,6.832
711,720.0,9.735
712,721.0,6.902
713,722.0,10.016
714,723.0,6.781
715,725.0,10.216
716,726.0,6.229
717,727.0,5.868
718,728.0,5.988
719,729.0,7.022
720,730.0,8.854
721,731.0,7.784
722,732.0,6.42
723,733.0,7.343
724,734.0,9.374
725,735.0,6.028
726,736.0,8.065
727,737.0,6.229
728,738.0,7.142
729,739.0,8.346
730,740.0,6.31
731,741.0,6.551
732,742.0,6.189
733,743.0,6.31
734,744.0,6.39
735,745.0,6.269
736,746.0,9.735
737,747.0,7.263
738,748.0,7.985
739,749.0,8.667
740,750.0,8.934
741,751.0,7.624
742,752.0,9.495
743,753.0,7.303
744,754.0,6.189
745,755.0,6.189
746,756.0,9.415
747,757.0,6.902
748,758.0,6.58
749,759.0,7.824
750,760.0,8.894
751,761.0,6.269
752,762.0,6.942
753,763.0,7.784
754,764.0,6.712
755,765.0,7.824
756,766.0,6.229
757,767.0,6.861
758,768.0,6.028
759,769.0,6.39
760,770.0,6.39
761,771.0,6.631
762,772.0,6.149
763,773.0,7.784
764,774.0,9.615
765,775.0,6.671
766,776.0,9.855
767,777.0,6.741
768,778.0,10.136
769,779.0,7.303
770,780.0,9.895
771,781.0,6.149
772,782.0,5.948
773,783.0,6.028
774,784.0,6.902
775,785.0,8.413
776,786.0,8.226
777,787.0,6.3
778,788.0,7.142
779,789.0,9.455
780,790.0,5.988
781,791.0,7.824
782,792.0,6.149
783,793.0,6.942
784,794.0,8.613
785,795.0,6.229
786,796.0,6.551
787,797.0,6.149
788,798.0,6.31
789,799.0,6.35
790,801.0,6.189
791,802.0,9.855
792,803.0,7.142
793,804.0,8.386
794,805.0,8.266
795,806.0,9.214
796,807.0,7.784
797,808.0,9.695
798,809.0,7.062
799,810.0,6.229
800,811.0,6.35
801,812.0,9.054
802,813.0,7.544
803,814.0,6.5
804,815.0,7.503
805,816.0,9.254
806,817.0,6.269
807,818.0,6.821
808,819.0,8.226
809,820.0,6.671
810,821.0,8.266
811,822.0,6.269
812,823.0,6.741
813,824.0,6.068
814,825.0,6.31
815,826.0,6.35
816,827.0,6.551
817,828.0,6.109
818,829.0,8.145
819,830.0,9.094
820,831.0,6.5
821,832.0,9.975
822,833.0,6.701
823,834.0,10.176
824,835.0,7.704
825,836.0,9.254
826,837.0,6.269
827,838.0,5.988
828,839.0,6.31
829,840.0,6.701
830,841.0,8.025
831,842.0,8.653
832,843.0,6.259
833,844.0,7.102
834,845.0,8.894
835,846.0,5.908
836,847.0,7.503
837,848.0,6.149
838,849.0,6.902
839,850.0,8.426
840,851.0,6.189
841,852.0,6.511
842,853.0,6.149
843,854.0,6.35
844,855.0,6.31
845,856.0,6.149
846,857.0,9.935
847,858.0,7.022
848,859.0,8.627
849,860.0,7.905
850,861.0,9.374
851,862.0,7.503
852,863.0,9.775
853,864.0,6.902
854,865.0,6.229
855,866.0,6.229
856,867.0,8.613
857,868.0,7.985
858,869.0,6.38
859,870.0,7.263
860,871.0,9.495
861,872.0,6.781
862,873.0,6.661
863,874.0,8.693
864,875.0,6.631
865,877.0,8.613
866,878.0,6.269
867,879.0,6.661
868,880.0,6.068
869,881.0,6.229
870,882.0,6.39
871,883.0,6.39
872,884.0,6.39
873,885.0,8.547
874,886.0,8.573
875,887.0,6.39
876,888.0,10.056
877,889.0,6.942
878,890.0,10.176
879,891.0,8.145
880,892.0,8.693
881,893.0,6.229
882,894.0,6.109
883,895.0,7.102
884,896.0,6.54
885,897.0,7.624
886,898.0,9.134
887,899.0,6.269
888,900.0,6.942
889,901.0,8.373
890,902.0,5.908
891,903.0,7.223
892,904.0,6.189
893,905.0,6.701
894,906.0,8.065
895,907.0,6.149
896,908.0,6.47
897,909.0,6.821
898,910.0,6.229
899,911.0,6.31
900,912.0,6.068
901,913.0,10.016
902,914.0,6.902
903,915.0,8.934
904,916.0,7.664
905,917.0,9.535
906,918.0,7.223
907,919.0,9.895
908,920.0,6.701
909,921.0,6.149
910,922.0,6.149
911,923.0,8.145
912,924.0,8.493
913,925.0,6.3
914,926.0,7.182
915,927.0,9.134
916,928.0,7.463
917,929.0,6.46
918,930.0,9.054
919,931.0,6.671
920,932.0,8.426
921,933.0,6.229
922,934.0,6.551
923,935.0,6.028
924,936.0,6.149
925,937.0,6.35
926,938.0,6.31
927,939.0,6.832
928,940.0,8.774
929,941.0,8.226
930,942.0,6.31
931,943.0,10.136
932,944.0,7.343
933,945.0,9.775
934,946.0,8.426
935,947.0,8.386
936,948.0,6.229
937,949.0,6.109
938,950.0,7.544
939,951.0,6.42
940,953.0,7.383
941,954.0,9.334
942,955.0,6.35
943,956.0,6.781
944,957.0,8.065
945,958.0,5.948
946,959.0,7.142
947,960.0,6.189
948,961.0,6.58
949,962.0,7.824
950,963.0,6.149
951,964.0,6.47
952,965.0,6.701
953,966.0,6.229
954,967.0,6.31
955,968.0,6.109
956,969.0,10.096
957,970.0,6.913
958,971.0,9.094
959,972.0,7.865
960,973.0,9.655
961,974.0,7.142
962,975.0,9.935
963,976.0,6.661
964,977.0,6.109
965,978.0,6.149
966,979.0,7.905
967,980.0,8.774
968,981.0,6.269
969,982.0,7.102
970,983.0,8.774
971,984.0,7.865
972,985.0,6.38
973,986.0,9.294
974,987.0,6.591
975,988.0,8.186
976,989.0,6.229
977,990.0,6.47
978,991.0,6.269
979,992.0,6.109
980,993.0,6.35
981,994.0,6.39
982,995.0,6.671
983,996.0,9.014
984,997.0,7.905
985,998.0,6.39
986,999.0,10.216
987,1000.0,7.784
988,1001.0,9.174
989,1002.0,8.693
990,1003.0,7.985
991,1004.0,6.229
992,1005.0,6.109
993,1006.0,8.105
994,1007.0,6.3
995,1008.0,7.142
996,1009.0,9.535
997,1010.0,7.062
998,1011.0,6.54
999,1012.0,7.704
1000,1013.0,5.988
1001,1014.0,7.022
1002,1015.0,6.189
1003,1016.0,6.47
1004,1017.0,7.503
1005,1018.0,6.109
1006,1019.0,6.43
1007,1020.0,6.591
1008,1021.0,6.149
1009,1022.0,6.31
1010,1023.0,6.068
1011,1024.0,10.136
1012,1025.0,6.792
1013,1026.0,9.294
1014,1027.0,7.463
1015,1028.0,9.775
1016,1030.0,6.861
1017,1031.0,10.016
1018,1032.0,6.46
1019,1033.0,5.988
1020,1034.0,6.028
1021,1035.0,7.503
1022,1036.0,9.174
1023,1037.0,6.269
1024,1038.0,6.821
1025,1039.0,8.293
1026,1040.0,8.346
1027,1041.0,6.219
1028,1042.0,9.254
1029,1043.0,6.43
1030,1044.0,7.824
1031,1045.0,6.821
1032,1046.0,6.43
1033,1047.0,6.631
1034,1048.0,6.39
1035,1049.0,6.31
1036,1050.0,6.43
1037,1051.0,6.551
1038,1052.0,9.254
1039,1053.0,7.704
1040,1054.0,6.792
1041,1055.0,10.096
1042,1056.0,8.226
1043,1057.0,8.653
1044,1058.0,8.974
1045,1059.0,7.664
1046,1060.0,6.269
1047,1061.0,6.149
1048,1062.0,8.533
1049,1063.0,6.269
1050,1064.0,7.142
1051,1065.0,8.974
1052,1066.0,7.624
1053,1067.0,6.42
1054,1068.0,7.423
1055,1069.0,6.028
1056,1070.0,6.942
1057,1071.0,6.189
1058,1072.0,6.43
1059,1073.0,7.263
1060,1074.0,6.068
1061,1075.0,6.43
1062,1076.0,6.47
1063,1077.0,6.109
1064,1078.0,6.39
1065,1079.0,6.31
1066,1080.0,10.216
1067,1081.0,6.792
1068,1082.0,9.455
1069,1083.0,7.223
1070,1084.0,9.855
1071,1085.0,6.741
1072,1086.0,10.096
1073,1087.0,6.38
1074,1088.0,5.988
1075,1089.0,5.988
1076,1090.0,7.303
1077,1091.0,9.455
1078,1092.0,6.621
1079,1093.0,6.701
1080,1094.0,7.985
1081,1095.0,8.653
1082,1096.0,6.179
1083,1097.0,8.854
1084,1098.0,6.39
1085,1099.0,7.584
1086,1100.0,7.343
1087,1101.0,6.39
1088,1102.0,6.551
1089,1103.0,6.31
1090,1104.0,6.35
1091,1105.0,6.39
1092,1107.0,6.47
1093,1108.0,9.374
1094,1109.0,7.584
1095,1110.0,7.182
1096,1111.0,9.655
1097,1112.0,8.467
1098,1113.0,8.306
1099,1114.0,9.174
1100,1115.0,7.824
1101,1116.0,6.229
1102,1117.0,6.149
1103,1118.0,8.934
1104,1119.0,6.269
1105,1120.0,6.982
1106,1121.0,8.493
1107,1122.0,8.186
1108,1123.0,6.3
1109,1124.0,7.985
1110,1125.0,6.741
1111,1126.0,6.861
1112,1127.0,6.712
1113,1128.0,6.31
1114,1129.0,7.062
1115,1130.0,6.068
1116,1131.0,6.39
1117,1132.0,6.35
1118,1133.0,6.661
1119,1134.0,6.31
1120,1135.0,6.942
1121,1136.0,10.256
1122,1137.0,6.942
1123,1138.0,9.615
1124,1139.0,7.022
1125,1140.0,9.975
1126,1141.0,6.661
1127,1142.0,10.176
1128,1143.0,6.259
1129,1144.0,5.868
1130,1145.0,5.988
1131,1146.0,7.223
1132,1147.0,9.254
1133,1148.0,7.343
1134,1149.0,6.5
1135,1150.0,7.544
1136,1151.0,9.094
1137,1152.0,6.068
1138,1153.0,8.346
1139,1154.0,6.269
1140,1155.0,7.303
1141,1156.0,7.905
1142,1157.0,6.31
1143,1158.0,6.631
1144,1159.0,6.229
1145,1160.0,6.31
1146,1161.0,6.39
1147,1162.0,6.35
1148,1163.0,9.575
1149,1164.0,7.383
1150,1165.0,7.704
1151,1166.0,9.054
1152,1167.0,8.733
1153,1168.0,7.945
1154,1169.0,9.374
1155,1170.0,7.544
1156,1171.0,6.229
1157,1172.0,6.189
1158,1173.0,9.254
1159,1174.0,6.31
1160,1175.0,6.781
1161,1176.0,8.105
1162,1177.0,8.573
1163,1178.0,6.31
1164,1179.0,7.182
1165,1180.0,7.343
1166,1182.0,6.832
1167,1183.0,7.383
1168,1184.0,6.269
1169,1185.0,6.861
1170,1186.0,6.109
1171,1187.0,6.47
1172,1188.0,6.39
1173,1189.0,6.741
1174,1190.0,6.269
1175,1191.0,7.463
1176,1192.0,10.136
1177,1193.0,6.781
1178,1194.0,9.775
1179,1195.0,6.821
1180,1196.0,10.096
1181,1197.0,6.861
1182,1198.0,10.216
1183,1199.0,6.189
1184,1200.0,5.868
1185,1201.0,6.028
1186,1202.0,7.022
1187,1203.0,8.774
1188,1204.0,7.824
1189,1205.0,6.38
1190,1206.0,7.303
1191,1207.0,9.334
1192,1208.0,5.988
1193,1209.0,8.025
1194,1210.0,6.229
1195,1211.0,7.102
1196,1212.0,8.346
1197,1213.0,6.269
1198,1214.0,6.591
1199,1215.0,6.149
1200,1216.0,6.31
1201,1217.0,6.35
1202,1218.0,6.269
1203,1219.0,9.695
1204,1220.0,7.223
1205,1221.0,8.025
1206,1222.0,8.693
1207,1223.0,8.974
1208,1224.0,7.664
1209,1225.0,9.495
1210,1226.0,7.303
1211,1227.0,6.189
1212,1228.0,6.189
1213,1229.0,9.455
1214,1230.0,6.861
1215,1231.0,6.621
1216,1232.0,7.824
1217,1233.0,8.854
1218,1234.0,6.269
1219,1235.0,7.022
1220,1236.0,7.704
1221,1237.0,6.712
1222,1238.0,7.744
1223,1239.0,6.229
1224,1240.0,6.861
1225,1241.0,6.109
1226,1242.0,6.43
1227,1243.0,6.43
1228,1244.0,6.621
1229,1245.0,6.229
1230,1246.0,7.824
1231,1247.0,9.615
1232,1248.0,6.621
1233,1249.0,9.855
1234,1250.0,6.701
1235,1251.0,10.136
1236,1252.0,7.263
1237,1253.0,9.935
1238,1254.0,6.189
1239,1255.0,6.028
1240,1256.0,6.028
1241,1257.0,6.902
1242,1258.0,8.413
1243,1260.0,8.306
1244,1261.0,6.3
1245,1262.0,7.182
1246,1263.0,9.455
1247,1264.0,6.028
1248,1265.0,7.784
1249,1266.0,6.229
1250,1267.0,6.942
1251,1268.0,8.653
1252,1269.0,6.229
1253,1270.0,6.551
1254,1271.0,6.109
1255,1272.0,6.31
1256,1273.0,6.35
1257,1274.0,6.189
1258,1275.0,9.775
1259,1276.0,7.142
1260,1277.0,8.266
1261,1278.0,8.333
1262,1279.0,9.134
1263,1280.0,7.824
1264,1281.0,9.615
1265,1282.0,7.102
1266,1283.0,6.189
1267,1284.0,6.39
1268,1285.0,9.174
1269,1286.0,7.383
1270,1287.0,6.5
1271,1288.0,7.584
1272,1289.0,9.134
1273,1290.0,6.269
1274,1291.0,6.821
1275,1292.0,8.145
1276,1293.0,6.661
1277,1294.0,8.186
1278,1295.0,6.229
1279,1296.0,6.781
1280,1297.0,6.068
1281,1298.0,6.35
1282,1299.0,6.39
1283,1300.0,6.5
1284,1301.0,6.149
1285,1302.0,8.065
1286,1303.0,9.214
1287,1304.0,6.551
1288,1305.0,9.935
1289,1306.0,6.701
1290,1307.0,10.176
1291,1308.0,7.584
1292,1309.0,9.415
1293,1310.0,6.219
1294,1311.0,6.028
1295,1312.0,6.109
1296,1313.0,6.781
1297,1314.0,8.105
1298,1315.0,8.733
1299,1316.0,6.3
1300,1317.0,7.182
1301,1318.0,9.014
1302,1319.0,5.948
1303,1320.0,7.544
1304,1321.0,6.189
1305,1322.0,6.821
1306,1323.0,8.507
1307,1324.0,6.189
1308,1325.0,6.591
1309,1326.0,6.068
1310,1327.0,6.39
1311,1328.0,6.35
1312,1329.0,6.189
1313,1330.0,9.895
1314,1331.0,7.102
1315,1332.0,8.547
1316,1333.0,8.065
1317,1334.0,9.334
1318,1335.0,7.664
1319,1336.0,9.695
1320,1338.0,7.022
1321,1339.0,6.189
1322,1340.0,6.31
1323,1341.0,8.733
1324,1342.0,7.784
1325,1343.0,6.38
1326,1344.0,7.383
1327,1345.0,9.334
1328,1346.0,6.47
1329,1347.0,6.701
1330,1348.0,8.467
1331,1349.0,6.631
1332,1350.0,8.467
1333,1351.0,6.229
1334,1352.0,6.701
1335,1353.0,6.028
1336,1354.0,6.269
1337,1355.0,6.35
1338,1356.0,6.47
1339,1357.0,6.068
1340,1358.0,8.346
1341,1359.0,8.854
1342,1360.0,6.47
1343,1361.0,10.016
1344,1362.0,6.661
1345,1363.0,10.256
1346,1364.0,7.905
1347,1365.0,9.094
1348,1366.0,6.269
1349,1367.0,6.068
1350,1368.0,6.701
1351,1369.0,6.621
1352,1370.0,7.824
1353,1371.0,8.934
1354,1372.0,6.31
1355,1373.0,7.022
1356,1374.0,8.613
1357,1375.0,5.908
1358,1376.0,7.383
1359,1377.0,6.189
1360,1378.0,6.821
1361,1379.0,8.226
1362,1380.0,6.229
1363,1381.0,6.511
1364,1382.0,6.631
1365,1383.0,6.31
1366,1384.0,6.31
1367,1385.0,6.149
1368,1386.0,9.975
1369,1387.0,6.982
1370,1388.0,8.814
1371,1389.0,7.784
1372,1390.0,9.495
1373,1391.0,7.383
1374,1392.0,9.815
1375,1393.0,6.821
1376,1394.0,6.149
1377,1395.0,6.229
1378,1396.0,8.333
1379,1397.0,8.306
1380,1398.0,6.3
1381,1399.0,7.223
1382,1400.0,9.455
1383,1401.0,7.142
1384,1402.0,6.54
1385,1403.0,8.894
1386,1404.0,6.591
1387,1405.0,8.733
1388,1406.0,6.229
1389,1407.0,6.42
1390,1408.0,5.707
1391,1409.0,6.551
1392,1410.0,6.39
1393,1411.0,6.35
1394,1412.0,6.39
1395,1413.0,6.54
1396,1414.0,9.294
1397,1416.0,7.704
1398,1417.0,6.821
1399,1418.0,10.136
1400,1419.0,8.266
1401,1420.0,8.573
1402,1421.0,9.014
1403,1422.0,7.624
1404,1423.0,6.229
1405,1424.0,6.149
1406,1425.0,8.573
1407,1426.0,6.3
1408,1427.0,7.102
1409,1428.0,8.894
1410,1429.0,7.704
1411,1430.0,6.38
1412,1431.0,7.383
1413,1432.0,6.068
1414,1433.0,6.942
1415,1434.0,6.189
1416,1435.0,6.38
1417,1436.0,7.182
1418,1437.0,5.313
1419,1438.0,6.068
1420,1439.0,6.47
1421,1440.0,6.621
1422,1441.0,6.189
1423,1442.0,6.35
1424,1443.0,6.028
1425,1444.0,10.136
1426,1445.0,6.821
1427,1446.0,9.254
1428,1447.0,7.624
1429,1448.0,9.735
1430,1449.0,6.942
1431,1450.0,10.016
1432,1451.0,6.54
1433,1452.0,6.028
1434,1453.0,6.068
1435,1454.0,7.704
1436,1455.0,9.094
1437,1456.0,6.31
1438,1457.0,6.942
1439,1458.0,8.453
1440,1459.0,8.186
1441,1460.0,6.3
1442,1461.0,9.374
1443,1462.0,6.511
1444,1463.0,7.945
1445,1464.0,6.551
1446,1465.0,6.189
1447,1466.0,4.846
1448,1467.0,5.868
1449,1468.0,6.35
1450,1469.0,6.35
1451,1470.0,6.821
1452,1471.0,6.31
1453,1472.0,7.142
1454,1473.0,10.336
1455,1474.0,6.861
1456,1475.0,9.735
1457,1476.0,7.062
1458,1477.0,10.136
1459,1478.0,6.661
1460,1479.0,10.256
1461,1480.0,6.229
1462,1481.0,5.948
1463,1482.0,5.988
1464,1483.0,7.182
1465,1484.0,9.014
1466,1485.0,7.584
1467,1486.0,6.46
1468,1487.0,7.423
1469,1488.0,9.214
1470,1489.0,6.019
1471,1490.0,8.186
1472,1491.0,6.229
1473,1493.0,7.182
1474,1494.0,8.226
1475,1495.0,5.787
1476,1496.0,5.787
1477,1497.0,6.511
1478,1498.0,6.068
1479,1499.0,6.39
1480,1500.0,6.31
1481,1501.0,6.189
1482,1502.0,9.815
1483,1503.0,7.102
1484,1504.0,8.467
1485,1505.0,8.105
1486,1506.0,9.254
1487,1507.0,7.704
1488,1508.0,9.695
1489,1509.0,6.982
1490,1510.0,6.189
1491,1511.0,6.31
1492,1512.0,8.814
1493,1513.0,7.744
1494,1514.0,6.38
1495,1515.0,7.383
1496,1516.0,9.294
1497,1517.0,6.42
1498,1518.0,6.701
1499,1519.0,8.453
1500,1520.0,6.631
1501,1521.0,8.467
1502,1522.0,6.229
1503,1523.0,6.58
1504,1524.0,5.273
1505,1525.0,5.908
1506,1526.0,6.35
1507,1527.0,6.39
1508,1528.0,6.58
1509,1529.0,6.149
1510,1530.0,7.905
1511,1531.0,9.455
1512,1532.0,6.591
1513,1533.0,9.935
1514,1534.0,6.701
1515,1535.0,10.176
1516,1536.0,7.503
1517,1537.0,9.535
1518,1538.0,6.229
1519,1539.0,5.988
1520,1540.0,6.028
1521,1541.0,6.781
1522,1542.0,8.145
1523,1543.0,8.573
1524,1544.0,6.259
1525,1545.0,7.223
1526,1546.0,9.134
1527,1547.0,5.948
1528,1548.0,7.624
1529,1549.0,6.189
1530,1550.0,6.821
1531,1551.0,8.573
1532,1552.0,5.626
1533,1553.0,5.787
1534,1554.0,6.511
1535,1555.0,6.149
1536,1556.0,6.31
1537,1557.0,6.39
1538,1558.0,6.229
1539,1559.0,9.855
1540,1560.0,7.182
1541,1561.0,8.346
1542,1562.0,8.346
1543,1563.0,9.174
1544,1564.0,7.865
1545,1565.0,9.655
1546,1566.0,7.102
1547,1568.0,6.189
1548,1569.0,6.39
1549,1570.0,9.094
1550,1571.0,7.423
1551,1572.0,6.46
1552,1573.0,7.544
1553,1574.0,9.174
1554,1575.0,6.31
1555,1576.0,6.821
1556,1577.0,8.186
1557,1578.0,6.671
1558,1579.0,8.186
1559,1580.0,6.229
1560,1581.0,6.661
1561,1582.0,5.233
1562,1583.0,5.908
1563,1584.0,6.47
1564,1585.0,6.35
1565,1586.0,6.741
1566,1587.0,6.229
1567,1588.0,7.383
1568,1589.0,10.136
1569,1590.0,6.741
1570,1591.0,9.775
1571,1592.0,6.821
1572,1593.0,10.096
1573,1594.0,6.902
1574,1595.0,10.256
1575,1596.0,6.189
1576,1597.0,5.868
1577,1598.0,5.948
1578,1599.0,7.022
1579,1600.0,8.733
1580,1601.0,7.905
1581,1602.0,6.34
1582,1603.0,7.303
1583,1604.0,9.415
1584,1605.0,6.028
1585,1606.0,7.985
1586,1607.0,6.229
1587,1608.0,7.102
1588,1609.0,8.467
1589,1610.0,5.747
1590,1611.0,5.827
1591,1612.0,6.511
1592,1613.0,6.109
1593,1614.0,6.35
1594,1615.0,6.35
1595,1616.0,6.189
1596,1617.0,9.855
1597,1618.0,7.142
1598,1619.0,8.386
1599,1620.0,8.266
1600,1621.0,9.214
1601,1622.0,7.824
1602,1623.0,9.695
1603,1624.0,7.102
1604,1625.0,6.229
1605,1626.0,6.35
1606,1627.0,9.134
1607,1628.0,7.423
1608,1629.0,6.54
1609,1630.0,7.544
1610,1631.0,9.174
1611,1632.0,6.269
1612,1633.0,6.861
1613,1634.0,8.145
1614,1635.0,6.712
1615,1636.0,8.186
1616,1637.0,6.269
1617,1638.0,6.701
1618,1639.0,5.586
1619,1640.0,5.948
1620,1641.0,6.269
1621,1642.0,6.35
1622,1644.0,6.43
1623,1645.0,6.35
1624,1646.0,8.587
1625,1647.0,8.533
1626,1648.0,6.43
1627,1649.0,10.056
1628,1650.0,6.902
1629,1651.0,10.216
1630,1652.0,8.145
1631,1653.0,8.733
1632,1654.0,6.229
1633,1655.0,6.068
1634,1656.0,7.022
1635,1657.0,6.54
1636,1658.0,7.664
1637,1659.0,9.014
1638,1660.0,6.269
1639,1661.0,6.902
1640,1662.0,8.413
1641,1663.0,5.868
1642,1664.0,7.263
1643,1665.0,6.189
1644,1666.0,6.741
1645,1667.0,8.065
1646,1668.0,5.506
1647,1669.0,5.827
1648,1670.0,6.43
1649,1671.0,6.741
1650,1672.0,6.229
1651,1673.0,6.31
1652,1674.0,6.028
1653,1675.0,10.096
1654,1676.0,6.861
1655,1677.0,9.054
1656,1678.0,7.865
1657,1679.0,9.655
1658,1680.0,7.142
1659,1681.0,9.975
1660,1682.0,6.661
1661,1683.0,6.109
1662,1684.0,6.109
1663,1685.0,7.985
1664,1686.0,8.653
1665,1687.0,6.3
1666,1688.0,7.102
1667,1689.0,8.934
1668,1690.0,7.664
1669,1691.0,6.42
1670,1692.0,9.174
1671,1693.0,6.631
1672,1694.0,8.266
1673,1695.0,6.269
1674,1696.0,6.269
1675,1697.0,5.506
1676,1698.0,5.908
1677,1699.0,6.189
1678,1700.0,6.35
1679,1701.0,6.31
1680,1702.0,6.781
1681,1703.0,8.854
1682,1704.0,8.186
1683,1705.0,6.43
1684,1706.0,10.096
1685,1707.0,7.423
1686,1708.0,9.655
1687,1709.0,8.467
1688,1710.0,8.346
1689,1711.0,6.269
1690,1712.0,6.068
1691,1713.0,7.624
1692,1714.0,6.42
1693,1715.0,7.463
1694,1716.0,9.374
1695,1717.0,6.46
1696,1718.0,6.701
1697,1719.0,8.105
1698,1720.0,5.908
1699,1722.0,7.142
1700,1723.0,6.189
1701,1724.0,6.621
1702,1725.0,7.784
1703,1726.0,5.466
1704,1727.0,5.827
1705,1728.0,6.43
1706,1729.0,6.741
1707,1730.0,6.189
1708,1731.0,6.31
1709,1732.0,6.028
1710,1733.0,10.056
1711,1734.0,6.861
1712,1735.0,9.054
1713,1736.0,7.865
1714,1737.0,9.615
1715,1738.0,7.102
1716,1739.0,9.935
1717,1740.0,6.621
1718,1741.0,6.109
1719,1742.0,6.109
1720,1743.0,7.945
1721,1744.0,8.693
1722,1745.0,6.3
1723,1746.0,7.062
1724,1747.0,8.854
1725,1748.0,7.744
1726,1749.0,6.38
1727,1750.0,9.214
1728,1751.0,6.58
1729,1752.0,8.226
1730,1753.0,6.229
1731,1754.0,6.259
1732,1755.0,5.313
1733,1756.0,5.908
1734,1757.0,6.269
1735,1758.0,6.35
1736,1759.0,6.43
1737,1760.0,6.068
1738,1761.0,8.386
1739,1762.0,8.814
1740,1763.0,6.46
1741,1764.0,10.016
1742,1765.0,6.661
1743,1766.0,10.216
1744,1767.0,7.985
1745,1768.0,8.974
1746,1769.0,6.31
1747,1770.0,6.068
1748,1771.0,6.701
1749,1772.0,6.621
1750,1773.0,7.865
1751,1774.0,8.854
1752,1775.0,6.35
1753,1776.0,7.022
1754,1777.0,8.693
1755,1778.0,5.868
1756,1779.0,7.423
1757,1780.0,6.149
1758,1781.0,6.861
1759,1782.0,8.266
1760,1783.0,5.586
1761,1784.0,5.787
1762,1785.0,6.511
1763,1786.0,6.229
1764,1787.0,6.39
1765,1788.0,6.35
1766,1789.0,6.189
1767,1790.0,9.935
1768,1791.0,7.022
1769,1792.0,8.667
1770,1793.0,7.905
1771,1794.0,9.374
1772,1795.0,7.544
1773,1796.0,9.775
1774,1797.0,6.902
1775,1798.0,6.229
1776,1800.0,6.269
1777,1801.0,8.573
1778,1802.0,8.025
1779,1803.0,6.34
1780,1804.0,7.223
1781,1805.0,9.455
1782,1806.0,6.781
1783,1807.0,6.621
1784,1808.0,8.653
1785,1809.0,6.591
1786,1810.0,8.667
1787,1811.0,6.189
1788,1812.0,6.47
1789,1813.0,5.394
1790,1814.0,5.948
1791,1815.0,6.31
1792,1816.0,6.35
1793,1817.0,6.47
1794,1818.0,6.109
1795,1819.0,8.306
1796,1820.0,8.934
1797,1821.0,6.47
1798,1822.0,9.975
1799,1823.0,6.661
1800,1824.0,10.216
1801,1825.0,7.824
1802,1826.0,9.094
1803,1827.0,6.269
1804,1828.0,6.028
1805,1829.0,6.591
1806,1830.0,6.621
1807,1831.0,7.865
1808,1832.0,8.814
1809,1833.0,6.31
1810,1834.0,7.022
1811,1835.0,8.733
1812,1836.0,5.868
1813,1837.0,7.423
1814,1838.0,6.149
1815,1839.0,6.821
1816,1840.0,8.306
1817,1841.0,5.586
1818,1842.0,5.787
1819,1843.0,6.511
1820,1844.0,6.109
1821,1845.0,6.43
1822,1846.0,6.35
1823,1847.0,6.189
1824,1848.0,9.855
1825,1849.0,7.102
1826,1850.0,8.507
1827,1851.0,8.105
1828,1852.0,9.294
1829,1853.0,7.664
1830,1854.0,9.695
1831,1855.0,7.022
1832,1856.0,6.189
1833,1857.0,6.31
1834,1858.0,8.774
1835,1859.0,7.824
1836,1860.0,6.38
1837,1861.0,7.383
1838,1862.0,9.374
1839,1863.0,6.58
1840,1864.0,6.661
1841,1865.0,8.573
1842,1866.0,6.631
1843,1867.0,8.573
1844,1868.0,6.229
1845,1869.0,6.54
1846,1870.0,5.586
1847,1871.0,5.948
1848,1872.0,6.149
1849,1873.0,6.39
1850,1874.0,6.31
1851,1875.0,6.861
1852,1877.0,8.693
1853,1878.0,8.346
1854,1879.0,6.31
1855,1880.0,10.136
1856,1881.0,7.303
1857,1882.0,9.895
1858,1883.0,8.386
1859,1884.0,8.453
1860,1885.0,6.229
1861,1886.0,6.109
1862,1887.0,7.544
1863,1888.0,6.42
1864,1889.0,7.423
1865,1890.0,9.294
1866,1891.0,6.35
1867,1892.0,6.701
1868,1893.0,8.105
1869,1894.0,5.908
1870,1895.0,7.142
1871,1896.0,6.189
1872,1897.0,6.58
1873,1898.0,7.744
1874,1899.0,5.425
1875,1900.0,5.827
1876,1901.0,6.39
1877,1902.0,6.551
1878,1903.0,6.149
1879,1904.0,6.31
1880,1905.0,6.189
1881,1906.0,10.136
1882,1907.0,6.752
1883,1908.0,9.294
1884,1909.0,7.423
1885,1910.0,9.815
1886,1911.0,6.861
1887,1912.0,10.096
1888,1913.0,6.46
1889,1914.0,5.988
1890,1915.0,6.028
1891,1916.0,7.463
1892,1917.0,9.214
1893,1918.0,6.31
1894,1919.0,6.821
1895,1920.0,8.226
1896,1921.0,8.413
1897,1922.0,6.219
1898,1923.0,9.134
1899,1924.0,6.43
1900,1925.0,7.744
1901,1926.0,6.942
1902,1927.0,6.109
1903,1928.0,5.707
1904,1929.0,6.631
1905,1930.0,6.269
1906,1931.0,6.31
1907,1932.0,6.35
1908,1933.0,6.43
1909,1934.0,9.455
1910,1935.0,7.544
1911,1936.0,7.303
1912,1937.0,9.575
1913,1938.0,8.547
1914,1939.0,8.306
1915,1940.0,9.174
1916,1941.0,7.824
1917,1942.0,6.189
1918,1943.0,6.189
1919,1944.0,8.934
1920,1945.0,6.35
1921,1946.0,6.902
1922,1947.0,8.493
1923,1948.0,8.186
1924,1949.0,6.34
1925,1950.0,7.142
1926,1951.0,6.741
1927,1953.0,6.821
1928,1954.0,6.792
1929,1955.0,6.31
1930,1956.0,7.062
1931,1957.0,5.193
1932,1958.0,5.827
1933,1959.0,6.43
1934,1960.0,6.701
1935,1961.0,6.189
1936,1962.0,6.39
1937,1963.0,6.028
1938,1964.0,10.176
1939,1965.0,6.832
1940,1966.0,9.254
1941,1967.0,7.664
1942,1968.0,9.735
1943,1969.0,6.982
1944,1970.0,9.975
1945,1971.0,6.54
1946,1972.0,6.028
1947,1973.0,6.068
1948,1974.0,7.704
1949,1975.0,8.934
1950,1976.0,6.269
1951,1977.0,6.942
1952,1978.0,8.533
1953,1979.0,8.105
1954,1980.0,6.3
1955,1981.0,9.374
1956,1982.0,6.511
1957,1983.0,7.985
1958,1984.0,6.43
1959,1985.0,6.149
1960,1986.0,4.999
1961,1987.0,5.868
1962,1988.0,6.35
1963,1989.0,6.39
1964,1990.0,6.591
1965,1991.0,6.149
1966,1992.0,7.865
1967,1993.0,9.575
1968,1994.0,6.631
1969,1995.0,9.855
1970,1996.0,6.661
1971,1997.0,10.136
1972,1998.0,7.303
1973,1999.0,9.775
1974,2000.0,6.109
1975,2001.0,5.948
1976,2002.0,5.988
1977,2003.0,6.821
1978,2004.0,8.346
1979,2005.0,8.386
1980,2006.0,6.269
1981,2007.0,7.223
1982,2008.0,9.294
1983,2009.0,5.948
1984,2010.0,7.744
1985,2011.0,6.149
1986,2012.0,6.902
1987,2013.0,8.733
1988,2014.0,5.626
1989,2015.0,5.474
1990,2016.0,6.511
1991,2017.0,6.269
1992,2018.0,6.35
1993,2019.0,6.43
1994,2020.0,6.631
1995,2021.0,9.134
1996,2022.0,7.784
1997,2023.0,6.39
1998,2024.0,10.176
1999,2025.0,7.945
2000,2026.0,8.974
2001,2027.0,8.814
2002,2028.0,7.865
2003,2030.0,6.229
2004,2031.0,6.109
2005,2032.0,8.266
2006,2033.0,6.269
2007,2034.0,7.303
2008,2035.0,9.254
2009,2036.0,7.303
2010,2037.0,6.5
2011,2038.0,7.624
2012,2039.0,5.988
2013,2040.0,7.022
2014,2041.0,6.189
2015,2042.0,6.47
2016,2043.0,7.383
2017,2044.0,5.385
2018,2045.0,5.787
2019,2046.0,6.47
2020,2047.0,6.792
2021,2048.0,6.31
2022,2049.0,6.35
2023,2050.0,6.109
2024,2051.0,10.056
2025,2052.0,6.953
2026,2053.0,8.974
2027,2054.0,7.784
2028,2055.0,9.575
2029,2056.0,7.263
2030,2057.0,9.895
2031,2058.0,6.741
2032,2059.0,6.109
2033,2060.0,6.149
2034,2061.0,8.105
2035,2062.0,8.507
2036,2063.0,6.3
2037,2064.0,7.223
2038,2065.0,9.094
2039,2066.0,7.463
2040,2067.0,6.42
2041,2068.0,9.054
2042,2069.0,6.631
2043,2070.0,8.386
2044,2071.0,6.229
2045,2072.0,6.31
2046,2073.0,5.586
2047,2074.0,6.189
2048,2075.0,6.109
2049,2076.0,6.35
2050,2077.0,6.39
2051,2078.0,6.671
2052,2079.0,9.014
2053,2080.0,7.905
2054,2081.0,6.39
2055,2082.0,10.176
2056,2083.0,7.784
2057,2084.0,9.174
2058,2085.0,8.707
2059,2086.0,8.025
2060,2087.0,6.229
2061,2088.0,6.109
2062,2089.0,8.065
2063,2090.0,6.31
2064,2091.0,7.142
2065,2092.0,9.535
2066,2093.0,7.022
2067,2094.0,6.58
2068,2095.0,7.744
2069,2096.0,5.948
2070,2097.0,7.022
2071,2098.0,6.229
2072,2099.0,6.511
2073,2100.0,7.463
2074,2101.0,5.385
2075,2102.0,5.908
2076,2103.0,6.39
2077,2104.0,6.39
2078,2105.0,6.229
2079,2107.0,6.35
2080,2108.0,6.591
2081,2109.0,10.256
2082,2110.0,7.113
2083,2111.0,9.575
2084,2112.0,7.182
2085,2113.0,9.935
2086,2114.0,6.741
2087,2115.0,10.096
2088,2116.0,6.35
2089,2117.0,5.908
2090,2118.0,5.948
2091,2119.0,7.182
2092,2120.0,9.535
2093,2121.0,6.982
2094,2122.0,6.621
2095,2123.0,7.784
2096,2124.0,8.894
2097,2125.0,6.109
2098,2126.0,8.613
2099,2127.0,6.31
2100,2128.0,7.423
2101,2129.0,7.664
2102,2130.0,5.988
2103,2131.0,5.667
2104,2132.0,6.551
2105,2133.0,6.31
2106,2134.0,6.35
2107,2135.0,6.39
2108,2136.0,6.511
2109,2137.0,9.334
2110,2138.0,7.664
2111,2139.0,6.982
2112,2140.0,9.935
2113,2141.0,8.346
2114,2142.0,8.507
2115,2143.0,9.054
2116,2144.0,7.744
2117,2145.0,6.189
2118,2146.0,6.149
2119,2147.0,8.733
2120,2148.0,6.269
2121,2149.0,7.022
2122,2150.0,8.693
2123,2151.0,7.905
2124,2152.0,6.34
2125,2153.0,7.263
2126,2154.0,6.35
2127,2155.0,6.861
2128,2156.0,6.43
2129,2157.0,6.35
2130,2158.0,7.102
2131,2159.0,5.345
2132,2160.0,5.868
2133,2161.0,6.39
2134,2162.0,6.35
2135,2163.0,6.741
2136,2164.0,6.269
2137,2165.0,6.982
2138,2166.0,10.256
2139,2167.0,6.902
2140,2168.0,9.655
2141,2169.0,6.982
2142,2170.0,9.975
2143,2171.0,6.661
2144,2172.0,10.136
2145,2173.0,6.269
2146,2174.0,5.868
2147,2175.0,5.948
2148,2176.0,7.182
2149,2177.0,9.174
2150,2178.0,7.423
2151,2179.0,6.5
2152,2180.0,7.503
2153,2181.0,9.214
2154,2183.0,6.028
2155,2184.0,8.266
2156,2185.0,6.229
2157,2186.0,7.223
2158,2187.0,8.105
2159,2188.0,5.827
2160,2189.0,5.233
2161,2190.0,5.908
2162,2191.0,6.149
2163,2192.0,6.35
2164,2193.0,6.31
2165,2194.0,6.821
2166,2195.0,8.667
2167,2196.0,8.386
2168,2197.0,6.35
2169,2198.0,10.096
2170,2199.0,7.182
2171,2200.0,9.935
2172,2201.0,8.306
2173,2202.0,8.547
2174,2203.0,6.229
2175,2204.0,6.109
2176,2205.0,7.383
2177,2206.0,6.46
2178,2207.0,7.503
2179,2208.0,9.294
2180,2209.0,6.269
2181,2210.0,6.781
2182,2211.0,8.145
2183,2212.0,5.948
2184,2213.0,7.182
2185,2214.0,6.189
2186,2215.0,6.621
2187,2216.0,7.865
2188,2217.0,5.425
2189,2218.0,5.787
2190,2219.0,6.511
2191,2220.0,6.109
2192,2221.0,6.39
2193,2222.0,6.39
2194,2223.0,6.149
2195,2224.0,9.895
2196,2225.0,7.022
2197,2226.0,8.547
2198,2227.0,8.025
2199,2228.0,9.294
2200,2229.0,7.584
2201,2230.0,9.695
2202,2231.0,6.942
2203,2232.0,6.189
2204,2233.0,6.269
2205,2234.0,8.653
2206,2235.0,7.865
2207,2236.0,6.34
2208,2237.0,7.303
2209,2238.0,9.374
2210,2239.0,6.591
2211,2240.0,6.661
2212,2241.0,8.547
2213,2242.0,6.591
2214,2243.0,8.587
2215,2244.0,6.229
2216,2245.0,6.5
2217,2246.0,5.546
2218,2247.0,5.948
2219,2248.0,6.149
2220,2249.0,6.35
2221,2250.0,6.35
2222,2251.0,6.821
2223,2252.0,8.747
2224,2253.0,8.226
2225,2254.0,6.35
2226,2255.0,10.136
2227,2256.0,7.383
2228,2257.0,9.695
2229,2259.0,8.426
2230,2260.0,8.346
2231,2261.0,6.229
2232,2262.0,6.068
2233,2263.0,7.584
2234,2264.0,6.43
2235,2265.0,7.343
2236,2266.0,9.374
2237,2267.0,6.47
2238,2268.0,6.701
2239,2269.0,8.025
2240,2270.0,5.948
2241,2271.0,7.102
2242,2272.0,6.189
2243,2273.0,6.631
2244,2274.0,7.744
2245,2275.0,5.425
2246,2276.0,5.868
2247,2277.0,6.39
2248,2278.0,6.591
2249,2279.0,6.149
2250,2280.0,6.35
2251,2281.0,6.109
2252,2282.0,10.216
2253,2283.0,6.792
2254,2284.0,9.334
2255,2285.0,7.463
2256,2286.0,9.815
2257,2287.0,6.902
2258,2288.0,10.056
2259,2289.0,6.47
2260,2290.0,6.028
2261,2291.0,6.028
2262,2292.0,7.584
2263,2293.0,9.134
2264,2294.0,6.31
2265,2295.0,6.861
2266,2296.0,8.346
2267,2297.0,8.346
2268,2298.0,6.31
2269,2299.0,9.254
2270,2300.0,6.511
2271,2301.0,7.824
2272,2302.0,6.792
2273,2303.0,6.109
2274,2304.0,5.787
2275,2305.0,6.671
2276,2306.0,6.31
2277,2307.0,6.31
2278,2308.0,6.35
2279,2309.0,6.43
2280,2310.0,9.455
2281,2311.0,7.503
2282,2312.0,7.303
2283,2313.0,9.495
2284,2314.0,8.587
2285,2315.0,8.186
2286,2316.0,9.214
2287,2317.0,7.704
2288,2318.0,6.189
2289,2319.0,6.149
2290,2320.0,9.014
2291,2321.0,6.31
2292,2322.0,6.861
2293,2323.0,8.386
2294,2324.0,8.306
2295,2325.0,6.269
2296,2326.0,7.182
2297,2327.0,6.942
2298,2328.0,6.781
2299,2329.0,6.982
2300,2330.0,6.269
2301,2331.0,6.942
2302,2332.0,5.425
2303,2333.0,5.948
2304,2335.0,6.47
2305,2336.0,6.39
2306,2337.0,6.712
2307,2338.0,6.229
2308,2339.0,7.463
2309,2340.0,10.096
2310,2341.0,6.752
2311,2342.0,9.775
2312,2343.0,6.821
2313,2344.0,10.096
2314,2345.0,6.902
2315,2346.0,10.176
2316,2347.0,6.189
2317,2348.0,5.868
2318,2349.0,5.988
2319,2350.0,7.022
2320,2351.0,8.653
2321,2352.0,7.985
2322,2353.0,6.35
2323,2354.0,7.263
2324,2355.0,9.455
2325,2356.0,6.028
2326,2357.0,7.945
2327,2358.0,6.229
2328,2359.0,7.022
2329,2360.0,8.547
2330,2361.0,5.747
2331,2362.0,5.474
2332,2363.0,6.511
2333,2364.0,6.31
2334,2365.0,6.31
2335,2366.0,6.39
2336,2367.0,6.591
2337,2368.0,9.134
2338,2369.0,7.744
2339,2370.0,6.39
2340,2371.0,10.216
2341,2372.0,7.985
2342,2373.0,8.934
2343,2374.0,8.854
2344,2375.0,7.824
2345,2376.0,6.229
2346,2377.0,6.109
2347,2378.0,8.306
2348,2379.0,6.269
2349,2380.0,7.343
2350,2381.0,9.254
2351,2382.0,7.383
2352,2383.0,6.5
2353,2384.0,7.624
2354,2385.0,5.988
2355,2386.0,7.022
2356,2387.0,6.189
2357,2388.0,6.43
2358,2389.0,7.383
2359,2390.0,5.345
2360,2391.0,5.868
2361,2392.0,6.43
2362,2393.0,6.591
2363,2394.0,6.149
2364,2395.0,6.35
2365,2396.0,6.028
2366,2397.0,10.176
2367,2398.0,6.792
2368,2399.0,9.294
2369,2400.0,7.503
2370,2401.0,9.775
2371,2402.0,6.861
2372,2403.0,10.056
2373,2404.0,6.46
2374,2405.0,6.028
2375,2406.0,6.028
2376,2407.0,7.584
2377,2408.0,9.134
2378,2410.0,6.269
2379,2411.0,6.821
2380,2412.0,8.346
2381,2413.0,8.306
2382,2414.0,6.269
2383,2415.0,9.254
2384,2416.0,6.47
2385,2417.0,7.824
2386,2418.0,6.781
2387,2419.0,6.109
2388,2420.0,5.586
2389,2421.0,6.189
2390,2422.0,6.109
2391,2423.0,6.35
2392,2424.0,6.43
2393,2425.0,6.671
2394,2426.0,9.014
2395,2427.0,7.865
2396,2428.0,6.35
2397,2429.0,10.136
2398,2430.0,7.824
2399,2431.0,9.134
2400,2432.0,8.693
2401,2433.0,7.985
2402,2434.0,6.229
2403,2435.0,6.109
2404,2436.0,8.065
2405,2437.0,6.31
2406,2438.0,7.142
2407,2439.0,9.495
2408,2440.0,7.022
2409,2441.0,6.58
2410,2442.0,7.744
2411,2443.0,5.948
2412,2444.0,7.062
2413,2445.0,6.189
2414,2446.0,6.5
2415,2447.0,7.503
2416,2448.0,5.385
2417,2449.0,5.787
2418,2450.0,6.47
2419,2451.0,6.741
2420,2452.0,6.269
2421,2453.0,6.31
2422,2454.0,6.068
2423,2455.0,10.016
2424,2456.0,6.902
2425,2457.0,9.014
2426,2458.0,7.865
2427,2459.0,9.575
2428,2460.0,7.142
2429,2461.0,9.935
2430,2462.0,6.661
2431,2463.0,6.109
2432,2464.0,6.149
2433,2465.0,7.945
2434,2466.0,8.733
2435,2467.0,6.259
2436,2468.0,7.142
2437,2469.0,8.854
2438,2470.0,7.744
2439,2471.0,6.38
2440,2472.0,9.174
2441,2473.0,6.591
2442,2474.0,8.226
2443,2475.0,6.229
2444,2476.0,6.229
2445,2477.0,5.586
2446,2478.0,6.109
2447,2479.0,6.109
2448,2480.0,6.31
2449,2481.0,6.39
2450,2482.0,6.661
2451,2483.0,8.974
2452,2484.0,7.905
2453,2486.0,6.39
2454,2487.0,10.136
2455,2488.0,7.744
2456,2489.0,9.214
2457,2490.0,8.653
2458,2491.0,8.025
2459,2492.0,6.229
2460,2493.0,6.109
2461,2494.0,8.025
2462,2495.0,6.3
2463,2496.0,7.182
2464,2497.0,9.535
2465,2498.0,7.022
2466,2499.0,6.58
2467,2500.0,7.744
2468,2501.0,5.988
2469,2502.0,7.062
2470,2503.0,6.189
2471,2504.0,6.511
2472,2505.0,7.463
2473,2506.0,5.385
2474,2507.0,5.868
2475,2508.0,6.39
2476,2509.0,6.511
2477,2510.0,6.149
2478,2511.0,6.31
2479,2512.0,6.269
2480,2513.0,10.176
2481,2514.0,6.752
2482,2515.0,9.334
2483,2516.0,7.423
2484,2517.0,9.775
2485,2518.0,6.821
2486,2519.0,10.096
2487,2520.0,6.47
2488,2521.0,6.028
2489,2522.0,6.028
2490,2523.0,7.423
2491,2524.0,9.254
2492,2525.0,6.269
2493,2526.0,6.781
2494,2527.0,8.145
2495,2528.0,8.493
2496,2529.0,6.189
2497,2530.0,9.054
2498,2531.0,6.43
2499,2532.0,7.704
2500,2533.0,7.102
2501,2534.0,6.149
2502,2535.0,5.707
2503,2536.0,6.551
2504,2537.0,6.31
2505,2538.0,6.35
2506,2539.0,6.35
2507,2540.0,6.47
2508,2541.0,9.334
2509,2542.0,7.624
2510,2543.0,7.142
2511,2544.0,9.735
2512,2545.0,8.467
2513,2546.0,8.346
2514,2547.0,9.134
2515,2548.0,7.824
2516,2549.0,6.189
2517,2550.0,6.149
2518,2551.0,8.814
2519,2552.0,6.269
2520,2553.0,6.942
2521,2554.0,8.533
2522,2555.0,8.025
2523,2556.0,6.31
2524,2557.0,7.223
2525,2558.0,6.551
2526,2559.0,6.872
2527,2560.0,6.591
2528,2561.0,6.31
2529,2562.0,7.102
2530,2564.0,5.354
2531,2565.0,5.868
2532,2566.0,6.35
2533,2567.0,6.31
2534,2568.0,6.832
2535,2569.0,6.269
2536,2570.0,7.142
2537,2571.0,10.256
2538,2572.0,6.872
2539,2573.0,9.695
2540,2574.0,6.942
2541,2575.0,10.016
2542,2576.0,6.741
2543,2577.0,10.176
2544,2578.0,6.229
2545,2579.0,5.868
2546,2580.0,5.948
2547,2581.0,7.142
2548,2582.0,9.054
2549,2583.0,7.584
2550,2584.0,6.46
2551,2585.0,7.463
2552,2586.0,9.294
2553,2587.0,6.028
2554,2588.0,8.226
2555,2589.0,6.229
2556,2590.0,7.182
2557,2591.0,8.226
2558,2592.0,5.827
2559,2593.0,5.667
2560,2594.0,6.591
2561,2595.0,6.229
2562,2596.0,6.35
2563,2597.0,6.35
2564,2598.0,6.35
2565,2599.0,9.535
2566,2600.0,7.383
2567,2601.0,7.664
2568,2602.0,9.054
2569,2603.0,8.788
2570,2604.0,7.945
2571,2605.0,9.374
2572,2606.0,7.503
2573,2607.0,6.189
2574,2608.0,6.189
2575,2609.0,9.254
2576,2610.0,6.47
2577,2611.0,6.701
2578,2612.0,8.105
2579,2613.0,8.613
2580,2614.0,6.31
2581,2615.0,7.142
2582,2616.0,7.423
2583,2617.0,6.752
2584,2618.0,7.463
2585,2619.0,6.189
2586,2620.0,6.861
2587,2621.0,5.152
2588,2622.0,5.827
2589,2623.0,6.39
2590,2624.0,6.741
2591,2625.0,6.229
2592,2626.0,6.35
2593,2627.0,6.028
2594,2628.0,10.056
2595,2629.0,6.872
2596,2630.0,9.054
2597,2631.0,7.784
2598,2632.0,9.615
2599,2633.0,7.102
2600,2634.0,9.935
2601,2635.0,6.621
2602,2636.0,6.068
2603,2637.0,6.109
2604,2638.0,7.865
2605,2640.0,8.814
2606,2641.0,6.269
2607,2642.0,7.062
2608,2643.0,8.733
2609,2644.0,7.865
2610,2645.0,6.35
2611,2646.0,9.334
2612,2647.0,6.551
2613,2648.0,8.105
2614,2649.0,6.229
2615,2650.0,6.229
2616,2651.0,5.626
2617,2652.0,6.551
2618,2653.0,6.35
2619,2654.0,6.35
2620,2655.0,6.39
2621,2656.0,6.511
2622,2657.0,9.254
2623,2658.0,7.704
2624,2659.0,6.872
2625,2660.0,9.975
2626,2661.0,8.266
2627,2662.0,8.547
2628,2663.0,9.014
2629,2664.0,7.704
2630,2665.0,6.229
2631,2666.0,6.189
2632,2667.0,8.653
2633,2668.0,6.31
2634,2669.0,7.022
2635,2670.0,8.774
2636,2671.0,7.824
2637,2672.0,6.43
2638,2673.0,7.303
2639,2674.0,6.269
2640,2675.0,6.861
2641,2676.0,6.31
2642,2677.0,6.35
2643,2678.0,7.142
2644,2679.0,5.305
2645,2680.0,5.908
2646,2681.0,6.35
2647,2682.0,6.35
2648,2683.0,6.821
2649,2684.0,6.269
2650,2685.0,7.102
2651,2686.0,10.296
2652,2687.0,6.861
2653,2688.0,9.695
2654,2689.0,6.902
2655,2690.0,10.056
2656,2691.0,6.661
2657,2692.0,10.256
2658,2693.0,6.229
2659,2694.0,5.908
2660,2695.0,5.948
2661,2696.0,7.142
2662,2697.0,8.934
2663,2698.0,7.704
2664,2699.0,6.42
2665,2700.0,7.463
2666,2701.0,9.254
2667,2702.0,6.109
2668,2703.0,8.145
2669,2704.0,6.269
2670,2705.0,7.102
2671,2706.0,8.306
2672,2707.0,5.787
2673,2708.0,5.787
2674,2709.0,6.551
2675,2710.0,6.149
2676,2711.0,6.31
2677,2712.0,6.39
2678,2713.0,6.269
2679,2715.0,9.655
2680,2716.0,7.223
2681,2717.0,8.025
2682,2718.0,8.587
2683,2719.0,8.974
2684,2720.0,7.624
2685,2721.0,9.535
2686,2722.0,7.263
2687,2723.0,6.189
2688,2724.0,6.189
2689,2725.0,9.455
2690,2726.0,7.062
2691,2727.0,6.58
2692,2728.0,7.744
2693,2729.0,8.934
2694,2730.0,6.269
2695,2731.0,6.902
2696,2732.0,7.905
2697,2733.0,6.712
2698,2734.0,7.945
2699,2735.0,6.229
2700,2736.0,6.821
2701,2737.0,5.466
2702,2738.0,5.908
2703,2739.0,6.269
2704,2740.0,6.39
2705,2741.0,6.43
2706,2742.0,6.109
2707,2743.0,8.346
2708,2744.0,8.854
2709,2745.0,6.47
2710,2746.0,10.016
2711,2747.0,6.631
2712,2748.0,10.216
2713,2749.0,7.945
2714,2750.0,8.934
2715,2751.0,6.229
2716,2752.0,6.028
2717,2753.0,6.752
2718,2754.0,6.621
2719,2755.0,7.824
2720,2756.0,8.894
2721,2757.0,6.269
2722,2758.0,6.982
2723,2759.0,8.653
2724,2760.0,5.908
2725,2761.0,7.343
2726,2762.0,6.189
2727,2763.0,6.781
2728,2764.0,8.226
2729,2765.0,5.546
2730,2766.0,5.868
2731,2767.0,6.43
2732,2768.0,6.781
2733,2769.0,6.229
2734,2770.0,6.35
2735,2771.0,6.028
2736,2772.0,10.096
2737,2773.0,6.872
2738,2774.0,9.054
2739,2775.0,7.865
2740,2776.0,9.615
2741,2777.0,7.142
2742,2778.0,9.935
2743,2779.0,6.621
2744,2780.0,6.109
2745,2781.0,6.109
2746,2782.0,8.025
2747,2783.0,8.653
2748,2784.0,6.35
2749,2785.0,7.142
2750,2786.0,9.054
2751,2787.0,7.624
2752,2788.0,6.47
2753,2789.0,9.134
2754,2790.0,6.671
2755,2791.0,8.306
2756,2793.0,6.269
2757,2794.0,6.269
2758,2795.0,5.667
2759,2796.0,6.591
2760,2797.0,6.39
2761,2798.0,6.31
2762,2799.0,6.39
2763,2800.0,6.551
2764,2801.0,9.174
2765,2802.0,7.664
2766,2803.0,6.591
2767,2804.0,10.256
2768,2805.0,8.145
2769,2806.0,8.733
2770,2807.0,8.934
2771,2808.0,7.704
2772,2809.0,6.189
2773,2810.0,6.149
2774,2811.0,8.493
2775,2812.0,6.3
2776,2813.0,7.142
2777,2814.0,9.014
2778,2815.0,7.624
2779,2816.0,6.42
2780,2817.0,7.423
2781,2818.0,6.028
2782,2819.0,6.942
2783,2820.0,6.189
2784,2821.0,6.39
2785,2822.0,7.263
2786,2823.0,5.305
2787,2824.0,5.868
2788,2825.0,6.39
2789,2826.0,6.54
2790,2827.0,6.149
2791,2828.0,6.31
2792,2829.0,6.109
2793,2830.0,10.256
2794,2831.0,6.792
2795,2832.0,9.334
2796,2833.0,7.463
2797,2834.0,9.815
2798,2835.0,6.861
2799,2836.0,10.056
2800,2837.0,6.46
2801,2838.0,6.028
2802,2839.0,6.028
2803,2840.0,7.544
2804,2841.0,9.134
2805,2842.0,6.31
2806,2843.0,6.821
2807,2844.0,8.293
2808,2845.0,8.386
2809,2846.0,6.259
2810,2847.0,9.254
2811,2848.0,6.47
2812,2849.0,7.784
2813,2850.0,6.821
2814,2851.0,6.109
2815,2852.0,5.707
2816,2853.0,6.511
2817,2854.0,6.31
2818,2855.0,6.35
2819,2856.0,6.39
2820,2857.0,6.511
2821,2858.0,9.415
2822,2859.0,7.584
2823,2860.0,7.142
2824,2861.0,9.695
2825,2862.0,8.507
2826,2863.0,8.346
2827,2864.0,9.174
2828,2865.0,7.824
2829,2866.0,6.229
2830,2867.0,6.149
2831,2869.0,8.894
2832,2870.0,6.269
2833,2871.0,6.982
2834,2872.0,8.533
2835,2873.0,8.105
2836,2874.0,6.31
2837,2875.0,7.223
2838,2876.0,6.591
2839,2877.0,6.913
2840,2878.0,6.631
2841,2879.0,6.35
2842,2880.0,7.062
2843,2881.0,5.305
2844,2882.0,5.908
2845,2883.0,6.39
2846,2884.0,6.39
2847,2885.0,6.31
2848,2886.0,6.31
2849,2887.0,6.671
2850,2888.0,10.256
2851,2889.0,7.022
2852,2890.0,9.575
2853,2891.0,7.102
2854,2892.0,9.935
2855,2893.0,6.701
2856,2894.0,10.136
2857,2895.0,6.31
2858,2896.0,5.948
2859,2897.0,5.948
2860,2898.0,7.142
2861,2899.0,9.495
2862,2900.0,7.062
2863,2901.0,6.58
2864,2902.0,7.744
2865,2903.0,8.894
2866,2904.0,6.149
2867,2905.0,8.547
2868,2906.0,6.35
2869,2907.0,7.383
2870,2908.0,7.744
2871,2909.0,5.908
2872,2910.0,5.707
2873,2911.0,6.631
2874,2912.0,6.31
2875,2913.0,6.35
2876,2914.0,6.39
2877,2915.0,6.43
2878,2916.0,9.455
2879,2917.0,7.503
2880,2918.0,7.343
2881,2919.0,9.455
2882,2920.0,8.587
2883,2921.0,8.186
2884,2922.0,9.254
2885,2923.0,7.744
2886,2924.0,6.229
2887,2925.0,6.149
2888,2926.0,9.054
2889,2927.0,6.269
2890,2928.0,6.902
2891,2929.0,8.386
2892,2930.0,8.306
2893,2931.0,6.269
2894,2932.0,7.182
2895,2933.0,6.861
2896,2934.0,6.832
2897,2935.0,6.902
2898,2936.0,6.31
2899,2937.0,6.942
2900,2938.0,5.233
2901,2939.0,5.868
2902,2940.0,6.39
2903,2941.0,6.35
2904,2942.0,6.872
2905,2943.0,6.269
2906,2944.0,7.022
2907,2946.0,10.256
2908,2947.0,6.942
2909,2948.0,9.655
2910,2949.0,7.022
2911,2950.0,10.016
2912,2951.0,6.701
2913,2952.0,10.176
2914,2953.0,6.31
2915,2954.0,5.908
2916,2955.0,5.988
2917,2956.0,7.182
2918,2957.0,9.174
2919,2958.0,7.423
2920,2959.0,6.5
2921,2960.0,7.503
2922,2961.0,9.134
2923,2962.0,6.068
2924,2963.0,8.266
2925,2964.0,6.269
2926,2965.0,7.223
2927,2966.0,8.065
2928,2967.0,5.827
2929,2968.0,5.747
2930,2969.0,6.511
2931,2970.0,6.149
2932,2971.0,6.31
2933,2972.0,6.35
2934,2973.0,6.229
2935,2974.0,9.695
2936,2975.0,7.223
2937,2976.0,8.025
2938,2977.0,8.627
2939,2978.0,9.014
2940,2979.0,7.624
2941,2980.0,9.495
2942,2981.0,7.263
2943,2982.0,6.189
2944,2983.0,6.189
2945,2984.0,9.455
2946,2985.0,7.022
2947,2986.0,6.58
2948,2987.0,7.744
2949,2988.0,8.934
2950,2989.0,6.269
2951,2990.0,6.942
2952,2991.0,7.865
2953,2992.0,6.752
2954,2993.0,7.905
2955,2994.0,6.229
2956,2995.0,6.781
2957,2996.0,5.506
2958,2997.0,5.908
2959,2998.0,6.269
2960,2999.0,6.35
2961,3000.0,6.47
2962,3001.0,6.109
2963,3002.0,8.306
2964,3003.0,8.894
2965,3004.0,6.511
2966,3005.0,9.975
2967,3006.0,6.671
2968,3007.0,10.216
2969,3008.0,7.905
2970,3009.0,9.054
2971,3010.0,6.269
2972,3011.0,6.028
2973,3012.0,6.591
2974,3013.0,6.621
2975,3014.0,7.905
2976,3015.0,8.774
2977,3016.0,6.31
2978,3017.0,7.022
2979,3018.0,8.774
2980,3019.0,5.908
2981,3020.0,7.463
2982,3021.0,6.149
2983,3023.0,6.861
2984,3024.0,8.306
2985,3025.0,5.626
2986,3026.0,5.707
2987,3027.0,6.631
2988,3028.0,6.189
2989,3029.0,6.43
2990,3030.0,6.35
2991,3031.0,6.35
2992,3032.0,9.655
2993,3033.0,7.343
2994,3034.0,7.905
2995,3035.0,8.854
2996,3036.0,8.894
2997,3037.0,7.784
2998,3038.0,9.455
2999,3039.0,7.383
3000,3040.0,6.189
3001,3041.0,6.189
3002,3042.0,9.374
3003,3043.0,6.671
3004,3044.0,6.661
3005,3045.0,7.905
3006,3046.0,8.774
3007,3047.0,6.269
3008,3048.0,7.022
3009,3049.0,7.664
3010,3050.0,6.712
3011,3051.0,7.704
3012,3052.0,6.229
3013,3053.0,6.861
3014,3054.0,5.072
3015,3055.0,5.787
3016,3056.0,6.39
3017,3057.0,6.591
3018,3058.0,6.149
3019,3059.0,6.35
3020,3060.0,6.028
3021,3061.0,10.096
3022,3062.0,6.832
3023,3063.0,9.294
3024,3064.0,7.503
3025,3065.0,9.735
3026,3066.0,6.902
3027,3067.0,10.016
3028,3068.0,6.511
3029,3069.0,6.028
3030,3070.0,6.028
3031,3071.0,7.584
3032,3072.0,9.094
3033,3073.0,6.269
3034,3074.0,6.861
3035,3075.0,8.386
3036,3076.0,8.266
3037,3077.0,6.269
3038,3078.0,9.455
3039,3079.0,6.47
3040,3080.0,7.905
3041,3081.0,6.671
3042,3082.0,6.149
3043,3083.0,5.667
3044,3084.0,6.511
3045,3085.0,6.31
3046,3086.0,6.35
3047,3087.0,6.39
3048,3088.0,6.551
3049,3089.0,9.374
3050,3090.0,7.624
3051,3091.0,7.062
3052,3092.0,9.815
3053,3093.0,8.386
3054,3094.0,8.426
3055,3095.0,9.094
3056,3096.0,7.865
3057,3098.0,6.229
3058,3099.0,6.189
3059,3100.0,8.733
3060,3101.0,6.31
3061,3102.0,6.982
3062,3103.0,8.693
3063,3104.0,7.985
3064,3105.0,6.39
3065,3106.0,7.263
3066,3107.0,6.43
3067,3108.0,6.861
3068,3109.0,6.39
3069,3110.0,6.35
3070,3111.0,7.303
3071,3112.0,5.273
3072,3113.0,5.908
3073,3114.0,6.47
3074,3115.0,6.39
3075,3116.0,6.35
3076,3117.0,6.31
3077,3118.0,6.752
3078,3119.0,10.256
3079,3120.0,6.982
3080,3121.0,9.615
3081,3122.0,7.102
3082,3123.0,9.975
3083,3124.0,6.701
3084,3125.0,10.176
3085,3126.0,6.31
3086,3127.0,5.908
3087,3128.0,5.948
3088,3129.0,7.142
3089,3130.0,9.415
3090,3131.0,7.142
3091,3132.0,6.58
3092,3133.0,7.664
3093,3134.0,8.974
3094,3135.0,6.109
3095,3136.0,8.467
3096,3137.0,6.31
3097,3138.0,7.343
3098,3139.0,7.784
3099,3140.0,5.908
3100,3141.0,5.16
3101,3142.0,5.908
3102,3143.0,6.229
3103,3144.0,6.35
3104,3145.0,6.39
3105,3146.0,6.269
3106,3147.0,8.467
3107,3148.0,8.613
3108,3149.0,6.43
3109,3150.0,10.056
3110,3151.0,6.821
3111,3152.0,10.216
3112,3153.0,8.105
3113,3154.0,8.774
3114,3155.0,6.229
3115,3156.0,6.068
3116,3157.0,6.982
3117,3158.0,6.621
3118,3159.0,7.704
3119,3160.0,9.054
3120,3161.0,6.269
3121,3162.0,6.942
3122,3163.0,8.453
3123,3164.0,5.948
3124,3165.0,7.263
3125,3166.0,6.229
3126,3167.0,6.741
3127,3168.0,8.145
3128,3169.0,5.586
3129,3170.0,5.948
3130,3171.0,6.39
3131,3172.0,6.47
3132,3173.0,6.149
3133,3174.0,6.39
3134,3176.0,6.511
3135,3177.0,10.256
3136,3178.0,7.194
3137,3179.0,9.575
3138,3180.0,7.142
3139,3181.0,9.975
3140,3182.0,6.741
3141,3183.0,10.176
3142,3184.0,6.35
3143,3185.0,5.988
3144,3186.0,5.948
3145,3187.0,7.263
3146,3188.0,9.495
3147,3189.0,6.942
3148,3190.0,6.58
3149,3191.0,7.784
3150,3192.0,8.854
3151,3193.0,6.109
3152,3194.0,8.613
3153,3195.0,6.31
3154,3196.0,7.463
3155,3197.0,7.584
3156,3198.0,5.948
3157,3199.0,5.747
3158,3200.0,6.551
3159,3201.0,6.149
3160,3202.0,6.31
3161,3203.0,6.35
3162,3204.0,6.31
3163,3205.0,9.615
3164,3206.0,7.303
3165,3207.0,7.865
3166,3208.0,8.814
3167,3209.0,8.854
3168,3210.0,7.744
3169,3211.0,9.455
3170,3212.0,7.383
3171,3213.0,6.189
3172,3214.0,6.189
3173,3215.0,9.374
3174,3216.0,6.712
3175,3217.0,6.621
3176,3218.0,7.905
3177,3219.0,8.733
3178,3220.0,6.269
3179,3221.0,7.022
3180,3222.0,7.664
3181,3223.0,6.752
3182,3224.0,7.704
3183,3225.0,6.229
3184,3226.0,6.902
3185,3227.0,5.466
3186,3228.0,5.908
3187,3229.0,6.269
3188,3230.0,6.39
3189,3231.0,6.47
3190,3232.0,6.149
3191,3233.0,8.226
3192,3234.0,9.054
3193,3235.0,6.511
3194,3236.0,9.975
3195,3237.0,6.701
3196,3238.0,10.216
3197,3239.0,7.784
3198,3240.0,9.214
3199,3241.0,6.229
3200,3242.0,6.028
3201,3243.0,6.39
3202,3244.0,6.701
3203,3245.0,7.985
3204,3246.0,8.693
3205,3247.0,6.269
3206,3248.0,7.102
3207,3249.0,8.854
3208,3250.0,5.908
3209,3252.0,7.463
3210,3253.0,6.189
3211,3254.0,6.861
3212,3255.0,8.426
3213,3256.0,5.626
3214,3257.0,5.868
3215,3258.0,6.43
3216,3259.0,6.631
3217,3260.0,6.269
3218,3261.0,6.35
3219,3262.0,6.109
3220,3263.0,10.016
3221,3264.0,6.953
3222,3265.0,8.868
3223,3266.0,7.664
3224,3267.0,9.535
3225,3268.0,7.343
3226,3269.0,9.895
3227,3270.0,6.781
3228,3271.0,6.269
3229,3272.0,6.229
3230,3273.0,8.346
3231,3274.0,8.306
3232,3275.0,6.269
3233,3276.0,7.182
3234,3277.0,9.415
3235,3278.0,7.142
3236,3279.0,6.54
3237,3280.0,8.854
3238,3281.0,6.551
3239,3282.0,8.627
3240,3283.0,6.229
3241,3284.0,6.39
3242,3285.0,5.474
3243,3286.0,5.948
3244,3287.0,6.229
3245,3288.0,6.35
3246,3289.0,6.35
3247,3290.0,6.43
3248,3291.0,8.587
3249,3292.0,8.533
3250,3293.0,6.39
3251,3294.0,10.056
3252,3295.0,7.022
3253,3296.0,10.136
3254,3297.0,8.226
3255,3298.0,8.613
3256,3299.0,6.229
3257,3300.0,6.068
3258,3301.0,7.182
3259,3302.0,6.5
3260,3303.0,7.584
3261,3304.0,9.134
3262,3305.0,6.269
3263,3306.0,6.861
3264,3307.0,8.346
3265,3308.0,5.868
3266,3309.0,7.223
3267,3310.0,6.189
3268,3311.0,6.671
3269,3312.0,7.945
3270,3313.0,5.466
3271,3314.0,5.868
3272,3315.0,6.43
3273,3316.0,6.752
3274,3317.0,6.229
3275,3318.0,6.35
3276,3319.0,6.028
3277,3320.0,10.096
3278,3321.0,6.913
3279,3322.0,9.094
3280,3323.0,7.824
3281,3324.0,9.655
3282,3325.0,7.142
3283,3326.0,9.975
3284,3327.0,6.671
3285,3329.0,6.149
3286,3330.0,6.149
3287,3331.0,7.945
3288,3332.0,8.733
3289,3333.0,6.31
3290,3334.0,7.062
3291,3335.0,8.854
3292,3336.0,7.784
3293,3337.0,6.47
3294,3338.0,9.254
3295,3339.0,6.631
3296,3340.0,8.186
3297,3341.0,6.269
3298,3342.0,6.269
3299,3343.0,5.747
3300,3344.0,6.591
3301,3345.0,6.43
3302,3346.0,6.35
3303,3347.0,6.47
3304,3348.0,6.551
3305,3349.0,9.294
3306,3350.0,7.744
3307,3351.0,6.832
3308,3352.0,10.096
3309,3353.0,8.266
3310,3354.0,8.627
3311,3355.0,9.014
3312,3356.0,7.624
3313,3357.0,6.229
3314,3358.0,6.149
3315,3359.0,8.627
3316,3360.0,6.31
3317,3361.0,7.102
3318,3362.0,8.894
3319,3363.0,7.744
3320,3364.0,6.39
3321,3365.0,7.343
3322,3366.0,6.109
3323,3367.0,6.902
3324,3368.0,6.189
3325,3369.0,6.35
3326,3370.0,7.182
3327,3371.0,5.273
3328,3372.0,5.908
3329,3373.0,6.39
3330,3374.0,6.39
3331,3375.0,6.35
3332,3376.0,6.35
3333,3377.0,6.752
3334,3378.0,10.256
3335,3379.0,6.993
3336,3380.0,9.575
3337,3381.0,7.062
3338,3382.0,9.935
3339,3383.0,6.701
3340,3384.0,10.176
3341,3385.0,6.35
3342,3386.0,5.948
3343,3387.0,5.948
3344,3388.0,7.142
3345,3389.0,9.455
3346,3390.0,7.142
3347,3391.0,6.58
3348,3392.0,7.704
3349,3393.0,8.974
3350,3394.0,6.149
3351,3395.0,8.467
3352,3396.0,6.31
3353,3397.0,7.343
3354,3398.0,7.824
3355,3399.0,5.908
3356,3400.0,5.747
3357,3401.0,6.591
3358,3402.0,6.229
3359,3404.0,6.31
3360,3405.0,6.39
3361,3406.0,6.35
3362,3407.0,9.615
3363,3408.0,7.383
3364,3409.0,7.744
3365,3410.0,9.094
3366,3411.0,8.788
3367,3412.0,7.945
3368,3413.0,9.374
3369,3414.0,7.544
3370,3415.0,6.229
3371,3416.0,6.189
3372,3417.0,9.254
3373,3418.0,6.31
3374,3419.0,6.781
3375,3420.0,8.145
3376,3421.0,8.587
3377,3422.0,6.31
3378,3423.0,7.223
3379,3424.0,7.303
3380,3425.0,6.792
3381,3426.0,7.303
3382,3427.0,6.269
3383,3428.0,6.861
3384,3429.0,5.466
3385,3430.0,5.908
3386,3431.0,6.551
3387,3432.0,6.43
3388,3433.0,6.792
3389,3434.0,6.229
3390,3435.0,7.544
3391,3436.0,10.056
3392,3437.0,6.792
3393,3438.0,9.775
3394,3439.0,6.821
3395,3440.0,10.056
3396,3441.0,6.902
3397,3442.0,10.216
3398,3443.0,6.189
3399,3444.0,5.868
3400,3445.0,5.948
3401,3446.0,7.022
3402,3447.0,8.733
3403,3448.0,7.905
3404,3449.0,6.34
3405,3450.0,7.303
3406,3451.0,9.415
3407,3452.0,6.028
3408,3453.0,7.985
3409,3454.0,6.189
3410,3455.0,7.062
3411,3456.0,8.426
3412,3457.0,5.747
3413,3458.0,5.787
3414,3459.0,6.511
3415,3460.0,6.149
3416,3461.0,6.31
3417,3462.0,6.35
3418,3463.0,6.229
3419,3464.0,9.735
3420,3465.0,7.182
3421,3466.0,8.186
3422,3467.0,8.467
3423,3468.0,9.054
3424,3469.0,7.704
3425,3470.0,9.575
3426,3471.0,7.223
3427,3472.0,6.229
3428,3473.0,6.269
3429,3474.0,9.334
3430,3475.0,7.223
3431,3476.0,6.54
3432,3477.0,7.624
3433,3478.0,9.054
3434,3479.0,6.269
3435,3481.0,6.902
3436,3482.0,8.065
3437,3483.0,6.712
3438,3484.0,8.065
3439,3485.0,6.269
3440,3486.0,6.741
3441,3487.0,5.546
3442,3488.0,5.948
3443,3489.0,6.269
3444,3490.0,6.39
3445,3491.0,6.47
3446,3492.0,6.189
3447,3493.0,8.467
3448,3494.0,8.693
3449,3495.0,6.47
3450,3496.0,10.016
3451,3497.0,6.821
3452,3498.0,10.216
3453,3499.0,8.065
3454,3500.0,8.814
3455,3501.0,6.269
3456,3502.0,6.028
3457,3503.0,7.022
3458,3504.0,6.5
3459,3505.0,7.704
3460,3506.0,9.014
3461,3507.0,6.31
3462,3508.0,6.861
3463,3509.0,8.467
3464,3510.0,5.868
3465,3511.0,7.303
3466,3512.0,6.189
3467,3513.0,6.781
3468,3514.0,8.065
3469,3515.0,5.546
3470,3516.0,5.868
3471,3517.0,6.511
3472,3518.0,6.792
3473,3519.0,6.31
3474,3520.0,6.35
3475,3521.0,6.149
3476,3522.0,10.056
3477,3523.0,6.953
3478,3524.0,9.014
3479,3525.0,7.865
3480,3526.0,9.615
3481,3527.0,7.102
3482,3528.0,9.935
3483,3529.0,6.621
3484,3530.0,6.109
3485,3531.0,6.109
3486,3532.0,7.985
3487,3533.0,8.693
3488,3534.0,6.31
3489,3535.0,7.102
3490,3536.0,8.894
3491,3537.0,7.704
3492,3538.0,6.38
3493,3539.0,9.214
3494,3540.0,6.631
3495,3541.0,8.266
3496,3542.0,6.229
3497,3543.0,6.269
3498,3544.0,5.626
3499,3545.0,6.47
3500,3546.0,6.229
3501,3547.0,6.31
3502,3548.0,6.39
3503,3549.0,6.58
3504,3550.0,9.134
3505,3551.0,7.744
3506,3552.0,6.39
3507,3553.0,10.176
3508,3554.0,7.905
3509,3556.0,8.974
3510,3557.0,8.774
3511,3558.0,7.865
3512,3559.0,6.229
3513,3560.0,6.109
3514,3561.0,8.226
3515,3562.0,6.269
3516,3563.0,7.303
3517,3564.0,9.334
3518,3565.0,7.263
3519,3566.0,6.5
3520,3567.0,7.624
3521,3568.0,5.948
3522,3569.0,7.022
3523,3570.0,6.189
3524,3571.0,6.47
3525,3572.0,7.383
3526,3573.0,5.385
3527,3574.0,5.868
3528,3575.0,6.47
3529,3576.0,6.43
3530,3577.0,6.109
3531,3578.0,6.35
3532,3579.0,6.43
3533,3580.0,10.216
3534,3581.0,6.872
3535,3582.0,9.495
3536,3583.0,7.223
3537,3584.0,9.895
3538,3585.0,6.741
3539,3586.0,10.136
3540,3587.0,6.38
3541,3588.0,5.948
3542,3589.0,5.988
3543,3590.0,7.263
3544,3591.0,9.495
3545,3592.0,6.701
3546,3593.0,6.701
3547,3594.0,7.905
3548,3595.0,8.774
3549,3596.0,6.149
3550,3597.0,8.774
3551,3598.0,6.35
3552,3599.0,7.584
3553,3600.0,7.423
3554,3601.0,6.028
3555,3602.0,5.747
3556,3603.0,6.631
3557,3604.0,6.229
3558,3605.0,6.35
3559,3606.0,6.35
3560,3607.0,6.43
3561,3608.0,9.455
3562,3609.0,7.463
3563,3610.0,7.383
3564,3611.0,9.374
3565,3612.0,8.587
3566,3613.0,8.145
3567,3614.0,9.214
3568,3615.0,7.704
3569,3616.0,6.229
3570,3617.0,6.149
3571,3618.0,8.934
3572,3619.0,6.269
3573,3620.0,6.861
3574,3621.0,8.426
3575,3622.0,8.226
3576,3623.0,6.269
3577,3624.0,7.142
3578,3625.0,6.861
3579,3626.0,6.832
3580,3627.0,6.913
3581,3628.0,6.269
3582,3629.0,6.982
3583,3630.0,5.394
3584,3631.0,5.908
3585,3633.0,6.43
3586,3634.0,6.31
3587,3635.0,6.792
3588,3636.0,6.229
3589,3637.0,7.343
3590,3638.0,10.176
3591,3639.0,6.792
3592,3640.0,9.735
3593,3641.0,6.902
3594,3642.0,10.016
3595,3643.0,6.781
3596,3644.0,10.216
3597,3645.0,6.189
3598,3646.0,5.868
3599,3647.0,5.988
3600,3648.0,7.022
3601,3649.0,8.774
3602,3650.0,7.784
3603,3651.0,6.38
3604,3652.0,7.303
3605,3653.0,9.334
3606,3654.0,6.028
3607,3655.0,8.025
3608,3656.0,6.189
3609,3657.0,7.102
3610,3658.0,8.386
3611,3659.0,5.787
3612,3660.0,5.667
3613,3661.0,6.631
3614,3662.0,6.229
3615,3663.0,6.35
3616,3664.0,6.35
3617,3665.0,6.39
3618,3666.0,9.455
3619,3667.0,7.463
3620,3668.0,7.423
3621,3669.0,9.334
3622,3670.0,8.587
3623,3671.0,8.105
3624,3672.0,9.214
3625,3673.0,7.704
3626,3674.0,6.189
3627,3675.0,6.189
3628,3676.0,8.974
3629,3677.0,6.31
3630,3678.0,6.861
3631,3679.0,8.386
3632,3680.0,8.266
3633,3681.0,6.35
3634,3682.0,7.182
3635,3683.0,6.902
3636,3684.0,6.792
3637,3685.0,6.953
3638,3686.0,6.269
3639,3687.0,7.022
3640,3688.0,5.354
3641,3689.0,5.948
3642,3690.0,6.35
3643,3691.0,6.35
3644,3692.0,6.752
3645,3693.0,6.35
3646,3694.0,6.832
3647,3695.0,10.256
3648,3696.0,6.993
3649,3697.0,9.575
3650,3698.0,7.142
3651,3699.0,9.855
3652,3700.0,6.701
3653,3701.0,10.056
3654,3702.0,6.39
3655,3703.0,5.988
3656,3704.0,5.988
3657,3705.0,7.463
3658,3706.0,9.214
3659,3707.0,6.269
3660,3708.0,6.861
3661,3710.0,8.386
3662,3711.0,8.105
3663,3712.0,6.31
3664,3713.0,9.334
3665,3714.0,6.551
3666,3715.0,8.145
3667,3716.0,6.229
3668,3717.0,6.229
3669,3718.0,5.586
3670,3719.0,6.189
3671,3720.0,6.109
3672,3721.0,6.35
3673,3722.0,6.35
3674,3723.0,6.781
3675,3724.0,8.814
3676,3725.0,8.186
3677,3726.0,6.31
3678,3727.0,10.056
3679,3728.0,7.182
3680,3729.0,9.935
3681,3730.0,8.226
3682,3731.0,8.613
3683,3732.0,6.229
3684,3733.0,6.028
3685,3734.0,6.861
3686,3735.0,6.58
3687,3736.0,7.784
3688,3737.0,8.774
3689,3738.0,6.269
3690,3739.0,7.062
3691,3740.0,8.774
3692,3741.0,5.908
3693,3742.0,7.383
3694,3743.0,6.149
3695,3744.0,6.821
3696,3745.0,8.346
3697,3746.0,5.586
3698,3747.0,5.908
3699,3748.0,6.43
3700,3749.0,6.821
3701,3750.0,6.269
3702,3751.0,6.35
3703,3752.0,6.068
3704,3753.0,10.016
3705,3754.0,6.953
3706,3755.0,8.934
3707,3756.0,7.624
3708,3757.0,9.575
3709,3758.0,7.223
3710,3759.0,9.855
3711,3760.0,6.701
3712,3761.0,6.149
3713,3762.0,6.149
3714,3763.0,8.186
3715,3764.0,8.453
3716,3765.0,6.3
3717,3766.0,7.223
3718,3767.0,9.214
3719,3768.0,7.383
3720,3769.0,6.5
3721,3770.0,9.014
3722,3771.0,6.631
3723,3772.0,8.426
3724,3773.0,6.269
3725,3774.0,6.35
3726,3775.0,5.546
3727,3776.0,5.908
3728,3777.0,6.229
3729,3778.0,6.35
3730,3779.0,6.39
3731,3780.0,6.832
3732,3781.0,8.747
3733,3782.0,8.346
3734,3783.0,6.39
3735,3784.0,10.096
3736,3785.0,7.303
3737,3787.0,9.815
3738,3788.0,8.386
3739,3789.0,8.426
3740,3790.0,6.229
3741,3791.0,6.068
3742,3792.0,7.463
3743,3793.0,6.42
3744,3794.0,7.423
3745,3795.0,9.294
3746,3796.0,6.269
3747,3797.0,6.741
3748,3798.0,8.145
3749,3799.0,5.948
3750,3800.0,7.182
3751,3801.0,6.189
3752,3802.0,6.621
3753,3803.0,7.824
3754,3804.0,5.425
3755,3805.0,5.827
3756,3806.0,6.43
3757,3807.0,6.712
3758,3808.0,6.189
3759,3809.0,6.31
3760,3810.0,6.028
3761,3811.0,10.056
3762,3812.0,6.832
3763,3813.0,9.134
3764,3814.0,7.704
3765,3815.0,9.655
3766,3816.0,7.022
3767,3817.0,9.975
3768,3818.0,6.58
3769,3819.0,6.068
3770,3820.0,6.068
3771,3821.0,7.784
3772,3822.0,8.854
3773,3823.0,6.31
3774,3824.0,6.982
3775,3825.0,8.653
3776,3826.0,7.945
3777,3827.0,6.38
3778,3828.0,9.294
3779,3829.0,6.551
3780,3830.0,8.105
3781,3831.0,6.269
3782,3832.0,6.189
3783,3833.0,5.626
3784,3834.0,6.551
3785,3835.0,6.269
3786,3836.0,6.31
3787,3837.0,6.43
3788,3838.0,6.591
3789,3839.0,9.134
3790,3840.0,7.784
3791,3841.0,6.43
3792,3842.0,10.216
3793,3843.0,7.985
3794,3844.0,8.934
3795,3845.0,8.814
3796,3846.0,7.824
3797,3847.0,6.229
3798,3848.0,6.109
3799,3849.0,8.306
3800,3850.0,6.269
3801,3851.0,7.263
3802,3852.0,9.254
3803,3853.0,7.343
3804,3854.0,6.46
3805,3855.0,7.584
3806,3856.0,5.988
3807,3857.0,6.982
3808,3858.0,6.189
3809,3859.0,6.47
3810,3860.0,7.343
3811,3861.0,5.345
3812,3862.0,5.868
3813,3864.0,6.39
3814,3865.0,6.511
3815,3866.0,6.149
3816,3867.0,6.39
3817,3868.0,6.31
3818,3869.0,10.176
3819,3870.0,6.792
3820,3871.0,9.374
3821,3872.0,7.423
3822,3873.0,9.815
3823,3874.0,6.861
3824,3875.0,10.096
3825,3876.0,6.511
3826,3877.0,5.988
3827,3878.0,6.068
3828,3879.0,7.423
3829,3880.0,9.294
3830,3881.0,6.269
3831,3882.0,6.821
3832,3883.0,8.145
3833,3884.0,8.493
3834,3885.0,6.219
3835,3886.0,9.094
3836,3887.0,6.43
3837,3888.0,7.744
3838,3889.0,7.022
3839,3890.0,6.068
3840,3891.0,5.555
3841,3892.0,6.591
3842,3893.0,6.39
3843,3894.0,6.35
3844,3895.0,6.39
3845,3896.0,6.551
3846,3897.0,9.214
3847,3898.0,7.664
3848,3899.0,6.631
3849,3900.0,10.216
3850,3901.0,8.105
3851,3902.0,8.733
3852,3903.0,8.934
3853,3904.0,7.704
3854,3905.0,6.229
3855,3906.0,6.109
3856,3907.0,8.467
3857,3908.0,6.269
3858,3909.0,7.142
3859,3910.0,9.014
3860,3911.0,7.584
3861,3912.0,6.43
3862,3913.0,7.463
3863,3914.0,5.988
3864,3915.0,6.942
3865,3916.0,6.189
3866,3917.0,6.43
3867,3918.0,7.263
3868,3919.0,5.466
3869,3920.0,5.868
3870,3921.0,6.35
3871,3922.0,6.31
3872,3923.0,6.781
3873,3924.0,6.269
3874,3925.0,7.223
3875,3926.0,10.336
3876,3927.0,6.872
3877,3928.0,9.695
3878,3929.0,6.902
3879,3930.0,10.016
3880,3931.0,6.661
3881,3932.0,10.216
3882,3933.0,6.229
3883,3934.0,5.827
3884,3935.0,5.948
3885,3936.0,7.062
3886,3937.0,8.934
3887,3938.0,7.704
3888,3940.0,6.42
3889,3941.0,7.343
3890,3942.0,9.334
3891,3943.0,6.028
3892,3944.0,8.105
3893,3945.0,6.189
3894,3946.0,7.102
3895,3947.0,8.346
3896,3948.0,5.827
3897,3949.0,5.787
3898,3950.0,6.511
3899,3951.0,6.109
3900,3952.0,6.31
3901,3953.0,6.35
3902,3954.0,6.229
3903,3955.0,9.775
3904,3956.0,7.142
3905,3957.0,8.266
3906,3958.0,8.346
3907,3959.0,9.134
3908,3960.0,7.865
3909,3961.0,9.615
3910,3962.0,7.142
3911,3963.0,6.189
3912,3964.0,6.39
3913,3965.0,9.094
3914,3966.0,7.463
3915,3967.0,6.47
3916,3968.0,7.584
3917,3969.0,9.134
3918,3970.0,6.31
3919,3971.0,6.781
3920,3972.0,8.226
3921,3973.0,6.631
3922,3974.0,8.266
3923,3975.0,6.229
3924,3976.0,6.712
3925,3977.0,5.466
3926,3978.0,5.948
3927,3979.0,6.269
3928,3980.0,6.39
3929,3981.0,6.47
3930,3982.0,6.149
3931,3983.0,8.306
3932,3984.0,8.974
3933,3985.0,6.511
3934,3986.0,10.016
3935,3987.0,6.671
3936,3988.0,10.216
3937,3989.0,7.865
3938,3990.0,9.094
3939,3991.0,6.229
3940,3992.0,6.028
3941,3993.0,6.591
3942,3994.0,6.661
3943,3995.0,7.905
3944,3996.0,8.774
3945,3997.0,6.31
3946,3998.0,7.022
3947,3999.0,8.733
3948,4000.0,5.908
3949,4001.0,7.423
3950,4002.0,6.189
3951,4003.0,6.821
3952,4004.0,8.306
3953,4005.0,5.546
3954,4006.0,5.827
3955,4007.0,6.47
3956,4008.0,6.591
3957,4009.0,6.31
3958,4010.0,6.31
3959,4011.0,6.109
3960,4012.0,10.016
3961,4013.0,6.953
3962,4014.0,8.828
3963,4016.0,7.704
3964,4017.0,9.495
3965,4018.0,7.343
3966,4019.0,9.815
3967,4020.0,6.781
3968,4021.0,6.149
3969,4022.0,6.189
3970,4023.0,8.346
3971,4024.0,8.306
3972,4025.0,6.269
3973,4026.0,7.182
3974,4027.0,9.415
3975,4028.0,7.142
3976,4029.0,6.511
3977,4030.0,8.894
3978,4031.0,6.551
3979,4032.0,8.627
3980,4033.0,6.229
3981,4034.0,6.39
3982,4035.0,5.515
3983,4036.0,5.948
3984,4037.0,6.189
3985,4038.0,6.35
3986,4039.0,6.31
3987,4040.0,6.872
3988,4041.0,8.707
3989,4042.0,8.386
3990,4043.0,6.31
3991,4044.0,10.136
3992,4045.0,7.223
3993,4046.0,9.935
3994,4047.0,8.346
3995,4048.0,8.507
3996,4049.0,6.229
3997,4050.0,6.068
3998,4051.0,7.463
3999,4052.0,6.47
4000,4053.0,7.423
4001,4054.0,9.294
4002,4055.0,6.31
4003,4056.0,6.781
4004,4057.0,8.105
4005,4058.0,5.948
4006,4059.0,7.142
4007,4060.0,6.189
4008,4061.0,6.631
4009,4062.0,7.865
4010,4063.0,5.466
4011,4064.0,5.868
4012,4065.0,6.43
4013,4066.0,6.872
4014,4067.0,6.269
4015,4068.0,6.39
4016,4069.0,6.109
4017,4070.0,10.096
4018,4071.0,6.953
4019,4072.0,8.948
4020,4073.0,7.624
4021,4074.0,9.535
4022,4075.0,7.303
4023,4076.0,9.855
4024,4077.0,6.781
4025,4078.0,6.149
4026,4079.0,6.189
4027,4080.0,8.226
4028,4081.0,8.386
4029,4082.0,6.31
4030,4083.0,7.263
4031,4084.0,9.254
4032,4085.0,7.303
4033,4086.0,6.511
4034,4087.0,8.974
4035,4088.0,6.551
4036,4089.0,8.507
4037,4090.0,6.229
4038,4091.0,6.35
4039,4093.0,5.273
4040,4094.0,5.908
4041,4095.0,6.269
4042,4096.0,6.35
4043,4097.0,6.47
4044,4098.0,6.109
4045,4099.0,8.266
4046,4100.0,8.934
4047,4101.0,6.47
4048,4102.0,9.975
4049,4103.0,6.671
4050,4104.0,10.216
4051,4105.0,7.865
4052,4106.0,9.094
4053,4107.0,6.229
4054,4108.0,6.028
4055,4109.0,6.511
4056,4110.0,6.671
4057,4111.0,7.865
4058,4112.0,8.814
4059,4113.0,6.269
4060,4114.0,7.062
4061,4115.0,8.733
4062,4116.0,5.908
4063,4117.0,7.423
4064,4118.0,6.189
4065,4119.0,6.832
4066,4120.0,8.346
4067,4121.0,5.546
4068,4122.0,5.676
4069,4123.0,6.511
4070,4124.0,6.189
4071,4125.0,6.31
4072,4126.0,6.39
4073,4127.0,6.269
4074,4128.0,9.735
4075,4129.0,7.303
4076,4130.0,7.985
4077,4131.0,8.693
4078,4132.0,8.974
4079,4133.0,7.664
4080,4134.0,9.495
4081,4135.0,7.343
4082,4136.0,6.229
4083,4137.0,6.189
4084,4138.0,9.495
4085,4139.0,6.872
4086,4140.0,6.661
4087,4141.0,7.865
4088,4142.0,8.854
4089,4143.0,6.269
4090,4144.0,7.022
4091,4145.0,7.704
4092,4146.0,6.752
4093,4147.0,7.704
4094,4148.0,6.269
4095,4149.0,6.861
4096,4150.0,5.04
4097,4151.0,5.483
4098,4152.0,6.591
4099,4153.0,6.189
4100,4154.0,6.35
4101,4155.0,6.35
4102,4156.0,6.35
4103,4157.0,9.575
4104,4158.0,7.423
4105,4159.0,7.704
4106,4160.0,9.054
4107,4161.0,8.788
4108,4162.0,7.905
4109,4163.0,9.374
4110,4164.0,7.503
4111,4165.0,6.229
4112,4166.0,6.189
4113,4167.0,9.254
4114,4168.0,6.35
4115,4170.0,6.741
4116,4171.0,8.105
4117,4172.0,8.547
4118,4173.0,6.269
4119,4174.0,7.182
4120,4175.0,7.303
4121,4176.0,6.792
4122,4177.0,7.343
4123,4178.0,6.229
4124,4179.0,6.872
4125,4180.0,5.152
4126,4181.0,5.827
4127,4182.0,6.35
4128,4183.0,6.43
4129,4184.0,6.149
4130,4185.0,6.35
4131,4186.0,6.551
4132,4187.0,10.256
4133,4188.0,7.113
4134,4189.0,9.535
4135,4190.0,7.142
4136,4191.0,9.895
4137,4192.0,6.752
4138,4193.0,10.136
4139,4194.0,6.35
4140,4195.0,5.908
4141,4196.0,5.948
4142,4197.0,7.142
4143,4198.0,9.495
4144,4199.0,7.022
4145,4200.0,6.58
4146,4201.0,7.744
4147,4202.0,8.934
4148,4203.0,6.109
4149,4204.0,8.547
4150,4205.0,6.31
4151,4206.0,7.423
4152,4207.0,7.744
4153,4208.0,5.948
4154,4209.0,5.747
4155,4210.0,6.551
4156,4211.0,6.149
4157,4212.0,6.31
4158,4213.0,6.35
4159,4214.0,6.31
4160,4215.0,9.655
4161,4216.0,7.303
4162,4217.0,7.905
4163,4218.0,8.774
4164,4219.0,8.894
4165,4220.0,7.744
4166,4221.0,9.455
4167,4222.0,7.383
4168,4223.0,6.189
4169,4224.0,6.189
4170,4225.0,9.415
4171,4226.0,6.752
4172,4227.0,6.671
4173,4228.0,7.905
4174,4229.0,8.774
4175,4230.0,6.31
4176,4231.0,7.022
4177,4232.0,7.704
4178,4233.0,6.712
4179,4234.0,7.704
4180,4235.0,6.229
4181,4236.0,6.953
4182,4237.0,5.506
4183,4238.0,5.988
4184,4239.0,6.229
4185,4240.0,6.39
4186,4241.0,6.43
4187,4242.0,6.189
4188,4243.0,8.386
4189,4244.0,8.733
4190,4246.0,6.43
4191,4247.0,10.056
4192,4248.0,6.792
4193,4249.0,10.296
4194,4250.0,8.025
4195,4251.0,8.934
4196,4252.0,6.269
4197,4253.0,6.109
4198,4254.0,6.832
4199,4255.0,6.591
4200,4256.0,7.744
4201,4257.0,8.934
4202,4258.0,6.31
4203,4259.0,6.982
4204,4260.0,8.573
4205,4261.0,5.868
4206,4262.0,7.343
4207,4263.0,6.189
4208,4264.0,6.792
4209,4265.0,8.186
4210,4266.0,5.546
4211,4267.0,5.868
4212,4268.0,6.47
4213,4269.0,6.752
4214,4270.0,6.229
4215,4271.0,6.35
4216,4272.0,6.068
4217,4273.0,10.056
4218,4274.0,6.872
4219,4275.0,9.028
4220,4276.0,7.905
4221,4277.0,9.615
4222,4278.0,7.142
4223,4279.0,9.935
4224,4280.0,6.661
4225,4281.0,6.109
4226,4282.0,6.109
4227,4283.0,7.945
4228,4284.0,8.667
4229,4285.0,6.269
4230,4286.0,7.102
4231,4287.0,8.894
4232,4288.0,7.704
4233,4289.0,6.39
4234,4290.0,9.214
4235,4291.0,6.551
4236,4292.0,8.226
4237,4293.0,6.229
4238,4294.0,6.269
4239,4295.0,5.595
4240,4296.0,6.591
4241,4297.0,6.31
4242,4298.0,6.35
4243,4299.0,6.39
4244,4300.0,6.631
4245,4301.0,9.094
4246,4302.0,7.784
4247,4303.0,6.35
4248,4304.0,10.216
4249,4305.0,7.945
4250,4306.0,9.014
4251,4307.0,8.814
4252,4308.0,7.865
4253,4309.0,6.229
4254,4310.0,6.109
4255,4311.0,8.226
4256,4312.0,6.269
4257,4313.0,7.263
4258,4314.0,9.334
4259,4315.0,7.223
4260,4316.0,6.551
4261,4317.0,7.624
4262,4318.0,6.028
4263,4319.0,6.993
4264,4320.0,6.189
4265,4321.0,6.43
4266,4322.0,7.423
4267,4324.0,5.354
4268,4325.0,5.868
4269,4326.0,6.39
4270,4327.0,6.591
4271,4328.0,6.149
4272,4329.0,6.39
4273,4330.0,6.068
4274,4331.0,10.176
4275,4332.0,6.792
4276,4333.0,9.334
4277,4334.0,7.463
4278,4335.0,9.815
4279,4336.0,6.861
4280,4337.0,10.056
4281,4338.0,6.47
4282,4339.0,6.028
4283,4340.0,5.988
4284,4341.0,7.584
4285,4342.0,9.174
4286,4343.0,6.31
4287,4344.0,6.821
4288,4345.0,8.346
4289,4346.0,8.306
4290,4347.0,6.31
4291,4348.0,9.254
4292,4349.0,6.511
4293,4350.0,7.824
4294,4351.0,6.792
4295,4352.0,6.149
4296,4353.0,5.635
4297,4354.0,6.631
4298,4355.0,6.39
4299,4356.0,6.35
4300,4357.0,6.39
4301,4358.0,6.591
4302,4359.0,9.174
4303,4360.0,7.664
4304,4361.0,6.551
4305,4362.0,10.216
4306,4363.0,8.105
4307,4364.0,8.814
4308,4365.0,8.934
4309,4366.0,7.744
4310,4367.0,6.189
4311,4368.0,6.109
4312,4369.0,8.467
4313,4370.0,6.31
4314,4371.0,7.142
4315,4372.0,9.054
4316,4373.0,7.544
4317,4374.0,6.47
4318,4375.0,7.423
4319,4376.0,5.988
4320,4377.0,6.953
4321,4378.0,6.189
4322,4379.0,6.39
4323,4380.0,7.263
4324,4381.0,5.313
4325,4382.0,5.868
4326,4383.0,6.39
4327,4384.0,6.43
4328,4385.0,6.068
4329,4386.0,6.35
4330,4387.0,6.47
4331,4388.0,10.256
4332,4389.0,6.993
4333,4390.0,9.535
4334,4391.0,7.182
4335,4392.0,9.895
4336,4393.0,6.671
4337,4394.0,10.136
4338,4395.0,6.31
4339,4396.0,5.948
4340,4397.0,5.948
4341,4398.0,7.223
4342,4399.0,9.495
4343,4401.0,6.913
4344,4402.0,6.591
4345,4403.0,7.824
4346,4404.0,8.854
4347,4405.0,6.149
4348,4406.0,8.627
4349,4407.0,6.35
4350,4408.0,7.423
4351,4409.0,7.664
4352,4410.0,5.948
4353,4411.0,5.555
4354,4412.0,6.591
4355,4413.0,6.35
4356,4414.0,6.35
4357,4415.0,6.43
4358,4416.0,6.631
4359,4417.0,9.174
4360,4418.0,7.704
4361,4419.0,6.511
4362,4420.0,10.216
4363,4421.0,8.025
4364,4422.0,8.868
4365,4423.0,8.894
4366,4424.0,7.784
4367,4425.0,6.269
4368,4426.0,6.149
4369,4427.0,8.426
4370,4428.0,6.269
4371,4429.0,7.223
4372,4430.0,9.094
4373,4431.0,7.503
4374,4432.0,6.43
4375,4433.0,7.463
4376,4434.0,5.988
4377,4435.0,6.953
4378,4436.0,6.189
4379,4437.0,6.43
4380,4438.0,7.223
4381,4439.0,5.354
4382,4440.0,5.827
4383,4441.0,6.43
4384,4442.0,6.551
4385,4443.0,6.189
4386,4444.0,6.31
4387,4445.0,6.068
4388,4446.0,10.176
4389,4447.0,6.832
4390,4448.0,9.334
4391,4449.0,7.544
4392,4450.0,9.775
4393,4451.0,6.942
4394,4452.0,10.056
4395,4453.0,6.511
4396,4454.0,6.028
4397,4455.0,6.028
4398,4456.0,7.584
4399,4457.0,9.094
4400,4458.0,6.31
4401,4459.0,6.861
4402,4460.0,8.386
4403,4461.0,8.266
4404,4462.0,6.269
4405,4463.0,9.294
4406,4464.0,6.671
4407,4465.0,7.865
4408,4466.0,6.792
4409,4467.0,6.109
4410,4468.0,5.555
4411,4469.0,6.229
4412,4470.0,6.109
4413,4471.0,6.35
4414,4472.0,6.39
4415,4473.0,6.671
4416,4475.0,9.054
4417,4476.0,7.865
4418,4477.0,6.39
4419,4478.0,10.216
4420,4479.0,7.865
4421,4480.0,9.174
4422,4481.0,8.788
4423,4482.0,7.945
4424,4483.0,6.229
4425,4484.0,6.109
4426,4485.0,8.145
4427,4486.0,6.269
4428,4487.0,7.142
4429,4488.0,9.415
4430,4489.0,7.142
4431,4490.0,6.551
4432,4491.0,7.664
4433,4492.0,5.988
4434,4493.0,7.022
4435,4494.0,6.189
4436,4495.0,6.47
4437,4496.0,7.423
4438,4497.0,5.345
4439,4498.0,5.868
4440,4499.0,6.39
4441,4500.0,6.511
4442,4501.0,6.109
4443,4502.0,6.43
4444,4503.0,6.31
4445,4504.0,10.176
4446,4505.0,6.752
4447,4506.0,9.415
4448,4507.0,7.343
4449,4508.0,9.855
4450,4509.0,6.781
4451,4510.0,10.056
4452,4511.0,6.43
4453,4512.0,5.948
4454,4513.0,5.988
4455,4514.0,7.343
4456,4515.0,9.334
4457,4516.0,6.35
4458,4517.0,6.741
4459,4518.0,8.065
4460,4519.0,8.587
4461,4520.0,6.189
4462,4521.0,8.974
4463,4522.0,6.39
4464,4523.0,7.664
4465,4524.0,7.223
4466,4525.0,6.028
4467,4526.0,5.555
4468,4527.0,6.591
4469,4528.0,6.269
4470,4529.0,6.35
4471,4530.0,6.39
4472,4531.0,6.631
4473,4532.0,9.134
4474,4533.0,7.824
4475,4534.0,6.35
4476,4535.0,10.216
4477,4536.0,7.945
4478,4537.0,9.014
4479,4538.0,8.828
4480,4539.0,7.905
4481,4540.0,6.229
4482,4541.0,6.149
4483,4542.0,8.226
4484,4543.0,6.269
4485,4544.0,7.263
4486,4545.0,9.334
4487,4546.0,7.303
4488,4547.0,6.511
4489,4548.0,7.624
4490,4549.0,5.988
4491,4550.0,6.993
4492,4552.0,6.149
4493,4553.0,6.43
4494,4554.0,7.383
4495,4555.0,5.345
4496,4556.0,5.868
4497,4557.0,6.39
4498,4558.0,6.47
4499,4559.0,6.109
4500,4560.0,6.43
4501,4561.0,6.39
4502,4562.0,10.216
4503,4563.0,6.872
4504,4564.0,9.495
4505,4565.0,7.223
4506,4566.0,9.895
4507,4567.0,6.712
4508,4568.0,10.096
4509,4569.0,6.39
4510,4570.0,5.948
4511,4571.0,5.948
4512,4572.0,7.223
4513,4573.0,9.455
4514,4574.0,6.752
4515,4575.0,6.661
4516,4576.0,7.865
4517,4577.0,8.733
4518,4578.0,6.149
4519,4579.0,8.733
4520,4580.0,6.35
4521,4581.0,7.503
4522,4582.0,7.463
4523,4583.0,5.988
4524,4584.0,5.667
4525,4585.0,6.631
4526,4586.0,6.269
4527,4587.0,6.31
4528,4588.0,6.35
4529,4589.0,6.43
4530,4590.0,9.415
4531,4591.0,7.584
4532,4592.0,7.263
4533,4593.0,9.535
4534,4594.0,8.547
4535,4595.0,8.226
4536,4596.0,9.174
4537,4597.0,7.784
4538,4598.0,6.229
4539,4599.0,6.189
4540,4600.0,8.934
4541,4601.0,6.31
4542,4602.0,6.902
4543,4603.0,8.493
4544,4604.0,8.145
4545,4605.0,6.31
4546,4606.0,7.142
4547,4607.0,6.712
4548,4608.0,6.832
4549,4609.0,6.752
4550,4610.0,6.31
4551,4611.0,7.022
4552,4612.0,5.474
4553,4613.0,5.908
4554,4614.0,6.43
4555,4615.0,6.43
4556,4616.0,6.712
4557,4617.0,6.269
4558,4618.0,7.463
4559,4619.0,10.096
4560,4620.0,6.752
4561,4621.0,9.815
4562,4622.0,6.821
4563,4623.0,10.096
4564,4624.0,6.902
4565,4625.0,10.216
4566,4626.0,6.189
4567,4627.0,5.868
4568,4628.0,5.988
4569,4630.0,7.022
4570,4631.0,8.693
4571,4632.0,7.945
4572,4633.0,6.35
4573,4634.0,7.303
4574,4635.0,9.415
4575,4636.0,6.028
4576,4637.0,7.985
4577,4638.0,6.229
4578,4639.0,7.062
4579,4640.0,8.426
4580,4641.0,5.787
4581,4642.0,5.787
4582,4643.0,6.47
4583,4644.0,6.068
4584,4645.0,6.43
4585,4646.0,6.35
4586,4647.0,6.189
4587,4648.0,9.855
4588,4649.0,7.102
4589,4650.0,8.467
4590,4651.0,8.145
4591,4652.0,9.214
4592,4653.0,7.704
4593,4654.0,9.695
4594,4655.0,7.022
4595,4656.0,6.189
4596,4657.0,6.31
4597,4658.0,8.854
4598,4659.0,7.704
4599,4660.0,6.43
4600,4661.0,7.423
4601,4662.0,9.294
4602,4663.0,6.31
4603,4664.0,6.741
4604,4665.0,8.426
4605,4666.0,6.631
4606,4667.0,8.426
4607,4668.0,6.229
4608,4669.0,6.591
4609,4670.0,5.394
4610,4671.0,5.908
4611,4672.0,6.269
4612,4673.0,6.35
4613,4674.0,6.43
4614,4675.0,6.068
4615,4676.0,8.306
4616,4677.0,8.894
4617,4678.0,6.47
4618,4679.0,10.016
4619,4680.0,6.671
4620,4681.0,10.176
4621,4682.0,7.865
4622,4683.0,9.134
4623,4684.0,6.269
4624,4685.0,6.068
4625,4686.0,6.551
4626,4687.0,6.631
4627,4688.0,7.905
4628,4689.0,8.814
4629,4690.0,6.269
4630,4691.0,7.062
4631,4692.0,8.693
4632,4693.0,5.908
4633,4694.0,7.343
4634,4695.0,6.149
4635,4696.0,6.781
4636,4697.0,8.226
4637,4698.0,5.506
4638,4699.0,5.868
4639,4700.0,6.43
4640,4701.0,6.752
4641,4702.0,6.229
4642,4703.0,6.35
4643,4704.0,6.068
4644,4705.0,10.136
4645,4707.0,6.872
4646,4708.0,9.054
4647,4709.0,7.824
4648,4710.0,9.655
4649,4711.0,7.102
4650,4712.0,9.975
4651,4713.0,6.631
4652,4714.0,6.109
4653,4715.0,6.149
4654,4716.0,7.945
4655,4717.0,8.733
4656,4718.0,6.31
4657,4719.0,7.062
4658,4720.0,8.854
4659,4721.0,7.784
4660,4722.0,6.43
4661,4723.0,9.254
4662,4724.0,6.631
4663,4725.0,8.226
4664,4726.0,6.269
4665,4727.0,6.269
4666,4728.0,5.707
4667,4729.0,6.591
4668,4730.0,6.39
4669,4731.0,6.35
4670,4732.0,6.39
4671,4733.0,6.551
4672,4734.0,9.254
4673,4735.0,7.744
4674,4736.0,6.712
4675,4737.0,10.096
4676,4738.0,8.186
4677,4739.0,8.693
4678,4740.0,8.974
4679,4741.0,7.664
4680,4742.0,6.229
4681,4743.0,6.149
4682,4744.0,8.547
4683,4745.0,6.31
4684,4746.0,7.142
4685,4747.0,8.934
4686,4748.0,7.624
4687,4749.0,6.43
4688,4750.0,7.423
4689,4751.0,6.028
4690,4752.0,6.913
4691,4753.0,6.189
4692,4754.0,6.39
4693,4755.0,7.263
4694,4756.0,5.354
4695,4757.0,5.908
4696,4758.0,6.35
4697,4759.0,6.31
4698,4760.0,6.832
4699,4761.0,6.269
4700,4762.0,7.182
4701,4763.0,10.336
4702,4764.0,6.872
4703,4765.0,9.735
4704,4766.0,6.902
4705,4767.0,10.056
4706,4768.0,6.671
4707,4769.0,10.216
4708,4770.0,6.229
4709,4771.0,5.868
4710,4772.0,5.948
4711,4773.0,7.142
4712,4774.0,9.014
4713,4775.0,7.584
4714,4776.0,6.43
4715,4777.0,7.463
4716,4778.0,9.214
4717,4779.0,6.068
4718,4780.0,8.186
4719,4781.0,6.269
4720,4782.0,7.182
4721,4783.0,8.226
4722,4785.0,5.827
4723,4786.0,5.787
4724,4787.0,6.511
4725,4788.0,6.149
4726,4789.0,6.31
4727,4790.0,6.39
4728,4791.0,6.269
4729,4792.0,9.775
4730,4793.0,7.182
4731,4794.0,8.266
4732,4795.0,8.386
4733,4796.0,9.134
4734,4797.0,7.865
4735,4798.0,9.615
4736,4799.0,7.182
4737,4800.0,6.229
4738,4801.0,6.39
4739,4802.0,9.254
4740,4803.0,7.303
4741,4804.0,6.551
4742,4805.0,7.584
4743,4806.0,9.134
4744,4807.0,6.269
4745,4808.0,6.861
4746,4809.0,8.105
4747,4810.0,6.712
4748,4811.0,8.105
4749,4812.0,6.269
4750,4813.0,6.712
4751,4814.0,5.12
4752,4815.0,5.827
4753,4816.0,6.35
4754,4817.0,6.31
4755,4818.0,6.712
4756,4819.0,6.269
4757,4820.0,6.982
4758,4821.0,10.296
4759,4822.0,6.913
4760,4823.0,9.655
4761,4824.0,6.982
4762,4825.0,10.016
4763,4826.0,6.671
4764,4827.0,10.216
4765,4828.0,6.229
4766,4829.0,5.868
4767,4830.0,5.948
4768,4831.0,7.182
4769,4832.0,9.134
4770,4833.0,7.503
4771,4834.0,6.47
4772,4835.0,7.544
4773,4836.0,9.134
4774,4837.0,6.068
4775,4838.0,8.306
4776,4839.0,6.269
4777,4840.0,7.223
4778,4841.0,8.065
4779,4842.0,5.827
4780,4843.0,5.716
4781,4844.0,6.591
4782,4845.0,6.229
4783,4846.0,6.31
4784,4847.0,6.35
4785,4848.0,6.31
4786,4849.0,9.615
4787,4850.0,7.383
4788,4851.0,7.744
4789,4852.0,9.014
4790,4853.0,8.774
4791,4854.0,7.865
4792,4855.0,9.374
4793,4856.0,7.463
4794,4857.0,6.229
4795,4858.0,6.189
4796,4860.0,9.294
4797,4861.0,6.47
4798,4862.0,6.701
4799,4863.0,8.065
4800,4864.0,8.653
4801,4865.0,6.269
4802,4866.0,7.102
4803,4867.0,7.423
4804,4868.0,6.752
4805,4869.0,7.503
4806,4870.0,6.229
4807,4871.0,6.781
4808,4872.0,5.474
4809,4873.0,5.908
4810,4874.0,6.35
4811,4875.0,6.39
4812,4876.0,6.511
4813,4877.0,6.109
4814,4878.0,8.186
4815,4879.0,9.054
4816,4880.0,6.551
4817,4881.0,9.935
4818,4882.0,6.712
4819,4883.0,10.176
4820,4884.0,7.784
4821,4885.0,9.214
4822,4886.0,6.269
4823,4887.0,5.988
4824,4888.0,6.43
4825,4889.0,7.113
4826,4890.0,8.025
4827,4891.0,8.733
4828,4892.0,6.31
4829,4893.0,7.062
4830,4894.0,8.814
4831,4895.0,5.908
4832,4896.0,7.463
4833,4897.0,6.149
4834,4898.0,6.872
4835,4899.0,8.306
4836,4900.0,5.586
4837,4901.0,5.787
4838,4902.0,6.511
4839,4903.0,6.189
4840,4904.0,6.39
4841,4905.0,6.35
4842,4906.0,6.31
4843,4907.0,9.935
4844,4908.0,7.073
4845,4909.0,8.667
4846,4910.0,7.905
4847,4911.0,9.415
4848,4912.0,7.503
4849,4913.0,9.775
4850,4914.0,6.902
4851,4915.0,6.35
4852,4916.0,6.269
4853,4917.0,8.573
4854,4918.0,8.025
4855,4919.0,6.35
4856,4920.0,7.223
4857,4921.0,9.455
4858,4922.0,6.792
4859,4923.0,6.621
4860,4924.0,8.693
4861,4925.0,6.591
4862,4926.0,8.667
4863,4927.0,6.229
4864,4928.0,6.42
4865,4929.0,5.425
4866,4930.0,5.948
4867,4931.0,6.229
4868,4932.0,6.35
4869,4933.0,6.39
4870,4934.0,6.31
4871,4936.0,8.507
4872,4937.0,8.587
4873,4938.0,6.43
4874,4939.0,10.016
4875,4940.0,6.942
4876,4941.0,10.176
4877,4942.0,8.145
4878,4943.0,8.693
4879,4944.0,6.269
4880,4945.0,6.109
4881,4946.0,7.102
4882,4947.0,6.5
4883,4948.0,7.664
4884,4949.0,9.054
4885,4950.0,6.31
4886,4951.0,6.861
4887,4952.0,8.386
4888,4953.0,5.868
4889,4954.0,7.263
4890,4955.0,6.149
4891,4956.0,6.712
4892,4957.0,7.945
4893,4958.0,5.546
4894,4959.0,5.827
4895,4960.0,6.47
4896,4961.0,6.591
4897,4962.0,6.31
4898,4963.0,6.31
4899,4964.0,6.149
4900,4965.0,10.016
4901,4966.0,6.993
4902,4967.0,8.828
4903,4968.0,7.704
4904,4969.0,9.455
4905,4970.0,7.343
4906,4971.0,9.855
4907,4972.0,6.861
4908,4973.0,6.229
4909,4974.0,6.229
4910,4975.0,8.226
4911,4976.0,8.386
4912,4977.0,6.269
4913,4978.0,7.303
4914,4979.0,9.294
4915,4980.0,7.383
4916,4981.0,6.5
4917,4982.0,9.014
4918,4983.0,6.591
4919,4984.0,8.547
4920,4985.0,6.229
4921,4986.0,6.43
4922,4987.0,5.354
4923,4988.0,5.948
4924,4989.0,6.189
4925,4990.0,6.39
4926,4991.0,6.39
4927,4992.0,6.39
4928,4993.0,8.507
4929,4994.0,8.587
4930,4995.0,6.39
4931,4996.0,10.096
4932,4997.0,6.942
4933,4998.0,10.176
4934,4999.0,8.145
4935,5000.0,8.693
4936,5001.0,6.229
4937,5002.0,6.028
4938,5003.0,7.102
4939,5004.0,6.5
4940,5005.0,7.624
4941,5006.0,9.094
4942,5007.0,6.269
4943,5008.0,6.821
4944,5009.0,8.306
4945,5010.0,5.827
4946,5012.0,7.223
4947,5013.0,6.149
4948,5014.0,6.701
4949,5015.0,7.945
4950,5016.0,5.506
4951,5017.0,5.868
4952,5018.0,6.43
4953,5019.0,6.631
4954,5020.0,6.229
4955,5021.0,6.31
4956,5022.0,6.028
4957,5023.0,10.096
4958,5024.0,6.792
4959,5025.0,9.214
4960,5026.0,7.584
4961,5027.0,9.735
4962,5028.0,6.982
4963,5029.0,10.016
4964,5030.0,6.54
4965,5031.0,6.028
4966,5032.0,6.068
4967,5033.0,7.664
4968,5034.0,9.014
4969,5035.0,6.269
4970,5036.0,6.942
4971,5037.0,8.493
4972,5038.0,8.145
4973,5039.0,6.35
4974,5040.0,9.374
4975,5041.0,6.511
4976,5042.0,7.985
4977,5043.0,6.551
4978,5044.0,6.229
4979,5045.0,5.626
4980,5046.0,6.631
4981,5047.0,6.35
4982,5048.0,6.35
4983,5049.0,6.39
4984,5050.0,6.551
4985,5051.0,9.174
4986,5052.0,7.664
4987,5053.0,6.631
4988,5054.0,10.216
4989,5055.0,8.145
4990,5056.0,8.733
4991,5057.0,8.894
4992,5058.0,7.704
4993,5059.0,6.229
4994,5060.0,6.149
4995,5061.0,8.507
4996,5062.0,6.31
4997,5063.0,7.142
4998,5064.0,9.014
4999,5065.0,7.624
5000,5066.0,6.46
5001,5067.0,7.423
5002,5068.0,6.028
5003,5069.0,6.942
5004,5070.0,6.229
5005,5071.0,6.39
5006,5072.0,7.303
5007,5073.0,5.273
5008,5074.0,5.868
5009,5075.0,6.39
5010,5076.0,6.712
5011,5077.0,6.189
5012,5078.0,6.39
5013,5079.0,6.028
5014,5080.0,10.136
5015,5081.0,6.832
5016,5082.0,9.214
5017,5083.0,7.664
5018,5084.0,9.735
5019,5085.0,7.062
5020,5086.0,10.016
5021,5087.0,6.551
5022,5088.0,6.109
5023,5090.0,6.068
5024,5091.0,7.784
5025,5092.0,8.894
5026,5093.0,6.269
5027,5094.0,6.982
5028,5095.0,8.613
5029,5096.0,7.985
5030,5097.0,6.31
5031,5098.0,9.334
5032,5099.0,6.551
5033,5100.0,8.065
5034,5101.0,6.31
5035,5102.0,6.189
5036,5103.0,5.667
5037,5104.0,6.551
5038,5105.0,6.31
5039,5106.0,6.31
5040,5107.0,6.35
5041,5108.0,6.47
5042,5109.0,9.334
5043,5110.0,7.624
5044,5111.0,7.022
5045,5112.0,9.895
5046,5113.0,8.346
5047,5114.0,8.467
5048,5115.0,9.054
5049,5116.0,7.784
5050,5117.0,6.189
5051,5118.0,6.149
5052,5119.0,8.774
5053,5120.0,6.31
5054,5121.0,7.022
5055,5122.0,8.693
5056,5123.0,7.985
5057,5124.0,6.39
5058,5125.0,7.223
5059,5126.0,6.511
5060,5127.0,6.872
5061,5128.0,6.551
5062,5129.0,6.31
5063,5130.0,7.062
5064,5131.0,5.385
5065,5132.0,5.908
5066,5133.0,6.39
5067,5134.0,6.31
5068,5135.0,6.792
5069,5136.0,6.269
5070,5137.0,7.343
5071,5138.0,10.256
5072,5139.0,6.792
5073,5140.0,9.775
5074,5141.0,6.861
5075,5142.0,10.096
5076,5143.0,6.792
5077,5144.0,10.216
5078,5145.0,6.189
5079,5146.0,5.868
5080,5147.0,5.988
5081,5148.0,7.102
5082,5149.0,8.854
5083,5150.0,7.784
5084,5151.0,6.39
5085,5152.0,7.383
5086,5153.0,9.334
5087,5154.0,6.068
5088,5155.0,8.025
5089,5156.0,6.229
5090,5157.0,7.102
5091,5158.0,8.426
5092,5159.0,5.787
5093,5160.0,5.868
5094,5161.0,6.511
5095,5162.0,6.109
5096,5163.0,6.39
5097,5164.0,6.39
5098,5165.0,6.189
5099,5167.0,9.935
5100,5168.0,7.062
5101,5169.0,8.627
5102,5170.0,7.945
5103,5171.0,9.374
5104,5172.0,7.544
5105,5173.0,9.775
5106,5174.0,6.902
5107,5175.0,6.229
5108,5176.0,6.269
5109,5177.0,8.627
5110,5178.0,7.985
5111,5179.0,6.39
5112,5180.0,7.223
5113,5181.0,9.495
5114,5182.0,6.781
5115,5183.0,6.621
5116,5184.0,8.693
5117,5185.0,6.591
5118,5186.0,8.667
5119,5187.0,6.189
5120,5188.0,6.43
5121,5189.0,5.474
5122,5190.0,5.948
5123,5191.0,6.229
5124,5192.0,6.39
5125,5193.0,6.39
5126,5194.0,6.511
5127,5195.0,8.587
5128,5196.0,8.507
5129,5197.0,6.39
5130,5198.0,10.056
5131,5199.0,7.022
5132,5200.0,10.136
5133,5201.0,8.226
5134,5202.0,8.653
5135,5203.0,6.269
5136,5204.0,6.109
5137,5205.0,7.223
5138,5206.0,6.511
5139,5207.0,7.584
5140,5208.0,9.134
5141,5209.0,6.269
5142,5210.0,6.861
5143,5211.0,8.306
5144,5212.0,5.827
5145,5213.0,7.223
5146,5214.0,6.189
5147,5215.0,6.671
5148,5216.0,7.945
5149,5217.0,5.506
5150,5218.0,5.868
5151,5219.0,6.43
5152,5220.0,6.551
5153,5221.0,6.109
5154,5222.0,6.35
5155,5223.0,6.269
5156,5224.0,10.176
5157,5225.0,6.752
5158,5226.0,9.374
5159,5227.0,7.383
5160,5228.0,9.815
5161,5229.0,6.832
5162,5230.0,10.096
5163,5231.0,6.43
5164,5232.0,5.988
5165,5233.0,5.988
5166,5234.0,7.423
5167,5235.0,9.254
5168,5236.0,6.31
5169,5237.0,6.741
5170,5238.0,8.145
5171,5239.0,8.507
5172,5240.0,6.229
5173,5242.0,8.974
5174,5243.0,6.43
5175,5244.0,7.664
5176,5245.0,7.142
5177,5246.0,6.028
5178,5247.0,5.707
5179,5248.0,6.631
5180,5249.0,6.31
5181,5250.0,6.31
5182,5251.0,6.39
5183,5252.0,6.43
5184,5253.0,9.455
5185,5254.0,7.503
5186,5255.0,7.343
5187,5256.0,9.495
5188,5257.0,8.587
5189,5258.0,8.226
5190,5259.0,9.254
5191,5260.0,7.744
5192,5261.0,6.229
5193,5262.0,6.149
5194,5263.0,9.014
5195,5264.0,6.269
5196,5265.0,6.902
5197,5266.0,8.426
5198,5267.0,8.306
5199,5268.0,6.269
5200,5269.0,7.142
5201,5270.0,6.832
5202,5271.0,6.872
5203,5272.0,6.832
5204,5273.0,6.31
5205,5274.0,6.982
5206,5275.0,5.466
5207,5276.0,5.908
5208,5277.0,6.43
5209,5278.0,6.39
5210,5279.0,6.712
5211,5280.0,6.189
5212,5281.0,7.584
5213,5282.0,9.975
5214,5283.0,6.712
5215,5284.0,9.855
5216,5285.0,6.781
5217,5286.0,10.096
5218,5287.0,6.982
5219,5288.0,10.136
5220,5289.0,6.149
5221,5290.0,5.868
5222,5291.0,5.988
5223,5292.0,6.942
5224,5293.0,8.573
5225,5294.0,8.065
5226,5295.0,6.35
5227,5296.0,7.223
5228,5297.0,9.455
5229,5298.0,5.988
5230,5299.0,7.905
5231,5300.0,6.189
5232,5301.0,7.022
5233,5302.0,8.547
5234,5303.0,5.707
5235,5304.0,5.787
5236,5305.0,6.511
5237,5306.0,6.109
5238,5307.0,6.35
5239,5308.0,6.35
5240,5309.0,6.189
5241,5310.0,9.855
5242,5311.0,7.142
5243,5312.0,8.346
5244,5313.0,8.306
5245,5314.0,9.214
5246,5315.0,7.784
5247,5316.0,9.655
5248,5317.0,7.102
5249,5318.0,6.229
5250,5320.0,6.35
5251,5321.0,9.014
5252,5322.0,7.544
5253,5323.0,6.46
5254,5324.0,7.503
5255,5325.0,9.294
5256,5326.0,6.269
5257,5327.0,6.781
5258,5328.0,8.306
5259,5329.0,6.671
5260,5330.0,8.306
5261,5331.0,6.269
5262,5332.0,6.631
5263,5333.0,4.926
5264,5334.0,5.868
5265,5335.0,6.43
5266,5336.0,6.43
5267,5337.0,6.109
5268,5338.0,6.39
5269,5339.0,6.39
5270,5340.0,10.216
5271,5341.0,6.872
5272,5342.0,9.495
5273,5343.0,7.263
5274,5344.0,9.895
5275,5345.0,6.701
5276,5346.0,10.096
5277,5347.0,6.39
5278,5348.0,5.948
5279,5349.0,5.988
5280,5350.0,7.223
5281,5351.0,9.535
5282,5352.0,6.781
5283,5353.0,6.661
5284,5354.0,7.865
5285,5355.0,8.814
5286,5356.0,6.149
5287,5357.0,8.733
5288,5358.0,6.35
5289,5359.0,7.503
5290,5360.0,7.544
5291,5361.0,5.988
5292,5362.0,5.434
5293,5363.0,6.149
5294,5364.0,6.109
5295,5365.0,6.39
5296,5366.0,6.39
5297,5367.0,6.712
5298,5368.0,8.974
5299,5369.0,7.945
5300,5370.0,6.35
5301,5371.0,10.176
5302,5372.0,7.784
5303,5373.0,9.174
5304,5374.0,8.693
5305,5375.0,7.985
5306,5376.0,6.229
5307,5377.0,6.109
5308,5378.0,8.065
5309,5379.0,6.269
5310,5380.0,7.142
5311,5381.0,9.455
5312,5382.0,7.102
5313,5383.0,6.54
5314,5384.0,7.704
5315,5385.0,5.988
5316,5386.0,7.022
5317,5387.0,6.189
5318,5388.0,6.47
5319,5389.0,7.463
5320,5390.0,5.345
5321,5391.0,5.787
5322,5392.0,6.43
5323,5393.0,6.752
5324,5394.0,6.229
5325,5396.0,6.31
5326,5397.0,6.068
5327,5398.0,10.056
5328,5399.0,6.913
5329,5400.0,9.014
5330,5401.0,7.905
5331,5402.0,9.615
5332,5403.0,7.142
5333,5404.0,9.935
5334,5405.0,6.661
5335,5406.0,6.109
5336,5407.0,6.109
5337,5408.0,7.985
5338,5409.0,8.733
5339,5410.0,6.31
5340,5411.0,7.102
5341,5412.0,8.854
5342,5413.0,7.704
5343,5414.0,6.42
5344,5415.0,9.214
5345,5416.0,6.591
5346,5417.0,8.266
5347,5418.0,6.229
5348,5419.0,6.269
5349,5420.0,5.626
5350,5421.0,6.631
5351,5422.0,6.39
5352,5423.0,6.35
5353,5424.0,6.39
5354,5425.0,6.591
5355,5426.0,9.214
5356,5427.0,7.704
5357,5428.0,6.58
5358,5429.0,10.216
5359,5430.0,8.145
5360,5431.0,8.774
5361,5432.0,8.934
5362,5433.0,7.704
5363,5434.0,6.229
5364,5435.0,6.189
5365,5436.0,8.507
5366,5437.0,6.3
5367,5438.0,7.182
5368,5439.0,9.014
5369,5440.0,7.624
5370,5441.0,6.46
5371,5442.0,7.423
5372,5443.0,6.028
5373,5444.0,6.942
5374,5445.0,6.229
5375,5446.0,6.39
5376,5447.0,7.263
5377,5448.0,5.265
5378,5449.0,5.948
5379,5450.0,6.39
5380,5451.0,6.43
5381,5452.0,6.35
5382,5453.0,6.35
5383,5454.0,6.752
5384,5455.0,10.296
5385,5456.0,6.982
5386,5457.0,9.655
5387,5458.0,7.062
5388,5459.0,10.016
5389,5460.0,6.701
5390,5461.0,10.176
5391,5462.0,6.31
5392,5463.0,5.908
5393,5464.0,5.908
5394,5465.0,7.223
5395,5466.0,9.334
5396,5467.0,7.182
5397,5468.0,6.54
5398,5469.0,7.624
5399,5471.0,9.014
5400,5472.0,6.068
5401,5473.0,8.426
5402,5474.0,6.31
5403,5475.0,7.343
5404,5476.0,7.865
5405,5477.0,5.908
5406,5478.0,5.787
5407,5479.0,6.551
5408,5480.0,6.149
5409,5481.0,6.31
5410,5482.0,6.35
5411,5483.0,6.269
5412,5484.0,9.695
5413,5485.0,7.263
5414,5486.0,8.065
5415,5487.0,8.587
5416,5488.0,9.014
5417,5489.0,7.664
5418,5490.0,9.495
5419,5491.0,7.223
5420,5492.0,6.189
5421,5493.0,6.229
5422,5494.0,9.374
5423,5495.0,7.102
5424,5496.0,6.58
5425,5497.0,7.704
5426,5498.0,9.014
5427,5499.0,6.31
5428,5500.0,6.902
5429,5501.0,8.025
5430,5502.0,6.671
5431,5503.0,8.025
5432,5504.0,6.229
5433,5505.0,6.792
5434,5506.0,5.434
5435,5507.0,5.948
5436,5508.0,6.269
5437,5509.0,6.39
5438,5510.0,6.47
5439,5511.0,6.109
5440,5512.0,8.306
5441,5513.0,8.854
5442,5514.0,6.43
5443,5515.0,9.975
5444,5516.0,6.671
5445,5517.0,10.216
5446,5518.0,7.905
5447,5519.0,9.014
5448,5520.0,6.229
5449,5521.0,6.028
5450,5522.0,6.712
5451,5523.0,6.621
5452,5524.0,7.784
5453,5525.0,8.934
5454,5526.0,6.269
5455,5527.0,6.982
5456,5528.0,8.573
5457,5529.0,5.908
5458,5530.0,7.303
5459,5531.0,6.189
5460,5532.0,6.752
5461,5533.0,8.145
5462,5534.0,5.546
5463,5535.0,5.948
5464,5536.0,6.39
5465,5537.0,6.551
5466,5538.0,6.109
5467,5539.0,6.43
5468,5540.0,6.269
5469,5541.0,10.256
5470,5542.0,6.752
5471,5543.0,9.415
5472,5545.0,7.343
5473,5546.0,9.895
5474,5547.0,6.781
5475,5548.0,10.096
5476,5549.0,6.43
5477,5550.0,5.988
5478,5551.0,5.988
5479,5552.0,7.383
5480,5553.0,9.294
5481,5554.0,6.39
5482,5555.0,6.701
5483,5556.0,8.065
5484,5557.0,8.613
5485,5558.0,6.189
5486,5559.0,8.894
5487,5560.0,6.39
5488,5561.0,7.584
5489,5562.0,7.263
5490,5563.0,5.988
5491,5564.0,5.555
5492,5565.0,6.591
5493,5566.0,6.39
5494,5567.0,6.31
5495,5568.0,6.39
5496,5569.0,6.591
5497,5570.0,9.174
5498,5571.0,7.704
5499,5572.0,6.47
5500,5573.0,10.216
5501,5574.0,7.985
5502,5575.0,8.894
5503,5576.0,8.854
5504,5577.0,7.824
5505,5578.0,6.229
5506,5579.0,6.149
5507,5580.0,8.306
5508,5581.0,6.31
5509,5582.0,7.223
5510,5583.0,9.214
5511,5584.0,7.383
5512,5585.0,6.511
5513,5586.0,7.544
5514,5587.0,6.028
5515,5588.0,6.982
5516,5589.0,6.189
5517,5590.0,6.43
5518,5591.0,7.383
5519,5592.0,5.345
5520,5593.0,5.908
5521,5594.0,6.39
5522,5595.0,6.47
5523,5596.0,6.109
5524,5597.0,6.39
5525,5598.0,6.269
5526,5599.0,10.216
5527,5600.0,6.752
5528,5601.0,9.455
5529,5602.0,7.263
5530,5603.0,9.895
5531,5604.0,6.741
5532,5605.0,10.136
5533,5606.0,6.42
5534,5607.0,5.988
5535,5608.0,5.948
5536,5609.0,7.343
5537,5610.0,9.415
5538,5611.0,6.591
5539,5612.0,6.701
5540,5613.0,7.985
5541,5614.0,8.693
5542,5615.0,6.189
5543,5616.0,8.814
5544,5617.0,6.39
5545,5618.0,7.584
5546,5619.0,7.383
5547,5620.0,6.028
5548,5621.0,5.787
5549,5623.0,6.591
5550,5624.0,6.229
5551,5625.0,6.31
5552,5626.0,6.43
5553,5627.0,6.35
5554,5628.0,9.575
5555,5629.0,7.423
5556,5630.0,7.624
5557,5631.0,9.134
5558,5632.0,8.733
5559,5633.0,7.985
5560,5634.0,9.334
5561,5635.0,7.584
5562,5636.0,6.229
5563,5637.0,6.149
5564,5638.0,9.134
5565,5639.0,6.31
5566,5640.0,6.781
5567,5641.0,8.186
5568,5642.0,8.467
5569,5643.0,6.269
5570,5644.0,7.223
5571,5645.0,7.223
5572,5646.0,6.792
5573,5647.0,7.223
5574,5648.0,6.229
5575,5649.0,6.861
5576,5650.0,5.425
5577,5651.0,5.908
5578,5652.0,6.39
5579,5653.0,6.39
5580,5654.0,6.631
5581,5655.0,6.189
5582,5656.0,7.704
5583,5657.0,9.695
5584,5658.0,6.671
5585,5659.0,9.815
5586,5660.0,6.701
5587,5661.0,10.096
5588,5662.0,7.182
5589,5663.0,9.895
5590,5664.0,6.109
5591,5665.0,5.948
5592,5666.0,6.028
5593,5667.0,6.861
5594,5668.0,8.426
5595,5669.0,8.226
5596,5670.0,6.31
5597,5671.0,7.142
5598,5672.0,9.495
5599,5673.0,5.988
5600,5674.0,7.784
5601,5675.0,6.189
5602,5676.0,6.942
5603,5677.0,8.667
5604,5678.0,5.707
5605,5679.0,5.626
5606,5680.0,6.591
5607,5681.0,6.269
5608,5682.0,6.31
5609,5683.0,6.39
5610,5684.0,6.39
5611,5685.0,9.575
5612,5686.0,7.463
5613,5687.0,7.584
5614,5688.0,9.254
5615,5689.0,8.707
5616,5690.0,8.065
5617,5691.0,9.334
5618,5692.0,7.624
5619,5693.0,6.229
5620,5694.0,6.149
5621,5695.0,9.214
5622,5696.0,6.31
5623,5697.0,6.821
5624,5698.0,8.226
5625,5700.0,8.507
5626,5701.0,6.269
5627,5702.0,7.223
5628,5703.0,7.182
5629,5704.0,6.792
5630,5705.0,7.223
5631,5706.0,6.31
5632,5707.0,6.861
5633,5708.0,5.233
5634,5709.0,5.868
5635,5710.0,6.43
5636,5711.0,6.47
5637,5712.0,6.109
5638,5713.0,6.39
5639,5714.0,6.35
5640,5715.0,10.216
5641,5716.0,6.832
5642,5717.0,9.455
5643,5718.0,7.263
5644,5719.0,9.895
5645,5720.0,6.781
5646,5721.0,10.136
5647,5722.0,6.43
5648,5723.0,5.988
5649,5724.0,6.028
5650,5725.0,7.303
5651,5726.0,9.495
5652,5727.0,6.701
5653,5728.0,6.661
5654,5729.0,7.905
5655,5730.0,8.774
5656,5731.0,6.149
5657,5732.0,8.733
5658,5733.0,6.35
5659,5734.0,7.544
5660,5735.0,7.463
5661,5736.0,5.948
5662,5737.0,5.707
5663,5738.0,6.591
5664,5739.0,6.229
5665,5740.0,6.31
5666,5741.0,6.35
5667,5742.0,6.35
5668,5743.0,9.535
5669,5744.0,7.423
5670,5745.0,7.544
5671,5746.0,9.174
5672,5747.0,8.707
5673,5748.0,7.985
5674,5749.0,9.334
5675,5750.0,7.544
5676,5751.0,6.189
5677,5752.0,6.189
5678,5753.0,9.174
5679,5754.0,6.269
5680,5755.0,6.781
5681,5756.0,8.145
5682,5757.0,8.507
5683,5758.0,6.269
5684,5759.0,7.223
5685,5760.0,7.182
5686,5761.0,6.792
5687,5762.0,7.223
5688,5763.0,6.229
5689,5764.0,6.902
5690,5765.0,5.434
5691,5766.0,5.868
5692,5767.0,6.47
5693,5768.0,6.39
5694,5769.0,6.752
5695,5770.0,6.229
5696,5771.0,7.503
5697,5772.0,10.056
5698,5773.0,6.752
5699,5774.0,9.775
5700,5776.0,6.821
5701,5777.0,10.096
5702,5778.0,7.022
5703,5779.0,10.136
5704,5780.0,6.189
5705,5781.0,5.827
5706,5782.0,6.028
5707,5783.0,6.982
5708,5784.0,8.613
5709,5785.0,8.065
5710,5786.0,6.39
5711,5787.0,7.223
5712,5788.0,9.495
5713,5789.0,5.988
5714,5790.0,7.905
5715,5791.0,6.189
5716,5792.0,7.022
5717,5793.0,8.587
5718,5794.0,5.747
5719,5795.0,5.787
5720,5796.0,6.511
5721,5797.0,6.109
5722,5798.0,6.511
5723,5799.0,6.35
5724,5800.0,6.229
5725,5801.0,9.855
5726,5802.0,7.154
5727,5803.0,8.467
5728,5804.0,8.186
5729,5805.0,9.254
5730,5806.0,7.744
5731,5807.0,9.695
5732,5808.0,7.102
5733,5809.0,6.189
5734,5810.0,6.39
5735,5811.0,8.934
5736,5812.0,7.704
5737,5813.0,6.43
5738,5814.0,7.503
5739,5815.0,9.254
5740,5816.0,6.269
5741,5817.0,6.741
5742,5818.0,8.306
5743,5819.0,6.671
5744,5820.0,8.346
5745,5821.0,6.229
5746,5822.0,6.591
5747,5823.0,5.626
5748,5824.0,5.988
5749,5825.0,6.109
5750,5826.0,6.31
5751,5827.0,6.39
5752,5828.0,6.712
5753,5829.0,8.934
5754,5830.0,7.985
5755,5831.0,6.35
5756,5832.0,10.136
5757,5833.0,7.624
5758,5834.0,9.374
5759,5835.0,8.627
5760,5836.0,8.105
5761,5837.0,6.229
5762,5838.0,6.068
5763,5839.0,7.905
5764,5840.0,6.35
5765,5841.0,7.223
5766,5842.0,9.495
5767,5843.0,6.872
5768,5844.0,6.621
5769,5845.0,7.865
5770,5846.0,5.948
5771,5847.0,7.062
5772,5848.0,6.149
5773,5849.0,6.511
5774,5851.0,7.544
5775,5852.0,5.385
5776,5853.0,5.868
5777,5854.0,6.39
5778,5855.0,6.551
5779,5856.0,6.149
5780,5857.0,6.31
5781,5858.0,6.068
5782,5859.0,10.136
5783,5860.0,6.792
5784,5861.0,9.294
5785,5862.0,7.503
5786,5863.0,9.775
5787,5864.0,6.902
5788,5865.0,10.016
5789,5866.0,6.511
5790,5867.0,6.028
5791,5868.0,6.028
5792,5869.0,7.584
5793,5870.0,9.134
5794,5871.0,6.269
5795,5872.0,6.861
5796,5873.0,8.333
5797,5874.0,8.346
5798,5875.0,6.269
5799,5876.0,9.334
5800,5877.0,6.47
5801,5878.0,7.905
5802,5879.0,6.752
5803,5880.0,6.149
5804,5881.0,5.626
5805,5882.0,6.631
5806,5883.0,6.39
5807,5884.0,6.43
5808,5885.0,6.43
5809,5886.0,6.631
5810,5887.0,9.214
5811,5888.0,7.704
5812,5889.0,6.671
5813,5890.0,10.216
5814,5891.0,8.145
5815,5892.0,8.733
5816,5893.0,8.934
5817,5894.0,7.744
5818,5895.0,6.229
5819,5896.0,6.189
5820,5897.0,8.467
5821,5898.0,6.31
5822,5899.0,7.182
5823,5900.0,9.094
5824,5901.0,7.544
5825,5902.0,6.46
5826,5903.0,7.463
5827,5904.0,5.988
5828,5905.0,6.942
5829,5906.0,6.189
5830,5907.0,6.39
5831,5908.0,7.263
5832,5909.0,5.305
5833,5910.0,5.868
5834,5911.0,6.35
5835,5912.0,6.35
5836,5913.0,6.43
5837,5914.0,6.31
5838,5915.0,6.832
5839,5916.0,10.296
5840,5917.0,6.993
5841,5918.0,9.615
5842,5919.0,7.022
5843,5920.0,9.975
5844,5921.0,6.712
5845,5922.0,10.176
5846,5923.0,6.31
5847,5924.0,5.908
5848,5925.0,5.908
5849,5926.0,7.263
5850,5927.0,9.334
5851,5929.0,7.343
5852,5930.0,6.511
5853,5931.0,7.584
5854,5932.0,9.094
5855,5933.0,6.109
5856,5934.0,8.386
5857,5935.0,6.269
5858,5936.0,7.303
5859,5937.0,7.945
5860,5938.0,5.908
5861,5939.0,5.747
5862,5940.0,6.591
5863,5941.0,6.229
5864,5942.0,6.31
5865,5943.0,6.35
5866,5944.0,6.43
5867,5945.0,9.415
5868,5946.0,7.544
5869,5947.0,7.142
5870,5948.0,9.775
5871,5949.0,8.346
5872,5950.0,8.507
5873,5951.0,9.014
5874,5952.0,7.624
5875,5953.0,6.189
5876,5954.0,6.149
5877,5955.0,8.346
5878,5956.0,6.31
5879,5957.0,7.263
5880,5958.0,9.415
5881,5959.0,7.062
5882,5960.0,6.58
5883,5961.0,7.784
5884,5962.0,5.988
5885,5963.0,7.062
5886,5964.0,6.189
5887,5965.0,6.591
5888,5966.0,7.744
5889,5967.0,5.466
5890,5968.0,5.948
5891,5969.0,6.39
5892,5970.0,6.551
5893,5971.0,6.149
5894,5972.0,6.35
5895,5973.0,5.988
5896,5974.0,10.136
5897,5975.0,6.792
5898,5976.0,9.214
5899,5977.0,7.664
5900,5978.0,9.655
5901,5979.0,7.062
5902,5980.0,9.935
5903,5981.0,6.621
5904,5982.0,6.149
5905,5983.0,6.109
5906,5984.0,8.145
5907,5985.0,8.467
5908,5986.0,6.31
5909,5987.0,7.223
5910,5988.0,9.455
5911,5989.0,7.182
5912,5990.0,6.58
5913,5991.0,8.854
5914,5992.0,6.591
5915,5993.0,8.627
5916,5994.0,6.189
5917,5995.0,6.35
5918,5996.0,5.506
5919,5997.0,5.948
5920,5998.0,6.149
5921,5999.0,6.35
5922,6000.0,6.31
5923,6001.0,6.832
5924,6002.0,8.788
5925,6003.0,8.226
5926,6004.0,6.31
5927,6006.0,10.096
5928,6007.0,7.383
5929,6008.0,9.735
5930,6009.0,8.426
5931,6010.0,8.306
5932,6011.0,6.229
5933,6012.0,6.068
5934,6013.0,7.584
5935,6014.0,6.43
5936,6015.0,7.383
5937,6016.0,9.294
5938,6017.0,6.39
5939,6018.0,6.741
5940,6019.0,8.065
5941,6020.0,5.908
5942,6021.0,7.142
5943,6022.0,6.189
5944,6023.0,6.631
5945,6024.0,7.784
5946,6025.0,5.425
5947,6026.0,5.868
5948,6027.0,6.39
5949,6028.0,6.591
5950,6029.0,6.149
5951,6030.0,6.31
5952,6031.0,5.988
5953,6032.0,10.136
5954,6033.0,6.752
5955,6034.0,9.254
5956,6035.0,7.544
5957,6036.0,9.735
5958,6037.0,6.942
5959,6038.0,10.016
5960,6039.0,6.511
5961,6040.0,6.028
5962,6041.0,6.028
5963,6042.0,7.664
5964,6043.0,9.014
5965,6044.0,6.269
5966,6045.0,6.902
5967,6046.0,8.467
5968,6047.0,8.186
5969,6048.0,6.31
5970,6049.0,9.334
5971,6050.0,6.511
5972,6051.0,7.945
5973,6052.0,6.551
5974,6053.0,6.149
5975,6054.0,5.626
5976,6055.0,6.591
5977,6056.0,6.39
5978,6057.0,6.31
5979,6058.0,6.39
5980,6059.0,6.591
5981,6060.0,9.174
5982,6061.0,7.664
5983,6062.0,6.631
5984,6063.0,10.176
5985,6064.0,8.105
5986,6065.0,8.733
5987,6066.0,8.934
5988,6067.0,7.704
5989,6068.0,6.229
5990,6069.0,6.109
5991,6070.0,8.507
5992,6071.0,6.269
5993,6072.0,7.223
5994,6073.0,9.014
5995,6074.0,7.584
5996,6075.0,6.46
5997,6076.0,7.544
5998,6077.0,5.988
5999,6078.0,6.982
6000,6079.0,6.189
6001,6080.0,6.43
6002,6081.0,7.303
6003,6083.0,5.345
6004,6084.0,5.908
6005,6085.0,6.39
6006,6086.0,6.39
6007,6087.0,6.269
6008,6088.0,6.35
6009,6089.0,6.671
6010,6090.0,10.296
6011,6091.0,7.022
6012,6092.0,9.535
6013,6093.0,7.142
6014,6094.0,9.935
6015,6095.0,6.701
6016,6096.0,10.096
6017,6097.0,6.31
6018,6098.0,5.948
6019,6099.0,5.908
6020,6100.0,7.142
6021,6101.0,9.495
6022,6102.0,7.022
6023,6103.0,6.58
6024,6104.0,7.824
6025,6105.0,8.894
6026,6106.0,6.109
6027,6107.0,8.533
6028,6108.0,6.35
6029,6109.0,7.423
6030,6110.0,7.704
6031,6111.0,5.908
6032,6112.0,5.707
6033,6113.0,6.591
6034,6114.0,6.229
6035,6115.0,6.31
6036,6116.0,6.39
6037,6117.0,6.35
6038,6118.0,9.575
6039,6119.0,7.383
6040,6120.0,7.664
6041,6121.0,8.974
6042,6122.0,8.774
6043,6123.0,7.865
6044,6124.0,9.374
6045,6125.0,7.463
6046,6126.0,6.189
6047,6127.0,6.149
6048,6128.0,9.254
6049,6129.0,6.39
6050,6130.0,6.701
6051,6131.0,8.025
6052,6132.0,8.613
6053,6133.0,6.269
6054,6134.0,7.142
6055,6135.0,7.383
6056,6136.0,6.752
6057,6137.0,7.423
6058,6138.0,6.229
6059,6139.0,6.821
6060,6140.0,5.152
6061,6141.0,5.787
6062,6142.0,6.43
6063,6143.0,6.551
6064,6144.0,6.189
6065,6145.0,6.35
6066,6146.0,6.028
6067,6147.0,10.136
6068,6148.0,6.832
6069,6149.0,9.254
6070,6150.0,7.544
6071,6151.0,9.775
6072,6152.0,6.942
6073,6153.0,10.016
6074,6154.0,6.551
6075,6155.0,6.068
6076,6156.0,6.109
6077,6157.0,7.624
6078,6159.0,9.094
6079,6160.0,6.31
6080,6161.0,6.942
6081,6162.0,8.386
6082,6163.0,8.266
6083,6164.0,6.269
6084,6165.0,9.415
6085,6166.0,6.47
6086,6167.0,7.905
6087,6168.0,6.712
6088,6169.0,6.149
6089,6170.0,5.595
6090,6171.0,6.551
6091,6172.0,6.269
6092,6173.0,6.35
6093,6174.0,6.39
6094,6175.0,6.631
6095,6176.0,9.094
6096,6177.0,7.704
6097,6178.0,6.39
6098,6179.0,10.176
6099,6180.0,7.945
6100,6181.0,8.894
6101,6182.0,8.814
6102,6183.0,7.824
6103,6184.0,6.229
6104,6185.0,6.149
6105,6186.0,8.306
6106,6187.0,6.269
6107,6188.0,7.223
6108,6189.0,9.174
6109,6190.0,7.383
6110,6191.0,6.47
6111,6192.0,7.544
6112,6193.0,5.988
6113,6194.0,6.993
6114,6195.0,6.189
6115,6196.0,6.43
6116,6197.0,7.343
6117,6198.0,5.305
6118,6199.0,5.827
6119,6200.0,6.43
6120,6201.0,6.752
6121,6202.0,6.229
6122,6203.0,6.31
6123,6204.0,6.068
6124,6205.0,10.056
6125,6206.0,6.872
6126,6207.0,9.054
6127,6208.0,7.824
6128,6209.0,9.615
6129,6210.0,7.102
6130,6211.0,9.895
6131,6212.0,6.631
6132,6213.0,6.068
6133,6214.0,6.109
6134,6215.0,7.905
6135,6216.0,8.693
6136,6217.0,6.269
6137,6218.0,7.102
6138,6219.0,8.854
6139,6220.0,7.784
6140,6221.0,6.39
6141,6222.0,9.254
6142,6223.0,6.591
6143,6224.0,8.226
6144,6225.0,6.229
6145,6226.0,6.31
6146,6227.0,5.515
6147,6228.0,5.988
6148,6229.0,6.149
6149,6230.0,6.39
6150,6231.0,6.31
6151,6232.0,6.832
6152,6233.0,8.828
6153,6235.0,8.186
6154,6236.0,6.39
6155,6237.0,10.136
6156,6238.0,7.423
6157,6239.0,9.655
6158,6240.0,8.467
6159,6241.0,8.306
6160,6242.0,6.229
6161,6243.0,6.109
6162,6244.0,7.664
6163,6245.0,6.43
6164,6246.0,7.343
6165,6247.0,9.415
6166,6248.0,6.511
6167,6249.0,6.701
6168,6250.0,7.985
6169,6251.0,5.948
6170,6252.0,7.102
6171,6253.0,6.189
6172,6254.0,6.591
6173,6255.0,7.704
6174,6256.0,5.425
6175,6257.0,5.868
6176,6258.0,6.43
6177,6259.0,6.551
6178,6260.0,6.149
6179,6261.0,6.31
6180,6262.0,6.189
6181,6263.0,10.176
6182,6264.0,6.752
6183,6265.0,9.334
6184,6266.0,7.423
6185,6267.0,9.815
6186,6268.0,6.861
6187,6269.0,10.056
6188,6270.0,6.47
6189,6271.0,5.988
6190,6272.0,6.028
6191,6273.0,7.463
6192,6274.0,9.254
6193,6275.0,6.269
6194,6276.0,6.781
6195,6277.0,8.186
6196,6278.0,8.467
6197,6279.0,6.229
6198,6280.0,9.094
6199,6281.0,6.43
6200,6282.0,7.744
6201,6283.0,7.022
6202,6284.0,6.068
6203,6285.0,5.707
6204,6286.0,6.591
6205,6287.0,6.229
6206,6288.0,6.31
6207,6289.0,6.35
6208,6290.0,6.39
6209,6291.0,9.495
6210,6292.0,7.463
6211,6293.0,7.423
6212,6294.0,9.374
6213,6295.0,8.627
6214,6296.0,8.145
6215,6297.0,9.254
6216,6298.0,7.704
6217,6299.0,6.189
6218,6300.0,6.189
6219,6301.0,9.014
6220,6302.0,6.269
6221,6303.0,6.821
6222,6304.0,8.386
6223,6305.0,8.346
6224,6306.0,6.269
6225,6307.0,7.263
6226,6308.0,7.062
6227,6309.0,6.781
6228,6310.0,7.062
6229,6312.0,6.229
6230,6313.0,6.982
6231,6314.0,5.354
6232,6315.0,5.908
6233,6316.0,6.43
6234,6317.0,6.31
6235,6318.0,6.752
6236,6319.0,6.269
6237,6320.0,7.343
6238,6321.0,10.296
6239,6322.0,6.792
6240,6323.0,9.775
6241,6324.0,6.861
6242,6325.0,10.096
6243,6326.0,6.741
6244,6327.0,10.256
6245,6328.0,6.189
6246,6329.0,5.908
6247,6330.0,5.988
6248,6331.0,7.102
6249,6332.0,8.854
6250,6333.0,7.784
6251,6334.0,6.43
6252,6335.0,7.463
6253,6336.0,9.334
6254,6337.0,6.028
6255,6338.0,8.105
6256,6339.0,6.229
6257,6340.0,7.142
6258,6341.0,8.306
6259,6342.0,5.787
6260,6343.0,5.827
6261,6344.0,6.551
6262,6345.0,6.109
6263,6346.0,6.47
6264,6347.0,6.35
6265,6348.0,6.229
6266,6349.0,9.855
6267,6350.0,7.142
6268,6351.0,8.386
6269,6352.0,8.186
6270,6353.0,9.214
6271,6354.0,7.744
6272,6355.0,9.655
6273,6356.0,7.062
6274,6357.0,6.189
6275,6358.0,6.35
6276,6359.0,8.974
6277,6360.0,7.624
6278,6361.0,6.43
6279,6362.0,7.423
6280,6363.0,9.254
6281,6364.0,6.269
6282,6365.0,6.741
6283,6366.0,8.346
6284,6367.0,6.631
6285,6368.0,8.386
6286,6369.0,6.189
6287,6370.0,6.591
6288,6371.0,5.394
6289,6372.0,5.908
6290,6373.0,6.269
6291,6374.0,6.35
6292,6375.0,6.47
6293,6376.0,6.068
6294,6377.0,8.346
6295,6378.0,8.894
6296,6379.0,6.47
6297,6380.0,10.016
6298,6381.0,6.631
6299,6382.0,10.216
6300,6383.0,7.945
6301,6384.0,8.974
6302,6385.0,6.269
6303,6386.0,6.068
6304,6388.0,6.712
6305,6389.0,6.58
6306,6390.0,7.784
6307,6391.0,8.894
6308,6392.0,6.269
6309,6393.0,6.982
6310,6394.0,8.573
6311,6395.0,5.908
6312,6396.0,7.343
6313,6397.0,6.189
6314,6398.0,6.781
6315,6399.0,8.145
6316,6400.0,5.506
6317,6401.0,5.868
6318,6402.0,6.43
6319,6403.0,6.712
6320,6404.0,6.189
6321,6405.0,6.35
6322,6406.0,6.028
6323,6407.0,10.136
6324,6408.0,6.832
6325,6409.0,9.174
6326,6410.0,7.664
6327,6411.0,9.735
6328,6412.0,7.022
6329,6413.0,10.056
6330,6414.0,6.591
6331,6415.0,6.109
6332,6416.0,6.109
6333,6417.0,7.824
6334,6418.0,8.854
6335,6419.0,6.35
6336,6420.0,6.982
6337,6421.0,8.693
6338,6422.0,7.945
6339,6423.0,6.39
6340,6424.0,9.334
6341,6425.0,6.591
6342,6426.0,8.065
6343,6427.0,6.31
6344,6428.0,6.189
6345,6429.0,5.747
6346,6430.0,6.551
6347,6431.0,6.31
6348,6432.0,6.31
6349,6433.0,6.35
6350,6434.0,6.43
6351,6435.0,9.415
6352,6436.0,7.584
6353,6437.0,7.142
6354,6438.0,9.655
6355,6439.0,8.467
6356,6440.0,8.346
6357,6441.0,9.134
6358,6442.0,7.824
6359,6443.0,6.189
6360,6444.0,6.149
6361,6445.0,8.894
6362,6446.0,6.269
6363,6447.0,6.942
6364,6448.0,8.547
6365,6449.0,8.105
6366,6450.0,6.35
6367,6451.0,7.182
6368,6452.0,6.671
6369,6453.0,6.832
6370,6454.0,6.712
6371,6455.0,6.269
6372,6456.0,7.022
6373,6457.0,5.394
6374,6458.0,5.908
6375,6459.0,6.47
6376,6460.0,6.31
6377,6461.0,6.752
6378,6462.0,6.229
6379,6464.0,7.423
6380,6465.0,10.216
6381,6466.0,6.752
6382,6467.0,9.815
6383,6468.0,6.821
6384,6469.0,10.096
6385,6470.0,6.902
6386,6471.0,10.216
6387,6472.0,6.189
6388,6473.0,5.868
6389,6474.0,5.988
6390,6475.0,7.022
6391,6476.0,8.653
6392,6477.0,7.985
6393,6478.0,6.35
6394,6479.0,7.263
6395,6480.0,9.455
6396,6481.0,5.988
6397,6482.0,7.905
6398,6483.0,6.229
6399,6484.0,7.022
6400,6485.0,8.667
6401,6486.0,5.787
6402,6487.0,5.827
6403,6488.0,6.47
6404,6489.0,6.269
6405,6490.0,6.31
6406,6491.0,6.35
6407,6492.0,6.149
6408,6493.0,9.975
6409,6494.0,6.993
6410,6495.0,8.747
6411,6496.0,7.824
6412,6497.0,9.455
6413,6498.0,7.463
6414,6499.0,9.855
6415,6500.0,6.861
6416,6501.0,6.229
6417,6502.0,6.229
6418,6503.0,8.547
6419,6504.0,8.145
6420,6505.0,6.39
6421,6506.0,7.182
6422,6507.0,9.535
6423,6508.0,6.942
6424,6509.0,6.621
6425,6510.0,8.733
6426,6511.0,6.631
6427,6512.0,8.707
6428,6513.0,6.269
6429,6514.0,6.43
6430,6515.0,5.787
6431,6516.0,6.551
6432,6517.0,6.31
6433,6518.0,6.31
6434,6519.0,6.39
6435,6520.0,6.511
6436,6521.0,9.294
6437,6522.0,7.664
6438,6523.0,6.953
6439,6524.0,9.935
6440,6525.0,8.346
6441,6526.0,8.507
6442,6527.0,9.094
6443,6528.0,7.824
6444,6529.0,6.189
6445,6530.0,6.149
6446,6531.0,8.733
6447,6532.0,6.31
6448,6533.0,6.982
6449,6534.0,8.653
6450,6535.0,7.985
6451,6536.0,6.35
6452,6537.0,7.303
6453,6538.0,6.43
6454,6540.0,6.872
6455,6541.0,6.47
6456,6542.0,6.31
6457,6543.0,7.102
6458,6544.0,5.233
6459,6545.0,5.908
6460,6546.0,6.39
6461,6547.0,6.47
6462,6548.0,6.109
6463,6549.0,6.43
6464,6550.0,6.269
6465,6551.0,10.256
6466,6552.0,6.752
6467,6553.0,9.495
6468,6554.0,7.263
6469,6555.0,9.895
6470,6556.0,6.741
6471,6557.0,10.096
6472,6558.0,6.39
6473,6559.0,5.948
6474,6560.0,5.948
6475,6561.0,7.303
6476,6562.0,9.415
6477,6563.0,6.671
6478,6564.0,6.701
6479,6565.0,7.985
6480,6566.0,8.693
6481,6567.0,6.189
6482,6568.0,8.774
6483,6569.0,6.39
6484,6570.0,7.544
6485,6571.0,7.383
6486,6572.0,5.988
6487,6573.0,5.787
6488,6574.0,6.551
6489,6575.0,6.189
6490,6576.0,6.31
6491,6577.0,6.35
6492,6578.0,6.269
6493,6579.0,9.735
6494,6580.0,7.263
6495,6581.0,8.105
6496,6582.0,8.627
6497,6583.0,9.014
6498,6584.0,7.624
6499,6585.0,9.575
6500,6586.0,7.263
6501,6587.0,6.269
6502,6588.0,6.229
6503,6589.0,9.495
6504,6590.0,7.062
6505,6591.0,6.631
6506,6592.0,7.744
6507,6593.0,8.974
6508,6594.0,6.269
6509,6595.0,6.982
6510,6596.0,7.905
6511,6597.0,6.712
6512,6598.0,7.905
6513,6599.0,6.229
6514,6600.0,6.821
6515,6601.0,5.394
6516,6602.0,5.908
6517,6603.0,6.31
6518,6604.0,6.35
6519,6605.0,6.511
6520,6606.0,6.109
6521,6607.0,8.065
6522,6608.0,9.174
6523,6609.0,6.551
6524,6610.0,9.935
6525,6611.0,6.712
6526,6612.0,10.176
6527,6613.0,7.624
6528,6614.0,9.374
6529,6615.0,6.229
6530,6617.0,5.988
6531,6618.0,6.149
6532,6619.0,6.701
6533,6620.0,8.065
6534,6621.0,8.627
6535,6622.0,6.269
6536,6623.0,7.142
6537,6624.0,8.934
6538,6625.0,5.908
6539,6626.0,7.503
6540,6627.0,6.149
6541,6628.0,6.872
6542,6629.0,8.426
6543,6630.0,5.546
6544,6631.0,5.827
6545,6632.0,6.47
6546,6633.0,6.269
6547,6634.0,6.35
6548,6635.0,6.35
6549,6636.0,6.149
6550,6637.0,9.935
6551,6638.0,7.033
6552,6639.0,8.707
6553,6640.0,7.865
6554,6641.0,9.415
6555,6642.0,7.463
6556,6643.0,9.815
6557,6644.0,6.861
6558,6645.0,6.229
6559,6646.0,6.229
6560,6647.0,8.547
6561,6648.0,8.145
6562,6649.0,6.35
6563,6650.0,7.182
6564,6651.0,9.495
6565,6652.0,6.942
6566,6653.0,6.591
6567,6654.0,8.774
6568,6655.0,6.631
6569,6656.0,8.707
6570,6657.0,6.269
6571,6658.0,6.43
6572,6659.0,5.313
6573,6660.0,5.908
6574,6661.0,6.35
6575,6662.0,6.35
6576,6663.0,6.551
6577,6664.0,6.109
6578,6665.0,8.105
6579,6666.0,9.214
6580,6667.0,6.591
6581,6668.0,9.895
6582,6669.0,6.701
6583,6670.0,10.176
6584,6671.0,7.624
6585,6672.0,9.415
6586,6673.0,6.269
6587,6674.0,5.988
6588,6675.0,6.068
6589,6676.0,6.741
6590,6677.0,8.186
6591,6678.0,8.547
6592,6679.0,6.35
6593,6680.0,7.182
6594,6681.0,9.094
6595,6682.0,5.908
6596,6683.0,7.584
6597,6684.0,6.149
6598,6685.0,6.821
6599,6686.0,8.547
6600,6687.0,5.626
6601,6688.0,5.908
6602,6689.0,6.47
6603,6690.0,6.109
6604,6691.0,6.35
6605,6692.0,6.35
6606,6694.0,6.149
6607,6695.0,9.935
6608,6696.0,7.022
6609,6697.0,8.627
6610,6698.0,7.945
6611,6699.0,9.334
6612,6700.0,7.544
6613,6701.0,9.735
6614,6702.0,6.902
6615,6703.0,6.189
6616,6704.0,6.269
6617,6705.0,8.613
6618,6706.0,7.945
6619,6707.0,6.39
6620,6708.0,7.263
6621,6709.0,9.455
6622,6710.0,6.712
6623,6711.0,6.741
6624,6712.0,8.613
6625,6713.0,6.631
6626,6714.0,8.667
6627,6715.0,6.31
6628,6716.0,6.5
6629,6717.0,5.233
6630,6718.0,5.908
6631,6719.0,6.43
6632,6720.0,6.39
6633,6721.0,6.631
6634,6722.0,6.149
6635,6723.0,7.824
6636,6724.0,9.575
6637,6725.0,6.671
6638,6726.0,9.815
6639,6727.0,6.701
6640,6728.0,10.096
6641,6729.0,7.303
6642,6730.0,9.775
6643,6731.0,6.149
6644,6732.0,5.948
6645,6733.0,6.028
6646,6734.0,6.861
6647,6735.0,8.426
6648,6736.0,8.266
6649,6737.0,6.31
6650,6738.0,7.142
6651,6739.0,9.455
6652,6740.0,5.948
6653,6741.0,7.784
6654,6742.0,6.149
6655,6743.0,6.942
6656,6744.0,8.707
6657,6745.0,5.707
6658,6746.0,5.827
6659,6747.0,6.511
6660,6748.0,6.149
6661,6749.0,6.39
6662,6750.0,6.31
6663,6751.0,6.149
6664,6752.0,9.895
6665,6753.0,7.033
6666,6754.0,8.667
6667,6755.0,7.905
6668,6756.0,9.415
6669,6757.0,7.544
6670,6758.0,9.775
6671,6759.0,6.902
6672,6760.0,6.189
6673,6761.0,6.269
6674,6762.0,8.507
6675,6763.0,8.145
6676,6764.0,6.35
6677,6765.0,7.223
6678,6766.0,9.535
6679,6767.0,6.982
6680,6768.0,6.58
6681,6770.0,8.774
6682,6771.0,6.591
6683,6772.0,8.747
6684,6773.0,6.269
6685,6774.0,6.43
6686,6775.0,5.273
6687,6776.0,5.908
6688,6777.0,6.31
6689,6778.0,6.39
6690,6779.0,6.511
6691,6780.0,6.149
6692,6781.0,8.105
6693,6782.0,9.174
6694,6783.0,6.671
6695,6784.0,9.895
6696,6785.0,6.781
6697,6786.0,10.176
6698,6787.0,7.624
6699,6788.0,9.374
6700,6789.0,6.269
6701,6790.0,6.028
6702,6791.0,6.229
6703,6792.0,6.701
6704,6793.0,8.065
6705,6794.0,8.613
6706,6795.0,6.34
6707,6796.0,7.142
6708,6797.0,8.974
6709,6798.0,5.908
6710,6799.0,7.544
6711,6800.0,6.149
6712,6801.0,6.821
6713,6802.0,8.467
6714,6803.0,5.626
6715,6804.0,5.868
6716,6805.0,6.47
6717,6806.0,6.39
6718,6807.0,6.31
6719,6808.0,6.35
6720,6809.0,6.149
6721,6810.0,9.935
6722,6811.0,6.993
6723,6812.0,8.788
6724,6813.0,7.784
6725,6814.0,9.455
6726,6815.0,7.423
6727,6816.0,9.855
6728,6817.0,6.861
6729,6818.0,6.189
6730,6819.0,6.229
6731,6820.0,8.413
6732,6821.0,8.226
6733,6822.0,6.35
6734,6823.0,7.182
6735,6824.0,9.495
6736,6825.0,7.062
6737,6826.0,6.58
6738,6827.0,8.814
6739,6828.0,6.591
6740,6829.0,8.774
6741,6830.0,6.229
6742,6831.0,6.47
6743,6832.0,5.667
6744,6833.0,6.631
6745,6834.0,6.39
6746,6835.0,6.35
6747,6836.0,6.39
6748,6837.0,6.631
6749,6838.0,9.214
6750,6839.0,7.744
6751,6840.0,6.661
6752,6841.0,10.216
6753,6842.0,8.186
6754,6843.0,8.774
6755,6845.0,8.934
6756,6846.0,7.704
6757,6847.0,6.229
6758,6848.0,6.189
6759,6849.0,8.507
6760,6850.0,6.31
6761,6851.0,7.142
6762,6852.0,8.974
6763,6853.0,7.624
6764,6854.0,6.42
6765,6855.0,7.423
6766,6856.0,5.988
6767,6857.0,6.942
6768,6858.0,6.189
6769,6859.0,6.39
6770,6860.0,7.223
6771,6861.0,5.305
6772,6862.0,5.908
6773,6863.0,6.39
6774,6864.0,6.39
6775,6865.0,6.39
6776,6866.0,6.35
6777,6867.0,6.781
6778,6868.0,10.296
6779,6869.0,7.022
6780,6870.0,9.575
6781,6871.0,7.062
6782,6872.0,9.975
6783,6873.0,6.701
6784,6874.0,10.176
6785,6875.0,6.31
6786,6876.0,5.908
6787,6877.0,5.908
6788,6878.0,7.182
6789,6879.0,9.415
6790,6880.0,7.182
6791,6881.0,6.54
6792,6882.0,7.664
6793,6883.0,9.054
6794,6884.0,6.099
6795,6885.0,8.413
6796,6886.0,6.31
6797,6887.0,7.343
6798,6888.0,7.905
6799,6889.0,5.908
6800,6890.0,5.747
6801,6891.0,6.591
6802,6892.0,6.189
6803,6893.0,6.35
6804,6894.0,6.35
6805,6895.0,6.31
6806,6896.0,9.615
6807,6897.0,7.303
6808,6898.0,7.824
6809,6899.0,8.854
6810,6900.0,8.854
6811,6901.0,7.784
6812,6902.0,9.415
6813,6903.0,7.423
6814,6904.0,6.189
6815,6905.0,6.229
6816,6906.0,9.334
6817,6907.0,6.621
6818,6908.0,6.701
6819,6909.0,8.025
6820,6910.0,8.693
6821,6911.0,6.31
6822,6912.0,7.062
6823,6913.0,7.544
6824,6914.0,6.752
6825,6915.0,7.544
6826,6916.0,6.229
6827,6917.0,6.861
6828,6918.0,5.466
6829,6919.0,5.948
6830,6921.0,6.31
6831,6922.0,6.43
6832,6923.0,6.511
6833,6924.0,6.149
6834,6925.0,8.105
6835,6926.0,9.214
6836,6927.0,6.551
6837,6928.0,9.975
6838,6929.0,6.701
6839,6930.0,10.216
6840,6931.0,7.664
6841,6932.0,9.415
6842,6933.0,6.229
6843,6934.0,6.028
6844,6935.0,6.149
6845,6936.0,6.701
6846,6937.0,8.065
6847,6938.0,8.613
6848,6939.0,6.269
6849,6940.0,7.142
6850,6941.0,8.934
6851,6942.0,5.908
6852,6943.0,7.503
6853,6944.0,6.109
6854,6945.0,6.861
6855,6946.0,8.426
6856,6947.0,5.626
6857,6948.0,5.827
6858,6949.0,6.47
6859,6950.0,6.792
6860,6951.0,6.269
6861,6952.0,6.31
6862,6953.0,6.068
6863,6954.0,10.016
6864,6955.0,6.913
6865,6956.0,8.934
6866,6957.0,7.664
6867,6958.0,9.535
6868,6959.0,7.263
6869,6960.0,9.895
6870,6961.0,6.701
6871,6962.0,6.149
6872,6963.0,6.149
6873,6964.0,8.105
6874,6965.0,8.533
6875,6966.0,6.31
6876,6967.0,7.182
6877,6968.0,9.054
6878,6969.0,7.503
6879,6970.0,6.46
6880,6971.0,9.094
6881,6972.0,6.631
6882,6973.0,8.426
6883,6974.0,6.229
6884,6975.0,6.35
6885,6976.0,5.586
6886,6977.0,6.229
6887,6978.0,6.109
6888,6979.0,6.35
6889,6980.0,6.39
6890,6981.0,6.712
6891,6982.0,9.014
6892,6983.0,7.945
6893,6984.0,6.39
6894,6985.0,10.216
6895,6986.0,7.784
6896,6987.0,9.254
6897,6988.0,8.693
6898,6989.0,8.025
6899,6990.0,6.229
6900,6991.0,6.149
6901,6992.0,8.065
6902,6993.0,6.3
6903,6994.0,7.142
6904,6995.0,9.575
6905,6996.0,7.022
6906,6998.0,6.58
6907,6999.0,7.744
6908,7000.0,6.028
6909,7001.0,7.022
6910,7002.0,6.229
6911,7003.0,6.511
6912,7004.0,7.544
6913,7005.0,5.385
6914,7006.0,5.908
6915,7007.0,6.43
6916,7008.0,6.591
6917,7009.0,6.149
6918,7010.0,6.35
6919,7011.0,6.068
6920,7012.0,10.176
6921,7013.0,6.792
6922,7014.0,9.374
6923,7015.0,7.463
6924,7016.0,9.815
6925,7017.0,6.861
6926,7018.0,10.096
6927,7019.0,6.46
6928,7020.0,6.068
6929,7021.0,6.028
6930,7022.0,7.544
6931,7023.0,9.174
6932,7024.0,6.269
6933,7025.0,6.861
6934,7026.0,8.266
6935,7027.0,8.386
6936,7028.0,6.269
6937,7029.0,9.174
6938,7030.0,6.43
6939,7031.0,7.784
6940,7032.0,6.902
6941,7033.0,6.109
6942,7034.0,5.626
6943,7035.0,6.591
6944,7036.0,6.35
6945,7037.0,6.35
6946,7038.0,6.39
6947,7039.0,6.511
6948,7040.0,9.254
6949,7041.0,7.664
6950,7042.0,6.792
6951,7043.0,10.096
6952,7044.0,8.266
6953,7045.0,8.587
6954,7046.0,9.014
6955,7047.0,7.664
6956,7048.0,6.189
6957,7049.0,6.149
6958,7050.0,8.613
6959,7051.0,6.269
6960,7052.0,7.062
6961,7053.0,8.774
6962,7054.0,7.824
6963,7055.0,6.39
6964,7056.0,7.303
6965,7057.0,6.269
6966,7058.0,6.872
6967,7059.0,6.35
6968,7060.0,6.35
6969,7061.0,7.142
6970,7062.0,5.506
6971,7063.0,5.908
6972,7064.0,6.47
6973,7065.0,6.43
6974,7066.0,6.752
6975,7067.0,6.229
6976,7068.0,7.503
6977,7069.0,10.096
6978,7070.0,6.752
6979,7071.0,9.775
6980,7072.0,6.781
6981,7074.0,10.096
6982,7075.0,6.942
6983,7076.0,10.216
6984,7077.0,6.229
6985,7078.0,5.908
6986,7079.0,6.028
6987,7080.0,7.022
6988,7081.0,8.653
6989,7082.0,7.985
6990,7083.0,6.38
6991,7084.0,7.303
6992,7085.0,9.455
6993,7086.0,6.028
6994,7087.0,7.945
6995,7088.0,6.229
6996,7089.0,7.022
6997,7090.0,8.507
6998,7091.0,5.747
6999,7092.0,5.827
7000,7093.0,6.47
7001,7094.0,6.109
7002,7095.0,6.39
7003,7096.0,6.35
7004,7097.0,6.149
7005,7098.0,9.895
7006,7099.0,7.062
7007,7100.0,8.547
7008,7101.0,8.025
7009,7102.0,9.334
7010,7103.0,7.664
7011,7104.0,9.735
7012,7105.0,6.942
7013,7106.0,6.229
7014,7107.0,6.35
7015,7108.0,8.774
7016,7109.0,7.865
7017,7110.0,6.42
7018,7111.0,7.343
7019,7112.0,9.655
7020,7113.0,6.792
7021,7114.0,6.942
7022,7115.0,8.573
7023,7116.0,6.591
7024,7117.0,8.747
7025,7118.0,6.269
7026,7119.0,6.551
7027,7120.0,5.506
7028,7121.0,5.908
7029,7122.0,6.189
7030,7123.0,6.35
7031,7124.0,6.35
7032,7125.0,6.551
7033,7126.0,8.587
7034,7127.0,8.467
7035,7128.0,6.35
7036,7129.0,10.056
7037,7130.0,7.022
7038,7131.0,10.136
7039,7132.0,8.226
7040,7133.0,8.627
7041,7134.0,6.229
7042,7135.0,6.028
7043,7136.0,7.182
7044,7137.0,6.46
7045,7138.0,7.584
7046,7139.0,9.174
7047,7140.0,6.269
7048,7141.0,6.821
7049,7142.0,8.306
7050,7143.0,5.827
7051,7144.0,7.223
7052,7145.0,6.149
7053,7146.0,6.661
7054,7147.0,7.905
7055,7148.0,5.466
7056,7150.0,5.908
7057,7151.0,6.43
7058,7152.0,6.712
7059,7153.0,6.229
7060,7154.0,6.35
7061,7155.0,6.068
7062,7156.0,10.096
7063,7157.0,6.872
7064,7158.0,9.094
7065,7159.0,7.824
7066,7160.0,9.655
7067,7161.0,7.102
7068,7162.0,9.975
7069,7163.0,6.621
7070,7164.0,6.109
7071,7165.0,6.109
7072,7166.0,7.905
7073,7167.0,8.774
7074,7168.0,6.31
7075,7169.0,7.062
7076,7170.0,8.814
7077,7171.0,7.824
7078,7172.0,6.39
7079,7173.0,9.254
7080,7174.0,6.591
7081,7175.0,8.186
7082,7176.0,6.269
7083,7177.0,6.269
7084,7178.0,5.626
7085,7179.0,6.47
7086,7180.0,6.269
7087,7181.0,6.31
7088,7182.0,6.43
7089,7183.0,6.631
7090,7184.0,9.134
7091,7185.0,7.744
7092,7186.0,6.39
7093,7187.0,10.136
7094,7188.0,7.945
7095,7189.0,8.974
7096,7190.0,8.814
7097,7191.0,7.865
7098,7192.0,6.269
7099,7193.0,6.109
7100,7194.0,8.266
7101,7195.0,6.269
7102,7196.0,7.303
7103,7197.0,9.334
7104,7198.0,7.303
7105,7199.0,6.5
7106,7200.0,7.584
7107,7201.0,5.988
7108,7202.0,6.982
7109,7203.0,6.189
7110,7204.0,6.43
7111,7205.0,7.383
7112,7206.0,5.305
7113,7207.0,5.908
7114,7208.0,6.35
7115,7209.0,6.35
7116,7210.0,6.43
7117,7211.0,6.31
7118,7212.0,6.781
7119,7213.0,10.296
7120,7214.0,6.982
7121,7215.0,9.615
7122,7216.0,7.062
7123,7217.0,9.975
7124,7218.0,6.701
7125,7219.0,10.176
7126,7220.0,6.31
7127,7221.0,5.908
7128,7222.0,5.908
7129,7223.0,7.182
7130,7224.0,9.374
7131,7225.0,7.223
7132,7226.0,6.5
7133,7228.0,7.664
7134,7229.0,9.014
7135,7230.0,6.068
7136,7231.0,8.386
7137,7232.0,6.31
7138,7233.0,7.303
7139,7234.0,7.945
7140,7235.0,5.908
7141,7236.0,5.747
7142,7237.0,6.551
7143,7238.0,6.189
7144,7239.0,6.31
7145,7240.0,6.35
7146,7241.0,6.269
7147,7242.0,9.695
7148,7243.0,7.303
7149,7244.0,7.945
7150,7245.0,8.733
7151,7246.0,8.894
7152,7247.0,7.704
7153,7248.0,9.495
7154,7249.0,7.343
7155,7250.0,6.229
7156,7251.0,6.189
7157,7252.0,9.455
7158,7253.0,6.821
7159,7254.0,6.621
7160,7255.0,7.824
7161,7256.0,8.894
7162,7257.0,6.269
7163,7258.0,6.982
7164,7259.0,7.784
7165,7260.0,6.752
7166,7261.0,7.784
7167,7262.0,6.229
7168,7263.0,6.872
7169,7264.0,5.394
7170,7265.0,5.908
7171,7266.0,6.39
7172,7267.0,6.39
7173,7268.0,6.631
7174,7269.0,6.149
7175,7270.0,7.985
7176,7271.0,9.455
7177,7272.0,6.631
7178,7273.0,9.935
7179,7274.0,6.781
7180,7275.0,10.176
7181,7276.0,7.503
7182,7277.0,9.655
7183,7278.0,6.31
7184,7279.0,5.988
7185,7280.0,6.068
7186,7281.0,6.781
7187,7282.0,8.306
7188,7283.0,8.386
7189,7284.0,6.35
7190,7285.0,7.303
7191,7286.0,9.254
7192,7287.0,5.948
7193,7288.0,7.664
7194,7289.0,6.149
7195,7290.0,6.861
7196,7291.0,8.667
7197,7292.0,5.626
7198,7293.0,5.635
7199,7294.0,6.591
7200,7295.0,6.269
7201,7296.0,6.35
7202,7297.0,6.39
7203,7298.0,6.43
7204,7299.0,9.535
7205,7300.0,7.423
7206,7301.0,7.584
7207,7302.0,9.134
7208,7304.0,8.733
7209,7305.0,7.985
7210,7306.0,9.334
7211,7307.0,7.584
7212,7308.0,6.229
7213,7309.0,6.189
7214,7310.0,9.174
7215,7311.0,6.269
7216,7312.0,6.781
7217,7313.0,8.226
7218,7314.0,8.507
7219,7315.0,6.269
7220,7316.0,7.223
7221,7317.0,7.182
7222,7318.0,6.792
7223,7319.0,7.223
7224,7320.0,6.229
7225,7321.0,6.861
7226,7322.0,5.193
7227,7323.0,5.908
7228,7324.0,6.39
7229,7325.0,6.39
7230,7326.0,6.35
7231,7327.0,6.31
7232,7328.0,6.752
7233,7329.0,10.216
7234,7330.0,6.982
7235,7331.0,9.615
7236,7332.0,7.102
7237,7333.0,9.935
7238,7334.0,6.741
7239,7335.0,10.136
7240,7336.0,6.31
7241,7337.0,5.908
7242,7338.0,5.948
7243,7339.0,7.142
7244,7340.0,9.455
7245,7341.0,7.102
7246,7342.0,6.58
7247,7343.0,7.704
7248,7344.0,8.974
7249,7345.0,6.068
7250,7346.0,8.507
7251,7347.0,6.31
7252,7348.0,7.423
7253,7349.0,7.784
7254,7350.0,5.988
7255,7351.0,5.747
7256,7352.0,6.591
7257,7353.0,6.189
7258,7354.0,6.35
7259,7355.0,6.35
7260,7356.0,6.31
7261,7357.0,9.655
7262,7358.0,7.343
7263,7359.0,7.865
7264,7360.0,8.854
7265,7361.0,8.894
7266,7362.0,7.784
7267,7363.0,9.455
7268,7364.0,7.423
7269,7365.0,6.189
7270,7366.0,6.229
7271,7367.0,9.374
7272,7368.0,6.712
7273,7369.0,6.661
7274,7370.0,7.945
7275,7371.0,8.894
7276,7372.0,6.31
7277,7373.0,7.102
7278,7374.0,7.544
7279,7375.0,6.752
7280,7376.0,7.584
7281,7377.0,6.229
7282,7378.0,6.861
7283,7379.0,5.506
7284,7380.0,5.948
7285,7382.0,6.31
7286,7383.0,6.35
7287,7384.0,6.47
7288,7385.0,6.149
7289,7386.0,8.306
7290,7387.0,8.934
7291,7388.0,6.511
7292,7389.0,10.016
7293,7390.0,6.661
7294,7391.0,10.176
7295,7392.0,7.905
7296,7393.0,9.054
7297,7394.0,6.269
7298,7395.0,6.028
7299,7396.0,6.591
7300,7397.0,6.621
7301,7398.0,7.865
7302,7399.0,8.814
7303,7400.0,6.269
7304,7401.0,7.022
7305,7402.0,8.653
7306,7403.0,5.868
7307,7404.0,7.383
7308,7405.0,6.149
7309,7406.0,6.821
7310,7407.0,8.226
7311,7408.0,5.546
7312,7409.0,5.868
7313,7410.0,6.511
7314,7411.0,6.511
7315,7412.0,6.35
7316,7413.0,6.35
7317,7414.0,6.149
7318,7415.0,9.975
7319,7416.0,6.993
7320,7417.0,8.788
7321,7418.0,7.744
7322,7419.0,9.455
7323,7420.0,7.383
7324,7421.0,9.815
7325,7422.0,6.821
7326,7423.0,6.189
7327,7424.0,6.229
7328,7425.0,8.346
7329,7426.0,8.266
7330,7427.0,6.31
7331,7428.0,7.182
7332,7429.0,9.415
7333,7430.0,7.142
7334,7431.0,6.54
7335,7432.0,8.894
7336,7433.0,6.591
7337,7434.0,8.667
7338,7435.0,6.229
7339,7436.0,6.43
7340,7437.0,4.886
7341,7438.0,5.868
7342,7439.0,6.39
7343,7440.0,6.43
7344,7441.0,6.31
7345,7442.0,6.39
7346,7443.0,6.712
7347,7444.0,10.296
7348,7445.0,7.033
7349,7446.0,9.575
7350,7447.0,7.062
7351,7448.0,9.935
7352,7449.0,6.701
7353,7450.0,10.176
7354,7451.0,6.31
7355,7452.0,5.948
7356,7453.0,5.948
7357,7454.0,7.142
7358,7456.0,9.455
7359,7457.0,7.102
7360,7458.0,6.591
7361,7459.0,7.704
7362,7460.0,8.974
7363,7461.0,6.109
7364,7462.0,8.507
7365,7463.0,6.31
7366,7464.0,7.383
7367,7465.0,7.784
7368,7466.0,5.948
7369,7467.0,5.787
7370,7468.0,6.551
7371,7469.0,6.189
7372,7470.0,6.35
7373,7471.0,6.39
7374,7472.0,6.31
7375,7473.0,9.695
7376,7474.0,7.263
7377,7475.0,8.025
7378,7476.0,8.653
7379,7477.0,8.934
7380,7478.0,7.624
7381,7479.0,9.495
7382,7480.0,7.303
7383,7481.0,6.189
7384,7482.0,6.189
7385,7483.0,9.415
7386,7484.0,6.942
7387,7485.0,6.58
7388,7486.0,7.784
7389,7487.0,8.894
7390,7488.0,6.31
7391,7489.0,6.942
7392,7490.0,7.824
7393,7491.0,6.712
7394,7492.0,7.865
7395,7493.0,6.229
7396,7494.0,6.861
7397,7495.0,5.354
7398,7496.0,5.908
7399,7497.0,6.39
7400,7498.0,6.39
7401,7499.0,6.671
7402,7500.0,6.189
7403,7501.0,7.704
7404,7502.0,9.735
7405,7503.0,6.671
7406,7504.0,9.855
7407,7505.0,6.741
7408,7506.0,10.136
7409,7507.0,7.223
7410,7508.0,9.975
7411,7509.0,6.149
7412,7510.0,5.988
7413,7511.0,5.988
7414,7512.0,6.902
7415,7513.0,8.413
7416,7514.0,8.266
7417,7515.0,6.259
7418,7516.0,7.182
7419,7517.0,9.495
7420,7518.0,5.988
7421,7519.0,7.784
7422,7520.0,6.189
7423,7521.0,6.942
7424,7522.0,8.693
7425,7523.0,5.626
7426,7524.0,5.555
7427,7525.0,6.631
7428,7526.0,6.43
7429,7527.0,6.31
7430,7528.0,6.43
7431,7529.0,6.551
7432,7530.0,9.214
7433,7531.0,7.664
7434,7532.0,6.631
7435,7534.0,10.176
7436,7535.0,8.105
7437,7536.0,8.774
7438,7537.0,8.894
7439,7538.0,7.704
7440,7539.0,6.189
7441,7540.0,6.149
7442,7541.0,8.467
7443,7542.0,6.3
7444,7543.0,7.182
7445,7544.0,9.014
7446,7545.0,7.624
7447,7546.0,6.42
7448,7547.0,7.423
7449,7548.0,6.028
7450,7549.0,6.902
7451,7550.0,6.189
7452,7551.0,6.39
7453,7552.0,7.303
7454,7553.0,5.305
7455,7554.0,5.908
7456,7555.0,6.39
7457,7556.0,6.39
7458,7557.0,6.269
7459,7558.0,6.35
7460,7559.0,6.671
7461,7560.0,10.256
7462,7561.0,7.033
7463,7562.0,9.615
7464,7563.0,7.102
7465,7564.0,9.975
7466,7565.0,6.701
7467,7566.0,10.176
7468,7567.0,6.31
7469,7568.0,5.908
7470,7569.0,5.908
7471,7570.0,7.142
7472,7571.0,9.415
7473,7572.0,7.182
7474,7573.0,6.54
7475,7574.0,7.664
7476,7575.0,8.974
7477,7576.0,6.109
7478,7577.0,8.507
7479,7578.0,6.31
7480,7579.0,7.383
7481,7580.0,7.824
7482,7581.0,5.908
7483,7582.0,5.747
7484,7583.0,6.591
7485,7584.0,6.229
7486,7585.0,6.35
7487,7586.0,6.39
7488,7587.0,6.35
7489,7588.0,9.575
7490,7589.0,7.383
7491,7590.0,7.704
7492,7591.0,9.054
7493,7592.0,8.814
7494,7593.0,7.905
7495,7594.0,9.374
7496,7595.0,7.503
7497,7596.0,6.229
7498,7597.0,6.189
7499,7598.0,9.254
7500,7599.0,6.35
7501,7600.0,6.781
7502,7601.0,8.065
7503,7602.0,8.613
7504,7603.0,6.269
7505,7604.0,7.182
7506,7605.0,7.343
7507,7606.0,6.792
7508,7607.0,7.423
7509,7609.0,6.269
7510,7610.0,6.861
7511,7611.0,5.466
7512,7612.0,5.908
7513,7613.0,6.43
7514,7614.0,6.39
7515,7615.0,6.631
7516,7616.0,6.149
7517,7617.0,7.865
7518,7618.0,9.495
7519,7619.0,6.591
7520,7620.0,9.855
7521,7621.0,6.661
7522,7622.0,10.136
7523,7623.0,7.423
7524,7624.0,9.695
7525,7625.0,6.149
7526,7626.0,5.988
7527,7627.0,6.028
7528,7628.0,6.821
7529,7629.0,8.306
7530,7630.0,8.386
7531,7631.0,6.269
7532,7632.0,7.263
7533,7633.0,9.254
7534,7634.0,5.948
7535,7635.0,7.664
7536,7636.0,6.149
7537,7637.0,6.861
7538,7638.0,8.707
7539,7639.0,5.667
7540,7640.0,5.827
7541,7641.0,6.47
7542,7642.0,6.229
7543,7643.0,6.35
7544,7644.0,6.35
7545,7645.0,6.149
7546,7646.0,9.935
7547,7647.0,7.033
7548,7648.0,8.707
7549,7649.0,7.865
7550,7650.0,9.415
7551,7651.0,7.503
7552,7652.0,9.815
7553,7653.0,6.861
7554,7654.0,6.229
7555,7655.0,6.229
7556,7656.0,8.493
7557,7657.0,8.105
7558,7658.0,6.35
7559,7659.0,7.182
7560,7660.0,9.495
7561,7661.0,6.902
7562,7662.0,6.621
7563,7663.0,8.733
7564,7664.0,6.631
7565,7665.0,8.667
7566,7666.0,6.229
7567,7667.0,6.47
7568,7668.0,5.626
7569,7669.0,6.068
7570,7670.0,6.149
7571,7671.0,6.35
7572,7672.0,6.43
7573,7673.0,6.712
7574,7674.0,8.974
7575,7675.0,7.945
7576,7676.0,6.39
7577,7677.0,10.176
7578,7678.0,7.744
7579,7679.0,9.294
7580,7680.0,8.707
7581,7681.0,8.025
7582,7682.0,6.269
7583,7683.0,6.109
7584,7684.0,8.065
7585,7685.0,6.35
7586,7687.0,7.223
7587,7688.0,9.495
7588,7689.0,7.062
7589,7690.0,6.58
7590,7691.0,7.784
7591,7692.0,5.988
7592,7693.0,7.062
7593,7694.0,6.189
7594,7695.0,6.551
7595,7696.0,7.463
7596,7697.0,5.425
7597,7698.0,5.747
7598,7699.0,6.47
7599,7700.0,6.35
7600,7701.0,6.31
7601,7702.0,6.35
7602,7703.0,6.109
7603,7704.0,9.935
7604,7705.0,6.953
7605,7706.0,8.747
7606,7707.0,7.744
7607,7708.0,9.455
7608,7709.0,7.383
7609,7710.0,9.815
7610,7711.0,6.821
7611,7712.0,6.229
7612,7713.0,6.229
7613,7714.0,8.386
7614,7715.0,8.226
7615,7716.0,6.31
7616,7717.0,7.142
7617,7718.0,9.495
7618,7719.0,7.102
7619,7720.0,6.551
7620,7721.0,8.854
7621,7722.0,6.591
7622,7723.0,8.627
7623,7724.0,6.229
7624,7725.0,6.43
7625,7726.0,5.586
7626,7727.0,5.948
7627,7728.0,6.149
7628,7729.0,6.35
7629,7730.0,6.35
7630,7731.0,6.752
7631,7732.0,8.894
7632,7733.0,8.065
7633,7734.0,6.39
7634,7735.0,10.136
7635,7736.0,7.584
7636,7737.0,9.455
7637,7738.0,8.587
7638,7739.0,8.186
7639,7740.0,6.269
7640,7741.0,6.109
7641,7742.0,7.824
7642,7743.0,6.35
7643,7744.0,7.303
7644,7745.0,9.495
7645,7746.0,6.792
7646,7747.0,6.661
7647,7748.0,7.905
7648,7749.0,5.948
7649,7750.0,7.102
7650,7751.0,6.189
7651,7752.0,6.551
7652,7753.0,7.584
7653,7754.0,5.394
7654,7755.0,5.515
7655,7756.0,6.631
7656,7757.0,6.31
7657,7758.0,6.35
7658,7759.0,6.35
7659,7760.0,6.43
7660,7761.0,9.455
7661,7763.0,7.503
7662,7764.0,7.343
7663,7765.0,9.455
7664,7766.0,8.587
7665,7767.0,8.186
7666,7768.0,9.214
7667,7769.0,7.744
7668,7770.0,6.189
7669,7771.0,6.189
7670,7772.0,9.014
7671,7773.0,6.35
7672,7774.0,6.821
7673,7775.0,8.386
7674,7776.0,8.306
7675,7777.0,6.31
7676,7778.0,7.223
7677,7779.0,6.982
7678,7780.0,6.792
7679,7781.0,6.982
7680,7782.0,6.269
7681,7783.0,6.982
7682,7784.0,5.466
7683,7785.0,5.908
7684,7786.0,6.31
7685,7787.0,6.39
7686,7788.0,6.551
7687,7789.0,6.109
7688,7790.0,8.105
7689,7791.0,9.174
7690,7792.0,6.551
7691,7793.0,9.935
7692,7794.0,6.701
7693,7795.0,10.176
7694,7796.0,7.704
7695,7797.0,9.254
7696,7798.0,6.269
7697,7799.0,5.988
7698,7800.0,6.31
7699,7801.0,6.661
7700,7802.0,7.985
7701,7803.0,8.653
7702,7804.0,6.31
7703,7805.0,7.102
7704,7806.0,8.854
7705,7807.0,5.868
7706,7808.0,7.463
7707,7809.0,6.149
7708,7810.0,6.861
7709,7811.0,8.386
7710,7812.0,5.586
7711,7813.0,5.787
7712,7814.0,6.511
7713,7815.0,6.109
7714,7816.0,6.31
7715,7817.0,6.35
7716,7818.0,6.229
7717,7819.0,9.815
7718,7820.0,7.142
7719,7821.0,8.306
7720,7822.0,8.306
7721,7823.0,9.174
7722,7824.0,7.824
7723,7825.0,9.655
7724,7826.0,7.142
7725,7827.0,6.189
7726,7828.0,6.39
7727,7829.0,9.054
7728,7830.0,7.463
7729,7831.0,6.46
7730,7832.0,7.544
7731,7833.0,9.174
7732,7834.0,6.31
7733,7835.0,6.821
7734,7836.0,8.266
7735,7837.0,6.671
7736,7839.0,8.306
7737,7840.0,6.229
7738,7841.0,6.701
7739,7842.0,5.425
7740,7843.0,5.988
7741,7844.0,6.269
7742,7845.0,6.43
7743,7846.0,6.47
7744,7847.0,6.149
7745,7848.0,8.346
7746,7849.0,8.934
7747,7850.0,6.47
7748,7851.0,10.056
7749,7852.0,6.661
7750,7853.0,10.256
7751,7854.0,7.945
7752,7855.0,9.014
7753,7856.0,6.269
7754,7857.0,6.028
7755,7858.0,6.712
7756,7859.0,6.621
7757,7860.0,7.784
7758,7861.0,8.854
7759,7862.0,6.31
7760,7863.0,6.982
7761,7864.0,8.653
7762,7865.0,5.908
7763,7866.0,7.343
7764,7867.0,6.149
7765,7868.0,6.792
7766,7869.0,8.186
7767,7870.0,5.546
7768,7871.0,5.827
7769,7872.0,6.43
7770,7873.0,6.712
7771,7874.0,6.229
7772,7875.0,6.31
7773,7876.0,6.068
7774,7877.0,10.056
7775,7878.0,6.832
7776,7879.0,9.134
7777,7880.0,7.744
7778,7881.0,9.695
7779,7882.0,7.022
7780,7883.0,9.935
7781,7884.0,6.58
7782,7885.0,6.028
7783,7886.0,6.068
7784,7887.0,7.744
7785,7888.0,8.894
7786,7889.0,6.269
7787,7890.0,6.982
7788,7891.0,8.573
7789,7892.0,8.025
7790,7893.0,6.31
7791,7894.0,9.374
7792,7895.0,6.511
7793,7896.0,8.025
7794,7897.0,6.39
7795,7898.0,6.229
7796,7899.0,5.707
7797,7900.0,6.551
7798,7901.0,6.31
7799,7902.0,6.39
7800,7903.0,6.39
7801,7904.0,6.511
7802,7905.0,9.374
7803,7906.0,7.624
7804,7907.0,7.142
7805,7908.0,9.735
7806,7909.0,8.426
7807,7910.0,8.346
7808,7911.0,9.134
7809,7912.0,7.905
7810,7913.0,6.189
7811,7915.0,6.149
7812,7916.0,8.814
7813,7917.0,6.31
7814,7918.0,6.942
7815,7919.0,8.613
7816,7920.0,8.065
7817,7921.0,6.35
7818,7922.0,7.182
7819,7923.0,6.591
7820,7924.0,6.832
7821,7925.0,6.671
7822,7926.0,6.31
7823,7927.0,7.062
7824,7928.0,5.425
7825,7929.0,5.948
7826,7930.0,6.39
7827,7931.0,6.35
7828,7932.0,6.752
7829,7933.0,6.269
7830,7934.0,7.343
7831,7935.0,10.296
7832,7936.0,6.792
7833,7937.0,9.775
7834,7938.0,6.902
7835,7939.0,10.096
7836,7940.0,6.712
7837,7941.0,10.216
7838,7942.0,6.229
7839,7943.0,5.868
7840,7944.0,5.948
7841,7945.0,7.102
7842,7946.0,8.934
7843,7947.0,7.704
7844,7948.0,6.43
7845,7949.0,7.383
7846,7950.0,9.334
7847,7951.0,6.028
7848,7952.0,8.065
7849,7953.0,6.229
7850,7954.0,7.102
7851,7955.0,8.346
7852,7956.0,5.827
7853,7957.0,5.868
7854,7958.0,6.43
7855,7959.0,6.752
7856,7960.0,6.229
7857,7961.0,6.31
7858,7962.0,6.068
7859,7963.0,10.016
7860,7964.0,6.872
7861,7965.0,9.014
7862,7966.0,7.865
7863,7967.0,9.615
7864,7968.0,7.182
7865,7969.0,9.935
7866,7970.0,6.631
7867,7971.0,6.068
7868,7972.0,6.109
7869,7973.0,7.945
7870,7974.0,8.707
7871,7975.0,6.269
7872,7976.0,7.062
7873,7977.0,8.854
7874,7978.0,7.744
7875,7979.0,6.43
7876,7980.0,9.254
7877,7981.0,6.591
7878,7982.0,8.186
7879,7983.0,6.189
7880,7984.0,6.31
7881,7985.0,5.667
7882,7986.0,6.631
7883,7987.0,6.35
7884,7988.0,6.31
7885,7989.0,6.43
7886,7991.0,6.591
7887,7992.0,9.214
7888,7993.0,7.664
7889,7994.0,6.551
7890,7995.0,10.176
7891,7996.0,8.105
7892,7997.0,8.814
7893,7998.0,8.894
7894,7999.0,7.744
7895,8000.0,6.189
7896,8001.0,6.149
7897,8002.0,8.426
7898,8003.0,6.31
7899,8004.0,7.182
7900,8005.0,9.054
7901,8006.0,7.544
7902,8007.0,6.47
7903,8008.0,7.463
7904,8009.0,6.028
7905,8010.0,6.942
7906,8011.0,6.229
7907,8012.0,6.39
7908,8013.0,7.303
7909,8014.0,5.281
7910,8015.0,5.362
7911,8016.0,6.591
7912,8017.0,6.43
7913,8018.0,6.31
7914,8019.0,6.43
7915,8020.0,6.591
7916,8021.0,9.254
7917,8022.0,7.704
7918,8023.0,6.671
7919,8024.0,10.216
7920,8025.0,8.145
7921,8026.0,8.774
7922,8027.0,8.934
7923,8028.0,7.744
7924,8029.0,6.229
7925,8030.0,6.109
7926,8031.0,8.467
7927,8032.0,6.269
7928,8033.0,7.182
7929,8034.0,9.054
7930,8035.0,7.584
7931,8036.0,6.43
7932,8037.0,7.423
7933,8038.0,6.028
7934,8039.0,6.953
7935,8040.0,6.189
7936,8041.0,6.39
7937,8042.0,7.263
7938,8043.0,5.313
7939,8044.0,5.908
7940,8045.0,6.39
7941,8046.0,6.35
7942,8047.0,6.712
7943,8048.0,6.31
7944,8049.0,6.993
7945,8050.0,10.336
7946,8051.0,6.913
7947,8052.0,9.695
7948,8053.0,6.982
7949,8054.0,10.016
7950,8055.0,6.671
7951,8056.0,10.216
7952,8057.0,6.269
7953,8058.0,5.908
7954,8059.0,5.948
7955,8060.0,7.223
7956,8061.0,9.134
7957,8062.0,7.503
7958,8063.0,6.47
7959,8064.0,7.503
7960,8066.0,9.214
7961,8067.0,6.068
7962,8068.0,8.226
7963,8069.0,6.269
7964,8070.0,7.182
7965,8071.0,8.145
7966,8072.0,5.827
7967,8073.0,5.555
7968,8074.0,6.551
7969,8075.0,6.39
7970,8076.0,6.31
7971,8077.0,6.39
7972,8078.0,6.551
7973,8079.0,9.214
7974,8080.0,7.704
7975,8081.0,6.712
7976,8082.0,10.176
7977,8083.0,8.186
7978,8084.0,8.733
7979,8085.0,8.974
7980,8086.0,7.704
7981,8087.0,6.269
7982,8088.0,6.149
7983,8089.0,8.507
7984,8090.0,6.269
7985,8091.0,7.182
7986,8092.0,9.014
7987,8093.0,7.624
7988,8094.0,6.43
7989,8095.0,7.463
7990,8096.0,5.988
7991,8097.0,6.993
7992,8098.0,6.189
7993,8099.0,6.47
7994,8100.0,7.263
7995,8101.0,5.626
7996,8102.0,5.948
7997,8103.0,6.39
7998,8104.0,6.39
7999,8105.0,6.551
8000,8106.0,6.149
8001,8107.0,8.105
8002,8108.0,9.174
8003,8109.0,6.511
8004,8110.0,9.975
8005,8111.0,6.712
8006,8112.0,10.176
8007,8113.0,7.624
8008,8114.0,9.374
8009,8115.0,6.269
8010,8116.0,6.028
8011,8117.0,6.109
8012,8118.0,6.741
8013,8119.0,8.105
8014,8120.0,8.587
8015,8121.0,6.269
8016,8122.0,7.142
8017,8123.0,8.974
8018,8124.0,5.948
8019,8125.0,7.544
8020,8126.0,6.149
8021,8127.0,6.821
8022,8128.0,8.467
8023,8129.0,5.586
8024,8130.0,5.12
8025,8131.0,5.868
8026,8132.0,6.189
8027,8133.0,6.35
8028,8134.0,6.39
8029,8135.0,6.511
8030,8136.0,8.627
8031,8137.0,8.467
8032,8138.0,6.43
8033,8139.0,10.056
8034,8140.0,7.062
8035,8141.0,10.136
8036,8142.0,8.266
8037,8144.0,8.667
8038,8145.0,6.31
8039,8146.0,6.109
8040,8147.0,7.263
8041,8148.0,6.5
8042,8149.0,7.584
8043,8150.0,9.134
8044,8151.0,6.31
8045,8152.0,6.821
8046,8153.0,8.346
8047,8154.0,5.868
8048,8155.0,7.263
8049,8156.0,6.149
8050,8157.0,6.712
8051,8158.0,7.945
8052,8159.0,5.466
8053,8160.0,5.868
8054,8161.0,6.511
8055,8162.0,6.109
8056,8163.0,6.43
8057,8164.0,6.31
8058,8165.0,6.149
8059,8166.0,9.935
8060,8167.0,7.062
8061,8168.0,8.627
8062,8169.0,7.985
8063,8170.0,9.374
8064,8171.0,7.544
8065,8172.0,9.775
8066,8173.0,6.942
8067,8174.0,6.189
8068,8175.0,6.31
8069,8176.0,8.613
8070,8177.0,7.985
8071,8178.0,6.35
8072,8179.0,7.303
8073,8180.0,9.455
8074,8181.0,6.741
8075,8182.0,6.621
8076,8183.0,8.613
8077,8184.0,6.591
8078,8185.0,8.587
8079,8186.0,6.229
8080,8187.0,6.54
8081,8188.0,5.434
8082,8189.0,5.908
8083,8190.0,6.269
8084,8191.0,6.35
8085,8192.0,6.511
8086,8193.0,6.149
8087,8194.0,8.065
8088,8195.0,9.254
8089,8196.0,6.551
8090,8197.0,9.855
8091,8198.0,6.671
8092,8199.0,10.096
8093,8200.0,7.182
8094,8201.0,9.935
8095,8202.0,6.149
8096,8203.0,5.827
8097,8204.0,5.988
8098,8205.0,6.982
8099,8206.0,8.733
8100,8207.0,7.784
8101,8208.0,6.39
8102,8209.0,7.423
8103,8210.0,9.254
8104,8211.0,6.028
8105,8212.0,8.306
8106,8213.0,6.269
8107,8214.0,7.303
8108,8215.0,7.824
8109,8216.0,5.948
8110,8217.0,5.667
8111,8218.0,6.551
8112,8220.0,6.35
8113,8221.0,6.35
8114,8222.0,6.35
8115,8223.0,6.551
8116,8224.0,9.254
8117,8225.0,7.744
8118,8226.0,6.631
8119,8227.0,10.256
8120,8228.0,8.025
8121,8229.0,8.934
8122,8230.0,8.814
8123,8231.0,7.945
8124,8232.0,6.229
8125,8233.0,6.149
8126,8234.0,7.985
8127,8235.0,6.39
8128,8236.0,7.263
8129,8237.0,9.455
8130,8238.0,6.551
8131,8239.0,6.701
8132,8240.0,7.985
8133,8241.0,5.988
8134,8242.0,7.102
8135,8243.0,6.229
8136,8244.0,6.551
8137,8245.0,7.744
8138,8246.0,5.425
8139,8247.0,5.908
8140,8248.0,6.39
8141,8249.0,6.591
8142,8250.0,6.149
8143,8251.0,6.35
8144,8252.0,6.189
8145,8253.0,10.216
8146,8254.0,6.752
8147,8255.0,9.374
8148,8256.0,7.423
8149,8257.0,9.815
8150,8258.0,6.821
8151,8259.0,10.096
8152,8260.0,6.43
8153,8261.0,5.988
8154,8262.0,5.988
8155,8263.0,7.423
8156,8264.0,9.254
8157,8265.0,6.269
8158,8266.0,6.741
8159,8267.0,8.105
8160,8268.0,8.533
8161,8269.0,6.189
8162,8270.0,8.974
8163,8271.0,6.39
8164,8272.0,7.664
8165,8273.0,7.142
8166,8274.0,6.028
8167,8275.0,5.667
8168,8276.0,6.511
8169,8277.0,6.269
8170,8278.0,6.31
8171,8279.0,6.39
8172,8280.0,6.43
8173,8281.0,9.374
8174,8282.0,7.584
8175,8283.0,7.102
8176,8284.0,9.695
8177,8285.0,8.467
8178,8286.0,8.346
8179,8287.0,9.134
8180,8288.0,7.824
8181,8289.0,6.229
8182,8290.0,6.149
8183,8291.0,8.894
8184,8292.0,6.269
8185,8293.0,6.902
8186,8295.0,8.533
8187,8296.0,8.105
8188,8297.0,6.35
8189,8298.0,7.142
8190,8299.0,6.671
8191,8300.0,6.832
8192,8301.0,6.712
8193,8302.0,6.31
8194,8303.0,7.062
8195,8304.0,5.466
8196,8305.0,5.948
8197,8306.0,6.47
8198,8307.0,6.39
8199,8308.0,6.741
8200,8309.0,6.229
8201,8310.0,7.463
8202,8311.0,10.136
8203,8312.0,6.781
8204,8313.0,9.775
8205,8314.0,6.821
8206,8315.0,10.096
8207,8316.0,6.902
8208,8317.0,10.256
8209,8318.0,6.189
8210,8319.0,5.868
8211,8320.0,5.988
8212,8321.0,7.022
8213,8322.0,8.733
8214,8323.0,7.905
8215,8324.0,6.34
8216,8325.0,7.343
8217,8326.0,9.415
8218,8327.0,6.068
8219,8328.0,7.985
8220,8329.0,6.229
8221,8330.0,7.062
8222,8331.0,8.507
8223,8332.0,5.747
8224,8333.0,5.868
8225,8334.0,6.551
8226,8335.0,6.189
8227,8336.0,6.39
8228,8337.0,6.43
8229,8338.0,6.229
8230,8339.0,9.895
8231,8340.0,7.142
8232,8341.0,8.386
8233,8342.0,8.266
8234,8343.0,9.174
8235,8344.0,7.784
8236,8345.0,9.615
8237,8346.0,7.102
8238,8347.0,6.189
8239,8348.0,6.35
8240,8349.0,9.094
8241,8350.0,7.463
8242,8351.0,6.46
8243,8352.0,7.544
8244,8353.0,9.174
8245,8354.0,6.269
8246,8355.0,6.781
8247,8356.0,8.226
8248,8357.0,6.631
8249,8358.0,8.266
8250,8359.0,6.229
8251,8360.0,6.621
8252,8361.0,5.394
8253,8362.0,5.908
8254,8363.0,6.269
8255,8364.0,6.39
8256,8365.0,6.47
8257,8366.0,6.109
8258,8367.0,8.266
8259,8368.0,8.934
8260,8369.0,6.47
8261,8370.0,9.975
8262,8372.0,6.671
8263,8373.0,10.176
8264,8374.0,7.824
8265,8375.0,9.094
8266,8376.0,6.269
8267,8377.0,6.028
8268,8378.0,6.551
8269,8379.0,6.621
8270,8380.0,7.865
8271,8381.0,8.814
8272,8382.0,6.269
8273,8383.0,7.022
8274,8384.0,8.653
8275,8385.0,5.868
8276,8386.0,7.343
8277,8387.0,6.189
8278,8388.0,6.781
8279,8389.0,8.266
8280,8390.0,5.586
8281,8391.0,5.868
8282,8392.0,6.43
8283,8393.0,6.792
8284,8394.0,6.229
8285,8395.0,6.35
8286,8396.0,6.068
8287,8397.0,10.056
8288,8398.0,6.913
8289,8399.0,9.014
8290,8400.0,7.784
8291,8401.0,9.615
8292,8402.0,7.223
8293,8403.0,9.935
8294,8404.0,6.661
8295,8405.0,6.149
8296,8406.0,6.109
8297,8407.0,8.065
8298,8408.0,8.627
8299,8409.0,6.35
8300,8410.0,7.142
8301,8411.0,9.054
8302,8412.0,7.544
8303,8413.0,6.511
8304,8414.0,9.134
8305,8415.0,6.671
8306,8416.0,8.386
8307,8417.0,6.269
8308,8418.0,6.31
8309,8419.0,5.707
8310,8420.0,6.591
8311,8421.0,6.43
8312,8422.0,6.35
8313,8423.0,6.43
8314,8424.0,6.591
8315,8425.0,9.174
8316,8426.0,7.624
8317,8427.0,6.551
8318,8428.0,10.216
8319,8429.0,8.065
8320,8430.0,8.774
8321,8431.0,8.894
8322,8432.0,7.704
8323,8433.0,6.189
8324,8434.0,6.109
8325,8435.0,8.426
8326,8436.0,6.269
8327,8437.0,7.182
8328,8438.0,9.094
8329,8439.0,7.544
8330,8440.0,6.46
8331,8441.0,7.463
8332,8442.0,5.988
8333,8443.0,6.942
8334,8444.0,6.189
8335,8445.0,6.39
8336,8446.0,7.263
8337,8447.0,5.313
8338,8448.0,5.756
8339,8450.0,6.47
8340,8451.0,6.109
8341,8452.0,6.35
8342,8453.0,6.31
8343,8454.0,6.109
8344,8455.0,9.895
8345,8456.0,6.982
8346,8457.0,8.627
8347,8458.0,7.905
8348,8459.0,9.334
8349,8460.0,7.544
8350,8461.0,9.735
8351,8462.0,6.902
8352,8463.0,6.189
8353,8464.0,6.229
8354,8465.0,8.613
8355,8466.0,7.945
8356,8467.0,6.34
8357,8468.0,7.223
8358,8469.0,9.455
8359,8470.0,6.741
8360,8471.0,6.701
8361,8472.0,8.653
8362,8473.0,6.631
8363,8474.0,8.707
8364,8475.0,6.269
8365,8476.0,6.47
8366,8477.0,5.16
8367,8478.0,5.868
8368,8479.0,6.47
8369,8480.0,6.39
8370,8481.0,6.712
8371,8482.0,6.189
8372,8483.0,7.624
8373,8484.0,9.935
8374,8485.0,6.752
8375,8486.0,9.775
8376,8487.0,6.821
8377,8488.0,10.096
8378,8489.0,7.142
8379,8490.0,10.056
8380,8491.0,6.189
8381,8492.0,5.908
8382,8493.0,6.028
8383,8494.0,6.902
8384,8495.0,8.533
8385,8496.0,8.105
8386,8497.0,6.34
8387,8498.0,7.182
8388,8499.0,9.535
8389,8500.0,5.948
8390,8501.0,7.865
8391,8502.0,6.189
8392,8503.0,7.022
8393,8504.0,8.613
8394,8505.0,5.707
8395,8506.0,5.827
8396,8507.0,6.47
8397,8508.0,6.068
8398,8509.0,6.39
8399,8510.0,6.35
8400,8511.0,6.149
8401,8512.0,9.895
8402,8513.0,7.022
8403,8514.0,8.667
8404,8515.0,7.985
8405,8516.0,9.334
8406,8517.0,7.503
8407,8518.0,9.735
8408,8519.0,6.902
8409,8520.0,6.189
8410,8521.0,6.229
8411,8522.0,8.573
8412,8523.0,7.985
8413,8525.0,6.35
8414,8526.0,7.263
8415,8527.0,9.495
8416,8528.0,6.781
8417,8529.0,6.621
8418,8530.0,8.653
8419,8531.0,6.591
8420,8532.0,8.627
8421,8533.0,6.229
8422,8534.0,6.47
8423,8535.0,5.313
8424,8536.0,5.908
8425,8537.0,6.31
8426,8538.0,6.35
8427,8539.0,6.551
8428,8540.0,6.109
8429,8541.0,8.145
8430,8542.0,9.134
8431,8543.0,6.551
8432,8544.0,9.895
8433,8545.0,6.741
8434,8546.0,10.136
8435,8547.0,7.704
8436,8548.0,9.294
8437,8549.0,6.269
8438,8550.0,5.988
8439,8551.0,6.269
8440,8552.0,6.661
8441,8553.0,8.025
8442,8554.0,8.653
8443,8555.0,6.31
8444,8556.0,7.102
8445,8557.0,8.934
8446,8558.0,5.948
8447,8559.0,7.503
8448,8560.0,6.149
8449,8561.0,6.902
8450,8562.0,8.386
8451,8563.0,5.626
8452,8564.0,5.787
8453,8565.0,6.551
8454,8566.0,6.068
8455,8567.0,6.47
8456,8568.0,6.35
8457,8569.0,6.229
8458,8570.0,9.815
8459,8571.0,7.142
8460,8572.0,8.507
8461,8573.0,8.226
8462,8574.0,9.294
8463,8575.0,7.744
8464,8576.0,9.615
8465,8577.0,7.062
8466,8578.0,6.189
8467,8579.0,6.39
8468,8580.0,8.974
8469,8581.0,7.624
8470,8582.0,6.46
8471,8583.0,7.463
8472,8584.0,9.294
8473,8585.0,6.269
8474,8586.0,6.781
8475,8587.0,8.346
8476,8588.0,6.671
8477,8589.0,8.346
8478,8590.0,6.269
8479,8591.0,6.621
8480,8592.0,5.434
8481,8593.0,5.948
8482,8594.0,6.31
8483,8595.0,6.35
8484,8596.0,6.47
8485,8597.0,6.068
8486,8598.0,8.346
8487,8599.0,8.814
8488,8600.0,6.47
8489,8602.0,9.975
8490,8603.0,6.671
8491,8604.0,10.176
8492,8605.0,7.945
8493,8606.0,8.974
8494,8607.0,6.229
8495,8608.0,6.028
8496,8609.0,6.752
8497,8610.0,6.58
8498,8611.0,7.784
8499,8612.0,8.934
8500,8613.0,6.269
8501,8614.0,6.942
8502,8615.0,8.573
8503,8616.0,5.908
8504,8617.0,7.303
8505,8618.0,6.149
8506,8619.0,6.741
8507,8620.0,8.105
8508,8621.0,5.546
8509,8622.0,5.827
8510,8623.0,6.47
8511,8624.0,6.781
8512,8625.0,6.269
8513,8626.0,6.35
8514,8627.0,6.109
8515,8628.0,10.016
8516,8629.0,6.953
8517,8630.0,8.934
8518,8631.0,7.664
8519,8632.0,9.535
8520,8633.0,7.263
8521,8634.0,9.855
8522,8635.0,6.781
8523,8636.0,6.149
8524,8637.0,6.189
8525,8638.0,8.105
8526,8639.0,8.573
8527,8640.0,6.31
8528,8641.0,7.223
8529,8642.0,9.094
8530,8643.0,7.503
8531,8644.0,6.42
8532,8645.0,9.094
8533,8646.0,6.631
8534,8647.0,8.426
8535,8648.0,6.229
8536,8649.0,6.35
8537,8650.0,5.515
8538,8651.0,5.948
8539,8652.0,6.149
8540,8653.0,6.39
8541,8654.0,6.35
8542,8655.0,6.781
8543,8656.0,8.854
8544,8657.0,8.065
8545,8658.0,6.35
8546,8659.0,10.096
8547,8660.0,7.503
8548,8661.0,9.495
8549,8662.0,8.547
8550,8663.0,8.186
8551,8664.0,6.229
8552,8665.0,6.109
8553,8666.0,7.784
8554,8667.0,6.35
8555,8668.0,7.303
8556,8669.0,9.415
8557,8670.0,6.712
8558,8671.0,6.621
8559,8672.0,7.905
8560,8673.0,5.948
8561,8674.0,7.102
8562,8675.0,6.149
8563,8676.0,6.551
8564,8677.0,7.624
8565,8679.0,5.425
8566,8680.0,5.868
8567,8681.0,6.39
8568,8682.0,6.591
8569,8683.0,6.149
8570,8684.0,6.31
8571,8685.0,6.028
8572,8686.0,10.136
8573,8687.0,6.792
8574,8688.0,9.254
8575,8689.0,7.544
8576,8690.0,9.775
8577,8691.0,6.902
8578,8692.0,10.016
8579,8693.0,6.5
8580,8694.0,6.028
8581,8695.0,6.028
8582,8696.0,7.544
8583,8697.0,9.094
8584,8698.0,6.269
8585,8699.0,6.861
8586,8700.0,8.306
8587,8701.0,8.346
8588,8702.0,6.269
8589,8703.0,9.254
8590,8704.0,6.43
8591,8705.0,7.824
8592,8706.0,6.832
8593,8707.0,6.149
8594,8708.0,5.474
8595,8709.0,5.948
8596,8710.0,6.149
8597,8711.0,6.39
8598,8712.0,6.35
8599,8713.0,6.792
8600,8714.0,8.894
8601,8715.0,8.105
8602,8716.0,6.39
8603,8717.0,10.176
8604,8718.0,7.584
8605,8719.0,9.455
8606,8720.0,8.547
8607,8721.0,8.186
8608,8722.0,6.229
8609,8723.0,6.109
8610,8724.0,7.865
8611,8725.0,6.39
8612,8726.0,7.263
8613,8727.0,9.535
8614,8728.0,6.821
8615,8729.0,6.661
8616,8730.0,7.824
8617,8731.0,5.988
8618,8732.0,7.062
8619,8733.0,6.229
8620,8734.0,6.551
8621,8735.0,7.624
8622,8736.0,5.385
8623,8737.0,5.908
8624,8738.0,6.43
8625,8739.0,6.631
8626,8740.0,6.149
8627,8741.0,6.31
8628,8742.0,5.988
8629,8743.0,10.136
8630,8744.0,6.792
8631,8745.0,9.254
8632,8746.0,7.544
8633,8747.0,9.775
8634,8748.0,6.902
8635,8749.0,10.016
8636,8750.0,6.47
8637,8751.0,5.988
8638,8752.0,6.028
8639,8753.0,7.544
8640,8754.0,9.094
8641,8755.0,6.269
8642,8757.0,6.861
8643,8758.0,8.346
8644,8759.0,8.226
8645,8760.0,6.269
8646,8761.0,9.334
8647,8762.0,6.47
8648,8763.0,7.865
8649,8764.0,6.712
8650,8765.0,6.149
8651,8766.0,5.281
8652,8767.0,5.948
8653,8768.0,6.189
8654,8769.0,6.35
8655,8770.0,6.35
8656,8771.0,6.631
8657,8772.0,8.667
8658,8773.0,8.467
8659,8774.0,6.35
8660,8775.0,10.056
8661,8776.0,7.102
8662,8777.0,10.096
8663,8778.0,8.266
8664,8779.0,8.587
8665,8780.0,6.229
8666,8781.0,6.068
8667,8782.0,7.303
8668,8783.0,6.47
8669,8784.0,7.503
8670,8785.0,9.214
8671,8786.0,6.269
8672,8787.0,6.781
8673,8788.0,8.226
8674,8789.0,5.908
8675,8790.0,7.223
8676,8791.0,6.189
8677,8792.0,6.671
8678,8793.0,7.865
8679,8794.0,5.425
8680,8795.0,4.699
8681,8796.0,5.827
8682,8797.0,6.43
8683,8798.0,6.39
8684,8799.0,6.712
8685,8800.0,6.189
8686,8801.0,7.664
8687,8802.0,9.855
8688,8803.0,6.712
8689,8804.0,9.815
8690,8805.0,6.781
8691,8806.0,10.096
8692,8807.0,7.142
8693,8808.0,10.056
8694,8809.0,6.229
8695,8810.0,5.948
8696,8811.0,6.068
8697,8812.0,6.902
8698,8813.0,8.533
8699,8814.0,8.105
8700,8815.0,6.35
8701,8816.0,7.182
8702,8817.0,9.495
8703,8818.0,5.988
8704,8819.0,7.905
8705,8820.0,6.189
8706,8821.0,7.022
8707,8822.0,8.627
8708,8823.0,5.747
8709,8824.0,5.787
8710,8825.0,6.511
8711,8826.0,6.149
8712,8827.0,6.31
8713,8828.0,6.35
8714,8829.0,6.229
8715,8830.0,9.735
8716,8831.0,7.142
8717,8832.0,8.226
8718,8834.0,8.426
8719,8835.0,9.054
8720,8836.0,7.744
8721,8837.0,9.575
8722,8838.0,7.182
8723,8839.0,6.189
8724,8840.0,6.31
8725,8841.0,9.294
8726,8842.0,7.182
8727,8843.0,6.5
8728,8844.0,7.624
8729,8845.0,9.014
8730,8846.0,6.269
8731,8847.0,6.861
8732,8848.0,7.985
8733,8849.0,6.671
8734,8850.0,7.985
8735,8851.0,6.229
8736,8852.0,6.752
8737,8853.0,5.626
8738,8854.0,5.948
8739,8855.0,6.189
8740,8856.0,6.31
8741,8857.0,6.31
8742,8858.0,6.832
8743,8859.0,8.747
8744,8860.0,8.306
8745,8861.0,6.35
8746,8862.0,10.096
8747,8863.0,7.303
8748,8864.0,9.815
8749,8865.0,8.386
8750,8866.0,8.386
8751,8867.0,6.229
8752,8868.0,6.068
8753,8869.0,7.503
8754,8870.0,6.43
8755,8871.0,7.463
8756,8872.0,9.294
8757,8873.0,6.31
8758,8874.0,6.741
8759,8875.0,8.105
8760,8876.0,5.908
8761,8877.0,7.182
8762,8878.0,6.189
8763,8879.0,6.631
8764,8880.0,7.784
8765,8881.0,5.466
8766,8882.0,5.868
8767,8883.0,6.43
8768,8884.0,6.591
8769,8885.0,6.189
8770,8886.0,6.31
8771,8887.0,6.028
8772,8888.0,10.136
8773,8889.0,6.792
8774,8890.0,9.294
8775,8891.0,7.544
8776,8892.0,9.775
8777,8893.0,6.942
8778,8894.0,10.056
8779,8895.0,6.5
8780,8896.0,5.988
8781,8897.0,6.068
8782,8898.0,7.544
8783,8899.0,9.214
8784,8900.0,6.31
8785,8901.0,6.861
8786,8902.0,8.266
8787,8903.0,8.426
8788,8904.0,6.259
8789,8905.0,9.254
8790,8906.0,6.43
8791,8907.0,7.824
8792,8908.0,6.902
8793,8909.0,6.149
8794,8911.0,5.667
8795,8912.0,6.551
8796,8913.0,6.31
8797,8914.0,6.35
8798,8915.0,6.39
8799,8916.0,6.47
8800,8917.0,9.374
8801,8918.0,7.624
8802,8919.0,7.022
8803,8920.0,9.815
8804,8921.0,8.386
8805,8922.0,8.426
8806,8923.0,9.094
8807,8924.0,7.824
8808,8925.0,6.189
8809,8926.0,6.149
8810,8927.0,8.814
8811,8928.0,6.269
8812,8929.0,6.982
8813,8930.0,8.613
8814,8931.0,8.025
8815,8932.0,6.34
8816,8933.0,7.223
8817,8934.0,6.47
8818,8935.0,6.861
8819,8936.0,6.551
8820,8937.0,6.31
8821,8938.0,7.062
8822,8939.0,5.506
8823,8940.0,5.908
8824,8941.0,6.47
8825,8942.0,6.39
8826,8943.0,6.712
8827,8944.0,6.229
8828,8945.0,7.544
8829,8946.0,10.016
8830,8947.0,6.752
8831,8948.0,9.775
8832,8949.0,6.821
8833,8950.0,10.096
8834,8951.0,7.022
8835,8952.0,10.096
8836,8953.0,6.189
8837,8954.0,5.868
8838,8955.0,6.028
8839,8956.0,6.942
8840,8957.0,8.653
8841,8958.0,8.025
8842,8959.0,6.39
8843,8960.0,7.223
8844,8961.0,9.455
8845,8962.0,5.988
8846,8963.0,7.905
8847,8964.0,6.189
8848,8965.0,7.062
8849,8966.0,8.547
8850,8967.0,5.747
8851,8968.0,5.948
8852,8969.0,6.511
8853,8970.0,6.149
8854,8971.0,6.35
8855,8972.0,6.31
8856,8973.0,6.149
8857,8974.0,9.935
8858,8975.0,7.113
8859,8976.0,8.667
8860,8977.0,7.945
8861,8978.0,9.374
8862,8979.0,7.544
8863,8980.0,9.775
8864,8981.0,6.902
8865,8982.0,6.229
8866,8983.0,6.269
8867,8984.0,8.613
8868,8985.0,8.065
8869,8986.0,6.39
8870,8987.0,7.303
8871,8988.0,9.495
8872,8990.0,6.821
8873,8991.0,6.621
8874,8992.0,8.693
8875,8993.0,6.631
8876,8994.0,8.653
8877,8995.0,6.229
8878,8996.0,6.551
8879,8997.0,5.466
8880,8998.0,5.908
8881,8999.0,6.189
8882,9000.0,6.35
8883,9001.0,6.35
8884,9002.0,6.551
8885,9003.0,8.587
8886,9004.0,8.467
8887,9005.0,6.35
8888,9006.0,10.056
8889,9007.0,7.102
8890,9008.0,10.056
8891,9009.0,8.266
8892,9010.0,8.533
8893,9011.0,6.229
8894,9012.0,6.068
8895,9013.0,7.303
8896,9014.0,6.46
8897,9015.0,7.544
8898,9016.0,9.214
8899,9017.0,6.269
8900,9018.0,6.781
8901,9019.0,8.226
8902,9020.0,5.908
8903,9021.0,7.182
8904,9022.0,6.149
8905,9023.0,6.661
8906,9024.0,7.824
8907,9025.0,5.466
8908,9026.0,5.868
8909,9027.0,6.43
8910,9028.0,6.701
8911,9029.0,6.229
8912,9030.0,6.31
8913,9031.0,6.068
8914,9032.0,10.096
8915,9033.0,6.861
8916,9034.0,9.094
8917,9035.0,7.784
8918,9036.0,9.655
8919,9037.0,7.062
8920,9038.0,9.935
8921,9039.0,6.621
8922,9040.0,6.068
8923,9041.0,6.109
8924,9042.0,7.824
8925,9043.0,8.814
8926,9044.0,6.269
8927,9045.0,7.022
8928,9046.0,8.733
8929,9047.0,7.865
8930,9048.0,6.34
8931,9049.0,9.334
8932,9050.0,6.551
8933,9051.0,8.145
8934,9052.0,6.229
8935,9053.0,6.229
8936,9054.0,5.626
8937,9055.0,6.631
8938,9056.0,6.35
8939,9057.0,6.35
8940,9058.0,6.39
8941,9059.0,6.621
8942,9060.0,9.174
8943,9061.0,7.744
8944,9062.0,6.47
8945,9063.0,10.256
8946,9065.0,8.025
8947,9066.0,8.894
8948,9067.0,8.894
8949,9068.0,7.824
8950,9069.0,6.229
8951,9070.0,6.189
8952,9071.0,8.386
8953,9072.0,6.31
8954,9073.0,7.223
8955,9074.0,9.174
8956,9075.0,7.423
8957,9076.0,6.551
8958,9077.0,7.544
8959,9078.0,6.068
8960,9079.0,6.982
8961,9080.0,6.229
8962,9081.0,6.43
8963,9082.0,7.343
8964,9083.0,5.305
8965,9084.0,5.908
8966,9085.0,6.39
8967,9086.0,6.35
8968,9087.0,6.551
8969,9088.0,6.31
8970,9089.0,6.861
8971,9090.0,10.256
8972,9091.0,6.942
8973,9092.0,9.615
8974,9093.0,7.022
8975,9094.0,9.975
8976,9095.0,6.701
8977,9096.0,10.176
8978,9097.0,6.269
8979,9098.0,5.908
8980,9099.0,5.948
8981,9100.0,7.223
8982,9101.0,9.254
8983,9102.0,7.343
8984,9103.0,6.5
8985,9104.0,7.584
8986,9105.0,9.094
8987,9106.0,6.068
8988,9107.0,8.346
8989,9108.0,6.269
8990,9109.0,7.263
8991,9110.0,7.985
8992,9111.0,5.868
8993,9112.0,5.747
8994,9113.0,6.551
8995,9114.0,6.149
8996,9115.0,6.31
8997,9116.0,6.35
8998,9117.0,6.269
8999,9118.0,9.695
9000,9119.0,7.263
9001,9120.0,7.985
9002,9121.0,8.653
9003,9122.0,8.934
9004,9123.0,7.664
9005,9124.0,9.495
9006,9125.0,7.303
9007,9126.0,6.189
9008,9127.0,6.189
9009,9128.0,9.495
9010,9129.0,6.982
9011,9130.0,6.58
9012,9131.0,7.784
9013,9132.0,8.894
9014,9133.0,6.31
9015,9134.0,6.942
9016,9135.0,7.865
9017,9136.0,6.701
9018,9137.0,7.905
9019,9138.0,6.229
9020,9139.0,6.861
9021,9140.0,5.425
9022,9141.0,5.988
9023,9143.0,6.269
9024,9144.0,6.39
9025,9145.0,6.511
9026,9146.0,6.189
9027,9147.0,8.186
9028,9148.0,9.094
9029,9149.0,6.511
9030,9150.0,9.975
9031,9151.0,6.661
9032,9152.0,10.216
9033,9153.0,7.744
9034,9154.0,9.254
9035,9155.0,6.259
9036,9156.0,6.068
9037,9157.0,6.43
9038,9158.0,6.661
9039,9159.0,7.945
9040,9160.0,8.733
9041,9161.0,6.3
9042,9162.0,7.062
9043,9163.0,8.814
9044,9164.0,5.868
9045,9165.0,7.463
9046,9166.0,6.149
9047,9167.0,6.861
9048,9168.0,8.333
9049,9169.0,5.586
9050,9170.0,5.827
9051,9171.0,6.43
9052,9172.0,6.781
9053,9173.0,6.269
9054,9174.0,6.31
9055,9175.0,6.068
9056,9176.0,10.016
9057,9177.0,6.902
9058,9178.0,8.974
9059,9179.0,7.824
9060,9180.0,9.535
9061,9181.0,7.182
9062,9182.0,9.895
9063,9183.0,6.661
9064,9184.0,6.109
9065,9185.0,6.109
9066,9186.0,7.985
9067,9187.0,8.653
9068,9188.0,6.269
9069,9189.0,7.102
9070,9190.0,8.934
9071,9191.0,7.664
9072,9192.0,6.42
9073,9193.0,9.214
9074,9194.0,6.591
9075,9195.0,8.266
9076,9196.0,6.229
9077,9197.0,6.31
9078,9198.0,5.586
9079,9199.0,6.109
9080,9200.0,6.109
9081,9201.0,6.35
9082,9202.0,6.39
9083,9203.0,6.701
9084,9204.0,8.934
9085,9205.0,8.025
9086,9206.0,6.39
9087,9207.0,10.176
9088,9208.0,7.664
9089,9209.0,9.374
9090,9210.0,8.627
9091,9211.0,8.145
9092,9212.0,6.229
9093,9213.0,6.109
9094,9214.0,7.905
9095,9215.0,6.39
9096,9216.0,7.223
9097,9217.0,9.495
9098,9219.0,6.821
9099,9220.0,6.661
9100,9221.0,7.824
9101,9222.0,5.988
9102,9223.0,7.062
9103,9224.0,6.189
9104,9225.0,6.551
9105,9226.0,7.624
9106,9227.0,5.385
9107,9228.0,5.948
9108,9229.0,6.43
9109,9230.0,6.551
9110,9231.0,6.109
9111,9232.0,6.47
9112,9233.0,6.269
9113,9234.0,10.256
9114,9235.0,6.752
9115,9236.0,9.455
9116,9237.0,7.303
9117,9238.0,9.855
9118,9239.0,6.741
9119,9240.0,10.056
9120,9241.0,6.42
9121,9242.0,5.988
9122,9243.0,5.988
9123,9244.0,7.303
9124,9245.0,9.374
9125,9246.0,6.46
9126,9247.0,6.701
9127,9248.0,8.025
9128,9249.0,8.613
9129,9250.0,6.189
9130,9251.0,8.894
9131,9252.0,6.39
9132,9253.0,7.664
9133,9254.0,7.223
9134,9255.0,6.028
9135,9256.0,5.667
9136,9257.0,6.551
9137,9258.0,6.269
9138,9259.0,6.31
9139,9260.0,6.39
9140,9261.0,6.43
9141,9262.0,9.415
9142,9263.0,7.584
9143,9264.0,7.182
9144,9265.0,9.655
9145,9266.0,8.467
9146,9267.0,8.306
9147,9268.0,9.174
9148,9269.0,7.865
9149,9270.0,6.189
9150,9271.0,6.149
9151,9272.0,8.894
9152,9273.0,6.31
9153,9274.0,6.982
9154,9275.0,8.573
9155,9276.0,8.065
9156,9277.0,6.35
9157,9278.0,7.182
9158,9279.0,6.591
9159,9280.0,6.872
9160,9281.0,6.591
9161,9282.0,6.31
9162,9283.0,7.102
9163,9284.0,5.466
9164,9285.0,5.908
9165,9286.0,6.39
9166,9287.0,6.31
9167,9288.0,6.781
9168,9289.0,6.269
9169,9290.0,7.303
9170,9291.0,10.256
9171,9292.0,6.872
9172,9293.0,9.775
9173,9294.0,6.861
9174,9295.0,10.056
9175,9297.0,6.701
9176,9298.0,10.256
9177,9299.0,6.189
9178,9300.0,5.948
9179,9301.0,5.988
9180,9302.0,7.102
9181,9303.0,8.894
9182,9304.0,7.744
9183,9305.0,6.42
9184,9306.0,7.423
9185,9307.0,9.294
9186,9308.0,6.109
9187,9309.0,8.105
9188,9310.0,6.31
9189,9311.0,7.142
9190,9312.0,8.346
9191,9313.0,5.787
9192,9314.0,5.827
9193,9315.0,6.551
9194,9316.0,6.149
9195,9317.0,6.31
9196,9318.0,6.35
9197,9319.0,6.269
9198,9320.0,9.735
9199,9321.0,7.263
9200,9322.0,8.025
9201,9323.0,8.653
9202,9324.0,8.974
9203,9325.0,7.624
9204,9326.0,9.535
9205,9327.0,7.263
9206,9328.0,6.189
9207,9329.0,6.189
9208,9330.0,9.415
9209,9331.0,6.982
9210,9332.0,6.58
9211,9333.0,7.744
9212,9334.0,8.894
9213,9335.0,6.269
9214,9336.0,6.942
9215,9337.0,7.824
9216,9338.0,6.712
9217,9339.0,7.824
9218,9340.0,6.229
9219,9341.0,6.821
9220,9342.0,5.354
9221,9343.0,5.948
9222,9344.0,6.35
9223,9345.0,6.39
9224,9346.0,6.591
9225,9347.0,6.149
9226,9348.0,7.985
9227,9349.0,9.374
9228,9350.0,6.591
9229,9351.0,9.895
9230,9352.0,6.701
9231,9353.0,10.176
9232,9354.0,7.544
9233,9355.0,9.535
9234,9356.0,6.229
9235,9357.0,5.988
9236,9358.0,6.028
9237,9359.0,6.781
9238,9360.0,8.186
9239,9361.0,8.493
9240,9362.0,6.31
9241,9363.0,7.223
9242,9364.0,9.334
9243,9365.0,6.028
9244,9366.0,7.584
9245,9367.0,6.149
9246,9368.0,6.821
9247,9369.0,8.627
9248,9370.0,5.626
9249,9371.0,5.827
9250,9372.0,6.47
9251,9374.0,6.189
9252,9375.0,6.35
9253,9376.0,6.35
9254,9377.0,6.149
9255,9378.0,9.975
9256,9379.0,7.022
9257,9380.0,8.707
9258,9381.0,7.905
9259,9382.0,9.374
9260,9383.0,7.503
9261,9384.0,9.815
9262,9385.0,6.902
9263,9386.0,6.229
9264,9387.0,6.229
9265,9388.0,8.613
9266,9389.0,7.985
9267,9390.0,6.42
9268,9391.0,7.263
9269,9392.0,9.495
9270,9393.0,6.741
9271,9394.0,6.661
9272,9395.0,8.613
9273,9396.0,6.591
9274,9397.0,8.573
9275,9398.0,6.189
9276,9399.0,6.46
9277,9400.0,5.466
9278,9401.0,5.948
9279,9402.0,6.189
9280,9403.0,6.39
9281,9404.0,6.39
9282,9405.0,6.43
9283,9406.0,8.587
9284,9407.0,8.573
9285,9408.0,6.39
9286,9409.0,10.056
9287,9410.0,7.022
9288,9411.0,10.136
9289,9412.0,8.186
9290,9413.0,8.613
9291,9414.0,6.229
9292,9415.0,6.068
9293,9416.0,7.182
9294,9417.0,6.5
9295,9418.0,7.584
9296,9419.0,9.134
9297,9420.0,6.269
9298,9421.0,6.821
9299,9422.0,8.306
9300,9423.0,5.827
9301,9424.0,7.223
9302,9425.0,6.149
9303,9426.0,6.661
9304,9427.0,7.945
9305,9428.0,5.506
9306,9429.0,5.908
9307,9430.0,6.39
9308,9431.0,6.511
9309,9432.0,6.109
9310,9433.0,6.35
9311,9434.0,6.269
9312,9435.0,10.216
9313,9436.0,6.752
9314,9437.0,9.415
9315,9438.0,7.383
9316,9439.0,9.855
9317,9440.0,6.821
9318,9441.0,10.136
9319,9442.0,6.43
9320,9443.0,5.988
9321,9444.0,5.988
9322,9445.0,7.463
9323,9446.0,9.294
9324,9447.0,6.31
9325,9448.0,6.741
9326,9449.0,8.145
9327,9450.0,8.547
9328,9452.0,6.229
9329,9453.0,8.974
9330,9454.0,6.43
9331,9455.0,7.664
9332,9456.0,7.182
9333,9457.0,6.028
9334,9458.0,5.827
9335,9459.0,6.551
9336,9460.0,6.189
9337,9461.0,6.31
9338,9462.0,6.39
9339,9463.0,6.229
9340,9464.0,9.775
9341,9465.0,7.223
9342,9466.0,8.186
9343,9467.0,8.587
9344,9468.0,9.094
9345,9469.0,7.664
9346,9470.0,9.615
9347,9471.0,7.223
9348,9472.0,6.229
9349,9473.0,6.189
9350,9474.0,9.415
9351,9475.0,7.102
9352,9476.0,6.58
9353,9477.0,7.704
9354,9478.0,8.974
9355,9479.0,6.31
9356,9480.0,6.902
9357,9481.0,7.985
9358,9482.0,6.671
9359,9483.0,8.025
9360,9484.0,6.229
9361,9485.0,6.741
9362,9486.0,5.385
9363,9487.0,5.908
9364,9488.0,6.39
9365,9489.0,6.39
9366,9490.0,6.631
9367,9491.0,6.149
9368,9492.0,7.784
9369,9493.0,9.695
9370,9494.0,6.631
9371,9495.0,9.855
9372,9496.0,6.701
9373,9497.0,10.136
9374,9498.0,7.263
9375,9499.0,9.855
9376,9500.0,6.189
9377,9501.0,5.988
9378,9502.0,6.028
9379,9503.0,6.861
9380,9504.0,8.413
9381,9505.0,8.306
9382,9506.0,6.269
9383,9507.0,7.182
9384,9508.0,9.374
9385,9509.0,5.988
9386,9510.0,7.744
9387,9511.0,6.149
9388,9512.0,6.902
9389,9513.0,8.747
9390,9514.0,5.626
9391,9515.0,5.908
9392,9516.0,6.511
9393,9517.0,6.109
9394,9518.0,6.43
9395,9519.0,6.35
9396,9520.0,6.189
9397,9521.0,9.855
9398,9522.0,7.062
9399,9523.0,8.467
9400,9524.0,8.145
9401,9525.0,9.294
9402,9526.0,7.704
9403,9528.0,9.695
9404,9529.0,7.022
9405,9530.0,6.229
9406,9531.0,6.31
9407,9532.0,8.854
9408,9533.0,7.704
9409,9534.0,6.47
9410,9535.0,7.383
9411,9536.0,9.334
9412,9537.0,6.39
9413,9538.0,6.741
9414,9539.0,8.467
9415,9540.0,6.671
9416,9541.0,8.507
9417,9542.0,6.269
9418,9543.0,6.54
9419,9544.0,5.586
9420,9545.0,5.948
9421,9546.0,6.189
9422,9547.0,6.35
9423,9548.0,6.35
9424,9549.0,6.792
9425,9550.0,8.894
9426,9551.0,8.145
9427,9552.0,6.43
9428,9553.0,10.136
9429,9554.0,7.544
9430,9555.0,9.575
9431,9556.0,8.533
9432,9557.0,8.266
9433,9558.0,6.269
9434,9559.0,6.109
9435,9560.0,7.744
9436,9561.0,6.39
9437,9562.0,7.303
9438,9563.0,9.415
9439,9564.0,6.58
9440,9565.0,6.661
9441,9566.0,7.945
9442,9567.0,5.948
9443,9568.0,7.102
9444,9569.0,6.189
9445,9570.0,6.551
9446,9571.0,7.664
9447,9572.0,5.425
9448,9573.0,5.868
9449,9574.0,6.39
9450,9575.0,6.47
9451,9576.0,6.068
9452,9577.0,6.39
9453,9578.0,6.269
9454,9579.0,10.216
9455,9580.0,6.792
9456,9581.0,9.455
9457,9582.0,7.223
9458,9583.0,9.855
9459,9584.0,6.701
9460,9585.0,10.096
9461,9586.0,6.35
9462,9587.0,5.948
9463,9588.0,5.948
9464,9589.0,7.263
9465,9590.0,9.415
9466,9591.0,6.621
9467,9592.0,6.621
9468,9593.0,7.945
9469,9594.0,8.693
9470,9595.0,6.149
9471,9596.0,8.733
9472,9597.0,6.35
9473,9598.0,7.503
9474,9599.0,7.463
9475,9600.0,5.988
9476,9601.0,5.707
9477,9602.0,6.591
9478,9603.0,6.269
9479,9605.0,6.31
9480,9606.0,6.39
9481,9607.0,6.43
9482,9608.0,9.415
9483,9609.0,7.503
9484,9610.0,7.303
9485,9611.0,9.495
9486,9612.0,8.547
9487,9613.0,8.226
9488,9614.0,9.174
9489,9615.0,7.784
9490,9616.0,6.229
9491,9617.0,6.149
9492,9618.0,8.934
9493,9619.0,6.269
9494,9620.0,6.982
9495,9621.0,8.493
9496,9622.0,8.186
9497,9623.0,6.31
9498,9624.0,7.182
9499,9625.0,6.752
9500,9626.0,6.872
9501,9627.0,6.832
9502,9628.0,6.31
9503,9629.0,6.982
9504,9630.0,5.586
9505,9631.0,5.948
9506,9632.0,6.35
9507,9633.0,6.39
9508,9634.0,6.551
9509,9635.0,6.109
9510,9636.0,8.226
9511,9637.0,9.054
9512,9638.0,6.551
9513,9639.0,9.935
9514,9640.0,6.741
9515,9641.0,10.136
9516,9642.0,7.784
9517,9643.0,9.214
9518,9644.0,6.269
9519,9645.0,5.988
9520,9646.0,6.35
9521,9647.0,6.661
9522,9648.0,7.985
9523,9649.0,8.653
9524,9650.0,6.31
9525,9651.0,7.102
9526,9652.0,8.854
9527,9653.0,5.908
9528,9654.0,7.463
9529,9655.0,6.149
9530,9656.0,6.861
9531,9657.0,8.386
9532,9658.0,5.586
9533,9659.0,5.868
9534,9660.0,6.43
9535,9661.0,6.631
9536,9662.0,6.149
9537,9663.0,6.35
9538,9664.0,6.028
9539,9665.0,10.136
9540,9666.0,6.832
9541,9667.0,9.214
9542,9668.0,7.624
9543,9669.0,9.735
9544,9670.0,6.942
9545,9671.0,9.975
9546,9672.0,6.5
9547,9673.0,6.028
9548,9674.0,6.028
9549,9675.0,7.664
9550,9676.0,9.014
9551,9677.0,6.269
9552,9678.0,6.902
9553,9679.0,8.493
9554,9680.0,8.145
9555,9682.0,6.31
9556,9683.0,9.334
9557,9684.0,6.551
9558,9685.0,7.945
9559,9686.0,6.551
9560,9687.0,6.109
9561,9688.0,5.506
9562,9689.0,5.948
9563,9690.0,6.149
9564,9691.0,6.35
9565,9692.0,6.31
9566,9693.0,6.741
9567,9694.0,8.854
9568,9695.0,8.105
9569,9696.0,6.39
9570,9697.0,10.136
9571,9698.0,7.503
9572,9699.0,9.575
9573,9700.0,8.507
9574,9701.0,8.266
9575,9702.0,6.229
9576,9703.0,6.068
9577,9704.0,7.744
9578,9705.0,6.38
9579,9706.0,7.343
9580,9707.0,9.374
9581,9708.0,6.58
9582,9709.0,6.661
9583,9710.0,7.985
9584,9711.0,5.948
9585,9712.0,7.142
9586,9713.0,6.189
9587,9714.0,6.58
9588,9715.0,7.664
9589,9716.0,5.466
9590,9717.0,5.908
9591,9718.0,6.43
9592,9719.0,6.47
9593,9720.0,6.149
9594,9721.0,6.39
9595,9722.0,6.39
9596,9723.0,10.256
9597,9724.0,6.872
9598,9725.0,9.495
9599,9726.0,7.263
9600,9727.0,9.895
9601,9728.0,6.781
9602,9729.0,10.136
9603,9730.0,6.43
9604,9731.0,5.948
9605,9732.0,5.988
9606,9733.0,7.303
9607,9734.0,9.455
9608,9735.0,6.621
9609,9736.0,6.661
9610,9737.0,7.945
9611,9738.0,8.693
9612,9739.0,6.149
9613,9740.0,8.774
9614,9741.0,6.35
9615,9742.0,7.544
9616,9743.0,7.423
9617,9744.0,5.988
9618,9745.0,5.707
9619,9746.0,6.591
9620,9747.0,6.269
9621,9748.0,6.35
9622,9749.0,6.35
9623,9750.0,6.43
9624,9751.0,9.455
9625,9752.0,7.544
9626,9753.0,7.263
9627,9754.0,9.495
9628,9755.0,8.547
9629,9756.0,8.186
9630,9757.0,9.214
9631,9758.0,7.744
9632,9760.0,6.189
9633,9761.0,6.149
9634,9762.0,8.934
9635,9763.0,6.269
9636,9764.0,6.902
9637,9765.0,8.413
9638,9766.0,8.226
9639,9767.0,6.269
9640,9768.0,7.142
9641,9769.0,6.821
9642,9770.0,6.821
9643,9771.0,6.913
9644,9772.0,6.269
9645,9773.0,6.942
9646,9774.0,5.425
9647,9775.0,5.908
9648,9776.0,6.511
9649,9777.0,6.269
9650,9778.0,6.781
9651,9779.0,6.229
9652,9780.0,7.383
9653,9781.0,10.136
9654,9782.0,6.781
9655,9783.0,9.735
9656,9784.0,6.861
9657,9785.0,10.056
9658,9786.0,6.861
9659,9787.0,10.216
9660,9788.0,6.229
9661,9789.0,5.868
9662,9790.0,6.028
9663,9791.0,6.982
9664,9792.0,8.733
9665,9793.0,7.945
9666,9794.0,6.38
9667,9795.0,7.303
9668,9796.0,9.455
9669,9797.0,5.988
9670,9798.0,7.985
9671,9799.0,6.189
9672,9800.0,7.062
9673,9801.0,8.507
9674,9802.0,5.787
9675,9803.0,5.827
9676,9804.0,6.511
9677,9805.0,6.068
9678,9806.0,6.43
9679,9807.0,6.31
9680,9808.0,6.189
9681,9809.0,9.855
9682,9810.0,7.102
9683,9811.0,8.507
9684,9812.0,8.105
9685,9813.0,9.254
9686,9814.0,7.664
9687,9815.0,9.695
9688,9816.0,6.982
9689,9817.0,6.189
9690,9818.0,6.31
9691,9819.0,8.774
9692,9820.0,7.744
9693,9821.0,6.38
9694,9822.0,7.343
9695,9823.0,9.415
9696,9824.0,6.551
9697,9825.0,6.701
9698,9826.0,8.493
9699,9827.0,6.631
9700,9828.0,8.547
9701,9829.0,6.229
9702,9830.0,6.511
9703,9831.0,5.586
9704,9832.0,5.948
9705,9833.0,6.149
9706,9834.0,6.35
9707,9836.0,6.31
9708,9837.0,6.792
9709,9838.0,8.788
9710,9839.0,8.186
9711,9840.0,6.35
9712,9841.0,10.096
9713,9842.0,7.423
9714,9843.0,9.655
9715,9844.0,8.467
9716,9845.0,8.306
9717,9846.0,6.229
9718,9847.0,6.068
9719,9848.0,7.624
9720,9849.0,6.39
9721,9850.0,7.383
9722,9851.0,9.374
9723,9852.0,6.511
9724,9853.0,6.701
9725,9854.0,8.025
9726,9855.0,5.948
9727,9856.0,7.142
9728,9857.0,6.189
9729,9858.0,6.591
9730,9859.0,7.704
9731,9860.0,5.425
9732,9861.0,5.868
9733,9862.0,6.43
9734,9863.0,6.591
9735,9864.0,6.149
9736,9865.0,6.31
9737,9866.0,6.068
9738,9867.0,10.136
9739,9868.0,6.792
9740,9869.0,9.294
9741,9870.0,7.503
9742,9871.0,9.775
9743,9872.0,6.942
9744,9873.0,10.096
9745,9874.0,6.511
9746,9875.0,5.988
9747,9876.0,6.028
9748,9877.0,7.503
9749,9878.0,9.174
9750,9879.0,6.269
9751,9880.0,6.861
9752,9881.0,8.266
9753,9882.0,8.386
9754,9883.0,6.229
9755,9884.0,9.214
9756,9885.0,6.43
9757,9886.0,7.824
9758,9887.0,6.872
9759,9888.0,6.149
9760,9889.0,4.926
9761,9890.0,5.868
9762,9891.0,6.43
9763,9892.0,6.43
9764,9893.0,6.712
9765,9894.0,6.269
9766,9895.0,7.503
9767,9896.0,10.096
9768,9897.0,6.752
9769,9898.0,9.815
9770,9899.0,6.821
9771,9900.0,10.136
9772,9901.0,6.902
9773,9902.0,10.216
9774,9903.0,6.189
9775,9904.0,5.868
9776,9905.0,5.988
9777,9906.0,6.982
9778,9907.0,8.693
9779,9908.0,7.945
9780,9909.0,6.35
9781,9910.0,7.263
9782,9911.0,9.455
9783,9912.0,5.988
9784,9914.0,7.945
9785,9915.0,6.189
9786,9916.0,7.022
9787,9917.0,8.507
9788,9918.0,5.747
9789,9919.0,5.747
9790,9920.0,6.551
9791,9921.0,6.149
9792,9922.0,6.35
9793,9923.0,6.35
9794,9924.0,6.269
9795,9925.0,9.695
9796,9926.0,7.303
9797,9927.0,7.945
9798,9928.0,8.693
9799,9929.0,8.934
9800,9930.0,7.704
9801,9931.0,9.455
9802,9932.0,7.343
9803,9933.0,6.189
9804,9934.0,6.189
9805,9935.0,9.415
9806,9936.0,6.902
9807,9937.0,6.58
9808,9938.0,7.784
9809,9939.0,8.894
9810,9940.0,6.269
9811,9941.0,6.942
9812,9942.0,7.905
9813,9943.0,6.701
9814,9944.0,7.905
9815,9945.0,6.229
9816,9946.0,6.821
9817,9947.0,5.112
9818,9948.0,5.635
9819,9949.0,6.511
9820,9950.0,6.109
9821,9951.0,6.31
9822,9952.0,6.35
9823,9953.0,6.229
9824,9954.0,9.815
9825,9955.0,7.142
9826,9956.0,8.306
9827,9957.0,8.306
9828,9958.0,9.174
9829,9959.0,7.905
9830,9960.0,9.655
9831,9961.0,7.102
9832,9962.0,6.229
9833,9963.0,6.39
9834,9964.0,9.174
9835,9965.0,7.423
9836,9966.0,6.5
9837,9967.0,7.503
9838,9968.0,9.214
9839,9969.0,6.269
9840,9970.0,6.861
9841,9971.0,8.266
9842,9972.0,6.671
9843,9973.0,8.266
9844,9974.0,6.269
9845,9975.0,6.621
9846,9976.0,4.926
9847,9977.0,5.827
9848,9978.0,6.43
9849,9979.0,6.39
9850,9980.0,6.43
9851,9981.0,6.31
9852,9982.0,6.861
9853,9983.0,10.296
9854,9984.0,7.022
9855,9985.0,9.655
9856,9986.0,7.062
9857,9988.0,9.975
9858,9989.0,6.701
9859,9990.0,10.216
9860,9991.0,6.31
9861,9992.0,5.908
9862,9993.0,5.908
9863,9994.0,7.263
9864,9995.0,9.294
9865,9996.0,7.303
9866,9997.0,6.5
9867,9998.0,7.584
9868,9999.0,9.054
9869,10000.0,6.068
9870,10001.0,8.346
9871,10002.0,6.269
9872,10003.0,7.263
9873,10004.0,7.985
9874,10005.0,5.868
9875,10006.0,5.747
9876,10007.0,6.591
9877,10008.0,6.229
9878,10009.0,6.31
9879,10010.0,6.35
9880,10011.0,6.35
9881,10012.0,9.615
9882,10013.0,7.383
9883,10014.0,7.744
9884,10015.0,9.014
9885,10016.0,8.814
9886,10017.0,7.865
9887,10018.0,9.415
9888,10019.0,7.503
9889,10020.0,6.229
9890,10021.0,6.189
9891,10022.0,9.334
9892,10023.0,6.511
9893,10024.0,6.701
9894,10025.0,8.065
9895,10026.0,8.653
9896,10027.0,6.269
9897,10028.0,7.142
9898,10029.0,7.463
9899,10030.0,6.752
9900,10031.0,7.503
9901,10032.0,6.229
9902,10033.0,6.821
9903,10034.0,5.112
9904,10035.0,5.827
9905,10036.0,6.39
9906,10037.0,6.46
9907,10038.0,6.149
9908,10039.0,6.43
9909,10040.0,6.269
9910,10041.0,10.216
9911,10042.0,6.752
9912,10043.0,9.455
9913,10044.0,7.343
9914,10045.0,9.895
9915,10046.0,6.781
9916,10047.0,10.096
9917,10048.0,6.42
9918,10049.0,5.948
9919,10050.0,5.988
9920,10051.0,7.343
9921,10052.0,9.415
9922,10053.0,6.551
9923,10054.0,6.701
9924,10055.0,7.985
9925,10056.0,8.733
9926,10057.0,6.149
9927,10058.0,8.854
9928,10059.0,6.39
9929,10060.0,7.584
9930,10061.0,7.423
9931,10063.0,6.028
9932,10064.0,5.16
9933,10065.0,5.988
9934,10066.0,6.229
9935,10067.0,6.39
9936,10068.0,6.43
9937,10069.0,6.149
9938,10070.0,8.386
9939,10071.0,8.894
9940,10072.0,6.47
9941,10073.0,10.056
9942,10074.0,6.661
9943,10075.0,10.216
9944,10076.0,7.985
9945,10077.0,8.894
9946,10078.0,6.229
9947,10079.0,6.028
9948,10080.0,6.821
9949,10081.0,6.54
9950,10082.0,7.744
9951,10083.0,8.934
9952,10084.0,6.269
9953,10085.0,6.942
9954,10086.0,8.493
9955,10087.0,5.827
9956,10088.0,7.303
9957,10089.0,6.149
9958,10090.0,6.741
9959,10091.0,8.105
9960,10092.0,5.466
9961,10093.0,5.16
9962,10094.0,5.908
9963,10095.0,6.149
9964,10096.0,6.35
9965,10097.0,6.31
9966,10098.0,6.872
9967,10099.0,8.733
9968,10100.0,8.306
9969,10101.0,6.31
9970,10102.0,10.136
9971,10103.0,7.303
9972,10104.0,9.815
9973,10105.0,8.426
9974,10106.0,8.386
9975,10107.0,6.229
9976,10108.0,6.109
9977,10109.0,7.544
9978,10110.0,6.42
9979,10111.0,7.383
9980,10112.0,9.374
9981,10113.0,6.47
9982,10114.0,6.701
9983,10115.0,8.025
9984,10116.0,5.948
9985,10117.0,7.142
9986,10118.0,6.189
9987,10119.0,6.58
9988,10120.0,7.744
9989,10121.0,5.425
9990,10122.0,5.908
9991,10123.0,6.39
9992,10124.0,6.47
9993,10125.0,6.109
9994,10126.0,6.39
9995,10127.0,6.43
9996,10128.0,10.256
9997,10129.0,7.033
9998,10130.0,9.575
9999,10131.0,7.142
10000,10132.0,9.935
10001,10133.0,6.701
10002,10134.0,10.176
10003,10135.0,6.35
10004,10136.0,5.948
10005,10137.0,5.908
10006,10139.0,7.182
10007,10140.0,9.535
10008,10141.0,7.062
10009,10142.0,6.58
10010,10143.0,7.784
10011,10144.0,8.934
10012,10145.0,6.149
10013,10146.0,8.493
10014,10147.0,6.35
10015,10148.0,7.383
10016,10149.0,7.784
10017,10150.0,5.948
10018,10151.0,5.787
10019,10152.0,6.551
10020,10153.0,6.229
10021,10154.0,6.31
10022,10155.0,6.39
10023,10156.0,6.269
10024,10157.0,9.655
10025,10158.0,7.303
10026,10159.0,7.945
10027,10160.0,8.774
10028,10161.0,8.894
10029,10162.0,7.704
10030,10163.0,9.455
10031,10164.0,7.383
10032,10165.0,6.229
10033,10166.0,6.189
10034,10167.0,9.415
10035,10168.0,6.821
10036,10169.0,6.621
10037,10170.0,7.905
10038,10171.0,8.814
10039,10172.0,6.269
10040,10173.0,6.982
10041,10174.0,7.704
10042,10175.0,6.712
10043,10176.0,7.704
10044,10177.0,6.229
10045,10178.0,6.861
10046,10179.0,5.385
10047,10180.0,5.908
10048,10181.0,6.39
10049,10182.0,6.39
10050,10183.0,6.631
10051,10184.0,6.149
10052,10185.0,7.824
10053,10186.0,9.575
10054,10187.0,6.631
10055,10188.0,9.895
10056,10189.0,6.701
10057,10190.0,10.136
10058,10191.0,7.303
10059,10192.0,9.855
10060,10193.0,6.149
10061,10194.0,5.988
10062,10195.0,6.028
10063,10196.0,6.902
10064,10197.0,8.373
10065,10198.0,8.306
10066,10199.0,6.31
10067,10200.0,7.182
10068,10201.0,9.334
10069,10202.0,5.948
10070,10203.0,7.704
10071,10204.0,6.189
10072,10205.0,6.902
10073,10206.0,8.733
10074,10207.0,5.667
10075,10208.0,5.827
10076,10209.0,6.47
10077,10210.0,6.109
10078,10211.0,6.39
10079,10212.0,6.35
10080,10213.0,6.149
10081,10214.0,9.975
10082,10216.0,7.022
10083,10217.0,8.667
10084,10218.0,7.905
10085,10219.0,9.415
10086,10220.0,7.503
10087,10221.0,9.815
10088,10222.0,6.902
10089,10223.0,6.229
10090,10224.0,6.269
10091,10225.0,8.613
10092,10226.0,8.025
10093,10227.0,6.39
10094,10228.0,7.263
10095,10229.0,9.535
10096,10230.0,6.781
10097,10231.0,6.661
10098,10232.0,8.693
10099,10233.0,6.671
10100,10234.0,8.613
10101,10235.0,6.269
10102,10236.0,6.47
10103,10237.0,4.878
10104,10238.0,5.827
10105,10239.0,6.39
10106,10240.0,6.43
10107,10241.0,6.068
10108,10242.0,6.35
10109,10243.0,6.43
10110,10244.0,10.256
10111,10245.0,7.022
10112,10246.0,9.495
10113,10247.0,7.142
10114,10248.0,9.935
10115,10249.0,6.661
10116,10250.0,10.136
10117,10251.0,6.35
10118,10252.0,5.948
10119,10253.0,5.948
10120,10254.0,7.182
10121,10255.0,9.495
10122,10256.0,6.861
10123,10257.0,6.58
10124,10258.0,7.865
10125,10259.0,8.854
10126,10260.0,6.149
10127,10261.0,8.613
10128,10262.0,6.35
10129,10263.0,7.423
10130,10264.0,7.624
10131,10265.0,5.908
10132,10266.0,5.586
10133,10267.0,6.551
10134,10268.0,6.39
10135,10269.0,6.31
10136,10270.0,6.39
10137,10271.0,6.511
10138,10272.0,9.294
10139,10273.0,7.744
10140,10274.0,6.832
10141,10275.0,10.096
10142,10276.0,8.266
10143,10277.0,8.587
10144,10278.0,9.014
10145,10279.0,7.664
10146,10280.0,6.229
10147,10281.0,6.149
10148,10282.0,8.653
10149,10283.0,6.31
10150,10284.0,7.102
10151,10285.0,8.894
10152,10286.0,7.784
10153,10287.0,6.39
10154,10288.0,7.463
10155,10289.0,6.149
10156,10290.0,6.942
10157,10292.0,6.189
10158,10293.0,6.39
10159,10294.0,7.182
10160,10295.0,5.345
10161,10296.0,5.868
10162,10297.0,6.43
10163,10298.0,6.43
10164,10299.0,6.109
10165,10300.0,6.39
10166,10301.0,6.47
10167,10302.0,10.216
10168,10303.0,7.102
10169,10304.0,9.535
10170,10305.0,7.182
10171,10306.0,9.895
10172,10307.0,6.741
10173,10308.0,10.136
10174,10309.0,6.35
10175,10310.0,5.948
10176,10311.0,6.068
10177,10312.0,7.142
10178,10313.0,9.535
10179,10314.0,7.022
10180,10315.0,6.701
10181,10316.0,7.784
10182,10317.0,8.854
10183,10318.0,6.109
10184,10319.0,8.573
10185,10320.0,6.31
10186,10321.0,7.383
10187,10322.0,7.664
10188,10323.0,5.948
10189,10324.0,5.747
10190,10325.0,6.631
10191,10326.0,6.39
10192,10327.0,6.31
10193,10328.0,6.511
10194,10329.0,6.671
10195,10330.0,9.174
10196,10331.0,7.664
10197,10332.0,6.591
10198,10333.0,10.216
10199,10334.0,8.105
10200,10335.0,8.814
10201,10336.0,8.894
10202,10337.0,7.704
10203,10338.0,6.229
10204,10339.0,6.109
10205,10340.0,8.467
10206,10341.0,6.31
10207,10342.0,7.182
10208,10343.0,9.054
10209,10344.0,7.544
10210,10345.0,6.46
10211,10346.0,7.463
10212,10347.0,5.988
10213,10348.0,6.942
10214,10349.0,6.189
10215,10350.0,6.43
10216,10351.0,7.263
10217,10352.0,5.305
10218,10353.0,5.908
10219,10354.0,6.43
10220,10355.0,6.551
10221,10356.0,6.149
10222,10357.0,6.39
10223,10358.0,6.31
10224,10359.0,10.176
10225,10360.0,6.792
10226,10361.0,9.455
10227,10362.0,7.423
10228,10363.0,9.815
10229,10364.0,6.821
10230,10365.0,10.056
10231,10367.0,6.46
10232,10368.0,5.988
10233,10369.0,6.028
10234,10370.0,7.463
10235,10371.0,9.294
10236,10372.0,6.35
10237,10373.0,6.781
10238,10374.0,8.105
10239,10375.0,8.573
10240,10376.0,6.189
10241,10377.0,9.054
10242,10378.0,6.43
10243,10379.0,7.744
10244,10380.0,7.062
10245,10381.0,6.109
10246,10382.0,5.434
10247,10383.0,5.948
10248,10384.0,6.149
10249,10385.0,6.43
10250,10386.0,6.269
10251,10387.0,6.781
10252,10388.0,8.854
10253,10389.0,8.186
10254,10390.0,6.43
10255,10391.0,10.176
10256,10392.0,7.463
10257,10393.0,9.615
10258,10394.0,8.467
10259,10395.0,8.306
10260,10396.0,6.229
10261,10397.0,6.068
10262,10398.0,7.704
10263,10399.0,6.34
10264,10400.0,7.343
10265,10401.0,9.374
10266,10402.0,6.621
10267,10403.0,6.661
10268,10404.0,7.945
10269,10405.0,5.948
10270,10406.0,7.102
10271,10407.0,6.149
10272,10408.0,6.54
10273,10409.0,7.624
10274,10410.0,5.425
10275,10411.0,5.868
10276,10412.0,6.39
10277,10413.0,6.47
10278,10414.0,6.109
10279,10415.0,6.39
10280,10416.0,6.269
10281,10417.0,10.176
10282,10418.0,6.741
10283,10419.0,9.455
10284,10420.0,7.263
10285,10421.0,9.895
10286,10422.0,6.741
10287,10423.0,10.096
10288,10424.0,6.42
10289,10425.0,5.948
10290,10426.0,5.988
10291,10427.0,7.303
10292,10428.0,9.415
10293,10429.0,6.58
10294,10430.0,6.701
10295,10431.0,7.945
10296,10432.0,8.693
10297,10433.0,6.139
10298,10434.0,8.814
10299,10435.0,6.35
10300,10436.0,7.544
10301,10437.0,7.383
10302,10438.0,6.068
10303,10439.0,5.827
10304,10440.0,6.591
10305,10441.0,6.189
10306,10442.0,6.35
10307,10444.0,6.39
10308,10445.0,6.35
10309,10446.0,9.615
10310,10447.0,7.383
10311,10448.0,7.624
10312,10449.0,9.214
10313,10450.0,8.613
10314,10451.0,8.186
10315,10452.0,9.254
10316,10453.0,7.784
10317,10454.0,6.229
10318,10455.0,6.229
10319,10456.0,8.814
10320,10457.0,6.35
10321,10458.0,7.022
10322,10459.0,8.814
10323,10460.0,7.704
10324,10461.0,6.46
10325,10462.0,7.463
10326,10463.0,6.028
10327,10464.0,6.982
10328,10465.0,6.229
10329,10466.0,6.47
10330,10467.0,7.463
10331,10468.0,5.385
10332,10469.0,5.948
10333,10470.0,6.39
10334,10471.0,6.39
10335,10472.0,6.31
10336,10473.0,6.35
10337,10474.0,6.551
10338,10475.0,10.216
10339,10476.0,6.902
10340,10477.0,9.455
10341,10478.0,7.263
10342,10479.0,9.855
10343,10480.0,6.781
10344,10481.0,10.056
10345,10482.0,6.42
10346,10483.0,5.988
10347,10484.0,6.028
10348,10485.0,7.544
10349,10486.0,9.054
10350,10487.0,6.269
10351,10488.0,6.942
10352,10489.0,8.533
10353,10490.0,8.065
10354,10491.0,6.3
10355,10492.0,9.334
10356,10493.0,6.551
10357,10494.0,8.025
10358,10495.0,6.43
10359,10496.0,6.189
10360,10497.0,5.707
10361,10498.0,6.631
10362,10499.0,6.31
10363,10500.0,6.35
10364,10501.0,6.39
10365,10502.0,6.42
10366,10503.0,9.415
10367,10504.0,7.544
10368,10505.0,7.263
10369,10506.0,9.535
10370,10507.0,8.493
10371,10508.0,8.266
10372,10509.0,9.174
10373,10510.0,7.744
10374,10511.0,6.189
10375,10512.0,6.149
10376,10513.0,8.934
10377,10514.0,6.269
10378,10515.0,6.902
10379,10516.0,8.453
10380,10517.0,8.186
10381,10518.0,6.3
10382,10519.0,7.142
10383,10520.0,6.781
10384,10522.0,6.821
10385,10523.0,6.832
10386,10524.0,6.269
10387,10525.0,7.022
10388,10526.0,5.546
10389,10527.0,5.948
10390,10528.0,6.35
10391,10529.0,6.39
10392,10530.0,6.591
10393,10531.0,6.189
10394,10532.0,7.985
10395,10533.0,9.334
10396,10534.0,6.551
10397,10535.0,9.935
10398,10536.0,6.701
10399,10537.0,10.176
10400,10538.0,7.503
10401,10539.0,9.535
10402,10540.0,6.229
10403,10541.0,6.028
10404,10542.0,6.028
10405,10543.0,6.821
10406,10544.0,8.186
10407,10545.0,8.493
10408,10546.0,6.259
10409,10547.0,7.263
10410,10548.0,9.094
10411,10549.0,5.988
10412,10550.0,7.624
10413,10551.0,6.149
10414,10552.0,6.821
10415,10553.0,8.587
10416,10554.0,5.626
10417,10555.0,5.827
10418,10556.0,6.47
10419,10557.0,6.028
10420,10558.0,6.39
10421,10559.0,6.35
10422,10560.0,6.149
10423,10561.0,9.935
10424,10562.0,7.022
10425,10563.0,8.627
10426,10564.0,7.985
10427,10565.0,9.334
10428,10566.0,7.544
10429,10567.0,9.735
10430,10568.0,6.942
10431,10569.0,6.189
10432,10570.0,6.269
10433,10571.0,8.613
10434,10572.0,7.945
10435,10573.0,6.38
10436,10574.0,7.263
10437,10575.0,9.415
10438,10576.0,6.661
10439,10577.0,6.621
10440,10578.0,8.613
10441,10579.0,6.591
10442,10580.0,8.573
10443,10581.0,6.189
10444,10582.0,6.54
10445,10583.0,5.546
10446,10584.0,5.948
10447,10585.0,6.189
10448,10586.0,6.35
10449,10587.0,6.35
10450,10588.0,6.821
10451,10589.0,8.707
10452,10590.0,8.386
10453,10591.0,6.35
10454,10592.0,10.176
10455,10593.0,7.223
10456,10594.0,9.935
10457,10595.0,8.346
10458,10596.0,8.493
10459,10597.0,6.229
10460,10598.0,6.068
10461,10600.0,7.423
10462,10601.0,6.5
10463,10602.0,7.503
10464,10603.0,9.254
10465,10604.0,6.269
10466,10605.0,6.781
10467,10606.0,8.186
10468,10607.0,5.948
10469,10608.0,7.182
10470,10609.0,6.189
10471,10610.0,6.621
10472,10611.0,7.824
10473,10612.0,5.466
10474,10613.0,5.948
10475,10614.0,6.39
10476,10615.0,6.54
10477,10616.0,6.109
10478,10617.0,6.43
10479,10618.0,6.269
10480,10619.0,10.216
10481,10620.0,6.752
10482,10621.0,9.374
10483,10622.0,7.343
10484,10623.0,9.855
10485,10624.0,6.781
10486,10625.0,10.136
10487,10626.0,6.42
10488,10627.0,6.028
10489,10628.0,5.988
10490,10629.0,7.463
10491,10630.0,9.254
10492,10631.0,6.31
10493,10632.0,6.781
10494,10633.0,8.145
10495,10634.0,8.493
10496,10635.0,6.229
10497,10636.0,9.054
10498,10637.0,6.39
10499,10638.0,7.704
10500,10639.0,7.062
10501,10640.0,6.068
10502,10641.0,5.667
10503,10642.0,6.511
10504,10643.0,6.269
10505,10644.0,6.31
10506,10645.0,6.39
10507,10646.0,6.47
10508,10647.0,9.374
10509,10648.0,7.584
10510,10649.0,7.142
10511,10650.0,9.655
10512,10651.0,8.467
10513,10652.0,8.306
10514,10653.0,9.134
10515,10654.0,7.824
10516,10655.0,6.189
10517,10656.0,6.189
10518,10657.0,8.854
10519,10658.0,6.31
10520,10659.0,6.942
10521,10660.0,8.533
10522,10661.0,8.105
10523,10662.0,6.3
10524,10663.0,7.223
10525,10664.0,6.621
10526,10665.0,6.821
10527,10666.0,6.712
10528,10667.0,6.3
10529,10668.0,7.062
10530,10669.0,5.224
10531,10670.0,5.827
10532,10671.0,6.39
10533,10672.0,6.58
10534,10673.0,6.149
10535,10674.0,6.31
10536,10675.0,5.988
10537,10676.0,10.136
10538,10678.0,6.781
10539,10679.0,9.294
10540,10680.0,7.503
10541,10681.0,9.775
10542,10682.0,6.902
10543,10683.0,10.056
10544,10684.0,6.5
10545,10685.0,6.028
10546,10686.0,6.028
10547,10687.0,7.624
10548,10688.0,9.094
10549,10689.0,6.34
10550,10690.0,6.861
10551,10691.0,8.373
10552,10692.0,8.293
10553,10693.0,6.3
10554,10694.0,9.294
10555,10695.0,6.511
10556,10696.0,7.865
10557,10697.0,6.781
10558,10698.0,6.099
10559,10699.0,5.707
10560,10700.0,6.54
10561,10701.0,6.39
10562,10702.0,6.31
10563,10703.0,6.42
10564,10704.0,6.5
10565,10705.0,9.294
10566,10706.0,7.704
10567,10707.0,6.861
10568,10708.0,10.016
10569,10709.0,8.266
10570,10710.0,8.573
10571,10711.0,9.054
10572,10712.0,7.664
10573,10713.0,6.269
10574,10714.0,6.109
10575,10715.0,8.613
10576,10716.0,6.259
10577,10717.0,7.062
10578,10718.0,8.814
10579,10719.0,7.784
10580,10720.0,6.38
10581,10721.0,7.343
10582,10722.0,6.189
10583,10723.0,6.902
10584,10724.0,6.229
10585,10725.0,6.34
10586,10726.0,7.142
10587,10727.0,5.425
10588,10728.0,5.908
10589,10729.0,6.35
10590,10730.0,6.269
10591,10731.0,6.781
10592,10732.0,6.269
10593,10733.0,7.223
10594,10734.0,10.336
10595,10735.0,6.821
10596,10736.0,9.735
10597,10737.0,6.861
10598,10738.0,10.056
10599,10739.0,6.701
10600,10740.0,10.216
10601,10741.0,6.189
10602,10742.0,5.868
10603,10743.0,5.988
10604,10744.0,7.062
10605,10745.0,8.814
10606,10746.0,7.865
10607,10747.0,6.38
10608,10748.0,7.343
10609,10749.0,9.374
10610,10750.0,5.988
10611,10751.0,7.985
10612,10753.0,6.229
10613,10754.0,7.062
10614,10755.0,8.426
10615,10756.0,5.747
10616,10757.0,5.827
10617,10758.0,6.511
10618,10759.0,6.109
10619,10760.0,6.31
10620,10761.0,6.35
10621,10762.0,6.189
10622,10763.0,9.855
10623,10764.0,7.102
10624,10765.0,8.386
10625,10766.0,8.226
10626,10767.0,9.214
10627,10768.0,7.744
10628,10769.0,9.695
10629,10770.0,7.062
10630,10771.0,6.229
10631,10772.0,6.39
10632,10773.0,9.054
10633,10774.0,7.544
10634,10775.0,6.5
10635,10776.0,7.463
10636,10777.0,9.254
10637,10778.0,6.259
10638,10779.0,6.781
10639,10780.0,8.306
10640,10781.0,6.671
10641,10782.0,8.346
10642,10783.0,6.269
10643,10784.0,6.58
10644,10785.0,5.586
10645,10786.0,5.908
10646,10787.0,6.229
10647,10788.0,6.35
10648,10789.0,6.35
10649,10790.0,6.821
10650,10791.0,8.774
10651,10792.0,8.266
10652,10793.0,6.38
10653,10794.0,10.096
10654,10795.0,7.383
10655,10796.0,9.735
10656,10797.0,8.467
10657,10798.0,8.346
10658,10799.0,6.269
10659,10800.0,6.068
10660,10801.0,7.584
10661,10802.0,6.42
10662,10803.0,7.383
10663,10804.0,9.334
10664,10805.0,6.38
10665,10806.0,6.701
10666,10807.0,8.025
10667,10808.0,5.948
10668,10809.0,7.142
10669,10810.0,6.189
10670,10811.0,6.58
10671,10812.0,7.744
10672,10813.0,5.425
10673,10814.0,5.908
10674,10815.0,6.39
10675,10816.0,6.42
10676,10817.0,6.109
10677,10818.0,6.39
10678,10819.0,6.47
10679,10820.0,10.256
10680,10821.0,7.062
10681,10822.0,9.535
10682,10823.0,7.142
10683,10824.0,9.935
10684,10825.0,6.741
10685,10826.0,10.136
10686,10828.0,6.3
10687,10829.0,5.948
10688,10830.0,5.908
10689,10831.0,7.142
10690,10832.0,9.495
10691,10833.0,6.982
10692,10834.0,6.58
10693,10835.0,7.784
10694,10836.0,8.894
10695,10837.0,6.149
10696,10838.0,8.533
10697,10839.0,6.35
10698,10840.0,7.383
10699,10841.0,7.744
10700,10842.0,5.908
10701,10843.0,5.787
10702,10844.0,6.511
10703,10845.0,6.149
10704,10846.0,6.31
10705,10847.0,6.35
10706,10848.0,6.229
10707,10849.0,9.735
10708,10850.0,7.182
10709,10851.0,8.226
10710,10852.0,8.426
10711,10853.0,9.094
10712,10854.0,7.824
10713,10855.0,9.615
10714,10856.0,7.182
10715,10857.0,6.229
10716,10858.0,6.39
10717,10859.0,9.254
10718,10860.0,7.343
10719,10861.0,6.54
10720,10862.0,7.584
10721,10863.0,9.174
10722,10864.0,6.269
10723,10865.0,6.861
10724,10866.0,8.186
10725,10867.0,6.712
10726,10868.0,8.186
10727,10869.0,6.269
10728,10870.0,6.701
10729,10871.0,5.586
10730,10872.0,5.948
10731,10873.0,6.269
10732,10874.0,6.35
10733,10875.0,6.43
10734,10876.0,6.631
10735,10877.0,8.653
10736,10878.0,8.413
10737,10879.0,6.39
10738,10880.0,10.096
10739,10881.0,7.102
10740,10882.0,10.016
10741,10883.0,8.266
10742,10884.0,8.533
10743,10885.0,6.269
10744,10886.0,6.068
10745,10887.0,7.303
10746,10888.0,6.46
10747,10889.0,7.544
10748,10890.0,9.214
10749,10891.0,6.269
10750,10892.0,6.781
10751,10893.0,8.266
10752,10894.0,5.908
10753,10895.0,7.223
10754,10896.0,6.189
10755,10897.0,6.621
10756,10898.0,7.865
10757,10899.0,5.425
10758,10900.0,5.322
10759,10901.0,6.229
10760,10902.0,6.109
10761,10903.0,6.31
10762,10905.0,6.39
10763,10906.0,6.661
10764,10907.0,9.014
10765,10908.0,7.905
10766,10909.0,6.39
10767,10910.0,10.176
10768,10911.0,7.784
10769,10912.0,9.094
10770,10913.0,8.693
10771,10914.0,7.985
10772,10915.0,6.229
10773,10916.0,6.109
10774,10917.0,8.105
10775,10918.0,6.259
10776,10919.0,7.142
10777,10920.0,9.455
10778,10921.0,7.062
10779,10922.0,6.54
10780,10923.0,7.704
10781,10924.0,5.988
10782,10925.0,7.022
10783,10926.0,6.189
10784,10927.0,6.5
10785,10928.0,7.463
10786,10929.0,5.385
10787,10930.0,5.868
10788,10931.0,6.43
10789,10932.0,6.42
10790,10933.0,6.109
10791,10934.0,6.35
10792,10935.0,6.42
10793,10936.0,10.216
10794,10937.0,6.982
10795,10938.0,9.535
10796,10939.0,7.182
10797,10940.0,9.935
10798,10941.0,6.701
10799,10942.0,10.136
10800,10943.0,6.38
10801,10944.0,5.948
10802,10945.0,5.948
10803,10946.0,7.182
10804,10947.0,9.535
10805,10948.0,6.942
10806,10949.0,6.621
10807,10950.0,7.784
10808,10951.0,8.894
10809,10952.0,6.139
10810,10953.0,8.653
10811,10954.0,6.31
10812,10955.0,7.463
10813,10956.0,7.664
10814,10957.0,5.979
10815,10958.0,5.747
10816,10959.0,6.58
10817,10960.0,6.189
10818,10961.0,6.35
10819,10962.0,6.39
10820,10963.0,6.34
10821,10964.0,9.535
10822,10965.0,7.383
10823,10966.0,7.624
10824,10967.0,9.094
10825,10968.0,8.733
10826,10969.0,7.945
10827,10970.0,9.334
10828,10971.0,7.544
10829,10972.0,6.229
10830,10973.0,6.189
10831,10974.0,9.214
10832,10975.0,6.269
10833,10976.0,6.741
10834,10977.0,8.105
10835,10978.0,8.573
10836,10980.0,6.259
10837,10981.0,7.142
10838,10982.0,7.303
10839,10983.0,6.741
10840,10984.0,7.343
10841,10985.0,6.229
10842,10986.0,6.861
10843,10987.0,5.466
10844,10988.0,5.908
10845,10989.0,6.39
10846,10990.0,6.39
10847,10991.0,6.58
10848,10992.0,6.149
10849,10993.0,7.905
10850,10994.0,9.415
10851,10995.0,6.631
10852,10996.0,9.855
10853,10997.0,6.701
10854,10998.0,10.136
10855,10999.0,7.423
10856,11000.0,9.615
10857,11001.0,6.229
10858,11002.0,5.948
10859,11003.0,6.028
10860,11004.0,6.781
10861,11005.0,8.253
10862,11006.0,8.413
10863,11007.0,6.3
10864,11008.0,7.263
10865,11009.0,9.214
10866,11010.0,5.948
10867,11011.0,7.664
10868,11012.0,6.149
10869,11013.0,6.861
10870,11014.0,8.653
10871,11015.0,5.707
10872,11016.0,5.868
10873,11017.0,6.47
10874,11018.0,6.701
10875,11019.0,6.229
10876,11020.0,6.31
10877,11021.0,6.068
10878,11022.0,10.056
10879,11023.0,6.861
10880,11024.0,9.054
10881,11025.0,7.824
10882,11026.0,9.615
10883,11027.0,7.142
10884,11028.0,9.935
10885,11029.0,6.621
10886,11030.0,6.068
10887,11031.0,6.109
10888,11032.0,7.905
10889,11033.0,8.774
10890,11034.0,6.259
10891,11035.0,7.102
10892,11036.0,8.814
10893,11037.0,7.824
10894,11038.0,6.38
10895,11039.0,9.294
10896,11040.0,6.591
10897,11041.0,8.226
10898,11042.0,6.229
10899,11043.0,6.31
10900,11044.0,5.667
10901,11045.0,6.671
10902,11046.0,6.39
10903,11047.0,6.39
10904,11048.0,6.39
10905,11049.0,6.631
10906,11050.0,9.174
10907,11051.0,7.664
10908,11052.0,6.551
10909,11053.0,10.216
10910,11054.0,8.065
10911,11056.0,8.774
10912,11057.0,8.854
10913,11058.0,7.704
10914,11059.0,6.229
10915,11060.0,6.109
10916,11061.0,8.467
10917,11062.0,6.259
10918,11063.0,7.142
10919,11064.0,8.974
10920,11065.0,7.624
10921,11066.0,6.42
10922,11067.0,7.423
10923,11068.0,6.028
10924,11069.0,6.942
10925,11070.0,6.189
10926,11071.0,6.39
10927,11072.0,7.223
10928,11073.0,5.305
10929,11074.0,5.908
10930,11075.0,6.39
10931,11076.0,6.31
10932,11077.0,6.861
10933,11078.0,6.269
10934,11079.0,7.022
10935,11080.0,10.256
10936,11081.0,6.902
10937,11082.0,9.655
10938,11083.0,6.942
10939,11084.0,9.975
10940,11085.0,6.661
10941,11086.0,10.176
10942,11087.0,6.269
10943,11088.0,5.868
10944,11089.0,5.948
10945,11090.0,7.142
10946,11091.0,9.094
10947,11092.0,7.463
10948,11093.0,6.46
10949,11094.0,7.463
10950,11095.0,9.214
10951,11096.0,6.068
10952,11097.0,8.226
10953,11098.0,6.269
10954,11099.0,7.223
10955,11100.0,8.145
10956,11101.0,5.827
10957,11102.0,5.787
10958,11103.0,6.511
10959,11104.0,6.109
10960,11105.0,6.31
10961,11106.0,6.35
10962,11107.0,6.229
10963,11108.0,9.775
10964,11109.0,7.182
10965,11110.0,8.306
10966,11111.0,8.346
10967,11112.0,9.174
10968,11113.0,7.865
10969,11114.0,9.615
10970,11115.0,7.142
10971,11116.0,6.189
10972,11117.0,6.39
10973,11118.0,9.134
10974,11119.0,7.423
10975,11120.0,6.5
10976,11121.0,7.584
10977,11122.0,9.134
10978,11123.0,6.31
10979,11124.0,6.821
10980,11125.0,8.226
10981,11126.0,6.671
10982,11127.0,8.226
10983,11128.0,6.229
10984,11129.0,6.741
10985,11130.0,5.506
10986,11132.0,5.988
10987,11133.0,6.229
10988,11134.0,6.39
10989,11135.0,6.43
10990,11136.0,6.229
10991,11137.0,8.426
10992,11138.0,8.774
10993,11139.0,6.43
10994,11140.0,10.016
10995,11141.0,6.741
10996,11142.0,10.216
10997,11143.0,8.025
10998,11144.0,8.814
10999,11145.0,6.229
11000,11146.0,6.028
11001,11147.0,6.861
11002,11148.0,6.54
11003,11149.0,7.704
11004,11150.0,8.974
11005,11151.0,6.269
11006,11152.0,6.902
11007,11153.0,8.453
11008,11154.0,5.868
11009,11155.0,7.263
11010,11156.0,6.189
11011,11157.0,6.741
11012,11158.0,8.105
11013,11159.0,5.546
11014,11160.0,5.868
11015,11161.0,6.47
11016,11162.0,6.701
11017,11163.0,6.229
11018,11164.0,6.35
11019,11165.0,6.068
11020,11166.0,10.096
11021,11167.0,6.872
11022,11168.0,9.134
11023,11169.0,7.704
11024,11170.0,9.695
11025,11171.0,7.062
11026,11172.0,9.975
11027,11173.0,6.58
11028,11174.0,6.028
11029,11175.0,6.068
11030,11176.0,7.744
11031,11177.0,8.934
11032,11178.0,6.31
11033,11179.0,6.982
11034,11180.0,8.573
11035,11181.0,8.025
11036,11182.0,6.3
11037,11183.0,9.374
11038,11184.0,6.511
11039,11185.0,8.065
11040,11186.0,6.35
11041,11187.0,6.189
11042,11188.0,5.667
11043,11189.0,6.591
11044,11190.0,6.31
11045,11191.0,6.35
11046,11192.0,6.39
11047,11193.0,6.511
11048,11194.0,9.334
11049,11195.0,7.664
11050,11196.0,7.022
11051,11197.0,9.895
11052,11198.0,8.346
11053,11199.0,8.467
11054,11200.0,9.094
11055,11201.0,7.905
11056,11202.0,6.189
11057,11203.0,6.189
11058,11204.0,8.774
11059,11205.0,6.35
11060,11206.0,7.022
11061,11208.0,8.693
11062,11209.0,7.945
11063,11210.0,6.38
11064,11211.0,7.263
11065,11212.0,6.47
11066,11213.0,6.861
11067,11214.0,6.511
11068,11215.0,6.31
11069,11216.0,7.142
11070,11217.0,5.425
11071,11218.0,5.908
11072,11219.0,6.43
11073,11220.0,6.269
11074,11221.0,6.781
11075,11222.0,6.229
11076,11223.0,7.303
11077,11224.0,10.256
11078,11225.0,6.821
11079,11226.0,9.735
11080,11227.0,6.861
11081,11228.0,10.056
11082,11229.0,6.701
11083,11230.0,10.216
11084,11231.0,6.229
11085,11232.0,5.868
11086,11233.0,5.988
11087,11234.0,7.102
11088,11235.0,8.934
11089,11236.0,7.744
11090,11237.0,6.42
11091,11238.0,7.343
11092,11239.0,9.334
11093,11240.0,6.028
11094,11241.0,8.065
11095,11242.0,6.189
11096,11243.0,7.102
11097,11244.0,8.346
11098,11245.0,5.787
11099,11246.0,5.787
11100,11247.0,6.511
11101,11248.0,6.109
11102,11249.0,6.43
11103,11250.0,6.35
11104,11251.0,6.189
11105,11252.0,9.815
11106,11253.0,7.102
11107,11254.0,8.386
11108,11255.0,8.186
11109,11256.0,9.214
11110,11257.0,7.744
11111,11258.0,9.655
11112,11259.0,7.022
11113,11260.0,6.189
11114,11261.0,6.35
11115,11262.0,8.934
11116,11263.0,7.624
11117,11264.0,6.42
11118,11265.0,7.463
11119,11266.0,9.254
11120,11267.0,6.31
11121,11268.0,6.741
11122,11269.0,8.386
11123,11270.0,6.631
11124,11271.0,8.386
11125,11272.0,6.189
11126,11273.0,6.621
11127,11274.0,5.626
11128,11275.0,5.988
11129,11276.0,6.149
11130,11277.0,6.39
11131,11278.0,6.31
11132,11279.0,6.781
11133,11280.0,8.894
11134,11281.0,8.105
11135,11282.0,6.35
11136,11283.0,10.136
11137,11285.0,7.584
11138,11286.0,9.455
11139,11287.0,8.587
11140,11288.0,8.186
11141,11289.0,6.229
11142,11290.0,6.149
11143,11291.0,7.865
11144,11292.0,6.38
11145,11293.0,7.223
11146,11294.0,9.495
11147,11295.0,6.781
11148,11296.0,6.621
11149,11297.0,7.824
11150,11298.0,5.948
11151,11299.0,7.062
11152,11300.0,6.189
11153,11301.0,6.5
11154,11302.0,7.544
11155,11303.0,5.385
11156,11304.0,5.868
11157,11305.0,6.39
11158,11306.0,6.47
11159,11307.0,6.068
11160,11308.0,6.39
11161,11309.0,6.31
11162,11310.0,10.216
11163,11311.0,6.792
11164,11312.0,9.455
11165,11313.0,7.223
11166,11314.0,9.895
11167,11315.0,6.701
11168,11316.0,10.096
11169,11317.0,6.34
11170,11318.0,5.948
11171,11319.0,5.948
11172,11320.0,7.223
11173,11321.0,9.535
11174,11322.0,6.821
11175,11323.0,6.621
11176,11324.0,7.824
11177,11325.0,8.854
11178,11326.0,6.149
11179,11327.0,8.653
11180,11328.0,6.35
11181,11329.0,7.463
11182,11330.0,7.584
11183,11331.0,5.948
11184,11332.0,5.747
11185,11333.0,6.591
11186,11334.0,6.189
11187,11335.0,6.35
11188,11336.0,6.39
11189,11337.0,6.35
11190,11338.0,9.695
11191,11339.0,7.343
11192,11340.0,7.905
11193,11341.0,8.814
11194,11342.0,8.894
11195,11343.0,7.744
11196,11344.0,9.415
11197,11345.0,7.383
11198,11346.0,6.189
11199,11347.0,6.229
11200,11348.0,9.415
11201,11349.0,6.781
11202,11350.0,6.621
11203,11351.0,7.905
11204,11352.0,8.774
11205,11353.0,6.31
11206,11354.0,7.022
11207,11355.0,7.664
11208,11356.0,6.712
11209,11357.0,7.664
11210,11358.0,6.229
11211,11360.0,6.942
11212,11361.0,5.385
11213,11362.0,5.908
11214,11363.0,6.43
11215,11364.0,6.43
11216,11365.0,6.701
11217,11366.0,6.229
11218,11367.0,7.584
11219,11368.0,9.935
11220,11369.0,6.712
11221,11370.0,9.855
11222,11371.0,6.741
11223,11372.0,10.136
11224,11373.0,7.062
11225,11374.0,10.176
11226,11375.0,6.139
11227,11376.0,5.948
11228,11377.0,5.988
11229,11378.0,6.982
11230,11379.0,8.533
11231,11380.0,8.105
11232,11381.0,6.3
11233,11382.0,7.182
11234,11383.0,9.495
11235,11384.0,5.948
11236,11385.0,7.865
11237,11386.0,6.189
11238,11387.0,6.982
11239,11388.0,8.573
11240,11389.0,5.707
11241,11390.0,5.787
11242,11391.0,6.47
11243,11392.0,6.068
11244,11393.0,6.43
11245,11394.0,6.35
11246,11395.0,6.189
11247,11396.0,9.815
11248,11397.0,7.102
11249,11398.0,8.386
11250,11399.0,8.186
11251,11400.0,9.214
11252,11401.0,7.744
11253,11402.0,9.655
11254,11403.0,7.062
11255,11404.0,6.229
11256,11405.0,6.35
11257,11406.0,8.934
11258,11407.0,7.664
11259,11408.0,6.46
11260,11409.0,7.463
11261,11410.0,9.254
11262,11411.0,6.31
11263,11412.0,6.741
11264,11413.0,8.386
11265,11414.0,6.631
11266,11415.0,8.426
11267,11416.0,6.229
11268,11417.0,6.58
11269,11418.0,5.425
11270,11419.0,5.908
11271,11420.0,6.229
11272,11421.0,6.39
11273,11422.0,6.43
11274,11423.0,6.31
11275,11424.0,8.467
11276,11425.0,8.653
11277,11426.0,6.43
11278,11427.0,10.056
11279,11428.0,6.861
11280,11429.0,10.256
11281,11430.0,8.105
11282,11431.0,8.814
11283,11432.0,6.269
11284,11433.0,6.109
11285,11434.0,7.022
11286,11435.0,6.58
11287,11437.0,7.664
11288,11438.0,9.054
11289,11439.0,6.269
11290,11440.0,6.942
11291,11441.0,8.386
11292,11442.0,5.868
11293,11443.0,7.223
11294,11444.0,6.189
11295,11445.0,6.701
11296,11446.0,7.985
11297,11447.0,5.466
11298,11448.0,5.908
11299,11449.0,6.43
11300,11450.0,6.591
11301,11451.0,6.149
11302,11452.0,6.35
11303,11453.0,6.028
11304,11454.0,10.176
11305,11455.0,6.792
11306,11456.0,9.294
11307,11457.0,7.503
11308,11458.0,9.775
11309,11459.0,6.902
11310,11460.0,10.056
11311,11461.0,6.46
11312,11462.0,6.028
11313,11463.0,5.988
11314,11464.0,7.584
11315,11465.0,9.134
11316,11466.0,6.31
11317,11467.0,6.821
11318,11468.0,8.346
11319,11469.0,8.266
11320,11470.0,6.269
11321,11471.0,9.294
11322,11472.0,6.43
11323,11473.0,7.824
11324,11474.0,6.781
11325,11475.0,6.149
11326,11476.0,5.707
11327,11477.0,6.591
11328,11478.0,6.31
11329,11479.0,6.35
11330,11480.0,6.39
11331,11481.0,6.47
11332,11482.0,9.415
11333,11483.0,7.544
11334,11484.0,7.223
11335,11485.0,9.575
11336,11486.0,8.467
11337,11487.0,8.266
11338,11488.0,9.174
11339,11489.0,7.824
11340,11490.0,6.229
11341,11491.0,6.189
11342,11492.0,8.894
11343,11493.0,6.269
11344,11494.0,6.902
11345,11495.0,8.493
11346,11496.0,8.105
11347,11497.0,6.35
11348,11498.0,7.182
11349,11499.0,6.661
11350,11500.0,6.821
11351,11501.0,6.712
11352,11502.0,6.31
11353,11503.0,7.102
11354,11504.0,5.425
11355,11505.0,5.948
11356,11506.0,6.47
11357,11507.0,6.39
11358,11508.0,6.712
11359,11509.0,6.229
11360,11510.0,7.463
11361,11512.0,10.096
11362,11513.0,6.741
11363,11514.0,9.775
11364,11515.0,6.821
11365,11516.0,10.096
11366,11517.0,6.902
11367,11518.0,10.216
11368,11519.0,6.179
11369,11520.0,5.868
11370,11521.0,5.988
11371,11522.0,7.062
11372,11523.0,8.693
11373,11524.0,7.945
11374,11525.0,6.38
11375,11526.0,7.303
11376,11527.0,9.374
11377,11528.0,6.028
11378,11529.0,7.985
11379,11530.0,6.229
11380,11531.0,7.062
11381,11532.0,8.507
11382,11533.0,5.787
11383,11534.0,5.595
11384,11535.0,6.511
11385,11536.0,6.35
11386,11537.0,6.31
11387,11538.0,6.43
11388,11539.0,6.511
11389,11540.0,9.334
11390,11541.0,7.664
11391,11542.0,6.902
11392,11543.0,10.016
11393,11544.0,8.306
11394,11545.0,8.533
11395,11546.0,9.054
11396,11547.0,7.624
11397,11548.0,6.229
11398,11549.0,6.149
11399,11550.0,8.573
11400,11551.0,6.259
11401,11552.0,7.062
11402,11553.0,8.854
11403,11554.0,7.744
11404,11555.0,6.38
11405,11556.0,7.343
11406,11557.0,6.109
11407,11558.0,6.902
11408,11559.0,6.189
11409,11560.0,6.34
11410,11561.0,7.182
11411,11562.0,5.305
11412,11563.0,5.868
11413,11564.0,6.43
11414,11565.0,6.5
11415,11566.0,6.109
11416,11567.0,6.39
11417,11568.0,6.269
11418,11569.0,10.176
11419,11570.0,6.792
11420,11571.0,9.374
11421,11572.0,7.383
11422,11573.0,9.815
11423,11574.0,6.781
11424,11575.0,10.056
11425,11576.0,6.42
11426,11577.0,5.988
11427,11578.0,5.988
11428,11579.0,7.423
11429,11580.0,9.294
11430,11581.0,6.42
11431,11582.0,6.741
11432,11583.0,8.105
11433,11584.0,8.573
11434,11585.0,6.179
11435,11586.0,8.934
11436,11587.0,6.39
11437,11589.0,7.624
11438,11590.0,7.263
11439,11591.0,6.028
11440,11592.0,5.546
11441,11593.0,6.511
11442,11594.0,6.269
11443,11595.0,6.35
11444,11596.0,6.43
11445,11597.0,6.621
11446,11598.0,9.134
11447,11599.0,7.784
11448,11600.0,6.39
11449,11601.0,10.216
11450,11602.0,7.985
11451,11603.0,8.934
11452,11604.0,8.854
11453,11605.0,7.824
11454,11606.0,6.229
11455,11607.0,6.109
11456,11608.0,8.386
11457,11609.0,6.3
11458,11610.0,7.303
11459,11611.0,9.214
11460,11612.0,7.423
11461,11613.0,6.46
11462,11614.0,7.584
11463,11615.0,5.988
11464,11616.0,7.022
11465,11617.0,6.189
11466,11618.0,6.46
11467,11619.0,7.343
11468,11620.0,5.345
11469,11621.0,5.676
11470,11622.0,6.511
11471,11623.0,6.109
11472,11624.0,6.47
11473,11625.0,6.35
11474,11626.0,6.229
11475,11627.0,9.855
11476,11628.0,7.142
11477,11629.0,8.426
11478,11630.0,8.186
11479,11631.0,9.214
11480,11632.0,7.704
11481,11633.0,9.695
11482,11634.0,7.022
11483,11635.0,6.189
11484,11636.0,6.31
11485,11637.0,8.894
11486,11638.0,7.664
11487,11639.0,6.46
11488,11640.0,7.423
11489,11641.0,9.294
11490,11642.0,6.38
11491,11643.0,6.701
11492,11644.0,8.426
11493,11645.0,6.631
11494,11646.0,8.426
11495,11647.0,6.229
11496,11648.0,6.54
11497,11649.0,5.385
11498,11650.0,5.908
11499,11651.0,6.31
11500,11652.0,6.35
11501,11653.0,6.511
11502,11654.0,6.149
11503,11655.0,8.186
11504,11656.0,9.014
11505,11657.0,6.511
11506,11658.0,9.975
11507,11659.0,6.661
11508,11660.0,10.176
11509,11661.0,7.744
11510,11662.0,9.214
11511,11663.0,6.269
11512,11665.0,5.988
11513,11666.0,6.35
11514,11667.0,6.661
11515,11668.0,7.985
11516,11669.0,8.693
11517,11670.0,6.31
11518,11671.0,7.062
11519,11672.0,8.854
11520,11673.0,5.908
11521,11674.0,7.463
11522,11675.0,6.149
11523,11676.0,6.861
11524,11677.0,8.346
11525,11678.0,5.586
11526,11679.0,5.555
11527,11680.0,6.591
11528,11681.0,6.269
11529,11682.0,6.31
11530,11683.0,6.35
11531,11684.0,6.43
11532,11685.0,9.455
11533,11686.0,7.544
11534,11687.0,7.303
11535,11688.0,9.455
11536,11689.0,8.547
11537,11690.0,8.186
11538,11691.0,9.214
11539,11692.0,7.744
11540,11693.0,6.189
11541,11694.0,6.189
11542,11695.0,8.974
11543,11696.0,6.31
11544,11697.0,6.861
11545,11698.0,8.413
11546,11699.0,8.266
11547,11700.0,6.31
11548,11701.0,7.142
11549,11702.0,6.942
11550,11703.0,6.781
11551,11704.0,6.982
11552,11705.0,6.269
11553,11706.0,7.022
11554,11707.0,5.466
11555,11708.0,5.948
11556,11709.0,6.39
11557,11710.0,6.43
11558,11711.0,6.621
11559,11712.0,6.229
11560,11713.0,7.824
11561,11714.0,9.615
11562,11715.0,6.661
11563,11716.0,9.855
11564,11717.0,6.701
11565,11718.0,10.136
11566,11719.0,7.303
11567,11720.0,9.815
11568,11721.0,6.149
11569,11722.0,5.948
11570,11723.0,6.028
11571,11724.0,6.821
11572,11725.0,8.373
11573,11726.0,8.306
11574,11727.0,6.3
11575,11728.0,7.182
11576,11729.0,9.334
11577,11730.0,5.948
11578,11731.0,7.704
11579,11732.0,6.149
11580,11733.0,6.902
11581,11734.0,8.693
11582,11735.0,5.626
11583,11736.0,5.827
11584,11737.0,6.511
11585,11738.0,6.109
11586,11739.0,6.31
11587,11741.0,6.39
11588,11742.0,6.229
11589,11743.0,9.775
11590,11744.0,7.142
11591,11745.0,8.266
11592,11746.0,8.306
11593,11747.0,9.134
11594,11748.0,7.865
11595,11749.0,9.615
11596,11750.0,7.142
11597,11751.0,6.189
11598,11752.0,6.39
11599,11753.0,9.134
11600,11754.0,7.383
11601,11755.0,6.5
11602,11756.0,7.584
11603,11757.0,9.134
11604,11758.0,6.269
11605,11759.0,6.821
11606,11760.0,8.186
11607,11761.0,6.671
11608,11762.0,8.226
11609,11763.0,6.229
11610,11764.0,6.701
11611,11765.0,5.586
11612,11766.0,5.948
11613,11767.0,6.149
11614,11768.0,6.35
11615,11769.0,6.31
11616,11770.0,6.861
11617,11771.0,8.733
11618,11772.0,8.306
11619,11773.0,6.31
11620,11774.0,10.136
11621,11775.0,7.303
11622,11776.0,9.815
11623,11777.0,8.386
11624,11778.0,8.426
11625,11779.0,6.229
11626,11780.0,6.109
11627,11781.0,7.544
11628,11782.0,6.46
11629,11783.0,7.423
11630,11784.0,9.334
11631,11785.0,6.34
11632,11786.0,6.781
11633,11787.0,8.065
11634,11788.0,5.988
11635,11789.0,7.142
11636,11790.0,6.189
11637,11791.0,6.591
11638,11792.0,7.744
11639,11793.0,5.466
11640,11794.0,5.868
11641,11795.0,6.43
11642,11796.0,6.54
11643,11797.0,6.149
11644,11798.0,6.31
11645,11799.0,6.269
11646,11800.0,10.176
11647,11801.0,6.752
11648,11802.0,9.374
11649,11803.0,7.383
11650,11804.0,9.815
11651,11805.0,6.821
11652,11806.0,10.056
11653,11807.0,6.42
11654,11808.0,5.988
11655,11809.0,5.988
11656,11810.0,7.423
11657,11811.0,9.294
11658,11812.0,6.31
11659,11813.0,6.741
11660,11814.0,8.145
11661,11815.0,8.547
11662,11816.0,6.189
11663,11818.0,9.014
11664,11819.0,6.39
11665,11820.0,7.704
11666,11821.0,7.142
11667,11822.0,6.068
11668,11823.0,5.707
11669,11824.0,6.591
11670,11825.0,6.229
11671,11826.0,6.31
11672,11827.0,6.35
11673,11828.0,6.39
11674,11829.0,9.495
11675,11830.0,7.503
11676,11831.0,7.463
11677,11832.0,9.294
11678,11833.0,8.613
11679,11834.0,8.065
11680,11835.0,9.334
11681,11836.0,7.664
11682,11837.0,6.189
11683,11838.0,6.189
11684,11839.0,9.094
11685,11840.0,6.31
11686,11841.0,6.821
11687,11842.0,8.266
11688,11843.0,8.413
11689,11844.0,6.31
11690,11845.0,7.223
11691,11846.0,7.142
11692,11847.0,6.792
11693,11848.0,7.182
11694,11849.0,6.229
11695,11850.0,6.902
11696,11851.0,5.152
11697,11852.0,5.787
11698,11853.0,6.43
11699,11854.0,6.821
11700,11855.0,6.229
11701,11856.0,6.35
11702,11857.0,6.068
11703,11858.0,10.056
11704,11859.0,6.953
11705,11860.0,8.974
11706,11861.0,7.704
11707,11862.0,9.615
11708,11863.0,7.223
11709,11864.0,9.935
11710,11865.0,6.701
11711,11866.0,6.189
11712,11867.0,6.189
11713,11868.0,8.186
11714,11869.0,8.533
11715,11870.0,6.31
11716,11871.0,7.182
11717,11872.0,9.094
11718,11873.0,7.503
11719,11874.0,6.42
11720,11875.0,9.094
11721,11876.0,6.631
11722,11877.0,8.426
11723,11878.0,6.229
11724,11879.0,6.34
11725,11880.0,5.425
11726,11881.0,5.948
11727,11882.0,6.189
11728,11883.0,6.35
11729,11884.0,6.39
11730,11885.0,6.631
11731,11886.0,8.627
11732,11887.0,8.453
11733,11888.0,6.43
11734,11889.0,10.176
11735,11890.0,7.142
11736,11891.0,10.056
11737,11892.0,8.266
11738,11893.0,8.573
11739,11895.0,6.229
11740,11896.0,6.068
11741,11897.0,7.263
11742,11898.0,6.5
11743,11899.0,7.544
11744,11900.0,9.174
11745,11901.0,6.269
11746,11902.0,6.821
11747,11903.0,8.253
11748,11904.0,5.868
11749,11905.0,7.223
11750,11906.0,6.229
11751,11907.0,6.661
11752,11908.0,7.905
11753,11909.0,5.466
11754,11910.0,5.595
11755,11911.0,6.551
11756,11912.0,6.229
11757,11913.0,6.31
11758,11914.0,6.35
11759,11915.0,6.35
11760,11916.0,9.575
11761,11917.0,7.383
11762,11918.0,7.664
11763,11919.0,9.094
11764,11920.0,8.774
11765,11921.0,7.945
11766,11922.0,9.374
11767,11923.0,7.503
11768,11924.0,6.229
11769,11925.0,6.189
11770,11926.0,9.214
11771,11927.0,6.31
11772,11928.0,6.781
11773,11929.0,8.145
11774,11930.0,8.573
11775,11931.0,6.259
11776,11932.0,7.223
11777,11933.0,7.263
11778,11934.0,6.781
11779,11935.0,7.263
11780,11936.0,6.269
11781,11937.0,6.861
11782,11938.0,5.193
11783,11939.0,5.716
11784,11940.0,6.551
11785,11941.0,6.109
11786,11942.0,6.35
11787,11943.0,6.35
11788,11944.0,6.269
11789,11945.0,9.775
11790,11946.0,7.182
11791,11947.0,8.266
11792,11948.0,8.306
11793,11949.0,9.134
11794,11950.0,7.824
11795,11951.0,9.615
11796,11952.0,7.102
11797,11953.0,6.189
11798,11954.0,6.35
11799,11955.0,9.134
11800,11956.0,7.383
11801,11957.0,6.46
11802,11958.0,7.544
11803,11959.0,9.134
11804,11960.0,6.269
11805,11961.0,6.781
11806,11962.0,8.186
11807,11963.0,6.671
11808,11964.0,8.226
11809,11965.0,6.229
11810,11966.0,6.661
11811,11967.0,5.466
11812,11968.0,5.908
11813,11969.0,6.269
11814,11971.0,6.35
11815,11972.0,6.42
11816,11973.0,6.109
11817,11974.0,8.386
11818,11975.0,8.733
11819,11976.0,6.43
11820,11977.0,9.975
11821,11978.0,6.661
11822,11979.0,10.216
11823,11980.0,7.985
11824,11981.0,8.894
11825,11982.0,6.269
11826,11983.0,6.028
11827,11984.0,6.861
11828,11985.0,6.54
11829,11986.0,7.704
11830,11987.0,8.934
11831,11988.0,6.31
11832,11989.0,6.902
11833,11990.0,8.493
11834,11991.0,5.868
11835,11992.0,7.303
11836,11993.0,6.149
11837,11994.0,6.781
11838,11995.0,8.145
11839,11996.0,5.586
11840,11997.0,5.827
11841,11998.0,6.47
11842,11999.0,6.781
11843,12000.0,6.269
11844,12001.0,6.31
11845,12002.0,6.068
11846,12003.0,10.016
11847,12004.0,6.902
11848,12005.0,9.014
11849,12006.0,7.905
11850,12007.0,9.575
11851,12008.0,7.142
11852,12009.0,9.895
11853,12010.0,6.661
11854,12011.0,6.068
11855,12012.0,6.149
11856,12013.0,7.905
11857,12014.0,8.733
11858,12015.0,6.259
11859,12016.0,7.102
11860,12017.0,8.814
11861,12018.0,7.784
11862,12019.0,6.38
11863,12020.0,9.254
11864,12021.0,6.591
11865,12022.0,8.266
11866,12023.0,6.229
11867,12024.0,6.3
11868,12025.0,5.586
11869,12026.0,5.948
11870,12027.0,6.149
11871,12028.0,6.31
11872,12029.0,6.39
11873,12030.0,6.701
11874,12031.0,8.894
11875,12032.0,8.025
11876,12033.0,6.39
11877,12034.0,10.096
11878,12035.0,7.584
11879,12036.0,9.374
11880,12037.0,8.587
11881,12038.0,8.105
11882,12039.0,6.229
11883,12040.0,6.109
11884,12041.0,7.905
11885,12042.0,6.34
11886,12043.0,7.223
11887,12044.0,9.455
11888,12045.0,6.821
11889,12047.0,6.58
11890,12048.0,7.824
11891,12049.0,5.988
11892,12050.0,7.102
11893,12051.0,6.189
11894,12052.0,6.5
11895,12053.0,7.544
11896,12054.0,5.385
11897,12055.0,5.868
11898,12056.0,6.39
11899,12057.0,6.47
11900,12058.0,6.109
11901,12059.0,6.31
11902,12060.0,6.269
11903,12061.0,10.136
11904,12062.0,6.752
11905,12063.0,9.334
11906,12064.0,7.383
11907,12065.0,9.775
11908,12066.0,6.821
11909,12067.0,10.056
11910,12068.0,6.46
11911,12069.0,5.988
11912,12070.0,6.028
11913,12071.0,7.423
11914,12072.0,9.254
11915,12073.0,6.269
11916,12074.0,6.781
11917,12075.0,8.186
11918,12076.0,8.493
11919,12077.0,6.229
11920,12078.0,9.094
11921,12079.0,6.43
11922,12080.0,7.744
11923,12081.0,7.022
11924,12082.0,6.149
11925,12083.0,5.626
11926,12084.0,6.551
11927,12085.0,6.35
11928,12086.0,6.35
11929,12087.0,6.35
11930,12088.0,6.511
11931,12089.0,9.294
11932,12090.0,7.664
11933,12091.0,6.982
11934,12092.0,9.895
11935,12093.0,8.346
11936,12094.0,8.507
11937,12095.0,9.054
11938,12096.0,7.784
11939,12097.0,6.189
11940,12098.0,6.189
11941,12099.0,8.693
11942,12100.0,6.35
11943,12101.0,7.022
11944,12102.0,8.774
11945,12103.0,7.905
11946,12104.0,6.35
11947,12105.0,7.303
11948,12106.0,6.269
11949,12107.0,6.861
11950,12108.0,6.35
11951,12109.0,6.35
11952,12110.0,7.102
11953,12111.0,5.506
11954,12112.0,5.868
11955,12113.0,6.47
11956,12114.0,6.39
11957,12115.0,6.832
11958,12116.0,6.229
11959,12117.0,7.463
11960,12118.0,10.056
11961,12119.0,6.752
11962,12120.0,9.775
11963,12121.0,6.821
11964,12122.0,10.056
11965,12124.0,6.902
11966,12125.0,10.176
11967,12126.0,6.189
11968,12127.0,5.827
11969,12128.0,5.988
11970,12129.0,6.982
11971,12130.0,8.733
11972,12131.0,7.905
11973,12132.0,6.34
11974,12133.0,7.263
11975,12134.0,9.415
11976,12135.0,5.988
11977,12136.0,7.985
11978,12137.0,6.189
11979,12138.0,7.062
11980,12139.0,8.426
11981,12140.0,5.747
11982,12141.0,5.667
11983,12142.0,6.631
11984,12143.0,6.229
11985,12144.0,6.39
11986,12145.0,6.35
11987,12146.0,6.39
11988,12147.0,9.575
11989,12148.0,7.423
11990,12149.0,7.584
11991,12150.0,9.134
11992,12151.0,8.733
11993,12152.0,7.945
11994,12153.0,9.334
11995,12154.0,7.584
11996,12155.0,6.189
11997,12156.0,6.229
11998,12157.0,9.174
11999,12158.0,6.31
12000,12159.0,6.741
12001,12160.0,8.186
12002,12161.0,8.453
12003,12162.0,6.3
12004,12163.0,7.182
12005,12164.0,7.303
12006,12165.0,6.821
12007,12166.0,7.303
12008,12167.0,6.269
12009,12168.0,6.942
12010,12169.0,5.425
12011,12170.0,6.028
12012,12171.0,6.43
12013,12172.0,6.43
12014,12173.0,6.671
12015,12174.0,6.229
12016,12175.0,7.664
12017,12176.0,9.855
12018,12177.0,6.671
12019,12178.0,9.895
12020,12179.0,6.741
12021,12180.0,10.176
12022,12181.0,7.142
12023,12182.0,10.096
12024,12183.0,6.149
12025,12184.0,5.948
12026,12185.0,5.988
12027,12186.0,6.942
12028,12187.0,8.533
12029,12188.0,8.145
12030,12189.0,6.3
12031,12190.0,7.182
12032,12191.0,9.495
12033,12192.0,5.988
12034,12193.0,7.905
12035,12194.0,6.189
12036,12195.0,6.982
12037,12196.0,8.613
12038,12197.0,5.707
12039,12198.0,5.827
12040,12199.0,6.47
12041,12200.0,6.189
12042,12202.0,6.35
12043,12203.0,6.31
12044,12204.0,6.149
12045,12205.0,9.935
12046,12206.0,7.022
12047,12207.0,8.653
12048,12208.0,7.865
12049,12209.0,9.374
12050,12210.0,7.503
12051,12211.0,9.775
12052,12212.0,6.902
12053,12213.0,6.189
12054,12214.0,6.229
12055,12215.0,8.493
12056,12216.0,8.065
12057,12217.0,6.3
12058,12218.0,7.223
12059,12219.0,9.455
12060,12220.0,6.942
12061,12221.0,6.661
12062,12222.0,8.814
12063,12223.0,6.591
12064,12224.0,8.693
12065,12225.0,6.229
12066,12226.0,6.42
12067,12227.0,5.546
12068,12228.0,5.948
12069,12229.0,6.149
12070,12230.0,6.35
12071,12231.0,6.269
12072,12232.0,6.781
12073,12233.0,8.854
12074,12234.0,8.145
12075,12235.0,6.35
12076,12236.0,10.176
12077,12237.0,7.503
12078,12238.0,9.535
12079,12239.0,8.533
12080,12240.0,8.226
12081,12241.0,6.229
12082,12242.0,6.109
12083,12243.0,7.824
12084,12244.0,6.38
12085,12245.0,7.263
12086,12246.0,9.495
12087,12247.0,6.741
12088,12248.0,6.661
12089,12249.0,7.865
12090,12250.0,6.028
12091,12251.0,7.102
12092,12252.0,6.229
12093,12253.0,6.551
12094,12254.0,7.664
12095,12255.0,5.425
12096,12256.0,5.988
12097,12257.0,6.39
12098,12258.0,6.54
12099,12259.0,6.109
12100,12260.0,6.43
12101,12261.0,6.269
12102,12262.0,10.176
12103,12263.0,6.712
12104,12264.0,9.415
12105,12265.0,7.343
12106,12266.0,9.815
12107,12267.0,6.741
12108,12268.0,10.056
12109,12269.0,6.38
12110,12270.0,5.948
12111,12271.0,5.988
12112,12272.0,7.343
12113,12273.0,9.334
12114,12274.0,6.43
12115,12275.0,6.741
12116,12276.0,8.065
12117,12277.0,8.613
12118,12279.0,6.179
12119,12280.0,8.894
12120,12281.0,6.39
12121,12282.0,7.624
12122,12283.0,7.223
12123,12284.0,6.028
12124,12285.0,5.747
12125,12286.0,6.591
12126,12287.0,6.269
12127,12288.0,6.35
12128,12289.0,6.39
12129,12290.0,6.39
12130,12291.0,9.535
12131,12292.0,7.423
12132,12293.0,7.584
12133,12294.0,9.174
12134,12295.0,8.693
12135,12296.0,7.985
12136,12297.0,9.334
12137,12298.0,7.544
12138,12299.0,6.189
12139,12300.0,6.189
12140,12301.0,9.174
12141,12302.0,6.269
12142,12303.0,6.741
12143,12304.0,8.145
12144,12305.0,8.493
12145,12306.0,6.3
12146,12307.0,7.142
12147,12308.0,7.303
12148,12309.0,6.741
12149,12310.0,7.383
12150,12311.0,6.229
12151,12312.0,6.861
12152,12313.0,5.152
12153,12314.0,5.868
12154,12315.0,6.39
12155,12316.0,6.47
12156,12317.0,6.068
12157,12318.0,6.39
12158,12319.0,6.35
12159,12320.0,10.216
12160,12321.0,6.832
12161,12322.0,9.495
12162,12323.0,7.182
12163,12324.0,9.895
12164,12325.0,6.701
12165,12326.0,10.136
12166,12327.0,6.34
12167,12328.0,5.988
12168,12329.0,5.948
12169,12330.0,7.263
12170,12331.0,9.455
12171,12332.0,6.821
12172,12333.0,6.621
12173,12334.0,7.905
12174,12335.0,8.814
12175,12336.0,6.189
12176,12337.0,8.613
12177,12338.0,6.43
12178,12339.0,7.463
12179,12340.0,7.624
12180,12341.0,5.948
12181,12342.0,5.595
12182,12343.0,6.591
12183,12344.0,6.39
12184,12345.0,6.39
12185,12346.0,6.39
12186,12347.0,6.591
12187,12348.0,9.174
12188,12349.0,7.664
12189,12350.0,6.511
12190,12351.0,10.176
12191,12352.0,8.025
12192,12354.0,8.814
12193,12355.0,8.894
12194,12356.0,7.744
12195,12357.0,6.229
12196,12358.0,6.149
12197,12359.0,8.386
12198,12360.0,6.3
12199,12361.0,7.182
12200,12362.0,9.134
12201,12363.0,7.503
12202,12364.0,6.46
12203,12365.0,7.463
12204,12366.0,5.988
12205,12367.0,6.942
12206,12368.0,6.189
12207,12369.0,6.42
12208,12370.0,7.303
12209,12371.0,5.546
12210,12372.0,5.908
12211,12373.0,6.43
12212,12374.0,6.39
12213,12375.0,6.701
12214,12376.0,6.229
12215,12377.0,7.503
12216,12378.0,10.056
12217,12379.0,6.741
12218,12380.0,9.775
12219,12381.0,6.781
12220,12382.0,10.056
12221,12383.0,6.942
12222,12384.0,10.136
12223,12385.0,6.189
12224,12386.0,5.868
12225,12387.0,5.988
12226,12388.0,7.022
12227,12389.0,8.653
12228,12390.0,7.985
12229,12391.0,6.34
12230,12392.0,7.263
12231,12393.0,9.415
12232,12394.0,6.028
12233,12395.0,7.905
12234,12396.0,6.229
12235,12397.0,7.022
12236,12398.0,8.547
12237,12399.0,5.747
12238,12400.0,5.827
12239,12401.0,6.47
12240,12402.0,6.109
12241,12403.0,6.35
12242,12404.0,6.35
12243,12405.0,6.149
12244,12406.0,9.935
12245,12407.0,7.022
12246,12408.0,8.653
12247,12409.0,7.905
12248,12410.0,9.374
12249,12411.0,7.544
12250,12412.0,9.775
12251,12413.0,6.902
12252,12414.0,6.269
12253,12415.0,6.229
12254,12416.0,8.573
12255,12417.0,8.065
12256,12418.0,6.38
12257,12419.0,7.223
12258,12420.0,9.535
12259,12421.0,6.861
12260,12422.0,6.661
12261,12423.0,8.693
12262,12424.0,6.671
12263,12425.0,8.667
12264,12426.0,6.31
12265,12427.0,6.46
12266,12428.0,5.466
12267,12430.0,5.908
12268,12431.0,6.229
12269,12432.0,6.35
12270,12433.0,6.39
12271,12434.0,6.269
12272,12435.0,8.507
12273,12436.0,8.653
12274,12437.0,6.39
12275,12438.0,10.056
12276,12439.0,6.861
12277,12440.0,10.256
12278,12441.0,8.105
12279,12442.0,8.774
12280,12443.0,6.229
12281,12444.0,6.068
12282,12445.0,7.022
12283,12446.0,6.54
12284,12447.0,7.664
12285,12448.0,9.014
12286,12449.0,6.269
12287,12450.0,6.902
12288,12451.0,8.413
12289,12452.0,5.868
12290,12453.0,7.263
12291,12454.0,6.189
12292,12455.0,6.741
12293,12456.0,8.065
12294,12457.0,5.546
12295,12458.0,5.868
12296,12459.0,6.39
12297,12460.0,6.58
12298,12461.0,6.149
12299,12462.0,6.31
12300,12463.0,6.028
12301,12464.0,10.136
12302,12465.0,6.781
12303,12466.0,9.334
12304,12467.0,7.503
12305,12468.0,9.775
12306,12469.0,6.861
12307,12470.0,10.056
12308,12471.0,6.5
12309,12472.0,6.028
12310,12473.0,6.028
12311,12474.0,7.584
12312,12475.0,9.094
12313,12476.0,6.31
12314,12477.0,6.861
12315,12478.0,8.373
12316,12479.0,8.266
12317,12480.0,6.3
12318,12481.0,9.334
12319,12482.0,6.511
12320,12483.0,7.865
12321,12484.0,6.701
12322,12485.0,6.139
12323,12486.0,5.747
12324,12487.0,6.591
12325,12488.0,6.31
12326,12489.0,6.31
12327,12490.0,6.43
12328,12491.0,6.39
12329,12492.0,9.495
12330,12493.0,7.503
12331,12494.0,7.383
12332,12495.0,9.415
12333,12496.0,8.627
12334,12497.0,8.145
12335,12498.0,9.254
12336,12499.0,7.704
12337,12500.0,6.229
12338,12501.0,6.149
12339,12502.0,9.054
12340,12503.0,6.269
12341,12504.0,6.902
12342,12505.0,8.373
12343,12506.0,8.333
12344,12508.0,6.259
12345,12509.0,7.263
12346,12510.0,6.942
12347,12511.0,6.821
12348,12512.0,7.022
12349,12513.0,6.31
12350,12514.0,6.942
12351,12515.0,5.506
12352,12516.0,5.868
12353,12517.0,6.43
12354,12518.0,6.39
12355,12519.0,6.661
12356,12520.0,6.189
12357,12521.0,7.624
12358,12522.0,9.735
12359,12523.0,6.661
12360,12524.0,9.815
12361,12525.0,6.701
12362,12526.0,10.056
12363,12527.0,7.142
12364,12528.0,9.975
12365,12529.0,6.149
12366,12530.0,5.948
12367,12531.0,5.988
12368,12532.0,6.902
12369,12533.0,8.453
12370,12534.0,8.226
12371,12535.0,6.3
12372,12536.0,7.142
12373,12537.0,9.495
12374,12538.0,5.988
12375,12539.0,7.824
12376,12540.0,6.189
12377,12541.0,6.942
12378,12542.0,8.653
12379,12543.0,5.707
12380,12544.0,5.787
12381,12545.0,6.511
12382,12546.0,6.068
12383,12547.0,6.35
12384,12548.0,6.35
12385,12549.0,6.149
12386,12550.0,9.935
12387,12551.0,7.022
12388,12552.0,8.587
12389,12553.0,7.945
12390,12554.0,9.334
12391,12555.0,7.544
12392,12556.0,9.735
12393,12557.0,6.902
12394,12558.0,6.189
12395,12559.0,6.269
12396,12560.0,8.613
12397,12561.0,7.945
12398,12562.0,6.34
12399,12563.0,7.303
12400,12564.0,9.455
12401,12565.0,6.741
12402,12566.0,6.661
12403,12567.0,8.613
12404,12568.0,6.631
12405,12569.0,8.613
12406,12570.0,6.269
12407,12571.0,6.511
12408,12572.0,5.586
12409,12573.0,5.988
12410,12574.0,6.189
12411,12575.0,6.35
12412,12576.0,6.35
12413,12577.0,6.781
12414,12578.0,8.814
12415,12579.0,8.145
12416,12580.0,6.43
12417,12581.0,10.096
12418,12582.0,7.463
12419,12584.0,9.655
12420,12585.0,8.507
12421,12586.0,8.266
12422,12587.0,6.269
12423,12588.0,6.109
12424,12589.0,7.744
12425,12590.0,6.38
12426,12591.0,7.343
12427,12592.0,9.374
12428,12593.0,6.661
12429,12594.0,6.661
12430,12595.0,7.985
12431,12596.0,5.948
12432,12597.0,7.142
12433,12598.0,6.189
12434,12599.0,6.591
12435,12600.0,7.664
12436,12601.0,5.425
12437,12602.0,5.868
12438,12603.0,6.47
12439,12604.0,6.701
12440,12605.0,6.229
12441,12606.0,6.31
12442,12607.0,6.068
12443,12608.0,10.056
12444,12609.0,6.861
12445,12610.0,9.094
12446,12611.0,7.784
12447,12612.0,9.655
12448,12613.0,7.062
12449,12614.0,9.975
12450,12615.0,6.621
12451,12616.0,6.068
12452,12617.0,6.068
12453,12618.0,7.824
12454,12619.0,8.774
12455,12620.0,6.259
12456,12621.0,7.022
12457,12622.0,8.733
12458,12623.0,7.865
12459,12624.0,6.38
12460,12625.0,9.294
12461,12626.0,6.551
12462,12627.0,8.105
12463,12628.0,6.229
12464,12629.0,6.189
12465,12630.0,5.667
12466,12631.0,6.591
12467,12632.0,6.39
12468,12633.0,6.31
12469,12634.0,6.39
12470,12635.0,6.551
12471,12636.0,9.214
12472,12637.0,7.664
12473,12638.0,6.631
12474,12639.0,10.176
12475,12640.0,8.105
12476,12641.0,8.733
12477,12642.0,8.894
12478,12643.0,7.664
12479,12644.0,6.229
12480,12645.0,6.109
12481,12646.0,8.507
12482,12647.0,6.3
12483,12648.0,7.182
12484,12649.0,9.014
12485,12650.0,7.624
12486,12651.0,6.42
12487,12652.0,7.423
12488,12653.0,6.028
12489,12654.0,6.942
12490,12655.0,6.189
12491,12656.0,6.39
12492,12657.0,7.223
12493,12658.0,5.305
12494,12660.0,5.908
12495,12661.0,6.39
12496,12662.0,6.35
12497,12663.0,6.781
12498,12664.0,6.269
12499,12665.0,7.062
12500,12666.0,10.296
12501,12667.0,6.953
12502,12668.0,9.655
12503,12669.0,7.022
12504,12670.0,10.016
12505,12671.0,6.701
12506,12672.0,10.176
12507,12673.0,6.269
12508,12674.0,5.868
12509,12675.0,6.028
12510,12676.0,7.182
12511,12677.0,9.134
12512,12678.0,7.463
12513,12679.0,6.54
12514,12680.0,7.503
12515,12681.0,9.214
12516,12682.0,6.028
12517,12683.0,8.266
12518,12684.0,6.229
12519,12685.0,7.223
12520,12686.0,8.105
12521,12687.0,5.868
12522,12688.0,5.747
12523,12689.0,6.551
12524,12690.0,6.189
12525,12691.0,6.31
12526,12692.0,6.35
12527,12693.0,6.35
12528,12694.0,9.535
12529,12695.0,7.423
12530,12696.0,7.463
12531,12697.0,9.334
12532,12698.0,8.547
12533,12699.0,8.226
12534,12700.0,9.134
12535,12701.0,7.824
12536,12702.0,6.189
12537,12703.0,6.149
12538,12704.0,8.653
12539,12705.0,6.259
12540,12706.0,7.102
12541,12707.0,8.934
12542,12708.0,7.503
12543,12709.0,6.46
12544,12710.0,7.503
12545,12711.0,5.988
12546,12712.0,6.982
12547,12713.0,6.189
12548,12714.0,6.46
12549,12715.0,7.463
12550,12716.0,5.385
12551,12717.0,5.908
12552,12718.0,6.43
12553,12719.0,6.511
12554,12720.0,6.149
12555,12721.0,6.35
12556,12722.0,6.229
12557,12723.0,10.176
12558,12724.0,6.792
12559,12725.0,9.254
12560,12726.0,7.584
12561,12727.0,9.655
12562,12728.0,7.022
12563,12729.0,9.975
12564,12730.0,6.58
12565,12731.0,6.068
12566,12732.0,6.109
12567,12733.0,7.945
12568,12734.0,8.653
12569,12735.0,6.3
12570,12737.0,7.223
12571,12738.0,9.134
12572,12739.0,7.463
12573,12740.0,6.46
12574,12741.0,9.054
12575,12742.0,6.631
12576,12743.0,8.467
12577,12744.0,6.229
12578,12745.0,6.34
12579,12746.0,5.466
12580,12747.0,5.948
12581,12748.0,6.189
12582,12749.0,6.39
12583,12750.0,6.35
12584,12751.0,6.861
12585,12752.0,8.747
12586,12753.0,8.346
12587,12754.0,6.31
12588,12755.0,10.136
12589,12756.0,7.303
12590,12757.0,9.815
12591,12758.0,8.386
12592,12759.0,8.426
12593,12760.0,6.229
12594,12761.0,6.109
12595,12762.0,7.544
12596,12763.0,6.46
12597,12764.0,7.423
12598,12765.0,9.334
12599,12766.0,6.39
12600,12767.0,6.701
12601,12768.0,8.105
12602,12769.0,5.908
12603,12770.0,7.142
12604,12771.0,6.189
12605,12772.0,6.58
12606,12773.0,7.744
12607,12774.0,5.425
12608,12775.0,5.868
12609,12776.0,6.39
12610,12777.0,6.47
12611,12778.0,6.109
12612,12779.0,6.43
12613,12780.0,6.269
12614,12781.0,10.176
12615,12782.0,6.712
12616,12783.0,9.415
12617,12784.0,7.303
12618,12785.0,9.855
12619,12786.0,6.781
12620,12787.0,10.096
12621,12788.0,6.38
12622,12789.0,5.948
12623,12790.0,6.028
12624,12791.0,7.343
12625,12792.0,9.374
12626,12793.0,6.42
12627,12794.0,6.701
12628,12795.0,8.025
12629,12796.0,8.613
12630,12797.0,6.229
12631,12798.0,8.934
12632,12799.0,6.39
12633,12800.0,7.664
12634,12801.0,7.182
12635,12802.0,6.068
12636,12803.0,5.707
12637,12804.0,6.631
12638,12805.0,6.269
12639,12806.0,6.35
12640,12807.0,6.35
12641,12808.0,6.43
12642,12809.0,9.415
12643,12810.0,7.544
12644,12811.0,7.263
12645,12812.0,9.535
12646,12814.0,8.547
12647,12815.0,8.266
12648,12816.0,9.214
12649,12817.0,7.784
12650,12818.0,6.189
12651,12819.0,6.189
12652,12820.0,8.934
12653,12821.0,6.31
12654,12822.0,6.902
12655,12823.0,8.453
12656,12824.0,8.186
12657,12825.0,6.3
12658,12826.0,7.142
12659,12827.0,6.741
12660,12828.0,6.821
12661,12829.0,6.832
12662,12830.0,6.31
12663,12831.0,7.062
12664,12832.0,5.466
12665,12833.0,5.948
12666,12834.0,6.35
12667,12835.0,6.39
12668,12836.0,6.58
12669,12837.0,6.189
12670,12838.0,7.865
12671,12839.0,9.535
12672,12840.0,6.621
12673,12841.0,9.935
12674,12842.0,6.701
12675,12843.0,10.176
12676,12844.0,7.383
12677,12845.0,9.735
12678,12846.0,6.189
12679,12847.0,5.988
12680,12848.0,5.988
12681,12849.0,6.861
12682,12850.0,8.293
12683,12851.0,8.386
12684,12852.0,6.219
12685,12853.0,7.263
12686,12854.0,9.294
12687,12855.0,5.948
12688,12856.0,7.704
12689,12857.0,6.149
12690,12858.0,6.902
12691,12859.0,8.693
12692,12860.0,5.667
12693,12861.0,5.787
12694,12862.0,6.47
12695,12863.0,6.109
12696,12864.0,6.35
12697,12865.0,6.35
12698,12866.0,6.149
12699,12867.0,9.935
12700,12868.0,7.022
12701,12869.0,8.627
12702,12870.0,7.905
12703,12871.0,9.374
12704,12872.0,7.544
12705,12873.0,9.775
12706,12874.0,6.902
12707,12875.0,6.189
12708,12876.0,6.269
12709,12877.0,8.613
12710,12878.0,7.985
12711,12879.0,6.34
12712,12880.0,7.223
12713,12881.0,9.415
12714,12882.0,6.741
12715,12883.0,6.621
12716,12884.0,8.653
12717,12885.0,6.591
12718,12886.0,8.613
12719,12887.0,6.229
12720,12888.0,6.46
12721,12889.0,5.586
12722,12891.0,5.948
12723,12892.0,6.149
12724,12893.0,6.35
12725,12894.0,6.31
12726,12895.0,6.821
12727,12896.0,8.814
12728,12897.0,8.186
12729,12898.0,6.35
12730,12899.0,10.136
12731,12900.0,7.503
12732,12901.0,9.575
12733,12902.0,8.493
12734,12903.0,8.266
12735,12904.0,6.229
12736,12905.0,6.109
12737,12906.0,7.704
12738,12907.0,6.38
12739,12908.0,7.303
12740,12909.0,9.455
12741,12910.0,6.621
12742,12911.0,6.701
12743,12912.0,7.945
12744,12913.0,5.948
12745,12914.0,7.102
12746,12915.0,6.229
12747,12916.0,6.54
12748,12917.0,7.664
12749,12918.0,5.425
12750,12919.0,5.827
12751,12920.0,6.511
12752,12921.0,6.109
12753,12922.0,6.39
12754,12923.0,6.35
12755,12924.0,6.189
12756,12925.0,9.895
12757,12926.0,7.102
12758,12927.0,8.547
12759,12928.0,8.105
12760,12929.0,9.334
12761,12930.0,7.664
12762,12931.0,9.735
12763,12932.0,6.982
12764,12933.0,6.229
12765,12934.0,6.31
12766,12935.0,8.854
12767,12936.0,7.704
12768,12937.0,6.38
12769,12938.0,7.383
12770,12939.0,9.294
12771,12940.0,6.43
12772,12941.0,6.701
12773,12942.0,8.467
12774,12943.0,6.631
12775,12944.0,8.507
12776,12945.0,6.229
12777,12946.0,6.54
12778,12947.0,5.827
12779,12948.0,6.511
12780,12949.0,6.31
12781,12950.0,6.35
12782,12951.0,6.35
12783,12952.0,6.47
12784,12953.0,9.374
12785,12954.0,7.624
12786,12955.0,7.062
12787,12956.0,9.815
12788,12957.0,8.386
12789,12958.0,8.413
12790,12959.0,9.134
12791,12960.0,7.905
12792,12961.0,6.269
12793,12962.0,6.229
12794,12963.0,8.814
12795,12964.0,6.31
12796,12965.0,6.982
12797,12967.0,8.613
12798,12968.0,8.025
12799,12969.0,6.34
12800,12970.0,7.223
12801,12971.0,6.5
12802,12972.0,6.861
12803,12973.0,6.591
12804,12974.0,6.3
12805,12975.0,7.102
12806,12976.0,5.466
12807,12977.0,5.908
12808,12978.0,6.39
12809,12979.0,6.39
12810,12980.0,6.621
12811,12981.0,6.189
12812,12982.0,7.784
12813,12983.0,9.655
12814,12984.0,6.621
12815,12985.0,9.895
12816,12986.0,6.701
12817,12987.0,10.176
12818,12988.0,7.303
12819,12989.0,9.815
12820,12990.0,6.149
12821,12991.0,5.988
12822,12992.0,5.988
12823,12993.0,6.861
12824,12994.0,8.333
12825,12995.0,8.346
12826,12996.0,6.259
12827,12997.0,7.223
12828,12998.0,9.334
12829,12999.0,5.988
12830,13000.0,7.704
12831,13001.0,6.189
12832,13002.0,6.902
12833,13003.0,8.733
12834,13004.0,5.667
12835,13005.0,5.868
12836,13006.0,6.47
12837,13007.0,6.43
12838,13008.0,6.31
12839,13009.0,6.39
12840,13010.0,6.149
12841,13011.0,10.016
12842,13012.0,6.982
12843,13013.0,8.774
12844,13014.0,7.784
12845,13015.0,9.455
12846,13016.0,7.423
12847,13017.0,9.815
12848,13018.0,6.821
12849,13019.0,6.229
12850,13020.0,6.229
12851,13021.0,8.453
12852,13022.0,8.145
12853,13023.0,6.3
12854,13024.0,7.142
12855,13025.0,9.495
12856,13026.0,7.062
12857,13027.0,6.54
12858,13028.0,8.854
12859,13029.0,6.591
12860,13030.0,8.693
12861,13031.0,6.229
12862,13032.0,6.42
12863,13033.0,5.626
12864,13034.0,6.109
12865,13035.0,6.109
12866,13036.0,6.35
12867,13037.0,6.43
12868,13038.0,6.701
12869,13039.0,8.974
12870,13040.0,7.945
12871,13041.0,6.35
12872,13042.0,10.176
12873,13044.0,7.744
12874,13045.0,9.294
12875,13046.0,8.693
12876,13047.0,8.065
12877,13048.0,6.229
12878,13049.0,6.109
12879,13050.0,8.025
12880,13051.0,6.3
12881,13052.0,7.182
12882,13053.0,9.495
12883,13054.0,6.942
12884,13055.0,6.58
12885,13056.0,7.744
12886,13057.0,5.988
12887,13058.0,7.022
12888,13059.0,6.229
12889,13060.0,6.5
12890,13061.0,7.503
12891,13062.0,5.385
12892,13063.0,5.908
12893,13064.0,6.39
12894,13065.0,6.35
12895,13066.0,6.661
12896,13067.0,6.31
12897,13068.0,6.942
12898,13069.0,10.296
12899,13070.0,6.942
12900,13071.0,9.655
12901,13072.0,7.022
12902,13073.0,10.016
12903,13074.0,6.661
12904,13075.0,10.216
12905,13076.0,6.259
12906,13077.0,5.908
12907,13078.0,5.908
12908,13079.0,7.303
12909,13080.0,9.174
12910,13081.0,7.383
12911,13082.0,6.46
12912,13083.0,7.584
12913,13084.0,9.134
12914,13085.0,6.109
12915,13086.0,8.306
12916,13087.0,6.31
12917,13088.0,7.223
12918,13089.0,8.065
12919,13090.0,5.868
12920,13091.0,5.827
12921,13092.0,6.551
12922,13093.0,6.189
12923,13094.0,6.31
12924,13095.0,6.39
12925,13096.0,6.229
12926,13097.0,9.735
12927,13098.0,7.223
12928,13099.0,8.105
12929,13100.0,8.573
12930,13101.0,9.014
12931,13102.0,7.664
12932,13103.0,9.535
12933,13104.0,7.223
12934,13105.0,6.229
12935,13106.0,6.189
12936,13107.0,9.415
12937,13108.0,7.102
12938,13109.0,6.58
12939,13110.0,7.704
12940,13111.0,8.974
12941,13112.0,6.31
12942,13113.0,6.902
12943,13114.0,7.945
12944,13115.0,6.661
12945,13116.0,7.985
12946,13117.0,6.229
12947,13118.0,6.741
12948,13119.0,5.506
12949,13121.0,5.948
12950,13122.0,6.229
12951,13123.0,6.35
12952,13124.0,6.39
12953,13125.0,6.35
12954,13126.0,8.547
12955,13127.0,8.533
12956,13128.0,6.39
12957,13129.0,10.056
12958,13130.0,6.982
12959,13131.0,10.136
12960,13132.0,8.186
12961,13133.0,8.653
12962,13134.0,6.229
12963,13135.0,6.068
12964,13136.0,7.223
12965,13137.0,6.5
12966,13138.0,7.544
12967,13139.0,9.174
12968,13140.0,6.269
12969,13141.0,6.821
12970,13142.0,8.266
12971,13143.0,5.868
12972,13144.0,7.223
12973,13145.0,6.189
12974,13146.0,6.661
12975,13147.0,7.905
12976,13148.0,5.466
12977,13149.0,5.716
12978,13150.0,6.591
12979,13151.0,6.269
12980,13152.0,6.35
12981,13153.0,6.43
12982,13154.0,6.35
12983,13155.0,9.655
12984,13156.0,7.383
12985,13157.0,7.784
12986,13158.0,9.014
12987,13159.0,8.854
12988,13160.0,7.865
12989,13161.0,9.455
12990,13162.0,7.463
12991,13163.0,6.229
12992,13164.0,6.189
12993,13165.0,9.374
12994,13166.0,6.5
12995,13167.0,6.741
12996,13168.0,8.025
12997,13169.0,8.693
12998,13170.0,6.259
12999,13171.0,7.142
13000,13172.0,7.463
13001,13173.0,6.752
13002,13174.0,7.544
13003,13175.0,6.269
13004,13176.0,6.821
13005,13177.0,5.152
13006,13178.0,5.827
13007,13179.0,6.39
13008,13180.0,6.43
13009,13181.0,6.109
13010,13182.0,6.43
13011,13183.0,6.35
13012,13184.0,10.216
13013,13185.0,6.832
13014,13186.0,9.455
13015,13187.0,7.223
13016,13188.0,9.895
13017,13189.0,6.701
13018,13190.0,10.136
13019,13191.0,6.39
13020,13192.0,6.028
13021,13193.0,5.988
13022,13194.0,7.223
13023,13196.0,9.455
13024,13197.0,6.741
13025,13198.0,6.621
13026,13199.0,7.905
13027,13200.0,8.774
13028,13201.0,6.189
13029,13202.0,8.733
13030,13203.0,6.35
13031,13204.0,7.544
13032,13205.0,7.463
13033,13206.0,5.988
13034,13207.0,5.707
13035,13208.0,6.58
13036,13209.0,6.269
13037,13210.0,6.31
13038,13211.0,6.39
13039,13212.0,6.43
13040,13213.0,9.455
13041,13214.0,7.503
13042,13215.0,7.303
13043,13216.0,9.575
13044,13217.0,8.587
13045,13218.0,8.226
13046,13219.0,9.254
13047,13220.0,7.744
13048,13221.0,6.229
13049,13222.0,6.149
13050,13223.0,9.014
13051,13224.0,6.3
13052,13225.0,6.861
13053,13226.0,8.333
13054,13227.0,8.293
13055,13228.0,6.259
13056,13229.0,7.263
13057,13230.0,6.942
13058,13231.0,6.821
13059,13232.0,6.982
13060,13233.0,6.3
13061,13234.0,6.942
13062,13235.0,5.224
13063,13236.0,5.827
13064,13237.0,6.47
13065,13238.0,6.821
13066,13239.0,6.31
13067,13240.0,6.35
13068,13241.0,6.109
13069,13242.0,10.016
13070,13243.0,6.982
13071,13244.0,8.894
13072,13245.0,7.664
13073,13246.0,9.535
13074,13247.0,7.303
13075,13248.0,9.895
13076,13249.0,6.781
13077,13250.0,6.149
13078,13251.0,6.189
13079,13252.0,8.145
13080,13253.0,8.493
13081,13254.0,6.3
13082,13255.0,7.503
13083,13256.0,9.334
13084,13257.0,7.423
13085,13258.0,6.5
13086,13259.0,9.054
13087,13260.0,6.591
13088,13261.0,8.453
13089,13262.0,6.229
13090,13263.0,6.34
13091,13264.0,5.626
13092,13265.0,6.47
13093,13266.0,6.189
13094,13267.0,6.35
13095,13268.0,6.38
13096,13269.0,6.621
13097,13270.0,9.094
13098,13272.0,7.744
13099,13273.0,6.35
13100,13274.0,10.176
13101,13275.0,7.905
13102,13276.0,9.014
13103,13277.0,8.814
13104,13278.0,7.865
13105,13279.0,6.229
13106,13280.0,6.109
13107,13281.0,8.306
13108,13282.0,6.259
13109,13283.0,7.263
13110,13284.0,9.254
13111,13285.0,7.343
13112,13286.0,6.5
13113,13287.0,7.584
13114,13288.0,5.988
13115,13289.0,6.982
13116,13290.0,6.189
13117,13291.0,6.42
13118,13292.0,7.343
13119,13293.0,5.305
13120,13294.0,5.787
13121,13295.0,6.43
13122,13296.0,6.741
13123,13297.0,6.269
13124,13298.0,6.35
13125,13299.0,6.109
13126,13300.0,10.056
13127,13301.0,6.942
13128,13302.0,9.014
13129,13303.0,7.905
13130,13304.0,9.615
13131,13305.0,7.142
13132,13306.0,9.895
13133,13307.0,6.661
13134,13308.0,6.068
13135,13309.0,6.149
13136,13310.0,7.985
13137,13311.0,8.693
13138,13312.0,6.269
13139,13313.0,7.142
13140,13314.0,8.894
13141,13315.0,7.744
13142,13316.0,6.38
13143,13317.0,9.254
13144,13318.0,6.591
13145,13319.0,8.226
13146,13320.0,6.229
13147,13321.0,6.269
13148,13322.0,5.586
13149,13323.0,6.671
13150,13324.0,6.35
13151,13325.0,6.39
13152,13326.0,6.39
13153,13327.0,6.621
13154,13328.0,9.174
13155,13329.0,7.744
13156,13330.0,6.47
13157,13331.0,10.256
13158,13332.0,8.025
13159,13333.0,8.974
13160,13334.0,8.894
13161,13335.0,7.784
13162,13336.0,6.229
13163,13337.0,6.109
13164,13338.0,8.346
13165,13339.0,6.3
13166,13340.0,7.263
13167,13341.0,9.214
13168,13342.0,7.383
13169,13343.0,6.5
13170,13344.0,7.584
13171,13345.0,6.028
13172,13346.0,6.982
13173,13348.0,6.189
13174,13349.0,6.46
13175,13350.0,7.383
13176,13351.0,5.506
13177,13352.0,5.908
13178,13353.0,6.39
13179,13354.0,6.269
13180,13355.0,6.821
13181,13356.0,6.229
13182,13357.0,7.223
13183,13358.0,10.296
13184,13359.0,6.821
13185,13360.0,9.655
13186,13361.0,6.861
13187,13362.0,10.016
13188,13363.0,6.621
13189,13364.0,10.176
13190,13365.0,6.229
13191,13366.0,5.868
13192,13367.0,5.988
13193,13368.0,7.102
13194,13369.0,8.894
13195,13370.0,7.744
13196,13371.0,6.42
13197,13372.0,7.383
13198,13373.0,9.334
13199,13374.0,6.028
13200,13375.0,8.105
13201,13376.0,6.229
13202,13377.0,7.102
13203,13378.0,8.346
13204,13379.0,5.827
13205,13380.0,5.787
13206,13381.0,6.511
13207,13382.0,6.109
13208,13383.0,6.43
13209,13384.0,6.35
13210,13385.0,6.229
13211,13386.0,9.855
13212,13387.0,7.142
13213,13388.0,8.386
13214,13389.0,8.266
13215,13390.0,9.214
13216,13391.0,7.824
13217,13392.0,9.655
13218,13393.0,7.062
13219,13394.0,6.189
13220,13395.0,6.39
13221,13396.0,8.974
13222,13397.0,7.584
13223,13398.0,6.46
13224,13399.0,7.503
13225,13400.0,9.254
13226,13401.0,6.3
13227,13402.0,6.741
13228,13403.0,8.386
13229,13404.0,6.631
13230,13405.0,8.426
13231,13406.0,6.229
13232,13407.0,6.661
13233,13408.0,5.506
13234,13409.0,5.988
13235,13410.0,6.229
13236,13411.0,6.39
13237,13412.0,6.39
13238,13413.0,6.43
13239,13414.0,8.547
13240,13415.0,8.573
13241,13416.0,6.39
13242,13417.0,10.016
13243,13418.0,7.022
13244,13419.0,10.096
13245,13420.0,8.226
13246,13421.0,8.573
13247,13422.0,6.229
13248,13424.0,6.068
13249,13425.0,7.263
13250,13426.0,6.46
13251,13427.0,7.544
13252,13428.0,9.174
13253,13429.0,6.259
13254,13430.0,6.781
13255,13431.0,8.213
13256,13432.0,5.868
13257,13433.0,7.182
13258,13434.0,6.189
13259,13435.0,6.661
13260,13436.0,7.824
13261,13437.0,5.466
13262,13438.0,5.868
13263,13439.0,6.43
13264,13440.0,6.58
13265,13441.0,6.149
13266,13442.0,6.31
13267,13443.0,6.028
13268,13444.0,10.176
13269,13445.0,6.792
13270,13446.0,9.334
13271,13447.0,7.503
13272,13448.0,9.775
13273,13449.0,6.902
13274,13450.0,10.056
13275,13451.0,6.5
13276,13452.0,6.028
13277,13453.0,6.028
13278,13454.0,7.503
13279,13455.0,9.174
13280,13456.0,6.34
13281,13457.0,6.861
13282,13458.0,8.293
13283,13459.0,8.346
13284,13460.0,6.229
13285,13461.0,9.254
13286,13462.0,6.43
13287,13463.0,7.824
13288,13464.0,6.781
13289,13465.0,6.149
13290,13466.0,5.273
13291,13467.0,5.908
13292,13468.0,6.229
13293,13469.0,6.39
13294,13470.0,6.43
13295,13471.0,6.229
13296,13472.0,8.467
13297,13473.0,8.653
13298,13474.0,6.39
13299,13475.0,10.056
13300,13476.0,6.821
13301,13477.0,10.216
13302,13478.0,8.065
13303,13479.0,8.774
13304,13480.0,6.229
13305,13481.0,6.068
13306,13482.0,6.942
13307,13483.0,6.54
13308,13484.0,7.664
13309,13485.0,9.054
13310,13486.0,6.269
13311,13487.0,6.942
13312,13488.0,8.453
13313,13489.0,5.908
13314,13490.0,7.263
13315,13491.0,6.229
13316,13492.0,6.701
13317,13493.0,8.105
13318,13494.0,5.506
13319,13495.0,5.908
13320,13496.0,6.43
13321,13497.0,6.741
13322,13498.0,6.189
13323,13499.0,6.31
13324,13501.0,6.068
13325,13502.0,10.096
13326,13503.0,6.821
13327,13504.0,9.094
13328,13505.0,7.784
13329,13506.0,9.655
13330,13507.0,7.062
13331,13508.0,9.935
13332,13509.0,6.58
13333,13510.0,6.068
13334,13511.0,6.109
13335,13512.0,7.824
13336,13513.0,8.814
13337,13514.0,6.259
13338,13515.0,7.022
13339,13516.0,8.733
13340,13517.0,7.865
13341,13518.0,6.34
13342,13519.0,9.294
13343,13520.0,6.551
13344,13521.0,8.145
13345,13522.0,6.229
13346,13523.0,6.219
13347,13524.0,5.626
13348,13525.0,6.621
13349,13526.0,6.39
13350,13527.0,6.35
13351,13528.0,6.38
13352,13529.0,6.58
13353,13530.0,9.174
13354,13531.0,7.664
13355,13532.0,6.58
13356,13533.0,10.216
13357,13534.0,8.105
13358,13535.0,8.774
13359,13536.0,8.934
13360,13537.0,7.704
13361,13538.0,6.189
13362,13539.0,6.149
13363,13540.0,8.453
13364,13541.0,6.3
13365,13542.0,7.182
13366,13543.0,9.014
13367,13544.0,7.584
13368,13545.0,6.46
13369,13546.0,7.463
13370,13547.0,6.068
13371,13548.0,6.942
13372,13549.0,6.229
13373,13550.0,6.38
13374,13551.0,7.263
13375,13552.0,5.305
13376,13553.0,5.948
13377,13554.0,6.39
13378,13555.0,6.38
13379,13556.0,6.47
13380,13557.0,6.35
13381,13558.0,6.821
13382,13559.0,10.296
13383,13560.0,6.982
13384,13561.0,9.655
13385,13562.0,7.062
13386,13563.0,10.016
13387,13564.0,6.701
13388,13565.0,10.216
13389,13566.0,6.259
13390,13567.0,5.948
13391,13568.0,5.908
13392,13569.0,7.263
13393,13570.0,9.374
13394,13571.0,7.303
13395,13572.0,6.54
13396,13573.0,7.704
13397,13574.0,9.014
13398,13575.0,6.099
13399,13576.0,8.453
13400,13578.0,6.31
13401,13579.0,7.343
13402,13580.0,7.824
13403,13581.0,5.948
13404,13582.0,5.827
13405,13583.0,6.47
13406,13584.0,6.068
13407,13585.0,6.39
13408,13586.0,6.35
13409,13587.0,6.149
13410,13588.0,9.895
13411,13589.0,7.022
13412,13590.0,8.573
13413,13591.0,7.945
13414,13592.0,9.334
13415,13593.0,7.544
13416,13594.0,9.735
13417,13595.0,6.942
13418,13596.0,6.189
13419,13597.0,6.269
13420,13598.0,8.613
13421,13599.0,7.905
13422,13600.0,6.34
13423,13601.0,7.263
13424,13602.0,9.455
13425,13603.0,6.701
13426,13604.0,6.621
13427,13605.0,8.653
13428,13606.0,6.631
13429,13607.0,8.613
13430,13608.0,6.229
13431,13609.0,6.5
13432,13610.0,5.273
13433,13611.0,5.908
13434,13612.0,6.31
13435,13613.0,6.39
13436,13614.0,6.5
13437,13615.0,6.149
13438,13616.0,8.105
13439,13617.0,9.134
13440,13618.0,6.54
13441,13619.0,9.975
13442,13620.0,6.661
13443,13621.0,10.176
13444,13622.0,7.664
13445,13623.0,9.294
13446,13624.0,6.269
13447,13625.0,6.028
13448,13626.0,6.269
13449,13627.0,6.701
13450,13628.0,8.025
13451,13629.0,8.693
13452,13630.0,6.3
13453,13631.0,7.182
13454,13632.0,8.894
13455,13633.0,5.948
13456,13634.0,7.463
13457,13635.0,6.189
13458,13636.0,6.942
13459,13637.0,8.413
13460,13638.0,5.586
13461,13639.0,5.868
13462,13640.0,6.47
13463,13641.0,6.781
13464,13642.0,6.269
13465,13643.0,6.39
13466,13644.0,6.068
13467,13645.0,10.056
13468,13646.0,6.942
13469,13647.0,8.934
13470,13648.0,7.624
13471,13649.0,9.495
13472,13650.0,7.303
13473,13651.0,9.855
13474,13653.0,6.741
13475,13654.0,6.149
13476,13655.0,6.149
13477,13656.0,8.226
13478,13657.0,8.386
13479,13658.0,6.259
13480,13659.0,7.303
13481,13660.0,9.294
13482,13661.0,7.303
13483,13662.0,6.46
13484,13663.0,8.974
13485,13664.0,6.551
13486,13665.0,8.547
13487,13666.0,6.229
13488,13667.0,6.35
13489,13668.0,5.466
13490,13669.0,5.908
13491,13670.0,6.189
13492,13671.0,6.35
13493,13672.0,6.35
13494,13673.0,6.832
13495,13674.0,8.707
13496,13675.0,8.386
13497,13676.0,6.35
13498,13677.0,10.136
13499,13678.0,7.182
13500,13679.0,9.975
13501,13680.0,8.306
13502,13681.0,8.507
13503,13682.0,6.229
13504,13683.0,6.068
13505,13684.0,7.383
13506,13685.0,6.46
13507,13686.0,7.503
13508,13687.0,9.254
13509,13688.0,6.269
13510,13689.0,6.781
13511,13690.0,8.186
13512,13691.0,5.988
13513,13692.0,7.182
13514,13693.0,6.189
13515,13694.0,6.621
13516,13695.0,7.865
13517,13696.0,5.506
13518,13697.0,5.868
13519,13698.0,6.39
13520,13699.0,6.621
13521,13700.0,6.149
13522,13701.0,6.35
13523,13702.0,5.988
13524,13703.0,10.136
13525,13704.0,6.792
13526,13705.0,9.294
13527,13706.0,7.544
13528,13707.0,9.735
13529,13708.0,6.902
13530,13709.0,10.056
13531,13710.0,6.5
13532,13711.0,6.068
13533,13712.0,6.028
13534,13713.0,7.664
13535,13714.0,9.054
13536,13715.0,6.3
13537,13716.0,6.861
13538,13717.0,8.453
13539,13718.0,8.266
13540,13719.0,6.34
13541,13720.0,9.334
13542,13721.0,6.511
13543,13722.0,7.865
13544,13723.0,6.701
13545,13724.0,6.109
13546,13725.0,5.586
13547,13726.0,6.591
13548,13727.0,6.39
13549,13728.0,6.35
13550,13729.0,6.39
13551,13731.0,6.54
13552,13732.0,9.214
13553,13733.0,7.704
13554,13734.0,6.661
13555,13735.0,10.176
13556,13736.0,8.145
13557,13737.0,8.693
13558,13738.0,8.974
13559,13739.0,7.664
13560,13740.0,6.229
13561,13741.0,6.149
13562,13742.0,8.493
13563,13743.0,6.3
13564,13744.0,7.142
13565,13745.0,8.974
13566,13746.0,7.624
13567,13747.0,6.46
13568,13748.0,7.423
13569,13749.0,6.028
13570,13750.0,6.942
13571,13751.0,6.189
13572,13752.0,6.38
13573,13753.0,7.223
13574,13754.0,5.546
13575,13755.0,5.948
13576,13756.0,6.47
13577,13757.0,6.31
13578,13758.0,6.752
13579,13759.0,6.229
13580,13760.0,7.383
13581,13761.0,10.256
13582,13762.0,6.792
13583,13763.0,9.775
13584,13764.0,6.861
13585,13765.0,10.096
13586,13766.0,6.821
13587,13767.0,10.256
13588,13768.0,6.179
13589,13769.0,5.868
13590,13770.0,5.948
13591,13771.0,7.022
13592,13772.0,8.733
13593,13773.0,7.905
13594,13774.0,6.34
13595,13775.0,7.263
13596,13776.0,9.415
13597,13777.0,6.028
13598,13778.0,7.945
13599,13779.0,6.229
13600,13780.0,7.022
13601,13781.0,8.547
13602,13782.0,5.747
13603,13783.0,5.868
13604,13784.0,6.43
13605,13785.0,6.741
13606,13786.0,6.229
13607,13787.0,6.35
13608,13788.0,6.068
13609,13789.0,10.136
13610,13790.0,6.861
13611,13791.0,9.094
13612,13792.0,7.824
13613,13793.0,9.655
13614,13794.0,7.102
13615,13795.0,9.975
13616,13796.0,6.621
13617,13797.0,6.189
13618,13798.0,6.109
13619,13799.0,8.025
13620,13800.0,8.733
13621,13801.0,6.35
13622,13802.0,7.062
13623,13803.0,8.854
13624,13804.0,7.824
13625,13805.0,6.38
13626,13806.0,9.254
13627,13808.0,6.551
13628,13809.0,8.145
13629,13810.0,6.229
13630,13811.0,6.31
13631,13812.0,5.868
13632,13813.0,6.47
13633,13814.0,6.109
13634,13815.0,6.39
13635,13816.0,6.31
13636,13817.0,6.149
13637,13818.0,9.895
13638,13819.0,7.022
13639,13820.0,8.613
13640,13821.0,7.905
13641,13822.0,9.374
13642,13823.0,7.544
13643,13824.0,9.735
13644,13825.0,6.902
13645,13826.0,6.189
13646,13827.0,6.229
13647,13828.0,8.573
13648,13829.0,8.025
13649,13830.0,6.34
13650,13831.0,7.223
13651,13832.0,9.455
13652,13833.0,6.781
13653,13834.0,6.58
13654,13835.0,8.693
13655,13836.0,6.591
13656,13837.0,8.653
13657,13838.0,6.229
13658,13839.0,6.46
13659,13840.0,5.506
13660,13841.0,5.908
13661,13842.0,6.189
13662,13843.0,6.35
13663,13844.0,6.31
13664,13845.0,6.832
13665,13846.0,8.707
13666,13847.0,8.386
13667,13848.0,6.35
13668,13849.0,10.096
13669,13850.0,7.223
13670,13851.0,9.895
13671,13852.0,8.306
13672,13853.0,8.493
13673,13854.0,6.229
13674,13855.0,6.109
13675,13856.0,7.383
13676,13857.0,6.46
13677,13858.0,7.463
13678,13859.0,9.254
13679,13860.0,6.31
13680,13861.0,6.781
13681,13862.0,8.145
13682,13863.0,5.948
13683,13864.0,7.182
13684,13865.0,6.189
13685,13866.0,6.621
13686,13867.0,7.865
13687,13868.0,5.466
13688,13869.0,5.948
13689,13870.0,6.43
13690,13871.0,6.5
13691,13872.0,6.109
13692,13873.0,6.43
13693,13874.0,6.269
13694,13875.0,10.256
13695,13876.0,6.792
13696,13877.0,9.495
13697,13878.0,7.263
13698,13879.0,9.895
13699,13880.0,6.701
13700,13882.0,10.136
13701,13883.0,6.39
13702,13884.0,6.028
13703,13885.0,5.988
13704,13886.0,7.343
13705,13887.0,9.455
13706,13888.0,6.741
13707,13889.0,6.701
13708,13890.0,7.905
13709,13891.0,8.733
13710,13892.0,6.139
13711,13893.0,8.733
13712,13894.0,6.35
13713,13895.0,7.503
13714,13896.0,7.463
13715,13897.0,5.988
13716,13898.0,5.707
13717,13899.0,6.591
13718,13900.0,6.229
13719,13901.0,6.31
13720,13902.0,6.35
13721,13903.0,6.39
13722,13904.0,9.495
13723,13905.0,7.423
13724,13906.0,7.544
13725,13907.0,9.214
13726,13908.0,8.693
13727,13909.0,8.025
13728,13910.0,9.334
13729,13911.0,7.664
13730,13912.0,6.189
13731,13913.0,6.189
13732,13914.0,9.174
13733,13915.0,6.39
13734,13916.0,6.781
13735,13917.0,8.226
13736,13918.0,8.467
13737,13919.0,6.31
13738,13920.0,7.223
13739,13921.0,7.223
13740,13922.0,6.741
13741,13923.0,7.263
13742,13924.0,6.229
13743,13925.0,6.902
13744,13926.0,5.193
13745,13927.0,5.868
13746,13928.0,6.39
13747,13929.0,6.43
13748,13930.0,6.189
13749,13931.0,6.39
13750,13932.0,6.58
13751,13933.0,10.336
13752,13934.0,7.062
13753,13935.0,9.575
13754,13936.0,7.142
13755,13937.0,9.935
13756,13938.0,6.741
13757,13939.0,10.176
13758,13940.0,6.35
13759,13941.0,5.988
13760,13942.0,5.948
13761,13943.0,7.223
13762,13944.0,9.495
13763,13945.0,6.982
13764,13946.0,6.58
13765,13947.0,7.824
13766,13948.0,8.854
13767,13949.0,6.189
13768,13950.0,8.613
13769,13951.0,6.39
13770,13952.0,7.423
13771,13953.0,7.664
13772,13954.0,5.908
13773,13955.0,4.651
13774,13956.0,5.756
13775,13958.0,6.511
13776,13959.0,6.821
13777,13960.0,6.31
13778,13961.0,6.35
13779,13962.0,6.109
13780,13963.0,10.016
13781,13964.0,6.942
13782,13965.0,8.934
13783,13966.0,7.664
13784,13967.0,9.575
13785,13968.0,7.303
13786,13969.0,9.895
13787,13970.0,6.701
13788,13971.0,6.109
13789,13972.0,6.149
13790,13973.0,8.065
13791,13974.0,8.573
13792,13975.0,6.3
13793,13976.0,7.142
13794,13977.0,9.014
13795,13978.0,7.544
13796,13979.0,6.42
13797,13980.0,9.134
13798,13981.0,6.621
13799,13982.0,8.346
13800,13983.0,6.269
13801,13984.0,6.259
13802,13985.0,5.273
13803,13986.0,5.908
13804,13987.0,6.269
13805,13988.0,6.35
13806,13989.0,6.47
13807,13990.0,6.149
13808,13991.0,8.306
13809,13992.0,8.974
13810,13993.0,6.47
13811,13994.0,9.935
13812,13995.0,6.661
13813,13996.0,10.176
13814,13997.0,7.824
13815,13998.0,9.094
13816,13999.0,6.269
13817,14000.0,5.988
13818,14001.0,6.551
13819,14002.0,6.621
13820,14003.0,7.865
13821,14004.0,8.814
13822,14005.0,6.269
13823,14006.0,7.022
13824,14007.0,8.693
13825,14008.0,5.868
13826,14009.0,7.383
13827,14010.0,6.149
13828,14011.0,6.821
13829,14012.0,8.266
13830,14013.0,5.546
13831,14014.0,5.787
13832,14015.0,6.511
13833,14016.0,6.068
13834,14017.0,6.47
13835,14018.0,6.31
13836,14019.0,6.229
13837,14020.0,9.855
13838,14021.0,7.102
13839,14022.0,8.467
13840,14023.0,8.145
13841,14024.0,9.294
13842,14025.0,7.664
13843,14026.0,9.695
13844,14027.0,7.022
13845,14028.0,6.189
13846,14029.0,6.35
13847,14030.0,8.854
13848,14031.0,7.784
13849,14032.0,6.42
13850,14033.0,7.423
13851,14035.0,9.334
13852,14036.0,6.47
13853,14037.0,6.701
13854,14038.0,8.493
13855,14039.0,6.631
13856,14040.0,8.547
13857,14041.0,6.229
13858,14042.0,6.631
13859,14043.0,5.273
13860,14044.0,5.948
13861,14045.0,6.35
13862,14046.0,6.43
13863,14047.0,6.591
13864,14048.0,6.189
13865,14049.0,8.025
13866,14050.0,9.334
13867,14051.0,6.591
13868,14052.0,9.935
13869,14053.0,6.701
13870,14054.0,10.256
13871,14055.0,7.584
13872,14056.0,9.495
13873,14057.0,6.269
13874,14058.0,5.988
13875,14059.0,6.068
13876,14060.0,6.741
13877,14061.0,8.145
13878,14062.0,8.507
13879,14063.0,6.31
13880,14064.0,7.182
13881,14065.0,9.094
13882,14066.0,5.908
13883,14067.0,7.584
13884,14068.0,6.109
13885,14069.0,6.821
13886,14070.0,8.547
13887,14071.0,5.626
13888,14072.0,5.827
13889,14073.0,6.47
13890,14074.0,6.551
13891,14075.0,6.31
13892,14076.0,6.31
13893,14077.0,6.109
13894,14078.0,9.975
13895,14079.0,6.982
13896,14080.0,8.774
13897,14081.0,7.704
13898,14082.0,9.455
13899,14083.0,7.343
13900,14084.0,9.815
13901,14085.0,6.781
13902,14086.0,6.189
13903,14087.0,6.229
13904,14088.0,8.333
13905,14089.0,8.266
13906,14090.0,6.3
13907,14091.0,7.182
13908,14092.0,9.415
13909,14093.0,7.142
13910,14094.0,6.54
13911,14095.0,8.894
13912,14096.0,6.551
13913,14097.0,8.653
13914,14098.0,6.189
13915,14099.0,6.43
13916,14100.0,5.546
13917,14101.0,5.948
13918,14102.0,6.149
13919,14103.0,6.39
13920,14104.0,6.31
13921,14105.0,6.832
13922,14106.0,8.788
13923,14107.0,8.226
13924,14108.0,6.31
13925,14109.0,10.136
13926,14110.0,7.383
13927,14111.0,9.695
13928,14113.0,8.426
13929,14114.0,8.346
13930,14115.0,6.229
13931,14116.0,6.109
13932,14117.0,7.584
13933,14118.0,6.42
13934,14119.0,7.383
13935,14120.0,9.374
13936,14121.0,6.47
13937,14122.0,6.741
13938,14123.0,8.025
13939,14124.0,5.988
13940,14125.0,7.142
13941,14126.0,6.229
13942,14127.0,6.591
13943,14128.0,7.784
13944,14129.0,5.425
13945,14130.0,5.868
13946,14131.0,6.43
13947,14132.0,6.821
13948,14133.0,6.229
13949,14134.0,6.31
13950,14135.0,6.068
13951,14136.0,10.016
13952,14137.0,6.902
13953,14138.0,8.934
13954,14139.0,7.664
13955,14140.0,9.535
13956,14141.0,7.223
13957,14142.0,9.895
13958,14143.0,6.701
13959,14144.0,6.109
13960,14145.0,6.149
13961,14146.0,8.025
13962,14147.0,8.573
13963,14148.0,6.31
13964,14149.0,7.182
13965,14150.0,9.014
13966,14151.0,7.584
13967,14152.0,6.42
13968,14153.0,9.134
13969,14154.0,6.591
13970,14155.0,8.306
13971,14156.0,6.229
13972,14157.0,6.31
13973,14158.0,5.667
13974,14159.0,6.631
13975,14160.0,6.39
13976,14161.0,6.35
13977,14162.0,6.39
13978,14163.0,6.54
13979,14164.0,9.214
13980,14165.0,7.704
13981,14166.0,6.701
13982,14167.0,10.176
13983,14168.0,8.145
13984,14169.0,8.693
13985,14170.0,8.934
13986,14171.0,7.704
13987,14172.0,6.229
13988,14173.0,6.149
13989,14174.0,8.493
13990,14175.0,6.3
13991,14176.0,7.182
13992,14177.0,8.974
13993,14178.0,7.584
13994,14179.0,6.42
13995,14180.0,7.423
13996,14181.0,6.028
13997,14182.0,6.902
13998,14183.0,6.229
13999,14184.0,6.39
14000,14185.0,7.263
14001,14186.0,5.345
14002,14187.0,5.908
14003,14188.0,6.39
14004,14189.0,6.35
14005,14191.0,6.821
14006,14192.0,6.269
14007,14193.0,7.102
14008,14194.0,10.296
14009,14195.0,6.861
14010,14196.0,9.695
14011,14197.0,6.902
14012,14198.0,10.056
14013,14199.0,6.661
14014,14200.0,10.256
14015,14201.0,6.229
14016,14202.0,5.908
14017,14203.0,5.948
14018,14204.0,7.182
14019,14205.0,9.014
14020,14206.0,7.624
14021,14207.0,6.42
14022,14208.0,7.503
14023,14209.0,9.254
14024,14210.0,6.068
14025,14211.0,8.186
14026,14212.0,6.269
14027,14213.0,7.182
14028,14214.0,8.266
14029,14215.0,5.787
14030,14216.0,5.555
14031,14217.0,6.591
14032,14218.0,6.39
14033,14219.0,6.35
14034,14220.0,6.39
14035,14221.0,6.551
14036,14222.0,9.174
14037,14223.0,7.664
14038,14224.0,6.591
14039,14225.0,10.216
14040,14226.0,8.105
14041,14227.0,8.733
14042,14228.0,8.934
14043,14229.0,7.704
14044,14230.0,6.189
14045,14231.0,6.149
14046,14232.0,8.453
14047,14233.0,6.259
14048,14234.0,7.182
14049,14235.0,9.054
14050,14236.0,7.744
14051,14237.0,6.701
14052,14238.0,7.704
14053,14239.0,6.189
14054,14240.0,6.942
14055,14241.0,6.189
14056,14242.0,6.39
14057,14243.0,7.263
14058,14244.0,5.305
14059,14245.0,5.908
14060,14246.0,6.35
14061,14247.0,6.35
14062,14248.0,6.741
14063,14249.0,6.31
14064,14250.0,6.982
14065,14251.0,10.256
14066,14252.0,6.902
14067,14253.0,9.655
14068,14254.0,6.982
14069,14255.0,10.016
14070,14256.0,6.661
14071,14257.0,10.216
14072,14258.0,6.229
14073,14259.0,5.908
14074,14260.0,6.229
14075,14261.0,7.664
14076,14262.0,9.495
14077,14263.0,7.544
14078,14264.0,6.46
14079,14265.0,7.503
14080,14267.0,9.174
14081,14268.0,6.109
14082,14269.0,8.266
14083,14270.0,6.269
14084,14271.0,7.223
14085,14272.0,8.145
14086,14273.0,5.868
14087,14274.0,5.827
14088,14275.0,6.551
14089,14276.0,6.189
14090,14277.0,6.31
14091,14278.0,6.39
14092,14279.0,6.269
14093,14280.0,9.775
14094,14281.0,7.223
14095,14282.0,8.145
14096,14283.0,8.547
14097,14284.0,9.054
14098,14285.0,7.664
14099,14286.0,9.575
14100,14287.0,7.223
14101,14288.0,6.229
14102,14289.0,6.189
14103,14290.0,9.455
14104,14291.0,7.102
14105,14292.0,6.621
14106,14293.0,7.704
14107,14294.0,9.054
14108,14295.0,6.269
14109,14296.0,6.942
14110,14297.0,7.985
14111,14298.0,6.712
14112,14299.0,7.985
14113,14300.0,6.229
14114,14301.0,6.781
14115,14302.0,5.152
14116,14303.0,5.908
14117,14304.0,6.35
14118,14305.0,6.31
14119,14306.0,6.821
14120,14307.0,6.31
14121,14308.0,7.142
14122,14309.0,10.296
14123,14310.0,6.861
14124,14311.0,9.695
14125,14312.0,6.942
14126,14313.0,10.016
14127,14314.0,6.661
14128,14315.0,10.216
14129,14316.0,6.259
14130,14317.0,5.948
14131,14318.0,5.988
14132,14319.0,7.142
14133,14320.0,9.014
14134,14321.0,7.584
14135,14322.0,6.42
14136,14323.0,7.463
14137,14324.0,9.214
14138,14325.0,6.028
14139,14326.0,8.145
14140,14327.0,6.269
14141,14328.0,7.182
14142,14329.0,8.226
14143,14330.0,5.827
14144,14331.0,5.787
14145,14332.0,6.511
14146,14333.0,6.149
14147,14334.0,6.31
14148,14335.0,6.35
14149,14336.0,6.229
14150,14337.0,9.775
14151,14338.0,7.182
14152,14339.0,8.186
14153,14340.0,8.453
14154,14341.0,9.094
14155,14342.0,7.704
14156,14344.0,9.575
14157,14345.0,7.182
14158,14346.0,6.189
14159,14347.0,6.269
14160,14348.0,9.374
14161,14349.0,7.142
14162,14350.0,6.54
14163,14351.0,7.664
14164,14352.0,9.054
14165,14353.0,6.259
14166,14354.0,6.902
14167,14355.0,7.985
14168,14356.0,6.701
14169,14357.0,7.985
14170,14358.0,6.269
14171,14359.0,6.741
14172,14360.0,5.385
14173,14361.0,5.868
14174,14362.0,6.47
14175,14363.0,6.39
14176,14364.0,6.701
14177,14365.0,6.189
14178,14366.0,7.664
14179,14367.0,9.895
14180,14368.0,6.741
14181,14369.0,9.815
14182,14370.0,6.821
14183,14371.0,10.096
14184,14372.0,7.102
14185,14373.0,10.096
14186,14374.0,6.229
14187,14375.0,5.908
14188,14376.0,6.028
14189,14377.0,6.902
14190,14378.0,8.573
14191,14379.0,8.105
14192,14380.0,6.34
14193,14381.0,7.182
14194,14382.0,9.495
14195,14383.0,5.988
14196,14384.0,7.824
14197,14385.0,6.189
14198,14386.0,6.982
14199,14387.0,8.613
14200,14388.0,5.707
14201,14389.0,5.827
14202,14390.0,6.47
14203,14391.0,6.068
14204,14392.0,6.35
14205,14393.0,6.35
14206,14394.0,6.149
14207,14395.0,9.895
14208,14396.0,7.022
14209,14397.0,8.587
14210,14398.0,7.985
14211,14399.0,9.334
14212,14400.0,7.584
14213,14401.0,9.735
14214,14402.0,6.942
14215,14403.0,6.189
14216,14404.0,6.269
14217,14405.0,8.693
14218,14406.0,7.865
14219,14407.0,6.38
14220,14408.0,7.303
14221,14409.0,9.415
14222,14410.0,6.58
14223,14411.0,6.701
14224,14412.0,8.533
14225,14413.0,6.631
14226,14414.0,8.533
14227,14415.0,6.229
14228,14416.0,6.54
14229,14417.0,5.667
14230,14418.0,6.068
14231,14419.0,6.149
14232,14421.0,6.35
14233,14422.0,6.43
14234,14423.0,6.701
14235,14424.0,8.974
14236,14425.0,7.985
14237,14426.0,6.39
14238,14427.0,10.136
14239,14428.0,7.704
14240,14429.0,9.294
14241,14430.0,8.653
14242,14431.0,8.065
14243,14432.0,6.229
14244,14433.0,6.109
14245,14434.0,7.945
14246,14435.0,6.34
14247,14436.0,7.263
14248,14437.0,9.495
14249,14438.0,6.861
14250,14439.0,6.58
14251,14440.0,7.824
14252,14441.0,5.948
14253,14442.0,7.062
14254,14443.0,6.189
14255,14444.0,6.54
14256,14445.0,7.584
14257,14446.0,5.425
14258,14447.0,5.868
14259,14448.0,6.43
14260,14449.0,6.5
14261,14450.0,6.149
14262,14451.0,6.43
14263,14452.0,6.31
14264,14453.0,10.136
14265,14454.0,6.792
14266,14455.0,9.374
14267,14456.0,7.343
14268,14457.0,9.815
14269,14458.0,6.781
14270,14459.0,10.096
14271,14460.0,6.46
14272,14461.0,5.948
14273,14462.0,6.028
14274,14463.0,7.343
14275,14464.0,9.374
14276,14465.0,6.43
14277,14466.0,6.741
14278,14467.0,8.025
14279,14468.0,8.613
14280,14469.0,6.189
14281,14470.0,8.934
14282,14471.0,6.39
14283,14472.0,7.624
14284,14473.0,7.223
14285,14474.0,6.028
14286,14475.0,5.586
14287,14476.0,6.551
14288,14477.0,6.35
14289,14478.0,6.35
14290,14479.0,6.39
14291,14480.0,6.511
14292,14481.0,9.294
14293,14482.0,7.664
14294,14483.0,6.821
14295,14484.0,10.016
14296,14485.0,8.306
14297,14486.0,8.533
14298,14487.0,9.054
14299,14488.0,7.664
14300,14489.0,6.229
14301,14490.0,6.109
14302,14491.0,8.653
14303,14492.0,6.269
14304,14493.0,7.022
14305,14494.0,8.693
14306,14496.0,7.865
14307,14497.0,6.34
14308,14498.0,7.263
14309,14499.0,6.35
14310,14500.0,6.861
14311,14501.0,6.39
14312,14502.0,6.35
14313,14503.0,7.102
14314,14504.0,5.265
14315,14505.0,5.868
14316,14506.0,6.39
14317,14507.0,6.35
14318,14508.0,6.631
14319,14509.0,6.269
14320,14510.0,6.942
14321,14511.0,10.296
14322,14512.0,6.942
14323,14513.0,9.615
14324,14514.0,7.022
14325,14515.0,9.975
14326,14516.0,6.701
14327,14517.0,10.176
14328,14518.0,6.259
14329,14519.0,5.908
14330,14520.0,5.988
14331,14521.0,7.223
14332,14522.0,9.254
14333,14523.0,7.343
14334,14524.0,6.5
14335,14525.0,7.544
14336,14526.0,9.134
14337,14527.0,6.068
14338,14528.0,8.306
14339,14529.0,6.229
14340,14530.0,7.263
14341,14531.0,8.025
14342,14532.0,5.868
14343,14533.0,5.787
14344,14534.0,6.631
14345,14535.0,6.189
14346,14536.0,6.39
14347,14537.0,6.35
14348,14538.0,6.35
14349,14539.0,9.655
14350,14540.0,7.303
14351,14541.0,7.945
14352,14542.0,8.733
14353,14543.0,8.934
14354,14544.0,7.704
14355,14545.0,9.455
14356,14546.0,7.383
14357,14547.0,6.189
14358,14548.0,6.229
14359,14549.0,9.415
14360,14550.0,6.861
14361,14551.0,6.621
14362,14552.0,7.865
14363,14553.0,8.854
14364,14554.0,6.31
14365,14555.0,6.982
14366,14556.0,7.824
14367,14557.0,6.712
14368,14558.0,7.824
14369,14559.0,6.229
14370,14560.0,6.861
14371,14561.0,5.506
14372,14562.0,5.908
14373,14563.0,6.269
14374,14564.0,6.35
14375,14565.0,6.47
14376,14566.0,6.068
14377,14567.0,8.306
14378,14568.0,8.854
14379,14569.0,6.47
14380,14571.0,9.975
14381,14572.0,6.661
14382,14573.0,10.216
14383,14574.0,7.945
14384,14575.0,9.014
14385,14576.0,6.269
14386,14577.0,6.028
14387,14578.0,6.621
14388,14579.0,6.621
14389,14580.0,7.824
14390,14581.0,8.854
14391,14582.0,6.269
14392,14583.0,6.982
14393,14584.0,8.653
14394,14585.0,5.868
14395,14586.0,7.343
14396,14587.0,6.149
14397,14588.0,6.781
14398,14589.0,8.186
14399,14590.0,5.586
14400,14591.0,5.787
14401,14592.0,6.511
14402,14593.0,6.068
14403,14594.0,6.39
14404,14595.0,6.35
14405,14596.0,6.189
14406,14597.0,9.855
14407,14598.0,7.062
14408,14599.0,8.507
14409,14600.0,8.065
14410,14601.0,9.294
14411,14602.0,7.624
14412,14603.0,9.735
14413,14604.0,7.022
14414,14605.0,6.229
14415,14606.0,6.35
14416,14607.0,8.774
14417,14608.0,7.865
14418,14609.0,6.38
14419,14610.0,7.383
14420,14611.0,9.374
14421,14612.0,6.591
14422,14613.0,6.661
14423,14614.0,8.533
14424,14615.0,6.591
14425,14616.0,8.587
14426,14617.0,6.229
14427,14618.0,6.54
14428,14619.0,4.926
14429,14620.0,5.716
14430,14621.0,6.43
14431,14622.0,6.189
14432,14623.0,6.35
14433,14624.0,6.35
14434,14625.0,6.149
14435,14626.0,9.935
14436,14627.0,7.022
14437,14628.0,8.693
14438,14629.0,7.865
14439,14630.0,9.415
14440,14631.0,7.463
14441,14632.0,9.815
14442,14633.0,6.861
14443,14634.0,6.269
14444,14635.0,6.229
14445,14636.0,8.533
14446,14637.0,8.065
14447,14638.0,6.38
14448,14639.0,7.182
14449,14640.0,9.535
14450,14641.0,6.902
14451,14642.0,6.661
14452,14643.0,8.733
14453,14644.0,6.671
14454,14645.0,8.653
14455,14646.0,6.229
14456,14648.0,6.42
14457,14649.0,5.546
14458,14650.0,5.908
14459,14651.0,6.149
14460,14652.0,6.35
14461,14653.0,6.31
14462,14654.0,6.821
14463,14655.0,8.774
14464,14656.0,8.226
14465,14657.0,6.35
14466,14658.0,10.096
14467,14659.0,7.383
14468,14660.0,9.695
14469,14661.0,8.467
14470,14662.0,8.306
14471,14663.0,6.229
14472,14664.0,6.068
14473,14665.0,7.624
14474,14666.0,6.38
14475,14667.0,7.343
14476,14668.0,9.374
14477,14669.0,6.5
14478,14670.0,6.701
14479,14671.0,7.985
14480,14672.0,5.948
14481,14673.0,7.102
14482,14674.0,6.189
14483,14675.0,6.58
14484,14676.0,7.704
14485,14677.0,5.425
14486,14678.0,5.868
14487,14679.0,6.39
14488,14680.0,6.551
14489,14681.0,6.109
14490,14682.0,6.43
14491,14683.0,6.269
14492,14684.0,10.216
14493,14685.0,6.752
14494,14686.0,9.415
14495,14687.0,7.383
14496,14688.0,9.855
14497,14689.0,6.781
14498,14690.0,10.096
14499,14691.0,6.42
14500,14692.0,5.988
14501,14693.0,5.988
14502,14694.0,7.423
14503,14695.0,9.294
14504,14696.0,6.35
14505,14697.0,6.741
14506,14698.0,8.105
14507,14699.0,8.573
14508,14700.0,6.219
14509,14701.0,8.974
14510,14702.0,6.43
14511,14703.0,7.624
14512,14704.0,7.182
14513,14705.0,6.028
14514,14706.0,5.595
14515,14707.0,6.631
14516,14708.0,6.43
14517,14709.0,6.31
14518,14710.0,6.43
14519,14711.0,6.58
14520,14712.0,9.174
14521,14713.0,7.664
14522,14714.0,6.511
14523,14715.0,10.176
14524,14716.0,8.065
14525,14717.0,8.854
14526,14718.0,8.934
14527,14719.0,7.744
14528,14720.0,6.269
14529,14721.0,6.109
14530,14722.0,8.386
14531,14724.0,6.3
14532,14725.0,7.223
14533,14726.0,9.134
14534,14727.0,7.463
14535,14728.0,6.46
14536,14729.0,7.503
14537,14730.0,5.988
14538,14731.0,6.942
14539,14732.0,6.189
14540,14733.0,6.38
14541,14734.0,7.303
14542,14735.0,5.265
14543,14736.0,5.515
14544,14737.0,6.551
14545,14738.0,6.269
14546,14739.0,6.31
14547,14740.0,6.35
14548,14741.0,6.39
14549,14742.0,9.455
14550,14743.0,7.503
14551,14744.0,7.343
14552,14745.0,9.455
14553,14746.0,8.547
14554,14747.0,8.186
14555,14748.0,9.214
14556,14749.0,7.704
14557,14750.0,6.189
14558,14751.0,6.149
14559,14752.0,8.974
14560,14753.0,6.269
14561,14754.0,6.902
14562,14755.0,8.413
14563,14756.0,8.226
14564,14757.0,6.259
14565,14758.0,7.142
14566,14759.0,6.821
14567,14760.0,6.821
14568,14761.0,6.861
14569,14762.0,6.31
14570,14763.0,6.982
14571,14764.0,5.466
14572,14765.0,5.908
14573,14766.0,6.43
14574,14767.0,6.39
14575,14768.0,6.621
14576,14769.0,6.149
14577,14770.0,7.824
14578,14771.0,9.575
14579,14772.0,6.631
14580,14773.0,9.855
14581,14774.0,6.701
14582,14775.0,10.096
14583,14776.0,7.343
14584,14777.0,9.735
14585,14778.0,6.189
14586,14779.0,5.948
14587,14780.0,6.028
14588,14781.0,6.821
14589,14782.0,8.333
14590,14783.0,8.306
14591,14784.0,6.3
14592,14785.0,7.303
14593,14786.0,9.334
14594,14787.0,5.948
14595,14788.0,7.744
14596,14789.0,6.149
14597,14790.0,6.942
14598,14791.0,8.693
14599,14792.0,5.707
14600,14793.0,5.474
14601,14794.0,6.631
14602,14795.0,6.39
14603,14796.0,6.35
14604,14797.0,6.39
14605,14798.0,6.591
14606,14799.0,9.174
14607,14800.0,7.664
14608,14802.0,6.631
14609,14803.0,10.216
14610,14804.0,8.145
14611,14805.0,8.733
14612,14806.0,8.894
14613,14807.0,7.704
14614,14808.0,6.229
14615,14809.0,6.149
14616,14810.0,8.493
14617,14811.0,6.259
14618,14812.0,7.142
14619,14813.0,9.014
14620,14814.0,7.584
14621,14815.0,6.46
14622,14816.0,7.423
14623,14817.0,5.988
14624,14818.0,6.942
14625,14819.0,6.189
14626,14820.0,6.39
14627,14821.0,7.223
14628,14822.0,5.305
14629,14823.0,5.787
14630,14824.0,6.43
14631,14825.0,6.701
14632,14826.0,6.229
14633,14827.0,6.31
14634,14828.0,6.068
14635,14829.0,10.056
14636,14830.0,6.861
14637,14831.0,9.014
14638,14832.0,7.865
14639,14833.0,9.615
14640,14834.0,7.142
14641,14835.0,9.935
14642,14836.0,6.661
14643,14837.0,6.109
14644,14838.0,6.149
14645,14839.0,7.945
14646,14840.0,8.733
14647,14841.0,6.259
14648,14842.0,7.062
14649,14843.0,8.814
14650,14844.0,7.744
14651,14845.0,6.38
14652,14846.0,9.254
14653,14847.0,6.551
14654,14848.0,8.226
14655,14849.0,6.229
14656,14850.0,6.269
14657,14851.0,5.667
14658,14852.0,6.631
14659,14853.0,6.39
14660,14854.0,6.35
14661,14855.0,6.35
14662,14856.0,6.591
14663,14857.0,9.174
14664,14858.0,7.704
14665,14859.0,6.54
14666,14860.0,10.216
14667,14861.0,8.065
14668,14862.0,8.774
14669,14863.0,8.894
14670,14864.0,7.744
14671,14865.0,6.189
14672,14866.0,6.149
14673,14867.0,8.413
14674,14868.0,6.3
14675,14869.0,7.182
14676,14870.0,9.094
14677,14871.0,7.544
14678,14872.0,6.5
14679,14873.0,7.463
14680,14874.0,6.028
14681,14875.0,6.942
14682,14876.0,6.189
14683,14878.0,6.38
14684,14879.0,7.263
14685,14880.0,5.305
14686,14881.0,5.868
14687,14882.0,6.39
14688,14883.0,6.35
14689,14884.0,6.661
14690,14885.0,6.31
14691,14886.0,6.942
14692,14887.0,10.336
14693,14888.0,6.942
14694,14889.0,9.655
14695,14890.0,7.022
14696,14891.0,9.975
14697,14892.0,6.741
14698,14893.0,10.176
14699,14894.0,6.3
14700,14895.0,5.908
14701,14896.0,5.948
14702,14897.0,7.223
14703,14898.0,9.254
14704,14899.0,7.383
14705,14900.0,6.54
14706,14901.0,7.584
14707,14902.0,9.134
14708,14903.0,6.059
14709,14904.0,8.333
14710,14905.0,6.269
14711,14906.0,7.263
14712,14907.0,8.065
14713,14908.0,5.827
14714,14909.0,5.747
14715,14910.0,6.551
14716,14911.0,6.149
14717,14912.0,6.31
14718,14913.0,6.35
14719,14914.0,6.31
14720,14915.0,9.655
14721,14916.0,7.263
14722,14917.0,7.945
14723,14918.0,8.733
14724,14919.0,8.934
14725,14920.0,7.704
14726,14921.0,9.455
14727,14922.0,7.343
14728,14923.0,6.189
14729,14924.0,6.189
14730,14925.0,9.415
14731,14926.0,6.821
14732,14927.0,6.58
14733,14928.0,7.865
14734,14929.0,8.814
14735,14930.0,6.3
14736,14931.0,7.022
14737,14932.0,7.784
14738,14933.0,6.701
14739,14934.0,7.784
14740,14935.0,6.229
14741,14936.0,6.902
14742,14937.0,5.466
14743,14938.0,5.988
14744,14939.0,6.35
14745,14940.0,6.43
14746,14941.0,6.54
14747,14942.0,6.189
14748,14943.0,7.905
14749,14944.0,9.575
14750,14945.0,6.621
14751,14946.0,9.855
14752,14947.0,6.781
14753,14948.0,10.096
14754,14949.0,7.022
14755,14950.0,10.216
14756,14951.0,6.189
14757,14952.0,5.908
14758,14954.0,5.988
14759,14955.0,7.142
14760,14956.0,9.014
14761,14957.0,7.503
14762,14958.0,6.46
14763,14959.0,7.624
14764,14960.0,9.014
14765,14961.0,6.109
14766,14962.0,8.493
14767,14963.0,6.31
14768,14964.0,7.423
14769,14965.0,7.544
14770,14966.0,5.988
14771,14967.0,5.626
14772,14968.0,6.591
14773,14969.0,6.35
14774,14970.0,6.35
14775,14971.0,6.39
14776,14972.0,6.591
14777,14973.0,9.054
14778,14974.0,7.824
14779,14975.0,6.35
14780,14976.0,10.096
14781,14977.0,7.624
14782,14978.0,9.374
14783,14979.0,8.533
14784,14980.0,8.186
14785,14981.0,6.189
14786,14982.0,6.068
14787,14983.0,7.503
14788,14984.0,6.42
14789,14985.0,7.503
14790,14986.0,9.214
14791,14987.0,6.269
14792,14988.0,6.821
14793,14989.0,8.293
14794,14990.0,5.868
14795,14991.0,7.223
14796,14992.0,6.189
14797,14993.0,6.661
14798,14994.0,7.945
14799,14995.0,5.466
14800,14996.0,5.908
14801,14997.0,6.43
14802,14998.0,6.661
14803,14999.0,6.229
14804,15000.0,6.35
14805,15001.0,6.028
14806,15002.0,10.096
14807,15003.0,6.821
14808,15004.0,9.134
14809,15005.0,7.704
14810,15006.0,9.695
14811,15007.0,7.022
14812,15008.0,9.975
14813,15009.0,6.58
14814,15010.0,6.068
14815,15011.0,6.068
14816,15012.0,7.784
14817,15013.0,8.894
14818,15014.0,6.3
14819,15015.0,6.982
14820,15016.0,8.613
14821,15017.0,7.985
14822,15018.0,6.34
14823,15019.0,9.334
14824,15020.0,6.591
14825,15021.0,8.065
14826,15022.0,6.269
14827,15023.0,6.229
14828,15024.0,5.868
14829,15025.0,6.511
14830,15026.0,6.149
14831,15027.0,6.31
14832,15028.0,6.35
14833,15029.0,6.229
14834,15030.0,9.775
14835,15032.0,7.142
14836,15033.0,8.266
14837,15034.0,8.333
14838,15035.0,9.134
14839,15036.0,7.865
14840,15037.0,9.615
14841,15038.0,7.142
14842,15039.0,6.229
14843,15040.0,6.39
14844,15041.0,9.214
14845,15042.0,7.303
14846,15043.0,6.54
14847,15044.0,7.624
14848,15045.0,9.134
14849,15046.0,6.259
14850,15047.0,6.861
14851,15048.0,8.065
14852,15049.0,6.712
14853,15050.0,8.105
14854,15051.0,6.269
14855,15052.0,6.701
14856,15053.0,5.626
14857,15054.0,5.908
14858,15055.0,6.189
14859,15056.0,6.35
14860,15057.0,6.31
14861,15058.0,6.821
14862,15059.0,8.693
14863,15060.0,8.306
14864,15061.0,6.31
14865,15062.0,10.096
14866,15063.0,7.263
14867,15064.0,9.855
14868,15065.0,8.346
14869,15066.0,8.426
14870,15067.0,6.229
14871,15068.0,6.068
14872,15069.0,7.463
14873,15070.0,6.42
14874,15071.0,7.423
14875,15072.0,9.294
14876,15073.0,6.269
14877,15074.0,6.741
14878,15075.0,8.105
14879,15076.0,5.908
14880,15077.0,7.142
14881,15078.0,6.189
14882,15079.0,6.621
14883,15080.0,7.824
14884,15081.0,5.466
14885,15082.0,5.868
14886,15083.0,6.39
14887,15084.0,6.511
14888,15085.0,6.149
14889,15086.0,6.43
14890,15087.0,6.269
14891,15088.0,10.216
14892,15089.0,6.712
14893,15090.0,9.455
14894,15091.0,7.343
14895,15092.0,9.855
14896,15093.0,6.741
14897,15094.0,10.096
14898,15095.0,6.43
14899,15096.0,5.988
14900,15097.0,5.948
14901,15098.0,7.383
14902,15099.0,9.334
14903,15100.0,6.43
14904,15101.0,6.701
14905,15102.0,8.065
14906,15103.0,8.573
14907,15104.0,6.189
14908,15105.0,8.894
14909,15106.0,6.39
14910,15107.0,7.624
14911,15109.0,7.263
14912,15110.0,6.028
14913,15111.0,5.747
14914,15112.0,6.591
14915,15113.0,6.31
14916,15114.0,6.31
14917,15115.0,6.39
14918,15116.0,6.39
14919,15117.0,9.495
14920,15118.0,7.463
14921,15119.0,7.463
14922,15120.0,9.334
14923,15121.0,8.667
14924,15122.0,8.105
14925,15123.0,9.294
14926,15124.0,7.664
14927,15125.0,6.229
14928,15126.0,6.149
14929,15127.0,9.094
14930,15128.0,6.31
14931,15129.0,6.902
14932,15130.0,8.306
14933,15131.0,8.386
14934,15132.0,6.259
14935,15133.0,7.303
14936,15134.0,7.022
14937,15135.0,6.872
14938,15136.0,6.993
14939,15137.0,6.31
14940,15138.0,6.942
14941,15139.0,5.506
14942,15140.0,5.908
14943,15141.0,6.47
14944,15142.0,6.39
14945,15143.0,6.752
14946,15144.0,6.189
14947,15145.0,7.664
14948,15146.0,9.895
14949,15147.0,6.752
14950,15148.0,9.775
14951,15149.0,6.781
14952,15150.0,10.056
14953,15151.0,7.022
14954,15152.0,10.096
14955,15153.0,6.149
14956,15154.0,5.827
14957,15155.0,5.988
14958,15156.0,6.942
14959,15157.0,8.573
14960,15158.0,8.025
14961,15159.0,6.34
14962,15160.0,7.223
14963,15161.0,9.455
14964,15162.0,5.988
14965,15163.0,7.905
14966,15164.0,6.189
14967,15165.0,7.022
14968,15166.0,8.573
14969,15167.0,5.707
14970,15168.0,5.747
14971,15169.0,6.511
14972,15170.0,6.149
14973,15171.0,6.31
14974,15172.0,6.35
14975,15173.0,6.269
14976,15174.0,9.775
14977,15175.0,7.182
14978,15176.0,8.226
14979,15177.0,8.426
14980,15178.0,9.174
14981,15179.0,7.865
14982,15180.0,9.615
14983,15181.0,7.182
14984,15182.0,6.229
14985,15183.0,6.43
14986,15185.0,9.254
14987,15186.0,7.303
14988,15187.0,6.54
14989,15188.0,7.624
14990,15189.0,9.094
14991,15190.0,6.269
14992,15191.0,6.861
14993,15192.0,8.065
14994,15193.0,6.712
14995,15194.0,8.105
14996,15195.0,6.229
14997,15196.0,6.741
14998,15197.0,5.354
14999,15198.0,5.948
15000,15199.0,6.47
15001,15200.0,6.39
15002,15201.0,6.701
15003,15202.0,6.189
15004,15203.0,7.584
15005,15204.0,9.975
15006,15205.0,6.741
15007,15206.0,9.815
15008,15207.0,6.821
15009,15208.0,10.056
15010,15209.0,7.022
15011,15210.0,10.176
15012,15211.0,6.189
15013,15212.0,5.827
15014,15213.0,6.028
15015,15214.0,6.942
15016,15215.0,8.613
15017,15216.0,8.025
15018,15217.0,6.38
15019,15218.0,7.223
15020,15219.0,9.495
15021,15220.0,5.988
15022,15221.0,7.945
15023,15222.0,6.189
15024,15223.0,7.062
15025,15224.0,8.587
15026,15225.0,5.787
15027,15226.0,5.555
15028,15227.0,6.551
15029,15228.0,6.31
15030,15229.0,6.35
15031,15230.0,6.43
15032,15231.0,6.511
15033,15232.0,9.334
15034,15233.0,7.704
15035,15234.0,6.942
15036,15235.0,9.975
15037,15236.0,8.346
15038,15237.0,8.493
15039,15238.0,9.054
15040,15239.0,7.744
15041,15240.0,6.189
15042,15241.0,6.189
15043,15242.0,8.693
15044,15243.0,6.31
15045,15244.0,7.022
15046,15245.0,8.733
15047,15246.0,7.905
15048,15247.0,6.34
15049,15248.0,7.303
15050,15249.0,6.31
15051,15250.0,6.861
15052,15251.0,6.39
15053,15252.0,6.34
15054,15253.0,7.102
15055,15254.0,5.265
15056,15255.0,5.787
15057,15256.0,6.43
15058,15257.0,6.661
15059,15258.0,6.189
15060,15259.0,6.31
15061,15261.0,6.028
15062,15262.0,10.056
15063,15263.0,6.832
15064,15264.0,9.134
15065,15265.0,7.784
15066,15266.0,9.655
15067,15267.0,7.062
15068,15268.0,9.935
15069,15269.0,6.621
15070,15270.0,6.068
15071,15271.0,6.109
15072,15272.0,7.824
15073,15273.0,8.814
15074,15274.0,6.259
15075,15275.0,7.022
15076,15276.0,8.693
15077,15277.0,7.905
15078,15278.0,6.34
15079,15279.0,9.334
15080,15280.0,6.551
15081,15281.0,8.145
15082,15282.0,6.229
15083,15283.0,6.259
15084,15284.0,5.667
15085,15285.0,6.551
15086,15286.0,6.31
15087,15287.0,6.35
15088,15288.0,6.39
15089,15289.0,6.511
15090,15290.0,9.334
15091,15291.0,7.624
15092,15292.0,6.982
15093,15293.0,9.855
15094,15294.0,8.386
15095,15295.0,8.413
15096,15296.0,9.094
15097,15297.0,7.905
15098,15298.0,6.189
15099,15299.0,6.189
15100,15300.0,8.774
15101,15301.0,6.31
15102,15302.0,6.982
15103,15303.0,8.653
15104,15304.0,7.985
15105,15305.0,6.34
15106,15306.0,7.223
15107,15307.0,6.5
15108,15308.0,6.861
15109,15309.0,6.591
15110,15310.0,6.31
15111,15311.0,7.102
15112,15312.0,5.586
15113,15313.0,5.948
15114,15314.0,6.31
15115,15315.0,6.39
15116,15316.0,6.5
15117,15317.0,6.149
15118,15318.0,8.145
15119,15319.0,9.174
15120,15320.0,6.5
15121,15321.0,9.975
15122,15322.0,6.661
15123,15323.0,10.216
15124,15324.0,7.704
15125,15325.0,9.334
15126,15326.0,6.219
15127,15327.0,6.028
15128,15328.0,6.269
15129,15329.0,6.741
15130,15330.0,8.025
15131,15331.0,8.653
15132,15332.0,6.259
15133,15333.0,7.102
15134,15334.0,8.934
15135,15335.0,5.908
15136,15336.0,7.503
15137,15338.0,6.109
15138,15339.0,6.861
15139,15340.0,8.386
15140,15341.0,5.586
15141,15342.0,5.868
15142,15343.0,6.43
15143,15344.0,6.701
15144,15345.0,6.189
15145,15346.0,6.31
15146,15347.0,6.028
15147,15348.0,10.096
15148,15349.0,6.872
15149,15350.0,9.054
15150,15351.0,7.744
15151,15352.0,9.655
15152,15353.0,7.062
15153,15354.0,9.975
15154,15355.0,6.621
15155,15356.0,6.068
15156,15357.0,6.109
15157,15358.0,7.865
15158,15359.0,8.854
15159,15360.0,6.3
15160,15361.0,7.022
15161,15362.0,8.733
15162,15363.0,7.905
15163,15364.0,6.38
15164,15365.0,9.334
15165,15366.0,6.551
15166,15367.0,8.145
15167,15368.0,6.229
15168,15369.0,6.229
15169,15370.0,5.747
15170,15371.0,6.631
15171,15372.0,6.269
15172,15373.0,6.35
15173,15374.0,6.39
15174,15375.0,6.43
15175,15376.0,9.455
15176,15377.0,7.544
15177,15378.0,7.303
15178,15379.0,9.535
15179,15380.0,8.507
15180,15381.0,8.226
15181,15382.0,9.174
15182,15383.0,7.784
15183,15384.0,6.189
15184,15385.0,6.189
15185,15386.0,8.974
15186,15387.0,6.31
15187,15388.0,6.861
15188,15389.0,8.413
15189,15390.0,8.226
15190,15391.0,6.31
15191,15392.0,7.142
15192,15393.0,6.902
15193,15394.0,6.781
15194,15395.0,6.942
15195,15396.0,6.269
15196,15397.0,6.982
15197,15398.0,5.425
15198,15399.0,5.988
15199,15400.0,6.47
15200,15401.0,6.43
15201,15402.0,6.671
15202,15403.0,6.229
15203,15404.0,7.544
15204,15405.0,10.056
15205,15406.0,6.741
15206,15407.0,9.855
15207,15408.0,6.781
15208,15409.0,10.136
15209,15410.0,6.982
15210,15411.0,10.176
15211,15412.0,6.189
15212,15413.0,5.908
15213,15414.0,5.988
15214,15416.0,6.982
15215,15417.0,8.613
15216,15418.0,8.025
15217,15419.0,6.34
15218,15420.0,7.223
15219,15421.0,9.455
15220,15422.0,5.988
15221,15423.0,7.905
15222,15424.0,6.189
15223,15425.0,7.022
15224,15426.0,8.507
15225,15427.0,5.747
15226,15428.0,5.827
15227,15429.0,6.47
15228,15430.0,6.189
15229,15431.0,6.35
15230,15432.0,6.31
15231,15433.0,6.149
15232,15434.0,9.935
15233,15435.0,7.022
15234,15436.0,8.707
15235,15437.0,7.865
15236,15438.0,9.374
15237,15439.0,7.463
15238,15440.0,9.815
15239,15441.0,6.861
15240,15442.0,6.189
15241,15443.0,6.229
15242,15444.0,8.453
15243,15445.0,8.145
15244,15446.0,6.31
15245,15447.0,7.182
15246,15448.0,9.495
15247,15449.0,6.982
15248,15450.0,6.58
15249,15451.0,8.814
15250,15452.0,6.591
15251,15453.0,8.693
15252,15454.0,6.229
15253,15455.0,6.43
15254,15456.0,5.586
15255,15457.0,5.988
15256,15458.0,6.149
15257,15459.0,6.39
15258,15460.0,6.43
15259,15461.0,6.752
15260,15462.0,8.934
15261,15463.0,7.985
15262,15464.0,6.35
15263,15465.0,10.176
15264,15466.0,7.664
15265,15467.0,9.294
15266,15468.0,8.613
15267,15469.0,8.065
15268,15470.0,6.229
15269,15471.0,6.149
15270,15472.0,8.025
15271,15473.0,6.3
15272,15474.0,7.142
15273,15475.0,9.535
15274,15476.0,7.062
15275,15477.0,6.58
15276,15478.0,7.704
15277,15479.0,6.028
15278,15480.0,7.022
15279,15481.0,6.229
15280,15482.0,6.511
15281,15483.0,7.463
15282,15484.0,5.345
15283,15485.0,5.908
15284,15486.0,6.39
15285,15487.0,6.551
15286,15488.0,6.109
15287,15489.0,6.39
15288,15490.0,6.269
15289,15492.0,10.216
15290,15493.0,6.792
15291,15494.0,9.415
15292,15495.0,7.343
15293,15496.0,9.855
15294,15497.0,6.781
15295,15498.0,10.096
15296,15499.0,6.42
15297,15500.0,6.028
15298,15501.0,5.988
15299,15502.0,7.423
15300,15503.0,9.294
15301,15504.0,6.39
15302,15505.0,6.701
15303,15506.0,8.145
15304,15507.0,8.587
15305,15508.0,6.229
15306,15509.0,8.974
15307,15510.0,6.43
15308,15511.0,7.664
15309,15512.0,7.142
15310,15513.0,6.068
15311,15514.0,5.827
15312,15515.0,6.591
15313,15516.0,6.189
15314,15517.0,6.35
15315,15518.0,6.39
15316,15519.0,6.35
15317,15520.0,9.695
15318,15521.0,7.263
15319,15522.0,7.945
15320,15523.0,8.653
15321,15524.0,8.934
15322,15525.0,7.664
15323,15526.0,9.495
15324,15527.0,7.303
15325,15528.0,6.189
15326,15529.0,6.189
15327,15530.0,9.415
15328,15531.0,6.861
15329,15532.0,6.58
15330,15533.0,7.824
15331,15534.0,8.814
15332,15535.0,6.269
15333,15536.0,6.982
15334,15537.0,7.784
15335,15538.0,6.712
15336,15539.0,7.824
15337,15540.0,6.229
15338,15541.0,6.821
15339,15542.0,5.394
15340,15543.0,5.948
15341,15544.0,6.269
15342,15545.0,6.35
15343,15546.0,6.47
15344,15547.0,6.109
15345,15548.0,8.226
15346,15549.0,8.934
15347,15550.0,6.47
15348,15551.0,9.975
15349,15552.0,6.661
15350,15553.0,10.216
15351,15554.0,7.865
15352,15555.0,9.134
15353,15556.0,6.229
15354,15557.0,6.028
15355,15558.0,6.551
15356,15559.0,6.621
15357,15560.0,7.905
15358,15561.0,8.814
15359,15562.0,6.269
15360,15563.0,7.022
15361,15564.0,8.733
15362,15565.0,5.948
15363,15566.0,7.383
15364,15567.0,6.189
15365,15569.0,6.821
15366,15570.0,8.306
15367,15571.0,5.546
15368,15572.0,5.908
15369,15573.0,6.43
15370,15574.0,6.752
15371,15575.0,6.229
15372,15576.0,6.35
15373,15577.0,6.068
15374,15578.0,10.096
15375,15579.0,6.832
15376,15580.0,9.134
15377,15581.0,7.744
15378,15582.0,9.695
15379,15583.0,7.022
15380,15584.0,9.975
15381,15585.0,6.58
15382,15586.0,6.109
15383,15587.0,6.068
15384,15588.0,7.865
15385,15589.0,8.854
15386,15590.0,6.31
15387,15591.0,6.982
15388,15592.0,8.693
15389,15593.0,7.945
15390,15594.0,6.39
15391,15595.0,9.334
15392,15596.0,6.591
15393,15597.0,8.065
15394,15598.0,6.269
15395,15599.0,6.229
15396,15600.0,5.466
15397,15601.0,5.908
15398,15602.0,6.149
15399,15603.0,6.35
15400,15604.0,6.31
15401,15605.0,6.832
15402,15606.0,8.747
15403,15607.0,8.226
15404,15608.0,6.35
15405,15609.0,10.136
15406,15610.0,7.343
15407,15611.0,9.735
15408,15612.0,8.426
15409,15613.0,8.346
15410,15614.0,6.229
15411,15615.0,6.068
15412,15616.0,7.584
15413,15617.0,6.39
15414,15618.0,7.383
15415,15619.0,9.374
15416,15620.0,6.39
15417,15621.0,6.741
15418,15622.0,8.025
15419,15623.0,5.908
15420,15624.0,7.142
15421,15625.0,6.189
15422,15626.0,6.591
15423,15627.0,7.744
15424,15628.0,5.425
15425,15629.0,5.908
15426,15630.0,6.39
15427,15631.0,6.47
15428,15632.0,6.109
15429,15633.0,6.43
15430,15634.0,6.269
15431,15635.0,10.176
15432,15636.0,6.792
15433,15637.0,9.455
15434,15638.0,7.223
15435,15639.0,9.895
15436,15640.0,6.701
15437,15641.0,10.096
15438,15642.0,6.39
15439,15643.0,5.948
15440,15644.0,5.948
15441,15645.0,7.263
15442,15647.0,9.455
15443,15648.0,6.741
15444,15649.0,6.661
15445,15650.0,7.905
15446,15651.0,8.733
15447,15652.0,6.189
15448,15653.0,8.774
15449,15654.0,6.39
15450,15655.0,7.503
15451,15656.0,7.503
15452,15657.0,6.028
15453,15658.0,5.787
15454,15659.0,6.551
15455,15660.0,6.189
15456,15661.0,6.31
15457,15662.0,6.39
15458,15663.0,6.269
15459,15664.0,9.655
15460,15665.0,7.303
15461,15666.0,7.945
15462,15667.0,8.774
15463,15668.0,8.934
15464,15669.0,7.744
15465,15670.0,9.495
15466,15671.0,7.343
15467,15672.0,6.229
15468,15673.0,6.189
15469,15674.0,9.455
15470,15675.0,6.781
15471,15676.0,6.661
15472,15677.0,7.865
15473,15678.0,8.894
15474,15679.0,6.269
15475,15680.0,7.022
15476,15681.0,7.744
15477,15682.0,6.752
15478,15683.0,7.784
15479,15684.0,6.269
15480,15685.0,6.861
15481,15686.0,5.434
15482,15687.0,5.948
15483,15688.0,6.35
15484,15689.0,6.39
15485,15690.0,6.591
15486,15691.0,6.109
15487,15692.0,8.105
15488,15693.0,9.174
15489,15694.0,6.551
15490,15695.0,9.935
15491,15696.0,6.661
15492,15697.0,10.176
15493,15698.0,7.624
15494,15699.0,9.334
15495,15700.0,6.229
15496,15701.0,5.988
15497,15702.0,6.189
15498,15703.0,6.701
15499,15704.0,8.065
15500,15705.0,8.613
15501,15706.0,6.31
15502,15707.0,7.182
15503,15708.0,8.974
15504,15709.0,5.908
15505,15710.0,7.503
15506,15711.0,6.149
15507,15712.0,6.821
15508,15713.0,8.426
15509,15714.0,5.586
15510,15715.0,5.626
15511,15716.0,6.47
15512,15717.0,6.31
15513,15718.0,6.31
15514,15719.0,6.39
15515,15720.0,6.42
15516,15721.0,9.415
15517,15723.0,7.544
15518,15724.0,7.182
15519,15725.0,9.615
15520,15726.0,8.467
15521,15727.0,8.266
15522,15728.0,9.134
15523,15729.0,7.824
15524,15730.0,6.229
15525,15731.0,6.149
15526,15732.0,8.894
15527,15733.0,6.269
15528,15734.0,6.982
15529,15735.0,8.533
15530,15736.0,8.105
15531,15737.0,6.31
15532,15738.0,7.223
15533,15739.0,6.591
15534,15740.0,6.872
15535,15741.0,6.591
15536,15742.0,6.35
15537,15743.0,7.062
15538,15744.0,5.546
15539,15745.0,5.908
15540,15746.0,6.39
15541,15747.0,6.35
15542,15748.0,6.551
15543,15749.0,6.109
15544,15750.0,8.145
15545,15751.0,9.174
15546,15752.0,6.591
15547,15753.0,9.935
15548,15754.0,6.741
15549,15755.0,10.176
15550,15756.0,7.704
15551,15757.0,9.334
15552,15758.0,6.31
15553,15759.0,6.068
15554,15760.0,6.229
15555,15761.0,6.701
15556,15762.0,8.065
15557,15763.0,8.693
15558,15764.0,6.31
15559,15765.0,7.142
15560,15766.0,8.974
15561,15767.0,5.908
15562,15768.0,7.463
15563,15769.0,6.149
15564,15770.0,6.861
15565,15771.0,8.386
15566,15772.0,5.586
15567,15773.0,5.988
15568,15774.0,6.47
15569,15775.0,6.792
15570,15776.0,6.229
15571,15777.0,6.31
15572,15778.0,6.109
15573,15779.0,10.056
15574,15780.0,6.913
15575,15781.0,8.934
15576,15782.0,7.704
15577,15783.0,9.575
15578,15784.0,7.182
15579,15785.0,9.935
15580,15786.0,6.741
15581,15787.0,6.189
15582,15788.0,6.189
15583,15789.0,8.105
15584,15790.0,8.573
15585,15791.0,6.31
15586,15792.0,7.182
15587,15793.0,9.094
15588,15794.0,7.544
15589,15795.0,6.47
15590,15796.0,9.094
15591,15797.0,6.631
15592,15798.0,8.346
15593,15800.0,6.269
15594,15801.0,6.31
15595,15802.0,5.667
15596,15803.0,6.591
15597,15804.0,6.39
15598,15805.0,6.35
15599,15806.0,6.43
15600,15807.0,6.551
15601,15808.0,9.214
15602,15809.0,7.664
15603,15810.0,6.671
15604,15811.0,10.136
15605,15812.0,8.145
15606,15813.0,8.653
15607,15814.0,8.974
15608,15815.0,7.624
15609,15816.0,6.229
15610,15817.0,6.149
15611,15818.0,8.547
15612,15819.0,6.31
15613,15820.0,7.182
15614,15821.0,8.974
15615,15822.0,7.664
15616,15823.0,6.42
15617,15824.0,7.463
15618,15825.0,6.028
15619,15826.0,6.942
15620,15827.0,6.189
15621,15828.0,6.43
15622,15829.0,7.223
15623,15830.0,5.345
15624,15831.0,5.868
15625,15832.0,6.43
15626,15833.0,6.551
15627,15834.0,6.189
15628,15835.0,6.31
15629,15836.0,6.189
15630,15837.0,10.176
15631,15838.0,6.792
15632,15839.0,9.334
15633,15840.0,7.503
15634,15841.0,9.775
15635,15842.0,6.861
15636,15843.0,10.056
15637,15844.0,6.46
15638,15845.0,6.028
15639,15846.0,6.028
15640,15847.0,7.503
15641,15848.0,9.174
15642,15849.0,6.269
15643,15850.0,6.821
15644,15851.0,8.266
15645,15852.0,8.386
15646,15853.0,6.269
15647,15854.0,9.174
15648,15855.0,6.47
15649,15856.0,7.824
15650,15857.0,6.861
15651,15858.0,6.149
15652,15859.0,5.747
15653,15860.0,6.591
15654,15861.0,6.189
15655,15862.0,6.31
15656,15863.0,6.35
15657,15864.0,6.35
15658,15865.0,9.575
15659,15866.0,7.343
15660,15867.0,7.664
15661,15868.0,9.014
15662,15869.0,8.774
15663,15870.0,7.905
15664,15871.0,9.374
15665,15872.0,7.503
15666,15873.0,6.189
15667,15874.0,6.149
15668,15875.0,9.254
15669,15877.0,6.43
15670,15878.0,6.701
15671,15879.0,8.065
15672,15880.0,8.613
15673,15881.0,6.269
15674,15882.0,7.142
15675,15883.0,7.383
15676,15884.0,6.752
15677,15885.0,7.383
15678,15886.0,6.229
15679,15887.0,6.821
15680,15888.0,5.434
15681,15889.0,5.908
15682,15890.0,6.47
15683,15891.0,6.39
15684,15892.0,6.712
15685,15893.0,6.189
15686,15894.0,7.704
15687,15895.0,9.735
15688,15896.0,6.712
15689,15897.0,9.815
15690,15898.0,6.741
15691,15899.0,10.096
15692,15900.0,7.263
15693,15901.0,9.895
15694,15902.0,6.189
15695,15903.0,5.948
15696,15904.0,6.068
15697,15905.0,6.861
15698,15906.0,8.413
15699,15907.0,8.226
15700,15908.0,6.31
15701,15909.0,7.142
15702,15910.0,9.415
15703,15911.0,5.948
15704,15912.0,7.744
15705,15913.0,6.189
15706,15914.0,6.942
15707,15915.0,8.693
15708,15916.0,5.707
15709,15917.0,5.827
15710,15918.0,6.47
15711,15919.0,6.43
15712,15920.0,6.35
15713,15921.0,6.31
15714,15922.0,6.149
15715,15923.0,9.935
15716,15924.0,7.022
15717,15925.0,8.774
15718,15926.0,7.784
15719,15927.0,9.455
15720,15928.0,7.423
15721,15929.0,9.815
15722,15930.0,6.861
15723,15931.0,6.189
15724,15932.0,6.229
15725,15933.0,8.386
15726,15934.0,8.226
15727,15935.0,6.31
15728,15936.0,7.182
15729,15937.0,9.455
15730,15938.0,7.102
15731,15939.0,6.54
15732,15940.0,8.854
15733,15941.0,6.591
15734,15942.0,8.653
15735,15943.0,6.229
15736,15944.0,6.39
15737,15945.0,5.385
15738,15946.0,5.908
15739,15947.0,6.229
15740,15948.0,6.35
15741,15949.0,6.39
15742,15950.0,6.189
15743,15951.0,8.467
15744,15952.0,8.693
15745,15954.0,6.43
15746,15955.0,10.016
15747,15956.0,6.781
15748,15957.0,10.216
15749,15958.0,8.065
15750,15959.0,8.774
15751,15960.0,6.229
15752,15961.0,6.028
15753,15962.0,6.982
15754,15963.0,6.5
15755,15964.0,7.664
15756,15965.0,9.054
15757,15966.0,6.269
15758,15967.0,6.861
15759,15968.0,8.333
15760,15969.0,5.827
15761,15970.0,7.223
15762,15971.0,6.149
15763,15972.0,6.701
15764,15973.0,7.945
15765,15974.0,5.506
15766,15975.0,5.908
15767,15976.0,6.47
15768,15977.0,6.661
15769,15978.0,6.229
15770,15979.0,6.35
15771,15980.0,6.068
15772,15981.0,10.096
15773,15982.0,6.821
15774,15983.0,9.174
15775,15984.0,7.624
15776,15985.0,9.695
15777,15986.0,6.982
15778,15987.0,9.975
15779,15988.0,6.54
15780,15989.0,6.028
15781,15990.0,6.068
15782,15991.0,7.624
15783,15992.0,9.054
15784,15993.0,6.269
15785,15994.0,6.902
15786,15995.0,8.413
15787,15996.0,8.186
15788,15997.0,6.259
15789,15998.0,9.374
15790,15999.0,6.47
15791,16000.0,7.905
15792,16001.0,6.631
15793,16002.0,6.149
15794,16003.0,5.747
15795,16004.0,6.591
15796,16005.0,6.229
15797,16006.0,6.35
15798,16007.0,6.35
15799,16008.0,6.39
15800,16009.0,9.495
15801,16010.0,7.423
15802,16011.0,7.544
15803,16012.0,9.174
15804,16013.0,8.693
15805,16014.0,7.985
15806,16015.0,9.294
15807,16016.0,7.624
15808,16017.0,6.189
15809,16018.0,6.189
15810,16019.0,9.134
15811,16020.0,6.31
15812,16021.0,6.781
15813,16022.0,8.226
15814,16023.0,8.426
15815,16024.0,6.31
15816,16025.0,7.223
15817,16026.0,7.142
15818,16027.0,6.792
15819,16029.0,7.182
15820,16030.0,6.229
15821,16031.0,6.942
15822,16032.0,5.112
15823,16033.0,5.595
15824,16034.0,6.551
15825,16035.0,6.229
15826,16036.0,6.31
15827,16037.0,6.39
15828,16038.0,6.269
15829,16039.0,9.695
15830,16040.0,7.263
15831,16041.0,7.945
15832,16042.0,8.733
15833,16043.0,8.934
15834,16044.0,7.744
15835,16045.0,9.455
15836,16046.0,7.383
15837,16047.0,6.189
15838,16048.0,6.189
15839,16049.0,9.374
15840,16050.0,6.661
15841,16051.0,6.661
15842,16052.0,7.905
15843,16053.0,8.693
15844,16054.0,6.269
15845,16055.0,7.022
15846,16056.0,7.584
15847,16057.0,6.752
15848,16058.0,7.624
15849,16059.0,6.229
15850,16060.0,6.902
15851,16061.0,5.466
15852,16062.0,5.908
15853,16063.0,6.229
15854,16064.0,6.35
15855,16065.0,6.43
15856,16066.0,6.068
15857,16067.0,8.346
15858,16068.0,8.814
15859,16069.0,6.47
15860,16070.0,10.016
15861,16071.0,6.621
15862,16072.0,10.216
15863,16073.0,7.945
15864,16074.0,8.974
15865,16075.0,6.229
15866,16076.0,6.028
15867,16077.0,6.661
15868,16078.0,6.621
15869,16079.0,7.865
15870,16080.0,8.854
15871,16081.0,6.269
15872,16082.0,7.022
15873,16083.0,8.613
15874,16084.0,5.868
15875,16085.0,7.343
15876,16086.0,6.149
15877,16087.0,6.781
15878,16088.0,8.186
15879,16089.0,5.546
15880,16090.0,5.908
15881,16091.0,6.39
15882,16092.0,6.631
15883,16093.0,6.189
15884,16094.0,6.35
15885,16095.0,6.028
15886,16096.0,10.176
15887,16097.0,6.832
15888,16098.0,9.254
15889,16099.0,7.584
15890,16100.0,9.735
15891,16101.0,6.942
15892,16102.0,10.016
15893,16103.0,6.5
15894,16104.0,6.028
15895,16105.0,6.068
15896,16107.0,7.624
15897,16108.0,9.014
15898,16109.0,6.3
15899,16110.0,6.902
15900,16111.0,8.413
15901,16112.0,8.226
15902,16113.0,6.3
15903,16114.0,9.374
15904,16115.0,6.511
15905,16116.0,7.905
15906,16117.0,6.701
15907,16118.0,6.099
15908,16119.0,5.747
15909,16120.0,6.58
15910,16121.0,6.31
15911,16122.0,6.31
15912,16123.0,6.39
15913,16124.0,6.39
15914,16125.0,9.495
15915,16126.0,7.503
15916,16127.0,7.423
15917,16128.0,9.374
15918,16129.0,8.613
15919,16130.0,8.186
15920,16131.0,9.294
15921,16132.0,7.704
15922,16133.0,6.229
15923,16134.0,6.149
15924,16135.0,9.094
15925,16136.0,6.269
15926,16137.0,6.902
15927,16138.0,8.293
15928,16139.0,8.413
15929,16140.0,6.3
15930,16141.0,7.303
15931,16142.0,6.982
15932,16143.0,6.821
15933,16144.0,7.022
15934,16145.0,6.269
15935,16146.0,6.942
15936,16147.0,5.112
15937,16148.0,5.827
15938,16149.0,6.39
15939,16150.0,6.43
15940,16151.0,6.068
15941,16152.0,6.35
15942,16153.0,6.35
15943,16154.0,10.216
15944,16155.0,6.792
15945,16156.0,9.495
15946,16157.0,7.223
15947,16158.0,9.855
15948,16159.0,6.741
15949,16160.0,10.096
15950,16161.0,6.34
15951,16162.0,5.948
15952,16163.0,5.948
15953,16164.0,7.263
15954,16165.0,9.415
15955,16166.0,6.661
15956,16167.0,6.661
15957,16168.0,7.945
15958,16169.0,8.733
15959,16170.0,6.149
15960,16171.0,8.733
15961,16172.0,6.35
15962,16173.0,7.503
15963,16174.0,7.704
15964,16175.0,6.028
15965,16176.0,5.707
15966,16177.0,6.511
15967,16178.0,6.31
15968,16179.0,6.31
15969,16180.0,6.39
15970,16181.0,6.43
15971,16183.0,9.374
15972,16184.0,7.544
15973,16185.0,7.182
15974,16186.0,9.655
15975,16187.0,8.467
15976,16188.0,8.306
15977,16189.0,9.174
15978,16190.0,7.824
15979,16191.0,6.229
15980,16192.0,6.149
15981,16193.0,8.894
15982,16194.0,6.259
15983,16195.0,6.942
15984,16196.0,8.493
15985,16197.0,8.145
15986,16198.0,6.3
15987,16199.0,7.182
15988,16200.0,6.661
15989,16201.0,6.861
15990,16202.0,6.712
15991,16203.0,6.31
15992,16204.0,7.022
15993,16205.0,5.506
15994,16206.0,5.908
15995,16207.0,6.35
15996,16208.0,6.35
15997,16209.0,6.591
15998,16210.0,6.149
15999,16211.0,8.065
16000,16212.0,9.334
16001,16213.0,6.591
16002,16214.0,9.935
16003,16215.0,6.741
16004,16216.0,10.176
16005,16217.0,7.584
16006,16218.0,9.455
16007,16219.0,6.31
16008,16220.0,6.028
16009,16221.0,6.109
16010,16222.0,6.741
16011,16223.0,8.145
16012,16224.0,8.493
16013,16225.0,6.3
16014,16226.0,7.182
16015,16227.0,9.054
16016,16228.0,5.908
16017,16229.0,7.624
16018,16230.0,6.149
16019,16231.0,6.861
16020,16232.0,8.493
16021,16233.0,5.667
16022,16234.0,5.595
16023,16235.0,6.631
16024,16236.0,6.269
16025,16237.0,6.31
16026,16238.0,6.35
16027,16239.0,6.43
16028,16240.0,9.415
16029,16241.0,7.544
16030,16242.0,7.263
16031,16243.0,9.535
16032,16244.0,8.493
16033,16245.0,8.226
16034,16246.0,9.174
16035,16247.0,7.784
16036,16248.0,6.229
16037,16249.0,6.149
16038,16250.0,8.934
16039,16251.0,6.269
16040,16252.0,6.902
16041,16253.0,8.413
16042,16254.0,8.226
16043,16255.0,6.3
16044,16256.0,7.142
16045,16257.0,6.821
16046,16259.0,6.821
16047,16260.0,6.861
16048,16261.0,6.269
16049,16262.0,6.982
16050,16263.0,5.466
16051,16264.0,5.868
16052,16265.0,6.47
16053,16266.0,6.39
16054,16267.0,6.741
16055,16268.0,6.189
16056,16269.0,7.503
16057,16270.0,10.096
16058,16271.0,6.741
16059,16272.0,9.775
16060,16273.0,6.821
16061,16274.0,10.096
16062,16275.0,6.902
16063,16276.0,10.216
16064,16277.0,6.189
16065,16278.0,5.827
16066,16279.0,5.988
16067,16280.0,6.982
16068,16281.0,8.733
16069,16282.0,7.905
16070,16283.0,6.34
16071,16284.0,7.303
16072,16285.0,9.415
16073,16286.0,6.028
16074,16287.0,7.985
16075,16288.0,6.189
16076,16289.0,7.062
16077,16290.0,8.467
16078,16291.0,5.747
16079,16292.0,5.747
16080,16293.0,6.511
16081,16294.0,6.109
16082,16295.0,6.31
16083,16296.0,6.31
16084,16297.0,6.229
16085,16298.0,9.775
16086,16299.0,7.182
16087,16300.0,8.266
16088,16301.0,8.386
16089,16302.0,9.094
16090,16303.0,7.905
16091,16304.0,9.615
16092,16305.0,7.142
16093,16306.0,6.189
16094,16307.0,6.39
16095,16308.0,9.134
16096,16309.0,7.423
16097,16310.0,6.5
16098,16311.0,7.584
16099,16312.0,9.134
16100,16313.0,6.31
16101,16314.0,6.781
16102,16315.0,8.266
16103,16316.0,6.671
16104,16317.0,8.346
16105,16318.0,6.229
16106,16319.0,6.661
16107,16320.0,5.586
16108,16321.0,5.988
16109,16322.0,6.149
16110,16323.0,6.39
16111,16324.0,6.31
16112,16325.0,6.821
16113,16326.0,8.814
16114,16327.0,8.226
16115,16328.0,6.39
16116,16329.0,10.136
16117,16330.0,7.423
16118,16331.0,9.615
16119,16332.0,8.507
16120,16334.0,8.306
16121,16335.0,6.229
16122,16336.0,6.068
16123,16337.0,7.664
16124,16338.0,6.38
16125,16339.0,7.343
16126,16340.0,9.374
16127,16341.0,6.551
16128,16342.0,6.661
16129,16343.0,7.985
16130,16344.0,5.908
16131,16345.0,7.102
16132,16346.0,6.149
16133,16347.0,6.551
16134,16348.0,7.664
16135,16349.0,5.385
16136,16350.0,5.868
16137,16351.0,6.39
16138,16352.0,6.551
16139,16353.0,6.149
16140,16354.0,6.35
16141,16355.0,6.068
16142,16356.0,10.176
16143,16357.0,6.792
16144,16358.0,9.294
16145,16359.0,7.463
16146,16360.0,9.775
16147,16361.0,6.861
16148,16362.0,10.056
16149,16363.0,6.46
16150,16364.0,5.988
16151,16365.0,6.028
16152,16366.0,7.503
16153,16367.0,9.214
16154,16368.0,6.269
16155,16369.0,6.821
16156,16370.0,8.226
16157,16371.0,8.426
16158,16372.0,6.219
16159,16373.0,9.174
16160,16374.0,6.43
16161,16375.0,7.784
16162,16376.0,6.902
16163,16377.0,6.068
16164,16378.0,5.586
16165,16379.0,6.631
16166,16380.0,6.39
16167,16381.0,6.35
16168,16382.0,6.39
16169,16383.0,6.551
16170,16384.0,9.214
16171,16385.0,7.744
16172,16386.0,6.701
16173,16387.0,10.136
16174,16388.0,8.186
16175,16389.0,8.693
16176,16390.0,8.974
16177,16391.0,7.664
16178,16392.0,6.189
16179,16393.0,6.189
16180,16394.0,8.493
16181,16395.0,6.31
16182,16396.0,7.142
16183,16397.0,8.974
16184,16398.0,7.664
16185,16399.0,6.46
16186,16400.0,7.423
16187,16401.0,6.068
16188,16402.0,6.902
16189,16403.0,6.229
16190,16404.0,6.39
16191,16405.0,7.303
16192,16406.0,5.273
16193,16407.0,5.908
16194,16408.0,6.43
16195,16409.0,6.792
16196,16411.0,6.229
16197,16412.0,6.35
16198,16413.0,6.068
16199,16414.0,10.056
16200,16415.0,6.861
16201,16416.0,9.014
16202,16417.0,7.865
16203,16418.0,9.615
16204,16419.0,7.142
16205,16420.0,9.935
16206,16421.0,6.661
16207,16422.0,6.068
16208,16423.0,6.109
16209,16424.0,7.985
16210,16425.0,8.613
16211,16426.0,6.3
16212,16427.0,7.182
16213,16428.0,8.974
16214,16429.0,7.664
16215,16430.0,6.42
16216,16431.0,9.174
16217,16432.0,6.591
16218,16433.0,8.266
16219,16434.0,6.229
16220,16435.0,6.31
16221,16436.0,5.868
16222,16437.0,6.551
16223,16438.0,6.149
16224,16439.0,6.35
16225,16440.0,6.35
16226,16441.0,6.269
16227,16442.0,9.695
16228,16443.0,7.263
16229,16444.0,8.025
16230,16445.0,8.693
16231,16446.0,8.934
16232,16447.0,7.664
16233,16448.0,9.495
16234,16449.0,7.303
16235,16450.0,6.229
16236,16451.0,6.189
16237,16452.0,9.415
16238,16453.0,6.902
16239,16454.0,6.621
16240,16455.0,7.824
16241,16456.0,8.854
16242,16457.0,6.31
16243,16458.0,6.982
16244,16459.0,7.824
16245,16460.0,6.701
16246,16461.0,7.824
16247,16462.0,6.229
16248,16463.0,6.861
16249,16464.0,5.385
16250,16465.0,5.948
16251,16466.0,6.31
16252,16467.0,6.39
16253,16468.0,6.5
16254,16469.0,6.109
16255,16470.0,8.145
16256,16471.0,9.134
16257,16472.0,6.511
16258,16473.0,9.975
16259,16474.0,6.661
16260,16475.0,10.216
16261,16476.0,7.744
16262,16477.0,9.254
16263,16478.0,6.229
16264,16479.0,6.028
16265,16480.0,6.39
16266,16481.0,6.661
16267,16482.0,7.985
16268,16483.0,8.733
16269,16484.0,6.259
16270,16485.0,7.142
16271,16487.0,8.894
16272,16488.0,5.948
16273,16489.0,7.463
16274,16490.0,6.189
16275,16491.0,6.861
16276,16492.0,8.426
16277,16493.0,5.586
16278,16494.0,5.747
16279,16495.0,6.551
16280,16496.0,6.189
16281,16497.0,6.31
16282,16498.0,6.39
16283,16499.0,6.269
16284,16500.0,9.775
16285,16501.0,7.223
16286,16502.0,8.145
16287,16503.0,8.573
16288,16504.0,9.054
16289,16505.0,7.624
16290,16506.0,9.575
16291,16507.0,7.263
16292,16508.0,6.189
16293,16509.0,6.189
16294,16510.0,9.455
16295,16511.0,7.062
16296,16512.0,6.58
16297,16513.0,7.744
16298,16514.0,8.974
16299,16515.0,6.269
16300,16516.0,6.942
16301,16517.0,7.865
16302,16518.0,6.701
16303,16519.0,7.865
16304,16520.0,6.229
16305,16521.0,6.861
16306,16522.0,5.425
16307,16523.0,5.908
16308,16524.0,6.269
16309,16525.0,6.39
16310,16526.0,6.46
16311,16527.0,6.109
16312,16528.0,8.226
16313,16529.0,9.054
16314,16530.0,6.5
16315,16531.0,9.975
16316,16532.0,6.661
16317,16533.0,10.176
16318,16534.0,7.784
16319,16535.0,9.134
16320,16536.0,6.259
16321,16537.0,6.028
16322,16538.0,6.46
16323,16539.0,6.621
16324,16540.0,7.905
16325,16541.0,8.774
16326,16542.0,6.259
16327,16543.0,7.022
16328,16544.0,8.693
16329,16545.0,5.908
16330,16546.0,7.383
16331,16547.0,6.149
16332,16548.0,6.821
16333,16549.0,8.306
16334,16550.0,5.546
16335,16551.0,5.868
16336,16552.0,6.43
16337,16553.0,6.701
16338,16554.0,6.189
16339,16555.0,6.35
16340,16556.0,6.028
16341,16557.0,10.136
16342,16558.0,6.821
16343,16559.0,9.134
16344,16560.0,7.744
16345,16561.0,9.695
16346,16563.0,7.022
16347,16564.0,9.975
16348,16565.0,6.58
16349,16566.0,6.068
16350,16567.0,6.068
16351,16568.0,7.824
16352,16569.0,8.814
16353,16570.0,6.3
16354,16571.0,6.982
16355,16572.0,8.653
16356,16573.0,7.945
16357,16574.0,6.38
16358,16575.0,9.334
16359,16576.0,6.551
16360,16577.0,8.065
16361,16578.0,6.31
16362,16579.0,6.179
16363,16580.0,5.707
16364,16581.0,6.54
16365,16582.0,6.35
16366,16583.0,6.31
16367,16584.0,6.39
16368,16585.0,6.47
16369,16586.0,9.374
16370,16587.0,7.624
16371,16588.0,6.982
16372,16589.0,9.935
16373,16590.0,8.386
16374,16591.0,8.467
16375,16592.0,9.094
16376,16593.0,7.744
16377,16594.0,6.269
16378,16595.0,6.149
16379,16596.0,8.774
16380,16597.0,6.259
16381,16598.0,7.062
16382,16599.0,8.693
16383,16600.0,7.945
16384,16601.0,6.34
16385,16602.0,7.263
16386,16603.0,6.38
16387,16604.0,6.861
16388,16605.0,6.43
16389,16606.0,6.3
16390,16607.0,7.102
16391,16608.0,5.193
16392,16609.0,5.827
16393,16610.0,6.43
16394,16611.0,6.621
16395,16612.0,6.189
16396,16613.0,6.35
16397,16614.0,6.028
16398,16615.0,10.136
16399,16616.0,6.821
16400,16617.0,9.214
16401,16618.0,7.624
16402,16619.0,9.735
16403,16620.0,6.982
16404,16621.0,10.016
16405,16622.0,6.54
16406,16623.0,6.068
16407,16624.0,6.068
16408,16625.0,7.744
16409,16626.0,8.974
16410,16627.0,6.3
16411,16628.0,6.942
16412,16629.0,8.533
16413,16630.0,8.105
16414,16631.0,6.34
16415,16632.0,9.374
16416,16633.0,6.5
16417,16634.0,8.025
16418,16635.0,6.39
16419,16636.0,6.139
16420,16637.0,5.586
16421,16639.0,6.47
16422,16640.0,6.189
16423,16641.0,6.35
16424,16642.0,6.39
16425,16643.0,6.621
16426,16644.0,9.054
16427,16645.0,7.784
16428,16646.0,6.39
16429,16647.0,10.216
16430,16648.0,7.865
16431,16649.0,9.054
16432,16650.0,8.774
16433,16651.0,7.905
16434,16652.0,6.229
16435,16653.0,6.109
16436,16654.0,8.226
16437,16655.0,6.259
16438,16656.0,7.263
16439,16657.0,9.374
16440,16658.0,7.223
16441,16659.0,6.5
16442,16660.0,7.664
16443,16661.0,5.988
16444,16662.0,7.022
16445,16663.0,6.189
16446,16664.0,6.46
16447,16665.0,7.383
16448,16666.0,5.385
16449,16667.0,5.868
16450,16668.0,6.43
16451,16669.0,6.46
16452,16670.0,6.149
16453,16671.0,6.39
16454,16672.0,6.31
16455,16673.0,10.216
16456,16674.0,6.792
16457,16675.0,9.455
16458,16676.0,7.303
16459,16677.0,9.895
16460,16678.0,6.781
16461,16679.0,10.096
16462,16680.0,6.42
16463,16681.0,5.948
16464,16682.0,5.988
16465,16683.0,7.303
16466,16684.0,9.455
16467,16685.0,6.661
16468,16686.0,6.701
16469,16687.0,7.945
16470,16688.0,8.774
16471,16689.0,6.139
16472,16690.0,8.814
16473,16691.0,6.35
16474,16692.0,7.584
16475,16693.0,7.423
16476,16694.0,6.028
16477,16695.0,5.707
16478,16696.0,6.631
16479,16697.0,6.31
16480,16698.0,6.35
16481,16699.0,6.39
16482,16700.0,6.43
16483,16701.0,9.455
16484,16702.0,7.544
16485,16703.0,7.263
16486,16704.0,9.535
16487,16705.0,8.547
16488,16706.0,8.226
16489,16707.0,9.214
16490,16708.0,7.784
16491,16709.0,6.229
16492,16710.0,6.189
16493,16711.0,8.974
16494,16712.0,6.269
16495,16713.0,6.861
16496,16715.0,8.413
16497,16716.0,8.226
16498,16717.0,6.259
16499,16718.0,7.142
16500,16719.0,6.781
16501,16720.0,6.861
16502,16721.0,6.821
16503,16722.0,6.31
16504,16723.0,6.982
16505,16724.0,5.868
16506,16725.0,6.269
16507,16726.0,6.109
16508,16727.0,6.35
16509,16728.0,6.42
16510,16729.0,6.661
16511,16730.0,9.014
16512,16731.0,7.865
16513,16732.0,6.47
16514,16733.0,10.176
16515,16734.0,7.865
16516,16735.0,9.054
16517,16736.0,8.774
16518,16737.0,7.905
16519,16738.0,6.229
16520,16739.0,6.109
16521,16740.0,8.226
16522,16741.0,6.219
16523,16742.0,7.303
16524,16743.0,9.294
16525,16744.0,7.303
16526,16745.0,6.5
16527,16746.0,7.584
16528,16747.0,5.988
16529,16748.0,6.982
16530,16749.0,6.189
16531,16750.0,6.46
16532,16751.0,7.383
16533,16752.0,5.466
16534,16753.0,5.868
16535,16754.0,6.43
16536,16755.0,6.31
16537,16756.0,6.861
16538,16757.0,6.269
16539,16758.0,7.142
16540,16759.0,10.296
16541,16760.0,6.902
16542,16761.0,9.655
16543,16762.0,6.942
16544,16763.0,9.975
16545,16764.0,6.701
16546,16765.0,10.216
16547,16766.0,6.259
16548,16767.0,5.868
16549,16768.0,5.988
16550,16769.0,7.142
16551,16770.0,9.134
16552,16771.0,7.503
16553,16772.0,6.5
16554,16773.0,7.463
16555,16774.0,9.254
16556,16775.0,6.028
16557,16776.0,8.226
16558,16777.0,6.269
16559,16778.0,7.182
16560,16779.0,8.145
16561,16780.0,5.827
16562,16781.0,5.827
16563,16782.0,6.511
16564,16783.0,6.109
16565,16784.0,6.31
16566,16785.0,6.35
16567,16786.0,6.189
16568,16787.0,9.815
16569,16788.0,7.142
16570,16789.0,8.306
16571,16790.0,8.346
16572,16792.0,9.134
16573,16793.0,7.824
16574,16794.0,9.615
16575,16795.0,7.102
16576,16796.0,6.189
16577,16797.0,6.35
16578,16798.0,9.054
16579,16799.0,7.503
16580,16800.0,6.46
16581,16801.0,7.463
16582,16802.0,9.214
16583,16803.0,6.259
16584,16804.0,6.741
16585,16805.0,8.306
16586,16806.0,6.671
16587,16807.0,8.346
16588,16808.0,6.229
16589,16809.0,6.621
16590,16810.0,5.586
16591,16811.0,5.908
16592,16812.0,6.149
16593,16813.0,6.35
16594,16814.0,6.35
16595,16815.0,6.781
16596,16816.0,8.854
16597,16817.0,8.105
16598,16818.0,6.39
16599,16819.0,10.136
16600,16820.0,7.503
16601,16821.0,9.575
16602,16822.0,8.507
16603,16823.0,8.226
16604,16824.0,6.229
16605,16825.0,6.068
16606,16826.0,7.784
16607,16827.0,6.34
16608,16828.0,7.343
16609,16829.0,9.415
16610,16830.0,6.621
16611,16831.0,6.661
16612,16832.0,7.985
16613,16833.0,5.948
16614,16834.0,7.142
16615,16835.0,6.189
16616,16836.0,6.58
16617,16837.0,7.664
16618,16838.0,5.425
16619,16839.0,5.868
16620,16840.0,6.43
16621,16841.0,6.511
16622,16842.0,6.149
16623,16843.0,6.35
16624,16844.0,6.31
16625,16845.0,10.176
16626,16846.0,6.792
16627,16847.0,9.374
16628,16848.0,7.423
16629,16849.0,9.815
16630,16850.0,6.821
16631,16851.0,10.056
16632,16852.0,6.46
16633,16853.0,5.948
16634,16854.0,6.028
16635,16855.0,7.383
16636,16856.0,9.334
16637,16857.0,6.269
16638,16858.0,6.781
16639,16859.0,8.145
16640,16860.0,8.533
16641,16861.0,6.179
16642,16862.0,9.054
16643,16863.0,6.39
16644,16864.0,7.704
16645,16865.0,7.062
16646,16867.0,6.028
16647,16868.0,5.515
16648,16869.0,6.39
16649,16870.0,6.149
16650,16871.0,6.35
16651,16872.0,6.39
16652,16873.0,6.621
16653,16874.0,9.054
16654,16875.0,7.824
16655,16876.0,6.35
16656,16877.0,10.176
16657,16878.0,7.865
16658,16879.0,9.054
16659,16880.0,8.733
16660,16881.0,7.905
16661,16882.0,6.189
16662,16883.0,6.109
16663,16884.0,8.145
16664,16885.0,6.259
16665,16886.0,7.182
16666,16887.0,9.374
16667,16888.0,7.182
16668,16889.0,6.5
16669,16890.0,7.624
16670,16891.0,5.948
16671,16892.0,7.022
16672,16893.0,6.189
16673,16894.0,6.47
16674,16895.0,7.423
16675,16896.0,5.345
16676,16897.0,5.908
16677,16898.0,6.39
16678,16899.0,6.511
16679,16900.0,6.109
16680,16901.0,6.39
16681,16902.0,6.269
16682,16903.0,10.176
16683,16904.0,6.752
16684,16905.0,9.415
16685,16906.0,7.303
16686,16907.0,9.855
16687,16908.0,6.781
16688,16909.0,10.096
16689,16910.0,6.42
16690,16911.0,5.948
16691,16912.0,5.988
16692,16913.0,7.343
16693,16914.0,9.374
16694,16915.0,6.43
16695,16916.0,6.741
16696,16917.0,8.065
16697,16918.0,8.613
16698,16919.0,6.189
16699,16920.0,8.934
16700,16921.0,6.39
16701,16922.0,7.624
16702,16923.0,7.263
16703,16924.0,6.028
16704,16925.0,5.586
16705,16926.0,6.631
16706,16927.0,6.39
16707,16928.0,6.35
16708,16929.0,6.39
16709,16930.0,6.631
16710,16931.0,9.134
16711,16932.0,7.664
16712,16933.0,6.551
16713,16934.0,10.216
16714,16935.0,8.065
16715,16936.0,8.774
16716,16937.0,8.894
16717,16938.0,7.744
16718,16939.0,6.229
16719,16940.0,6.149
16720,16942.0,8.426
16721,16943.0,6.31
16722,16944.0,7.182
16723,16945.0,9.054
16724,16946.0,7.584
16725,16947.0,6.46
16726,16948.0,7.423
16727,16949.0,6.028
16728,16950.0,6.902
16729,16951.0,6.229
16730,16952.0,6.39
16731,16953.0,7.263
16732,16954.0,5.265
16733,16955.0,5.747
16734,16956.0,6.47
16735,16957.0,6.109
16736,16958.0,6.39
16737,16959.0,6.35
16738,16960.0,6.149
16739,16961.0,9.855
16740,16962.0,7.062
16741,16963.0,8.507
16742,16964.0,8.065
16743,16965.0,9.254
16744,16966.0,7.664
16745,16967.0,9.695
16746,16968.0,6.982
16747,16969.0,6.189
16748,16970.0,6.31
16749,16971.0,8.814
16750,16972.0,7.744
16751,16973.0,6.42
16752,16974.0,7.383
16753,16975.0,9.334
16754,16976.0,6.47
16755,16977.0,6.701
16756,16978.0,8.467
16757,16979.0,6.631
16758,16980.0,8.507
16759,16981.0,6.229
16760,16982.0,6.54
16761,16983.0,5.345
16762,16984.0,5.948
16763,16985.0,6.35
16764,16986.0,6.39
16765,16987.0,6.551
16766,16988.0,6.149
16767,16989.0,8.145
16768,16990.0,9.134
16769,16991.0,6.511
16770,16992.0,9.935
16771,16993.0,6.661
16772,16994.0,10.216
16773,16995.0,7.664
16774,16996.0,9.334
16775,16997.0,6.269
16776,16998.0,6.028
16777,16999.0,6.31
16778,17000.0,6.701
16779,17001.0,8.025
16780,17002.0,8.613
16781,17003.0,6.269
16782,17004.0,7.142
16783,17005.0,8.934
16784,17006.0,5.908
16785,17007.0,7.503
16786,17008.0,6.189
16787,17009.0,6.861
16788,17010.0,8.426
16789,17011.0,5.626
16790,17012.0,5.868
16791,17013.0,6.43
16792,17014.0,6.781
16793,17015.0,6.229
16794,17016.0,6.35
16795,17017.0,6.068
16796,17019.0,10.056
16797,17020.0,6.861
16798,17021.0,8.974
16799,17022.0,7.824
16800,17023.0,9.615
16801,17024.0,7.223
16802,17025.0,9.935
16803,17026.0,6.661
16804,17027.0,6.109
16805,17028.0,6.149
16806,17029.0,8.065
16807,17030.0,8.573
16808,17031.0,6.31
16809,17032.0,7.142
16810,17033.0,9.014
16811,17034.0,7.584
16812,17035.0,6.46
16813,17036.0,9.134
16814,17037.0,6.671
16815,17038.0,8.346
16816,17039.0,6.269
16817,17040.0,6.3
16818,17041.0,5.667
16819,17042.0,6.631
16820,17043.0,6.43
16821,17044.0,6.35
16822,17045.0,6.43
16823,17046.0,6.591
16824,17047.0,9.214
16825,17048.0,7.664
16826,17049.0,6.551
16827,17050.0,10.216
16828,17051.0,8.025
16829,17052.0,8.854
16830,17053.0,8.854
16831,17054.0,7.784
16832,17055.0,6.269
16833,17056.0,6.109
16834,17057.0,8.346
16835,17058.0,6.269
16836,17059.0,7.223
16837,17060.0,9.134
16838,17061.0,7.423
16839,17062.0,6.5
16840,17063.0,7.544
16841,17064.0,5.988
16842,17065.0,6.982
16843,17066.0,6.189
16844,17067.0,6.43
16845,17068.0,7.303
16846,17069.0,5.305
16847,17070.0,5.908
16848,17071.0,6.35
16849,17072.0,6.35
16850,17073.0,6.631
16851,17074.0,6.269
16852,17075.0,6.942
16853,17076.0,10.296
16854,17077.0,6.913
16855,17078.0,9.655
16856,17079.0,6.982
16857,17080.0,9.975
16858,17081.0,6.661
16859,17082.0,10.176
16860,17083.0,6.269
16861,17084.0,5.908
16862,17085.0,5.948
16863,17086.0,7.223
16864,17087.0,9.174
16865,17088.0,7.423
16866,17089.0,6.5
16867,17090.0,7.544
16868,17091.0,9.134
16869,17092.0,6.068
16870,17093.0,8.253
16871,17094.0,6.269
16872,17096.0,7.223
16873,17097.0,8.065
16874,17098.0,5.827
16875,17099.0,5.747
16876,17100.0,6.591
16877,17101.0,6.229
16878,17102.0,6.35
16879,17103.0,6.39
16880,17104.0,6.35
16881,17105.0,9.655
16882,17106.0,7.383
16883,17107.0,7.784
16884,17108.0,8.974
16885,17109.0,8.814
16886,17110.0,7.824
16887,17111.0,9.455
16888,17112.0,7.463
16889,17113.0,6.229
16890,17114.0,6.229
16891,17115.0,9.334
16892,17116.0,6.47
16893,17117.0,6.741
16894,17118.0,8.065
16895,17119.0,8.653
16896,17120.0,6.259
16897,17121.0,7.142
16898,17122.0,7.423
16899,17123.0,6.781
16900,17124.0,7.463
16901,17125.0,6.259
16902,17126.0,6.821
16903,17127.0,5.425
16904,17128.0,5.908
16905,17129.0,6.43
16906,17130.0,6.39
16907,17131.0,6.661
16908,17132.0,6.189
16909,17133.0,7.784
16910,17134.0,9.695
16911,17135.0,6.712
16912,17136.0,9.855
16913,17137.0,6.741
16914,17138.0,10.096
16915,17139.0,7.263
16916,17140.0,9.935
16917,17141.0,6.149
16918,17142.0,5.948
16919,17143.0,5.988
16920,17144.0,6.861
16921,17145.0,8.413
16922,17146.0,8.226
16923,17147.0,6.259
16924,17148.0,7.102
16925,17149.0,9.455
16926,17150.0,5.988
16927,17151.0,7.784
16928,17152.0,6.149
16929,17153.0,6.902
16930,17154.0,8.653
16931,17155.0,5.707
16932,17156.0,5.868
16933,17157.0,6.47
16934,17158.0,6.35
16935,17159.0,6.31
16936,17160.0,6.35
16937,17161.0,6.149
16938,17162.0,9.935
16939,17163.0,6.942
16940,17164.0,8.774
16941,17165.0,7.744
16942,17166.0,9.455
16943,17167.0,7.343
16944,17168.0,9.815
16945,17169.0,6.781
16946,17170.0,6.189
16947,17171.0,6.189
16948,17172.0,8.333
16949,17174.0,8.266
16950,17175.0,6.3
16951,17176.0,7.142
16952,17177.0,9.415
16953,17178.0,7.142
16954,17179.0,6.54
16955,17180.0,8.894
16956,17181.0,6.591
16957,17182.0,8.587
16958,17183.0,6.229
16959,17184.0,6.42
16960,17185.0,5.273
16961,17186.0,5.908
16962,17187.0,6.35
16963,17188.0,6.35
16964,17189.0,6.58
16965,17190.0,6.149
16966,17191.0,7.744
16967,17192.0,9.695
16968,17193.0,6.661
16969,17194.0,9.735
16970,17195.0,6.781
16971,17196.0,10.016
16972,17197.0,6.821
16973,17198.0,10.176
16974,17199.0,6.219
16975,17200.0,5.868
16976,17201.0,5.988
16977,17202.0,7.102
16978,17203.0,9.094
16979,17204.0,7.423
16980,17205.0,6.5
16981,17206.0,7.624
16982,17207.0,9.014
16983,17208.0,6.109
16984,17209.0,8.493
16985,17210.0,6.31
16986,17211.0,7.463
16987,17212.0,7.544
16988,17213.0,6.028
16989,17214.0,5.827
16990,17215.0,6.591
16991,17216.0,6.149
16992,17217.0,6.35
16993,17218.0,6.35
16994,17219.0,6.35
16995,17220.0,9.695
16996,17221.0,7.303
16997,17222.0,7.824
16998,17223.0,8.854
16999,17224.0,8.814
17000,17225.0,7.865
17001,17226.0,9.294
17002,17227.0,7.544
17003,17228.0,6.189
17004,17229.0,6.189
17005,17230.0,9.054
17006,17231.0,6.31
17007,17232.0,6.861
17008,17233.0,8.413
17009,17234.0,8.105
17010,17235.0,6.3
17011,17236.0,7.182
17012,17237.0,6.661
17013,17238.0,6.821
17014,17239.0,6.701
17015,17240.0,6.31
17016,17241.0,7.022
17017,17242.0,5.466
17018,17243.0,5.908
17019,17244.0,6.43
17020,17245.0,6.39
17021,17246.0,6.671
17022,17247.0,6.189
17023,17249.0,7.664
17024,17250.0,9.775
17025,17251.0,6.701
17026,17252.0,9.775
17027,17253.0,6.741
17028,17254.0,10.056
17029,17255.0,7.182
17030,17256.0,9.935
17031,17257.0,6.149
17032,17258.0,5.908
17033,17259.0,5.988
17034,17260.0,6.861
17035,17261.0,8.426
17036,17262.0,8.226
17037,17263.0,6.269
17038,17264.0,7.142
17039,17265.0,9.374
17040,17266.0,5.988
17041,17267.0,7.744
17042,17268.0,6.149
17043,17269.0,6.902
17044,17270.0,8.733
17045,17271.0,5.667
17046,17272.0,5.747
17047,17273.0,6.511
17048,17274.0,6.109
17049,17275.0,6.47
17050,17276.0,6.35
17051,17277.0,6.229
17052,17278.0,9.815
17053,17279.0,7.142
17054,17280.0,8.426
17055,17281.0,8.186
17056,17282.0,9.174
17057,17283.0,7.704
17058,17284.0,9.695
17059,17285.0,7.062
17060,17286.0,6.189
17061,17287.0,6.35
17062,17288.0,8.894
17063,17289.0,7.624
17064,17290.0,6.42
17065,17291.0,7.463
17066,17292.0,9.254
17067,17293.0,6.31
17068,17294.0,6.741
17069,17295.0,8.426
17070,17296.0,6.631
17071,17297.0,8.426
17072,17298.0,6.229
17073,17299.0,6.621
17074,17300.0,5.626
17075,17301.0,5.948
17076,17302.0,6.149
17077,17303.0,6.39
17078,17304.0,6.31
17079,17305.0,6.861
17080,17306.0,8.814
17081,17307.0,8.186
17082,17308.0,6.39
17083,17309.0,10.136
17084,17310.0,7.463
17085,17311.0,9.575
17086,17312.0,8.507
17087,17313.0,8.306
17088,17314.0,6.229
17089,17315.0,6.109
17090,17316.0,7.744
17091,17317.0,6.38
17092,17318.0,7.263
17093,17319.0,9.495
17094,17320.0,6.661
17095,17321.0,6.701
17096,17322.0,7.905
17097,17323.0,5.948
17098,17325.0,7.102
17099,17326.0,6.189
17100,17327.0,6.551
17101,17328.0,7.624
17102,17329.0,5.385
17103,17330.0,5.676
17104,17331.0,6.511
17105,17332.0,6.149
17106,17333.0,6.31
17107,17334.0,6.35
17108,17335.0,6.229
17109,17336.0,9.695
17110,17337.0,7.182
17111,17338.0,8.145
17112,17339.0,8.467
17113,17340.0,9.054
17114,17341.0,7.704
17115,17342.0,9.575
17116,17343.0,7.223
17117,17344.0,6.229
17118,17345.0,6.269
17119,17346.0,9.334
17120,17347.0,7.182
17121,17348.0,6.54
17122,17349.0,7.704
17123,17350.0,9.014
17124,17351.0,6.259
17125,17352.0,6.902
17126,17353.0,8.025
17127,17354.0,6.671
17128,17355.0,8.065
17129,17356.0,6.229
17130,17357.0,6.741
17131,17358.0,5.506
17132,17359.0,5.908
17133,17360.0,6.229
17134,17361.0,6.35
17135,17362.0,6.39
17136,17363.0,6.31
17137,17364.0,8.507
17138,17365.0,8.573
17139,17366.0,6.39
17140,17367.0,10.056
17141,17368.0,6.942
17142,17369.0,10.136
17143,17370.0,8.145
17144,17371.0,8.653
17145,17372.0,6.229
17146,17373.0,6.068
17147,17374.0,7.142
17148,17375.0,6.5
17149,17376.0,7.584
17150,17377.0,9.134
17151,17378.0,6.269
17152,17379.0,6.861
17153,17380.0,8.306
17154,17381.0,5.868
17155,17382.0,7.263
17156,17383.0,6.189
17157,17384.0,6.661
17158,17385.0,7.945
17159,17386.0,5.466
17160,17387.0,5.908
17161,17388.0,6.43
17162,17389.0,6.591
17163,17390.0,6.149
17164,17391.0,6.35
17165,17392.0,5.988
17166,17393.0,10.176
17167,17394.0,6.792
17168,17395.0,9.294
17169,17396.0,7.503
17170,17397.0,9.775
17171,17398.0,6.902
17172,17399.0,10.056
17173,17401.0,6.5
17174,17402.0,6.068
17175,17403.0,6.028
17176,17404.0,7.624
17177,17405.0,9.094
17178,17406.0,6.34
17179,17407.0,6.861
17180,17408.0,8.373
17181,17409.0,8.266
17182,17410.0,6.3
17183,17411.0,9.294
17184,17412.0,6.511
17185,17413.0,7.865
17186,17414.0,6.781
17187,17415.0,6.149
17188,17416.0,5.787
17189,17417.0,6.551
17190,17418.0,6.229
17191,17419.0,6.31
17192,17420.0,6.35
17193,17421.0,6.35
17194,17422.0,9.535
17195,17423.0,7.383
17196,17424.0,7.664
17197,17425.0,9.054
17198,17426.0,8.733
17199,17427.0,7.905
17200,17428.0,9.374
17201,17429.0,7.503
17202,17430.0,6.189
17203,17431.0,6.189
17204,17432.0,9.214
17205,17433.0,6.31
17206,17434.0,6.741
17207,17435.0,8.105
17208,17436.0,8.533
17209,17437.0,6.259
17210,17438.0,7.142
17211,17439.0,7.303
17212,17440.0,6.741
17213,17441.0,7.303
17214,17442.0,6.229
17215,17443.0,6.861
17216,17444.0,5.425
17217,17445.0,5.908
17218,17446.0,6.39
17219,17447.0,6.39
17220,17448.0,6.661
17221,17449.0,6.189
17222,17450.0,7.664
17223,17451.0,9.815
17224,17452.0,6.671
17225,17453.0,9.815
17226,17454.0,6.741
17227,17455.0,10.136
17228,17456.0,7.142
17229,17457.0,9.975
17230,17458.0,6.149
17231,17459.0,5.948
17232,17460.0,5.988
17233,17461.0,6.861
17234,17462.0,8.413
17235,17463.0,8.186
17236,17464.0,6.3
17237,17465.0,7.142
17238,17466.0,9.455
17239,17467.0,6.028
17240,17468.0,7.784
17241,17469.0,6.189
17242,17470.0,6.942
17243,17471.0,8.693
17244,17472.0,5.707
17245,17473.0,5.313
17246,17474.0,5.908
17247,17475.0,6.189
17248,17476.0,6.35
17249,17478.0,6.31
17250,17479.0,6.781
17251,17480.0,8.854
17252,17481.0,8.105
17253,17482.0,6.39
17254,17483.0,10.136
17255,17484.0,7.503
17256,17485.0,9.535
17257,17486.0,8.533
17258,17487.0,8.226
17259,17488.0,6.269
17260,17489.0,6.109
17261,17490.0,7.784
17262,17491.0,6.38
17263,17492.0,7.343
17264,17493.0,9.415
17265,17494.0,6.661
17266,17495.0,6.661
17267,17496.0,7.985
17268,17497.0,5.948
17269,17498.0,7.142
17270,17499.0,6.189
17271,17500.0,6.58
17272,17501.0,7.664
17273,17502.0,5.466
17274,17503.0,5.868
17275,17504.0,6.47
17276,17505.0,6.54
17277,17506.0,6.149
17278,17507.0,6.31
17279,17508.0,6.109
17280,17509.0,10.176
17281,17510.0,6.792
17282,17511.0,9.374
17283,17512.0,7.463
17284,17513.0,9.815
17285,17514.0,6.902
17286,17515.0,10.136
17287,17516.0,6.46
17288,17517.0,6.028
17289,17518.0,5.988
17290,17519.0,7.544
17291,17520.0,9.214
17292,17521.0,6.3
17293,17522.0,6.781
17294,17523.0,8.253
17295,17524.0,8.413
17296,17525.0,6.259
17297,17526.0,9.174
17298,17527.0,6.47
17299,17528.0,7.744
17300,17529.0,6.982
17301,17530.0,6.109
17302,17531.0,5.707
17303,17532.0,6.551
17304,17533.0,6.31
17305,17534.0,6.35
17306,17535.0,6.43
17307,17536.0,6.47
17308,17537.0,9.415
17309,17538.0,7.584
17310,17539.0,7.182
17311,17540.0,9.655
17312,17541.0,8.467
17313,17542.0,8.306
17314,17543.0,9.174
17315,17544.0,8.025
17316,17545.0,6.39
17317,17546.0,6.149
17318,17547.0,8.854
17319,17548.0,6.31
17320,17549.0,6.982
17321,17550.0,8.573
17322,17551.0,8.105
17323,17552.0,6.3
17324,17554.0,7.182
17325,17555.0,6.701
17326,17556.0,6.861
17327,17557.0,6.741
17328,17558.0,6.38
17329,17559.0,7.022
17330,17560.0,5.385
17331,17561.0,5.908
17332,17562.0,6.39
17333,17563.0,6.31
17334,17564.0,6.821
17335,17565.0,6.229
17336,17566.0,7.303
17337,17567.0,10.256
17338,17568.0,6.913
17339,17569.0,9.735
17340,17570.0,6.942
17341,17571.0,10.056
17342,17572.0,6.821
17343,17573.0,10.216
17344,17574.0,6.229
17345,17575.0,5.868
17346,17576.0,6.028
17347,17577.0,7.062
17348,17578.0,8.814
17349,17579.0,7.865
17350,17580.0,6.46
17351,17581.0,7.343
17352,17582.0,9.415
17353,17583.0,6.019
17354,17584.0,8.105
17355,17585.0,6.229
17356,17586.0,7.102
17357,17587.0,8.507
17358,17588.0,5.827
17359,17589.0,5.787
17360,17590.0,6.511
17361,17591.0,6.068
17362,17592.0,6.43
17363,17593.0,6.35
17364,17594.0,6.189
17365,17595.0,9.895
17366,17596.0,7.102
17367,17597.0,8.426
17368,17598.0,8.145
17369,17599.0,9.254
17370,17600.0,7.704
17371,17601.0,9.655
17372,17602.0,6.982
17373,17603.0,6.189
17374,17604.0,6.31
17375,17605.0,8.854
17376,17606.0,7.664
17377,17607.0,6.38
17378,17608.0,7.383
17379,17609.0,9.294
17380,17610.0,6.35
17381,17611.0,6.701
17382,17612.0,8.373
17383,17613.0,6.631
17384,17614.0,8.386
17385,17615.0,6.229
17386,17616.0,6.621
17387,17617.0,5.626
17388,17618.0,5.948
17389,17619.0,6.189
17390,17620.0,6.35
17391,17621.0,6.31
17392,17622.0,6.781
17393,17623.0,8.774
17394,17624.0,8.186
17395,17625.0,6.35
17396,17626.0,10.136
17397,17627.0,7.423
17398,17628.0,9.735
17399,17630.0,8.467
17400,17631.0,8.346
17401,17632.0,6.229
17402,17633.0,6.068
17403,17634.0,7.624
17404,17635.0,6.38
17405,17636.0,7.343
17406,17637.0,9.374
17407,17638.0,6.54
17408,17639.0,6.661
17409,17640.0,7.985
17410,17641.0,5.948
17411,17642.0,7.142
17412,17643.0,6.189
17413,17644.0,6.58
17414,17645.0,7.664
17415,17646.0,5.425
17416,17647.0,5.827
17417,17648.0,6.47
17418,17649.0,6.781
17419,17650.0,6.269
17420,17651.0,6.35
17421,17652.0,6.109
17422,17653.0,10.016
17423,17654.0,6.942
17424,17655.0,8.974
17425,17656.0,7.744
17426,17657.0,9.535
17427,17658.0,7.263
17428,17659.0,9.895
17429,17660.0,6.741
17430,17661.0,6.109
17431,17662.0,6.149
17432,17663.0,8.065
17433,17664.0,8.613
17434,17665.0,6.3
17435,17666.0,7.223
17436,17667.0,9.094
17437,17668.0,7.584
17438,17669.0,6.46
17439,17670.0,9.174
17440,17671.0,6.631
17441,17672.0,8.386
17442,17673.0,6.229
17443,17674.0,6.259
17444,17675.0,5.586
17445,17676.0,5.908
17446,17677.0,6.149
17447,17678.0,6.35
17448,17679.0,6.31
17449,17680.0,6.741
17450,17681.0,8.854
17451,17682.0,8.065
17452,17683.0,6.35
17453,17684.0,10.136
17454,17685.0,7.544
17455,17686.0,9.455
17456,17687.0,8.533
17457,17688.0,8.186
17458,17689.0,6.229
17459,17690.0,6.109
17460,17691.0,7.824
17461,17692.0,6.34
17462,17693.0,7.263
17463,17694.0,9.455
17464,17695.0,6.701
17465,17696.0,6.621
17466,17697.0,7.905
17467,17698.0,5.948
17468,17699.0,7.102
17469,17700.0,6.189
17470,17701.0,6.54
17471,17702.0,7.624
17472,17703.0,5.385
17473,17705.0,5.868
17474,17706.0,6.43
17475,17707.0,6.5
17476,17708.0,6.149
17477,17709.0,6.35
17478,17710.0,6.269
17479,17711.0,10.176
17480,17712.0,6.752
17481,17713.0,9.415
17482,17714.0,7.383
17483,17715.0,9.855
17484,17716.0,6.821
17485,17717.0,10.056
17486,17718.0,6.42
17487,17719.0,5.948
17488,17720.0,5.988
17489,17721.0,7.423
17490,17722.0,9.334
17491,17723.0,6.269
17492,17724.0,6.741
17493,17725.0,8.105
17494,17726.0,8.533
17495,17727.0,6.179
17496,17728.0,9.054
17497,17729.0,6.43
17498,17730.0,7.704
17499,17731.0,7.102
17500,17732.0,6.109
17501,17733.0,5.747
17502,17734.0,6.591
17503,17735.0,6.189
17504,17736.0,6.35
17505,17737.0,6.39
17506,17738.0,6.38
17507,17739.0,9.575
17508,17740.0,7.423
17509,17741.0,7.624
17510,17742.0,9.134
17511,17743.0,8.733
17512,17744.0,7.985
17513,17745.0,9.334
17514,17746.0,7.584
17515,17747.0,6.189
17516,17748.0,6.229
17517,17749.0,9.214
17518,17750.0,6.35
17519,17751.0,6.741
17520,17752.0,8.173
17521,17753.0,8.533
17522,17754.0,6.3
17523,17755.0,7.182
17524,17756.0,7.303
17525,17757.0,6.741
17526,17758.0,7.343
17527,17759.0,6.219
17528,17760.0,6.861
17529,17761.0,5.072
17530,17762.0,5.747
17531,17763.0,6.43
17532,17764.0,6.701
17533,17765.0,6.229
17534,17766.0,6.31
17535,17767.0,6.028
17536,17768.0,10.056
17537,17769.0,6.861
17538,17770.0,9.094
17539,17771.0,7.824
17540,17772.0,9.655
17541,17773.0,7.062
17542,17774.0,9.935
17543,17775.0,6.661
17544,17776.0,6.109
17545,17777.0,6.109
17546,17778.0,7.865
17547,17779.0,8.774
17548,17780.0,6.259
17549,17782.0,7.062
17550,17783.0,8.733
17551,17784.0,7.824
17552,17785.0,6.38
17553,17786.0,9.294
17554,17787.0,6.591
17555,17788.0,8.186
17556,17789.0,6.229
17557,17790.0,6.229
17558,17791.0,5.707
17559,17792.0,6.591
17560,17793.0,6.35
17561,17794.0,6.35
17562,17795.0,6.43
17563,17796.0,6.551
17564,17797.0,9.254
17565,17798.0,7.744
17566,17799.0,6.832
17567,17800.0,10.056
17568,17801.0,8.226
17569,17802.0,8.613
17570,17803.0,8.974
17571,17804.0,7.664
17572,17805.0,6.189
17573,17806.0,6.149
17574,17807.0,8.613
17575,17808.0,6.31
17576,17809.0,7.102
17577,17810.0,8.854
17578,17811.0,7.744
17579,17812.0,6.42
17580,17813.0,7.383
17581,17814.0,6.149
17582,17815.0,6.902
17583,17816.0,6.269
17584,17817.0,6.35
17585,17818.0,7.223
17586,17819.0,5.385
17587,17820.0,5.908
17588,17821.0,6.35
17589,17822.0,6.31
17590,17823.0,6.781
17591,17824.0,6.269
17592,17825.0,7.223
17593,17826.0,10.296
17594,17827.0,6.821
17595,17828.0,9.735
17596,17829.0,6.902
17597,17830.0,10.056
17598,17831.0,6.661
17599,17832.0,10.216
17600,17833.0,6.229
17601,17834.0,5.908
17602,17835.0,5.988
17603,17836.0,7.142
17604,17837.0,8.934
17605,17838.0,7.664
17606,17839.0,6.42
17607,17840.0,7.463
17608,17841.0,9.294
17609,17842.0,6.068
17610,17843.0,8.105
17611,17844.0,6.269
17612,17845.0,7.142
17613,17846.0,8.346
17614,17847.0,5.787
17615,17848.0,5.827
17616,17849.0,6.511
17617,17850.0,6.189
17618,17851.0,6.31
17619,17852.0,6.35
17620,17853.0,6.269
17621,17854.0,9.695
17622,17855.0,7.223
17623,17856.0,8.065
17624,17858.0,8.533
17625,17859.0,9.014
17626,17860.0,7.664
17627,17861.0,9.495
17628,17862.0,7.263
17629,17863.0,6.189
17630,17864.0,6.189
17631,17865.0,9.455
17632,17866.0,7.022
17633,17867.0,6.54
17634,17868.0,7.744
17635,17869.0,8.934
17636,17870.0,6.269
17637,17871.0,6.902
17638,17872.0,7.905
17639,17873.0,6.671
17640,17874.0,7.905
17641,17875.0,6.229
17642,17876.0,6.821
17643,17877.0,5.506
17644,17878.0,5.948
17645,17879.0,6.189
17646,17880.0,6.35
17647,17881.0,6.39
17648,17882.0,6.43
17649,17883.0,8.547
17650,17884.0,8.507
17651,17885.0,6.39
17652,17886.0,10.016
17653,17887.0,7.022
17654,17888.0,10.136
17655,17889.0,8.226
17656,17890.0,8.573
17657,17891.0,6.229
17658,17892.0,6.068
17659,17893.0,7.223
17660,17894.0,6.5
17661,17895.0,7.624
17662,17896.0,9.174
17663,17897.0,6.269
17664,17898.0,6.821
17665,17899.0,8.266
17666,17900.0,5.868
17667,17901.0,7.223
17668,17902.0,6.189
17669,17903.0,6.661
17670,17904.0,7.945
17671,17905.0,5.425
17672,17906.0,5.595
17673,17907.0,6.551
17674,17908.0,6.269
17675,17909.0,6.31
17676,17910.0,6.39
17677,17911.0,6.35
17678,17912.0,9.575
17679,17913.0,7.383
17680,17914.0,7.704
17681,17915.0,9.054
17682,17916.0,8.774
17683,17917.0,7.905
17684,17918.0,9.374
17685,17919.0,7.503
17686,17920.0,6.229
17687,17921.0,6.149
17688,17922.0,9.294
17689,17923.0,6.42
17690,17924.0,6.741
17691,17925.0,8.065
17692,17926.0,8.693
17693,17927.0,6.259
17694,17928.0,7.142
17695,17929.0,7.463
17696,17930.0,6.792
17697,17932.0,7.503
17698,17933.0,6.269
17699,17934.0,6.821
17700,17935.0,5.425
17701,17936.0,5.908
17702,17937.0,6.47
17703,17938.0,6.39
17704,17939.0,6.661
17705,17940.0,6.189
17706,17941.0,7.664
17707,17942.0,9.815
17708,17943.0,6.661
17709,17944.0,9.815
17710,17945.0,6.741
17711,17946.0,10.096
17712,17947.0,7.102
17713,17948.0,10.016
17714,17949.0,6.139
17715,17950.0,5.948
17716,17951.0,5.988
17717,17952.0,6.902
17718,17953.0,8.453
17719,17954.0,8.145
17720,17955.0,6.259
17721,17956.0,7.142
17722,17957.0,9.495
17723,17958.0,5.988
17724,17959.0,7.824
17725,17960.0,6.189
17726,17961.0,6.942
17727,17962.0,8.573
17728,17963.0,5.707
17729,17964.0,5.787
17730,17965.0,6.551
17731,17966.0,6.189
17732,17967.0,6.35
17733,17968.0,6.39
17734,17969.0,6.31
17735,17970.0,9.735
17736,17971.0,7.223
17737,17972.0,8.105
17738,17973.0,8.533
17739,17974.0,9.014
17740,17975.0,7.664
17741,17976.0,9.535
17742,17977.0,7.223
17743,17978.0,6.189
17744,17979.0,6.189
17745,17980.0,9.415
17746,17981.0,7.142
17747,17982.0,6.54
17748,17983.0,7.664
17749,17984.0,8.974
17750,17985.0,6.259
17751,17986.0,6.942
17752,17987.0,7.905
17753,17988.0,6.712
17754,17989.0,7.945
17755,17990.0,6.229
17756,17991.0,6.781
17757,17992.0,5.466
17758,17993.0,5.908
17759,17994.0,6.31
17760,17995.0,6.35
17761,17996.0,6.47
17762,17997.0,6.068
17763,17998.0,8.346
17764,17999.0,8.814
17765,18000.0,6.47
17766,18001.0,10.016
17767,18002.0,6.661
17768,18003.0,10.176
17769,18004.0,7.985
17770,18005.0,8.934
17771,18006.0,6.269
17772,18008.0,6.028
17773,18009.0,6.781
17774,18010.0,6.54
17775,18011.0,7.784
17776,18012.0,8.894
17777,18013.0,6.31
17778,18014.0,6.942
17779,18015.0,8.573
17780,18016.0,5.908
17781,18017.0,7.343
17782,18018.0,6.149
17783,18019.0,6.821
17784,18020.0,8.145
17785,18021.0,5.586
17786,18022.0,5.787
17787,18023.0,6.511
17788,18024.0,6.068
17789,18025.0,6.39
17790,18026.0,6.35
17791,18027.0,6.149
17792,18028.0,9.855
17793,18029.0,7.022
17794,18030.0,8.587
17795,18031.0,7.985
17796,18032.0,9.334
17797,18033.0,7.584
17798,18034.0,9.735
17799,18035.0,6.942
17800,18036.0,6.189
17801,18037.0,6.269
17802,18038.0,8.653
17803,18039.0,7.905
17804,18040.0,6.38
17805,18041.0,7.303
17806,18042.0,9.455
17807,18043.0,6.661
17808,18044.0,6.661
17809,18045.0,8.573
17810,18046.0,6.591
17811,18047.0,8.573
17812,18048.0,6.229
17813,18049.0,6.46
17814,18050.0,5.546
17815,18051.0,5.908
17816,18052.0,6.189
17817,18053.0,6.35
17818,18054.0,6.35
17819,18055.0,6.861
17820,18056.0,8.693
17821,18057.0,8.306
17822,18058.0,6.35
17823,18059.0,10.136
17824,18060.0,7.303
17825,18061.0,9.815
17826,18062.0,8.386
17827,18063.0,8.373
17828,18064.0,6.229
17829,18065.0,6.068
17830,18066.0,7.544
17831,18067.0,6.42
17832,18068.0,7.423
17833,18069.0,9.294
17834,18070.0,6.43
17835,18071.0,6.741
17836,18072.0,8.065
17837,18073.0,5.908
17838,18074.0,7.142
17839,18075.0,6.189
17840,18076.0,6.621
17841,18077.0,7.784
17842,18078.0,5.466
17843,18079.0,5.868
17844,18080.0,6.43
17845,18081.0,6.591
17846,18082.0,6.189
17847,18084.0,6.31
17848,18085.0,6.028
17849,18086.0,10.176
17850,18087.0,6.832
17851,18088.0,9.294
17852,18089.0,7.544
17853,18090.0,9.775
17854,18091.0,6.942
17855,18092.0,10.056
17856,18093.0,6.5
17857,18094.0,6.028
17858,18095.0,6.068
17859,18096.0,7.584
17860,18097.0,9.134
17861,18098.0,6.269
17862,18099.0,6.861
17863,18100.0,8.346
17864,18101.0,8.306
17865,18102.0,6.269
17866,18103.0,9.334
17867,18104.0,6.47
17868,18105.0,7.905
17869,18106.0,6.752
17870,18107.0,6.189
17871,18108.0,5.667
17872,18109.0,6.591
17873,18110.0,6.35
17874,18111.0,6.35
17875,18112.0,6.39
17876,18113.0,6.551
17877,18114.0,9.254
17878,18115.0,7.704
17879,18116.0,6.741
17880,18117.0,10.096
17881,18118.0,8.186
17882,18119.0,8.653
17883,18120.0,8.974
17884,18121.0,7.624
17885,18122.0,6.229
17886,18123.0,6.149
17887,18124.0,8.573
17888,18125.0,6.259
17889,18126.0,7.102
17890,18127.0,8.894
17891,18128.0,7.664
17892,18129.0,6.42
17893,18130.0,7.423
17894,18131.0,6.028
17895,18132.0,6.902
17896,18133.0,6.189
17897,18134.0,6.38
17898,18135.0,7.223
17899,18136.0,5.546
17900,18137.0,5.948
17901,18138.0,6.43
17902,18139.0,6.39
17903,18140.0,6.661
17904,18141.0,6.149
17905,18142.0,7.744
17906,18143.0,9.735
17907,18144.0,6.661
17908,18145.0,9.855
17909,18146.0,6.701
17910,18147.0,10.136
17911,18148.0,7.263
17912,18149.0,9.895
17913,18150.0,6.189
17914,18151.0,5.948
17915,18152.0,6.028
17916,18153.0,6.902
17917,18154.0,8.413
17918,18155.0,8.266
17919,18156.0,6.3
17920,18157.0,7.142
17921,18158.0,9.455
17922,18159.0,5.948
17923,18160.0,7.784
17924,18162.0,6.149
17925,18163.0,6.942
17926,18164.0,8.667
17927,18165.0,5.667
17928,18166.0,5.827
17929,18167.0,6.47
17930,18168.0,6.229
17931,18169.0,6.35
17932,18170.0,6.31
17933,18171.0,6.149
17934,18172.0,9.935
17935,18173.0,7.033
17936,18174.0,8.667
17937,18175.0,7.865
17938,18176.0,9.374
17939,18177.0,7.544
17940,18178.0,9.815
17941,18179.0,6.902
17942,18180.0,6.229
17943,18181.0,6.269
17944,18182.0,8.493
17945,18183.0,8.105
17946,18184.0,6.34
17947,18185.0,7.263
17948,18186.0,9.495
17949,18187.0,6.902
17950,18188.0,6.621
17951,18189.0,8.774
17952,18190.0,6.591
17953,18191.0,8.693
17954,18192.0,6.229
17955,18193.0,6.511
17956,18194.0,5.667
17957,18195.0,6.591
17958,18196.0,6.229
17959,18197.0,6.39
17960,18198.0,6.39
17961,18199.0,6.671
17962,18200.0,9.054
17963,18201.0,7.744
17964,18202.0,6.35
17965,18203.0,10.176
17966,18204.0,7.985
17967,18205.0,8.894
17968,18206.0,8.814
17969,18207.0,7.784
17970,18208.0,6.189
17971,18209.0,6.109
17972,18210.0,8.346
17973,18211.0,6.269
17974,18212.0,7.223
17975,18213.0,9.134
17976,18214.0,7.423
17977,18215.0,6.46
17978,18216.0,7.503
17979,18217.0,5.988
17980,18218.0,6.982
17981,18219.0,6.189
17982,18220.0,6.43
17983,18221.0,7.263
17984,18222.0,5.305
17985,18223.0,5.868
17986,18224.0,6.39
17987,18225.0,6.35
17988,18226.0,6.621
17989,18227.0,6.269
17990,18228.0,6.942
17991,18229.0,10.296
17992,18230.0,6.942
17993,18231.0,9.655
17994,18232.0,7.022
17995,18233.0,10.016
17996,18234.0,6.701
17997,18235.0,10.176
17998,18237.0,6.259
17999,18238.0,5.868
18000,18239.0,5.948
18001,18240.0,7.182
18002,18241.0,9.094
18003,18242.0,7.503
18004,18243.0,6.46
18005,18244.0,7.463
18006,18245.0,9.214
18007,18246.0,6.028
18008,18247.0,8.186
18009,18248.0,6.229
18010,18249.0,7.182
18011,18250.0,8.226
18012,18251.0,5.827
18013,18252.0,5.707
18014,18253.0,6.551
18015,18254.0,6.149
18016,18255.0,6.31
18017,18256.0,6.35
18018,18257.0,6.31
18019,18258.0,9.655
18020,18259.0,7.263
18021,18260.0,7.985
18022,18261.0,8.667
18023,18262.0,8.974
18024,18263.0,7.624
18025,18264.0,9.495
18026,18265.0,7.303
18027,18266.0,6.229
18028,18267.0,6.229
18029,18268.0,9.455
18030,18269.0,6.942
18031,18270.0,6.621
18032,18271.0,7.824
18033,18272.0,8.894
18034,18273.0,6.31
18035,18274.0,6.982
18036,18275.0,7.824
18037,18276.0,6.712
18038,18277.0,7.865
18039,18278.0,6.229
18040,18279.0,6.902
18041,18280.0,5.506
18042,18281.0,5.948
18043,18282.0,6.229
18044,18283.0,6.39
18045,18284.0,6.39
18046,18285.0,6.39
18047,18286.0,8.547
18048,18287.0,8.573
18049,18288.0,6.39
18050,18289.0,10.096
18051,18290.0,6.982
18052,18291.0,10.136
18053,18292.0,8.186
18054,18293.0,8.693
18055,18294.0,6.229
18056,18295.0,6.109
18057,18296.0,7.142
18058,18297.0,6.5
18059,18298.0,7.584
18060,18299.0,9.134
18061,18300.0,6.269
18062,18301.0,6.821
18063,18302.0,8.266
18064,18303.0,5.827
18065,18304.0,7.223
18066,18305.0,6.189
18067,18306.0,6.661
18068,18307.0,7.905
18069,18308.0,5.466
18070,18309.0,5.827
18071,18310.0,6.43
18072,18311.0,6.661
18073,18313.0,6.189
18074,18314.0,6.31
18075,18315.0,6.028
18076,18316.0,10.096
18077,18317.0,6.821
18078,18318.0,9.134
18079,18319.0,7.704
18080,18320.0,9.695
18081,18321.0,7.022
18082,18322.0,9.975
18083,18323.0,6.58
18084,18324.0,6.068
18085,18325.0,6.068
18086,18326.0,7.704
18087,18327.0,8.974
18088,18328.0,6.31
18089,18329.0,6.942
18090,18330.0,8.453
18091,18331.0,8.145
18092,18332.0,6.3
18093,18333.0,9.374
18094,18334.0,6.511
18095,18335.0,7.945
18096,18336.0,6.591
18097,18337.0,6.189
18098,18338.0,5.667
18099,18339.0,6.551
18100,18340.0,6.35
18101,18341.0,6.35
18102,18342.0,6.35
18103,18343.0,6.511
18104,18344.0,9.294
18105,18345.0,7.704
18106,18346.0,6.821
18107,18347.0,10.056
18108,18348.0,8.266
18109,18349.0,8.533
18110,18350.0,9.014
18111,18351.0,7.664
18112,18352.0,6.189
18113,18353.0,6.149
18114,18354.0,8.613
18115,18355.0,6.3
18116,18356.0,7.062
18117,18357.0,8.854
18118,18358.0,7.784
18119,18359.0,6.42
18120,18360.0,7.303
18121,18361.0,6.31
18122,18362.0,6.861
18123,18363.0,6.39
18124,18364.0,6.38
18125,18365.0,7.182
18126,18366.0,5.425
18127,18367.0,5.908
18128,18368.0,6.35
18129,18369.0,6.3
18130,18370.0,6.781
18131,18371.0,6.269
18132,18372.0,7.263
18133,18373.0,10.336
18134,18374.0,6.821
18135,18375.0,9.735
18136,18376.0,6.902
18137,18377.0,10.056
18138,18378.0,6.661
18139,18379.0,10.256
18140,18380.0,6.219
18141,18381.0,5.948
18142,18382.0,5.988
18143,18383.0,7.142
18144,18384.0,8.934
18145,18385.0,7.744
18146,18386.0,6.42
18147,18388.0,7.423
18148,18389.0,9.294
18149,18390.0,6.028
18150,18391.0,8.105
18151,18392.0,6.229
18152,18393.0,7.142
18153,18394.0,8.306
18154,18395.0,5.787
18155,18396.0,5.827
18156,18397.0,6.511
18157,18398.0,6.109
18158,18399.0,6.39
18159,18400.0,6.35
18160,18401.0,6.189
18161,18402.0,9.775
18162,18403.0,7.102
18163,18404.0,8.346
18164,18405.0,8.226
18165,18406.0,9.214
18166,18407.0,7.784
18167,18408.0,9.655
18168,18409.0,7.062
18169,18410.0,6.189
18170,18411.0,6.35
18171,18412.0,8.934
18172,18413.0,7.584
18173,18414.0,6.42
18174,18415.0,7.423
18175,18416.0,9.214
18176,18417.0,6.269
18177,18418.0,6.741
18178,18419.0,8.386
18179,18420.0,6.631
18180,18421.0,8.386
18181,18422.0,6.229
18182,18423.0,6.621
18183,18424.0,4.838
18184,18425.0,5.787
18185,18426.0,6.35
18186,18427.0,6.43
18187,18428.0,6.068
18188,18429.0,6.39
18189,18430.0,6.43
18190,18431.0,10.216
18191,18432.0,6.982
18192,18433.0,9.495
18193,18434.0,7.142
18194,18435.0,9.895
18195,18436.0,6.661
18196,18437.0,10.136
18197,18438.0,6.34
18198,18439.0,5.948
18199,18440.0,5.948
18200,18441.0,7.182
18201,18442.0,9.495
18202,18443.0,6.902
18203,18444.0,6.58
18204,18445.0,7.824
18205,18446.0,8.854
18206,18447.0,6.139
18207,18448.0,8.533
18208,18449.0,6.35
18209,18450.0,7.423
18210,18451.0,7.704
18211,18452.0,5.948
18212,18453.0,5.747
18213,18454.0,6.551
18214,18455.0,6.229
18215,18456.0,6.31
18216,18457.0,6.39
18217,18458.0,6.31
18218,18459.0,9.615
18219,18460.0,7.343
18220,18461.0,7.784
18221,18462.0,8.894
18222,18463.0,8.854
18223,18465.0,7.784
18224,18466.0,9.455
18225,18467.0,7.423
18226,18468.0,6.269
18227,18469.0,6.189
18228,18470.0,9.374
18229,18471.0,6.621
18230,18472.0,6.701
18231,18473.0,7.945
18232,18474.0,8.733
18233,18475.0,6.269
18234,18476.0,7.062
18235,18477.0,7.544
18236,18478.0,6.752
18237,18479.0,7.544
18238,18480.0,6.229
18239,18481.0,6.821
18240,18482.0,5.425
18241,18483.0,5.908
18242,18484.0,6.31
18243,18485.0,6.39
18244,18486.0,6.5
18245,18487.0,6.109
18246,18488.0,8.105
18247,18489.0,9.134
18248,18490.0,6.551
18249,18491.0,9.935
18250,18492.0,6.661
18251,18493.0,10.136
18252,18494.0,7.664
18253,18495.0,9.334
18254,18496.0,6.269
18255,18497.0,6.028
18256,18498.0,6.229
18257,18499.0,6.701
18258,18500.0,7.985
18259,18501.0,8.653
18260,18502.0,6.259
18261,18503.0,7.102
18262,18504.0,8.894
18263,18505.0,5.908
18264,18506.0,7.463
18265,18507.0,6.149
18266,18508.0,6.861
18267,18509.0,8.426
18268,18510.0,5.586
18269,18511.0,5.827
18270,18512.0,6.43
18271,18513.0,6.781
18272,18514.0,6.229
18273,18515.0,6.35
18274,18516.0,6.068
18275,18517.0,10.056
18276,18518.0,6.861
18277,18519.0,9.014
18278,18520.0,7.824
18279,18521.0,9.615
18280,18522.0,7.142
18281,18523.0,9.895
18282,18524.0,6.621
18283,18525.0,6.109
18284,18526.0,6.109
18285,18527.0,7.945
18286,18528.0,8.693
18287,18529.0,6.3
18288,18530.0,7.062
18289,18531.0,8.854
18290,18532.0,7.744
18291,18533.0,6.38
18292,18534.0,9.254
18293,18535.0,6.591
18294,18536.0,8.186
18295,18537.0,6.229
18296,18538.0,6.229
18297,18540.0,5.707
18298,18541.0,6.631
18299,18542.0,6.43
18300,18543.0,6.35
18301,18544.0,6.43
18302,18545.0,6.591
18303,18546.0,9.174
18304,18547.0,7.664
18305,18548.0,6.551
18306,18549.0,10.216
18307,18550.0,8.065
18308,18551.0,8.814
18309,18552.0,8.894
18310,18553.0,7.744
18311,18554.0,6.269
18312,18555.0,6.149
18313,18556.0,8.426
18314,18557.0,6.259
18315,18558.0,7.263
18316,18559.0,9.174
18317,18560.0,7.423
18318,18561.0,6.46
18319,18562.0,7.503
18320,18563.0,5.988
18321,18564.0,6.942
18322,18565.0,6.189
18323,18566.0,6.43
18324,18567.0,7.303
18325,18568.0,5.345
18326,18569.0,5.868
18327,18570.0,6.39
18328,18571.0,6.551
18329,18572.0,6.149
18330,18573.0,6.31
18331,18574.0,6.149
18332,18575.0,10.136
18333,18576.0,6.792
18334,18577.0,9.334
18335,18578.0,7.423
18336,18579.0,9.815
18337,18580.0,6.821
18338,18581.0,10.056
18339,18582.0,6.42
18340,18583.0,5.988
18341,18584.0,5.988
18342,18585.0,7.463
18343,18586.0,9.214
18344,18587.0,6.269
18345,18588.0,6.781
18346,18589.0,8.186
18347,18590.0,8.453
18348,18591.0,6.219
18349,18592.0,9.054
18350,18593.0,6.39
18351,18594.0,7.664
18352,18595.0,7.102
18353,18596.0,6.109
18354,18597.0,5.787
18355,18598.0,6.551
18356,18599.0,6.229
18357,18600.0,6.31
18358,18601.0,6.35
18359,18602.0,6.31
18360,18603.0,9.575
18361,18604.0,7.343
18362,18605.0,7.704
18363,18606.0,9.014
18364,18607.0,8.814
18365,18608.0,7.865
18366,18609.0,9.374
18367,18610.0,7.503
18368,18611.0,6.229
18369,18612.0,6.189
18370,18613.0,9.294
18371,18614.0,6.43
18372,18615.0,6.781
18373,18617.0,8.025
18374,18618.0,8.613
18375,18619.0,6.259
18376,18620.0,7.142
18377,18621.0,7.383
18378,18622.0,6.781
18379,18623.0,7.423
18380,18624.0,6.229
18381,18625.0,6.821
18382,18626.0,5.466
18383,18627.0,5.908
18384,18628.0,6.43
18385,18629.0,6.39
18386,18630.0,6.661
18387,18631.0,6.189
18388,18632.0,7.784
18389,18633.0,9.695
18390,18634.0,6.701
18391,18635.0,9.855
18392,18636.0,6.781
18393,18637.0,10.136
18394,18638.0,7.303
18395,18639.0,9.895
18396,18640.0,6.179
18397,18641.0,5.948
18398,18642.0,6.068
18399,18643.0,6.861
18400,18644.0,8.453
18401,18645.0,8.226
18402,18646.0,6.3
18403,18647.0,7.142
18404,18648.0,9.495
18405,18649.0,5.988
18406,18650.0,7.784
18407,18651.0,6.189
18408,18652.0,6.942
18409,18653.0,8.653
18410,18654.0,5.667
18411,18655.0,5.787
18412,18656.0,6.511
18413,18657.0,6.109
18414,18658.0,6.43
18415,18659.0,6.39
18416,18660.0,6.189
18417,18661.0,9.855
18418,18662.0,7.102
18419,18663.0,8.467
18420,18664.0,8.145
18421,18665.0,9.254
18422,18666.0,7.704
18423,18667.0,9.695
18424,18668.0,7.022
18425,18669.0,6.189
18426,18670.0,6.31
18427,18671.0,8.854
18428,18672.0,7.704
18429,18673.0,6.42
18430,18674.0,7.383
18431,18675.0,9.294
18432,18676.0,6.35
18433,18677.0,6.701
18434,18678.0,8.413
18435,18679.0,6.631
18436,18680.0,8.426
18437,18681.0,6.229
18438,18682.0,6.54
18439,18683.0,5.546
18440,18684.0,5.948
18441,18685.0,6.269
18442,18686.0,6.35
18443,18687.0,6.39
18444,18688.0,6.511
18445,18689.0,8.627
18446,18690.0,8.493
18447,18691.0,6.39
18448,18693.0,10.056
18449,18694.0,7.062
18450,18695.0,10.096
18451,18696.0,8.266
18452,18697.0,8.573
18453,18698.0,6.229
18454,18699.0,6.068
18455,18700.0,7.263
18456,18701.0,6.46
18457,18702.0,7.584
18458,18703.0,9.134
18459,18704.0,6.269
18460,18705.0,6.821
18461,18706.0,8.293
18462,18707.0,5.827
18463,18708.0,7.263
18464,18709.0,6.149
18465,18710.0,6.701
18466,18711.0,7.905
18467,18712.0,5.466
18468,18713.0,5.868
18469,18714.0,6.43
18470,18715.0,6.661
18471,18716.0,6.229
18472,18717.0,6.31
18473,18718.0,6.068
18474,18719.0,10.136
18475,18720.0,6.861
18476,18721.0,9.134
18477,18722.0,7.744
18478,18723.0,9.695
18479,18724.0,7.062
18480,18725.0,10.016
18481,18726.0,6.621
18482,18727.0,6.028
18483,18728.0,6.109
18484,18729.0,7.744
18485,18730.0,8.934
18486,18731.0,6.269
18487,18732.0,7.022
18488,18733.0,8.613
18489,18734.0,8.025
18490,18735.0,6.34
18491,18736.0,9.334
18492,18737.0,6.551
18493,18738.0,8.065
18494,18739.0,6.269
18495,18740.0,6.229
18496,18741.0,5.707
18497,18742.0,6.511
18498,18743.0,6.31
18499,18744.0,6.35
18500,18745.0,6.39
18501,18746.0,6.47
18502,18747.0,9.374
18503,18748.0,7.624
18504,18749.0,7.102
18505,18750.0,9.775
18506,18751.0,8.426
18507,18752.0,8.346
18508,18753.0,9.134
18509,18754.0,7.865
18510,18755.0,6.189
18511,18756.0,6.149
18512,18757.0,8.814
18513,18758.0,6.31
18514,18759.0,6.942
18515,18760.0,8.573
18516,18761.0,8.065
18517,18762.0,6.3
18518,18763.0,7.182
18519,18764.0,6.591
18520,18765.0,6.872
18521,18766.0,6.671
18522,18768.0,6.31
18523,18769.0,7.022
18524,18770.0,5.273
18525,18771.0,5.827
18526,18772.0,6.43
18527,18773.0,6.551
18528,18774.0,6.149
18529,18775.0,6.31
18530,18776.0,6.068
18531,18777.0,10.136
18532,18778.0,6.792
18533,18779.0,9.254
18534,18780.0,7.503
18535,18781.0,9.735
18536,18782.0,6.902
18537,18783.0,10.016
18538,18784.0,6.5
18539,18785.0,5.988
18540,18786.0,6.028
18541,18787.0,7.544
18542,18788.0,9.134
18543,18789.0,6.269
18544,18790.0,6.861
18545,18791.0,8.293
18546,18792.0,8.386
18547,18793.0,6.219
18548,18794.0,9.254
18549,18795.0,6.47
18550,18796.0,7.865
18551,18797.0,6.821
18552,18798.0,6.149
18553,18799.0,5.747
18554,18800.0,6.591
18555,18801.0,6.189
18556,18802.0,6.35
18557,18803.0,6.35
18558,18804.0,6.39
18559,18805.0,9.535
18560,18806.0,7.423
18561,18807.0,7.664
18562,18808.0,9.094
18563,18809.0,8.774
18564,18810.0,7.945
18565,18811.0,9.334
18566,18812.0,7.544
18567,18813.0,6.189
18568,18814.0,6.229
18569,18815.0,9.254
18570,18816.0,6.43
18571,18817.0,6.701
18572,18818.0,8.105
18573,18819.0,8.573
18574,18820.0,6.34
18575,18821.0,7.142
18576,18822.0,7.383
18577,18823.0,6.752
18578,18824.0,7.383
18579,18825.0,6.229
18580,18826.0,6.821
18581,18827.0,5.425
18582,18828.0,5.908
18583,18829.0,6.43
18584,18830.0,6.39
18585,18831.0,6.631
18586,18832.0,6.189
18587,18833.0,7.704
18588,18834.0,9.775
18589,18835.0,6.701
18590,18836.0,9.855
18591,18837.0,6.741
18592,18838.0,10.096
18593,18839.0,7.263
18594,18840.0,9.895
18595,18841.0,6.149
18596,18842.0,5.948
18597,18843.0,6.028
18598,18845.0,6.942
18599,18846.0,8.453
18600,18847.0,8.186
18601,18848.0,6.3
18602,18849.0,7.142
18603,18850.0,9.495
18604,18851.0,5.948
18605,18852.0,7.784
18606,18853.0,6.149
18607,18854.0,6.942
18608,18855.0,8.613
18609,18856.0,5.707
18610,18857.0,5.827
18611,18858.0,6.551
18612,18859.0,6.149
18613,18860.0,6.47
18614,18861.0,6.39
18615,18862.0,6.229
18616,18863.0,9.815
18617,18864.0,7.142
18618,18865.0,8.386
18619,18866.0,8.266
18620,18867.0,9.214
18621,18868.0,7.784
18622,18869.0,9.615
18623,18870.0,7.102
18624,18871.0,6.229
18625,18872.0,6.39
18626,18873.0,8.974
18627,18874.0,7.544
18628,18875.0,6.46
18629,18876.0,7.503
18630,18877.0,9.214
18631,18878.0,6.31
18632,18879.0,6.781
18633,18880.0,8.306
18634,18881.0,6.631
18635,18882.0,8.306
18636,18883.0,6.229
18637,18884.0,6.661
18638,18885.0,5.546
18639,18886.0,5.948
18640,18887.0,6.189
18641,18888.0,6.39
18642,18889.0,6.35
18643,18890.0,6.712
18644,18891.0,8.667
18645,18892.0,8.467
18646,18893.0,6.35
18647,18894.0,10.136
18648,18895.0,7.142
18649,18896.0,10.056
18650,18897.0,8.266
18651,18898.0,8.573
18652,18899.0,6.229
18653,18900.0,6.109
18654,18901.0,7.303
18655,18902.0,6.5
18656,18903.0,7.544
18657,18904.0,9.214
18658,18905.0,6.269
18659,18906.0,6.861
18660,18907.0,8.253
18661,18908.0,5.868
18662,18909.0,7.223
18663,18910.0,6.149
18664,18911.0,6.661
18665,18912.0,7.905
18666,18913.0,5.506
18667,18914.0,5.787
18668,18915.0,6.43
18669,18916.0,6.781
18670,18917.0,6.269
18671,18918.0,6.31
18672,18919.0,6.068
18673,18920.0,9.975
18674,18921.0,6.942
18675,18923.0,8.854
18676,18924.0,7.664
18677,18925.0,9.495
18678,18926.0,7.343
18679,18927.0,9.855
18680,18928.0,6.781
18681,18929.0,6.189
18682,18930.0,6.189
18683,18931.0,8.253
18684,18932.0,8.333
18685,18933.0,6.259
18686,18934.0,7.223
18687,18935.0,9.334
18688,18936.0,7.223
18689,18937.0,6.54
18690,18938.0,8.894
18691,18939.0,6.551
18692,18940.0,8.627
18693,18941.0,6.229
18694,18942.0,6.38
18695,18943.0,5.626
18696,18944.0,6.149
18697,18945.0,6.109
18698,18946.0,6.35
18699,18947.0,6.38
18700,18948.0,6.701
18701,18949.0,8.974
18702,18950.0,7.945
18703,18951.0,6.35
18704,18952.0,10.176
18705,18953.0,7.744
18706,18954.0,9.254
18707,18955.0,8.693
18708,18956.0,8.025
18709,18957.0,6.229
18710,18958.0,6.109
18711,18959.0,8.065
18712,18960.0,6.34
18713,18961.0,7.142
18714,18962.0,9.535
18715,18963.0,7.022
18716,18964.0,6.621
18717,18965.0,7.744
18718,18966.0,5.988
18719,18967.0,7.022
18720,18968.0,6.229
18721,18969.0,6.5
18722,18970.0,7.503
18723,18971.0,5.345
18724,18972.0,5.595
18725,18973.0,6.511
18726,18974.0,6.229
18727,18975.0,6.31
18728,18976.0,6.43
18729,18977.0,6.31
18730,18978.0,9.655
18731,18979.0,7.303
18732,18980.0,7.865
18733,18981.0,8.854
18734,18982.0,8.854
18735,18983.0,7.784
18736,18984.0,9.455
18737,18985.0,7.463
18738,18986.0,6.229
18739,18987.0,6.149
18740,18988.0,9.334
18741,18989.0,6.5
18742,18990.0,6.741
18743,18991.0,8.025
18744,18992.0,8.653
18745,18993.0,6.259
18746,18994.0,7.102
18747,18995.0,7.463
18748,18996.0,6.752
18749,18997.0,7.503
18750,18998.0,6.229
18751,19000.0,6.821
18752,19001.0,5.466
18753,19002.0,5.908
18754,19003.0,6.31
18755,19004.0,6.35
18756,19005.0,6.511
18757,19006.0,6.109
18758,19007.0,8.145
18759,19008.0,9.174
18760,19009.0,6.54
18761,19010.0,9.975
18762,19011.0,6.701
18763,19012.0,10.176
18764,19013.0,7.664
18765,19014.0,9.334
18766,19015.0,6.259
18767,19016.0,5.988
18768,19017.0,6.149
18769,19018.0,6.741
18770,19019.0,8.065
18771,19020.0,8.613
18772,19021.0,6.3
18773,19022.0,7.142
18774,19023.0,8.974
18775,19024.0,5.908
18776,19025.0,7.544
18777,19026.0,6.149
18778,19027.0,6.821
18779,19028.0,8.467
18780,19029.0,5.626
18781,19030.0,5.827
18782,19031.0,6.47
18783,19032.0,6.149
18784,19033.0,6.35
18785,19034.0,6.35
18786,19035.0,6.149
18787,19036.0,9.975
18788,19037.0,7.022
18789,19038.0,8.667
18790,19039.0,7.905
18791,19040.0,9.374
18792,19041.0,7.503
18793,19042.0,9.775
18794,19043.0,6.861
18795,19044.0,6.229
18796,19045.0,6.229
18797,19046.0,8.533
18798,19047.0,8.065
18799,19048.0,6.34
18800,19049.0,7.182
18801,19050.0,9.535
18802,19051.0,6.902
18803,19052.0,6.58
18804,19053.0,8.733
18805,19054.0,6.591
18806,19055.0,8.693
18807,19056.0,6.269
18808,19057.0,6.42
18809,19058.0,5.313
18810,19059.0,5.908
18811,19060.0,6.31
18812,19061.0,6.35
18813,19062.0,6.511
18814,19063.0,6.068
18815,19064.0,8.306
18816,19065.0,8.934
18817,19066.0,6.5
18818,19067.0,9.975
18819,19068.0,6.701
18820,19069.0,10.216
18821,19070.0,7.905
18822,19071.0,9.054
18823,19072.0,6.269
18824,19073.0,6.028
18825,19074.0,6.661
18826,19076.0,6.621
18827,19077.0,7.905
18828,19078.0,8.814
18829,19079.0,6.31
18830,19080.0,7.022
18831,19081.0,8.733
18832,19082.0,5.868
18833,19083.0,7.423
18834,19084.0,6.149
18835,19085.0,6.821
18836,19086.0,8.266
18837,19087.0,5.546
18838,19088.0,5.827
18839,19089.0,6.43
18840,19090.0,6.752
18841,19091.0,6.229
18842,19092.0,6.31
18843,19093.0,6.068
18844,19094.0,10.056
18845,19095.0,6.861
18846,19096.0,9.054
18847,19097.0,7.824
18848,19098.0,9.615
18849,19099.0,7.142
18850,19100.0,9.975
18851,19101.0,6.621
18852,19102.0,6.068
18853,19103.0,6.109
18854,19104.0,7.945
18855,19105.0,8.733
18856,19106.0,6.3
18857,19107.0,7.062
18858,19108.0,8.814
18859,19109.0,7.744
18860,19110.0,6.38
18861,19111.0,9.214
18862,19112.0,6.631
18863,19113.0,8.226
18864,19114.0,6.229
18865,19115.0,6.269
18866,19116.0,5.626
18867,19117.0,6.269
18868,19118.0,6.149
18869,19119.0,6.35
18870,19120.0,6.43
18871,19121.0,6.671
18872,19122.0,9.014
18873,19123.0,7.865
18874,19124.0,6.39
18875,19125.0,10.176
18876,19126.0,7.865
18877,19127.0,9.094
18878,19128.0,8.733
18879,19129.0,7.945
18880,19130.0,6.269
18881,19131.0,6.149
18882,19132.0,8.186
18883,19133.0,6.259
18884,19134.0,7.223
18885,19135.0,9.334
18886,19136.0,7.704
18887,19137.0,6.54
18888,19138.0,7.624
18889,19139.0,5.988
18890,19140.0,7.022
18891,19141.0,6.189
18892,19142.0,6.46
18893,19143.0,7.383
18894,19144.0,5.345
18895,19145.0,5.868
18896,19146.0,6.43
18897,19147.0,6.46
18898,19148.0,6.109
18899,19149.0,6.39
18900,19150.0,6.31
18901,19152.0,10.216
18902,19153.0,6.752
18903,19154.0,9.415
18904,19155.0,7.343
18905,19156.0,9.855
18906,19157.0,6.781
18907,19158.0,10.056
18908,19159.0,6.42
18909,19160.0,5.948
18910,19161.0,5.988
18911,19162.0,7.303
18912,19163.0,9.374
18913,19164.0,6.47
18914,19165.0,6.741
18915,19166.0,8.025
18916,19167.0,8.693
18917,19168.0,6.179
18918,19169.0,8.934
18919,19170.0,6.39
18920,19171.0,7.664
18921,19172.0,7.263
18922,19173.0,6.059
18923,19174.0,5.586
18924,19175.0,6.631
18925,19176.0,6.39
18926,19177.0,6.35
18927,19178.0,6.39
18928,19179.0,6.5
18929,19180.0,9.214
18930,19181.0,7.704
18931,19182.0,6.671
18932,19183.0,10.136
18933,19184.0,8.145
18934,19185.0,8.653
18935,19186.0,8.934
18936,19187.0,7.664
18937,19188.0,6.229
18938,19189.0,6.109
18939,19190.0,8.533
18940,19191.0,6.269
18941,19192.0,7.102
18942,19193.0,8.934
18943,19194.0,7.664
18944,19195.0,6.42
18945,19196.0,7.383
18946,19197.0,6.028
18947,19198.0,6.902
18948,19199.0,6.229
18949,19200.0,6.39
18950,19201.0,7.223
18951,19202.0,5.546
18952,19203.0,5.908
18953,19204.0,6.47
18954,19205.0,6.39
18955,19206.0,6.741
18956,19207.0,6.229
18957,19208.0,7.423
18958,19209.0,10.136
18959,19210.0,6.781
18960,19211.0,9.775
18961,19212.0,6.821
18962,19213.0,10.056
18963,19214.0,6.902
18964,19215.0,10.216
18965,19216.0,6.229
18966,19217.0,5.868
18967,19218.0,5.988
18968,19219.0,6.982
18969,19220.0,8.693
18970,19221.0,7.945
18971,19222.0,6.38
18972,19223.0,7.263
18973,19224.0,9.455
18974,19225.0,5.988
18975,19226.0,7.985
18976,19228.0,6.189
18977,19229.0,7.022
18978,19230.0,8.507
18979,19231.0,5.747
18980,19232.0,5.747
18981,19233.0,6.511
18982,19234.0,6.109
18983,19235.0,6.35
18984,19236.0,6.35
18985,19237.0,6.269
18986,19238.0,9.775
18987,19239.0,7.223
18988,19240.0,8.266
18989,19241.0,8.426
18990,19242.0,9.134
18991,19243.0,7.945
18992,19244.0,9.615
18993,19245.0,7.182
18994,19246.0,6.189
18995,19247.0,6.39
18996,19248.0,9.174
18997,19249.0,7.423
18998,19250.0,6.5
18999,19251.0,7.584
19000,19252.0,9.134
19001,19253.0,6.31
19002,19254.0,6.781
19003,19255.0,8.226
19004,19256.0,6.671
19005,19257.0,8.226
19006,19258.0,6.229
19007,19259.0,6.701
19008,19260.0,5.466
19009,19261.0,5.988
19010,19262.0,6.229
19011,19263.0,6.39
19012,19264.0,6.43
19013,19265.0,6.149
19014,19266.0,8.386
19015,19267.0,8.774
19016,19268.0,6.43
19017,19269.0,10.016
19018,19270.0,6.661
19019,19271.0,10.216
19020,19272.0,7.985
19021,19273.0,8.894
19022,19274.0,6.229
19023,19275.0,6.028
19024,19276.0,6.781
19025,19277.0,6.54
19026,19278.0,7.744
19027,19279.0,8.894
19028,19280.0,6.31
19029,19281.0,6.942
19030,19282.0,8.573
19031,19283.0,5.868
19032,19284.0,7.343
19033,19285.0,6.189
19034,19286.0,6.781
19035,19287.0,8.186
19036,19288.0,5.586
19037,19289.0,5.868
19038,19290.0,6.43
19039,19291.0,6.671
19040,19292.0,6.189
19041,19293.0,6.35
19042,19294.0,6.068
19043,19295.0,10.096
19044,19296.0,6.872
19045,19297.0,9.094
19046,19298.0,7.784
19047,19299.0,9.655
19048,19300.0,7.102
19049,19301.0,9.935
19050,19302.0,6.621
19051,19304.0,6.068
19052,19305.0,6.109
19053,19306.0,7.865
19054,19307.0,8.774
19055,19308.0,6.269
19056,19309.0,7.062
19057,19310.0,8.693
19058,19311.0,7.945
19059,19312.0,6.34
19060,19313.0,9.294
19061,19314.0,6.631
19062,19315.0,8.145
19063,19316.0,6.269
19064,19317.0,6.229
19065,19318.0,5.667
19066,19319.0,6.551
19067,19320.0,6.31
19068,19321.0,6.35
19069,19322.0,6.39
19070,19323.0,6.511
19071,19324.0,9.334
19072,19325.0,7.624
19073,19326.0,7.022
19074,19327.0,9.815
19075,19328.0,8.386
19076,19329.0,8.426
19077,19330.0,9.094
19078,19331.0,7.865
19079,19332.0,6.189
19080,19333.0,6.149
19081,19334.0,8.774
19082,19335.0,6.31
19083,19336.0,6.982
19084,19337.0,8.613
19085,19338.0,7.985
19086,19339.0,6.34
19087,19340.0,7.223
19088,19341.0,6.591
19089,19342.0,6.821
19090,19343.0,6.591
19091,19344.0,6.31
19092,19345.0,7.102
19093,19346.0,5.546
19094,19347.0,5.988
19095,19348.0,6.39
19096,19349.0,6.43
19097,19350.0,6.661
19098,19351.0,6.229
19099,19352.0,7.744
19100,19353.0,9.775
19101,19354.0,6.671
19102,19355.0,9.895
19103,19356.0,6.701
19104,19357.0,10.136
19105,19358.0,7.182
19106,19359.0,9.975
19107,19360.0,6.149
19108,19361.0,5.908
19109,19362.0,5.988
19110,19363.0,6.902
19111,19364.0,8.453
19112,19365.0,8.186
19113,19366.0,6.34
19114,19367.0,7.142
19115,19368.0,9.455
19116,19369.0,5.948
19117,19370.0,7.784
19118,19371.0,6.189
19119,19372.0,6.942
19120,19373.0,8.653
19121,19374.0,5.667
19122,19375.0,5.787
19123,19376.0,6.511
19124,19378.0,6.109
19125,19379.0,6.43
19126,19380.0,6.39
19127,19381.0,6.189
19128,19382.0,9.895
19129,19383.0,7.062
19130,19384.0,8.507
19131,19385.0,8.065
19132,19386.0,9.254
19133,19387.0,7.624
19134,19388.0,9.695
19135,19389.0,6.982
19136,19390.0,6.229
19137,19391.0,6.35
19138,19392.0,8.774
19139,19393.0,7.744
19140,19394.0,6.38
19141,19395.0,7.383
19142,19396.0,9.334
19143,19397.0,6.46
19144,19398.0,6.661
19145,19399.0,8.467
19146,19400.0,6.631
19147,19401.0,8.467
19148,19402.0,6.229
19149,19403.0,6.54
19150,19404.0,5.506
19151,19405.0,5.948
19152,19406.0,6.189
19153,19407.0,6.35
19154,19408.0,6.35
19155,19409.0,6.792
19156,19410.0,8.667
19157,19411.0,8.346
19158,19412.0,6.35
19159,19413.0,10.096
19160,19414.0,7.182
19161,19415.0,9.935
19162,19416.0,8.306
19163,19417.0,8.493
19164,19418.0,6.269
19165,19419.0,6.109
19166,19420.0,7.383
19167,19421.0,6.5
19168,19422.0,7.463
19169,19423.0,9.254
19170,19424.0,6.269
19171,19425.0,6.821
19172,19426.0,8.226
19173,19427.0,5.948
19174,19428.0,7.182
19175,19429.0,6.189
19176,19430.0,6.621
19177,19431.0,7.865
19178,19432.0,5.466
19179,19433.0,5.908
19180,19434.0,6.43
19181,19435.0,6.821
19182,19436.0,6.31
19183,19437.0,6.35
19184,19438.0,6.109
19185,19439.0,10.016
19186,19440.0,6.982
19187,19441.0,8.707
19188,19442.0,7.905
19189,19443.0,9.334
19190,19444.0,7.624
19191,19445.0,9.655
19192,19446.0,7.022
19193,19447.0,6.189
19194,19448.0,6.35
19195,19449.0,9.134
19196,19450.0,7.303
19197,19451.0,6.5
19198,19452.0,7.664
19199,19453.0,8.934
19200,19454.0,6.269
19201,19456.0,6.982
19202,19457.0,7.664
19203,19458.0,6.712
19204,19459.0,7.544
19205,19460.0,6.189
19206,19461.0,6.821
19207,19462.0,5.466
19208,19463.0,5.908
19209,19464.0,6.35
19210,19465.0,6.39
19211,19466.0,6.621
19212,19467.0,6.149
19213,19468.0,7.704
19214,19469.0,9.735
19215,19470.0,6.712
19216,19471.0,9.775
19217,19472.0,6.741
19218,19473.0,10.016
19219,19474.0,6.781
19220,19475.0,10.176
19221,19476.0,6.179
19222,19477.0,5.868
19223,19478.0,5.948
19224,19479.0,7.142
19225,19480.0,9.174
19226,19481.0,7.383
19227,19482.0,6.5
19228,19483.0,7.664
19229,19484.0,9.054
19230,19485.0,6.109
19231,19486.0,8.373
19232,19487.0,6.31
19233,19488.0,7.303
19234,19489.0,7.945
19235,19490.0,5.868
19236,19491.0,5.827
19237,19492.0,6.511
19238,19493.0,6.149
19239,19494.0,6.31
19240,19495.0,6.39
19241,19496.0,6.229
19242,19497.0,9.775
19243,19498.0,7.142
19244,19499.0,8.306
19245,19500.0,8.346
19246,19501.0,9.134
19247,19502.0,7.865
19248,19503.0,9.655
19249,19504.0,7.102
19250,19505.0,6.229
19251,19506.0,6.35
19252,19507.0,9.094
19253,19508.0,7.423
19254,19509.0,6.5
19255,19510.0,7.503
19256,19511.0,9.174
19257,19512.0,6.269
19258,19513.0,6.821
19259,19514.0,8.226
19260,19515.0,6.712
19261,19516.0,8.226
19262,19517.0,6.229
19263,19518.0,6.621
19264,19519.0,5.506
19265,19520.0,5.948
19266,19521.0,6.269
19267,19522.0,6.35
19268,19523.0,6.47
19269,19524.0,6.109
19270,19525.0,8.426
19271,19526.0,8.814
19272,19527.0,6.47
19273,19528.0,10.016
19274,19529.0,6.701
19275,19531.0,10.216
19276,19532.0,7.985
19277,19533.0,8.974
19278,19534.0,6.269
19279,19535.0,6.068
19280,19536.0,6.741
19281,19537.0,6.58
19282,19538.0,7.784
19283,19539.0,8.894
19284,19540.0,6.31
19285,19541.0,6.982
19286,19542.0,8.573
19287,19543.0,5.868
19288,19544.0,7.303
19289,19545.0,6.149
19290,19546.0,6.781
19291,19547.0,8.186
19292,19548.0,5.586
19293,19549.0,5.868
19294,19550.0,6.39
19295,19551.0,6.511
19296,19552.0,6.109
19297,19553.0,6.31
19298,19554.0,6.229
19299,19555.0,10.176
19300,19556.0,6.752
19301,19557.0,9.374
19302,19558.0,7.383
19303,19559.0,9.815
19304,19560.0,6.821
19305,19561.0,10.056
19306,19562.0,6.43
19307,19563.0,5.988
19308,19564.0,5.988
19309,19565.0,7.463
19310,19566.0,9.254
19311,19567.0,6.269
19312,19568.0,6.741
19313,19569.0,8.145
19314,19570.0,8.426
19315,19571.0,6.219
19316,19572.0,9.054
19317,19573.0,6.43
19318,19574.0,7.704
19319,19575.0,6.942
19320,19576.0,6.068
19321,19577.0,5.12
19322,19578.0,5.868
19323,19579.0,6.35
19324,19580.0,6.35
19325,19581.0,6.511
19326,19582.0,6.109
19327,19583.0,8.145
19328,19584.0,9.094
19329,19585.0,6.551
19330,19586.0,9.935
19331,19587.0,6.701
19332,19588.0,10.176
19333,19589.0,7.704
19334,19590.0,9.294
19335,19591.0,6.269
19336,19592.0,5.988
19337,19593.0,6.269
19338,19594.0,6.701
19339,19595.0,8.065
19340,19596.0,8.613
19341,19597.0,6.31
19342,19598.0,7.102
19343,19599.0,8.974
19344,19600.0,5.908
19345,19601.0,7.503
19346,19602.0,6.149
19347,19603.0,6.902
19348,19604.0,8.426
19349,19605.0,5.586
19350,19606.0,5.12
19351,19608.0,5.908
19352,19609.0,6.189
19353,19610.0,6.39
19354,19611.0,6.35
19355,19612.0,6.902
19356,19613.0,8.707
19357,19614.0,8.386
19358,19615.0,6.35
19359,19616.0,10.176
19360,19617.0,7.223
19361,19618.0,9.935
19362,19619.0,8.346
19363,19620.0,8.507
19364,19621.0,6.229
19365,19622.0,6.068
19366,19623.0,7.383
19367,19624.0,6.46
19368,19625.0,7.463
19369,19626.0,9.254
19370,19627.0,6.269
19371,19628.0,6.781
19372,19629.0,8.145
19373,19630.0,5.908
19374,19631.0,7.182
19375,19632.0,6.149
19376,19633.0,6.621
19377,19634.0,7.824
19378,19635.0,5.466
19379,19636.0,5.787
19380,19637.0,6.511
19381,19638.0,6.068
19382,19639.0,6.39
19383,19640.0,6.31
19384,19641.0,6.189
19385,19642.0,9.855
19386,19643.0,7.062
19387,19644.0,8.547
19388,19645.0,8.025
19389,19646.0,9.294
19390,19647.0,7.584
19391,19648.0,9.695
19392,19649.0,6.982
19393,19650.0,6.189
19394,19651.0,6.31
19395,19652.0,8.733
19396,19653.0,7.824
19397,19654.0,6.39
19398,19655.0,7.303
19399,19656.0,9.334
19400,19657.0,6.54
19401,19658.0,6.661
19402,19659.0,8.507
19403,19660.0,6.591
19404,19661.0,8.547
19405,19662.0,6.229
19406,19663.0,6.511
19407,19664.0,4.919
19408,19665.0,5.827
19409,19666.0,6.43
19410,19667.0,6.712
19411,19668.0,6.189
19412,19669.0,6.35
19413,19670.0,6.028
19414,19671.0,10.056
19415,19672.0,6.832
19416,19673.0,9.094
19417,19674.0,7.744
19418,19675.0,9.655
19419,19676.0,7.062
19420,19677.0,9.975
19421,19678.0,6.58
19422,19679.0,6.109
19423,19680.0,6.109
19424,19681.0,7.865
19425,19682.0,8.774
19426,19684.0,6.31
19427,19685.0,7.022
19428,19686.0,8.774
19429,19687.0,7.905
19430,19688.0,6.38
19431,19689.0,9.294
19432,19690.0,6.591
19433,19691.0,8.145
19434,19692.0,6.229
19435,19693.0,6.189
19436,19694.0,5.667
19437,19695.0,6.551
19438,19696.0,6.39
19439,19697.0,6.35
19440,19698.0,6.43
19441,19699.0,6.511
19442,19700.0,9.254
19443,19701.0,7.704
19444,19702.0,6.872
19445,19703.0,10.096
19446,19704.0,8.226
19447,19705.0,8.613
19448,19706.0,9.014
19449,19707.0,7.624
19450,19708.0,6.269
19451,19709.0,6.149
19452,19710.0,8.533
19453,19711.0,6.269
19454,19712.0,7.102
19455,19713.0,8.894
19456,19714.0,7.704
19457,19715.0,6.38
19458,19716.0,7.383
19459,19717.0,6.028
19460,19718.0,6.902
19461,19719.0,6.189
19462,19720.0,6.35
19463,19721.0,7.223
19464,19722.0,5.506
19465,19723.0,5.908
19466,19724.0,6.47
19467,19725.0,6.31
19468,19726.0,6.741
19469,19727.0,6.229
19470,19728.0,7.423
19471,19729.0,10.176
19472,19730.0,6.741
19473,19731.0,9.695
19474,19732.0,6.821
19475,19733.0,10.056
19476,19734.0,6.861
19477,19735.0,10.216
19478,19736.0,6.189
19479,19737.0,5.868
19480,19738.0,5.948
19481,19739.0,7.022
19482,19740.0,8.693
19483,19741.0,7.905
19484,19742.0,6.34
19485,19743.0,7.263
19486,19744.0,9.415
19487,19745.0,6.028
19488,19746.0,7.945
19489,19747.0,6.189
19490,19748.0,7.022
19491,19749.0,8.507
19492,19750.0,5.747
19493,19751.0,5.747
19494,19752.0,6.511
19495,19753.0,6.149
19496,19754.0,6.31
19497,19755.0,6.35
19498,19756.0,6.269
19499,19757.0,9.735
19500,19758.0,7.182
19501,19760.0,8.145
19502,19761.0,8.507
19503,19762.0,9.054
19504,19763.0,7.664
19505,19764.0,9.535
19506,19765.0,7.223
19507,19766.0,6.229
19508,19767.0,6.189
19509,19768.0,9.455
19510,19769.0,7.022
19511,19770.0,6.58
19512,19771.0,7.704
19513,19772.0,8.974
19514,19773.0,6.269
19515,19774.0,6.942
19516,19775.0,7.905
19517,19776.0,6.712
19518,19777.0,7.945
19519,19778.0,6.229
19520,19779.0,6.781
19521,19780.0,5.385
19522,19781.0,5.908
19523,19782.0,6.35
19524,19783.0,6.35
19525,19784.0,6.551
19526,19785.0,6.149
19527,19786.0,8.105
19528,19787.0,9.214
19529,19788.0,6.591
19530,19789.0,9.895
19531,19790.0,6.741
19532,19791.0,10.176
19533,19792.0,7.624
19534,19793.0,9.415
19535,19794.0,6.31
19536,19795.0,5.988
19537,19796.0,6.109
19538,19797.0,6.741
19539,19798.0,8.186
19540,19799.0,8.533
19541,19800.0,6.31
19542,19801.0,7.182
19543,19802.0,9.094
19544,19803.0,5.908
19545,19804.0,7.584
19546,19805.0,6.109
19547,19806.0,6.821
19548,19807.0,8.507
19549,19808.0,5.626
19550,19809.0,5.787
19551,19810.0,6.47
19552,19811.0,6.109
19553,19812.0,6.35
19554,19813.0,6.31
19555,19814.0,6.149
19556,19815.0,9.895
19557,19816.0,7.022
19558,19817.0,8.627
19559,19818.0,7.865
19560,19819.0,9.374
19561,19820.0,7.503
19562,19821.0,9.775
19563,19822.0,6.902
19564,19823.0,6.229
19565,19824.0,6.269
19566,19825.0,8.613
19567,19826.0,7.985
19568,19827.0,6.34
19569,19828.0,7.223
19570,19829.0,9.495
19571,19830.0,6.781
19572,19831.0,6.621
19573,19832.0,8.653
19574,19833.0,6.591
19575,19834.0,8.627
19576,19835.0,6.229
19577,19837.0,6.47
19578,19838.0,5.586
19579,19839.0,5.908
19580,19840.0,6.149
19581,19841.0,6.35
19582,19842.0,6.31
19583,19843.0,6.741
19584,19844.0,8.854
19585,19845.0,8.105
19586,19846.0,6.39
19587,19847.0,10.136
19588,19848.0,7.544
19589,19849.0,9.495
19590,19850.0,8.547
19591,19851.0,8.186
19592,19852.0,6.229
19593,19853.0,6.068
19594,19854.0,7.824
19595,19855.0,6.34
19596,19856.0,7.263
19597,19857.0,9.415
19598,19858.0,6.741
19599,19859.0,6.621
19600,19860.0,7.905
19601,19861.0,5.948
19602,19862.0,7.102
19603,19863.0,6.189
19604,19864.0,6.591
19605,19865.0,7.624
19606,19866.0,5.425
19607,19867.0,5.868
19608,19868.0,6.43
19609,19869.0,6.47
19610,19870.0,6.149
19611,19871.0,6.39
19612,19872.0,6.269
19613,19873.0,10.216
19614,19874.0,6.792
19615,19875.0,9.455
19616,19876.0,7.303
19617,19877.0,9.855
19618,19878.0,6.781
19619,19879.0,10.096
19620,19880.0,6.42
19621,19881.0,5.948
19622,19882.0,6.028
19623,19883.0,7.303
19624,19884.0,9.455
19625,19885.0,6.551
19626,19886.0,6.701
19627,19887.0,7.985
19628,19888.0,8.653
19629,19889.0,6.179
19630,19890.0,8.814
19631,19891.0,6.35
19632,19892.0,7.544
19633,19893.0,7.343
19634,19894.0,6.028
19635,19895.0,5.707
19636,19896.0,6.591
19637,19897.0,6.269
19638,19898.0,6.31
19639,19899.0,6.35
19640,19900.0,6.43
19641,19901.0,9.415
19642,19902.0,7.503
19643,19903.0,7.223
19644,19904.0,9.575
19645,19905.0,8.507
19646,19906.0,8.266
19647,19907.0,9.174
19648,19908.0,7.784
19649,19909.0,6.189
19650,19910.0,6.149
19651,19911.0,8.934
19652,19912.0,6.269
19653,19914.0,6.902
19654,19915.0,8.413
19655,19916.0,8.186
19656,19917.0,6.3
19657,19918.0,7.142
19658,19919.0,6.741
19659,19920.0,6.821
19660,19921.0,6.741
19661,19922.0,6.269
19662,19923.0,6.982
19663,19924.0,5.425
19664,19925.0,5.908
19665,19926.0,6.43
19666,19927.0,6.269
19667,19928.0,6.781
19668,19929.0,6.229
19669,19930.0,7.343
19670,19931.0,10.176
19671,19932.0,6.832
19672,19933.0,9.735
19673,19934.0,6.861
19674,19935.0,10.016
19675,19936.0,6.741
19676,19937.0,10.216
19677,19938.0,6.229
19678,19939.0,5.827
19679,19940.0,6.028
19680,19941.0,7.062
19681,19942.0,8.854
19682,19943.0,7.784
19683,19944.0,6.43
19684,19945.0,7.383
19685,19946.0,9.374
19686,19947.0,6.028
19687,19948.0,8.105
19688,19949.0,6.189
19689,19950.0,7.142
19690,19951.0,8.306
19691,19952.0,5.787
19692,19953.0,5.747
19693,19954.0,6.551
19694,19955.0,6.149
19695,19956.0,6.35
19696,19957.0,6.35
19697,19958.0,6.269
19698,19959.0,9.775
19699,19960.0,7.223
19700,19961.0,8.186
19701,19962.0,8.467
19702,19963.0,9.054
19703,19964.0,7.784
19704,19965.0,9.575
19705,19966.0,7.263
19706,19967.0,6.189
19707,19968.0,6.269
19708,19969.0,9.374
19709,19970.0,7.142
19710,19971.0,6.54
19711,19972.0,7.664
19712,19973.0,9.014
19713,19974.0,6.269
19714,19975.0,6.902
19715,19976.0,7.985
19716,19977.0,6.671
19717,19978.0,7.945
19718,19979.0,6.229
19719,19980.0,6.741
19720,19981.0,5.354
19721,19982.0,5.908
19722,19983.0,6.31
19723,19984.0,6.39
19724,19985.0,6.551
19725,19986.0,6.109
19726,19987.0,8.065
19727,19988.0,9.214
19728,19989.0,6.551
19729,19990.0,9.935
19730,19992.0,6.701
19731,19993.0,10.136
19732,19994.0,7.584
19733,19995.0,9.415
19734,19996.0,6.269
19735,19997.0,5.988
19736,19998.0,6.068
19737,19999.0,6.701
19738,20000.0,8.145
19739,20001.0,8.533
19740,20002.0,6.269
19741,20003.0,7.142
19742,20004.0,9.014
19743,20005.0,5.908
19744,20006.0,7.544
19745,20007.0,6.109
19746,20008.0,6.821
19747,20009.0,8.467
19748,20010.0,5.626
19749,20011.0,5.787
19750,20012.0,6.47
19751,20013.0,6.821
19752,20014.0,6.269
19753,20015.0,6.31
19754,20016.0,6.109
19755,20017.0,10.016
19756,20018.0,6.942
19757,20019.0,8.854
19758,20020.0,7.624
19759,20021.0,9.495
19760,20022.0,7.303
19761,20023.0,9.855
19762,20024.0,6.741
19763,20025.0,6.149
19764,20026.0,6.189
19765,20027.0,8.186
19766,20028.0,8.426
19767,20029.0,6.269
19768,20030.0,7.303
19769,20031.0,9.254
19770,20032.0,7.303
19771,20033.0,6.46
19772,20034.0,8.974
19773,20035.0,6.551
19774,20036.0,8.547
19775,20037.0,6.189
19776,20038.0,6.38
19777,20039.0,5.626
19778,20040.0,6.149
19779,20041.0,6.109
19780,20042.0,6.39
19781,20043.0,6.39
19782,20044.0,6.712
19783,20045.0,8.974
19784,20046.0,8.025
19785,20047.0,6.35
19786,20048.0,10.176
19787,20049.0,7.664
19788,20050.0,9.334
19789,20051.0,8.587
19790,20052.0,8.065
19791,20053.0,6.189
19792,20054.0,6.068
19793,20055.0,7.865
19794,20056.0,6.3
19795,20057.0,7.263
19796,20058.0,9.455
19797,20059.0,6.821
19798,20060.0,6.621
19799,20061.0,7.824
19800,20062.0,5.948
19801,20063.0,7.062
19802,20064.0,6.149
19803,20065.0,6.54
19804,20066.0,7.544
19805,20067.0,5.385
19806,20068.0,5.908
19807,20070.0,6.39
19808,20071.0,6.47
19809,20072.0,6.109
19810,20073.0,6.39
19811,20074.0,6.269
19812,20075.0,10.216
19813,20076.0,6.752
19814,20077.0,9.415
19815,20078.0,7.303
19816,20079.0,9.815
19817,20080.0,6.741
19818,20081.0,10.096
19819,20082.0,6.38
19820,20083.0,5.948
19821,20084.0,5.988
19822,20085.0,7.303
19823,20086.0,9.374
19824,20087.0,6.54
19825,20088.0,6.701
19826,20089.0,7.985
19827,20090.0,8.693
19828,20091.0,6.179
19829,20092.0,8.894
19830,20093.0,6.39
19831,20094.0,7.624
19832,20095.0,7.343
19833,20096.0,5.988
19834,20097.0,5.707
19835,20098.0,6.591
19836,20099.0,6.269
19837,20100.0,6.35
19838,20101.0,6.35
19839,20102.0,6.39
19840,20103.0,9.535
19841,20104.0,7.463
19842,20105.0,7.544
19843,20106.0,9.174
19844,20107.0,8.653
19845,20108.0,7.985
19846,20109.0,9.294
19847,20110.0,7.584
19848,20111.0,6.189
19849,20112.0,6.189
19850,20113.0,9.134
19851,20114.0,6.31
19852,20115.0,6.741
19853,20116.0,8.186
19854,20117.0,8.453
19855,20118.0,6.3
19856,20119.0,7.223
19857,20120.0,7.182
19858,20121.0,6.781
19859,20122.0,7.182
19860,20123.0,6.229
19861,20124.0,6.982
19862,20125.0,5.466
19863,20126.0,5.948
19864,20127.0,6.31
19865,20128.0,6.39
19866,20129.0,6.551
19867,20130.0,6.149
19868,20131.0,8.065
19869,20132.0,9.214
19870,20133.0,6.511
19871,20134.0,9.975
19872,20135.0,6.701
19873,20136.0,10.176
19874,20137.0,7.624
19875,20138.0,9.374
19876,20139.0,6.229
19877,20140.0,6.028
19878,20141.0,6.149
19879,20142.0,6.741
19880,20143.0,8.105
19881,20145.0,8.573
19882,20146.0,6.269
19883,20147.0,7.142
19884,20148.0,9.014
19885,20149.0,5.908
19886,20150.0,7.584
19887,20151.0,6.149
19888,20152.0,6.781
19889,20153.0,8.507
19890,20154.0,5.626
19891,20155.0,5.827
19892,20156.0,6.43
19893,20157.0,6.781
19894,20158.0,6.269
19895,20159.0,6.31
19896,20160.0,6.068
19897,20161.0,10.016
19898,20162.0,6.902
19899,20163.0,8.894
19900,20164.0,7.664
19901,20165.0,9.535
19902,20166.0,7.223
19903,20167.0,9.855
19904,20168.0,6.701
19905,20169.0,6.109
19906,20170.0,6.149
19907,20171.0,8.145
19908,20172.0,8.453
19909,20173.0,6.259
19910,20174.0,7.223
19911,20175.0,9.174
19912,20176.0,7.383
19913,20177.0,6.46
19914,20178.0,9.014
19915,20179.0,6.591
19916,20180.0,8.467
19917,20181.0,6.189
19918,20182.0,6.3
19919,20183.0,5.667
19920,20184.0,6.591
19921,20185.0,6.39
19922,20186.0,6.35
19923,20187.0,6.39
19924,20188.0,6.54
19925,20189.0,9.214
19926,20190.0,7.704
19927,20191.0,6.621
19928,20192.0,10.176
19929,20193.0,8.145
19930,20194.0,8.733
19931,20195.0,8.934
19932,20196.0,7.704
19933,20197.0,6.189
19934,20198.0,6.149
19935,20199.0,8.507
19936,20200.0,6.31
19937,20201.0,7.142
19938,20202.0,9.014
19939,20203.0,7.584
19940,20204.0,6.46
19941,20205.0,7.423
19942,20206.0,6.068
19943,20207.0,6.942
19944,20208.0,6.229
19945,20209.0,6.43
19946,20210.0,7.343
19947,20211.0,5.305
19948,20212.0,5.948
19949,20213.0,6.35
19950,20214.0,6.39
19951,20215.0,6.621
19952,20216.0,6.35
19953,20217.0,6.902
19954,20218.0,10.296
19955,20219.0,6.942
19956,20220.0,9.655
19957,20221.0,7.022
19958,20222.0,9.975
19959,20224.0,6.661
19960,20225.0,10.216
19961,20226.0,6.269
19962,20227.0,5.948
19963,20228.0,5.908
19964,20229.0,7.263
19965,20230.0,9.294
19966,20231.0,7.303
19967,20232.0,6.5
19968,20233.0,7.584
19969,20234.0,9.094
19970,20235.0,6.068
19971,20236.0,8.386
19972,20237.0,6.269
19973,20238.0,7.303
19974,20239.0,7.945
19975,20240.0,5.908
19976,20241.0,5.787
19977,20242.0,6.511
19978,20243.0,6.109
19979,20244.0,6.31
19980,20245.0,6.35
19981,20246.0,6.229
19982,20247.0,9.735
19983,20248.0,7.182
19984,20249.0,8.226
19985,20250.0,8.386
19986,20251.0,9.094
19987,20252.0,7.865
19988,20253.0,9.575
19989,20254.0,7.142
19990,20255.0,6.189
19991,20256.0,6.39
19992,20257.0,9.174
19993,20258.0,7.343
19994,20259.0,6.46
19995,20260.0,7.544
19996,20261.0,9.094
19997,20262.0,6.269
19998,20263.0,6.781
19999,20264.0,8.145
20000,20265.0,6.671
20001,20266.0,8.226
20002,20267.0,6.229
20003,20268.0,6.701
20004,20269.0,5.506
20005,20270.0,5.908
20006,20271.0,6.189
20007,20272.0,6.35
20008,20273.0,6.35
20009,20274.0,6.671
20010,20275.0,8.627
20011,20276.0,8.386
20012,20277.0,6.35
20013,20278.0,10.056
20014,20279.0,7.142
20015,20280.0,9.975
20016,20281.0,8.306
20017,20282.0,8.547
20018,20283.0,6.229
20019,20284.0,6.109
20020,20285.0,7.303
20021,20286.0,6.46
20022,20287.0,7.503
20023,20288.0,9.174
20024,20289.0,6.269
20025,20290.0,6.821
20026,20291.0,8.226
20027,20292.0,5.868
20028,20293.0,7.182
20029,20294.0,6.189
20030,20295.0,6.671
20031,20296.0,7.865
20032,20297.0,5.466
20033,20299.0,5.868
20034,20300.0,6.43
20035,20301.0,6.752
20036,20302.0,6.189
20037,20303.0,6.39
20038,20304.0,6.028
20039,20305.0,10.056
20040,20306.0,6.872
20041,20307.0,9.054
20042,20308.0,7.824
20043,20309.0,9.655
20044,20310.0,7.102
20045,20311.0,9.975
20046,20312.0,6.621
20047,20313.0,6.109
20048,20314.0,6.109
20049,20315.0,7.945
20050,20316.0,8.774
20051,20317.0,6.31
20052,20318.0,7.062
20053,20319.0,8.814
20054,20320.0,7.784
20055,20321.0,6.42
20056,20322.0,9.254
20057,20323.0,6.591
20058,20324.0,8.186
20059,20325.0,6.229
20060,20326.0,6.219
20061,20327.0,5.152
20062,20328.0,5.908
20063,20329.0,6.269
20064,20330.0,6.35
20065,20331.0,6.511
20066,20332.0,6.109
20067,20333.0,8.145
20068,20334.0,9.134
20069,20335.0,6.511
20070,20336.0,9.935
20071,20337.0,6.661
20072,20338.0,10.176
20073,20339.0,7.704
20074,20340.0,9.254
20075,20341.0,6.229
20076,20342.0,6.028
20077,20343.0,6.269
20078,20344.0,6.701
20079,20345.0,8.025
20080,20346.0,8.653
20081,20347.0,6.269
20082,20348.0,7.102
20083,20349.0,8.894
20084,20350.0,5.908
20085,20351.0,7.503
20086,20352.0,6.149
20087,20353.0,6.861
20088,20354.0,8.386
20089,20355.0,5.586
20090,20356.0,5.868
20091,20357.0,6.43
20092,20358.0,6.701
20093,20359.0,6.189
20094,20360.0,6.35
20095,20361.0,6.028
20096,20362.0,10.056
20097,20363.0,6.821
20098,20364.0,9.054
20099,20365.0,7.824
20100,20366.0,9.615
20101,20367.0,7.062
20102,20368.0,9.935
20103,20369.0,6.621
20104,20370.0,6.109
20105,20371.0,6.109
20106,20372.0,7.905
20107,20373.0,8.733
20108,20374.0,6.31
20109,20376.0,7.062
20110,20377.0,8.814
20111,20378.0,7.784
20112,20379.0,6.39
20113,20380.0,9.254
20114,20381.0,6.591
20115,20382.0,8.186
20116,20383.0,6.229
20117,20384.0,6.229
20118,20385.0,5.546
20119,20386.0,5.948
20120,20387.0,6.149
20121,20388.0,6.35
20122,20389.0,6.31
20123,20390.0,6.752
20124,20391.0,8.894
20125,20392.0,8.065
20126,20393.0,6.39
20127,20394.0,10.096
20128,20395.0,7.584
20129,20396.0,9.415
20130,20397.0,8.587
20131,20398.0,8.145
20132,20399.0,6.269
20133,20400.0,6.109
20134,20401.0,7.905
20135,20402.0,6.31
20136,20403.0,7.263
20137,20404.0,9.495
20138,20405.0,6.861
20139,20406.0,6.621
20140,20407.0,7.865
20141,20408.0,5.948
20142,20409.0,7.102
20143,20410.0,6.149
20144,20411.0,6.58
20145,20412.0,7.544
20146,20413.0,5.425
20147,20414.0,5.868
20148,20415.0,6.43
20149,20416.0,6.551
20150,20417.0,6.149
20151,20418.0,6.31
20152,20419.0,6.109
20153,20420.0,10.136
20154,20421.0,6.752
20155,20422.0,9.294
20156,20423.0,7.423
20157,20424.0,9.775
20158,20425.0,6.861
20159,20426.0,10.016
20160,20427.0,6.46
20161,20428.0,6.028
20162,20429.0,6.028
20163,20430.0,7.544
20164,20431.0,9.094
20165,20432.0,6.269
20166,20433.0,6.821
20167,20434.0,8.333
20168,20435.0,8.306
20169,20436.0,6.269
20170,20437.0,9.294
20171,20438.0,6.47
20172,20439.0,7.824
20173,20440.0,6.752
20174,20441.0,6.149
20175,20442.0,5.747
20176,20443.0,6.551
20177,20444.0,6.229
20178,20445.0,6.31
20179,20446.0,6.39
20180,20447.0,6.35
20181,20448.0,9.615
20182,20449.0,7.423
20183,20450.0,7.664
20184,20451.0,9.094
20185,20453.0,8.814
20186,20454.0,7.905
20187,20455.0,9.374
20188,20456.0,7.503
20189,20457.0,6.229
20190,20458.0,6.189
20191,20459.0,9.254
20192,20460.0,6.39
20193,20461.0,6.741
20194,20462.0,8.025
20195,20463.0,8.613
20196,20464.0,6.269
20197,20465.0,7.142
20198,20466.0,7.383
20199,20467.0,6.752
20200,20468.0,7.423
20201,20469.0,6.229
20202,20470.0,6.821
20203,20471.0,5.425
20204,20472.0,5.908
20205,20473.0,6.39
20206,20474.0,6.35
20207,20475.0,6.621
20208,20476.0,6.149
20209,20477.0,7.905
20210,20478.0,9.455
20211,20479.0,6.631
20212,20480.0,9.855
20213,20481.0,6.741
20214,20482.0,10.136
20215,20483.0,7.503
20216,20484.0,9.575
20217,20485.0,6.269
20218,20486.0,5.988
20219,20487.0,6.068
20220,20488.0,6.781
20221,20489.0,8.266
20222,20490.0,8.413
20223,20491.0,6.34
20224,20492.0,7.263
20225,20493.0,9.254
20226,20494.0,5.948
20227,20495.0,7.664
20228,20496.0,6.149
20229,20497.0,6.902
20230,20498.0,8.653
20231,20499.0,5.707
20232,20500.0,5.868
20233,20501.0,6.47
20234,20502.0,6.781
20235,20503.0,6.31
20236,20504.0,6.35
20237,20505.0,6.109
20238,20506.0,10.016
20239,20507.0,6.942
20240,20508.0,8.854
20241,20509.0,7.664
20242,20510.0,9.495
20243,20511.0,7.303
20244,20512.0,9.855
20245,20513.0,6.741
20246,20514.0,6.149
20247,20515.0,6.149
20248,20516.0,8.253
20249,20517.0,8.346
20250,20518.0,6.269
20251,20519.0,7.303
20252,20520.0,9.334
20253,20521.0,7.223
20254,20522.0,6.54
20255,20523.0,8.894
20256,20524.0,6.591
20257,20525.0,8.547
20258,20526.0,6.229
20259,20527.0,6.35
20260,20529.0,5.394
20261,20530.0,5.908
20262,20531.0,6.229
20263,20532.0,6.35
20264,20533.0,6.43
20265,20534.0,6.149
20266,20535.0,8.426
20267,20536.0,8.774
20268,20537.0,6.43
20269,20538.0,10.016
20270,20539.0,6.701
20271,20540.0,10.216
20272,20541.0,8.025
20273,20542.0,8.854
20274,20543.0,6.229
20275,20544.0,6.028
20276,20545.0,6.942
20277,20546.0,6.54
20278,20547.0,7.704
20279,20548.0,8.974
20280,20549.0,6.31
20281,20550.0,6.902
20282,20551.0,8.493
20283,20552.0,5.868
20284,20553.0,7.303
20285,20554.0,6.149
20286,20555.0,6.781
20287,20556.0,8.105
20288,20557.0,5.546
20289,20558.0,5.827
20290,20559.0,6.43
20291,20560.0,6.661
20292,20561.0,6.229
20293,20562.0,6.31
20294,20563.0,6.068
20295,20564.0,10.056
20296,20565.0,6.832
20297,20566.0,9.134
20298,20567.0,7.784
20299,20568.0,9.655
20300,20569.0,7.062
20301,20570.0,9.935
20302,20571.0,6.621
20303,20572.0,6.068
20304,20573.0,6.149
20305,20574.0,7.865
20306,20575.0,8.854
20307,20576.0,6.31
20308,20577.0,7.062
20309,20578.0,8.693
20310,20579.0,7.945
20311,20580.0,6.34
20312,20581.0,9.334
20313,20582.0,6.551
20314,20583.0,8.186
20315,20584.0,6.229
20316,20585.0,6.269
20317,20586.0,5.667
20318,20587.0,6.511
20319,20588.0,6.31
20320,20589.0,6.31
20321,20590.0,6.35
20322,20591.0,6.47
20323,20592.0,9.294
20324,20593.0,7.664
20325,20594.0,6.861
20326,20595.0,10.056
20327,20596.0,8.266
20328,20597.0,8.533
20329,20598.0,9.014
20330,20599.0,7.704
20331,20600.0,6.269
20332,20601.0,6.189
20333,20602.0,8.653
20334,20603.0,6.269
20335,20604.0,7.062
20336,20606.0,8.814
20337,20607.0,7.824
20338,20608.0,6.34
20339,20609.0,7.303
20340,20610.0,6.229
20341,20611.0,6.902
20342,20612.0,6.31
20343,20613.0,6.34
20344,20614.0,7.142
20345,20615.0,5.305
20346,20616.0,5.868
20347,20617.0,6.39
20348,20618.0,6.5
20349,20619.0,6.149
20350,20620.0,6.31
20351,20621.0,6.229
20352,20622.0,10.136
20353,20623.0,6.752
20354,20624.0,9.374
20355,20625.0,7.423
20356,20626.0,9.815
20357,20627.0,6.821
20358,20628.0,10.096
20359,20629.0,6.46
20360,20630.0,5.988
20361,20631.0,5.988
20362,20632.0,7.423
20363,20633.0,9.214
20364,20634.0,6.269
20365,20635.0,6.781
20366,20636.0,8.145
20367,20637.0,8.493
20368,20638.0,6.179
20369,20639.0,9.094
20370,20640.0,6.39
20371,20641.0,7.704
20372,20642.0,7.062
20373,20643.0,6.028
20374,20644.0,5.506
20375,20645.0,6.511
20376,20646.0,6.229
20377,20647.0,6.35
20378,20648.0,6.39
20379,20649.0,6.671
20380,20650.0,9.054
20381,20651.0,7.784
20382,20652.0,6.35
20383,20653.0,10.176
20384,20654.0,7.905
20385,20655.0,9.054
20386,20656.0,8.774
20387,20657.0,7.905
20388,20658.0,6.189
20389,20659.0,6.149
20390,20660.0,8.186
20391,20661.0,6.35
20392,20662.0,7.182
20393,20663.0,9.374
20394,20664.0,7.223
20395,20665.0,6.58
20396,20666.0,7.624
20397,20667.0,6.028
20398,20668.0,6.982
20399,20669.0,6.229
20400,20670.0,6.47
20401,20671.0,7.463
20402,20672.0,5.345
20403,20673.0,5.948
20404,20674.0,6.39
20405,20675.0,6.511
20406,20676.0,6.109
20407,20677.0,6.39
20408,20678.0,6.269
20409,20679.0,10.176
20410,20680.0,6.752
20411,20682.0,9.415
20412,20683.0,7.263
20413,20684.0,9.855
20414,20685.0,6.741
20415,20686.0,10.096
20416,20687.0,6.39
20417,20688.0,5.948
20418,20689.0,5.948
20419,20690.0,7.303
20420,20691.0,9.415
20421,20692.0,6.551
20422,20693.0,6.701
20423,20694.0,7.945
20424,20695.0,8.693
20425,20696.0,6.189
20426,20697.0,8.814
20427,20698.0,6.35
20428,20699.0,7.544
20429,20700.0,7.343
20430,20701.0,6.028
20431,20702.0,5.747
20432,20703.0,6.551
20433,20704.0,6.189
20434,20705.0,6.31
20435,20706.0,6.35
20436,20707.0,6.31
20437,20708.0,9.615
20438,20709.0,7.383
20439,20710.0,7.784
20440,20711.0,8.894
20441,20712.0,8.854
20442,20713.0,7.824
20443,20714.0,9.374
20444,20715.0,7.423
20445,20716.0,6.189
20446,20717.0,6.189
20447,20718.0,9.294
20448,20719.0,6.551
20449,20720.0,6.701
20450,20721.0,8.025
20451,20722.0,8.653
20452,20723.0,6.3
20453,20724.0,7.102
20454,20725.0,7.463
20455,20726.0,6.741
20456,20727.0,7.463
20457,20728.0,6.189
20458,20729.0,6.821
20459,20730.0,5.385
20460,20731.0,5.908
20461,20732.0,6.39
20462,20733.0,6.39
20463,20734.0,6.621
20464,20735.0,6.189
20465,20736.0,7.744
20466,20737.0,9.655
20467,20738.0,6.621
20468,20739.0,9.855
20469,20740.0,6.701
20470,20741.0,10.136
20471,20742.0,7.223
20472,20743.0,9.895
20473,20744.0,6.149
20474,20745.0,5.988
20475,20746.0,5.988
20476,20747.0,6.902
20477,20748.0,8.413
20478,20749.0,8.266
20479,20750.0,6.3
20480,20751.0,7.182
20481,20752.0,9.495
20482,20753.0,5.988
20483,20754.0,7.784
20484,20755.0,6.149
20485,20756.0,6.982
20486,20757.0,8.613
20487,20758.0,5.747
20488,20760.0,5.868
20489,20761.0,6.43
20490,20762.0,6.712
20491,20763.0,6.189
20492,20764.0,6.31
20493,20765.0,6.068
20494,20766.0,10.016
20495,20767.0,6.861
20496,20768.0,9.014
20497,20769.0,7.824
20498,20770.0,9.575
20499,20771.0,7.102
20500,20772.0,9.935
20501,20773.0,6.621
20502,20774.0,6.068
20503,20775.0,6.149
20504,20776.0,7.945
20505,20777.0,8.693
20506,20778.0,6.269
20507,20779.0,7.062
20508,20780.0,8.814
20509,20781.0,7.744
20510,20782.0,6.38
20511,20783.0,9.214
20512,20784.0,6.591
20513,20785.0,8.226
20514,20786.0,6.229
20515,20787.0,6.269
20516,20788.0,5.667
20517,20789.0,6.631
20518,20790.0,6.35
20519,20791.0,6.39
20520,20792.0,6.43
20521,20793.0,6.631
20522,20794.0,9.134
20523,20795.0,7.744
20524,20796.0,6.43
20525,20797.0,10.216
20526,20798.0,7.985
20527,20799.0,8.894
20528,20800.0,8.814
20529,20801.0,7.784
20530,20802.0,6.189
20531,20803.0,6.149
20532,20804.0,8.306
20533,20805.0,6.3
20534,20806.0,7.263
20535,20807.0,9.214
20536,20808.0,7.383
20537,20809.0,6.5
20538,20810.0,7.544
20539,20811.0,6.028
20540,20812.0,6.982
20541,20813.0,6.229
20542,20814.0,6.42
20543,20815.0,7.383
20544,20816.0,5.345
20545,20817.0,5.908
20546,20818.0,6.39
20547,20819.0,6.39
20548,20820.0,6.39
20549,20821.0,6.31
20550,20822.0,6.781
20551,20823.0,10.256
20552,20824.0,6.942
20553,20825.0,9.615
20554,20826.0,7.022
20555,20827.0,9.975
20556,20828.0,6.661
20557,20829.0,10.176
20558,20830.0,6.259
20559,20831.0,5.948
20560,20832.0,5.908
20561,20833.0,7.182
20562,20834.0,9.374
20563,20835.0,7.182
20564,20836.0,6.5
20565,20838.0,7.664
20566,20839.0,8.974
20567,20840.0,6.109
20568,20841.0,8.467
20569,20842.0,6.31
20570,20843.0,7.343
20571,20844.0,7.824
20572,20845.0,5.908
20573,20846.0,5.707
20574,20847.0,6.591
20575,20848.0,6.189
20576,20849.0,6.31
20577,20850.0,6.35
20578,20851.0,6.35
20579,20852.0,9.535
20580,20853.0,7.383
20581,20854.0,7.584
20582,20855.0,9.054
20583,20856.0,8.733
20584,20857.0,7.945
20585,20858.0,9.334
20586,20859.0,7.544
20587,20860.0,6.189
20588,20861.0,6.189
20589,20862.0,9.174
20590,20863.0,6.269
20591,20864.0,6.741
20592,20865.0,8.105
20593,20866.0,8.493
20594,20867.0,6.3
20595,20868.0,7.182
20596,20869.0,7.223
20597,20870.0,6.741
20598,20871.0,7.263
20599,20872.0,6.229
20600,20873.0,6.902
20601,20874.0,5.425
20602,20875.0,5.908
20603,20876.0,6.39
20604,20877.0,6.39
20605,20878.0,6.621
20606,20879.0,6.189
20607,20880.0,7.664
20608,20881.0,9.735
20609,20882.0,6.661
20610,20883.0,9.815
20611,20884.0,6.701
20612,20885.0,10.096
20613,20886.0,7.102
20614,20887.0,10.016
20615,20888.0,6.149
20616,20889.0,5.908
20617,20890.0,5.988
20618,20891.0,6.902
20619,20892.0,8.533
20620,20893.0,8.105
20621,20894.0,6.3
20622,20895.0,7.223
20623,20896.0,9.455
20624,20897.0,5.988
20625,20898.0,7.865
20626,20899.0,6.229
20627,20900.0,6.982
20628,20901.0,8.613
20629,20902.0,5.707
20630,20903.0,5.787
20631,20904.0,6.511
20632,20905.0,6.149
20633,20906.0,6.39
20634,20907.0,6.35
20635,20908.0,6.189
20636,20909.0,9.855
20637,20910.0,7.102
20638,20911.0,8.426
20639,20912.0,8.145
20640,20914.0,9.254
20641,20915.0,7.704
20642,20916.0,9.695
20643,20917.0,7.022
20644,20918.0,6.229
20645,20919.0,6.31
20646,20920.0,8.934
20647,20921.0,7.624
20648,20922.0,6.46
20649,20923.0,7.383
20650,20924.0,9.294
20651,20925.0,6.31
20652,20926.0,6.701
20653,20927.0,8.386
20654,20928.0,6.621
20655,20929.0,8.386
20656,20930.0,6.229
20657,20931.0,6.58
20658,20932.0,5.466
20659,20933.0,5.948
20660,20934.0,6.229
20661,20935.0,6.35
20662,20936.0,6.39
20663,20937.0,6.269
20664,20938.0,8.467
20665,20939.0,8.653
20666,20940.0,6.42
20667,20941.0,10.016
20668,20942.0,6.821
20669,20943.0,10.216
20670,20944.0,8.065
20671,20945.0,8.774
20672,20946.0,6.229
20673,20947.0,6.028
20674,20948.0,6.902
20675,20949.0,6.54
20676,20950.0,7.664
20677,20951.0,8.974
20678,20952.0,6.269
20679,20953.0,6.861
20680,20954.0,8.413
20681,20955.0,5.868
20682,20956.0,7.263
20683,20957.0,6.149
20684,20958.0,6.741
20685,20959.0,8.065
20686,20960.0,5.506
20687,20961.0,5.868
20688,20962.0,6.39
20689,20963.0,6.661
20690,20964.0,6.189
20691,20965.0,6.31
20692,20966.0,6.028
20693,20967.0,10.056
20694,20968.0,6.821
20695,20969.0,9.134
20696,20970.0,7.704
20697,20971.0,9.695
20698,20972.0,7.062
20699,20973.0,10.016
20700,20974.0,6.58
20701,20975.0,6.068
20702,20976.0,6.068
20703,20977.0,7.824
20704,20978.0,8.814
20705,20979.0,6.3
20706,20980.0,6.982
20707,20981.0,8.653
20708,20982.0,7.905
20709,20983.0,6.38
20710,20984.0,9.334
20711,20985.0,6.591
20712,20986.0,8.105
20713,20987.0,6.269
20714,20988.0,6.229
20715,20989.0,5.434
20716,20991.0,5.948
20717,20992.0,6.229
20718,20993.0,6.35
20719,20994.0,6.39
20720,20995.0,6.511
20721,20996.0,8.627
20722,20997.0,8.493
20723,20998.0,6.43
20724,20999.0,10.056
20725,21000.0,7.062
20726,21001.0,10.096
20727,21002.0,8.226
20728,21003.0,8.653
20729,21004.0,6.269
20730,21005.0,6.068
20731,21006.0,7.102
20732,21007.0,6.5
20733,21008.0,7.584
20734,21009.0,9.054
20735,21010.0,6.269
20736,21011.0,6.861
20737,21012.0,8.333
20738,21013.0,5.827
20739,21014.0,7.223
20740,21015.0,6.149
20741,21016.0,6.701
20742,21017.0,8.025
20743,21018.0,5.466
20744,21019.0,5.747
20745,21020.0,6.511
20746,21021.0,6.109
20747,21022.0,6.43
20748,21023.0,6.35
20749,21024.0,6.229
20750,21025.0,9.855
20751,21026.0,7.102
20752,21027.0,8.426
20753,21028.0,8.226
20754,21029.0,9.214
20755,21030.0,7.744
20756,21031.0,9.655
20757,21032.0,7.062
20758,21033.0,6.229
20759,21034.0,6.35
20760,21035.0,8.934
20761,21036.0,7.624
20762,21037.0,6.42
20763,21038.0,7.423
20764,21039.0,9.294
20765,21040.0,6.31
20766,21041.0,6.701
20767,21042.0,8.386
20768,21043.0,6.631
20769,21044.0,8.426
20770,21045.0,6.229
20771,21046.0,6.58
20772,21047.0,5.466
20773,21048.0,5.908
20774,21049.0,6.269
20775,21050.0,6.35
20776,21051.0,6.47
20777,21052.0,6.068
20778,21053.0,8.346
20779,21054.0,8.854
20780,21055.0,6.47
20781,21056.0,10.016
20782,21057.0,6.661
20783,21058.0,10.216
20784,21059.0,7.905
20785,21060.0,9.054
20786,21061.0,6.269
20787,21062.0,6.028
20788,21063.0,6.621
20789,21064.0,6.661
20790,21065.0,7.905
20791,21066.0,8.814
20792,21067.0,6.31
20793,21069.0,6.982
20794,21070.0,8.693
20795,21071.0,5.908
20796,21072.0,7.423
20797,21073.0,6.149
20798,21074.0,6.861
20799,21075.0,8.306
20800,21076.0,5.586
20801,21077.0,5.827
20802,21078.0,6.511
20803,21079.0,6.229
20804,21080.0,6.39
20805,21081.0,6.31
20806,21082.0,6.149
20807,21083.0,9.935
20808,21084.0,7.022
20809,21085.0,8.693
20810,21086.0,7.905
20811,21087.0,9.374
20812,21088.0,7.544
20813,21089.0,9.815
20814,21090.0,6.902
20815,21091.0,6.189
20816,21092.0,6.269
20817,21093.0,8.493
20818,21094.0,8.105
20819,21095.0,6.34
20820,21096.0,7.223
20821,21097.0,9.495
20822,21098.0,6.902
20823,21099.0,6.58
20824,21100.0,8.733
20825,21101.0,6.591
20826,21102.0,8.693
20827,21103.0,6.229
20828,21104.0,6.42
20829,21105.0,5.546
20830,21106.0,5.908
20831,21107.0,6.149
20832,21108.0,6.35
20833,21109.0,6.31
20834,21110.0,6.982
20835,21111.0,8.814
20836,21112.0,8.266
20837,21113.0,6.31
20838,21114.0,10.096
20839,21115.0,7.383
20840,21116.0,9.775
20841,21117.0,8.386
20842,21118.0,8.386
20843,21119.0,6.229
20844,21120.0,6.068
20845,21121.0,7.503
20846,21122.0,6.38
20847,21123.0,7.383
20848,21124.0,9.294
20849,21125.0,6.39
20850,21126.0,6.701
20851,21127.0,8.052
20852,21128.0,5.908
20853,21129.0,7.142
20854,21130.0,6.149
20855,21131.0,6.58
20856,21132.0,7.744
20857,21133.0,5.425
20858,21134.0,5.868
20859,21135.0,6.671
20860,21136.0,6.58
20861,21137.0,6.149
20862,21138.0,6.35
20863,21139.0,6.109
20864,21140.0,10.136
20865,21141.0,6.832
20866,21142.0,9.294
20867,21143.0,7.463
20868,21145.0,9.815
20869,21146.0,6.902
20870,21147.0,10.056
20871,21148.0,6.46
20872,21149.0,5.988
20873,21150.0,6.028
20874,21151.0,7.503
20875,21152.0,9.174
20876,21153.0,6.269
20877,21154.0,6.821
20878,21155.0,8.226
20879,21156.0,8.426
20880,21157.0,6.219
20881,21158.0,9.214
20882,21159.0,6.43
20883,21160.0,7.784
20884,21161.0,6.902
20885,21162.0,6.149
20886,21163.0,5.707
20887,21164.0,6.671
20888,21165.0,6.31
20889,21166.0,6.35
20890,21167.0,6.35
20891,21168.0,6.47
20892,21169.0,9.415
20893,21170.0,7.624
20894,21171.0,7.182
20895,21172.0,9.735
20896,21173.0,8.507
20897,21174.0,8.346
20898,21175.0,9.174
20899,21176.0,7.945
20900,21177.0,6.229
20901,21178.0,6.149
20902,21179.0,8.894
20903,21180.0,6.259
20904,21181.0,6.942
20905,21182.0,8.533
20906,21183.0,8.105
20907,21184.0,6.3
20908,21185.0,7.182
20909,21186.0,6.58
20910,21187.0,6.821
20911,21188.0,6.631
20912,21189.0,6.31
20913,21190.0,7.022
20914,21191.0,5.466
20915,21192.0,5.988
20916,21193.0,6.47
20917,21194.0,6.39
20918,21195.0,6.701
20919,21196.0,6.189
20920,21197.0,7.544
20921,21198.0,10.056
20922,21199.0,6.741
20923,21200.0,9.775
20924,21201.0,6.781
20925,21202.0,10.096
20926,21203.0,6.982
20927,21204.0,10.136
20928,21205.0,6.189
20929,21206.0,5.827
20930,21207.0,6.028
20931,21208.0,6.942
20932,21209.0,8.613
20933,21210.0,8.065
20934,21211.0,6.34
20935,21212.0,7.223
20936,21213.0,9.495
20937,21214.0,5.988
20938,21215.0,7.865
20939,21216.0,6.189
20940,21217.0,7.022
20941,21218.0,8.573
20942,21219.0,5.747
20943,21220.0,5.827
20944,21222.0,6.511
20945,21223.0,6.068
20946,21224.0,6.43
20947,21225.0,6.35
20948,21226.0,6.189
20949,21227.0,9.815
20950,21228.0,7.102
20951,21229.0,8.426
20952,21230.0,8.145
20953,21231.0,9.254
20954,21232.0,7.744
20955,21233.0,9.655
20956,21234.0,7.022
20957,21235.0,6.189
20958,21236.0,6.35
20959,21237.0,8.814
20960,21238.0,7.784
20961,21239.0,6.38
20962,21240.0,7.463
20963,21241.0,9.334
20964,21242.0,6.46
20965,21243.0,6.701
20966,21244.0,8.533
20967,21245.0,6.631
20968,21246.0,8.533
20969,21247.0,6.229
20970,21248.0,6.54
20971,21249.0,5.667
20972,21250.0,6.631
20973,21251.0,6.39
20974,21252.0,6.39
20975,21253.0,6.39
20976,21254.0,6.631
20977,21255.0,9.174
20978,21256.0,7.704
20979,21257.0,6.54
20980,21258.0,10.216
20981,21259.0,8.065
20982,21260.0,8.774
20983,21261.0,8.934
20984,21262.0,7.744
20985,21263.0,6.189
20986,21264.0,6.109
20987,21265.0,8.467
20988,21266.0,6.3
20989,21267.0,7.223
20990,21268.0,9.094
20991,21269.0,7.544
20992,21270.0,6.46
20993,21271.0,7.503
20994,21272.0,6.028
20995,21273.0,6.942
20996,21274.0,6.189
20997,21275.0,6.42
20998,21276.0,7.303
20999,21277.0,5.305
21000,21278.0,5.908
21001,21279.0,6.39
21002,21280.0,6.35
21003,21281.0,6.781
21004,21282.0,6.269
21005,21283.0,7.022
21006,21284.0,10.296
21007,21285.0,6.902
21008,21286.0,9.655
21009,21287.0,6.982
21010,21288.0,10.016
21011,21289.0,6.701
21012,21290.0,10.176
21013,21291.0,6.259
21014,21292.0,5.908
21015,21293.0,5.988
21016,21294.0,7.182
21017,21295.0,9.134
21018,21296.0,7.503
21019,21298.0,6.5
21020,21299.0,7.544
21021,21300.0,9.254
21022,21301.0,6.059
21023,21302.0,8.253
21024,21303.0,6.229
21025,21304.0,7.263
21026,21305.0,8.105
21027,21306.0,5.868
21028,21307.0,5.827
21029,21308.0,6.551
21030,21309.0,6.109
21031,21310.0,6.35
21032,21311.0,6.35
21033,21312.0,6.269
21034,21313.0,9.735
21035,21314.0,7.182
21036,21315.0,8.226
21037,21316.0,8.413
21038,21317.0,9.094
21039,21318.0,7.905
21040,21319.0,9.575
21041,21320.0,7.182
21042,21321.0,6.189
21043,21322.0,6.43
21044,21323.0,9.214
21045,21324.0,7.383
21046,21325.0,6.5
21047,21326.0,7.624
21048,21327.0,9.094
21049,21328.0,6.31
21050,21329.0,6.781
21051,21330.0,8.226
21052,21331.0,6.671
21053,21332.0,8.266
21054,21333.0,6.189
21055,21334.0,6.701
21056,21335.0,5.193
21057,21336.0,5.908
21058,21337.0,6.39
21059,21338.0,6.43
21060,21339.0,6.621
21061,21340.0,6.189
21062,21341.0,7.664
21063,21342.0,9.775
21064,21343.0,6.661
21065,21344.0,9.855
21066,21345.0,6.741
21067,21346.0,10.096
21068,21347.0,7.223
21069,21348.0,9.935
21070,21349.0,6.149
21071,21350.0,5.948
21072,21351.0,5.988
21073,21352.0,6.861
21074,21353.0,8.413
21075,21354.0,8.186
21076,21355.0,6.3
21077,21356.0,7.142
21078,21357.0,9.495
21079,21358.0,5.948
21080,21359.0,7.784
21081,21360.0,6.149
21082,21361.0,6.942
21083,21362.0,8.613
21084,21363.0,5.707
21085,21364.0,5.787
21086,21365.0,6.511
21087,21366.0,6.068
21088,21367.0,6.39
21089,21368.0,6.35
21090,21369.0,6.189
21091,21370.0,9.855
21092,21371.0,7.062
21093,21372.0,8.467
21094,21373.0,8.065
21095,21375.0,9.254
21096,21376.0,7.664
21097,21377.0,9.695
21098,21378.0,6.982
21099,21379.0,6.189
21100,21380.0,6.31
21101,21381.0,8.814
21102,21382.0,7.704
21103,21383.0,6.38
21104,21384.0,7.383
21105,21385.0,9.294
21106,21386.0,6.42
21107,21387.0,6.701
21108,21388.0,8.453
21109,21389.0,6.631
21110,21390.0,8.467
21111,21391.0,6.229
21112,21392.0,6.58
21113,21393.0,5.385
21114,21394.0,5.948
21115,21395.0,6.229
21116,21396.0,6.39
21117,21397.0,6.43
21118,21398.0,6.068
21119,21399.0,8.306
21120,21400.0,8.854
21121,21401.0,6.43
21122,21402.0,10.016
21123,21403.0,6.661
21124,21404.0,10.216
21125,21405.0,7.905
21126,21406.0,9.054
21127,21407.0,6.229
21128,21408.0,6.068
21129,21409.0,6.58
21130,21410.0,6.621
21131,21411.0,7.824
21132,21412.0,8.854
21133,21413.0,6.259
21134,21414.0,7.022
21135,21415.0,8.653
21136,21416.0,5.908
21137,21417.0,7.383
21138,21418.0,6.189
21139,21419.0,6.821
21140,21420.0,8.306
21141,21421.0,5.586
21142,21422.0,5.868
21143,21423.0,6.43
21144,21424.0,6.821
21145,21425.0,6.269
21146,21426.0,6.35
21147,21427.0,6.068
21148,21428.0,9.935
21149,21429.0,6.902
21150,21430.0,8.894
21151,21431.0,7.664
21152,21432.0,9.495
21153,21433.0,7.223
21154,21434.0,9.855
21155,21435.0,6.701
21156,21436.0,6.109
21157,21437.0,6.149
21158,21438.0,8.145
21159,21439.0,8.493
21160,21440.0,6.3
21161,21441.0,7.182
21162,21442.0,9.054
21163,21443.0,7.503
21164,21444.0,6.42
21165,21445.0,9.134
21166,21446.0,6.631
21167,21447.0,8.346
21168,21448.0,6.189
21169,21449.0,6.3
21170,21450.0,5.273
21171,21452.0,5.908
21172,21453.0,6.229
21173,21454.0,6.35
21174,21455.0,6.43
21175,21456.0,6.109
21176,21457.0,8.346
21177,21458.0,8.854
21178,21459.0,6.47
21179,21460.0,10.016
21180,21461.0,6.661
21181,21462.0,10.216
21182,21463.0,8.145
21183,21464.0,9.014
21184,21465.0,6.229
21185,21466.0,6.068
21186,21467.0,6.701
21187,21468.0,6.621
21188,21469.0,7.824
21189,21470.0,8.894
21190,21471.0,6.269
21191,21472.0,7.022
21192,21473.0,8.573
21193,21474.0,5.868
21194,21475.0,7.303
21195,21476.0,6.189
21196,21477.0,6.741
21197,21478.0,8.145
21198,21479.0,5.546
21199,21480.0,5.827
21200,21481.0,6.43
21201,21482.0,6.821
21202,21483.0,6.31
21203,21484.0,6.35
21204,21485.0,6.068
21205,21486.0,10.016
21206,21487.0,6.902
21207,21488.0,8.934
21208,21489.0,7.624
21209,21490.0,9.575
21210,21491.0,7.263
21211,21492.0,9.895
21212,21493.0,6.701
21213,21494.0,6.189
21214,21495.0,6.149
21215,21496.0,8.226
21216,21497.0,8.373
21217,21498.0,6.34
21218,21499.0,7.263
21219,21500.0,9.254
21220,21501.0,7.383
21221,21502.0,6.5
21222,21503.0,9.014
21223,21504.0,6.591
21224,21505.0,8.507
21225,21506.0,6.229
21226,21507.0,6.3
21227,21508.0,5.586
21228,21509.0,5.988
21229,21510.0,6.109
21230,21511.0,6.35
21231,21512.0,6.38
21232,21513.0,6.701
21233,21514.0,8.934
21234,21515.0,7.985
21235,21516.0,6.35
21236,21517.0,10.136
21237,21518.0,7.664
21238,21519.0,9.334
21239,21520.0,8.613
21240,21521.0,8.105
21241,21522.0,6.229
21242,21523.0,6.109
21243,21524.0,7.945
21244,21525.0,6.31
21245,21527.0,7.182
21246,21528.0,9.495
21247,21529.0,6.942
21248,21530.0,6.58
21249,21531.0,7.784
21250,21532.0,5.988
21251,21533.0,7.062
21252,21534.0,6.189
21253,21535.0,6.5
21254,21536.0,7.584
21255,21537.0,5.385
21256,21538.0,5.868
21257,21539.0,6.39
21258,21540.0,6.58
21259,21541.0,6.149
21260,21542.0,6.35
21261,21543.0,6.109
21262,21544.0,10.136
21263,21545.0,6.752
21264,21546.0,9.294
21265,21547.0,7.463
21266,21548.0,9.775
21267,21549.0,6.861
21268,21550.0,10.016
21269,21551.0,6.46
21270,21552.0,5.988
21271,21553.0,5.988
21272,21554.0,7.503
21273,21555.0,9.134
21274,21556.0,6.3
21275,21557.0,6.821
21276,21558.0,8.293
21277,21559.0,8.333
21278,21560.0,6.259
21279,21561.0,9.214
21280,21562.0,6.47
21281,21563.0,7.824
21282,21564.0,6.861
21283,21565.0,6.099
21284,21566.0,5.626
21285,21567.0,6.47
21286,21568.0,6.229
21287,21569.0,6.35
21288,21570.0,6.43
21289,21571.0,6.621
21290,21572.0,9.094
21291,21573.0,7.784
21292,21574.0,6.39
21293,21575.0,10.176
21294,21576.0,7.905
21295,21577.0,9.014
21296,21578.0,8.814
21297,21579.0,7.865
21298,21580.0,6.229
21299,21581.0,6.109
21300,21582.0,8.266
21301,21583.0,6.259
21302,21584.0,7.303
21303,21585.0,9.294
21304,21586.0,7.303
21305,21587.0,6.5
21306,21588.0,7.664
21307,21589.0,5.988
21308,21590.0,7.022
21309,21591.0,6.189
21310,21592.0,6.5
21311,21593.0,7.423
21312,21594.0,5.385
21313,21595.0,5.868
21314,21596.0,6.35
21315,21597.0,6.39
21316,21598.0,6.189
21317,21599.0,6.35
21318,21600.0,6.58
21319,21601.0,10.216
21320,21602.0,7.022
21321,21604.0,9.535
21322,21605.0,7.102
21323,21606.0,9.935
21324,21607.0,6.701
21325,21608.0,10.136
21326,21609.0,6.31
21327,21610.0,5.908
21328,21611.0,5.908
21329,21612.0,7.102
21330,21613.0,9.455
21331,21614.0,7.102
21332,21615.0,6.54
21333,21616.0,7.704
21334,21617.0,8.974
21335,21618.0,6.109
21336,21619.0,8.493
21337,21620.0,6.31
21338,21621.0,7.343
21339,21622.0,7.824
21340,21623.0,5.908
21341,21624.0,5.707
21342,21625.0,6.58
21343,21626.0,6.269
21344,21627.0,6.31
21345,21628.0,6.35
21346,21629.0,6.39
21347,21630.0,9.415
21348,21631.0,7.503
21349,21632.0,7.303
21350,21633.0,9.455
21351,21634.0,8.573
21352,21635.0,8.186
21353,21636.0,9.254
21354,21637.0,7.704
21355,21638.0,6.229
21356,21639.0,6.149
21357,21640.0,9.014
21358,21641.0,6.259
21359,21642.0,6.861
21360,21643.0,8.373
21361,21644.0,8.266
21362,21645.0,6.259
21363,21646.0,7.182
21364,21647.0,6.861
21365,21648.0,6.861
21366,21649.0,6.861
21367,21650.0,6.3
21368,21651.0,6.982
21369,21652.0,5.466
21370,21653.0,5.908
21371,21654.0,6.511
21372,21655.0,6.269
21373,21656.0,6.781
21374,21657.0,6.229
21375,21658.0,7.383
21376,21659.0,10.216
21377,21660.0,6.821
21378,21661.0,9.735
21379,21662.0,6.902
21380,21663.0,10.056
21381,21664.0,6.781
21382,21665.0,10.216
21383,21666.0,6.219
21384,21667.0,5.868
21385,21668.0,6.028
21386,21669.0,7.062
21387,21670.0,8.854
21388,21671.0,7.784
21389,21672.0,6.42
21390,21673.0,7.343
21391,21674.0,9.374
21392,21675.0,6.019
21393,21676.0,8.145
21394,21677.0,6.229
21395,21679.0,7.182
21396,21680.0,8.306
21397,21681.0,5.827
21398,21682.0,5.667
21399,21683.0,6.54
21400,21684.0,6.229
21401,21685.0,6.31
21402,21686.0,6.39
21403,21687.0,6.34
21404,21688.0,9.535
21405,21689.0,7.383
21406,21690.0,7.544
21407,21691.0,9.174
21408,21692.0,8.693
21409,21693.0,7.985
21410,21694.0,9.294
21411,21695.0,7.584
21412,21696.0,6.189
21413,21697.0,6.149
21414,21698.0,9.134
21415,21699.0,6.259
21416,21700.0,6.781
21417,21701.0,8.173
21418,21702.0,8.413
21419,21703.0,6.259
21420,21704.0,7.223
21421,21705.0,7.142
21422,21706.0,6.781
21423,21707.0,7.223
21424,21708.0,6.229
21425,21709.0,6.902
21426,21710.0,5.233
21427,21711.0,5.595
21428,21712.0,6.551
21429,21713.0,6.189
21430,21714.0,6.31
21431,21715.0,6.35
21432,21716.0,6.31
21433,21717.0,9.535
21434,21718.0,7.383
21435,21719.0,7.544
21436,21720.0,9.254
21437,21721.0,8.573
21438,21722.0,8.145
21439,21723.0,9.174
21440,21724.0,7.784
21441,21725.0,6.189
21442,21726.0,6.149
21443,21727.0,8.693
21444,21728.0,6.269
21445,21729.0,7.022
21446,21730.0,8.854
21447,21731.0,7.664
21448,21732.0,6.42
21449,21733.0,7.463
21450,21734.0,6.028
21451,21735.0,6.942
21452,21736.0,6.229
21453,21737.0,6.43
21454,21738.0,7.463
21455,21739.0,5.385
21456,21740.0,5.868
21457,21741.0,6.43
21458,21742.0,6.821
21459,21743.0,6.269
21460,21744.0,6.35
21461,21745.0,6.109
21462,21746.0,9.935
21463,21747.0,6.982
21464,21748.0,8.733
21465,21749.0,7.865
21466,21750.0,9.374
21467,21751.0,7.544
21468,21752.0,9.695
21469,21753.0,6.982
21470,21755.0,6.229
21471,21756.0,6.35
21472,21757.0,9.054
21473,21758.0,7.463
21474,21759.0,6.54
21475,21760.0,7.624
21476,21761.0,9.094
21477,21762.0,6.259
21478,21763.0,6.902
21479,21764.0,8.025
21480,21765.0,6.701
21481,21766.0,8.065
21482,21767.0,6.269
21483,21768.0,6.741
21484,21769.0,5.466
21485,21770.0,5.908
21486,21771.0,6.269
21487,21772.0,6.35
21488,21773.0,6.42
21489,21774.0,6.109
21490,21775.0,8.306
21491,21776.0,8.854
21492,21777.0,6.43
21493,21778.0,10.016
21494,21779.0,6.621
21495,21780.0,10.216
21496,21781.0,7.905
21497,21782.0,9.014
21498,21783.0,6.229
21499,21784.0,6.028
21500,21785.0,6.661
21501,21786.0,6.58
21502,21787.0,7.784
21503,21788.0,8.854
21504,21789.0,6.259
21505,21790.0,6.942
21506,21791.0,8.613
21507,21792.0,5.908
21508,21793.0,7.303
21509,21794.0,6.149
21510,21795.0,6.781
21511,21796.0,8.226
21512,21797.0,5.546
21513,21798.0,5.827
21514,21799.0,6.43
21515,21800.0,6.781
21516,21801.0,6.229
21517,21802.0,6.35
21518,21803.0,6.068
21519,21804.0,10.016
21520,21805.0,6.902
21521,21806.0,9.014
21522,21807.0,7.784
21523,21808.0,9.575
21524,21809.0,7.142
21525,21810.0,9.895
21526,21811.0,6.661
21527,21812.0,6.109
21528,21813.0,6.109
21529,21814.0,8.065
21530,21815.0,8.573
21531,21816.0,6.3
21532,21817.0,7.142
21533,21818.0,9.054
21534,21819.0,7.544
21535,21820.0,6.46
21536,21821.0,9.094
21537,21822.0,6.631
21538,21823.0,8.346
21539,21824.0,6.229
21540,21825.0,6.3
21541,21826.0,5.787
21542,21827.0,6.58
21543,21828.0,6.269
21544,21829.0,6.35
21545,21830.0,6.39
21546,21832.0,6.39
21547,21833.0,9.455
21548,21834.0,7.503
21549,21835.0,7.383
21550,21836.0,9.455
21551,21837.0,8.573
21552,21838.0,8.186
21553,21839.0,9.254
21554,21840.0,7.744
21555,21841.0,6.229
21556,21842.0,6.149
21557,21843.0,8.974
21558,21844.0,6.259
21559,21845.0,6.942
21560,21846.0,8.413
21561,21847.0,8.226
21562,21848.0,6.3
21563,21849.0,7.182
21564,21850.0,6.781
21565,21851.0,6.861
21566,21852.0,6.781
21567,21853.0,6.35
21568,21854.0,7.022
21569,21855.0,5.466
21570,21856.0,5.908
21571,21857.0,6.39
21572,21858.0,6.35
21573,21859.0,6.621
21574,21860.0,6.229
21575,21861.0,7.744
21576,21862.0,9.695
21577,21863.0,6.621
21578,21864.0,9.895
21579,21865.0,6.701
21580,21866.0,10.096
21581,21867.0,7.182
21582,21868.0,9.935
21583,21869.0,6.109
21584,21870.0,5.948
21585,21871.0,5.988
21586,21872.0,6.861
21587,21873.0,8.413
21588,21874.0,8.226
21589,21875.0,6.3
21590,21876.0,7.102
21591,21877.0,9.415
21592,21878.0,5.948
21593,21879.0,7.744
21594,21880.0,6.149
21595,21881.0,6.902
21596,21882.0,8.653
21597,21883.0,5.667
21598,21884.0,5.787
21599,21885.0,6.47
21600,21886.0,6.109
21601,21887.0,6.39
21602,21888.0,6.35
21603,21889.0,6.189
21604,21890.0,9.855
21605,21891.0,7.062
21606,21892.0,8.467
21607,21893.0,8.105
21608,21894.0,9.254
21609,21895.0,7.664
21610,21896.0,9.695
21611,21897.0,6.982
21612,21898.0,6.189
21613,21899.0,6.35
21614,21900.0,8.854
21615,21901.0,7.704
21616,21902.0,6.42
21617,21903.0,7.423
21618,21904.0,9.374
21619,21905.0,6.38
21620,21906.0,6.741
21621,21907.0,8.426
21622,21909.0,6.631
21623,21910.0,8.467
21624,21911.0,6.269
21625,21912.0,6.54
21626,21913.0,5.506
21627,21914.0,5.948
21628,21915.0,6.269
21629,21916.0,6.39
21630,21917.0,6.42
21631,21918.0,6.35
21632,21919.0,8.547
21633,21920.0,8.573
21634,21921.0,6.47
21635,21922.0,10.016
21636,21923.0,6.942
21637,21924.0,10.176
21638,21925.0,8.186
21639,21926.0,8.733
21640,21927.0,6.269
21641,21928.0,6.028
21642,21929.0,7.062
21643,21930.0,6.5
21644,21931.0,7.664
21645,21932.0,9.054
21646,21933.0,6.3
21647,21934.0,6.861
21648,21935.0,8.413
21649,21936.0,5.868
21650,21937.0,7.263
21651,21938.0,6.149
21652,21939.0,6.741
21653,21940.0,8.025
21654,21941.0,5.546
21655,21942.0,5.787
21656,21943.0,6.47
21657,21944.0,6.39
21658,21945.0,6.31
21659,21946.0,6.31
21660,21947.0,6.109
21661,21948.0,9.975
21662,21949.0,6.982
21663,21950.0,8.774
21664,21951.0,7.704
21665,21952.0,9.455
21666,21953.0,7.383
21667,21954.0,9.815
21668,21955.0,6.781
21669,21956.0,6.189
21670,21957.0,6.189
21671,21958.0,8.373
21672,21959.0,8.266
21673,21960.0,6.3
21674,21961.0,7.142
21675,21962.0,9.415
21676,21963.0,7.142
21677,21964.0,6.54
21678,21965.0,8.854
21679,21966.0,6.591
21680,21967.0,8.627
21681,21968.0,6.229
21682,21969.0,6.38
21683,21970.0,5.586
21684,21971.0,5.908
21685,21972.0,6.149
21686,21973.0,6.31
21687,21974.0,6.31
21688,21975.0,6.741
21689,21976.0,8.854
21690,21977.0,8.105
21691,21978.0,6.35
21692,21979.0,10.136
21693,21980.0,7.463
21694,21981.0,9.575
21695,21982.0,8.507
21696,21983.0,8.266
21697,21984.0,6.229
21698,21986.0,6.109
21699,21987.0,7.704
21700,21988.0,6.38
21701,21989.0,7.303
21702,21990.0,9.415
21703,21991.0,6.621
21704,21992.0,6.661
21705,21993.0,7.945
21706,21994.0,5.948
21707,21995.0,7.142
21708,21996.0,6.189
21709,21997.0,6.58
21710,21998.0,7.664
21711,21999.0,5.425
21712,22000.0,5.908
21713,22001.0,6.43
21714,22002.0,6.551
21715,22003.0,6.149
21716,22004.0,6.31
21717,22005.0,6.109
21718,22006.0,10.176
21719,22007.0,6.792
21720,22008.0,9.294
21721,22009.0,7.503
21722,22010.0,9.775
21723,22011.0,6.902
21724,22012.0,10.016
21725,22013.0,6.5
21726,22014.0,5.988
21727,22015.0,6.068
21728,22016.0,7.503
21729,22017.0,9.214
21730,22018.0,6.269
21731,22019.0,6.821
21732,22020.0,8.226
21733,22021.0,8.453
21734,22022.0,6.219
21735,22023.0,9.174
21736,22024.0,6.43
21737,22025.0,7.824
21738,22026.0,6.942
21739,22027.0,6.109
21740,22028.0,5.586
21741,22029.0,6.551
21742,22030.0,6.35
21743,22031.0,6.31
21744,22032.0,6.39
21745,22033.0,6.511
21746,22034.0,9.294
21747,22035.0,7.704
21748,22036.0,6.942
21749,22037.0,10.096
21750,22038.0,8.226
21751,22039.0,8.613
21752,22040.0,9.014
21753,22041.0,7.624
21754,22042.0,6.229
21755,22043.0,6.149
21756,22044.0,8.653
21757,22045.0,6.31
21758,22046.0,7.062
21759,22047.0,8.814
21760,22048.0,7.824
21761,22049.0,6.38
21762,22050.0,7.343
21763,22051.0,6.189
21764,22052.0,6.902
21765,22053.0,6.229
21766,22054.0,6.35
21767,22055.0,7.142
21768,22056.0,5.265
21769,22057.0,5.868
21770,22058.0,6.39
21771,22059.0,6.43
21772,22061.0,6.068
21773,22062.0,6.35
21774,22063.0,6.39
21775,22064.0,10.216
21776,22065.0,6.993
21777,22066.0,9.535
21778,22067.0,7.182
21779,22068.0,9.895
21780,22069.0,6.701
21781,22070.0,10.136
21782,22071.0,6.34
21783,22072.0,5.948
21784,22073.0,5.948
21785,22074.0,7.142
21786,22075.0,9.535
21787,22076.0,6.942
21788,22077.0,6.621
21789,22078.0,7.744
21790,22079.0,8.894
21791,22080.0,6.109
21792,22081.0,8.613
21793,22082.0,6.31
21794,22083.0,7.423
21795,22084.0,7.664
21796,22085.0,5.988
21797,22086.0,5.747
21798,22087.0,6.591
21799,22088.0,6.189
21800,22089.0,6.35
21801,22090.0,6.35
21802,22091.0,6.39
21803,22092.0,9.615
21804,22093.0,7.383
21805,22094.0,7.784
21806,22095.0,8.974
21807,22096.0,8.814
21808,22097.0,7.865
21809,22098.0,9.415
21810,22099.0,7.584
21811,22100.0,6.229
21812,22101.0,6.229
21813,22102.0,9.254
21814,22103.0,6.46
21815,22104.0,6.701
21816,22105.0,8.025
21817,22106.0,8.653
21818,22107.0,6.269
21819,22108.0,7.102
21820,22109.0,7.423
21821,22110.0,6.741
21822,22111.0,7.463
21823,22112.0,6.229
21824,22113.0,6.781
21825,22114.0,5.425
21826,22115.0,5.908
21827,22116.0,6.39
21828,22117.0,6.35
21829,22118.0,6.591
21830,22119.0,6.149
21831,22120.0,7.865
21832,22121.0,9.575
21833,22122.0,6.631
21834,22123.0,9.855
21835,22124.0,6.701
21836,22125.0,10.096
21837,22126.0,7.343
21838,22127.0,9.775
21839,22128.0,6.149
21840,22129.0,5.948
21841,22130.0,6.028
21842,22131.0,6.821
21843,22132.0,8.346
21844,22133.0,8.293
21845,22134.0,6.3
21846,22135.0,7.263
21847,22137.0,9.294
21848,22138.0,5.948
21849,22139.0,7.704
21850,22140.0,6.149
21851,22141.0,6.902
21852,22142.0,8.693
21853,22143.0,5.707
21854,22144.0,5.787
21855,22145.0,6.511
21856,22146.0,6.068
21857,22147.0,6.43
21858,22148.0,6.31
21859,22149.0,6.189
21860,22150.0,9.855
21861,22151.0,7.102
21862,22152.0,8.507
21863,22153.0,8.065
21864,22154.0,9.254
21865,22155.0,7.664
21866,22156.0,9.695
21867,22157.0,7.022
21868,22158.0,6.189
21869,22159.0,6.35
21870,22160.0,8.814
21871,22161.0,7.784
21872,22162.0,6.38
21873,22163.0,7.423
21874,22164.0,9.294
21875,22165.0,6.47
21876,22166.0,6.701
21877,22167.0,8.493
21878,22168.0,6.631
21879,22169.0,8.467
21880,22170.0,6.229
21881,22171.0,6.621
21882,22172.0,5.546
21883,22173.0,5.988
21884,22174.0,6.189
21885,22175.0,6.35
21886,22176.0,6.35
21887,22177.0,6.661
21888,22178.0,8.653
21889,22179.0,8.386
21890,22180.0,6.35
21891,22181.0,10.056
21892,22182.0,7.142
21893,22183.0,9.935
21894,22184.0,8.306
21895,22185.0,8.507
21896,22186.0,6.229
21897,22187.0,6.028
21898,22188.0,7.383
21899,22189.0,6.42
21900,22190.0,7.463
21901,22191.0,9.214
21902,22192.0,6.269
21903,22193.0,6.741
21904,22194.0,8.145
21905,22195.0,5.908
21906,22196.0,7.182
21907,22197.0,6.149
21908,22198.0,6.621
21909,22199.0,7.784
21910,22200.0,5.466
21911,22201.0,5.868
21912,22202.0,6.39
21913,22203.0,6.551
21914,22204.0,6.149
21915,22205.0,6.31
21916,22206.0,6.068
21917,22207.0,10.136
21918,22208.0,6.792
21919,22209.0,9.294
21920,22210.0,7.503
21921,22211.0,9.775
21922,22213.0,6.902
21923,22214.0,10.016
21924,22215.0,6.5
21925,22216.0,6.028
21926,22217.0,6.028
21927,22218.0,7.544
21928,22219.0,9.134
21929,22220.0,6.31
21930,22221.0,6.861
21931,22222.0,8.333
21932,22223.0,8.306
21933,22224.0,6.259
21934,22225.0,9.334
21935,22226.0,6.47
21936,22227.0,7.865
21937,22228.0,6.712
21938,22229.0,6.149
21939,22230.0,5.626
21940,22231.0,6.631
21941,22232.0,6.39
21942,22233.0,6.35
21943,22234.0,6.39
21944,22235.0,6.631
21945,22236.0,9.134
21946,22237.0,7.704
21947,22238.0,6.511
21948,22239.0,10.216
21949,22240.0,8.065
21950,22241.0,8.854
21951,22242.0,8.894
21952,22243.0,7.784
21953,22244.0,6.229
21954,22245.0,6.189
21955,22246.0,8.386
21956,22247.0,6.3
21957,22248.0,7.223
21958,22249.0,9.174
21959,22250.0,7.463
21960,22251.0,6.46
21961,22252.0,7.503
21962,22253.0,5.988
21963,22254.0,6.942
21964,22255.0,6.189
21965,22256.0,6.43
21966,22257.0,7.303
21967,22258.0,5.305
21968,22259.0,5.908
21969,22260.0,6.39
21970,22261.0,6.39
21971,22262.0,6.35
21972,22263.0,6.31
21973,22264.0,6.741
21974,22265.0,10.256
21975,22266.0,7.022
21976,22267.0,9.575
21977,22268.0,7.062
21978,22269.0,9.935
21979,22270.0,6.701
21980,22271.0,10.136
21981,22272.0,6.31
21982,22273.0,5.908
21983,22274.0,5.908
21984,22275.0,7.102
21985,22276.0,9.455
21986,22277.0,7.102
21987,22278.0,6.54
21988,22279.0,7.704
21989,22280.0,9.014
21990,22281.0,6.099
21991,22282.0,8.453
21992,22283.0,6.269
21993,22284.0,7.383
21994,22285.0,7.865
21995,22286.0,5.908
21996,22287.0,5.787
21997,22288.0,6.511
21998,22289.0,6.149
21999,22291.0,6.31
22000,22292.0,6.35
22001,22293.0,6.229
22002,22294.0,9.735
22003,22295.0,7.223
22004,22296.0,8.145
22005,22297.0,8.493
22006,22298.0,9.054
22007,22299.0,7.744
22008,22300.0,9.575
22009,22301.0,7.223
22010,22302.0,6.189
22011,22303.0,6.31
22012,22304.0,9.294
22013,22305.0,7.223
22014,22306.0,6.54
22015,22307.0,7.704
22016,22308.0,9.054
22017,22309.0,6.3
22018,22310.0,6.861
22019,22311.0,8.065
22020,22312.0,6.671
22021,22313.0,8.105
22022,22314.0,6.229
22023,22315.0,6.781
22024,22316.0,5.385
22025,22317.0,5.948
22026,22318.0,6.269
22027,22319.0,6.43
22028,22320.0,6.47
22029,22321.0,6.149
22030,22322.0,8.266
22031,22323.0,9.014
22032,22324.0,6.511
22033,22325.0,10.056
22034,22326.0,6.661
22035,22327.0,10.216
22036,22328.0,7.824
22037,22329.0,9.054
22038,22330.0,6.229
22039,22331.0,5.988
22040,22332.0,6.58
22041,22333.0,6.621
22042,22334.0,7.865
22043,22335.0,8.774
22044,22336.0,6.269
22045,22337.0,7.022
22046,22338.0,8.733
22047,22339.0,5.908
22048,22340.0,7.383
22049,22341.0,6.149
22050,22342.0,6.821
22051,22343.0,8.306
22052,22344.0,5.586
22053,22345.0,5.908
22054,22346.0,6.47
22055,22347.0,6.821
22056,22348.0,6.269
22057,22349.0,6.35
22058,22350.0,6.109
22059,22351.0,10.016
22060,22352.0,6.942
22061,22353.0,8.894
22062,22354.0,7.664
22063,22355.0,9.535
22064,22356.0,7.223
22065,22357.0,9.855
22066,22358.0,6.701
22067,22359.0,6.149
22068,22360.0,6.149
22069,22361.0,8.145
22070,22362.0,8.453
22071,22363.0,6.259
22072,22364.0,7.263
22073,22365.0,9.174
22074,22367.0,7.383
22075,22368.0,6.46
22076,22369.0,9.014
22077,22370.0,6.591
22078,22371.0,8.467
22079,22372.0,6.189
22080,22373.0,6.39
22081,22374.0,5.546
22082,22375.0,5.988
22083,22376.0,6.149
22084,22377.0,6.39
22085,22378.0,6.31
22086,22379.0,6.741
22087,22380.0,8.894
22088,22381.0,8.105
22089,22382.0,6.35
22090,22383.0,10.136
22091,22384.0,7.503
22092,22385.0,9.535
22093,22386.0,8.547
22094,22387.0,8.226
22095,22388.0,6.229
22096,22389.0,6.109
22097,22390.0,7.784
22098,22391.0,6.38
22099,22392.0,7.263
22100,22393.0,9.455
22101,22394.0,6.701
22102,22395.0,6.661
22103,22396.0,7.905
22104,22397.0,5.988
22105,22398.0,7.102
22106,22399.0,6.229
22107,22400.0,6.54
22108,22401.0,7.624
22109,22402.0,5.385
22110,22403.0,5.868
22111,22404.0,6.39
22112,22405.0,6.511
22113,22406.0,6.149
22114,22407.0,6.31
22115,22408.0,6.269
22116,22409.0,10.176
22117,22410.0,6.741
22118,22411.0,9.374
22119,22412.0,7.423
22120,22413.0,9.815
22121,22414.0,6.861
22122,22415.0,10.056
22123,22416.0,6.46
22124,22417.0,5.988
22125,22418.0,5.988
22126,22419.0,7.463
22127,22420.0,9.214
22128,22421.0,6.259
22129,22422.0,6.781
22130,22423.0,8.186
22131,22424.0,8.453
22132,22425.0,6.219
22133,22426.0,9.094
22134,22427.0,6.43
22135,22428.0,7.744
22136,22429.0,7.022
22137,22430.0,6.099
22138,22431.0,5.707
22139,22432.0,6.58
22140,22433.0,6.229
22141,22434.0,6.35
22142,22435.0,6.35
22143,22436.0,6.38
22144,22437.0,9.455
22145,22438.0,7.463
22146,22439.0,7.423
22147,22440.0,9.374
22148,22441.0,8.613
22149,22442.0,8.105
22150,22443.0,9.214
22151,22445.0,7.704
22152,22446.0,6.189
22153,22447.0,6.189
22154,22448.0,9.014
22155,22449.0,6.269
22156,22450.0,6.861
22157,22451.0,8.373
22158,22452.0,8.266
22159,22453.0,6.3
22160,22454.0,7.142
22161,22455.0,6.861
22162,22456.0,6.821
22163,22457.0,6.942
22164,22458.0,6.269
22165,22459.0,7.022
22166,22460.0,5.224
22167,22461.0,5.908
22168,22462.0,6.39
22169,22463.0,6.46
22170,22464.0,6.068
22171,22465.0,6.43
22172,22466.0,6.31
22173,22467.0,10.256
22174,22468.0,6.792
22175,22469.0,9.535
22176,22470.0,7.223
22177,22471.0,9.895
22178,22472.0,6.701
22179,22473.0,10.096
22180,22474.0,6.34
22181,22475.0,5.948
22182,22476.0,5.948
22183,22477.0,7.263
22184,22478.0,9.455
22185,22479.0,6.661
22186,22480.0,6.661
22187,22481.0,7.865
22188,22482.0,8.774
22189,22483.0,6.149
22190,22484.0,8.693
22191,22485.0,6.31
22192,22486.0,7.503
22193,22487.0,7.463
22194,22488.0,6.028
22195,22489.0,5.667
22196,22490.0,6.551
22197,22491.0,6.31
22198,22492.0,6.35
22199,22493.0,6.35
22200,22494.0,6.47
22201,22495.0,9.334
22202,22496.0,7.584
22203,22497.0,7.022
22204,22498.0,9.775
22205,22499.0,8.386
22206,22500.0,8.386
22207,22501.0,9.094
22208,22502.0,7.865
22209,22503.0,6.189
22210,22504.0,6.149
22211,22505.0,8.774
22212,22506.0,6.31
22213,22507.0,6.982
22214,22508.0,8.613
22215,22509.0,8.025
22216,22510.0,6.34
22217,22511.0,7.223
22218,22512.0,6.551
22219,22513.0,6.861
22220,22514.0,6.591
22221,22515.0,6.3
22222,22516.0,7.102
22223,22517.0,5.233
22224,22518.0,5.787
22225,22519.0,6.47
22226,22520.0,6.741
22227,22522.0,6.31
22228,22523.0,6.39
22229,22524.0,6.109
22230,22525.0,10.056
22231,22526.0,6.942
22232,22527.0,8.854
22233,22528.0,7.624
22234,22529.0,9.535
22235,22530.0,7.303
22236,22531.0,9.895
22237,22532.0,6.741
22238,22533.0,6.189
22239,22534.0,6.189
22240,22535.0,8.266
22241,22536.0,8.373
22242,22537.0,6.35
22243,22538.0,7.263
22244,22539.0,9.294
22245,22540.0,7.343
22246,22541.0,6.54
22247,22542.0,8.974
22248,22543.0,6.591
22249,22544.0,8.507
22250,22545.0,6.229
22251,22546.0,6.34
22252,22547.0,5.273
22253,22548.0,5.908
22254,22549.0,6.31
22255,22550.0,6.39
22256,22551.0,6.54
22257,22552.0,6.149
22258,22553.0,8.025
22259,22554.0,9.254
22260,22555.0,6.551
22261,22556.0,9.935
22262,22557.0,6.661
22263,22558.0,10.176
22264,22559.0,7.624
22265,22560.0,9.415
22266,22561.0,6.219
22267,22562.0,5.988
22268,22563.0,6.068
22269,22564.0,6.741
22270,22565.0,8.105
22271,22566.0,8.533
22272,22567.0,6.259
22273,22568.0,7.182
22274,22569.0,9.054
22275,22570.0,5.908
22276,22571.0,7.544
22277,22572.0,6.149
22278,22573.0,6.781
22279,22574.0,8.507
22280,22575.0,5.586
22281,22576.0,5.827
22282,22577.0,6.43
22283,22578.0,6.741
22284,22579.0,6.269
22285,22580.0,6.35
22286,22581.0,6.068
22287,22582.0,10.016
22288,22583.0,6.902
22289,22584.0,8.894
22290,22585.0,7.664
22291,22586.0,9.495
22292,22587.0,7.263
22293,22588.0,9.855
22294,22589.0,6.781
22295,22590.0,6.189
22296,22591.0,6.189
22297,22592.0,8.266
22298,22593.0,8.373
22299,22594.0,6.3
22300,22595.0,7.303
22301,22596.0,9.294
22302,22597.0,7.263
22303,22599.0,6.54
22304,22600.0,8.934
22305,22601.0,6.631
22306,22602.0,8.533
22307,22603.0,6.269
22308,22604.0,6.42
22309,22605.0,5.707
22310,22606.0,6.35
22311,22607.0,6.149
22312,22608.0,6.35
22313,22609.0,6.47
22314,22610.0,6.661
22315,22611.0,9.094
22316,22612.0,7.865
22317,22613.0,6.39
22318,22614.0,10.176
22319,22615.0,7.824
22320,22616.0,9.134
22321,22617.0,8.733
22322,22618.0,7.945
22323,22619.0,6.189
22324,22620.0,6.109
22325,22621.0,8.145
22326,22622.0,6.259
22327,22623.0,7.142
22328,22624.0,9.415
22329,22625.0,7.142
22330,22626.0,6.54
22331,22627.0,7.664
22332,22628.0,5.988
22333,22629.0,7.022
22334,22630.0,6.189
22335,22631.0,6.46
22336,22632.0,7.503
22337,22633.0,5.345
22338,22634.0,5.908
22339,22635.0,6.39
22340,22636.0,6.43
22341,22637.0,6.109
22342,22638.0,6.35
22343,22639.0,6.43
22344,22640.0,10.256
22345,22641.0,6.982
22346,22642.0,9.535
22347,22643.0,7.182
22348,22644.0,9.935
22349,22645.0,6.701
22350,22646.0,10.136
22351,22647.0,6.34
22352,22648.0,5.948
22353,22649.0,5.908
22354,22650.0,7.223
22355,22651.0,9.495
22356,22652.0,6.861
22357,22653.0,6.58
22358,22654.0,7.824
22359,22655.0,8.814
22360,22656.0,6.139
22361,22657.0,8.613
22362,22658.0,6.35
22363,22659.0,7.423
22364,22660.0,7.624
22365,22661.0,5.948
22366,22662.0,5.747
22367,22663.0,6.551
22368,22664.0,6.229
22369,22665.0,6.31
22370,22666.0,6.39
22371,22667.0,6.31
22372,22668.0,9.615
22373,22669.0,7.343
22374,22670.0,7.784
22375,22671.0,8.934
22376,22672.0,8.814
22377,22673.0,7.865
22378,22674.0,9.415
22379,22675.0,7.463
22380,22677.0,6.229
22381,22678.0,6.149
22382,22679.0,9.294
22383,22680.0,6.46
22384,22681.0,6.781
22385,22682.0,8.025
22386,22683.0,8.653
22387,22684.0,6.259
22388,22685.0,7.142
22389,22686.0,7.383
22390,22687.0,6.741
22391,22688.0,7.423
22392,22689.0,6.189
22393,22690.0,6.821
22394,22691.0,5.305
22395,22692.0,5.908
22396,22693.0,6.35
22397,22694.0,6.31
22398,22695.0,6.821
22399,22696.0,6.269
22400,22697.0,7.182
22401,22698.0,10.296
22402,22699.0,6.821
22403,22700.0,9.775
22404,22701.0,6.942
22405,22702.0,10.016
22406,22703.0,6.661
22407,22704.0,10.216
22408,22705.0,6.219
22409,22706.0,5.908
22410,22707.0,5.948
22411,22708.0,7.142
22412,22709.0,9.014
22413,22710.0,7.624
22414,22711.0,6.46
22415,22712.0,7.463
22416,22713.0,9.214
22417,22714.0,6.019
22418,22715.0,8.186
22419,22716.0,6.269
22420,22717.0,7.182
22421,22718.0,8.186
22422,22719.0,5.827
22423,22720.0,5.827
22424,22721.0,6.511
22425,22722.0,6.149
22426,22723.0,6.31
22427,22724.0,6.35
22428,22725.0,6.229
22429,22726.0,9.735
22430,22727.0,7.182
22431,22728.0,8.186
22432,22729.0,8.467
22433,22730.0,9.054
22434,22731.0,7.704
22435,22732.0,9.575
22436,22733.0,7.223
22437,22734.0,6.229
22438,22735.0,6.229
22439,22736.0,9.374
22440,22737.0,7.142
22441,22738.0,6.58
22442,22739.0,7.664
22443,22740.0,9.054
22444,22741.0,6.259
22445,22742.0,6.902
22446,22743.0,7.985
22447,22744.0,6.701
22448,22745.0,8.025
22449,22746.0,6.269
22450,22747.0,6.741
22451,22748.0,5.072
22452,22749.0,5.827
22453,22750.0,6.43
22454,22751.0,6.5
22455,22752.0,6.149
22456,22753.0,6.39
22457,22755.0,6.38
22458,22756.0,10.256
22459,22757.0,6.821
22460,22758.0,9.455
22461,22759.0,7.263
22462,22760.0,9.895
22463,22761.0,6.701
22464,22762.0,10.096
22465,22763.0,6.38
22466,22764.0,5.948
22467,22765.0,5.948
22468,22766.0,7.263
22469,22767.0,9.455
22470,22768.0,6.741
22471,22769.0,6.621
22472,22770.0,7.905
22473,22771.0,8.774
22474,22772.0,6.179
22475,22773.0,8.733
22476,22774.0,6.35
22477,22775.0,7.503
22478,22776.0,7.463
22479,22777.0,5.948
22480,22778.0,5.555
22481,22779.0,6.591
22482,22780.0,6.39
22483,22781.0,6.35
22484,22782.0,6.39
22485,22783.0,6.54
22486,22784.0,9.254
22487,22785.0,7.744
22488,22786.0,6.741
22489,22787.0,10.136
22490,22788.0,8.226
22491,22789.0,8.693
22492,22790.0,8.974
22493,22791.0,7.664
22494,22792.0,6.229
22495,22793.0,6.109
22496,22794.0,8.533
22497,22795.0,6.3
22498,22796.0,7.142
22499,22797.0,8.934
22500,22798.0,7.624
22501,22799.0,6.42
22502,22800.0,7.423
22503,22801.0,6.028
22504,22802.0,6.942
22505,22803.0,6.189
22506,22804.0,6.38
22507,22805.0,7.223
22508,22806.0,5.305
22509,22807.0,5.868
22510,22808.0,6.43
22511,22809.0,6.38
22512,22810.0,6.229
22513,22811.0,6.35
22514,22812.0,6.621
22515,22813.0,10.256
22516,22814.0,7.062
22517,22815.0,9.535
22518,22816.0,7.142
22519,22817.0,9.935
22520,22818.0,6.741
22521,22819.0,10.136
22522,22820.0,6.38
22523,22821.0,5.908
22524,22822.0,5.948
22525,22823.0,7.142
22526,22824.0,9.535
22527,22825.0,7.022
22528,22826.0,6.621
22529,22827.0,7.704
22530,22828.0,8.974
22531,22829.0,6.099
22532,22830.0,8.573
22533,22832.0,6.31
22534,22833.0,7.423
22535,22834.0,7.704
22536,22835.0,5.938
22537,22836.0,5.707
22538,22837.0,6.631
22539,22838.0,6.229
22540,22839.0,6.35
22541,22840.0,6.35
22542,22841.0,6.39
22543,22842.0,9.495
22544,22843.0,7.423
22545,22844.0,7.463
22546,22845.0,9.254
22547,22846.0,8.653
22548,22847.0,8.025
22549,22848.0,9.294
22550,22849.0,7.584
22551,22850.0,6.189
22552,22851.0,6.149
22553,22852.0,9.094
22554,22853.0,6.259
22555,22854.0,6.861
22556,22855.0,8.253
22557,22856.0,8.373
22558,22857.0,6.219
22559,22858.0,7.263
22560,22859.0,7.062
22561,22860.0,6.781
22562,22861.0,7.022
22563,22862.0,6.269
22564,22863.0,6.902
22565,22864.0,5.265
22566,22865.0,5.868
22567,22866.0,6.39
22568,22867.0,6.31
22569,22868.0,6.821
22570,22869.0,6.269
22571,22870.0,7.142
22572,22871.0,10.296
22573,22872.0,6.902
22574,22873.0,9.695
22575,22874.0,6.942
22576,22875.0,10.016
22577,22876.0,6.661
22578,22877.0,10.176
22579,22878.0,6.259
22580,22879.0,5.868
22581,22880.0,5.988
22582,22881.0,7.142
22583,22882.0,9.094
22584,22883.0,7.544
22585,22884.0,6.46
22586,22885.0,7.544
22587,22886.0,9.214
22588,22887.0,6.019
22589,22888.0,8.266
22590,22889.0,6.269
22591,22890.0,7.223
22592,22891.0,8.105
22593,22892.0,5.868
22594,22893.0,5.626
22595,22894.0,6.591
22596,22895.0,6.229
22597,22896.0,6.35
22598,22897.0,6.35
22599,22898.0,6.43
22600,22899.0,9.495
22601,22900.0,7.463
22602,22901.0,7.544
22603,22902.0,9.254
22604,22903.0,8.653
22605,22904.0,8.065
22606,22905.0,9.254
22607,22906.0,7.664
22608,22907.0,6.229
22609,22909.0,6.229
22610,22910.0,9.094
22611,22911.0,6.31
22612,22912.0,6.821
22613,22913.0,8.333
22614,22914.0,8.453
22615,22915.0,6.3
22616,22916.0,7.303
22617,22917.0,7.062
22618,22918.0,6.781
22619,22919.0,7.102
22620,22920.0,6.259
22621,22921.0,6.942
22622,22922.0,5.466
22623,22923.0,5.908
22624,22924.0,6.39
22625,22925.0,6.39
22626,22926.0,6.661
22627,22927.0,6.189
22628,22928.0,7.704
22629,22929.0,9.735
22630,22930.0,6.661
22631,22931.0,9.815
22632,22932.0,6.701
22633,22933.0,10.096
22634,22934.0,7.182
22635,22935.0,9.935
22636,22936.0,6.139
22637,22937.0,5.948
22638,22938.0,5.988
22639,22939.0,6.861
22640,22940.0,8.493
22641,22941.0,8.173
22642,22942.0,6.3
22643,22943.0,7.142
22644,22944.0,9.455
22645,22945.0,5.948
22646,22946.0,7.824
22647,22947.0,6.149
22648,22948.0,6.942
22649,22949.0,8.613
22650,22950.0,5.747
22651,22951.0,5.868
22652,22952.0,6.47
22653,22953.0,6.821
22654,22954.0,6.31
22655,22955.0,6.35
22656,22956.0,6.099
22657,22957.0,9.975
22658,22958.0,6.942
22659,22959.0,8.854
22660,22960.0,7.624
22661,22961.0,9.535
22662,22962.0,7.263
22663,22963.0,9.855
22664,22964.0,6.741
22665,22965.0,6.149
22666,22966.0,6.189
22667,22967.0,8.226
22668,22968.0,8.533
22669,22969.0,6.3
22670,22970.0,7.263
22671,22971.0,9.214
22672,22972.0,7.343
22673,22973.0,6.46
22674,22974.0,9.014
22675,22975.0,6.58
22676,22976.0,8.533
22677,22977.0,6.229
22678,22978.0,6.34
22679,22979.0,5.515
22680,22980.0,5.988
22681,22981.0,6.189
22682,22982.0,6.35
22683,22983.0,6.31
22684,22984.0,6.861
22685,22985.0,8.733
22686,22987.0,8.306
22687,22988.0,6.34
22688,22989.0,10.136
22689,22990.0,7.303
22690,22991.0,9.895
22691,22992.0,8.386
22692,22993.0,8.493
22693,22994.0,6.259
22694,22995.0,6.149
22695,22996.0,7.463
22696,22997.0,6.46
22697,22998.0,7.423
22698,22999.0,9.294
22699,23000.0,6.3
22700,23001.0,6.781
22701,23002.0,8.132
22702,23003.0,5.908
22703,23004.0,7.182
22704,23005.0,6.149
22705,23006.0,6.621
22706,23007.0,7.784
22707,23008.0,5.425
22708,23009.0,5.868
22709,23010.0,6.43
22710,23011.0,6.621
22711,23012.0,6.149
22712,23013.0,6.31
22713,23014.0,6.028
22714,23015.0,10.096
22715,23016.0,6.781
22716,23017.0,9.254
22717,23018.0,7.584
22718,23019.0,9.735
22719,23020.0,6.942
22720,23021.0,10.016
22721,23022.0,6.5
22722,23023.0,6.028
22723,23024.0,6.028
22724,23025.0,7.624
22725,23026.0,9.014
22726,23027.0,6.3
22727,23028.0,6.942
22728,23029.0,8.453
22729,23030.0,8.145
22730,23031.0,6.3
22731,23032.0,9.374
22732,23033.0,6.5
22733,23034.0,7.945
22734,23035.0,6.5
22735,23036.0,6.139
22736,23037.0,5.626
22737,23038.0,6.58
22738,23039.0,6.39
22739,23040.0,6.35
22740,23041.0,6.34
22741,23042.0,6.58
22742,23043.0,9.174
22743,23044.0,7.664
22744,23045.0,6.58
22745,23046.0,10.176
22746,23047.0,8.145
22747,23048.0,8.733
22748,23049.0,8.894
22749,23050.0,7.664
22750,23051.0,6.189
22751,23052.0,6.149
22752,23053.0,8.453
22753,23054.0,6.3
22754,23055.0,7.142
22755,23056.0,9.014
22756,23057.0,7.544
22757,23058.0,6.46
22758,23059.0,7.423
22759,23060.0,6.028
22760,23062.0,6.902
22761,23063.0,6.229
22762,23064.0,6.38
22763,23065.0,7.303
22764,23066.0,5.305
22765,23067.0,5.908
22766,23068.0,6.35
22767,23069.0,6.42
22768,23070.0,6.068
22769,23071.0,6.39
22770,23072.0,6.46
22771,23073.0,10.256
22772,23074.0,6.982
22773,23075.0,9.535
22774,23076.0,7.182
22775,23077.0,9.935
22776,23078.0,6.661
22777,23079.0,10.176
22778,23080.0,6.34
22779,23081.0,5.988
22780,23082.0,5.948
22781,23083.0,7.223
22782,23084.0,9.495
22783,23085.0,6.861
22784,23086.0,6.58
22785,23087.0,7.824
22786,23088.0,8.814
22787,23089.0,6.099
22788,23090.0,8.613
22789,23091.0,6.3
22790,23092.0,7.463
22791,23093.0,7.584
22792,23094.0,5.938
22793,23095.0,5.667
22794,23096.0,6.58
22795,23097.0,6.219
22796,23098.0,6.31
22797,23099.0,6.42
22798,23100.0,6.38
22799,23101.0,9.495
22800,23102.0,7.423
22801,23103.0,7.463
22802,23104.0,9.294
22803,23105.0,8.627
22804,23106.0,8.065
22805,23107.0,9.214
22806,23108.0,7.664
22807,23109.0,6.189
22808,23110.0,6.149
22809,23111.0,9.094
22810,23112.0,6.269
22811,23113.0,6.821
22812,23114.0,8.293
22813,23115.0,8.293
22814,23116.0,6.259
22815,23117.0,7.223
22816,23118.0,6.982
22817,23119.0,6.781
22818,23120.0,7.022
22819,23121.0,6.219
22820,23122.0,6.942
22821,23123.0,5.12
22822,23124.0,5.868
22823,23125.0,6.43
22824,23126.0,6.42
22825,23127.0,6.109
22826,23128.0,6.35
22827,23129.0,6.42
22828,23130.0,10.216
22829,23131.0,7.022
22830,23132.0,9.535
22831,23133.0,7.142
22832,23134.0,9.895
22833,23135.0,6.701
22834,23136.0,10.136
22835,23138.0,6.3
22836,23139.0,5.948
22837,23140.0,5.948
22838,23141.0,7.182
22839,23142.0,9.495
22840,23143.0,6.942
22841,23144.0,6.58
22842,23145.0,7.784
22843,23146.0,8.854
22844,23147.0,6.139
22845,23148.0,8.573
22846,23149.0,6.35
22847,23150.0,7.423
22848,23151.0,7.704
22849,23152.0,5.948
22850,23153.0,5.747
22851,23154.0,6.511
22852,23155.0,6.229
22853,23156.0,6.31
22854,23157.0,6.39
22855,23158.0,6.31
22856,23159.0,9.655
22857,23160.0,7.343
22858,23161.0,7.824
22859,23162.0,8.894
22860,23163.0,8.854
22861,23164.0,7.784
22862,23165.0,9.415
22863,23166.0,7.423
22864,23167.0,6.229
22865,23168.0,6.149
22866,23169.0,9.334
22867,23170.0,6.54
22868,23171.0,6.701
22869,23172.0,8.025
22870,23173.0,8.653
22871,23174.0,6.3
22872,23175.0,7.062
22873,23176.0,7.503
22874,23177.0,6.701
22875,23178.0,7.503
22876,23179.0,6.229
22877,23180.0,6.861
22878,23181.0,5.506
22879,23182.0,5.908
22880,23183.0,6.229
22881,23184.0,6.35
22882,23185.0,6.46
22883,23186.0,6.109
22884,23187.0,8.306
22885,23188.0,8.854
22886,23189.0,6.47
22887,23190.0,9.975
22888,23191.0,6.661
22889,23192.0,10.216
22890,23193.0,7.905
22891,23194.0,9.054
22892,23195.0,6.229
22893,23196.0,6.028
22894,23197.0,6.58
22895,23198.0,6.621
22896,23199.0,7.865
22897,23200.0,8.814
22898,23201.0,6.259
22899,23202.0,7.022
22900,23203.0,8.693
22901,23204.0,5.868
22902,23205.0,7.383
22903,23206.0,6.149
22904,23207.0,6.821
22905,23208.0,8.306
22906,23209.0,5.586
22907,23210.0,5.868
22908,23211.0,6.43
22909,23212.0,6.661
22910,23213.0,6.189
22911,23215.0,6.35
22912,23216.0,6.028
22913,23217.0,10.096
22914,23218.0,6.821
22915,23219.0,9.134
22916,23220.0,7.704
22917,23221.0,9.655
22918,23222.0,7.022
22919,23223.0,9.975
22920,23224.0,6.58
22921,23225.0,6.109
22922,23226.0,6.068
22923,23227.0,7.824
22924,23228.0,8.814
22925,23229.0,6.3
22926,23230.0,6.982
22927,23231.0,8.653
22928,23232.0,7.945
22929,23233.0,6.38
22930,23234.0,9.334
22931,23235.0,6.591
22932,23236.0,8.105
22933,23237.0,6.269
22934,23238.0,6.219
22935,23239.0,5.747
22936,23240.0,6.551
22937,23241.0,6.39
22938,23242.0,6.31
22939,23243.0,6.43
22940,23244.0,6.5
22941,23245.0,9.294
22942,23246.0,7.704
22943,23247.0,6.861
22944,23248.0,10.016
22945,23249.0,8.266
22946,23250.0,8.547
22947,23251.0,9.014
22948,23252.0,7.664
22949,23253.0,6.229
22950,23254.0,6.189
22951,23255.0,8.653
22952,23256.0,6.31
22953,23257.0,7.062
22954,23258.0,8.774
22955,23259.0,7.824
22956,23260.0,6.42
22957,23261.0,7.303
22958,23262.0,6.229
22959,23263.0,6.861
22960,23264.0,6.269
22961,23265.0,6.35
22962,23266.0,7.142
22963,23267.0,5.345
22964,23268.0,5.908
22965,23269.0,6.35
22966,23270.0,6.269
22967,23271.0,6.781
22968,23272.0,6.229
22969,23273.0,7.182
22970,23274.0,10.256
22971,23275.0,6.821
22972,23276.0,9.695
22973,23277.0,6.902
22974,23278.0,10.016
22975,23279.0,6.661
22976,23280.0,10.176
22977,23281.0,6.179
22978,23282.0,5.868
22979,23283.0,5.948
22980,23284.0,7.102
22981,23285.0,8.934
22982,23286.0,7.664
22983,23287.0,6.42
22984,23288.0,7.423
22985,23289.0,9.254
22986,23290.0,6.028
22987,23292.0,8.145
22988,23293.0,6.229
22989,23294.0,7.142
22990,23295.0,8.226
22991,23296.0,5.827
22992,23297.0,5.787
22993,23298.0,6.511
22994,23299.0,6.149
22995,23300.0,6.31
22996,23301.0,6.39
22997,23302.0,6.189
22998,23303.0,9.775
22999,23304.0,7.142
23000,23305.0,8.266
23001,23306.0,8.346
23002,23307.0,9.134
23003,23308.0,7.865
23004,23309.0,9.615
23005,23310.0,7.142
23006,23311.0,6.229
23007,23312.0,6.35
23008,23313.0,9.214
23009,23314.0,7.343
23010,23315.0,6.54
23011,23316.0,7.544
23012,23317.0,9.134
23013,23318.0,6.229
23014,23319.0,6.861
23015,23320.0,8.145
23016,23321.0,6.671
23017,23322.0,8.145
23018,23323.0,6.189
23019,23324.0,6.701
23020,23325.0,5.273
23021,23326.0,5.908
23022,23327.0,6.39
23023,23328.0,6.35
23024,23329.0,6.58
23025,23330.0,6.149
23026,23331.0,7.784
23027,23332.0,9.535
23028,23333.0,6.591
23029,23334.0,9.815
23030,23335.0,6.661
23031,23336.0,10.096
23032,23337.0,7.303
23033,23338.0,9.695
23034,23339.0,6.109
23035,23340.0,5.948
23036,23341.0,5.988
23037,23342.0,6.821
23038,23343.0,8.306
23039,23344.0,8.306
23040,23345.0,6.219
23041,23346.0,7.223
23042,23347.0,9.294
23043,23348.0,5.948
23044,23349.0,7.664
23045,23350.0,6.149
23046,23351.0,6.861
23047,23352.0,8.733
23048,23353.0,5.667
23049,23354.0,5.868
23050,23355.0,6.47
23051,23356.0,6.35
23052,23357.0,6.31
23053,23358.0,6.35
23054,23359.0,6.109
23055,23360.0,9.975
23056,23361.0,6.942
23057,23362.0,8.774
23058,23363.0,7.744
23059,23364.0,9.455
23060,23365.0,7.383
23061,23366.0,9.815
23062,23368.0,6.781
23063,23369.0,6.189
23064,23370.0,6.189
23065,23371.0,8.373
23066,23372.0,8.226
23067,23373.0,6.3
23068,23374.0,7.102
23069,23375.0,9.495
23070,23376.0,7.062
23071,23377.0,6.54
23072,23378.0,8.814
23073,23379.0,6.591
23074,23380.0,8.667
23075,23381.0,6.269
23076,23382.0,6.38
23077,23383.0,5.626
23078,23384.0,6.109
23079,23385.0,6.149
23080,23386.0,6.35
23081,23387.0,6.43
23082,23388.0,6.661
23083,23389.0,9.014
23084,23390.0,7.905
23085,23391.0,6.43
23086,23392.0,10.136
23087,23393.0,7.744
23088,23394.0,9.214
23089,23395.0,8.653
23090,23396.0,8.025
23091,23397.0,6.269
23092,23398.0,6.109
23093,23399.0,8.025
23094,23400.0,6.3
23095,23401.0,7.182
23096,23402.0,9.455
23097,23403.0,6.942
23098,23404.0,6.58
23099,23405.0,7.744
23100,23406.0,5.948
23101,23407.0,7.022
23102,23408.0,6.149
23103,23409.0,6.46
23104,23410.0,7.463
23105,23411.0,5.385
23106,23412.0,5.868
23107,23413.0,6.39
23108,23414.0,6.43
23109,23415.0,6.109
23110,23416.0,6.39
23111,23417.0,6.269
23112,23418.0,10.176
23113,23419.0,6.752
23114,23420.0,9.455
23115,23421.0,7.223
23116,23422.0,9.855
23117,23423.0,6.661
23118,23424.0,10.096
23119,23425.0,6.38
23120,23426.0,5.948
23121,23427.0,5.948
23122,23428.0,7.303
23123,23429.0,9.374
23124,23430.0,6.621
23125,23431.0,6.661
23126,23432.0,7.945
23127,23433.0,8.653
23128,23434.0,6.179
23129,23435.0,8.774
23130,23436.0,6.39
23131,23437.0,7.503
23132,23438.0,7.423
23133,23439.0,5.988
23134,23440.0,5.667
23135,23441.0,6.511
23136,23442.0,6.35
23137,23443.0,6.31
23138,23445.0,6.39
23139,23446.0,6.511
23140,23447.0,9.254
23141,23448.0,7.704
23142,23449.0,6.861
23143,23450.0,10.056
23144,23451.0,8.266
23145,23452.0,8.573
23146,23453.0,9.014
23147,23454.0,7.624
23148,23455.0,6.229
23149,23456.0,6.149
23150,23457.0,8.573
23151,23458.0,6.259
23152,23459.0,7.142
23153,23460.0,8.894
23154,23461.0,7.704
23155,23462.0,6.42
23156,23463.0,7.544
23157,23464.0,6.028
23158,23465.0,6.942
23159,23466.0,6.189
23160,23467.0,6.42
23161,23468.0,7.223
23162,23469.0,5.305
23163,23470.0,5.676
23164,23471.0,6.511
23165,23472.0,6.068
23166,23473.0,6.47
23167,23474.0,6.35
23168,23475.0,6.269
23169,23476.0,9.855
23170,23477.0,7.182
23171,23478.0,8.386
23172,23479.0,8.266
23173,23480.0,9.214
23174,23481.0,7.784
23175,23482.0,9.655
23176,23483.0,7.062
23177,23484.0,6.189
23178,23485.0,6.35
23179,23486.0,9.014
23180,23487.0,7.503
23181,23488.0,6.46
23182,23489.0,7.463
23183,23490.0,9.174
23184,23491.0,6.229
23185,23492.0,6.781
23186,23493.0,8.226
23187,23494.0,6.621
23188,23495.0,8.226
23189,23496.0,6.229
23190,23497.0,6.621
23191,23498.0,5.506
23192,23499.0,5.948
23193,23500.0,6.229
23194,23501.0,6.35
23195,23502.0,6.39
23196,23503.0,6.269
23197,23504.0,8.507
23198,23505.0,8.573
23199,23506.0,6.38
23200,23507.0,10.016
23201,23508.0,6.861
23202,23509.0,10.176
23203,23510.0,8.145
23204,23511.0,8.733
23205,23512.0,6.269
23206,23513.0,6.068
23207,23514.0,6.982
23208,23515.0,6.5
23209,23516.0,7.664
23210,23517.0,8.974
23211,23518.0,6.259
23212,23519.0,6.902
23213,23520.0,8.413
23214,23522.0,5.827
23215,23523.0,7.263
23216,23524.0,6.149
23217,23525.0,6.741
23218,23526.0,8.025
23219,23527.0,5.546
23220,23528.0,5.827
23221,23529.0,6.43
23222,23530.0,6.661
23223,23531.0,6.229
23224,23532.0,6.31
23225,23533.0,6.068
23226,23534.0,10.056
23227,23535.0,6.861
23228,23536.0,9.094
23229,23537.0,7.784
23230,23538.0,9.655
23231,23539.0,7.062
23232,23540.0,9.935
23233,23541.0,6.661
23234,23542.0,6.068
23235,23543.0,6.109
23236,23544.0,7.865
23237,23545.0,8.814
23238,23546.0,6.3
23239,23547.0,7.062
23240,23548.0,8.774
23241,23549.0,7.824
23242,23550.0,6.38
23243,23551.0,9.294
23244,23552.0,6.551
23245,23553.0,8.186
23246,23554.0,6.189
23247,23555.0,6.3
23248,23556.0,5.667
23249,23557.0,6.701
23250,23558.0,6.43
23251,23559.0,6.43
23252,23560.0,6.43
23253,23561.0,6.661
23254,23562.0,9.174
23255,23563.0,7.704
23256,23564.0,6.5
23257,23565.0,10.216
23258,23566.0,8.025
23259,23567.0,8.854
23260,23568.0,8.894
23261,23569.0,7.784
23262,23570.0,6.229
23263,23571.0,6.149
23264,23572.0,8.346
23265,23573.0,6.259
23266,23574.0,7.223
23267,23575.0,9.174
23268,23576.0,7.423
23269,23577.0,6.46
23270,23578.0,7.503
23271,23579.0,5.988
23272,23580.0,6.982
23273,23581.0,6.189
23274,23582.0,6.42
23275,23583.0,7.303
23276,23584.0,5.345
23277,23585.0,5.868
23278,23586.0,6.39
23279,23587.0,6.46
23280,23588.0,6.109
23281,23589.0,6.39
23282,23590.0,6.269
23283,23591.0,10.176
23284,23592.0,6.741
23285,23593.0,9.415
23286,23594.0,7.303
23287,23595.0,9.815
23288,23596.0,6.781
23289,23597.0,10.056
23290,23598.0,6.46
23291,23600.0,5.948
23292,23601.0,6.028
23293,23602.0,7.343
23294,23603.0,9.294
23295,23604.0,6.34
23296,23605.0,6.741
23297,23606.0,8.065
23298,23607.0,8.533
23299,23608.0,6.179
23300,23609.0,8.934
23301,23610.0,6.39
23302,23611.0,7.664
23303,23612.0,7.142
23304,23613.0,6.059
23305,23614.0,5.506
23306,23615.0,6.229
23307,23616.0,6.109
23308,23617.0,6.35
23309,23618.0,6.38
23310,23619.0,6.661
23311,23620.0,9.014
23312,23621.0,7.905
23313,23622.0,6.34
23314,23623.0,10.216
23315,23624.0,7.784
23316,23625.0,9.174
23317,23626.0,8.693
23318,23627.0,7.985
23319,23628.0,6.219
23320,23629.0,6.149
23321,23630.0,8.105
23322,23631.0,6.3
23323,23632.0,7.102
23324,23633.0,9.495
23325,23634.0,7.062
23326,23635.0,6.58
23327,23636.0,7.704
23328,23637.0,6.028
23329,23638.0,7.022
23330,23639.0,6.229
23331,23640.0,6.46
23332,23641.0,7.503
23333,23642.0,5.345
23334,23643.0,5.908
23335,23644.0,6.39
23336,23645.0,6.54
23337,23646.0,6.109
23338,23647.0,6.47
23339,23648.0,6.269
23340,23649.0,10.176
23341,23650.0,6.741
23342,23651.0,9.374
23343,23652.0,7.383
23344,23653.0,9.815
23345,23654.0,6.781
23346,23655.0,10.056
23347,23656.0,6.42
23348,23657.0,5.948
23349,23658.0,5.988
23350,23659.0,7.383
23351,23660.0,9.294
23352,23661.0,6.3
23353,23662.0,6.741
23354,23663.0,8.065
23355,23664.0,8.533
23356,23665.0,6.219
23357,23666.0,8.974
23358,23667.0,6.39
23359,23668.0,7.664
23360,23669.0,7.182
23361,23670.0,6.019
23362,23671.0,5.707
23363,23672.0,6.631
23364,23673.0,6.269
23365,23674.0,6.35
23366,23676.0,6.39
23367,23677.0,6.42
23368,23678.0,9.455
23369,23679.0,7.544
23370,23680.0,7.263
23371,23681.0,9.615
23372,23682.0,8.493
23373,23683.0,8.266
23374,23684.0,9.174
23375,23685.0,7.784
23376,23686.0,6.229
23377,23687.0,6.189
23378,23688.0,8.894
23379,23689.0,6.259
23380,23690.0,6.902
23381,23691.0,8.493
23382,23692.0,8.145
23383,23693.0,6.3
23384,23694.0,7.182
23385,23695.0,6.701
23386,23696.0,6.821
23387,23697.0,6.741
23388,23698.0,6.259
23389,23699.0,7.022
23390,23700.0,5.265
23391,23701.0,5.908
23392,23702.0,6.35
23393,23703.0,6.35
23394,23704.0,6.821
23395,23705.0,6.31
23396,23706.0,7.022
23397,23707.0,10.296
23398,23708.0,6.861
23399,23709.0,9.695
23400,23710.0,6.942
23401,23711.0,10.056
23402,23712.0,6.661
23403,23713.0,10.216
23404,23714.0,6.219
23405,23715.0,5.908
23406,23716.0,5.948
23407,23717.0,7.223
23408,23718.0,9.134
23409,23719.0,7.463
23410,23720.0,6.46
23411,23721.0,7.544
23412,23722.0,9.174
23413,23723.0,6.068
23414,23724.0,8.226
23415,23725.0,6.269
23416,23726.0,7.223
23417,23727.0,8.145
23418,23728.0,5.827
23419,23729.0,5.747
23420,23730.0,6.551
23421,23731.0,6.229
23422,23732.0,6.31
23423,23733.0,6.35
23424,23734.0,6.31
23425,23735.0,9.655
23426,23736.0,7.303
23427,23737.0,7.865
23428,23738.0,8.774
23429,23739.0,8.894
23430,23740.0,7.744
23431,23741.0,9.455
23432,23742.0,7.343
23433,23743.0,6.189
23434,23744.0,6.189
23435,23745.0,9.374
23436,23746.0,6.781
23437,23747.0,6.621
23438,23748.0,7.865
23439,23749.0,8.774
23440,23750.0,6.3
23441,23752.0,7.022
23442,23753.0,7.664
23443,23754.0,6.701
23444,23755.0,7.664
23445,23756.0,6.189
23446,23757.0,6.902
23447,23758.0,5.385
23448,23759.0,5.908
23449,23760.0,6.47
23450,23761.0,6.35
23451,23762.0,6.741
23452,23763.0,6.229
23453,23764.0,7.423
23454,23765.0,10.136
23455,23766.0,6.741
23456,23767.0,9.735
23457,23768.0,6.821
23458,23769.0,10.056
23459,23770.0,6.861
23460,23771.0,10.256
23461,23772.0,6.189
23462,23773.0,5.868
23463,23774.0,5.988
23464,23775.0,7.022
23465,23776.0,8.733
23466,23777.0,7.865
23467,23778.0,6.34
23468,23779.0,7.303
23469,23780.0,9.374
23470,23781.0,6.028
23471,23782.0,7.945
23472,23783.0,6.189
23473,23784.0,7.022
23474,23785.0,8.467
23475,23786.0,5.707
23476,23787.0,5.048
23477,23788.0,5.908
23478,23789.0,6.269
23479,23790.0,6.35
23480,23791.0,6.47
23481,23792.0,6.068
23482,23793.0,8.346
23483,23794.0,8.814
23484,23795.0,6.47
23485,23796.0,9.975
23486,23797.0,6.701
23487,23798.0,10.176
23488,23799.0,7.905
23489,23800.0,9.014
23490,23801.0,6.269
23491,23802.0,5.988
23492,23803.0,6.621
23493,23804.0,6.58
23494,23805.0,7.865
23495,23806.0,8.854
23496,23807.0,6.34
23497,23808.0,6.982
23498,23809.0,8.693
23499,23810.0,5.868
23500,23811.0,7.383
23501,23812.0,6.149
23502,23813.0,6.821
23503,23814.0,8.226
23504,23815.0,5.546
23505,23816.0,5.747
23506,23817.0,6.47
23507,23818.0,6.068
23508,23819.0,6.39
23509,23820.0,6.31
23510,23821.0,6.189
23511,23822.0,9.815
23512,23823.0,7.062
23513,23824.0,8.386
23514,23825.0,8.186
23515,23826.0,9.174
23516,23828.0,7.744
23517,23829.0,9.655
23518,23830.0,7.062
23519,23831.0,6.189
23520,23832.0,6.35
23521,23833.0,8.974
23522,23834.0,7.544
23523,23835.0,6.46
23524,23836.0,7.503
23525,23837.0,9.214
23526,23838.0,6.269
23527,23839.0,6.781
23528,23840.0,8.226
23529,23841.0,6.671
23530,23842.0,8.266
23531,23843.0,6.229
23532,23844.0,6.621
23533,23845.0,4.919
23534,23846.0,5.827
23535,23847.0,6.39
23536,23848.0,6.43
23537,23849.0,6.068
23538,23850.0,6.39
23539,23851.0,6.39
23540,23852.0,10.216
23541,23853.0,6.821
23542,23854.0,9.455
23543,23855.0,7.463
23544,23856.0,9.935
23545,23857.0,6.701
23546,23858.0,10.136
23547,23859.0,6.38
23548,23860.0,5.988
23549,23861.0,6.229
23550,23862.0,7.503
23551,23863.0,9.455
23552,23864.0,6.661
23553,23865.0,6.701
23554,23866.0,7.945
23555,23867.0,8.733
23556,23868.0,6.139
23557,23869.0,8.814
23558,23870.0,6.35
23559,23871.0,7.584
23560,23872.0,7.343
23561,23873.0,6.028
23562,23874.0,5.466
23563,23875.0,6.149
23564,23876.0,6.109
23565,23877.0,6.35
23566,23878.0,6.39
23567,23879.0,6.701
23568,23880.0,8.974
23569,23881.0,7.945
23570,23882.0,6.35
23571,23883.0,10.176
23572,23884.0,7.704
23573,23885.0,9.254
23574,23886.0,8.653
23575,23887.0,8.065
23576,23888.0,6.189
23577,23889.0,6.109
23578,23890.0,7.945
23579,23891.0,6.34
23580,23892.0,7.182
23581,23893.0,9.535
23582,23894.0,6.902
23583,23895.0,6.621
23584,23896.0,7.784
23585,23897.0,5.988
23586,23898.0,7.062
23587,23899.0,6.229
23588,23900.0,6.5
23589,23901.0,7.544
23590,23902.0,5.385
23591,23903.0,5.868
23592,23904.0,6.39
23593,23906.0,6.43
23594,23907.0,6.068
23595,23908.0,6.35
23596,23909.0,6.35
23597,23910.0,10.176
23598,23911.0,6.781
23599,23912.0,9.455
23600,23913.0,7.182
23601,23914.0,9.855
23602,23915.0,6.661
23603,23916.0,10.096
23604,23917.0,6.34
23605,23918.0,5.908
23606,23919.0,5.948
23607,23920.0,7.223
23608,23921.0,9.495
23609,23922.0,6.781
23610,23923.0,6.621
23611,23924.0,7.824
23612,23925.0,8.814
23613,23926.0,6.149
23614,23927.0,8.653
23615,23928.0,6.31
23616,23929.0,7.463
23617,23930.0,7.584
23618,23931.0,6.189
23619,23932.0,6.35
23620,23933.0,7.102
23621,23934.0,6.068
23622,23935.0,6.31
23623,23936.0,5.948
23624,23937.0,6.149
23625,23938.0,5.385
23626,23939.0,4.341
23627,23940.0,4.422
23628,23941.0,4.26
23629,23942.0,4.456
